commit_id,label,pred,score_or_proba,feature,value_actual,min,max,operator,threshold
,True,True,0.6990597858200256,nd,4.0,1.0,40.0,<,2.475000023841858
,True,True,0.6990597858200256,aexp,363.0,0.0,726.0,<,185.5
,True,True,0.6990597858200256,ld,3.0,0.0,8304.0,<,51.204999923706055
,True,True,0.6990597858200256,la,143.0,0.0,9176.0,>,38.0
