commit_id,label,pred,score_or_proba,feature,value_actual,min,max,operator,threshold
,True,True,0.9627383713349078,ns,1.0,1.0,7.0,>,1.5
,True,True,0.9627383713349078,nd,5.0,1.0,40.0,<,4.5
,True,True,0.9627383713349078,nuc,2.76190476190476,0.0,2086.0,>,2.365000009536743
,True,True,0.9627383713349078,aexp,1.0,0.0,726.0,<,29.0
