commit_id,label,pred,score_or_proba,feature,value_actual,min,max,operator,threshold
,True,True,0.670496591410271,nd,5.0,1.0,40.0,<,4.375
,True,True,0.670496591410271,ld,85.0,0.0,8304.0,>,36.30999946594238
,True,True,0.670496591410271,ns,2.0,1.0,7.0,>,1.4399999976158142
,True,True,0.670496591410271,la,343.0,0.0,9176.0,<,131.98999786376953
,True,True,0.670496591410271,age,213.555555555556,0.0,511.03030303030295,<,95.59500122070312
