commit_id,label,pred,score_or_proba,feature,value_actual,min,max,operator,threshold
,True,True,0.6924754389600037,ns,1.0,1.0,7.0,>,1.5
,True,True,0.6924754389600037,aexp,76.0,0.0,726.0,>,2.5
,True,True,0.6924754389600037,nd,2.0,1.0,40.0,<,1.5
,True,True,0.6924754389600037,nuc,31.3333333333333,0.0,2086.0,>,-173.875
,True,True,0.6924754389600037,age,100.333333333333,0.0,511.03030303030295,<,32.85000038146973
