feature,value,importance,min,max,rule,importance_ratio
ns,1,0.2541201765715234,1.0,7.0,ns <= 1.4973267047410423,0.5389473184359159
aexp,383,0.07435429998976546,0.0,726.0,315.32115273373984 < aexp <= 398.4047669941732,0.15769330532628914
age,36.0,0.031078725211998236,0.0,511.03030303030295,9.569496653858916 < age <= 84.25039107908812,0.06591289144921096
nuc,297.66666666666697,0.030122572707770544,0.0,2086.0,113.47699669467761 < nuc <= 1752.541484763698,0.0638850484218618
la,120,0.02873786076858075,0.0,9176.0,92.55999249877996 < la <= 135.835850879889,0.06094830094867369
