feature,value,importance,min,max,rule,importance_ratio
ns,1.0,0.27260089684062344,1.0,7.0,ns <= 1.4973267047410423,0.48156723819836145
la,350.0,0.1309022253100745,0.0,9176.0,la > 135.835850879889,0.23124730639990385
nuc,492.625,0.05160737934798911,0.0,2086.0,113.47699669467761 < nuc <= 1752.541484763698,0.09116779669949612
ld,122.0,0.047631622448529344,0.0,8304.0,29.490716012837936 < ld <= 4621.051880819136,0.08414436320382318
aexp,343.0,0.035628030462088865,0.0,726.0,315.32115273373984 < aexp <= 398.4047669941732,0.06293923619079751
