feature,value,importance,min,max,rule,importance_ratio
ns,1.0,0.25001999429591026,1.0,7.0,ns <= 1.4973267047410423,0.40689151773833737
la,255.0,0.12039287816868616,0.0,9176.0,la > 135.835850879889,0.19593169362673152
age,51.75,0.06544694815981733,0.0,511.03030303030295,9.569496653858916 < age <= 84.25039107908812,0.10651071384544047
nd,4.0,0.05976188353482149,1.0,40.0,3.5069244908215746 < nd <= 5.487575744339811,0.09725863550578855
nuc,339.25,0.053637281034576836,0.0,2086.0,113.47699669467761 < nuc <= 1752.541484763698,0.08729123744273962
