feature,value,importance,min,max,rule,importance_ratio
ns,1,0.28337560196066547,1.0,7.0,ns <= 1.4973267047410423,0.517846480301495
aexp,202,0.0828862380094608,0.0,726.0,185.59410590604568 < aexp <= 289.08422191465564,0.15146803860901614
nuc,1256.33333333333,0.07126408869251552,0.0,2086.0,113.47699669467761 < nuc <= 1752.541484763698,0.1302294807526699
age,99.6666666666667,0.054009352848460424,0.0,511.03030303030295,84.25039107908812 < age <= 379.6012832253171,0.0986978168989262
nd,2,-0.035493150823281236,1.0,40.0,1.4991410283510338 < nd <= 2.5030327595863042,0.06486092345803847
