feature,value,importance,min,max,rule,importance_ratio
ns,1.0,0.29320430208001763,1.0,7.0,ns <= 1.4973267047410423,0.5203213003030646
la,160.0,0.13864127508898857,0.0,9176.0,la > 135.835850879889,0.24603325400829357
aexp,99.0,-0.03701724983841996,0.0,726.0,54.40945181062462 < aexp <= 149.15392421287316,0.06569093097519985
ld,48.0,0.03679985617804086,0.0,8304.0,29.490716012837936 < ld <= 4621.051880819136,0.06530514348421267
nd,3.0,-0.026019547270475323,1.0,40.0,2.5030327595863042 < nd <= 3.5069244908215746,0.046174372521232694
