feature,value,importance,min,max,rule,importance_ratio
ns,1.0,0.2561354261811139,1.0,7.0,ns <= 1.4973267047410423,0.4404724561788335
la,249.0,0.12379492670567378,0.0,9176.0,la > 135.835850879889,0.2128883780019159
aexp,351.0,0.08838418020131263,0.0,726.0,315.32115273373984 < aexp <= 398.4047669941732,0.15199301994678685
nd,5.0,0.05906874639817795,1.0,40.0,3.5069244908215746 < nd <= 5.487575744339811,0.10157968461189189
ld,44.0,0.03088500526453085,0.0,8304.0,29.490716012837936 < ld <= 4621.051880819136,0.05311250509464745
