feature,value,importance,min,max,rule,importance_ratio
ns,2,-0.2322504386521889,1.0,7.0,1.4973267047410423 < ns <= 2.502438908657955,0.3840479750584763
la,1983,0.12278848086093429,0.0,9176.0,la > 135.835850879889,0.20304231806325523
aexp,249,0.11529662404307384,0.0,726.0,185.59410590604568 < aexp <= 289.08422191465564,0.19065382718666232
age,57.28571428571429,0.04892953756312571,0.0,511.03030303030295,9.569496653858916 < age <= 84.25039107908812,0.08090959883958428
nd,4,0.04386637796742422,1.0,40.0,3.5069244908215746 < nd <= 5.487575744339811,0.07253718756918376
