feature,value,importance,min,max,rule,importance_ratio
ns,1,0.25237000468396115,1.0,7.0,ns <= 1.4973267047410423,0.5174871099571585
aexp,357,0.09674497302991128,0.0,726.0,315.32115273373984 < aexp <= 398.4047669941732,0.19837649311306516
ld,5,0.06508990521381221,0.0,8304.0,1.9137720800673748 < ld <= 15.702244046452648,0.133467473595612
age,4.5,-0.03736866851301811,0.0,511.03030303030295,2.8241255444833797 < age <= 9.569496653858916,0.07662481242953269
nuc,69.0,0.01481091259706744,0.0,2086.0,11.446877959457481 < nuc <= 113.47699669467761,0.030369918030799962
