feature,value,importance,min,max,rule,importance_ratio
ns,1.0,0.2755171399025909,1.0,7.0,ns <= 1.4973267047410423,0.5214967869619558
la,351.0,0.11820960394737098,0.0,9176.0,la > 135.835850879889,0.2237462564702661
aexp,114.0,-0.04545508242737133,0.0,726.0,54.40945181062462 < aexp <= 149.15392421287316,0.08603704090912745
nd,2.0,-0.03641504269627746,1.0,40.0,1.4991410283510338 < nd <= 2.5030327595863042,0.06892612114769035
ld,333.0,0.034215842548357835,0.0,8304.0,29.490716012837936 < ld <= 4621.051880819136,0.06476349151444205
