feature,value,importance,min,max,rule,importance_ratio
ns,2.0,-0.2359650689812614,1.0,7.0,1.4973267047410423 < ns <= 2.502438908657955,0.39361193432547686
la,197.0,0.12640062012217954,0.0,9176.0,la > 135.835850879889,0.21084812595792252
aexp,384.0,0.09119775727902098,0.0,726.0,315.32115273373984 < aexp <= 398.4047669941732,0.15212643889927377
nd,5.0,0.042089150542674356,1.0,40.0,3.5069244908215746 < nd <= 5.487575744339811,0.07020866279378775
age,110.7,0.040833029048184366,0.0,511.03030303030295,84.25039107908812 < age <= 379.6012832253171,0.0681133339668194
