feature,value,importance,min,max,rule,importance_ratio
ns,1,0.29647949101389504,1.0,7.0,ns <= 1.4973267047410423,0.5099665282786545
la,893,0.09620927251778325,0.0,9176.0,la > 135.835850879889,0.16548702416589564
aexp,47,-0.07617981797854513,0.0,726.0,6.308411975636886 < aexp <= 54.40945181062462,0.13103488934955623
ld,267,0.06558034397753067,0.0,8304.0,29.490716012837936 < ld <= 4621.051880819136,0.11280301455986337
age,290.941176470588,0.03467907570355386,0.0,511.03030303030295,84.25039107908812 < age <= 379.6012832253171,0.05965056058337996
