feature,value,importance,min,max,rule,importance_ratio
ns,1.0,0.21337076214884604,1.0,7.0,ns <= 1.4973267047410423,0.42315465552096415
la,328.0,0.12550349383926787,0.0,9176.0,la > 135.835850879889,0.24889721144261312
age,41.384615384615394,0.06275700450468905,0.0,511.03030303030295,9.569496653858916 < age <= 84.25039107908812,0.12445903250879356
nd,7.0,0.05584278607123274,1.0,40.0,5.487575744339811 < nd <= 12.487685654034399,0.11074682709723443
aexp,14.0,-0.04154121570889849,0.0,726.0,6.308411975636886 < aexp <= 54.40945181062462,0.08238410289296552
