feature,value,importance,min,max,rule,importance_ratio
ns,1,0.27037317054418786,1.0,7.0,ns <= 1.4973267047410423,0.41240702053262734
la,9,-0.128246428629074,0.0,9176.0,6.00827573656187 < la <= 12.190541219577483,0.1956175141875726
nd,1,-0.09968446132337096,1.0,40.0,nd <= 1.4991410283510338,0.15205122462789822
ld,6,0.05011602123661356,0.0,8304.0,1.9137720800673748 < ld <= 15.702244046452648,0.07644323198763471
aexp,226,0.038353735570213064,0.0,726.0,185.59410590604568 < aexp <= 289.08422191465564,0.058501920811786845
