feature,value,importance,min,max,rule,importance_ratio
ns,1.0,0.27243551065514154,1.0,7.0,ns <= 1.4973267047410423,0.5334573173585828
la,17.0,-0.09609236008644381,0.0,9176.0,12.190541219577483 < la <= 24.555072185608623,0.18815892431606493
aexp,364.0,0.08734609868549006,0.0,726.0,315.32115273373984 < aexp <= 398.4047669941732,0.17103282672089573
age,120.666666666667,0.03510149707196466,0.0,511.03030303030295,84.25039107908812 < age <= 379.6012832253171,0.06873241457492438
nd,3.0,-0.011208908055051885,1.0,40.0,2.5030327595863042 < nd <= 3.5069244908215746,0.021948218156978873
