feature,value,importance,min,max,rule,importance_ratio
ns,1.0,0.24163805573367972,1.0,7.0,ns <= 1.4973267047410423,0.4033537615740098
la,147.0,0.10851858666365823,0.0,9176.0,la > 135.835850879889,0.18114439796570847
aexp,257.0,0.07508882687322227,0.0,726.0,185.59410590604568 < aexp <= 289.08422191465564,0.12534184931894535
ld,242.0,0.06439816361049922,0.0,8304.0,29.490716012837936 < ld <= 4621.051880819136,0.10749648457435806
nuc,10.0,-0.0513592214584096,0.0,2086.0,1.5729955012103574 < nuc <= 11.446877959457481,0.08573126076462927
