feature,value,importance,min,max,rule,importance_ratio
ns,1.0,0.2733914659502082,1.0,7.0,ns <= 1.4973267047410423,0.6655584437068813
ld,48.0,0.03952003136987071,0.0,8304.0,29.490716012837936 < ld <= 4621.051880819136,0.09620962557247023
nuc,42.7,-0.030699394273542298,0.0,2086.0,11.446877959457481 < nuc <= 113.47699669467761,0.07473620657626528
age,142.1,0.02748021985080721,0.0,511.03030303030295,84.25039107908812 < age <= 379.6012832253171,0.06689928046238733
aexp,114.0,-0.015310134491626501,0.0,726.0,54.40945181062462 < aexp <= 149.15392421287316,0.03727178992136429
