feature,value,importance,min,max,rule,importance_ratio
ns,1.0,0.23784436803784043,1.0,7.0,ns <= 1.4973267047410423,0.5249867924292589
ld,8.0,0.06703134287285922,0.0,8304.0,1.9137720800673748 < ld <= 15.702244046452648,0.14795628745537293
aexp,411.0,0.06056720210463774,0.0,726.0,aexp > 398.4047669941732,0.1336881819891132
age,130.0,0.03444357033597072,0.0,511.03030303030295,84.25039107908812 < age <= 379.6012832253171,0.07602626734308872
nuc,38.0,-0.026170127446117932,0.0,2086.0,11.446877959457481 < nuc <= 113.47699669467761,0.05776454317058511
