feature,value,importance,min,max,rule,importance_ratio
ns,1.0,0.26518829558164825,1.0,7.0,ns <= 1.4973267047410423,0.49141440446627865
la,224.0,0.14969334175748217,0.0,9176.0,la > 135.835850879889,0.27739333001471606
ld,117.0,0.053819349566849854,0.0,8304.0,29.490716012837936 < ld <= 4621.051880819136,0.0997314137041659
nd,2.0,-0.03325702839324399,1.0,40.0,1.4991410283510338 < nd <= 2.5030327595863042,0.06162784359067728
age,200.875,0.028347782247311975,0.0,511.03030303030295,84.25039107908812 < age <= 379.6012832253171,0.052530631114198346
