feature,value,importance,min,max,rule,importance_ratio
ns,1.0,0.23551510163970443,1.0,7.0,ns <= 1.4973267047410423,0.4946292132126591
la,34.0,-0.07975236363080228,0.0,9176.0,24.555072185608623 < la <= 36.91960315163976,0.1674960484483144
aexp,308.0,0.07062777580813079,0.0,726.0,289.08422191465564 < aexp <= 315.32115273373984,0.14833257373185088
ld,27.0,0.04085287753776592,0.0,8304.0,15.702244046452648 < ld <= 29.490716012837936,0.08579928222561019
age,337.58333333333303,0.039797321331043696,0.0,511.03030303030295,84.25039107908812 < age <= 379.6012832253171,0.08358240130206125
