feature,value,importance,min,max,rule,importance_ratio
ns,1,0.25775077185795253,1.0,7.0,ns <= 1.4973267047410423,0.40655164130904864
la,374,0.11455428306856237,0.0,9176.0,la > 135.835850879889,0.18068707016781133
aexp,44,-0.07921517695265484,0.0,726.0,6.308411975636886 < aexp <= 54.40945181062462,0.12494651315510662
age,133.142857142857,0.07241823517389301,0.0,511.03030303030295,84.25039107908812 < age <= 379.6012832253171,0.1142256613178111
ld,228,0.050377473709769215,0.0,8304.0,29.490716012837936 < ld <= 4621.051880819136,0.07946065291706404
