feature,value,importance,min,max,rule,importance_ratio
ns,1,0.2226635256822346,1.0,7.0,ns <= 1.4973267047410423,0.4752398511909248
la,219,0.10877274843738059,0.0,9176.0,la > 135.835850879889,0.23215811670376796
aexp,389,0.06424078201638087,0.0,726.0,315.32115273373984 < aexp <= 398.4047669941732,0.13711172313611364
nuc,39.6315789473684,0.04052967648666151,0.0,2086.0,11.446877959457481 < nuc <= 113.47699669467761,0.08650414280166104
age,72.3684210526316,0.015688419838333037,0.0,511.03030303030295,9.569496653858916 < age <= 84.25039107908812,0.03348443480604156
