feature,value,importance,min,max,rule,importance_ratio
ns,1,0.24733896818745932,1.0,7.0,ns <= 1.4973267047410423,0.4508315823819148
nd,2,-0.06762723067532574,1.0,40.0,1.4991410283510338 < nd <= 2.5030327595863042,0.12326602492477653
aexp,392,0.06677987489969138,0.0,726.0,315.32115273373984 < aexp <= 398.4047669941732,0.12172152610209139
age,137.166666666667,0.06530308906596326,0.0,511.03030303030295,84.25039107908812 < age <= 379.6012832253171,0.11902974769314191
la,130,0.06337126555858197,0.0,9176.0,92.55999249877996 < la <= 135.835850879889,0.1155085595233295
