feature,value,importance,min,max,rule,importance_ratio
ns,1.0,0.2544888816356769,1.0,7.0,ns <= 1.4973267047410423,0.5155743355797633
la,496.0,0.11367108510873733,0.0,9176.0,la > 135.835850879889,0.23028862323135768
aexp,132.0,-0.04924465236232466,0.0,726.0,54.40945181062462 < aexp <= 149.15392421287316,0.09976576878084967
ld,447.0,0.03929261813786613,0.0,8304.0,29.490716012837936 < ld <= 4621.051880819136,0.07960373498210883
nd,1.0,-0.013394912901631814,1.0,40.0,nd <= 1.4991410283510338,0.02713703355140784
