feature,value,importance,min,max,rule,importance_ratio
ns,1,0.1907971914763048,1.0,7.0,ns <= 1.4973267047410423,0.4743911751816451
aexp,278,0.06425513275989658,0.0,726.0,185.59410590604568 < aexp <= 289.08422191465564,0.15976161758757096
age,97.25,-0.04995092955937637,0.0,511.03030303030295,84.25039107908812 < age <= 379.6012832253171,0.12419616867385065
ld,10,0.03987136501352698,0.0,8304.0,1.9137720800673748 < ld <= 15.702244046452648,0.09913470716476667
nd,1,-0.028595007687437567,1.0,40.0,nd <= 1.4991410283510338,0.07109758375482353
