feature,value,importance,min,max,rule,importance_ratio
ns,1.0,0.26778330980345044,1.0,7.0,ns <= 1.4973267047410423,0.518913533694205
aexp,281.0,0.07830542347597325,0.0,726.0,185.59410590604568 < aexp <= 289.08422191465564,0.1517411373888951
nd,1.0,-0.045052011179337645,1.0,40.0,nd <= 1.4991410283510338,0.08730229803440757
ld,38.0,0.04381763979934763,0.0,8304.0,29.490716012837936 < ld <= 4621.051880819136,0.08491031917974425
age,0.666666666666667,-0.027926130869380672,0.0,511.03030303030295,age <= 0.8968766560903667,0.054115573007419836
