feature,value,importance,min,max,rule,importance_ratio
ns,1.0,0.2862009758417807,1.0,7.0,ns <= 1.4973267047410423,0.47745121373211064
la,972.0,0.1240633540935304,0.0,9176.0,la > 135.835850879889,0.20696714543831218
nd,9.0,0.07318223508443564,1.0,40.0,5.487575744339811 < nd <= 12.487685654034399,0.12208535230155435
nuc,12.125,-0.046955478915105035,0.0,2086.0,11.446877959457481 < nuc <= 113.47699669467761,0.07833289293808418
ld,810.0,0.030069314559221735,0.0,8304.0,29.490716012837936 < ld <= 4621.051880819136,0.05016275954394284
