feature,value,importance,min,max,rule,importance_ratio
ns,1,0.2442350800312738,1.0,7.0,ns <= 1.4973267047410423,0.3173303898851149
ld,0,-0.20903571576550722,0.0,8304.0,ld <= 1.9137720800673748,0.2715964683504459
la,10,-0.10560225284565138,0.0,9176.0,6.00827573656187 < la <= 12.190541219577483,0.13720716968244712
aexp,347,0.08335770177110799,0.0,726.0,315.32115273373984 < aexp <= 398.4047669941732,0.10830521151820498
nuc,116.0,0.05005186684147857,0.0,2086.0,113.47699669467761 < nuc <= 1752.541484763698,0.06503151970327303
