feature,value,importance,min,max,rule,importance_ratio
ns,1.0,0.2640461865711363,1.0,7.0,ns <= 1.4973267047410423,0.5313813434125093
la,669.0,0.11932404030854485,0.0,9176.0,la > 135.835850879889,0.24013438582071966
nd,4.0,0.034918694752091625,1.0,40.0,3.5069244908215746 < nd <= 5.487575744339811,0.07027233821677963
aexp,86.0,-0.03022412793466907,0.0,726.0,54.40945181062462 < aexp <= 149.15392421287316,0.0608247288626119
ld,42.0,0.029325911189642024,0.0,8304.0,29.490716012837936 < ld <= 4621.051880819136,0.05901710714746361
