feature,value,importance,min,max,rule,importance_ratio
ns,1,0.24200290434467903,1.0,7.0,ns <= 1.4973267047410423,0.46770477238331326
la,233,0.11267477366015735,0.0,9176.0,la > 135.835850879889,0.21775990462084688
nd,6,0.05432105274835173,1.0,40.0,5.487575744339811 < nd <= 12.487685654034399,0.10498310208337139
age,35.6666666666667,0.038081409664579374,0.0,511.03030303030295,9.569496653858916 < age <= 84.25039107908812,0.07359769952942473
aexp,88,-0.035146289444484446,0.0,726.0,54.40945181062462 < aexp <= 149.15392421287316,0.06792516539941298
