feature,value,importance,min,max,rule,importance_ratio
ns,1.0,0.2733408245675068,1.0,7.0,ns <= 1.4973267047410423,0.5033453105743663
nd,1.0,-0.12307983005189378,1.0,40.0,nd <= 1.4991410283510338,0.22664618569485048
aexp,408.0,0.05681037735035612,0.0,726.0,aexp > 398.4047669941732,0.10461385369897352
ld,10.0,0.044282157728220285,0.0,8304.0,1.9137720800673748 < ld <= 15.702244046452648,0.0815436789212925
nuc,14.5,-0.019769137467972483,0.0,2086.0,11.446877959457481 < nuc <= 113.47699669467761,0.03640401193033802
