feature,value,importance,min,max,rule,importance_ratio
ns,1.0,0.26522968767631977,1.0,7.0,ns <= 1.4973267047410423,0.4911633250020542
la,338.0,0.11364165062048043,0.0,9176.0,la > 135.835850879889,0.21044631717696033
age,16.772727272727302,0.0430800984590582,0.0,511.03030303030295,9.569496653858916 < age <= 84.25039107908812,0.07977751128067269
nd,3.0,-0.03947273024835928,1.0,40.0,2.5030327595863042 < nd <= 3.5069244908215746,0.07309723736263429
ld,235.0,0.03513225727625543,0.0,8304.0,29.490716012837936 < ld <= 4621.051880819136,0.06505936967241638
