feature,value,importance,min,max,rule,importance_ratio
ns,1.0,0.25456662802829705,1.0,7.0,ns <= 1.4973267047410423,0.46731970119420346
nd,1.0,-0.09413348121605733,1.0,40.0,nd <= 1.4991410283510338,0.17280517346275331
la,16.0,-0.07172122157027414,0.0,9176.0,12.190541219577483 < la <= 24.555072185608623,0.1316619546446525
aexp,1.0,-0.06517163193146558,0.0,726.0,aexp <= 6.308411975636886,0.11963857083877343
ld,6.0,0.041898196243965936,0.0,8304.0,1.9137720800673748 < ld <= 15.702244046452648,0.07691445143834724
