feature,value,importance,min,max,rule,importance_ratio
ns,1,0.2562169789935342,1.0,7.0,ns <= 1.4973267047410423,0.3498215862663717
ld,0,-0.1853664636609079,0.0,8304.0,ld <= 1.9137720800673748,0.25308701481521634
la,2438,0.1251190906237405,0.0,9176.0,la > 135.835850879889,0.17082926715527064
nd,5,0.053565597121472734,1.0,40.0,3.5069244908215746 < nd <= 5.487575744339811,0.07313489616475365
nuc,2.76190476190476,-0.047201577070777594,0.0,2086.0,1.5729955012103574 < nuc <= 11.446877959457481,0.06444588734921629
