feature,value,importance,min,max,rule,importance_ratio
ns,1,0.25670047927238204,1.0,7.0,ns <= 1.4973267047410423,0.39466376866917313
la,3,-0.20608138115518707,0.0,9176.0,-0.17398974645368526 < la <= 6.00827573656187,0.31683951183025666
aexp,455,0.07472493602330992,0.0,726.0,aexp > 398.4047669941732,0.11488574134382326
nd,1,-0.0677794052498728,1.0,40.0,nd <= 1.4991410283510338,0.10420734542410312
ld,3,0.03203290391483246,0.0,8304.0,1.9137720800673748 < ld <= 15.702244046452648,0.04924894030692776
