feature,value,importance,min,max,rule,importance_ratio
ns,1.0,0.27932944345772387,1.0,7.0,ns <= 1.4973267047410423,0.4901918515328569
la,611.0,0.15756393771069607,0.0,9176.0,la > 135.835850879889,0.2765070427418207
nd,9.0,0.03192864814013788,1.0,40.0,5.487575744339811 < nd <= 12.487685654034399,0.056031197266621396
nuc,88.64705882352942,-0.03139201781681091,0.0,2086.0,11.446877959457481 < nuc <= 113.47699669467761,0.05508947122254924
aexp,67.0,-0.02564968145126232,0.0,726.0,54.40945181062462 < aexp <= 149.15392421287316,0.0450123147999799
