feature,value,importance,min,max,rule,importance_ratio
ns,1.0,0.25495573570251173,1.0,7.0,ns <= 1.4973267047410423,0.4789023071881236
la,3437.0,0.10316383233072121,0.0,9176.0,la > 135.835850879889,0.1937802936082932
aexp,6.0,-0.06397686128476349,0.0,726.0,aexp <= 6.308411975636886,0.12017249343893044
nd,12.0,0.046133938054174886,1.0,40.0,5.487575744339811 < nd <= 12.487685654034399,0.08665680461332201
nuc,10.4166666666667,-0.04215431415189542,0.0,2086.0,1.5729955012103574 < nuc <= 11.446877959457481,0.0791815812640955
