feature,value,importance,min,max,rule,importance_ratio
ns,1,0.26888433790915767,1.0,7.0,ns <= 1.4973267047410423,0.4393755080326946
ld,0,-0.15838004497964214,0.0,8304.0,ld <= 1.9137720800673748,0.2588038904247433
nd,1,-0.0818161110551202,1.0,40.0,nd <= 1.4991410283510338,0.1336931546092796
aexp,3,-0.05683785379962934,0.0,726.0,aexp <= 6.308411975636886,0.09287696368963418
la,112,0.023308335693062236,0.0,9176.0,92.55999249877996 < la <= 135.835850879889,0.038087424192017307
