feature,value,importance,min,max,rule,importance_ratio
ns,1,0.2502471021374929,1.0,7.0,ns <= 1.4973267047410423,0.569497126211624
nd,1,-0.1267464642375839,1.0,40.0,nd <= 1.4991410283510338,0.28844189013277644
aexp,101,-0.02342721405111138,0.0,726.0,54.40945181062462 < aexp <= 149.15392421287316,0.05331422807015036
age,3.0,-0.013221158069472454,0.0,511.03030303030295,2.8241255444833797 < age <= 9.569496653858916,0.03008790695852818
ld,2,0.012416859079752308,0.0,8304.0,1.9137720800673748 < ld <= 1.9137720800673748,0.02825753226348427
