feature,value,importance,min,max,rule,importance_ratio
ns,1.0,0.2735091148629259,1.0,7.0,ns <= 1.4973267047410423,0.43247046765740843
la,167.0,0.1610604184817369,0.0,9176.0,la > 135.835850879889,0.2546674707232444
age,160.75,0.07213947724871798,0.0,511.03030303030295,84.25039107908812 < age <= 379.6012832253171,0.11406637573285112
nuc,236.75,0.05136166470068927,0.0,2086.0,113.47699669467761 < nuc <= 1752.541484763698,0.08121266146432542
nd,3.0,-0.04443294369739072,1.0,40.0,2.5030327595863042 < nd <= 3.5069244908215746,0.07025702214654266
