feature,value,importance,min,max,rule,importance_ratio
ns,1.0,0.2674306520456734,1.0,7.0,ns <= 1.4973267047410423,0.48936268238684066
la,150.0,0.12335608884463523,0.0,9176.0,la > 135.835850879889,0.2257253088380104
nd,1.0,-0.06179338643467163,1.0,40.0,nd <= 1.4991410283510338,0.11307371502902015
ld,52.0,0.03398494260940334,0.0,8304.0,29.490716012837936 < ld <= 4621.051880819136,0.06218794498268702
age,32.5,0.02429964009644114,0.0,511.03030303030295,9.569496653858916 < age <= 84.25039107908812,0.04446512382805839
