feature,value,importance,min,max,rule,importance_ratio
ns,1.0,0.22744848999486897,1.0,7.0,ns <= 1.4973267047410423,0.4253948178348273
la,615.0,0.12951933742746047,0.0,9176.0,la > 135.835850879889,0.2422388249413527
ld,16.0,0.056246555580668794,0.0,8304.0,15.702244046452648 < ld <= 29.490716012837936,0.10519741531638598
age,52.3076923076923,0.036293710548049286,0.0,511.03030303030295,9.569496653858916 < age <= 84.25039107908812,0.06787979285985003
aexp,50.0,-0.035757489361554255,0.0,726.0,6.308411975636886 < aexp <= 54.40945181062462,0.06687690330910659
