feature,value,importance,min,max,rule,importance_ratio
ns,1,0.2668735577666622,1.0,7.0,ns <= 1.4973267047410423,0.5895921251125228
aexp,39,-0.06060037510325273,0.0,726.0,6.308411975636886 < aexp <= 54.40945181062462,0.1338817687250322
nd,2,-0.04378609922436742,1.0,40.0,1.4991410283510338 < nd <= 2.5030327595863042,0.0967347215217719
ld,16,0.030553656107026917,0.0,8304.0,15.702244046452648 < ld <= 29.490716012837936,0.0675008613998758
la,85,-0.01871546669856967,0.0,9176.0,36.91960315163976 < la <= 92.55999249877996,0.04134726525784253
