feature,value,importance,min,max,rule,importance_ratio
ns,1,0.2467718085444392,1.0,7.0,ns <= 1.4973267047410423,0.6462804806620184
aexp,348,0.04245005752194085,0.0,726.0,315.32115273373984 < aexp <= 398.4047669941732,0.11117413995233483
ld,30,0.04007396847611925,0.0,8304.0,29.490716012837936 < ld <= 4621.051880819136,0.10495130607318529
nuc,15.0,0.027329863508174672,0.0,2086.0,11.446877959457481 < nuc <= 113.47699669467761,0.07157526391962125
age,324.33333333333303,0.0091710536565364,0.0,511.03030303030295,84.25039107908812 < age <= 379.6012832253171,0.02401843630471325
