feature,value,importance,min,max,rule,importance_ratio
ns,2,-0.25169272301316237,1.0,7.0,1.4973267047410423 < ns <= 2.502438908657955,0.47343715319039614
la,213,0.11669418376388051,0.0,9176.0,la > 135.835850879889,0.21950321603918344
aexp,12,-0.05373097942455031,0.0,726.0,6.308411975636886 < aexp <= 54.40945181062462,0.10106864287673722
ld,2,0.03784991533664412,0.0,8304.0,1.9137720800673748 < ld <= 1.9137720800673748,0.07119616312681872
nd,5,0.035849788179105814,1.0,40.0,3.5069244908215746 < nd <= 5.487575744339811,0.06743389898128672
