feature,value,importance,min,max,rule,importance_ratio
ns,1,0.302632018976743,1.0,7.0,ns <= 1.4973267047410423,0.7297122197599322
ld,3,0.05934940104075631,0.0,8304.0,1.9137720800673748 < ld <= 15.702244046452648,0.14310443198081066
aexp,153,0.018997851083759183,0.0,726.0,149.15392421287316 < aexp <= 185.59410590604568,0.04580798863210803
nd,3,-0.01467930592453304,1.0,40.0,2.5030327595863042 < nd <= 3.5069244908215746,0.03539502841419206
age,10.6,0.013294496617311123,0.0,511.03030303030295,9.569496653858916 < age <= 84.25039107908812,0.03205594923501645
