feature,value,importance,min,max,rule,importance_ratio
ns,2.0,-0.24220575343832576,1.0,7.0,1.4973267047410423 < ns <= 2.502438908657955,0.43561183077235943
la,145.0,0.12538914765483591,0.0,9176.0,la > 135.835850879889,0.225514858311643
aexp,227.0,0.08955025728712711,0.0,726.0,185.59410590604568 < aexp <= 289.08422191465564,0.1610579062190378
ld,28.0,0.0348541388109515,0.0,8304.0,15.702244046452648 < ld <= 29.490716012837936,0.06268585697035736
nd,4.0,0.030521716980725647,1.0,40.0,3.5069244908215746 < nd <= 5.487575744339811,0.054893910749627385
