feature,value,importance,min,max,rule,importance_ratio
ns,1,0.23063565317861773,1.0,7.0,ns <= 1.4973267047410423,0.6412219491298641
la,135,0.060896440222151245,0.0,9176.0,92.55999249877996 < la <= 135.835850879889,0.1693065818582564
nuc,71.44444444444441,-0.02633059789036321,0.0,2086.0,11.446877959457481 < nuc <= 113.47699669467761,0.07320532219681411
aexp,0,0.020052431415552723,0.0,726.0,aexp <= 6.308411975636886,0.05575052677183264
ld,39,0.011978652078423163,0.0,8304.0,29.490716012837936 < ld <= 4621.051880819136,0.03330350068524055
