commit_id,label,pred,score_or_proba,feature,value_actual,min,max,operator,threshold
,True,True,0.795,la,606.0,0.0,9094.0,>,767.5700073242188
,True,True,0.795,age,27.6666666666667,0.0,575.0,>,14.985000133514404
,True,True,0.795,nuc,17.8571428571429,0.0,480.0,>,11.605000019073486
,True,True,0.795,nd,11.0,1.0,46.0,<,6.504999876022339
