commit_id,label,pred,score_or_proba,feature,value_actual,min,max,operator,threshold
,True,True,0.7158333333333333,la,436.0,0.0,9094.0,<,269.379997253418
,True,True,0.7158333333333333,arexp,64.6666666666669,0.0,2143.5,<,43.0
,True,True,0.7158333333333333,ld,48.0,0.0,9176.0,<,10.5
