commit_id,label,pred,score_or_proba,feature,value_actual,min,max,operator,threshold
,True,True,0.9286966709600276,la,749.0,0.0,5956.0,<,142.5
,True,True,0.9286966709600276,age,37.22222222222221,0.0,829.533333333333,>,50.204999923706055
,True,True,0.9286966709600276,aexp,93.0,0.0,403.0,<,150.2300033569336
