commit_id,label,pred,score_or_proba,feature,value_actual,min,max,operator,threshold
,True,True,0.5303851726646962,la,208.0,0.0,9389.0,<,113.43500137329102
,True,True,0.5303851726646962,aexp,3.0,0.0,4144.0,<,13.134999752044678
,True,True,0.5303851726646962,nd,4.0,1.0,33.0,<,2.5
,True,True,0.5303851726646962,ndev,6.142857142857139,0.0,67.0,>,2.3799999952316284
