commit_id,label,pred,score_or_proba,feature,value_actual,min,max,operator,threshold
,True,True,0.6956710527762102,ndev,4.95,0.0,67.0,>,7.724999904632568
,True,True,0.6956710527762102,nd,8.0,1.0,33.0,<,3.009999990463257
,True,True,0.6956710527762102,nuc,69.15,0.0,1520.0,<,31.55500030517578
,True,True,0.6956710527762102,la,147.0,0.0,9389.0,<,6.5
