commit_id,label,pred,score_or_proba,feature,value_actual,min,max,operator,threshold
,True,True,0.5304699610562181,la,304.0,0.0,9389.0,<,268.5
,True,True,0.5304699610562181,nd,4.0,1.0,33.0,<,2.5
,True,True,0.5304699610562181,age,2.8333333333333304,0.0,1019.0,>,10.579999923706056
