commit_id,label,pred,score_or_proba,feature,value_actual,min,max,operator,threshold
,True,True,0.8010205697739001,la,465.0,0.0,9389.0,<,95.0
,True,True,0.8010205697739001,ndev,2.5098039215686296,0.0,67.0,>,2.1450000405311584
,True,True,0.8010205697739001,nd,9.0,1.0,33.0,>,3.5
,True,True,0.8010205697739001,ld,474.0,0.0,9950.0,>,51.5
