commit_id,label,pred,score_or_proba,feature,value_actual,min,max,operator,threshold
,True,True,0.5654177933194436,nd,1.0,1.0,33.0,<,1.5
,True,True,0.5654177933194436,la,558.0,0.0,9389.0,<,333.0
,True,True,0.5654177933194436,aexp,124.0,0.0,4144.0,<,5.5
,True,True,0.5654177933194436,age,19.5,0.0,1019.0,>,10.700000047683716
,True,True,0.5654177933194436,asexp,1.0981509385721,0.0,2327.0,<,15.0
