commit_id,label,pred,score_or_proba,feature,value_actual,min,max,operator,threshold
,True,True,0.6409392920438886,la,177.0,0.0,9389.0,<,8.184999942779541
,True,True,0.6409392920438886,nuc,131.909090909091,0.0,1520.0,>,14.75
,True,True,0.6409392920438886,ld,35.0,0.0,9950.0,<,117.0
,True,True,0.6409392920438886,ndev,9.54545454545454,0.0,67.0,>,3.350000023841858
,True,True,0.6409392920438886,nd,6.0,1.0,33.0,<,2.5
