feature,value,importance,min,max,rule,importance_ratio
la,308.0,0.32647624666857633,0.0,9094.0,295.36187796957415 < la <= 471.1648215786653,0.5942736230831821
nd,10.0,0.09190881771259132,1.0,46.0,6.501361706446655 < nd <= 43.480788426363866,0.1672984992099596
nuc,18.7142857142857,0.048970701691556505,0.0,480.0,17.02187028864449 < nuc <= 98.64471611143634,0.08913970500497087
arexp,185.833333333333,-0.029046658230000022,0.0,2143.5,18.99314235170766 < arexp <= 741.0350150255845,0.0528726454097112
age,16.071428571428598,0.02620223621324322,0.0,575.0,7.346025962989069 < age <= 349.3395012011218,0.04769504062307072
