feature,value,importance,min,max,rule,importance_ratio
la,470.0,0.4314558778341538,0.0,9094.0,la > 471.1648215786653,0.6916948434577522
nd,10.0,0.08694313331890433,1.0,46.0,6.501361706446655 < nd <= 43.480788426363866,0.1393841643614422
ld,470.0,0.03585094020969981,0.0,9176.0,ld > 326.31207862573433,0.05747496267901941
age,36.8983050847458,0.022399253309438514,0.0,575.0,7.346025962989069 < age <= 349.3395012011218,0.03590969275750161
arexp,1457.5833333332998,0.01844742961812867,0.0,2143.5,741.0350150255845 < arexp <= 1860.7231364184076,0.02957426841873781
