feature,value,importance,min,max,rule,importance_ratio
la,265.0,0.22948697717666855,0.0,9094.0,198.10918576028968 < la <= 295.36187796957415,0.7119365503062074
arexp,75.0,-0.03290020146232395,0.0,2143.5,18.99314235170766 < arexp <= 741.0350150255845,0.10206616611379332
age,186.75,0.021660372798109583,0.0,575.0,7.346025962989069 < age <= 349.3395012011218,0.06719688967954365
nuc,12.25,-0.014079120547264772,0.0,480.0,4.283044640000675 < nuc <= 17.02187028864449,0.04367760052043592
nd,3.0,0.008898995930975467,1.0,46.0,2.4949232752530253 < nd <= 4.49814249084984,0.027607320215866996
