feature,value,importance,min,max,rule,importance_ratio
la,160.0,0.11509309961808158,0.0,9094.0,89.63502906531855 < la <= 198.10918576028968,0.4542542212777601
nuc,40.1818181818182,0.04659726837762167,0.0,480.0,17.02187028864449 < nuc <= 98.64471611143634,0.18391203235282325
arexp,76.0,-0.03212961551381604,0.0,2143.5,18.99314235170766 < arexp <= 741.0350150255845,0.12681049970513966
nd,6.0,0.023575720075989435,1.0,46.0,4.49814249084984 < nd <= 6.501361706446655,0.09304963025340705
age,119.636363636364,0.019945349800172932,0.0,575.0,7.346025962989069 < age <= 349.3395012011218,0.07872113420921963
