feature,value,importance,min,max,rule,importance_ratio
la,693,0.43603297905595906,0.0,9094.0,la > 471.1648215786653,0.7408112232055081
nuc,31.1666666666667,0.046160809344225374,0.0,480.0,17.021870288644497 < nuc <= 98.64471611143635,0.07842628259103122
arexp,102.5,-0.03247792215395649,0.0,2143.5,18.99314235170766 < arexp <= 741.0350150255845,0.05517933365989272
ld,611,0.0284414662385025,0.0,9176.0,ld > 326.31207862573433,0.048321476599133974
age,25.5,0.02342171253043589,0.0,575.0,7.346025962989069 < age <= 349.3395012011218,0.039793016452118427
