feature,value,importance,min,max,rule,importance_ratio
la,642.0,0.43636701076951856,0.0,9094.0,la > 471.1648215786653,0.7648264319350416
nuc,49.4,0.046984446436007715,0.0,480.0,17.02187028864449 < nuc <= 98.64471611143634,0.08235028230187427
arexp,25.0,-0.03240738726318961,0.0,2143.5,18.99314235170766 < arexp <= 741.0350150255845,0.05680087118669466
age,35.6,0.023105117414985537,0.0,575.0,7.346025962989069 < age <= 349.3395012011218,0.04049665551202107
ns,1.0,-0.015656205547631495,1.0,8.0,ns <= 1.4995095840290027,0.027440845735612233
