feature,value,importance,min,max,rule,importance_ratio
la,1041.0,0.4348604669822956,0.0,9094.0,la > 471.1648215786653,0.7364834962646002
nuc,45.53846153846151,0.04627193069511001,0.0,480.0,17.02187028864449 < nuc <= 98.64471611143634,0.07836654716795705
nd,5.0,0.03565341977751084,1.0,46.0,4.49814249084984 < nd <= 6.501361706446655,0.060382944059616424
arexp,299.0,-0.03235763072747843,0.0,2143.5,18.99314235170766 < arexp <= 741.0350150255845,0.054801166853326304
age,16.3846153846154,0.023276768338021097,0.0,575.0,7.346025962989069 < age <= 349.3395012011218,0.039421738762067934
