feature,value,importance,min,max,rule,importance_ratio
la,280.0,0.23152541308101793,0.0,9094.0,198.10918576028968 < la <= 295.36187796957415,0.623615623009216
nuc,40.8571428571429,0.045947170144923215,0.0,480.0,17.02187028864449 < nuc <= 98.64471611143634,0.12375908438789844
arexp,64.0,-0.0329841843094744,0.0,2143.5,18.99314235170766 < arexp <= 741.0350150255845,0.08884317437933172
age,18.7142857142857,0.02234497247382298,0.0,575.0,7.346025962989069 < age <= 349.3395012011218,0.060186368938733845
nd,5.0,0.02073435261286339,1.0,46.0,4.49814249084984 < nd <= 6.501361706446655,0.05584815096664515
