feature,value,importance,min,max,rule,importance_ratio
la,1734.0,0.43091718875490587,0.0,9094.0,la > 471.1648215786653,0.6985740267125085
nd,12.0,0.08777136540999675,1.0,46.0,6.501361706446655 < nd <= 43.480788426363866,0.1422890470943609
nuc,21.1538461538462,0.04720396413110482,0.0,480.0,17.02187028864449 < nuc <= 98.64471611143634,0.07652389869881536
age,9.846153846153848,0.02299087477396858,0.0,575.0,7.346025962989069 < age <= 349.3395012011218,0.03727126322089981
ns,2.0,0.01245199771715042,1.0,8.0,1.4995095840290027 < ns <= 2.4998972545934754,0.020186343021077042
