feature,value,importance,min,max,rule,importance_ratio
la,2305,0.4282640965570328,0.0,9094.0,la > 471.1648215786653,0.7339652904522758
nd,5,0.034270011888914244,1.0,46.0,4.49814249084984 < nd <= 6.501361706446655,0.058732449047360684
arexp,37.0,-0.032544567741911626,0.0,2143.5,18.99314235170766 < arexp <= 741.0350150255845,0.055775357559432734
nuc,3.5833333333333304,-0.03119158685815075,0.0,480.0,2.867619567929143 < nuc <= 4.2830446400006785,0.053456599075335336
ld,1621,0.028250436239121803,0.0,9176.0,ld > 326.31207862573433,0.04841601200368014
