feature,value,importance,min,max,rule,importance_ratio
la,1995,0.4349477492242484,0.0,9094.0,la > 471.1648215786653,0.6619856795964776
nd,11,0.08797719518876221,1.0,46.0,6.501361706446655 < nd <= 43.480788426363866,0.13390032124524864
nuc,54.5,0.04697096695649271,0.0,480.0,17.021870288644497 < nuc <= 98.64471611143635,0.07148929391508624
arexp,21.0,-0.03213498684022824,0.0,2143.5,18.99314235170766 < arexp <= 741.0350150255845,0.04890909572516162
age,9.08333333333333,0.023119951188320016,0.0,575.0,7.346025962989069 < age <= 349.3395012011218,0.035188310841784566
