feature,value,importance,min,max,rule,importance_ratio
la,134.0,0.11459118287968674,0.0,9094.0,89.63502906531855 < la <= 198.10918576028968,0.36205926608981287
nd,16.0,0.08929167867707603,1.0,46.0,6.501361706446655 < nd <= 43.480788426363866,0.28212362275457753
nuc,37.69565217391301,0.047517829139933965,0.0,480.0,17.02187028864449 < nuc <= 98.64471611143634,0.15013607427937084
ld,148.0,0.022008172028900888,0.0,9176.0,106.9077758780692 < ld <= 326.31207862573433,0.06953643738129799
arexp,826.750000000021,0.02135396702312759,0.0,2143.5,741.0350150255845 < arexp <= 1860.7231364184076,0.06746942857389918
