feature,value,importance,min,max,rule,importance_ratio
la,251,0.23054067543434958,0.0,9094.0,198.10918576028968 < la <= 295.36187796957415,0.7102873787072546
nuc,3.8333333333333295,-0.033043537400703385,0.0,480.0,2.867619567929143 < nuc <= 4.2830446400006785,0.10180592869063722
ld,2,-0.021009078864035986,0.0,9176.0,ld <= 6.100393534547379,0.06472820263615277
age,179.5,0.020154017964105524,0.0,575.0,7.346025962989069 < age <= 349.3395012011218,0.06209379131545017
nd,4,0.0102940575108771,1.0,46.0,2.4949232752530253 < nd <= 4.49814249084984,0.03171561422680382
