feature,value,importance,min,max,rule,importance_ratio
la,589,0.4294038275976184,0.0,9094.0,la > 471.1648215786653,0.7351968054788389
nd,7,0.08602871037883901,1.0,46.0,6.501361706446655 < nd <= 43.480788426363866,0.1472926624893864
age,221.35714285714292,0.02186820649279269,0.0,575.0,7.346025962989069 < age <= 349.3395012011218,0.03744129540018558
ns,1,-0.01552294791234365,1.0,8.0,ns <= 1.4995095840290027,0.026577363738507952
nuc,8.357142857142861,-0.013727085193024341,0.0,480.0,4.2830446400006785 < nuc <= 17.021870288644497,0.02350260648329475
