feature,value,importance,min,max,rule,importance_ratio
la,847.0,0.4333367359124384,0.0,9094.0,la > 471.1648215786653,0.7004324260859957
nd,18.0,0.08674548189429825,1.0,46.0,6.501361706446655 < nd <= 43.480788426363866,0.14021277980803223
arexp,22.0,-0.03157643718422885,0.0,2143.5,18.99314235170766 < arexp <= 741.0350150255845,0.05103920039811842
age,51.58064516129029,0.022223684063135213,0.0,575.0,7.346025962989069 < age <= 349.3395012011218,0.0359216924273317
ld,310.0,0.018036774285019732,0.0,9176.0,106.9077758780692 < ld <= 326.31207862573433,0.02915409778176446
