feature,value,importance,min,max,rule,importance_ratio
la,492.0,0.4356060800252844,0.0,9094.0,la > 471.1648215786653,0.747625508774375
nuc,49.6666666666667,0.046405088752306055,0.0,480.0,17.02187028864449 < nuc <= 98.64471611143634,0.07964449919098714
ld,392.0,0.02996688314784824,0.0,9176.0,ld > 326.31207862573433,0.051431803381834944
age,20.1666666666667,0.023178275547570085,0.0,575.0,7.346025962989069 < age <= 349.3395012011218,0.039780597295058215
arexp,1344.41666666671,0.020116138325073352,0.0,2143.5,741.0350150255845 < arexp <= 1860.7231364184076,0.03452508777881549
