feature,value,importance,min,max,rule,importance_ratio
la,186.0,0.11142432039633719,0.0,9094.0,89.63502906531855 < la <= 198.10918576028968,0.3969530978367825
nd,7.0,0.08873117703970979,1.0,46.0,6.501361706446655 < nd <= 43.480788426363866,0.31610796884676023
nuc,39.22222222222221,0.04671679448795378,0.0,480.0,17.02187028864449 < nuc <= 98.64471611143634,0.1664302391707222
age,120.666666666667,0.019831761646449314,0.0,575.0,7.346025962989069 < age <= 349.3395012011218,0.07065135504633985
arexp,19.3333333333333,0.008740534835810066,0.0,2143.5,3.296579902275539 < arexp <= 18.99314235170766,0.031138465709135914
