feature,value,importance,min,max,rule,importance_ratio
la,844.0,0.43367643401524597,0.0,9094.0,la > 471.1648215786653,0.6632249943212679
nd,8.0,0.08726634020209131,1.0,46.0,6.501361706446655 < nd <= 43.480788426363866,0.1334571432648682
nuc,34.6666666666667,0.04674561847614754,0.0,480.0,17.02187028864449 < nuc <= 98.64471611143634,0.07148846493996304
arexp,39.0,-0.03224151915471878,0.0,2143.5,18.99314235170766 < arexp <= 741.0350150255845,0.049307224652067855
age,35.6111111111111,0.02287035789836836,0.0,575.0,7.346025962989069 < age <= 349.3395012011218,0.03497582943770811
