feature,value,importance,min,max,rule,importance_ratio
la,397.0,0.3259903008714578,0.0,9094.0,295.36187796957415 < la <= 471.1648215786653,0.6081354564105707
nd,12.0,0.09261015915105995,1.0,46.0,6.501361706446655 < nd <= 43.480788426363866,0.17276440818339853
nuc,63.69565217391301,0.04910981191306738,0.0,480.0,17.02187028864449 < nuc <= 98.64471611143634,0.09161443700058682
age,80.43478260869571,0.026060677968041096,0.0,575.0,7.346025962989069 < age <= 349.3395012011218,0.04861623872887191
ld,130.0,0.02301619334009118,0.0,9176.0,106.9077758780692 < ld <= 326.31207862573433,0.04293674751761854
