feature,value,importance,min,max,rule,importance_ratio
la,1919.0,0.43419918043944716,0.0,9094.0,la > 471.1648215786653,0.8332164728668768
age,110.235294117647,0.022403280581350885,0.0,575.0,7.346025962989069 < age <= 349.3395012011218,0.04299128894657926
ld,243.0,0.01726956796280045,0.0,9176.0,106.9077758780692 < ld <= 326.31207862573433,0.03313983340856655
ns,1.0,-0.015735847461384074,1.0,8.0,ns <= 1.4995095840290027,0.030196665286368798
nuc,13.529411764705904,-0.013894956468502936,0.0,480.0,4.283044640000675 < nuc <= 17.02187028864449,0.026664045306597245
