feature,value,importance,min,max,rule,importance_ratio
la,3361.0,0.4298617208732148,0.0,9094.0,la > 471.1648215786653,0.7369075719272655
nd,15.0,0.0865868758194215,1.0,46.0,6.501361706446655 < nd <= 43.480788426363866,0.14843499972791696
age,23.6938775510204,0.022137880700516498,0.0,575.0,7.346025962989069 < age <= 349.3395012011218,0.03795074351234144
nuc,15.9795918367347,-0.013673232196711925,0.0,480.0,4.283044640000675 < nuc <= 17.02187028864449,0.02343988275580492
ns,2.0,0.01134804595526562,1.0,8.0,1.4995095840290027 < ns <= 2.4998972545934754,0.019453839653427233
