feature,value,importance,min,max,rule,importance_ratio
la,779.0,0.43549520657231516,0.0,9094.0,la > 471.1648215786653,0.8059324877874458
arexp,112.5,-0.031938642168259444,0.0,2143.5,18.99314235170766 < arexp <= 741.0350150255845,0.059106022180623226
age,60.5333333333333,0.022313339182710026,0.0,575.0,7.346025962989069 < age <= 349.3395012011218,0.041293324672634364
ld,234.0,0.016800803447113075,0.0,9176.0,106.9077758780692 < ld <= 326.31207862573433,0.03109176200935137
ns,1.0,-0.014038693285718837,1.0,8.0,ns <= 1.4995095840290027,0.025980168861320253
