feature,value,importance,min,max,rule,importance_ratio
la,353.0,0.3245883253040233,0.0,9094.0,295.36187796957415 < la <= 471.1648215786653,0.6896263117607985
nuc,26.6666666666667,0.04807260881843426,0.0,480.0,17.02187028864449 < nuc <= 98.64471611143634,0.10213594677234539
arexp,52.0,-0.02898499385588481,0.0,2143.5,18.99314235170766 < arexp <= 741.0350150255845,0.061582049787283225
age,80.5,0.02630927078412229,0.0,575.0,7.346025962989069 < age <= 349.3395012011218,0.055897159452596906
nd,5.0,0.02516170695734787,1.0,46.0,4.49814249084984 < nd <= 6.501361706446655,0.05345902428976472
