feature,value,importance,min,max,rule,importance_ratio
la,442.0,0.32507991259302743,0.0,9094.0,295.36187796957415 < la <= 471.1648215786653,0.7351350613951388
nuc,64.25,0.04961209107718384,0.0,480.0,17.02187028864449 < nuc <= 98.64471611143634,0.11219268311304767
age,60.75,0.025495464612685433,0.0,575.0,7.346025962989069 < age <= 349.3395012011218,0.05765539246593885
ld,3.0,-0.021406864048702796,0.0,9176.0,ld <= 6.100393534547379,0.04840943936275089
nd,3.0,0.010142009931737644,1.0,46.0,2.4949232752530253 < nd <= 4.49814249084984,0.022935120888789046
