feature,value,importance,min,max,rule,importance_ratio
la,327.0,0.32191154508334363,0.0,9094.0,295.36187796957415 < la <= 471.1648215786653,0.7548431801404972
nuc,59.0,0.04905672958386598,0.0,480.0,17.02187028864449 < nuc <= 98.64471611143634,0.11503202768571291
age,6.75,0.01667728906389624,0.0,575.0,0.035001551722574575 < age <= 7.346025962989069,0.03910620201538445
arexp,13.5,0.010135100379618364,0.0,2143.5,3.296579902275539 < arexp <= 18.99314235170766,0.02376557013391234
ld,7.0,-0.01000705134374814,0.0,9176.0,6.100393534547379 < ld <= 9.065316544650969,0.023465310814461154
