feature,value,importance,min,max,rule,importance_ratio
la,849.0,0.43398022413067544,0.0,9094.0,la > 471.1648215786653,0.6704363683016082
nd,10.0,0.087917569775533,1.0,46.0,6.501361706446655 < nd <= 43.480788426363866,0.13581986669619137
nuc,31.5714285714286,0.04724071758785345,0.0,480.0,17.02187028864449 < nuc <= 98.64471611143634,0.07298004234871697
arexp,255.5,-0.03213793004025538,0.0,2143.5,18.99314235170766 < arexp <= 741.0350150255845,0.04964843074147117
age,82.1428571428571,0.022986033654514786,0.0,575.0,7.346025962989069 < age <= 349.3395012011218,0.03551008103159821
