feature,value,importance,min,max,rule,importance_ratio
la,346.0,0.32536968975162756,0.0,9094.0,295.36187796957415 < la <= 471.1648215786653,0.7521293235239784
nuc,40.6,0.048102596406137635,0.0,480.0,17.02187028864449 < nuc <= 98.64471611143634,0.11119466389851171
age,75.0,0.025983881486886056,0.0,575.0,7.346025962989069 < age <= 349.3395012011218,0.06006471967372639
ld,83.0,-0.01333998635417876,0.0,9176.0,71.3286997568262 < ld <= 106.9077758780692,0.030836907150283765
nd,2.0,-0.01072510258730318,1.0,46.0,1.4933136674546177 < nd <= 2.4949232752530253,0.02479230367116045
