feature,value,importance,min,max,rule,importance_ratio
la,375.0,0.3243581532912109,0.0,9094.0,295.36187796957415 < la <= 471.1648215786653,0.6155241712598585
nd,8.0,0.09301336519878303,1.0,46.0,6.501361706446655 < nd <= 43.480788426363866,0.17650851057432887
nuc,51.5555555555556,0.04969605587161879,0.0,480.0,17.02187028864449 < nuc <= 98.64471611143634,0.09430662770421762
age,39.77777777777779,0.026201301008514304,0.0,575.0,7.346025962989069 < age <= 349.3395012011218,0.049721377204649614
ld,16.0,0.013419776778017352,0.0,9176.0,14.995162564858127 < ld <= 35.749623635583205,0.025466284401876475
