feature,value,importance,min,max,rule,importance_ratio
la,477.0,0.4344674950810978,0.0,9094.0,la > 471.1648215786653,0.8251436164479722
arexp,67.5,-0.031925201581635844,0.0,2143.5,18.99314235170766 < arexp <= 741.0350150255845,0.06063255959800711
age,24.0,0.022437258966002016,0.0,575.0,7.346025962989069 < age <= 349.3395012011218,0.04261299456460091
ns,1.0,-0.014356202038502274,1.0,8.0,ns <= 1.4995095840290027,0.02726539638206157
nuc,6.0,-0.01320110200338744,0.0,480.0,4.283044640000675 < nuc <= 17.02187028864449,0.02507162255289186
