feature,value,importance,min,max,rule,importance_ratio
la,466.0,0.3209659779735206,0.0,9094.0,295.36187796957415 < la <= 471.1648215786653,0.7512586220319595
arexp,63.5,-0.02859075990087758,0.0,2143.5,18.99314235170766 < arexp <= 741.0350150255845,0.0669200362655007
nd,5.0,0.026366328991677505,1.0,46.0,4.49814249084984 < nd <= 6.501361706446655,0.06171349409488841
age,59.1666666666667,0.025631664266942553,0.0,575.0,7.346025962989069 < age <= 349.3395012011218,0.05999392489866225
nuc,9.16666666666667,-0.014406695711876692,0.0,480.0,4.283044640000675 < nuc <= 17.02187028864449,0.03372056576485849
