feature,value,importance,min,max,rule,importance_ratio
la,571.0,0.4348284772018358,0.0,9094.0,la > 471.1648215786653,0.8543797090167836
age,45.17647058823529,0.022513560704187665,0.0,575.0,7.346025962989069 < age <= 349.3395012011218,0.04423613091570154
ns,1.0,-0.015591115597845708,1.0,8.0,ns <= 1.4995095840290027,0.030634453597553415
arexp,1.0,0.015017797840241823,0.0,2143.5,arexp <= 3.296579902275539,0.02950796100427187
nuc,15.470588235294096,-0.013583848575102298,0.0,480.0,4.283044640000675 < nuc <= 17.02187028864449,0.026690442787023042
