feature,value,importance,min,max,rule,importance_ratio
la,256.0,0.23338873568461535,0.0,9094.0,198.10918576028968 < la <= 295.36187796957415,0.5159526549202547
nd,7.0,0.09306437802169573,1.0,46.0,6.501361706446655 < nd <= 43.480788426363866,0.2057374910487649
nuc,72.0,0.04592406383560155,0.0,480.0,17.02187028864449 < nuc <= 98.64471611143634,0.10152436273841894
arexp,62.5,-0.03296169544601976,0.0,2143.5,18.99314235170766 < arexp <= 741.0350150255845,0.07286844511222834
age,167.86666666666702,0.02202126086573261,0.0,575.0,7.346025962989069 < age <= 349.3395012011218,0.04868241809116243
