feature,value,importance,min,max,rule,importance_ratio
la,600,0.4272545542712884,0.0,9094.0,la > 471.1648215786653,0.7678105936336465
nd,1,-0.03600319513851078,1.0,46.0,nd <= 1.4933136674546177,0.06470062017046505
ld,439,0.03320524737354468,0.0,9176.0,ld > 326.31207862573433,0.059672484336925215
age,149.5,0.023230709052293935,0.0,575.0,7.346025962989069 < age <= 349.3395012011218,0.041747441495139065
ns,1,-0.015185313509027415,1.0,8.0,ns <= 1.4995095840290027,0.027289222463094263
