feature,value,importance,min,max,rule,importance_ratio
la,309.0,0.3243427434443518,0.0,9094.0,295.36187796957415 < la <= 471.1648215786653,0.7367882438109006
nuc,49.0,0.04884712741353744,0.0,480.0,17.02187028864449 < nuc <= 98.64471611143634,0.11096283160225048
age,292.83333333333303,0.02624533977550453,0.0,575.0,7.346025962989069 < age <= 349.3395012011218,0.05961982560812893
ld,89.0,-0.013912033484940706,0.0,9176.0,71.3286997568262 < ld <= 106.9077758780692,0.0316030585742596
arexp,4.0,0.010629922811278157,0.0,2143.5,3.296579902275539 < arexp <= 18.99314235170766,0.02414730194606872
