feature,value,importance,min,max,rule,importance_ratio
la,2222.0,0.4300962595234157,0.0,9094.0,la > 471.1648215786653,0.7057254493501538
nd,15.0,0.08721181587300707,1.0,46.0,6.501361706446655 < nd <= 43.480788426363866,0.14310191400832203
ld,593.0,0.03415936454028973,0.0,9176.0,ld > 326.31207862573433,0.056050552302929796
age,19.25,0.022446905560266305,0.0,575.0,7.346025962989069 < age <= 349.3395012011218,0.03683210946915235
nuc,5.18181818181818,-0.013075625197017177,0.0,480.0,4.283044640000675 < nuc <= 17.02187028864449,0.021455200465877924
