feature,value,importance,min,max,rule,importance_ratio
la,977,0.4350935221214821,0.0,9094.0,la > 471.1648215786653,0.752293793740926
nuc,36.875,0.04694861633608945,0.0,480.0,17.021870288644497 < nuc <= 98.64471611143635,0.08117600216650092
arexp,151.333333333333,-0.031106728682161522,0.0,2143.5,18.99314235170766 < arexp <= 741.0350150255845,0.05378475601537244
age,29.75,0.023000698825818865,0.0,575.0,7.346025962989069 < age <= 349.3395012011218,0.039769111923336105
ld,2,-0.01967324350953585,0.0,9176.0,ld <= 6.100393534547379,0.034015810952123214
