feature,value,importance,min,max,rule,importance_ratio
la,1400.0,0.43161005032183775,0.0,9094.0,la > 471.1648215786653,0.6682878528372548
nd,11.0,0.08823349557959814,1.0,46.0,6.501361706446655 < nd <= 43.480788426363866,0.136617238790539
nuc,23.148148148148103,0.04608664353451238,0.0,480.0,17.02187028864449 < nuc <= 98.64471611143634,0.07135872769688588
arexp,62.0,-0.03177729797670507,0.0,2143.5,18.99314235170766 < arexp <= 741.0350150255845,0.049202705585716974
ld,251.0,0.01770316435212314,0.0,9176.0,106.9077758780692 < ld <= 326.31207862573433,0.02741087628632269
