feature,value,importance,min,max,rule,importance_ratio
la,540,0.43192885973357975,0.0,9094.0,la > 471.1648215786653,0.7041955103410245
nd,18,0.08628630864265413,1.0,46.0,6.501361706446655 < nd <= 43.480788426363866,0.14067694200275518
arexp,31.0,-0.03192965650824891,0.0,2143.5,18.99314235170766 < arexp <= 741.0350150255845,0.05205653721242167
age,14.6060606060606,0.022155099488176577,0.0,575.0,7.346025962989069 < age <= 349.3395012011218,0.03612058152436475
ld,142,0.017519479792907973,0.0,9176.0,106.9077758780692 < ld <= 326.31207862573433,0.02856289580021541
