feature,value,importance,min,max,rule,importance_ratio
la,448.0,0.3251886707226224,0.0,9094.0,295.36187796957415 < la <= 471.1648215786653,0.7085150332465391
nuc,76.75,0.04960565681863366,0.0,480.0,17.02187028864449 < nuc <= 98.64471611143634,0.10807988332425507
arexp,38.0,-0.02879713938404625,0.0,2143.5,18.99314235170766 < arexp <= 741.0350150255845,0.06274267219320244
age,8.0,0.02650715729513461,0.0,575.0,7.346025962989069 < age <= 349.3395012011218,0.05775330176939961
ld,17.0,0.013587539283289495,0.0,9176.0,14.995162564858127 < ld <= 35.749623635583205,0.02960427811229031
