feature,value,importance,min,max,rule,importance_ratio
la,880.0,0.433077379349052,0.0,9094.0,la > 471.1648215786653,0.6744940364286263
nd,8.0,0.0881475856610045,1.0,46.0,6.501361706446655 < nd <= 43.480788426363866,0.1372849834440543
nuc,71.695652173913,0.047077073727586974,0.0,480.0,17.02187028864449 < nuc <= 98.64471611143634,0.0733199354108396
age,46.2173913043478,0.022838582633613918,0.0,575.0,7.346025962989069 < age <= 349.3395012011218,0.03556982775228086
arexp,0.0,0.018201357304580577,0.0,2143.5,arexp <= 3.296579902275539,0.02834760609131567
