feature,value,importance,min,max,rule,importance_ratio
la,191,0.11155607314881132,0.0,9094.0,89.63502906531855 < la <= 198.10918576028968,0.38997624600378117
nd,12,0.08921149264685348,1.0,46.0,6.501361706446655 < nd <= 43.480788426363866,0.31186435682802227
nuc,25.0,0.046901600148585604,0.0,480.0,17.021870288644497 < nuc <= 98.64471611143635,0.16395799387019472
age,72.5416666666667,0.01941830657997918,0.0,575.0,7.346025962989069 < age <= 349.3395012011218,0.06788225947778885
arexp,4.0,0.008737729083790358,0.0,2143.5,3.296579902275539 < arexp <= 18.99314235170766,0.030545237838814434
