feature,value,importance,min,max,rule,importance_ratio
la,428.0,0.3268463474246146,0.0,9094.0,295.36187796957415 < la <= 471.1648215786653,0.7213397444413839
nuc,51.6666666666667,0.04912189030858667,0.0,480.0,17.02187028864449 < nuc <= 98.64471611143634,0.10841048731574451
age,35.3333333333333,0.02631511964234128,0.0,575.0,7.346025962989069 < age <= 349.3395012011218,0.05807665230870917
ld,115.0,0.022334061566141306,0.0,9176.0,106.9077758780692 < ld <= 326.31207862573433,0.04929058069457024
arexp,11.0,0.012522150708104777,0.0,2143.5,3.296579902275539 < arexp <= 18.99314235170766,0.027635997963000477
