feature,value,importance,min,max,rule,importance_ratio
la,322.0,0.3236598722666864,0.0,9094.0,295.36187796957415 < la <= 471.1648215786653,0.7327314320712132
nuc,59.0,0.04850450299421082,0.0,480.0,17.02187028864449 < nuc <= 98.64471611143634,0.10980902171142788
age,9.0,0.025813605391975622,0.0,575.0,7.346025962989069 < age <= 349.3395012011218,0.05843924955330432
nd,6.0,0.02502288981048185,1.0,46.0,4.49814249084984 < nd <= 6.501361706446655,0.05664915380763351
ld,8.0,-0.010002997555173672,0.0,9176.0,6.100393534547379 < ld <= 9.065316544650969,0.02264571963239219
