feature,value,importance,min,max,rule,importance_ratio
la,322,0.3236598722666862,0.0,9094.0,295.36187796957415 < la <= 471.1648215786653,0.732731432071213
nuc,59.0,0.04850450299421082,0.0,480.0,17.021870288644497 < nuc <= 98.64471611143635,0.10980902171142795
age,9.0,0.02581360539197559,0.0,575.0,7.346025962989069 < age <= 349.3395012011218,0.05843924955330428
nd,6,0.025022889810481834,1.0,46.0,4.49814249084984 < nd <= 6.501361706446655,0.0566491538076335
ld,8,-0.010002997555173688,0.0,9176.0,6.100393534547379 < ld <= 9.065316544650969,0.022645719632392237
