feature,value,importance,min,max,rule,importance_ratio
la,1129.0,0.4329071698846742,0.0,9094.0,la > 471.1648215786653,0.7007816934579465
nd,10.0,0.08650340759856075,1.0,46.0,6.501361706446655 < nd <= 43.480788426363866,0.14003003111025272
arexp,60.5,-0.03161251923930048,0.0,2143.5,18.99314235170766 < arexp <= 741.0350150255845,0.05117373032396427
age,325.52,0.022139838312950397,0.0,575.0,7.346025962989069 < age <= 349.3395012011218,0.03583953897083231
ld,313.0,0.01774717867015346,0.0,9176.0,106.9077758780692 < ld <= 326.31207862573433,0.028728787111296998
