feature,value,importance,min,max,rule,importance_ratio
la,293.0,0.23050624043950724,0.0,9094.0,198.10918576028968 < la <= 295.36187796957415,0.6360058983851622
nuc,67.5,0.04545649303208476,0.0,480.0,17.02187028864449 < nuc <= 98.64471611143634,0.12542219088379547
arexp,66.0,-0.033098215217019986,0.0,2143.5,18.99314235170766 < arexp <= 741.0350150255845,0.09132360175546163
age,40.7,0.02221759225585525,0.0,575.0,7.346025962989069 < age <= 349.3395012011218,0.06130211353800105
nd,6.0,0.020282638674668493,1.0,46.0,4.49814249084984 < nd <= 6.501361706446655,0.05596324770777537
