feature,value,importance,min,max,rule,importance_ratio
la,564,0.43736330952832964,0.0,9094.0,la > 471.1648215786653,0.7636543616931993
nuc,18.125,0.046707843136265144,0.0,480.0,17.021870288644497 < nuc <= 98.64471611143635,0.08155381889431274
arexp,66.9166666666666,-0.031606840334767676,0.0,2143.5,18.99314235170766 < arexp <= 741.0350150255845,0.05518684570732711
age,80.5,0.02312634240318459,0.0,575.0,7.346025962989069 < age <= 349.3395012011218,0.040379546846872304
ns,1,-0.015212777587162244,1.0,8.0,ns <= 1.4995095840290027,0.026562136568871235
