feature,value,importance,min,max,rule,importance_ratio
la,498.0,0.4326624547023092,0.0,9094.0,la > 471.1648215786653,0.771473295184504
nd,5.0,0.03512660929101008,1.0,46.0,4.49814249084984 < nd <= 6.501361706446655,0.06263367834179102
arexp,30.0,-0.032848677291579,0.0,2143.5,18.99314235170766 < arexp <= 741.0350150255845,0.058571935320856916
age,28.1666666666667,0.021923158646655637,0.0,575.0,7.346025962989069 < age <= 349.3395012011218,0.03909082301496453
nuc,157.416666666667,0.01740317943282826,0.0,480.0,98.64471611143634 < nuc <= 253.3978573245908,0.031031322542116456
