feature,value,importance,min,max,rule,importance_ratio
la,247.0,0.23121744813011394,0.0,9094.0,198.10918576028968 < la <= 295.36187796957415,0.6234748204375558
ld,396.0,0.04367378977040371,0.0,9176.0,ld > 326.31207862573433,0.11776580208430915
arexp,44.5,-0.03290851867807062,0.0,2143.5,18.99314235170766 < arexp <= 741.0350150255845,0.0887373895854523
nd,5.0,0.02314940200031213,1.0,46.0,4.49814249084984 < nd <= 6.501361706446655,0.062422059287063056
age,66.0,0.02218832082467726,0.0,575.0,7.346025962989069 < age <= 349.3395012011218,0.05983051648503512
