feature,value,importance,min,max,rule,importance_ratio
la,507.0,0.4340022974655992,0.0,9094.0,la > 471.1648215786653,0.6737656726608506
nd,8.0,0.08748329807578321,1.0,46.0,6.501361706446655 < nd <= 43.480788426363866,0.13581320541118072
nuc,29.1333333333333,0.04702621755395736,0.0,480.0,17.02187028864449 < nuc <= 98.64471611143634,0.07300572206175715
arexp,210.833333333336,-0.032330689556730144,0.0,2143.5,18.99314235170766 < arexp <= 741.0350150255845,0.05019169005322157
age,13.8666666666667,0.02297901343470348,0.0,575.0,7.346025962989069 < age <= 349.3395012011218,0.03567370618618193
