feature,value,importance,min,max,rule,importance_ratio
la,1130,0.43236555502956875,0.0,9094.0,la > 471.1648215786653,0.6707558865259488
nd,11,0.08836439004519837,1.0,46.0,6.501361706446655 < nd <= 43.480788426363866,0.13708523746309606
nuc,21.9130434782609,0.04669748658839696,0.0,480.0,17.021870288644497 < nuc <= 98.64471611143635,0.0724447487797489
ld,371,0.031065592264081628,0.0,9176.0,ld > 326.31207862573433,0.04819400767973455
age,35.3913043478261,0.02331417993996869,0.0,575.0,7.346025962989069 < age <= 349.3395012011218,0.0361687540840059
