feature,value,importance,min,max,rule,importance_ratio
la,515.0,0.43509187099198404,0.0,9094.0,la > 471.1648215786653,0.7929531095098965
nuc,18.5,0.046914332551109425,0.0,480.0,17.02187028864449 < nuc <= 98.64471611143634,0.08550117425123979
age,14.333333333333302,0.023205923079621122,0.0,575.0,7.346025962989069 < age <= 349.3395012011218,0.042292697455090025
ns,1.0,-0.01638489700878166,1.0,8.0,ns <= 1.4995095840290027,0.029861406057738515
ld,69.0,0.010369633945498693,0.0,9176.0,35.749623635583205 < ld <= 71.3286997568262,0.01889861436118179
