feature,value,importance,min,max,rule,importance_ratio
la,966.0,0.4324679904556068,0.0,9094.0,la > 471.1648215786653,0.6704955863743787
nd,9.0,0.08842455789715002,1.0,46.0,6.501361706446655 < nd <= 43.480788426363866,0.13709286491859052
nuc,21.1428571428571,0.04671265702779697,0.0,480.0,17.02187028864449 < nuc <= 98.64471611143634,0.07242300252548532
ld,355.0,0.03117474662837471,0.0,9176.0,ld > 326.31207862573433,0.04833312633992607
age,32.5357142857143,0.02333504538747371,0.0,575.0,7.346025962989069 < age <= 349.3395012011218,0.036178504040642996
