feature,value,importance,min,max,rule,importance_ratio
la,1435.0,0.43457213336704154,0.0,9094.0,la > 471.1648215786653,0.6623506043194018
nd,24.0,0.0877671698517913,1.0,46.0,6.501361706446655 < nd <= 43.480788426363866,0.13376982444854205
nuc,34.25,0.04690438672366342,0.0,480.0,17.02187028864449 < nuc <= 98.64471611143634,0.0714890498176742
arexp,40.0,-0.03216646229678228,0.0,2143.5,18.99314235170766 < arexp <= 741.0350150255845,0.04902632751901811
age,39.34375,0.023046207716288857,0.0,575.0,7.346025962989069 < age <= 349.3395012011218,0.03512574423464419
