feature,value,importance,min,max,rule,importance_ratio
la,485.0,0.4321770674878691,0.0,9094.0,la > 471.1648215786653,0.6828338183758297
nd,16.0,0.08669564238040979,1.0,46.0,6.501361706446655 < nd <= 43.480788426363866,0.136977921728395
ld,609.0,0.03417433296027563,0.0,9176.0,ld > 326.31207862573433,0.053994975719915975
arexp,32.0,-0.031771132449292305,0.0,2143.5,18.99314235170766 < arexp <= 741.0350150255845,0.05019795198893434
age,40.2424242424242,0.02234528360588154,0.0,575.0,7.346025962989069 < age <= 349.3395012011218,0.03530524054870913
