feature,value,importance,min,max,rule,importance_ratio
la,477,0.43478529208372724,0.0,9094.0,la > 471.1648215786653,0.8088494337583857
nuc,55.6666666666667,0.04675217289192192,0.0,480.0,17.021870288644497 < nuc <= 98.64471611143635,0.08697504092048038
age,16.1666666666667,0.02340897725697378,0.0,575.0,7.346025962989069 < age <= 349.3395012011218,0.04354870862448575
ns,1,-0.016973319518460348,1.0,8.0,ns <= 1.4995095840290027,0.0315761828458149
arexp,8.0,0.007893799596336334,0.0,2143.5,3.296579902275539 < arexp <= 18.99314235170766,0.014685168633692578
