feature,value,importance,min,max,rule,importance_ratio
la,7549.0,0.4341368794549537,0.0,9094.0,la > 471.1648215786653,0.6492627236474097
nd,26.0,0.08804166064896841,1.0,46.0,6.501361706446655 < nd <= 43.480788426363866,0.13166853840925852
nuc,29.7058823529412,0.04654344210379746,0.0,480.0,17.02187028864449 < nuc <= 98.64471611143634,0.06960689915626621
arexp,171.0,-0.03218936793833591,0.0,2143.5,18.99314235170766 < arexp <= 741.0350150255845,0.048140016868346035
ld,351.0,0.03057241595927758,0.0,9176.0,ld > 326.31207862573433,0.04572182413786778
