feature,value,importance,min,max,rule,importance_ratio
la,382.0,0.32446532836214304,0.0,9094.0,295.36187796957415 < la <= 471.1648215786653,0.7096335097271713
nuc,68.0,0.04908829771518838,0.0,480.0,17.02187028864449 < nuc <= 98.64471611143634,0.10736031849690152
age,71.25,0.026238005469010943,0.0,575.0,7.346025962989069 < age <= 349.3395012011218,0.057384768977329546
nd,6.0,0.025038003049937176,1.0,46.0,4.49814249084984 < nd <= 6.501361706446655,0.05476026073594985
ld,18.0,0.01414687237958557,0.0,9176.0,14.995162564858127 < ld <= 35.749623635583205,0.030940423585668383
