feature,value,importance,min,max,rule,importance_ratio
la,453,0.32446212536481367,0.0,9094.0,295.36187796957415 < la <= 471.1648215786653,0.624569888840407
nd,8,0.09249146334529267,1.0,46.0,6.501361706446655 < nd <= 43.480788426363866,0.1780404505311812
nuc,40.3333333333333,0.049292004618370966,0.0,480.0,17.021870288644497 < nuc <= 98.64471611143635,0.09488411570565211
age,73.3333333333333,0.025678499035876913,0.0,575.0,7.346025962989069 < age <= 349.3395012011218,0.049429551354857104
arexp,8.41666666666667,0.012140174936837509,0.0,2143.5,3.296579902275539 < arexp <= 18.99314235170766,0.02336909955908823
