feature,value,importance,min,max,rule,importance_ratio
la,714.0,0.43258168363890614,0.0,9094.0,la > 471.1648215786653,0.7388011584875287
nuc,26.25,0.045923556733691626,0.0,480.0,17.02187028864449 < nuc <= 98.64471611143634,0.07843230122762328
nd,6.0,0.0355679167470343,1.0,46.0,4.49814249084984 < nd <= 6.501361706446655,0.06074602576014738
arexp,405.5,-0.031951940175363895,0.0,2143.5,18.99314235170766 < arexp <= 741.0350150255845,0.054570341996236886
ns,1.0,-0.016185776607156643,1.0,8.0,ns <= 1.4995095840290027,0.02764349707966269
