feature,value,importance,min,max,rule,importance_ratio
la,970.0,0.43382669323335643,0.0,9094.0,la > 471.1648215786653,0.6747179022633196
nd,12.0,0.08718041905570796,1.0,46.0,6.501361706446655 < nd <= 43.480788426363866,0.1355891428102231
nuc,58.875,0.04684075471683936,0.0,480.0,17.02187028864449 < nuc <= 98.64471611143634,0.07285004877737322
arexp,102.0,-0.03205520974257302,0.0,2143.5,18.99314235170766 < arexp <= 741.0350150255845,0.04985452534725824
age,21.2083333333333,0.02324646878412094,0.0,575.0,7.346025962989069 < age <= 349.3395012011218,0.036154549495678284
