feature,value,importance,min,max,rule,importance_ratio
la,1822,0.43460102689451835,0.0,9094.0,la > 471.1648215786653,0.6623224964979455
nd,20,0.08778332564694297,1.0,46.0,6.501361706446655 < nd <= 43.480788426363866,0.13377987578360398
nuc,29.021276595744705,0.04690950828003489,0.0,480.0,17.021870288644497 < nuc <= 98.64471611143635,0.0714890686189394
arexp,165.0,-0.03216404110781656,0.0,2143.5,18.99314235170766 < arexp <= 741.0350150255845,0.049017297902432325
age,22.468085106383,0.023051880291060645,0.0,575.0,7.346025962989069 < age <= 349.3395012011218,0.03513056334092074
