feature,value,importance,min,max,rule,importance_ratio
la,3858,0.4309870631362053,0.0,9094.0,la > 471.1648215786653,0.7012845437913666
nd,26,0.0874691152752266,1.0,46.0,6.501361706446655 < nd <= 43.480788426363866,0.14232617135943168
ld,780,0.035254669511728995,0.0,9176.0,ld > 326.31207862573433,0.05736495811530858
age,67.21428571428571,0.022481848072464467,0.0,575.0,7.346025962989069 < age <= 349.3395012011218,0.03658154482493703
ns,1,-0.015019077287003003,1.0,8.0,ns <= 1.4995095840290027,0.02443842904874974
