feature,value,importance,min,max,rule,importance_ratio
la,1326.0,0.4334359232711085,0.0,9094.0,la > 471.1648215786653,0.6708047202183638
nd,10.0,0.08761782742818909,1.0,46.0,6.501361706446655 < nd <= 43.480788426363866,0.13560124820882602
nuc,89.9411764705882,0.04714536458679482,0.0,480.0,17.02187028864449 < nuc <= 98.64471611143634,0.07296426392755734
arexp,34.0,-0.03218518998004988,0.0,2143.5,18.99314235170766 < arexp <= 741.0350150255845,0.049811232065871
age,9.176470588235288,0.022881405844476354,0.0,575.0,7.346025962989069 < age <= 349.3395012011218,0.03541228177366882
