feature,value,importance,min,max,rule,importance_ratio
la,1885.0,0.435218598753019,0.0,9094.0,la > 471.1648215786653,0.7154967076386654
nuc,54.24,0.046622847532323104,0.0,480.0,17.02187028864449 < nuc <= 98.64471611143634,0.07664767545710328
nd,5.0,0.03666062032972184,1.0,46.0,4.49814249084984 < nd <= 6.501361706446655,0.06026983502327896
ld,792.0,0.02977953065834766,0.0,9176.0,ld > 326.31207862573433,0.04895736579760459
age,68.16,0.02345972138504703,0.0,575.0,7.346025962989069 < age <= 349.3395012011218,0.03856763810465511
