feature,value,importance,min,max,rule,importance_ratio
la,265.0,0.23155182554267012,0.0,9094.0,198.10918576028968 < la <= 295.36187796957415,0.6145008644074436
nuc,52.57142857142861,0.04520948801038468,0.0,480.0,17.02187028864449 < nuc <= 98.64471611143634,0.1199786242094638
arexp,207.0,-0.03302303038588698,0.0,2143.5,18.99314235170766 < arexp <= 741.0350150255845,0.08763774878441331
age,14.5714285714286,0.022331675698058714,0.0,575.0,7.346025962989069 < age <= 349.3395012011218,0.059264633254186766
nd,5.0,0.020373679263965577,1.0,46.0,4.49814249084984 < nd <= 6.501361706446655,0.05406842934416749
