feature,value,importance,min,max,rule,importance_ratio
la,432.0,0.3182815116243568,0.0,9094.0,295.36187796957415 < la <= 471.1648215786653,0.7846141221763289
arexp,112.0,-0.028729009042486587,0.0,2143.5,18.99314235170766 < arexp <= 741.0350150255845,0.070821538127763
age,2.8,0.01564111262114448,0.0,575.0,0.035001551722574575 < age <= 7.346025962989069,0.038557809363380026
nuc,170.0,0.014170596993172904,0.0,480.0,98.64471611143634 < nuc <= 253.3978573245908,0.034932756426126116
ld,30.0,0.012966764226520452,0.0,9176.0,14.995162564858127 < ld <= 35.749623635583205,0.031965118800448104
