feature,value,importance,min,max,rule,importance_ratio
la,4031.0,0.43476048029997455,0.0,9094.0,la > 471.1648215786653,0.6131567328304002
nd,47.0,0.1296537715343737,1.0,46.0,nd > 43.480788426363866,0.18285489724894938
nuc,41.80821917808221,0.04612243579987356,0.0,480.0,17.02187028864449 < nuc <= 98.64471611143634,0.0650479593400891
arexp,288.0,-0.032282807805606065,0.0,2143.5,18.99314235170766 < arexp <= 741.0350150255845,0.04552948544683608
ld,516.0,0.028162890059649063,0.0,9176.0,ld > 326.31207862573433,0.039719032521358597
