feature,value,importance,min,max,rule,importance_ratio
ns,1,0.3759744243548993,1.0,6.0,ns <= 1.4968350645973174,0.36940673380968814
aexp,299,0.2343129124998825,0.0,418.0,aexp > 173.5744038495336,0.2302198290336685
nd,2,-0.21434717506834877,1.0,35.0,1.4827649840212431 < nd <= 2.5091144786496407,0.210602862094123
age,36.0,0.1038062614661501,0.0,536.25,age <= 91.7448502777025,0.1019929269470941
la,15,-0.06015346697878577,0.0,8385.0,8.552227006528142 < la <= 31.73099605258426,0.05910267913060672
