feature,value,importance,min,max,rule,importance_ratio
ns,1,0.3711838436896858,1.0,6.0,ns <= 1.4968350645973174,0.35088411640059025
aexp,446,0.23249499538639481,0.0,418.0,aexp > 173.5744038495336,0.21978004272167437
nd,6,0.19114731857917963,1.0,35.0,4.485787579415443 < nd <= 8.51515966943804,0.18069363503350477
la,380,0.13636066186353543,0.0,8385.0,363.9600190460562 < la <= 3755.7865561189433,0.1289032137664558
age,16.1428571428571,0.096731026383854,0.0,536.25,age <= 91.7448502777025,0.09144088919343213
