feature,value,importance,min,max,rule,importance_ratio
ns,1,0.37474699813756385,1.0,6.0,ns <= 1.4968350645973174,0.5663169022618446
age,3.6666666666666696,0.10082493186767835,0.0,536.25,age <= 91.7448502777025,0.15236643220582927
nd,3,-0.067866946222895,1.0,35.0,2.5091144786496407 < nd <= 3.497451029032542,0.10256039125578931
la,31,-0.06022276511261648,0.0,8385.0,8.552227006528142 < la <= 31.73099605258426,0.09100852029160264
aexp,46,-0.040582697847909556,0.0,418.0,37.50499970963143 < aexp <= 46.526175674707815,0.061328490541290435
