feature,value,importance,min,max,rule,importance_ratio
nd,9,0.39828836155602143,1.0,35.0,8.51515966943804 < nd <= 15.509541410609344,0.39330590127525655
ns,1,0.3720848933251802,1.0,6.0,ns <= 1.4968350645973174,0.36743023006858244
la,1098,0.13910641953266545,0.0,8385.0,363.9600190460562 < la <= 3755.7865561189433,0.1373662426231189
age,122.15,-0.05200050268457609,0.0,536.25,98.64853560228445 < age <= 151.75380732983808,0.05134999299307142
ld,118,0.02516951708518834,0.0,6893.0,56.843026768805146 < ld <= 5592.8753493851755,0.02485465445984561
