feature,value,importance,min,max,rule,importance_ratio
ns,1,0.3741043578283139,1.0,6.0,ns <= 1.4968350645973174,0.4657479316343187
nd,2,-0.2189706390882018,1.0,35.0,1.4827649840212431 < nd <= 2.5091144786496407,0.27261142542150896
aexp,130,0.07546130121921332,0.0,418.0,77.34852688871881 < aexp <= 157.78734591064995,0.09394690071322899
age,142.333333333333,-0.06835716062756866,0.0,536.25,98.64853560228445 < age <= 151.75380732983808,0.08510247343682616
la,74,-0.027834778604820504,0.0,8385.0,70.36227779601131 < la <= 363.9600190460562,0.03465340697432839
