feature,value,importance,min,max,rule,importance_ratio
ns,1,0.3730943271832812,1.0,6.0,ns <= 1.4968350645973174,0.5057689010913716
nd,6,0.19918133230449475,1.0,35.0,4.485787579415443 < nd <= 8.51515966943804,0.2700114052071116
age,68.71428571428571,0.099857022781375,0.0,536.25,age <= 91.7448502777025,0.135366777242855
la,277,-0.02589469215975372,0.0,8385.0,70.36227779601131 < la <= 363.9600190460562,0.03510299954602171
ld,59,0.02244156452787719,0.0,6893.0,56.843026768805146 < ld <= 5592.8753493851755,0.030421919078013174
