feature,value,importance,min,max,rule,importance_ratio
ns,2,-0.28233317783134587,1.0,6.0,1.4968350645973174 < ns <= 2.497149685556895,0.349547839909338
nd,8,0.19370352305070568,1.0,35.0,4.485787579415443 < nd <= 8.51515966943804,0.23981824801918664
la,1272,0.14084487824990657,0.0,8385.0,363.9600190460562 < la <= 3755.7865561189433,0.17437562008372148
age,78.5789473684211,0.09577190996907269,0.0,536.25,age <= 91.7448502777025,0.11857219371390577
aexp,99,0.07271818865312096,0.0,418.0,77.34852688871881 < aexp <= 157.78734591064995,0.09003010542743267
