feature,value,importance,min,max,rule,importance_ratio
la,347.0,0.32954550791393394,0.0,5956.0,165.96883678608913 < la <= 871.1234134540887,0.4801674541393472
ns,1.0,-0.16203510501256316,1.0,9.0,ns <= 1.4964454190361633,0.2360948093257092
nuc,19.2142857142857,0.07901849130626251,0.0,209.0,9.185789996399661 < nuc <= 67.67536906540971,0.11513465330065854
asexp,54.0,0.06215635397968734,0.0,197.0,1.1438006319502207 < asexp <= 115.31620119105196,0.09056551381305786
aexp,68.0,0.03807635792404947,0.0,403.0,6.128482956425856 < aexp <= 259.48003416260264,0.05547952379330959
