feature,value,importance,min,max,rule,importance_ratio
la,170.0,0.3354204826404014,0.0,5956.0,165.96883678608913 < la <= 871.1234134540887,0.40190383009675823
ns,1.0,-0.188524850490877,1.0,9.0,ns <= 1.4964454190361633,0.22589216640634519
nuc,71.0,-0.13643233757086093,0.0,209.0,70.07905039701288 < nuc <= 135.51259775732092,0.16347445029935168
asexp,61.0,0.08176856385061204,0.0,197.0,1.1438006319502207 < asexp <= 115.31620119105196,0.09797582644439838
age,46.0,0.056066656963786314,0.0,829.533333333333,6.825997486629916 < age <= 98.2860137036514,0.06717957113735501
