feature,value,importance,min,max,rule,importance_ratio
la,559,0.4587223686401519,0.0,5956.0,165.96883678608913 < la <= 871.1234134540887,0.9064203152978559
aexp,66,0.018800072442259095,0.0,403.0,6.128482956425856 < aexp <= 259.48003416260264,0.037148324903472876
asexp,0.269856770542295,0.009386802799733385,0.0,197.0,-0.15854614248820553 < asexp <= 1.1438006319502207,0.018548013646240126
age,84.25714285714291,0.009252969292388852,0.0,829.533333333333,6.825997486629916 < age <= 98.2860137036514,0.018283563036856805
nuc,43.4285714285714,-0.00804880721578201,0.0,209.0,9.185789996399661 < nuc <= 67.67536906540971,0.015904178372482803
