feature,value,importance,min,max,rule,importance_ratio
la,962,0.3124989892618084,0.0,5956.0,la > 871.1234134540887,0.6153821180304982
ns,2,-0.0854427460341934,1.0,9.0,1.4964454190361633 < ns <= 2.4958440955958925,0.16825634588153168
aexp,34,0.047036490110409473,0.0,403.0,6.128482956425856 < aexp <= 259.48003416260264,0.09262562729319485
nuc,8.0,0.0290399882451852,0.0,209.0,nuc <= 8.651638589376741,0.057186391277992146
age,72.25,0.022142502840160026,0.0,829.533333333333,6.825997486629916 < age <= 98.2860137036514,0.04360366197811345
