feature,value,importance,min,max,rule,importance_ratio
la,84,0.06133368146883497,0.0,5956.0,63.23108389406272 < la <= 105.26016462261896,0.47061244861199697
nuc,46.2903225806452,-0.022603702858857433,0.0,209.0,9.185789996399661 < nuc <= 67.67536906540971,0.17343788429706586
age,72.58064516129029,-0.01458561703698598,0.0,829.533333333333,6.825997486629916 < age <= 98.2860137036514,0.11191522804286048
asexp,0.179049665594738,0.014157183112333787,0.0,197.0,-0.15854614248820553 < asexp <= 1.1438006319502207,0.10862786075101664
aexp,13,0.012831688333236396,0.0,403.0,6.128482956425856 < aexp <= 259.48003416260264,0.09845735852981205
