feature,value,importance,min,max,rule,importance_ratio
la,1621.0,0.28531357725933565,0.0,5956.0,la > 871.1234134540887,0.3451063335672528
asexp,227.0,-0.23290662508161045,0.0,197.0,asexp > 115.31620119105196,0.28171653174562455
ns,1.0,-0.17392761897170986,1.0,9.0,ns <= 1.4964454190361633,0.21037738009520168
nuc,17.4426229508197,0.06173202142633431,0.0,209.0,9.185789996399661 < nuc <= 67.67536906540971,0.07466911242984053
age,86.27868852459021,0.04569855742017509,0.0,829.533333333333,6.825997486629916 < age <= 98.2860137036514,0.055275538416646335
