feature,value,importance,min,max,rule,importance_ratio
la,691.0,0.3508972099035166,0.0,5956.0,165.96883678608913 < la <= 871.1234134540887,0.47518366465875556
ns,4.0,0.17612224029866708,1.0,9.0,2.4958440955958925 < ns <= 6.503048404494037,0.23850406674946853
nuc,46.1034482758621,0.07438370135394741,0.0,209.0,9.185789996399661 < nuc <= 67.67536906540971,0.10073012495588082
age,15.448275862068998,0.0600020063135955,0.0,829.533333333333,6.825997486629916 < age <= 98.2860137036514,0.08125448832953619
aexp,16.0,0.044662646273053545,0.0,403.0,6.128482956425856 < aexp <= 259.48003416260264,0.060481985408840394
