feature,value,importance,min,max,rule,importance_ratio
la,87,0.07693482641657451,0.0,5956.0,63.23108389406272 < la <= 105.26016462261896,0.44822514639618016
nuc,71.7,-0.04992087763365056,0.0,209.0,70.07905039701288 < nuc <= 135.51259775732092,0.2908408808828907
asexp,0.161784052834264,0.0214230736270124,0.0,197.0,-0.15854614248820553 < asexp <= 1.1438006319502207,0.12481161991229357
aexp,36,0.01882811471494513,0.0,403.0,6.128482956425856 < aexp <= 259.48003416260264,0.10969329323985116
ns,2,0.0037025144300357965,1.0,9.0,1.4964454190361633 < ns <= 2.4958440955958925,0.02157098611558362
