feature,value,importance,min,max,rule,importance_ratio
la,1973,0.30207607527096647,0.0,5956.0,la > 871.1234134540887,0.7832678850949333
ns,3,0.04633937982390371,1.0,9.0,2.4958440955958925 < ns <= 6.503048404494037,0.12015565283917876
asexp,0.833333356563907,-0.01514719065036521,0.0,197.0,-0.15854614248820553 < asexp <= 1.1438006319502207,0.039275894243524095
nuc,22.8,0.011423860892627648,0.0,209.0,9.185789996399661 < nuc <= 67.67536906540971,0.029621489728906016
age,23.8,-0.006522160090091563,0.0,829.533333333333,6.825997486629916 < age <= 98.2860137036514,0.016911629083614495
