feature,value,importance,min,max,rule,importance_ratio
ns,3.0,0.1942186075507059,1.0,9.0,2.4958440955958925 < ns <= 6.503048404494037,0.31976140291521965
la,3595.0,0.19394991856985744,0.0,5956.0,la > 871.1234134540887,0.3193190335328651
nuc,23.2372881355932,0.06757654637715485,0.0,209.0,9.185789996399661 < nuc <= 67.67536906540971,0.11125798679244985
asexp,0.0,0.06621700473054071,0.0,197.0,asexp <= -0.15854614248820553,0.10901963821336476
aexp,0.0,-0.04287873974542172,0.0,403.0,aexp <= 0.47751898900183676,0.07059553226718006
