feature,value,importance,min,max,rule,importance_ratio
la,1058,0.3129651097514237,0.0,5956.0,la > 871.1234134540887,0.7353967900926777
aexp,47,0.04200719382234177,0.0,403.0,6.128482956425856 < aexp <= 259.48003416260264,0.09870734639489814
nuc,45.9583333333333,-0.04163024726997009,0.0,209.0,9.185789996399661 < nuc <= 67.67536906540971,0.09782160777415921
asexp,0.333272298177086,0.020381563892414273,0.0,197.0,-0.15854614248820553 < asexp <= 1.1438006319502207,0.04789203715217681
ns,4,-0.007034077360801638,1.0,9.0,2.4958440955958925 < ns <= 6.503048404494037,0.016528481134864163
