feature,value,importance,min,max,rule,importance_ratio
la,100,0.08830279781367603,0.0,5956.0,63.23108389406272 < la <= 105.26016462261896,0.34438379315962775
asexp,0.0,0.06264749583303439,0.0,197.0,asexp <= -0.15854614248820553,0.2443272781962853
aexp,4,0.05294954645159217,0.0,403.0,2.3611736448098384 < aexp <= 6.128482956425856,0.20650495912437614
nuc,101.5,0.04610753064006946,0.0,209.0,70.07905039701288 < nuc <= 135.51259775732092,0.1798208741761028
ns,1,0.0032866695500299165,1.0,9.0,ns <= 1.4964454190361633,0.012818118502766722
