commit_id,label,pred,score_or_proba,feature,value_actual,min,max,operator,threshold
,True,True,0.66,age,41.9866666666667,0.0,1848.0,<,26.96500015258789
,True,True,0.66,asexp,0.0055341027908672,0.0,1051.0,>,0.1949999928474426
,True,True,0.66,nuc,2.76,0.0,258.0,<,6.6549999713897705
,True,True,0.66,aexp,435.0,0.0,1406.0,>,15.5
,True,True,0.66,la,9718.0,0.0,8960.0,>,2427.0
