commit_id,label,pred,score_or_proba,feature,value_actual,min,max,operator,threshold
,True,True,0.51,age,71.6666666666667,0.0,1848.0,<,32.98000144958496
,True,True,0.51,nuc,4.33333333333333,0.0,258.0,>,-1.6100000143051147
,True,True,0.51,ld,3.0,0.0,6029.0,<,11.589999675750732
