feature,value,importance,min,max,rule,importance_ratio
ns,1,0.4084194565945078,1.0,7.0,ns <= 1.4973267047410423,0.46406965470797545
nd,2,-0.2520418339606633,1.0,40.0,1.4991410283510338 < nd <= 2.5030327595863042,0.2863844142817529
aexp,37,-0.06462768891101653,0.0,726.0,6.308411975636886 < aexp <= 54.40945181062462,0.07343369370202822
la,152,0.05096006720496261,0.0,9176.0,la > 135.835850879889,0.057903756566577445
nuc,643.333333333333,-0.049887400145629826,0.0,2086.0,113.47699669467761 < nuc <= 1752.541484763698,0.05668493061741262
