feature,value,importance,min,max,rule,importance_ratio
ns,1,0.4628927672083039,1.0,7.0,ns <= 1.4973267047410423,0.5340396394650663
nd,7,0.25017044590776577,1.0,40.0,5.487575744339811 < nd <= 12.487685654034399,0.2886217806839852
nuc,44.7692307692308,0.05289577733977949,0.0,2086.0,11.446877959457481 < nuc <= 113.47699669467761,0.06102588733482701
la,846,0.040478936004393215,0.0,9176.0,la > 135.835850879889,0.04670057067447704
aexp,349,-0.038723678054537226,0.0,726.0,315.32115273373984 < aexp <= 398.4047669941732,0.044675528614816905
