feature,value,importance,min,max,rule,importance_ratio
ns,1,0.4424799655264199,1.0,7.0,ns <= 1.4973267047410423,0.5118987546627201
age,290.941176470588,0.11128048482681309,0.0,511.03030303030295,84.25039107908812 < age <= 379.6012832253171,0.1287388041023251
la,893,0.09169057712437474,0.0,9176.0,la > 135.835850879889,0.1060755195739388
nuc,20.4117647058824,0.08011131635751058,0.0,2086.0,11.446877959457481 < nuc <= 113.47699669467761,0.09267963811426458
aexp,47,-0.07525677934547322,0.0,726.0,6.308411975636886 < aexp <= 54.40945181062462,0.08706349355511023
