feature,value,importance,min,max,rule,importance_ratio
ns,1,0.41808845974069364,1.0,7.0,ns <= 1.4973267047410423,0.5101280524334207
nd,2,-0.2323152849275904,1.0,40.0,1.4991410283510338 < nd <= 2.5030327595863042,0.28345806034476384
aexp,391,0.06450916447481866,0.0,726.0,315.32115273373984 < aexp <= 398.4047669941732,0.07871045868631864
nuc,107.5,0.05226651711286531,0.0,2086.0,11.446877959457481 < nuc <= 113.47699669467761,0.06377266810665068
la,46,-0.03731663714764227,0.0,9176.0,36.91960315163976 < la <= 92.55999249877996,0.04553166438341313
