feature,value,importance,min,max,rule,importance_ratio
ns,1,0.42158440763326177,1.0,7.0,ns <= 1.4973267047410423,0.450523822371914
nd,2,-0.2399878984984753,1.0,40.0,1.4991410283510338 < nd <= 2.5030327595863042,0.25646172722922506
la,209,0.07326613254203188,0.0,9176.0,la > 135.835850879889,0.078295443298172
nuc,1.0,-0.07291641293624514,0.0,2086.0,1.5729955012103574 < nuc <= 1.5729955012103574,0.07792171739487792
aexp,24,-0.06935947609925146,0.0,726.0,6.308411975636886 < aexp <= 54.40945181062462,0.07412061671201807
