feature,value,importance,min,max,rule,importance_ratio
ns,1,0.4179095453874289,1.0,7.0,ns <= 1.4973267047410423,0.5041484719817032
nd,1,-0.27749752917412285,1.0,40.0,nd <= 1.4991410283510338,0.3347613301872201
nuc,73.2941176470588,0.05016299706259725,0.0,2086.0,11.446877959457481 < nuc <= 113.47699669467761,0.060514526644003766
la,230,0.04888449663685727,0.0,9176.0,la > 135.835850879889,0.058972197584572436
ld,226,-0.012435941978866256,0.0,8304.0,29.490716012837936 < ld <= 4621.051880819136,0.015002196565015658
