feature,value,importance,min,max,rule,importance_ratio
ns,1,0.4014362982534992,1.0,7.0,ns <= 1.4973267047410423,0.5571220749439709
nd,5,0.10046302901980962,1.0,40.0,3.5069244908215746 < nd <= 5.487575744339811,0.13942478900432823
la,395,0.07100497413241609,0.0,9176.0,la > 135.835850879889,0.0985422561240694
age,133.666666666667,0.06973298108829289,0.0,511.03030303030295,84.25039107908812 < age <= 379.6012832253171,0.096776956356362
nuc,28.5555555555556,0.05100068555174766,0.0,2086.0,11.446877959457481 < nuc <= 113.47699669467761,0.07077986689736765
