feature,value,importance,min,max,rule,importance_ratio
ns,2,-0.3476357572212146,1.0,7.0,1.4973267047410423 < ns <= 2.502438908657955,0.34895701573991283
nd,7,0.33075638635060756,1.0,40.0,5.487575744339811 < nd <= 12.487685654034399,0.33201349147860937
aexp,552,0.13342440264506653,0.0,726.0,aexp > 398.4047669941732,0.13393150850208813
la,170,0.06476861645699847,0.0,9176.0,la > 135.835850879889,0.06501478240644552
nuc,102.4,0.06316784926989119,0.0,2086.0,11.446877959457481 < nuc <= 113.47699669467761,0.0634079311867309
