feature,value,importance,min,max,rule,importance_ratio
ns,1,0.4356001759566763,1.0,7.0,ns <= 1.4973267047410423,0.426877888878422
nd,1,-0.2211771109750905,1.0,40.0,nd <= 1.4991410283510338,0.2167483472519658
aexp,455,0.1461071400570192,0.0,726.0,aexp > 398.4047669941732,0.1431815479886478
la,3,-0.1067220565062366,0.0,9176.0,-0.17398974645368526 < la <= 6.00827573656187,0.104585095903811
nuc,93.0,0.05006749525790256,0.0,2086.0,11.446877959457481 < nuc <= 113.47699669467761,0.0490649633696418
