feature,value,importance,min,max,rule,importance_ratio
ns,1,0.40836621072337626,1.0,7.0,ns <= 1.4973267047410423,0.5025975543767655
aexp,459,0.17013549205698908,0.0,726.0,aexp > 398.4047669941732,0.2093946070343558
nd,3,-0.07830141261556631,1.0,40.0,2.5030327595863042 < nd <= 3.5069244908215746,0.09636962474225802
nuc,163.0,-0.05501350329181686,0.0,2086.0,113.47699669467761 < nuc <= 1752.541484763698,0.06770798240918842
la,27,-0.04729830002746978,0.0,9176.0,24.555072185608623 < la <= 36.91960315163976,0.05821248011160199
