feature,value,importance,min,max,rule,importance_ratio
ns,1,0.45868359220375976,1.0,7.0,ns <= 1.4973267047410423,0.4997391659431657
nd,2,-0.2280870679117187,1.0,40.0,1.4991410283510338 < nd <= 2.5030327595863042,0.24850254732894322
age,98.0,0.07726496176760532,0.0,511.03030303030295,84.25039107908812 < age <= 379.6012832253171,0.08418074726601736
la,79,-0.06425614317839969,0.0,9176.0,36.91960315163976 < la <= 92.55999249877996,0.07000754320514996
nuc,167.0,-0.04316464015908873,0.0,2086.0,113.47699669467761 < nuc <= 1752.541484763698,0.047028194681438325
