feature,value,importance,min,max,rule,importance_ratio
ns,1,0.4203062872666775,1.0,7.0,ns <= 1.4973267047410423,0.4638206101959679
nd,1,-0.2717954087045968,1.0,40.0,nd <= 1.4991410283510338,0.2999343957799108
aexp,327,0.10426904676625003,0.0,726.0,315.32115273373984 < aexp <= 398.4047669941732,0.11506402440510961
nuc,166.0,-0.047086128506433275,0.0,2086.0,113.47699669467761 < nuc <= 1752.541484763698,0.05196095684803025
la,24,-0.03613467663081651,0.0,9176.0,12.190541219577483 < la <= 24.555072185608623,0.03987570082078106
