feature,value,importance,min,max,rule,importance_ratio
ns,1,0.42065510002167333,1.0,7.0,ns <= 1.4973267047410423,0.4334129763337596
nd,1,-0.2770664853431649,1.0,40.0,nd <= 1.4991410283510338,0.2854695213459387
aexp,578,0.1519892963743211,0.0,726.0,aexp > 398.4047669941732,0.15659891751954125
la,222,0.06338865988349987,0.0,9176.0,la > 135.835850879889,0.06531114859774802
nuc,28.0,0.04527697748175708,0.0,2086.0,11.446877959457481 < nuc <= 113.47699669467761,0.04665016439537731
