feature,value,importance,min,max,rule,importance_ratio
ns,1,0.3995672731649605,1.0,7.0,ns <= 1.4973267047410423,0.6119821055740495
la,167,0.08068514341876207,0.0,9176.0,la > 135.835850879889,0.12357834906457074
nd,3,-0.07147855600041862,1.0,40.0,2.5030327595863042 < nd <= 3.5069244908215746,0.1094774275631662
age,160.75,0.047285568291444056,0.0,511.03030303030295,84.25039107908812 < age <= 379.6012832253171,0.07242315271980868
ld,11,0.031440473073188806,0.0,8304.0,1.9137720800673748 < ld <= 15.702244046452648,0.04815461176078523
