feature,value,importance,min,max,rule,importance_ratio
ns,2,-0.3575251044413579,1.0,7.0,1.4973267047410423 < ns <= 2.502438908657955,0.5073051947383643
nd,4,0.10650812154381493,1.0,40.0,3.5069244908215746 < nd <= 5.487575744339811,0.15112819399194077
age,303.285714285714,0.074669883798634,0.0,511.03030303030295,84.25039107908812 < age <= 379.6012832253171,0.10595177645146397
aexp,40,-0.07440017290548454,0.0,726.0,6.308411975636886 < aexp <= 54.40945181062462,0.10556907399093035
la,115,-0.04658331569072252,0.0,9176.0,92.55999249877996 < la <= 135.835850879889,0.06609873752772195
