{
    "6487": {
        "nd": [
            4,
            3,
            2,
            1
        ],
        "arexp": [
            595.75,
            656.25,
            694.083333333343,
            724.7916666666871,
            755.8333333333542,
            786.583333333352,
            809.5833333333569,
            830.083333333361,
            854.319047619035,
            883.592857142847
        ],
        "ld": [
            3894,
            4850
        ],
        "ns": [
            2,
            3,
            4,
            5,
            6,
            7
        ],
        "nuc": [
            7.585714285714285,
            6.76388888888889,
            6.034246575342465,
            5.183333333333335,
            4.38689655172414,
            3.6621004566210047,
            2.849624060150375,
            2.016666666666665,
            1.241666666666665,
            0.384615384615385
        ],
        "la": [
            227.0,
            201.0,
            178.0,
            155.0,
            131.5,
            107.5,
            83.5,
            59.5,
            35.5,
            11.5
        ],
        "age": [
            0.9090909090909092,
            0.8461538461538459,
            0.8,
            0.7,
            0.6,
            0.545454545454545,
            0.4142857142857145,
            0.267857142857143,
            0.186147186147186,
            0.1125
        ]
    },
    "6536": {
        "nd": [
            4,
            3,
            2,
            1
        ],
        "arexp": [
            595.75,
            656.25,
            694.083333333343,
            724.7916666666871,
            755.8333333333542,
            786.583333333352,
            809.5833333333569,
            830.083333333361,
            854.319047619035,
            883.592857142847
        ],
        "ld": [
            3894,
            4850
        ],
        "ns": [
            2,
            3,
            4,
            5,
            6,
            7
        ],
        "nuc": [
            7.585714285714285,
            6.76388888888889,
            6.034246575342465,
            5.183333333333335,
            4.38689655172414,
            3.6621004566210047,
            2.849624060150375,
            2.016666666666665,
            1.241666666666665,
            0.384615384615385
        ],
        "la": [
            227.0,
            201.0,
            178.0,
            155.0,
            131.5,
            107.5,
            83.5,
            59.5,
            35.5,
            11.5
        ],
        "age": [
            0.9090909090909092,
            0.8461538461538459,
            0.8,
            0.7,
            0.6,
            0.545454545454545,
            0.4142857142857145,
            0.267857142857143,
            0.186147186147186,
            0.1125
        ]
    },
    "7014": {
        "nd": [
            4,
            3,
            2,
            1
        ],
        "arexp": [
            595.75,
            656.25,
            694.083333333343,
            724.7916666666871,
            755.8333333333542,
            786.583333333352,
            809.5833333333569,
            830.083333333361,
            854.319047619035,
            883.592857142847
        ],
        "ld": [
            3894,
            4850
        ],
        "ns": [
            2,
            3,
            4,
            5,
            6,
            7
        ],
        "nuc": [
            7.585714285714285,
            6.76388888888889,
            6.034246575342465,
            5.183333333333335,
            4.38689655172414,
            3.6621004566210047,
            2.849624060150375,
            2.016666666666665,
            1.241666666666665,
            0.384615384615385
        ],
        "la": [
            227.0,
            201.0,
            178.0,
            155.0,
            131.5,
            107.5,
            83.5,
            59.5,
            35.5,
            11.5
        ],
        "age": [
            0.9090909090909092,
            0.8461538461538459,
            0.8,
            0.7,
            0.6,
            0.545454545454545,
            0.4142857142857145,
            0.267857142857143,
            0.186147186147186,
            0.1125
        ]
    },
    "7192": {
        "nd": [
            4,
            3,
            2,
            1
        ],
        "arexp": [
            595.75,
            656.25,
            694.083333333343,
            724.7916666666871,
            755.8333333333542,
            786.583333333352,
            809.5833333333569,
            830.083333333361,
            854.319047619035,
            883.592857142847
        ],
        "ld": [
            3894,
            4850
        ],
        "ns": [
            2,
            3,
            4,
            5,
            6,
            7
        ],
        "nuc": [
            7.585714285714285,
            6.76388888888889,
            6.034246575342465,
            5.183333333333335,
            4.38689655172414,
            3.6621004566210047,
            2.849624060150375,
            2.016666666666665,
            1.241666666666665,
            0.384615384615385
        ],
        "la": [
            227.0,
            201.0,
            178.0,
            155.0,
            131.5,
            107.5,
            83.5,
            59.5,
            35.5,
            11.5
        ],
        "age": [
            0.9090909090909092,
            0.8461538461538459,
            0.8,
            0.7,
            0.6,
            0.545454545454545,
            0.4142857142857145,
            0.267857142857143,
            0.186147186147186,
            0.1125
        ]
    },
    "7198": {
        "nd": [
            4,
            3,
            2,
            1
        ],
        "arexp": [
            595.75,
            656.25,
            694.083333333343,
            724.7916666666871,
            755.8333333333542,
            786.583333333352,
            809.5833333333569,
            830.083333333361,
            854.319047619035,
            883.592857142847
        ],
        "ld": [
            3894,
            4850
        ],
        "ns": [
            2,
            3,
            4,
            5,
            6,
            7
        ],
        "nuc": [
            7.585714285714285,
            6.76388888888889,
            6.034246575342465,
            5.183333333333335,
            4.38689655172414,
            3.6621004566210047,
            2.849624060150375,
            2.016666666666665,
            1.241666666666665,
            0.384615384615385
        ],
        "la": [
            227.0,
            201.0,
            178.0,
            155.0,
            131.5,
            107.5,
            83.5,
            59.5,
            35.5,
            11.5
        ],
        "age": [
            0.9090909090909092,
            0.8461538461538459,
            0.8,
            0.7,
            0.6,
            0.545454545454545,
            0.4142857142857145,
            0.267857142857143,
            0.186147186147186,
            0.1125
        ]
    },
    "7314": {
        "nd": [
            4,
            3,
            2,
            1
        ],
        "arexp": [
            595.75,
            656.25,
            694.083333333343,
            724.7916666666871,
            755.8333333333542,
            786.583333333352,
            809.5833333333569,
            830.083333333361,
            854.319047619035,
            883.592857142847
        ],
        "ld": [
            3894,
            4850
        ],
        "ns": [
            2,
            3,
            4,
            5,
            6,
            7
        ],