feature,value,importance,min,max,rule,importance_ratio
la,1195,0.433062105567214,0.0,9292.0,480.69791970095315 < la <= 1397.941566989266,0.7976569190360346
nuc,15.8611111111111,0.032740316305891866,0.0,125.0,10.97910124158328 < nuc <= 27.993868769549657,0.06030437550895262
asexp,0.166607341257947,0.027716570563610737,0.0,318.0,0.2638783839317753 < asexp <= 0.7887405624411663,0.05105114023555044
age,31.4166666666667,0.020543454624603573,0.0,403.0,14.27436946001454 < age <= 197.77682519321624,0.037838980856464144
ld,188,-0.018218505709201926,0.0,3456.0,139.15116184777366 < ld <= 193.112153175861,0.03355665837907616
