feature,value,importance,min,max,rule,importance_ratio
nuc,80.0,0.13535016780724832,0.0,125.0,28.93046147751111 < nuc <= 95.74074131209468,0.3299831511256128
ld,360.0,0.09556032486860103,0.0,3456.0,ld > 193.112153175861,0.2329756780769912
la,374.0,0.09543868203805315,0.0,9292.0,65.15107396812635 < la <= 480.69791970095315,0.23267911335759472
asexp,0.111263527200178,0.04738470912117852,0.0,318.0,0.2638783839317753 < asexp <= 0.7887405624411663,0.11552372549138208
age,39.3333333333333,0.022126667825346957,0.0,403.0,14.27436946001454 < age <= 197.77682519321624,0.05394472493979937
