feature,value,importance,min,max,rule,importance_ratio
nuc,31.6,0.1433823164113843,0.0,125.0,28.93046147751111 < nuc <= 95.74074131209468,0.4455655260610728
la,131,0.05920422544225519,0.0,9292.0,65.15107396812635 < la <= 480.69791970095315,0.18397918595854343
asexp,0.984005906256675,0.036826415975332705,0.0,318.0,0.2638783839317753 < asexp <= 0.7887405624411663,0.11443936614829442
aexp,132,0.034107361205300384,0.0,1247.0,80.770405947798 < aexp <= 166.80503056010588,0.10598980905282733
age,4.8,-0.02417054143361289,0.0,403.0,1.6057898801073094 < age <= 14.27436946001454,0.07511079663512536
