feature,value,importance,min,max,rule,importance_ratio
asexp,50.0,-0.12114681839168867,0.0,318.0,37.52909305809869 < asexp <= 172.9435351135221,0.40967070568409564
la,234.0,0.10577836700860647,0.0,9292.0,65.15107396812635 < la <= 480.69791970095315,0.35770067125015015
aexp,190.0,0.02982372406224351,0.0,1247.0,166.80503056010588 < aexp <= 797.7256110503639,0.10085205905453028
age,46.25,0.02026812173877801,0.0,403.0,14.27436946001454 < age <= 197.77682519321624,0.06853878497056755
nuc,21.0,0.010676236334675814,0.0,125.0,10.97910124158328 < nuc <= 27.993868769549657,0.036102815834054836
