feature,value,importance,min,max,rule,importance_ratio
ld,662.0,0.1214411270188263,0.0,3456.0,ld > 193.112153175861,0.36687044780448813
la,285.0,0.09475939815826984,0.0,9292.0,65.15107396812635 < la <= 480.69791970095315,0.2862656473092425
aexp,213.0,0.04828535638899003,0.0,1247.0,166.80503056010588 < aexp <= 797.7256110503639,0.14586879054640117
asexp,0.481481481822672,0.03646949961547284,0.0,318.0,0.2638783839317753 < asexp <= 0.7887405624411663,0.11017339828425647
nuc,12.8125,0.015459374290762941,0.0,125.0,10.97910124158328 < nuc <= 27.993868769549657,0.04670236276669401
