feature,value,importance,min,max,rule,importance_ratio
nuc,30.5,0.13136223964128696,0.0,125.0,28.93046147751111 < nuc <= 95.74074131209468,0.3680699560284608
la,205.0,0.12054750294150283,0.0,9292.0,65.15107396812635 < la <= 480.69791970095315,0.3377676433363298
ld,165.0,0.04761162102423267,0.0,3456.0,139.15116184777366 < ld <= 193.112153175861,0.13340521069591418
asexp,1.19977710778333e-11,0.04219241511239713,0.0,318.0,asexp <= 0.2638783839317753,0.11822088613563494
age,0.0,-0.009837021438917147,0.0,403.0,age <= 0.07020447648219275,0.027562806925037202
