feature,value,importance,min,max,rule,importance_ratio
la,2163,0.38218328145785607,0.0,9292.0,la > 1397.941566989266,0.6899368088056387
aexp,309,0.08184159446468715,0.0,1247.0,166.80503056010588 < aexp <= 797.7256110503639,0.14774463262009022
asexp,0.481481481822672,0.03614989609314275,0.0,318.0,0.2638783839317753 < asexp <= 0.7887405624411663,0.06525964153643553
ld,2,-0.021553532249842165,0.0,3456.0,0.7294884409409761 < ld <= 14.806268787398544,0.03890953890557696
nuc,5.428571428571429,-0.019682009302771378,0.0,125.0,1.300976592648274 < nuc <= 10.97910124158328,0.03553096995095635
