feature,value,importance,min,max,rule,importance_ratio
la,749,0.3975544996890722,0.0,9292.0,480.69791970095315 < la <= 1397.941566989266,0.6552277164606419
nuc,30.357142857142897,0.10263262328416858,0.0,125.0,28.93046147751111 < nuc <= 95.74074131209468,0.1691535108807613
aexp,331,0.04200660042573541,0.0,1247.0,166.80503056010588 < aexp <= 797.7256110503639,0.06923299546290057
ld,103,-0.025035076914100104,0.0,3456.0,19.498528902884395 < ld <= 134.4589017322878,0.041261452934557845
asexp,0.0277777777777781,0.02066339848676037,0.0,318.0,0.2638783839317753 < asexp <= 0.7887405624411663,0.03405629018256699
