feature,value,importance,min,max,rule,importance_ratio
ld,323.0,0.1519285018866236,0.0,3456.0,ld > 193.112153175861,0.28690224736999104
la,239.0,0.12201433042471467,0.0,9292.0,65.15107396812635 < la <= 480.69791970095315,0.23041223454120954
asexp,0.4814816908978301,0.12008131742647384,0.0,318.0,0.2638783839317753 < asexp <= 0.7887405624411663,0.22676192688659605
age,323.714285714286,-0.07389222155793393,0.0,403.0,age > 244.2282836528761,0.13953829705997425
aexp,386.0,0.06035205599557212,0.0,1247.0,166.80503056010588 < aexp <= 797.7256110503639,0.11396900702312314
