feature,value,importance,min,max,rule,importance_ratio
la,214,0.1084807064957709,0.0,9292.0,65.15107396812635 < la <= 480.69791970095315,0.4667664749611364
asexp,1.6384000000004301e-10,0.06781460229120062,0.0,318.0,asexp <= 0.2638783839317753,0.29178997708305965
nuc,24.3333333333333,0.036100217634327594,0.0,125.0,10.97910124158328 < nuc <= 27.993868769549657,0.15533058250465812
ld,15,-0.012810366440112141,0.0,3456.0,0.7294884409409761 < ld <= 14.806268787398544,0.055119935879516906
age,1.6,0.005406089788759135,0.0,403.0,0.07020447648219275 < age <= 1.6057898801073094,0.02326110840844191
