feature,value,importance,min,max,rule,importance_ratio
la,644,0.4757921640084744,0.0,9094.0,la > 471.1648215786653,0.7713230846646401
nd,2,-0.058769663332739246,1.0,46.0,1.4933136674546177 < nd <= 2.4949232752530253,0.09527352788791082
arexp,45.5,-0.049108406646192426,0.0,2143.5,18.99314235170766 < arexp <= 741.0350150255845,0.07961133150698967
ns,1,0.022023041203910985,1.0,8.0,ns <= 1.4995095840290027,0.03570231155550207
age,1.4,-0.007225641349206497,0.0,575.0,0.035001551722574575 < age <= 7.346025962989069,0.011713736365887396
