feature,value,importance,min,max,rule,importance_ratio
la,290,0.23958046007096662,0.0,9094.0,198.10918576028968 < la <= 295.36187796957415,0.5440231325356991
ns,1,-0.07641523276049596,1.0,8.0,ns <= 1.4995095840290027,0.17351855108507416
arexp,16.0,-0.046571019147377234,0.0,2143.5,3.296579902275539 < arexp <= 18.99314235170766,0.10575032585892624
nd,3,-0.029488293175892688,1.0,46.0,2.4949232752530253 < nd <= 4.49814249084984,0.06696002512862816
age,25.0,0.016909388401264915,0.0,575.0,7.346025962989069 < age <= 349.3395012011218,0.038396697479394074
