feature,value,importance,min,max,rule,importance_ratio
la,269,0.25180711144954626,0.0,9094.0,198.10918576028968 < la <= 295.36187796957415,0.678126557514422
nuc,150.5,0.047414892799032216,0.0,480.0,98.64471611143635 < nuc <= 253.39785732459083,0.12769019049394686
arexp,1461.49999999996,0.04236000158863286,0.0,2143.5,741.0350150255845 < arexp <= 1860.7231364184076,0.1140771675916733
age,6.66666666666667,0.014681763820711001,0.0,575.0,0.035001551722574575 < age <= 7.346025962989069,0.03953857339717511
nd,4,-0.012522137957993765,1.0,46.0,2.4949232752530253 < nd <= 4.49814249084984,0.03372261512906643
