feature,value,importance,min,max,rule,importance_ratio
la,466,0.28916152074370405,0.0,9094.0,295.36187796957415 < la <= 471.1648215786653,0.48453433031810145
nd,9,0.15465469227688677,1.0,46.0,6.501361706446655 < nd <= 43.480788426363866,0.2591475780048614
ns,1,-0.05638235498564502,1.0,8.0,ns <= 1.4995095840290027,0.09447725459619889
ld,138,-0.04767244695168513,0.0,9176.0,106.9077758780692 < ld <= 326.31207862573433,0.0798824722561669
arexp,1.0,0.025387247329347246,0.0,2143.5,arexp <= 3.296579902275539,0.04254021368994031
