feature,value,importance,min,max,rule,importance_ratio
la,1528.0,0.638829053394478,0.0,9094.0,la > 471.1648215786653,0.7820953599887415
nd,8.0,0.10286304439557799,1.0,46.0,6.501361706446655 < nd <= 43.480788426363866,0.12593151377293457
nuc,1.42857142857143,0.04263516423180421,0.0,480.0,nuc <= 1.924002853214784,0.05219669321686529
age,20.5238095238095,0.014742294993587635,0.0,575.0,7.346025962989069 < age <= 349.3395012011218,0.01804845983257186
arexp,7.0,-0.012067454434715536,0.0,2143.5,3.296579902275539 < arexp <= 18.99314235170766,0.014773749049323
