feature,value,importance,min,max,rule,importance_ratio
la,1402.0,0.5946086154903251,0.0,9094.0,la > 471.1648215786653,0.7544035869669332
nd,9.0,0.1628946662856021,1.0,46.0,6.501361706446655 < nd <= 43.480788426363866,0.20667093839920878
age,100.65,0.013527273419310173,0.0,575.0,7.346025962989069 < age <= 349.3395012011218,0.01716258951444018
ld,15.0,-0.006651887301859116,0.0,9176.0,14.995162564858127 < ld <= 35.749623635583205,0.008439513841359677
nuc,29.0,0.0062821945453003115,0.0,480.0,17.02187028864449 < nuc <= 98.64471611143634,0.00797046994532788
