feature,value,importance,min,max,rule,importance_ratio
la,1821.0,0.7593958174091902,0.0,9094.0,la > 471.1648215786653,0.9430079236670958
arexp,1.0,-0.020366111053255406,0.0,2143.5,arexp <= 3.296579902275539,0.02529037381720961
age,41.2727272727273,0.012317811561208291,0.0,575.0,7.346025962989069 < age <= 349.3395012011218,0.015296099396605665
ns,1.0,-0.011501782804779186,1.0,8.0,ns <= 1.4995095840290027,0.014282765420289851
nuc,40.1818181818182,0.0007012261467112477,0.0,480.0,17.02187028864449 < nuc <= 98.64471611143634,0.0008707735774569589
