feature,value,importance,min,max,rule,importance_ratio
la,866.0,0.5514504287687368,0.0,9094.0,la > 471.1648215786653,0.8722989817926052
nuc,14.1538461538462,-0.0232369256746931,0.0,480.0,4.283044640000675 < nuc <= 17.02187028864449,0.03675678818725831
ld,24.0,-0.022079364245434212,0.0,9176.0,14.995162564858127 < ld <= 35.749623635583205,0.03492572667487643
ns,1.0,0.015286236862958979,1.0,8.0,ns <= 1.4995095840290027,0.02418017677630946
arexp,67.0,-0.009924555416392561,0.0,2143.5,18.99314235170766 < arexp <= 741.0350150255845,0.015698926200480114
