feature,value,importance,min,max,rule,importance_ratio
la,1037.0,0.600974424362914,0.0,9094.0,la > 471.1648215786653,0.7458601736408811
nd,8.0,0.11191984739676547,1.0,46.0,6.501361706446655 < nd <= 43.480788426363866,0.13890201218080941
age,10.0,0.03178424995200761,0.0,575.0,7.346025962989069 < age <= 349.3395012011218,0.03944694687029429
arexp,112.5,-0.020574371907685723,0.0,2143.5,18.99314235170766 < arexp <= 741.0350150255845,0.025534538545273763
ns,1.0,-0.017894155759353627,1.0,8.0,ns <= 1.4995095840290027,0.022208163244179614
