feature,value,importance,min,max,rule,importance_ratio
la,3999.0,0.5729103154795891,0.0,9094.0,la > 471.1648215786653,0.6932665277625352
nd,18.0,0.13289768015697334,1.0,46.0,6.501361706446655 < nd <= 43.480788426363866,0.160816642292424
ld,296.0,0.039969971300654786,0.0,9176.0,106.9077758780692 < ld <= 326.31207862573433,0.048366807979669434
age,30.8524590163934,0.03600463992858998,0.0,575.0,7.346025962989069 < age <= 349.3395012011218,0.043568445238656515
ns,1.0,-0.02329730515351881,1.0,8.0,ns <= 1.4995095840290027,0.028191571025359928
