feature,value,importance,min,max,rule,importance_ratio
la,542.0,0.6341386947004982,0.0,9094.0,la > 471.1648215786653,0.8004368070031472
ld,117.0,-0.04416112015432144,0.0,9176.0,106.9077758780692 < ld <= 326.31207862573433,0.05574204240399212
nd,9.0,0.0403400411829198,1.0,46.0,6.501361706446655 < nd <= 43.480788426363866,0.050918914156598015
arexp,469.333333333333,-0.0292463548727257,0.0,2143.5,18.99314235170766 < arexp <= 741.0350150255845,0.03691599189016829
age,48.2727272727273,0.027413190963656874,0.0,575.0,7.346025962989069 < age <= 349.3395012011218,0.03460209450722831
