feature,value,importance,min,max,rule,importance_ratio
la,146,0.0883986297047006,0.0,9094.0,89.63502906531855 < la <= 198.10918576028968,0.3863912108871053
nd,5,0.046731883847013884,1.0,46.0,4.49814249084984 < nd <= 6.501361706446655,0.2042654874515898
arexp,0.0,-0.04414804829288867,0.0,2143.5,arexp <= 3.296579902275539,0.19297151884792818
ns,1,-0.024669104952681164,1.0,8.0,ns <= 1.4995095840290027,0.1078288811264311
age,4.55555555555556,-0.014695368281773298,0.0,575.0,0.035001551722574575 < age <= 7.346025962989069,0.06423358782590279
