feature,value,importance,min,max,rule,importance_ratio
la,316,0.25542569495766076,0.0,9094.0,295.36187796957415 < la <= 471.1648215786653,0.5269657997693871
nuc,5.75,-0.06405595955871478,0.0,480.0,4.2830446400006785 < nuc <= 17.021870288644497,0.13215310998546528
ld,65,0.05624227075374283,0.0,9176.0,35.749623635583205 < ld <= 71.3286997568262,0.11603277890074934
nd,2,-0.0419605096086959,1.0,46.0,1.4933136674546177 < nd <= 2.4949232752530253,0.08656824251116442
arexp,30.0,0.04121014603959694,0.0,2143.5,18.99314235170766 < arexp <= 741.0350150255845,0.08502017610236562
