feature,value,importance,min,max,rule,importance_ratio
la,678.0,0.4544997741366058,0.0,9094.0,la > 471.1648215786653,0.8154932664344967
arexp,4.0,-0.03214432064429225,0.0,2143.5,3.296579902275539 < arexp <= 18.99314235170766,0.05767544569043705
ld,1.0,0.03140643239202286,0.0,9176.0,ld <= 6.100393534547379,0.05635147825337965
nuc,98.5,-0.018339087651244115,0.0,480.0,17.02187028864449 < nuc <= 98.64471611143634,0.03290519235251933
ns,1.0,-0.011770810860019873,1.0,8.0,ns <= 1.4995095840290027,0.02111995988348972
