feature,value,importance,min,max,rule,importance_ratio
la,1000.0,0.6596188862126274,0.0,9094.0,la > 471.1648215786653,0.7511898066044322
nd,14.0,0.11012814269204249,1.0,46.0,6.501361706446655 < nd <= 43.480788426363866,0.1254165699917114
age,92.2631578947368,0.03860220302128422,0.0,575.0,7.346025962989069 < age <= 349.3395012011218,0.04396111455898517
nuc,100.447368421053,0.029579866181968183,0.0,480.0,98.64471611143634 < nuc <= 253.3978573245908,0.03368626099261664
arexp,9.0,-0.017575618903943123,0.0,2143.5,3.296579902275539 < arexp <= 18.99314235170766,0.02001553630644588
