feature,value,importance,min,max,rule,importance_ratio
la,3880.0,0.76120288898507,0.0,9094.0,la > 471.1648215786653,0.7890178084549915
nd,20.0,0.13371711338584635,1.0,46.0,6.501361706446655 < nd <= 43.480788426363866,0.1386032361192174
arexp,2.0,-0.02466769745980721,0.0,2143.5,arexp <= 3.296579902275539,0.02556907346386804
ns,2.0,0.019921752166417346,1.0,8.0,1.4995095840290027 < ns <= 2.4998972545934754,0.020649707801146288
age,8.54838709677419,0.014097307712704234,0.0,575.0,7.346025962989069 < age <= 349.3395012011218,0.014612433816986873
