feature,value,importance,min,max,rule,importance_ratio
la,721,0.5169544540673765,0.0,9094.0,la > 471.1648215786653,0.6163988275699899
nd,19,0.148390766713895,1.0,46.0,6.501361706446655 < nd <= 43.480788426363866,0.17693607996795677
ld,44,-0.06656043941991059,0.0,9176.0,35.749623635583205 < ld <= 71.3286997568262,0.07936439370658548
arexp,108.5,-0.051529729751601236,0.0,2143.5,18.99314235170766 < arexp <= 741.0350150255845,0.06144228907203818
age,55.6216216216216,0.026269226766506188,0.0,575.0,7.346025962989069 < age <= 349.3395012011218,0.03132252842130307
