feature,value,importance,min,max,rule,importance_ratio
age,380.046153846154,0.16010570143679376,0.0,575.0,age > 349.3395012011218,0.34790835164649975
nd,38.0,0.15805719582434238,1.0,46.0,6.501361706446655 < nd <= 43.480788426363866,0.34345696606453213
la,232.0,0.0669915582616691,0.0,9094.0,198.10918576028968 < la <= 295.36187796957415,0.14557209643311056
arexp,182.000000000001,-0.033927424069018414,0.0,2143.5,18.99314235170766 < arexp <= 741.0350150255845,0.07372400906112513
ns,1.0,-0.020959848265184263,1.0,8.0,ns <= 1.4995095840290027,0.04554557517478395
