feature,value,importance,min,max,rule,importance_ratio
la,4964,0.3585683076268734,0.0,9094.0,la > 471.1648215786653,0.5382453995460799
nd,13,0.185220121169282,1.0,46.0,6.501361706446655 < nd <= 43.480788426363866,0.2780331557536174
ns,2,0.08587266219858457,1.0,8.0,1.4995095840290027 < ns <= 2.4998972545934754,0.12890309710042716
age,0.344262295081967,0.01253738076773475,0.0,575.0,0.035001551722574575 < age <= 7.346025962989069,0.018819810276185647
arexp,2.0,-0.012006269355721523,0.0,2143.5,arexp <= 3.296579902275539,0.01802256113820545
