feature,value,importance,min,max,rule,importance_ratio
la,1297.0,0.6701342518658079,0.0,9094.0,la > 471.1648215786653,0.8392077593608596
ld,40.0,0.04183176298240407,0.0,9176.0,35.749623635583205 < ld <= 71.3286997568262,0.05238583162229951
arexp,110.5,-0.025219893137383508,0.0,2143.5,18.99314235170766 < arexp <= 741.0350150255845,0.03158282083361126
ns,1.0,-0.02302926854620567,1.0,8.0,ns <= 1.4995095840290027,0.028839506117724623
age,44.3333333333333,0.01899555643777331,0.0,575.0,7.346025962989069 < age <= 349.3395012011218,0.023788096656114012
