feature,value,importance,min,max,rule,importance_ratio
la,1748.0,0.6793112709822812,0.0,9094.0,la > 471.1648215786653,0.8322020020696663
arexp,47.0,-0.03787980790083771,0.0,2143.5,18.99314235170766 < arexp <= 741.0350150255845,0.04640531273315758
ld,296.0,0.03484476996537513,0.0,9176.0,106.9077758780692 < ld <= 326.31207862573433,0.042687187104832436
ns,1.0,-0.019974314567093795,1.0,8.0,ns <= 1.4995095840290027,0.02446987895352959
nd,6.0,0.019752473743120922,1.0,46.0,4.49814249084984 < nd <= 6.501361706446655,0.024198109021633635
