feature,value,importance,min,max,rule,importance_ratio
la,779.0,0.6095348320836905,0.0,9094.0,la > 471.1648215786653,0.8956306290063386
arexp,112.5,-0.0372937706438094,0.0,2143.5,18.99314235170766 < arexp <= 741.0350150255845,0.054798251882588134
age,60.5333333333333,0.0122698390565383,0.0,575.0,7.346025962989069 < age <= 349.3395012011218,0.01802890186676828
nd,4.0,0.009507751364290419,1.0,46.0,2.4949232752530253 < nd <= 4.49814249084984,0.013970380176183456
nuc,10.8,-0.00594744271728653,0.0,480.0,4.283044640000675 < nuc <= 17.02187028864449,0.00873897861366376
