feature,value,importance,min,max,rule,importance_ratio
la,574,0.581772354537354,0.0,9094.0,la > 471.1648215786653,0.8943570876708563
arexp,11.0,-0.018744412172966518,0.0,2143.5,3.296579902275539 < arexp <= 18.99314235170766,0.028815734797931345
ns,1,-0.014703456374300703,1.0,8.0,ns <= 1.4995095840290027,0.022603584235405143
ld,23,0.011841543048538534,0.0,9176.0,14.995162564858127 < ld <= 35.749623635583205,0.018203972519185777
nd,3,0.011562037596453311,1.0,46.0,2.4949232752530253 < nd <= 4.49814249084984,0.017774289533795628
