feature,value,importance,min,max,rule,importance_ratio
la,6472.0,0.708997863925517,0.0,9094.0,la > 471.1648215786653,0.7982090032434255
nd,27.0,0.08682009922564016,1.0,46.0,6.501361706446655 < nd <= 43.480788426363866,0.09774441982193874
ns,2.0,0.048013461320705705,1.0,8.0,1.4995095840290027 < ns <= 2.4998972545934754,0.054054855526466626
nuc,51.3333333333333,0.01579734807034468,0.0,480.0,17.02187028864449 < nuc <= 98.64471611143634,0.017785082436361142
age,36.1111111111111,0.014621719769809912,0.0,575.0,7.346025962989069 < age <= 349.3395012011218,0.016461528245719458
