feature,value,importance,min,max,rule,importance_ratio
la,6472,0.4285803675480422,0.0,9094.0,la > 471.1648215786653,0.5595466443952077
nd,27,0.18975168915758137,1.0,46.0,6.501361706446655 < nd <= 43.480788426363866,0.24773631499708254
arexp,113.0,-0.05323050718039979,0.0,2143.5,18.99314235170766 < arexp <= 741.0350150255845,0.06949677103188573
ld,60,0.03388820725008386,0.0,9176.0,35.749623635583205 < ld <= 71.3286997568262,0.044243820032722814
age,36.1111111111111,0.02932859217438584,0.0,575.0,7.346025962989069 < age <= 349.3395012011218,0.038290870461241015
