feature,value,importance,min,max,rule,importance_ratio
la,501,0.4386531370669421,0.0,9094.0,la > 471.1648215786653,0.569501571009939
nd,11,0.1848140960974924,1.0,46.0,6.501361706446655 < nd <= 43.480788426363866,0.2399433839139316
arexp,19.0,-0.04966358558362193,0.0,2143.5,3.296579902275539 < arexp <= 18.99314235170766,0.06447802972749048
age,74.1176470588235,0.036898964889739254,0.0,575.0,7.346025962989069 < age <= 349.3395012011218,0.047905774968024846
ns,1,-0.033475377195857636,1.0,8.0,ns <= 1.4995095840290027,0.043460945089016524
