feature,value,importance,min,max,rule,importance_ratio
la,3465.0,0.7087867491428841,0.0,9094.0,la > 471.1648215786653,0.7549654235001484
nd,22.0,0.131166317587349,1.0,46.0,6.501361706446655 < nd <= 43.480788426363866,0.13971202851356535
ld,6247.0,0.03925879604130669,0.0,9176.0,ld > 326.31207862573433,0.04181657404751529
arexp,6.0,-0.027615741924566676,0.0,2143.5,3.296579902275539 < arexp <= 18.99314235170766,0.02941495495304238
ns,2.0,-0.018373431136115757,1.0,8.0,1.4995095840290027 < ns <= 2.4998972545934754,0.019570491739021117
