feature,value,importance,min,max,rule,importance_ratio
la,612.0,0.5879526430074213,0.0,9094.0,la > 471.1648215786653,0.7074244084891491
nd,12.0,0.0883051471193389,1.0,46.0,6.501361706446655 < nd <= 43.480788426363866,0.10624872123698761
arexp,7.0,-0.05942020752400129,0.0,2143.5,3.296579902275539 < arexp <= 18.99314235170766,0.07149437231025171
age,27.7,0.043867081689326105,0.0,575.0,7.346025962989069 < age <= 349.3395012011218,0.05278085690283222
ld,386.0,-0.025438065279061527,0.0,9176.0,ld > 326.31207862573433,0.03060707098976561
