feature,value,importance,min,max,rule,importance_ratio
la,773.0,0.6496617477178903,0.0,9094.0,la > 471.1648215786653,0.876302286002493
nd,16.0,0.07363700100579479,1.0,46.0,6.501361706446655 < nd <= 43.480788426363866,0.09932595314780127
arexp,18.0,0.010478154875311814,0.0,2143.5,3.296579902275539 < arexp <= 18.99314235170766,0.014133556581679986
ns,1.0,-0.0026922138220660152,1.0,8.0,ns <= 1.4995095840290027,0.0036314176338244505
ld,30.0,0.0023061327981556837,0.0,9176.0,14.995162564858127 < ld <= 35.749623635583205,0.003110648656701727
