feature,value,importance,min,max,rule,importance_ratio
la,773,0.5010156627993546,0.0,9094.0,la > 471.1648215786653,0.591522329573968
nd,16,0.19061098391911196,1.0,46.0,6.501361706446655 < nd <= 43.480788426363866,0.22504416852008347
arexp,18.0,-0.04007871076043053,0.0,2143.5,3.296579902275539 < arexp <= 18.99314235170766,0.04731878485169319
age,64.1333333333333,0.03976939264544861,0.0,575.0,7.346025962989069 < age <= 349.3395012011218,0.0469535895383746
ns,1,0.0380343735695475,1.0,8.0,ns <= 1.4995095840290027,0.04490514554383364
