feature,value,importance,min,max,rule,importance_ratio
la,456,0.35364339241611153,0.0,9094.0,295.36187796957415 < la <= 471.1648215786653,0.47721195825576695
nd,11,0.21195860321865712,1.0,46.0,6.501361706446655 < nd <= 43.480788426363866,0.2860202743223211
arexp,5.0,-0.05679673470432713,0.0,2143.5,3.296579902275539 < arexp <= 18.99314235170766,0.07664240749871962
ns,1,-0.05120838472264611,1.0,8.0,ns <= 1.4995095840290027,0.06910140010153154
ld,27,0.040552017269272746,0.0,9176.0,14.995162564858127 < ld <= 35.749623635583205,0.05472153018349362
