feature,value,importance,min,max,rule,importance_ratio
la,843.0,0.6192051854989371,0.0,9094.0,la > 471.1648215786653,0.8372706218039591
age,15.8,0.03136238451796495,0.0,575.0,7.346025962989069 < age <= 349.3395012011218,0.042407272745064
ld,114.0,0.023889250553767064,0.0,9176.0,106.9077758780692 < ld <= 326.31207862573433,0.03230232584287274
ns,1.0,-0.020634356807559203,1.0,8.0,ns <= 1.4995095840290027,0.02790115644924538
nuc,17.9,-0.018520470535730613,0.0,480.0,17.02187028864449 < nuc <= 98.64471611143634,0.025042823032979417
