feature,value,importance,min,max,rule,importance_ratio
la,216,0.1962004794031782,0.0,9094.0,198.10918576028968 < la <= 295.36187796957415,0.4492744173670561
nd,7,0.13138746533989873,1.0,46.0,6.501361706446655 < nd <= 43.480788426363866,0.30086076812593704
nuc,8.375,-0.0395347301493903,0.0,480.0,4.2830446400006785 < nuc <= 17.021870288644497,0.09052955888620216
ns,1,-0.034133078968415206,1.0,8.0,ns <= 1.4995095840290027,0.07816045716670175
ld,182,0.01788867940354004,0.0,9176.0,106.9077758780692 < ld <= 326.31207862573433,0.0409628255799324
