feature,value,importance,min,max,rule,importance_ratio
la,1503.0,0.5874070177360964,0.0,9094.0,la > 471.1648215786653,0.665179954943943
nd,20.0,0.1662146349939759,1.0,46.0,6.501361706446655 < nd <= 43.480788426363866,0.18822152285894064
ns,2.0,0.06376456667481453,1.0,8.0,1.4995095840290027 < ns <= 2.4998972545934754,0.07220702223007637
nuc,5.28260869565217,-0.023251742771917182,0.0,480.0,4.283044640000675 < nuc <= 17.02187028864449,0.02633028333403514
age,20.9347826086957,0.019842906969745125,0.0,575.0,7.346025962989069 < age <= 349.3395012011218,0.02247011623211805
