feature,value,importance,min,max,rule,importance_ratio
la,422,0.32270784006221515,0.0,9094.0,295.36187796957415 < la <= 471.1648215786653,0.42065536079952387
nd,33,0.23096442568093414,1.0,46.0,6.501361706446655 < nd <= 43.480788426363866,0.3010662021658268
nuc,3.93846153846154,-0.06523379640778025,0.0,480.0,2.867619567929143 < nuc <= 4.2830446400006785,0.08503340408137317
ld,587,0.053681931208660695,0.0,9176.0,ld > 326.31207862573433,0.06997534406552025
ns,2,0.0528226080718838,1.0,8.0,1.4995095840290027 < ns <= 2.4998972545934754,0.06885520120170084
