feature,value,importance,min,max,rule,importance_ratio
la,481,0.35395540116292884,0.0,9094.0,la > 471.1648215786653,0.5647482324972931
nuc,117.909090909091,0.15645925096148913,0.0,480.0,98.64471611143635 < nuc <= 253.39785732459083,0.24963621164712346
age,32.9090909090909,0.039624063472835445,0.0,575.0,7.346025962989069 < age <= 349.3395012011218,0.06322158028136363
arexp,69.5,-0.025569086788315813,0.0,2143.5,18.99314235170766 < arexp <= 741.0350150255845,0.04079637299735494
ns,1,0.023017794200284027,1.0,8.0,ns <= 1.4995095840290027,0.03672569636707754
