feature,value,importance,min,max,rule,importance_ratio
la,528.0,0.4679276631134101,0.0,9094.0,la > 471.1648215786653,0.686492565774576
nd,9.0,0.15639447047432914,1.0,46.0,6.501361706446655 < nd <= 43.480788426363866,0.2294449543643608
ld,53.0,-0.04158901569321481,0.0,9176.0,35.749623635583205 < ld <= 71.3286997568262,0.061014879738696785
age,70.0666666666667,0.007915817867736165,0.0,575.0,7.346025962989069 < age <= 349.3395012011218,0.01161322688654416
arexp,24.5,-0.006389318465909314,0.0,2143.5,18.99314235170766 < arexp <= 741.0350150255845,0.009373713018009558
