feature,value,importance,min,max,rule,importance_ratio
la,1568.0,0.6123236547465338,0.0,9094.0,la > 471.1648215786653,0.6717379119146623
nd,16.0,0.1352495349703301,1.0,46.0,6.501361706446655 < nd <= 43.480788426363866,0.14837290623045774
ns,2.0,0.07483328319466889,1.0,8.0,1.4995095840290027 < ns <= 2.4998972545934754,0.0820944169072051
arexp,38.0,-0.03577793644126842,0.0,2143.5,18.99314235170766 < arexp <= 741.0350150255845,0.03924949841701211
age,27.53125,0.024151793132232757,0.0,575.0,7.346025962989069 < age <= 349.3395012011218,0.02649526106313264
