feature,value,importance,min,max,rule,importance_ratio
la,2615.0,0.5517509819647162,0.0,9094.0,la > 471.1648215786653,0.6523400038428591
nd,7.0,0.16324639835325785,1.0,46.0,6.501361706446655 < nd <= 43.480788426363866,0.19300764223362485
arexp,29.0,-0.055546790415976266,0.0,2143.5,18.99314235170766 < arexp <= 741.0350150255845,0.06567345534100681
nuc,55.70588235294121,0.02933176459691528,0.0,480.0,17.02187028864449 < nuc <= 98.64471611143634,0.03467920140664683
ns,1.0,-0.02151639091987078,1.0,8.0,ns <= 1.4995095840290027,0.02543901686476844
