feature,value,importance,min,max,rule,importance_ratio
la,1646.0,0.6713260395229791,0.0,9094.0,la > 471.1648215786653,0.8164675309095449
nd,13.0,0.09445417012008908,1.0,46.0,6.501361706446655 < nd <= 43.480788426363866,0.1148752744893631
nuc,61.5757575757576,0.02273053803320283,0.0,480.0,17.02187028864449 < nuc <= 98.64471611143634,0.027644907498898474
ld,235.0,0.01483815208327667,0.0,9176.0,106.9077758780692 < ld <= 326.31207862573433,0.018046178282167674
age,44.3939393939394,0.009615267036882405,0.0,575.0,7.346025962989069 < age <= 349.3395012011218,0.011694099252008225
