feature,value,importance,min,max,rule,importance_ratio
la,483,0.5242517106497432,0.0,9094.0,la > 471.1648215786653,0.7109562557402714
ld,544,-0.08419943871886176,0.0,9176.0,ld > 326.31207862573433,0.1141858318646265
age,10.6363636363636,0.05508899191713562,0.0,575.0,7.346025962989069 < age <= 349.3395012011218,0.07470812708912618
arexp,201.666666666667,-0.03879428844626916,0.0,2143.5,18.99314235170766 < arexp <= 741.0350150255845,0.05261030435872952
nuc,89.1818181818182,0.024584866943829546,0.0,480.0,17.021870288644497 < nuc <= 98.64471611143635,0.03334040613543277
