feature,value,importance,min,max,rule,importance_ratio
la,146,0.10942641063665431,0.0,9094.0,89.63502906531855 < la <= 198.10918576028968,0.3194125631551777
nd,6,0.07421168549986268,1.0,46.0,4.49814249084984 < nd <= 6.501361706446655,0.21662178758915582
ld,82,0.05218932053164171,0.0,9176.0,71.3286997568262 < ld <= 106.9077758780692,0.15233913406600336
ns,2,0.049803686836732385,1.0,8.0,1.4995095840290027 < ns <= 2.4998972545934754,0.1453755375374602
arexp,26.0,-0.032788578440011755,0.0,2143.5,18.99314235170766 < arexp <= 741.0350150255845,0.09570892274365259
