feature,value,importance,min,max,rule,importance_ratio
la,1129.0,0.7502544171443596,0.0,9094.0,la > 471.1648215786653,0.7948182713779459
nd,10.0,0.11498806127865913,1.0,46.0,6.501361706446655 < nd <= 43.480788426363866,0.12181815928851712
ns,1.0,-0.028827020247246603,1.0,8.0,ns <= 1.4995095840290027,0.030539296908244598
arexp,60.5,-0.018487619284426608,0.0,2143.5,18.99314235170766 < arexp <= 741.0350150255845,0.019585752866969317
age,325.52,0.016112003001492996,0.0,575.0,7.346025962989069 < age <= 349.3395012011218,0.017069028960637046
