feature,value,importance,min,max,rule,importance_ratio
la,1603,0.44782137089291313,0.0,9094.0,la > 471.1648215786653,0.5054200384585201
nd,8,0.2567212044062028,1.0,46.0,6.501361706446655 < nd <= 43.480788426363866,0.2897406185537492
ns,1,-0.06353090545855161,1.0,8.0,ns <= 1.4995095840290027,0.07170223389773002
ld,1238,0.040055175812429074,0.0,9176.0,ld > 326.31207862573433,0.04520706204622327
nuc,37.0,0.03777798332958746,0.0,480.0,17.021870288644497 < nuc <= 98.64471611143635,0.042636977661995694
