feature,value,importance,min,max,rule,importance_ratio
la,1750.0,0.6825656310307582,0.0,9094.0,la > 471.1648215786653,0.776252741254921
nd,15.0,0.13990354451938844,1.0,46.0,6.501361706446655 < nd <= 43.480788426363866,0.15910632620112297
ns,1.0,-0.029754848529756038,1.0,8.0,ns <= 1.4995095840290027,0.03383891846703201
ld,61.0,0.009791170072112512,0.0,9176.0,35.749623635583205 < ld <= 71.3286997568262,0.011135079563107955
nuc,54.0,-0.008485655501344062,0.0,480.0,17.02187028864449 < nuc <= 98.64471611143634,0.009650373597504503
