feature,value,importance,min,max,rule,importance_ratio
la,1316.0,0.4662999689428471,0.0,9094.0,la > 471.1648215786653,0.5851449406325766
nd,10.0,0.2206791022223455,1.0,46.0,6.501361706446655 < nd <= 43.480788426363866,0.27692315841558984
ld,90.0,0.04356057695230307,0.0,9176.0,71.3286997568262 < ld <= 106.9077758780692,0.05466277699409477
nuc,28.125,-0.019729774403093592,0.0,480.0,17.02187028864449 < nuc <= 98.64471611143634,0.0247582638659951
ns,1.0,0.0186777084859103,1.0,8.0,ns <= 1.4995095840290027,0.02343805994222596
