feature,value,importance,min,max,rule,importance_ratio
la,966.0,0.6870155548477818,0.0,9094.0,la > 471.1648215786653,0.7239350512137414
nd,9.0,0.1151806596615618,1.0,46.0,6.501361706446655 < nd <= 43.480788426363866,0.12137034767633469
ns,1.0,-0.08148347637293915,1.0,8.0,ns <= 1.4995095840290027,0.08586231305081178
arexp,12.0,-0.024222203330011134,0.0,2143.5,3.296579902275539 < arexp <= 18.99314235170766,0.02552387916763612
ld,355.0,-0.02058493556580849,0.0,9176.0,ld > 326.31207862573433,0.021691148443308425
