feature,value,importance,min,max,rule,importance_ratio
la,265,0.18667592190957377,0.0,9094.0,198.10918576028968 < la <= 295.36187796957415,0.411611109424205
ld,6,-0.05460102768590732,0.0,9176.0,6.100393534547379 < ld <= 9.065316544650969,0.12039254635305718
nuc,55.4285714285714,-0.05346482470134274,0.0,480.0,17.021870288644497 < nuc <= 98.64471611143635,0.11788727536672043
arexp,15.0,0.05058574375646109,0.0,2143.5,3.296579902275539 < arexp <= 18.99314235170766,0.11153904529118412
ns,1,-0.04904498287084604,1.0,8.0,ns <= 1.4995095840290027,0.10814174428418742
