feature,value,importance,min,max,rule,importance_ratio
la,734.0,0.47547251553584957,0.0,9094.0,la > 471.1648215786653,0.8419455190160383
ld,355.0,0.034792762857229494,0.0,9176.0,ld > 326.31207862573433,0.0616094723137017
nd,5.0,0.021571477172733573,1.0,46.0,4.49814249084984 < nd <= 6.501361706446655,0.038197809443667866
ns,1.0,0.01675522170919141,1.0,8.0,ns <= 1.4995095840290027,0.02966939912872907
arexp,40.0,-0.008743132205910843,0.0,2143.5,18.99314235170766 < arexp <= 741.0350150255845,0.015481948466853966
