feature,value,importance,min,max,rule,importance_ratio
la,566.0,0.5912997114808753,0.0,9094.0,la > 471.1648215786653,0.832536085512525
nd,6.0,-0.03560993174966451,1.0,46.0,4.49814249084984 < nd <= 6.501361706446655,0.05013794630473575
ld,8.0,-0.030641998100582858,0.0,9176.0,6.100393534547379 < ld <= 9.065316544650969,0.04314321258004974
age,46.8,0.019728421571379322,0.0,575.0,7.346025962989069 < age <= 349.3395012011218,0.027777153530554745
ns,1.0,-0.014555938172998224,1.0,8.0,ns <= 1.4995095840290027,0.020494418570170782
