feature,value,importance,min,max,rule,importance_ratio
la,2189.0,0.734259798100574,0.0,9094.0,la > 471.1648215786653,0.7896726340483935
nd,18.0,0.13669065829088628,1.0,46.0,6.501361706446655 < nd <= 43.480788426363866,0.14700637630114136
ns,1.0,-0.01869012743230823,1.0,8.0,ns <= 1.4995095840290027,0.020100626778628807
age,89.86,0.016638724297724866,0.0,575.0,7.346025962989069 < age <= 349.3395012011218,0.017894409141530707
arexp,1.0,-0.013668804678776257,0.0,2143.5,arexp <= 3.296579902275539,0.014700356771410465
