feature,value,importance,min,max,rule,importance_ratio
la,3919.0,0.638388919809437,0.0,9094.0,la > 471.1648215786653,0.7484416899807933
nd,23.0,0.15145842446953894,1.0,46.0,6.501361706446655 < nd <= 43.480788426363866,0.177568556806481
ld,476.0,0.026495886116787565,0.0,9176.0,ld > 326.31207862573433,0.031063549456194644
age,22.1269841269841,0.020444637810247624,0.0,575.0,7.346025962989069 < age <= 349.3395012011218,0.02396911788242594
arexp,15.0,-0.009811463729349598,0.0,2143.5,3.296579902275539 < arexp <= 18.99314235170766,0.011502875859705854
