feature,value,importance,min,max,rule,importance_ratio
la,1822,0.5119499205587278,0.0,9094.0,la > 471.1648215786653,0.6274316293811482
nd,20,0.1257435361028008,1.0,46.0,6.501361706446655 < nd <= 43.480788426363866,0.1541077917445973
ld,199,0.05378751371118735,0.0,9176.0,106.9077758780692 < ld <= 326.31207862573433,0.06592048560402064
ns,1,-0.04941664488690893,1.0,8.0,ns <= 1.4995095840290027,0.06056366995057691
age,22.468085106383,0.046997288104967706,0.0,575.0,7.346025962989069 < age <= 349.3395012011218,0.05759857335266937
