feature,value,importance,min,max,rule,importance_ratio
la,3858.0,0.733608606116309,0.0,9094.0,la > 471.1648215786653,0.8085888118391182
nd,26.0,0.1256916185251214,1.0,46.0,6.501361706446655 < nd <= 43.480788426363866,0.13853822819691727
age,67.21428571428571,0.022585450842051172,0.0,575.0,7.346025962989069 < age <= 349.3395012011218,0.02489385035694305
arexp,19.0,-0.012557164931878601,0.0,2143.5,3.296579902275539 < arexp <= 18.99314235170766,0.013840599725360603
nuc,7.96938775510204,-0.005278538684217362,0.0,480.0,4.283044640000675 < nuc <= 17.02187028864449,0.005818044236849436
