feature,value,importance,min,max,rule,importance_ratio
la,229,0.13332280060848462,0.0,9094.0,198.10918576028968 < la <= 295.36187796957415,0.46810578058911406
nd,5,0.0420116699238385,1.0,46.0,4.49814249084984 < nd <= 6.501361706446655,0.14750594387303242
arexp,6.0,0.04186218513806119,0.0,2143.5,3.296579902275539 < arexp <= 18.99314235170766,0.14698109221965341
ns,2,0.024791951714921896,1.0,8.0,1.4995095840290027 < ns <= 2.4998972545934754,0.08704629558391218
age,5.5,-0.021831854631212993,0.0,575.0,0.035001551722574575 < age <= 7.346025962989069,0.0766531854057201
