feature,value,importance,min,max,rule,importance_ratio
la,8454.0,0.6243808478284791,0.0,9094.0,la > 471.1648215786653,0.7633419627950633
nd,14.0,0.11307710133682819,1.0,46.0,6.501361706446655 < nd <= 43.480788426363866,0.13824334423746182
ns,1.0,-0.03224723613657404,1.0,8.0,ns <= 1.4995095840290027,0.03942412489559638
nuc,0.6190476190476191,0.02351813481338715,0.0,480.0,nuc <= 1.924002853214784,0.028752289972003547
arexp,105.5,-0.014067974870671917,0.0,2143.5,18.99314235170766 < arexp <= 741.0350150255845,0.017198918877281612
