feature,value,importance,min,max,rule,importance_ratio
la,1321.0,0.6806979283000955,0.0,9094.0,la > 471.1648215786653,0.7792261282577788
nd,15.0,0.1383372791571677,1.0,46.0,6.501361706446655 < nd <= 43.480788426363866,0.15836102616112546
ns,1.0,-0.029825283334246177,1.0,8.0,ns <= 1.4995095840290027,0.03414236931023821
nuc,42.4,-0.008892187736189201,0.0,480.0,17.02187028864449 < nuc <= 98.64471611143634,0.01017929500493096
ld,66.0,0.0086364528572418,0.0,9176.0,35.749623635583205 < ld <= 71.3286997568262,0.009886543563656112
