feature,value,importance,min,max,rule,importance_ratio
la,568,0.485045203584634,0.0,9094.0,la > 471.1648215786653,0.5529797103717923
nd,8,0.1834195587629877,1.0,46.0,6.501361706446655 < nd <= 43.480788426363866,0.20910895259184056
ns,1,-0.08548270366242677,1.0,8.0,ns <= 1.4995095840290027,0.09745524821955791
arexp,27.0,-0.04745467479677834,0.0,2143.5,18.99314235170766 < arexp <= 741.0350150255845,0.054101086106980306
age,6.857142857142861,-0.03463206188033291,0.0,575.0,0.035001551722574575 < age <= 7.346025962989069,0.039482562463527
