feature,value,importance,min,max,rule,importance_ratio
la,639,0.49480197727112185,0.0,9094.0,la > 471.1648215786653,0.6133467476973142
nd,11,0.1676469365315906,1.0,46.0,6.501361706446655 < nd <= 43.480788426363866,0.20781182777433976
ns,1,-0.05009431486944849,1.0,8.0,ns <= 1.4995095840290027,0.0620959222369192
ld,561,-0.04459825248718713,0.0,9176.0,ld > 326.31207862573433,0.05528311197716056
arexp,909.916666666693,0.03101210258917466,0.0,2143.5,741.0350150255845 < arexp <= 1860.7231364184076,0.03844198919177575
