feature,value,importance,min,max,rule,importance_ratio
la,1409.0,0.45006530635006825,0.0,8960.0,la > 476.1618029404084,0.6597971276211961
nuc,1.45454545454545,-0.048678908201272526,0.0,258.0,0.8856902796551935 < nuc <= 2.0897306900690538,0.0713634296040438
aexp,72.0,-0.047088203611709005,0.0,1406.0,0.37596446854337273 < aexp <= 288.3855622881154,0.06903145176820609
nd,3.0,0.04304337349704073,1.0,32.0,2.4981375058546607 < nd <= 3.5021749794480725,0.06310171834125754
ns,1.0,0.03826319907797528,1.0,22.0,ns <= 1.5032147725771707,0.05609396789542665
