feature,value,importance,min,max,rule,importance_ratio
la,2599,0.46534647917519495,0.0,8960.0,la > 476.1618029404084,0.5421457977635253
nd,5,0.20559318480196304,1.0,32.0,3.5021749794480725 < nd <= 9.505482373642016,0.23952363706880184
nuc,8.20833333333333,-0.04997042285472272,0.0,258.0,2.691750895275984 < nuc <= 12.62508428119034,0.05821738419762483
asexp,120.0,0.04493237822132661,0.0,1051.0,0.4721763844552811 < asexp <= 271.98033519339464,0.05234787653146181
ld,1727,-0.031576465689815064,0.0,6029.0,41.046938775510206 < ld <= 2168.054608676072,0.03678774622363125
