feature,value,importance,min,max,rule,importance_ratio
la,418,0.11469133558557752,0.0,8960.0,143.122304060467 < la <= 476.1618029404084,0.29856061104341924
nd,3,0.059862601196845645,1.0,32.0,2.4981375058546607 < nd <= 3.5021749794480725,0.15583230154855957
nuc,0.7142857142857142,-0.05646551255399671,0.0,258.0,nuc <= 0.8856902796551935,0.14698911513173682
asexp,124.0,0.043770678619592815,0.0,1051.0,0.4721763844552811 < asexp <= 271.98033519339464,0.11394235220758984
ld,150,-0.03536655066897034,0.0,6029.0,41.046938775510206 < ld <= 2168.054608676072,0.09206501017984169
