feature,value,importance,min,max,rule,importance_ratio
nuc,1.6666666666666698,-0.06250582685099458,0.0,258.0,0.8856902796551935 < nuc <= 2.0897306900690538,0.22943766450263597
nd,3,0.05645539740607683,1.0,32.0,2.4981375058546607 < nd <= 3.5021749794480725,0.20722859262859802
asexp,9.0,0.04359303946057258,0.0,1051.0,0.4721763844552811 < asexp <= 271.98033519339464,0.16001524443870108
ld,172,-0.035632015828418184,0.0,6029.0,41.046938775510206 < ld <= 2168.054608676072,0.1307930301071306
ns,1,0.03507036044350525,1.0,22.0,ns <= 1.5032147725771707,0.12873138391729697
