feature,value,importance,min,max,rule,importance_ratio
nuc,10.6,-0.05303155274574849,0.0,258.0,2.691750895275984 < nuc <= 12.62508428119034,0.2949664269700109
asexp,0.001953125,0.039646259865240195,0.0,1051.0,asexp <= 0.4721763844552811,0.22051618347365798
ns,2,-0.03518454726193825,1.0,22.0,1.5032147725771707 < ns <= 5.499821160683655,0.1956997231472432
age,26.6,-0.01645538016683305,0.0,1848.0,5.089545732629134 < age <= 69.01912192572016,0.09152635442365113
aexp,450,0.016059088657043103,0.0,1406.0,288.3855622881154 < aexp <= 796.002478445111,0.0893221442010745
