feature,value,importance,min,max,rule,importance_ratio
nd,10.0,0.579968310377915,1.0,32.0,nd > 9.505482373642016,0.4736165089964673
la,1919.0,0.4521790637689146,0.0,8960.0,la > 476.1618029404084,0.36926064026493993
aexp,35.0,-0.04732051249553503,0.0,1406.0,0.37596446854337273 < aexp <= 288.3855622881154,0.03864310434039957
ns,5.0,-0.041783179142919416,1.0,22.0,1.5032147725771707 < ns <= 5.499821160683655,0.03412118056510466
nuc,7.3953488372092995,-0.04004913332974367,0.0,258.0,2.691750895275984 < nuc <= 12.62508428119034,0.03270511573918152
