feature,value,importance,min,max,rule,importance_ratio
nd,5,0.20254577027632517,1.0,32.0,3.5021749794480725 < nd <= 9.505482373642016,0.430398945755142
aexp,46,-0.07453931053719154,0.0,1406.0,0.37596446854337273 < aexp <= 288.3855622881154,0.1583920544415945
nuc,3.85714285714286,-0.049501949032909706,0.0,258.0,2.691750895275984 < nuc <= 12.62508428119034,0.1051889982571482
la,24,-0.045239786978498064,0.0,8960.0,9.906504508490485 < la <= 23.228084463688134,0.09613213149387934
asexp,1.3435388752605302,0.044299191217069545,0.0,1051.0,0.4721763844552811 < asexp <= 271.98033519339464,0.09413341572929786
