feature,value,importance,min,max,rule,importance_ratio
nuc,184.0,0.1201379362384936,0.0,258.0,nuc > 28.879629821777467,0.36230879169763336
asexp,0.9394770115613952,0.08941697680284773,0.0,1051.0,0.4721763844552811 < asexp <= 0.4721763844552811,0.2696613395986973
aexp,273.0,-0.05253365817707868,0.0,1406.0,0.37596446854337273 < aexp <= 288.3855622881154,0.1584296086109672
ns,2.0,-0.03987802830681708,1.0,22.0,1.5032147725771707 < ns <= 5.499821160683655,0.12026309676607844
age,2.75,-0.015249301213374344,0.0,1848.0,0.41177186484198103 < age <= 5.089545732629134,0.04598843687378618
