feature,value,importance,min,max,rule,importance_ratio
nuc,84.0,0.1619112173343141,0.0,258.0,nuc > 28.879629821777467,0.3741822314816002
nd,1,-0.11679871181065497,1.0,32.0,nd <= 1.4941000322612483,0.26992572435081646
asexp,35.0,0.04261653823244239,0.0,1051.0,0.4721763844552811 < asexp <= 271.98033519339464,0.09848824334950315
ns,1,0.03895529340172692,1.0,22.0,ns <= 1.5032147725771707,0.09002698425138354
ld,62,-0.03415185749711506,0.0,6029.0,41.046938775510206 < ld <= 2168.054608676072,0.07892608342957502
