feature,value,importance,min,max,rule,importance_ratio
la,58.0,0.10800507378904212,0.0,8851.0,33.715042481948714 < la <= 63.87907576461171,0.4061704617488496
nuc,393.928571428571,0.05808757715639099,0.0,2540.0,98.92887678384466 < nuc <= 651.0101726634492,0.21844768220395386
ld,1046.0,0.03759841223159753,0.0,9293.0,ld > 956.0803284937488,0.1413948800864664
asexp,0.332345083714833,0.029414872627848903,0.0,3637.0,-0.6613834552044295 < asexp <= -0.6613834552044295,0.11061936239100223
ent,1.81319143219498,0.016960904762720677,0.0,6.25828457562083,0.9973314650826041 < ent <= 2.005709603206336,0.06378421195848911
