feature,value,importance,min,max,rule,importance_ratio
nuc,683.428571428571,0.07311169561081407,0.0,2540.0,nuc > 651.0101726634492,0.34460451848628204
la,17.0,0.04551724345234556,0.0,8851.0,16.957246213802605 < la <= 33.715042481948714,0.21454088339319483
asexp,1.25720880955949,0.03196650300899426,0.0,3637.0,-0.6613834552044295 < asexp <= -0.6613834552044295,0.1506708507451903
ld,16.0,0.025009354298614332,0.0,9293.0,6.605575463515187 < ld <= 18.97658201765504,0.11787904005952321
ent,2.6455680751545096,0.020214952896697298,0.0,6.25828457562083,2.005709603206336 < ent <= 3.1894578523081085,0.095281118171179
