feature,value,importance,min,max,rule,importance_ratio
la,2335.0,0.2188050749928366,0.0,8851.0,la > 127.55870158356693,0.6413326710429652
asexp,0.4154459032189579,0.035169348451278136,0.0,3637.0,-0.6613834552044295 < asexp <= -0.6613834552044295,0.10308377071161356
ld,1833.0,0.028341661498685985,0.0,9293.0,ld > 956.0803284937488,0.08307135230452459
ent,3.16110056604867,0.027646884025414126,0.0,6.25828457562083,2.005709603206336 < ent <= 3.1894578523081085,0.08103491191241526
nuc,65.28571428571429,-0.010776523089407738,0.0,2540.0,47.171255295131715 < nuc <= 98.92887678384466,0.03158672776539722
