feature,value,importance,min,max,rule,importance_ratio
la,2335,0.22958737960886555,0.0,8851.0,la > 127.55870158356693,0.6517759554105965
asexp,0.4154459032189579,0.033880289682383824,0.0,3637.0,-0.6613834552044295 < asexp <= -0.6613834552044295,0.0961828050607307
ent,3.16110056604867,0.03095254558980963,0.0,6.25828457562083,2.005709603206336 < ent <= 3.1894578523081085,0.08787122797671928
ld,1833,0.020363917102156764,0.0,9293.0,ld > 956.0803284937488,0.05781115472362786
nuc,65.28571428571429,-0.013955777019428182,0.0,2540.0,47.171255295131715 < nuc <= 98.92887678384466,0.03961907625685452
