feature,value,importance,min,max,rule,importance_ratio
la,722.0,0.21769836149131125,0.0,8851.0,la > 127.55870158356693,0.6594069337805074
asexp,1.16909826683098,0.03292180980076604,0.0,3637.0,-0.6613834552044295 < asexp <= -0.6613834552044295,0.09971994968871015
ent,3.16433398422954,0.028030102925522875,0.0,6.25828457562083,2.005709603206336 < ent <= 3.1894578523081085,0.08490300109313763
age,0.0,-0.015061885837907138,0.0,918.0,age <= -0.000177132590621909,0.045622355121505115
ld,1.0,-0.014801438470669273,0.0,9293.0,0.42007218644526745 < ld <= 0.42007218644526745,0.04483346172485738
