feature,value,importance,min,max,rule,importance_ratio
nuc,1289.0,0.07363061476787433,0.0,2540.0,nuc > 651.0101726634492,0.3576376899849234
la,24.0,0.044670263799604,0.0,8851.0,16.957246213802605 < la <= 33.715042481948714,0.21697183986134377
asexp,1.75,0.031152663822682388,0.0,3637.0,-0.6613834552044295 < asexp <= -0.6613834552044295,0.15131432436826667
ld,11.0,0.0249982003412527,0.0,9293.0,6.605575463515187 < ld <= 18.97658201765504,0.12142094225358376
ent,1.7256531421256998,0.01781057728974437,0.0,6.25828457562083,0.9973314650826041 < ent <= 2.005709603206336,0.08650931055354007
