feature,value,importance,min,max,rule,importance_ratio
la,1261.0,0.21942369188697947,0.0,8851.0,la > 127.55870158356693,0.6521613930486453
asexp,0.498015385552507,0.03542582490215588,0.0,3637.0,-0.6613834552044295 < asexp <= -0.6613834552044295,0.10529107007272223
ent,4.569705407963401,0.029280019749686068,0.0,6.25828457562083,ent > 3.1894578523081085,0.08702477979580574
ld,617.0,0.021241152161478247,0.0,9293.0,49.90409840300467 < ld <= 956.0803284937488,0.06313201306777351
nuc,77.8666666666667,-0.010438013465798219,0.0,2540.0,47.171255295131715 < nuc <= 98.92887678384466,0.03102340200356198
