feature,value,importance,min,max,rule,importance_ratio
la,90.0,0.1699706564874057,0.0,8851.0,63.87907576461171 < la <= 127.55870158356693,0.5370491970159691
nuc,678.0,0.0735309444981458,0.0,2540.0,nuc > 651.0101726634492,0.2323326597345999
asexp,1.0280488864184398,0.03369896899847002,0.0,3637.0,-0.6613834552044295 < asexp <= -0.6613834552044295,0.10647722739269036
ent,2.35084262052341,0.013924199160284319,0.0,6.25828457562083,2.005709603206336 < ent <= 3.1894578523081085,0.04399571156963331
age,71.1428571428571,0.009334599690950084,0.0,918.0,6.104315757675584 < age <= 152.17610991761703,0.02949414547246697
