feature,value,importance,min,max,rule,importance_ratio
la,158,0.23053741742442624,0.0,8851.0,la > 127.55870158356693,0.5914060997221233
nuc,16.952380952381002,-0.05143048781811327,0.0,2540.0,16.979309426715872 < nuc <= 47.171255295131715,0.1319365183627403
asexp,0.227547918446589,0.03348832024536942,0.0,3637.0,-0.6613834552044295 < asexp <= -0.6613834552044295,0.08590881724894746
ent,2.67007388497511,0.02902862237367711,0.0,6.25828457562083,2.005709603206336 < ent <= 3.1894578523081085,0.07446819058754567
ld,261,0.017100958167294674,0.0,9293.0,49.90409840300467 < ld <= 956.0803284937488,0.04386971574601911
