feature,value,importance,min,max,rule,importance_ratio
la,133,0.22829751323866346,0.0,8851.0,la > 127.55870158356693,0.5907403300354832
nuc,560.0,0.0594491418861757,0.0,2540.0,98.92887678384466 < nuc <= 651.0101726634492,0.15382999665638977
asexp,1.66426022112117,0.033421385459236126,0.0,3637.0,-0.6613834552044295 < asexp <= -0.6613834552044295,0.08648083807988058
ent,2.10954284608055,0.029105912418008494,0.0,6.25828457562083,2.005709603206336 < ent <= 3.1894578523081085,0.07531416380266687
ld,21,0.01617377956421171,0.0,9293.0,18.97658201765504 < ld <= 49.90409840300467,0.04185110797810246
