feature,value,importance,min,max,rule,importance_ratio
la,258.0,0.22004995771111044,0.0,8851.0,la > 127.55870158356693,0.579048232110465
nuc,402.714285714286,0.05920561820038411,0.0,2540.0,98.92887678384466 < nuc <= 651.0101726634492,0.15579602425985206
asexp,1.9999846126047096,-0.04405241782958171,0.0,3637.0,-0.6613834552044295 < asexp <= 657.0745303166113,0.11592128864618673
ent,3.1146717299432702,0.024455417053445803,0.0,6.25828457562083,2.005709603206336 < ent <= 3.1894578523081085,0.06435295947165237
ld,77.0,0.018714032346395487,0.0,9293.0,49.90409840300467 < ld <= 956.0803284937488,0.049244850844573605
