feature,value,importance,min,max,rule,importance_ratio
la,72.0,0.17270549142625022,0.0,8851.0,63.87907576461171 < la <= 127.55870158356693,0.5153389831456623
nuc,1478.0,0.07421891237687263,0.0,2540.0,nuc > 651.0101726634492,0.2214631307818455
asexp,0.931136402980458,0.034156516670842504,0.0,3637.0,-0.6613834552044295 < asexp <= -0.6613834552044295,0.10192023671966698
ent,1.06045336442943,0.01981043622401737,0.0,6.25828457562083,0.9973314650826041 < ent <= 2.005709603206336,0.05911271248555901
arexp,374.166666666666,-0.017185387728463744,0.0,2480.61666666637,346.65992743262416 < arexp <= 530.7095285027044,0.05127978365836921
