feature,value,importance,min,max,rule,importance_ratio
la,518,0.22826916815055123,0.0,8851.0,la > 127.55870158356693,0.5947432501308955
nuc,374.307692307692,0.05972465536863615,0.0,2540.0,98.92887678384466 < nuc <= 651.0101726634492,0.1556094322097109
asexp,1.48209948469796,0.03245282084650798,0.0,3637.0,-0.6613834552044295 < asexp <= -0.6613834552044295,0.08455410909211405
ent,2.41433563125555,0.027931381946642547,0.0,6.25828457562083,2.005709603206336 < ent <= 3.1894578523081085,0.07277373906509105
ld,231,0.01542445833214452,0.0,9293.0,49.90409840300467 < ld <= 956.0803284937488,0.04018761076799434
