feature,value,importance,min,max,rule,importance_ratio
la,128,0.22829956756295322,0.0,8851.0,la > 127.55870158356693,0.5860588346222744
nuc,507.4,0.059491920349723525,0.0,2540.0,98.92887678384466 < nuc <= 651.0101726634492,0.15271936728476704
asexp,1.4375,0.03321012378135053,0.0,3637.0,-0.6613834552044295 < asexp <= -0.6613834552044295,0.0852524016962619
ent,2.71784873385973,0.028856314166754205,0.0,6.25828457562083,2.005709603206336 < ent <= 3.1894578523081085,0.07407590838909005
ld,37,0.01629879967190529,0.0,9293.0,18.97658201765504 < ld <= 49.90409840300467,0.04184000715999937
