feature,value,importance,min,max,rule,importance_ratio
nuc,2266.0,0.0748345997594659,0.0,2540.0,nuc > 651.0101726634492,0.3726619167961149
la,19.0,0.04352623790810518,0.0,8851.0,16.957246213802605 < la <= 33.715042481948714,0.21675229508669133
asexp,1.5,0.03334651726195862,0.0,3637.0,-0.6613834552044295 < asexp <= -0.6613834552044295,0.16605924373564024
ld,13.0,0.0237583763262788,0.0,9293.0,6.605575463515187 < ld <= 18.97658201765504,0.11831214558737004
ent,0.200622324312715,0.01329520984394392,0.0,6.25828457562083,0.03279585470338198 < ent <= 0.9973314650826041,0.06620758847613135
