feature,value,importance,min,max,rule,importance_ratio
la,1265,0.23027273146870897,0.0,8851.0,la > 127.55870158356693,0.6126157527122416
nuc,34.9516129032258,-0.05090688479745795,0.0,2540.0,16.979309426715872 < nuc <= 47.171255295131715,0.13543227350246587
asexp,0.0539721328978685,0.031033167194465364,0.0,3637.0,-0.6613834552044295 < asexp <= -0.6613834552044295,0.08256039244692609
ent,4.4419618508619205,0.022721832124323882,0.0,6.25828457562083,ent > 3.1894578523081085,0.06044898239171396
ld,547,0.01820799662444433,0.0,9293.0,49.90409840300467 < ld <= 956.0803284937488,0.04844041014461874
