feature,value,importance,min,max,rule,importance_ratio
la,282.0,0.21797036517501348,0.0,8851.0,la > 127.55870158356693,0.580543257430391
nuc,158.444444444444,0.05835422727617285,0.0,2540.0,98.92887678384466 < nuc <= 651.0101726634492,0.15542091311606512
asexp,1.42156094081523,0.03277330485821694,0.0,3637.0,-0.6613834552044295 < asexp <= -0.6613834552044295,0.08728856853486411
ent,2.20984699000684,0.02595466146403825,0.0,6.25828457562083,2.005709603206336 < ent <= 3.1894578523081085,0.06912776284857584
ld,85.0,0.019991034914131903,0.0,9293.0,49.90409840300467 < ld <= 956.0803284937488,0.05324421289626394
