feature,value,importance,min,max,rule,importance_ratio
la,766.0,0.21823530036791566,0.0,8851.0,la > 127.55870158356693,0.5919762240386904
nuc,347.75,0.059040117798312676,0.0,2540.0,98.92887678384466 < nuc <= 651.0101726634492,0.160149828841269
asexp,0.572213971903447,0.034232503699275885,0.0,3637.0,-0.6613834552044295 < asexp <= -0.6613834552044295,0.0928577010461829
ent,2.31107439369944,0.026044817288398414,0.0,6.25828457562083,2.005709603206336 < ent <= 3.1894578523081085,0.07064811498493209
ld,44.0,0.01625190879379801,0.0,9293.0,18.97658201765504 < ld <= 49.90409840300467,0.044084268608031975
