feature,value,importance,min,max,rule,importance_ratio
la,62.0,0.10793327611837014,0.0,8851.0,33.715042481948714 < la <= 63.87907576461171,0.4028551589137605
nuc,727.714285714286,0.07073204273715104,0.0,2540.0,nuc > 651.0101726634492,0.2640035523976845
asexp,0.8694664185383361,0.03244533492632076,0.0,3637.0,-0.6613834552044295 < asexp <= -0.6613834552044295,0.12110047084476945
ld,69.0,0.02174461832137338,0.0,9293.0,49.90409840300467 < ld <= 956.0803284937488,0.08116062056495854
ent,2.0442028040441,0.019815605637653177,0.0,6.25828457562083,2.005709603206336 < ent <= 3.1894578523081085,0.07396068427844664
