feature,value,importance,min,max,rule,importance_ratio
nuc,1554.0,0.07425754951916365,0.0,2540.0,nuc > 651.0101726634492,0.3345817207050013
la,33.0,0.04405754931603931,0.0,8851.0,16.957246213802605 < la <= 33.715042481948714,0.19850979133645816
asexp,1.001266363812,0.032767912255556565,0.0,3637.0,-0.6613834552044295 < asexp <= -0.6613834552044295,0.14764215271533104
ld,14.0,0.025434066641665098,0.0,9293.0,6.605575463515187 < ld <= 18.97658201765504,0.11459809590535795
ent,1.0786672099764598,0.018232179837087633,0.0,6.25828457562083,0.9973314650826041 < ent <= 2.005709603206336,0.0821486049781584
