feature,value,importance,min,max,rule,importance_ratio
la,838.0,0.21825184190889096,0.0,8851.0,la > 127.55870158356693,0.571874999343244
nuc,577.333333333333,0.05901419295044236,0.0,2540.0,98.92887678384466 < nuc <= 651.0101726634492,0.1546321041765351
asexp,0.69168000839166,0.03437749333222166,0.0,3637.0,-0.6613834552044295 < asexp <= -0.6613834552044295,0.09007772307824799
ent,1.26652427770071,0.023161384426398993,0.0,6.25828457562083,0.9973314650826041 < ent <= 2.005709603206336,0.060688682339573724
ld,683.0,0.021848321657817457,0.0,9293.0,49.90409840300467 < ld <= 956.0803284937488,0.05724812594677284
