feature,value,importance,min,max,rule,importance_ratio
nuc,1642.66666666667,0.07517144890720026,0.0,2540.0,nuc > 651.0101726634492,0.3389614517507517
la,11.0,-0.049695811206258655,0.0,8851.0,6.9025684529149345 < la <= 16.957246213802605,0.22408726394511763
asexp,1.58396639766579,0.033236719194920314,0.0,3637.0,-0.6613834552044295 < asexp <= -0.6613834552044295,0.14987028657183646
ld,7.0,0.02481180657494634,0.0,9293.0,6.605575463515187 < ld <= 18.97658201765504,0.11188085502495997
ent,1.29973676369525,0.018689045704383348,0.0,6.25828457562083,0.9973314650826041 < ent <= 2.005709603206336,0.08427223574756915
