feature,value,importance,min,max,rule,importance_ratio
la,191,0.22798001564613507,0.0,8851.0,la > 127.55870158356693,0.5922469282222684
nuc,294.947368421053,0.05929102119543634,0.0,2540.0,98.92887678384466 < nuc <= 651.0101726634492,0.15402633022301
asexp,1.25720880955949,0.03294719095952169,0.0,3637.0,-0.6613834552044295 < asexp <= -0.6613834552044295,0.08559027677942005
ent,3.08180980465571,0.02795393316092858,0.0,6.25828457562083,2.005709603206336 < ent <= 3.1894578523081085,0.07261878195494029
ld,130,0.015800554274913507,0.0,9293.0,49.90409840300467 < ld <= 956.0803284937488,0.04104671063823308
