feature,value,importance,min,max,rule,importance_ratio
la,396.0,0.2161289602895276,0.0,8851.0,la > 127.55870158356693,0.5858155122980006
nuc,567.777777777778,0.05921388651056099,0.0,2540.0,98.92887678384466 < nuc <= 651.0101726634492,0.16049868196687364
asexp,0.931136402980458,0.03485684347010189,0.0,3637.0,-0.6613834552044295 < asexp <= -0.6613834552044295,0.09447914609488074
ld,181.0,0.022068252817378516,0.0,9293.0,49.90409840300467 < ld <= 956.0803284937488,0.059815791518249416
arexp,440.666666666665,-0.013739069264512956,0.0,2480.61666666637,346.65992743262416 < arexp <= 530.7095285027044,0.03723961790639475
