feature,value,importance,min,max,rule,importance_ratio
la,184.0,0.21796651412385376,0.0,8851.0,la > 127.55870158356693,0.6081457514459893
nuc,216.473684210526,0.06008548471103262,0.0,2540.0,98.92887678384466 < nuc <= 651.0101726634492,0.1676437887602502
asexp,0.0,0.023541240163107678,0.0,3637.0,asexp <= -0.6613834552044295,0.065682131250806
ent,4.79517774502212,0.02269886805307935,0.0,6.25828457562083,ent > 3.1894578523081085,0.06333183895058951
ld,96.0,0.022043403073473553,0.0,9293.0,49.90409840300467 < ld <= 956.0803284937488,0.06150303398863837
