feature,value,importance,min,max,rule,importance_ratio
la,437.0,0.21784709979659247,0.0,8851.0,la > 127.55870158356693,0.6154945687975111
nuc,461.09090909090895,0.0600470198655157,0.0,2540.0,98.92887678384466 < nuc <= 651.0101726634492,0.16965392072793284
ent,2.6205398098295696,0.024811593467434355,0.0,6.25828457562083,2.005709603206336 < ent <= 3.1894578523081085,0.07010146582936756
ld,113.0,0.02127406739621804,0.0,9293.0,49.90409840300467 < ld <= 956.0803284937488,0.060106712234546944
asexp,0.0,0.018872452848023955,0.0,3637.0,asexp <= -0.6613834552044295,0.053321307645095205
