feature,value,importance,min,max,rule,importance_ratio
la,698,0.227975611545171,0.0,8851.0,la > 127.55870158356693,0.6028739177716659
nuc,217.652173913043,0.05956385431104868,0.0,2540.0,98.92887678384466 < nuc <= 651.0101726634492,0.15751463045847583
asexp,0.998346015796884,0.03149258423687,0.0,3637.0,-0.6613834552044295 < asexp <= -0.6613834552044295,0.08328109095070521
ent,3.10294530858806,0.028297047303571916,0.0,6.25828457562083,2.005709603206336 < ent <= 3.1894578523081085,0.07483059987710301
ld,125,0.015237274881847281,0.0,9293.0,49.90409840300467 < ld <= 956.0803284937488,0.040294466333136374
