feature,value,importance,min,max,rule,importance_ratio
la,75,0.18282802897463965,0.0,8851.0,63.87907576461171 < la <= 127.55870158356693,0.5212352360218442
nuc,843.666666666667,0.0762582742594871,0.0,2540.0,nuc > 651.0101726634492,0.2174092222356992
asexp,1.48209948469796,0.03124203228223562,0.0,3637.0,-0.6613834552044295 < asexp <= -0.6613834552044295,0.08906975676411191
ld,56,0.019337799557772553,0.0,9293.0,49.90409840300467 < ld <= 956.0803284937488,0.055131275949142564
ent,1.8140399660466104,0.016482599805540107,0.0,6.25828457562083,0.9973314650826041 < ent <= 2.005709603206336,0.04699121818507388
