feature,value,importance,min,max,rule,importance_ratio
la,272,0.22829251950383492,0.0,8851.0,la > 127.55870158356693,0.5946883116506434
nuc,513.3,0.059734663313143185,0.0,2540.0,98.92887678384466 < nuc <= 651.0101726634492,0.15560521277665437
asexp,1.48236532994587,0.032465596264414816,0.0,3637.0,-0.6613834552044295 < asexp <= -0.6613834552044295,0.0845709297491544
ent,2.2922427783853103,0.02795361051682225,0.0,6.25828457562083,2.005709603206336 < ent <= 3.1894578523081085,0.07281747767696542
ld,53,0.015442850872382567,0.0,9293.0,49.90409840300467 < ld <= 956.0803284937488,0.04022769967377571
