feature,value,importance,min,max,rule,importance_ratio
la,155.0,0.2194622759742946,0.0,8851.0,la > 127.55870158356693,0.5630395991305728
nuc,744.8571428571429,0.07870773362125495,0.0,2540.0,nuc > 651.0101726634492,0.20192796502200647
asexp,1.0,0.035690772194589146,0.0,3637.0,-0.6613834552044295 < asexp <= -0.6613834552044295,0.09156616088067823
ent,1.66267642232997,0.02225212446603482,0.0,6.25828457562083,0.9973314650826041 < ent <= 2.005709603206336,0.05708875105545403
ld,23.0,0.013395157304336167,0.0,9293.0,18.97658201765504 < ld <= 49.90409840300467,0.034365833332594194
