feature,value,importance,min,max,rule,importance_ratio
la,521.0,0.21820743923778285,0.0,8851.0,la > 127.55870158356693,0.5557217963170549
nuc,707.8571428571429,0.07748020227530873,0.0,2540.0,nuc > 651.0101726634492,0.19732341545204243
asexp,1.0,0.034588512565803475,0.0,3637.0,-0.6613834552044295 < asexp <= -0.6613834552044295,0.08808861147056206
ld,131.0,0.022482145824448897,0.0,9293.0,49.90409840300467 < ld <= 956.0803284937488,0.05725661098570556
ent,2.3322001824286,0.021914599558479148,0.0,6.25828457562083,2.005709603206336 < ent <= 3.1894578523081085,0.0558112073298107
