feature,value,importance,min,max,rule,importance_ratio
la,90,0.18135466344285803,0.0,8851.0,63.87907576461171 < la <= 127.55870158356693,0.5405922412171759
nuc,1299.5,0.07536985266075576,0.0,2540.0,nuc > 651.0101726634492,0.22466672097971266
asexp,1.0250560999813,0.031350117227106865,0.0,3637.0,-0.6613834552044295 < asexp <= -0.6613834552044295,0.09345020311298928
ent,1.35919641431336,0.015944423684065942,0.0,6.25828457562083,0.9973314650826041 < ent <= 2.005709603206336,0.04752804019843291
age,19.5,0.010151387438668905,0.0,918.0,6.104315757675584 < age <= 152.17610991761703,0.030259830007972284
