feature,value,importance,min,max,rule,importance_ratio
la,75,0.18034188789647584,0.0,8851.0,63.87907576461171 < la <= 127.55870158356693,0.5542155188358857
nuc,438.5,0.059124118034950164,0.0,2540.0,98.92887678384466 < nuc <= 651.0101726634492,0.18169657717714496
asexp,0.69168000839166,0.030191087196807093,0.0,3637.0,-0.6613834552044295 < asexp <= -0.6613834552044295,0.09278137902494966
arexp,443.9999999999992,-0.018069165868378517,0.0,2480.61666666637,346.65992743262416 < arexp <= 530.7095285027044,0.05552904127533407
ent,3.35226386979527,0.015487264047142747,0.0,6.25828457562083,ent > 3.1894578523081085,0.04759450053091801
