feature,value,importance,min,max,rule,importance_ratio
nuc,1531.5,0.07389815092765067,0.0,2540.0,nuc > 651.0101726634492,0.41432636493526004
la,17,0.03838162128599989,0.0,8851.0,16.957246213802605 < la <= 33.715042481948714,0.21519506818674466
asexp,1.55438995361328,0.030019128309366764,0.0,3637.0,-0.6613834552044295 < asexp <= -0.6613834552044295,0.16830889751385153
ent,1.68547529722733,0.01327308670451919,0.0,6.25828457562083,0.9973314650826041 < ent <= 2.005709603206336,0.07441850298985281
arexp,15.5,0.008448768630036449,0.0,2480.61666666637,arexp <= 26.57366470205011,0.0473698942493059
