feature,value,importance,min,max,rule,importance_ratio
la,152.0,0.219089890821132,0.0,8851.0,la > 127.55870158356693,0.539584647924811
nuc,885.666666666667,0.07861678306961278,0.0,2540.0,nuc > 651.0101726634492,0.19362102493460484
asexp,0.625069572662775,0.035915928145035386,0.0,3637.0,-0.6613834552044295 < asexp <= -0.6613834552044295,0.08845539778397885
ld,59.0,0.0230415702149843,0.0,9293.0,49.90409840300467 < ld <= 956.0803284937488,0.05674783763636765
ent,1.60333862276701,0.021700531179400243,0.0,6.25828457562083,0.9973314650826041 < ent <= 2.005709603206336,0.05344506509329394
