feature,value,importance,min,max,rule,importance_ratio
la,859,0.22664069024401967,0.0,8851.0,la > 127.55870158356693,0.628932602517187
nuc,537.909090909091,0.05901868533843934,0.0,2540.0,98.92887678384466 < nuc <= 651.0101726634492,0.16377807236239234
asexp,0.400925709275877,0.031782962418089644,0.0,3637.0,-0.6613834552044295 < asexp <= -0.6613834552044295,0.08819837800437745
ent,1.94564358006623,0.019499208642142267,0.0,6.25828457562083,0.9973314650826041 < ent <= 2.005709603206336,0.054110707239393256
age,39.454545454545496,0.009128825955978404,0.0,918.0,6.104315757675584 < age <= 152.17610991761703,0.02533268081842794
