feature,value,importance,min,max,rule,importance_ratio
la,177,0.2304366327034165,0.0,8851.0,la > 127.55870158356693,0.581391096272549
nuc,1088.33333333333,0.08050677899689328,0.0,2540.0,nuc > 651.0101726634492,0.20311841893045357
asexp,1.1333678561813798,0.03378708356403774,0.0,3637.0,-0.6613834552044295 < asexp <= -0.6613834552044295,0.08524473441004629
ent,1.27118671738262,0.01846917173059756,0.0,6.25828457562083,0.9973314650826041 < ent <= 2.005709603206336,0.04659767795478157
ld,30,0.01366402949079352,0.0,9293.0,18.97658201765504 < ld <= 49.90409840300467,0.03447431509458567
