feature,value,importance,min,max,rule,importance_ratio
la,271,0.23030973492829795,0.0,8851.0,la > 127.55870158356693,0.5817280393108665
nuc,871.714285714286,0.08038910399665232,0.0,2540.0,nuc > 651.0101726634492,0.20305088651371622
asexp,0.7138666491518859,0.03372228859928318,0.0,3637.0,-0.6613834552044295 < asexp <= -0.6613834552044295,0.08517747126079403
ent,1.8694807450413105,0.0183939723020376,0.0,6.25828457562083,0.9973314650826041 < ent <= 2.005709603206336,0.046460430540350484
ld,25,0.013543286331472337,0.0,9293.0,18.97658201765504 < ld <= 49.90409840300467,0.0342083212673831
