feature,value,importance,min,max,rule,importance_ratio
la,271.0,0.21977563224323712,0.0,8851.0,la > 127.55870158356693,0.565109272209077
nuc,871.714285714286,0.07901606044482322,0.0,2540.0,nuc > 651.0101726634492,0.20317406418097808
asexp,0.7138666491518859,0.03539793133320856,0.0,3637.0,-0.6613834552044295 < asexp <= -0.6613834552044295,0.09101873128171571
ent,1.8694807450413105,0.021905976582637356,0.0,6.25828457562083,0.9973314650826041 < ent <= 2.005709603206336,0.05632685642757018
ld,25.0,0.013536933190842041,0.0,9293.0,18.97658201765504 < ld <= 49.90409840300467,0.03480752795629846
