feature,value,importance,min,max,rule,importance_ratio
la,217.0,0.2160927789451167,0.0,8851.0,la > 127.55870158356693,0.5927729189006872
nuc,1214.2,0.07923383825462828,0.0,2540.0,nuc > 651.0101726634492,0.21734957460022206
asexp,0.604100862808991,0.03486369438942901,0.0,3637.0,-0.6613834552044295 < asexp <= -0.6613834552044295,0.09563602258144946
ent,0.611946603178158,0.011129929187864488,0.0,6.25828457562083,0.03279585470338198 < ent <= 0.9973314650826041,0.03053096287647829
age,2.6,0.008067085543334808,0.0,918.0,0.8718932803045476 < age <= 6.104315757675584,0.02212915150560691
