feature,value,importance,min,max,rule,importance_ratio
la,7.0,-0.15080597597959589,0.0,8851.0,0.19944994565651086 < la <= 6.9025684529149345,0.5066214868495834
nuc,1767.66666666667,0.07738053514988669,0.0,2540.0,nuc > 651.0101726634492,0.25995416637969426
asexp,1.66426022112117,0.03389260791151693,0.0,3637.0,-0.6613834552044295 < asexp <= -0.6613834552044295,0.11385970152579276
ent,1.15677964944704,0.01344140382203336,0.0,6.25828457562083,0.9973314650826041 < ent <= 2.005709603206336,0.04515539881911291
age,55.3333333333333,0.01139005380766126,0.0,918.0,6.104315757675584 < age <= 152.17610991761703,0.03826404065124614
