feature,value,importance,min,max,rule,importance_ratio
la,77.0,0.1712719627911276,0.0,8851.0,63.87907576461171 < la <= 127.55870158356693,0.5191203561530014
nuc,874.333333333333,0.07354839389850547,0.0,2540.0,nuc > 651.0101726634492,0.22292305064335524
asexp,1.4254120125038,0.03207920481866414,0.0,3637.0,-0.6613834552044295 < asexp <= -0.6613834552044295,0.09723114022391922
ent,1.51365948689207,0.019668815229313675,0.0,6.25828457562083,0.9973314650826041 < ent <= 2.005709603206336,0.0596156090030973
ld,1.0,-0.014216528594917859,0.0,9293.0,0.42007218644526745 < ld <= 0.42007218644526745,0.0430898862089493
