feature,value,importance,min,max,rule,importance_ratio
la,99.0,0.17245503377150811,0.0,8851.0,63.87907576461171 < la <= 127.55870158356693,0.5250308101082145
nuc,1373.25,0.0745098547567015,0.0,2540.0,nuc > 651.0101726634492,0.22684156297686178
asexp,1.1333678561813798,0.03367443587341749,0.0,3637.0,-0.6613834552044295 < asexp <= -0.6613834552044295,0.102520152412498
ent,1.30043274752334,0.020010066243487362,0.0,6.25828457562083,0.9973314650826041 < ent <= 2.005709603206336,0.060919655752448794
age,27.75,0.009846539301670064,0.0,918.0,6.104315757675584 < age <= 152.17610991761703,0.029977301289841014
