feature,value,importance,min,max,rule,importance_ratio
la,41.0,0.10695716739681697,0.0,8851.0,33.715042481948714 < la <= 63.87907576461171,0.42722432268308674
nuc,1510.0,0.07316680610792134,0.0,2540.0,nuc > 651.0101726634492,0.2922538053608895
asexp,1.1333678561813798,0.03296079857704669,0.0,3637.0,-0.6613834552044295 < asexp <= -0.6613834552044295,0.1316569538058979
ent,0.55769585320916,0.013969025413154467,0.0,6.25828457562083,0.03279585470338198 < ent <= 0.9973314650826041,0.055797171577445376
age,37.25,0.008634791906101356,0.0,918.0,6.104315757675584 < age <= 152.17610991761703,0.03449037790901085
