feature,value,importance,min,max,rule,importance_ratio
la,551,0.2291109462641149,0.0,8851.0,la > 127.55870158356693,0.6067628271455269
nuc,492.75,0.060226550320863104,0.0,2540.0,98.92887678384466 < nuc <= 651.0101726634492,0.15950015718490754
asexp,1.01839836188436,0.032546338141551036,0.0,3637.0,-0.6613834552044295 < asexp <= -0.6613834552044295,0.0861936475144962
ent,1.44708722858132,0.019902283837495163,0.0,6.25828457562083,0.9973314650826041 < ent <= 2.005709603206336,0.052707939995020305
ld,31,0.015872958502617295,0.0,9293.0,18.97658201765504 < ld <= 49.90409840300467,0.04203693159692649
