feature,value,importance,min,max,rule,importance_ratio
la,512.0,0.2169986169233859,0.0,8851.0,la > 127.55870158356693,0.6051566852673783
nuc,453.923076923077,0.05835593630612354,0.0,2540.0,98.92887678384466 < nuc <= 651.0101726634492,0.16274059937053056
asexp,1.4098538738451103,0.03381052360783342,0.0,3637.0,-0.6613834552044295 < asexp <= -0.6613834552044295,0.09428937697282562
ent,2.0969333217933,0.0248667455684505,0.0,6.25828457562083,2.005709603206336 < ent <= 3.1894578523081085,0.06934734209344642
ld,5.0,0.009878213345496495,0.0,9293.0,3.5128238249802237 < ld <= 6.605575463515187,0.02754794905736749
