feature,value,importance,min,max,rule,importance_ratio
la,474.0,0.21809027833153477,0.0,8851.0,la > 127.55870158356693,0.5925544000885229
nuc,552.357142857143,0.0589748812195757,0.0,2540.0,98.92887678384466 < nuc <= 651.0101726634492,0.16023559430849044
asexp,0.269752184472628,0.0341554318351083,0.0,3637.0,-0.6613834552044295 < asexp <= -0.6613834552044295,0.09280079596235072
ent,2.4279817732782205,0.025906450376708797,0.0,6.25828457562083,2.005709603206336 < ent <= 3.1894578523081085,0.07038819556210403
ld,22.0,0.016100952900303597,0.0,9293.0,18.97658201765504 < ld <= 49.90409840300467,0.043746518917223205
