feature,value,importance,min,max,rule,importance_ratio
la,201.0,0.217907750004168,0.0,8851.0,la > 127.55870158356693,0.5867624484009019
nuc,201.909090909091,0.05865062136301436,0.0,2540.0,98.92887678384466 < nuc <= 651.0101726634492,0.15792913372993064
asexp,0.8509190901805981,0.03399994007131471,0.0,3637.0,-0.6613834552044295 < asexp <= -0.6613834552044295,0.09155198968988924
ent,4.21725104385911,0.024280044799043665,0.0,6.25828457562083,ent > 3.1894578523081085,0.06537912732933061
ld,160.0,0.02125430210440818,0.0,9293.0,49.90409840300467 < ld <= 956.0803284937488,0.057231678733759776
