feature,value,importance,min,max,rule,importance_ratio
la,50.0,0.10695208211780466,0.0,8851.0,33.715042481948714 < la <= 63.87907576461171,0.4258374481353305
nuc,1411.5,0.07176481134481334,0.0,2540.0,nuc > 651.0101726634492,0.2857367853327774
asexp,1.5544051542237902,0.03174797582113139,0.0,3637.0,-0.6613834552044295 < asexp <= -0.6613834552044295,0.12640686127308348
ent,1.2342808506395402,0.015829246926001544,0.0,6.25828457562083,0.9973314650826041 < ent <= 2.005709603206336,0.06302529117149724
age,116.0,0.009477742039745954,0.0,918.0,6.104315757675584 < age <= 152.17610991761703,0.03773631522053816
