feature,value,importance,min,max,rule,importance_ratio
la,192.0,0.21888142592239643,0.0,8851.0,la > 127.55870158356693,0.5677547075453556
nuc,864.625,0.0778523503542177,0.0,2540.0,nuc > 651.0101726634492,0.20194056311908687
asexp,0.9686849082007448,0.03573289411863901,0.0,3637.0,-0.6613834552044295 < asexp <= -0.6613834552044295,0.09268725642014919
ent,2.0469641398910503,0.022127263104206776,0.0,6.25828457562083,2.005709603206336 < ent <= 3.1894578523081085,0.05739572345879257
ld,35.0,0.014034781861194478,0.0,9293.0,18.97658201765504 < ld <= 49.90409840300467,0.036404703768196704
