feature,value,importance,min,max,rule,importance_ratio
la,890.0,0.21868716381083697,0.0,8851.0,la > 127.55870158356693,0.5525720024016232
nuc,1160.0,0.078419317835865,0.0,2540.0,nuc > 651.0101726634492,0.19814752145679404
asexp,0.812071330589849,0.034421333176023354,0.0,3637.0,-0.6613834552044295 < asexp <= -0.6613834552044295,0.08697476645159229
ent,1.14499690448208,0.02133441603913232,0.0,6.25828457562083,0.9973314650826041 < ent <= 2.005709603206336,0.05390714656215439
age,157.0,-0.019821432234228217,0.0,918.0,152.17610991761703 < age <= 385.89098057352334,0.050084185597695355
