feature,value,importance,min,max,rule,importance_ratio
la,96.0,0.17071464322030672,0.0,8851.0,63.87907576461171 < la <= 127.55870158356693,0.47893259657560056
nuc,1276.0,0.07392442408098002,0.0,2540.0,nuc > 651.0101726634492,0.20739179549916997
age,683.6,-0.050017020028290775,0.0,918.0,age > 385.89098057352334,0.14032060064238044
ld,7.0,0.023217442690423806,0.0,9293.0,6.605575463515187 < ld <= 18.97658201765504,0.0651355379000504
ent,1.56806100037454,0.02097053850749608,0.0,6.25828457562083,0.9973314650826041 < ent <= 2.005709603206336,0.05883194475603739
