feature,value,importance,min,max,rule,importance_ratio
la,421,0.22782566179623842,0.0,8851.0,la > 127.55870158356693,0.5814292186178256
nuc,631.785714285714,0.059733870891839104,0.0,2540.0,98.92887678384466 < nuc <= 651.0101726634492,0.15244559196638102
asexp,0.931136402980458,0.03295472351100632,0.0,3637.0,-0.6613834552044295 < asexp <= -0.6613834552044295,0.0841030768426248
ent,2.88807077544894,0.028151292814122958,0.0,6.25828457562083,2.005709603206336 < ent <= 3.1894578523081085,0.07184433946091742
ld,110,0.01594852483631238,0.0,9293.0,49.90409840300467 < ld <= 956.0803284937488,0.040701904520209733
