feature,value,importance,min,max,rule,importance_ratio
la,74,0.18087344657430113,0.0,8851.0,63.87907576461171 < la <= 127.55870158356693,0.5197943500050544
nuc,851.1428571428571,0.07568109357817142,0.0,2540.0,nuc > 651.0101726634492,0.21749242682771225
asexp,0.931136402980458,0.031598195086403554,0.0,3637.0,-0.6613834552044295 < asexp <= -0.6613834552044295,0.09080693483398063
ld,85,0.01838248554795096,0.0,9293.0,49.90409840300467 < ld <= 956.0803284937488,0.05282761128206469
ent,2.24878844797137,0.017385010822785617,0.0,6.25828457562083,2.005709603206336 < ent <= 3.1894578523081085,0.04996106709753287
