feature,value,importance,min,max,rule,importance_ratio
la,1246,0.2278364776361028,0.0,8851.0,la > 127.55870158356693,0.6139594843741975
nuc,272.08333333333303,0.05980642879997706,0.0,2540.0,98.92887678384466 < nuc <= 651.0101726634492,0.16116262228624642
asexp,0.310007286059997,0.03148392794782135,0.0,3637.0,-0.6613834552044295 < asexp <= -0.6613834552044295,0.08484091910774777
ent,3.96420173507846,0.02431155066950831,0.0,6.25828457562083,ent > 3.1894578523081085,0.06551324558848115
ld,54,0.01597121462602835,0.0,9293.0,49.90409840300467 < ld <= 956.0803284937488,0.04303822986715718
