feature,value,importance,min,max,rule,importance_ratio
la,161,0.23002995304888801,0.0,8851.0,la > 127.55870158356693,0.5723390531940465
nuc,1556.2,0.07983969093863885,0.0,2540.0,nuc > 651.0101726634492,0.19864966502607717
asexp,0.534912109375,0.03400004368247441,0.0,3637.0,-0.6613834552044295 < asexp <= -0.6613834552044295,0.08459573438963365
ent,1.23532593774074,0.01876099897322371,0.0,6.25828457562083,0.9973314650826041 < ent <= 2.005709603206336,0.04667936608684729
ld,35,0.013058786544699016,0.0,9293.0,18.97658201765504 < ld <= 49.90409840300467,0.032491653490307575
