feature,value,importance,min,max,rule,importance_ratio
la,194.0,0.21611345463468443,0.0,8851.0,la > 127.55870158356693,0.5945508459544139
nuc,644.363636363636,0.05804638539141976,0.0,2540.0,98.92887678384466 < nuc <= 651.0101726634492,0.15969171191771664
asexp,0.666666666624178,0.03343908793362318,0.0,3637.0,-0.6613834552044295 < asexp <= -0.6613834552044295,0.09199444825166808
ent,2.51550704643812,0.025582250430295085,0.0,6.25828457562083,2.005709603206336 < ent <= 3.1894578523081085,0.07037946184544745
ld,8.0,0.019839004231567852,0.0,9293.0,6.605575463515187 < ld <= 18.97658201765504,0.05457918743981253
