feature,value,importance,min,max,rule,importance_ratio
la,162.0,0.21805117107393215,0.0,8851.0,la > 127.55870158356693,0.5569224171054279
nuc,750.5,0.07733492887665931,0.0,2540.0,nuc > 651.0101726634492,0.19752040452037908
asexp,0.28125,0.03450454622466379,0.0,3637.0,-0.6613834552044295 < asexp <= -0.6613834552044295,0.08812773254058907
ld,128.0,0.0223598360882853,0.0,9293.0,49.90409840300467 < ld <= 956.0803284937488,0.057109044170860386
ent,2.19639973949377,0.02177273786407961,0.0,6.25828457562083,2.005709603206336 < ent <= 3.1894578523081085,0.05560954219390436
