feature,value,importance,min,max,rule,importance_ratio
la,110.0,0.17139993069298404,0.0,8851.0,63.87907576461171 < la <= 127.55870158356693,0.45646406622233954
nuc,13.666666666666698,-0.07702013412545428,0.0,2540.0,nuc <= 12.66617430265643,0.20511632333661103
age,524.333333333333,-0.038034359456443546,0.0,918.0,age > 385.89098057352334,0.10129128001077406
asexp,1.91098757087728,0.03098262803758032,0.0,3637.0,-0.6613834552044295 < asexp <= -0.6613834552044295,0.08251144746155416
ent,1.38752874047018,0.020074382284776485,0.0,6.25828457562083,0.9973314650826041 < ent <= 2.005709603206336,0.05346113109592905
