feature,value,importance,min,max,rule,importance_ratio
la,859.0,0.2178500368854261,0.0,8851.0,la > 127.55870158356693,0.5871920108043684
nuc,356.722222222222,0.05862624651915581,0.0,2540.0,98.92887678384466 < nuc <= 651.0101726634492,0.15802092150941788
asexp,0.451974294289122,0.03396481418433656,0.0,3637.0,-0.6613834552044295 < asexp <= -0.6613834552044295,0.0915486075771766
ent,3.2048078289551603,0.024084214163277894,0.0,6.25828457562083,ent > 3.1894578523081085,0.06491648266562347
ld,236.0,0.02120842584538733,0.0,9293.0,49.90409840300467 < ld <= 956.0803284937488,0.0571650957520744
