feature,value,importance,min,max,rule,importance_ratio
la,418.0,0.2186920848068797,0.0,8851.0,la > 127.55870158356693,0.6276362372391019
nuc,566.0,0.06023378271497682,0.0,2540.0,98.92887678384466 < nuc <= 651.0101726634492,0.17286818940562051
ent,2.3051364974334603,0.025042044175257072,0.0,6.25828457562083,2.005709603206336 < ent <= 3.1894578523081085,0.07186951641534342
ld,257.0,0.020605237333161178,0.0,9293.0,49.90409840300467 < ld <= 956.0803284937488,0.059136084594119294
asexp,0.0783229020262264,0.010783677599865883,0.0,3637.0,-0.6613834552044295 < asexp <= -0.6613834552044295,0.030948659336967894
