feature,value,importance,min,max,rule,importance_ratio
la,1655,0.22959141665433463,0.0,8851.0,la > 127.55870158356693,0.5958222801913348
nuc,44.8035714285714,-0.050527525370095576,0.0,2540.0,16.979309426715872 < nuc <= 47.171255295131715,0.1311260926786371
asexp,0.227547918446589,0.03301984666837302,0.0,3637.0,-0.6613834552044295 < asexp <= -0.6613834552044295,0.0856911840181671
ent,4.61047959463957,0.028096431720141805,0.0,6.25828457562083,ent > 3.1894578523081085,0.07291422413207616
ld,1051,0.02029488820492871,0.0,9293.0,ld > 956.0803284937488,0.052668112522230706
