feature,value,importance,min,max,rule,importance_ratio
la,2661.0,0.21858382480238753,0.0,8851.0,la > 127.55870158356693,0.5801829820611413
nuc,107.9375,0.060516330778392476,0.0,2540.0,98.92887678384466 < nuc <= 651.0101726634492,0.16062737160971607
asexp,0.491986687835889,0.03231161708261714,0.0,3637.0,-0.6613834552044295 < asexp <= -0.6613834552044295,0.08576412445503957
ent,4.9260798702075705,0.026883015178743083,0.0,6.25828457562083,ent > 3.1894578523081085,0.07135508735515422
ld,477.0,0.020044453801991092,0.0,9293.0,49.90409840300467 < ld <= 956.0803284937488,0.05320362104167439
