feature,value,importance,min,max,rule,importance_ratio
la,421.0,0.21566433013415862,0.0,8851.0,la > 127.55870158356693,0.5904503298475369
nuc,326.227272727273,0.05784940669847097,0.0,2540.0,98.92887678384466 < nuc <= 651.0101726634492,0.1583813199213253
asexp,0.5663580246913579,0.03240844142197939,0.0,3637.0,-0.6613834552044295 < asexp <= -0.6613834552044295,0.08872851118007608
ent,2.6357571418438903,0.025879727491820853,0.0,6.25828457562083,2.005709603206336 < ent <= 3.1894578523081085,0.07085406114402093
ld,13.0,0.019807392625007376,0.0,9293.0,6.605575463515187 < ld <= 18.97658201765504,0.05422909528701373
