feature,value,importance,min,max,rule,importance_ratio
la,738.0,0.21754303888615972,0.0,8851.0,la > 127.55870158356693,0.5877830229210734
nuc,392.0,0.05851165992437193,0.0,2540.0,98.92887678384466 < nuc <= 651.0101726634492,0.1580935916063698
asexp,0.9012345679012348,0.034255802141079976,0.0,3637.0,-0.6613834552044295 < asexp <= -0.6613834552044295,0.09255630075852164
ent,3.40369618587385,0.02314709344148549,0.0,6.25828457562083,ent > 3.1894578523081085,0.06254150270463325
ld,61.0,0.021988954941826275,0.0,9293.0,49.90409840300467 < ld <= 956.0803284937488,0.059412309733088906
