feature,value,importance,min,max,rule,importance_ratio
la,1458.0,0.21759887977096581,0.0,8851.0,la > 127.55870158356693,0.5970806608503411
nuc,601.363636363636,0.058763599900722115,0.0,2540.0,98.92887678384466 < nuc <= 651.0101726634492,0.16124443792908624
asexp,0.333333333333333,0.03438992888929086,0.0,3637.0,-0.6613834552044295 < asexp <= -0.6613834552044295,0.094364279307994
ent,2.31157959634622,0.02585390785916429,0.0,6.25828457562083,2.005709603206336 < ent <= 3.1894578523081085,0.0709418559799653
ld,50.0,0.015781436215156496,0.0,9293.0,18.97658201765504 < ld <= 49.90409840300467,0.043303487473975624
