feature,value,importance,min,max,rule,importance_ratio
ent,4.20078358171917,0.32847012764647304,0.0,6.08230385583814,ent > 3.4251727475658535,0.5984518554738442
arexp,8.0,-0.07938323585551327,0.0,863.416666666674,-0.02556803069123248 < arexp <= 97.64182103961909,0.14463124891034462
la,403,0.056773700022433204,0.0,9967.0,229.98350223552893 < la <= 1199.5431080984263,0.10343810063942477
ld,145,-0.03392155020004797,0.0,8658.0,35.06259046661786 < ld <= 6168.514134615445,0.061802924982014985
ndev,3.17647058823529,0.019879441783650864,0.0,85.0,0.9878832845357923 < ndev <= 3.937158674468902,0.036219089103939915
