feature,value,importance,min,max,rule,importance_ratio
ent,4.07473734807518,0.33060161278900946,0.0,6.08230385583814,ent > 3.4251727475658535,0.6936376915705137
la,76,-0.06682307658816429,0.0,9967.0,42.326804326581055 < la <= 104.87903696289698,0.14020199174840448
asexp,0.997546519478576,0.02020039366208979,0.0,1122.0,1.5309165943878895 < asexp <= 1.5309165943878895,0.04238259550636229
arexp,141.616666666666,-0.01720469260663946,0.0,863.416666666674,97.64182103961909 < arexp <= 214.01147610211652,0.03609729294171916
age,37.9,-0.012420388502767304,0.0,1802.57575757576,11.310905131690312 < age <= 252.15332398535617,0.026059309078346
