feature,value,importance,min,max,rule,importance_ratio
arexp,8.0,-0.08182895078164074,0.0,863.416666666674,-0.02556803069123248 < arexp <= 97.64182103961909,0.2886669410748263
age,0.0,0.06348741665808767,0.0,1802.57575757576,age <= -0.10342751540286343,0.22396374618486434
la,338,0.0567753623011205,0.0,9967.0,229.98350223552893 < la <= 1199.5431080984263,0.20028571804145098
asexp,0.96484375,0.024400640763223347,0.0,1122.0,1.5309165943878895 < asexp <= 1.5309165943878895,0.08607782773826944
ent,1.3169070409435202,-0.019180538432881138,0.0,6.08230385583814,1.0371568618967764 < ent <= 1.596054196840603,0.06766293964055302
