feature,value,importance,min,max,rule,importance_ratio
la,5753,0.39429026155301106,0.0,9967.0,la > 1199.5431080984263,0.48296135406003143
ent,3.8083001521180897,0.32108406579104337,0.0,6.08230385583814,ent > 3.4251727475658535,0.393291973711843
ld,3536,-0.03462485702877574,0.0,8658.0,35.06259046661786 < ld <= 6168.514134615445,0.042411566973241735
arexp,190.500000000002,-0.021530022010970973,0.0,863.416666666674,97.64182103961909 < arexp <= 214.01147610211652,0.02637186255223507
ndev,1.55714285714286,0.015180010664662761,0.0,85.0,0.9878832845357923 < ndev <= 3.937158674468902,0.018593810753465865
