feature,value,importance,min,max,rule,importance_ratio
ent,2.850238894735,0.16010939188739204,0.0,6.08230385583814,1.596054196840603 < ent <= 3.4251727475658535,0.4043803935545162
arexp,39.5,-0.0833099142223294,0.0,863.416666666674,-0.02556803069123248 < arexp <= 97.64182103961909,0.21041174101712026
la,400,0.052911950483531055,0.0,9967.0,229.98350223552893 < la <= 1199.5431080984263,0.13363710340812465
ld,260,-0.03701246612016948,0.0,8658.0,35.06259046661786 < ld <= 6168.514134615445,0.09348056000752278
asexp,22.0,0.02896103292449052,0.0,1122.0,1.5309165943878895 < asexp <= 23.865449598761593,0.07314545232916467
