feature,value,importance,min,max,rule,importance_ratio
ent,0.689137005206303,-0.14674229807923966,0.0,6.08230385583814,0.008277677113822879 < ent <= 0.9990502254233335,0.36348635891578485
la,1078,0.05843647777058717,0.0,9967.0,229.98350223552893 < la <= 1199.5431080984263,0.14474941997449187
age,0.0,0.05821831988477366,0.0,1802.57575757576,age <= -0.10342751540286343,0.14420903443725366
nuc,279.5,0.0554775245996979,0.0,976.0,255.46934596936424 < nuc <= 470.68410555791735,0.13741997830452377
ndev,24.0,-0.05064751341938191,0.0,85.0,10.553100765399932 < ndev <= 52.00237651581121,0.12545585343776205
