feature,value,importance,min,max,rule,importance_ratio
la,67,-0.06240280351421644,0.0,9967.0,42.326804326581055 < la <= 104.87903696289698,0.4022083732997771
ent,1.4732166204051798,-0.019155568740069226,0.0,6.08230385583814,1.0371568618967764 < ent <= 1.596054196840603,0.12346448730977413
ndev,2.3333333333333304,0.016582989103537688,0.0,85.0,0.9878832845357923 < ndev <= 3.937158674468902,0.10688329203450488
arexp,204.250000000002,-0.014886553695241393,0.0,863.416666666674,97.64182103961909 < arexp <= 214.01147610211652,0.0959491594706762
age,26.6666666666667,-0.014100410503189659,0.0,1802.57575757576,11.310905131690312 < age <= 252.15332398535617,0.09088218560653262
