feature,value,importance,min,max,rule,importance_ratio
ent,3.1762475431685,0.16045476146341706,0.0,6.08230385583814,1.596054196840603 < ent <= 3.4251727475658535,0.3993301084951843
arexp,228.0,0.0977730798096414,0.0,863.416666666674,218.16753521149144 < arexp <= 822.8741356255406,0.2433317292188565
la,193,-0.049952209625902334,0.0,9967.0,104.87903696289698 < la <= 229.98350223552893,0.12431803897594955
ld,333,-0.036080254874747926,0.0,8658.0,35.06259046661786 < ld <= 6168.514134615445,0.08979435675364444
age,2.2083333333333304,0.029270464753826005,0.0,1802.57575757576,2.1794390140157773 < age <= 11.310905131690312,0.0728465628520145
