feature,value,importance,min,max,rule,importance_ratio
la,3449,0.39508216826691933,0.0,9967.0,la > 1199.5431080984263,0.47800606861312106
ent,3.93279928101924,0.32019370520533136,0.0,6.08230385583814,ent > 3.4251727475658535,0.3873992463169452
ld,363,-0.033874535532918464,0.0,8658.0,35.06259046661786 < ld <= 6168.514134615445,0.04098447071710481
arexp,108.333333333333,-0.021252232542867375,0.0,863.416666666674,97.64182103961909 < arexp <= 214.01147610211652,0.02571286922826799
asexp,0.99902343735448,0.02062363716193738,0.0,1122.0,1.5309165943878895 < asexp <= 1.5309165943878895,0.024952337797288008
