feature,value,importance,min,max,rule,importance_ratio
la,2452,0.40361246636160625,0.0,9967.0,la > 1199.5431080984263,0.5980508222046826
ent,3.25201579799011,0.16460799477166943,0.0,6.08230385583814,1.596054196840603 < ent <= 3.4251727475658535,0.2439071010419749
ld,259,-0.037483370244120455,0.0,8658.0,35.06259046661786 < ld <= 6168.514134615445,0.055540802779403924
ndev,0.7272727272727271,0.018538821834645804,0.0,85.0,0.03136153644937778 < ndev <= 0.9878832845357923,0.027469809693595516
arexp,109.333333333333,-0.014489670969976727,0.0,863.416666666674,97.64182103961909 < arexp <= 214.01147610211652,0.02146999996106715
