feature,value,importance,min,max,rule,importance_ratio
ent,2.5288497160266403,0.16008534135648142,0.0,6.08230385583814,1.596054196840603 < ent <= 3.4251727475658535,0.5238028993947832
la,1061,0.05339927257659808,0.0,9967.0,229.98350223552893 < la <= 1199.5431080984263,0.1747236415538427
ld,87,-0.037128289983960144,0.0,8658.0,35.06259046661786 < ld <= 6168.514134615445,0.12148461425872593
asexp,1.71232806411219,0.023389311170006914,0.0,1122.0,1.5309165943878895 < asexp <= 1.5309165943878895,0.07653036125534292
age,17.7647058823529,-0.011551654700996039,0.0,1802.57575757576,11.310905131690312 < age <= 252.15332398535617,0.037797278463585715
