feature,value,importance,min,max,rule,importance_ratio
la,2145,0.3905655293752518,0.0,9967.0,la > 1199.5431080984263,0.4350674336108028
ent,3.49793119758013,0.31795140706090413,0.0,6.08230385583814,ent > 3.4251727475658535,0.35417949685473843
arexp,256.916666666668,0.09561724089642247,0.0,863.416666666674,218.16753521149144 < arexp <= 822.8741356255406,0.10651208178124591
ld,1809,-0.035530209584471464,0.0,8658.0,35.06259046661786 < ld <= 6168.514134615445,0.039578600611007854
asexp,1.0,0.02236911911804894,0.0,1122.0,1.5309165943878895 < asexp <= 1.5309165943878895,0.024917906253507097
