feature,value,importance,min,max,rule,importance_ratio
la,1576,0.40105882747031907,0.0,9967.0,la > 1199.5431080984263,0.5492016496237059
ent,2.8650398694876302,0.16518413650311065,0.0,6.08230385583814,1.596054196840603 < ent <= 3.4251727475658535,0.2261997344164918
arexp,24.0,-0.07839007125474863,0.0,863.416666666674,-0.02556803069123248 < arexp <= 97.64182103961909,0.1073457395733645
ld,1293,-0.03781113233773733,0.0,8658.0,35.06259046661786 < ld <= 6168.514134615445,0.05177778129210335
asexp,9.0,0.022730227269691334,0.0,1122.0,1.5309165943878895 < asexp <= 23.865449598761593,0.031126302322220006
