feature,value,importance,min,max,rule,importance_ratio
ent,2.89944551972333,0.1615457795543831,0.0,6.08230385583814,1.596054196840603 < ent <= 3.4251727475658535,0.3014874583935027
age,279.2,-0.15788374559843035,0.0,1802.57575757576,252.15332398535617 < age <= 957.5590815757139,0.2946531275123346
arexp,23.0,-0.08181531424689534,0.0,863.416666666674,-0.02556803069123248 < arexp <= 97.64182103961909,0.1526891709458649
la,208,-0.050517546804863735,0.0,9967.0,104.87903696289698 < la <= 229.98350223552893,0.09427919957107878
ld,88,-0.03500817359375862,0.0,8658.0,35.06259046661786 < ld <= 6168.514134615445,0.06533457765900796
