feature,value,importance,min,max,rule,importance_ratio
la,529.0,0.16609394569731015,0.0,5443.0,232.12256852430914 < la <= 634.8693949676458,0.46052355448585935
age,19.7692307692308,0.04910633820193486,0.0,719.0,4.711007645331282 < age <= 231.9953250592234,0.13615562759736416
ndev,10.0769230769231,0.046512921670566636,0.0,69.0,1.3178935157767122 < ndev <= 19.676973226328325,0.12896494166191994
ld,111.0,0.03879574862764384,0.0,7734.0,100.73397805831269 < ld <= 4104.509049685157,0.10756777426133349
ent,2.90607017735039,0.02582352456536932,0.0,6.1766722717358205,1.859443113064771 < ent <= 3.211235469649216,0.07160008916802667
