feature,value,importance,min,max,rule,importance_ratio
la,436.0,0.16595735822048185,0.0,5443.0,232.12256852430914 < la <= 634.8693949676458,0.46337472954213277
age,30.6666666666667,0.050948297041032375,0.0,719.0,4.711007645331282 < age <= 231.9953250592234,0.14225433337313145
ndev,7.93333333333333,0.0472479417566183,0.0,69.0,1.3178935157767122 < ndev <= 19.676973226328325,0.13192245566966027
ld,153.0,0.03948127415827077,0.0,7734.0,100.73397805831269 < ld <= 4104.509049685157,0.1102369001967498
ent,3.1223500541438103,0.02653947979177771,0.0,6.1766722717358205,1.859443113064771 < ent <= 3.211235469649216,0.07410171144304317
