feature,value,importance,min,max,rule,importance_ratio
la,363.0,0.1676048918431427,0.0,5443.0,232.12256852430914 < la <= 634.8693949676458,0.4293020591842187
ent,4.93651958096804,0.05896576366641735,0.0,6.1766722717358205,ent > 3.2367409858111866,0.15103451626611125
age,35.3650793650794,0.05159916536580307,0.0,719.0,4.711007645331282 < age <= 231.9953250592234,0.13216576020022996
ndev,1.6984126984127,0.04458655063954632,0.0,69.0,1.3178935157767122 < ndev <= 19.676973226328325,0.11420369531572122
ld,558.0,0.04062832399874073,0.0,7734.0,100.73397805831269 < ld <= 4104.509049685157,0.10406511983066925
