feature,value,importance,min,max,rule,importance_ratio
la,416,0.16431672751835585,0.0,5443.0,232.12256852430914 < la <= 634.8693949676458,0.4213519145098801
ent,3.87775381443227,0.05787641034502371,0.0,6.1766722717358205,ent > 3.2367409858111866,0.14841055242602105
age,11.75,0.05240107001812126,0.0,719.0,4.711007645331282 < age <= 231.9953250592234,0.13437031949188002
ndev,3.1875,0.04102797373337599,0.0,69.0,1.3178935157767122 < ndev <= 19.676973226328325,0.10520666728278097
ld,114,0.03533696885234695,0.0,7734.0,100.73397805831269 < ld <= 4104.509049685157,0.0906134129116532
