feature,value,importance,min,max,rule,importance_ratio
la,2447,0.22130064807139815,0.0,5443.0,la > 634.8693949676458,0.523776998413013
age,41.5,0.055061229342890865,0.0,719.0,4.711007645331282 < age <= 231.9953250592234,0.13031957061800067
ndev,7.95,0.04925761851784349,0.0,69.0,1.3178935157767122 < ndev <= 19.676973226328325,0.11658351568823902
ld,26,0.04239569549756307,0.0,7734.0,12.389426610235802 < ld <= 100.73397805831269,0.10034263490354259
ent,2.65525327603158,0.02905092708658112,0.0,6.1766722717358205,1.859443113064771 < ent <= 3.211235469649216,0.06875807876358118
