feature,value,importance,min,max,rule,importance_ratio
la,1217.0,0.22679049620659858,0.0,5443.0,la > 634.8693949676458,0.49513250878938364
ndev,16.2307692307692,0.05366875553248238,0.0,69.0,1.3178935157767122 < ndev <= 19.676973226328325,0.11717045473631693
age,6.76923076923077,0.05153836258127332,0.0,719.0,4.711007645331282 < age <= 231.9953250592234,0.11251934799118044
ld,33.0,0.0441500530576109,0.0,7734.0,12.389426610235802 < ld <= 100.73397805831269,0.09638907669960488
asexp,47.0,-0.03242863588214689,0.0,601.0,2.1975473009537083 < asexp <= 82.10089258924503,0.07079869795918567
