feature,value,importance,min,max,rule,importance_ratio
la,337.0,0.1669788011324811,0.0,5443.0,232.12256852430914 < la <= 634.8693949676458,0.42531761230111065
ent,4.6814475496205805,0.05896477625976982,0.0,6.1766722717358205,ent > 3.2367409858111866,0.15019126786505677
age,69.5952380952381,0.05117335792068975,0.0,719.0,4.711007645331282 < age <= 231.9953250592234,0.13034547054263243
ndev,4.28571428571429,0.04416896557879672,0.0,69.0,1.3178935157767122 < ndev <= 19.676973226328325,0.11250433498369095
ld,228.0,0.04038234524164532,0.0,7734.0,100.73397805831269 < ld <= 4104.509049685157,0.10285930034716678
