feature,value,importance,min,max,rule,importance_ratio
la,219.0,0.11035277089609244,0.0,5443.0,100.89045653715445 < la <= 232.12256852430914,0.3624385815294841
age,19.7368421052632,0.05392722284327827,0.0,719.0,4.711007645331282 < age <= 231.9953250592234,0.17711658705467326
ndev,3.94736842105263,0.04969629971850771,0.0,69.0,1.3178935157767122 < ndev <= 19.676973226328325,0.1632206987733901
ld,214.0,0.036136658684149926,0.0,7734.0,100.73397805831269 < ld <= 4104.509049685157,0.11868591253617707
ent,3.18332759102135,0.027731303572608914,0.0,6.1766722717358205,1.859443113064771 < ent <= 3.211235469649216,0.09107967338929583
