feature,value,importance,min,max,rule,importance_ratio
la,330,0.26793261567833265,0.0,9389.0,la > 259.02565808320827,0.6695308429727045
nd,15,0.04259280418105852,1.0,33.0,4.503916092667653 < nd <= 23.50498996321589,0.10643420927205015
aexp,4145,0.028921384390248807,0.0,4144.0,aexp > 4071.104162527291,0.07227100299721674
ld,318,-0.018653397782744933,0.0,9950.0,24.882467942900547 < ld <= 1866.9949643956745,0.04661256006540141
age,107.903225806452,0.018588376723093818,0.0,1019.0,21.355116215938807 < age <= 151.08747456179282,0.04645008038830434
