feature,value,importance,min,max,rule,importance_ratio
la,552,0.2633236229843374,0.0,9389.0,la > 259.02565808320827,0.6957251557922733
nd,8,0.0422885332328607,1.0,33.0,4.503916092667653 < nd <= 23.50498996321589,0.11173018219261217
age,21.4761904761905,0.019018153905121453,0.0,1019.0,21.355116215938807 < age <= 151.08747456179282,0.0502477063719766
ld,1045,-0.01823749352846509,0.0,9950.0,24.882467942900547 < ld <= 1866.9949643956745,0.04818513007891683
nuc,34.9047619047619,-0.01749003078649297,0.0,1520.0,23.10887044038192 < nuc <= 48.480082529455615,0.04621026498054925
