feature,value,importance,min,max,rule,importance_ratio
la,447,0.2600295434170398,0.0,9389.0,la > 259.02565808320827,0.6869397845004526
nd,8,0.04263363338032188,1.0,33.0,4.503916092667653 < nd <= 23.50498996321589,0.11262850575320606
ld,0,-0.02096614555395719,0.0,9950.0,ld <= 2.325988394499234,0.055387858315551215
age,25.7,0.019220526159633045,0.0,1019.0,21.355116215938807 < age <= 151.08747456179282,0.05077632304613898
asexp,0.0833130478858948,-0.01376234941997203,0.0,2327.0,-0.8058376987231384 < asexp <= -0.8058376987231384,0.03635704320571444
