feature,value,importance,min,max,rule,importance_ratio
la,134,0.21729106036998336,0.0,9389.0,77.73891199130318 < la <= 259.02565808320827,0.6336532332005432
nd,3,0.028236728449267584,1.0,33.0,2.4996932323495513 < nd <= 3.4887902283506924,0.08234252364740088
ld,130,-0.025998081239411778,0.0,9950.0,24.882467942900547 < ld <= 1866.9949643956745,0.07581429353933675
age,7.1,0.02481179668702016,0.0,1019.0,1.9558850614185843 < age <= 21.355116215938807,0.07235491034686259
nuc,53.2,-0.021229459236341917,0.0,1520.0,48.480082529455615 < nuc <= 193.0959914371757,0.061908278515011884
