feature,value,importance,min,max,rule,importance_ratio
la,70,0.09121501070557901,0.0,9389.0,36.80319513184074 < la <= 77.73891199130318,0.28932965602652344
nuc,250.0,0.06114023657019767,0.0,1520.0,nuc > 193.0959914371757,0.19393390933575366
nd,1,-0.04528759339189856,1.0,33.0,nd <= 1.5105962363484104,0.14365008255758108
ndev,54.0,-0.03629051951714412,0.0,67.0,ndev > 51.97447818373797,0.11511179407532464
asexp,3.0,0.02874593949183549,0.0,2327.0,3.0562456227978316 < asexp <= 284.98832809382935,0.09118074668847591
