feature,value,importance,min,max,rule,importance_ratio
la,384,0.26192964823389575,0.0,9389.0,la > 259.02565808320827,0.6984454243893613
nd,3,0.034684550042812894,1.0,33.0,2.4996932323495513 < nd <= 3.4887902283506924,0.09248767918312943
age,21.111111111111104,0.022636470724141135,0.0,1019.0,1.9558850614185843 < age <= 21.355116215938807,0.06036101490688035
ld,347,-0.017226116885771817,0.0,9950.0,24.882467942900547 < ld <= 1866.9949643956745,0.045934099480482826
nuc,7.33333333333333,-0.0169255961140614,0.0,1520.0,0.2747795602155918 < nuc <= 7.886143186937701,0.04513274934944433
