feature,value,importance,min,max,rule,importance_ratio
la,143,0.21706667757005432,0.0,9389.0,77.73891199130318 < la <= 259.02565808320827,0.60547887491434
ndev,11.4285714285714,-0.032117206208634314,0.0,67.0,10.846402884905007 < ndev <= 15.443430675385592,0.0895867117803921
ld,143,-0.026586249107012145,0.0,9950.0,24.882467942900547 < ld <= 1866.9949643956745,0.07415883625118343
age,16.571428571428598,0.02481389847727971,0.0,1019.0,1.9558850614185843 < age <= 21.355116215938807,0.06921509786970023
nuc,106.142857142857,-0.02091624895188939,0.0,1520.0,48.480082529455615 < nuc <= 193.0959914371757,0.058343118458295117
