feature,value,importance,min,max,rule,importance_ratio
la,717,0.26359800538081063,0.0,9389.0,la > 259.02565808320827,0.6307148220599146
nd,7,0.04261575879762982,1.0,33.0,4.503916092667653 < nd <= 23.50498996321589,0.10196735247736446
ndev,2.90909090909091,0.04107321373420806,0.0,67.0,2.0201095271822833 < ndev <= 3.000808789151475,0.09827648223049013
age,10.4545454545455,0.023529637951668642,0.0,1019.0,1.9558850614185843 < age <= 21.355116215938807,0.05629971058537174
ld,287,-0.01753012416101126,0.0,9950.0,24.882467942900547 < ld <= 1866.9949643956745,0.04194458575256472
