feature,value,importance,min,max,rule,importance_ratio
la,104,0.21470212874964148,0.0,9389.0,77.73891199130318 < la <= 259.02565808320827,0.5811271500830134
ld,17,0.04449374044280332,0.0,9950.0,13.60422816869989 < ld <= 24.882467942900547,0.12042973551608432
nd,8,0.033302638247320354,1.0,33.0,4.503916092667653 < nd <= 23.50498996321589,0.09013914937693954
nuc,71.1666666666667,-0.021265920507344552,0.0,1520.0,48.480082529455615 < nuc <= 193.0959914371757,0.05755976361434044
age,44.5,0.017805006027978205,0.0,1019.0,21.355116215938807 < age <= 151.08747456179282,0.04819222087134116
