feature,value,importance,min,max,rule,importance_ratio
la,175,0.21605936587054497,0.0,9389.0,77.73891199130318 < la <= 259.02565808320827,0.6569912293355061
asexp,0.984374990570332,-0.03482326394966475,0.0,2327.0,-0.8058376987231384 < asexp <= -0.8058376987231384,0.10589024409834231
ld,33,-0.026588443671207548,0.0,9950.0,24.882467942900547 < ld <= 1866.9949643956745,0.0808498822686119
age,43.0,0.01849490409838109,0.0,1019.0,21.355116215938807 < age <= 151.08747456179282,0.056239125441653486
nuc,33.1666666666667,-0.01268866567945366,0.0,1520.0,23.10887044038192 < nuc <= 48.480082529455615,0.03858357183352257
