feature,value,importance,min,max,rule,importance_ratio
la,300,0.26193758461934125,0.0,9389.0,la > 259.02565808320827,0.6891393749149952
nd,5,0.041303460975723266,1.0,33.0,4.503916092667653 < nd <= 23.50498996321589,0.10866650282356648
ld,151,-0.019858243949601943,0.0,9950.0,24.882467942900547 < ld <= 1866.9949643956745,0.052245644099627515
age,69.9411764705882,0.018677647562424786,0.0,1019.0,21.355116215938807 < age <= 151.08747456179282,0.04913957798289013
aexp,4431,0.013897918141412103,0.0,4144.0,aexp > 4071.104162527291,0.036564445818308526
