feature,value,importance,min,max,rule,importance_ratio
la,145,0.21429435690828078,0.0,9389.0,77.73891199130318 < la <= 259.02565808320827,0.6066467664641478
nd,1,-0.0425238090234505,1.0,33.0,nd <= 1.5105962363484104,0.12038082390035325
asexp,0.757164004342913,-0.03428425110150017,0.0,2327.0,-0.8058376987231384 < asexp <= -0.8058376987231384,0.09705542587046202
ld,12,0.02152415519899457,0.0,9950.0,6.085401652566119 < ld <= 13.60422816869989,0.06093281848728869
age,35.5,0.017015043562857834,0.0,1019.0,21.355116215938807 < age <= 151.08747456179282,0.048167956018889686
