feature,value,importance,min,max,rule,importance_ratio
la,210,0.21739074518993995,0.0,9389.0,77.73891199130318 < la <= 259.02565808320827,0.6097038729588462
ndev,12.166666666666698,-0.03317980968966576,0.0,67.0,10.846402884905007 < ndev <= 15.443430675385592,0.09305758832627081
ld,27,-0.025617834197100148,0.0,9950.0,24.882467942900547 < ld <= 1866.9949643956745,0.0718489313477561
asexp,191.0,0.024746167388301328,0.0,2327.0,3.0562456227978316 < asexp <= 284.98832809382935,0.06940421536506802
nuc,92.6666666666667,-0.02235512030962487,0.0,1520.0,48.480082529455615 < nuc <= 193.0959914371757,0.06269817706052921
