feature,value,importance,min,max,rule,importance_ratio
la,851,0.2605671511374468,0.0,9389.0,la > 259.02565808320827,0.6904063115959849
nd,1,-0.044832330148868234,1.0,33.0,nd <= 1.5105962363484104,0.1187890475189116
age,90.1428571428571,0.018563196618691533,0.0,1019.0,21.355116215938807 < age <= 151.08747456179282,0.049185586337325685
ld,243,-0.017593262486242486,0.0,9950.0,24.882467942900547 < ld <= 1866.9949643956745,0.046615620614662644
asexp,0.0833168029785156,-0.012357693033113164,0.0,2327.0,-0.8058376987231384 < asexp <= -0.8058376987231384,0.03274330332731234
