feature,value,importance,min,max,rule,importance_ratio
la,138,0.2154787329980672,0.0,9389.0,77.73891199130318 < la <= 259.02565808320827,0.647852613294304
ld,17,0.043610471366080865,0.0,9950.0,13.60422816869989 < ld <= 24.882467942900547,0.1311180804175479
age,25.1666666666667,0.01844664707150362,0.0,1019.0,21.355116215938807 < age <= 151.08747456179282,0.05546119723981548
asexp,0.318243363258622,-0.015069640062475869,0.0,2327.0,-0.8058376987231384 < asexp <= -0.8058376987231384,0.0453079780080529
nd,4,0.014167716538793562,1.0,33.0,3.4887902283506924 < nd <= 4.503916092667653,0.04259627878985474
