feature,value,importance,min,max,rule,importance_ratio
la,201,0.21438435127101135,0.0,9389.0,77.73891199130318 < la <= 259.02565808320827,0.6546967063188113
aexp,434,-0.029153162529632355,0.0,4144.0,400.33772908055585 < aexp <= 698.7740244827294,0.08902925691063779
ld,10,0.020801511026672527,0.0,9950.0,6.085401652566119 < ld <= 13.60422816869989,0.06352460277476618
asexp,0.416580199231674,-0.018416214518654245,0.0,2327.0,-0.8058376987231384 < asexp <= -0.8058376987231384,0.05624027554596022
age,47.2,0.017852966791603555,0.0,1019.0,21.355116215938807 < age <= 151.08747456179282,0.05452020395698736
