feature,value,importance,min,max,rule,importance_ratio
la,126,0.2134811290902672,0.0,9389.0,77.73891199130318 < la <= 259.02565808320827,0.6481196672505493
nd,3,0.028487280195959117,1.0,33.0,2.4996932323495513 < nd <= 3.4887902283506924,0.08648617627308557
asexp,14.0,0.02618484281669787,0.0,2327.0,3.0562456227978316 < asexp <= 284.98832809382935,0.07949607389508545
ld,0,-0.02219892936823308,0.0,9950.0,ld <= 2.325988394499234,0.06739500946415788
age,32.0,0.017688379749375455,0.0,1019.0,21.355116215938807 < age <= 151.08747456179282,0.05370117183762467
