commit_id,label,pred,score_or_proba,feature,value_actual,min,max,operator,threshold
,True,True,0.9960082910769132,nuc,64.4705882352941,0.0,209.0,>,29.00000095367432
,True,True,0.9960082910769132,la,1236.0,0.0,5956.0,<,113.44499969482422
