,nuc,aexp,ndev,nd,age,asexp,la,ld,target
0,31.67,151.0,0.42,3.0,93.58,1.25,389.0,31.0,True
1,7.33,422.0,1.33,2.0,86.33,341.0,870.0,187.0,True
2,271.0,600.0,2.0,3.0,148.33,1.97,151.0,119.0,False
3,118.4,9.0,0.9,4.0,102.3,0.58,138.0,75.0,True
4,72.29,11.0,0.59,6.0,69.06,1.12,1131.0,262.0,True
5,152.53,118.0,0.74,6.0,96.63,0.62,618.0,146.0,True
6,91.2,70.0,2.2,3.0,103.6,60.0,79.0,13.0,True
7,3.86,64.0,0.71,5.0,73.71,55.0,657.0,24.0,True
8,10.38,72.0,0.38,4.0,169.92,63.0,320.0,47.0,True
9,14.11,46.0,1.56,3.0,90.11,33.0,167.0,110.0,True
10,19.0,86.0,6.0,2.0,159.0,66.0,33.0,25.0,False
11,6.5,9.0,2.5,2.0,160.5,2.0,42.0,106.0,False
12,3.27,101.0,0.82,2.0,151.0,0.06,107.0,70.0,True
13,3.2,82.0,1.2,1.0,118.8,42.0,497.0,36.0,True
14,10.0,108.0,4.0,1.0,78.0,63.0,527.0,81.0,False
15,12.78,6.0,1.89,4.0,95.11,0.48,700.0,34.0,False
16,5.44,22.0,1.44,5.0,166.67,13.0,75.0,51.0,True
17,24.19,28.0,1.44,5.0,81.06,0.35,1229.0,48.0,False
18,4.39,40.0,0.78,4.0,65.22,0.02,471.0,130.0,False
19,15.29,445.0,2.57,6.0,96.0,0.0,917.0,262.0,False
20,2.08,29.0,0.62,2.0,182.31,0.08,1071.0,9.0,True
21,42.62,140.0,2.75,5.0,106.62,0.25,221.0,17.0,False
22,9.6,480.0,2.2,2.0,166.0,127.0,767.0,505.0,True
23,22.5,485.0,3.75,3.0,79.0,131.0,666.0,47.0,False
24,7.0,502.0,0.92,4.0,146.77,141.0,246.0,61.0,True
25,24.71,82.0,2.29,2.0,111.29,62.0,127.0,82.0,True
26,12.5,102.0,3.0,4.0,111.75,0.0,459.0,10.0,False
27,14.33,163.0,3.0,3.0,164.67,111.0,88.0,12.0,False
28,7.44,107.0,1.11,3.0,69.56,94.0,769.0,3.0,True
29,5.46,1.0,0.62,3.0,193.69,0.0,125.0,51.0,False
30,11.86,1.0,2.29,3.0,186.29,0.5,23.0,9.0,False
31,4.4,14.0,1.3,4.0,71.0,1.0,455.0,236.0,True
32,21.0,12.0,4.67,1.0,111.67,7.0,346.0,357.0,False
33,6.0,21.0,3.5,2.0,157.0,13.0,10.0,0.0,False
34,4.07,14.0,1.07,6.0,102.71,0.03,343.0,26.0,False
35,3.0,17.0,1.67,3.0,94.17,1.0,229.0,27.0,True
36,48.17,9.0,4.33,3.0,113.0,5.0,181.0,47.0,False
37,9.6,14.0,3.4,4.0,67.4,0.04,780.0,66.0,False
38,31.55,39.0,2.64,2.0,168.36,0.5,344.0,11.0,False
39,8.25,32.0,1.62,3.0,85.5,0.48,441.0,38.0,False
40,19.18,16.0,2.36,5.0,80.73,1.21,192.0,124.0,True
41,7.33,19.0,1.89,3.0,85.33,0.19,302.0,132.0,False
42,24.33,53.0,2.33,2.0,117.22,0.5,269.0,3.0,True
43,7.91,37.0,1.45,3.0,88.55,0.48,290.0,74.0,False
44,7.38,10.0,1.12,4.0,116.0,4.0,69.0,4.0,True
45,9.92,198.0,1.25,2.0,154.08,0.0,415.0,37.0,False
46,14.11,18.0,1.16,2.0,80.95,0.86,834.0,330.0,True
47,32.5,48.0,4.83,3.0,99.83,33.0,69.0,0.0,False
48,79.33,87.0,6.83,5.0,146.0,0.6,653.0,41.0,False
49,56.33,99.0,5.83,5.0,159.0,0.87,172.0,28.0,False
50,8.91,271.0,2.09,6.0,83.91,0.0,1360.0,10.0,False
51,21.5,45.0,2.33,4.0,79.5,19.0,163.0,93.0,True
52,25.09,43.0,3.18,5.0,126.45,0.32,54.0,38.0,False
53,14.29,29.0,3.14,3.0,164.57,0.51,694.0,137.0,False
54,25.93,276.0,2.64,3.0,52.43,0.25,674.0,54.0,False
55,25.72,23.0,2.39,5.0,134.33,0.5,213.0,150.0,False
56,25.36,286.0,2.73,3.0,95.82,0.25,500.0,96.0,False
57,4.5,0.0,3.0,2.0,80.0,0.0,430.0,2.0,False
58,9.4,31.0,3.4,3.0,195.6,21.0,196.0,115.0,False
59,11.0,0.0,5.0,2.0,124.0,0.0,79.0,5.0,False
60,18.44,109.0,3.11,3.0,130.44,0.0,127.0,65.0,False
61,6.5,42.0,5.0,2.0,128.5,0.38,100.0,3.0,False
62,17.85,45.0,1.85,4.0,99.95,0.33,206.0,209.0,False
63,20.79,69.0,1.47,5.0,129.94,0.88,226.0,65.0,True
64,21.43,78.0,3.36,6.0,65.5,0.5,1158.0,204.0,False
65,15.67,148.0,4.0,5.0,137.0,0.33,295.0,11.0,False
66,4.5,89.0,3.5,2.0,147.0,66.0,64.0,0.0,False
67,68.2,46.0,9.0,2.0,71.2,26.0,556.0,60.0,False
68,9.0,91.0,2.8,3.0,96.0,0.72,1532.0,1.0,False
69,18.4,154.0,4.6,1.0,116.8,0.48,296.0,169.0,False
70,45.14,380.0,6.57,4.0,79.86,0.0,235.0,19.0,False
71,20.03,109.0,1.76,3.0,108.34,0.58,471.0,110.0,False
72,53.69,174.0,4.15,5.0,145.92,0.5,219.0,16.0,False
73,30.0,56.0,4.22,5.0,122.56,1.2,277.0,107.0,False
74,14.0,28.0,4.0,1.0,146.0,21.0,279.0,177.0,False
75,14.8,197.0,3.4,3.0,143.4,142.0,28.0,19.0,False
76,8.0,29.0,1.69,4.0,162.92,0.6,579.0,34.0,True
77,7.8,5.0,3.4,3.0,192.4,0.27,64.0,26.0,False
78,42.0,202.0,4.62,1.0,123.38,147.0,470.0,53.0,False
79,22.43,192.0,4.29,5.0,72.14,129.0,434.0,11.0,False
80,25.56,5.0,4.67,5.0,199.33,0.33,245.0,309.0,False
81,29.0,66.0,7.25,2.0,126.25,0.95,109.0,25.0,False
82,23.08,92.0,2.33,4.0,107.46,0.89,667.0,110.0,False
83,35.17,332.0,5.0,4.0,163.83,0.37,47.0,25.0,False
84,29.83,231.0,6.5,2.0,109.5,164.0,173.0,21.0,False
85,50.65,233.0,3.18,4.0,142.35,166.0,260.0,72.0,False
86,25.28,510.0,2.22,5.0,102.33,0.0,201.0,167.0,False
87,24.77,203.0,3.38,4.0,122.23,1.01,114.0,35.0,False
88,23.78,238.0,4.56,3.0,84.89,1.0,303.0,16.0,False
89,79.67,6.0,8.5,5.0,94.5,0.5,200.0,37.0,False
90,24.0,71.0,5.5,2.0,146.75,0.0,69.0,4.0,False
91,23.86,0.0,3.57,3.0,164.07,0.0,289.0,6.0,False
92,64.33,347.0,5.78,5.0,160.89,228.0,77.0,7.0,False
93,20.2,150.0,2.2,5.0,168.3,0.0,420.0,43.0,False
94,15.32,72.0,2.0,6.0,102.14,0.0,620.0,482.0,False
95,13.5,605.0,6.5,2.0,67.0,0.03,571.0,0.0,False
96,49.83,280.0,4.58,3.0,116.25,195.0,135.0,26.0,False
97,11.73,289.0,2.64,2.0,82.27,0.5,311.0,187.0,False
98,13.18,616.0,3.45,4.0,141.09,129.0,28.0,71.0,False
99,20.14,161.0,2.71,4.0,147.29,32.0,272.0,36.0,False
100,42.83,633.0,2.42,5.0,86.79,0.0,865.0,324.0,False
101,65.07,361.0,4.57,6.0,144.29,0.09,210.0,62.0,False
102,43.67,17.0,2.58,5.0,110.5,0.25,638.0,36.0,False
103,100.29,642.0,9.14,4.0,84.43,0.0,923.0,1.0,False
104,24.0,122.0,4.25,2.0,143.75,94.0,4.0,88.0,True
105,52.89,140.0,6.0,4.0,104.44,0.88,38.0,35.0,False
106,9.08,15.0,2.0,2.0,185.42,0.38,534.0,2.0,False
107,30.15,659.0,2.6,5.0,88.9,0.03,580.0,262.0,False
108,9.5,317.0,6.5,1.0,145.5,1.0,199.0,1.0,False
109,20.75,144.0,2.92,5.0,176.92,0.83,146.0,36.0,False
110,22.6,665.0,3.3,4.0,89.7,0.03,370.0,62.0,False
111,22.6,665.0,3.3,4.0,89.7,0.03,372.0,64.0,False
112,18.5,115.0,5.0,5.0,114.33,0.48,311.0,40.0,False
113,17.4,332.0,4.0,3.0,111.4,237.0,79.0,15.0,False
114,70.67,367.0,3.14,5.0,69.29,0.06,401.0,88.0,False
115,5.7,52.0,1.9,1.0,163.5,37.0,266.0,76.0,True
116,23.69,347.0,2.56,2.0,126.19,249.0,1102.0,402.0,True
117,70.67,217.0,8.17,3.0,106.83,0.5,176.0,23.0,False
118,27.0,376.0,3.54,1.0,138.46,0.06,840.0,1.0,False
119,62.75,136.0,4.75,2.0,76.33,105.0,533.0,397.0,False
120,105.14,37.0,8.29,3.0,119.43,0.53,229.0,34.0,False
121,3.0,106.0,0.38,5.0,91.85,4.0,1449.0,201.0,True
122,18.88,87.0,4.12,3.0,133.12,0.19,82.0,27.0,False
123,43.43,691.0,6.43,4.0,156.29,0.03,158.0,27.0,False
124,13.4,1.0,1.73,4.0,52.0,0.5,871.0,43.0,True
125,16.6,693.0,4.0,5.0,100.5,30.0,373.0,2.0,True
126,4.58,9.0,0.61,3.0,151.37,0.0,252.0,43.0,False
127,24.33,3.0,8.33,1.0,120.33,0.0,318.0,97.0,False
128,2.19,388.0,0.71,5.0,108.71,0.25,169.0,142.0,True
129,21.88,89.0,4.25,3.0,114.5,0.1,276.0,16.0,False
130,6.86,147.0,1.57,2.0,152.29,0.5,580.0,26.0,True
131,19.25,151.0,3.88,2.0,103.25,0.83,609.0,114.0,False
132,138.12,396.0,9.75,5.0,147.12,0.17,486.0,10.0,False
133,15.5,122.0,5.5,2.0,169.0,0.21,52.0,1.0,False
134,8.53,155.0,1.0,5.0,124.53,0.63,678.0,78.0,True
135,36.29,108.0,7.43,2.0,105.86,0.02,147.0,40.0,False
136,43.5,414.0,8.0,2.0,116.17,301.0,484.0,157.0,False
137,43.17,709.0,3.17,5.0,106.83,0.0,250.0,100.0,False
138,31.5,93.0,4.08,5.0,185.58,0.16,45.0,19.0,False
139,27.67,7.0,8.67,2.0,144.0,1.23,32.0,58.0,False
140,7.5,156.0,3.25,3.0,92.5,1.21,101.0,7.0,False
141,91.62,157.0,7.5,4.0,142.75,1.21,204.0,197.0,False
142,57.73,432.0,6.45,4.0,137.64,0.0,196.0,107.0,False
143,6.71,70.0,1.05,4.0,196.95,0.75,656.0,215.0,True
144,10.0,1.0,3.2,2.0,108.0,0.0,269.0,16.0,False
145,9.75,169.0,1.75,3.0,152.75,36.0,77.0,17.0,True
146,2.14,64.0,1.14,2.0,125.57,0.13,711.0,7.0,True
147,30.6,45.0,6.8,2.0,111.0,1.03,997.0,158.0,False
148,63.4,172.0,6.1,3.0,74.6,0.62,198.0,44.0,False
149,40.0,17.0,9.0,4.0,158.8,3.0,45.0,24.0,False
150,21.4,78.0,2.27,4.0,214.33,0.35,209.0,121.0,False
151,81.77,490.0,6.62,5.0,48.69,0.08,897.0,79.0,False
152,56.29,190.0,8.0,5.0,129.14,146.0,72.0,147.0,False
153,26.0,83.0,3.18,3.0,88.36,0.35,158.0,86.0,False
154,7.0,0.0,4.0,1.0,133.5,0.0,178.0,69.0,False
155,7.0,0.0,4.0,1.0,133.5,0.0,178.0,69.0,False
156,28.77,93.0,3.69,2.0,123.69,0.76,439.0,94.0,False
157,18.5,3.0,5.5,1.0,108.25,0.88,310.0,55.0,False
158,20.07,101.0,3.14,1.0,84.5,0.76,781.0,126.0,False
159,1.8,105.0,0.6,3.0,137.4,0.67,171.0,109.0,True
160,113.83,92.0,10.17,2.0,141.17,30.0,327.0,52.0,False
161,27.4,3.0,6.0,2.0,92.6,3.0,376.0,5.0,False
162,80.6,109.0,7.8,2.0,111.9,0.42,501.0,414.0,False
163,12.77,8.0,2.15,1.0,102.62,0.5,354.0,41.0,False
164,17.25,92.0,3.12,5.0,165.0,0.75,189.0,97.0,False
165,71.88,1.0,8.0,3.0,121.75,0.5,424.0,82.0,False
166,19.91,102.0,3.09,5.0,73.45,0.35,314.0,51.0,False
167,13.5,104.0,5.0,4.0,150.83,0.29,12.0,8.0,False
168,9.69,93.0,2.77,4.0,208.31,0.0,610.0,163.0,False
169,70.0,29.0,6.78,3.0,129.67,0.39,290.0,9.0,False
170,44.0,0.0,4.45,3.0,151.55,0.0,391.0,90.0,False
171,20.56,10.0,4.56,3.0,152.33,9.0,93.0,202.0,False
172,22.5,7.0,4.8,5.0,82.3,0.51,843.0,59.0,False
173,11.25,610.0,4.25,2.0,145.75,17.0,1209.0,0.0,False
174,13.25,0.0,4.75,2.0,85.75,0.0,279.0,32.0,False
175,28.29,163.0,2.04,5.0,82.21,130.0,541.0,262.0,True
176,20.41,425.0,2.76,3.0,82.06,0.06,443.0,49.0,False
177,23.59,173.62,2.45,3.52,136.14,0.3,433.57,88.64,False
178,21.65,89.06,2.29,3.94,205.29,0.34,234.97,117.26,False
179,24.6,217.76,2.53,3.29,100.05,0.28,537.21,73.71,False
180,23.49,169.25,2.44,3.54,139.72,0.3,423.31,90.12,False
181,22.62,131.47,2.37,3.73,170.61,0.32,334.58,102.91,False
182,24.57,216.41,2.53,3.3,101.16,0.28,534.04,74.17,False
183,21.76,93.55,2.3,3.92,201.62,0.34,245.51,115.74,False
184,23.4,165.38,2.43,3.56,142.88,0.3,414.2,91.43,False
185,23.77,181.5,2.46,3.48,129.7,0.3,452.07,85.98,False
186,25.6,261.76,2.62,3.07,64.08,0.26,640.55,58.82,False
187,25.32,249.51,2.59,3.13,74.09,0.26,611.8,62.96,False
188,22.79,138.63,2.38,3.69,164.76,0.32,351.38,100.48,False
189,25.18,243.16,2.58,3.17,79.28,0.27,596.89,65.11,False
190,24.85,228.92,2.55,3.24,90.92,0.27,563.44,69.93,False
191,23.23,158.19,2.42,3.6,148.76,0.31,397.32,93.87,False
192,25.59,261.39,2.62,3.07,64.37,0.26,639.69,58.94,False
193,24.09,195.79,2.49,3.41,118.01,0.29,485.63,81.14,False
194,25.62,262.37,2.62,3.07,63.58,0.26,641.98,58.61,False
195,25.69,265.51,2.62,3.05,61.0,0.25,649.37,57.55,False
196,21.44,79.91,2.27,3.99,212.77,0.35,213.49,120.35,False
197,24.06,194.11,2.49,3.41,119.39,0.29,481.69,81.71,False
198,23.56,172.3,2.45,3.52,137.22,0.3,430.46,89.09,False
199,21.91,100.28,2.31,3.89,196.12,0.34,261.32,113.46,False
200,25.1,239.93,2.57,3.18,81.92,0.27,589.3,66.2,False
201,25.91,275.28,2.64,3.0,53.02,0.25,672.31,54.24,False
202,23.91,187.84,2.48,3.45,124.51,0.29,466.97,83.83,False
203,23.8,182.75,2.47,3.47,128.68,0.3,455.01,85.55,False
204,25.01,235.86,2.57,3.2,85.25,0.27,579.73,67.58,False
205,25.78,269.39,2.63,3.03,57.83,0.25,658.49,56.24,False
206,21.43,79.53,2.27,3.99,213.08,0.35,212.59,120.48,False
207,21.46,80.54,2.27,3.99,212.25,0.35,214.97,120.14,False
208,24.22,201.48,2.5,3.38,113.36,0.29,499.0,79.22,False
209,24.09,195.82,2.49,3.4,117.99,0.29,485.71,81.13,False
210,25.48,256.42,2.61,3.1,68.44,0.26,628.02,60.63,False
211,25.19,243.87,2.58,3.16,78.7,0.27,598.55,64.87,False
212,23.57,173.02,2.45,3.52,136.64,0.3,432.14,88.85,False
213,22.13,110.1,2.33,3.84,188.08,0.33,284.39,110.14,False
214,25.41,253.44,2.6,3.11,70.88,0.26,621.01,61.63,False
215,24.95,233.2,2.56,3.22,87.42,0.27,573.49,68.48,False
216,25.7,265.98,2.62,3.05,60.63,0.25,650.46,57.39,False
217,22.76,137.43,2.38,3.7,165.74,0.32,348.56,100.89,False
218,22.0,104.4,2.32,3.87,192.75,0.33,270.99,112.07,False
219,22.69,134.42,2.37,3.72,168.2,0.32,341.49,101.91,False
220,22.23,114.19,2.34,3.82,184.74,0.33,293.98,108.76,False
221,23.99,191.09,2.48,3.43,121.86,0.29,474.59,82.73,False
222,25.12,240.52,2.58,3.18,81.44,0.27,590.66,66.01,False
223,25.07,238.44,2.57,3.19,83.14,0.27,585.8,66.71,False
224,21.75,93.18,2.3,3.92,201.92,0.34,244.65,115.86,False
225,25.27,247.38,2.59,3.14,75.83,0.26,606.78,63.69,False
226,24.14,197.62,2.49,3.4,116.52,0.29,489.92,80.52,False
227,21.65,89.07,2.29,3.94,205.28,0.34,235.0,117.25,False
228,22.38,120.91,2.35,3.78,179.24,0.33,309.78,106.48,False
229,25.41,253.24,2.6,3.11,71.04,0.26,620.56,61.7,False
230,23.36,163.69,2.43,3.57,144.27,0.31,410.23,92.01,False
231,22.88,142.82,2.39,3.67,161.33,0.32,361.23,99.07,False
232,22.01,104.48,2.32,3.87,192.68,0.33,271.18,112.04,False
233,22.4,121.84,2.35,3.78,178.49,0.33,311.96,106.17,False
234,21.42,78.73,2.27,4.0,213.73,0.35,210.72,120.75,False
235,25.89,274.48,2.64,3.01,53.67,0.25,670.44,54.51,False
236,21.62,87.71,2.29,3.95,206.39,0.34,231.81,117.71,False
237,22.94,145.51,2.39,3.66,159.13,0.31,367.55,98.16,False
238,22.45,123.71,2.35,3.77,176.96,0.33,316.34,105.53,False
239,22.3,117.14,2.34,3.8,182.33,0.33,300.92,107.75,False
240,23.21,157.21,2.42,3.6,149.56,0.31,395.03,94.2,False
241,24.85,228.66,2.55,3.24,91.13,0.27,562.83,70.02,False
242,24.27,203.42,2.5,3.37,111.78,0.29,503.55,78.56,False
243,23.3,161.12,2.42,3.58,146.37,0.31,404.21,92.87,False
244,22.86,141.69,2.39,3.68,162.25,0.32,358.58,99.45,False
245,24.79,226.42,2.55,3.25,92.97,0.27,557.55,70.78,False
246,23.48,169.12,2.44,3.54,139.83,0.3,422.99,90.17,False
247,21.68,90.39,2.29,3.94,204.2,0.34,238.09,116.81,False
248,23.08,151.45,2.41,3.63,154.27,0.31,381.5,96.15,False
249,22.66,133.22,2.37,3.72,169.18,0.32,338.68,102.32,False
250,22.04,106.08,2.32,3.86,191.37,0.33,274.95,111.5,False
251,25.08,238.78,2.57,3.19,82.87,0.27,586.58,66.6,False
252,25.55,259.24,2.61,3.08,66.13,0.26,634.64,59.67,False
253,23.17,155.52,2.41,3.61,150.94,0.31,391.07,94.77,False
254,22.05,106.22,2.32,3.86,191.26,0.33,275.26,111.45,False
255,24.05,194.0,2.49,3.41,119.48,0.29,481.43,81.75,False
256,23.79,182.62,2.47,3.47,128.78,0.3,454.71,85.6,False
257,23.29,160.56,2.42,3.58,146.83,0.31,402.89,93.06,False
258,23.8,183.11,2.47,3.47,128.39,0.3,455.85,85.43,False
259,24.47,212.04,2.52,3.32,104.73,0.28,523.79,75.64,False
260,24.26,203.16,2.5,3.37,111.99,0.29,502.94,78.65,False
261,24.84,228.41,2.55,3.24,91.35,0.27,562.23,70.1,False
262,25.57,260.3,2.61,3.08,65.26,0.26,637.14,59.31,False
263,25.31,248.95,2.59,3.14,74.55,0.26,610.47,63.15,False
264,22.44,123.33,2.35,3.77,177.27,0.33,315.45,105.66,False
265,25.78,269.37,2.63,3.03,57.85,0.25,658.44,56.24,False
266,22.31,117.88,2.34,3.8,181.72,0.33,302.66,107.5,False
267,23.67,177.25,2.46,3.5,133.18,0.3,442.08,87.42,False
268,21.95,102.02,2.31,3.88,194.69,0.34,265.41,112.87,False
269,23.83,184.04,2.47,3.46,127.62,0.3,458.04,85.12,False
270,22.66,133.25,2.37,3.72,169.15,0.32,338.76,102.3,False
271,21.95,101.92,2.31,3.88,194.77,0.34,265.18,112.91,False
272,23.41,166.05,2.43,3.56,142.34,0.3,415.78,91.21,False
273,22.1,108.62,2.32,3.85,189.29,0.33,280.92,110.64,False
274,23.44,167.09,2.44,3.55,141.49,0.3,418.22,90.85,False
275,25.73,267.16,2.63,3.04,59.66,0.25,653.23,56.99,False
276,22.85,141.21,2.39,3.68,162.64,0.32,357.46,99.61,False
277,21.41,78.66,2.27,4.0,213.8,0.35,210.54,120.78,False
278,25.52,257.94,2.61,3.09,67.2,0.26,631.59,60.11,False
279,24.92,232.01,2.56,3.22,88.4,0.27,570.69,68.89,False
280,22.24,114.84,2.34,3.81,184.21,0.33,295.51,108.54,False
281,22.39,121.48,2.35,3.78,178.78,0.33,311.1,106.29,False
282,23.77,181.68,2.46,3.48,129.55,0.3,452.49,85.92,False
283,21.83,96.77,2.3,3.91,198.99,0.34,253.08,114.65,False
284,22.45,123.75,2.35,3.77,176.92,0.33,316.45,105.52,False
285,24.17,199.24,2.5,3.39,115.2,0.29,493.73,79.97,False
286,25.42,253.61,2.6,3.11,70.74,0.26,621.42,61.58,False
287,23.22,157.73,2.42,3.6,149.14,0.31,396.24,94.02,False
288,25.16,242.26,2.58,3.17,80.02,0.27,594.76,65.42,False
289,25.67,264.82,2.62,3.06,61.57,0.25,647.74,57.78,False
290,25.79,270.07,2.63,3.03,57.28,0.25,660.06,56.01,False
291,21.74,93.08,2.3,3.92,202.0,0.34,244.42,115.9,False
292,22.05,106.4,2.32,3.86,191.11,0.33,275.69,111.39,False
293,21.82,96.3,2.3,3.91,199.37,0.34,251.97,114.81,False
294,25.87,273.37,2.64,3.01,54.58,0.25,667.82,54.89,False
295,23.23,157.85,2.42,3.6,149.04,0.31,396.52,93.98,False
296,24.86,229.29,2.55,3.24,90.62,0.27,564.3,69.81,False
297,23.11,152.83,2.41,3.62,153.14,0.31,384.74,95.68,False
298,21.93,101.37,2.31,3.88,195.22,0.34,263.89,113.09,False
299,25.22,244.93,2.58,3.16,77.83,0.26,601.04,64.51,False
300,23.45,167.44,2.44,3.55,141.2,0.3,419.04,90.74,False
301,23.52,170.72,2.44,3.53,138.51,0.3,426.75,89.62,False
302,25.8,270.47,2.63,3.03,56.95,0.25,661.02,55.87,False
303,23.01,148.39,2.4,3.64,156.78,0.31,374.3,97.18,False
304,25.32,249.33,2.59,3.13,74.23,0.26,611.37,63.02,False
305,23.11,152.73,2.41,3.62,153.23,0.31,384.5,95.71,False
306,22.64,132.38,2.37,3.73,169.87,0.32,336.7,102.6,False
307,25.42,253.86,2.6,3.11,70.54,0.26,621.99,61.49,False
308,25.39,252.24,2.6,3.12,71.85,0.26,618.21,62.04,False
309,23.22,157.53,2.42,3.6,149.3,0.31,395.77,94.09,False
310,22.78,138.15,2.38,3.7,165.15,0.32,350.27,100.64,False
311,23.51,170.07,2.44,3.54,139.05,0.3,425.22,89.85,False
312,23.45,167.76,2.44,3.55,140.94,0.3,419.8,90.63,False
313,22.14,110.37,2.33,3.84,187.87,0.33,285.02,110.05,False
314,25.58,260.84,2.61,3.08,64.82,0.26,638.4,59.13,False
315,22.63,131.76,2.37,3.73,170.37,0.32,335.26,102.81,False
316,22.39,121.21,2.35,3.78,179.0,0.33,310.48,106.38,False
317,23.35,163.34,2.43,3.57,144.55,0.31,409.42,92.12,False
318,24.75,224.53,2.55,3.26,94.52,0.27,553.11,71.42,False
319,21.91,100.32,2.31,3.89,196.08,0.34,261.41,113.45,False
320,24.7,222.48,2.54,3.27,96.2,0.28,548.3,72.11,False
321,24.78,225.68,2.55,3.25,93.58,0.27,555.81,71.03,False
322,23.91,187.84,2.48,3.45,124.52,0.29,466.96,83.83,False
323,24.27,203.54,2.51,3.37,111.68,0.29,503.84,78.52,False
324,25.21,244.57,2.58,3.16,78.13,0.26,600.19,64.64,False
325,22.55,128.49,2.36,3.75,173.05,0.32,327.57,103.92,False
326,22.13,109.96,2.33,3.84,188.2,0.33,284.05,110.19,False
327,24.12,196.83,2.49,3.4,117.16,0.29,488.08,80.79,False
328,24.38,208.13,2.51,3.34,107.93,0.28,514.6,76.97,False
329,24.98,234.31,2.56,3.21,86.52,0.27,576.09,68.11,False
330,21.51,83.0,2.28,3.97,210.24,0.35,220.74,119.31,False
331,23.2,156.61,2.42,3.6,150.05,0.31,393.62,94.4,False
332,22.02,105.24,2.32,3.86,192.06,0.33,272.97,111.78,False
333,25.74,267.77,2.63,3.04,59.16,0.25,654.66,56.79,False
334,21.73,92.64,2.29,3.93,202.36,0.34,243.39,116.05,False
335,24.6,217.98,2.53,3.29,99.87,0.28,537.74,73.63,False
336,25.91,275.23,2.64,3.0,53.06,0.25,672.19,54.26,False
337,25.03,236.55,2.57,3.2,84.69,0.27,581.36,67.35,False
338,22.66,133.0,2.37,3.72,169.36,0.32,338.16,102.39,False
339,24.73,223.49,2.54,3.27,95.37,0.28,550.67,71.77,False
340,25.16,242.41,2.58,3.17,79.9,0.27,595.11,65.37,False
341,23.0,147.83,2.4,3.65,157.23,0.31,372.99,97.37,False
342,25.13,241.24,2.58,3.18,80.86,0.27,592.36,65.76,False
343,24.26,203.24,2.5,3.37,111.92,0.29,503.13,78.62,False
344,25.52,258.21,2.61,3.09,66.98,0.26,632.21,60.02,False
345,25.29,248.13,2.59,3.14,75.22,0.26,608.55,63.43,False
346,22.59,130.1,2.37,3.74,171.73,0.32,331.36,103.37,False
347,23.13,153.78,2.41,3.62,152.37,0.31,386.96,95.36,False
348,22.41,122.12,2.35,3.78,178.26,0.33,312.6,106.07,False
349,23.9,187.11,2.47,3.45,125.11,0.29,465.25,84.08,False
350,21.64,88.51,2.29,3.95,205.74,0.34,233.69,117.44,False
351,22.25,115.29,2.34,3.81,183.84,0.33,296.58,108.38,False
352,25.9,274.84,2.64,3.01,53.38,0.25,671.28,54.39,False
353,25.39,252.27,2.6,3.12,71.83,0.26,618.27,62.03,False
354,22.17,111.49,2.33,3.83,186.95,0.33,287.65,109.67,False
355,22.34,118.95,2.34,3.79,180.85,0.33,305.17,107.14,False
356,21.9,99.93,2.31,3.89,196.4,0.34,260.51,113.58,False
357,25.81,270.74,2.63,3.03,56.73,0.25,661.64,55.78,False
358,25.55,259.25,2.61,3.08,66.13,0.26,634.66,59.67,False
359,24.63,219.4,2.54,3.29,98.71,0.28,541.07,73.15,False
360,21.64,88.71,2.29,3.95,205.58,0.34,234.14,117.38,False
361,24.09,195.44,2.49,3.41,118.3,0.29,484.8,81.26,False
362,22.63,131.9,2.37,3.73,170.26,0.32,335.58,102.76,False
363,25.31,248.97,2.59,3.14,74.53,0.26,610.53,63.14,False
364,21.99,103.85,2.32,3.87,193.19,0.34,269.72,112.25,False
365,24.72,223.18,2.54,3.27,95.62,0.28,549.95,71.87,False
366,25.03,236.64,2.57,3.2,84.61,0.27,581.56,67.32,False
367,24.37,207.84,2.51,3.34,108.16,0.28,513.93,77.06,False
368,22.25,115.27,2.34,3.81,183.85,0.33,296.54,108.39,False
369,22.01,104.49,2.32,3.87,192.67,0.33,271.21,112.04,False
370,22.79,138.99,2.38,3.69,164.46,0.32,352.23,100.36,False
371,24.82,227.72,2.55,3.24,91.91,0.27,560.62,70.34,False
372,25.08,239.11,2.57,3.19,82.6,0.27,587.36,66.48,False
373,22.4,121.63,2.35,3.78,178.65,0.33,311.47,106.24,False
374,24.48,212.81,2.52,3.32,104.1,0.28,525.59,75.38,False
375,24.0,191.78,2.48,3.43,121.3,0.29,476.21,82.5,False
376,24.54,215.2,2.53,3.31,102.14,0.28,531.22,74.57,False
377,22.38,121.02,2.35,3.78,179.15,0.33,310.04,106.44,False
378,21.75,93.26,2.3,3.92,201.86,0.34,244.84,115.84,False
379,23.99,191.41,2.48,3.43,121.6,0.29,475.34,82.62,False
380,23.18,156.04,2.41,3.61,150.52,0.31,392.29,94.59,False
381,22.9,143.64,2.39,3.67,160.66,0.32,363.15,98.79,False
382,21.43,79.31,2.27,3.99,213.26,0.35,212.07,120.56,False
383,21.87,98.45,2.31,3.9,197.61,0.34,257.03,114.08,False
384,22.49,125.58,2.36,3.76,175.43,0.32,320.73,104.9,False
385,24.67,221.07,2.54,3.28,97.34,0.28,545.0,72.59,False
386,22.75,137.12,2.38,3.7,165.99,0.32,347.85,100.99,False
387,23.21,156.96,2.42,3.6,149.77,0.31,394.44,94.28,False
388,23.06,150.49,2.4,3.63,155.06,0.31,379.24,96.47,False
389,21.93,101.24,2.31,3.88,195.33,0.34,263.58,113.14,False
390,23.81,183.53,2.47,3.47,128.04,0.3,456.83,85.29,False
391,24.86,229.28,2.55,3.24,90.63,0.27,564.27,69.81,False
392,22.79,138.82,2.38,3.69,164.6,0.32,351.85,100.42,False
393,25.24,246.04,2.59,3.15,76.92,0.26,603.65,64.14,False
394,25.29,248.28,2.59,3.14,75.1,0.26,608.9,63.38,False
395,24.43,210.67,2.52,3.33,105.85,0.28,520.58,76.11,False
396,24.02,192.76,2.48,3.42,120.49,0.29,478.52,82.17,False
397,21.86,98.13,2.3,3.9,197.87,0.34,256.28,114.19,False
398,22.75,136.96,2.38,3.7,166.12,0.32,347.47,101.05,False
399,21.49,81.9,2.27,3.98,211.15,0.35,218.15,119.68,False
400,22.68,133.88,2.37,3.72,168.64,0.32,340.24,102.09,False
401,24.73,223.4,2.54,3.27,95.44,0.28,550.47,71.8,False
402,23.5,169.62,2.44,3.54,139.42,0.3,424.16,90.0,False
403,21.76,93.75,2.3,3.92,201.45,0.34,246.0,115.67,False
404,24.13,197.44,2.49,3.4,116.67,0.29,489.5,80.58,False
405,22.81,139.69,2.38,3.69,163.89,0.32,353.88,100.12,False
406,22.17,111.55,2.33,3.83,186.9,0.33,287.78,109.65,False
407,23.18,155.87,2.41,3.61,150.66,0.31,391.87,94.65,False
408,21.81,96.03,2.3,3.91,199.59,0.34,251.35,114.9,False
409,25.13,241.3,2.58,3.18,80.8,0.27,592.51,65.74,False
410,21.7,91.22,2.29,3.93,203.53,0.34,240.04,116.53,False
411,22.27,115.86,2.34,3.81,183.38,0.33,297.91,108.19,False
412,24.88,230.01,2.56,3.23,90.04,0.27,565.99,69.56,False
413,25.74,267.63,2.63,3.04,59.27,0.25,654.34,56.83,False
414,23.28,160.3,2.42,3.58,147.04,0.31,402.28,93.15,False
415,22.07,107.33,2.32,3.85,190.35,0.33,277.89,111.07,False
416,21.41,78.37,2.27,4.0,214.03,0.35,209.87,120.87,False
417,21.8,95.5,2.3,3.91,200.03,0.34,250.09,115.08,False
418,25.57,260.37,2.61,3.08,65.21,0.26,637.29,59.29,False
419,23.49,169.28,2.44,3.54,139.69,0.3,423.37,90.11,False
420,22.72,135.56,2.38,3.71,167.27,0.32,344.17,101.52,False
421,25.31,249.03,2.59,3.14,74.48,0.26,610.66,63.13,False
422,24.92,232.11,2.56,3.22,88.32,0.27,570.92,68.85,False
423,23.5,169.77,2.44,3.54,139.29,0.3,424.52,89.95,False
424,21.8,95.55,2.3,3.91,199.98,0.34,250.23,115.06,False
425,22.81,139.55,2.38,3.69,164.0,0.32,353.55,100.17,False
426,24.02,192.64,2.48,3.42,120.6,0.29,478.22,82.21,False
427,24.51,213.82,2.52,3.31,103.28,0.28,527.97,75.04,False
428,24.61,218.48,2.53,3.29,99.46,0.28,538.91,73.46,False
429,25.75,268.25,2.63,3.04,58.77,0.25,655.8,56.62,False
430,25.2,244.27,2.58,3.16,78.37,0.27,599.49,64.74,False
431,24.62,218.64,2.53,3.29,99.33,0.28,539.29,73.41,False
432,22.26,115.47,2.34,3.81,183.69,0.33,297.0,108.32,False
433,24.13,197.55,2.49,3.4,116.57,0.29,489.77,80.54,False
434,22.09,108.27,2.32,3.85,189.58,0.33,280.09,110.76,False
435,21.46,80.74,2.27,3.99,212.09,0.35,215.43,120.07,False
436,25.32,249.21,2.59,3.14,74.34,0.26,611.08,63.07,False
437,24.8,226.46,2.55,3.25,92.94,0.27,557.65,70.76,False
438,22.52,126.81,2.36,3.75,174.42,0.32,323.63,104.48,False
439,23.06,150.37,2.4,3.63,155.16,0.31,378.96,96.51,False
440,22.62,131.52,2.37,3.73,170.57,0.32,334.7,102.89,False
441,21.48,81.42,2.27,3.98,211.54,0.35,217.03,119.84,False
442,21.71,91.72,2.29,3.93,203.12,0.34,241.21,116.36,False
443,22.5,125.98,2.36,3.76,175.1,0.32,321.67,104.77,False
444,23.02,148.85,2.4,3.64,156.4,0.31,375.39,97.03,False
445,23.66,177.0,2.45,3.5,133.38,0.3,441.49,87.5,False
446,25.46,255.51,2.6,3.1,69.19,0.26,625.87,60.94,False
447,23.66,176.59,2.45,3.5,133.71,0.3,440.55,87.64,False
448,22.81,139.5,2.38,3.69,164.04,0.32,353.43,100.19,False
449,24.6,218.03,2.53,3.29,99.83,0.28,537.86,73.62,False
450,23.54,171.59,2.44,3.53,137.8,0.3,428.8,89.33,False
451,25.25,246.36,2.59,3.15,76.67,0.26,604.39,64.03,False
452,22.36,119.92,2.35,3.79,180.06,0.33,307.45,106.82,False
453,24.36,207.58,2.51,3.35,108.38,0.28,513.31,77.15,False
454,22.45,124.0,2.35,3.77,176.72,0.33,317.04,105.43,False
455,23.8,182.8,2.47,3.47,128.64,0.3,455.11,85.54,False
456,22.4,121.82,2.35,3.78,178.5,0.33,311.91,106.17,False
457,25.75,268.17,2.63,3.04,58.83,0.25,655.61,56.65,False
458,23.24,158.44,2.42,3.59,148.55,0.31,397.92,93.78,False
459,24.88,230.21,2.56,3.23,89.87,0.27,566.46,69.5,False
460,21.54,83.98,2.28,3.97,209.44,0.34,223.04,118.98,False
461,24.32,205.54,2.51,3.36,110.05,0.28,508.52,77.84,False
462,24.24,202.06,2.5,3.37,112.89,0.29,500.36,79.02,False
463,25.75,268.11,2.63,3.04,58.88,0.25,655.46,56.67,False
464,23.62,175.14,2.45,3.51,134.91,0.3,437.12,88.13,False
465,24.97,234.24,2.56,3.21,86.57,0.27,575.93,68.13,False
466,23.34,162.69,2.43,3.57,145.08,0.31,407.9,92.34,False
467,23.23,158.04,2.42,3.6,148.88,0.31,396.98,93.91,False
468,21.62,87.44,2.28,3.95,206.61,0.34,231.17,117.8,False
469,25.0,235.27,2.57,3.21,85.73,0.27,578.35,67.78,False
470,25.19,243.92,2.58,3.16,78.66,0.27,598.65,64.86,False
471,23.73,179.97,2.46,3.48,130.95,0.3,448.48,86.49,False
472,24.62,218.67,2.53,3.29,99.31,0.28,539.36,73.4,False
473,21.69,90.52,2.29,3.94,204.1,0.34,238.4,116.76,False
474,25.0,235.47,2.57,3.2,85.57,0.27,578.82,67.71,False
475,24.04,193.46,2.49,3.42,119.92,0.29,480.15,81.93,False
476,25.9,274.66,2.64,3.01,53.52,0.25,670.86,54.45,False
477,22.63,131.63,2.37,3.73,170.48,0.32,334.96,102.85,False
478,21.78,94.44,2.3,3.92,200.89,0.34,247.61,115.44,False
479,25.32,249.57,2.59,3.13,74.04,0.26,611.93,62.94,False
480,25.65,263.84,2.62,3.06,62.37,0.26,645.45,58.11,False
481,25.5,257.21,2.61,3.09,67.79,0.26,629.88,60.36,False
482,21.61,87.11,2.28,3.95,206.88,0.34,230.4,117.92,False
483,23.52,170.82,2.44,3.53,138.44,0.3,426.98,89.59,False
484,23.5,169.92,2.44,3.54,139.17,0.3,424.86,89.9,False
485,22.93,144.96,2.39,3.66,159.58,0.31,366.26,98.34,False
486,23.66,176.68,2.45,3.5,133.64,0.3,440.74,87.61,False
487,23.18,155.61,2.41,3.61,150.87,0.31,391.27,94.74,False
488,23.68,177.56,2.46,3.5,132.92,0.3,442.82,87.31,False
489,21.93,101.03,2.31,3.88,195.5,0.34,263.08,113.21,False
490,22.18,112.14,2.33,3.83,186.42,0.33,289.17,109.45,False
491,24.17,199.32,2.5,3.39,115.13,0.29,493.92,79.95,False
492,23.82,183.77,2.47,3.47,127.85,0.3,457.39,85.21,False
493,21.96,102.35,2.31,3.88,194.42,0.34,266.18,112.76,False
494,24.61,218.49,2.53,3.29,99.45,0.28,538.95,73.46,False
495,25.55,259.47,2.61,3.08,65.94,0.26,635.19,59.59,False
496,21.71,91.69,2.29,3.93,203.14,0.34,241.14,116.37,False
497,24.98,234.63,2.56,3.21,86.25,0.27,576.85,68.0,False
498,24.62,218.65,2.53,3.29,99.32,0.28,539.32,73.41,False
499,25.33,249.66,2.59,3.13,73.97,0.26,612.14,62.91,False
500,23.8,183.12,2.47,3.47,128.37,0.3,455.88,85.43,False
501,25.77,269.06,2.63,3.04,58.1,0.25,657.71,56.35,False
502,25.65,263.97,2.62,3.06,62.27,0.26,645.74,58.07,False
503,22.23,114.19,2.34,3.82,184.74,0.33,293.99,108.75,False
504,22.73,136.12,2.38,3.71,166.81,0.32,345.5,101.33,False
505,24.55,215.83,2.53,3.3,101.63,0.28,532.68,74.36,False
506,25.37,251.65,2.6,3.12,72.34,0.26,616.83,62.24,False
507,24.8,226.51,2.55,3.25,92.9,0.27,557.77,70.75,False
508,25.39,252.43,2.6,3.12,71.71,0.26,618.64,61.98,False
509,23.06,150.68,2.4,3.63,154.91,0.31,379.68,96.41,False
510,24.06,194.34,2.49,3.41,119.2,0.29,482.23,81.63,False
511,25.27,247.07,2.59,3.15,76.08,0.26,606.07,63.79,False
512,21.4,78.2,2.27,4.0,214.17,0.35,209.46,120.93,False
513,22.13,110.07,2.33,3.84,188.11,0.33,284.32,110.15,False
514,23.98,190.89,2.48,3.43,122.03,0.29,474.11,82.8,False
515,24.13,197.53,2.49,3.4,116.6,0.29,489.71,80.55,False
516,24.39,208.86,2.52,3.34,107.33,0.28,516.33,76.72,False
517,24.03,193.17,2.49,3.42,120.16,0.29,479.48,82.03,False
518,25.53,258.47,2.61,3.09,66.76,0.26,632.83,59.93,False
519,22.6,130.25,2.37,3.74,171.61,0.32,331.71,103.32,False
520,25.82,271.2,2.63,3.02,56.36,0.25,662.72,55.63,False
521,22.89,143.22,2.39,3.67,161.0,0.32,362.17,98.93,False
522,25.18,243.14,2.58,3.17,79.3,0.27,596.83,65.12,False
523,22.04,106.02,2.32,3.86,191.42,0.33,274.81,111.52,False
524,23.4,165.64,2.43,3.56,142.67,0.3,414.83,91.34,False
525,21.9,100.01,2.31,3.89,196.33,0.34,260.7,113.55,False
526,24.43,210.57,2.52,3.33,105.93,0.28,520.34,76.14,False
527,22.21,113.63,2.33,3.82,185.2,0.33,292.68,108.94,False
528,25.12,240.52,2.58,3.18,81.44,0.27,590.67,66.01,False
529,22.66,133.27,2.37,3.72,169.14,0.32,338.8,102.3,False
530,24.15,198.08,2.49,3.39,116.15,0.29,491.0,80.37,False
531,22.81,139.62,2.38,3.69,163.95,0.32,353.71,100.15,False
532,25.16,242.48,2.58,3.17,79.84,0.27,595.27,65.34,False
533,24.63,219.37,2.54,3.29,98.74,0.28,541.0,73.16,False
534,21.49,81.9,2.27,3.98,211.14,0.35,218.16,119.68,False
535,25.81,270.63,2.63,3.03,56.82,0.25,661.39,55.82,False
536,23.41,165.71,2.43,3.56,142.61,0.3,414.98,91.32,False
537,25.41,253.54,2.6,3.11,70.79,0.26,621.25,61.6,False
538,24.77,225.16,2.55,3.26,94.0,0.27,554.59,71.2,False
539,23.57,173.07,2.45,3.52,136.59,0.3,432.28,88.83,False
540,25.93,275.98,2.64,3.0,52.44,0.25,673.96,54.01,False
541,22.67,133.66,2.37,3.72,168.82,0.32,339.72,102.16,False
542,23.23,158.23,2.42,3.59,148.73,0.31,397.41,93.85,False
543,25.09,239.53,2.57,3.18,82.25,0.27,588.35,66.34,False
544,25.59,261.25,2.61,3.07,64.49,0.26,639.36,58.99,False
545,25.48,256.48,2.61,3.1,68.39,0.26,628.16,60.61,False
546,25.57,260.41,2.61,3.08,65.18,0.26,637.39,59.27,False
547,25.77,269.22,2.63,3.03,57.97,0.25,658.08,56.29,False
548,23.7,178.7,2.46,3.49,131.99,0.3,445.49,86.93,False
549,22.86,142.0,2.39,3.68,162.0,0.32,359.3,99.34,False
550,25.38,252.16,2.6,3.12,71.92,0.26,618.01,62.07,False
551,23.56,172.61,2.45,3.52,136.97,0.3,431.19,88.99,False
552,24.45,211.38,2.52,3.33,105.27,0.28,522.23,75.87,False
553,24.03,192.99,2.49,3.42,120.31,0.29,479.05,82.09,False
554,22.99,147.73,2.4,3.65,157.31,0.31,372.76,97.4,False
555,21.42,78.77,2.27,4.0,213.7,0.35,210.81,120.74,False
556,24.01,192.31,2.48,3.42,120.86,0.29,477.45,82.32,False
557,21.49,82.07,2.27,3.98,211.01,0.35,218.55,119.62,False
558,21.68,90.04,2.29,3.94,204.49,0.34,237.27,116.93,False
559,22.76,137.43,2.38,3.7,165.74,0.32,348.56,100.89,False
560,21.42,78.88,2.27,4.0,213.62,0.35,211.06,120.7,False
561,23.97,190.22,2.48,3.43,122.57,0.29,472.56,83.03,False
562,22.7,134.7,2.37,3.71,167.97,0.32,342.17,101.81,False
563,22.88,142.59,2.39,3.67,161.51,0.32,360.7,99.14,False
564,24.71,222.86,2.54,3.27,95.88,0.28,549.21,71.98,False
565,21.48,81.41,2.27,3.98,211.55,0.35,217.0,119.85,False
566,23.24,158.25,2.42,3.59,148.71,0.31,397.48,93.84,False
567,23.8,182.9,2.47,3.47,128.56,0.3,455.36,85.5,False
568,23.31,161.41,2.43,3.58,146.13,0.31,404.9,92.77,False
569,24.53,214.98,2.53,3.31,102.32,0.28,530.7,74.65,False
570,22.65,132.57,2.37,3.72,169.72,0.32,337.15,102.54,False
571,22.29,116.97,2.34,3.8,182.46,0.33,300.53,107.81,False
572,22.96,146.37,2.4,3.65,158.43,0.31,369.56,97.87,False
573,24.34,206.4,2.51,3.35,109.34,0.28,510.55,77.55,False
574,22.9,143.58,2.39,3.67,160.71,0.32,363.01,98.81,False
575,23.81,183.38,2.47,3.47,128.17,0.3,456.47,85.34,False
576,25.91,275.32,2.64,3.0,52.99,0.25,672.4,54.23,False
577,25.61,262.15,2.62,3.07,63.75,0.26,641.48,58.69,False
578,24.2,200.29,2.5,3.38,114.34,0.29,496.19,79.62,False
579,23.44,167.4,2.44,3.55,141.23,0.3,418.95,90.75,False
580,22.72,135.55,2.38,3.71,167.28,0.32,344.15,101.53,False
581,22.37,120.51,2.35,3.79,179.57,0.33,308.83,106.62,False
582,25.39,252.4,2.6,3.12,71.73,0.26,618.57,61.99,False
583,23.82,183.87,2.47,3.47,127.76,0.3,457.63,85.18,False
584,25.82,271.27,2.63,3.02,56.29,0.25,662.9,55.6,False
585,23.45,167.53,2.44,3.55,141.12,0.3,419.27,90.7,False
586,24.29,204.53,2.51,3.36,110.87,0.28,506.16,78.18,False
587,23.74,180.2,2.46,3.48,130.76,0.3,449.02,86.42,False
588,24.18,199.41,2.5,3.39,115.06,0.29,494.13,79.92,False
589,23.12,153.03,2.41,3.62,152.98,0.31,385.21,95.61,False
590,23.87,186.19,2.47,3.45,125.87,0.29,463.08,84.39,False
591,21.75,93.46,2.3,3.92,201.69,0.34,245.32,115.77,False
592,22.0,104.44,2.32,3.87,192.71,0.33,271.1,112.05,False
593,23.5,169.82,2.44,3.54,139.25,0.3,424.64,89.93,False
594,23.48,169.13,2.44,3.54,139.82,0.3,423.01,90.16,False
595,24.67,220.81,2.54,3.28,97.55,0.28,544.4,72.67,False
596,24.81,227.13,2.55,3.25,92.39,0.27,559.24,70.54,False
597,23.53,171.34,2.44,3.53,138.01,0.3,428.21,89.42,False
598,21.44,79.89,2.27,3.99,212.79,0.35,213.44,120.36,False
599,25.53,258.73,2.61,3.09,66.55,0.26,633.44,59.84,False
600,24.34,206.38,2.51,3.35,109.36,0.28,510.49,77.56,False
601,23.51,170.25,2.44,3.53,138.9,0.3,425.65,89.78,False
602,23.15,154.49,2.41,3.61,151.78,0.31,388.64,95.12,False
603,25.68,265.14,2.62,3.05,61.31,0.25,648.5,57.67,False
604,24.02,192.41,2.48,3.42,120.78,0.29,477.7,82.28,False
605,21.6,86.64,2.28,3.96,207.27,0.34,229.29,118.08,False
606,23.19,156.31,2.42,3.6,150.3,0.31,392.9,94.5,False
607,24.67,220.9,2.54,3.28,97.48,0.28,544.61,72.64,False
608,21.99,103.69,2.32,3.87,193.33,0.34,269.33,112.31,False
609,22.72,135.87,2.38,3.71,167.01,0.32,344.91,101.42,False
610,21.96,102.63,2.31,3.88,194.19,0.34,266.85,112.66,False
611,23.04,149.9,2.4,3.64,155.54,0.31,377.85,96.67,False
612,23.48,169.02,2.44,3.54,139.91,0.3,422.75,90.2,False
613,23.6,174.25,2.45,3.51,135.63,0.3,435.05,88.43,False
614,24.71,222.54,2.54,3.27,96.14,0.28,548.45,72.09,False
615,21.44,79.81,2.27,3.99,212.86,0.35,213.25,120.39,False
616,24.97,233.95,2.56,3.21,86.81,0.27,575.24,68.23,False
617,23.49,169.48,2.44,3.54,139.53,0.3,423.85,90.04,False
618,21.59,86.23,2.28,3.96,207.61,0.34,228.32,118.22,False
619,23.89,187.04,2.47,3.45,125.17,0.29,465.09,84.1,False
620,21.78,94.68,2.3,3.92,200.7,0.34,248.17,115.36,False
621,25.87,273.43,2.64,3.01,54.53,0.25,667.97,54.87,False
622,23.58,173.17,2.45,3.52,136.51,0.3,432.5,88.8,False
623,22.08,107.62,2.32,3.85,190.11,0.33,278.57,110.98,False
624,23.11,152.71,2.41,3.62,153.24,0.31,384.46,95.72,False
625,24.02,192.46,2.48,3.42,120.74,0.29,477.81,82.27,False
626,22.0,104.03,2.32,3.87,193.05,0.33,270.13,112.19,False
627,23.49,169.56,2.44,3.54,139.47,0.3,424.02,90.02,False
628,25.32,249.3,2.59,3.13,74.26,0.26,611.29,63.04,False
629,22.8,139.22,2.38,3.69,164.28,0.32,352.77,100.28,False
630,21.87,98.65,2.31,3.9,197.45,0.34,257.49,114.01,False
631,23.35,163.31,2.43,3.57,144.57,0.31,409.36,92.13,False
632,24.22,201.3,2.5,3.38,113.51,0.29,498.58,79.28,False
633,22.78,138.53,2.38,3.69,164.83,0.32,351.17,100.52,False
634,23.91,187.91,2.48,3.44,124.46,0.29,467.12,83.81,False
635,22.82,140.29,2.39,3.69,163.4,0.32,355.28,99.92,False
636,22.89,143.1,2.39,3.67,161.1,0.32,361.88,98.97,False
637,22.69,134.61,2.37,3.71,168.04,0.32,341.95,101.84,False
638,23.18,155.99,2.41,3.61,150.56,0.31,392.16,94.61,False
639,23.32,162.14,2.43,3.58,145.53,0.31,406.6,92.53,False
640,21.62,87.73,2.29,3.95,206.38,0.34,231.85,117.71,False
641,25.48,256.4,2.61,3.1,68.46,0.26,627.97,60.63,False
642,23.49,169.46,2.44,3.54,139.55,0.3,423.78,90.05,False
643,22.79,138.78,2.38,3.69,164.64,0.32,351.73,100.43,False
644,22.25,115.11,2.34,3.81,183.99,0.33,296.14,108.44,False
645,23.78,182.27,2.46,3.47,129.07,0.3,453.88,85.72,False
646,25.51,257.5,2.61,3.09,67.56,0.26,630.55,60.26,False
647,22.93,144.93,2.39,3.66,159.61,0.31,366.18,98.35,False
648,24.87,229.59,2.55,3.23,90.38,0.27,565.01,69.7,False
649,23.75,180.94,2.46,3.48,130.16,0.3,450.76,86.17,False
650,24.29,204.42,2.51,3.36,110.96,0.28,505.91,78.22,False
651,21.62,87.65,2.29,3.95,206.44,0.34,231.67,117.73,False
652,22.87,142.32,2.39,3.68,161.74,0.32,360.06,99.23,False
653,24.42,210.04,2.52,3.33,106.36,0.28,519.1,76.32,False
654,23.57,172.76,2.45,3.52,136.85,0.3,431.55,88.93,False
655,23.98,190.94,2.48,3.43,121.98,0.29,474.24,82.78,False
656,23.6,174.0,2.45,3.52,135.83,0.3,434.45,88.52,False
657,24.25,202.57,2.5,3.37,112.47,0.29,501.55,78.85,False
658,24.61,218.25,2.53,3.29,99.65,0.28,538.37,73.54,False
659,24.19,199.95,2.5,3.38,114.61,0.29,495.4,79.73,False
660,22.38,120.76,2.35,3.78,179.37,0.33,309.41,106.53,False
661,25.17,243.01,2.58,3.17,79.4,0.27,596.53,65.16,False
662,24.84,228.22,2.55,3.24,91.5,0.27,561.78,70.17,False
663,25.75,268.28,2.63,3.04,58.74,0.25,655.88,56.61,False
664,21.7,91.03,2.29,3.93,203.68,0.34,239.59,116.59,False
665,25.72,266.69,2.63,3.05,60.04,0.25,652.15,57.15,False
666,25.75,268.16,2.63,3.04,58.84,0.25,655.59,56.65,False
667,22.8,139.31,2.38,3.69,164.2,0.32,352.99,100.25,False
668,24.83,227.82,2.55,3.24,91.82,0.27,560.86,70.3,False
669,21.75,93.5,2.3,3.92,201.66,0.34,245.41,115.75,False
670,23.67,177.34,2.46,3.5,133.1,0.3,442.3,87.38,False
671,25.91,274.97,2.64,3.01,53.27,0.25,671.58,54.35,False
672,21.83,96.65,2.3,3.91,199.08,0.34,252.8,114.69,False
673,25.67,264.65,2.62,3.06,61.71,0.25,647.34,57.84,False
674,21.71,91.6,2.29,3.93,203.21,0.34,240.94,116.4,False
675,23.06,150.49,2.4,3.63,155.06,0.31,379.23,96.47,False
676,25.7,266.1,2.62,3.05,60.53,0.25,650.74,57.35,False
677,24.64,219.54,2.54,3.29,98.6,0.28,541.4,73.11,False
678,23.34,162.97,2.43,3.57,144.86,0.31,408.54,92.25,False
679,21.65,89.14,2.29,3.94,205.22,0.34,235.16,117.23,False
680,22.72,135.57,2.38,3.71,167.26,0.32,344.21,101.52,False
681,22.53,127.48,2.36,3.75,173.87,0.32,325.2,104.26,False
682,21.83,96.63,2.3,3.91,199.1,0.34,252.75,114.7,False
683,25.37,251.79,2.6,3.12,72.22,0.26,617.15,62.19,False
684,24.31,205.28,2.51,3.36,110.26,0.28,507.91,77.93,False
685,21.98,103.24,2.31,3.87,193.7,0.34,268.27,112.46,False
686,22.65,132.86,2.37,3.72,169.47,0.32,337.85,102.43,False
687,25.61,262.01,2.62,3.07,63.87,0.26,641.15,58.73,False
688,24.51,214.07,2.53,3.31,103.07,0.28,528.56,74.96,False
689,23.12,153.0,2.41,3.62,153.0,0.31,385.15,95.62,False
690,23.08,151.39,2.41,3.63,154.32,0.31,381.36,96.17,False
691,22.46,124.47,2.35,3.77,176.34,0.32,318.13,105.28,False
692,22.37,120.52,2.35,3.79,179.57,0.33,308.85,106.61,False
693,25.32,249.21,2.59,3.14,74.34,0.26,611.07,63.07,False
694,21.89,99.61,2.31,3.89,196.66,0.34,259.75,113.69,False
695,21.87,98.49,2.31,3.9,197.58,0.34,257.12,114.07,False
696,24.14,197.65,2.49,3.4,116.49,0.29,490.0,80.51,False
697,21.72,91.97,2.29,3.93,202.91,0.34,241.81,116.27,False
698,22.59,130.24,2.37,3.74,171.62,0.32,331.67,103.32,False
699,25.33,249.94,2.59,3.13,73.74,0.26,612.79,62.82,False
700,25.24,246.01,2.59,3.15,76.95,0.26,603.56,64.15,False
701,23.99,191.11,2.48,3.43,121.84,0.29,474.65,82.72,False
702,23.52,170.6,2.44,3.53,138.61,0.3,426.48,89.66,False
703,24.77,225.14,2.55,3.26,94.02,0.27,554.56,71.21,False
704,23.67,177.2,2.46,3.5,133.22,0.3,441.96,87.43,False
705,21.62,87.57,2.28,3.95,206.51,0.34,231.48,117.76,False
706,23.77,181.71,2.46,3.48,129.53,0.3,452.56,85.91,False
707,25.51,257.77,2.61,3.09,67.34,0.26,631.18,60.17,False
708,25.27,247.09,2.59,3.15,76.07,0.26,606.1,63.78,False
709,25.81,271.0,2.63,3.03,56.51,0.25,662.27,55.69,False
710,23.06,150.58,2.4,3.63,154.99,0.31,379.44,96.44,False
711,23.28,160.0,2.42,3.59,147.28,0.31,401.58,93.25,False
712,21.89,99.25,2.31,3.89,196.96,0.34,258.9,113.81,False
713,24.19,199.77,2.5,3.38,114.76,0.29,494.99,79.79,False
714,21.63,87.85,2.29,3.95,206.28,0.34,232.13,117.67,False
715,22.25,114.95,2.34,3.81,184.12,0.33,295.79,108.5,False
716,23.08,151.27,2.41,3.63,154.42,0.31,381.07,96.21,False
717,22.15,110.81,2.33,3.83,187.5,0.33,286.06,109.9,False
718,25.16,242.42,2.58,3.17,79.88,0.27,595.15,65.36,False
719,24.31,205.13,2.51,3.36,110.38,0.28,507.55,77.98,False
720,21.76,93.58,2.3,3.92,201.59,0.34,245.6,115.73,False
721,21.72,91.9,2.29,3.93,202.97,0.34,241.64,116.3,False
722,25.12,240.66,2.58,3.18,81.33,0.27,591.0,65.96,False
723,22.16,111.35,2.33,3.83,187.06,0.33,287.33,109.71,False
724,22.07,107.47,2.32,3.85,190.24,0.33,278.2,111.03,False
725,23.27,159.69,2.42,3.59,147.53,0.31,400.85,93.36,False
726,25.47,255.76,2.6,3.1,68.98,0.26,626.46,60.85,False
727,24.16,198.5,2.5,3.39,115.8,0.29,492.0,80.22,False
728,22.66,133.11,2.37,3.72,169.27,0.32,338.43,102.35,False
729,22.15,110.94,2.33,3.83,187.4,0.33,286.37,109.85,False
730,25.35,250.64,2.59,3.13,73.16,0.26,614.45,62.58,False
731,23.34,162.74,2.43,3.57,145.04,0.31,408.02,92.32,False
732,24.62,218.97,2.53,3.29,99.07,0.28,540.06,73.3,False
733,23.87,185.8,2.47,3.46,126.18,0.29,462.18,84.52,False
734,24.17,199.27,2.5,3.39,115.17,0.29,493.8,79.96,False
735,23.31,161.67,2.43,3.58,145.92,0.31,405.49,92.69,False
736,22.73,136.25,2.38,3.71,166.7,0.32,345.8,101.29,False
737,23.11,152.72,2.41,3.62,153.24,0.31,384.47,95.72,False
738,23.03,149.36,2.4,3.64,155.98,0.31,376.59,96.85,False
739,23.97,190.18,2.48,3.43,122.6,0.29,472.45,83.04,False
740,21.62,87.76,2.29,3.95,206.35,0.34,231.92,117.7,False
741,25.16,242.55,2.58,3.17,79.78,0.27,595.45,65.32,False
742,23.12,153.23,2.41,3.62,152.82,0.31,385.67,95.54,False
743,22.5,126.29,2.36,3.76,174.85,0.32,322.41,104.66,False
744,21.84,97.08,2.3,3.9,198.73,0.34,253.81,114.54,False
745,23.52,170.51,2.44,3.53,138.69,0.3,426.25,89.7,False
746,22.43,122.88,2.35,3.77,177.64,0.33,314.4,105.81,False
747,24.2,200.37,2.5,3.38,114.27,0.29,496.38,79.59,False
748,24.4,209.12,2.52,3.34,107.11,0.28,516.94,76.63,False
749,22.89,142.97,2.39,3.67,161.21,0.32,361.58,99.02,False
750,22.41,121.97,2.35,3.78,178.38,0.33,312.27,106.12,False
751,25.89,274.13,2.64,3.01,53.96,0.25,669.61,54.63,False
752,24.04,193.38,2.49,3.42,119.99,0.29,479.96,81.96,False
753,22.7,135.0,2.37,3.71,167.73,0.32,342.85,101.71,False
754,23.44,166.98,2.44,3.55,141.57,0.3,417.97,90.89,False
755,23.32,162.04,2.43,3.58,145.61,0.31,406.37,92.56,False
756,25.04,237.18,2.57,3.2,84.17,0.27,582.84,67.13,False
757,23.18,155.75,2.41,3.61,150.76,0.31,391.59,94.69,False
758,24.35,206.93,2.51,3.35,108.91,0.28,511.78,77.37,False
759,22.52,127.13,2.36,3.75,174.16,0.32,324.37,104.38,False
760,22.75,137.02,2.38,3.7,166.07,0.32,347.61,101.03,False
761,25.83,271.72,2.63,3.02,55.93,0.25,663.94,55.45,False
762,21.43,79.2,2.27,3.99,213.36,0.35,211.81,120.6,False
763,22.75,137.0,2.38,3.7,166.09,0.32,347.55,101.04,False
764,23.88,186.52,2.47,3.45,125.6,0.29,463.86,84.28,False
765,25.75,268.12,2.63,3.04,58.87,0.25,655.49,56.67,False
766,21.56,85.2,2.28,3.96,208.44,0.34,225.92,118.56,False
767,23.64,175.89,2.45,3.51,134.29,0.3,438.9,87.87,False
768,24.06,194.43,2.49,3.41,119.13,0.29,482.44,81.6,False
769,24.43,210.38,2.52,3.33,106.09,0.28,519.88,76.21,False
770,24.93,232.55,2.56,3.22,87.95,0.27,571.97,68.7,False
771,23.37,164.31,2.43,3.56,143.76,0.3,411.69,91.79,False
772,23.96,190.0,2.48,3.43,122.75,0.29,472.02,83.1,False
773,24.85,228.76,2.55,3.24,91.06,0.27,563.05,69.99,False
774,21.52,83.35,2.28,3.97,209.96,0.35,221.57,119.19,False
775,21.48,81.38,2.27,3.98,211.57,0.35,216.93,119.86,False
776,23.2,156.73,2.42,3.6,149.95,0.31,393.9,94.36,False
777,25.46,255.54,2.6,3.1,69.16,0.26,625.94,60.92,False
778,22.92,144.48,2.39,3.66,159.98,0.31,365.12,98.51,False
779,22.98,146.87,2.4,3.65,158.02,0.31,370.75,97.69,False
780,24.38,208.09,2.51,3.34,107.96,0.28,514.52,76.98,False
781,24.94,232.57,2.56,3.22,87.94,0.27,572.02,68.69,False
782,23.73,179.98,2.46,3.48,130.95,0.3,448.49,86.49,False
783,25.77,269.05,2.63,3.04,58.11,0.25,657.68,56.35,False
784,25.14,241.56,2.58,3.17,80.59,0.27,593.12,65.65,False
785,25.36,251.11,2.6,3.13,72.78,0.26,615.54,62.42,False
786,22.24,114.57,2.34,3.82,184.43,0.33,294.88,108.63,False
787,25.28,247.71,2.59,3.14,75.56,0.26,607.57,63.57,False
788,22.55,128.07,2.36,3.75,173.39,0.32,326.58,104.06,False
789,23.42,166.54,2.43,3.55,141.94,0.3,416.92,91.04,False
790,22.66,133.17,2.37,3.72,169.22,0.32,338.56,102.33,False
791,23.47,168.72,2.44,3.54,140.15,0.3,422.06,90.3,False
792,24.62,218.87,2.53,3.29,99.14,0.28,539.83,73.33,False
793,22.33,118.84,2.34,3.79,180.94,0.33,304.92,107.18,False
794,23.93,188.57,2.48,3.44,123.92,0.29,468.67,83.58,False
795,24.96,233.59,2.56,3.21,87.11,0.27,574.39,68.35,False
796,25.2,244.21,2.58,3.16,78.42,0.27,599.35,64.76,False
797,23.09,151.69,2.41,3.63,154.07,0.31,382.07,96.06,False
798,22.49,125.45,2.36,3.76,175.53,0.32,320.44,104.94,False
799,24.78,225.7,2.55,3.25,93.56,0.27,555.87,71.02,False
800,22.26,115.52,2.34,3.81,183.65,0.33,297.13,108.3,False
801,25.5,257.12,2.61,3.1,67.87,0.26,629.65,60.39,False
802,25.5,257.09,2.61,3.1,67.89,0.26,629.58,60.4,False
803,24.04,193.36,2.49,3.42,120.0,0.29,479.92,81.96,False
804,22.06,106.88,2.32,3.85,190.72,0.33,276.83,111.23,False
805,21.76,93.87,2.3,3.92,201.36,0.34,246.26,115.63,False
806,21.52,83.35,2.28,3.97,209.96,0.35,221.56,119.19,False
807,23.99,191.31,2.48,3.43,121.68,0.29,475.1,82.66,False
808,24.9,230.97,2.56,3.23,89.25,0.27,568.25,69.24,False
809,23.95,189.66,2.48,3.44,123.02,0.29,471.24,83.21,False
810,24.93,232.51,2.56,3.22,87.99,0.27,571.88,68.71,False
811,25.71,266.43,2.62,3.05,60.25,0.25,651.53,57.24,False
812,24.7,222.46,2.54,3.27,96.21,0.28,548.27,72.12,False
813,23.5,169.88,2.44,3.54,139.21,0.3,424.77,89.91,False
814,23.67,177.12,2.45,3.5,133.29,0.3,441.77,87.46,False
815,22.09,108.19,2.32,3.85,189.65,0.33,279.89,110.79,False
816,25.72,266.91,2.63,3.05,59.86,0.25,652.66,57.08,False
817,21.69,90.53,2.29,3.94,204.08,0.34,238.44,116.76,False
818,24.93,232.48,2.56,3.22,88.01,0.27,571.8,68.73,False
819,24.89,230.47,2.56,3.23,89.66,0.27,567.07,69.41,False
820,24.65,220.07,2.54,3.28,98.16,0.28,542.65,72.93,False
821,24.3,204.73,2.51,3.36,110.71,0.28,506.62,78.12,False
822,21.98,103.56,2.32,3.87,193.44,0.34,269.02,112.35,False
823,21.84,97.1,2.3,3.9,198.71,0.34,253.87,114.54,False
824,24.26,202.89,2.5,3.37,112.21,0.29,502.29,78.74,False
825,23.88,186.53,2.47,3.45,125.59,0.29,463.88,84.28,False
826,23.55,172.16,2.45,3.52,137.34,0.3,430.14,89.14,False
827,25.01,235.87,2.57,3.2,85.24,0.27,579.76,67.58,False
828,23.85,184.99,2.47,3.46,126.85,0.29,460.26,84.8,False
829,23.83,184.28,2.47,3.46,127.43,0.29,458.59,85.04,False
830,25.44,254.84,2.6,3.11,69.73,0.26,624.31,61.16,False
831,21.56,85.08,2.28,3.96,208.55,0.34,225.62,118.6,False
832,25.26,246.56,2.59,3.15,76.5,0.26,604.87,63.96,False
833,22.76,137.5,2.38,3.7,165.68,0.32,348.74,100.87,False
834,24.87,229.93,2.56,3.23,90.1,0.27,565.8,69.59,False
835,24.14,197.63,2.49,3.4,116.51,0.29,489.95,80.52,False
836,24.86,229.12,2.55,3.24,90.76,0.27,563.91,69.86,False
837,22.5,126.21,2.36,3.76,174.91,0.32,322.23,104.69,False
838,25.52,258.24,2.61,3.09,66.95,0.26,632.29,60.01,False
839,22.24,114.51,2.34,3.82,184.48,0.33,294.74,108.65,False
840,21.78,94.53,2.3,3.92,200.82,0.34,247.82,115.41,False
841,24.49,212.99,2.52,3.32,103.95,0.28,526.02,75.32,False
842,23.11,152.57,2.41,3.62,153.36,0.31,384.12,95.77,False
843,21.44,79.54,2.27,3.99,213.07,0.35,212.62,120.48,False
844,22.43,123.1,2.35,3.77,177.45,0.33,314.92,105.74,False
845,22.08,107.52,2.32,3.85,190.19,0.33,278.33,111.01,False
846,22.31,117.62,2.34,3.8,181.93,0.33,302.06,107.59,False
847,21.43,79.4,2.27,3.99,213.19,0.35,212.29,120.53,False
848,21.66,89.2,2.29,3.94,205.18,0.34,235.3,117.21,False
849,25.45,255.22,2.6,3.1,69.42,0.26,625.19,61.03,False
850,23.64,175.86,2.45,3.51,134.31,0.3,438.83,87.88,False
851,22.29,116.83,2.34,3.8,182.58,0.33,300.19,107.86,False
852,23.68,177.75,2.46,3.5,132.77,0.3,443.26,87.25,False
853,24.72,223.18,2.54,3.27,95.62,0.28,549.94,71.87,False
854,23.9,187.3,2.47,3.45,124.96,0.29,465.68,84.02,False
855,25.15,242.08,2.58,3.17,80.16,0.27,594.34,65.48,False
856,21.71,91.53,2.29,3.93,203.27,0.34,240.77,116.42,False
857,22.97,146.46,2.4,3.65,158.35,0.31,369.78,97.83,False
858,23.8,183.09,2.47,3.47,128.4,0.3,455.8,85.44,False
859,25.24,245.81,2.59,3.15,77.12,0.26,603.09,64.22,False
860,21.89,99.22,2.31,3.89,196.98,0.34,258.85,113.82,False
861,22.8,139.36,2.38,3.69,164.16,0.32,353.1,100.24,False
862,24.03,192.89,2.48,3.42,120.39,0.29,478.82,82.12,False
863,21.74,93.01,2.3,3.92,202.06,0.34,244.26,115.92,False
864,24.86,229.46,2.55,3.24,90.48,0.27,564.7,69.75,False
865,23.56,172.49,2.45,3.52,137.07,0.3,430.9,89.03,False
866,25.13,241.0,2.58,3.18,81.05,0.27,591.81,65.84,False
867,24.12,197.11,2.49,3.4,116.93,0.29,488.74,80.69,False
868,23.36,163.53,2.43,3.57,144.39,0.31,409.87,92.06,False
869,21.72,91.81,2.29,3.93,203.04,0.34,241.43,116.33,False
870,22.69,134.37,2.37,3.72,168.24,0.32,341.37,101.93,False
871,24.36,207.35,2.51,3.35,108.56,0.28,512.78,77.23,False
872,21.58,85.92,2.28,3.96,207.86,0.34,227.6,118.32,False
873,23.04,149.53,2.4,3.64,155.84,0.31,376.99,96.8,False
874,22.06,106.91,2.32,3.85,190.7,0.33,276.89,111.22,False
875,25.85,272.45,2.64,3.02,55.33,0.25,665.66,55.2,False
876,25.67,264.77,2.62,3.06,61.61,0.25,647.63,57.8,False
877,22.36,120.01,2.35,3.79,179.98,0.33,307.67,106.78,False
878,21.6,86.83,2.28,3.96,207.11,0.34,229.74,118.01,False
879,25.4,252.94,2.6,3.12,71.28,0.26,619.85,61.8,False
880,21.63,87.85,2.29,3.95,206.28,0.34,232.13,117.67,False
881,23.75,180.88,2.46,3.48,130.21,0.3,450.62,86.19,False
882,23.29,160.73,2.42,3.58,146.68,0.31,403.29,93.0,False
883,21.82,96.38,2.3,3.91,199.3,0.34,252.16,114.78,False
884,25.51,257.54,2.61,3.09,67.52,0.26,630.66,60.24,False
885,25.43,254.04,2.6,3.11,70.38,0.26,622.43,61.43,False
886,22.59,129.85,2.37,3.74,171.93,0.32,330.78,103.45,False
887,22.86,141.82,2.39,3.68,162.14,0.32,358.89,99.4,False
888,24.56,216.35,2.53,3.3,101.21,0.28,533.91,74.19,False
889,21.57,85.64,2.28,3.96,208.08,0.34,226.95,118.41,False
890,24.16,198.5,2.5,3.39,115.8,0.29,492.0,80.22,False
891,23.08,151.44,2.41,3.63,154.28,0.31,381.46,96.15,False
892,25.39,252.32,2.6,3.12,71.79,0.26,618.39,62.01,False
893,25.75,268.31,2.63,3.04,58.72,0.25,655.94,56.6,False
894,25.2,244.03,2.58,3.16,78.57,0.27,598.92,64.82,False
895,22.06,106.7,2.32,3.86,190.86,0.33,276.4,111.29,False
896,23.09,152.05,2.41,3.63,153.78,0.31,382.9,95.94,False
897,24.56,216.22,2.53,3.3,101.31,0.28,533.61,74.23,False
898,23.4,165.65,2.43,3.56,142.66,0.3,414.85,91.34,False
899,24.68,221.41,2.54,3.28,97.07,0.28,545.8,72.47,False
900,21.46,80.81,2.27,3.99,212.03,0.35,215.61,120.05,False
901,25.78,269.59,2.63,3.03,57.67,0.25,658.93,56.17,False
902,24.75,224.29,2.54,3.26,94.72,0.28,552.55,71.5,False
903,22.67,133.71,2.37,3.72,168.78,0.32,339.84,102.15,False
904,24.0,191.83,2.48,3.43,121.26,0.29,476.32,82.48,False
905,24.86,229.18,2.55,3.24,90.72,0.27,564.03,69.84,False
906,22.91,143.86,2.39,3.67,160.48,0.32,363.67,98.71,False
907,23.68,177.86,2.46,3.5,132.68,0.3,443.52,87.21,False
908,23.21,156.96,2.42,3.6,149.77,0.31,394.44,94.28,False
909,25.47,255.82,2.6,3.1,68.93,0.26,626.62,60.83,False
910,24.31,205.09,2.51,3.36,110.41,0.28,507.48,77.99,False
911,22.85,141.3,2.39,3.68,162.57,0.32,357.66,99.58,False
912,24.71,222.53,2.54,3.27,96.15,0.28,548.42,72.09,False
913,23.89,186.73,2.47,3.45,125.43,0.29,464.34,84.21,False
914,22.1,108.75,2.33,3.84,189.19,0.33,281.21,110.59,False
915,22.87,142.28,2.39,3.68,161.77,0.32,359.95,99.25,False
916,23.78,182.25,2.46,3.47,129.09,0.3,453.83,85.72,False
917,25.07,238.53,2.57,3.19,83.07,0.27,586.0,66.68,False
918,24.85,228.73,2.55,3.24,91.08,0.27,562.99,70.0,False
919,22.13,109.79,2.33,3.84,188.34,0.33,283.66,110.24,False
920,23.2,156.62,2.42,3.6,150.04,0.31,393.64,94.4,False
921,21.88,99.0,2.31,3.89,197.16,0.34,258.31,113.9,False
922,25.62,262.38,2.62,3.07,63.57,0.26,642.01,58.61,False
923,24.82,227.6,2.55,3.24,92.01,0.27,560.33,70.38,False
924,22.39,121.22,2.35,3.78,178.99,0.33,310.5,106.38,False
925,22.44,123.52,2.35,3.77,177.11,0.33,315.91,105.6,False
926,24.98,234.6,2.56,3.21,86.28,0.27,576.78,68.01,False
927,25.07,238.34,2.57,3.19,83.23,0.27,585.55,66.74,False
928,24.87,229.88,2.56,3.23,90.14,0.27,565.68,69.61,False
929,23.23,158.08,2.42,3.6,148.85,0.31,397.07,93.9,False
930,24.73,223.46,2.54,3.27,95.39,0.28,550.6,71.78,False
931,23.03,149.33,2.4,3.64,156.01,0.31,376.52,96.86,False
932,22.24,114.89,2.34,3.81,184.17,0.33,295.63,108.52,False
933,21.5,82.39,2.28,3.98,210.74,0.35,219.32,119.51,False
934,24.67,221.03,2.54,3.28,97.38,0.28,544.9,72.6,False
935,24.38,208.5,2.51,3.34,107.63,0.28,515.47,76.84,False
936,22.73,136.03,2.38,3.71,166.88,0.32,345.29,101.36,False
937,21.64,88.34,2.29,3.95,205.87,0.34,233.29,117.5,False
938,22.36,119.99,2.35,3.79,179.99,0.33,307.62,106.79,False
939,22.98,146.89,2.4,3.65,158.0,0.31,370.78,97.69,False
940,25.11,240.35,2.58,3.18,81.58,0.27,590.28,66.06,False
941,21.9,99.65,2.31,3.89,196.63,0.34,259.83,113.68,False
942,21.8,95.69,2.3,3.91,199.87,0.34,250.55,115.01,False
943,23.23,158.0,2.42,3.6,148.92,0.31,396.88,93.93,False
944,23.98,190.9,2.48,3.43,122.02,0.29,474.14,82.8,False
945,22.94,145.31,2.39,3.66,159.3,0.31,367.07,98.22,False
946,24.07,194.67,2.49,3.41,118.93,0.29,483.0,81.52,False
947,23.67,177.38,2.46,3.5,133.07,0.3,442.4,87.37,False
948,21.53,83.65,2.28,3.97,209.71,0.35,222.28,119.09,False
949,22.55,128.11,2.36,3.75,173.36,0.32,326.69,104.04,False
950,22.97,146.78,2.4,3.65,158.09,0.31,370.53,97.73,False
951,25.89,274.19,2.64,3.01,53.91,0.25,669.74,54.61,False
952,22.92,144.31,2.39,3.67,160.11,0.31,364.73,98.56,False
953,25.79,269.76,2.63,3.03,57.53,0.25,659.35,56.11,False
954,21.9,99.7,2.31,3.89,196.59,0.34,259.95,113.66,False
955,21.68,90.34,2.29,3.94,204.24,0.34,237.99,116.82,False
956,24.12,196.91,2.49,3.4,117.1,0.29,488.26,80.76,False
957,23.75,180.67,2.46,3.48,130.38,0.3,450.11,86.26,False
958,24.68,221.34,2.54,3.28,97.13,0.28,545.63,72.5,False
959,23.74,180.1,2.46,3.48,130.85,0.3,448.78,86.45,False
960,24.74,223.89,2.54,3.26,95.04,0.28,551.61,71.63,False
961,25.59,261.27,2.61,3.07,64.47,0.26,639.42,58.98,False
962,24.98,234.47,2.56,3.21,86.39,0.27,576.47,68.05,False
963,24.46,211.66,2.52,3.32,105.04,0.28,522.91,75.77,False
964,22.14,110.54,2.33,3.84,187.72,0.33,285.42,109.99,False
965,21.97,102.89,2.31,3.87,193.98,0.34,267.46,112.58,False
966,25.33,249.78,2.59,3.13,73.87,0.26,612.42,62.87,False
967,23.63,175.43,2.45,3.51,134.67,0.3,437.81,88.03,False
968,23.85,184.93,2.47,3.46,126.89,0.29,460.13,84.82,False
969,24.33,206.0,2.51,3.35,109.66,0.28,509.61,77.69,False
970,22.69,134.58,2.37,3.71,168.06,0.32,341.89,101.85,False
971,21.74,92.68,2.29,3.93,202.33,0.34,243.47,116.03,False
972,21.58,86.08,2.28,3.96,207.72,0.34,227.98,118.26,False
973,25.3,248.72,2.59,3.14,74.74,0.26,609.93,63.23,False
974,25.13,241.24,2.58,3.18,80.85,0.27,592.37,65.76,False
975,24.57,216.8,2.53,3.3,100.84,0.28,534.97,74.03,False
976,23.44,166.99,2.44,3.55,141.56,0.3,418.0,90.89,False
977,23.86,185.68,2.47,3.46,126.28,0.29,461.88,84.56,False
978,21.56,84.93,2.28,3.96,208.66,0.34,225.29,118.65,False
979,24.52,214.39,2.53,3.31,102.81,0.28,529.3,74.85,False
980,25.7,266.16,2.62,3.05,60.47,0.25,650.89,57.33,False
981,21.48,81.69,2.27,3.98,211.32,0.35,217.66,119.75,False
982,25.55,259.67,2.61,3.08,65.78,0.26,635.64,59.53,False
983,24.59,217.48,2.53,3.3,100.28,0.28,536.57,73.8,False
984,25.17,242.9,2.58,3.17,79.5,0.27,596.26,65.2,False
985,21.45,80.04,2.27,3.99,212.66,0.35,213.8,120.31,False
986,22.53,127.38,2.36,3.75,173.96,0.32,324.97,104.29,False
987,23.36,163.66,2.43,3.57,144.29,0.31,410.18,92.01,False
988,22.59,130.13,2.37,3.74,171.7,0.32,331.43,103.36,False
989,23.44,167.01,2.44,3.55,141.55,0.3,418.04,90.88,False
990,21.75,93.52,2.3,3.92,201.64,0.34,245.45,115.75,False
991,23.45,167.7,2.44,3.55,140.99,0.3,419.65,90.65,False
992,24.29,204.39,2.51,3.36,110.99,0.28,505.82,78.23,False
993,21.5,82.44,2.28,3.98,210.7,0.35,219.43,119.5,False
994,25.6,261.61,2.62,3.07,64.2,0.26,640.2,58.87,False
995,22.52,126.77,2.36,3.75,174.45,0.32,323.53,104.5,False
996,25.59,261.41,2.62,3.07,64.36,0.26,639.73,58.94,False
997,25.83,271.58,2.63,3.02,56.04,0.25,663.62,55.5,False
998,22.03,105.42,2.32,3.86,191.91,0.33,273.4,111.72,False
999,23.94,189.24,2.48,3.44,123.37,0.29,470.24,83.36,False
1000,21.41,78.49,2.27,4.0,213.94,0.35,210.14,120.84,False
1001,23.55,172.19,2.45,3.52,137.32,0.3,430.2,89.13,False
1002,25.12,240.45,2.58,3.18,81.5,0.27,590.51,66.03,False
1003,24.82,227.69,2.55,3.24,91.94,0.27,560.53,70.35,False
1004,25.41,253.43,2.6,3.11,70.88,0.26,621.0,61.64,False
1005,24.19,199.78,2.5,3.38,114.75,0.29,495.01,79.79,False
1006,22.13,109.79,2.33,3.84,188.34,0.33,283.66,110.24,False
1007,21.69,90.87,2.29,3.93,203.81,0.34,239.23,116.64,False
1008,23.73,179.7,2.46,3.49,131.18,0.3,447.83,86.59,False
1009,22.74,136.47,2.38,3.7,166.53,0.32,346.3,101.22,False
1010,23.62,175.12,2.45,3.51,134.92,0.3,437.08,88.14,False
1011,24.03,192.78,2.48,3.42,120.47,0.29,478.57,82.16,False
1012,23.59,173.85,2.45,3.52,135.96,0.3,434.1,88.57,False
1013,23.75,180.91,2.46,3.48,130.18,0.3,450.69,86.18,False
1014,23.4,165.53,2.43,3.56,142.76,0.3,414.56,91.38,False
1015,24.03,192.88,2.48,3.42,120.4,0.29,478.79,82.13,False
1016,22.86,141.83,2.39,3.68,162.14,0.32,358.9,99.4,False
1017,21.91,100.29,2.31,3.89,196.1,0.34,261.36,113.46,False
1018,24.75,224.27,2.54,3.26,94.73,0.28,552.51,71.51,False
1019,24.76,225.08,2.55,3.26,94.07,0.27,554.42,71.23,False
1020,22.71,135.08,2.38,3.71,167.66,0.32,343.05,101.68,False
1021,25.91,275.26,2.64,3.0,53.03,0.25,672.26,54.25,False
1022,23.37,164.32,2.43,3.56,143.75,0.3,411.72,91.79,False
1023,23.26,159.25,2.42,3.59,147.89,0.31,399.82,93.51,False
1024,25.72,267.0,2.63,3.05,59.79,0.25,652.86,57.05,False
1025,24.3,204.95,2.51,3.36,110.52,0.28,507.15,78.04,False
1026,21.98,103.5,2.32,3.87,193.49,0.34,268.88,112.37,False
1027,25.56,259.87,2.61,3.08,65.62,0.26,636.11,59.46,False
1028,24.1,196.1,2.49,3.4,117.76,0.29,486.35,81.04,False
1029,22.37,120.46,2.35,3.79,179.61,0.33,308.72,106.63,False
1030,22.57,128.99,2.36,3.74,172.64,0.32,328.75,103.75,False
1031,25.67,264.63,2.62,3.06,61.72,0.25,647.3,57.85,False
1032,24.62,218.65,2.53,3.29,99.33,0.28,539.3,73.41,False
1033,21.91,100.18,2.31,3.89,196.2,0.34,261.08,113.5,False
1034,22.57,129.31,2.36,3.74,172.38,0.32,329.5,103.64,False
1035,25.81,270.89,2.63,3.03,56.6,0.25,662.01,55.73,False
1036,25.0,235.62,2.57,3.2,85.45,0.27,579.16,67.66,False
1037,25.51,257.89,2.61,3.09,67.24,0.26,631.46,60.13,False
1038,25.73,267.31,2.63,3.04,59.54,0.25,653.59,56.94,False
1039,25.78,269.37,2.63,3.03,57.85,0.25,658.42,56.24,False
1040,22.47,124.71,2.36,3.76,176.14,0.32,318.7,105.19,False
1041,24.27,203.33,2.5,3.37,111.85,0.29,503.35,78.59,False
1042,23.06,150.69,2.4,3.63,154.9,0.31,379.71,96.4,False
1043,24.25,202.54,2.5,3.37,112.5,0.29,501.48,78.86,False
1044,22.15,110.64,2.33,3.84,187.64,0.33,285.66,109.95,False
1045,22.2,113.17,2.33,3.82,185.57,0.33,291.6,109.1,False
1046,23.86,185.6,2.47,3.46,126.35,0.29,461.69,84.59,False
1047,23.24,158.32,2.42,3.59,148.66,0.31,397.63,93.82,False
1048,23.08,151.46,2.41,3.63,154.27,0.31,381.52,96.14,False
1049,25.37,251.7,2.6,3.12,72.3,0.26,616.94,62.22,False
1050,25.51,257.88,2.61,3.09,67.25,0.26,631.44,60.13,False
1051,24.77,225.44,2.55,3.26,93.77,0.27,555.26,71.11,False
1052,23.43,166.88,2.44,3.55,141.65,0.3,417.74,90.92,False
1053,22.98,146.97,2.4,3.65,157.94,0.31,370.97,97.66,False
1054,23.14,154.18,2.41,3.62,152.04,0.31,387.92,95.22,False
1055,22.89,143.17,2.39,3.67,161.04,0.32,362.05,98.95,False
1056,24.69,222.05,2.54,3.27,96.54,0.28,547.3,72.26,False
1057,24.31,205.27,2.51,3.36,110.27,0.28,507.88,77.94,False
1058,21.97,102.73,2.31,3.88,194.11,0.34,267.08,112.63,False
1059,21.55,84.7,2.28,3.97,208.86,0.34,224.73,118.73,False
1060,22.91,143.89,2.39,3.67,160.46,0.32,363.74,98.7,False
1061,24.48,212.57,2.52,3.32,104.3,0.28,525.03,75.47,False
1062,25.92,275.57,2.64,3.0,52.78,0.25,672.99,54.15,False
1063,22.52,127.16,2.36,3.75,174.14,0.32,324.44,104.37,False
1064,24.14,197.74,2.49,3.4,116.42,0.29,490.2,80.48,False
1065,21.63,88.24,2.29,3.95,205.96,0.34,233.04,117.54,False
1066,25.05,237.78,2.57,3.19,83.68,0.27,584.23,66.93,False
1067,25.32,249.22,2.59,3.14,74.33,0.26,611.1,63.06,False
1068,24.41,209.41,2.52,3.34,106.88,0.28,517.62,76.53,False
1069,24.13,197.19,2.49,3.4,116.88,0.29,488.91,80.67,False
1070,23.25,158.73,2.42,3.59,148.32,0.31,398.6,93.68,False
1071,22.89,142.98,2.39,3.67,161.2,0.32,361.61,99.01,False
1072,25.3,248.44,2.59,3.14,74.96,0.26,609.28,63.33,False
1073,24.04,193.51,2.49,3.42,119.88,0.29,480.28,81.91,False
1074,22.7,134.96,2.37,3.71,167.75,0.32,342.78,101.72,False
1075,22.32,118.35,2.34,3.8,181.34,0.33,303.77,107.35,False
1076,21.78,94.64,2.3,3.92,200.73,0.34,248.07,115.37,False
1077,22.31,117.89,2.34,3.8,181.71,0.33,302.69,107.5,False
1078,23.17,155.19,2.41,3.61,151.21,0.31,390.29,94.88,False
1079,25.2,244.35,2.58,3.16,78.31,0.27,599.67,64.71,False
1080,22.14,110.54,2.33,3.84,187.73,0.33,285.41,109.99,False
1081,23.7,178.35,2.46,3.49,132.28,0.3,444.67,87.04,False
1082,22.11,109.14,2.33,3.84,188.87,0.33,282.13,110.46,False
1083,22.72,135.7,2.38,3.71,167.15,0.32,344.52,101.47,False
1084,24.3,204.82,2.51,3.36,110.63,0.28,506.83,78.09,False
1085,22.76,137.31,2.38,3.7,165.83,0.32,348.29,100.93,False
1086,22.82,140.0,2.38,3.69,163.64,0.32,354.59,100.02,False
1087,22.97,146.43,2.4,3.65,158.37,0.31,369.72,97.84,False
1088,21.61,87.2,2.28,3.95,206.81,0.34,230.61,117.89,False
1089,24.87,229.82,2.56,3.23,90.19,0.27,565.55,69.63,False
1090,25.41,253.5,2.6,3.11,70.83,0.26,621.16,61.61,False
1091,21.49,82.11,2.27,3.98,210.97,0.35,218.65,119.61,False
1092,23.34,162.94,2.43,3.57,144.88,0.31,408.47,92.26,False
1093,25.43,254.25,2.6,3.11,70.21,0.26,622.92,61.36,False
1094,22.06,107.05,2.32,3.85,190.58,0.33,277.22,111.17,False
1095,22.28,116.62,2.34,3.8,182.76,0.33,299.69,107.93,False
1096,25.49,256.81,2.61,3.1,68.12,0.26,628.92,60.5,False
1097,22.97,146.44,2.4,3.65,158.37,0.31,369.73,97.84,False
1098,23.19,156.12,2.42,3.61,150.45,0.31,392.47,94.56,False
1099,23.84,184.54,2.47,3.46,127.22,0.29,459.2,84.95,False
1100,23.04,149.57,2.4,3.64,155.81,0.31,377.07,96.78,False
1101,22.34,119.21,2.34,3.79,180.64,0.33,305.78,107.06,False
1102,23.76,181.06,2.46,3.48,130.06,0.3,451.04,86.13,False
1103,24.68,221.6,2.54,3.27,96.91,0.28,546.24,72.41,False
1104,25.54,259.2,2.61,3.08,66.16,0.26,634.55,59.68,False
1105,25.05,237.67,2.57,3.19,83.77,0.27,583.98,66.97,False
1106,22.12,109.62,2.33,3.84,188.48,0.33,283.26,110.3,False
1107,23.78,181.93,2.46,3.48,129.35,0.3,453.09,85.83,False
1108,25.09,239.15,2.57,3.19,82.56,0.27,587.47,66.47,False
1109,23.76,181.27,2.46,3.48,129.89,0.3,451.53,86.05,False
1110,21.89,99.32,2.31,3.89,196.9,0.34,259.08,113.78,False
1111,22.28,116.58,2.34,3.81,182.79,0.33,299.61,107.94,False
1112,22.71,135.42,2.38,3.71,167.38,0.32,343.86,101.57,False
1113,25.19,243.65,2.58,3.16,78.88,0.27,598.03,64.95,False
1114,22.47,124.89,2.36,3.76,175.99,0.32,319.13,105.13,False
1115,24.88,230.29,2.56,3.23,89.8,0.27,566.66,69.47,False
1116,21.73,92.63,2.29,3.93,202.37,0.34,243.36,116.05,False
1117,21.64,88.49,2.29,3.95,205.76,0.34,233.63,117.45,False
1118,23.46,168.2,2.44,3.54,140.57,0.3,420.84,90.48,False
1119,21.96,102.48,2.31,3.88,194.32,0.34,266.49,112.72,False
1120,21.6,86.81,2.28,3.96,207.13,0.34,229.7,118.02,False
1121,22.87,142.11,2.39,3.68,161.91,0.32,359.55,99.31,False
1122,22.28,116.41,2.34,3.81,182.93,0.33,299.2,108.0,False
1123,21.63,87.97,2.29,3.95,206.18,0.34,232.41,117.63,False
1124,25.41,253.16,2.6,3.12,71.1,0.26,620.37,61.73,False
1125,24.84,228.5,2.55,3.24,91.27,0.27,562.45,70.07,False
1126,25.33,250.0,2.59,3.13,73.69,0.26,612.95,62.8,False
1127,25.89,274.2,2.64,3.01,53.9,0.25,669.78,54.61,False
1128,23.86,185.42,2.47,3.46,126.5,0.29,461.27,84.65,False
1129,23.77,181.82,2.46,3.48,129.44,0.3,452.83,85.87,False
1130,25.91,275.01,2.64,3.0,53.24,0.25,671.68,54.33,False
1131,24.46,211.67,2.52,3.32,105.03,0.28,522.92,75.77,False
1132,25.49,256.97,2.61,3.1,67.99,0.26,629.3,60.44,False
1133,24.86,229.21,2.55,3.24,90.69,0.27,564.1,69.83,False
1134,23.12,153.13,2.41,3.62,152.9,0.31,385.43,95.58,False
1135,21.67,89.86,2.29,3.94,204.64,0.34,236.85,116.99,False
1136,23.72,179.32,2.46,3.49,131.48,0.3,446.95,86.71,False
1137,22.39,121.24,2.35,3.78,178.98,0.33,310.54,106.37,False
1138,25.08,238.83,2.57,3.19,82.82,0.27,586.72,66.58,False
1139,22.23,114.13,2.34,3.82,184.79,0.33,293.85,108.77,False
1140,24.26,203.08,2.5,3.37,112.05,0.29,502.75,78.67,False
1141,22.38,120.64,2.35,3.78,179.47,0.33,309.14,106.57,False
1142,24.56,216.09,2.53,3.3,101.42,0.28,533.3,74.27,False
1143,23.25,158.99,2.42,3.59,148.11,0.31,399.2,93.59,False
1144,25.42,253.79,2.6,3.11,70.59,0.26,621.84,61.52,False
1145,25.08,238.96,2.57,3.19,82.71,0.27,587.02,66.53,False
1146,24.98,234.41,2.56,3.21,86.44,0.27,576.33,68.07,False
1147,22.86,141.64,2.39,3.68,162.3,0.32,358.46,99.47,False
1148,22.27,115.9,2.34,3.81,183.34,0.33,298.01,108.18,False
1149,24.86,229.37,2.55,3.24,90.56,0.27,564.48,69.78,False
1150,23.06,150.47,2.4,3.63,155.08,0.31,379.18,96.48,False
1151,22.81,139.8,2.38,3.69,163.8,0.32,354.14,100.09,False
1152,25.68,264.98,2.62,3.06,61.44,0.25,648.11,57.73,False
1153,22.15,110.78,2.33,3.83,187.53,0.33,285.99,109.91,False
1154,24.96,233.84,2.56,3.21,86.91,0.27,574.98,68.27,False
1155,25.06,238.16,2.57,3.19,83.37,0.27,585.14,66.8,False
1156,21.62,87.62,2.28,3.95,206.47,0.34,231.6,117.74,False
1157,21.87,98.5,2.31,3.9,197.57,0.34,257.15,114.06,False
1158,22.1,108.68,2.32,3.85,189.24,0.33,281.06,110.62,False
1159,22.44,123.3,2.35,3.77,177.29,0.33,315.38,105.67,False
1160,24.7,222.4,2.54,3.27,96.26,0.28,548.13,72.14,False
1161,22.51,126.34,2.36,3.76,174.8,0.32,322.54,104.64,False
1162,22.42,122.42,2.35,3.78,178.01,0.33,313.33,105.97,False
1163,25.44,254.51,2.6,3.11,70.0,0.26,623.52,61.27,False
1164,22.08,107.54,2.32,3.85,190.18,0.33,278.37,111.0,False
1165,25.93,275.99,2.64,3.0,52.44,0.25,673.97,54.0,False
1166,24.16,198.88,2.5,3.39,115.49,0.29,492.89,80.1,False
1167,23.77,181.66,2.46,3.48,129.57,0.3,452.45,85.92,False
1168,23.18,155.96,2.41,3.61,150.59,0.31,392.08,94.62,False
1169,24.75,224.37,2.54,3.26,94.65,0.27,552.75,71.47,False
1170,22.38,120.64,2.35,3.78,179.47,0.33,309.14,106.57,False
1171,24.68,221.26,2.54,3.28,97.19,0.28,545.44,72.52,False
1172,25.65,263.89,2.62,3.06,62.33,0.26,645.55,58.1,False
1173,23.03,149.17,2.4,3.64,156.14,0.31,376.14,96.92,False
1174,23.4,165.58,2.43,3.56,142.72,0.3,414.68,91.36,False
1175,23.54,171.68,2.44,3.53,137.73,0.3,428.99,89.3,False
1176,24.17,199.06,2.5,3.39,115.34,0.29,493.32,80.03,False
1177,26.47,284.07,3.36,2.1,128.1,-0.23,658.76,104.22,False
1178,26.46,283.94,3.35,2.12,126.91,-0.22,659.0,103.43,False
1179,26.37,282.61,3.23,2.27,114.37,-0.14,661.52,95.1,False
1180,26.31,281.6,3.14,2.38,104.92,-0.08,663.43,88.83,False
1181,26.35,282.32,3.2,2.3,111.71,-0.13,662.06,93.34,False
1182,26.53,284.93,3.43,2.01,136.21,-0.28,657.12,109.59,False
1183,26.24,280.6,3.05,2.49,95.57,-0.02,665.31,82.63,False
1184,26.26,280.98,3.08,2.45,99.14,-0.05,664.59,84.99,False
1185,26.3,281.59,3.14,2.38,104.81,-0.08,663.45,88.76,False
1186,26.27,281.12,3.1,2.43,100.39,-0.05,664.34,85.83,False
1187,26.4,282.94,3.26,2.23,117.49,-0.16,660.89,97.17,False
1188,26.24,280.64,3.05,2.48,95.92,-0.03,665.24,82.86,False
1189,26.29,281.43,3.12,2.4,103.32,-0.07,663.75,87.77,False
1190,26.48,284.24,3.37,2.08,129.73,-0.24,658.43,105.29,False
1191,26.46,283.91,3.34,2.12,126.59,-0.22,659.06,103.21,False
1192,26.46,283.89,3.34,2.12,126.38,-0.22,659.1,103.07,False
1193,26.28,281.26,3.11,2.42,101.76,-0.06,664.06,86.73,False
1194,26.46,283.88,3.34,2.12,126.34,-0.22,659.11,103.05,False
1195,26.32,281.76,3.15,2.36,106.48,-0.09,663.11,89.86,False
1196,26.34,282.12,3.18,2.32,109.8,-0.11,662.44,92.07,False
1197,26.34,282.08,3.18,2.32,109.45,-0.11,662.51,91.84,False
1198,26.52,284.8,3.42,2.02,134.99,-0.27,657.37,108.78,False
1199,26.41,283.22,3.28,2.2,120.15,-0.18,660.36,98.94,False
1200,26.49,284.32,3.38,2.08,130.45,-0.25,658.28,105.77,False
1201,26.3,281.48,3.13,2.39,103.77,-0.08,663.66,88.07,False
1202,26.35,282.27,3.2,2.3,111.23,-0.12,662.16,93.02,False
1203,26.5,284.45,3.39,2.06,131.63,-0.25,658.05,106.55,False
1204,26.24,280.65,3.05,2.48,96.06,-0.03,665.21,82.95,False
1205,26.4,282.97,3.26,2.23,117.76,-0.17,660.84,97.35,False
1206,26.33,281.97,3.17,2.34,108.42,-0.11,662.72,91.15,False
1207,26.24,280.56,3.05,2.49,95.16,-0.02,665.39,82.36,False
1208,26.29,281.43,3.12,2.4,103.36,-0.07,663.74,87.8,False
1209,26.24,280.59,3.05,2.49,95.47,-0.02,665.33,82.56,False
1210,26.34,282.13,3.19,2.32,109.94,-0.12,662.41,92.17,False
1211,26.5,284.47,3.39,2.06,131.82,-0.25,658.01,106.68,False
1212,26.27,281.13,3.1,2.43,100.52,-0.06,664.31,85.91,False
1213,26.38,282.73,3.24,2.25,115.58,-0.15,661.28,95.91,False
1214,26.44,283.55,3.31,2.16,123.24,-0.2,659.74,100.99,False
1215,26.4,282.93,3.26,2.23,117.45,-0.16,660.9,97.15,False
1216,26.45,283.8,3.33,2.13,125.58,-0.21,659.27,102.54,False
1217,26.27,281.11,3.09,2.43,100.35,-0.05,664.35,85.8,False
1218,26.29,281.4,3.12,2.4,103.08,-0.07,663.8,87.61,False
1219,26.41,283.22,3.28,2.2,120.12,-0.18,660.36,98.92,False
1220,26.28,281.17,3.1,2.43,100.92,-0.06,664.23,86.18,False
1221,26.47,283.97,3.35,2.11,127.16,-0.22,658.95,103.59,False
1222,26.25,280.78,3.07,2.47,97.23,-0.03,664.98,83.73,False
1223,26.53,284.98,3.44,2.0,136.68,-0.29,657.03,109.91,False
1224,26.38,282.67,3.23,2.26,115.01,-0.15,661.39,95.53,False
1225,26.35,282.19,3.19,2.31,110.51,-0.12,662.3,92.54,False
1226,26.27,281.11,3.09,2.43,100.3,-0.05,664.36,85.77,False
1227,26.29,281.42,3.12,2.4,103.27,-0.07,663.76,87.74,False
1228,26.49,284.41,3.39,2.07,131.32,-0.25,658.11,106.35,False
1229,26.38,282.66,3.23,2.26,114.88,-0.15,661.42,95.44,False
1230,26.36,282.35,3.2,2.29,112.01,-0.13,662.0,93.54,False
1231,26.42,283.25,3.28,2.19,120.45,-0.18,660.3,99.13,False
1232,26.31,281.69,3.15,2.37,105.8,-0.09,663.25,89.42,False
1233,26.31,281.62,3.14,2.38,105.1,-0.08,663.39,88.95,False
1234,26.31,281.66,3.14,2.37,105.48,-0.09,663.31,89.2,False
1235,26.24,280.63,3.05,2.49,95.86,-0.03,665.25,82.82,False
1236,26.41,283.08,3.27,2.21,118.82,-0.17,660.63,98.06,False
1237,26.32,281.82,3.16,2.35,107.02,-0.1,663.0,90.23,False
1238,26.53,284.9,3.43,2.01,135.92,-0.28,657.18,109.4,False
1239,26.27,281.06,3.09,2.44,99.83,-0.05,664.45,85.45,False
1240,26.53,285.0,3.44,2.0,136.79,-0.29,657.01,109.98,False
1241,26.45,283.7,3.32,2.14,124.62,-0.21,659.46,101.9,False
1242,26.36,282.41,3.21,2.29,112.56,-0.13,661.89,93.9,False
1243,26.52,284.72,3.41,2.03,134.24,-0.27,657.52,108.29,False
1244,26.43,283.45,3.3,2.17,122.28,-0.19,659.93,100.35,False
1245,26.52,284.81,3.42,2.02,134.99,-0.27,657.37,108.79,False
1246,26.42,283.28,3.29,2.19,120.71,-0.18,660.25,99.31,False
1247,26.46,283.95,3.35,2.12,126.98,-0.22,658.98,103.47,False
1248,26.29,281.43,3.12,2.4,103.36,-0.07,663.74,87.8,False
1249,26.32,281.75,3.15,2.36,106.35,-0.09,663.14,89.78,False
1250,26.53,284.86,3.43,2.02,135.53,-0.28,657.26,109.14,False
1251,26.45,283.68,3.32,2.15,124.47,-0.21,659.49,101.8,False
1252,26.25,280.77,3.07,2.47,97.18,-0.03,664.99,83.7,False
1253,26.41,283.11,3.27,2.21,119.09,-0.17,660.57,98.23,False
1254,26.27,281.13,3.1,2.43,100.58,-0.06,664.3,85.95,False
1255,26.27,281.14,3.1,2.43,100.63,-0.06,664.29,85.99,False
1256,26.47,284.11,3.36,2.1,128.52,-0.23,658.67,104.49,False
1257,26.39,282.9,3.25,2.23,117.17,-0.16,660.96,96.96,False
1258,26.53,284.98,3.44,2.0,136.6,-0.28,657.04,109.85,False
1259,26.48,284.14,3.36,2.1,128.72,-0.23,658.63,104.62,False
1260,26.5,284.43,3.39,2.06,131.48,-0.25,658.08,106.46,False
1261,26.24,280.57,3.05,2.49,95.3,-0.02,665.36,82.45,False
1262,26.45,283.72,3.33,2.14,124.8,-0.21,659.42,102.03,False
1263,26.35,282.25,3.2,2.31,110.99,-0.12,662.2,92.86,False
1264,26.41,283.17,3.28,2.2,119.69,-0.18,660.45,98.63,False
1265,26.29,281.42,3.12,2.4,103.26,-0.07,663.76,87.73,False
1266,26.39,282.92,3.25,2.23,117.27,-0.16,660.94,97.03,False
1267,26.45,283.73,3.33,2.14,124.87,-0.21,659.41,102.07,False
1268,26.32,281.81,3.16,2.35,106.89,-0.1,663.03,90.14,False
1269,26.51,284.62,3.4,2.04,133.21,-0.26,657.73,107.61,False
1270,26.37,282.59,3.23,2.27,114.21,-0.14,661.55,95.0,False
1271,26.33,281.93,3.17,2.34,108.05,-0.1,662.8,90.91,False
1272,26.45,283.79,3.33,2.13,125.51,-0.21,659.28,102.5,False
1273,26.46,283.85,3.34,2.13,126.0,-0.22,659.18,102.82,False
1274,26.3,281.55,3.13,2.38,104.45,-0.08,663.52,88.52,False
1275,26.29,281.32,3.11,2.41,102.3,-0.07,663.95,87.09,False
1276,26.45,283.71,3.32,2.14,124.7,-0.21,659.44,101.96,False
1277,26.25,280.78,3.07,2.47,97.22,-0.03,664.98,83.72,False
1278,26.26,280.87,3.07,2.46,98.13,-0.04,664.79,84.33,False
1279,26.47,284.01,3.35,2.11,127.58,-0.23,658.86,103.87,False
1280,26.39,282.79,3.24,2.25,116.11,-0.15,661.17,96.26,False
1281,26.48,284.13,3.36,2.1,128.66,-0.23,658.64,104.59,False
1282,26.39,282.9,3.25,2.23,117.13,-0.16,660.97,96.93,False
1283,26.3,281.49,3.13,2.39,103.91,-0.08,663.63,88.16,False
1284,26.41,283.11,3.27,2.21,119.09,-0.17,660.57,98.24,False
1285,26.49,284.32,3.38,2.08,130.46,-0.25,658.28,105.78,False
1286,26.28,281.18,3.1,2.42,100.98,-0.06,664.22,86.22,False
1287,26.53,284.94,3.43,2.01,136.3,-0.28,657.11,109.65,False
1288,26.53,284.98,3.44,2.0,136.65,-0.28,657.03,109.89,False
1289,26.53,284.88,3.43,2.01,135.66,-0.28,657.23,109.23,False
1290,26.34,282.18,3.19,2.31,110.4,-0.12,662.32,92.47,False
1291,26.51,284.71,3.41,2.03,134.08,-0.27,657.55,108.18,False
1292,26.29,281.37,3.12,2.4,102.74,-0.07,663.86,87.39,False
1293,26.36,282.4,3.21,2.29,112.43,-0.13,661.91,93.82,False
1294,26.33,282.0,3.17,2.33,108.7,-0.11,662.66,91.34,False
1295,26.28,281.24,3.11,2.42,101.52,-0.06,664.11,86.58,False
1296,26.44,283.53,3.31,2.16,122.99,-0.2,659.79,100.82,False
1297,26.3,281.54,3.13,2.38,104.39,-0.08,663.53,88.48,False
1298,26.29,281.43,3.12,2.4,103.38,-0.07,663.74,87.81,False
1299,26.24,280.63,3.05,2.49,95.89,-0.03,665.25,82.84,False
1300,26.48,284.23,3.37,2.09,129.58,-0.24,658.46,105.2,False
1301,26.53,284.97,3.44,2.0,136.49,-0.28,657.07,109.78,False
1302,26.49,284.35,3.38,2.07,130.7,-0.25,658.23,105.94,False
1303,26.31,281.66,3.14,2.37,105.48,-0.09,663.31,89.2,False
1304,26.49,284.29,3.38,2.08,130.2,-0.24,658.33,105.61,False
1305,26.33,281.93,3.17,2.34,108.01,-0.1,662.8,90.88,False
1306,26.38,282.68,3.23,2.26,115.09,-0.15,661.38,95.58,False
1307,26.25,280.74,3.06,2.47,96.87,-0.03,665.05,83.49,False
1308,26.25,280.83,3.07,2.46,97.71,-0.04,664.88,84.05,False
1309,26.26,280.91,3.08,2.45,98.48,-0.04,664.72,84.56,False
1310,26.52,284.76,3.42,2.03,134.6,-0.27,657.45,108.53,False
1311,26.36,282.37,3.21,2.29,112.16,-0.13,661.97,93.64,False
1312,26.26,280.86,3.07,2.46,97.98,-0.04,664.82,84.23,False
1313,26.5,284.53,3.4,2.05,132.45,-0.26,657.88,107.1,False
1314,26.48,284.22,3.37,2.09,129.5,-0.24,658.48,105.14,False
1315,26.47,284.03,3.35,2.11,127.74,-0.23,658.83,103.97,False
1316,26.48,284.22,3.37,2.09,129.54,-0.24,658.47,105.17,False
1317,26.28,281.18,3.1,2.42,100.99,-0.06,664.22,86.22,False
1318,26.5,284.56,3.4,2.05,132.69,-0.26,657.83,107.26,False
1319,26.34,282.15,3.19,2.32,110.11,-0.12,662.38,92.27,False
1320,26.32,281.87,3.16,2.35,107.49,-0.1,662.91,90.54,False
1321,26.34,282.11,3.18,2.32,109.69,-0.11,662.46,92.0,False
1322,26.43,283.49,3.31,2.17,122.65,-0.2,659.85,100.6,False
1323,26.5,284.45,3.39,2.06,131.69,-0.25,658.03,106.6,False
1324,26.3,281.5,3.13,2.39,103.98,-0.08,663.61,88.21,False
1325,26.42,283.36,3.29,2.18,121.47,-0.19,660.09,99.82,False
1326,26.48,284.14,3.36,2.1,128.74,-0.23,658.63,104.64,False
1327,26.25,280.83,3.07,2.46,97.68,-0.04,664.88,84.03,False
1328,26.53,284.94,3.43,2.01,136.21,-0.28,657.12,109.6,False
1329,26.36,282.41,3.21,2.29,112.58,-0.13,661.88,93.91,False
1330,26.53,284.92,3.43,2.01,136.02,-0.28,657.16,109.47,False
1331,26.5,284.48,3.39,2.06,131.9,-0.25,657.99,106.74,False
1332,26.26,280.86,3.07,2.46,98.01,-0.04,664.82,84.25,False
1333,26.36,282.38,3.21,2.29,112.28,-0.13,661.94,93.71,False
1334,26.51,284.7,3.41,2.03,134.01,-0.27,657.57,108.14,False
1335,26.26,280.93,3.08,2.45,98.66,-0.04,664.69,84.68,False
1336,26.5,284.53,3.4,2.05,132.39,-0.26,657.89,107.06,False
1337,26.45,283.78,3.33,2.14,125.41,-0.21,659.3,102.43,False
1338,26.42,283.33,3.29,2.19,121.17,-0.19,660.15,99.61,False
1339,26.27,281.08,3.09,2.44,100.02,-0.05,664.41,85.58,False
1340,26.34,282.09,3.18,2.32,109.56,-0.11,662.49,91.91,False
1341,26.32,281.8,3.16,2.36,106.84,-0.1,663.04,90.11,False
1342,26.46,283.94,3.35,2.12,126.89,-0.22,659.0,103.41,False
1343,26.46,283.87,3.34,2.13,126.25,-0.22,659.13,102.99,False
1344,26.37,282.57,3.22,2.27,114.06,-0.14,661.59,94.9,False
1345,26.48,284.13,3.36,2.1,128.62,-0.23,658.65,104.56,False
1346,26.52,284.73,3.42,2.03,134.28,-0.27,657.51,108.32,False
1347,26.32,281.8,3.16,2.36,106.83,-0.1,663.04,90.1,False
1348,26.44,283.59,3.31,2.16,123.63,-0.2,659.66,101.24,False
1349,26.24,280.59,3.05,2.49,95.51,-0.02,665.32,82.59,False
1350,26.35,282.3,3.2,2.3,111.5,-0.13,662.1,93.2,False
1351,26.42,283.37,3.29,2.18,121.54,-0.19,660.08,99.86,False
1352,26.38,282.67,3.23,2.26,114.97,-0.15,661.4,95.5,False
1353,26.3,281.5,3.13,2.39,103.96,-0.08,663.62,88.19,False
1354,26.5,284.45,3.39,2.06,131.63,-0.25,658.05,106.55,False
1355,26.41,283.19,3.28,2.2,119.83,-0.18,660.42,98.73,False
1356,26.5,284.55,3.4,2.05,132.62,-0.26,657.85,107.22,False
1357,26.33,282.0,3.17,2.33,108.69,-0.11,662.67,91.33,False
1358,26.49,284.41,3.39,2.07,131.27,-0.25,658.12,106.32,False
1359,26.48,284.13,3.36,2.1,128.71,-0.23,658.63,104.62,False
1360,26.36,282.36,3.21,2.29,112.08,-0.13,661.98,93.59,False
1361,26.5,284.54,3.4,2.05,132.51,-0.26,657.87,107.14,False
1362,26.49,284.4,3.39,2.07,131.16,-0.25,658.14,106.24,False
1363,26.26,280.99,3.08,2.45,99.23,-0.05,664.57,85.05,False
1364,26.51,284.61,3.4,2.04,133.2,-0.26,657.73,107.59,False
1365,26.46,283.91,3.34,2.12,126.58,-0.22,659.06,103.21,False
1366,26.5,284.49,3.39,2.06,132.02,-0.26,657.97,106.82,False
1367,26.31,281.66,3.14,2.37,105.53,-0.09,663.3,89.24,False
1368,26.45,283.74,3.33,2.14,124.99,-0.21,659.38,102.15,False
1369,26.44,283.66,3.32,2.15,124.24,-0.21,659.53,101.65,False
1370,26.45,283.77,3.33,2.14,125.33,-0.21,659.31,102.37,False
1371,26.37,282.58,3.22,2.27,114.12,-0.14,661.57,94.94,False
1372,26.47,284.02,3.35,2.11,127.61,-0.23,658.86,103.89,False
1373,26.51,284.7,3.41,2.03,134.04,-0.27,657.56,108.15,False
1374,26.26,280.89,3.08,2.46,98.32,-0.04,664.76,84.45,False
1375,26.43,283.48,3.3,2.17,122.55,-0.2,659.87,100.53,False
1376,26.25,280.75,3.06,2.47,96.95,-0.03,665.03,83.54,False
1377,26.53,284.99,3.44,2.0,136.72,-0.29,657.02,109.93,False
1378,26.42,283.24,3.28,2.2,120.28,-0.18,660.33,99.02,False
1379,26.36,282.43,3.21,2.29,112.75,-0.13,661.85,94.03,False
1380,26.48,284.17,3.37,2.09,129.03,-0.24,658.57,104.83,False
1381,26.35,282.33,3.2,2.3,111.78,-0.13,662.04,93.38,False
1382,26.4,283.08,3.27,2.21,118.78,-0.17,660.63,98.03,False
1383,26.29,281.44,3.12,2.4,103.46,-0.07,663.72,87.86,False
1384,26.42,283.23,3.28,2.2,120.22,-0.18,660.34,98.98,False
1385,26.24,280.57,3.05,2.49,95.26,-0.02,665.37,82.42,False
1386,26.35,282.19,3.19,2.31,110.47,-0.12,662.31,92.51,False
1387,26.52,284.72,3.41,2.03,134.15,-0.27,657.54,108.23,False
1388,26.34,282.17,3.19,2.31,110.27,-0.12,662.35,92.38,False
1389,26.31,281.68,3.15,2.37,105.67,-0.09,663.28,89.33,False
1390,26.48,284.24,3.37,2.08,129.65,-0.24,658.44,105.24,False
1391,26.25,280.79,3.07,2.47,97.37,-0.04,664.95,83.82,False
1392,26.4,282.93,3.26,2.23,117.45,-0.16,660.9,97.15,False
1393,26.5,284.52,3.4,2.05,132.32,-0.26,657.91,107.01,False
1394,26.32,281.76,3.15,2.36,106.46,-0.09,663.12,89.85,False
1395,26.42,283.33,3.29,2.19,121.2,-0.19,660.15,99.64,False
1396,26.46,283.93,3.34,2.12,126.74,-0.22,659.03,103.31,False
1397,26.31,281.65,3.14,2.37,105.42,-0.09,663.33,89.16,False
1398,26.34,282.08,3.18,2.32,109.46,-0.11,662.51,91.85,False
1399,26.43,283.5,3.31,2.17,122.75,-0.2,659.83,100.66,False
1400,26.39,282.89,3.25,2.23,117.01,-0.16,660.99,96.86,False
1401,26.42,283.31,3.29,2.19,120.95,-0.19,660.2,99.47,False
1402,26.37,282.48,3.22,2.28,113.22,-0.14,661.75,94.34,False
1403,26.37,282.53,3.22,2.27,113.7,-0.14,661.66,94.66,False
1404,26.36,282.38,3.21,2.29,112.24,-0.13,661.95,93.69,False
1405,26.46,283.84,3.34,2.13,125.9,-0.22,659.2,102.76,False
1406,26.33,281.89,3.16,2.35,107.66,-0.1,662.87,90.65,False
1407,26.29,281.38,3.12,2.4,102.83,-0.07,663.85,87.45,False
1408,26.41,283.22,3.28,2.2,120.17,-0.18,660.35,98.95,False
1409,26.52,284.75,3.42,2.03,134.45,-0.27,657.48,108.43,False
1410,26.27,281.1,3.09,2.43,100.24,-0.05,664.37,85.72,False
1411,26.24,280.69,3.06,2.48,96.42,-0.03,665.14,83.19,False
1412,26.41,283.1,3.27,2.21,118.97,-0.17,660.6,98.15,False
1413,26.32,281.85,3.16,2.35,107.29,-0.1,662.95,90.41,False
1414,26.31,281.63,3.14,2.37,105.22,-0.09,663.37,89.03,False
1415,26.28,281.22,3.1,2.42,101.41,-0.06,664.13,86.5,False
1416,26.29,281.41,3.12,2.4,103.13,-0.07,663.79,87.64,False
1417,26.33,281.96,3.17,2.34,108.35,-0.11,662.73,91.11,False
1418,26.4,282.93,3.26,2.23,117.44,-0.16,660.9,97.14,False
1419,26.35,282.33,3.2,2.3,111.74,-0.13,662.05,93.36,False
1420,26.33,282.03,3.18,2.33,108.92,-0.11,662.62,91.49,False
1421,26.37,282.59,3.23,2.27,114.26,-0.14,661.54,95.03,False
1422,26.43,283.43,3.3,2.17,122.07,-0.19,659.97,100.21,False
1423,26.43,283.46,3.3,2.17,122.42,-0.19,659.9,100.45,False
1424,26.52,284.81,3.42,2.02,135.03,-0.27,657.36,108.81,False
1425,26.35,282.29,3.2,2.3,111.4,-0.12,662.12,93.13,False
1426,26.51,284.6,3.4,2.04,133.08,-0.26,657.75,107.52,False
1427,26.25,280.73,3.06,2.47,96.78,-0.03,665.07,83.43,False
1428,26.41,283.14,3.27,2.21,119.42,-0.18,660.51,98.45,False
1429,26.44,283.58,3.31,2.16,123.55,-0.2,659.67,101.19,False
1430,26.43,283.43,3.3,2.17,122.12,-0.19,659.96,100.24,False
1431,26.52,284.83,3.42,2.02,135.23,-0.28,657.32,108.94,False
1432,26.52,284.82,3.42,2.02,135.17,-0.28,657.33,108.9,False
1433,26.37,282.51,3.22,2.28,113.51,-0.14,661.7,94.53,False
1434,26.4,283.02,3.26,2.22,118.3,-0.17,660.73,97.71,False
1435,26.32,281.79,3.16,2.36,106.74,-0.1,663.06,90.04,False
1436,26.44,283.6,3.32,2.16,123.69,-0.2,659.65,101.28,False
1437,26.47,284.06,3.36,2.1,127.98,-0.23,658.78,104.14,False
1438,26.33,282.0,3.17,2.33,108.72,-0.11,662.66,91.35,False
1439,26.32,281.83,3.16,2.35,107.07,-0.1,662.99,90.26,False
1440,26.43,283.45,3.3,2.17,122.3,-0.19,659.93,100.36,False
1441,26.39,282.89,3.25,2.23,117.02,-0.16,660.99,96.86,False
1442,26.38,282.64,3.23,2.26,114.67,-0.15,661.46,95.3,False
1443,26.44,283.58,3.31,2.16,123.5,-0.2,659.68,101.16,False
1444,26.31,281.69,3.15,2.37,105.76,-0.09,663.26,89.39,False
1445,26.36,282.38,3.21,2.29,112.24,-0.13,661.95,93.69,False
1446,26.38,282.65,3.23,2.26,114.77,-0.15,661.44,95.37,False
1447,26.23,280.54,3.04,2.5,94.99,-0.02,665.43,82.24,False
1448,26.45,283.72,3.33,2.14,124.78,-0.21,659.43,102.01,False
1449,26.31,281.67,3.14,2.37,105.58,-0.09,663.29,89.27,False
1450,26.24,280.63,3.05,2.49,95.89,-0.03,665.25,82.84,False
1451,26.5,284.49,3.39,2.06,132.0,-0.26,657.97,106.8,False
1452,26.41,283.08,3.27,2.21,118.81,-0.17,660.63,98.05,False
1453,26.3,281.48,3.13,2.39,103.78,-0.08,663.66,88.08,False
1454,26.28,281.25,3.11,2.42,101.64,-0.06,664.09,86.66,False
1455,26.31,281.64,3.14,2.37,105.33,-0.09,663.34,89.11,False
1456,26.44,283.64,3.32,2.15,124.04,-0.2,659.57,101.52,False
1457,26.49,284.4,3.39,2.07,131.2,-0.25,658.13,106.27,False
1458,26.42,283.34,3.29,2.18,121.25,-0.19,660.14,99.67,False
1459,26.29,281.43,3.12,2.4,103.32,-0.07,663.75,87.77,False
1460,26.32,281.83,3.16,2.35,107.07,-0.1,662.99,90.26,False
1461,26.41,283.14,3.27,2.21,119.38,-0.18,660.51,98.43,False
1462,26.47,284.1,3.36,2.1,128.36,-0.23,658.7,104.38,False
1463,26.29,281.3,3.11,2.41,102.17,-0.07,663.98,87.01,False
1464,26.47,284.1,3.36,2.1,128.35,-0.23,658.71,104.38,False
1465,26.28,281.26,3.11,2.42,101.74,-0.06,664.07,86.72,False
1466,26.29,281.34,3.12,2.41,102.5,-0.07,663.91,87.23,False
1467,26.3,281.56,3.14,2.38,104.61,-0.08,663.49,88.63,False
1468,26.51,284.69,3.41,2.03,133.95,-0.27,657.58,108.09,False
1469,26.25,280.8,3.07,2.47,97.46,-0.04,664.93,83.88,False
1470,26.28,281.26,3.11,2.42,101.79,-0.06,664.06,86.76,False
1471,26.39,282.82,3.25,2.24,116.34,-0.16,661.13,96.41,False
1472,26.44,283.59,3.31,2.16,123.58,-0.2,659.67,101.22,False
1473,26.36,282.41,3.21,2.29,112.51,-0.13,661.9,93.87,False
1474,26.53,284.98,3.44,2.0,136.68,-0.29,657.03,109.91,False
1475,26.41,283.15,3.28,2.21,119.47,-0.18,660.5,98.49,False
1476,26.47,284.03,3.35,2.11,127.69,-0.23,658.84,103.94,False
1477,26.53,284.94,3.43,2.01,136.24,-0.28,657.12,109.62,False
1478,26.49,284.4,3.39,2.07,131.24,-0.25,658.12,106.3,False
1479,26.44,283.65,3.32,2.15,124.16,-0.21,659.55,101.6,False
1480,26.36,282.43,3.21,2.29,112.76,-0.13,661.85,94.04,False
1481,26.39,282.84,3.25,2.24,116.61,-0.16,661.07,96.59,False
1482,26.43,283.4,3.3,2.18,121.81,-0.19,660.02,100.04,False
1483,26.28,281.26,3.11,2.42,101.71,-0.06,664.07,86.7,False
1484,26.51,284.66,3.41,2.04,133.66,-0.27,657.64,107.9,False
1485,26.35,282.29,3.2,2.3,111.42,-0.12,662.12,93.15,False
1486,26.28,281.15,3.1,2.43,100.71,-0.06,664.27,86.04,False
1487,26.36,282.34,3.2,2.3,111.84,-0.13,662.03,93.42,False
1488,26.3,281.45,3.13,2.39,103.54,-0.07,663.7,87.92,False
1489,26.39,282.83,3.25,2.24,116.49,-0.16,661.09,96.51,False
1490,26.26,280.89,3.08,2.46,98.26,-0.04,664.77,84.41,False
1491,26.51,284.68,3.41,2.04,133.85,-0.27,657.6,108.03,False
1492,26.28,281.23,3.11,2.42,101.51,-0.06,664.11,86.57,False
1493,26.41,283.2,3.28,2.2,119.92,-0.18,660.4,98.79,False
1494,26.38,282.77,3.24,2.25,115.9,-0.15,661.21,96.12,False
1495,26.34,282.08,3.18,2.32,109.45,-0.11,662.51,91.84,False
1496,26.45,283.73,3.33,2.14,124.92,-0.21,659.4,102.1,False
1497,26.33,281.99,3.17,2.33,108.61,-0.11,662.68,91.28,False
1498,26.25,280.84,3.07,2.46,97.84,-0.04,664.85,84.13,False
1499,26.36,282.42,3.21,2.29,112.61,-0.13,661.88,93.94,False
1500,26.49,284.36,3.38,2.07,130.78,-0.25,658.22,105.99,False
1501,26.23,280.5,3.04,2.5,94.66,-0.02,665.49,82.02,False
1502,26.53,284.98,3.44,2.0,136.66,-0.29,657.03,109.89,False
1503,26.36,282.4,3.21,2.29,112.4,-0.13,661.92,93.79,False
1504,26.49,284.4,3.39,2.07,131.16,-0.25,658.14,106.24,False
1505,26.44,283.65,3.32,2.15,124.17,-0.21,659.55,101.61,False
1506,26.45,283.69,3.32,2.15,124.51,-0.21,659.48,101.83,False
1507,26.41,283.18,3.28,2.2,119.77,-0.18,660.43,98.69,False
1508,26.45,283.77,3.33,2.14,125.32,-0.21,659.32,102.37,False
1509,26.48,284.14,3.36,2.1,128.78,-0.24,658.62,104.66,False
1510,26.42,283.28,3.29,2.19,120.69,-0.18,660.25,99.3,False
1511,26.37,282.56,3.22,2.27,113.93,-0.14,661.61,94.81,False
1512,26.47,284.11,3.36,2.1,128.44,-0.23,658.69,104.44,False
1513,26.25,280.79,3.07,2.47,97.39,-0.04,664.94,83.83,False
1514,26.51,284.61,3.4,2.04,133.16,-0.26,657.74,107.57,False
1515,26.42,283.29,3.29,2.19,120.83,-0.18,660.22,99.39,False
1516,26.43,283.46,3.3,2.17,122.37,-0.19,659.91,100.41,False
1517,26.33,281.9,3.16,2.34,107.76,-0.1,662.85,90.72,False
1518,26.39,282.92,3.26,2.23,117.32,-0.16,660.93,97.06,False
1519,26.34,282.08,3.18,2.32,109.44,-0.11,662.52,91.83,False
1520,26.48,284.18,3.37,2.09,129.18,-0.24,658.54,104.93,False
1521,26.4,283.01,3.26,2.22,118.15,-0.17,660.76,97.61,False
1522,26.48,284.12,3.36,2.1,128.62,-0.23,658.65,104.55,False
1523,26.25,280.82,3.07,2.46,97.61,-0.04,664.9,83.98,False
1524,26.27,281.02,3.09,2.44,99.46,-0.05,664.53,85.21,False
1525,26.51,284.59,3.4,2.05,132.98,-0.26,657.77,107.45,False
1526,26.49,284.41,3.39,2.07,131.26,-0.25,658.12,106.31,False
1527,26.44,283.61,3.32,2.15,123.74,-0.2,659.63,101.32,False
1528,26.53,284.86,3.43,2.02,135.53,-0.28,657.26,109.15,False
1529,26.5,284.49,3.39,2.06,132.07,-0.26,657.96,106.85,False
1530,26.43,283.47,3.3,2.17,122.51,-0.2,659.88,100.51,False
1531,26.35,282.26,3.2,2.3,111.16,-0.12,662.17,92.97,False
1532,26.52,284.78,3.42,2.02,134.74,-0.27,657.42,108.62,False
1533,26.45,283.78,3.33,2.14,125.41,-0.21,659.3,102.43,False
1534,26.43,283.48,3.3,2.17,122.53,-0.2,659.88,100.51,False
1535,26.39,282.88,3.25,2.24,116.98,-0.16,661.0,96.83,False
1536,26.33,281.98,3.17,2.34,108.51,-0.11,662.7,91.21,False
1537,26.42,283.36,3.29,2.18,121.41,-0.19,660.1,99.77,False
1538,26.28,281.22,3.1,2.42,101.35,-0.06,664.14,86.46,False
1539,26.29,281.36,3.12,2.4,102.67,-0.07,663.88,87.34,False
1540,26.26,280.95,3.08,2.45,98.82,-0.04,664.66,84.78,False
1541,26.38,282.7,3.24,2.26,115.27,-0.15,661.34,95.7,False
1542,26.23,280.51,3.04,2.5,94.68,-0.02,665.49,82.04,False
1543,26.37,282.54,3.22,2.27,113.78,-0.14,661.64,94.71,False
1544,26.29,281.44,3.12,2.4,103.42,-0.07,663.73,87.84,False
1545,26.4,282.97,3.26,2.23,117.74,-0.17,660.84,97.34,False
1546,26.26,280.96,3.08,2.45,98.9,-0.05,664.64,84.84,False
1547,26.45,283.68,3.32,2.15,124.45,-0.21,659.49,101.79,False
1548,26.44,283.55,3.31,2.16,123.25,-0.2,659.73,100.99,False
1549,26.53,284.93,3.43,2.01,136.16,-0.28,657.13,109.56,False
1550,26.48,284.2,3.37,2.09,129.28,-0.24,658.52,105.0,False
1551,26.35,282.19,3.19,2.31,110.45,-0.12,662.31,92.5,False
1552,26.3,281.55,3.13,2.38,104.51,-0.08,663.51,88.56,False
1553,26.38,282.77,3.24,2.25,115.91,-0.15,661.21,96.13,False
1554,26.4,282.95,3.26,2.23,117.63,-0.16,660.87,97.26,False
1555,26.35,282.28,3.2,2.3,111.33,-0.12,662.13,93.08,False
1556,26.47,284.01,3.35,2.11,127.56,-0.23,658.87,103.85,False
1557,26.43,283.44,3.3,2.17,122.23,-0.19,659.94,100.32,False
1558,26.3,281.46,3.13,2.39,103.62,-0.08,663.69,87.97,False
1559,26.25,280.77,3.06,2.47,97.12,-0.03,665.0,83.66,False
1560,26.47,284.02,3.35,2.11,127.59,-0.23,658.86,103.88,False
1561,26.51,284.66,3.41,2.04,133.64,-0.27,657.64,107.89,False
1562,26.35,282.32,3.2,2.3,111.72,-0.13,662.06,93.34,False
1563,26.27,281.06,3.09,2.44,99.87,-0.05,664.44,85.48,False
1564,26.27,281.06,3.09,2.44,99.89,-0.05,664.44,85.49,False
1565,26.27,281.11,3.09,2.43,100.33,-0.05,664.35,85.79,False
1566,26.38,282.72,3.24,2.25,115.48,-0.15,661.3,95.84,False
1567,26.48,284.25,3.37,2.08,129.75,-0.24,658.42,105.31,False
1568,26.48,284.18,3.37,2.09,129.11,-0.24,658.55,104.89,False
1569,26.44,283.6,3.32,2.16,123.73,-0.2,659.64,101.31,False
1570,26.42,283.37,3.29,2.18,121.52,-0.19,660.08,99.85,False
1571,26.48,284.13,3.36,2.1,128.67,-0.23,658.64,104.59,False
1572,26.28,281.15,3.1,2.43,100.73,-0.06,664.27,86.05,False
1573,26.49,284.29,3.38,2.08,130.15,-0.24,658.34,105.57,False
1574,26.3,281.57,3.14,2.38,104.68,-0.08,663.47,88.67,False
1575,26.5,284.47,3.39,2.06,131.81,-0.25,658.01,106.67,False
1576,26.41,283.15,3.28,2.21,119.52,-0.18,660.49,98.52,False
1577,26.24,280.56,3.05,2.49,95.17,-0.02,665.39,82.36,False
1578,26.28,281.28,3.11,2.41,101.97,-0.06,664.02,86.87,False
1579,26.29,281.32,3.11,2.41,102.34,-0.07,663.95,87.12,False
1580,26.35,282.28,3.2,2.3,111.35,-0.12,662.13,93.1,False
1581,26.29,281.31,3.11,2.41,102.22,-0.07,663.97,87.04,False
1582,26.52,284.82,3.42,2.02,135.14,-0.28,657.34,108.88,False
1583,26.24,280.62,3.05,2.49,95.72,-0.03,665.28,82.73,False
1584,26.32,281.78,3.15,2.36,106.64,-0.09,663.08,89.98,False
1585,26.47,284.0,3.35,2.11,127.49,-0.23,658.88,103.81,False
1586,26.42,283.31,3.29,2.19,120.96,-0.19,660.19,99.48,False
1587,26.26,280.87,3.07,2.46,98.08,-0.04,664.8,84.29,False
1588,26.32,281.76,3.15,2.36,106.43,-0.09,663.12,89.83,False
1589,26.51,284.69,3.41,2.03,133.91,-0.27,657.59,108.07,False
1590,26.29,281.33,3.11,2.41,102.39,-0.07,663.94,87.15,False
1591,26.45,283.82,3.33,2.13,125.75,-0.22,659.23,102.65,False
1592,26.48,284.16,3.36,2.09,128.98,-0.24,658.58,104.8,False
1593,26.27,281.08,3.09,2.44,100.1,-0.05,664.4,85.63,False
1594,26.3,281.57,3.14,2.38,104.69,-0.08,663.47,88.68,False
1595,26.3,281.57,3.14,2.38,104.68,-0.08,663.47,88.67,False
1596,26.26,280.91,3.08,2.45,98.47,-0.04,664.72,84.55,False
1597,26.45,283.81,3.33,2.13,125.63,-0.22,659.25,102.57,False
1598,26.52,284.76,3.42,2.03,134.56,-0.27,657.46,108.5,False
1599,26.41,283.14,3.27,2.21,119.42,-0.18,660.51,98.45,False
1600,26.28,281.26,3.11,2.42,101.74,-0.06,664.07,86.72,False
1601,26.36,282.34,3.2,2.3,111.9,-0.13,662.02,93.46,False
1602,26.31,281.6,3.14,2.38,104.98,-0.08,663.41,88.87,False
1603,26.36,282.45,3.21,2.28,112.89,-0.13,661.82,94.12,False
1604,26.29,281.38,3.12,2.4,102.87,-0.07,663.84,87.47,False
1605,26.51,284.68,3.41,2.04,133.84,-0.27,657.6,108.02,False
1606,26.37,282.57,3.22,2.27,114.0,-0.14,661.6,94.86,False
1607,26.38,282.77,3.24,2.25,115.93,-0.15,661.21,96.14,False
1608,26.26,280.93,3.08,2.45,98.69,-0.04,664.68,84.7,False
1609,26.27,281.09,3.09,2.43,100.13,-0.05,664.39,85.65,False
1610,26.32,281.74,3.15,2.36,106.26,-0.09,663.16,89.72,False
1611,26.25,280.82,3.07,2.46,97.66,-0.04,664.89,84.01,False
1612,26.48,284.17,3.37,2.09,129.05,-0.24,658.57,104.84,False
1613,26.46,283.85,3.34,2.13,126.02,-0.22,659.18,102.83,False
1614,26.29,281.41,3.12,2.4,103.15,-0.07,663.78,87.66,False
1615,26.45,283.73,3.33,2.14,124.94,-0.21,659.39,102.12,False
1616,26.36,282.41,3.21,2.29,112.57,-0.13,661.89,93.91,False
1617,26.31,281.71,3.15,2.37,105.97,-0.09,663.21,89.53,False
1618,26.38,282.67,3.23,2.26,115.02,-0.15,661.39,95.53,False
1619,26.5,284.44,3.39,2.06,131.54,-0.25,658.06,106.5,False
1620,26.35,282.2,3.19,2.31,110.52,-0.12,662.3,92.55,False
1621,26.31,281.69,3.15,2.37,105.79,-0.09,663.25,89.41,False
1622,26.31,281.65,3.14,2.37,105.4,-0.09,663.33,89.15,False
1623,26.31,281.7,3.15,2.37,105.84,-0.09,663.24,89.44,False
1624,26.46,283.89,3.34,2.12,126.43,-0.22,659.09,103.1,False
1625,26.4,283.0,3.26,2.22,118.09,-0.17,660.77,97.57,False
1626,26.47,284.04,3.35,2.11,127.85,-0.23,658.81,104.05,False
1627,26.46,283.9,3.34,2.12,126.52,-0.22,659.08,103.16,False
1628,26.31,281.7,3.15,2.37,105.85,-0.09,663.24,89.45,False
1629,26.52,284.86,3.43,2.02,135.47,-0.28,657.27,109.11,False
1630,26.43,283.47,3.3,2.17,122.5,-0.2,659.89,100.49,False
1631,26.5,284.46,3.39,2.06,131.74,-0.25,658.02,106.63,False
1632,26.48,284.16,3.36,2.09,128.95,-0.24,658.59,104.78,False
1633,26.42,283.27,3.29,2.19,120.63,-0.18,660.26,99.25,False
1634,26.39,282.83,3.25,2.24,116.48,-0.16,661.1,96.5,False
1635,26.27,281.01,3.09,2.44,99.37,-0.05,664.54,85.15,False
1636,26.3,281.52,3.13,2.39,104.22,-0.08,663.57,88.37,False
1637,26.38,282.75,3.24,2.25,115.7,-0.15,661.25,95.99,False
1638,26.29,281.35,3.12,2.41,102.6,-0.07,663.89,87.29,False
1639,26.33,281.97,3.17,2.34,108.45,-0.11,662.71,91.18,False
1640,26.36,282.44,3.21,2.28,112.8,-0.13,661.84,94.06,False
1641,26.37,282.62,3.23,2.26,114.46,-0.14,661.5,95.16,False
1642,26.44,283.53,3.31,2.16,123.06,-0.2,659.77,100.87,False
1643,26.42,283.34,3.29,2.18,121.27,-0.19,660.13,99.68,False
1644,26.51,284.66,3.41,2.04,133.65,-0.27,657.64,107.89,False
1645,26.29,281.36,3.12,2.4,102.73,-0.07,663.87,87.38,False
1646,26.5,284.47,3.39,2.06,131.87,-0.25,658.0,106.71,False
1647,26.37,282.6,3.23,2.27,114.29,-0.14,661.54,95.05,False
1648,26.32,281.74,3.15,2.36,106.29,-0.09,663.15,89.74,False
1649,26.32,281.8,3.16,2.36,106.86,-0.1,663.04,90.12,False
1650,26.44,283.54,3.31,2.16,123.1,-0.2,659.76,100.9,False
1651,26.27,281.0,3.09,2.44,99.33,-0.05,664.55,85.12,False
1652,26.45,283.8,3.33,2.13,125.57,-0.21,659.27,102.53,False
1653,26.37,282.62,3.23,2.26,114.46,-0.14,661.5,95.16,False
1654,26.51,284.61,3.4,2.04,133.19,-0.26,657.73,107.59,False
1655,26.26,280.94,3.08,2.45,98.74,-0.04,664.67,84.73,False
1656,26.29,281.33,3.11,2.41,102.44,-0.07,663.93,87.19,False
1657,26.41,283.23,3.28,2.2,120.18,-0.18,660.35,98.96,False
1658,26.37,282.48,3.22,2.28,113.22,-0.14,661.75,94.34,False
1659,26.37,282.56,3.22,2.27,113.96,-0.14,661.61,94.83,False
1660,26.41,283.21,3.28,2.2,120.04,-0.18,660.38,98.86,False
1661,26.41,283.16,3.28,2.2,119.54,-0.18,660.48,98.53,False
1662,26.28,281.2,3.1,2.42,101.16,-0.06,664.18,86.34,False
1663,26.33,282.02,3.18,2.33,108.9,-0.11,662.62,91.47,False
1664,26.38,282.71,3.24,2.25,115.38,-0.15,661.32,95.77,False
1665,26.45,283.75,3.33,2.14,125.08,-0.21,659.37,102.21,False
1666,26.32,281.84,3.16,2.35,107.17,-0.1,662.97,90.32,False
1667,26.32,281.74,3.15,2.36,106.27,-0.09,663.15,89.73,False
1668,26.23,280.51,3.04,2.5,94.68,-0.02,665.49,82.04,False
1669,26.32,281.74,3.15,2.36,106.27,-0.09,663.15,89.73,False
1670,26.5,284.54,3.4,2.05,132.53,-0.26,657.87,107.15,False
1671,26.51,284.68,3.41,2.04,133.78,-0.27,657.61,107.98,False
1672,26.41,283.1,3.27,2.21,118.99,-0.17,660.59,98.17,False
1673,26.41,283.13,3.27,2.21,119.25,-0.17,660.54,98.34,False
1674,26.27,281.07,3.09,2.44,99.98,-0.05,664.42,85.55,False
1675,26.49,284.3,3.38,2.08,130.28,-0.24,658.32,105.66,False
1676,26.4,283.03,3.26,2.22,118.35,-0.17,660.72,97.74,False
1677,26.49,284.3,3.38,2.08,130.26,-0.24,658.32,105.65,False
1678,26.31,281.61,3.14,2.38,105.06,-0.08,663.4,88.92,False
1679,26.25,280.83,3.07,2.46,97.74,-0.04,664.87,84.07,False
1680,26.4,283.06,3.27,2.22,118.65,-0.17,660.66,97.95,False
1681,26.3,281.52,3.13,2.39,104.23,-0.08,663.56,88.38,False
1682,26.35,282.25,3.2,2.31,111.07,-0.12,662.19,92.91,False
1683,26.29,281.4,3.12,2.4,103.08,-0.07,663.8,87.61,False
1684,26.39,282.84,3.25,2.24,116.54,-0.16,661.08,96.55,False
1685,26.32,281.87,3.16,2.35,107.51,-0.1,662.9,90.55,False
1686,26.52,284.83,3.42,2.02,135.2,-0.28,657.33,108.92,False
1687,26.35,282.23,3.19,2.31,110.84,-0.12,662.23,92.76,False
1688,26.29,281.41,3.12,2.4,103.12,-0.07,663.79,87.63,False
1689,26.38,282.73,3.24,2.25,115.55,-0.15,661.28,95.89,False
1690,26.4,283.07,3.27,2.21,118.7,-0.17,660.65,97.97,False
1691,26.4,283.01,3.26,2.22,118.15,-0.17,660.76,97.61,False
1692,26.26,280.96,3.08,2.45,98.96,-0.05,664.63,84.88,False
1693,26.41,283.16,3.28,2.2,119.57,-0.18,660.48,98.55,False
1694,26.45,283.8,3.33,2.13,125.59,-0.21,659.26,102.55,False
1695,26.51,284.58,3.4,2.05,132.92,-0.26,657.79,107.41,False
1696,26.24,280.61,3.05,2.49,95.66,-0.02,665.29,82.69,False
1697,26.5,284.51,3.4,2.05,132.22,-0.26,657.93,106.95,False
1698,26.4,283.0,3.26,2.22,118.04,-0.17,660.78,97.53,False
1699,26.37,282.56,3.22,2.27,113.93,-0.14,661.61,94.81,False
1700,26.41,283.17,3.28,2.2,119.65,-0.18,660.46,98.61,False
1701,26.28,281.28,3.11,2.41,101.94,-0.06,664.03,86.85,False
1702,26.44,283.53,3.31,2.16,123.03,-0.2,659.78,100.85,False
1703,26.52,284.84,3.43,2.02,135.34,-0.28,657.3,109.02,False
1704,26.36,282.48,3.22,2.28,113.16,-0.14,661.77,94.3,False
1705,26.26,280.88,3.07,2.46,98.21,-0.04,664.78,84.38,False
1706,26.41,283.14,3.27,2.21,119.4,-0.18,660.51,98.44,False
1707,26.33,282.0,3.17,2.33,108.65,-0.11,662.67,91.31,False
1708,26.32,281.77,3.15,2.36,106.54,-0.09,663.1,89.91,False
1709,26.36,282.39,3.21,2.29,112.39,-0.13,661.92,93.79,False
1710,26.29,281.43,3.12,2.4,103.38,-0.07,663.74,87.81,False
1711,26.47,284.1,3.36,2.1,128.42,-0.23,658.69,104.42,False
1712,26.42,283.36,3.29,2.18,121.41,-0.19,660.11,99.77,False
1713,26.52,284.77,3.42,2.03,134.65,-0.27,657.44,108.56,False
1714,26.39,282.92,3.25,2.23,117.29,-0.16,660.93,97.04,False
1715,26.51,284.63,3.41,2.04,133.31,-0.26,657.71,107.67,False
1716,26.3,281.58,3.14,2.38,104.72,-0.08,663.47,88.7,False
1717,26.43,283.44,3.3,2.17,122.23,-0.19,659.94,100.32,False
1718,26.33,281.9,3.17,2.34,107.79,-0.1,662.85,90.73,False
1719,26.31,281.73,3.15,2.36,106.15,-0.09,663.18,89.65,False
1720,26.47,284.05,3.35,2.11,127.89,-0.23,658.8,104.07,False
1721,26.39,282.93,3.26,2.23,117.38,-0.16,660.92,97.1,False
1722,26.51,284.6,3.4,2.04,133.04,-0.26,657.76,107.49,False
1723,26.31,281.7,3.15,2.37,105.84,-0.09,663.24,89.44,False
1724,26.27,281.09,3.09,2.43,100.17,-0.05,664.38,85.68,False
1725,26.41,283.19,3.28,2.2,119.88,-0.18,660.41,98.76,False
1726,26.39,282.8,3.24,2.24,116.15,-0.15,661.16,96.28,False
1727,26.26,280.95,3.08,2.45,98.86,-0.05,664.65,84.81,False
1728,26.39,282.87,3.25,2.24,116.88,-0.16,661.02,96.77,False
1729,26.36,282.41,3.21,2.29,112.52,-0.13,661.9,93.87,False
1730,26.31,281.65,3.14,2.37,105.38,-0.09,663.33,89.14,False
1731,26.29,281.42,3.12,2.4,103.26,-0.07,663.76,87.73,False
1732,26.45,283.74,3.33,2.14,124.98,-0.21,659.39,102.14,False
1733,26.39,282.83,3.25,2.24,116.52,-0.16,661.09,96.53,False
1734,26.49,284.27,3.37,2.08,130.02,-0.24,658.37,105.49,False
1735,26.33,281.89,3.16,2.35,107.67,-0.1,662.87,90.66,False
1736,26.31,281.64,3.14,2.37,105.33,-0.09,663.34,89.11,False
1737,26.4,283.06,3.27,2.22,118.62,-0.17,660.67,97.92,False
1738,26.33,281.98,3.17,2.34,108.48,-0.11,662.71,91.19,False
1739,26.4,282.95,3.26,2.23,117.58,-0.16,660.88,97.23,False
1740,26.27,281.06,3.09,2.44,99.88,-0.05,664.44,85.49,False
1741,26.48,284.22,3.37,2.09,129.5,-0.24,658.48,105.14,False
1742,26.38,282.65,3.23,2.26,114.82,-0.15,661.43,95.4,False
1743,26.45,283.8,3.33,2.13,125.57,-0.21,659.27,102.54,False
1744,26.32,281.75,3.15,2.36,106.32,-0.09,663.14,89.76,False
1745,26.3,281.49,3.13,2.39,103.94,-0.08,663.62,88.18,False
1746,26.43,283.44,3.3,2.17,122.16,-0.19,659.95,100.27,False
1747,26.33,281.91,3.17,2.34,107.87,-0.1,662.83,90.79,False
1748,26.36,282.36,3.21,2.29,112.04,-0.13,661.99,93.56,False
1749,26.29,281.33,3.11,2.41,102.38,-0.07,663.94,87.15,False
1750,26.42,283.3,3.29,2.19,120.88,-0.18,660.21,99.42,False
1751,26.35,282.33,3.2,2.3,111.74,-0.13,662.05,93.36,False
1752,26.34,282.14,3.19,2.32,110.03,-0.12,662.4,92.22,False
1753,26.29,281.31,3.11,2.41,102.2,-0.07,663.97,87.02,False
1754,26.44,283.56,3.31,2.16,123.34,-0.2,659.72,101.05,False
1755,26.34,282.17,3.19,2.31,110.3,-0.12,662.34,92.4,False
1756,26.45,283.73,3.33,2.14,124.91,-0.21,659.4,102.09,False
1757,26.26,280.99,3.08,2.45,99.2,-0.05,664.58,85.03,False
1758,26.53,284.93,3.43,2.01,136.13,-0.28,657.14,109.54,False
1759,26.4,283.06,3.27,2.22,118.67,-0.17,660.66,97.96,False
1760,26.44,283.56,3.31,2.16,123.33,-0.2,659.72,101.05,False
1761,26.41,283.18,3.28,2.2,119.73,-0.18,660.44,98.66,False
1762,26.43,283.47,3.3,2.17,122.44,-0.19,659.9,100.46,False
1763,26.24,280.66,3.06,2.48,96.14,-0.03,665.2,83.0,False
1764,26.44,283.62,3.32,2.15,123.84,-0.2,659.61,101.39,False
1765,26.3,281.49,3.13,2.39,103.89,-0.08,663.63,88.15,False
1766,26.27,281.14,3.1,2.43,100.59,-0.06,664.3,85.96,False
1767,26.29,281.29,3.11,2.41,102.08,-0.07,664.0,86.94,False
1768,26.29,281.41,3.12,2.4,103.11,-0.07,663.79,87.63,False
1769,26.43,283.44,3.3,2.17,122.18,-0.19,659.95,100.28,False
1770,26.4,282.99,3.26,2.22,118.01,-0.17,660.79,97.52,False
1771,26.3,281.52,3.13,2.39,104.18,-0.08,663.58,88.34,False
1772,26.51,284.63,3.41,2.04,133.31,-0.26,657.71,107.67,False
1773,26.4,283.02,3.26,2.22,118.3,-0.17,660.73,97.71,False
1774,26.29,281.32,3.11,2.41,102.31,-0.07,663.95,87.1,False
1775,26.53,284.88,3.43,2.01,135.73,-0.28,657.22,109.28,False
1776,26.27,281.12,3.1,2.43,100.4,-0.06,664.34,85.83,False
1777,26.25,280.82,3.07,2.46,97.62,-0.04,664.9,83.99,False
1778,26.26,280.99,3.08,2.45,99.25,-0.05,664.57,85.07,False
1779,26.29,281.39,3.12,2.4,102.94,-0.07,663.82,87.52,False
1780,26.46,283.86,3.34,2.13,126.18,-0.22,659.14,102.94,False
1781,26.26,280.99,3.08,2.45,99.2,-0.05,664.58,85.04,False
1782,26.38,282.63,3.23,2.26,114.62,-0.15,661.47,95.27,False
1783,26.5,284.49,3.39,2.06,132.05,-0.26,657.96,106.83,False
1784,26.46,283.91,3.34,2.12,126.57,-0.22,659.06,103.2,False
1785,26.32,281.84,3.16,2.35,107.23,-0.1,662.96,90.36,False
1786,26.29,281.33,3.11,2.41,102.44,-0.07,663.93,87.19,False
1787,26.29,281.37,3.12,2.4,102.82,-0.07,663.85,87.44,False
1788,26.48,284.25,3.37,2.08,129.8,-0.24,658.41,105.34,False
1789,26.27,281.09,3.09,2.43,100.13,-0.05,664.39,85.65,False
1790,26.29,281.34,3.12,2.41,102.48,-0.07,663.92,87.21,False
1791,26.41,283.18,3.28,2.2,119.71,-0.18,660.45,98.65,False
1792,26.37,282.52,3.22,2.28,113.56,-0.14,661.69,94.56,False
1793,26.39,282.82,3.25,2.24,116.36,-0.16,661.12,96.42,False
1794,26.24,280.63,3.05,2.49,95.83,-0.03,665.26,82.8,False
1795,26.39,282.84,3.25,2.24,116.58,-0.16,661.08,96.57,False
1796,26.25,280.81,3.07,2.47,97.55,-0.04,664.91,83.94,False
1797,26.41,283.12,3.27,2.21,119.23,-0.17,660.54,98.33,False
1798,26.46,283.83,3.34,2.13,125.83,-0.22,659.21,102.7,False
1799,26.28,281.28,3.11,2.41,101.98,-0.07,664.02,86.88,False
1800,26.47,284.1,3.36,2.1,128.34,-0.23,658.71,104.37,False
1801,26.29,281.39,3.12,2.4,102.94,-0.07,663.82,87.52,False
1802,26.31,281.62,3.14,2.38,105.08,-0.08,663.39,88.94,False
1803,26.47,284.02,3.35,2.11,127.59,-0.23,658.86,103.88,False
1804,26.5,284.46,3.39,2.06,131.72,-0.25,658.03,106.62,False
1805,26.37,282.57,3.22,2.27,114.06,-0.14,661.59,94.9,False
1806,26.25,280.71,3.06,2.48,96.58,-0.03,665.11,83.3,False
1807,26.49,284.3,3.38,2.08,130.29,-0.24,658.32,105.67,False
1808,26.31,281.71,3.15,2.37,106.01,-0.09,663.21,89.55,False
1809,26.25,280.72,3.06,2.48,96.69,-0.03,665.08,83.37,False
1810,26.24,280.69,3.06,2.48,96.43,-0.03,665.14,83.2,False
1811,26.35,282.33,3.2,2.3,111.81,-0.13,662.04,93.41,False
1812,26.28,281.21,3.1,2.42,101.28,-0.06,664.16,86.41,False
1813,26.33,281.98,3.17,2.34,108.53,-0.11,662.7,91.23,False
1814,26.41,283.12,3.27,2.21,119.16,-0.17,660.56,98.28,False
1815,26.34,282.17,3.19,2.31,110.29,-0.12,662.35,92.39,False
1816,26.52,284.73,3.41,2.03,134.24,-0.27,657.52,108.29,False
1817,26.38,282.72,3.24,2.25,115.48,-0.15,661.3,95.84,False
1818,26.24,280.55,3.05,2.49,95.14,-0.02,665.4,82.34,False
1819,26.3,281.45,3.13,2.39,103.55,-0.08,663.7,87.92,False
1820,26.52,284.8,3.42,2.02,134.92,-0.27,657.38,108.74,False
1821,26.26,280.93,3.08,2.45,98.67,-0.04,664.68,84.69,False
1822,26.28,281.29,3.11,2.41,102.06,-0.07,664.0,86.94,False
1823,26.42,283.23,3.28,2.2,120.22,-0.18,660.34,98.99,False
1824,26.38,282.65,3.23,2.26,114.81,-0.15,661.43,95.39,False
1825,26.32,281.87,3.16,2.35,107.51,-0.1,662.9,90.55,False
1826,26.31,281.7,3.15,2.37,105.84,-0.09,663.24,89.44,False
1827,26.45,283.7,3.32,2.14,124.6,-0.21,659.46,101.89,False
1828,26.29,281.38,3.12,2.4,102.9,-0.07,663.83,87.49,False
1829,26.33,281.94,3.17,2.34,108.12,-0.1,662.78,90.95,False
1830,26.36,282.47,3.22,2.28,113.09,-0.14,661.78,94.26,False
1831,26.38,282.67,3.23,2.26,114.93,-0.15,661.41,95.48,False
1832,26.25,280.83,3.07,2.46,97.75,-0.04,664.87,84.08,False
1833,26.31,281.65,3.14,2.37,105.42,-0.09,663.32,89.17,False
1834,26.29,281.35,3.12,2.41,102.61,-0.07,663.89,87.3,False
1835,26.34,282.09,3.18,2.32,109.51,-0.11,662.5,91.88,False
1836,26.24,280.57,3.05,2.49,95.27,-0.02,665.37,82.43,False
1837,26.45,283.7,3.32,2.14,124.65,-0.21,659.45,101.92,False
1838,26.3,281.59,3.14,2.38,104.84,-0.08,663.44,88.78,False
1839,26.28,281.16,3.1,2.43,100.77,-0.06,664.26,86.08,False
1840,26.34,282.17,3.19,2.31,110.26,-0.12,662.35,92.38,False
1841,26.26,280.85,3.07,2.46,97.93,-0.04,664.83,84.19,False
1842,26.43,283.5,3.31,2.17,122.75,-0.2,659.83,100.67,False
1843,26.38,282.7,3.24,2.26,115.25,-0.15,661.34,95.69,False
1844,26.33,281.94,3.17,2.34,108.13,-0.1,662.78,90.96,False
1845,26.52,284.78,3.42,2.02,134.72,-0.27,657.42,108.61,False
1846,26.44,283.67,3.32,2.15,124.33,-0.21,659.52,101.71,False
1847,26.35,282.24,3.2,2.31,110.97,-0.12,662.21,92.85,False
1848,26.47,284.04,3.35,2.11,127.8,-0.23,658.82,104.01,False
1849,26.41,283.1,3.27,2.21,119.04,-0.17,660.58,98.2,False
1850,26.32,281.85,3.16,2.35,107.26,-0.1,662.96,90.38,False
1851,26.49,284.29,3.38,2.08,130.16,-0.24,658.34,105.58,False
1852,26.35,282.25,3.2,2.31,111.06,-0.12,662.19,92.9,False
1853,26.51,284.68,3.41,2.04,133.86,-0.27,657.6,108.03,False
1854,26.53,284.87,3.43,2.01,135.63,-0.28,657.24,109.21,False
1855,26.46,283.89,3.34,2.12,126.45,-0.22,659.09,103.12,False
1856,26.4,282.97,3.26,2.23,117.75,-0.17,660.84,97.35,False
1857,26.5,284.47,3.39,2.06,131.82,-0.25,658.01,106.68,False
1858,26.4,283.07,3.27,2.21,118.76,-0.17,660.64,98.02,False
1859,26.52,284.76,3.42,2.03,134.62,-0.27,657.44,108.54,False
1860,26.24,280.66,3.05,2.48,96.08,-0.03,665.21,82.96,False
1861,26.3,281.55,3.13,2.38,104.45,-0.08,663.52,88.52,False
1862,26.35,282.24,3.2,2.31,110.98,-0.12,662.21,92.85,False
1863,26.45,283.75,3.33,2.14,125.12,-0.21,659.36,102.24,False
1864,26.51,284.65,3.41,2.04,133.51,-0.27,657.67,107.8,False
1865,26.32,281.83,3.16,2.35,107.09,-0.1,662.99,90.27,False
1866,26.39,282.83,3.25,2.24,116.48,-0.16,661.1,96.5,False
1867,26.46,283.94,3.34,2.12,126.85,-0.22,659.01,103.38,False
1868,26.52,284.71,3.41,2.03,134.12,-0.27,657.54,108.21,False
1869,26.47,284.11,3.36,2.1,128.48,-0.23,658.68,104.47,False
1870,26.44,283.54,3.31,2.16,123.11,-0.2,659.76,100.91,False
1871,26.32,281.75,3.15,2.36,106.37,-0.09,663.13,89.79,False
1872,26.26,280.91,3.08,2.45,98.49,-0.04,664.72,84.57,False
1873,26.46,283.82,3.33,2.13,125.77,-0.22,659.23,102.67,False
1874,26.24,280.63,3.05,2.49,95.87,-0.03,665.25,82.83,False
1875,26.28,281.18,3.1,2.42,100.97,-0.06,664.22,86.21,False
1876,26.29,281.32,3.11,2.41,102.31,-0.07,663.95,87.1,False
1877,26.49,284.41,3.39,2.07,131.3,-0.25,658.11,106.34,False
1878,26.39,282.82,3.25,2.24,116.41,-0.16,661.11,96.46,False
1879,26.41,283.14,3.27,2.21,119.4,-0.18,660.51,98.44,False
1880,26.43,283.4,3.3,2.18,121.85,-0.19,660.02,100.06,False
1881,26.25,280.85,3.07,2.46,97.87,-0.04,664.85,84.15,False
1882,26.45,283.78,3.33,2.14,125.4,-0.21,659.3,102.42,False
1883,26.4,282.96,3.26,2.23,117.64,-0.16,660.86,97.28,False
1884,26.39,282.8,3.24,2.24,116.17,-0.16,661.16,96.29,False
1885,26.25,280.77,3.06,2.47,97.12,-0.03,665.0,83.65,False
1886,26.37,282.49,3.22,2.28,113.27,-0.14,661.74,94.37,False
1887,26.52,284.82,3.42,2.02,135.15,-0.28,657.34,108.89,False
1888,26.38,282.71,3.24,2.25,115.33,-0.15,661.33,95.74,False
1889,26.51,284.67,3.41,2.04,133.75,-0.27,657.62,107.96,False
1890,26.26,280.98,3.08,2.45,99.11,-0.05,664.6,84.98,False
1891,26.32,281.86,3.16,2.35,107.39,-0.1,662.93,90.47,False
1892,26.53,284.92,3.43,2.01,136.05,-0.28,657.16,109.49,False
1893,26.44,283.66,3.32,2.15,124.23,-0.21,659.54,101.64,False
1894,26.42,283.33,3.29,2.19,121.16,-0.19,660.15,99.61,False
1895,26.36,282.38,3.21,2.29,112.26,-0.13,661.95,93.7,False
1896,26.51,284.62,3.41,2.04,133.27,-0.26,657.72,107.64,False
1897,26.24,280.68,3.06,2.48,96.28,-0.03,665.17,83.1,False
1898,26.44,283.65,3.32,2.15,124.17,-0.21,659.55,101.6,False
1899,26.5,284.49,3.39,2.06,132.0,-0.26,657.97,106.8,False
1900,26.33,282.0,3.17,2.33,108.7,-0.11,662.66,91.34,False
1901,26.25,280.77,3.06,2.47,97.16,-0.03,664.99,83.69,False
1902,26.28,281.21,3.1,2.42,101.25,-0.06,664.17,86.39,False
1903,26.23,280.5,3.04,2.5,94.65,-0.02,665.49,82.02,False
1904,26.39,282.92,3.26,2.23,117.33,-0.16,660.93,97.07,False
1905,26.34,282.12,3.18,2.32,109.82,-0.11,662.44,92.08,False
1906,26.41,283.15,3.28,2.21,119.46,-0.18,660.5,98.48,False
1907,26.29,281.3,3.11,2.41,102.16,-0.07,663.98,87.0,False
1908,26.44,283.53,3.31,2.16,123.06,-0.2,659.77,100.87,False
1909,26.23,280.52,3.04,2.5,94.77,-0.02,665.47,82.09,False
1910,26.49,284.38,3.38,2.07,130.99,-0.25,658.17,106.13,False
1911,26.31,281.69,3.15,2.37,105.76,-0.09,663.26,89.39,False
1912,26.48,284.26,3.37,2.08,129.87,-0.24,658.4,105.39,False
1913,26.31,281.68,3.15,2.37,105.7,-0.09,663.27,89.35,False
1914,26.36,282.41,3.21,2.29,112.54,-0.13,661.89,93.89,False
1915,26.37,282.54,3.22,2.27,113.72,-0.14,661.65,94.67,False
1916,26.33,281.98,3.17,2.34,108.47,-0.11,662.71,91.19,False
1917,26.51,284.65,3.41,2.04,133.58,-0.27,657.65,107.85,False
1918,26.34,282.18,3.19,2.31,110.37,-0.12,662.33,92.45,False
1919,26.33,281.98,3.17,2.34,108.52,-0.11,662.7,91.22,False
1920,26.49,284.3,3.38,2.08,130.27,-0.24,658.32,105.65,False
1921,26.44,283.57,3.31,2.16,123.4,-0.2,659.7,101.1,False
1922,26.5,284.46,3.39,2.06,131.78,-0.25,658.02,106.65,False
1923,26.4,282.94,3.26,2.23,117.55,-0.16,660.88,97.21,False
1924,26.43,283.42,3.3,2.18,121.99,-0.19,659.99,100.16,False
1925,26.3,281.44,3.12,2.4,103.48,-0.07,663.72,87.88,False
1926,26.37,282.49,3.22,2.28,113.24,-0.14,661.75,94.36,False
1927,26.31,281.73,3.15,2.36,106.16,-0.09,663.18,89.66,False
1928,26.36,282.43,3.21,2.29,112.74,-0.13,661.85,94.02,False
1929,26.32,281.81,3.16,2.35,106.93,-0.1,663.02,90.16,False
1930,26.41,283.2,3.28,2.2,119.94,-0.18,660.4,98.8,False
1931,26.41,283.22,3.28,2.2,120.14,-0.18,660.36,98.93,False
1932,26.37,282.56,3.22,2.27,113.91,-0.14,661.62,94.8,False
1933,26.38,282.74,3.24,2.25,115.59,-0.15,661.28,95.91,False
1934,26.24,280.67,3.06,2.48,96.22,-0.03,665.18,83.06,False
1935,26.27,281.01,3.09,2.44,99.45,-0.05,664.53,85.2,False
1936,26.48,284.15,3.36,2.09,128.82,-0.24,658.61,104.69,False
1937,26.33,281.92,3.17,2.34,107.91,-0.1,662.82,90.81,False
1938,26.39,282.92,3.25,2.23,117.32,-0.16,660.93,97.06,False
1939,26.27,281.05,3.09,2.44,99.8,-0.05,664.46,85.44,False
1940,26.49,284.4,3.39,2.07,131.19,-0.25,658.13,106.27,False
1941,26.49,284.27,3.37,2.08,130.01,-0.24,658.37,105.48,False
1942,26.37,282.62,3.23,2.26,114.49,-0.14,661.5,95.18,False
1943,26.39,282.91,3.25,2.23,117.22,-0.16,660.95,96.99,False
1944,26.53,284.92,3.43,2.01,136.11,-0.28,657.14,109.53,False
1945,26.44,283.63,3.32,2.15,123.98,-0.2,659.59,101.48,False
1946,26.25,280.81,3.07,2.47,97.52,-0.04,664.92,83.92,False
1947,26.45,283.82,3.33,2.13,125.73,-0.22,659.23,102.64,False
1948,26.29,281.39,3.12,2.4,103.01,-0.07,663.81,87.57,False
1949,26.43,283.47,3.3,2.17,122.44,-0.19,659.9,100.46,False
1950,26.31,281.7,3.15,2.37,105.86,-0.09,663.24,89.45,False
1951,26.39,282.91,3.25,2.23,117.24,-0.16,660.94,97.01,False
1952,26.23,280.51,3.04,2.5,94.68,-0.02,665.49,82.04,False
1953,26.36,282.34,3.2,2.3,111.88,-0.13,662.02,93.45,False
1954,26.3,281.58,3.14,2.38,104.75,-0.08,663.46,88.72,False
1955,26.48,284.18,3.37,2.09,129.16,-0.24,658.54,104.92,False
1956,26.37,282.58,3.22,2.27,114.12,-0.14,661.57,94.94,False
1957,26.36,282.41,3.21,2.29,112.57,-0.13,661.89,93.91,False
1958,26.34,282.06,3.18,2.33,109.24,-0.11,662.56,91.7,False
1959,26.29,281.3,3.11,2.41,102.1,-0.07,663.99,86.96,False
1960,26.34,282.08,3.18,2.32,109.43,-0.11,662.52,91.82,False
1961,26.52,284.85,3.43,2.02,135.39,-0.28,657.29,109.05,False
1962,26.26,280.9,3.08,2.46,98.42,-0.04,664.74,84.52,False
1963,26.32,281.84,3.16,2.35,107.2,-0.1,662.97,90.34,False
1964,26.45,283.8,3.33,2.13,125.55,-0.21,659.27,102.52,False
1965,26.43,283.45,3.3,2.17,122.33,-0.19,659.92,100.38,False
1966,26.38,282.68,3.23,2.26,115.06,-0.15,661.38,95.56,False
1967,26.31,281.72,3.15,2.36,106.02,-0.09,663.2,89.56,False
1968,26.41,283.12,3.27,2.21,119.22,-0.17,660.55,98.32,False
1969,26.34,282.06,3.18,2.33,109.29,-0.11,662.54,91.73,False
1970,26.53,284.93,3.43,2.01,136.16,-0.28,657.13,109.56,False
1971,26.3,281.46,3.13,2.39,103.58,-0.08,663.7,87.94,False
1972,26.53,284.86,3.43,2.02,135.52,-0.28,657.26,109.14,False
1973,26.33,281.92,3.17,2.34,107.92,-0.1,662.82,90.82,False
1974,26.29,281.38,3.12,2.4,102.92,-0.07,663.83,87.5,False
1975,26.47,284.06,3.36,2.1,128.02,-0.23,658.77,104.16,False
1976,26.27,281.13,3.1,2.43,100.54,-0.06,664.31,85.93,False
1977,26.44,283.59,3.31,2.16,123.57,-0.2,659.67,101.2,False
1978,26.25,280.77,3.06,2.47,97.16,-0.03,664.99,83.69,False
1979,26.52,284.77,3.42,2.03,134.65,-0.27,657.44,108.56,False
1980,26.3,281.52,3.13,2.39,104.19,-0.08,663.57,88.35,False
1981,26.31,281.69,3.15,2.37,105.79,-0.09,663.25,89.41,False
1982,26.25,280.83,3.07,2.46,97.7,-0.04,664.88,84.04,False
1983,26.42,283.32,3.29,2.19,121.11,-0.19,660.17,99.57,False
1984,26.34,282.18,3.19,2.31,110.41,-0.12,662.32,92.48,False
1985,26.32,281.85,3.16,2.35,107.29,-0.1,662.95,90.4,False
1986,26.51,284.59,3.4,2.05,132.99,-0.26,657.77,107.46,False
1987,26.28,281.18,3.1,2.42,100.95,-0.06,664.22,86.2,False
1988,26.36,282.37,3.21,2.29,112.15,-0.13,661.97,93.63,False
1989,26.38,282.73,3.24,2.25,115.57,-0.15,661.28,95.9,False
1990,26.5,284.51,3.4,2.05,132.26,-0.26,657.92,106.97,False
1991,26.52,284.81,3.42,2.02,135.0,-0.27,657.37,108.79,False
1992,26.42,283.3,3.29,2.19,120.92,-0.19,660.2,99.45,False
1993,26.44,283.55,3.31,2.16,123.27,-0.2,659.73,101.01,False
1994,26.48,284.13,3.36,2.1,128.68,-0.23,658.64,104.6,False
1995,26.36,282.38,3.21,2.29,112.22,-0.13,661.96,93.67,False
1996,26.46,283.93,3.34,2.12,126.81,-0.22,659.02,103.35,False
1997,26.35,282.27,3.2,2.3,111.19,-0.12,662.16,92.99,False
1998,26.35,282.21,3.19,2.31,110.67,-0.12,662.27,92.65,False
1999,26.48,284.26,3.37,2.08,129.92,-0.24,658.39,105.42,False
2000,26.23,280.52,3.04,2.5,94.78,-0.02,665.47,82.1,False
2001,26.25,280.77,3.06,2.47,97.13,-0.03,665.0,83.66,False
2002,26.32,281.8,3.16,2.36,106.84,-0.1,663.04,90.11,False
2003,26.29,281.43,3.12,2.4,103.33,-0.07,663.75,87.77,False
2004,26.38,282.74,3.24,2.25,115.66,-0.15,661.26,95.96,False
2005,26.27,281.05,3.09,2.44,99.78,-0.05,664.46,85.42,False
2006,26.42,283.23,3.28,2.2,120.25,-0.18,660.34,99.0,False
2007,26.34,282.15,3.19,2.32,110.13,-0.12,662.38,92.29,False
2008,26.27,281.13,3.1,2.43,100.49,-0.06,664.32,85.9,False
2009,26.47,284.1,3.36,2.1,128.41,-0.23,658.69,104.42,False
2010,26.53,284.9,3.43,2.01,135.86,-0.28,657.19,109.36,False
2011,26.25,280.84,3.07,2.46,97.86,-0.04,664.85,84.15,False
2012,26.25,280.77,3.06,2.47,97.15,-0.03,664.99,83.68,False
2013,26.32,281.84,3.16,2.35,107.24,-0.1,662.96,90.37,False
2014,26.24,280.69,3.06,2.48,96.38,-0.03,665.15,83.17,False
2015,26.39,282.92,3.25,2.23,117.29,-0.16,660.94,97.04,False
2016,26.4,282.93,3.26,2.23,117.42,-0.16,660.91,97.12,False
2017,26.48,284.24,3.37,2.08,129.68,-0.24,658.44,105.26,False
2018,26.38,282.71,3.24,2.25,115.38,-0.15,661.32,95.77,False
2019,26.31,281.67,3.14,2.37,105.64,-0.09,663.28,89.31,False
2020,26.46,283.92,3.34,2.12,126.68,-0.22,659.04,103.27,False
2021,26.39,282.81,3.24,2.24,116.25,-0.16,661.14,96.35,False
2022,26.5,284.53,3.4,2.05,132.42,-0.26,657.89,107.08,False
2023,26.46,283.9,3.34,2.12,126.48,-0.22,659.08,103.14,False
2024,26.5,284.55,3.4,2.05,132.56,-0.26,657.86,107.17,False
2025,26.34,282.14,3.19,2.32,110.01,-0.12,662.4,92.21,False
2026,26.52,284.78,3.42,2.02,134.79,-0.27,657.41,108.65,False
2027,26.42,283.37,3.29,2.18,121.49,-0.19,660.09,99.83,False
2028,26.28,281.26,3.11,2.42,101.77,-0.06,664.06,86.74,False
2029,26.35,282.19,3.19,2.31,110.44,-0.12,662.31,92.5,False
2030,26.34,282.05,3.18,2.33,109.18,-0.11,662.57,91.66,False
2031,26.35,282.26,3.2,2.3,111.12,-0.12,662.18,92.94,False
2032,26.51,284.65,3.41,2.04,133.51,-0.27,657.67,107.8,False
2033,26.29,281.3,3.11,2.41,102.08,-0.07,664.0,86.95,False
2034,26.35,282.23,3.19,2.31,110.86,-0.12,662.23,92.77,False
2035,26.32,281.79,3.15,2.36,106.72,-0.1,663.06,90.03,False
2036,26.29,281.37,3.12,2.4,102.76,-0.07,663.86,87.4,False
2037,26.42,283.35,3.29,2.18,121.37,-0.19,660.11,99.75,False
2038,26.28,281.29,3.11,2.41,102.04,-0.07,664.01,86.92,False
2039,26.28,281.19,3.1,2.42,101.09,-0.06,664.2,86.29,False
2040,26.25,280.84,3.07,2.46,97.83,-0.04,664.85,84.13,False
2041,26.52,284.79,3.42,2.02,134.84,-0.27,657.4,108.68,False
2042,26.27,281.07,3.09,2.44,100.0,-0.05,664.42,85.57,False
2043,26.27,281.01,3.09,2.44,99.41,-0.05,664.54,85.18,False
2044,26.49,284.4,3.39,2.07,131.19,-0.25,658.13,106.26,False
2045,26.48,284.24,3.37,2.08,129.66,-0.24,658.44,105.25,False
2046,26.29,281.32,3.11,2.41,102.33,-0.07,663.95,87.11,False
2047,26.4,282.98,3.26,2.22,117.86,-0.17,660.82,97.42,False
2048,26.43,283.44,3.3,2.17,122.18,-0.19,659.95,100.29,False
2049,26.45,283.81,3.33,2.13,125.64,-0.22,659.25,102.58,False
2050,26.45,283.8,3.33,2.13,125.59,-0.21,659.26,102.55,False
2051,26.37,282.5,3.22,2.28,113.39,-0.14,661.72,94.45,False
2052,26.47,284.03,3.35,2.11,127.71,-0.23,658.84,103.95,False
2053,26.47,284.05,3.35,2.11,127.87,-0.23,658.8,104.06,False
2054,26.32,281.8,3.16,2.36,106.8,-0.1,663.05,90.08,False
2055,26.31,281.65,3.14,2.37,105.4,-0.09,663.33,89.15,False
2056,26.3,281.56,3.14,2.38,104.61,-0.08,663.49,88.62,False
2057,26.51,284.65,3.41,2.04,133.5,-0.26,657.67,107.8,False
2058,26.32,281.86,3.16,2.35,107.35,-0.1,662.94,90.44,False
2059,26.39,282.85,3.25,2.24,116.68,-0.16,661.06,96.63,False
2060,26.48,284.14,3.36,2.1,128.72,-0.23,658.63,104.62,False
2061,26.4,282.96,3.26,2.23,117.66,-0.16,660.86,97.29,False
2062,26.36,282.38,3.21,2.29,112.24,-0.13,661.95,93.69,False
2063,26.32,281.87,3.16,2.35,107.5,-0.1,662.91,90.54,False
2064,26.42,283.29,3.29,2.19,120.74,-0.18,660.24,99.33,False
2065,26.4,283.0,3.26,2.22,118.09,-0.17,660.77,97.57,False
2066,26.47,284.09,3.36,2.1,128.26,-0.23,658.73,104.32,False
2067,26.34,282.11,3.18,2.32,109.75,-0.11,662.45,92.04,False
2068,26.24,280.61,3.05,2.49,95.67,-0.03,665.29,82.7,False
2069,26.3,281.44,3.12,2.4,103.47,-0.07,663.72,87.87,False
2070,26.28,281.25,3.11,2.42,101.62,-0.06,664.09,86.64,False
2071,26.24,280.63,3.05,2.49,95.87,-0.03,665.25,82.82,False
2072,26.43,283.38,3.3,2.18,121.64,-0.19,660.06,99.93,False
2073,26.49,284.35,3.38,2.07,130.75,-0.25,658.22,105.97,False
2074,26.5,284.5,3.39,2.06,132.13,-0.26,657.95,106.89,False
2075,26.39,282.79,3.24,2.25,116.11,-0.15,661.17,96.25,False
2076,26.3,281.45,3.13,2.39,103.55,-0.08,663.7,87.92,False
2077,26.26,280.94,3.08,2.45,98.71,-0.04,664.68,84.71,False
2078,26.49,284.29,3.38,2.08,130.14,-0.24,658.35,105.57,False
2079,26.31,281.64,3.14,2.37,105.3,-0.09,663.35,89.08,False
2080,26.27,281.02,3.09,2.44,99.47,-0.05,664.52,85.21,False
2081,26.28,281.26,3.11,2.42,101.79,-0.06,664.06,86.75,False
2082,26.31,281.68,3.15,2.37,105.71,-0.09,663.27,89.36,False
2083,26.37,282.61,3.23,2.27,114.44,-0.14,661.51,95.15,False
2084,26.44,283.62,3.32,2.15,123.85,-0.2,659.61,101.39,False
2085,26.36,282.36,3.21,2.29,112.1,-0.13,661.98,93.59,False
2086,26.51,284.62,3.41,2.04,133.24,-0.26,657.72,107.63,False
2087,26.3,281.46,3.13,2.39,103.65,-0.08,663.68,87.99,False
2088,26.47,284.1,3.36,2.1,128.42,-0.23,658.69,104.42,False
2089,26.41,283.22,3.28,2.2,120.17,-0.18,660.35,98.95,False
2090,26.27,281.06,3.09,2.44,99.85,-0.05,664.45,85.47,False
2091,26.3,281.57,3.14,2.38,104.69,-0.08,663.47,88.68,False
2092,26.27,281.02,3.09,2.44,99.53,-0.05,664.51,85.25,False
2093,26.35,282.3,3.2,2.3,111.46,-0.13,662.11,93.17,False
2094,26.3,281.46,3.13,2.39,103.59,-0.08,663.69,87.95,False
2095,26.42,283.27,3.29,2.19,120.56,-0.18,660.27,99.21,False
2096,26.32,281.8,3.16,2.36,106.78,-0.1,663.05,90.06,False
2097,26.41,283.19,3.28,2.2,119.89,-0.18,660.41,98.76,False
2098,26.46,283.9,3.34,2.12,126.52,-0.22,659.08,103.16,False
2099,26.29,281.34,3.11,2.41,102.46,-0.07,663.92,87.2,False
2100,26.5,284.45,3.39,2.06,131.71,-0.25,658.03,106.61,False
2101,26.5,284.54,3.4,2.05,132.48,-0.26,657.87,107.12,False
2102,26.3,281.56,3.13,2.38,104.56,-0.08,663.5,88.59,False
2103,26.26,280.93,3.08,2.45,98.69,-0.04,664.68,84.7,False
2104,26.45,283.71,3.32,2.14,124.74,-0.21,659.43,101.98,False
2105,26.43,283.43,3.3,2.17,122.06,-0.19,659.97,100.21,False
2106,26.47,284.01,3.35,2.11,127.52,-0.23,658.87,103.83,False
2107,26.43,283.4,3.3,2.18,121.83,-0.19,660.02,100.05,False
2108,26.3,281.49,3.13,2.39,103.89,-0.08,663.63,88.15,False
2109,26.43,283.46,3.3,2.17,122.35,-0.19,659.92,100.39,False
2110,26.5,284.54,3.4,2.05,132.46,-0.26,657.88,107.11,False
2111,26.46,283.9,3.34,2.12,126.5,-0.22,659.08,103.15,False
2112,26.26,280.97,3.08,2.45,99.03,-0.05,664.61,84.92,False
2113,26.52,284.75,3.42,2.03,134.51,-0.27,657.47,108.47,False
2114,26.3,281.51,3.13,2.39,104.05,-0.08,663.6,88.26,False
2115,26.44,283.54,3.31,2.16,123.13,-0.2,659.76,100.92,False
2116,26.42,283.34,3.29,2.18,121.29,-0.19,660.13,99.7,False
2117,26.47,283.98,3.35,2.11,127.22,-0.23,658.93,103.63,False
2118,26.38,282.71,3.24,2.25,115.38,-0.15,661.32,95.77,False
2119,26.26,281.0,3.08,2.44,99.27,-0.05,664.56,85.08,False
2120,26.36,282.36,3.21,2.29,112.08,-0.13,661.98,93.59,False
2121,26.34,282.18,3.19,2.31,110.34,-0.12,662.33,92.43,False
2122,26.27,281.03,3.09,2.44,99.64,-0.05,664.49,85.33,False
2123,26.5,284.41,3.39,2.07,131.33,-0.25,658.11,106.35,False
2124,26.31,281.63,3.14,2.37,105.18,-0.09,663.37,89.0,False
2125,26.35,282.19,3.19,2.31,110.51,-0.12,662.3,92.54,False
2126,26.34,282.12,3.18,2.32,109.79,-0.11,662.44,92.06,False
2127,26.45,283.78,3.33,2.14,125.42,-0.21,659.3,102.43,False
2128,26.28,281.25,3.11,2.42,101.65,-0.06,664.09,86.66,False
2129,26.48,284.16,3.36,2.09,128.98,-0.24,658.58,104.8,False
2130,26.37,282.61,3.23,2.27,114.37,-0.14,661.52,95.1,False
2131,26.33,281.96,3.17,2.34,108.32,-0.11,662.74,91.09,False
2132,26.25,280.82,3.07,2.46,97.63,-0.04,664.89,83.99,False
2133,26.37,282.6,3.23,2.27,114.31,-0.14,661.53,95.06,False
2134,26.35,282.26,3.2,2.3,111.08,-0.12,662.18,92.92,False
2135,26.36,282.45,3.21,2.28,112.95,-0.13,661.81,94.16,False
2136,26.23,280.51,3.04,2.5,94.76,-0.02,665.47,82.09,False
2137,26.35,282.19,3.19,2.31,110.45,-0.12,662.31,92.5,False
2138,26.48,284.23,3.37,2.09,129.61,-0.24,658.45,105.22,False
2139,26.37,282.59,3.23,2.27,114.22,-0.14,661.55,95.0,False
2140,26.32,281.88,3.16,2.35,107.56,-0.1,662.89,90.58,False
2141,26.39,282.9,3.25,2.23,117.13,-0.16,660.97,96.93,False
2142,26.38,282.63,3.23,2.26,114.64,-0.15,661.47,95.28,False
2143,26.38,282.64,3.23,2.26,114.74,-0.15,661.45,95.35,False
2144,26.42,283.28,3.29,2.19,120.68,-0.18,660.25,99.29,False
2145,26.53,284.93,3.43,2.01,136.16,-0.28,657.13,109.56,False
2146,26.51,284.7,3.41,2.03,134.03,-0.27,657.56,108.15,False
2147,26.41,283.19,3.28,2.2,119.88,-0.18,660.41,98.76,False
2148,26.45,283.69,3.32,2.15,124.55,-0.21,659.47,101.86,False
2149,26.33,281.9,3.16,2.34,107.76,-0.1,662.85,90.72,False
2150,26.36,282.42,3.21,2.29,112.62,-0.13,661.87,93.94,False
2151,26.38,282.71,3.24,2.25,115.32,-0.15,661.33,95.73,False
2152,26.39,282.81,3.25,2.24,116.33,-0.16,661.13,96.4,False
2153,26.49,284.33,3.38,2.07,130.51,-0.25,658.27,105.81,False
2154,26.41,283.17,3.28,2.2,119.69,-0.18,660.45,98.64,False
2155,26.36,282.44,3.21,2.28,112.81,-0.13,661.84,94.07,False
2156,26.43,283.45,3.3,2.17,122.26,-0.19,659.93,100.34,False
2157,26.32,281.88,3.16,2.35,107.57,-0.1,662.89,90.59,False
2158,26.24,280.63,3.05,2.49,95.83,-0.03,665.26,82.8,False
2159,26.38,282.77,3.24,2.25,115.93,-0.15,661.21,96.13,False
2160,26.49,284.3,3.38,2.08,130.23,-0.24,658.33,105.62,False
2161,26.24,280.65,3.05,2.48,96.03,-0.03,665.22,82.93,False
2162,26.5,284.55,3.4,2.05,132.56,-0.26,657.86,107.17,False
2163,26.34,282.08,3.18,2.32,109.43,-0.11,662.52,91.82,False
2164,26.31,281.69,3.15,2.37,105.78,-0.09,663.25,89.4,False
2165,26.43,283.41,3.3,2.18,121.94,-0.19,660.0,100.13,False
2166,26.33,281.95,3.17,2.34,108.25,-0.1,662.75,91.04,False
2167,26.42,283.23,3.28,2.2,120.22,-0.18,660.34,98.99,False
2168,26.53,284.97,3.44,2.0,136.56,-0.28,657.05,109.82,False
2169,26.41,283.17,3.28,2.2,119.7,-0.18,660.45,98.64,False
2170,26.5,284.52,3.4,2.05,132.34,-0.26,657.9,107.03,False
2171,26.45,283.69,3.32,2.15,124.53,-0.21,659.48,101.84,False
2172,26.42,283.33,3.29,2.19,121.14,-0.19,660.16,99.6,False
2173,26.31,281.68,3.15,2.37,105.68,-0.09,663.27,89.33,False
2174,26.47,284.1,3.36,2.1,128.37,-0.23,658.7,104.4,False
2175,26.33,281.91,3.17,2.34,107.83,-0.1,662.84,90.76,False
2176,26.33,281.95,3.17,2.34,108.21,-0.1,662.76,91.02,False
