,nuc,aexp,ndev,nd,age,asexp,la,ld,target
0,11.33,61.0,0.22,2.0,18.94,1.25,354.0,450.0,True
1,11.72,91.0,0.12,3.0,16.0,1.97,312.0,280.0,True
2,44.17,115.0,0.5,2.0,95.83,1.25,61.0,233.0,True
3,50.75,155.0,0.5,2.0,15.62,1.25,315.0,264.0,True
4,11.0,256.0,0.3,2.0,3.7,222.0,458.0,322.0,True
5,47.67,177.0,0.44,2.0,22.0,1.25,395.0,287.0,True
6,7.2,391.0,0.6,3.0,48.0,319.0,68.0,276.0,True
7,7.33,422.0,1.33,2.0,86.33,341.0,870.0,187.0,True
8,115.0,450.0,1.0,2.0,61.8,1.97,218.0,303.0,True
9,75.88,2.0,0.75,2.0,61.25,1.0,381.0,203.0,True
10,79.27,277.0,0.4,4.0,41.47,1.25,325.0,283.0,True
11,105.0,101.0,0.75,3.0,27.75,1.68,285.0,486.0,True
12,0.67,71.0,0.67,2.0,88.67,67.0,349.0,302.0,True
13,9.76,24.0,0.59,2.0,23.18,21.0,272.0,217.0,True
14,18.81,233.0,0.62,2.0,37.71,218.0,227.0,119.0,True
15,3.35,282.0,0.29,3.0,27.12,265.0,319.0,144.0,True
16,1.2,355.0,0.33,4.0,47.4,330.0,539.0,308.0,True
17,1.71,443.0,0.43,3.0,26.57,65.0,332.0,203.0,True
18,1.91,368.0,0.36,1.0,75.45,40.0,182.0,88.0,True
19,2.56,323.0,0.56,3.0,27.56,16.0,402.0,313.0,True
20,13.83,68.0,1.17,3.0,15.42,60.0,676.0,450.0,True
21,19.33,37.0,2.33,2.0,40.67,26.0,288.0,131.0,True
22,17.5,45.0,1.5,3.0,58.75,32.0,374.0,290.0,True
23,8.0,13.0,2.5,2.0,48.75,0.17,271.0,59.0,False
24,14.85,38.0,1.31,2.0,75.54,0.06,226.0,233.0,False
25,8.67,21.0,2.0,2.0,24.83,16.0,263.0,188.0,True
26,22.75,24.0,1.42,2.0,36.5,18.0,418.0,232.0,True
27,8.8,25.0,1.3,3.0,49.9,19.0,316.0,242.0,True
28,17.82,40.0,1.27,3.0,29.45,38.0,301.0,196.0,True
29,11.57,76.0,1.71,1.0,35.14,0.75,283.0,583.0,True
30,23.57,195.0,2.43,1.0,53.43,93.0,168.0,123.0,True
31,4.8,13.0,0.8,2.0,63.2,3.0,390.0,50.0,True
32,7.17,28.0,0.83,2.0,9.0,17.0,477.0,303.0,True
33,6.57,345.0,1.14,2.0,24.71,0.0,582.0,109.0,False
34,10.0,108.0,4.0,1.0,78.0,63.0,527.0,81.0,False
35,8.0,63.0,1.07,2.0,28.14,49.0,464.0,140.0,True
36,6.25,16.0,1.25,2.0,86.88,0.48,425.0,377.0,True
37,20.89,74.0,2.22,2.0,55.22,0.5,132.0,114.0,False
38,18.25,496.0,4.0,1.0,30.5,137.0,218.0,494.0,False
39,17.55,205.0,1.91,3.0,43.91,0.5,375.0,164.0,False
40,38.75,1.0,1.25,3.0,64.1,1.0,554.0,338.0,True
41,4.4,14.0,1.3,4.0,71.0,1.0,455.0,236.0,True
42,11.71,9.0,2.86,3.0,50.43,0.5,582.0,89.0,False
43,7.33,19.0,1.89,3.0,85.33,0.19,302.0,132.0,False
44,53.83,38.0,2.58,3.0,40.75,1.5,630.0,570.0,False
45,2.0,24.0,0.82,2.0,81.36,18.0,451.0,371.0,True
46,17.33,195.0,3.5,2.0,57.67,0.06,665.0,562.0,False
47,14.11,18.0,1.16,2.0,80.95,0.86,834.0,330.0,True
48,12.0,234.0,6.0,1.0,56.0,136.0,362.0,385.0,False
49,5.67,18.0,2.67,2.0,75.0,4.0,0.0,489.0,False
50,13.62,49.0,2.25,1.0,32.62,0.26,356.0,168.0,False
51,1.0,50.0,0.25,2.0,63.0,24.0,0.0,143.0,True
52,5.75,51.0,2.5,3.0,63.75,0.48,136.0,153.0,False
53,21.3,47.0,1.15,3.0,58.85,0.47,267.0,135.0,False
54,10.73,55.0,2.18,2.0,39.91,41.0,668.0,83.0,True
55,3.75,56.0,0.33,3.0,85.92,42.0,276.0,520.0,True
56,25.29,156.0,3.71,1.0,47.0,105.0,301.0,472.0,False
57,5.0,360.0,2.0,1.0,74.0,44.0,400.0,362.0,True
58,22.83,183.0,3.5,1.0,61.5,136.0,365.0,219.0,False
59,5.1,204.0,2.0,2.0,102.8,148.0,191.0,221.0,True
60,4.5,464.0,2.0,2.0,75.5,293.0,34.0,506.0,True
61,9.5,147.0,4.5,1.0,78.0,95.0,377.0,76.0,False
62,43.33,153.0,4.33,2.0,70.89,101.0,258.0,57.0,False
63,7.8,112.0,1.2,3.0,39.2,19.0,203.0,202.0,True
64,4.5,14.0,2.5,1.0,46.5,13.0,280.0,301.0,True
65,11.73,289.0,2.64,2.0,82.27,0.5,311.0,187.0,False
66,26.0,4.0,3.0,3.0,63.85,2.0,212.0,235.0,False
67,22.14,309.0,4.43,2.0,52.71,220.0,622.0,189.0,False
68,2.0,103.0,0.33,3.0,29.22,3.0,752.0,335.0,True
69,1.0,348.0,1.0,1.0,40.0,250.0,0.0,211.0,True
70,18.0,54.0,4.17,2.0,24.33,39.0,317.0,343.0,False
71,4.17,59.0,2.0,1.0,20.67,43.0,561.0,416.0,True
72,62.75,136.0,4.75,2.0,76.33,105.0,533.0,397.0,False
73,16.73,15.0,3.09,1.0,36.0,1.88,483.0,227.0,False
74,13.56,1.0,2.33,2.0,37.11,0.5,579.0,272.0,False
75,1.67,68.0,0.33,1.0,66.0,51.0,470.0,312.0,True
76,11.83,8.0,1.5,2.0,62.0,0.0,420.0,62.0,False
77,20.0,714.0,2.88,2.0,88.75,19.0,240.0,249.0,False
78,5.75,62.0,2.5,1.0,69.5,45.0,273.0,183.0,True
79,24.5,75.0,4.1,1.0,41.1,0.76,549.0,467.0,False
80,9.62,0.0,2.38,2.0,76.12,0.0,221.0,174.0,False
81,11.53,68.0,1.76,3.0,33.18,0.35,417.0,383.0,False
82,11.53,68.0,1.76,3.0,33.18,0.35,417.0,383.0,False
83,10.94,178.0,0.56,1.0,14.67,136.0,287.0,475.0,True
84,9.33,185.0,2.67,1.0,30.33,141.0,268.0,181.0,True
85,15.12,7.0,2.88,3.0,76.12,7.0,305.0,373.0,False
86,30.45,47.0,4.0,2.0,40.64,28.0,323.0,86.0,False
87,13.45,127.0,2.27,2.0,24.45,0.39,583.0,313.0,False
88,4.36,31.0,0.45,3.0,30.36,0.01,483.0,555.0,False
89,50.47,109.0,2.53,3.0,43.43,0.35,289.0,379.0,False
90,2.29,39.0,1.14,1.0,33.57,0.67,285.0,141.0,True
91,17.2,143.0,3.4,1.0,38.4,0.76,471.0,315.0,False
92,16.29,144.0,1.88,1.0,27.12,0.76,526.0,198.0,True
93,7.4,59.0,3.4,1.0,48.4,32.0,892.0,324.0,False
94,29.34,172.61,1.89,1.28,65.3,67.32,138.05,153.79,True
95,38.96,135.23,0.99,1.75,85.11,24.45,88.06,205.18,True
96,36.28,145.64,1.24,1.62,79.59,36.39,101.99,190.87,True
97,34.58,152.25,1.4,1.53,76.09,43.97,110.82,181.78,True
98,29.07,173.63,1.91,1.27,64.76,68.49,139.42,152.39,True
99,30.42,168.39,1.79,1.33,67.53,62.49,132.41,159.58,True
100,34.0,154.51,1.45,1.51,74.89,46.56,113.84,178.68,True
101,24.5,191.38,2.34,1.05,55.35,88.85,163.16,127.98,True
102,30.24,169.11,1.8,1.32,67.15,63.31,133.38,158.59,True
103,31.69,163.47,1.67,1.39,70.14,56.84,125.83,166.35,True
104,27.79,178.6,2.03,1.21,62.12,74.19,146.06,145.55,True
105,24.95,189.66,2.3,1.07,56.26,86.88,160.86,130.34,True
106,35.32,149.38,1.33,1.57,77.61,40.68,106.99,185.73,True
107,25.43,187.76,2.25,1.09,57.27,84.7,158.32,132.95,True
108,30.54,167.93,1.78,1.34,67.78,61.96,131.8,160.22,True
109,38.69,136.27,1.01,1.73,84.56,25.64,89.45,203.75,True
110,26.67,182.95,2.14,1.15,59.81,79.18,151.89,139.57,True
111,40.37,129.76,0.86,1.82,88.01,18.18,80.75,212.7,True
112,24.35,191.99,2.36,1.04,55.03,89.55,163.97,127.14,True
113,40.33,129.9,0.86,1.81,87.94,18.33,80.93,212.51,True
114,26.12,185.11,2.19,1.12,58.67,81.66,154.78,136.59,True
115,34.22,153.63,1.43,1.52,75.36,45.55,112.66,179.89,True
116,43.55,117.4,0.56,1.97,94.56,4.0,64.22,229.69,True
117,41.67,124.69,0.73,1.88,90.7,12.36,73.95,219.68,True
118,32.22,161.41,1.62,1.42,71.23,54.48,123.08,169.18,True
119,40.49,129.29,0.84,1.82,88.26,17.64,80.12,213.35,True
120,38.02,138.86,1.08,1.7,83.19,28.61,92.91,200.19,True
121,29.22,173.07,1.9,1.27,65.05,67.85,138.67,153.16,True
122,26.47,183.73,2.16,1.14,59.4,80.07,152.92,138.5,True
123,30.18,169.33,1.81,1.32,67.04,63.55,133.66,158.3,True
124,43.79,116.46,0.54,1.98,95.06,2.92,62.95,230.99,True
125,41.92,123.73,0.71,1.89,91.21,11.26,72.67,221.0,True
126,35.4,149.04,1.32,1.57,77.79,40.29,106.53,186.19,True
127,39.01,135.03,0.98,1.75,85.22,24.22,87.79,205.46,True
128,30.1,169.65,1.82,1.32,66.87,63.93,134.1,157.86,True
129,31.27,165.11,1.71,1.37,69.27,58.72,128.02,164.1,True
130,34.81,151.36,1.38,1.55,76.56,42.95,109.63,183.0,True
131,40.01,131.14,0.89,1.8,87.28,19.76,82.59,210.8,True
132,28.55,175.65,1.96,1.24,63.69,70.81,142.12,149.61,True
133,26.31,184.36,2.17,1.13,59.07,80.8,153.77,137.63,True
134,42.7,120.71,0.64,1.93,92.81,7.8,68.64,225.15,True
135,29.79,170.83,1.85,1.3,66.24,65.28,135.67,156.23,True
136,24.1,192.96,2.38,1.03,54.51,90.66,165.27,125.8,True
137,39.44,133.38,0.94,1.77,86.09,22.33,85.58,207.73,True
138,38.47,137.14,1.03,1.72,84.1,26.64,90.61,202.56,True
139,35.92,147.04,1.27,1.6,78.85,38.0,103.86,188.94,True
140,37.23,141.93,1.15,1.66,81.56,32.13,97.01,195.98,True
141,34.03,154.36,1.45,1.51,74.97,46.39,113.65,178.88,True
142,29.38,172.46,1.89,1.28,65.38,67.14,137.85,154.0,True
143,30.66,167.47,1.76,1.34,68.02,61.43,131.18,160.85,True
144,24.28,192.25,2.36,1.03,54.89,89.84,164.32,126.78,True
145,30.72,167.25,1.76,1.35,68.14,61.17,130.88,161.16,True
146,36.84,143.46,1.19,1.64,80.75,33.89,99.06,193.87,True
147,43.82,116.35,0.53,1.98,95.12,2.8,62.81,231.14,True
148,32.46,160.46,1.6,1.43,71.74,53.39,121.81,170.49,True
149,24.3,192.16,2.36,1.04,54.94,89.74,164.2,126.91,True
150,31.97,162.37,1.64,1.41,70.72,55.58,124.36,167.87,True
151,34.27,153.42,1.43,1.52,75.47,45.32,112.39,180.17,True
152,29.46,172.11,1.88,1.29,65.56,66.75,137.39,154.47,True
153,25.23,188.54,2.27,1.08,56.85,85.59,159.36,131.88,True
154,40.61,128.8,0.83,1.83,88.52,17.07,79.45,214.03,True
155,40.69,128.49,0.83,1.83,88.69,16.71,79.04,214.46,True
156,40.08,130.86,0.88,1.8,87.42,19.44,82.22,211.19,True
157,31.27,165.08,1.71,1.37,69.29,58.69,127.99,164.13,True
158,36.33,145.45,1.23,1.62,79.7,36.17,101.72,191.14,True
159,24.72,190.53,2.32,1.06,55.8,87.87,162.02,129.15,True
160,42.32,122.18,0.67,1.91,92.03,9.48,70.6,223.13,True
161,33.66,155.8,1.48,1.49,74.21,48.04,115.57,176.9,True
162,26.37,184.13,2.17,1.14,59.19,80.53,153.46,137.95,True
163,25.57,187.22,2.24,1.1,57.55,84.08,157.6,133.69,True
164,27.46,179.89,2.06,1.19,61.44,75.67,147.79,143.78,True
165,31.34,164.82,1.7,1.38,69.42,58.39,127.64,164.49,True
166,43.63,117.1,0.55,1.97,94.72,3.65,63.81,230.12,True
167,41.37,125.86,0.76,1.86,90.08,13.71,75.53,218.06,True
168,26.49,183.66,2.16,1.14,59.44,80.0,152.84,138.59,True
169,41.27,126.23,0.77,1.86,89.88,14.13,76.02,217.55,True
170,35.33,149.32,1.33,1.57,77.64,40.61,106.91,185.8,True
171,30.22,169.16,1.81,1.32,67.12,63.37,133.44,158.53,True
172,39.76,132.12,0.91,1.79,86.76,20.89,83.9,209.45,True
173,32.26,161.26,1.62,1.42,71.31,54.3,122.87,169.4,True
174,25.26,188.44,2.27,1.08,56.91,85.47,159.22,132.03,True
175,38.33,137.68,1.05,1.72,83.81,27.26,91.34,201.81,True
176,41.16,126.69,0.78,1.85,89.64,14.65,76.63,216.93,True
177,32.22,161.4,1.62,1.42,71.24,54.47,123.06,169.2,True
178,43.13,119.03,0.6,1.95,93.7,5.87,66.39,227.46,True
179,24.31,192.14,2.36,1.04,54.95,89.72,164.17,126.93,True
180,36.78,143.71,1.19,1.64,80.62,34.17,99.39,193.53,True
181,31.76,163.18,1.66,1.4,70.29,56.51,125.45,166.75,True
182,30.38,168.55,1.79,1.33,67.45,62.67,132.62,159.37,True
183,29.76,170.96,1.85,1.3,66.17,65.43,135.85,156.05,True
184,40.29,130.05,0.86,1.81,87.85,18.51,81.14,212.3,True
185,38.19,138.21,1.06,1.71,83.53,27.87,92.04,201.09,True
186,24.65,190.82,2.33,1.05,55.64,88.21,162.41,128.75,True
187,24.71,190.56,2.32,1.06,55.78,87.91,162.06,129.1,True
188,33.08,158.07,1.54,1.46,73.01,50.64,118.6,173.79,True
189,41.83,124.09,0.72,1.89,91.01,11.68,73.16,220.49,True
190,43.1,119.16,0.6,1.95,93.63,6.02,66.56,227.28,True
191,30.35,168.67,1.79,1.33,67.39,62.8,132.78,159.21,True
192,31.59,163.86,1.68,1.39,69.94,57.28,126.35,165.82,True
193,31.27,165.1,1.71,1.37,69.28,58.71,128.01,164.11,True
194,30.87,166.63,1.74,1.35,68.47,60.46,130.06,162.01,True
195,41.53,125.25,0.75,1.87,90.4,13.0,74.7,218.91,True
196,40.79,128.11,0.82,1.84,88.88,16.29,78.54,214.97,True
197,33.15,157.8,1.53,1.46,73.15,50.34,118.25,174.15,True
198,40.38,129.69,0.85,1.82,88.05,18.1,80.65,212.8,True
199,31.27,165.08,1.71,1.37,69.29,58.68,127.98,164.14,True
200,42.0,123.42,0.7,1.89,91.37,10.9,72.26,221.42,True
201,33.78,155.36,1.47,1.5,74.44,47.53,114.98,177.51,True
202,32.77,159.27,1.57,1.45,72.37,52.02,120.21,172.13,True
203,26.42,183.95,2.16,1.14,59.29,80.32,153.22,138.2,True
204,26.54,183.49,2.15,1.14,59.53,79.79,152.6,138.83,True
205,37.33,141.55,1.14,1.67,81.76,31.69,96.51,196.5,True
206,41.41,125.69,0.76,1.87,90.17,13.51,75.3,218.3,True
207,38.0,138.96,1.08,1.7,83.14,28.72,93.04,200.06,True
208,37.88,139.42,1.09,1.69,82.89,29.26,93.67,199.42,True
209,35.47,148.79,1.31,1.58,77.92,40.0,106.19,186.54,True
210,43.27,118.49,0.58,1.96,93.99,5.25,65.66,228.21,True
211,39.45,133.31,0.94,1.77,86.13,22.25,85.49,207.82,True
212,36.34,145.39,1.23,1.62,79.73,36.1,101.64,191.22,True
213,39.25,134.09,0.96,1.76,85.72,23.14,86.53,206.76,True
214,40.37,129.73,0.86,1.82,88.03,18.14,80.7,212.75,True
215,38.09,138.62,1.07,1.7,83.31,28.34,92.59,200.52,True
216,27.58,179.41,2.05,1.19,61.69,75.13,147.15,144.43,True
217,34.7,151.76,1.39,1.54,76.35,43.41,110.17,182.45,True
218,32.61,159.87,1.58,1.44,72.05,52.71,121.02,171.3,True
219,27.11,181.24,2.1,1.17,60.72,77.22,149.6,141.92,True
220,41.15,126.7,0.78,1.85,89.63,14.67,76.65,216.91,True
221,43.17,118.88,0.59,1.95,93.77,5.7,66.19,227.66,True
222,26.4,183.99,2.16,1.14,59.26,80.38,153.28,138.13,True
223,37.73,139.99,1.1,1.69,82.59,29.91,94.43,198.64,True
224,38.66,136.41,1.02,1.73,84.49,25.8,89.63,203.56,True
225,30.72,167.24,1.76,1.35,68.14,61.16,130.87,161.17,True
226,24.11,192.9,2.38,1.03,54.54,90.59,165.19,125.89,True
227,26.69,182.88,2.14,1.15,59.85,79.1,151.79,139.66,True
228,28.13,177.28,2.0,1.22,62.82,72.68,144.31,147.36,True
229,29.7,171.21,1.86,1.3,66.04,65.71,136.18,155.71,True
230,30.88,166.61,1.74,1.35,68.48,60.44,130.03,162.04,True
231,28.3,176.63,1.99,1.23,63.16,71.94,143.44,148.25,True
232,28.39,176.29,1.98,1.23,63.34,71.55,142.98,148.72,True
233,28.68,175.14,1.95,1.25,63.96,70.22,141.43,150.31,True
234,42.79,120.35,0.63,1.93,93.0,7.38,68.15,225.65,True
235,43.81,116.38,0.53,1.98,95.1,2.84,62.85,231.1,True
236,36.5,144.76,1.22,1.63,80.06,35.38,100.81,192.08,True
237,43.55,117.39,0.56,1.97,94.57,3.99,64.19,229.72,True
238,25.55,187.33,2.24,1.1,57.49,84.21,157.75,133.54,True
239,43.74,116.67,0.54,1.98,94.95,3.16,63.23,230.71,True
240,32.94,158.62,1.55,1.45,72.71,51.28,119.35,173.02,True
241,35.47,148.77,1.31,1.58,77.93,39.98,106.17,186.56,True
242,26.96,181.82,2.11,1.16,60.42,77.88,150.37,141.12,True
243,35.14,150.06,1.35,1.56,77.25,41.46,107.9,184.79,True
244,29.47,172.08,1.88,1.29,65.58,66.71,137.34,154.52,True
245,28.57,175.57,1.96,1.24,63.73,70.71,142.01,149.72,True
246,39.21,134.26,0.96,1.76,85.62,23.34,86.76,206.52,True
247,29.17,173.26,1.9,1.27,64.95,68.06,138.92,152.89,True
248,35.14,150.05,1.34,1.56,77.25,41.45,107.88,184.81,True
249,28.07,177.53,2.01,1.22,62.69,72.96,144.63,147.03,True
250,36.22,145.86,1.24,1.61,79.47,36.64,102.28,190.56,True
251,29.24,172.98,1.9,1.28,65.1,67.74,138.54,153.28,True
252,30.63,167.57,1.77,1.34,67.97,61.54,131.31,160.72,True
253,30.85,166.73,1.75,1.35,68.42,60.57,130.18,161.88,True
254,39.88,131.66,0.9,1.79,87.0,20.35,83.28,210.1,True
255,39.84,131.81,0.91,1.79,86.92,20.52,83.48,209.89,True
256,35.29,149.48,1.33,1.57,77.56,40.79,107.12,185.59,True
257,36.72,143.92,1.2,1.64,80.51,34.41,99.67,193.24,True
258,37.6,140.49,1.11,1.68,82.32,30.49,95.1,197.95,True
259,27.95,178.0,2.02,1.21,62.44,73.5,145.26,146.37,True
260,38.43,137.27,1.04,1.72,84.03,26.79,90.79,202.37,True
261,37.36,141.43,1.14,1.67,81.82,31.56,96.35,196.66,True
262,42.51,121.45,0.66,1.92,92.41,8.65,69.63,224.13,True
263,24.31,192.15,2.36,1.04,54.94,89.73,164.18,126.92,True
264,36.38,145.26,1.23,1.62,79.8,35.95,101.47,191.4,True
265,28.43,176.14,1.97,1.24,63.43,71.37,142.77,148.93,True
266,27.97,177.93,2.02,1.21,62.48,73.42,145.17,146.47,True
267,29.41,172.34,1.88,1.28,65.44,67.01,137.69,154.16,True
268,28.78,174.76,1.94,1.25,64.16,69.78,140.93,150.83,True
269,27.06,181.47,2.1,1.17,60.6,77.48,149.9,141.61,True
270,27.0,181.69,2.11,1.17,60.48,77.74,150.2,141.3,True
271,27.92,178.1,2.02,1.21,62.39,73.62,145.4,146.24,True
272,27.68,179.05,2.04,1.2,61.88,74.7,146.66,144.93,True
273,41.55,125.17,0.75,1.87,90.44,12.91,74.6,219.01,True
274,33.04,158.23,1.54,1.46,72.92,50.83,118.82,173.56,True
275,41.48,125.43,0.75,1.87,90.3,13.21,74.95,218.66,True
276,24.32,192.08,2.36,1.04,54.97,89.66,164.1,127.01,True
277,30.35,168.66,1.79,1.33,67.39,62.79,132.77,159.22,True
278,43.36,118.14,0.58,1.96,94.17,4.85,65.2,228.69,True
279,29.97,170.15,1.83,1.31,66.6,64.5,134.76,157.17,True
280,42.2,122.65,0.68,1.9,91.78,10.03,71.24,222.48,True
281,30.25,169.05,1.8,1.32,67.18,63.24,133.29,158.68,True
282,41.61,124.95,0.74,1.88,90.56,12.65,74.3,219.33,True
283,32.45,160.5,1.6,1.43,71.72,53.43,121.86,170.44,True
284,28.81,174.66,1.94,1.25,64.21,69.68,140.8,150.96,True
285,25.85,186.16,2.22,1.11,58.11,82.86,156.18,135.15,True
286,30.74,167.17,1.76,1.35,68.18,61.08,130.78,161.26,True
287,29.27,172.85,1.89,1.28,65.17,67.6,138.38,153.45,True
288,26.84,182.3,2.12,1.16,60.16,78.44,151.02,140.46,True
289,43.42,117.91,0.57,1.96,94.29,4.59,64.89,229.0,True
290,31.29,165.03,1.71,1.37,69.31,58.63,127.92,164.2,True
291,28.45,176.04,1.97,1.24,63.48,71.25,142.64,149.07,True
292,35.19,149.87,1.34,1.56,77.35,41.24,107.63,185.06,True
293,35.27,149.54,1.33,1.57,77.52,40.86,107.2,185.51,True
294,43.05,119.35,0.6,1.95,93.53,6.23,66.81,227.02,True
295,36.14,146.17,1.25,1.61,79.31,36.99,102.69,190.14,True
296,35.36,149.21,1.32,1.57,77.7,40.49,106.76,185.96,True
297,33.98,154.58,1.45,1.51,74.85,46.65,113.94,178.57,True
298,31.88,162.71,1.65,1.4,70.54,55.97,124.81,167.4,True
299,31.59,163.87,1.68,1.39,69.93,57.3,126.37,165.8,True
300,33.94,154.72,1.46,1.5,74.78,46.8,114.12,178.39,True
301,33.37,156.93,1.51,1.48,73.61,49.34,117.09,175.34,True
302,42.92,119.84,0.62,1.94,93.27,6.8,67.48,226.34,True
303,33.64,155.87,1.49,1.49,74.17,48.12,115.66,176.8,True
304,42.93,119.79,0.62,1.94,93.29,6.74,67.41,226.41,True
305,36.85,143.43,1.19,1.64,80.76,33.86,99.03,193.9,True
306,38.18,138.24,1.06,1.71,83.52,27.9,92.08,201.05,True
307,43.12,119.06,0.6,1.95,93.68,5.9,66.43,227.42,True
308,42.45,121.66,0.66,1.92,92.3,8.89,69.91,223.84,True
309,28.54,175.69,1.96,1.24,63.66,70.85,142.17,149.55,True
310,40.99,127.34,0.8,1.85,89.29,15.4,77.5,216.04,True
311,27.8,178.56,2.03,1.21,62.15,74.14,146.01,145.61,True
312,38.51,136.98,1.03,1.73,84.19,26.45,90.39,202.78,True
313,38.06,138.72,1.07,1.7,83.26,28.45,92.73,200.38,True
314,41.33,126.01,0.77,1.86,90.0,13.88,75.73,217.86,True
315,26.88,182.13,2.12,1.16,60.25,78.24,150.79,140.69,True
316,36.63,144.27,1.21,1.63,80.32,34.82,100.15,192.75,True
317,26.91,182.02,2.12,1.16,60.31,78.11,150.63,140.85,True
318,33.81,155.24,1.47,1.5,74.5,47.4,114.82,177.67,True
319,31.41,164.56,1.69,1.38,69.56,58.09,127.29,164.85,True
320,37.64,140.34,1.11,1.68,82.4,30.31,94.9,198.15,True
321,33.6,156.06,1.49,1.49,74.07,48.34,115.92,176.54,True
322,43.36,118.12,0.58,1.96,94.18,4.83,65.18,228.7,True
323,24.48,191.45,2.34,1.04,55.31,88.93,163.26,127.88,True
324,30.95,166.34,1.74,1.36,68.62,60.13,129.67,162.41,True
325,27.27,180.62,2.08,1.18,61.05,76.51,148.77,142.77,True
326,27.51,179.69,2.06,1.19,61.55,75.44,147.52,144.06,True
327,30.73,167.21,1.76,1.35,68.16,61.13,130.83,161.21,True
328,35.56,148.45,1.31,1.58,78.1,39.61,105.74,187.01,True
329,43.08,119.23,0.6,1.95,93.59,6.1,66.66,227.19,True
330,31.85,162.83,1.65,1.4,70.48,56.11,124.98,167.23,True
331,43.94,115.89,0.52,1.99,95.36,2.26,62.19,231.78,True
332,40.88,127.77,0.81,1.84,89.07,15.89,78.08,215.44,True
333,35.32,149.37,1.33,1.57,77.61,40.67,106.97,185.74,True
334,41.91,123.77,0.71,1.89,91.19,11.3,72.72,220.95,True
335,40.09,130.85,0.88,1.8,87.43,19.42,82.2,211.21,True
336,32.13,161.76,1.63,1.42,71.05,54.88,123.54,168.71,True
337,31.71,163.4,1.67,1.4,70.18,56.76,125.73,166.45,True
338,24.44,191.61,2.35,1.04,55.22,89.12,163.47,127.66,True
339,38.06,138.71,1.07,1.7,83.27,28.44,92.71,200.4,True
340,37.48,140.97,1.13,1.68,82.07,31.03,95.73,197.3,True
341,43.07,119.28,0.6,1.95,93.57,6.15,66.72,227.12,True
342,29.23,173.03,1.9,1.27,65.08,67.8,138.61,153.21,True
343,39.05,134.87,0.98,1.75,85.3,24.04,87.58,205.68,True
344,31.33,164.86,1.7,1.38,69.4,58.44,127.69,164.44,True
345,27.7,178.98,2.04,1.2,61.92,74.62,146.57,145.03,True
346,29.64,171.42,1.86,1.29,65.93,65.95,136.46,155.43,True
347,29.36,172.5,1.89,1.28,65.35,67.2,137.91,153.94,True
348,41.98,123.48,0.7,1.89,91.34,10.97,72.34,221.35,True
349,27.36,180.28,2.07,1.18,61.23,76.12,148.31,143.24,True
350,37.19,142.11,1.15,1.66,81.46,32.34,97.26,195.72,True
351,25.2,188.68,2.28,1.08,56.78,85.75,159.54,131.7,True
352,35.72,147.79,1.29,1.59,78.45,38.86,104.86,187.91,True
353,41.68,124.65,0.73,1.88,90.72,12.31,73.91,219.73,True
354,34.74,151.61,1.38,1.54,76.43,43.24,109.97,182.65,True
355,42.76,120.47,0.63,1.93,92.93,7.52,68.32,225.48,True
356,33.08,158.06,1.54,1.46,73.01,50.63,118.59,173.8,True
357,43.22,118.67,0.59,1.95,93.89,5.45,65.9,227.96,True
358,36.58,144.47,1.21,1.63,80.21,35.04,100.41,192.48,True
359,24.02,193.25,2.39,1.02,54.36,91.0,165.66,125.4,True
360,30.01,170.0,1.83,1.31,66.68,64.33,134.56,157.38,True
361,37.26,141.84,1.15,1.66,81.61,32.03,96.89,196.1,True
362,32.32,161.03,1.61,1.42,71.44,54.04,122.56,169.71,True
363,34.25,153.54,1.43,1.52,75.41,45.45,112.54,180.01,True
364,26.69,182.9,2.14,1.15,59.84,79.12,151.82,139.64,True
365,36.91,143.18,1.18,1.65,80.9,33.56,98.68,194.26,True
366,27.07,181.4,2.1,1.17,60.63,77.41,149.82,141.69,True
367,31.35,164.78,1.7,1.38,69.45,58.34,127.58,164.55,True
368,41.34,125.96,0.76,1.86,90.02,13.82,75.66,217.93,True
369,29.41,172.31,1.88,1.28,65.46,66.97,137.65,154.2,True
370,35.42,148.98,1.32,1.58,77.82,40.21,106.44,186.28,True
371,26.17,184.91,2.19,1.13,58.78,81.43,154.5,136.87,True
372,31.77,163.15,1.66,1.4,70.31,56.47,125.4,166.79,True
373,33.44,156.65,1.5,1.48,73.76,49.01,116.7,175.73,True
374,24.62,190.91,2.33,1.05,55.6,88.31,162.53,128.62,True
375,28.78,174.78,1.94,1.25,64.15,69.81,140.95,150.81,True
376,38.07,138.69,1.07,1.7,83.28,28.41,92.68,200.43,True
377,25.2,188.68,2.28,1.08,56.78,85.75,159.55,131.69,True
378,33.99,154.53,1.45,1.51,74.88,46.59,113.87,178.65,True
379,35.2,149.85,1.34,1.56,77.36,41.21,107.61,185.08,True
380,26.68,182.92,2.14,1.15,59.83,79.15,151.85,139.61,True
381,29.62,171.52,1.86,1.29,65.88,66.07,136.59,155.29,True
382,30.17,169.38,1.81,1.32,67.01,63.61,133.73,158.23,True
383,33.16,157.77,1.53,1.47,73.16,50.3,118.2,174.19,True
384,26.74,182.68,2.13,1.15,59.96,78.87,151.52,139.94,True
385,31.38,164.68,1.7,1.38,69.5,58.23,127.45,164.69,True
386,33.8,155.27,1.47,1.5,74.49,47.44,114.86,177.63,True
387,35.37,149.19,1.32,1.57,77.71,40.46,106.73,185.99,True
388,24.74,190.48,2.32,1.06,55.82,87.82,161.95,129.22,True
389,37.95,139.14,1.08,1.7,83.04,28.93,93.28,199.81,True
390,31.5,164.19,1.69,1.39,69.76,57.67,126.8,165.36,True
391,37.57,140.61,1.12,1.68,82.26,30.62,95.26,197.78,True
392,43.17,118.89,0.59,1.95,93.77,5.71,66.2,227.65,True
393,35.4,149.07,1.32,1.57,77.77,40.32,106.57,186.16,True
394,24.55,191.22,2.34,1.05,55.43,88.66,162.94,128.2,True
395,42.58,121.16,0.65,1.92,92.57,8.31,69.23,224.53,True
396,39.86,131.71,0.9,1.79,86.98,20.41,83.35,210.02,True
397,42.96,119.69,0.61,1.94,93.35,6.63,67.28,226.55,True
398,26.11,185.15,2.19,1.12,58.65,81.7,154.83,136.54,True
399,30.63,167.56,1.77,1.34,67.97,61.53,131.3,160.73,True
400,29.4,172.38,1.88,1.28,65.42,67.05,137.74,154.11,True
401,32.42,160.64,1.6,1.43,71.64,53.6,122.05,170.24,True
402,33.97,154.61,1.45,1.5,74.84,46.68,113.98,178.53,True
403,37.38,141.37,1.14,1.67,81.86,31.49,96.27,196.74,True
404,30.64,167.52,1.77,1.34,67.99,61.49,131.25,160.78,True
405,27.12,181.23,2.1,1.17,60.73,77.21,149.58,141.93,True
406,31.7,163.43,1.67,1.39,70.16,56.79,125.77,166.41,True
407,42.43,121.76,0.66,1.92,92.25,9.0,70.05,223.7,True
408,30.17,169.38,1.81,1.32,67.01,63.61,133.73,158.23,True
409,41.6,124.96,0.74,1.88,90.55,12.67,74.32,219.3,True
410,26.02,185.48,2.2,1.12,58.48,82.08,155.26,136.09,True
411,36.74,143.85,1.2,1.64,80.54,34.33,99.59,193.33,True
412,40.97,127.42,0.8,1.84,89.25,15.49,77.61,215.93,True
413,33.87,155.0,1.46,1.5,74.63,47.13,114.5,178.0,True
414,25.6,187.11,2.24,1.1,57.61,83.95,157.45,133.85,True
415,23.77,194.24,2.41,1.01,53.83,92.12,166.98,124.05,True
416,34.54,152.4,1.4,1.53,76.01,44.14,111.02,181.58,True
417,27.98,177.89,2.02,1.21,62.5,73.37,145.11,146.53,True
418,32.42,160.61,1.6,1.43,71.66,53.56,122.01,170.28,True
419,39.14,134.53,0.97,1.76,85.48,23.64,87.12,206.15,True
420,24.05,193.15,2.38,1.02,54.41,90.88,165.53,125.54,True
421,26.68,182.92,2.14,1.15,59.83,79.14,151.84,139.61,True
422,29.97,170.14,1.83,1.31,66.6,64.49,134.76,157.18,True
423,31.06,165.92,1.73,1.36,68.84,59.65,129.11,162.98,True
424,40.76,128.23,0.82,1.83,88.82,16.42,78.7,214.81,True
425,27.88,178.25,2.02,1.21,62.31,73.79,145.6,146.03,True
426,23.88,193.82,2.4,1.01,54.05,91.65,166.42,124.62,True
427,33.11,157.96,1.54,1.46,73.06,50.52,118.46,173.93,True
428,35.45,148.85,1.32,1.58,77.89,40.07,106.28,186.45,True
429,36.14,146.18,1.25,1.61,79.3,37.01,102.71,190.12,True
430,23.66,194.64,2.42,1.0,53.62,92.58,167.51,123.5,True
431,29.18,173.21,1.9,1.27,64.98,68.0,138.85,152.97,True
432,27.34,180.38,2.08,1.18,61.18,76.23,148.44,143.11,True
433,43.08,119.23,0.6,1.95,93.59,6.1,66.65,227.19,True
434,25.18,188.75,2.28,1.08,56.74,85.83,159.64,131.59,True
435,37.29,141.71,1.14,1.67,81.67,31.89,96.73,196.27,True
436,28.02,177.72,2.01,1.22,62.59,73.18,144.89,146.76,True
437,42.4,121.87,0.67,1.91,92.19,9.13,70.19,223.55,True
438,40.62,128.79,0.83,1.83,88.53,17.06,79.44,214.04,True
439,43.77,116.54,0.54,1.98,95.02,3.02,63.06,230.88,True
440,36.17,146.06,1.25,1.61,79.37,36.87,102.54,190.3,True
441,38.84,135.71,1.0,1.74,84.86,25.0,88.7,204.53,True
442,38.6,136.62,1.02,1.73,84.37,26.05,89.92,203.27,True
443,28.85,174.5,1.93,1.26,64.29,69.49,140.58,151.18,True
444,32.76,159.32,1.57,1.45,72.34,52.08,120.28,172.06,True
445,42.39,121.91,0.67,1.91,92.17,9.17,70.24,223.5,True
446,37.41,141.26,1.13,1.67,81.91,31.37,96.13,196.89,True
447,36.83,143.5,1.19,1.64,80.73,33.94,99.12,193.81,True
448,40.42,129.55,0.85,1.82,88.12,17.94,80.47,212.99,True
449,34.9,150.99,1.37,1.55,76.76,42.53,109.14,183.51,True
450,35.1,150.23,1.35,1.56,77.16,41.65,108.12,184.56,True
451,39.29,133.94,0.96,1.76,85.79,22.97,86.34,206.95,True
452,33.22,157.54,1.53,1.47,73.29,50.03,117.89,174.51,True
453,31.68,163.48,1.67,1.39,70.13,56.85,125.85,166.33,True
454,36.2,145.96,1.25,1.61,79.42,36.76,102.41,190.43,True
455,39.01,135.02,0.98,1.75,85.22,24.21,87.78,205.47,True
456,23.92,193.63,2.4,1.02,54.16,91.43,166.16,124.89,True
457,25.82,186.27,2.22,1.11,58.05,82.99,156.33,135.0,True
458,24.26,192.33,2.36,1.03,54.84,89.94,164.43,126.67,True
459,39.52,133.06,0.94,1.77,86.26,21.97,85.16,208.16,True
460,40.85,127.89,0.81,1.84,89.0,16.03,78.24,215.28,True
461,37.92,139.27,1.08,1.7,82.97,29.08,93.46,199.63,True
462,34.69,151.82,1.39,1.54,76.32,43.47,110.24,182.38,True
463,34.1,154.09,1.44,1.51,75.11,46.08,113.28,179.25,True
464,40.98,127.36,0.8,1.85,89.28,15.43,77.53,216.0,True
465,26.67,182.95,2.14,1.15,59.81,79.18,151.89,139.57,True
466,24.27,192.29,2.36,1.03,54.87,89.89,164.37,126.73,True
467,41.08,126.98,0.79,1.85,89.49,14.98,77.02,216.53,True
468,27.91,178.14,2.02,1.21,62.36,73.67,145.45,146.18,True
469,41.68,124.67,0.73,1.88,90.71,12.34,73.93,219.7,True
470,42.12,122.94,0.69,1.9,91.63,10.35,71.62,222.09,True
471,27.73,178.86,2.04,1.2,61.99,74.48,146.41,145.2,True
472,25.19,188.72,2.28,1.08,56.76,85.8,159.61,131.63,True
473,27.45,179.93,2.07,1.19,61.42,75.71,147.84,143.73,True
474,25.29,188.31,2.27,1.08,56.98,85.33,159.05,132.2,True
475,34.68,151.85,1.39,1.54,76.3,43.51,110.29,182.33,True
476,29.97,170.15,1.83,1.31,66.6,64.5,134.76,157.17,True
477,38.28,137.87,1.05,1.71,83.71,27.48,91.59,201.56,True
478,28.71,175.05,1.95,1.25,64.0,70.12,141.32,150.43,True
479,43.51,117.54,0.56,1.97,94.49,4.16,64.4,229.51,True
480,26.05,185.38,2.2,1.12,58.53,81.96,155.13,136.23,True
481,35.93,146.98,1.27,1.6,78.88,37.93,103.78,189.02,True
482,23.85,193.91,2.4,1.01,54.0,91.75,166.55,124.49,True
483,29.97,170.16,1.83,1.31,66.6,64.51,134.77,157.16,True
484,39.01,135.01,0.98,1.75,85.23,24.2,87.77,205.48,True
485,37.22,141.98,1.15,1.66,81.53,32.19,97.09,195.9,True
486,26.98,181.75,2.11,1.17,60.45,77.8,150.27,141.23,True
487,24.12,192.85,2.38,1.03,54.57,90.54,165.13,125.95,True
488,32.96,158.55,1.55,1.46,72.75,51.19,119.24,173.12,True
489,37.05,142.63,1.17,1.65,81.19,32.94,97.96,195.01,True
490,42.11,123.0,0.69,1.9,91.59,10.42,71.7,222.0,True
491,42.44,121.69,0.66,1.92,92.29,8.92,69.95,223.8,True
492,32.28,161.16,1.61,1.42,71.36,54.19,122.74,169.52,True
493,29.22,173.07,1.9,1.27,65.05,67.85,138.67,153.15,True
494,40.38,129.71,0.85,1.82,88.04,18.11,80.67,212.78,True
495,23.89,193.75,2.4,1.02,54.09,91.57,166.33,124.72,True
496,24.52,191.33,2.34,1.05,55.38,88.79,163.09,128.05,True
497,39.76,132.13,0.91,1.79,86.75,20.89,83.91,209.45,True
498,25.32,188.21,2.26,1.08,57.03,85.22,158.92,132.33,True
499,41.75,124.38,0.73,1.88,90.86,12.0,73.54,220.1,True
500,39.22,134.23,0.96,1.76,85.64,23.3,86.72,206.56,True
501,38.37,137.51,1.04,1.72,83.9,27.06,91.1,202.05,True
502,39.5,133.14,0.94,1.77,86.22,22.06,85.27,208.05,True
503,25.51,187.47,2.25,1.09,57.42,84.36,157.93,133.35,True
504,41.39,125.77,0.76,1.87,90.12,13.61,75.41,218.18,True
505,32.33,160.97,1.61,1.43,71.46,53.97,122.49,169.79,True
506,35.12,150.13,1.35,1.56,77.21,41.54,107.98,184.7,True
507,29.07,173.64,1.91,1.27,64.75,68.51,139.44,152.36,True
508,36.2,145.94,1.25,1.61,79.43,36.73,102.38,190.46,True
509,25.37,188.03,2.26,1.09,57.12,85.0,158.68,132.59,True
510,30.34,168.7,1.79,1.33,67.37,62.83,132.82,159.16,True
511,43.74,116.67,0.54,1.98,94.95,3.17,63.24,230.7,True
512,33.07,158.11,1.54,1.46,72.98,50.69,118.66,173.72,True
513,38.8,135.86,1.0,1.74,84.78,25.17,88.9,204.32,True
514,29.9,170.44,1.84,1.31,66.45,64.83,135.15,156.78,True
515,40.33,129.9,0.86,1.81,87.94,18.33,80.93,212.52,True
516,29.4,172.38,1.88,1.28,65.42,67.06,137.74,154.1,True
517,28.63,175.35,1.95,1.25,63.84,70.47,141.72,150.01,True
518,26.16,184.96,2.19,1.13,58.75,81.48,154.57,136.81,True
519,35.02,150.52,1.36,1.56,77.01,41.98,108.51,184.16,True
520,41.76,124.36,0.73,1.88,90.87,11.98,73.51,220.14,True
521,42.47,121.61,0.66,1.92,92.33,8.82,69.84,223.92,True
522,26.06,185.33,2.2,1.12,58.55,81.91,155.07,136.29,True
523,37.62,140.44,1.11,1.68,82.35,30.43,95.03,198.01,True
524,33.87,155.0,1.46,1.5,74.63,47.12,114.5,178.0,True
525,30.93,166.43,1.74,1.36,68.57,60.23,129.78,162.29,True
526,36.86,143.38,1.18,1.65,80.79,33.8,98.96,193.97,True
527,33.5,156.42,1.5,1.48,73.88,48.75,116.4,176.05,True
528,37.04,142.69,1.17,1.65,81.15,33.01,98.04,194.92,True
529,25.09,189.1,2.29,1.07,56.55,86.24,160.11,131.11,True
530,36.77,143.72,1.19,1.64,80.61,34.18,99.41,193.51,True
531,30.75,167.13,1.76,1.35,68.2,61.04,130.73,161.32,True
532,29.42,172.3,1.88,1.28,65.46,66.97,137.64,154.21,True
533,23.89,193.74,2.4,1.02,54.09,91.56,166.32,124.73,True
534,26.14,185.02,2.19,1.12,58.72,81.56,154.65,136.72,True
535,35.42,148.97,1.32,1.58,77.83,40.2,106.43,186.3,True
536,34.62,152.09,1.39,1.54,76.17,43.79,110.61,182.0,True
537,36.5,144.78,1.22,1.63,80.05,35.4,100.83,192.06,True
538,39.29,133.95,0.96,1.76,85.79,22.99,86.35,206.94,True
539,38.8,135.85,1.0,1.74,84.78,25.16,88.89,204.33,True
540,29.27,172.85,1.89,1.28,65.17,67.59,138.37,153.46,True
541,43.44,117.83,0.57,1.96,94.33,4.49,64.78,229.11,True
542,24.21,192.52,2.37,1.03,54.74,90.16,164.69,126.4,True
543,34.23,153.6,1.43,1.52,75.37,45.52,112.63,179.93,True
544,27.07,181.42,2.1,1.17,60.63,77.42,149.83,141.68,True
545,26.06,185.31,2.2,1.12,58.56,81.89,155.05,136.32,True
546,40.8,128.06,0.81,1.84,88.91,16.23,78.47,215.04,True
547,43.03,119.42,0.61,1.94,93.49,6.32,66.92,226.92,True
548,39.12,134.61,0.97,1.75,85.44,23.74,87.23,206.04,True
549,23.63,194.77,2.42,1.0,53.55,92.73,167.69,123.32,True
550,32.42,160.64,1.6,1.43,71.64,53.59,122.04,170.25,True
551,31.87,162.76,1.65,1.4,70.52,56.03,124.88,167.33,True
552,41.27,126.26,0.77,1.86,89.86,14.17,76.06,217.51,True
553,35.36,149.19,1.32,1.57,77.71,40.46,106.73,185.99,True
554,37.83,139.6,1.09,1.69,82.79,29.46,93.9,199.17,True
555,39.49,133.18,0.94,1.77,86.2,22.1,85.32,208.0,True
556,28.51,175.82,1.97,1.24,63.59,71.01,142.35,149.37,True
557,33.38,156.88,1.51,1.48,73.63,49.28,117.02,175.41,True
558,31.68,163.5,1.67,1.39,70.13,56.87,125.86,166.32,True
559,31.68,163.49,1.67,1.39,70.13,56.86,125.86,166.32,True
560,39.94,131.42,0.9,1.79,87.13,20.08,82.97,210.42,True
561,34.44,152.79,1.41,1.53,75.8,44.59,111.54,181.04,True
562,27.32,180.46,2.08,1.18,61.14,76.32,148.55,143.0,True
563,41.53,125.24,0.75,1.87,90.4,13.0,74.7,218.92,True
564,27.23,180.8,2.09,1.18,60.95,76.72,149.01,142.52,True
565,39.93,131.47,0.9,1.79,87.1,20.14,83.03,210.35,True
566,43.19,118.78,0.59,1.95,93.83,5.59,66.06,227.8,True
567,40.41,129.59,0.85,1.82,88.1,17.98,80.51,212.94,True
568,26.64,183.06,2.14,1.15,59.75,79.31,152.04,139.41,True
569,29.68,171.26,1.86,1.3,66.01,65.77,136.25,155.64,True
570,36.6,144.39,1.21,1.63,80.25,34.96,100.31,192.59,True
571,33.5,156.44,1.5,1.48,73.87,48.78,116.43,176.02,True
572,33.27,157.33,1.52,1.47,73.39,49.8,117.62,174.79,True
573,31.39,164.63,1.7,1.38,69.53,58.17,127.38,164.76,True
574,33.07,158.09,1.54,1.46,72.99,50.67,118.63,173.75,True
575,35.59,148.33,1.3,1.58,78.16,39.48,105.58,187.17,True
576,39.73,132.23,0.92,1.78,86.7,21.0,84.04,209.31,True
577,43.91,116.0,0.52,1.99,95.3,2.39,62.33,231.63,True
578,34.26,153.49,1.43,1.52,75.43,45.4,112.48,180.07,True
579,24.81,190.17,2.31,1.06,55.99,87.46,161.54,129.64,True
580,37.53,140.78,1.12,1.68,82.17,30.81,95.47,197.56,True
581,27.53,179.62,2.06,1.19,61.58,75.36,147.43,144.15,True
582,28.17,177.14,2.0,1.22,62.89,72.52,144.11,147.55,True
583,40.33,129.92,0.86,1.81,87.93,18.36,80.95,212.49,True
584,39.14,134.52,0.97,1.76,85.49,23.64,87.11,206.16,True
585,37.2,142.05,1.15,1.66,81.5,32.27,97.18,195.81,True
586,27.5,179.74,2.06,1.19,61.52,75.5,147.59,143.98,True
587,38.88,135.55,1.0,1.74,84.94,24.82,88.49,204.74,True
588,38.74,136.07,1.01,1.74,84.66,25.42,89.18,204.02,True
589,29.65,171.38,1.86,1.3,65.95,65.91,136.41,155.48,True
590,26.13,185.06,2.19,1.12,58.7,81.6,154.71,136.66,True
591,32.59,159.97,1.58,1.44,72.0,52.82,121.14,171.17,True
592,30.64,167.54,1.77,1.34,67.99,61.5,131.27,160.76,True
593,37.56,140.66,1.12,1.68,82.23,30.67,95.31,197.72,True
594,26.52,183.56,2.15,1.14,59.49,79.88,152.7,138.73,True
595,41.89,123.86,0.71,1.89,91.14,11.4,72.84,220.82,True
596,41.72,124.48,0.73,1.88,90.81,12.13,73.69,219.96,True
597,33.69,155.71,1.48,1.49,74.25,47.94,115.46,177.02,True
598,29.66,171.36,1.86,1.3,65.96,65.89,136.39,155.5,True
599,38.83,135.73,1.0,1.74,84.85,25.02,88.72,204.5,True
600,30.6,167.71,1.77,1.34,67.9,61.7,131.5,160.53,True
601,29.83,170.69,1.84,1.3,66.32,65.12,135.48,156.43,True
602,35.56,148.42,1.31,1.58,78.12,39.58,105.7,187.05,True
603,28.64,175.3,1.95,1.25,63.87,70.41,141.65,150.09,True
604,29.15,173.34,1.91,1.27,64.91,68.16,139.03,152.79,True
605,35.17,149.94,1.34,1.56,77.31,41.33,107.74,184.95,True
606,43.31,118.33,0.58,1.96,94.07,5.07,65.46,228.42,True
607,38.09,138.59,1.07,1.71,83.33,28.3,92.55,200.56,True
608,39.75,132.15,0.91,1.79,86.74,20.91,83.93,209.42,True
609,28.53,175.74,1.96,1.24,63.64,70.91,142.24,149.48,True
610,33.8,155.27,1.47,1.5,74.49,47.43,114.86,177.63,True
611,25.88,186.03,2.21,1.11,58.18,82.71,156.0,135.34,True
612,30.91,166.48,1.74,1.36,68.55,60.29,129.85,162.22,True
613,44.06,115.4,0.51,1.99,95.62,1.71,61.54,232.44,True
614,33.12,157.9,1.53,1.46,73.09,50.45,118.38,174.01,True
615,26.42,183.93,2.16,1.14,59.29,80.31,153.2,138.22,True
616,32.55,160.13,1.59,1.44,71.91,53.01,121.36,170.95,True
617,40.28,130.09,0.86,1.81,87.83,18.56,81.18,212.25,True
618,29.85,170.62,1.84,1.3,66.35,65.03,135.39,156.53,True
619,34.94,150.82,1.36,1.55,76.84,42.33,108.91,183.74,True
620,38.58,136.71,1.02,1.73,84.33,26.15,90.04,203.15,True
621,29.63,171.45,1.86,1.29,65.91,65.99,136.5,155.38,True
622,30.56,167.86,1.77,1.34,67.81,61.87,131.7,160.32,True
623,38.39,137.46,1.04,1.72,83.93,27.0,91.04,202.12,True
624,28.56,175.63,1.96,1.24,63.7,70.78,142.09,149.64,True
625,30.32,168.79,1.8,1.33,67.32,62.94,132.95,159.04,True
626,30.52,167.99,1.78,1.34,67.74,62.03,131.88,160.13,True
627,42.36,122.02,0.67,1.91,92.11,9.3,70.39,223.35,True
628,29.14,173.39,1.91,1.27,64.88,68.21,139.09,152.72,True
629,28.61,175.43,1.96,1.24,63.8,70.56,141.83,149.91,True
630,35.29,149.49,1.33,1.57,77.55,40.8,107.12,185.58,True
631,26.89,182.12,2.12,1.16,60.25,78.23,150.78,140.71,True
632,24.48,191.46,2.34,1.04,55.3,88.94,163.27,127.86,True
633,42.26,122.4,0.68,1.91,91.91,9.73,70.9,222.83,True
634,24.57,191.13,2.34,1.05,55.48,88.56,162.82,128.33,True
635,25.29,188.32,2.27,1.08,56.97,85.34,159.07,132.18,True
636,24.27,192.28,2.36,1.03,54.87,89.88,164.36,126.74,True
637,39.9,131.58,0.9,1.79,87.05,20.26,83.17,210.21,True
638,34.33,153.2,1.42,1.52,75.58,45.06,112.1,180.47,True
639,25.56,187.26,2.24,1.1,57.53,84.13,157.65,133.64,True
640,28.11,177.37,2.0,1.22,62.77,72.78,144.42,147.24,True
641,35.29,149.47,1.33,1.57,77.56,40.78,107.1,185.61,True
642,39.87,131.69,0.9,1.79,86.99,20.39,83.32,210.05,True
643,31.0,166.15,1.73,1.36,68.72,59.92,129.42,162.66,True
644,33.86,155.03,1.47,1.5,74.61,47.16,114.55,177.95,True
645,24.52,191.3,2.34,1.05,55.39,88.76,163.05,128.09,True
646,31.0,166.16,1.73,1.36,68.72,59.92,129.42,162.66,True
647,38.1,138.57,1.07,1.71,83.34,28.28,92.52,200.59,True
648,39.66,132.5,0.92,1.78,86.56,21.32,84.4,208.94,True
649,30.71,167.27,1.76,1.35,68.13,61.2,130.91,161.13,True
650,30.67,167.41,1.76,1.34,68.05,61.35,131.1,160.94,True
651,34.03,154.37,1.45,1.51,74.97,46.4,113.65,178.87,True
652,28.04,177.65,2.01,1.22,62.62,73.1,144.79,146.86,True
653,37.86,139.51,1.09,1.69,82.84,29.35,93.78,199.3,True
654,29.92,170.35,1.83,1.31,66.49,64.73,135.03,156.89,True
655,28.13,177.28,2.0,1.22,62.82,72.67,144.3,147.37,True
656,29.4,172.34,1.88,1.28,65.44,67.02,137.7,154.15,True
657,26.51,183.59,2.15,1.14,59.47,79.92,152.74,138.68,True
658,29.97,170.15,1.83,1.31,66.6,64.5,134.76,157.17,True
659,23.6,194.9,2.43,1.0,53.48,92.89,167.87,123.13,True
660,33.68,155.72,1.48,1.49,74.25,47.95,115.47,177.01,True
661,42.84,120.16,0.62,1.94,93.1,7.17,67.9,225.9,True
662,38.61,136.59,1.02,1.73,84.39,26.01,89.88,203.31,True
663,34.34,153.16,1.42,1.52,75.61,45.02,112.04,180.53,True
664,32.86,158.93,1.56,1.45,72.55,51.63,119.75,172.6,True
665,30.91,166.51,1.74,1.36,68.53,60.33,129.9,162.17,True
666,25.33,188.18,2.26,1.09,57.04,85.18,158.88,132.38,True
667,32.98,158.45,1.55,1.46,72.8,51.08,119.11,173.26,True
668,40.86,127.83,0.81,1.84,89.03,15.97,78.16,215.36,True
669,27.62,179.26,2.05,1.2,61.77,74.94,146.94,144.65,True
670,42.36,122.03,0.67,1.91,92.1,9.32,70.41,223.33,True
671,30.0,170.03,1.83,1.31,66.67,64.36,134.6,157.34,True
672,32.39,160.74,1.6,1.43,71.59,53.71,122.18,170.1,True
673,40.64,128.7,0.83,1.83,88.57,16.96,79.32,214.16,True
674,37.65,140.3,1.11,1.68,82.43,30.26,94.83,198.22,True
675,28.68,175.16,1.95,1.25,63.94,70.25,141.47,150.28,True
676,37.02,142.76,1.17,1.65,81.12,33.08,98.13,194.83,True
677,35.58,148.34,1.3,1.58,78.16,39.48,105.59,187.16,True
678,40.11,130.78,0.88,1.8,87.47,19.34,82.1,211.31,True
679,36.53,144.65,1.21,1.63,80.12,35.25,100.66,192.23,True
680,34.59,152.2,1.4,1.53,76.11,43.92,110.76,181.84,True
681,40.01,131.13,0.89,1.8,87.28,19.75,82.58,210.82,True
682,33.05,158.17,1.54,1.46,72.95,50.76,118.74,173.64,True
683,32.94,158.6,1.55,1.46,72.72,51.25,119.31,173.05,True
684,38.46,137.16,1.03,1.72,84.09,26.66,90.64,202.53,True
685,40.39,129.68,0.85,1.82,88.05,18.09,80.64,212.81,True
686,43.56,117.34,0.56,1.97,94.59,3.93,64.13,229.78,True
687,33.07,158.1,1.54,1.46,72.99,50.68,118.65,173.73,True
688,36.48,144.88,1.22,1.63,80.0,35.51,100.96,191.92,True
689,24.89,189.87,2.3,1.06,56.15,87.12,161.14,130.05,True
690,40.09,130.84,0.88,1.8,87.44,19.41,82.18,211.22,True
691,29.57,171.71,1.87,1.29,65.77,66.29,136.85,155.02,True
692,34.33,153.21,1.42,1.52,75.58,45.07,112.1,180.46,True
693,30.35,168.67,1.79,1.33,67.39,62.8,132.78,159.2,True
694,28.19,177.04,2.0,1.22,62.95,72.4,143.98,147.69,True
695,27.1,181.31,2.1,1.17,60.69,77.29,149.68,141.83,True
696,32.68,159.6,1.58,1.44,72.19,52.4,120.65,171.68,True
697,35.87,147.24,1.28,1.6,78.74,38.23,104.13,188.66,True
698,34.65,151.98,1.39,1.54,76.23,43.65,110.45,182.16,True
699,39.58,132.82,0.93,1.78,86.39,21.68,84.83,208.5,True
700,36.98,142.93,1.17,1.65,81.03,33.28,98.35,194.6,True
701,40.65,128.66,0.83,1.83,88.59,16.91,79.27,214.22,True
702,37.26,141.83,1.15,1.66,81.61,32.02,96.88,196.11,True
703,29.15,173.32,1.91,1.27,64.92,68.13,139.0,152.81,True
704,42.26,122.39,0.68,1.91,91.92,9.72,70.88,222.84,True
705,43.88,116.13,0.53,1.99,95.23,2.54,62.51,231.45,True
706,37.53,140.79,1.12,1.68,82.16,30.83,95.49,197.54,True
707,35.86,147.27,1.28,1.6,78.73,38.25,104.16,188.63,True
708,36.06,146.49,1.26,1.61,79.14,37.36,103.12,189.7,True
709,37.18,142.14,1.15,1.66,81.44,32.38,97.31,195.68,True
710,25.86,186.12,2.21,1.11,58.14,82.81,156.12,135.21,True
711,44.16,115.01,0.5,2.0,95.83,1.26,61.01,232.99,True
712,27.96,177.95,2.02,1.21,62.47,73.44,145.19,146.44,True
713,38.08,138.66,1.07,1.7,83.29,28.39,92.65,200.46,True
714,29.01,173.88,1.92,1.26,64.62,68.78,139.75,152.04,True
715,28.2,177.01,1.99,1.22,62.96,72.37,143.94,147.74,True
716,28.67,175.21,1.95,1.25,63.92,70.31,141.53,150.21,True
717,34.23,153.61,1.43,1.52,75.37,45.53,112.64,179.91,True
718,27.58,179.41,2.05,1.19,61.69,75.12,147.15,144.44,True
719,42.39,121.89,0.67,1.91,92.18,9.15,70.21,223.53,True
720,32.06,162.02,1.63,1.41,70.91,55.17,123.88,168.35,True
721,36.21,145.91,1.25,1.61,79.45,36.69,102.34,190.5,True
722,43.27,118.5,0.58,1.96,93.98,5.26,65.68,228.19,True
723,27.77,178.71,2.04,1.2,62.07,74.31,146.21,145.4,True
724,23.96,193.48,2.39,1.02,54.24,91.25,165.96,125.09,True
725,27.67,179.1,2.05,1.2,61.86,74.76,146.73,144.87,True
726,36.98,142.9,1.17,1.65,81.05,33.25,98.31,194.64,True
727,32.27,161.2,1.61,1.42,71.34,54.24,122.79,169.47,True
728,24.51,191.34,2.34,1.05,55.37,88.8,163.11,128.03,True
729,40.76,128.24,0.82,1.83,88.82,16.43,78.71,214.8,True
730,35.0,150.62,1.36,1.55,76.95,42.1,108.64,184.03,True
731,37.51,140.87,1.12,1.68,82.12,30.92,95.61,197.42,True
732,33.68,155.73,1.48,1.49,74.25,47.96,115.47,177.0,True
733,39.92,131.49,0.9,1.79,87.09,20.16,83.05,210.33,True
734,43.52,117.53,0.56,1.97,94.49,4.15,64.38,229.53,True
735,23.84,193.95,2.4,1.01,53.99,91.79,166.59,124.45,True
736,29.86,170.58,1.84,1.31,66.37,64.99,135.34,156.58,True
737,30.57,167.83,1.77,1.34,67.83,61.84,131.66,160.36,True
738,34.58,152.24,1.4,1.53,76.09,43.96,110.81,181.79,True
739,27.37,180.24,2.07,1.18,61.25,76.07,148.26,143.3,True
740,28.39,176.28,1.98,1.23,63.35,71.53,142.97,148.74,True
741,30.11,169.6,1.82,1.32,66.89,63.86,134.02,157.93,True
742,37.35,141.48,1.14,1.67,81.79,31.62,96.42,196.58,True
743,37.48,140.96,1.13,1.68,82.07,31.02,95.72,197.31,True
744,43.05,119.35,0.6,1.95,93.53,6.23,66.82,227.02,True
745,28.72,175.01,1.95,1.25,64.02,70.07,141.26,150.49,True
746,43.69,116.86,0.54,1.98,94.85,3.39,63.49,230.44,True
747,30.66,167.47,1.76,1.34,68.02,61.42,131.17,160.86,True
748,31.79,163.07,1.66,1.4,70.35,56.38,125.29,166.91,True
749,43.86,116.19,0.53,1.99,95.2,2.61,62.59,231.37,True
750,36.23,145.82,1.24,1.61,79.5,36.6,102.22,190.62,True
751,42.29,122.29,0.68,1.91,91.97,9.61,70.76,222.97,True
752,33.59,156.1,1.49,1.49,74.05,48.39,115.97,176.48,True
753,29.94,170.27,1.83,1.31,66.54,64.64,134.92,157.0,True
754,33.49,156.48,1.5,1.48,73.85,48.82,116.48,175.97,True
755,25.43,187.77,2.25,1.09,57.26,84.71,158.33,132.94,True
756,30.58,167.78,1.77,1.34,67.86,61.78,131.6,160.42,True
757,32.86,158.92,1.56,1.45,72.55,51.62,119.75,172.6,True
758,40.3,130.01,0.86,1.81,87.88,18.47,81.08,212.36,True
759,29.64,171.42,1.86,1.29,65.93,65.96,136.46,155.42,True
760,27.17,181.04,2.09,1.17,60.83,76.99,149.33,142.2,True
761,34.37,153.05,1.42,1.52,75.67,44.89,111.89,180.68,True
762,39.79,131.99,0.91,1.79,86.83,20.73,83.73,209.64,True
763,39.4,133.51,0.95,1.77,86.02,22.48,85.76,207.55,True
764,38.4,137.39,1.04,1.72,83.97,26.93,90.94,202.22,True
765,35.65,148.07,1.3,1.59,78.3,39.18,105.23,187.53,True
766,26.67,182.96,2.14,1.15,59.81,79.19,151.89,139.56,True
767,33.3,157.22,1.52,1.47,73.45,49.68,117.48,174.94,True
768,34.06,154.26,1.45,1.51,75.03,46.27,113.51,179.02,True
769,25.68,186.8,2.23,1.1,57.78,83.59,157.03,134.28,True
770,28.34,176.47,1.98,1.23,63.25,71.75,143.22,148.47,True
771,43.56,117.34,0.56,1.97,94.59,3.94,64.13,229.78,True
772,28.53,175.73,1.96,1.24,63.64,70.9,142.23,149.49,True
773,43.8,116.43,0.53,1.98,95.07,2.89,62.92,231.03,True
774,41.37,125.88,0.76,1.86,90.07,13.72,75.55,218.04,True
775,37.31,141.63,1.14,1.67,81.72,31.8,96.62,196.38,True
776,39.62,132.65,0.93,1.78,86.48,21.5,84.61,208.73,True
777,28.36,176.39,1.98,1.23,63.29,71.65,143.11,148.59,True
778,38.91,135.42,0.99,1.74,85.01,24.67,88.31,204.92,True
779,27.16,181.08,2.09,1.17,60.81,77.03,149.38,142.14,True
780,36.67,144.12,1.2,1.64,80.4,34.65,99.95,192.96,True
781,31.58,163.87,1.68,1.39,69.93,57.3,126.37,165.8,True
782,36.57,144.49,1.21,1.63,80.2,35.07,100.45,192.45,True
783,26.56,183.39,2.15,1.15,59.58,79.69,152.48,138.96,True
784,37.8,139.75,1.1,1.69,82.72,29.63,94.1,198.97,True
785,32.19,161.52,1.62,1.42,71.18,54.6,123.22,169.04,True
786,41.37,125.86,0.76,1.86,90.08,13.7,75.53,218.07,True
787,23.75,194.29,2.41,1.01,53.81,92.18,167.05,123.98,True
788,28.89,174.35,1.93,1.26,64.38,69.31,140.38,151.4,True
789,39.03,134.97,0.98,1.75,85.25,24.15,87.71,205.54,True
790,40.95,127.49,0.8,1.84,89.21,15.58,77.71,215.82,True
791,41.35,125.92,0.76,1.86,90.04,13.78,75.61,217.98,True
792,28.38,176.34,1.98,1.23,63.32,71.6,143.04,148.66,True
793,38.86,135.61,1.0,1.74,84.91,24.88,88.56,204.67,True
794,30.8,166.91,1.75,1.35,68.32,60.79,130.44,161.62,True
795,29.85,170.6,1.84,1.31,66.36,65.01,135.36,156.56,True
796,30.62,167.61,1.77,1.34,67.95,61.59,131.36,160.66,True
797,36.57,144.52,1.21,1.63,80.19,35.11,100.49,192.41,True
798,27.6,179.35,2.05,1.2,61.72,75.05,147.07,144.52,True
799,39.24,134.12,0.96,1.76,85.7,23.18,86.58,206.71,True
800,24.02,193.24,2.39,1.02,54.36,90.98,165.65,125.42,True
801,35.59,148.3,1.3,1.58,78.18,39.44,105.54,187.21,True
802,39.46,133.27,0.94,1.77,86.15,22.2,85.44,207.88,True
803,24.05,193.14,2.38,1.02,54.42,90.86,165.51,125.56,True
804,31.4,164.59,1.7,1.38,69.55,58.12,127.32,164.82,True
805,31.71,163.38,1.67,1.4,70.19,56.74,125.71,166.47,True
806,34.92,150.93,1.37,1.55,76.79,42.46,109.06,183.59,True
807,44.07,115.36,0.51,2.0,95.64,1.66,61.49,232.5,True
808,37.63,140.38,1.11,1.68,82.38,30.35,94.94,198.1,True
809,27.41,180.09,2.07,1.19,61.33,75.9,148.06,143.5,True
810,37.39,141.32,1.13,1.67,81.88,31.43,96.2,196.81,True
811,39.44,133.35,0.94,1.77,86.11,22.29,85.54,207.77,True
812,43.73,116.7,0.54,1.98,94.93,3.19,63.27,230.67,True
813,28.03,177.66,2.01,1.22,62.62,73.12,144.81,146.84,True
814,39.05,134.89,0.98,1.75,85.29,24.06,87.61,205.65,True
815,32.56,160.1,1.59,1.44,71.93,52.97,121.32,170.99,True
816,30.43,168.37,1.79,1.33,67.54,62.46,132.38,159.61,True
817,42.71,120.68,0.64,1.93,92.83,7.76,68.59,225.2,True
818,26.14,185.02,2.19,1.12,58.72,81.55,154.65,136.73,True
819,31.12,165.69,1.72,1.37,68.97,59.38,128.8,163.3,True
820,37.39,141.32,1.13,1.67,81.88,31.44,96.21,196.8,True
821,27.33,180.4,2.08,1.18,61.17,76.26,148.47,143.07,True
822,41.08,126.99,0.79,1.85,89.48,15.0,77.04,216.51,True
823,39.18,134.37,0.97,1.76,85.57,23.46,86.9,206.37,True
824,33.88,154.95,1.46,1.5,74.66,47.07,114.43,178.07,True
825,27.99,177.82,2.01,1.21,62.54,73.3,145.02,146.62,True
826,34.42,152.86,1.41,1.53,75.77,44.67,111.64,180.94,True
827,28.08,177.49,2.01,1.22,62.71,72.92,144.59,147.07,True
828,37.23,141.95,1.15,1.66,81.55,32.16,97.05,195.94,True
829,37.76,139.9,1.1,1.69,82.64,29.8,94.3,198.77,True
830,36.09,146.36,1.26,1.61,79.21,37.21,102.94,189.89,True
831,40.31,129.97,0.86,1.81,87.9,18.42,81.02,212.42,True
832,26.0,185.58,2.2,1.12,58.42,82.2,155.41,135.95,True
833,43.14,118.99,0.6,1.95,93.72,5.82,66.33,227.52,True
834,32.87,158.88,1.56,1.45,72.57,51.57,119.69,172.67,True
835,38.39,137.44,1.04,1.72,83.94,26.98,91.01,202.15,True
836,43.72,116.74,0.54,1.98,94.91,3.24,63.32,230.61,True
837,30.4,168.46,1.79,1.33,67.5,62.56,132.5,159.49,True
838,30.01,170.0,1.83,1.31,66.68,64.32,134.56,157.38,True
839,30.63,167.59,1.77,1.34,67.96,61.56,131.34,160.69,True
840,32.78,159.22,1.57,1.45,72.39,51.96,120.14,172.2,True
841,29.55,171.79,1.87,1.29,65.73,66.38,136.96,154.91,True
842,24.11,192.92,2.38,1.03,54.53,90.61,165.21,125.86,True
843,40.39,129.67,0.85,1.82,88.06,18.07,80.62,212.83,True
844,38.44,137.24,1.04,1.72,84.05,26.75,90.74,202.43,True
845,25.6,187.1,2.24,1.1,57.61,83.94,157.44,133.86,True
846,42.3,122.27,0.68,1.91,91.98,9.58,70.72,223.01,True
847,26.24,184.62,2.18,1.13,58.93,81.09,154.11,137.28,True
848,29.1,173.52,1.91,1.27,64.82,68.36,139.27,152.54,True
849,28.91,174.28,1.93,1.26,64.41,69.24,140.29,151.49,True
850,40.11,130.76,0.88,1.8,87.48,19.33,82.08,211.33,True
851,35.42,148.97,1.32,1.58,77.83,40.2,106.43,186.3,True
852,27.68,179.05,2.04,1.2,61.88,74.7,146.66,144.93,True
853,41.83,124.07,0.72,1.89,91.03,11.65,73.13,220.53,True
854,34.43,152.82,1.41,1.53,75.79,44.62,111.58,181.0,True
855,32.17,161.6,1.62,1.42,71.13,54.7,123.33,168.92,True
856,25.9,185.94,2.21,1.11,58.23,82.61,155.89,135.45,True
857,41.15,126.72,0.78,1.85,89.62,14.69,76.68,216.88,True
858,27.6,179.37,2.05,1.2,61.72,75.07,147.09,144.5,True
859,35.5,148.66,1.31,1.58,77.99,39.85,106.02,186.72,True
860,32.52,160.25,1.59,1.43,71.85,53.15,121.52,170.78,True
861,40.63,128.73,0.83,1.83,88.55,17.0,79.37,214.12,True
862,42.92,119.86,0.62,1.94,93.26,6.82,67.5,226.32,True
863,32.9,158.75,1.55,1.45,72.64,51.42,119.51,172.85,True
864,43.68,116.9,0.55,1.98,94.83,3.43,63.54,230.39,True
865,36.73,143.88,1.2,1.64,80.53,34.37,99.62,193.29,True
866,41.46,125.52,0.75,1.87,90.26,13.31,75.07,218.54,True
867,31.48,164.29,1.69,1.38,69.71,57.78,126.92,165.23,True
868,28.01,177.75,2.01,1.22,62.57,73.22,144.93,146.71,True
869,32.5,160.33,1.59,1.43,71.8,53.24,121.64,170.66,True
870,27.05,181.5,2.1,1.17,60.58,77.52,149.95,141.56,True
871,34.88,151.07,1.37,1.55,76.72,42.61,109.24,183.41,True
872,27.72,178.89,2.04,1.2,61.97,74.52,146.45,145.15,True
873,35.41,149.02,1.32,1.57,77.8,40.26,106.5,186.22,True
874,34.95,150.78,1.36,1.55,76.87,42.29,108.86,183.8,True
875,39.2,134.28,0.96,1.76,85.61,23.36,86.79,206.49,True
876,37.25,141.87,1.15,1.66,81.59,32.07,96.94,196.05,True
877,36.25,145.76,1.24,1.62,79.53,36.53,102.14,190.71,True
878,43.42,117.9,0.57,1.96,94.29,4.58,64.88,229.01,True
879,36.26,145.7,1.24,1.62,79.56,36.46,102.06,190.78,True
880,23.83,194.0,2.4,1.01,53.96,91.85,166.66,124.38,True
881,37.98,139.04,1.08,1.7,83.09,28.81,93.15,199.95,True
882,36.56,144.56,1.21,1.63,80.16,35.16,100.54,192.35,True
883,41.58,125.06,0.74,1.87,90.5,12.79,74.46,219.16,True
884,25.88,186.04,2.21,1.11,58.18,82.72,156.01,135.33,True
885,41.77,124.31,0.72,1.88,90.9,11.92,73.45,220.21,True
886,35.79,147.54,1.28,1.59,78.58,38.57,104.53,188.25,True
887,34.55,152.37,1.4,1.53,76.02,44.11,110.99,181.61,True
888,39.34,133.73,0.95,1.77,85.9,22.73,86.05,207.24,True
889,41.54,125.22,0.75,1.87,90.42,12.97,74.67,218.95,True
890,36.51,144.73,1.22,1.63,80.08,35.34,100.76,192.12,True
891,42.85,120.12,0.62,1.94,93.12,7.11,67.84,225.97,True
892,24.77,190.34,2.32,1.06,55.9,87.65,161.76,129.41,True
893,40.26,130.19,0.87,1.81,87.78,18.67,81.32,212.12,True
894,31.2,165.39,1.71,1.37,69.13,59.04,128.39,163.72,True
895,35.93,147.0,1.27,1.6,78.87,37.95,103.8,189.0,True
896,34.48,152.63,1.41,1.53,75.89,44.4,111.33,181.26,True
897,34.7,151.76,1.39,1.54,76.35,43.41,110.17,182.45,True
898,27.77,178.71,2.04,1.2,62.07,74.31,146.21,145.41,True
899,32.88,158.83,1.56,1.45,72.6,51.52,119.62,172.73,True
900,33.66,155.81,1.48,1.49,74.2,48.06,115.59,176.88,True
901,34.48,152.64,1.41,1.53,75.88,44.41,111.34,181.25,True
902,33.16,157.74,1.53,1.47,73.18,50.27,118.17,174.23,True
903,33.18,157.7,1.53,1.47,73.2,50.21,118.1,174.29,True
904,38.38,137.48,1.04,1.72,83.92,27.03,91.06,202.09,True
905,31.11,165.7,1.72,1.37,68.96,59.39,128.81,163.29,True
906,32.02,162.18,1.64,1.41,70.82,55.36,124.11,168.12,True
907,32.49,160.35,1.59,1.43,71.79,53.26,121.66,170.64,True
908,23.95,193.53,2.39,1.02,54.21,91.32,166.04,125.02,True
909,25.47,187.61,2.25,1.09,57.34,84.53,158.12,133.16,True
910,29.46,172.12,1.88,1.29,65.56,66.76,137.4,154.46,True
911,31.13,165.64,1.72,1.37,68.99,59.32,128.73,163.37,True
912,36.29,145.6,1.24,1.62,79.62,36.34,101.92,190.93,True
913,43.04,119.37,0.61,1.95,93.51,6.26,66.85,226.99,True
914,30.16,169.39,1.81,1.32,67.0,63.63,133.74,158.22,True
915,34.2,153.72,1.43,1.52,75.31,45.66,112.79,179.76,True
916,41.54,125.22,0.75,1.87,90.42,12.97,74.67,218.95,True
917,42.36,122.01,0.67,1.91,92.12,9.29,70.38,223.36,True
918,43.82,116.33,0.53,1.98,95.13,2.77,62.78,231.17,True
919,32.73,159.44,1.57,1.44,72.28,52.21,120.43,171.9,True
920,39.73,132.23,0.92,1.78,86.7,21.0,84.04,209.32,True
921,27.89,178.22,2.02,1.21,62.32,73.76,145.56,146.07,True
922,36.1,146.33,1.26,1.61,79.22,37.18,102.91,189.92,True
923,28.31,176.59,1.98,1.23,63.19,71.88,143.37,148.32,True
924,37.8,139.75,1.1,1.69,82.71,29.63,94.1,198.97,True
925,38.53,136.91,1.03,1.73,84.22,26.37,90.3,202.88,True
926,27.5,179.73,2.06,1.19,61.52,75.49,147.58,143.99,True
927,29.37,172.47,1.89,1.28,65.37,67.16,137.86,153.98,True
928,41.5,125.36,0.75,1.87,90.34,13.13,74.86,218.75,True
929,31.48,164.3,1.69,1.38,69.7,57.79,126.94,165.21,True
930,35.97,146.85,1.27,1.6,78.95,37.78,103.6,189.2,True
931,39.64,132.6,0.92,1.78,86.51,21.43,84.54,208.8,True
932,32.16,161.63,1.62,1.42,71.12,54.73,123.37,168.88,True
933,36.15,146.12,1.25,1.61,79.34,36.94,102.63,190.2,True
934,29.53,171.85,1.87,1.29,65.7,66.45,137.04,154.83,True
935,38.81,135.8,1.0,1.74,84.81,25.1,88.81,204.41,True
936,27.15,181.08,2.09,1.17,60.81,77.04,149.38,142.14,True
937,28.66,175.25,1.95,1.25,63.9,70.35,141.58,150.16,True
938,25.86,186.11,2.21,1.11,58.14,82.8,156.11,135.23,True
939,23.73,194.38,2.41,1.01,53.75,92.29,167.18,123.85,True
940,28.49,175.88,1.97,1.24,63.56,71.07,142.42,149.29,True
941,34.24,153.57,1.43,1.52,75.39,45.48,112.59,179.97,True
942,30.07,169.76,1.82,1.32,66.81,64.05,134.24,157.71,True
943,31.02,166.06,1.73,1.36,68.77,59.81,129.29,162.8,True
944,43.46,117.74,0.57,1.97,94.38,4.39,64.66,229.24,True
945,25.86,186.11,2.21,1.11,58.14,82.81,156.11,135.22,True
946,36.56,144.54,1.21,1.63,80.17,35.13,100.51,192.38,True
947,27.81,178.55,2.03,1.21,62.15,74.13,145.99,145.62,True
948,40.98,127.39,0.8,1.85,89.26,15.46,77.58,215.96,True
949,28.26,176.78,1.99,1.23,63.09,72.1,143.63,148.05,True
950,36.28,145.65,1.24,1.62,79.59,36.4,101.99,190.86,True
951,30.96,166.28,1.74,1.36,68.65,60.06,129.59,162.49,True
952,34.52,152.48,1.4,1.53,75.97,44.23,111.12,181.47,True
953,38.25,137.97,1.05,1.71,83.66,27.59,91.72,201.41,True
954,38.49,137.06,1.03,1.72,84.14,26.55,90.51,202.66,True
955,32.11,161.83,1.63,1.41,71.01,54.95,123.63,168.62,True
956,30.97,166.25,1.74,1.36,68.67,60.02,129.54,162.54,True
957,39.3,133.91,0.96,1.76,85.81,22.94,86.29,207.0,True
958,42.64,120.92,0.64,1.93,92.7,8.04,68.92,224.86,True
959,41.02,127.22,0.79,1.85,89.35,15.27,77.35,216.19,True
960,40.97,127.44,0.8,1.84,89.24,15.51,77.63,215.9,True
961,33.41,156.78,1.51,1.48,73.69,49.17,116.88,175.55,True
962,29.02,173.84,1.92,1.26,64.64,68.73,139.7,152.09,True
963,35.65,148.09,1.3,1.59,78.29,39.2,105.26,187.5,True
964,25.93,185.85,2.21,1.11,58.28,82.5,155.76,135.58,True
965,25.34,188.13,2.26,1.09,57.07,85.12,158.82,132.44,True
966,25.77,186.47,2.22,1.11,57.95,83.22,156.6,134.72,True
967,27.73,178.83,2.04,1.2,62.0,74.45,146.37,145.24,True
968,42.67,120.8,0.64,1.93,92.76,7.89,68.75,225.03,True
969,23.63,194.78,2.42,1.0,53.54,92.75,167.71,123.3,True
970,29.12,173.43,1.91,1.27,64.86,68.27,139.16,152.65,True
971,33.2,157.58,1.53,1.47,73.26,50.08,117.95,174.45,True
972,30.67,167.43,1.76,1.34,68.04,61.38,131.13,160.91,True
973,30.87,166.67,1.75,1.35,68.45,60.5,130.1,161.96,True
974,39.21,134.26,0.96,1.76,85.62,23.34,86.76,206.52,True
975,39.22,134.23,0.96,1.76,85.64,23.3,86.72,206.56,True
976,24.8,190.24,2.31,1.06,55.95,87.55,161.64,129.54,True
977,35.03,150.5,1.36,1.56,77.02,41.96,108.48,184.19,True
978,32.11,161.82,1.63,1.41,71.01,54.95,123.63,168.62,True
979,43.01,119.49,0.61,1.94,93.46,6.39,67.0,226.83,True
980,42.72,120.62,0.64,1.93,92.85,7.7,68.52,225.27,True
981,40.15,130.62,0.88,1.8,87.55,19.16,81.89,211.53,True
982,43.6,117.21,0.55,1.97,94.66,3.78,63.96,229.96,True
983,40.8,128.07,0.82,1.84,88.91,16.24,78.48,215.03,True
984,29.06,173.69,1.91,1.27,64.72,68.56,139.5,152.3,True
985,42.33,122.12,0.67,1.91,92.06,9.41,70.52,223.21,True
986,34.57,152.3,1.4,1.53,76.06,44.02,110.88,181.72,True
987,40.44,129.47,0.85,1.82,88.16,17.84,80.35,213.1,True
988,31.24,165.22,1.71,1.37,69.21,58.85,128.17,163.95,True
989,40.79,128.13,0.82,1.84,88.87,16.3,78.56,214.95,True
990,29.92,170.36,1.83,1.31,66.49,64.74,135.04,156.89,True
991,30.07,169.77,1.82,1.32,66.8,64.06,134.25,157.69,True
992,37.87,139.47,1.09,1.69,82.86,29.31,93.73,199.36,True
993,34.61,152.13,1.4,1.54,76.15,43.83,110.66,181.95,True
994,43.6,117.22,0.55,1.97,94.66,3.79,63.97,229.95,True
995,29.54,171.81,1.87,1.29,65.72,66.41,136.99,154.88,True
996,42.21,122.6,0.68,1.9,91.8,9.97,71.17,222.55,True
997,30.35,168.67,1.79,1.33,67.39,62.8,132.78,159.21,True
998,40.95,127.51,0.8,1.84,89.2,15.6,77.74,215.79,True
999,27.11,181.25,2.1,1.17,60.72,77.23,149.61,141.91,True
1000,30.03,169.92,1.82,1.31,66.72,64.23,134.45,157.49,True
1001,24.68,190.69,2.32,1.05,55.71,88.05,162.23,128.93,True
1002,29.67,171.3,1.86,1.3,65.99,65.82,136.3,155.59,True
1003,30.67,167.44,1.76,1.34,68.04,61.39,131.13,160.9,True
1004,26.76,182.61,2.13,1.15,60.0,78.79,151.43,140.03,True
1005,26.07,185.28,2.19,1.12,58.58,81.86,155.01,136.36,True
1006,27.72,178.88,2.04,1.2,61.97,74.51,146.44,145.17,True
1007,26.59,183.27,2.15,1.15,59.65,79.55,152.31,139.13,True
1008,28.49,175.9,1.97,1.24,63.55,71.09,142.45,149.27,True
1009,41.95,123.62,0.71,1.89,91.27,11.13,72.53,221.15,True
1010,27.83,178.46,2.03,1.21,62.2,74.02,145.87,145.75,True
1011,27.03,181.56,2.1,1.17,60.55,77.58,150.02,141.48,True
1012,37.63,140.38,1.11,1.68,82.38,30.36,94.95,198.1,True
1013,35.91,147.09,1.27,1.6,78.83,38.05,103.92,188.88,True
1014,28.39,176.29,1.98,1.23,63.34,71.55,142.98,148.72,True
1015,35.42,148.99,1.32,1.58,77.81,40.24,106.47,186.26,True
1016,42.61,121.06,0.65,1.92,92.62,8.2,69.1,224.67,True
1017,30.7,167.32,1.76,1.35,68.1,61.25,130.98,161.06,True
1018,27.73,178.84,2.04,1.2,61.99,74.47,146.39,145.21,True
1019,37.46,141.05,1.13,1.67,82.03,31.12,95.84,197.19,True
1020,31.34,164.81,1.7,1.38,69.43,58.37,127.62,164.52,True
1021,29.12,173.44,1.91,1.27,64.85,68.28,139.17,152.64,True
1022,34.08,154.19,1.44,1.51,75.06,46.19,113.42,179.12,True
1023,26.56,183.38,2.15,1.15,59.59,79.67,152.45,138.98,True
1024,43.37,118.08,0.57,1.96,94.2,4.78,65.12,228.77,True
1025,34.31,153.27,1.42,1.52,75.55,45.14,112.19,180.38,True
1026,25.3,188.27,2.27,1.08,57.0,85.28,158.99,132.26,True
1027,27.35,180.31,2.07,1.18,61.21,76.16,148.36,143.19,True
1028,43.58,117.29,0.56,1.97,94.62,3.88,64.07,229.84,True
1029,39.06,134.84,0.98,1.75,85.32,24.0,87.53,205.72,True
1030,27.21,180.86,2.09,1.18,60.93,76.78,149.08,142.45,True
1031,37.72,140.04,1.1,1.69,82.56,29.97,94.5,198.56,True
1032,40.69,128.5,0.83,1.83,88.68,16.73,79.05,214.44,True
1033,30.78,167.01,1.75,1.35,68.27,60.89,130.56,161.49,True
1034,40.06,130.94,0.88,1.8,87.38,19.54,82.33,211.08,True
1035,27.91,178.15,2.02,1.21,62.36,73.68,145.47,146.16,True
1036,25.81,186.29,2.22,1.11,58.05,83.01,156.35,134.98,True
1037,31.35,164.8,1.7,1.38,69.44,58.36,127.61,164.53,True
1038,32.49,160.37,1.59,1.43,71.78,53.29,121.69,170.61,True
1039,41.89,123.84,0.71,1.89,91.15,11.39,72.83,220.84,True
1040,37.87,139.46,1.09,1.69,82.87,29.3,93.71,199.37,True
1041,33.53,156.32,1.5,1.48,73.93,48.64,116.27,176.18,True
1042,37.43,141.16,1.13,1.67,81.97,31.25,95.99,197.03,True
1043,26.91,182.05,2.12,1.16,60.29,78.15,150.68,140.81,True
1044,30.03,169.9,1.82,1.31,66.73,64.22,134.44,157.51,True
1045,37.52,140.81,1.12,1.68,82.15,30.85,95.52,197.51,True
1046,26.45,183.81,2.16,1.14,59.36,80.16,153.03,138.39,True
1047,30.55,167.87,1.77,1.34,67.81,61.89,131.72,160.3,True
1048,29.95,170.24,1.83,1.31,66.55,64.6,134.88,157.05,True
1049,25.19,188.71,2.28,1.08,56.76,85.78,159.58,131.65,True
1050,32.54,160.16,1.59,1.44,71.9,53.04,121.4,170.91,True
1051,24.02,193.24,2.39,1.02,54.36,90.99,165.65,125.42,True
1052,29.39,172.4,1.88,1.28,65.41,67.08,137.77,154.08,True
1053,40.39,129.68,0.85,1.82,88.05,18.09,80.64,212.81,True
1054,41.88,123.89,0.71,1.89,91.12,11.44,72.89,220.78,True
1055,42.85,120.11,0.62,1.94,93.12,7.11,67.84,225.97,True
1056,42.72,120.61,0.64,1.93,92.86,7.68,68.5,225.29,True
1057,27.24,180.74,2.08,1.18,60.99,76.65,148.93,142.6,True
1058,38.46,137.17,1.03,1.72,84.08,26.68,90.66,202.51,True
1059,38.67,136.35,1.01,1.73,84.52,25.74,89.56,203.64,True
1060,38.49,137.06,1.03,1.72,84.14,26.55,90.5,202.67,True
1061,43.91,116.0,0.52,1.99,95.31,2.39,62.33,231.63,True
1062,31.09,165.78,1.72,1.37,68.91,59.49,128.92,163.17,True
1063,31.32,164.88,1.7,1.38,69.39,58.46,127.72,164.41,True
1064,41.28,126.23,0.77,1.86,89.88,14.13,76.02,217.56,True
1065,27.39,180.17,2.07,1.19,61.29,75.99,148.16,143.39,True
1066,27.19,180.95,2.09,1.18,60.88,76.89,149.21,142.32,True
1067,35.26,149.61,1.33,1.57,77.49,40.94,107.29,185.41,True
1068,38.75,136.05,1.01,1.74,84.68,25.39,89.15,204.06,True
1069,32.57,160.05,1.59,1.44,71.95,52.91,121.25,171.06,True
1070,38.39,137.45,1.04,1.72,83.94,26.99,91.02,202.14,True
1071,28.55,175.65,1.96,1.24,63.69,70.81,142.12,149.61,True
1072,42.82,120.21,0.63,1.93,93.07,7.23,67.97,225.83,True
1073,25.39,187.93,2.26,1.09,57.17,84.9,158.55,132.72,True
1074,30.56,167.84,1.77,1.34,67.82,61.85,131.68,160.34,True
1075,26.2,184.78,2.18,1.13,58.85,81.28,154.33,137.06,True
1076,24.08,193.03,2.38,1.02,54.47,90.74,165.36,125.71,True
1077,24.42,191.69,2.35,1.04,55.19,89.2,163.57,127.56,True
1078,42.21,122.61,0.68,1.9,91.8,9.98,71.18,222.54,True
1079,37.09,142.49,1.16,1.66,81.26,32.77,97.76,195.21,True
1080,36.05,146.54,1.26,1.61,79.12,37.42,103.18,189.63,True
1081,31.71,163.39,1.67,1.4,70.19,56.74,125.72,166.47,True
1082,40.0,131.17,0.89,1.8,87.26,19.79,82.63,210.77,True
1083,36.54,144.62,1.21,1.63,80.13,35.22,100.62,192.27,True
1084,26.11,185.14,2.19,1.12,58.66,81.69,154.81,136.56,True
1085,27.18,180.98,2.09,1.18,60.86,76.91,149.24,142.28,True
1086,33.88,154.97,1.46,1.5,74.65,47.09,114.46,178.04,True
1087,33.31,157.18,1.52,1.47,73.48,49.62,117.41,175.0,True
1088,25.4,187.89,2.26,1.09,57.2,84.84,158.49,132.78,True
1089,35.26,149.59,1.33,1.57,77.5,40.92,107.27,185.44,True
1090,29.11,173.49,1.91,1.27,64.83,68.33,139.23,152.57,True
1091,25.97,185.69,2.2,1.12,58.36,82.33,155.55,135.8,True
1092,43.04,119.38,0.61,1.95,93.51,6.28,66.86,226.97,True
1093,35.48,148.75,1.31,1.58,77.94,39.95,106.14,186.59,True
1094,42.83,145.47,-0.5,2.0,100.86,-8.13,-42.92,-39.69,False
1095,42.65,149.4,-0.63,2.0,101.5,-9.34,-56.32,-74.86,True
1096,42.46,153.73,-0.78,2.0,102.22,-10.67,-71.06,-113.54,True
1097,42.55,151.76,-0.71,2.0,101.89,-10.06,-64.36,-95.96,True
1098,42.61,150.48,-0.67,2.0,101.68,-9.67,-60.01,-84.53,True
1099,42.61,150.38,-0.67,2.0,101.67,-9.64,-59.65,-83.6,True
1100,42.88,144.19,-0.46,2.0,100.64,-7.73,-38.54,-28.2,False
1101,42.58,151.03,-0.69,2.0,101.77,-9.84,-61.86,-89.4,True
1102,42.95,142.74,-0.41,2.0,100.41,-7.29,-33.59,-15.2,False
1103,42.5,152.98,-0.75,2.0,102.09,-10.44,-68.53,-106.89,True
1104,43.09,139.55,-0.31,2.0,99.88,-6.31,-22.73,13.3,False
1105,42.5,153.0,-0.75,2.0,102.1,-10.45,-68.6,-107.07,True
1106,42.48,153.46,-0.77,2.0,102.17,-10.58,-70.14,-111.13,True
1107,42.77,146.88,-0.55,2.0,101.09,-8.56,-47.7,-52.25,False
1108,42.73,147.65,-0.58,2.0,101.22,-8.8,-50.35,-59.19,False
1109,42.49,153.22,-0.76,2.0,102.13,-10.51,-69.35,-109.04,True
1110,42.85,145.05,-0.49,2.0,100.79,-8.0,-41.47,-35.89,False
1111,43.21,136.79,-0.22,2.0,99.42,-5.46,-13.3,38.02,False
1112,42.52,152.38,-0.73,2.0,102.0,-10.25,-66.48,-101.53,False
1113,42.92,143.29,-0.43,2.0,100.5,-7.46,-35.47,-20.13,False
1114,42.67,149.09,-0.62,2.0,101.45,-9.24,-55.26,-72.07,True
1115,42.63,149.88,-0.65,2.0,101.58,-9.48,-57.94,-79.1,True
1116,42.52,152.41,-0.73,2.0,102.0,-10.26,-66.58,-101.77,False
1117,42.84,145.22,-0.5,2.0,100.81,-8.05,-42.05,-37.41,False
1118,42.75,147.27,-0.56,2.0,101.15,-8.68,-49.06,-55.8,False
1119,42.73,147.76,-0.58,2.0,101.23,-8.83,-50.72,-60.15,False
1120,42.67,149.13,-0.63,2.0,101.46,-9.25,-55.39,-72.41,True
1121,43.23,136.36,-0.2,2.0,99.35,-5.33,-11.86,41.81,False
1122,42.48,153.4,-0.77,2.0,102.16,-10.57,-69.95,-110.62,True
1123,43.16,137.93,-0.26,2.0,99.61,-5.81,-17.21,27.78,False
1124,42.79,146.36,-0.53,2.0,101.0,-8.4,-45.95,-47.65,False
1125,42.84,145.08,-0.49,2.0,100.79,-8.01,-41.59,-36.2,False
1126,42.71,148.22,-0.6,2.0,101.31,-8.98,-52.3,-64.32,False
1127,43.13,138.65,-0.28,2.0,99.73,-6.03,-19.67,21.32,False
1128,43.15,138.18,-0.26,2.0,99.65,-5.88,-18.05,25.56,False
1129,43.16,137.85,-0.25,2.0,99.6,-5.78,-16.92,28.54,False
1130,42.49,153.12,-0.76,2.0,102.12,-10.48,-69.0,-108.12,True
1131,42.55,151.77,-0.71,2.0,101.89,-10.07,-64.4,-96.05,True
1132,42.47,153.63,-0.77,2.0,102.2,-10.64,-70.75,-112.73,True
1133,43.24,135.98,-0.19,2.0,99.29,-5.21,-10.54,45.27,False
1134,42.48,153.37,-0.76,2.0,102.16,-10.56,-69.85,-110.36,True
1135,42.68,148.91,-0.62,2.0,101.42,-9.19,-54.64,-70.43,True
1136,42.99,141.7,-0.38,2.0,100.23,-6.97,-30.04,-5.89,False
1137,42.47,153.54,-0.77,2.0,102.19,-10.61,-70.45,-111.93,True
1138,43.14,138.25,-0.27,2.0,99.67,-5.91,-18.29,24.94,False
1139,42.76,146.9,-0.55,2.0,101.09,-8.57,-47.77,-52.42,False
1140,42.45,153.98,-0.78,2.0,102.26,-10.75,-71.92,-115.79,True
1141,43.27,135.35,-0.17,2.0,99.19,-5.01,-8.39,50.9,False
1142,42.71,148.15,-0.59,2.0,101.3,-8.95,-52.04,-63.62,False
1143,42.52,152.46,-0.73,2.0,102.01,-10.28,-66.75,-102.23,False
1144,43.16,137.92,-0.26,2.0,99.61,-5.8,-17.15,27.94,False
1145,42.98,141.94,-0.39,2.0,100.27,-7.04,-30.88,-8.1,False
1146,42.83,145.41,-0.5,2.0,100.85,-8.11,-42.7,-39.1,False
1147,43.07,139.85,-0.32,2.0,99.93,-6.4,-23.76,10.59,False
1148,43.0,141.58,-0.38,2.0,100.21,-6.93,-29.63,-4.82,False
1149,42.55,151.8,-0.71,2.0,101.9,-10.08,-64.5,-96.32,True
1150,43.25,135.88,-0.19,2.0,99.27,-5.18,-10.2,46.18,False
1151,43.03,140.84,-0.35,2.0,100.09,-6.7,-27.14,1.72,False
1152,42.45,153.95,-0.78,2.0,102.25,-10.74,-71.83,-115.57,True
1153,43.17,137.72,-0.25,2.0,99.58,-5.74,-16.49,29.66,False
1154,42.87,144.51,-0.47,2.0,100.7,-7.83,-39.63,-31.05,False
1155,43.01,141.33,-0.37,2.0,100.17,-6.85,-28.79,-2.62,False
1156,43.06,140.13,-0.33,2.0,99.98,-6.48,-24.69,8.15,False
1157,42.64,149.81,-0.65,2.0,101.57,-9.46,-57.72,-78.53,True
1158,42.94,143.02,-0.42,2.0,100.45,-7.37,-34.54,-17.7,False
1159,42.85,145.06,-0.49,2.0,100.79,-8.0,-41.53,-36.04,False
1160,42.96,142.46,-0.41,2.0,100.36,-7.2,-32.65,-12.75,False
1161,42.69,148.62,-0.61,2.0,101.38,-9.1,-53.67,-67.9,False
1162,43.15,138.18,-0.26,2.0,99.65,-5.88,-18.04,25.6,False
1163,42.91,143.48,-0.44,2.0,100.53,-7.52,-36.12,-21.86,False
1164,42.86,144.78,-0.48,2.0,100.74,-7.92,-40.57,-33.54,False
1165,42.84,145.27,-0.5,2.0,100.82,-8.07,-42.23,-37.88,False
1166,42.72,147.98,-0.59,2.0,101.27,-8.9,-51.46,-62.1,False
1167,43.03,140.76,-0.35,2.0,100.08,-6.68,-26.84,2.5,False
1168,43.19,137.2,-0.23,2.0,99.49,-5.58,-14.72,34.3,False
1169,42.91,143.62,-0.44,2.0,100.55,-7.56,-36.59,-23.09,False
1170,43.13,138.6,-0.28,2.0,99.72,-6.01,-19.47,21.84,False
1171,42.86,144.72,-0.48,2.0,100.73,-7.9,-40.35,-32.96,False
1172,42.47,153.65,-0.77,2.0,102.2,-10.64,-70.8,-112.85,True
1173,43.17,137.72,-0.25,2.0,99.58,-5.74,-16.49,29.67,False
1174,42.6,150.74,-0.68,2.0,101.72,-9.75,-60.88,-86.81,True
1175,43.22,136.44,-0.21,2.0,99.37,-5.35,-12.13,41.11,False
1176,42.95,142.67,-0.41,2.0,100.39,-7.26,-33.35,-14.58,False
1177,43.17,137.77,-0.25,2.0,99.59,-5.76,-16.65,29.23,False
1178,42.55,151.84,-0.71,2.0,101.91,-10.09,-64.64,-96.69,True
1179,42.76,146.92,-0.55,2.0,101.09,-8.57,-47.85,-52.62,False
1180,42.88,144.17,-0.46,2.0,100.64,-7.73,-38.46,-28.0,False
1181,42.94,142.85,-0.42,2.0,100.42,-7.32,-33.96,-16.18,False
1182,42.73,147.63,-0.58,2.0,101.21,-8.79,-50.29,-59.02,False
1183,42.46,153.72,-0.78,2.0,102.22,-10.67,-71.05,-113.51,True
1184,42.81,145.88,-0.52,2.0,100.92,-8.25,-44.32,-43.36,False
1185,43.15,138.04,-0.26,2.0,99.63,-5.84,-17.58,26.8,False
1186,43.3,134.61,-0.15,2.0,99.07,-4.79,-5.87,57.53,False
1187,42.46,153.84,-0.78,2.0,102.23,-10.7,-71.44,-114.53,True
1188,42.87,144.53,-0.47,2.0,100.7,-7.84,-39.7,-31.25,False
1189,42.86,144.66,-0.48,2.0,100.72,-7.88,-40.14,-32.4,False
1190,42.67,149.04,-0.62,2.0,101.44,-9.22,-55.07,-71.57,True
1191,42.74,147.52,-0.57,2.0,101.19,-8.76,-49.89,-57.99,False
1192,42.98,142.07,-0.39,2.0,100.3,-7.08,-31.33,-9.27,False
1193,42.57,151.28,-0.7,2.0,101.81,-9.91,-62.72,-91.64,False
1194,42.57,151.28,-0.7,2.0,101.81,-9.92,-62.72,-91.65,False
1195,42.84,145.16,-0.49,2.0,100.81,-8.03,-41.86,-36.92,False
1196,43.04,140.7,-0.35,2.0,100.07,-6.66,-26.63,3.05,False
1197,42.77,146.82,-0.55,2.0,101.08,-8.54,-47.53,-51.78,False
1198,42.78,146.47,-0.54,2.0,101.02,-8.43,-46.31,-48.59,False
1199,42.95,142.6,-0.41,2.0,100.38,-7.24,-33.12,-13.96,False
1200,42.67,149.09,-0.62,2.0,101.45,-9.24,-55.26,-72.07,True
1201,42.62,150.12,-0.66,2.0,101.62,-9.56,-58.78,-81.3,True
1202,43.05,140.46,-0.34,2.0,100.03,-6.58,-25.81,5.2,False
1203,42.8,146.03,-0.52,2.0,100.95,-8.3,-44.8,-44.64,False
1204,42.87,144.46,-0.47,2.0,100.69,-7.82,-39.46,-30.6,False
1205,42.84,145.16,-0.49,2.0,100.8,-8.03,-41.84,-36.86,False
1206,42.81,145.79,-0.52,2.0,100.91,-8.23,-44.01,-42.54,False
1207,43.24,136.04,-0.19,2.0,99.3,-5.23,-10.74,44.74,False
1208,43.24,136.01,-0.19,2.0,99.3,-5.22,-10.65,44.99,False
1209,42.68,148.86,-0.62,2.0,101.41,-9.17,-54.47,-70.0,True
1210,42.84,145.1,-0.49,2.0,100.8,-8.02,-41.66,-36.4,False
1211,42.57,151.27,-0.7,2.0,101.81,-9.91,-62.69,-91.56,False
1212,42.6,150.72,-0.68,2.0,101.72,-9.74,-60.82,-86.68,True
1213,42.93,143.04,-0.42,2.0,100.46,-7.38,-34.64,-17.96,False
1214,43.27,135.43,-0.17,2.0,99.2,-5.04,-8.65,50.22,False
1215,42.57,151.31,-0.7,2.0,101.82,-9.93,-62.84,-91.96,False
1216,42.78,146.44,-0.54,2.0,101.02,-8.43,-46.23,-48.37,False
1217,42.74,147.38,-0.57,2.0,101.17,-8.72,-49.43,-56.78,False
1218,42.57,151.22,-0.69,2.0,101.8,-9.9,-62.52,-91.13,False
1219,42.7,148.35,-0.6,2.0,101.33,-9.01,-52.74,-65.46,False
1220,43.02,141.07,-0.36,2.0,100.13,-6.77,-27.9,-0.28,False
1221,42.91,143.63,-0.44,2.0,100.55,-7.56,-36.65,-23.23,False
1222,43.28,135.18,-0.17,2.0,99.16,-4.96,-7.82,52.4,False
1223,42.62,150.2,-0.66,2.0,101.64,-9.58,-59.06,-82.03,True
1224,42.76,147.11,-0.56,2.0,101.13,-8.63,-48.51,-54.36,False
1225,43.05,140.37,-0.34,2.0,100.02,-6.56,-25.53,5.93,False
1226,42.7,148.28,-0.6,2.0,101.32,-8.99,-52.48,-64.79,False
1227,42.52,152.5,-0.74,2.0,102.01,-10.29,-66.87,-102.55,False
1228,43.13,138.6,-0.28,2.0,99.72,-6.01,-19.47,21.85,False
1229,42.58,151.04,-0.69,2.0,101.77,-9.84,-61.89,-89.48,True
1230,42.48,153.28,-0.76,2.0,102.14,-10.53,-69.54,-109.55,True
1231,43.24,136.18,-0.2,2.0,99.33,-5.27,-11.24,43.44,False
1232,42.88,144.28,-0.47,2.0,100.66,-7.76,-38.86,-29.03,False
1233,42.62,150.28,-0.66,2.0,101.65,-9.61,-59.31,-82.7,True
1234,42.83,145.47,-0.5,2.0,100.86,-8.13,-42.93,-39.71,False
1235,43.28,135.19,-0.17,2.0,99.16,-4.96,-7.86,52.32,False
1236,42.63,149.99,-0.65,2.0,101.6,-9.52,-58.33,-80.12,True
1237,43.06,140.16,-0.33,2.0,99.98,-6.49,-24.79,7.88,False
1238,43.21,136.85,-0.22,2.0,99.43,-5.47,-13.5,37.51,False
1239,43.06,140.11,-0.33,2.0,99.97,-6.48,-24.63,8.3,False
1240,43.13,138.61,-0.28,2.0,99.72,-6.02,-19.51,21.73,False
1241,43.19,137.11,-0.23,2.0,99.48,-5.56,-14.42,35.1,False
1242,42.45,153.97,-0.78,2.0,102.26,-10.74,-71.89,-115.71,True
1243,42.78,146.48,-0.54,2.0,101.02,-8.44,-46.34,-48.67,False
1244,43.22,136.44,-0.21,2.0,99.37,-5.35,-12.13,41.11,False
1245,42.83,145.32,-0.5,2.0,100.83,-8.08,-42.41,-38.37,False
1246,43.13,138.64,-0.28,2.0,99.73,-6.03,-19.61,21.47,False
1247,42.63,149.89,-0.65,2.0,101.58,-9.49,-57.98,-79.21,True
1248,43.27,135.46,-0.17,2.0,99.21,-5.05,-8.77,49.91,False
1249,42.68,148.9,-0.62,2.0,101.42,-9.18,-54.62,-70.4,True
1250,42.89,143.94,-0.45,2.0,100.6,-7.66,-37.69,-25.97,False
1251,42.62,150.11,-0.66,2.0,101.62,-9.55,-58.72,-81.16,True
1252,42.92,143.25,-0.43,2.0,100.49,-7.45,-35.36,-19.84,False
1253,42.63,149.97,-0.65,2.0,101.6,-9.51,-58.25,-79.91,True
1254,43.22,136.64,-0.21,2.0,99.4,-5.41,-12.8,39.34,False
1255,43.05,140.44,-0.34,2.0,100.03,-6.58,-25.75,5.35,False
1256,42.69,148.52,-0.61,2.0,101.36,-9.07,-53.33,-67.0,False
1257,42.54,151.97,-0.72,2.0,101.93,-10.13,-65.06,-97.8,True
1258,43.02,141.08,-0.36,2.0,100.13,-6.78,-27.95,-0.42,False
1259,43.25,135.92,-0.19,2.0,99.28,-5.19,-10.34,45.81,False
1260,42.8,146.01,-0.52,2.0,100.94,-8.29,-44.75,-44.49,False
1261,43.29,134.92,-0.16,2.0,99.12,-4.88,-6.93,54.76,False
1262,42.93,143.07,-0.43,2.0,100.46,-7.39,-34.72,-18.18,False
1263,42.46,153.75,-0.78,2.0,102.22,-10.67,-71.14,-113.74,True
1264,43.23,136.28,-0.2,2.0,99.34,-5.3,-11.56,42.61,False
1265,42.7,148.46,-0.6,2.0,101.35,-9.05,-53.1,-66.41,False
1266,42.94,142.88,-0.42,2.0,100.43,-7.33,-34.07,-16.47,False
1267,42.63,149.96,-0.65,2.0,101.6,-9.51,-58.24,-79.88,True
1268,42.64,149.62,-0.64,2.0,101.54,-9.4,-57.07,-76.82,True
1269,42.52,152.39,-0.73,2.0,102.0,-10.26,-66.51,-101.59,False
1270,43.05,140.32,-0.33,2.0,100.01,-6.54,-25.36,6.38,False
1271,43.19,137.29,-0.23,2.0,99.51,-5.61,-15.0,33.58,False
1272,42.67,148.97,-0.62,2.0,101.43,-9.2,-54.84,-70.97,True
1273,42.84,145.17,-0.49,2.0,100.81,-8.03,-41.87,-36.95,False
1274,42.51,152.69,-0.74,2.0,102.05,-10.35,-67.53,-104.28,True
1275,42.78,146.56,-0.54,2.0,101.04,-8.46,-46.62,-49.41,False
1276,42.69,148.6,-0.61,2.0,101.37,-9.09,-53.58,-67.66,False
1277,42.63,150.07,-0.66,2.0,101.61,-9.54,-58.6,-80.83,True
1278,42.49,153.16,-0.76,2.0,102.12,-10.49,-69.13,-108.48,True
1279,42.55,151.78,-0.71,2.0,101.9,-10.07,-64.42,-96.12,True
1280,42.65,149.4,-0.63,2.0,101.5,-9.34,-56.3,-74.8,True
1281,43.26,135.6,-0.18,2.0,99.23,-5.09,-9.27,48.61,False
1282,43.25,135.94,-0.19,2.0,99.28,-5.19,-10.4,45.63,False
1283,42.67,149.14,-0.63,2.0,101.46,-9.26,-55.43,-72.52,True
1284,42.57,151.34,-0.7,2.0,101.82,-9.93,-62.93,-92.19,False
1285,43.3,134.68,-0.15,2.0,99.08,-4.81,-6.12,56.89,False
1286,42.73,147.57,-0.57,2.0,101.2,-8.77,-50.08,-58.49,False
1287,43.26,135.65,-0.18,2.0,99.24,-5.11,-9.41,48.24,False
1288,43.24,136.16,-0.2,2.0,99.32,-5.26,-11.15,43.69,False
1289,43.02,141.1,-0.36,2.0,100.13,-6.78,-28.0,-0.53,False
1290,42.47,153.53,-0.77,2.0,102.18,-10.61,-70.39,-111.78,True
1291,42.6,150.73,-0.68,2.0,101.72,-9.75,-60.86,-86.76,True
1292,43.0,141.49,-0.37,2.0,100.2,-6.9,-29.33,-4.04,False
1293,42.68,148.9,-0.62,2.0,101.42,-9.18,-54.62,-70.4,True
1294,42.89,144.05,-0.46,2.0,100.62,-7.69,-38.06,-26.94,False
1295,43.1,139.37,-0.3,2.0,99.85,-6.25,-22.1,14.93,False
1296,42.87,144.47,-0.47,2.0,100.69,-7.82,-39.49,-30.7,False
1297,42.87,144.61,-0.48,2.0,100.71,-7.86,-39.98,-31.97,False
1298,43.25,135.93,-0.19,2.0,99.28,-5.19,-10.39,45.67,False
1299,43.11,138.98,-0.29,2.0,99.79,-6.13,-20.79,18.38,False
1300,42.68,148.93,-0.62,2.0,101.43,-9.19,-54.72,-70.66,True
1301,42.66,149.38,-0.63,2.0,101.5,-9.33,-56.24,-74.65,True
1302,43.16,137.88,-0.25,2.0,99.61,-5.79,-17.04,28.22,False
1303,42.5,152.87,-0.75,2.0,102.07,-10.4,-68.13,-105.84,True
1304,42.81,145.96,-0.52,2.0,100.94,-8.28,-44.59,-44.06,False
1305,43.22,136.65,-0.21,2.0,99.4,-5.41,-12.82,39.28,False
1306,43.07,139.95,-0.32,2.0,99.95,-6.43,-24.1,9.69,False
1307,42.92,143.27,-0.43,2.0,100.49,-7.45,-35.41,-19.98,False
1308,43.0,141.62,-0.38,2.0,100.22,-6.94,-29.77,-5.18,False
1309,42.69,148.64,-0.61,2.0,101.38,-9.1,-53.73,-68.05,False
1310,42.61,150.32,-0.66,2.0,101.65,-9.62,-59.44,-83.05,True
1311,42.7,148.45,-0.6,2.0,101.35,-9.05,-53.08,-66.36,False
1312,43.05,140.3,-0.33,2.0,100.0,-6.54,-25.27,6.61,False
1313,42.51,152.64,-0.74,2.0,102.04,-10.33,-67.37,-103.86,False
1314,43.3,134.67,-0.15,2.0,99.08,-4.8,-6.07,57.01,False
1315,42.87,144.61,-0.48,2.0,100.71,-7.86,-39.98,-31.98,False
1316,42.81,145.91,-0.52,2.0,100.93,-8.26,-44.43,-43.64,False
1317,42.86,144.73,-0.48,2.0,100.73,-7.9,-40.39,-33.06,False
1318,42.63,149.85,-0.65,2.0,101.58,-9.48,-57.85,-78.86,True
1319,42.94,142.96,-0.42,2.0,100.44,-7.35,-34.35,-17.19,False
1320,42.65,149.49,-0.64,2.0,101.52,-9.36,-56.61,-75.61,True
1321,43.03,140.8,-0.35,2.0,100.09,-6.69,-26.99,2.12,False
1322,42.86,144.64,-0.48,2.0,100.72,-7.87,-40.07,-32.2,False
1323,42.94,142.84,-0.42,2.0,100.42,-7.32,-33.93,-16.09,False
1324,43.24,136.01,-0.19,2.0,99.3,-5.22,-10.64,45.01,False
1325,42.67,149.02,-0.62,2.0,101.44,-9.22,-55.03,-71.46,True
1326,42.59,150.89,-0.68,2.0,101.75,-9.79,-61.38,-88.14,True
1327,43.2,137.06,-0.23,2.0,99.47,-5.54,-14.24,35.57,False
1328,42.84,145.22,-0.5,2.0,100.81,-8.05,-42.06,-37.44,False
1329,43.2,137.06,-0.23,2.0,99.47,-5.54,-14.24,35.57,False
1330,43.18,137.56,-0.24,2.0,99.55,-5.69,-15.93,31.12,False
1331,43.08,139.76,-0.32,2.0,99.91,-6.37,-23.43,11.45,False
1332,42.76,146.91,-0.55,2.0,101.09,-8.57,-47.82,-52.54,False
1333,42.65,149.51,-0.64,2.0,101.52,-9.37,-56.69,-75.83,True
1334,42.98,142.05,-0.39,2.0,100.29,-7.07,-31.24,-9.06,False
1335,42.49,153.26,-0.76,2.0,102.14,-10.52,-69.47,-109.35,True
1336,42.61,150.35,-0.67,2.0,101.66,-9.63,-59.54,-83.29,True
1337,43.21,136.85,-0.22,2.0,99.43,-5.47,-13.5,37.51,False
1338,42.88,144.19,-0.46,2.0,100.64,-7.73,-38.53,-28.19,False
1339,42.53,152.14,-0.72,2.0,101.96,-10.18,-65.65,-99.35,True
1340,42.46,153.93,-0.78,2.0,102.25,-10.73,-71.76,-115.38,True
1341,43.15,138.16,-0.26,2.0,99.65,-5.88,-17.99,25.73,False
1342,43.0,141.55,-0.38,2.0,100.21,-6.92,-29.55,-4.61,False
1343,42.46,153.82,-0.78,2.0,102.23,-10.7,-71.4,-114.43,True
1344,43.31,134.58,-0.15,2.0,99.06,-4.78,-5.78,57.75,False
1345,43.22,136.5,-0.21,2.0,99.38,-5.37,-12.31,40.63,False
1346,43.25,135.79,-0.19,2.0,99.26,-5.15,-9.89,46.97,False
1347,43.29,134.97,-0.16,2.0,99.13,-4.9,-7.11,54.28,False
1348,43.22,136.5,-0.21,2.0,99.38,-5.37,-12.31,40.63,False
1349,42.89,144.1,-0.46,2.0,100.63,-7.71,-38.25,-27.44,False
1350,42.49,153.19,-0.76,2.0,102.13,-10.5,-69.25,-108.77,True
1351,42.86,144.66,-0.48,2.0,100.72,-7.88,-40.15,-32.41,False
1352,42.91,143.65,-0.44,2.0,100.56,-7.57,-36.69,-23.35,False
1353,42.59,150.97,-0.69,2.0,101.76,-9.82,-61.66,-88.86,True
1354,42.94,142.93,-0.42,2.0,100.44,-7.35,-34.25,-16.95,False
1355,42.52,152.57,-0.74,2.0,102.03,-10.31,-67.13,-103.22,False
1356,42.97,142.14,-0.39,2.0,100.31,-7.1,-31.56,-9.89,False
1357,42.75,147.21,-0.56,2.0,101.14,-8.66,-48.83,-55.21,False
1358,42.82,145.62,-0.51,2.0,100.88,-8.17,-43.43,-41.04,False
1359,42.92,143.38,-0.44,2.0,100.51,-7.49,-35.79,-20.99,False
1360,42.9,143.73,-0.45,2.0,100.57,-7.59,-36.98,-24.1,False
1361,43.3,134.74,-0.15,2.0,99.09,-4.83,-6.31,56.37,False
1362,42.52,152.48,-0.74,2.0,102.01,-10.28,-66.82,-102.4,False
1363,43.02,140.99,-0.36,2.0,100.12,-6.75,-27.62,0.45,False
1364,43.25,135.9,-0.19,2.0,99.28,-5.18,-10.29,45.94,False
1365,43.28,135.2,-0.17,2.0,99.16,-4.97,-7.89,52.24,False
1366,43.16,137.96,-0.26,2.0,99.62,-5.82,-17.3,27.54,False
1367,42.83,145.42,-0.5,2.0,100.85,-8.11,-42.74,-39.22,False
1368,42.95,142.74,-0.41,2.0,100.41,-7.29,-33.6,-15.22,False
1369,42.49,153.17,-0.76,2.0,102.13,-10.5,-69.18,-108.61,True
1370,43.14,138.37,-0.27,2.0,99.68,-5.94,-18.68,23.9,False
1371,42.64,149.74,-0.65,2.0,101.56,-9.44,-57.48,-77.91,True
1372,43.11,139.12,-0.3,2.0,99.81,-6.17,-21.25,17.17,False
1373,42.93,143.21,-0.43,2.0,100.48,-7.43,-35.21,-19.46,False
1374,42.75,147.13,-0.56,2.0,101.13,-8.64,-48.57,-54.51,False
1375,42.79,146.26,-0.53,2.0,100.99,-8.37,-45.61,-46.76,False
1376,43.15,138.21,-0.27,2.0,99.66,-5.89,-18.16,25.29,False
1377,42.76,147.1,-0.56,2.0,101.13,-8.63,-48.48,-54.28,False
1378,42.58,151.1,-0.69,2.0,101.78,-9.86,-62.1,-90.03,False
1379,42.76,146.95,-0.55,2.0,101.1,-8.58,-47.96,-52.92,False
1380,42.78,146.48,-0.54,2.0,101.02,-8.44,-46.36,-48.72,False
1381,43.03,140.9,-0.35,2.0,100.1,-6.72,-27.32,1.24,False
1382,42.95,142.69,-0.41,2.0,100.4,-7.27,-33.42,-14.76,False
1383,42.84,145.21,-0.5,2.0,100.81,-8.05,-42.03,-37.35,False
1384,42.93,143.07,-0.43,2.0,100.46,-7.39,-34.73,-18.21,False
1385,43.24,136.12,-0.2,2.0,99.31,-5.25,-11.02,44.01,False
1386,42.83,145.49,-0.51,2.0,100.86,-8.13,-42.99,-39.87,False
1387,42.62,150.1,-0.66,2.0,101.62,-9.55,-58.7,-81.11,True
1388,42.79,146.37,-0.53,2.0,101.0,-8.41,-45.99,-47.74,False
1389,42.91,143.68,-0.45,2.0,100.56,-7.58,-36.82,-23.69,False
1390,43.16,137.81,-0.25,2.0,99.59,-5.77,-16.79,28.88,False
1391,42.63,150.04,-0.66,2.0,101.61,-9.53,-58.5,-80.58,True
1392,43.29,134.93,-0.16,2.0,99.12,-4.88,-6.96,54.66,False
1393,42.55,151.75,-0.71,2.0,101.89,-10.06,-64.32,-95.85,True
1394,42.59,150.8,-0.68,2.0,101.74,-9.77,-61.1,-87.4,True
1395,42.49,153.11,-0.76,2.0,102.11,-10.48,-68.95,-108.0,True
1396,43.19,137.31,-0.24,2.0,99.51,-5.62,-15.1,33.32,False
1397,42.64,149.7,-0.64,2.0,101.55,-9.43,-57.34,-77.53,True
1398,42.76,146.9,-0.55,2.0,101.09,-8.57,-47.79,-52.47,False
1399,43.28,135.1,-0.16,2.0,99.15,-4.94,-7.55,53.13,False
1400,42.95,142.79,-0.42,2.0,100.41,-7.3,-33.76,-15.65,False
1401,42.84,145.11,-0.49,2.0,100.8,-8.02,-41.69,-36.47,False
1402,42.53,152.17,-0.73,2.0,101.96,-10.19,-65.75,-99.6,True
1403,43.26,135.68,-0.18,2.0,99.24,-5.11,-9.51,47.97,False
1404,43.16,137.88,-0.25,2.0,99.61,-5.79,-17.03,28.23,False
1405,43.31,134.53,-0.14,2.0,99.05,-4.76,-5.6,58.22,False
1406,42.65,149.57,-0.64,2.0,101.53,-9.39,-56.88,-76.32,True
1407,43.04,140.54,-0.34,2.0,100.04,-6.61,-26.09,4.46,False
1408,42.58,151.2,-0.69,2.0,101.8,-9.89,-62.45,-90.95,False
1409,43.27,135.5,-0.18,2.0,99.21,-5.06,-8.9,49.59,False
1410,42.72,147.83,-0.58,2.0,101.24,-8.85,-50.96,-60.79,False
1411,42.47,153.53,-0.77,2.0,102.18,-10.61,-70.39,-111.77,True
1412,42.65,149.5,-0.64,2.0,101.52,-9.37,-56.65,-75.72,True
1413,42.47,153.59,-0.77,2.0,102.19,-10.62,-70.59,-112.29,True
1414,42.75,147.16,-0.56,2.0,101.13,-8.65,-48.68,-54.82,False
1415,42.49,153.25,-0.76,2.0,102.14,-10.52,-69.44,-109.28,True
1416,42.46,153.73,-0.78,2.0,102.22,-10.67,-71.07,-113.55,True
1417,42.91,143.66,-0.44,2.0,100.56,-7.57,-36.75,-23.51,False
1418,42.98,142.03,-0.39,2.0,100.29,-7.07,-31.16,-8.84,False
1419,43.29,134.98,-0.16,2.0,99.13,-4.9,-7.15,54.18,False
1420,43.11,139.0,-0.29,2.0,99.79,-6.14,-20.83,18.27,False
1421,43.01,141.29,-0.37,2.0,100.17,-6.84,-28.67,-2.29,False
1422,43.21,136.76,-0.22,2.0,99.42,-5.45,-13.21,38.28,False
1423,42.58,151.09,-0.69,2.0,101.78,-9.86,-62.09,-90.0,False
1424,42.87,144.59,-0.48,2.0,100.71,-7.86,-39.91,-31.79,False
1425,43.07,139.91,-0.32,2.0,99.94,-6.42,-23.94,10.11,False
1426,42.54,151.94,-0.72,2.0,101.92,-10.12,-64.96,-97.53,True
1427,42.54,152.01,-0.72,2.0,101.93,-10.14,-65.2,-98.17,True
1428,43.29,135.04,-0.16,2.0,99.14,-4.92,-7.36,53.63,False
1429,42.6,150.67,-0.68,2.0,101.71,-9.73,-60.63,-86.16,True
1430,42.64,149.72,-0.64,2.0,101.56,-9.43,-57.39,-77.67,True
1431,42.99,141.71,-0.38,2.0,100.24,-6.97,-30.08,-6.0,False
1432,42.77,146.73,-0.55,2.0,101.06,-8.52,-47.21,-50.95,False
1433,42.47,153.63,-0.77,2.0,102.2,-10.64,-70.74,-112.7,True
1434,42.46,153.91,-0.78,2.0,102.25,-10.72,-71.69,-115.18,True
1435,42.79,146.42,-0.54,2.0,101.01,-8.42,-46.15,-48.18,False
1436,42.77,146.72,-0.55,2.0,101.06,-8.51,-47.18,-50.87,False
1437,43.21,136.78,-0.22,2.0,99.42,-5.45,-13.26,38.13,False
1438,43.18,137.36,-0.24,2.0,99.52,-5.63,-15.27,32.86,False
1439,42.7,148.47,-0.6,2.0,101.35,-9.05,-53.14,-66.51,False
1440,42.89,144.03,-0.46,2.0,100.62,-7.68,-37.99,-26.76,False
1441,43.18,137.48,-0.24,2.0,99.54,-5.67,-15.67,31.8,False
1442,43.2,137.1,-0.23,2.0,99.48,-5.55,-14.36,35.26,False
1443,43.15,138.23,-0.27,2.0,99.66,-5.9,-18.22,25.12,False
1444,42.49,153.14,-0.76,2.0,102.12,-10.49,-69.06,-108.28,True
1445,43.27,135.47,-0.17,2.0,99.21,-5.05,-8.81,49.82,False
1446,42.7,148.26,-0.6,2.0,101.32,-8.99,-52.42,-64.62,False
1447,42.61,150.3,-0.66,2.0,101.65,-9.62,-59.4,-82.93,True
1448,42.47,153.62,-0.77,2.0,102.2,-10.63,-70.69,-112.56,True
1449,42.49,153.04,-0.75,2.0,102.1,-10.46,-68.72,-107.38,True
1450,43.1,139.34,-0.3,2.0,99.85,-6.24,-22.0,15.19,False
1451,43.29,134.97,-0.16,2.0,99.12,-4.9,-7.09,54.33,False
1452,42.59,150.94,-0.68,2.0,101.76,-9.81,-61.58,-88.65,True
1453,42.89,144.13,-0.46,2.0,100.64,-7.72,-38.35,-27.7,False
1454,42.96,142.51,-0.41,2.0,100.37,-7.22,-32.83,-13.21,False
1455,42.54,151.99,-0.72,2.0,101.93,-10.13,-65.14,-98.0,True
1456,43.14,138.34,-0.27,2.0,99.68,-5.93,-18.59,24.14,False
1457,42.51,152.6,-0.74,2.0,102.03,-10.32,-67.22,-103.45,False
1458,42.66,149.29,-0.63,2.0,101.48,-9.3,-55.93,-73.82,True
1459,43.18,137.43,-0.24,2.0,99.53,-5.65,-15.48,32.31,False
1460,42.63,149.99,-0.65,2.0,101.6,-9.52,-58.32,-80.1,True
1461,42.95,142.74,-0.41,2.0,100.41,-7.29,-33.62,-15.28,False
1462,42.66,149.22,-0.63,2.0,101.47,-9.28,-55.69,-73.2,True
1463,42.75,147.27,-0.56,2.0,101.15,-8.68,-49.06,-55.8,False
1464,42.87,144.49,-0.47,2.0,100.69,-7.83,-39.58,-30.92,False
1465,42.81,145.8,-0.52,2.0,100.91,-8.23,-44.02,-42.58,False
1466,42.71,148.17,-0.59,2.0,101.3,-8.96,-52.13,-63.86,False
1467,42.81,145.87,-0.52,2.0,100.92,-8.25,-44.29,-43.28,False
1468,42.93,143.18,-0.43,2.0,100.48,-7.42,-35.09,-19.13,False
1469,43.02,141.14,-0.36,2.0,100.14,-6.8,-28.15,-0.93,False
1470,42.84,145.23,-0.5,2.0,100.82,-8.05,-42.09,-37.51,False
1471,43.27,135.32,-0.17,2.0,99.18,-5.0,-8.29,51.18,False
1472,43.26,135.58,-0.18,2.0,99.23,-5.08,-9.18,48.83,False
1473,43.04,140.71,-0.35,2.0,100.07,-6.66,-26.69,2.9,False
1474,42.63,149.99,-0.65,2.0,101.6,-9.52,-58.32,-80.11,True
1475,43.18,137.55,-0.24,2.0,99.55,-5.69,-15.91,31.17,False
1476,42.78,146.47,-0.54,2.0,101.02,-8.43,-46.31,-48.58,False
1477,43.12,138.81,-0.28,2.0,99.76,-6.08,-20.2,19.93,False
1478,43.22,136.49,-0.21,2.0,99.38,-5.37,-12.3,40.65,False
1479,42.46,153.84,-0.78,2.0,102.24,-10.7,-71.46,-114.58,True
1480,43.14,138.44,-0.27,2.0,99.7,-5.97,-18.95,23.21,False
1481,42.77,146.88,-0.55,2.0,101.09,-8.56,-47.71,-52.27,False
1482,42.58,151.08,-0.69,2.0,101.78,-9.85,-62.03,-89.85,False
1483,43.21,136.72,-0.22,2.0,99.41,-5.43,-13.06,38.66,False
1484,43.3,134.69,-0.15,2.0,99.08,-4.81,-6.15,56.81,False
1485,43.27,135.33,-0.17,2.0,99.18,-5.01,-8.33,51.06,False
1486,42.88,144.23,-0.46,2.0,100.65,-7.75,-38.69,-28.6,False
1487,42.68,148.73,-0.61,2.0,101.39,-9.13,-54.02,-68.82,False
1488,43.06,140.06,-0.33,2.0,99.96,-6.46,-24.47,8.71,False
1489,42.57,151.39,-0.7,2.0,101.83,-9.95,-63.09,-92.63,False
1490,42.69,148.63,-0.61,2.0,101.38,-9.1,-53.67,-67.9,False
1491,42.5,152.95,-0.75,2.0,102.09,-10.43,-68.42,-106.61,True
1492,42.46,153.74,-0.78,2.0,102.22,-10.67,-71.12,-113.69,True
1493,42.78,146.49,-0.54,2.0,101.02,-8.44,-46.4,-48.82,False
1494,42.55,151.75,-0.71,2.0,101.89,-10.06,-64.34,-95.91,True
1495,43.09,139.41,-0.3,2.0,99.86,-6.26,-22.26,14.53,False
1496,42.51,152.64,-0.74,2.0,102.04,-10.33,-67.36,-103.82,False
1497,43.27,135.48,-0.18,2.0,99.21,-5.05,-8.86,49.7,False
1498,42.77,146.75,-0.55,2.0,101.07,-8.52,-47.27,-51.1,False
1499,42.86,144.65,-0.48,2.0,100.72,-7.88,-40.13,-32.36,False
1500,42.56,151.53,-0.7,2.0,101.86,-9.99,-63.58,-93.91,False
1501,43.09,139.42,-0.31,2.0,99.86,-6.27,-22.28,14.46,False
1502,42.84,145.2,-0.5,2.0,100.81,-8.04,-41.98,-37.22,False
1503,42.88,144.3,-0.47,2.0,100.66,-7.77,-38.9,-29.16,False
1504,42.76,147.0,-0.55,2.0,101.11,-8.6,-48.12,-53.33,False
1505,42.47,153.67,-0.77,2.0,102.21,-10.65,-70.87,-113.02,True
1506,42.87,144.44,-0.47,2.0,100.69,-7.81,-39.41,-30.47,False
1507,43.0,141.56,-0.38,2.0,100.21,-6.92,-29.57,-4.66,False
1508,42.46,153.77,-0.78,2.0,102.22,-10.68,-71.2,-113.91,True
1509,43.11,139.1,-0.29,2.0,99.81,-6.17,-21.19,17.32,False
1510,42.54,152.06,-0.72,2.0,101.94,-10.16,-65.39,-98.65,True
1511,42.94,143.01,-0.42,2.0,100.45,-7.37,-34.51,-17.63,False
1512,42.7,148.36,-0.6,2.0,101.33,-9.02,-52.78,-65.56,False
1513,43.3,134.69,-0.15,2.0,99.08,-4.81,-6.15,56.79,False
1514,42.92,143.26,-0.43,2.0,100.49,-7.45,-35.36,-19.86,False
1515,42.83,145.52,-0.51,2.0,100.86,-8.14,-43.08,-40.12,False
1516,43.09,139.55,-0.31,2.0,99.88,-6.31,-22.72,13.3,False
1517,42.94,142.89,-0.42,2.0,100.43,-7.33,-34.13,-16.62,False
1518,43.03,140.76,-0.35,2.0,100.08,-6.68,-26.84,2.49,False
1519,42.96,142.46,-0.41,2.0,100.36,-7.2,-32.65,-12.75,False
1520,42.48,153.29,-0.76,2.0,102.15,-10.53,-69.59,-109.68,True
1521,43.25,135.84,-0.19,2.0,99.27,-5.16,-10.06,46.53,False
1522,42.83,145.48,-0.5,2.0,100.86,-8.13,-42.96,-39.8,False
1523,42.51,152.61,-0.74,2.0,102.03,-10.32,-67.26,-103.57,False
1524,42.5,152.87,-0.75,2.0,102.08,-10.4,-68.14,-105.87,True
1525,43.26,135.65,-0.18,2.0,99.24,-5.11,-9.44,48.17,False
1526,42.94,142.93,-0.42,2.0,100.44,-7.35,-34.26,-16.98,False
1527,42.86,144.8,-0.48,2.0,100.75,-7.92,-40.64,-33.71,False
1528,42.7,148.34,-0.6,2.0,101.33,-9.01,-52.69,-65.33,False
1529,43.21,136.76,-0.22,2.0,99.42,-5.45,-13.2,38.3,False
1530,43.16,137.92,-0.26,2.0,99.61,-5.81,-17.17,27.88,False
1531,42.99,141.71,-0.38,2.0,100.24,-6.97,-30.1,-6.05,False
1532,42.92,143.25,-0.43,2.0,100.49,-7.44,-35.33,-19.79,False
1533,43.2,136.97,-0.22,2.0,99.45,-5.51,-13.92,36.41,False
1534,43.27,135.38,-0.17,2.0,99.19,-5.02,-8.5,50.64,False
1535,42.88,144.19,-0.46,2.0,100.65,-7.73,-38.55,-28.22,False
1536,42.74,147.43,-0.57,2.0,101.18,-8.73,-49.6,-57.22,False
1537,42.85,144.95,-0.49,2.0,100.77,-7.97,-41.14,-35.02,False
1538,43.09,139.48,-0.31,2.0,99.87,-6.28,-22.48,13.94,False
1539,42.66,149.25,-0.63,2.0,101.48,-9.29,-55.79,-73.47,True
1540,42.88,144.39,-0.47,2.0,100.68,-7.79,-39.21,-29.96,False
1541,43.19,137.25,-0.23,2.0,99.5,-5.6,-14.88,33.88,False
1542,42.71,148.22,-0.6,2.0,101.31,-8.97,-52.28,-64.24,False
1543,42.58,151.03,-0.69,2.0,101.77,-9.84,-61.86,-89.39,True
1544,42.57,151.35,-0.7,2.0,101.83,-9.94,-62.98,-92.32,False
1545,42.76,147.07,-0.56,2.0,101.12,-8.62,-48.38,-54.01,False
1546,42.81,145.84,-0.52,2.0,100.92,-8.24,-44.16,-42.95,False
1547,42.57,151.32,-0.7,2.0,101.82,-9.93,-62.85,-91.98,False
1548,42.68,148.73,-0.61,2.0,101.39,-9.13,-54.02,-68.83,False
1549,42.85,145.05,-0.49,2.0,100.79,-8.0,-41.48,-35.92,False
1550,42.75,147.27,-0.56,2.0,101.15,-8.68,-49.04,-55.76,False
1551,43.0,141.63,-0.38,2.0,100.22,-6.95,-29.83,-5.34,False
1552,42.84,145.28,-0.5,2.0,100.82,-8.07,-42.26,-37.96,False
1553,42.88,144.32,-0.47,2.0,100.67,-7.77,-38.97,-29.34,False
1554,42.89,144.13,-0.46,2.0,100.63,-7.71,-38.34,-27.67,False
1555,43.06,140.24,-0.33,2.0,99.99,-6.52,-25.07,7.14,False
1556,43.12,138.77,-0.28,2.0,99.75,-6.06,-20.05,20.32,False
1557,42.82,145.67,-0.51,2.0,100.89,-8.19,-43.59,-41.46,False
1558,42.59,150.89,-0.68,2.0,101.75,-9.8,-61.4,-88.17,True
1559,42.68,148.78,-0.61,2.0,101.4,-9.15,-54.2,-69.29,False
1560,42.78,146.46,-0.54,2.0,101.02,-8.43,-46.29,-48.54,False
1561,43.03,140.96,-0.36,2.0,100.11,-6.74,-27.52,0.72,False
1562,43.04,140.69,-0.35,2.0,100.07,-6.66,-26.61,3.1,False
1563,42.97,142.28,-0.4,2.0,100.33,-7.15,-32.04,-11.14,False
1564,43.07,139.89,-0.32,2.0,99.94,-6.41,-23.89,10.25,False
1565,42.53,152.34,-0.73,2.0,101.99,-10.24,-66.34,-101.16,False
1566,43.07,140.05,-0.33,2.0,99.96,-6.46,-24.42,8.86,False
1567,42.93,143.13,-0.43,2.0,100.47,-7.41,-34.93,-18.73,False
1568,43.04,140.54,-0.34,2.0,100.04,-6.61,-26.08,4.49,False
1569,42.82,145.61,-0.51,2.0,100.88,-8.17,-43.37,-40.88,False
1570,43.24,135.98,-0.19,2.0,99.29,-5.21,-10.54,45.29,False
1571,42.83,145.47,-0.5,2.0,100.86,-8.13,-42.9,-39.65,False
1572,43.05,140.37,-0.34,2.0,100.02,-6.56,-25.53,5.95,False
1573,43.08,139.69,-0.31,2.0,99.9,-6.35,-23.18,12.1,False
1574,43.16,137.99,-0.26,2.0,99.62,-5.83,-17.42,27.23,False
1575,43.07,140.02,-0.32,2.0,99.96,-6.45,-24.31,9.13,False
1576,43.05,140.38,-0.34,2.0,100.02,-6.56,-25.56,5.86,False
1577,43.02,141.05,-0.36,2.0,100.13,-6.77,-27.85,-0.15,False
1578,43.23,136.2,-0.2,2.0,99.33,-5.28,-11.3,43.28,False
1579,42.94,142.91,-0.42,2.0,100.43,-7.34,-34.19,-16.77,False
1580,42.95,142.75,-0.41,2.0,100.41,-7.29,-33.65,-15.36,False
1581,42.79,146.3,-0.53,2.0,100.99,-8.38,-45.75,-47.13,False
1582,42.88,144.21,-0.46,2.0,100.65,-7.74,-38.62,-28.41,False
1583,43.01,141.27,-0.37,2.0,100.16,-6.84,-28.58,-2.08,False
1584,42.82,145.56,-0.51,2.0,100.87,-8.16,-43.23,-40.49,False
1585,42.67,149.05,-0.62,2.0,101.45,-9.23,-55.13,-71.74,True
1586,43.25,135.85,-0.19,2.0,99.27,-5.17,-10.09,46.46,False
1587,42.83,145.51,-0.51,2.0,100.86,-8.14,-43.04,-40.01,False
1588,42.46,153.83,-0.78,2.0,102.23,-10.7,-71.42,-114.47,True
1589,43.07,139.92,-0.32,2.0,99.94,-6.42,-23.98,10.0,False
1590,43.16,137.89,-0.25,2.0,99.61,-5.79,-17.04,28.21,False
1591,43.0,141.63,-0.38,2.0,100.22,-6.95,-29.8,-5.28,False
1592,42.98,141.96,-0.39,2.0,100.28,-7.05,-30.94,-8.26,False
1593,42.66,149.38,-0.63,2.0,101.5,-9.33,-56.25,-74.68,True
1594,42.79,146.24,-0.53,2.0,100.98,-8.36,-45.54,-46.56,False
1595,42.54,152.02,-0.72,2.0,101.94,-10.14,-65.25,-98.3,True
1596,43.26,135.61,-0.18,2.0,99.23,-5.09,-9.27,48.6,False
1597,43.01,141.42,-0.37,2.0,100.19,-6.88,-29.11,-3.47,False
1598,42.8,146.1,-0.53,2.0,100.96,-8.32,-45.07,-45.32,False
1599,43.26,135.54,-0.18,2.0,99.22,-5.07,-9.06,49.17,False
1600,42.76,147.02,-0.56,2.0,101.11,-8.6,-48.18,-53.49,False
1601,43.01,141.38,-0.37,2.0,100.18,-6.87,-28.97,-3.09,False
1602,42.61,150.47,-0.67,2.0,101.68,-9.67,-59.98,-84.45,True
1603,43.07,139.91,-0.32,2.0,99.94,-6.42,-23.94,10.1,False
1604,42.97,142.26,-0.4,2.0,100.33,-7.14,-31.97,-10.95,False
1605,43.24,136.14,-0.2,2.0,99.32,-5.26,-11.08,43.85,False
1606,43.09,139.45,-0.31,2.0,99.86,-6.28,-22.39,14.18,False
1607,42.57,151.29,-0.7,2.0,101.82,-9.92,-62.77,-91.77,False
1608,43.03,140.9,-0.35,2.0,100.1,-6.72,-27.33,1.23,False
1609,43.28,135.1,-0.16,2.0,99.15,-4.94,-7.53,53.16,False
1610,42.73,147.67,-0.58,2.0,101.22,-8.81,-50.42,-59.38,False
1611,43.07,139.98,-0.32,2.0,99.95,-6.44,-24.2,9.44,False
1612,43.13,138.55,-0.28,2.0,99.72,-6.0,-19.32,22.23,False
1613,42.85,144.94,-0.49,2.0,100.77,-7.97,-41.12,-34.96,False
1614,43.02,141.12,-0.36,2.0,100.14,-6.79,-28.07,-0.73,False
1615,43.03,140.79,-0.35,2.0,100.09,-6.69,-26.96,2.18,False
1616,42.8,146.1,-0.53,2.0,100.96,-8.32,-45.06,-45.32,False
1617,42.75,147.16,-0.56,2.0,101.13,-8.65,-48.66,-54.76,False
1618,42.7,148.26,-0.6,2.0,101.32,-8.99,-52.44,-64.66,False
1619,42.59,150.79,-0.68,2.0,101.73,-9.76,-61.06,-87.29,True
1620,42.84,145.11,-0.49,2.0,100.8,-8.02,-41.68,-36.43,False
1621,42.56,151.53,-0.7,2.0,101.86,-9.99,-63.59,-93.93,False
1622,42.68,148.88,-0.62,2.0,101.42,-9.18,-54.53,-70.15,True
1623,43.01,141.41,-0.37,2.0,100.19,-6.88,-29.07,-3.34,False
1624,42.57,151.41,-0.7,2.0,101.83,-9.95,-63.15,-92.79,False
1625,43.2,136.88,-0.22,2.0,99.44,-5.48,-13.62,37.19,False
1626,42.99,141.88,-0.39,2.0,100.26,-7.02,-30.66,-7.52,False
1627,42.84,145.12,-0.49,2.0,100.8,-8.02,-41.72,-36.54,False
1628,42.73,147.65,-0.58,2.0,101.22,-8.8,-50.36,-59.2,False
1629,43.14,138.28,-0.27,2.0,99.67,-5.91,-18.38,24.69,False
1630,42.57,151.24,-0.69,2.0,101.81,-9.9,-62.58,-91.27,False
1631,43.27,135.34,-0.17,2.0,99.19,-5.01,-8.37,50.97,False
1632,42.67,149.0,-0.62,2.0,101.44,-9.21,-54.94,-71.23,True
1633,43.2,137.09,-0.23,2.0,99.47,-5.55,-14.33,35.32,False
1634,43.26,135.61,-0.18,2.0,99.23,-5.09,-9.27,48.61,False
1635,42.83,145.41,-0.5,2.0,100.85,-8.11,-42.69,-39.09,False
1636,42.99,141.85,-0.39,2.0,100.26,-7.01,-30.56,-7.27,False
1637,42.46,153.78,-0.78,2.0,102.22,-10.68,-71.23,-113.99,True
1638,42.61,150.49,-0.67,2.0,101.68,-9.67,-60.02,-84.56,True
1639,43.3,134.72,-0.15,2.0,99.08,-4.82,-6.25,56.53,False
1640,42.53,152.14,-0.72,2.0,101.95,-10.18,-65.65,-99.33,True
1641,43.28,135.26,-0.17,2.0,99.17,-4.99,-8.1,51.67,False
1642,43.25,135.78,-0.19,2.0,99.26,-5.15,-9.86,47.05,False
1643,42.75,147.28,-0.56,2.0,101.15,-8.69,-49.1,-55.9,False
1644,42.75,147.31,-0.57,2.0,101.16,-8.69,-49.17,-56.1,False
1645,43.2,137.09,-0.23,2.0,99.48,-5.55,-14.35,35.28,False
1646,43.1,139.27,-0.3,2.0,99.83,-6.22,-21.77,15.8,False
1647,43.19,137.16,-0.23,2.0,99.49,-5.57,-14.58,34.68,False
1648,43.17,137.78,-0.25,2.0,99.59,-5.76,-16.69,29.13,False
1649,42.83,145.45,-0.5,2.0,100.85,-8.12,-42.84,-39.48,False
1650,43.07,139.92,-0.32,2.0,99.94,-6.42,-23.98,10.01,False
1651,42.62,150.24,-0.66,2.0,101.64,-9.6,-59.19,-82.38,True
1652,42.51,152.77,-0.75,2.0,102.06,-10.37,-67.81,-104.99,False
1653,42.96,142.56,-0.41,2.0,100.38,-7.23,-33.0,-13.67,False
1654,43.12,138.74,-0.28,2.0,99.75,-6.06,-19.97,20.54,False
1655,42.97,142.29,-0.4,2.0,100.33,-7.15,-32.08,-11.24,False
1656,42.57,151.34,-0.7,2.0,101.82,-9.93,-62.93,-92.2,False
1657,42.54,151.93,-0.72,2.0,101.92,-10.12,-64.94,-97.48,True
1658,42.63,149.99,-0.65,2.0,101.6,-9.52,-58.31,-80.07,True
1659,42.92,143.33,-0.43,2.0,100.5,-7.47,-35.6,-20.49,False
1660,43.09,139.42,-0.31,2.0,99.86,-6.27,-22.28,14.46,False
1661,42.66,149.21,-0.63,2.0,101.47,-9.28,-55.66,-73.12,True
1662,42.75,147.12,-0.56,2.0,101.13,-8.64,-48.55,-54.47,False
1663,42.66,149.2,-0.63,2.0,101.47,-9.27,-55.62,-73.03,True
1664,43.25,135.92,-0.19,2.0,99.28,-5.19,-10.36,45.76,False
1665,43.01,141.23,-0.36,2.0,100.16,-6.82,-28.46,-1.74,False
1666,42.76,147.06,-0.56,2.0,101.12,-8.62,-48.34,-53.93,False
1667,42.74,147.35,-0.57,2.0,101.17,-8.71,-49.34,-56.53,False
1668,42.79,146.22,-0.53,2.0,100.98,-8.36,-45.46,-46.36,False
1669,43.11,139.03,-0.29,2.0,99.79,-6.15,-20.94,17.99,False
1670,43.17,137.68,-0.25,2.0,99.57,-5.73,-16.33,30.07,False
1671,42.56,151.49,-0.7,2.0,101.85,-9.98,-63.43,-93.52,False
1672,42.84,145.27,-0.5,2.0,100.82,-8.07,-42.24,-37.9,False
1673,43.27,135.49,-0.18,2.0,99.21,-5.06,-8.87,49.65,False
1674,43.19,137.11,-0.23,2.0,99.48,-5.56,-14.41,35.11,False
1675,43.31,134.55,-0.14,2.0,99.06,-4.77,-5.66,58.08,False
1676,42.6,150.6,-0.67,2.0,101.7,-9.71,-60.41,-85.59,False
1677,42.6,150.55,-0.67,2.0,101.69,-9.69,-60.24,-85.15,False
1678,42.89,144.09,-0.46,2.0,100.63,-7.7,-38.21,-27.33,False
1679,43.2,136.99,-0.22,2.0,99.46,-5.52,-13.98,36.26,False
1680,43.27,135.48,-0.18,2.0,99.21,-5.05,-8.84,49.74,False
1681,42.6,150.73,-0.68,2.0,101.72,-9.74,-60.83,-86.7,True
1682,42.91,143.49,-0.44,2.0,100.53,-7.52,-36.17,-21.99,False
1683,43.18,137.38,-0.24,2.0,99.52,-5.64,-15.32,32.74,False
1684,43.25,135.93,-0.19,2.0,99.28,-5.19,-10.38,45.69,False
1685,42.93,143.05,-0.42,2.0,100.46,-7.38,-34.67,-18.04,False
1686,43.14,138.33,-0.27,2.0,99.68,-5.93,-18.56,24.23,False
1687,43.3,134.8,-0.15,2.0,99.1,-4.85,-6.54,55.78,False
1688,43.09,139.55,-0.31,2.0,99.88,-6.31,-22.72,13.3,False
1689,43.18,137.53,-0.24,2.0,99.55,-5.69,-15.85,31.35,False
1690,43.07,139.95,-0.32,2.0,99.95,-6.43,-24.1,9.69,False
1691,42.83,145.47,-0.5,2.0,100.86,-8.13,-42.91,-39.67,False
1692,42.62,150.23,-0.66,2.0,101.64,-9.59,-59.13,-82.23,True
1693,43.05,140.3,-0.33,2.0,100.0,-6.54,-25.29,6.56,False
1694,43.19,137.12,-0.23,2.0,99.48,-5.56,-14.45,35.02,False
1695,42.48,153.47,-0.77,2.0,102.17,-10.59,-70.18,-111.23,True
1696,42.51,152.62,-0.74,2.0,102.03,-10.33,-67.29,-103.65,False
1697,42.89,144.03,-0.46,2.0,100.62,-7.69,-38.01,-26.8,False
1698,42.94,142.95,-0.42,2.0,100.44,-7.35,-34.33,-17.15,False
1699,43.3,134.75,-0.15,2.0,99.09,-4.83,-6.35,56.28,False
1700,42.49,153.06,-0.75,2.0,102.11,-10.46,-68.8,-107.61,True
1701,42.71,148.11,-0.59,2.0,101.29,-8.94,-51.9,-63.26,False
1702,42.78,146.65,-0.54,2.0,101.05,-8.49,-46.93,-50.22,False
1703,43.24,136.15,-0.2,2.0,99.32,-5.26,-11.14,43.7,False
1704,43.24,136.1,-0.2,2.0,99.31,-5.24,-10.96,44.18,False
1705,43.11,139.13,-0.3,2.0,99.81,-6.18,-21.3,17.05,False
1706,43.14,138.27,-0.27,2.0,99.67,-5.91,-18.35,24.78,False
1707,42.81,145.96,-0.52,2.0,100.94,-8.28,-44.59,-44.08,False
1708,42.78,146.48,-0.54,2.0,101.02,-8.44,-46.37,-48.74,False
1709,43.01,141.4,-0.37,2.0,100.19,-6.88,-29.03,-3.25,False
1710,42.53,152.19,-0.73,2.0,101.96,-10.19,-65.82,-99.78,True
1711,42.92,143.32,-0.43,2.0,100.5,-7.47,-35.57,-20.4,False
1712,43.27,135.5,-0.18,2.0,99.21,-5.06,-8.89,49.59,False
1713,43.25,135.78,-0.18,2.0,99.26,-5.15,-9.86,47.06,False
1714,42.76,147.0,-0.55,2.0,101.11,-8.6,-48.11,-53.32,False
1715,43.15,138.1,-0.26,2.0,99.64,-5.86,-17.79,26.26,False
1716,42.66,149.24,-0.63,2.0,101.48,-9.29,-55.78,-73.45,True
1717,42.53,152.19,-0.73,2.0,101.96,-10.19,-65.82,-99.78,True
1718,42.69,148.54,-0.61,2.0,101.36,-9.07,-53.37,-67.1,False
1719,42.86,144.71,-0.48,2.0,100.73,-7.89,-40.3,-32.83,False
1720,42.49,153.13,-0.76,2.0,102.12,-10.49,-69.04,-108.23,True
1721,43.14,138.31,-0.27,2.0,99.68,-5.93,-18.5,24.38,False
1722,42.46,153.75,-0.78,2.0,102.22,-10.68,-71.15,-113.76,True
1723,42.96,142.4,-0.4,2.0,100.35,-7.18,-32.43,-12.15,False
1724,42.82,145.58,-0.51,2.0,100.87,-8.16,-43.28,-40.64,False
1725,43.07,140.03,-0.33,2.0,99.96,-6.45,-24.35,9.04,False
1726,43.22,136.43,-0.21,2.0,99.37,-5.35,-12.1,41.19,False
1727,42.76,146.96,-0.55,2.0,101.1,-8.59,-47.98,-52.97,False
1728,42.57,151.29,-0.7,2.0,101.81,-9.92,-62.74,-91.71,False
1729,42.5,152.93,-0.75,2.0,102.08,-10.42,-68.34,-106.39,True
1730,43.13,138.47,-0.27,2.0,99.7,-5.97,-19.05,22.95,False
1731,42.67,149.03,-0.62,2.0,101.44,-9.22,-55.04,-71.51,True
1732,42.74,147.55,-0.57,2.0,101.2,-8.77,-50.01,-58.3,False
1733,42.66,149.24,-0.63,2.0,101.48,-9.29,-55.78,-73.43,True
1734,43.24,135.98,-0.19,2.0,99.29,-5.21,-10.55,45.25,False
1735,42.77,146.79,-0.55,2.0,101.07,-8.53,-47.4,-51.45,False
1736,42.84,145.24,-0.5,2.0,100.82,-8.06,-42.12,-37.6,False
1737,42.84,145.22,-0.5,2.0,100.82,-8.05,-42.07,-37.46,False
1738,43.1,139.23,-0.3,2.0,99.83,-6.21,-21.62,16.21,False
1739,42.86,144.77,-0.48,2.0,100.74,-7.91,-40.52,-33.4,False
1740,43.0,141.52,-0.37,2.0,100.2,-6.91,-29.43,-4.28,False
1741,42.81,145.89,-0.52,2.0,100.93,-8.26,-44.34,-43.43,False
1742,42.76,146.92,-0.55,2.0,101.09,-8.57,-47.84,-52.6,False
1743,42.82,145.61,-0.51,2.0,100.88,-8.17,-43.37,-40.88,False
1744,42.6,150.54,-0.67,2.0,101.69,-9.69,-60.2,-85.03,False
1745,42.85,144.96,-0.49,2.0,100.77,-7.97,-41.19,-35.14,False
1746,42.86,144.74,-0.48,2.0,100.74,-7.9,-40.41,-33.11,False
1747,42.58,151.07,-0.69,2.0,101.78,-9.85,-62.01,-89.78,False
1748,42.67,149.05,-0.62,2.0,101.45,-9.23,-55.11,-71.68,True
1749,42.7,148.4,-0.6,2.0,101.34,-9.03,-52.92,-65.92,False
1750,42.66,149.21,-0.63,2.0,101.47,-9.28,-55.68,-73.17,True
1751,43.19,137.23,-0.23,2.0,99.5,-5.59,-14.81,34.08,False
1752,43.0,141.43,-0.37,2.0,100.19,-6.88,-29.13,-3.5,False
1753,42.5,153.0,-0.75,2.0,102.1,-10.44,-68.58,-107.02,True
1754,42.91,143.64,-0.44,2.0,100.55,-7.57,-36.68,-23.32,False
1755,42.97,142.18,-0.4,2.0,100.31,-7.12,-31.7,-10.25,False
1756,42.55,151.7,-0.71,2.0,101.88,-10.04,-64.16,-95.43,True
1757,43.14,138.45,-0.27,2.0,99.7,-5.97,-18.98,23.12,False
1758,42.68,148.8,-0.61,2.0,101.41,-9.15,-54.28,-69.5,False
1759,42.83,145.33,-0.5,2.0,100.83,-8.08,-42.42,-38.38,False
1760,42.94,142.98,-0.42,2.0,100.44,-7.36,-34.41,-17.36,False
1761,42.69,148.52,-0.61,2.0,101.36,-9.07,-53.32,-66.99,False
1762,42.66,149.31,-0.63,2.0,101.49,-9.31,-56.01,-74.05,True
1763,42.67,148.97,-0.62,2.0,101.43,-9.2,-54.84,-70.98,True
1764,43.31,134.55,-0.14,2.0,99.06,-4.77,-5.67,58.05,False
1765,42.93,143.15,-0.43,2.0,100.47,-7.41,-34.99,-18.88,False
1766,43.06,140.15,-0.33,2.0,99.98,-6.49,-24.77,7.93,False
1767,42.71,148.24,-0.6,2.0,101.31,-8.98,-52.34,-64.41,False
1768,42.74,147.35,-0.57,2.0,101.17,-8.71,-49.31,-56.46,False
1769,43.11,139.07,-0.29,2.0,99.8,-6.16,-21.09,17.6,False
1770,42.84,145.15,-0.49,2.0,100.8,-8.03,-41.83,-36.82,False
1771,42.53,152.21,-0.73,2.0,101.97,-10.2,-65.91,-100.01,True
1772,42.66,149.28,-0.63,2.0,101.48,-9.3,-55.92,-73.8,True
1773,42.73,147.58,-0.57,2.0,101.2,-8.78,-50.11,-58.57,False
1774,42.95,142.72,-0.41,2.0,100.4,-7.28,-33.52,-15.03,False
1775,42.63,149.88,-0.65,2.0,101.58,-9.49,-57.96,-79.16,True
1776,43.16,138.01,-0.26,2.0,99.63,-5.83,-17.48,27.07,False
1777,43.16,137.8,-0.25,2.0,99.59,-5.77,-16.77,28.94,False
1778,42.49,153.18,-0.76,2.0,102.13,-10.5,-69.2,-108.66,True
1779,42.97,142.27,-0.4,2.0,100.33,-7.14,-32.0,-11.03,False
1780,43.28,135.25,-0.17,2.0,99.17,-4.98,-8.04,51.82,False
1781,42.64,149.84,-0.65,2.0,101.58,-9.47,-57.8,-78.73,True
1782,42.85,145.06,-0.49,2.0,100.79,-8.0,-41.5,-35.97,False
1783,43.06,140.09,-0.33,2.0,99.97,-6.47,-24.55,8.5,False
1784,42.77,146.7,-0.55,2.0,101.06,-8.51,-47.12,-50.7,False
1785,43.2,136.94,-0.22,2.0,99.45,-5.5,-13.84,36.62,False
1786,42.56,151.63,-0.71,2.0,101.87,-10.02,-63.91,-94.78,True
1787,42.54,152.07,-0.72,2.0,101.94,-10.16,-65.43,-98.76,True
1788,42.73,147.74,-0.58,2.0,101.23,-8.83,-50.65,-59.98,False
1789,42.7,148.33,-0.6,2.0,101.33,-9.01,-52.67,-65.29,False
1790,42.57,151.4,-0.7,2.0,101.83,-9.95,-63.13,-92.71,False
1791,42.99,141.7,-0.38,2.0,100.23,-6.97,-30.06,-5.96,False
1792,43.02,141.18,-0.36,2.0,100.15,-6.81,-28.28,-1.28,False
1793,43.11,138.97,-0.29,2.0,99.78,-6.13,-20.73,18.53,False
1794,43.16,137.87,-0.25,2.0,99.6,-5.79,-16.98,28.36,False
1795,43.3,134.64,-0.15,2.0,99.07,-4.8,-5.99,57.22,False
1796,43.3,134.81,-0.15,2.0,99.1,-4.85,-6.56,55.71,False
1797,43.25,135.79,-0.19,2.0,99.26,-5.15,-9.9,46.96,False
1798,42.48,153.4,-0.77,2.0,102.16,-10.57,-69.94,-110.6,True
1799,43.16,137.81,-0.25,2.0,99.59,-5.77,-16.77,28.91,False
1800,42.83,145.5,-0.51,2.0,100.86,-8.14,-43.01,-39.92,False
1801,43.01,141.28,-0.37,2.0,100.17,-6.84,-28.63,-2.21,False
1802,43.27,135.48,-0.18,2.0,99.21,-5.05,-8.84,49.73,False
1803,42.65,149.42,-0.63,2.0,101.51,-9.34,-56.38,-75.0,True
1804,43.26,135.67,-0.18,2.0,99.24,-5.11,-9.51,47.99,False
1805,43.24,136.13,-0.2,2.0,99.32,-5.25,-11.06,43.9,False
1806,42.53,152.14,-0.72,2.0,101.95,-10.18,-65.64,-99.32,True
1807,43.1,139.26,-0.3,2.0,99.83,-6.22,-21.73,15.91,False
1808,43.02,141.2,-0.36,2.0,100.15,-6.81,-28.35,-1.46,False
1809,42.48,153.49,-0.77,2.0,102.18,-10.59,-70.24,-111.39,True
1810,43.19,137.19,-0.23,2.0,99.49,-5.58,-14.68,34.42,False
1811,43.26,135.59,-0.18,2.0,99.23,-5.09,-9.22,48.75,False
1812,43.28,135.23,-0.17,2.0,99.17,-4.98,-8.0,51.93,False
1813,43.06,140.14,-0.33,2.0,99.98,-6.49,-24.73,8.04,False
1814,43.06,140.16,-0.33,2.0,99.98,-6.49,-24.8,7.86,False
1815,42.56,151.54,-0.7,2.0,101.86,-10.0,-63.61,-93.98,False
1816,43.1,139.33,-0.3,2.0,99.84,-6.24,-21.95,15.32,False
1817,43.15,138.14,-0.26,2.0,99.65,-5.87,-17.9,25.97,False
1818,43.0,141.49,-0.37,2.0,100.2,-6.9,-29.33,-4.03,False
1819,42.72,147.82,-0.58,2.0,101.24,-8.85,-50.93,-60.7,False
1820,42.51,152.62,-0.74,2.0,102.03,-10.33,-67.3,-103.65,False
1821,42.99,141.66,-0.38,2.0,100.23,-6.95,-29.91,-5.56,False
1822,42.89,144.15,-0.46,2.0,100.64,-7.72,-38.4,-27.84,False
1823,42.88,144.37,-0.47,2.0,100.67,-7.79,-39.15,-29.8,False
1824,42.97,142.14,-0.39,2.0,100.31,-7.1,-31.54,-9.83,False
1825,42.87,144.43,-0.47,2.0,100.68,-7.81,-39.36,-30.36,False
1826,42.53,152.26,-0.73,2.0,101.98,-10.22,-66.08,-100.46,True
1827,42.57,151.36,-0.7,2.0,101.83,-9.94,-62.99,-92.36,False
1828,43.24,136.04,-0.19,2.0,99.3,-5.23,-10.77,44.68,False
1829,43.23,136.28,-0.2,2.0,99.34,-5.3,-11.57,42.57,False
1830,43.12,138.85,-0.29,2.0,99.77,-6.09,-20.35,19.53,False
1831,42.5,152.84,-0.75,2.0,102.07,-10.4,-68.05,-105.62,True
1832,42.51,152.69,-0.74,2.0,102.05,-10.35,-67.54,-104.3,True
1833,42.71,148.17,-0.59,2.0,101.3,-8.96,-52.11,-63.8,False
1834,43.01,141.31,-0.37,2.0,100.17,-6.85,-28.73,-2.47,False
1835,43.06,140.17,-0.33,2.0,99.98,-6.5,-24.84,7.75,False
1836,42.81,145.92,-0.52,2.0,100.93,-8.26,-44.43,-43.66,False
1837,43.05,140.38,-0.34,2.0,100.02,-6.56,-25.54,5.91,False
1838,43.08,139.76,-0.32,2.0,99.91,-6.37,-23.44,11.41,False
1839,42.97,142.27,-0.4,2.0,100.33,-7.14,-31.99,-11.02,False
1840,42.83,145.31,-0.5,2.0,100.83,-8.08,-42.37,-38.25,False
1841,43.29,134.88,-0.16,2.0,99.11,-4.87,-6.81,55.06,False
1842,42.95,142.6,-0.41,2.0,100.38,-7.24,-33.11,-13.95,False
1843,43.05,140.39,-0.34,2.0,100.02,-6.56,-25.57,5.83,False
1844,42.84,145.27,-0.5,2.0,100.82,-8.07,-42.23,-37.89,False
1845,43.05,140.47,-0.34,2.0,100.03,-6.59,-25.85,5.09,False
1846,42.89,144.1,-0.46,2.0,100.63,-7.71,-38.25,-27.44,False
1847,42.93,143.06,-0.43,2.0,100.46,-7.39,-34.7,-18.11,False
1848,42.86,144.81,-0.48,2.0,100.75,-7.92,-40.66,-33.77,False
1849,42.48,153.38,-0.77,2.0,102.16,-10.56,-69.89,-110.45,True
1850,42.55,151.72,-0.71,2.0,101.89,-10.05,-64.23,-95.61,True
1851,42.53,152.34,-0.73,2.0,101.99,-10.24,-66.33,-101.12,False
1852,42.88,144.26,-0.46,2.0,100.66,-7.76,-38.78,-28.83,False
1853,42.63,150.07,-0.66,2.0,101.61,-9.54,-58.58,-80.8,True
1854,42.65,149.5,-0.64,2.0,101.52,-9.37,-56.66,-75.75,True
1855,42.6,150.63,-0.67,2.0,101.71,-9.71,-60.49,-85.81,True
1856,42.93,143.04,-0.42,2.0,100.46,-7.38,-34.62,-17.92,False
1857,42.64,149.7,-0.64,2.0,101.55,-9.43,-57.33,-77.51,True
1858,42.97,142.12,-0.39,2.0,100.3,-7.1,-31.5,-9.72,False
1859,43.28,135.2,-0.17,2.0,99.16,-4.97,-7.9,52.21,False
1860,43.3,134.69,-0.15,2.0,99.08,-4.81,-6.16,56.77,False
1861,42.95,142.74,-0.41,2.0,100.41,-7.29,-33.6,-15.23,False
1862,43.09,139.4,-0.3,2.0,99.86,-6.26,-22.22,14.63,False
1863,42.59,150.91,-0.68,2.0,101.75,-9.8,-61.46,-88.34,True
1864,42.72,147.99,-0.59,2.0,101.27,-8.9,-51.49,-62.17,False
1865,43.23,136.24,-0.2,2.0,99.33,-5.29,-11.44,42.92,False
1866,42.83,145.44,-0.5,2.0,100.85,-8.12,-42.8,-39.38,False
1867,42.91,143.63,-0.44,2.0,100.55,-7.56,-36.65,-23.23,False
1868,42.47,153.6,-0.77,2.0,102.2,-10.63,-70.64,-112.43,True
1869,42.89,143.98,-0.46,2.0,100.61,-7.67,-37.82,-26.31,False
1870,42.59,150.89,-0.68,2.0,101.75,-9.79,-61.38,-88.14,True
1871,43.26,135.74,-0.18,2.0,99.25,-5.13,-9.73,47.41,False
1872,43.17,137.72,-0.25,2.0,99.58,-5.74,-16.47,29.71,False
1873,43.04,140.59,-0.34,2.0,100.05,-6.63,-26.28,3.98,False
1874,43.03,140.93,-0.35,2.0,100.11,-6.73,-27.44,0.93,False
1875,42.94,142.82,-0.42,2.0,100.42,-7.31,-33.89,-15.99,False
1876,42.47,153.58,-0.77,2.0,102.19,-10.62,-70.56,-112.23,True
1877,43.3,134.71,-0.15,2.0,99.08,-4.82,-6.22,56.61,False
1878,43.03,140.88,-0.35,2.0,100.1,-6.72,-27.27,1.37,False
1879,43.24,136.18,-0.2,2.0,99.33,-5.27,-11.25,43.42,False
1880,42.75,147.18,-0.56,2.0,101.14,-8.65,-48.74,-54.97,False
1881,43.01,141.41,-0.37,2.0,100.19,-6.88,-29.05,-3.3,False
1882,43.0,141.56,-0.38,2.0,100.21,-6.92,-29.58,-4.68,False
1883,43.1,139.18,-0.3,2.0,99.82,-6.19,-21.46,16.61,False
1884,43.15,138.22,-0.27,2.0,99.66,-5.9,-18.18,25.22,False
1885,42.91,143.7,-0.45,2.0,100.56,-7.58,-36.87,-23.81,False
1886,42.94,142.91,-0.42,2.0,100.43,-7.34,-34.18,-16.76,False
1887,43.21,136.72,-0.22,2.0,99.41,-5.43,-13.07,38.64,False
1888,43.2,137.03,-0.23,2.0,99.46,-5.53,-14.11,35.9,False
1889,42.49,153.2,-0.76,2.0,102.13,-10.5,-69.26,-108.8,True
1890,43.03,140.8,-0.35,2.0,100.09,-6.69,-26.98,2.13,False
1891,42.93,143.02,-0.42,2.0,100.45,-7.37,-34.56,-17.76,False
1892,43.19,137.2,-0.23,2.0,99.49,-5.58,-14.69,34.38,False
1893,42.63,150.01,-0.65,2.0,101.6,-9.52,-58.39,-80.29,True
1894,43.08,139.74,-0.32,2.0,99.91,-6.36,-23.37,11.62,False
1895,43.17,137.61,-0.25,2.0,99.56,-5.71,-16.09,30.71,False
1896,42.54,151.92,-0.72,2.0,101.92,-10.11,-64.92,-97.42,True
1897,43.04,140.71,-0.35,2.0,100.07,-6.66,-26.69,2.9,False
1898,43.29,135.03,-0.16,2.0,99.13,-4.92,-7.31,53.76,False
1899,42.53,152.2,-0.73,2.0,101.97,-10.2,-65.86,-99.89,True
1900,42.81,145.83,-0.52,2.0,100.92,-8.24,-44.15,-42.92,False
1901,43.27,135.47,-0.17,2.0,99.21,-5.05,-8.8,49.85,False
1902,43.15,138.14,-0.26,2.0,99.65,-5.87,-17.9,25.97,False
1903,42.96,142.47,-0.41,2.0,100.36,-7.2,-32.68,-12.81,False
1904,42.79,146.22,-0.53,2.0,100.98,-8.36,-45.48,-46.41,False
1905,43.26,135.58,-0.18,2.0,99.23,-5.08,-9.18,48.84,False
1906,42.76,146.92,-0.55,2.0,101.09,-8.57,-47.85,-52.64,False
1907,42.79,146.27,-0.53,2.0,100.99,-8.37,-45.63,-46.79,False
1908,42.57,151.31,-0.7,2.0,101.82,-9.92,-62.81,-91.89,False
1909,43.06,140.08,-0.33,2.0,99.97,-6.47,-24.51,8.61,False
1910,42.58,151.02,-0.69,2.0,101.77,-9.83,-61.82,-89.29,True
1911,43.2,136.97,-0.22,2.0,99.45,-5.51,-13.93,36.39,False
1912,42.64,149.72,-0.64,2.0,101.56,-9.43,-57.4,-77.68,True
1913,42.7,148.46,-0.6,2.0,101.35,-9.05,-53.12,-66.46,False
1914,42.45,153.95,-0.78,2.0,102.25,-10.74,-71.81,-115.51,True
1915,42.57,151.28,-0.7,2.0,101.81,-9.92,-62.73,-91.68,False
1916,42.92,143.41,-0.44,2.0,100.52,-7.49,-35.88,-21.21,False
1917,42.6,150.56,-0.67,2.0,101.69,-9.69,-60.26,-85.2,False
1918,42.73,147.61,-0.58,2.0,101.21,-8.79,-50.22,-58.86,False
1919,42.61,150.36,-0.67,2.0,101.66,-9.63,-59.6,-83.45,True
1920,42.5,152.85,-0.75,2.0,102.07,-10.4,-68.08,-105.73,True
1921,43.13,138.61,-0.28,2.0,99.73,-6.02,-19.51,21.72,False
1922,42.78,146.44,-0.54,2.0,101.02,-8.43,-46.23,-48.37,False
1923,43.31,134.57,-0.15,2.0,99.06,-4.77,-5.74,57.88,False
1924,42.97,142.29,-0.4,2.0,100.33,-7.15,-32.08,-11.25,False
1925,42.52,152.39,-0.73,2.0,102.0,-10.26,-66.53,-101.63,False
1926,42.56,151.5,-0.7,2.0,101.85,-9.98,-63.47,-93.61,False
1927,42.58,151.01,-0.69,2.0,101.77,-9.83,-61.81,-89.26,True
1928,43.13,138.6,-0.28,2.0,99.72,-6.01,-19.47,21.84,False
1929,43.2,136.96,-0.22,2.0,99.45,-5.51,-13.88,36.51,False
1930,42.74,147.52,-0.57,2.0,101.19,-8.76,-49.91,-58.02,False
1931,42.84,145.27,-0.5,2.0,100.82,-8.07,-42.24,-37.92,False
1932,43.23,136.2,-0.2,2.0,99.33,-5.28,-11.3,43.28,False
1933,42.81,145.87,-0.52,2.0,100.92,-8.25,-44.29,-43.29,False
1934,43.09,139.4,-0.3,2.0,99.85,-6.26,-22.2,14.68,False
1935,42.47,153.51,-0.77,2.0,102.18,-10.6,-70.33,-111.62,True
1936,42.95,142.71,-0.41,2.0,100.4,-7.28,-33.49,-14.95,False
1937,42.75,147.21,-0.56,2.0,101.14,-8.66,-48.86,-55.27,False
1938,43.2,137.09,-0.23,2.0,99.47,-5.55,-14.34,35.31,False
1939,43.09,139.61,-0.31,2.0,99.89,-6.32,-22.91,12.82,False
1940,42.52,152.51,-0.74,2.0,102.02,-10.29,-66.92,-102.67,False
1941,43.15,138.21,-0.27,2.0,99.66,-5.89,-18.17,25.27,False
1942,43.31,134.5,-0.14,2.0,99.05,-4.75,-5.51,58.47,False
1943,43.15,138.17,-0.26,2.0,99.65,-5.88,-18.03,25.63,False
1944,43.07,139.89,-0.32,2.0,99.94,-6.41,-23.88,10.27,False
1945,42.54,152.11,-0.72,2.0,101.95,-10.17,-65.57,-99.12,True
1946,43.2,136.99,-0.22,2.0,99.46,-5.52,-13.99,36.23,False
1947,42.7,148.41,-0.6,2.0,101.34,-9.03,-52.93,-65.96,False
1948,42.97,142.29,-0.4,2.0,100.33,-7.15,-32.05,-11.17,False
1949,43.25,135.87,-0.19,2.0,99.27,-5.17,-10.18,46.21,False
1950,42.64,149.78,-0.65,2.0,101.57,-9.46,-57.63,-78.28,True
1951,42.79,146.25,-0.53,2.0,100.98,-8.37,-45.58,-46.66,False
1952,42.47,153.68,-0.78,2.0,102.21,-10.65,-70.92,-113.17,True
1953,42.56,151.63,-0.71,2.0,101.87,-10.02,-63.93,-94.82,True
1954,43.08,139.75,-0.32,2.0,99.91,-6.37,-23.4,11.53,False
1955,42.98,141.91,-0.39,2.0,100.27,-7.03,-30.78,-7.85,False
1956,42.96,142.48,-0.41,2.0,100.36,-7.21,-32.71,-12.9,False
1957,43.29,134.84,-0.15,2.0,99.1,-4.86,-6.65,55.47,False
1958,43.09,139.39,-0.3,2.0,99.85,-6.26,-22.19,14.71,False
1959,43.27,135.37,-0.17,2.0,99.19,-5.02,-8.48,50.67,False
1960,42.49,153.1,-0.76,2.0,102.11,-10.47,-68.92,-107.92,True
1961,42.98,141.89,-0.39,2.0,100.27,-7.03,-30.7,-7.62,False
1962,42.56,151.53,-0.7,2.0,101.86,-9.99,-63.59,-93.93,False
1963,43.06,140.16,-0.33,2.0,99.98,-6.49,-24.79,7.88,False
1964,43.23,136.36,-0.2,2.0,99.35,-5.32,-11.83,41.89,False
1965,42.98,141.88,-0.39,2.0,100.26,-7.02,-30.68,-7.58,False
1966,43.27,135.4,-0.17,2.0,99.2,-5.03,-8.57,50.44,False
1967,42.75,147.26,-0.56,2.0,101.15,-8.68,-49.02,-55.7,False
1968,43.0,141.62,-0.38,2.0,100.22,-6.94,-29.77,-5.19,False
1969,43.14,138.28,-0.27,2.0,99.67,-5.91,-18.38,24.71,False
1970,42.67,149.13,-0.63,2.0,101.46,-9.25,-55.38,-72.4,True
1971,42.48,153.34,-0.76,2.0,102.15,-10.55,-69.74,-110.08,True
1972,42.99,141.79,-0.38,2.0,100.25,-7.0,-30.37,-6.77,False
1973,43.3,134.6,-0.15,2.0,99.06,-4.78,-5.85,57.57,False
1974,42.72,147.97,-0.59,2.0,101.27,-8.9,-51.43,-62.03,False
1975,42.55,151.8,-0.71,2.0,101.9,-10.07,-64.49,-96.3,True
1976,42.68,148.91,-0.62,2.0,101.42,-9.18,-54.63,-70.41,True
1977,43.29,134.9,-0.16,2.0,99.11,-4.87,-6.86,54.93,False
1978,43.28,135.12,-0.16,2.0,99.15,-4.94,-7.63,52.91,False
1979,42.59,150.95,-0.69,2.0,101.76,-9.81,-61.61,-88.73,True
1980,43.27,135.46,-0.17,2.0,99.21,-5.05,-8.77,49.92,False
1981,42.61,150.36,-0.67,2.0,101.66,-9.63,-59.6,-83.45,True
1982,42.86,144.7,-0.48,2.0,100.73,-7.89,-40.29,-32.79,False
1983,43.09,139.57,-0.31,2.0,99.88,-6.31,-22.79,13.14,False
1984,42.87,144.58,-0.48,2.0,100.71,-7.85,-39.86,-31.66,False
1985,43.2,136.88,-0.22,2.0,99.44,-5.48,-13.61,37.22,False
1986,42.68,148.86,-0.62,2.0,101.41,-9.17,-54.47,-70.01,True
1987,42.86,144.77,-0.48,2.0,100.74,-7.91,-40.53,-33.42,False
1988,43.15,138.22,-0.27,2.0,99.66,-5.9,-18.18,25.23,False
1989,42.81,145.77,-0.51,2.0,100.91,-8.22,-43.95,-42.39,False
1990,43.26,135.65,-0.18,2.0,99.24,-5.11,-9.43,48.2,False
1991,43.3,134.7,-0.15,2.0,99.08,-4.81,-6.17,56.73,False
1992,42.65,149.55,-0.64,2.0,101.53,-9.38,-56.82,-76.18,True
1993,43.21,136.81,-0.22,2.0,99.43,-5.46,-13.37,37.86,False
1994,43.14,138.26,-0.27,2.0,99.67,-5.91,-18.32,24.87,False
1995,43.29,135.01,-0.16,2.0,99.13,-4.91,-7.22,53.98,False
1996,42.77,146.78,-0.55,2.0,101.07,-8.53,-47.39,-51.42,False
1997,42.54,152.06,-0.72,2.0,101.94,-10.15,-65.37,-98.6,True
1998,42.45,153.99,-0.79,2.0,102.26,-10.75,-71.98,-115.95,True
1999,43.28,135.13,-0.16,2.0,99.15,-4.95,-7.64,52.89,False
2000,43.24,136.17,-0.2,2.0,99.32,-5.27,-11.19,43.57,False
2001,42.92,143.33,-0.43,2.0,100.5,-7.47,-35.63,-20.55,False
2002,42.78,146.55,-0.54,2.0,101.03,-8.46,-46.58,-49.3,False
2003,42.54,151.96,-0.72,2.0,101.93,-10.13,-65.06,-97.78,True
2004,42.81,145.79,-0.52,2.0,100.91,-8.23,-44.02,-42.57,False
2005,42.52,152.35,-0.73,2.0,101.99,-10.25,-66.38,-101.26,False
2006,42.92,143.33,-0.43,2.0,100.5,-7.47,-35.62,-20.55,False
2007,42.73,147.79,-0.58,2.0,101.24,-8.84,-50.82,-60.41,False
2008,43.07,140.02,-0.32,2.0,99.96,-6.45,-24.33,9.1,False
2009,42.97,142.12,-0.39,2.0,100.3,-7.1,-31.49,-9.7,False
2010,43.18,137.47,-0.24,2.0,99.54,-5.67,-15.65,31.88,False
2011,42.81,145.94,-0.52,2.0,100.93,-8.27,-44.52,-43.88,False
2012,43.21,136.82,-0.22,2.0,99.43,-5.47,-13.42,37.72,False
2013,42.72,147.95,-0.59,2.0,101.26,-8.89,-51.36,-61.84,False
2014,43.05,140.36,-0.34,2.0,100.01,-6.56,-25.48,6.06,False
2015,42.58,151.17,-0.69,2.0,101.8,-9.88,-62.34,-90.66,False
2016,43.01,141.35,-0.37,2.0,100.18,-6.86,-28.87,-2.82,False
2017,42.59,150.92,-0.68,2.0,101.75,-9.81,-61.51,-88.48,True
2018,42.8,146.03,-0.52,2.0,100.95,-8.3,-44.8,-44.64,False
2019,43.23,136.25,-0.2,2.0,99.34,-5.29,-11.48,42.8,False
2020,42.5,152.94,-0.75,2.0,102.09,-10.43,-68.39,-106.53,True
2021,43.14,138.4,-0.27,2.0,99.69,-5.95,-18.81,23.57,False
2022,42.97,142.23,-0.4,2.0,100.32,-7.13,-31.86,-10.66,False
2023,42.93,143.14,-0.43,2.0,100.47,-7.41,-34.96,-18.79,False
2024,42.97,142.2,-0.4,2.0,100.32,-7.12,-31.77,-10.43,False
2025,42.52,152.54,-0.74,2.0,102.02,-10.3,-67.03,-102.97,False
2026,43.16,137.91,-0.26,2.0,99.61,-5.8,-17.14,27.96,False
2027,43.2,136.96,-0.22,2.0,99.45,-5.51,-13.9,36.46,False
2028,43.22,136.52,-0.21,2.0,99.38,-5.37,-12.39,40.43,False
2029,43.27,135.3,-0.17,2.0,99.18,-5.0,-8.22,51.35,False
2030,43.01,141.4,-0.37,2.0,100.19,-6.88,-29.04,-3.28,False
2031,42.68,148.84,-0.62,2.0,101.41,-9.16,-54.4,-69.83,False
2032,42.87,144.53,-0.47,2.0,100.7,-7.84,-39.69,-31.22,False
2033,43.25,135.85,-0.19,2.0,99.27,-5.17,-10.1,46.44,False
2034,43.16,137.8,-0.25,2.0,99.59,-5.77,-16.75,28.99,False
2035,43.27,135.49,-0.18,2.0,99.21,-5.06,-8.88,49.64,False
2036,42.54,152.04,-0.72,2.0,101.94,-10.15,-65.31,-98.44,True
2037,42.52,152.51,-0.74,2.0,102.02,-10.29,-66.92,-102.67,False
2038,42.93,143.11,-0.43,2.0,100.47,-7.4,-34.86,-18.55,False
2039,42.91,143.66,-0.44,2.0,100.56,-7.57,-36.74,-23.46,False
2040,42.52,152.48,-0.74,2.0,102.01,-10.28,-66.8,-102.35,False
2041,42.96,142.41,-0.4,2.0,100.35,-7.18,-32.46,-12.25,False
2042,42.51,152.6,-0.74,2.0,102.03,-10.32,-67.22,-103.45,False
2043,43.07,139.99,-0.32,2.0,99.95,-6.44,-24.24,9.33,False
2044,42.7,148.32,-0.6,2.0,101.33,-9.0,-52.62,-65.14,False
2045,42.78,146.52,-0.54,2.0,101.03,-8.45,-46.51,-49.1,False
2046,43.19,137.19,-0.23,2.0,99.49,-5.58,-14.66,34.47,False
2047,42.7,148.33,-0.6,2.0,101.33,-9.01,-52.67,-65.27,False
2048,42.84,145.26,-0.5,2.0,100.82,-8.06,-42.19,-37.78,False
2049,42.67,149.07,-0.62,2.0,101.45,-9.24,-55.2,-71.93,True
2050,42.6,150.62,-0.67,2.0,101.7,-9.71,-60.47,-85.75,True
2051,43.27,135.44,-0.17,2.0,99.2,-5.04,-8.69,50.13,False
2052,43.28,135.11,-0.16,2.0,99.15,-4.94,-7.59,53.02,False
2053,43.08,139.79,-0.32,2.0,99.92,-6.38,-23.53,11.19,False
2054,42.68,148.73,-0.61,2.0,101.39,-9.13,-54.03,-68.86,False
2055,42.95,142.74,-0.41,2.0,100.41,-7.29,-33.6,-15.22,False
2056,42.85,145.02,-0.49,2.0,100.78,-7.99,-41.38,-35.65,False
2057,42.92,143.39,-0.44,2.0,100.51,-7.49,-35.83,-21.09,False
2058,43.18,137.37,-0.24,2.0,99.52,-5.64,-15.29,32.82,False
2059,42.95,142.65,-0.41,2.0,100.39,-7.26,-33.31,-14.47,False
2060,42.86,144.72,-0.48,2.0,100.73,-7.9,-40.35,-32.95,False
2061,43.14,138.41,-0.27,2.0,99.69,-5.96,-18.84,23.51,False
2062,42.72,147.98,-0.59,2.0,101.27,-8.9,-51.47,-62.13,False
2063,43.0,141.44,-0.37,2.0,100.19,-6.89,-29.18,-3.63,False
2064,43.27,135.36,-0.17,2.0,99.19,-5.02,-8.42,50.84,False
2065,42.7,148.47,-0.6,2.0,101.35,-9.05,-53.14,-66.51,False
2066,43.03,140.94,-0.36,2.0,100.11,-6.73,-27.46,0.89,False
2067,43.06,140.15,-0.33,2.0,99.98,-6.49,-24.78,7.9,False
2068,42.55,151.86,-0.72,2.0,101.91,-10.09,-64.71,-96.87,True
2069,43.28,135.13,-0.16,2.0,99.15,-4.95,-7.64,52.88,False
2070,43.18,137.46,-0.24,2.0,99.53,-5.66,-15.58,32.04,False
2071,43.01,141.26,-0.37,2.0,100.16,-6.83,-28.54,-1.95,False
2072,42.62,150.25,-0.66,2.0,101.64,-9.6,-59.22,-82.46,True
2073,43.16,137.8,-0.25,2.0,99.59,-5.77,-16.77,28.93,False
2074,42.79,146.22,-0.53,2.0,100.98,-8.36,-45.46,-46.35,False
2075,42.66,149.28,-0.63,2.0,101.48,-9.3,-55.89,-73.74,True
2076,42.48,153.27,-0.76,2.0,102.14,-10.53,-69.5,-109.44,True
2077,42.81,145.95,-0.52,2.0,100.93,-8.27,-44.53,-43.93,False
2078,43.25,135.93,-0.19,2.0,99.28,-5.19,-10.38,45.69,False
2079,42.78,146.62,-0.54,2.0,101.05,-8.48,-46.83,-49.96,False
2080,42.74,147.49,-0.57,2.0,101.19,-8.75,-49.8,-57.74,False
2081,43.14,138.31,-0.27,2.0,99.68,-5.93,-18.51,24.37,False
2082,42.69,148.53,-0.61,2.0,101.36,-9.07,-53.36,-67.08,False
2083,42.7,148.37,-0.6,2.0,101.33,-9.02,-52.8,-65.62,False
2084,42.55,151.69,-0.71,2.0,101.88,-10.04,-64.13,-95.35,True
2085,42.73,147.68,-0.58,2.0,101.22,-8.81,-50.44,-59.43,False
2086,43.22,136.6,-0.21,2.0,99.39,-5.4,-12.68,39.67,False
2087,42.58,151.11,-0.69,2.0,101.79,-9.86,-62.15,-90.15,False
2088,42.94,142.91,-0.42,2.0,100.43,-7.34,-34.18,-16.76,False
2089,42.61,150.52,-0.67,2.0,101.69,-9.68,-60.12,-84.84,True
2090,42.59,150.82,-0.68,2.0,101.74,-9.77,-61.16,-87.57,True
2091,42.54,151.91,-0.72,2.0,101.92,-10.11,-64.88,-97.32,True
2092,42.59,150.85,-0.68,2.0,101.74,-9.78,-61.25,-87.78,True
2093,43.17,137.71,-0.25,2.0,99.58,-5.74,-16.44,29.79,False
