commit_id,label,pred,score_or_proba,feature,value_actual,min,max,operator,threshold
,True,True,0.8139174583686624,la,1370.0,0.0,9153.0,<,120.0
,True,True,0.8139174583686624,ent,2.43320990504501,0.0,6.569855608330951,<,3.1100000143051147
,True,True,0.8139174583686624,ns,2.0,1.0,11.0,<,2.5
,True,True,0.8139174583686624,age,22.657142857142897,0.0,2414.0,>,164.0999984741211
