commit_id,label,pred,score_or_proba,feature,value_actual,min,max,operator,threshold
,True,True,0.5075110090643982,ent,1.73907417498155,0.0,6.569855608330951,<,2.2549999952316284
,True,True,0.5075110090643982,la,239.0,0.0,9153.0,<,247.0
