commit_id,label,pred,score_or_proba,feature,value_actual,min,max,operator,threshold
,True,True,0.9447477307353072,ld,225.0,0.0,8832.0,>,26.0
,True,True,0.9447477307353072,la,2434.0,0.0,9153.0,<,788.5
,True,True,0.9447477307353072,ent,1.3902032366854,0.0,6.569855608330951,<,1.9350000023841856
,True,True,0.9447477307353072,age,0.0,0.0,2414.0,>,0.1000000014901161
