{
    "675": {
        "la": [
            190.0,
            162.0,
            142.0,
            119.0,
            93.0,
            74.0,
            57.0,
            39.0,
            23.5,
            7.5
        ],
        "ld": [
            408.5,
            276.5,
            205.5,
            148.0,
            107.5,
            85.5,
            61.5,
            42.5,
            25.5,
            8.0
        ],
        "nuc": [
            3.58409090909091,
            3.42261904761905,
            3.125,
            2.81818181818182,
            2.5,
            2.3,
            1.94444444444444,
            1.4,
            0.833333333333333,
            0.25
        ],
        "arexp": [
            13.333333333333302,
            28.5,
            42.0,
            62.3333333333334,
            76.0,
            93.0,
            103.333333333333,
            121.727380952381,
            132.275,
            161.75
        ],
        "ent": [
            2.50032053327114,
            2.17829387149189,
            1.91765949623364,
            1.63408087812576,
            1.406578532636205,
            1.1822871138837199,
            0.932093607293195,
            0.691529767954865,
            0.4744138086027045,
            0.210994720318174
        ]
    },
    "678": {
        "la": [
            190.0,
            162.0,
            142.0,
            119.0,
            93.0,
            74.0,
            57.0,
            39.0,
            23.5,
            7.5
        ],
        "ndev": [
            0.20526315789473695,
            0.3582887700534759,
            0.509259259259259,
            0.8090909090909091,
            1.1010101010100999,
            1.595108695652175,
            2.225,
            3.3666666666666654,
            5.416666666666665,
            12.5
        ],
        "nuc": [
            4.958333333333335,
            14.745098039215698,
            26.91666666666665,
            43.65,
            69.05769230769229,
            107.75,
            156.83333333333348,
            197.6,
            282.5,
            476.5
        ],
        "arexp": [
            13.333333333333302,
            28.5,
            42.0,
            62.3333333333334,
            76.0,
            93.0,
            103.333333333333,
            121.727380952381,
            132.275,
            161.75
        ],
        "age": [
            13.5,
            12.266666666666652,
            11.19047619047615,
            8.679487179487179,
            7.416666666666665,
            5.75,
            4.333333333333335,
            2.7279411764705905,
            1.416666666666665,
            0.3192090395480225
        ]
    },
    "681": {
        "la": [
            190.0,
            162.0,
            142.0,
            119.0,
            93.0,
            74.0,
            57.0,
            39.0,
            23.5,
            7.5
        ],
        "nuc": [
            4.958333333333335,
            14.745098039215698,
            26.91666666666665,
            43.65,
            69.05769230769229,
            107.75,
            156.83333333333348,
            197.6,
            282.5,
            476.5
        ],
        "arexp": [
            13.333333333333302,
            28.5,
            42.0,
            62.3333333333334,
            76.0,
            93.0,
            103.333333333333,
            121.727380952381,
            132.275,
            161.75
        ],
        "age": [
            13.5,
            12.266666666666652,
            11.19047619047615,
            8.679487179487179,
            7.416666666666665,
            5.75,
            4.333333333333335,
            2.7279411764705905,
            1.416666666666665,
            0.3192090395480225
        ],
        "ld": [
            34.0,
            31.0,
            28.0,
            25.0,
            21.0,
            17.5,
            13.5,
            9.5,
            5.5,
            1.5
        ]
    },
    "682": {
        "la": [
            190.0,
            162.0,
            142.0,
            119.0,
            93.0,
            74.0,
            57.0,
            39.0,
            23.5,
            7.5
        ],
        "nuc": [
            4.958333333333335,
            14.745098039215698,
            26.91666666666665,
            43.65,
            69.05769230769229,
            107.75,
            156.83333333333348,
            197.6,
            282.5,
            476.5
        ],
        "ld": [
            41.0,
            58.0,
            78.0,
            98.0,
            124.0,
            183.0,
            231.0,
            330.0,
            457.0,
            971.0
        ],
        "arexp": [
            10.41666666666665,
            9.941666666666665,
            8.941666666666665,
            8.25,
            7.25,
            6.25,
            5.25,
            4.25,
            3.0,
            1.0
        ],
        "ent": [
            2.50032053327114,
            2.17829387149189,
            1.91765949623364,
            1.63408087812576,
            1.406578532636205,
            1.1822871138837199,
            0.932093607293195,
            0.691529767954865,
            0.4744138086027045,
            0.210994720318174
        ]
    },
    "700": {
        "la": [
            190.0,
            162.0,
            142.0,
            119.0,
            93.0,
            74.0,
            57.0,
            39.0,
            23.5,
            7.5
        ],
        "nuc": [
            6.745762711864411,
            17.0,
            29.095238095238106,
            49.12,
            73.8995098039216,
            110.625,
            161.0,
            203.25,
            283.75,
            476.75
        ],
        "arexp": [
            13.333333333333302,
            28.5,
            42.0,
            62.3333333333334,
            76.0,
            93.0,
            103.333333333333,
            121.727380952381,
            132.275,
            161.75
        ],
        "ld": [
            15.5,
            34.5,
            55.5,
            78.5,
            105.5,
            150.0,
            208.0,
            297.0,
            438.0,
            805.0
        ],
        "ns": [
            1
        ]
    },
    "718": {
        "la": [
            82.0,
            71.5,
            62.5,
            53.5,
            43.5,
            35.5,
            27.5,
            19.5,
            11.5,
            3.5
        ],
        "nuc": [
            4.958333333333335,
            14.745098039215698,
            26.91666666666665,
            43.65,
            69.05769230769229,
            107.75,
            156.83333333333348,
            197.6,
            282.5,
            476.5
        ],
        "asexp": [
            1.687255859375,
            1.95556640625,
            5.5,
            13.5,
            22.5,
            30.5,
            47.0,
            64.5,
            78.0,
            221.0
        ],
        "arexp": [
            13.333333333333302,
            28.5,
            42.0,
            62.3333333333334,
            76.0,
            93.0,
            103.333333333333,
            121.727380952381,
            132.275,
            161.75
        ],
        "ndev": [
            0.138888888888889,
            0.129032258064516,
            0.115384615384615,
            0.1052631578947369,
            0.1,
            0.0909090909090909,
            0.075,
            0.0555555555555556,
            0.0487804878048781
        ]
    },
    "749": {
        "la": [
            82.0,
            71.5,
            62.5,
            53.5,
            43.5,
            35.5,
            27.5,
            19.5,
            11.5,
            3.5
        ],