feature,value,importance,min,max,rule,importance_ratio
la,2208.0,0.37652212487405656,0.0,9886.0,la > 658.2665061764585,0.5340431945442685
ns,1.0,-0.12018074942940878,1.0,25.0,ns <= 1.4938515894974689,0.17045933587428352
nd,6.0,0.09589534840692321,1.0,51.0,5.4934450612931585 < nd <= 14.503678360627504,0.13601394133823866
asexp,13.0,0.05461363326375654,0.0,1042.0,0.24155171339806714 < asexp <= 14.706492054882105,0.07746168750004122
aexp,22.0,-0.032623345623164796,0.0,1411.0,2.7519982932250286 < aexp <= 111.43266686158816,0.04627158555196274
