feature,value,importance,min,max,rule,importance_ratio
asexp,1.5101013183593797,0.07261317081943508,0.0,1042.0,0.24155171339806714 < asexp <= 14.706492054882105,0.2710547150617658
la,86,-0.06276847782880186,0.0,9886.0,62.857079176366454 < la <= 135.1965422698356,0.2343058660122979
aexp,16,-0.0577411613531259,0.0,1411.0,2.7519982932250286 < aexp <= 111.43266686158816,0.21553960337065955
ns,2,0.03240215960692855,1.0,25.0,1.4938515894974689 < ns <= 2.4993354461431934,0.1209526872401935
ld,16,0.018103455318262004,0.0,9281.0,4.333691487323307 < ld <= 18.403235717698735,0.06757764283737269
