feature,value,importance,min,max,rule,importance_ratio
la,1373.0,0.3756191939670337,0.0,9886.0,la > 658.2665061764585,0.5381225860455248
ns,1.0,-0.12139790783581766,1.0,25.0,ns <= 1.4938515894974689,0.1739180456014181
nd,9.0,0.09596627886648748,1.0,51.0,5.4934450612931585 < nd <= 14.503678360627504,0.13748398108040394
asexp,7.0,0.05475233657952763,0.0,1042.0,0.24155171339806714 < asexp <= 14.706492054882105,0.07843973211548998
aexp,7.0,-0.03319801360585148,0.0,1411.0,2.7519982932250286 < aexp <= 111.43266686158816,0.04756040484641263
