feature,value,importance,min,max,rule,importance_ratio
nd,18.0,0.3087576650130625,1.0,51.0,nd > 14.503678360627504,0.5674408844543808
ns,1.0,-0.11615251976152387,1.0,25.0,ns <= 1.4938515894974689,0.21346737591857234
asexp,30.0,-0.046327308118302477,0.0,1042.0,14.706492054882105 < asexp <= 620.167566348428,0.08514123428135141
aexp,31.0,-0.03981861679849574,0.0,1411.0,2.7519982932250286 < aexp <= 111.43266686158816,0.07317943388687236
ld,242.0,-0.01767773134012897,0.0,9281.0,112.20019725353488 < ld <= 3343.50552216309,0.0324884809138757
