feature,value,importance,min,max,rule,importance_ratio
la,1446.0,0.3744990878305976,0.0,9886.0,la > 658.2665061764585,0.5942551898346823
nd,7.0,0.0970651736455065,1.0,51.0,5.4934450612931585 < nd <= 14.503678360627504,0.15402302719930452
asexp,0.0,0.06059014977352529,0.0,1042.0,asexp <= 0.24155171339806714,0.0961444556897431
aexp,10.0,-0.03440973364574041,0.0,1411.0,2.7519982932250286 < aexp <= 111.43266686158816,0.05460136877305272
age,0.0294117647058824,0.026360019577335744,0.0,1520.0,age <= 0.18108203666687217,0.0418280816883094
