feature,value,importance,min,max,rule,importance_ratio
ns,11.0,0.4151692528014156,1.0,25.0,ns > 5.502199396395964,0.42916444246011776
nd,22.0,0.29204193673583606,1.0,51.0,nd > 14.503678360627504,0.301886553757289
age,239.04411764705893,-0.07642153839781594,0.0,1520.0,191.44947579329659 < age <= 478.3520664282412,0.0789976779280687
asexp,0.0909091422249027,0.05882307479119212,0.0,1042.0,asexp <= 0.24155171339806714,0.060805977143560036
la,60.0,-0.05823489052281599,0.0,9886.0,18.340486503462415 < la <= 62.857079176366454,0.06019796541846681
