feature,value,importance,min,max,rule,importance_ratio
ns,6,0.3989954120914993,1.0,25.0,ns > 5.502199396395964,0.5011599569401243
nd,6,0.1181265739316968,1.0,51.0,5.4934450612931585 < nd <= 14.503678360627504,0.14837340708949684
la,528,0.09861687305661591,0.0,9886.0,452.37726506427714 < la <= 658.2665061764585,0.12386816077797276
asexp,0.111372480389228,0.07864231803665518,0.0,1042.0,asexp <= 0.24155171339806714,0.09877903235610001
aexp,68,-0.05566594128367611,0.0,1411.0,2.7519982932250286 < aexp <= 111.43266686158816,0.06991945243310473
