feature,value,importance,min,max,rule,importance_ratio
la,2131,0.4201185736056152,0.0,9886.0,la > 658.2665061764585,0.5760288647240654
nd,11,0.11838467096870943,1.0,51.0,5.4934450612931585 < nd <= 14.503678360627504,0.16231843080295147
asexp,1.0,0.07293244955519347,0.0,1042.0,0.24155171339806714 < asexp <= 14.706492054882105,0.0999984260592609
ns,2,0.039167463289602335,1.0,25.0,1.4938515894974689 < ns <= 2.4993354461431934,0.05370290872693183
aexp,1,-0.03404134014177444,0.0,1411.0,-0.7538297251092558 < aexp <= 2.7519982932250286,0.04667442895290741
