feature,value,importance,min,max,rule,importance_ratio
la,1253.0,0.3750260838810504,0.0,9886.0,la > 658.2665061764585,0.40597354032186334
nd,18.0,0.3040450651508102,1.0,51.0,nd > 14.503678360627504,0.32913511038825904
ns,1.0,-0.12041651859992179,1.0,25.0,ns <= 1.4938515894974689,0.13035338732531798
asexp,13.0,0.05678159321442746,0.0,1042.0,0.24155171339806714 < asexp <= 14.706492054882105,0.06146725631406618
aexp,18.0,-0.035032664963591004,0.0,1411.0,2.7519982932250286 < aexp <= 111.43266686158816,0.037923588874126786
