feature,value,importance,min,max,rule,importance_ratio
la,733,0.41912534948662467,0.0,9886.0,la > 658.2665061764585,0.3751615989720815
ns,7,0.39541015117938016,1.0,25.0,ns > 5.502199396395964,0.3539339835873676
nd,12,0.11789738012960452,1.0,51.0,5.4934450612931585 < nd <= 14.503678360627504,0.10553064780791371
asexp,0.0680074062022842,0.08253170700472062,0.0,1042.0,asexp <= 0.24155171339806714,0.07387462295876815
aexp,105,-0.049829391823142014,0.0,1411.0,2.7519982932250286 < aexp <= 111.43266686158816,0.04460258568247945
