feature,value,importance,min,max,rule,importance_ratio
asexp,0.437500009327901,0.056184685387105866,0.0,1042.0,0.24155171339806714 < asexp <= 0.24155171339806714,0.33268008787128944
ns,2,0.03559880669586051,1.0,25.0,1.4938515894974689 < ns <= 2.4993354461431934,0.21078722890579435
aexp,117,0.023397395741829974,0.0,1411.0,111.43266686158816 < aexp <= 819.6099265651155,0.13854038013600212
ld,24,0.014656790079196845,0.0,9281.0,18.403235717698735 < ld <= 32.47277994807415,0.08678561031112003
nd,4,0.011551817842615076,1.0,51.0,3.508812175977223 < nd <= 5.4934450612931585,0.06840048579921884
