feature,value,importance,min,max,rule,importance_ratio
la,3077,0.42685678053257714,0.0,9886.0,la > 658.2665061764585,0.5373969040639256
ns,1,-0.14326122978736944,1.0,25.0,ns <= 1.4938515894974689,0.18036059135353794
nd,7,0.11883236852022146,1.0,51.0,5.4934450612931585 < nd <= 14.503678360627504,0.1496055582522878
asexp,145.0,-0.058625883610157074,0.0,1042.0,14.706492054882105 < asexp <= 620.167566348428,0.0738078198284729
nuc,0.882352941176471,-0.023515555915118055,0.0,251.0,0.8396891218504265 < nuc <= 1.014742797436913,0.029605215431647857
