feature,value,importance,min,max,rule,importance_ratio
nd,10,0.1161897612934843,1.0,51.0,5.4934450612931585 < nd <= 14.503678360627504,0.25478141357521905
ns,3,0.09851024354385411,1.0,25.0,2.4993354461431934 < ns <= 3.5048193027889174,0.21601369021101283
la,515,0.09469056477295308,0.0,9886.0,452.37726506427714 < la <= 658.2665061764585,0.207637882000208
asexp,2.08933637325172e-24,0.07778206375655787,0.0,1042.0,asexp <= 0.24155171339806714,0.17056084747981104
ld,185,-0.02701619805787427,0.0,9281.0,112.20019725353488 < ld <= 3343.50552216309,0.05924123652536751
