feature,value,importance,min,max,rule,importance_ratio
aexp,1484,0.1889122913021037,0.0,1411.0,aexp > 1359.5074413885968,0.4123882278776316
ns,3,0.09987922267835861,1.0,25.0,2.4993354461431934 < ns <= 3.5048193027889174,0.21803248141358486
asexp,6.69637982334542e-17,0.07746032009869949,0.0,1042.0,asexp <= 0.24155171339806714,0.16909288387833474
la,364,0.033368819764124584,0.0,9886.0,229.79430169975677 < la <= 452.37726506427714,0.07284284338539587
ld,365,-0.024973253367221483,0.0,9281.0,112.20019725353488 < ld <= 3343.50552216309,0.054515646544026
