feature,value,importance,min,max,rule,importance_ratio
nd,6,0.11515731949420732,1.0,51.0,5.4934450612931585 < nd <= 14.503678360627504,0.2652041419730543
ns,3,0.10315975297065755,1.0,25.0,2.4993354461431934 < ns <= 3.5048193027889174,0.23757407599359467
asexp,0.1730991775192349,0.07686654359450805,0.0,1042.0,asexp <= 0.24155171339806714,0.17702153740597712
la,84,-0.060017718837332736,0.0,9886.0,62.857079176366454 < la <= 135.1965422698356,0.13821915703964874
aexp,11,-0.05659760477633866,0.0,1411.0,2.7519982932250286 < aexp <= 111.43266686158816,0.1303427283507929
