feature,value,importance,min,max,rule,importance_ratio
la,2215.0,0.37997946900430113,0.0,9886.0,la > 658.2665061764585,0.5483402187216598
ns,1.0,-0.12271869186759206,1.0,25.0,ns <= 1.4938515894974689,0.1770927111305314
nd,11.0,0.09690450958841118,1.0,51.0,5.4934450612931585 < nd <= 14.503678360627504,0.13984081856333952
asexp,1.0,0.054746107218698326,0.0,1042.0,0.24155171339806714 < asexp <= 14.706492054882105,0.07900293267192465
ld,880.0,-0.016870018861688242,0.0,9281.0,112.20019725353488 < ld <= 3343.50552216309,0.024344762249120223
