feature,value,importance,min,max,rule,importance_ratio
ns,4.0,0.1665904690964068,1.0,25.0,3.5048193027889174 < ns <= 5.502199396395964,0.5641759605523601
asexp,9.36177583372475e-10,0.053644788952610316,0.0,1042.0,asexp <= 0.24155171339806714,0.18167366056489692
aexp,883.0,0.04601688619631314,0.0,1411.0,858.1740347667928 < aexp <= 1075.535371903519,0.1558409740500189
age,144.571428571429,-0.00790598198697956,0.0,1520.0,4.1005163349584635 < age <= 191.44947579329659,0.026774430769101278
ld,20.0,0.006491989032675154,0.0,9281.0,18.403235717698735 < ld <= 32.47277994807415,0.021985796476059576
