feature,value,importance,min,max,rule,importance_ratio
ns,7.0,0.40872924413339556,1.0,25.0,ns > 5.502199396395964,0.4319833630559934
nd,23.0,0.2842679216372234,1.0,51.0,nd > 14.503678360627504,0.30044097543876225
age,193.72,-0.07800046146748583,0.0,1520.0,191.44947579329659 < age <= 478.3520664282412,0.08243819630788901
asexp,0.0646159621611109,0.05672820625381844,0.0,1042.0,asexp <= 0.24155171339806714,0.05995568379164155
la,70.0,-0.047152480046347506,0.0,9886.0,62.857079176366454 < la <= 135.1965422698356,0.0498351590917826
