feature,value,importance,min,max,rule,importance_ratio
la,2302.0,0.37786233063620495,0.0,9886.0,la > 658.2665061764585,0.534387506821715
ns,1.0,-0.12186076150214856,1.0,25.0,ns <= 1.4938515894974689,0.17234019704712325
nd,9.0,0.09648412830015465,1.0,51.0,5.4934450612931585 < nd <= 14.503678360627504,0.136451581938255
asexp,1.0,0.054631797494451094,0.0,1042.0,0.24155171339806714 < asexp <= 14.706492054882105,0.07726239873419988
aexp,8.0,-0.032852634547417325,0.0,1411.0,2.7519982932250286 < aexp <= 111.43266686158816,0.046461465049348186
