feature,value,importance,min,max,rule,importance_ratio
la,3181.0,0.3766157208073361,0.0,9886.0,la > 658.2665061764585,0.541964768305226
ns,1.0,-0.1207292828822374,1.0,25.0,ns <= 1.4938515894974689,0.17373416511840242
nd,9.0,0.09663831259998369,1.0,51.0,5.4934450612931585 < nd <= 14.503678360627504,0.13906631562109226
asexp,15.0,-0.04853033586913636,0.0,1042.0,14.706492054882105 < asexp <= 620.167566348428,0.06983705347909883
aexp,15.0,-0.0327775305260162,0.0,1411.0,2.7519982932250286 < aexp <= 111.43266686158816,0.047168149802852874
