feature,value,importance,min,max,rule,importance_ratio
la,7601.0,0.3761659857677928,0.0,9886.0,la > 658.2665061764585,0.4106887044702293
nd,19.0,0.305820866752824,1.0,51.0,nd > 14.503678360627504,0.3338876461951321
ns,1.0,-0.12114561777225548,1.0,25.0,ns <= 1.4938515894974689,0.13226378433334957
asexp,7.0,0.057193777630581505,0.0,1042.0,0.24155171339806714 < asexp <= 14.706492054882105,0.062442749550889895
aexp,56.0,-0.034918057203168776,0.0,1411.0,2.7519982932250286 < aexp <= 111.43266686158816,0.0381226698265034
