feature,value,importance,min,max,rule,importance_ratio
la,4189.0,0.38036038922923376,0.0,9886.0,la > 658.2665061764585,0.5528268911352663
ns,1.0,-0.12258914522662026,1.0,25.0,ns <= 1.4938515894974689,0.1781746416336705
nd,9.0,0.09742132927415531,1.0,51.0,5.4934450612931585 < nd <= 14.503678360627504,0.14159500336518488
asexp,0.0,0.06012168081006478,0.0,1042.0,asexp <= 0.24155171339806714,0.08738260563726542
aexp,2.0,-0.013440309641346224,0.0,1411.0,-0.7538297251092558 < aexp <= 2.7519982932250286,0.01953453830977863
