feature,value,importance,min,max,rule,importance_ratio
la,722.0,0.3755812175720022,0.0,9886.0,la > 658.2665061764585,0.6068019033669804
nd,14.0,0.09714236889321605,1.0,51.0,5.4934450612931585 < nd <= 14.503678360627504,0.15694654467293842
asexp,1.04305217973888e-06,0.06026614368860254,0.0,1042.0,asexp <= 0.24155171339806714,0.09736804980622131
aexp,35.0,-0.03448569701819304,0.0,1411.0,2.7519982932250286 < aexp <= 111.43266686158816,0.055716275496563786
ns,2.0,0.021697833362523986,1.0,25.0,1.4938515894974689 < ns <= 2.4993354461431934,0.03505576415251657
