feature,value,importance,min,max,rule,importance_ratio
la,2299,0.41877320442396593,0.0,9886.0,la > 658.2665061764585,0.4557345226206407
nd,21,0.28915766279748895,1.0,51.0,nd > 14.503678360627504,0.31467899097885127
asexp,1.04309219750576e-06,0.08291199949946522,0.0,1042.0,asexp <= 0.24155171339806714,0.09022989081497483
aexp,38,-0.054005536487939106,0.0,1411.0,2.7519982932250286 < aexp <= 111.43266686158816,0.05877211610054483
ns,2,0.034898067823217596,1.0,25.0,1.4938515894974689 < ns <= 2.4993354461431934,0.03797820422076324
