feature,value,importance,min,max,rule,importance_ratio
ns,5.0,0.1639946517732428,1.0,25.0,3.5048193027889174 < ns <= 5.502199396395964,0.5259729635116277
asexp,6.4e-05,0.054084499056004195,0.0,1042.0,asexp <= 0.24155171339806714,0.1734628778495918
la,69.0,-0.053509257286239516,0.0,9886.0,62.857079176366454 < la <= 135.1965422698356,0.17161792976678994
aexp,210.0,0.015390091276200193,0.0,1411.0,111.43266686158816 < aexp <= 819.6099265651155,0.04935997503412607
age,123.555555555556,-0.009011496534530426,0.0,1520.0,4.1005163349584635 < age <= 191.44947579329659,0.028902183618131093
