feature,value,importance,min,max,rule,importance_ratio
la,1778,0.4211976953803459,0.0,9886.0,la > 658.2665061764585,0.554496814337189
aexp,1423,0.15480955346641365,0.0,1411.0,aexp > 1359.5074413885968,0.20380311945575444
asexp,4.47037500350727e-08,0.08241836689230157,0.0,1042.0,asexp <= 0.24155171339806714,0.10850183271631304
ns,2,0.038321004171679766,1.0,25.0,1.4938515894974689 < ns <= 2.4993354461431934,0.050448696582279746
ld,1807,-0.02483424267085141,0.0,9281.0,112.20019725353488 < ld <= 3343.50552216309,0.032693693717931856
