feature,value,importance,min,max,rule,importance_ratio
la,954,0.5204875186923742,0.0,9886.0,la > 658.2665061764585,0.8694509964054519
asexp,2.6045142923439913e-08,0.047031576336849346,0.0,1042.0,asexp <= 0.24155171339806714,0.07856413350953204
age,99.7647058823529,0.011259366941617428,0.0,1520.0,4.1005163349584635 < age <= 191.44947579329659,0.01880826620180644
nuc,37.4117647058824,0.006825204004220813,0.0,251.0,29.723545593620806 < nuc <= 77.33814535314531,0.011401196395734454
nd,5,0.004396305325572635,1.0,51.0,3.508812175977223 < nd <= 5.4934450612931585,0.0073438303677765505
