feature,value,importance,min,max,rule,importance_ratio
la,2208,0.5188665496529571,0.0,9886.0,la > 658.2665061764585,0.8125017793123593
aexp,22,-0.05198358671569875,0.0,1411.0,2.7519982932250286 < aexp <= 111.43266686158816,0.08140196497498929
asexp,13.0,0.045721082001841766,0.0,1042.0,0.24155171339806714 < asexp <= 14.706492054882105,0.07159540445116264
age,5.13333333333333,0.013157579706506363,0.0,1520.0,4.1005163349584635 < age <= 191.44947579329659,0.020603673391801743
ld,5,0.00460656505761954,0.0,9281.0,4.333691487323307 < ld <= 18.403235717698735,0.007213497012550549
