feature,value,importance,min,max,rule,importance_ratio
la,1407,0.5202353757615705,0.0,9886.0,la > 658.2665061764585,0.8097578433589554
aexp,9,-0.05351822956751657,0.0,1411.0,2.7519982932250286 < aexp <= 111.43266686158816,0.08330230540655009
asexp,0.0898628234863281,0.048394771911268016,0.0,1042.0,asexp <= 0.24155171339806714,0.07532753049588316
age,76.3,0.01073403287764692,0.0,1520.0,4.1005163349584635 < age <= 191.44947579329659,0.016707759061604287
ld,193,-0.004009292132710179,0.0,9281.0,112.20019725353488 < ld <= 3343.50552216309,0.006240551684949915
