feature,value,importance,min,max,rule,importance_ratio
la,951,0.5168307998753138,0.0,9886.0,la > 658.2665061764585,0.8204047069566182
aexp,13,-0.05332344042991739,0.0,1411.0,2.7519982932250286 < aexp <= 111.43266686158816,0.08464433917324402
asexp,0.396139711141586,0.039682092891288774,0.0,1042.0,0.24155171339806714 < asexp <= 0.24155171339806714,0.06299039414399664
age,106.96,0.01249307472474655,0.0,1520.0,4.1005163349584635 < age <= 191.44947579329659,0.019831204547050032
ld,908,-0.003636725294838223,0.0,9281.0,112.20019725353488 < ld <= 3343.50552216309,0.005772849742146304
