feature,value,importance,min,max,rule,importance_ratio
la,3181,0.5155237895642615,0.0,9886.0,la > 658.2665061764585,0.8129434959439062
aexp,15,-0.05371281084371058,0.0,1411.0,2.7519982932250286 < aexp <= 111.43266686158816,0.08470119344282329
asexp,15.0,-0.0468582194214392,0.0,1042.0,14.706492054882105 < asexp <= 620.167566348428,0.0738920016520848
age,2.9047619047619,-0.009047973503468679,0.0,1520.0,0.18108203666687217 < age <= 4.1005163349584635,0.01426799569683249
ld,86,0.004573053017350807,0.0,9281.0,37.16262802486597 < ld <= 112.20019725353488,0.00721137177821467
