feature,value,importance,min,max,rule,importance_ratio
la,918,0.39799163032035095,0.0,5213.0,la > 239.94258526681375,0.4475247747820987
ns,1,0.14453282354074629,1.0,7.0,ns <= 1.5017949723174673,0.16252105415289642
arexp,67.0,-0.1384626342304694,0.0,907.416666666682,arexp <= 108.72431331059042,0.15569538271407807
ld,124,-0.09716794440198123,0.0,4850.0,97.36831194335214 < ld <= 3595.889440929455,0.10926124853312666
nd,4,0.08007250662413705,1.0,33.0,3.494000317631119 < nd <= 4.505268855897399,0.09003815096403216
