feature,value,importance,min,max,rule,importance_ratio
ns,1,0.1451692374927171,1.0,7.0,ns <= 1.5017949723174673,0.3372859001447805
arexp,81.0,-0.14113641078282801,0.0,907.416666666682,arexp <= 108.72431331059042,0.32791603907458583
nd,4,0.08156822235745739,1.0,33.0,3.494000317631119 < nd <= 4.505268855897399,0.1895154357508067
la,212,0.04432257529718318,0.0,5213.0,118.90743536756628 < la <= 239.94258526681375,0.10297897794355519
nuc,28.0,-0.0171530941330988,0.0,832.0,22.00151805377125 < nuc <= 240.8531565030858,0.039853462723055434
