feature,value,importance,min,max,rule,importance_ratio
ns,1,0.14443928310982349,1.0,7.0,ns <= 1.5017949723174673,0.4805499665929429
arexp,580.5,0.0685380599158019,0.0,907.416666666682,552.9006280895086 < arexp <= 641.1475780455851,0.22802634916043635
la,130,0.04272178953555415,0.0,5213.0,118.90743536756628 < la <= 239.94258526681375,0.14213553329873194
nuc,9.5,0.01969243187876161,0.0,832.0,8.106175930005243 < nuc <= 11.58001146094675,0.06551678516901398
age,0.0,0.017079935488283036,0.0,2713.05714285714,age <= -0.5646137112329654,0.0568250011464216
