feature,value,importance,min,max,rule,importance_ratio
ns,1,0.14728187534700138,1.0,7.0,ns <= 1.5017949723174673,0.41712444799161746
nd,1,-0.08613974346506928,1.0,33.0,nd <= 1.5082366424900593,0.24396072400865249
arexp,641.470168720207,0.0720150143491156,0.0,907.416666666682,552.9006280895086 < arexp <= 641.1475780455851,0.20395736431729816
nuc,29.5,-0.016917607680166386,0.0,832.0,22.00151805377125 < nuc <= 240.8531565030858,0.04791321232366305
la,110,-0.015977351497548538,0.0,5213.0,51.009668350915256 < la <= 118.90743536756628,0.04525026523515587
