feature,value,importance,min,max,rule,importance_ratio
nd,13.0,0.22315338343605243,1.0,33.0,4.503916092667653 < nd <= 23.50498996321589,0.7217832694524982
la,160.0,-0.03069026169510987,0.0,9389.0,77.73891199130318 < la <= 259.02565808320827,0.09926677823819345
ld,66.0,-0.024924723280022994,0.0,9950.0,24.882467942900547 < ld <= 1866.9949643956745,0.0806183082785708
ndev,3.4,-0.013154607393672503,0.0,67.0,3.000808789151475 < ndev <= 10.846402884905007,0.04254820333338033
asexp,0.2912,-0.00822003380901967,0.0,2327.0,-0.8058376987231384 < asexp <= -0.8058376987231384,0.0265874654747706
