feature,value,importance,min,max,rule,importance_ratio
nd,7.0,0.2272414913013677,1.0,33.0,4.503916092667653 < nd <= 23.50498996321589,0.6341825162543179
la,73.0,-0.08312507539784736,0.0,9389.0,36.80319513184074 < la <= 77.73891199130318,0.2319843492389519
ld,83.0,-0.021933270199692833,0.0,9950.0,24.882467942900547 < ld <= 1866.9949643956745,0.06121107727848875
ndev,5.428571428571429,0.009482348714848616,0.0,67.0,3.000808789151475 < ndev <= 10.846402884905007,0.026463212037314242
aexp,115.0,-0.008442225349143689,0.0,4144.0,82.00568065157063 < aexp <= 400.33772908055585,0.02356044965224055
