feature,value,importance,min,max,rule,importance_ratio
la,378,0.3362526533265923,0.0,9389.0,la > 259.02565808320827,0.5046567783218566
nd,9,0.20439503460990496,1.0,33.0,4.503916092667653 < nd <= 23.50498996321589,0.3067614148193296
nuc,38.55813953488371,-0.04204601151730131,0.0,1520.0,23.10887044038192 < nuc <= 48.480082529455615,0.0631037539888072
age,3.37209302325581,-0.03614776960987365,0.0,1019.0,1.9558850614185843 < age <= 21.355116215938807,0.05425151823893987
ndev,2.0697674418604697,0.025326223352282646,0.0,67.0,2.0201095271822833 < ndev <= 3.000808789151475,0.0380102585290498
