feature,value,importance,min,max,rule,importance_ratio
la,475.0,0.35418094222334057,0.0,9389.0,la > 259.02565808320827,0.5607279548323842
nd,7.0,0.16946361759505585,1.0,33.0,4.503916092667653 < nd <= 23.50498996321589,0.2682893865380623
age,11.666666666666698,-0.0237058584238991,0.0,1019.0,1.9558850614185843 < age <= 21.355116215938807,0.03753035786775037
ld,21.0,-0.022211282782234186,0.0,9950.0,13.60422816869989 < ld <= 24.882467942900547,0.03516419345011605
ndev,5.72222222222222,-0.02142256262339117,0.0,67.0,3.000808789151475 < ndev <= 10.846402884905007,0.03391551688715114
