feature,value,importance,min,max,rule,importance_ratio
la,1180.0,0.3701633981199568,0.0,9389.0,la > 259.02565808320827,0.5779783993022609
nd,15.0,0.17316159062815292,1.0,33.0,4.503916092667653 < nd <= 23.50498996321589,0.27037697265643656
ndev,1.81967213114754,0.03867670205806331,0.0,67.0,ndev <= 2.0201095271822833,0.06039035317739778
ld,308.0,-0.03418009123751007,0.0,9950.0,24.882467942900547 < ld <= 1866.9949643956745,0.053369281030479665
asexp,0.250064017375232,0.011105612070707307,0.0,2327.0,-0.8058376987231384 < asexp <= -0.8058376987231384,0.017340460781644244
