feature,value,importance,min,max,rule,importance_ratio
nd,8.0,0.23222800978964112,1.0,33.0,4.503916092667653 < nd <= 23.50498996321589,0.7196594505041484
la,195.0,-0.028841999977192823,0.0,9389.0,77.73891199130318 < la <= 259.02565808320827,0.08937947611844503
nuc,33.15,-0.021393737510669555,0.0,1520.0,23.10887044038192 < nuc <= 48.480082529455615,0.06629779670034106
ndev,3.85,-0.013406606801271743,0.0,67.0,3.000808789151475 < ndev <= 10.846402884905007,0.04154619975629991
ld,191.0,-0.009605128868814932,0.0,9950.0,24.882467942900547 < ld <= 1866.9949643956745,0.029765667672966577
