feature,value,importance,min,max,rule,importance_ratio
la,904.0,0.3324505910903067,0.0,9389.0,la > 259.02565808320827,0.46992175688130716
nd,8.0,0.20117213203898612,1.0,33.0,4.503916092667653 < nd <= 23.50498996321589,0.28435853103247805
ndev,1.83636363636364,0.05683217715953513,0.0,67.0,ndev <= 2.0201095271822833,0.08033276900068395
ld,821.0,-0.03923770807465963,0.0,9950.0,24.882467942900547 < ld <= 1866.9949643956745,0.05546283630890353
asexp,0.0,0.028719836102886982,0.0,2327.0,asexp <= -0.8058376987231384,0.040595734224896526
