feature,value,importance,min,max,rule,importance_ratio
la,601.0,0.34393652612937714,0.0,9389.0,la > 259.02565808320827,0.5457966829073504
nd,14.0,0.22386898886308396,1.0,33.0,4.503916092667653 < nd <= 23.50498996321589,0.3552601780984763
ld,231.0,-0.02158858871112904,0.0,9950.0,24.882467942900547 < ld <= 1866.9949643956745,0.03425917055041995
aexp,100.0,-0.012296565600867298,0.0,4144.0,82.00568065157063 < aexp <= 400.33772908055585,0.01951355615419978
nuc,45.7,-0.011043005997887188,0.0,1520.0,23.10887044038192 < nuc <= 48.480082529455615,0.01752426853525165
