feature,value,importance,min,max,rule,importance_ratio
la,1750,0.3454154998292278,0.0,9389.0,la > 259.02565808320827,0.5553566029792226
nd,5,0.18469181397960804,1.0,33.0,4.503916092667653 < nd <= 23.50498996321589,0.29694619512006776
asexp,0.263888473642433,-0.025932301598782626,0.0,2327.0,-0.8058376987231384 < asexp <= -0.8058376987231384,0.041693771502589544
ld,312,-0.023415080774385456,0.0,9950.0,24.882467942900547 < ld <= 1866.9949643956745,0.037646601625508425
ndev,3.0,0.018705902997682607,0.0,67.0,3.000808789151475 < ndev <= 3.000808789151475,0.030075218829461563
