feature,value,importance,min,max,rule,importance_ratio
la,384,0.2896037218632707,0.0,9389.0,la > 259.02565808320827,0.6048661346816309
aexp,262,-0.0831571502377967,0.0,4144.0,82.00568065157063 < aexp <= 400.33772908055585,0.17368196690242524
age,21.111111111111104,-0.04250364235809109,0.0,1019.0,1.9558850614185843 < age <= 21.355116215938807,0.08877307825196694
ndev,3.11111111111111,-0.024097071386628633,0.0,67.0,3.000808789151475 < ndev <= 10.846402884905007,0.0503291267563849
nd,3,-0.014659831205477394,1.0,33.0,2.4996932323495513 < nd <= 3.4887902283506924,0.030618513392340698
