feature,value,importance,min,max,rule,importance_ratio
la,934.0,0.3542613345156365,0.0,9389.0,la > 259.02565808320827,0.6206091153165842
nd,1.0,-0.10507207689817731,1.0,33.0,nd <= 1.5105962363484104,0.18406944911843245
ndev,0.0,0.04538135576469618,0.0,67.0,ndev <= 2.0201095271822833,0.07950086647616394
nuc,0.0,-0.026842803714109038,0.0,1520.0,nuc <= 0.2747795602155918,0.04702429264093069
ld,0.0,0.024168061562668278,0.0,9950.0,ld <= 2.325988394499234,0.04233857281046932
