feature,value,importance,min,max,rule,importance_ratio
la,649,0.27439361386513494,0.0,9389.0,la > 259.02565808320827,0.4382367788627938
nd,7,0.20679105963103447,1.0,33.0,4.503916092667653 < nd <= 23.50498996321589,0.33026806489334
ld,377,-0.04908676353745005,0.0,9950.0,24.882467942900547 < ld <= 1866.9949643956745,0.07839695987977606
aexp,15,-0.03204091440999728,0.0,4144.0,aexp <= 82.00568065157063,0.05117286413872997
nuc,53.25,0.026971655048820004,0.0,1520.0,48.480082529455615 < nuc <= 193.0959914371757,0.043076699427133276
