feature,value,importance,min,max,rule,importance_ratio
nd,13,0.21633199787515012,1.0,33.0,4.503916092667653 < nd <= 23.50498996321589,0.651478894211626
la,108,-0.03251323419836409,0.0,9389.0,77.73891199130318 < la <= 259.02565808320827,0.09791286573805077
asexp,0.0,0.026098407693070435,0.0,2327.0,asexp <= -0.8058376987231384,0.07859476153120105
ndev,5.17241379310345,-0.020662764732747783,0.0,67.0,3.000808789151475 < ndev <= 10.846402884905007,0.062225446312451416
ld,98,-0.018924901075288724,0.0,9950.0,24.882467942900547 < ld <= 1866.9949643956745,0.05699190941096444
