feature,value,importance,min,max,rule,importance_ratio
la,1624.0,0.31439567831105736,0.0,9389.0,la > 259.02565808320827,0.47791107413192224
nd,5.0,0.23147209418264775,1.0,33.0,4.503916092667653 < nd <= 23.50498996321589,0.3518594077268015
ld,427.0,-0.027867860786007184,0.0,9950.0,24.882467942900547 < ld <= 1866.9949643956745,0.04236177594280614
nuc,89.31578947368419,-0.027092584062879836,0.0,1520.0,48.480082529455615 < nuc <= 193.0959914371757,0.04118328222594058
aexp,85.0,-0.015530957939482077,0.0,4144.0,82.00568065157063 < aexp <= 400.33772908055585,0.023608520419329624
