feature,value,importance,min,max,rule,importance_ratio
nd,7,0.2323637306968969,1.0,33.0,4.503916092667653 < nd <= 23.50498996321589,0.6488599822381569
la,94,-0.041952737711018956,0.0,9389.0,77.73891199130318 < la <= 259.02565808320827,0.11715017900759392
age,0.0,0.02394523607801199,0.0,1019.0,age <= 0.13720714068231388,0.06686545017016644
asexp,0.0,0.023516918067776695,0.0,2327.0,asexp <= -0.8058376987231384,0.06566940113239264
ld,91,-0.02307251702999208,0.0,9950.0,24.882467942900547 < ld <= 1866.9949643956745,0.0644284413293342
