feature,value,importance,min,max,rule,importance_ratio
nd,6.0,0.21982764371409744,1.0,33.0,4.503916092667653 < nd <= 23.50498996321589,0.5679062857885201
ld,6.0,0.04223267114376784,0.0,9950.0,2.325988394499234 < ld <= 6.085401652566119,0.10910456484434904
asexp,0.0,0.03370842769218496,0.0,2327.0,asexp <= -0.8058376987231384,0.08708289661393487
la,133.0,-0.03257691280976451,0.0,9389.0,77.73891199130318 < la <= 259.02565808320827,0.08415972278860118
nuc,16.0,-0.02720120951422685,0.0,1520.0,7.886143186937701 < nuc <= 23.10887044038192,0.07027204405771133
