feature,value,importance,min,max,rule,importance_ratio
la,300,0.2977383405569844,0.0,9389.0,la > 259.02565808320827,0.49596001130840073
nd,5,0.17349377466687263,1.0,33.0,4.503916092667653 < nd <= 23.50498996321589,0.2889986364696987
aexp,4431,-0.07814957539133316,0.0,4144.0,aexp > 4071.104162527291,0.13017827741742982
nuc,65.82352941176471,-0.014842528133135954,0.0,1520.0,48.480082529455615 < nuc <= 193.0959914371757,0.024724059410637034
ld,151,-0.012564344444160769,0.0,9950.0,24.882467942900547 < ld <= 1866.9949643956745,0.02092915679234123
