feature,value,importance,min,max,rule,importance_ratio
la,418.0,0.2857530441274067,0.0,9389.0,la > 259.02565808320827,0.6498083667345972
nd,2.0,-0.06369867982437624,1.0,33.0,1.5105962363484104 < nd <= 2.4996932323495513,0.14485212301490943
ndev,2.21052631578947,0.03759281811384741,0.0,67.0,2.0201095271822833 < ndev <= 3.000808789151475,0.08548685041695782
ld,249.0,-0.019556536318331215,0.0,9950.0,24.882467942900547 < ld <= 1866.9949643956745,0.04447197041349667
aexp,20.0,-0.014588295484053592,0.0,4144.0,aexp <= 82.00568065157063,0.03317408740432513
