feature,value,importance,min,max,rule,importance_ratio
nd,5.0,0.1910818970537237,1.0,33.0,4.503916092667653 < nd <= 23.50498996321589,0.49319903301083723
asexp,0.757164004342913,0.044628849540774604,0.0,2327.0,-0.8058376987231384 < asexp <= -0.8058376987231384,0.11519095098636004
la,112.0,-0.0405620510525241,0.0,9389.0,77.73891199130318 < la <= 259.02565808320827,0.1046941895831008
nuc,89.7272727272727,-0.03300944350745176,0.0,1520.0,48.480082529455615 < nuc <= 193.0959914371757,0.08520025114427138
ld,83.0,0.03300115691791204,0.0,9950.0,24.882467942900547 < ld <= 1866.9949643956745,0.08517886273432274
