feature,value,importance,min,max,rule,importance_ratio
la,424.0,0.32305374796707476,0.0,9389.0,la > 259.02565808320827,0.6354017660402549
asexp,0.0004887752301166,-0.09152991763067374,0.0,2327.0,-0.8058376987231384 < asexp <= -0.8058376987231384,0.18002661066163075
aexp,90.0,-0.030543839236989483,0.0,4144.0,82.00568065157063 < aexp <= 400.33772908055585,0.06007548129362903
age,119.888888888889,-0.025838723605120097,0.0,1019.0,21.355116215938807 < age <= 151.08747456179282,0.0508211736103821
ld,167.0,0.010389433912040892,0.0,9950.0,24.882467942900547 < ld <= 1866.9949643956745,0.020434570709707753
