feature,value,importance,min,max,rule,importance_ratio
la,1096.0,0.3115869312892007,0.0,9389.0,la > 259.02565808320827,0.5165047035616311
nd,9.0,0.17167428019855085,1.0,33.0,4.503916092667653 < nd <= 23.50498996321589,0.2845773179132759
nuc,63.61016949152541,-0.03082007775415347,0.0,1520.0,48.480082529455615 < nuc <= 193.0959914371757,0.051089161725401254
age,130.830508474576,0.024587660004139224,0.0,1019.0,21.355116215938807 < age <= 151.08747456179282,0.04075794189816286
ndev,2.69491525423729,0.02261681786472241,0.0,67.0,2.0201095271822833 < ndev <= 3.000808789151475,0.03749095881009028
