feature,value,importance,min,max,rule,importance_ratio
la,601,0.3490883286007706,0.0,9389.0,la > 259.02565808320827,0.6654788071953972
nd,1,-0.1111317656206585,1.0,33.0,nd <= 1.5105962363484104,0.21185421788000453
ld,327,-0.027982921675555706,0.0,9950.0,24.882467942900547 < ld <= 1866.9949643956745,0.05334478357707525
nuc,4.44444444444444,-0.014465936493684689,0.0,1520.0,0.2747795602155918 < nuc <= 7.886143186937701,0.02757690066971893
ndev,2.3333333333333304,-0.007621698881703744,0.0,67.0,2.0201095271822833 < ndev <= 3.000808789151475,0.014529500602122119
