feature,value,importance,min,max,rule,importance_ratio
nd,9.0,0.1810126018288144,1.0,33.0,4.503916092667653 < nd <= 23.50498996321589,0.4251904218290736
la,38.0,-0.11595142989274018,0.0,9389.0,25.107276029137182 < la <= 36.80319513184074,0.27236466903228845
age,75.0,0.04330061513749636,0.0,1019.0,21.355116215938807 < age <= 151.08747456179282,0.10171118822534764
asexp,0.671875,0.03282230408090075,0.0,2327.0,-0.8058376987231384 < asexp <= -0.8058376987231384,0.07709810906291706
ndev,6.72727272727273,-0.019289153264762937,0.0,67.0,3.000808789151475 < ndev <= 10.846402884905007,0.04530934935196674
