feature,value,importance,min,max,rule,importance_ratio
la,1077,0.34783455798513074,0.0,9389.0,la > 259.02565808320827,0.5700632518549257
nd,7,0.1917953054855532,1.0,33.0,4.503916092667653 < nd <= 23.50498996321589,0.3143317793635594
ld,4,0.019166382546583403,0.0,9950.0,2.325988394499234 < ld <= 6.085401652566119,0.031411629781960576
nuc,105.47619047619,-0.01838294850894983,0.0,1520.0,48.480082529455615 < nuc <= 193.0959914371757,0.030127666055945978
aexp,19,-0.015875501837477386,0.0,4144.0,aexp <= 82.00568065157063,0.026018231928203288
