commit_id,label,pred,score_or_proba,feature,value_actual,operator,threshold
,True,True,0.9566666666666667,nuc,67.5294117647059,>,1.5600000023841858
,True,True,0.9566666666666667,ent,2.02290076612228,<,2.465000033378601
