commit_id,label,pred,score_or_proba,feature,value_actual,operator,threshold
,True,True,0.9166666666666666,nuc,33.6666666666667,>,29.515000343322757
,True,True,0.9166666666666666,ndev,6.66666666666667,>,6.919999837875366
