commit_id,label,pred,score_or_proba,feature,value_actual,operator,threshold
,True,True,0.7366666666666667,asexp,0.152319920297676,<,24.0
,True,True,0.7366666666666667,ld,32.0,<,143.0
,True,True,0.7366666666666667,ent,2.47964727005367,>,1.5699999928474426
