commit_id,label,pred,score_or_proba,feature,value_actual,operator,threshold
,True,True,0.9333333333333333,asexp,0.4856704068134871,>,0.7950000166893005
,True,True,0.9333333333333333,ent,2.2585494469641803,<,2.259999990463257
