commit_id,label,pred,score_or_proba,feature,value_actual,operator,threshold
,True,True,0.6833333333333333,nuc,51.0,<,97.54000091552734
,True,True,0.6833333333333333,ent,1.35515020807731,<,2.064999938011169
