commit_id,label,pred,score_or_proba,feature,value_actual,operator,threshold
,True,True,0.9966666666666667,ndev,2.17142857142857,<,1.0049999952316284
,True,True,0.9966666666666667,arexp,232.250000000001,<,357.2049865722656
