feature,value,importance,min,max,rule,importance_ratio
la,9339.0,0.23800307914614413,0.0,9153.0,la > 949.9322361187499,0.607802070783915
arexp,1.5,0.048336651775820805,0.0,4413.603968254571,arexp <= 137.43529248710092,0.1234400712356534
asexp,1.375,-0.03009228469430355,0.0,6624.0,7.62507953411864 < asexp <= 773.4853226775799,0.07684838791764483
ld,0.0,-0.026592945999804645,0.0,8832.0,ld <= -0.3455353747416652,0.06791192662260122
ent,5.73117748557935,0.02620057789589629,0.0,6.569855608330951,ent > 4.26863542032997,0.06690991376242886
