feature,value,importance,min,max,rule,importance_ratio
la,3365,0.23068460599181503,0.0,9153.0,la > 949.9322361187499,0.5699474385815464
nuc,87.4659090909091,0.03968827888993467,0.0,1956.5,7.524991100135782 < nuc <= 240.31096810349047,0.09805696742430622
ent,5.33022880306517,0.03956120688039964,0.0,6.569855608330951,ent > 4.26863542032997,0.09774301337419301
ld,308,0.02846625227825936,0.0,8832.0,72.45479791656265 < ld <= 3335.0592083137003,0.07033095035646067
ns,8,0.026017710255041855,1.0,11.0,3.501821182358574 < ns <= 8.997412010926206,0.06428139083604079
