feature,value,importance,min,max,rule,importance_ratio
la,3667.0,0.2339733818127002,0.0,9153.0,la > 949.9322361187499,0.5445945415017384
arexp,1.0,0.04775080729677128,0.0,4413.603968254571,arexp <= 137.43529248710092,0.1111443908903293
ns,7.0,0.035079746635873425,1.0,11.0,3.501821182358574 < ns <= 8.997412010926206,0.08165133310101878
nuc,244.461538461538,0.03279429482785197,0.0,1956.5,240.31096810349047 < nuc <= 264.6016787473188,0.0763317340514563
ld,0.0,-0.026945945613166336,0.0,8832.0,ld <= -0.3455353747416652,0.06271916396148167
