feature,value,importance,min,max,rule,importance_ratio
la,87,0.10896339462330042,0.0,8960.0,53.20163936288285 < la <= 143.122304060467,0.315065012023387
age,221.5,0.05721378204481828,0.0,1848.0,69.01912192572016 < age <= 536.7965087044349,0.1654322627353193
asexp,0.5009784773289989,0.05349630704613962,0.0,1051.0,0.4721763844552811 < asexp <= 0.4721763844552811,0.15468327396524223
ns,2,0.05171516506271049,1.0,22.0,1.5032147725771707 < ns <= 5.499821160683655,0.14953314513193533
nuc,4.0,-0.030804801812912078,0.0,258.0,2.691750895275984 < nuc <= 12.62508428119034,0.08907133709551113
