feature,value,importance,min,max,rule,importance_ratio
la,207.0,0.20750639512190028,0.0,8960.0,143.122304060467 < la <= 476.1618029404084,0.4170140287527883
nd,5.0,0.06725570146688584,1.0,32.0,3.5021749794480725 < nd <= 9.505482373642016,0.13516003209840752
ns,4.0,0.06134713859045594,1.0,22.0,1.5032147725771707 < ns <= 5.499821160683655,0.123285922831598
age,96.8181818181818,0.055657831058491286,0.0,1848.0,69.01912192572016 < age <= 536.7965087044349,0.11185243880174718
asexp,0.5,0.048184870931686954,0.0,1051.0,0.4721763844552811 < asexp <= 0.4721763844552811,0.09683444763401991
