feature,value,importance,min,max,rule,importance_ratio
la,1249.0,0.2936803653430122,0.0,8960.0,la > 476.1618029404084,0.5299525154284818
nd,6.0,0.07617155416639748,1.0,32.0,3.5021749794480725 < nd <= 9.505482373642016,0.13745320252319582
ns,3.0,0.06096962580659164,1.0,22.0,1.5032147725771707 < ns <= 5.499821160683655,0.11002099688618261
asexp,0.527485149057826,0.04724312666632292,0.0,1051.0,0.4721763844552811 < asexp <= 0.4721763844552811,0.08525123490731837
ld,54.0,0.03085393505570088,0.0,6029.0,41.046938775510206 < ld <= 2168.054608676072,0.05567658728065782
