feature,value,importance,min,max,rule,importance_ratio
la,127.0,0.1059819734053761,0.0,8960.0,53.20163936288285 < la <= 143.122304060467,0.3041488896555152
age,207.0,0.057700450039396764,0.0,1848.0,69.01912192572016 < age <= 536.7965087044349,0.1655897436914099
ns,2.0,0.05718527675632972,1.0,22.0,1.5032147725771707 < ns <= 5.499821160683655,0.16411129054517817
asexp,0.1274378598992619,0.04912124199453445,0.0,1051.0,0.4721763844552811 < asexp <= 0.4721763844552811,0.1409689849234271
nuc,4.0,-0.030027400713020267,0.0,258.0,2.691750895275984 < nuc <= 12.62508428119034,0.08617315089212202
