feature,value,importance,min,max,rule,importance_ratio
la,93.0,0.10668785368113401,0.0,8960.0,53.20163936288285 < la <= 143.122304060467,0.2980109381490319
age,146.333333333333,0.056843365202761745,0.0,1848.0,69.01912192572016 < age <= 536.7965087044349,0.15878044226339716
ns,2.0,0.05572061430147538,1.0,22.0,1.5032147725771707 < ns <= 5.499821160683655,0.1556442647337597
asexp,0.167467837515468,0.04836333232092842,0.0,1051.0,0.4721763844552811 < asexp <= 0.4721763844552811,0.13509318577211138
ld,40.0,0.030587698903616057,0.0,6029.0,22.18677224437222 < ld <= 41.046938775510206,0.08544054952432374
