feature,value,importance,min,max,rule,importance_ratio
la,227.0,0.20736507459920012,0.0,8960.0,143.122304060467 < la <= 476.1618029404084,0.467720041721424
ns,3.0,0.06278759205224396,1.0,22.0,1.5032147725771707 < ns <= 5.499821160683655,0.1416198712875084
age,133.333333333333,0.05652003157868944,0.0,1848.0,69.01912192572016 < age <= 536.7965087044349,0.12748314333634078
asexp,0.527503408288304,0.0476892379485376,0.0,1051.0,0.4721763844552811 < asexp <= 0.4721763844552811,0.10756494267930575
aexp,195.0,-0.030083334048283554,0.0,1406.0,0.37596446854337273 < aexp <= 288.3855622881154,0.06785413736319218
