feature,value,importance,min,max,rule,importance_ratio
la,248.0,0.2073416139893847,0.0,8960.0,143.122304060467 < la <= 476.1618029404084,0.46077665815122765
ns,2.0,0.05998602478060476,1.0,22.0,1.5032147725771707 < ns <= 5.499821160683655,0.13330734483237353
age,356.777777777778,0.05767904669550092,0.0,1848.0,69.01912192572016 < age <= 536.7965087044349,0.12818053197493776
asexp,0.2231457196213299,0.04949065799127243,0.0,1051.0,0.4721763844552811 < asexp <= 0.4721763844552811,0.1099834208876727
nuc,12.555555555555598,-0.03311122783338319,0.0,258.0,2.691750895275984 < nuc <= 12.62508428119034,0.07358330349030334
