feature,value,importance,min,max,rule,importance_ratio
la,1043,0.29779002342949834,0.0,8960.0,la > 476.1618029404084,0.5756750582281969
nd,5,0.07264202739390407,1.0,32.0,3.5021749794480725 < nd <= 9.505482373642016,0.14042849007566044
ns,1,-0.05512607104854423,1.0,22.0,ns <= 1.5032147725771707,0.10656738528473769
ld,75,0.03415530845497956,0.0,6029.0,41.046938775510206 < ld <= 2168.054608676072,0.06602759540827075
nuc,10.1764705882353,-0.032697990533290776,0.0,258.0,2.691750895275984 < nuc <= 12.62508428119034,0.06321037013737847
