feature,value,importance,min,max,rule,importance_ratio
la,858.0,0.2979338467233684,0.0,8960.0,la > 476.1618029404084,0.5041366412577445
nuc,2.0714285714285703,-0.07657957050179126,0.0,258.0,0.8856902796551935 < nuc <= 2.0897306900690538,0.12958100560350194
nd,5.0,0.07603650500124197,1.0,32.0,3.5021749794480725 < nd <= 9.505482373642016,0.12866207940414306
ns,2.0,0.05954566492854031,1.0,22.0,1.5032147725771707 < ns <= 5.499821160683655,0.10075777508557518
asexp,6.989466783124946e-10,0.04616025833131008,0.0,1051.0,asexp <= 0.4721763844552811,0.07810820371927624
