feature,value,importance,min,max,rule,importance_ratio
la,1929.0,0.2956599336214965,0.0,8960.0,la > 476.1618029404084,0.48304892590099235
nd,4.0,0.07415342984024642,1.0,32.0,3.5021749794480725 < nd <= 9.505482373642016,0.12115180503984693
ns,1.0,-0.0599350844114335,1.0,22.0,ns <= 1.5032147725771707,0.0979218854381265
age,190.85714285714292,0.05251937800153333,0.0,1848.0,69.01912192572016 < age <= 536.7965087044349,0.08580611116928273
nuc,2.38095238095238,-0.05211954673435435,0.0,258.0,2.0897306900690538 < nuc <= 2.691750895275984,0.08515286721503192
