feature,value,importance,min,max,rule,importance_ratio
la,601,0.2857380444957087,0.0,8960.0,la > 476.1618029404084,0.5229717759135899
nd,5,0.07186567752483994,1.0,32.0,3.5021749794480725 < nd <= 9.505482373642016,0.13153208586112286
ns,5,0.05648895634995834,1.0,22.0,1.5032147725771707 < ns <= 5.499821160683655,0.10338885700005777
asexp,0.6580800009096159,0.050620594689930146,0.0,1051.0,0.4721763844552811 < asexp <= 0.4721763844552811,0.0926482938228143
ld,144,0.032217993169039845,0.0,6029.0,41.046938775510206 < ld <= 2168.054608676072,0.05896695042384431
