feature,value,importance,min,max,rule,importance_ratio
la,130.0,0.10721293896940524,0.0,8960.0,53.20163936288285 < la <= 143.122304060467,0.32206953252174697
age,286.4,0.05716629544645038,0.0,1848.0,69.01912192572016 < age <= 536.7965087044349,0.17172854533623355
ns,2.0,0.054587286279522695,1.0,22.0,1.5032147725771707 < ns <= 5.499821160683655,0.16398115696365353
asexp,0.166338686541857,0.04951283175817649,0.0,1051.0,0.4721763844552811 < asexp <= 0.4721763844552811,0.1487374073639973
ld,38.0,0.030996919929736723,0.0,6029.0,22.18677224437222 < ld <= 41.046938775510206,0.09311528633902265
