feature,value,importance,min,max,rule,importance_ratio
la,339.0,0.2073835868080574,0.0,8960.0,143.122304060467 < la <= 476.1618029404084,0.4753784999293505
ns,2.0,0.05920648066485226,1.0,22.0,1.5032147725771707 < ns <= 5.499821160683655,0.135717046839408
age,154.357142857143,0.05713335015809205,0.0,1848.0,69.01912192572016 < age <= 536.7965087044349,0.13096487871641385
asexp,0.166338686541857,0.049660482113821985,0.0,1051.0,0.4721763844552811 < asexp <= 0.4721763844552811,0.11383507179325061
nuc,7.928571428571429,-0.03320900759676829,0.0,258.0,2.691750895275984 < nuc <= 12.62508428119034,0.07612390381744885
