feature,value,importance,min,max,rule,importance_ratio
la,344.0,0.20790516792280012,0.0,8960.0,143.122304060467 < la <= 476.1618029404084,0.46251553634525266
nd,4.0,0.07344265806772092,1.0,32.0,3.5021749794480725 < nd <= 9.505482373642016,0.1633839635935657
ns,2.0,0.0635863281058453,1.0,22.0,1.5032147725771707 < ns <= 5.499821160683655,0.14145711211479228
aexp,238.0,-0.03159876829565562,0.0,1406.0,0.37596446854337273 < aexp <= 288.3855622881154,0.07029609418627522
ld,93.0,0.028551916712992013,0.0,6029.0,41.046938775510206 < ld <= 2168.054608676072,0.0635179260050816
