feature,value,importance,min,max,rule,importance_ratio
la,158,0.2092182277217036,0.0,8960.0,143.122304060467 < la <= 476.1618029404084,0.47583422235038836
asexp,0.0013732915999966,0.06564657128963118,0.0,1051.0,asexp <= 0.4721763844552811,0.1493028859852567
age,279.125,0.05774568184755025,0.0,1848.0,69.01912192572016 < age <= 536.7965087044349,0.1313335454335827
ns,2,0.05325897407509248,1.0,22.0,1.5032147725771707 < ns <= 5.499821160683655,0.12112922850063979
ld,95,0.028918366378132675,0.0,6029.0,41.046938775510206 < ld <= 2168.054608676072,0.06577031326107026
