feature,value,importance,min,max,rule,importance_ratio
la,1106,0.2882439836280734,0.0,8960.0,la > 476.1618029404084,0.5075824192781959
nd,9,0.0672103956791554,1.0,32.0,3.5021749794480725 < nd <= 9.505482373642016,0.11835395420946404
ns,4,0.05368762187077872,1.0,22.0,1.5032147725771707 < ns <= 5.499821160683655,0.09454106431454673
age,389.363636363636,0.0527098056147957,0.0,1848.0,69.01912192572016 < age <= 536.7965087044349,0.09281918157280034
asexp,0.345849331705114,0.052258016765372645,0.0,1051.0,0.4721763844552811 < asexp <= 0.4721763844552811,0.09202360528944949
