feature,value,importance,min,max,rule,importance_ratio
la,1213.0,0.29986575878351357,0.0,8960.0,la > 476.1618029404084,0.5994842267912943
ns,2.0,0.05916686456064189,1.0,22.0,1.5032147725771707 < ns <= 5.499821160683655,0.118284935888291
asexp,0.174090151385607,0.0513083550035886,0.0,1051.0,0.4721763844552811 < asexp <= 0.4721763844552811,0.10257439746385154
nuc,7.428571428571429,-0.032794463817696524,0.0,258.0,2.691750895275984 < nuc <= 12.62508428119034,0.06556188297237411
ld,53.0,0.03189301911619676,0.0,6029.0,41.046938775510206 < ld <= 2168.054608676072,0.06375973696522085
