feature,value,importance,min,max,rule,importance_ratio
la,1535,0.5093013735436549,0.0,9734.0,212.59109949217347 < la <= 2794.191375994233,0.9180115916410975
nuc,4.6153846153846105,0.016081698964374436,0.0,581.0,3.618814697638001 < nuc <= 386.2500376550125,0.028987131842700468
arexp,26.3333333333333,-0.009385846473138542,0.0,193.5,arexp > 25.250687967841692,0.01691791207974495
ld,88,0.005267741933981057,0.0,4567.0,35.77878461055515 < ld <= 470.40204550359016,0.009495062075959623
age,21.6538461538462,0.0050636259044176965,0.0,2052.0,14.488469387226687 < age <= 1029.5760255141604,0.009127144589550447
