feature,value,importance,min,max,rule,importance_ratio
la,1147.0,0.21325321215531912,0.0,5213.0,la > 239.94258526681375,0.5650513312991681
age,40.24285714285711,0.05423415355874775,0.0,2713.05714285714,4.2314858096329 < age <= 205.66766568599962,0.14370278581283052
nd,21.0,0.047493329881818265,1.0,33.0,nd > 4.505268855897399,0.12584180564654912
nuc,40.74285714285711,0.03206677703237984,0.0,832.0,22.00151805377125 < nuc <= 240.8531565030858,0.08496648125245071
ld,102.0,0.016291565989393256,0.0,4850.0,97.36831194335214 < ld <= 3595.889440929455,0.043167326570209864
