,nuc,arexp,ent,ndev,age,asexp,la,ld,target
0,1.83,18.0,3.95,0.07,18.88,0.35,780.0,4138.0,1
1,15.59,46.0,4.6,0.17,3.98,2.0,1183.0,1394.0,1
2,29.91,62.0,3.76,0.39,28.57,1.0,3997.0,1714.0,0
3,38.86,201.0,5.31,0.18,0.84,0.32,491.0,8658.0,1
4,16.33,208.0,4.51,0.16,6.03,0.24,2447.0,2225.0,1
5,42.88,155.0,5.04,0.2,16.9,1.0,1959.0,3245.0,1
6,45.87,158.0,1.92,0.67,38.07,0.67,3528.0,2965.0,0
7,44.58,194.0,5.26,0.19,18.6,2.0,2511.0,2485.0,1
8,2.68,217.0,4.04,0.06,202.05,32.0,1694.0,1520.0,1
9,11.95,219.0,4.72,0.18,217.51,0.56,3542.0,2973.0,1
10,18.76,9.0,5.7,0.13,31.94,0.65,4990.0,4983.0,1
11,33.48,258.5,2.08,0.52,63.7,1.0,1821.0,1643.0,0
12,57.71,22.0,2.32,0.79,97.14,0.5,1867.0,3848.0,0
13,25.96,32.0,4.74,0.26,20.52,0.94,1965.0,1860.0,0
14,18.97,249.5,5.46,0.18,31.55,1.0,2433.0,2425.0,1
15,56.56,57.0,3.22,0.69,110.25,0.5,3.0,1951.0,1
16,48.4,271.5,5.37,0.25,65.96,2.0,1644.0,2919.0,1
17,17.4,7.0,1.27,2.0,9.2,8.0,3.0,4270.0,0
18,86.0,10.0,1.97,1.0,23.77,1.05,652.0,4349.0,0
19,28.7,307.67,1.63,0.7,50.55,0.33,5317.0,2763.0,1
20,12.75,3.0,2.71,0.81,20.62,0.0,572.0,2083.0,0
21,11.55,70.0,5.08,0.23,157.7,0.25,4777.0,2027.0,1
22,16.17,18.0,2.54,0.61,33.39,10.0,4745.0,1828.0,0
23,15.84,85.83,4.32,0.45,21.52,108.0,3180.0,2461.0,0
24,15.65,253.0,4.33,0.32,68.62,387.0,3993.0,2811.0,1
25,1.02,247.25,4.95,0.05,1.95,27.0,0.0,6249.0,1
26,17.96,254.42,3.94,0.4,67.85,1.0,4983.0,2123.0,0
27,18.96,85.5,3.94,0.4,2.0,1.03,2123.0,4983.0,0
28,11.14,360.78,4.68,0.41,106.27,0.5,1190.0,8441.0,1
29,1.77,319.5,5.45,0.03,30.72,223.0,1102.0,1941.0,0
30,5.6,488.5,0.28,0.4,7.0,357.0,251.0,6622.0,0
31,17.37,498.5,2.62,1.11,51.79,1.25,812.0,1960.0,0
32,28.25,529.0,0.01,4.5,7.75,0.27,5518.0,2349.0,1
33,8.36,30.53,3.12,0.36,0.0,25.0,14.0,1929.0,1
34,21.94,6.0,2.84,0.32,28.06,1.21,4132.0,4584.0,0
35,66.62,36.0,5.57,0.35,32.05,0.27,131.0,5890.0,1
36,4.07,11.0,1.29,0.6,6.87,10.0,1671.0,1597.0,0
37,84.44,186.0,5.35,0.42,18.64,134.0,1070.0,4505.0,0
38,44.39,123.0,1.59,1.04,41.64,0.33,4328.0,3195.0,0
39,25.59,743.0,3.24,0.85,1.68,0.72,4154.0,2476.0,0
40,31.71,1.0,1.46,1.17,72.54,0.33,2624.0,2105.0,0
41,7.31,232.0,2.11,0.54,19.62,168.0,4405.0,4780.0,0
42,18.92,796.33,3.19,0.48,2.46,0.54,6149.0,2553.0,1
43,10.04,792.5,1.19,0.56,32.29,1.06,3727.0,2987.0,0
44,16.62,57.5,3.78,0.81,30.16,44.0,794.0,1464.0,0
45,2.24,105.0,2.63,0.12,27.16,74.0,1960.0,1911.0,1
46,15.16,341.0,4.46,0.61,87.57,0.02,1021.0,2671.0,0
47,6.33,173.0,2.87,0.96,12.67,1.0,3210.0,3690.0,0
48,7.64,179.0,3.97,0.67,0.27,1.0,2425.0,6091.0,1
49,6.4,46.0,4.66,0.36,28.79,0.62,1971.0,1607.0,1
50,15.7,1.0,1.94,1.8,0.0,1.0,506.0,7576.0,1
51,4.88,74.0,3.24,0.88,49.69,0.0,0.0,4194.0,1
52,8.06,75.0,4.85,0.53,46.95,0.14,1467.0,3644.0,0
53,33.93,69.5,2.8,1.13,15.37,0.5,6542.0,3253.0,0
54,52.65,72.5,3.47,1.09,7.47,0.25,5453.0,3190.0,0
55,65.0,849.75,4.08,1.58,70.42,1.25,1180.0,2476.0,0
56,47.21,91.5,2.95,1.09,46.61,0.0,6311.0,2936.0,0
57,11.79,115.0,3.15,0.79,17.21,0.5,4828.0,4956.0,0
58,46.0,116.0,1.01,4.67,2.0,93.0,2340.0,2285.0,0
59,1.86,119.0,0.8,0.29,0.86,0.5,186.0,2563.0,1
60,20.48,156.0,4.32,1.0,27.91,126.0,734.0,2151.0,0
61,19.25,0.0,2.99,1.19,19.31,0.0,1770.0,1874.0,0
62,1.33,137.0,1.01,0.67,42.67,86.0,58.0,4477.0,0
63,23.12,34.43,2.04,1.56,43.06,1.02,4080.0,3491.0,0
64,9.0,80.0,0.9,1.62,143.81,0.84,1953.0,1967.0,0
65,15.33,48.0,3.29,1.39,51.28,48.0,2004.0,1985.0,0
66,17.86,107.67,4.72,0.8,95.1,0.05,1583.0,3826.0,0
67,84.6,26.0,2.07,2.45,31.15,1.0,5902.0,2192.0,0
68,32.76,49.0,3.51,2.36,148.16,0.5,88.0,2732.0,0
69,17.83,129.0,5.17,1.0,75.32,0.07,1110.0,1473.0,1
70,15.84,39.88,1.27,0.77,15.39,0.2,3244.0,3254.0,0
71,16.4,54.0,4.38,0.69,55.55,52.0,3660.0,1739.0,0
72,45.84,356.5,3.19,1.23,34.81,0.98,5131.0,1737.0,0
73,18.25,115.0,1.79,2.33,20.17,0.35,389.0,2871.0,0
74,11.31,352.33,0.61,0.69,13.46,0.0,4504.0,2859.0,1
75,66.76,53.0,2.8,1.62,18.83,0.47,5925.0,2540.0,0
76,8.54,39.54,4.3,0.59,56.49,0.25,5063.0,4823.0,1
77,35.57,17.0,3.31,0.95,29.09,0.94,4780.0,4145.0,0
78,12.2,85.5,0.94,0.6,15.47,0.23,1124.0,1716.0,1
79,25.17,117.5,4.49,0.9,59.95,1.0,4212.0,1851.0,0
80,23.33,94.58,0.42,3.67,11.0,0.0,221.0,3243.0,1
81,6.65,101.0,3.04,0.21,0.0,14.0,166.0,1873.0,1
82,8.82,102.5,3.04,0.24,0.0,16.0,166.0,1873.0,1
83,15.15,126.5,4.2,0.76,89.09,0.5,1099.0,4632.0,0
84,95.7,79.0,2.46,2.57,44.97,1.0,5774.0,2708.0,0
85,51.25,108.5,1.47,3.6,297.2,1.0,1207.0,2054.0,0
86,50.74,60.17,3.33,2.19,68.87,0.02,5202.0,4429.0,0
87,1.43,36.0,2.38,0.14,11.0,24.0,932.0,1563.0,1
88,17.62,34.5,1.59,3.5,274.0,1.0,1726.0,2042.0,0
89,38.19,142.0,3.32,1.97,170.95,159.0,3659.0,1659.0,0
90,14.21,105.5,3.91,1.33,165.25,69.0,3030.0,2554.0,0
91,14.29,15.0,3.72,0.94,17.84,15.0,2177.0,1859.0,0
92,21.12,17.0,4.32,1.21,29.79,17.0,3291.0,3801.0,0
93,22.65,184.83,4.21,1.03,498.32,0.09,1025.0,7936.0,0
94,71.03,79.97,2.53,2.68,146.1,0.33,5629.0,2880.0,1
95,84.35,203.5,1.05,5.12,0.0,0.46,232.0,6924.0,1
96,19.14,202.0,2.36,1.93,0.0,194.0,5805.0,1871.0,1
97,18.8,29.0,2.4,1.87,0.0,29.0,1901.0,5793.0,1
98,33.71,150.0,4.53,1.5,35.21,181.0,2269.0,1654.0,0
99,25.12,153.33,3.98,1.88,84.62,1.0,4479.0,2897.0,0
100,22.65,144.67,5.02,0.99,32.78,1.0,2134.0,3266.0,0
101,25.74,145.0,4.72,0.77,101.91,0.25,1810.0,5476.0,0
102,50.85,41.67,4.17,1.8,301.49,0.25,2006.0,5210.0,0
103,45.66,36.0,4.28,2.34,72.24,1.06,1922.0,1842.0,0
104,14.55,76.33,3.04,1.31,35.76,0.12,768.0,1628.0,0
105,27.24,24.5,3.63,2.35,186.41,0.12,416.0,1932.0,0
106,87.34,28.5,4.06,3.2,366.54,0.21,81.0,2208.0,1
107,24.53,47.5,4.05,1.12,59.69,49.0,2876.0,2532.0,0
108,91.86,75.5,2.62,2.44,44.32,0.98,5734.85,2821.62,0
109,22.53,12.43,5.54,0.25,32.58,0.67,5028.41,4871.54,1
110,33.47,22.38,5.08,0.59,34.43,0.72,5139.89,4548.06,0
111,31.42,20.52,5.17,0.53,34.09,0.71,5119.06,4608.5,0
112,45.31,33.16,4.58,0.97,36.44,0.77,5260.55,4197.92,0
113,46.2,33.96,4.54,1.0,36.59,0.78,5269.59,4171.7,0
114,94.03,77.48,2.53,2.51,44.68,0.99,5756.98,2757.4,0
115,50.01,37.43,4.38,1.12,37.23,0.79,5308.44,4058.94,0
116,33.79,22.68,5.07,0.6,34.49,0.72,5143.2,4538.46,0
117,28.77,18.11,5.28,0.44,33.64,0.7,5092.03,4686.93,0
118,72.27,57.68,3.44,1.82,41.0,0.89,5535.26,3400.78,0
119,81.92,66.47,3.04,2.13,42.63,0.94,5633.62,3115.35,0
120,63.27,49.5,3.82,1.54,39.48,0.85,5443.59,3666.78,0
121,65.35,51.39,3.74,1.6,39.83,0.86,5464.77,3605.31,0
122,53.66,40.75,4.23,1.23,37.85,0.81,5345.6,3951.14,0
123,63.38,49.59,3.82,1.54,39.49,0.85,5444.62,3663.78,0
124,19.6,9.76,5.67,0.15,32.08,0.66,4998.56,4958.17,1
125,85.93,70.11,2.87,2.26,43.31,0.96,5674.42,2996.97,0
126,62.03,48.37,3.88,1.5,39.27,0.85,5430.91,3703.57,0
127,23.37,13.19,5.51,0.27,32.72,0.68,5036.94,4846.78,1
128,33.68,22.57,5.07,0.6,34.47,0.72,5142.0,4541.92,0
129,88.16,72.14,2.77,2.33,43.69,0.97,5697.16,2930.97,0
130,80.22,64.91,3.11,2.08,42.35,0.93,5616.23,3165.81,0
131,90.66,74.41,2.67,2.41,44.11,0.98,5722.6,2857.17,0
132,64.78,50.87,3.76,1.59,39.73,0.86,5458.99,3622.1,0
133,67.62,53.45,3.64,1.68,40.21,0.87,5487.84,3538.37,0
134,44.31,32.25,4.62,0.94,36.27,0.77,5250.39,4227.41,0
135,79.11,63.91,3.16,2.04,42.16,0.93,5605.01,3198.39,0
136,55.01,41.98,4.17,1.28,38.08,0.82,5359.36,3911.2,0
137,86.23,70.38,2.86,2.27,43.36,0.96,5677.5,2988.02,0
138,70.16,55.76,3.53,1.76,40.64,0.89,5513.76,3463.15,0
139,85.95,70.13,2.87,2.26,43.32,0.96,5674.61,2996.41,0
140,78.07,62.96,3.2,2.01,41.98,0.92,5594.38,3229.22,0
141,53.52,40.63,4.24,1.23,37.83,0.81,5344.21,3955.15,0
142,84.77,69.06,2.92,2.22,43.12,0.95,5662.67,3031.05,0
143,92.09,75.71,2.61,2.45,44.35,0.98,5737.17,2814.88,0
144,62.88,49.14,3.84,1.53,39.41,0.85,5439.58,3678.43,0
145,82.42,66.92,3.02,2.15,42.72,0.94,5638.72,3100.56,0
146,68.14,53.93,3.62,1.69,40.3,0.88,5493.2,3522.81,0
147,42.39,30.5,4.7,0.88,35.94,0.76,5230.79,4284.29,0
148,39.32,27.71,4.83,0.78,35.42,0.75,5199.51,4375.06,0
149,37.37,25.94,4.92,0.72,35.09,0.74,5179.68,4432.58,0
150,28.93,18.25,5.27,0.45,33.66,0.7,5093.62,4682.31,0
151,27.97,17.38,5.31,0.42,33.5,0.7,5083.89,4710.55,0
152,84.46,68.77,2.93,2.21,43.06,0.95,5659.47,3040.35,0
153,59.19,45.78,4.0,1.41,38.79,0.84,5401.97,3787.55,0
154,67.4,53.25,3.65,1.67,40.18,0.87,5485.63,3544.79,0
155,36.42,25.07,4.96,0.69,34.93,0.73,5169.99,4460.72,0
156,61.8,48.16,3.89,1.49,39.23,0.85,5428.62,3710.22,0
157,89.46,73.33,2.72,2.37,43.91,0.97,5710.44,2892.43,0
158,41.77,29.94,4.73,0.86,35.84,0.76,5224.51,4302.5,0
159,60.69,47.15,3.93,1.46,39.04,0.84,5417.25,3743.21,0
160,58.18,44.87,4.04,1.38,38.62,0.83,5391.73,3817.26,0
161,19.66,9.82,5.66,0.16,32.1,0.66,4999.19,4956.34,1
162,37.83,26.35,4.9,0.73,35.17,0.74,5184.28,4419.24,0
163,79.33,64.11,3.15,2.05,42.2,0.93,5607.2,3192.03,0
164,18.93,9.16,5.69,0.13,31.97,0.66,4991.8,4977.79,1
165,44.09,32.05,4.63,0.93,36.23,0.77,5248.13,4233.95,0
166,32.82,21.8,5.11,0.57,34.32,0.72,5133.31,4567.15,0
167,31.23,20.35,5.17,0.52,34.05,0.71,5117.12,4614.12,0
168,41.9,30.05,4.72,0.86,35.86,0.76,5225.8,4298.75,0
169,92.49,76.08,2.59,2.46,44.42,0.99,5741.25,2803.02,0
170,51.18,38.49,4.33,1.15,37.43,0.8,5320.32,4024.47,0
171,48.8,36.33,4.43,1.08,37.03,0.79,5296.12,4094.7,0
172,62.22,48.54,3.87,1.5,39.3,0.85,5432.85,3697.94,0
173,68.91,54.63,3.59,1.72,40.43,0.88,5501.07,3499.99,0
174,85.22,69.46,2.9,2.23,43.19,0.95,5667.18,3017.98,0
175,59.53,46.09,3.98,1.42,38.84,0.84,5405.45,3777.45,0
176,69.03,54.74,3.58,1.72,40.45,0.88,5502.27,3496.5,0
177,91.88,75.53,2.62,2.45,44.32,0.98,5735.11,2820.85,0
178,65.52,51.54,3.73,1.61,39.86,0.86,5466.47,3600.39,0
179,88.1,72.09,2.78,2.33,43.68,0.97,5696.56,2932.73,0
180,61.31,47.72,3.91,1.48,39.15,0.85,5423.63,3724.71,0
181,90.51,74.28,2.68,2.4,44.09,0.98,5721.11,2861.46,0
182,31.26,20.37,5.17,0.52,34.06,0.71,5117.38,4613.38,0
183,57.25,44.02,4.08,1.35,38.46,0.83,5382.18,3844.97,0
184,36.07,24.75,4.97,0.68,34.87,0.73,5166.35,4471.28,0
185,72.67,58.05,3.43,1.84,41.07,0.9,5539.33,3388.97,0
186,56.35,43.2,4.12,1.32,38.31,0.82,5373.05,3871.48,0
187,63.88,50.05,3.8,1.56,39.58,0.86,5449.77,3648.85,0
188,53.8,40.88,4.22,1.24,37.87,0.81,5347.08,3946.84,0
189,91.1,74.81,2.65,2.42,44.19,0.98,5727.13,2844.02,0
190,76.52,61.55,3.27,1.96,41.72,0.91,5578.61,3274.98,0
191,47.17,34.85,4.5,1.03,36.75,0.78,5279.49,4142.95,0
192,38.03,26.54,4.89,0.74,35.21,0.74,5186.4,4413.09,0
193,90.61,74.36,2.67,2.41,44.1,0.98,5722.08,2858.65,0
194,33.84,22.72,5.06,0.6,34.49,0.72,5143.63,4537.19,0
195,69.16,54.86,3.58,1.72,40.47,0.88,5503.58,3492.71,0
196,27.7,17.14,5.32,0.41,33.46,0.69,5081.11,4718.61,0
197,50.12,37.53,4.38,1.12,37.25,0.8,5309.54,4055.76,0
198,22.33,12.25,5.55,0.24,32.55,0.67,5026.42,4877.31,1
199,50.91,38.25,4.35,1.15,37.39,0.8,5317.62,4032.31,0
200,45.24,33.1,4.58,0.97,36.43,0.77,5259.88,4199.87,0
201,53.14,40.28,4.25,1.22,37.76,0.81,5340.31,3966.49,0
202,69.86,55.49,3.55,1.75,40.59,0.88,5510.65,3472.18,0
203,28.68,18.03,5.28,0.44,33.62,0.7,5091.14,4689.51,0
204,84.29,68.62,2.94,2.2,43.03,0.95,5657.72,3045.42,0
205,72.97,58.32,3.41,1.85,41.12,0.9,5542.42,3380.01,0
206,68.67,54.41,3.6,1.71,40.39,0.88,5498.61,3507.11,0
207,90.49,74.26,2.68,2.4,44.08,0.98,5720.91,2862.06,0
208,86.67,70.79,2.84,2.28,43.44,0.96,5682.0,2974.96,0
209,66.27,52.23,3.7,1.63,39.99,0.87,5474.13,3578.16,0
210,30.57,19.75,5.2,0.5,33.94,0.71,5110.4,4633.63,0
211,81.44,66.02,3.06,2.11,42.55,0.94,5628.66,3129.76,0
212,52.35,39.57,4.28,1.19,37.63,0.81,5332.33,3989.63,0
213,58.87,45.5,4.01,1.4,38.73,0.83,5398.76,3796.87,0
214,52.75,39.93,4.27,1.2,37.7,0.81,5336.38,3977.87,0
215,84.6,68.9,2.92,2.21,43.09,0.95,5660.85,3036.32,0
216,30.1,19.32,5.22,0.49,33.86,0.71,5105.55,4647.69,0
217,76.66,61.68,3.26,1.96,41.74,0.91,5579.99,3270.98,0
218,73.05,58.39,3.41,1.85,41.13,0.9,5543.17,3377.81,0
219,85.85,70.04,2.87,2.25,43.3,0.96,5673.66,2999.16,0
220,68.24,54.02,3.61,1.7,40.32,0.88,5494.21,3519.9,0
221,34.66,23.46,5.03,0.63,34.63,0.73,5151.98,4512.96,0
222,87.62,71.65,2.8,2.31,43.6,0.96,5691.63,2947.02,0
223,21.3,11.31,5.59,0.21,32.37,0.67,5015.88,4907.89,1
224,35.69,24.41,4.99,0.66,34.81,0.73,5162.57,4482.25,0
225,84.8,69.08,2.92,2.22,43.12,0.95,5662.9,3030.37,0
226,22.29,12.21,5.55,0.24,32.54,0.67,5026.0,4878.54,1
227,61.78,48.14,3.89,1.49,39.23,0.85,5428.38,3710.91,0
228,60.4,46.89,3.94,1.45,38.99,0.84,5414.33,3751.68,0
229,49.07,36.58,4.42,1.09,37.07,0.79,5298.86,4086.75,0
230,20.0,10.13,5.65,0.17,32.15,0.66,5002.64,4946.32,1
231,56.34,43.19,4.12,1.32,38.3,0.82,5372.9,3871.9,0
232,56.68,43.5,4.1,1.33,38.36,0.82,5376.38,3861.82,0
233,19.02,9.24,5.69,0.13,31.99,0.66,4992.71,4975.12,1
234,18.86,9.1,5.7,0.13,31.96,0.65,4991.08,4979.88,1
235,95.62,78.93,2.46,2.56,44.95,1.0,5773.19,2710.36,0
236,64.76,50.85,3.76,1.59,39.73,0.86,5458.75,3622.79,0
237,34.3,23.14,5.05,0.62,34.57,0.72,5148.32,4523.6,0
238,67.27,53.13,3.66,1.66,40.15,0.87,5484.27,3548.75,0
239,73.17,58.5,3.41,1.85,41.15,0.9,5544.41,3374.22,0
240,92.28,75.89,2.6,2.46,44.39,0.98,5739.17,2809.08,0
241,89.45,73.31,2.72,2.37,43.91,0.97,5710.28,2892.91,0
242,74.15,59.4,3.37,1.88,41.32,0.9,5554.46,3345.06,0
243,53.9,40.97,4.22,1.24,37.89,0.81,5348.07,3943.96,0
244,69.98,55.6,3.54,1.75,40.61,0.88,5511.94,3468.43,0
245,87.96,71.96,2.78,2.32,43.66,0.97,5695.16,2936.79,0
246,94.41,77.82,2.51,2.53,44.75,0.99,5760.82,2746.25,0
247,72.64,58.02,3.43,1.84,41.06,0.9,5538.98,3389.97,0
248,82.54,67.02,3.01,2.15,42.74,0.94,5639.87,3097.22,0
249,47.45,35.1,4.49,1.04,36.8,0.78,5282.34,4134.69,0
250,64.96,51.03,3.75,1.59,39.76,0.86,5460.79,3616.86,0
251,68.41,54.17,3.61,1.7,40.35,0.88,5495.94,3514.88,0
252,70.39,55.97,3.52,1.76,40.68,0.89,5516.11,3456.35,0
253,45.72,33.53,4.56,0.98,36.51,0.78,5264.69,4185.9,0
254,37.55,26.09,4.91,0.72,35.12,0.74,5181.44,4427.48,0
255,62.33,48.64,3.86,1.51,39.32,0.85,5434.0,3694.62,0
256,68.62,54.37,3.6,1.71,40.38,0.88,5498.11,3508.57,0
257,18.89,9.12,5.69,0.13,31.97,0.65,4991.36,4979.05,1
258,83.25,67.68,2.98,2.17,42.86,0.94,5647.16,3076.05,0
259,80.03,64.75,3.12,2.07,42.31,0.93,5614.35,3171.26,0
260,51.02,38.35,4.34,1.15,37.4,0.8,5318.69,4029.2,0
261,34.61,23.42,5.03,0.63,34.63,0.73,5151.48,4514.41,0
262,90.46,74.23,2.68,2.4,44.08,0.98,5720.58,2863.0,0
263,51.87,39.12,4.3,1.18,37.55,0.8,5327.4,4003.95,0
264,66.47,52.41,3.69,1.64,40.02,0.87,5476.18,3572.2,0
265,83.24,67.66,2.98,2.17,42.86,0.94,5647.04,3076.4,0
266,23.44,13.26,5.5,0.28,32.74,0.68,5037.73,4844.48,1
267,56.04,42.91,4.13,1.31,38.25,0.82,5369.84,3880.79,0
268,83.32,67.74,2.98,2.17,42.87,0.94,5647.86,3074.04,0
269,33.4,22.32,5.08,0.59,34.42,0.72,5139.19,4550.07,0
270,20.68,10.75,5.62,0.19,32.27,0.66,5009.6,4926.12,1
271,20.67,10.74,5.62,0.19,32.27,0.66,5009.47,4926.51,1
272,86.71,70.82,2.84,2.28,43.44,0.96,5682.35,2973.96,0
273,59.45,46.02,3.99,1.42,38.83,0.84,5404.63,3779.82,0
274,79.04,63.85,3.16,2.04,42.15,0.93,5604.28,3200.49,0
275,47.44,35.09,4.49,1.04,36.8,0.78,5282.23,4135.01,0
276,44.97,32.85,4.6,0.96,36.38,0.77,5257.07,4208.03,0
277,23.49,13.31,5.5,0.28,32.74,0.68,5038.23,4843.05,1
278,22.34,12.25,5.55,0.24,32.55,0.67,5026.45,4877.23,1
279,42.71,30.79,4.69,0.89,36.0,0.76,5234.07,4274.75,0
280,55.89,42.78,4.14,1.3,38.23,0.82,5368.33,3885.16,0
281,36.79,25.4,4.94,0.7,34.99,0.74,5173.71,4449.92,0
282,30.81,19.96,5.19,0.51,33.98,0.71,5112.79,4626.68,0
283,31.14,20.27,5.18,0.52,34.04,0.71,5116.2,4616.78,0
284,76.45,61.49,3.27,1.96,41.71,0.91,5577.86,3277.16,0
285,91.16,74.87,2.65,2.42,44.2,0.98,5727.69,2842.38,0
286,40.87,29.12,4.77,0.83,35.69,0.75,5215.29,4329.26,0
287,35.68,24.39,4.99,0.66,34.81,0.73,5162.4,4482.73,0
288,30.96,20.1,5.19,0.51,34.01,0.71,5114.28,4622.35,0
289,49.84,37.27,4.39,1.11,37.2,0.79,5306.68,4064.07,0
290,93.18,76.71,2.56,2.49,44.54,0.99,5748.3,2782.57,0
291,63.9,50.07,3.8,1.56,39.58,0.86,5449.98,3648.23,0
292,63.64,49.84,3.81,1.55,39.54,0.86,5447.36,3655.83,0
293,38.51,26.97,4.87,0.75,35.29,0.74,5191.22,4399.09,0
294,60.81,47.25,3.93,1.46,39.06,0.84,5418.45,3739.73,0
295,67.93,53.74,3.63,1.69,40.27,0.88,5491.07,3529.0,0
296,20.93,10.97,5.61,0.2,32.31,0.66,5012.12,4918.82,1
297,48.03,35.63,4.47,1.05,36.9,0.79,5288.26,4117.53,0
298,92.24,75.85,2.6,2.46,44.38,0.98,5738.72,2810.37,0
299,92.59,76.17,2.59,2.47,44.44,0.99,5742.28,2800.05,0
300,19.22,9.42,5.68,0.14,32.02,0.66,4994.73,4969.27,1
301,37.79,26.31,4.9,0.73,35.16,0.74,5183.9,4420.33,0
302,42.22,30.34,4.71,0.87,35.91,0.76,5229.06,4289.3,0
303,64.35,50.48,3.78,1.57,39.66,0.86,5454.56,3634.94,0
304,90.31,74.09,2.68,2.4,44.05,0.98,5719.05,2867.45,0
305,23.14,12.99,5.52,0.27,32.68,0.67,5034.63,4853.48,1
306,34.3,23.13,5.05,0.62,34.57,0.72,5148.31,4523.62,0
307,75.96,61.04,3.29,1.94,41.63,0.91,5572.87,3291.62,0
308,85.64,69.85,2.88,2.25,43.26,0.95,5671.49,3005.47,0
309,40.77,29.03,4.77,0.82,35.67,0.75,5214.28,4332.18,0
310,90.5,74.27,2.68,2.4,44.09,0.98,5721.04,2861.68,0
311,46.63,34.36,4.53,1.01,36.66,0.78,5273.98,4158.94,0
312,88.62,72.56,2.76,2.34,43.77,0.97,5701.84,2917.38,0
313,72.76,58.13,3.42,1.84,41.08,0.9,5540.22,3386.38,0
314,41.18,29.4,4.76,0.84,35.74,0.76,5218.43,4320.15,0
315,89.06,72.96,2.74,2.36,43.84,0.97,5706.35,2904.3,0
316,52.69,39.87,4.27,1.2,37.69,0.81,5335.71,3979.82,0
317,91.91,75.55,2.62,2.45,44.33,0.98,5735.41,2819.99,0
318,57.81,44.53,4.05,1.37,38.55,0.83,5387.94,3828.27,0
319,39.21,27.61,4.84,0.78,35.41,0.75,5198.43,4378.19,0
320,74.69,59.88,3.34,1.9,41.41,0.91,5559.88,3329.33,0
321,94.73,78.11,2.5,2.54,44.8,1.0,5764.08,2736.78,0
322,57.78,44.5,4.06,1.36,38.55,0.83,5387.6,3829.26,0
323,27.91,17.32,5.31,0.42,33.49,0.7,5083.23,4712.46,0
324,94.22,77.65,2.52,2.52,44.72,0.99,5758.93,2751.72,0
325,50.77,38.13,4.35,1.14,37.36,0.8,5316.21,4036.42,0
326,85.08,69.34,2.9,2.23,43.17,0.95,5665.76,3022.08,0
327,56.74,43.56,4.1,1.33,38.37,0.82,5377.05,3859.85,0
328,25.87,15.47,5.4,0.35,33.15,0.69,5062.48,4772.68,0
329,63.09,49.33,3.83,1.53,39.45,0.85,5441.68,3672.33,0
330,38.35,26.82,4.87,0.75,35.26,0.74,5189.6,4403.81,0
331,31.2,20.32,5.18,0.52,34.05,0.71,5116.82,4615.01,0
332,37.12,25.7,4.93,0.71,35.05,0.74,5177.05,4440.22,0
333,41.81,29.97,4.73,0.86,35.84,0.76,5224.89,4301.39,0
334,20.0,10.13,5.65,0.17,32.15,0.66,5002.63,4946.36,1
335,49.72,37.16,4.4,1.11,37.18,0.79,5305.43,4067.68,0
336,57.9,44.61,4.05,1.37,38.57,0.83,5388.81,3825.75,0
337,47.35,35.01,4.5,1.03,36.78,0.78,5281.29,4137.75,0
338,35.73,24.44,4.99,0.66,34.82,0.73,5162.92,4481.23,0
339,55.74,42.65,4.14,1.3,38.2,0.82,5366.86,3889.44,0
340,48.18,35.77,4.46,1.06,36.92,0.79,5289.81,4113.0,0
341,78.13,63.01,3.2,2.01,41.99,0.92,5594.93,3227.63,0
342,57.45,44.2,4.07,1.35,38.49,0.83,5384.2,3839.1,0
343,73.95,59.21,3.37,1.88,41.28,0.9,5552.33,3351.23,0
344,80.43,65.11,3.1,2.08,42.38,0.93,5618.42,3159.46,0
345,71.45,56.93,3.48,1.8,40.86,0.89,5526.86,3425.14,0
346,43.68,31.68,4.65,0.92,36.16,0.77,5243.97,4246.04,0
347,28.33,17.7,5.3,0.43,33.56,0.7,5087.48,4700.13,0
348,92.47,76.07,2.59,2.46,44.42,0.99,5741.13,2803.38,0
349,49.54,37.0,4.4,1.1,37.15,0.79,5303.63,4072.93,0
350,37.22,25.8,4.92,0.71,35.07,0.74,5178.1,4437.16,0
351,50.83,38.18,4.35,1.14,37.37,0.8,5316.8,4034.71,0
352,56.26,43.12,4.12,1.32,38.29,0.82,5372.13,3874.14,0
353,91.88,75.53,2.62,2.45,44.32,0.98,5735.11,2820.86,0
354,50.86,38.21,4.35,1.14,37.38,0.8,5317.11,4033.81,0
355,64.59,50.69,3.77,1.58,39.7,0.86,5456.96,3628.0,0
356,19.42,9.6,5.67,0.15,32.05,0.66,4996.7,4963.57,1
357,81.07,65.69,3.07,2.1,42.49,0.93,5624.95,3140.51,0
358,52.31,39.53,4.29,1.19,37.62,0.81,5331.91,3990.85,0
359,73.49,58.8,3.39,1.86,41.21,0.9,5547.73,3364.59,0
360,65.11,51.17,3.75,1.6,39.79,0.86,5462.28,3612.56,0
361,29.05,18.36,5.27,0.45,33.68,0.7,5094.88,4678.67,0
362,46.07,33.85,4.55,0.99,36.57,0.78,5268.27,4175.51,0
363,66.76,52.67,3.68,1.65,40.07,0.87,5479.09,3563.77,0
364,52.57,39.76,4.28,1.2,37.67,0.81,5334.52,3983.27,0
365,44.96,32.84,4.6,0.96,36.38,0.77,5257.01,4208.18,0
366,53.72,40.81,4.23,1.24,37.86,0.81,5346.29,3949.14,0
367,78.96,63.77,3.16,2.04,42.13,0.92,5603.46,3202.87,0
368,52.25,39.47,4.29,1.19,37.61,0.8,5331.25,3992.76,0
369,70.64,56.2,3.51,1.77,40.72,0.89,5518.65,3448.96,0
370,95.57,78.88,2.46,2.56,44.94,1.0,5772.67,2711.87,0
371,26.24,15.81,5.38,0.36,33.21,0.69,5066.28,4761.66,0
372,77.02,62.0,3.24,1.97,41.8,0.92,5583.65,3260.34,0
373,91.49,75.17,2.63,2.43,44.25,0.98,5731.07,2832.59,0
374,41.44,29.64,4.74,0.85,35.78,0.76,5221.14,4312.28,0
375,44.98,32.86,4.6,0.96,36.38,0.77,5257.21,4207.63,0
376,91.21,74.92,2.65,2.42,44.21,0.98,5728.29,2840.65,0
377,28.87,18.2,5.27,0.45,33.65,0.7,5093.03,4684.03,0
378,36.4,25.05,4.96,0.69,34.93,0.73,5169.74,4461.43,0
379,66.62,52.54,3.68,1.64,40.04,0.87,5477.66,3567.91,0
380,63.68,49.87,3.81,1.55,39.55,0.86,5447.76,3654.69,0
381,49.6,37.06,4.4,1.1,37.16,0.79,5304.26,4071.08,0
382,77.93,62.83,3.21,2.0,41.96,0.92,5592.9,3233.52,0
383,44.6,32.51,4.61,0.95,36.32,0.77,5253.29,4218.99,0
384,79.3,64.08,3.15,2.05,42.19,0.93,5606.89,3192.91,0
385,48.32,35.89,4.45,1.06,36.95,0.79,5291.22,4108.92,0
386,89.18,73.07,2.73,2.36,43.86,0.97,5707.54,2900.85,0
387,47.63,35.26,4.48,1.04,36.83,0.78,5284.15,4129.43,0
388,86.73,70.84,2.83,2.28,43.45,0.96,5682.65,2973.09,0
389,28.38,17.76,5.29,0.43,33.57,0.7,5088.07,4698.42,0
390,57.04,43.83,4.09,1.34,38.42,0.83,5380.11,3850.99,0
391,59.0,45.61,4.0,1.4,38.75,0.84,5400.02,3793.21,0
392,66.8,52.71,3.68,1.65,40.07,0.87,5479.5,3562.57,0
393,40.26,28.56,4.79,0.81,35.58,0.75,5209.06,4347.33,0
394,81.14,65.75,3.07,2.1,42.5,0.93,5625.59,3138.64,0
395,46.53,34.26,4.53,1.01,36.64,0.78,5272.93,4162.0,0
396,22.42,12.33,5.55,0.24,32.56,0.67,5027.34,4874.65,1
397,51.0,38.33,4.34,1.15,37.4,0.8,5318.49,4029.8,0
398,35.6,24.32,4.99,0.66,34.79,0.73,5161.59,4485.08,0
399,74.07,59.32,3.37,1.88,41.31,0.9,5553.63,3347.47,0
400,62.41,48.72,3.86,1.51,39.33,0.85,5434.83,3692.19,0
401,30.09,19.31,5.22,0.49,33.86,0.71,5105.44,4648.02,0
402,79.51,64.27,3.14,2.05,42.23,0.93,5609.08,3186.58,0
403,22.4,12.31,5.55,0.24,32.56,0.67,5027.06,4875.46,1
404,34.46,23.29,5.04,0.62,34.6,0.72,5150.01,4518.69,0
405,76.72,61.73,3.26,1.96,41.75,0.91,5580.56,3269.31,0
406,61.85,48.2,3.88,1.49,39.24,0.85,5429.04,3708.99,0
407,93.79,77.26,2.54,2.51,44.64,0.99,5754.51,2764.54,0
408,18.77,9.01,5.7,0.13,31.94,0.65,4990.12,4982.66,1
409,93.57,77.07,2.55,2.5,44.61,0.99,5752.34,2770.87,0
410,68.02,53.82,3.62,1.69,40.28,0.88,5491.93,3526.51,0
411,43.92,31.89,4.64,0.92,36.2,0.77,5246.41,4238.96,0
412,39.98,28.3,4.81,0.8,35.53,0.75,5206.21,4355.62,0
413,36.72,25.34,4.94,0.7,34.98,0.74,5173.0,4451.98,0
414,69.4,55.08,3.57,1.73,40.52,0.88,5506.06,3485.5,0
415,78.46,63.32,3.18,2.02,42.05,0.92,5598.36,3217.67,0
416,83.42,67.83,2.97,2.18,42.89,0.94,5648.85,3071.15,0
417,54.68,41.68,4.19,1.27,38.02,0.82,5356.03,3920.87,0
418,21.19,11.21,5.6,0.2,32.35,0.67,5014.78,4911.08,1
419,34.11,22.96,5.05,0.61,34.54,0.72,5146.37,4529.23,0
420,36.68,25.3,4.95,0.69,34.98,0.73,5172.56,4453.24,0
421,95.4,78.72,2.47,2.56,44.92,1.0,5770.92,2716.94,0
422,57.21,43.98,4.08,1.35,38.45,0.83,5381.83,3845.99,0
423,49.98,37.4,4.38,1.12,37.23,0.79,5308.09,4059.97,0
424,27.52,16.97,5.33,0.4,33.43,0.69,5079.29,4723.91,0
425,73.83,59.11,3.38,1.87,41.27,0.9,5551.19,3354.55,0
426,89.17,73.06,2.73,2.36,43.86,0.97,5707.47,2901.04,0
427,92.52,76.11,2.59,2.47,44.43,0.99,5741.63,2801.94,0
428,89.61,73.46,2.71,2.37,43.94,0.97,5711.97,2887.99,0
429,78.15,63.03,3.2,2.01,42.0,0.92,5595.13,3227.03,0
430,44.35,32.28,4.62,0.94,36.27,0.77,5250.74,4226.39,0
431,78.09,62.98,3.2,2.01,41.99,0.92,5594.52,3228.8,0
432,31.45,20.55,5.17,0.53,34.09,0.71,5119.34,4607.67,0
433,65.8,51.8,3.72,1.62,39.91,0.87,5469.37,3591.96,0
434,60.51,46.98,3.94,1.45,39.01,0.84,5415.39,3748.61,0
435,52.94,40.1,4.26,1.21,37.73,0.81,5338.31,3972.29,0
436,36.98,25.58,4.93,0.7,35.03,0.74,5175.66,4444.27,0
437,38.46,26.93,4.87,0.75,35.28,0.74,5190.79,4400.35,0
438,93.9,77.36,2.53,2.51,44.66,0.99,5755.68,2761.15,0
439,57.52,44.27,4.07,1.36,38.5,0.83,5385.0,3836.8,0
440,30.59,19.76,5.2,0.5,33.94,0.71,5110.53,4633.25,0
441,43.84,31.82,4.64,0.92,36.19,0.77,5245.55,4241.45,0
442,84.23,68.57,2.94,2.2,43.03,0.95,5657.16,3047.03,0
443,61.93,48.28,3.88,1.5,39.25,0.85,5429.89,3706.54,0
444,37.11,25.7,4.93,0.71,35.05,0.74,5177.04,4440.26,0
445,87.74,71.76,2.79,2.31,43.62,0.96,5692.89,2943.36,0
446,56.53,43.36,4.11,1.32,38.34,0.82,5374.87,3866.2,0
447,38.31,26.78,4.88,0.75,35.25,0.74,5189.18,4405.02,0
448,86.92,71.01,2.83,2.29,43.48,0.96,5684.55,2967.56,0
449,63.5,49.71,3.81,1.55,39.52,0.86,5445.92,3660.03,0
450,85.3,69.54,2.9,2.24,43.21,0.95,5668.07,3015.39,0
451,64.63,50.73,3.77,1.58,39.71,0.86,5457.41,3626.68,0
452,90.76,74.5,2.67,2.41,44.13,0.98,5723.64,2854.14,0
453,92.32,75.92,2.6,2.46,44.39,0.98,5739.54,2808.01,0
454,52.19,39.41,4.29,1.19,37.6,0.8,5330.64,3994.54,0
455,63.63,49.82,3.81,1.55,39.54,0.86,5447.23,3656.21,0
456,77.76,62.68,3.21,2.0,41.93,0.92,5591.19,3238.48,0
457,72.0,57.44,3.46,1.81,40.95,0.89,5532.49,3408.82,0
458,33.14,22.08,5.09,0.58,34.38,0.72,5136.54,4557.76,0
459,84.29,68.62,2.94,2.2,43.03,0.95,5657.72,3045.42,0
460,84.27,68.6,2.94,2.2,43.03,0.95,5657.5,3046.07,0
461,52.95,40.1,4.26,1.21,37.73,0.81,5338.37,3972.11,0
462,74.4,59.63,3.35,1.89,41.36,0.9,5557.01,3337.67,0
463,64.39,50.51,3.78,1.57,39.67,0.86,5454.93,3633.87,0
464,25.23,14.88,5.43,0.33,33.04,0.68,5055.91,4791.75,0
465,56.97,43.76,4.09,1.34,38.41,0.83,5379.35,3853.2,0
466,62.28,48.6,3.87,1.51,39.31,0.85,5433.51,3696.03,0
467,88.57,72.51,2.76,2.34,43.76,0.97,5701.3,2918.95,0
468,22.49,12.39,5.54,0.24,32.57,0.67,5027.97,4872.82,1
469,82.9,67.35,3.0,2.16,42.8,0.94,5643.57,3086.47,0
470,50.73,38.09,4.35,1.14,37.35,0.8,5315.78,4037.66,0
471,69.12,54.82,3.58,1.72,40.47,0.88,5503.14,3493.98,0
472,81.38,65.97,3.06,2.11,42.54,0.94,5628.06,3131.48,0
473,48.03,35.63,4.47,1.05,36.9,0.79,5288.23,4117.61,0
474,57.82,44.54,4.05,1.37,38.56,0.83,5388.07,3827.89,0
475,91.0,74.73,2.65,2.42,44.17,0.98,5726.15,2846.86,0
476,42.49,30.59,4.7,0.88,35.96,0.76,5231.84,4281.24,0
477,94.64,78.03,2.5,2.53,44.79,1.0,5763.16,2739.47,0
478,66.25,52.21,3.7,1.63,39.98,0.87,5473.91,3578.81,0
479,53.74,40.83,4.23,1.24,37.86,0.81,5346.5,3948.53,0
480,70.33,55.92,3.53,1.76,40.67,0.89,5515.49,3458.15,0
481,30.29,19.49,5.21,0.49,33.89,0.71,5107.45,4642.18,0
482,94.03,77.48,2.53,2.51,44.68,0.99,5756.95,2757.48,0
483,35.6,24.33,4.99,0.66,34.79,0.73,5161.64,4484.93,0
484,92.75,76.31,2.58,2.47,44.47,0.99,5743.9,2795.36,0
485,33.58,22.48,5.08,0.6,34.45,0.72,5141.03,4544.74,0
486,58.27,44.94,4.03,1.38,38.63,0.83,5392.57,3814.84,0
487,26.94,16.45,5.36,0.39,33.33,0.69,5073.4,4740.99,0
488,20.6,10.68,5.62,0.18,32.25,0.66,5008.77,4928.52,1
489,85.13,69.38,2.9,2.23,43.18,0.95,5666.3,3020.51,0
490,58.28,44.96,4.03,1.38,38.63,0.83,5392.71,3814.41,0
491,30.09,19.31,5.22,0.49,33.86,0.71,5105.5,4647.84,0
492,94.91,78.28,2.49,2.54,44.83,1.0,5765.98,2731.26,0
493,48.2,35.79,4.46,1.06,36.93,0.79,5290.04,4112.36,0
494,59.27,45.86,3.99,1.41,38.8,0.84,5402.81,3785.12,0
495,57.84,44.56,4.05,1.37,38.56,0.83,5388.24,3827.4,0
496,76.18,61.24,3.28,1.95,41.66,0.91,5575.06,3285.27,0
497,63.55,49.75,3.81,1.55,39.53,0.86,5446.44,3658.51,0
498,32.05,21.1,5.14,0.55,34.19,0.71,5125.47,4589.89,0
499,70.18,55.78,3.53,1.76,40.65,0.89,5513.97,3462.54,0
500,22.57,12.47,5.54,0.25,32.59,0.67,5028.88,4870.18,1
501,94.34,77.76,2.51,2.52,44.74,0.99,5760.12,2748.28,0
502,58.27,44.95,4.03,1.38,38.63,0.83,5392.64,3814.62,0
503,25.76,15.37,5.41,0.35,33.13,0.69,5061.32,4776.05,0
504,45.04,32.91,4.59,0.96,36.39,0.77,5257.77,4205.98,0
505,92.69,76.26,2.58,2.47,44.46,0.99,5743.36,2796.92,0
506,71.97,57.41,3.46,1.81,40.95,0.89,5532.24,3409.52,0
507,59.88,46.41,3.97,1.43,38.9,0.84,5409.02,3767.1,0
508,72.22,57.63,3.45,1.82,40.99,0.89,5534.7,3402.39,0
509,33.25,22.19,5.09,0.59,34.4,0.72,5137.69,4554.43,0
510,18.77,9.01,5.7,0.13,31.95,0.65,4990.16,4982.54,1
511,70.78,56.33,3.51,1.78,40.75,0.89,5520.07,3444.84,0
512,95.68,78.99,2.46,2.57,44.96,1.0,5773.84,2708.46,0
513,47.41,35.07,4.49,1.04,36.79,0.78,5282.0,4135.69,0
514,50.91,38.25,4.34,1.15,37.39,0.8,5317.65,4032.24,0
515,52.67,39.85,4.27,1.2,37.68,0.81,5335.53,3980.35,0
516,74.24,59.47,3.36,1.89,41.33,0.9,5555.3,3342.63,0
517,61.66,48.03,3.89,1.49,39.2,0.85,5427.12,3714.59,0
518,30.12,19.33,5.22,0.49,33.87,0.71,5105.75,4647.12,0
519,86.27,70.42,2.85,2.27,43.37,0.96,5677.93,2986.77,0
520,71.66,57.13,3.47,1.8,40.9,0.89,5529.0,3418.93,0
521,52.98,40.13,4.26,1.21,37.74,0.81,5338.7,3971.15,0
522,41.94,30.09,4.72,0.86,35.87,0.76,5226.18,4297.67,0
523,19.84,9.98,5.66,0.16,32.12,0.66,5000.98,4951.14,1
524,69.57,55.23,3.56,1.74,40.54,0.88,5507.78,3480.5,0
525,82.31,66.82,3.02,2.14,42.7,0.94,5637.55,3103.94,0
526,58.66,45.3,4.02,1.39,38.7,0.83,5396.56,3803.26,0
527,88.03,72.02,2.78,2.32,43.67,0.97,5695.87,2934.73,0
528,20.64,10.71,5.62,0.19,32.26,0.66,5009.16,4927.41,1
529,70.86,56.4,3.5,1.78,40.76,0.89,5520.87,3442.52,0
530,55.83,42.72,4.14,1.3,38.22,0.82,5367.71,3886.96,0
531,71.41,56.9,3.48,1.8,40.86,0.89,5526.53,3426.1,0
532,25.18,14.84,5.43,0.33,33.03,0.68,5055.42,4793.17,0
533,66.94,52.84,3.67,1.65,40.1,0.87,5480.97,3558.31,0
534,68.83,54.56,3.59,1.71,40.42,0.88,5500.22,3502.46,0
535,21.58,11.57,5.58,0.22,32.42,0.67,5018.76,4899.55,1
536,75.65,60.76,3.3,1.93,41.57,0.91,5569.72,3300.77,0
537,92.82,76.38,2.58,2.48,44.48,0.99,5744.64,2793.19,0
538,51.94,39.19,4.3,1.18,37.56,0.8,5328.07,4001.98,0
539,88.52,72.47,2.76,2.34,43.75,0.97,5700.85,2920.27,0
540,68.7,54.44,3.6,1.71,40.4,0.88,5498.9,3506.28,0
541,26.64,16.17,5.37,0.38,33.28,0.69,5070.33,4749.89,0
542,43.24,31.28,4.67,0.9,36.09,0.76,5239.49,4259.04,0
543,88.8,72.72,2.75,2.35,43.8,0.97,5703.7,2911.98,0
544,30.15,19.36,5.22,0.49,33.87,0.71,5106.03,4646.31,0
545,93.66,77.14,2.54,2.5,44.62,0.99,5753.21,2768.33,0
546,64.13,50.28,3.79,1.57,39.62,0.86,5452.29,3641.52,0
547,44.08,32.04,4.63,0.93,36.23,0.77,5248.02,4234.28,0
548,81.75,66.31,3.04,2.12,42.61,0.94,5631.88,3120.39,0
549,57.26,44.03,4.08,1.35,38.46,0.83,5382.32,3844.56,0
550,44.34,32.27,4.62,0.94,36.27,0.77,5250.65,4226.65,0
551,26.6,16.14,5.37,0.38,33.27,0.69,5069.94,4751.03,0
552,31.22,20.33,5.18,0.52,34.05,0.71,5116.95,4614.62,0
553,77.49,62.43,3.22,1.99,41.88,0.92,5588.46,3246.39,0
554,73.9,59.17,3.38,1.88,41.28,0.9,5551.89,3352.5,0
555,69.54,55.2,3.56,1.74,40.54,0.88,5507.44,3481.5,0
556,66.34,52.29,3.69,1.64,40.0,0.87,5474.86,3576.04,0
557,57.82,44.54,4.05,1.37,38.56,0.83,5388.05,3827.94,0
558,74.83,60.01,3.34,1.9,41.43,0.91,5561.36,3325.04,0
559,82.36,66.87,3.02,2.14,42.71,0.94,5638.11,3102.32,0
560,56.53,43.37,4.11,1.32,38.34,0.82,5374.9,3866.11,0
561,61.53,47.91,3.9,1.48,39.18,0.85,5425.79,3718.42,0
562,91.38,75.07,2.64,2.43,44.24,0.98,5729.97,2835.76,0
563,24.87,14.56,5.44,0.32,32.98,0.68,5052.28,4802.26,0
564,72.07,57.5,3.45,1.82,40.97,0.89,5533.22,3406.7,0
565,34.57,23.39,5.03,0.63,34.62,0.73,5151.12,4515.46,0
566,43.7,31.69,4.65,0.92,36.16,0.77,5244.16,4245.5,0
567,38.79,27.23,4.86,0.76,35.33,0.74,5194.16,4390.58,0
568,73.13,58.47,3.41,1.85,41.15,0.9,5544.02,3375.36,0
569,48.93,36.45,4.43,1.08,37.05,0.79,5297.4,4090.99,0
570,19.57,9.74,5.67,0.15,32.08,0.66,4998.25,4959.07,1
571,29.09,18.4,5.26,0.45,33.69,0.7,5095.29,4677.47,0
572,44.48,32.4,4.62,0.94,36.3,0.77,5252.1,4222.45,0
573,94.72,78.11,2.5,2.54,44.8,1.0,5764.06,2736.84,0
574,95.49,78.81,2.47,2.56,44.93,1.0,5771.87,2714.18,0
575,81.83,66.38,3.04,2.13,42.62,0.94,5632.64,3118.19,0
576,36.02,24.71,4.97,0.67,34.87,0.73,5165.92,4472.51,0
577,56.44,43.28,4.11,1.32,38.32,0.82,5373.97,3868.79,0
578,88.11,72.1,2.78,2.33,43.68,0.97,5696.67,2932.4,0
579,68.51,54.26,3.6,1.7,40.36,0.88,5496.96,3511.92,0
580,55.03,42.0,4.17,1.28,38.08,0.82,5359.58,3910.56,0
581,71.32,56.82,3.48,1.79,40.84,0.89,5525.55,3428.95,0
582,22.76,12.64,5.53,0.25,32.62,0.67,5030.78,4864.65,1
583,36.26,24.92,4.96,0.68,34.9,0.73,5168.28,4465.66,0
584,53.11,40.25,4.25,1.22,37.76,0.81,5340.0,3967.39,0
585,91.06,74.78,2.65,2.42,44.18,0.98,5726.73,2845.15,0
586,74.39,59.62,3.36,1.89,41.36,0.9,5556.9,3337.96,0
587,51.3,38.61,4.33,1.16,37.45,0.8,5321.58,4020.81,0
588,33.99,22.86,5.06,0.61,34.52,0.72,5145.18,4532.71,0
589,43.49,31.5,4.66,0.91,36.13,0.77,5241.95,4251.88,0
590,43.04,31.09,4.68,0.9,36.05,0.76,5237.37,4265.2,0
591,57.1,43.88,4.08,1.34,38.43,0.83,5380.7,3849.27,0
592,23.64,13.44,5.49,0.28,32.77,0.68,5039.72,4838.72,1
593,44.95,32.83,4.6,0.96,36.38,0.77,5256.86,4208.63,0
594,83.59,67.98,2.97,2.18,42.92,0.95,5650.58,3066.12,0
595,32.1,21.14,5.14,0.55,34.2,0.71,5125.93,4588.55,0
596,40.38,28.67,4.79,0.81,35.6,0.75,5210.32,4343.66,0
597,35.09,23.86,5.01,0.64,34.71,0.73,5156.44,4500.04,0
598,89.07,72.97,2.74,2.36,43.84,0.97,5706.45,2904.02,0
599,94.73,78.12,2.5,2.54,44.8,1.0,5764.15,2736.58,0
600,39.27,27.66,4.84,0.78,35.42,0.75,5199.04,4376.41,0
601,79.18,63.97,3.15,2.04,42.17,0.93,5605.65,3196.51,0
602,41.43,29.62,4.74,0.85,35.78,0.76,5220.96,4312.79,0
603,66.11,52.08,3.7,1.63,39.96,0.87,5472.46,3582.99,0
604,56.04,42.92,4.13,1.31,38.25,0.82,5369.86,3880.74,0
605,73.95,59.21,3.37,1.88,41.28,0.9,5552.34,3351.22,0
606,82.77,67.24,3.0,2.16,42.78,0.94,5642.23,3090.36,0
607,50.59,37.96,4.36,1.14,37.33,0.8,5314.31,4041.93,0
608,31.96,21.01,5.14,0.55,34.18,0.71,5124.51,4592.69,0
609,34.13,22.99,5.05,0.61,34.55,0.72,5146.66,4528.4,0
610,53.88,40.95,4.22,1.24,37.89,0.81,5347.85,3944.6,0
611,62.84,49.1,3.84,1.52,39.4,0.85,5439.17,3679.6,0
612,87.44,71.49,2.8,2.3,43.57,0.96,5689.87,2952.13,0
613,61.13,47.55,3.91,1.47,39.11,0.84,5421.73,3730.22,0
614,58.51,45.17,4.02,1.39,38.67,0.83,5395.09,3807.5,0
615,89.84,73.67,2.7,2.38,43.98,0.97,5714.33,2881.16,0
616,46.22,33.98,4.54,1.0,36.59,0.78,5269.8,4171.09,0
617,61.95,48.3,3.88,1.5,39.25,0.85,5430.11,3705.9,0
618,66.44,52.38,3.69,1.64,40.01,0.87,5475.81,3573.29,0
619,53.4,40.52,4.24,1.23,37.81,0.81,5342.98,3958.73,0
620,26.95,16.45,5.36,0.39,33.33,0.69,5073.43,4740.92,0
621,56.92,43.72,4.09,1.34,38.4,0.83,5378.86,3854.61,0
622,37.82,26.34,4.9,0.73,35.17,0.74,5184.25,4419.32,0
623,27.28,16.75,5.34,0.4,33.38,0.69,5076.81,4731.1,0
624,46.25,34.01,4.54,1.0,36.6,0.78,5270.13,4170.13,0
625,52.58,39.77,4.27,1.2,37.67,0.81,5334.66,3982.88,0
626,31.28,20.39,5.17,0.52,34.06,0.71,5117.61,4612.71,0
627,59.38,45.96,3.99,1.41,38.82,0.84,5403.94,3781.84,0
628,53.23,40.36,4.25,1.22,37.78,0.81,5341.2,3963.9,0
629,66.9,52.8,3.67,1.65,40.09,0.87,5480.53,3559.58,0
630,53.94,41.01,4.22,1.24,37.9,0.81,5348.47,3942.79,0
631,35.59,24.31,4.99,0.66,34.79,0.73,5161.47,4485.42,0
632,95.25,78.59,2.48,2.55,44.89,1.0,5769.46,2721.18,0
633,86.78,70.89,2.83,2.28,43.46,0.96,5683.13,2971.68,0
634,45.56,33.38,4.57,0.98,36.48,0.77,5263.05,4190.66,0
635,57.92,44.63,4.05,1.37,38.57,0.83,5389.01,3825.17,0
636,45.22,33.08,4.58,0.97,36.42,0.77,5259.65,4200.52,0
637,27.96,17.37,5.31,0.42,33.5,0.7,5083.76,4710.93,0
638,54.32,41.35,4.2,1.25,37.96,0.81,5352.33,3931.59,0
639,24.63,14.34,5.45,0.31,32.94,0.68,5049.81,4809.43,0
640,95.23,78.57,2.48,2.55,44.89,1.0,5769.24,2721.82,0
641,60.63,47.09,3.94,1.45,39.03,0.84,5416.61,3745.06,0
642,33.26,22.19,5.09,0.59,34.4,0.72,5137.76,4554.23,0
643,44.94,32.82,4.6,0.96,36.37,0.77,5256.8,4208.81,0
644,28.09,17.49,5.31,0.42,33.52,0.7,5085.07,4707.12,0
645,79.91,64.63,3.12,2.07,42.29,0.93,5613.06,3175.0,0
646,90.26,74.05,2.69,2.39,44.05,0.98,5718.61,2868.74,0
647,36.83,25.44,4.94,0.7,35.0,0.74,5174.15,4448.63,0
648,73.01,58.35,3.41,1.85,41.13,0.9,5542.76,3379.0,0
649,35.8,24.51,4.98,0.67,34.83,0.73,5163.67,4479.06,0
650,85.74,69.94,2.88,2.25,43.28,0.96,5672.53,3002.45,0
651,91.69,75.35,2.63,2.44,44.29,0.98,5733.16,2826.51,0
652,35.46,24.2,5.0,0.66,34.77,0.73,5160.23,4489.04,0
653,68.6,54.34,3.6,1.71,40.38,0.88,5497.86,3509.31,0
654,71.04,56.56,3.5,1.78,40.79,0.89,5522.71,3437.19,0
655,19.86,10.0,5.65,0.16,32.13,0.66,5001.21,4950.48,1
656,51.29,38.59,4.33,1.16,37.45,0.8,5321.44,4021.23,0
657,61.5,47.89,3.9,1.48,39.18,0.85,5425.53,3719.2,0
658,33.74,22.63,5.07,0.6,34.48,0.72,5142.61,4540.15,0
659,61.1,47.52,3.92,1.47,39.11,0.84,5421.4,3731.17,0
660,40.08,28.39,4.8,0.8,35.55,0.75,5207.22,4352.68,0
661,24.69,14.4,5.45,0.31,32.95,0.68,5050.44,4807.6,0
662,51.14,38.46,4.34,1.15,37.42,0.8,5319.94,4025.57,0
663,28.04,17.45,5.31,0.42,33.51,0.7,5084.61,4708.45,0
664,91.68,75.34,2.63,2.44,44.29,0.98,5733.03,2826.9,0
665,73.98,59.24,3.37,1.88,41.29,0.9,5552.66,3350.28,0
666,65.85,51.85,3.72,1.62,39.91,0.87,5469.89,3590.46,0
667,43.74,31.73,4.65,0.92,36.17,0.77,5244.53,4244.41,0
668,76.2,61.26,3.28,1.95,41.67,0.91,5575.31,3284.55,0
669,74.71,59.9,3.34,1.9,41.41,0.91,5560.09,3328.73,0
670,80.06,64.77,3.12,2.07,42.32,0.93,5614.61,3170.52,0
671,29.6,18.86,5.24,0.47,33.78,0.7,5100.48,4662.41,0
672,88.27,72.24,2.77,2.33,43.71,0.97,5698.32,2927.6,0
673,86.73,70.84,2.83,2.28,43.45,0.96,5682.59,2973.24,0
674,57.67,44.4,4.06,1.36,38.53,0.83,5386.45,3832.57,0
675,71.69,57.16,3.47,1.81,40.9,0.89,5529.39,3417.79,0
676,87.02,71.1,2.82,2.29,43.5,0.96,5685.52,2964.74,0
677,56.13,43.0,4.12,1.31,38.27,0.82,5370.83,3877.92,0
678,62.2,48.52,3.87,1.5,39.3,0.85,5432.6,3698.67,0
679,50.84,38.18,4.35,1.14,37.37,0.8,5316.85,4034.55,0
680,60.97,47.41,3.92,1.47,39.09,0.84,5420.16,3734.78,0
681,59.52,46.08,3.98,1.42,38.84,0.84,5405.33,3777.81,0
682,40.98,29.22,4.76,0.83,35.7,0.75,5216.42,4325.98,0
683,80.48,65.15,3.1,2.08,42.39,0.93,5618.93,3157.98,0
684,74.91,60.08,3.33,1.91,41.45,0.91,5562.13,3322.81,0
685,22.81,12.69,5.53,0.26,32.63,0.67,5031.31,4863.13,1
686,82.32,66.83,3.02,2.14,42.7,0.94,5637.7,3103.5,0
687,83.03,67.47,2.99,2.16,42.82,0.94,5644.86,3082.74,0
688,35.61,24.33,4.99,0.66,34.79,0.73,5161.67,4484.84,0
689,26.15,15.72,5.39,0.36,33.19,0.69,5065.28,4764.55,0
690,62.56,48.85,3.85,1.52,39.36,0.85,5436.37,3687.74,0
691,35.36,24.1,5.0,0.65,34.75,0.73,5159.12,4492.26,0
692,37.25,25.82,4.92,0.71,35.07,0.74,5178.43,4436.21,0
693,28.44,17.81,5.29,0.43,33.58,0.7,5088.63,4696.8,0
694,42.11,30.24,4.72,0.87,35.89,0.76,5227.92,4292.61,0
695,93.62,77.1,2.54,2.5,44.61,0.99,5752.76,2769.64,0
696,82.51,67.0,3.01,2.15,42.73,0.94,5639.56,3098.11,0
697,58.95,45.57,4.01,1.4,38.75,0.83,5399.57,3794.51,0
698,57.11,43.89,4.08,1.34,38.43,0.83,5380.81,3848.96,0
699,46.08,33.86,4.55,0.99,36.57,0.78,5268.39,4175.16,0
700,83.26,67.68,2.98,2.17,42.86,0.94,5647.21,3075.92,0
701,21.88,11.84,5.57,0.23,32.47,0.67,5021.8,4890.71,1
702,31.02,20.15,5.18,0.52,34.02,0.71,5114.91,4620.54,0
703,19.97,10.11,5.65,0.16,32.15,0.66,5002.38,4947.06,1
704,71.6,57.07,3.47,1.8,40.89,0.89,5528.41,3420.64,0
705,28.24,17.62,5.3,0.43,33.55,0.7,5086.56,4702.8,0
706,89.23,73.11,2.73,2.36,43.87,0.97,5708.03,2899.44,0
707,79.39,64.16,3.14,2.05,42.21,0.93,5607.76,3190.38,0
708,46.86,34.57,4.52,1.02,36.7,0.78,5276.39,4151.97,0
709,58.43,45.09,4.03,1.38,38.66,0.83,5394.19,3810.12,0
710,90.6,74.36,2.67,2.4,44.1,0.98,5722.0,2858.89,0
711,94.24,77.67,2.52,2.52,44.72,0.99,5759.14,2751.13,0
712,87.87,71.87,2.79,2.32,43.64,0.96,5694.17,2939.65,0
713,21.33,11.34,5.59,0.21,32.38,0.67,5016.21,4906.93,1
714,88.51,72.46,2.76,2.34,43.75,0.97,5700.72,2920.65,0
715,19.72,9.87,5.66,0.16,32.1,0.66,4999.76,4954.68,1
716,23.73,13.52,5.49,0.28,32.78,0.68,5040.64,4836.04,1
717,53.72,40.81,4.23,1.24,37.86,0.81,5346.24,3949.28,0
718,68.61,54.36,3.6,1.71,40.38,0.88,5498.0,3508.89,0
719,82.81,67.27,3.0,2.16,42.78,0.94,5642.64,3089.17,0
720,71.34,56.84,3.48,1.79,40.84,0.89,5525.78,3428.27,0
721,78.01,62.91,3.2,2.01,41.97,0.92,5593.77,3230.99,0
722,21.29,11.3,5.59,0.21,32.37,0.67,5015.8,4908.13,1
723,70.57,56.14,3.52,1.77,40.71,0.89,5517.98,3450.9,0
724,50.74,38.1,4.35,1.14,37.36,0.8,5315.89,4037.33,0
725,48.71,36.25,4.44,1.08,37.01,0.79,5295.24,4097.27,0
726,65.53,51.55,3.73,1.61,39.86,0.86,5466.55,3600.16,0
727,23.92,13.69,5.48,0.29,32.82,0.68,5042.56,4830.49,1
728,66.84,52.74,3.67,1.65,40.08,0.87,5479.92,3561.36,0
729,35.71,24.42,4.99,0.66,34.81,0.73,5162.7,4481.87,0
730,27.21,16.69,5.34,0.39,33.37,0.69,5076.14,4733.03,0
731,83.85,68.22,2.96,2.19,42.96,0.95,5653.29,3058.28,0
732,86.16,70.32,2.86,2.26,43.35,0.96,5676.78,2990.11,0
733,75.48,60.6,3.31,1.93,41.54,0.91,5567.95,3305.91,0
734,28.43,17.8,5.29,0.43,33.58,0.7,5088.53,4697.1,0
735,55.01,41.98,4.17,1.28,38.08,0.82,5359.35,3911.21,0
736,61.12,47.54,3.91,1.47,39.11,0.84,5421.69,3730.33,0
737,79.27,64.05,3.15,2.05,42.18,0.93,5606.55,3193.91,0
738,83.85,68.22,2.96,2.19,42.96,0.95,5653.28,3058.32,0
739,62.5,48.79,3.86,1.51,39.35,0.85,5435.69,3689.7,0
740,78.66,63.5,3.18,2.03,42.08,0.92,5600.37,3211.84,0
741,95.7,79.0,2.46,2.57,44.97,1.0,5773.95,2708.14,0
742,74.87,60.05,3.33,1.91,41.44,0.91,5561.79,3323.79,0
743,56.3,43.16,4.12,1.32,38.3,0.82,5372.54,3872.96,0
744,42.39,30.5,4.7,0.88,35.94,0.76,5230.82,4284.19,0
745,29.14,18.44,5.26,0.46,33.7,0.7,5095.75,4676.13,0
746,24.53,14.25,5.46,0.31,32.92,0.68,5048.79,4812.4,0
747,24.35,14.09,5.46,0.3,32.89,0.68,5047.01,4817.58,0
748,72.91,58.27,3.42,1.84,41.11,0.9,5541.79,3381.83,0
749,26.8,16.32,5.36,0.38,33.3,0.69,5071.96,4745.17,0
750,72.09,57.52,3.45,1.82,40.97,0.89,5533.4,3406.18,0
751,23.57,13.38,5.5,0.28,32.76,0.68,5039.03,4840.73,1
752,94.24,77.67,2.52,2.52,44.72,0.99,5759.12,2751.17,0
753,19.39,9.58,5.67,0.15,32.05,0.66,4996.44,4964.31,1
754,30.79,19.94,5.19,0.51,33.98,0.71,5112.56,4627.36,0
755,35.97,24.66,4.98,0.67,34.86,0.73,5165.36,4474.15,0
756,91.27,74.97,2.64,2.43,44.22,0.98,5728.85,2839.03,0
757,82.7,67.17,3.01,2.15,42.77,0.94,5641.5,3092.49,0
758,51.9,39.15,4.3,1.18,37.55,0.8,5327.65,4003.22,0
759,42.21,30.33,4.71,0.87,35.91,0.76,5228.93,4289.68,0
760,93.57,77.06,2.55,2.5,44.61,0.99,5752.3,2770.96,0
761,62.4,48.71,3.86,1.51,39.33,0.85,5434.71,3692.56,0
762,70.45,56.02,3.52,1.77,40.69,0.89,5516.68,3454.7,0
763,55.49,42.42,4.15,1.29,38.16,0.82,5364.25,3896.99,0
764,32.46,21.47,5.12,0.56,34.26,0.72,5129.61,4577.87,0
765,78.66,63.49,3.18,2.03,42.08,0.92,5600.33,3211.95,0
766,28.69,18.04,5.28,0.44,33.62,0.7,5091.22,4689.27,0
767,28.55,17.91,5.29,0.44,33.6,0.7,5089.75,4693.56,0
768,46.12,33.89,4.55,0.99,36.57,0.78,5268.76,4174.1,0
769,75.5,60.62,3.31,1.93,41.55,0.91,5568.19,3305.23,0
770,46.28,34.04,4.54,1.0,36.6,0.78,5270.42,4169.28,0
771,41.95,30.1,4.72,0.86,35.87,0.76,5226.34,4297.18,0
772,85.47,69.7,2.89,2.24,43.24,0.95,5669.79,3010.4,0
773,62.89,49.15,3.84,1.53,39.41,0.85,5439.67,3678.15,0
774,41.3,29.51,4.75,0.84,35.76,0.76,5219.7,4316.45,0
775,34.51,23.33,5.04,0.63,34.61,0.73,5150.5,4517.27,0
776,25.68,15.29,5.41,0.35,33.11,0.69,5060.5,4778.44,0
777,46.61,34.34,4.53,1.01,36.66,0.78,5273.82,4159.42,0
778,76.38,61.42,3.27,1.95,41.7,0.91,5577.12,3279.32,0
779,84.13,68.48,2.94,2.2,43.01,0.95,5656.14,3049.99,0
780,63.7,49.89,3.81,1.55,39.55,0.86,5447.94,3654.17,0
781,23.11,12.96,5.52,0.26,32.68,0.67,5034.32,4854.38,1
782,60.52,46.99,3.94,1.45,39.01,0.84,5415.48,3748.35,0
783,21.05,11.08,5.6,0.2,32.33,0.66,5013.32,4915.34,1
784,78.61,63.45,3.18,2.02,42.07,0.92,5599.87,3213.3,0
785,86.51,70.64,2.84,2.28,43.41,0.96,5680.32,2979.83,0
786,65.46,51.49,3.73,1.61,39.85,0.86,5465.91,3602.02,0
787,92.37,75.97,2.6,2.46,44.4,0.99,5740.12,2806.32,0
788,93.81,77.28,2.54,2.51,44.65,0.99,5754.69,2764.02,0
789,30.95,20.09,5.19,0.51,34.01,0.71,5114.22,4622.55,0
790,49.37,36.85,4.41,1.1,37.12,0.79,5301.92,4077.88,0
791,84.25,68.58,2.94,2.2,43.03,0.95,5657.3,3046.65,0
792,53.35,40.47,4.24,1.22,37.8,0.81,5342.44,3960.3,0
793,76.44,61.47,3.27,1.96,41.71,0.91,5577.71,3277.58,0
794,55.88,42.77,4.14,1.3,38.23,0.82,5368.2,3885.54,0
795,74.74,59.93,3.34,1.9,41.42,0.91,5560.41,3327.78,0
796,57.0,43.79,4.09,1.34,38.42,0.83,5379.64,3852.34,0
797,47.33,35.0,4.5,1.03,36.78,0.78,5281.16,4138.13,0
798,69.09,54.79,3.58,1.72,40.46,0.88,5502.85,3494.82,0
799,57.74,44.46,4.06,1.36,38.54,0.83,5387.21,3830.39,0
800,34.72,23.52,5.03,0.63,34.64,0.73,5152.65,4511.03,0
801,53.07,40.22,4.25,1.21,37.75,0.81,5339.66,3968.35,0
802,23.32,13.15,5.51,0.27,32.71,0.67,5036.5,4848.07,1
803,81.17,65.78,3.07,2.11,42.51,0.93,5625.91,3137.73,0
804,40.75,29.0,4.77,0.82,35.66,0.75,5214.03,4332.9,0
805,58.9,45.52,4.01,1.4,38.74,0.83,5399.05,3796.03,0
806,41.26,29.47,4.75,0.84,35.75,0.76,5219.32,4317.57,0
807,29.27,18.56,5.26,0.46,33.72,0.7,5097.11,4672.19,0
808,43.14,31.18,4.67,0.9,36.07,0.76,5238.45,4262.06,0
809,60.95,47.38,3.92,1.46,39.08,0.84,5419.87,3735.61,0
810,38.07,26.57,4.89,0.74,35.21,0.74,5186.74,4412.09,0
811,92.33,75.94,2.6,2.46,44.4,0.98,5739.7,2807.55,0
812,29.98,19.21,5.23,0.48,33.84,0.7,5104.32,4651.27,0
813,78.64,63.48,3.18,2.03,42.08,0.92,5600.17,3212.42,0
814,51.66,38.93,4.31,1.17,37.51,0.8,5325.27,4010.11,0
815,18.79,9.03,5.7,0.13,31.95,0.65,4990.37,4981.93,1
816,54.93,41.91,4.18,1.27,38.07,0.82,5358.55,3913.53,0
817,53.04,40.19,4.26,1.21,37.75,0.81,5339.31,3969.39,0
818,44.01,31.97,4.64,0.93,36.22,0.77,5247.3,4236.36,0
819,77.42,62.37,3.23,1.99,41.87,0.92,5587.73,3248.51,0
820,52.63,39.81,4.27,1.2,37.68,0.81,5335.1,3981.6,0
821,40.0,28.32,4.81,0.8,35.54,0.75,5206.39,4355.07,0
822,71.8,57.26,3.46,1.81,40.92,0.89,5530.48,3414.65,0
823,52.99,40.15,4.26,1.21,37.74,0.81,5338.85,3970.71,0
824,42.39,30.5,4.7,0.88,35.94,0.76,5230.81,4284.22,0
825,95.35,78.68,2.47,2.56,44.91,1.0,5770.39,2718.49,0
826,76.06,61.13,3.28,1.94,41.64,0.91,5573.89,3288.67,0
827,73.93,59.2,3.37,1.88,41.28,0.9,5552.2,3351.62,0
828,51.2,38.51,4.33,1.16,37.43,0.8,5320.52,4023.9,0
829,38.63,27.07,4.86,0.76,35.31,0.74,5192.44,4395.56,0
830,77.16,62.13,3.24,1.98,41.83,0.92,5585.09,3256.19,0
831,61.71,48.08,3.89,1.49,39.21,0.85,5427.69,3712.92,0
832,28.61,17.96,5.29,0.44,33.61,0.7,5090.39,4691.68,0
833,35.46,24.2,5.0,0.66,34.77,0.73,5160.19,4489.14,0
834,43.44,31.46,4.66,0.91,36.12,0.77,5241.54,4253.08,0
835,71.91,57.35,3.46,1.81,40.94,0.89,5531.57,3411.48,0
836,44.29,32.23,4.62,0.94,36.26,0.77,5250.19,4227.97,0
837,86.23,70.38,2.86,2.27,43.36,0.96,5677.47,2988.12,0
838,77.73,62.65,3.21,2.0,41.93,0.92,5590.93,3239.22,0
839,91.39,75.08,2.64,2.43,44.24,0.98,5730.1,2835.38,0
840,26.77,16.29,5.36,0.38,33.3,0.69,5071.63,4746.14,0
841,36.56,25.19,4.95,0.69,34.96,0.73,5171.38,4456.69,0
842,39.58,27.94,4.82,0.79,35.47,0.75,5202.18,4367.31,0
843,58.17,44.86,4.04,1.38,38.61,0.83,5391.62,3817.59,0
844,82.41,66.91,3.02,2.15,42.72,0.94,5638.61,3100.88,0
845,31.68,20.76,5.16,0.54,34.13,0.71,5121.69,4600.86,0
846,48.14,35.73,4.46,1.06,36.92,0.79,5289.36,4114.33,0
847,37.88,26.39,4.89,0.73,35.18,0.74,5184.8,4417.75,0
848,52.17,39.39,4.29,1.19,37.6,0.8,5330.4,3995.24,0
849,27.92,17.33,5.31,0.42,33.49,0.7,5083.35,4712.12,0
850,66.15,52.11,3.7,1.63,39.96,0.87,5472.88,3581.79,0
851,56.22,43.08,4.12,1.31,38.28,0.82,5371.72,3875.34,0
852,48.74,36.28,4.44,1.08,37.02,0.79,5295.51,4096.48,0
853,26.64,16.17,5.37,0.38,33.28,0.69,5070.31,4749.97,0
854,43.94,31.91,4.64,0.93,36.21,0.77,5246.64,4238.29,0
855,85.47,69.7,2.89,2.24,43.24,0.95,5669.81,3010.35,0
856,54.59,41.59,4.19,1.26,38.01,0.82,5355.06,3923.68,0
857,93.75,77.23,2.54,2.5,44.64,0.99,5754.17,2765.55,0
858,56.31,43.16,4.12,1.32,38.3,0.82,5372.59,3872.82,0
859,32.01,21.05,5.14,0.55,34.18,0.71,5124.98,4591.32,0
860,45.2,33.06,4.59,0.97,36.42,0.77,5259.44,4201.16,0
861,60.06,46.57,3.96,1.44,38.93,0.84,5410.82,3761.88,0
862,74.79,59.98,3.34,1.9,41.43,0.91,5560.98,3326.15,0
863,43.06,31.11,4.68,0.9,36.06,0.76,5237.63,4264.44,0
864,24.74,14.44,5.45,0.32,32.95,0.68,5050.92,4806.22,0
865,60.27,46.77,3.95,1.44,38.97,0.84,5412.98,3755.6,0
866,84.83,69.11,2.91,2.22,43.13,0.95,5663.28,3029.28,0
867,62.2,48.52,3.87,1.5,39.3,0.85,5432.66,3698.49,0
868,31.73,20.8,5.15,0.54,34.14,0.71,5122.13,4599.58,0
869,37.55,26.09,4.91,0.72,35.12,0.74,5181.46,4427.42,0
870,36.17,24.84,4.97,0.68,34.89,0.73,5167.39,4468.25,0
871,81.23,65.84,3.07,2.11,42.52,0.94,5626.59,3135.76,0
872,32.04,21.08,5.14,0.55,34.19,0.71,5125.29,4590.42,0
873,93.44,76.95,2.55,2.5,44.58,0.99,5751.01,2774.72,0
874,31.99,21.04,5.14,0.55,34.18,0.71,5124.85,4591.71,0
875,51.6,38.88,4.32,1.17,37.5,0.8,5324.66,4011.9,0
876,47.79,35.41,4.48,1.05,36.86,0.78,5285.83,4124.56,0
877,54.28,41.31,4.2,1.25,37.95,0.81,5351.91,3932.82,0
878,20.82,10.88,5.61,0.19,32.29,0.66,5011.05,4921.91,1
879,92.27,75.88,2.6,2.46,44.39,0.98,5739.02,2809.52,0
880,79.75,64.49,3.13,2.06,42.27,0.93,5611.52,3179.48,0
881,48.39,35.96,4.45,1.07,36.96,0.79,5291.92,4106.88,0
882,40.35,28.64,4.79,0.81,35.6,0.75,5209.99,4344.65,0
883,95.17,78.51,2.48,2.55,44.88,1.0,5768.55,2723.82,0
884,57.02,43.81,4.09,1.34,38.42,0.83,5379.9,3851.58,0
885,74.18,59.43,3.36,1.88,41.32,0.9,5554.76,3344.18,0
886,68.88,54.6,3.59,1.72,40.43,0.88,5500.76,3500.89,0
887,61.93,48.27,3.88,1.5,39.25,0.85,5429.85,3706.64,0
888,61.66,48.03,3.89,1.49,39.2,0.85,5427.16,3714.45,0
889,45.52,33.35,4.57,0.98,36.47,0.77,5262.71,4191.65,0
890,80.57,65.23,3.09,2.09,42.41,0.93,5619.82,3155.4,0
891,23.57,13.37,5.5,0.28,32.76,0.68,5038.98,4840.86,1
892,94.35,77.78,2.51,2.52,44.74,0.99,5760.29,2747.79,0
893,38.47,26.93,4.87,0.75,35.28,0.74,5190.87,4400.11,0
894,77.38,62.33,3.23,1.99,41.86,0.92,5587.28,3249.83,0
895,45.95,33.74,4.55,0.99,36.54,0.78,5267.05,4179.07,0
896,31.53,20.62,5.16,0.53,34.1,0.71,5120.13,4605.38,0
897,30.1,19.32,5.22,0.49,33.86,0.71,5105.6,4647.57,0
898,89.33,73.21,2.73,2.36,43.89,0.97,5709.12,2896.26,0
899,83.98,68.34,2.95,2.2,42.98,0.95,5654.61,3054.43,0
900,92.19,75.81,2.6,2.46,44.37,0.98,5738.27,2811.68,0
901,52.03,39.27,4.3,1.18,37.57,0.8,5329.03,3999.22,0
902,62.6,48.88,3.85,1.52,39.36,0.85,5436.68,3686.82,0
903,48.35,35.92,4.45,1.06,36.95,0.79,5291.48,4108.17,0
904,47.23,34.91,4.5,1.03,36.76,0.78,5280.16,4141.01,0
905,50.24,37.64,4.37,1.12,37.27,0.8,5310.74,4052.27,0
906,67.01,52.9,3.67,1.66,40.11,0.87,5481.7,3556.18,0
907,69.19,54.89,3.57,1.73,40.48,0.88,5503.92,3491.72,0
908,23.4,13.22,5.51,0.27,32.73,0.68,5037.25,4845.88,1
909,39.55,27.91,4.82,0.79,35.46,0.75,5201.81,4368.38,0
910,80.84,65.48,3.08,2.1,42.45,0.93,5622.61,3147.3,0
911,74.69,59.89,3.34,1.9,41.41,0.91,5559.92,3329.23,0
912,47.81,35.43,4.48,1.05,36.86,0.78,5286.07,4123.88,0
913,46.52,34.26,4.53,1.01,36.64,0.78,5272.92,4162.03,0
914,59.3,45.89,3.99,1.41,38.81,0.84,5403.12,3784.22,0
915,46.47,34.21,4.53,1.01,36.63,0.78,5272.36,4163.65,0
916,59.02,45.63,4.0,1.4,38.76,0.84,5400.24,3792.56,0
917,68.72,54.46,3.59,1.71,40.4,0.88,5499.11,3505.67,0
918,26.65,16.18,5.37,0.38,33.28,0.69,5070.46,4749.52,0
919,26.52,16.07,5.37,0.37,33.26,0.69,5069.14,4753.37,0
920,38.13,26.62,4.88,0.74,35.22,0.74,5187.4,4410.19,0
921,34.07,22.93,5.06,0.61,34.53,0.72,5145.98,4530.37,0
922,40.07,28.39,4.8,0.8,35.55,0.75,5207.14,4352.9,0
923,95.35,78.68,2.47,2.56,44.91,1.0,5770.44,2718.33,0
924,73.79,59.07,3.38,1.87,41.26,0.9,5550.76,3355.78,0
925,34.56,23.38,5.03,0.63,34.62,0.73,5151.02,4515.77,0
926,30.04,19.26,5.23,0.48,33.85,0.7,5104.93,4649.51,0
927,83.0,67.45,2.99,2.16,42.82,0.94,5644.6,3083.51,0
928,82.37,66.87,3.02,2.14,42.71,0.94,5638.15,3102.22,0
929,55.32,42.26,4.16,1.29,38.13,0.82,5362.51,3902.06,0
930,21.88,11.84,5.57,0.23,32.47,0.67,5021.77,4890.8,1
931,70.37,55.96,3.52,1.76,40.68,0.89,5515.94,3456.83,0
932,64.58,50.68,3.77,1.58,39.7,0.86,5456.85,3628.3,0
933,57.19,43.97,4.08,1.35,38.45,0.83,5381.61,3846.62,0
934,67.62,53.45,3.64,1.68,40.21,0.87,5487.85,3538.35,0
935,18.78,9.02,5.7,0.13,31.95,0.65,4990.23,4982.32,1
936,45.29,33.14,4.58,0.97,36.43,0.77,5260.38,4198.4,0
937,19.41,9.59,5.67,0.15,32.05,0.66,4996.61,4963.81,1
938,94.36,77.78,2.51,2.52,44.74,0.99,5760.32,2747.69,0
939,52.54,39.73,4.28,1.2,37.66,0.81,5334.2,3984.21,0
940,62.07,48.4,3.87,1.5,39.27,0.85,5431.33,3702.37,0
941,88.87,72.78,2.74,2.35,43.81,0.97,5704.37,2910.06,0
942,37.07,25.66,4.93,0.71,35.04,0.74,5176.6,4441.52,0
943,25.61,15.24,5.41,0.34,33.1,0.69,5059.85,4780.31,0
944,76.57,61.6,3.26,1.96,41.73,0.91,5579.09,3273.58,0
945,37.44,25.99,4.91,0.72,35.1,0.74,5180.33,4430.7,0
946,40.06,28.38,4.8,0.8,35.55,0.75,5207.07,4353.11,0
947,22.81,12.68,5.53,0.25,32.63,0.67,5031.23,4863.36,1
948,53.18,40.31,4.25,1.22,37.77,0.81,5340.71,3965.31,0
949,69.62,55.27,3.56,1.74,40.55,0.88,5508.21,3479.26,0
950,52.09,39.32,4.3,1.18,37.58,0.8,5329.61,3997.52,0
951,92.66,76.23,2.59,2.47,44.45,0.99,5743.01,2797.92,0
952,47.14,34.82,4.5,1.03,36.75,0.78,5279.17,4143.88,0
953,22.37,12.28,5.55,0.24,32.55,0.67,5026.76,4876.32,1
954,83.51,67.91,2.97,2.18,42.9,0.95,5649.77,3068.48,0
955,61.09,47.51,3.92,1.47,39.11,0.84,5421.34,3731.34,0
956,84.58,68.88,2.93,2.21,43.08,0.95,5660.68,3036.83,0
957,21.42,11.42,5.59,0.21,32.39,0.67,5017.08,4904.43,1
958,67.16,53.03,3.66,1.66,40.14,0.87,5483.18,3551.89,0
959,90.33,74.12,2.68,2.4,44.06,0.98,5719.29,2866.75,0
960,72.21,57.63,3.45,1.82,40.99,0.89,5534.69,3402.42,0
961,90.77,74.51,2.66,2.41,44.13,0.98,5723.73,2853.86,0
962,40.98,29.22,4.76,0.83,35.7,0.75,5216.47,4325.84,0
963,88.85,72.76,2.75,2.35,43.81,0.97,5704.16,2910.65,0
964,44.6,32.51,4.61,0.95,36.32,0.77,5253.28,4219.02,0
965,41.75,29.92,4.73,0.86,35.83,0.76,5224.29,4303.15,0
966,86.58,70.7,2.84,2.28,43.42,0.96,5681.07,2977.66,0
967,75.98,61.06,3.29,1.94,41.63,0.91,5573.07,3291.07,0
968,49.61,37.06,4.4,1.1,37.16,0.79,5304.31,4070.93,0
969,41.45,29.65,4.74,0.85,35.78,0.76,5221.23,4312.01,0
970,35.19,23.95,5.01,0.65,34.72,0.73,5157.43,4497.16,0
971,19.1,9.31,5.69,0.14,32.0,0.66,4993.44,4973.02,1
972,81.18,65.79,3.07,2.11,42.51,0.93,5626.09,3137.2,0
973,78.99,63.8,3.16,2.04,42.14,0.92,5603.71,3202.16,0
974,86.71,70.82,2.84,2.28,43.45,0.96,5682.43,2973.71,0
975,61.05,47.48,3.92,1.47,39.1,0.84,5420.95,3732.48,0
976,61.93,48.28,3.88,1.5,39.25,0.85,5429.89,3706.55,0
977,61.91,48.26,3.88,1.5,39.25,0.85,5429.72,3707.03,0
978,77.1,62.08,3.24,1.98,41.82,0.92,5584.45,3258.04,0
979,50.95,38.29,4.34,1.15,37.39,0.8,5318.02,4031.15,0
980,22.85,12.72,5.53,0.26,32.63,0.67,5031.64,4862.17,1
981,66.7,52.62,3.68,1.65,40.06,0.87,5478.5,3565.47,0
982,30.46,19.65,5.21,0.5,33.92,0.71,5109.28,4636.87,0
983,31.77,20.84,5.15,0.54,34.14,0.71,5122.55,4598.36,0
984,92.09,75.72,2.61,2.45,44.36,0.98,5737.22,2814.72,0
985,57.87,44.58,4.05,1.37,38.56,0.83,5388.54,3826.52,0
986,76.24,61.29,3.28,1.95,41.67,0.91,5575.69,3283.46,0
987,44.26,32.2,4.63,0.94,36.26,0.77,5249.9,4228.84,0
988,41.22,29.43,4.75,0.84,35.74,0.76,5218.83,4318.97,0
989,75.03,60.2,3.33,1.91,41.47,0.91,5563.38,3319.16,0
990,41.98,30.13,4.72,0.86,35.87,0.76,5226.63,4296.35,0
991,27.25,16.72,5.34,0.4,33.38,0.69,5076.48,4732.04,0
992,62.43,48.73,3.86,1.51,39.33,0.85,5434.97,3691.79,0
993,57.99,44.7,4.05,1.37,38.58,0.83,5389.79,3822.9,0
994,62.8,49.07,3.84,1.52,39.4,0.85,5438.79,3680.7,0
995,87.45,71.5,2.8,2.31,43.57,0.96,5689.97,2951.83,0
996,46.69,34.41,4.52,1.01,36.67,0.78,5274.6,4157.15,0
997,75.98,61.06,3.29,1.94,41.63,0.91,5573.07,3291.05,0
998,80.51,65.18,3.1,2.09,42.4,0.93,5619.25,3157.04,0
999,47.53,35.18,4.49,1.04,36.81,0.78,5283.16,4132.3,0
1000,26.28,15.84,5.38,0.36,33.21,0.69,5066.59,4760.74,0
1001,36.38,25.03,4.96,0.69,34.93,0.73,5169.57,4461.92,0
1002,48.84,36.37,4.43,1.08,37.04,0.79,5296.56,4093.44,0
1003,30.66,19.83,5.2,0.5,33.96,0.71,5111.27,4631.09,0
1004,57.85,44.56,4.05,1.37,38.56,0.83,5388.32,3827.17,0
1005,60.5,46.98,3.94,1.45,39.01,0.84,5415.37,3748.66,0
1006,50.64,38.0,4.36,1.14,37.34,0.8,5314.85,4040.35,0
1007,47.72,35.34,4.48,1.04,36.84,0.78,5285.06,4126.79,0
1008,87.49,71.53,2.8,2.31,43.58,0.96,5690.35,2950.74,0
1009,54.95,41.92,4.17,1.27,38.07,0.82,5358.74,3913.01,0
1010,45.26,33.11,4.58,0.97,36.43,0.77,5260.0,4199.52,0
1011,92.1,75.72,2.61,2.45,44.36,0.98,5737.27,2814.58,0
1012,85.2,69.45,2.9,2.23,43.19,0.95,5667.03,3018.4,0
1013,61.26,47.67,3.91,1.47,39.14,0.85,5423.06,3726.36,0
1014,65.32,51.36,3.74,1.6,39.82,0.86,5464.47,3606.2,0
1015,85.91,70.09,2.87,2.26,43.31,0.96,5674.22,2997.53,0
1016,64.16,50.3,3.79,1.57,39.63,0.86,5452.61,3640.61,0
1017,80.74,65.39,3.09,2.09,42.43,0.93,5621.59,3150.25,0
1018,84.3,68.63,2.94,2.21,43.04,0.95,5657.89,3044.94,0
1019,74.61,59.81,3.35,1.9,41.4,0.91,5559.1,3331.61,0
1020,80.53,65.2,3.1,2.09,42.4,0.93,5619.39,3156.65,0
1021,90.57,74.34,2.67,2.4,44.1,0.98,5721.77,2859.57,0
1022,42.18,30.3,4.71,0.87,35.91,0.76,5228.61,4290.59,0
1023,67.21,53.08,3.66,1.66,40.14,0.87,5483.71,3550.35,0
1024,67.69,53.52,3.64,1.68,40.23,0.87,5488.59,3536.19,0
1025,65.86,51.85,3.71,1.62,39.92,0.87,5469.93,3590.35,0
1026,75.52,60.64,3.31,1.93,41.55,0.91,5568.4,3304.62,0
1027,93.45,76.95,2.55,2.5,44.59,0.99,5751.05,2774.58,0
1028,79.22,64.01,3.15,2.04,42.18,0.93,5606.12,3195.16,0
1029,67.64,53.47,3.64,1.68,40.22,0.87,5488.06,3537.74,0
1030,83.21,67.64,2.98,2.17,42.85,0.94,5646.76,3077.23,0
1031,24.82,14.51,5.45,0.32,32.97,0.68,5051.75,4803.82,0
1032,67.59,53.42,3.64,1.68,40.21,0.87,5487.54,3539.24,0
1033,68.57,54.32,3.6,1.71,40.37,0.88,5497.6,3510.06,0
1034,40.49,28.77,4.78,0.82,35.62,0.75,5211.46,4340.36,0
1035,84.73,69.02,2.92,2.22,43.11,0.95,5662.25,3032.28,0
1036,84.05,68.4,2.95,2.2,42.99,0.95,5655.26,3052.56,0
1037,59.05,45.66,4.0,1.4,38.76,0.84,5400.58,3791.59,0
1038,61.33,47.73,3.91,1.48,39.15,0.85,5423.77,3724.31,0
1039,83.06,67.5,2.99,2.17,42.83,0.94,5645.18,3081.82,0
1040,22.37,12.29,5.55,0.24,32.55,0.67,5026.79,4876.23,1
1041,41.99,30.13,4.72,0.86,35.87,0.76,5226.7,4296.15,0
1042,85.91,70.09,2.87,2.26,43.31,0.96,5674.2,2997.59,0
1043,30.93,20.07,5.19,0.51,34.0,0.71,5113.99,4623.21,0
1044,42.52,30.62,4.7,0.88,35.97,0.76,5232.15,4280.33,0
1045,76.03,61.11,3.29,1.94,41.64,0.91,5573.62,3289.47,0
1046,81.66,66.23,3.05,2.12,42.59,0.94,5630.98,3123.01,0
1047,74.97,60.14,3.33,1.91,41.46,0.91,5562.78,3320.93,0
1048,54.62,41.62,4.19,1.26,38.01,0.82,5355.38,3922.75,0
1049,23.79,13.58,5.49,0.29,32.79,0.68,5041.26,4834.26,1
1050,39.2,27.6,4.84,0.77,35.4,0.75,5198.28,4378.61,0
1051,74.34,59.57,3.36,1.89,41.35,0.9,5556.34,3339.59,0
1052,30.59,19.76,5.2,0.5,33.95,0.71,5110.55,4633.19,0
1053,87.33,71.39,2.81,2.3,43.55,0.96,5688.73,2955.43,0
1054,57.87,44.58,4.05,1.37,38.56,0.83,5388.52,3826.57,0
1055,22.63,12.52,5.54,0.25,32.6,0.67,5029.44,4868.55,1
1056,93.19,76.72,2.56,2.49,44.54,0.99,5748.42,2782.24,0
1057,89.16,73.05,2.73,2.36,43.86,0.97,5707.33,2901.47,0
1058,38.24,26.72,4.88,0.74,35.24,0.74,5188.49,4407.02,0
1059,55.99,42.87,4.13,1.31,38.24,0.82,5369.36,3882.18,0
1060,73.8,59.08,3.38,1.87,41.26,0.9,5550.89,3355.43,0
1061,82.87,67.33,3.0,2.16,42.79,0.94,5643.26,3087.39,0
1062,66.86,52.77,3.67,1.65,40.09,0.87,5480.17,3560.63,0
1063,93.83,77.3,2.54,2.51,44.65,0.99,5754.9,2763.41,0
1064,43.41,31.43,4.66,0.91,36.12,0.77,5241.21,4254.04,0
1065,64.63,50.73,3.77,1.58,39.71,0.86,5457.41,3626.69,0
1066,70.81,56.35,3.51,1.78,40.75,0.89,5520.36,3444.02,0
1067,62.51,48.8,3.86,1.51,39.35,0.85,5435.81,3689.37,0
1068,54.6,41.61,4.19,1.26,38.01,0.82,5355.23,3923.19,0
1069,57.91,44.62,4.05,1.37,38.57,0.83,5388.94,3825.35,0
1070,24.39,14.12,5.46,0.3,32.9,0.68,5047.35,4816.59,0
1071,24.37,14.1,5.46,0.3,32.89,0.68,5047.15,4817.16,0
1072,85.02,69.28,2.91,2.23,43.16,0.95,5665.18,3023.78,0
1073,43.82,31.8,4.64,0.92,36.18,0.77,5245.35,4242.03,0
1074,66.48,52.41,3.69,1.64,40.02,0.87,5476.22,3572.09,0
1075,38.39,26.86,4.87,0.75,35.27,0.74,5190.07,4402.45,0
1076,20.46,10.55,5.63,0.18,32.23,0.66,5007.32,4932.73,1
1077,40.44,28.72,4.79,0.81,35.61,0.75,5210.9,4341.98,0
1078,87.75,71.76,2.79,2.31,43.62,0.96,5692.96,2943.15,0
1079,20.18,10.29,5.64,0.17,32.18,0.66,5004.49,4940.95,1
1080,58.03,44.73,4.04,1.37,38.59,0.83,5390.19,3821.73,0
1081,46.55,34.29,4.53,1.01,36.65,0.78,5273.2,4161.22,0
1082,20.59,10.67,5.62,0.18,32.25,0.66,5008.71,4928.71,1
1083,29.55,18.82,5.25,0.47,33.77,0.7,5099.94,4663.98,0
1084,20.43,10.52,5.63,0.18,32.23,0.66,5007.04,4933.56,1
1085,60.35,46.84,3.95,1.45,38.98,0.84,5413.81,3753.18,0
1086,26.93,16.43,5.36,0.39,33.33,0.69,5073.25,4741.42,0
1087,40.43,28.71,4.79,0.81,35.61,0.75,5210.77,4342.37,0
1088,77.17,62.14,3.24,1.98,41.83,0.92,5585.15,3256.0,0
1089,23.21,13.05,5.51,0.27,32.7,0.67,5035.31,4851.51,1
1090,41.87,30.03,4.73,0.86,35.85,0.76,5225.49,4299.67,0
1091,45.2,33.06,4.59,0.97,36.42,0.77,5259.43,4201.18,0
1092,31.32,20.43,5.17,0.52,34.07,0.71,5117.98,4611.63,0
1093,56.95,43.75,4.09,1.34,38.41,0.83,5379.19,3853.65,0
1094,78.42,63.28,3.19,2.02,42.04,0.92,5597.91,3218.99,0
1095,46.11,33.88,4.55,0.99,36.57,0.78,5268.69,4174.31,0
1096,91.56,75.24,2.63,2.44,44.27,0.98,5731.85,2830.32,0
1097,91.47,75.15,2.64,2.43,44.25,0.98,5730.91,2833.04,0
1098,95.47,78.79,2.47,2.56,44.93,1.0,5771.68,2714.73,0
1099,50.42,37.8,4.37,1.13,37.3,0.8,5312.6,4046.89,0
1100,39.93,28.26,4.81,0.8,35.53,0.75,5205.71,4357.04,0
1101,49.61,37.07,4.4,1.1,37.16,0.79,5304.34,4070.84,0
1102,86.05,70.22,2.86,2.26,43.33,0.96,5675.63,2993.46,0
1103,33.89,22.77,5.06,0.61,34.5,0.72,5144.18,4535.6,0
1104,59.66,46.21,3.98,1.42,38.87,0.84,5406.76,3773.65,0
1105,32.92,21.89,5.1,0.58,34.34,0.72,5134.33,4564.17,0
1106,26.96,16.46,5.35,0.39,33.33,0.69,5073.55,4740.57,0
1107,23.15,12.99,5.52,0.27,32.69,0.67,5034.73,4853.2,1
1108,53.78,40.57,4.99,1.26,56.42,1.16,4957.41,4841.62,0
1109,49.84,36.97,5.23,1.14,57.49,1.18,4880.82,5041.72,0
1110,62.57,48.63,4.46,1.54,54.01,1.13,5128.68,4394.11,0
1111,61.75,47.88,4.51,1.51,54.24,1.13,5112.64,4436.01,0
1112,52.19,39.12,5.09,1.21,56.85,1.17,4926.57,4922.2,0
1113,60.6,46.83,4.58,1.48,54.55,1.14,5090.39,4494.15,0
1114,54.03,40.81,4.97,1.27,56.35,1.16,4962.44,4828.48,0
1115,56.8,43.35,4.81,1.36,55.59,1.15,5016.38,4687.54,0
1116,54.02,40.8,4.98,1.27,56.35,1.16,4962.19,4829.12,0
1117,53.49,40.31,5.01,1.25,56.49,1.16,4951.93,4855.94,0
1118,65.42,51.25,4.29,1.63,53.24,1.12,5184.22,4249.0,0
1119,50.83,37.87,5.17,1.17,57.22,1.17,4899.94,4991.79,0
1120,67.3,52.97,4.17,1.68,52.72,1.11,5220.78,4153.48,0
1121,59.46,45.78,4.65,1.44,54.86,1.14,5068.14,4552.3,0
1122,52.62,39.51,5.06,1.23,56.73,1.17,4934.89,4900.45,0
1123,69.07,54.59,4.07,1.74,52.24,1.1,5255.32,4063.22,0
1124,68.77,54.31,4.08,1.73,52.32,1.1,5249.37,4078.78,0
1125,64.23,50.16,4.36,1.59,53.56,1.12,5161.07,4309.49,0
1126,70.68,56.07,3.97,1.79,51.8,1.1,5286.75,3981.1,0
1127,67.37,53.04,4.17,1.69,52.7,1.11,5222.27,4149.58,0
1128,66.46,52.19,4.22,1.66,52.95,1.11,5204.39,4196.3,0
1129,52.52,39.43,5.07,1.22,56.76,1.17,4933.04,4905.29,0
1130,69.86,55.31,4.02,1.76,52.02,1.1,5270.61,4023.29,0
1131,51.94,38.89,5.1,1.21,56.92,1.17,4921.58,4935.22,0
1132,71.2,56.54,3.94,1.8,51.66,1.09,5296.83,3954.76,0
1133,59.83,46.13,4.62,1.45,54.76,1.14,5075.41,4533.29,0
1134,49.0,36.19,5.28,1.11,57.72,1.18,4864.29,5084.91,0
1135,58.28,44.7,4.72,1.4,55.19,1.14,5045.08,4612.56,0
1136,61.24,47.42,4.54,1.5,54.38,1.13,5102.82,4461.68,0
1137,61.64,47.78,4.52,1.51,54.27,1.13,5110.52,4441.57,0
1138,64.64,50.53,4.33,1.6,53.45,1.12,5169.1,4288.52,0
1139,52.39,39.3,5.07,1.22,56.79,1.17,4930.38,4912.23,0
1140,65.5,51.32,4.28,1.63,53.21,1.12,5185.87,4244.7,0
1141,57.32,43.82,4.78,1.37,55.45,1.15,5026.49,4661.11,0
1142,59.82,46.11,4.63,1.45,54.77,1.14,5075.11,4534.08,0
1143,65.51,51.33,4.28,1.63,53.21,1.12,5185.99,4244.36,0
1144,68.13,53.73,4.12,1.71,52.5,1.11,5236.93,4111.27,0
1145,59.4,45.73,4.65,1.44,54.88,1.14,5067.01,4555.25,0
1146,54.44,41.18,4.95,1.28,56.23,1.16,4970.39,4807.71,0
1147,71.01,56.37,3.95,1.8,51.71,1.1,5293.07,3964.58,0
1148,63.92,49.87,4.38,1.58,53.65,1.12,5154.95,4325.47,0
1149,62.89,48.93,4.44,1.55,53.93,1.13,5134.98,4377.66,0
1150,61.34,47.51,4.53,1.5,54.35,1.13,5104.8,4456.51,0
1151,64.83,50.71,4.32,1.61,53.4,1.12,5172.77,4278.92,0
1152,56.09,42.69,4.85,1.33,55.78,1.15,5002.45,4723.94,0
1153,60.88,47.08,4.56,1.48,54.48,1.13,5095.77,4480.09,0
1154,54.16,40.93,4.97,1.28,56.31,1.16,4964.92,4821.98,0
1155,69.81,55.27,4.02,1.76,52.04,1.1,5269.63,4025.83,0
1156,57.81,44.27,4.75,1.39,55.31,1.15,5036.07,4636.08,0
1157,57.46,43.95,4.77,1.38,55.41,1.15,5029.11,4654.29,0
1158,63.92,49.87,4.38,1.58,53.65,1.12,5155.0,4325.34,0
1159,70.68,56.07,3.97,1.79,51.8,1.1,5286.67,3981.32,0
1160,49.31,36.47,5.26,1.12,57.64,1.18,4870.34,5069.12,0
1161,52.84,39.72,5.05,1.23,56.67,1.17,4939.19,4889.21,0
1162,66.59,52.32,4.22,1.66,52.92,1.11,5207.07,4189.28,0
1163,55.64,42.28,4.88,1.32,55.91,1.15,4993.72,4746.73,0
1164,53.88,40.67,4.98,1.27,56.39,1.16,4959.51,4836.13,0
1165,47.74,35.04,5.36,1.08,58.07,1.18,4839.75,5149.04,0
1166,68.13,53.73,4.12,1.71,52.5,1.11,5237.03,4111.01,0
1167,49.14,36.33,5.27,1.12,57.68,1.18,4867.17,5077.41,0
1168,55.75,42.39,4.87,1.32,55.88,1.15,4995.94,4740.95,0
1169,55.9,42.52,4.86,1.33,55.84,1.15,4998.79,4733.49,0
1170,51.3,38.31,5.14,1.19,57.09,1.17,4909.26,4967.42,0
1171,54.28,41.04,4.96,1.28,56.28,1.16,4967.3,4815.78,0
1172,48.31,35.56,5.32,1.09,57.91,1.18,4850.94,5119.79,0
1173,65.64,51.45,4.27,1.63,53.17,1.12,5188.56,4237.66,0
1174,51.13,38.15,5.15,1.18,57.14,1.17,4905.83,4976.38,0
1175,62.47,48.54,4.46,1.53,54.04,1.13,5126.75,4399.15,0
1176,65.69,51.49,4.27,1.63,53.16,1.12,5189.41,4235.44,0
1177,62.04,48.15,4.49,1.52,54.16,1.13,5118.41,4420.94,0
1178,53.7,40.5,4.99,1.26,56.44,1.16,4955.89,4845.6,0
1179,52.65,39.54,5.06,1.23,56.72,1.17,4935.4,4899.12,0
1180,54.46,41.2,4.95,1.28,56.23,1.16,4970.65,4807.03,0
1181,56.65,43.21,4.82,1.35,55.63,1.15,5013.36,4695.43,0
1182,62.45,48.52,4.47,1.53,54.05,1.13,5126.27,4400.41,0
1183,67.56,53.21,4.16,1.69,52.65,1.11,5225.93,4140.01,0
1184,55.42,42.08,4.89,1.31,55.97,1.16,4989.39,4758.06,0
1185,52.69,39.58,5.06,1.23,56.71,1.17,4936.25,4896.89,0
1186,64.48,50.38,4.34,1.6,53.49,1.12,5165.89,4296.88,0
1187,70.66,56.05,3.97,1.79,51.8,1.1,5286.33,3982.2,0
1188,48.58,35.81,5.3,1.1,57.83,1.18,4856.27,5105.87,0
1189,61.67,47.81,4.51,1.51,54.26,1.13,5111.22,4439.73,0
1190,49.49,36.64,5.25,1.13,57.59,1.18,4873.88,5059.87,0
1191,61.77,47.9,4.51,1.51,54.23,1.13,5113.12,4434.78,0
1192,61.14,47.32,4.55,1.49,54.4,1.13,5100.86,4466.8,0
1193,64.8,50.68,4.32,1.61,53.4,1.12,5172.23,4280.32,0
1194,51.6,38.58,5.12,1.2,57.01,1.17,4915.11,4952.14,0
1195,56.63,43.19,4.82,1.35,55.64,1.15,5013.04,4696.26,0
1196,60.65,46.87,4.57,1.48,54.54,1.14,5091.27,4491.86,0
1197,64.24,50.16,4.36,1.59,53.56,1.12,5161.16,4309.24,0
1198,70.25,55.67,3.99,1.78,51.92,1.1,5278.23,4003.37,0
1199,67.49,53.15,4.16,1.69,52.67,1.11,5224.6,4143.5,0
1200,51.77,38.73,5.11,1.2,56.96,1.17,4918.31,4943.78,0
1201,67.88,53.5,4.14,1.7,52.56,1.11,5232.07,4123.98,0
1202,58.73,45.11,4.69,1.42,55.06,1.14,5053.82,4589.71,0
1203,65.65,51.46,4.27,1.63,53.17,1.12,5188.77,4237.12,0
1204,51.95,38.9,5.1,1.21,56.92,1.17,4921.79,4934.68,0
1205,65.11,50.96,4.31,1.62,53.32,1.12,5178.14,4264.89,0
1206,67.16,52.84,4.18,1.68,52.76,1.11,5218.09,4160.5,0
1207,60.34,46.58,4.59,1.47,54.62,1.14,5085.17,4507.8,0
1208,52.3,39.22,5.08,1.22,56.82,1.17,4928.65,4916.76,0
1209,59.5,45.82,4.64,1.44,54.85,1.14,5068.96,4550.14,0
1210,53.31,40.15,5.02,1.25,56.54,1.16,4948.36,4865.25,0
1211,60.57,46.8,4.58,1.47,54.56,1.14,5089.67,4496.05,0
1212,53.94,40.72,4.98,1.27,56.37,1.16,4960.66,4833.13,0
1213,67.29,52.96,4.17,1.68,52.73,1.11,5220.61,4153.93,0
1214,58.04,44.48,4.73,1.4,55.25,1.15,5040.42,4624.72,0
1215,57.91,44.36,4.74,1.39,55.29,1.15,5037.93,4631.23,0
1216,61.38,47.54,4.53,1.5,54.34,1.13,5105.57,4454.51,0
1217,70.48,55.89,3.98,1.78,51.85,1.1,5282.85,3991.29,0
1218,71.58,56.89,3.91,1.82,51.55,1.09,5304.17,3935.58,0
1219,62.6,48.66,4.46,1.54,54.01,1.13,5129.23,4392.69,0
1220,60.3,46.55,4.6,1.47,54.63,1.14,5084.45,4509.67,0
1221,56.8,43.34,4.81,1.36,55.59,1.15,5016.25,4687.87,0
1222,70.3,55.72,3.99,1.78,51.9,1.1,5279.35,4000.44,0
1223,68.83,54.37,4.08,1.73,52.3,1.1,5250.64,4075.47,0
1224,51.05,38.07,5.15,1.18,57.16,1.17,4904.33,4980.29,0
1225,62.17,48.27,4.48,1.52,54.12,1.13,5120.95,4414.31,0
1226,70.41,55.82,3.99,1.78,51.87,1.1,5281.38,3995.14,0
1227,53.45,40.28,5.01,1.25,56.5,1.16,4951.12,4858.05,0
1228,66.17,51.94,4.24,1.65,53.03,1.11,5198.88,4210.69,0
1229,70.97,56.33,3.95,1.8,51.72,1.1,5292.29,3966.62,0
1230,67.12,52.8,4.18,1.68,52.77,1.11,5217.32,4162.52,0
1231,69.51,54.99,4.04,1.75,52.12,1.1,5263.88,4040.86,0
1232,70.1,55.53,4.0,1.77,51.96,1.1,5275.3,4011.03,0
1233,48.65,35.88,5.3,1.1,57.81,1.18,4857.61,5102.37,0
1234,55.79,42.42,4.87,1.33,55.87,1.15,4996.6,4739.22,0
1235,64.71,50.59,4.33,1.6,53.43,1.12,5170.29,4285.4,0
1236,61.16,47.34,4.54,1.49,54.4,1.13,5101.22,4465.87,0
1237,71.31,56.65,3.93,1.81,51.63,1.09,5298.96,3949.19,0
1238,53.92,40.71,4.98,1.27,56.38,1.16,4960.3,4834.08,0
1239,48.85,36.06,5.29,1.11,57.76,1.18,4861.45,5092.35,0
1240,50.61,37.67,5.18,1.16,57.28,1.17,4895.74,5002.74,0
1241,62.44,48.51,4.47,1.53,54.05,1.13,5126.12,4400.79,0
1242,57.67,44.14,4.75,1.38,55.35,1.15,5033.26,4643.43,0
1243,58.33,44.75,4.71,1.4,55.17,1.14,5046.21,4609.6,0
1244,47.97,35.25,5.34,1.08,58.0,1.18,4844.3,5137.16,0
1245,53.74,40.54,4.99,1.26,56.43,1.16,4956.63,4843.64,0
1246,48.16,35.43,5.33,1.09,57.95,1.18,4848.04,5127.38,0
1247,54.69,41.41,4.93,1.29,56.17,1.16,4975.24,4795.03,0
1248,59.42,45.75,4.65,1.44,54.87,1.14,5067.39,4554.25,0
1249,63.26,49.26,4.42,1.56,53.83,1.13,5142.11,4359.02,0
1250,52.09,39.02,5.09,1.21,56.88,1.17,4924.52,4927.56,0
1251,66.62,52.35,4.21,1.66,52.91,1.11,5207.59,4187.92,0
1252,67.38,53.04,4.17,1.69,52.7,1.11,5222.37,4149.32,0
1253,65.26,51.1,4.3,1.62,53.28,1.12,5181.16,4256.98,0
1254,65.93,51.71,4.26,1.64,53.1,1.11,5194.18,4222.98,0
1255,48.52,35.75,5.31,1.1,57.85,1.18,4855.0,5109.21,0
1256,70.23,55.66,4.0,1.77,51.92,1.1,5277.99,4003.98,0
1257,62.22,48.32,4.48,1.53,54.11,1.13,5121.96,4411.66,0
1258,56.64,43.2,4.82,1.35,55.63,1.15,5013.19,4695.86,0
1259,63.02,49.04,4.43,1.55,53.89,1.13,5137.45,4371.21,0
1260,56.98,43.51,4.8,1.36,55.54,1.15,5019.86,4678.44,0
1261,62.06,48.17,4.49,1.52,54.15,1.13,5118.79,4419.96,0
1262,49.96,37.07,5.22,1.14,57.46,1.18,4883.02,5035.97,0
1263,67.54,53.19,4.16,1.69,52.66,1.11,5225.56,4140.99,0
1264,67.74,53.37,4.15,1.7,52.6,1.11,5229.43,4130.86,0
1265,49.6,36.75,5.24,1.13,57.55,1.18,4876.16,5053.92,0
1266,59.21,45.55,4.66,1.43,54.93,1.14,5063.18,4565.26,0
1267,48.56,35.79,5.31,1.1,57.84,1.18,4855.81,5107.08,0
1268,70.93,56.29,3.95,1.8,51.73,1.1,5291.48,3968.74,0
1269,53.65,40.46,5.0,1.26,56.45,1.16,4954.99,4847.94,0
1270,51.57,38.55,5.12,1.19,57.02,1.17,4914.5,4953.72,0
1271,68.35,53.93,4.11,1.72,52.44,1.11,5241.21,4100.09,0
1272,58.16,44.59,4.73,1.4,55.22,1.14,5042.78,4618.56,0
1273,55.65,42.29,4.88,1.32,55.9,1.15,4993.96,4746.11,0
1274,51.11,38.12,5.15,1.18,57.14,1.17,4905.4,4977.51,0
1275,55.12,41.81,4.91,1.3,56.05,1.16,4983.65,4773.05,0
1276,57.33,43.83,4.78,1.37,55.45,1.15,5026.61,4660.81,0
1277,57.28,43.78,4.78,1.37,55.46,1.15,5025.56,4663.54,0
1278,57.08,43.6,4.79,1.37,55.51,1.15,5021.73,4673.57,0
1279,68.18,53.78,4.12,1.71,52.48,1.11,5238.06,4108.31,0
1280,63.44,49.43,4.41,1.56,53.78,1.12,5145.57,4349.99,0
1281,65.16,51.0,4.3,1.62,53.31,1.12,5179.05,4262.5,0
1282,70.84,56.22,3.96,1.79,51.75,1.1,5289.86,3972.99,0
1283,52.26,39.18,5.08,1.22,56.83,1.17,4927.79,4919.01,0
1284,60.7,46.92,4.57,1.48,54.53,1.13,5092.23,4489.36,0
1285,66.91,52.61,4.2,1.67,52.83,1.11,5213.16,4173.39,0
1286,54.47,41.21,4.95,1.28,56.23,1.16,4971.0,4806.11,0
1287,52.09,39.02,5.09,1.21,56.88,1.17,4924.5,4927.6,0
1288,50.61,37.67,5.18,1.16,57.28,1.17,4895.83,5002.52,0
1289,49.53,36.68,5.25,1.13,57.57,1.18,4874.8,5057.47,0
1290,62.95,48.98,4.44,1.55,53.91,1.13,5136.05,4374.86,0
1291,69.94,55.38,4.01,1.77,52.0,1.1,5272.18,4019.18,0
1292,69.03,54.55,4.07,1.74,52.25,1.1,5254.52,4065.33,0
1293,57.06,43.58,4.79,1.37,55.52,1.15,5021.41,4674.39,0
1294,68.91,54.44,4.08,1.73,52.28,1.1,5252.12,4071.58,0
1295,56.4,42.98,4.83,1.34,55.7,1.15,5008.49,4708.14,0
1296,49.28,36.45,5.26,1.12,57.64,1.18,4869.83,5070.44,0
1297,57.22,43.72,4.78,1.37,55.48,1.15,5024.4,4666.58,0
1298,61.07,47.25,4.55,1.49,54.42,1.13,5099.4,4470.62,0
1299,68.14,53.74,4.12,1.71,52.49,1.11,5237.24,4110.47,0
1300,56.79,43.33,4.81,1.36,55.59,1.15,5016.02,4688.48,0
1301,62.39,48.47,4.47,1.53,54.06,1.13,5125.15,4403.34,0
1302,53.07,39.92,5.03,1.24,56.61,1.16,4943.58,4877.75,0
1303,56.19,42.79,4.84,1.34,55.76,1.15,5004.52,4718.52,0
1304,68.98,54.51,4.07,1.74,52.26,1.1,5253.64,4067.62,0
1305,54.54,41.27,4.94,1.29,56.21,1.16,4972.33,4802.63,0
1306,52.42,39.33,5.07,1.22,56.79,1.17,4930.99,4910.64,0
1307,54.05,40.83,4.97,1.27,56.34,1.16,4962.8,4827.53,0
1308,69.08,54.6,4.07,1.74,52.24,1.1,5255.52,4062.7,0
1309,70.45,55.86,3.98,1.78,51.86,1.1,5282.19,3993.03,0
1310,70.0,55.44,4.01,1.77,51.98,1.1,5273.45,4015.86,0
1311,53.88,40.67,4.98,1.27,56.39,1.16,4959.51,4836.12,0
1312,52.97,39.83,5.04,1.24,56.64,1.16,4941.64,4882.82,0
1313,60.69,46.91,4.57,1.48,54.53,1.13,5092.05,4489.83,0
1314,58.67,45.06,4.69,1.42,55.08,1.14,5052.76,4592.49,0
1315,59.12,45.47,4.67,1.43,54.96,1.14,5061.43,4569.84,0
1316,60.9,47.1,4.56,1.48,54.47,1.13,5096.09,4479.28,0
1317,54.95,41.65,4.92,1.3,56.1,1.16,4980.22,4782.02,0
1318,58.08,44.52,4.73,1.4,55.24,1.14,5041.27,4622.51,0
1319,60.48,46.71,4.59,1.47,54.59,1.14,5087.94,4500.57,0
1320,53.81,40.6,4.99,1.26,56.41,1.16,4958.1,4839.82,0
1321,64.51,50.41,4.34,1.6,53.49,1.12,5166.43,4295.47,0
1322,66.97,52.67,4.19,1.67,52.81,1.11,5214.38,4170.19,0
1323,56.1,42.7,4.85,1.34,55.78,1.15,5002.63,4723.47,0
1324,52.71,39.59,5.05,1.23,56.71,1.17,4936.62,4895.93,0
1325,70.07,55.5,4.01,1.77,51.97,1.1,5274.69,4012.61,0
1326,53.95,40.73,4.98,1.27,56.37,1.16,4960.79,4832.79,0
1327,59.79,46.09,4.63,1.45,54.77,1.14,5074.6,4535.42,0
1328,67.81,53.43,4.14,1.7,52.58,1.11,5230.68,4127.61,0
1329,65.76,51.55,4.27,1.64,53.14,1.12,5190.75,4231.95,0
1330,59.41,45.74,4.65,1.44,54.88,1.14,5067.23,4554.68,0
1331,57.86,44.32,4.74,1.39,55.3,1.15,5036.94,4633.8,0
1332,58.6,44.99,4.7,1.41,55.1,1.14,5051.3,4596.3,0
1333,51.35,38.35,5.14,1.19,57.08,1.17,4910.14,4965.13,0
1334,53.33,40.16,5.02,1.25,56.54,1.16,4948.75,4864.24,0
1335,54.04,40.82,4.97,1.27,56.34,1.16,4962.62,4828.0,0
1336,62.89,48.93,4.44,1.55,53.93,1.13,5135.0,4377.6,0
1337,53.92,40.7,4.98,1.27,56.38,1.16,4960.13,4834.51,0
1338,52.54,39.44,5.06,1.22,56.75,1.17,4933.37,4904.42,0
1339,62.93,48.96,4.44,1.55,53.92,1.13,5135.64,4375.92,0
1340,64.84,50.71,4.32,1.61,53.39,1.12,5172.9,4278.58,0
1341,61.49,47.64,4.52,1.5,54.31,1.13,5107.64,4449.08,0
1342,67.59,53.24,4.16,1.69,52.64,1.11,5226.52,4138.48,0
1343,64.42,50.32,4.35,1.59,53.51,1.12,5164.65,4300.14,0
1344,66.33,52.08,4.23,1.65,52.99,1.11,5201.92,4202.75,0
1345,52.74,39.62,5.05,1.23,56.7,1.17,4937.18,4894.48,0
1346,48.54,35.77,5.31,1.1,57.85,1.18,4855.46,5107.99,0
1347,51.83,38.79,5.11,1.2,56.95,1.17,4919.52,4940.62,0
1348,56.38,42.96,4.83,1.34,55.71,1.15,5008.06,4709.29,0
1349,49.51,36.66,5.25,1.13,57.58,1.18,4874.34,5058.65,0
1350,55.02,41.71,4.92,1.3,56.08,1.16,4981.61,4778.39,0
1351,56.05,42.66,4.85,1.33,55.79,1.15,5001.69,4725.91,0
1352,68.65,54.21,4.09,1.73,52.35,1.1,5247.18,4084.5,0
1353,59.1,45.46,4.67,1.43,54.96,1.14,5061.2,4570.42,0
1354,57.09,43.61,4.79,1.37,55.51,1.15,5022.05,4672.73,0
1355,68.17,53.76,4.12,1.71,52.49,1.11,5237.73,4109.19,0
1356,71.46,56.78,3.92,1.81,51.59,1.09,5301.76,3941.88,0
1357,65.7,51.5,4.27,1.63,53.16,1.12,5189.73,4234.61,0
1358,48.57,35.8,5.3,1.1,57.84,1.18,4856.04,5106.49,0
1359,56.29,42.88,4.84,1.34,55.73,1.15,5006.43,4713.53,0
1360,68.24,53.83,4.12,1.71,52.47,1.11,5239.06,4105.7,0
1361,58.4,44.81,4.71,1.41,55.15,1.14,5047.53,4606.15,0
1362,62.85,48.89,4.44,1.55,53.94,1.13,5134.19,4379.72,0
1363,70.8,56.18,3.96,1.79,51.77,1.1,5288.99,3975.25,0
1364,53.38,40.21,5.01,1.25,56.52,1.16,4949.68,4861.82,0
1365,67.73,53.36,4.15,1.7,52.61,1.11,5229.17,4131.54,0
1366,55.62,42.26,4.88,1.32,55.91,1.15,4993.37,4747.65,0
1367,47.8,35.1,5.35,1.08,58.05,1.18,4841.04,5145.67,0
1368,55.83,42.46,4.87,1.33,55.85,1.15,4997.45,4737.0,0
1369,60.1,46.37,4.61,1.46,54.69,1.14,5080.64,4519.64,0
1370,63.23,49.23,4.42,1.56,53.83,1.13,5141.49,4360.65,0
1371,58.01,44.46,4.73,1.39,55.26,1.15,5039.94,4625.96,0
1372,57.5,43.99,4.77,1.38,55.4,1.15,5029.94,4652.1,0
1373,68.75,54.3,4.09,1.73,52.33,1.1,5249.13,4079.39,0
1374,64.33,50.25,4.35,1.59,53.53,1.12,5162.96,4304.55,0
1375,60.4,46.64,4.59,1.47,54.61,1.14,5086.41,4504.55,0
1376,49.27,36.44,5.26,1.12,57.65,1.18,4869.68,5070.83,0
1377,48.28,35.53,5.32,1.09,57.92,1.18,4850.28,5121.51,0
1378,60.54,46.77,4.58,1.47,54.57,1.14,5089.16,4497.38,0
1379,66.78,52.49,4.2,1.67,52.87,1.11,5210.66,4179.92,0
1380,61.23,47.4,4.54,1.49,54.38,1.13,5102.59,4462.28,0
1381,50.1,37.21,5.21,1.15,57.42,1.18,4885.87,5028.53,0
1382,55.17,41.85,4.91,1.31,56.03,1.16,4984.6,4770.58,0
1383,50.91,37.94,5.16,1.17,57.2,1.17,4901.53,4987.63,0
1384,57.81,44.27,4.75,1.39,55.31,1.15,5036.02,4636.22,0
1385,60.11,46.38,4.61,1.46,54.68,1.14,5080.87,4519.02,0
1386,69.55,55.03,4.04,1.75,52.11,1.1,5264.72,4038.66,0
1387,49.93,37.04,5.22,1.14,57.47,1.18,4882.42,5037.54,0
1388,50.17,37.26,5.21,1.15,57.4,1.18,4887.09,5025.36,0
1389,59.67,45.97,4.63,1.45,54.81,1.14,5072.13,4541.86,0
1390,47.77,35.06,5.35,1.08,58.06,1.18,4840.34,5147.5,0
1391,64.11,50.05,4.37,1.58,53.59,1.12,5158.73,4315.6,0
1392,54.07,40.84,4.97,1.27,56.33,1.16,4963.2,4826.49,0
1393,49.59,36.74,5.24,1.13,57.56,1.18,4875.93,5054.5,0
1394,64.41,50.32,4.35,1.59,53.51,1.12,5164.56,4300.37,0
1395,56.2,42.79,4.84,1.34,55.75,1.15,5004.61,4718.28,0
1396,67.25,52.92,4.18,1.68,52.74,1.11,5219.88,4155.81,0
1397,64.82,50.7,4.32,1.61,53.4,1.12,5172.54,4279.53,0
1398,64.91,50.77,4.32,1.61,53.38,1.12,5174.21,4275.15,0
1399,49.21,36.38,5.27,1.12,57.66,1.18,4868.42,5074.14,0
1400,71.26,56.6,3.93,1.81,51.64,1.09,5298.0,3951.72,0
1401,59.21,45.55,4.66,1.43,54.93,1.14,5063.18,4565.25,0
1402,48.41,35.65,5.31,1.1,57.88,1.18,4852.89,5114.72,0
1403,58.59,44.98,4.7,1.41,55.1,1.14,5051.11,4596.8,0
1404,51.64,38.62,5.12,1.2,57.0,1.17,4915.85,4950.21,0
1405,57.35,43.85,4.77,1.37,55.44,1.15,5027.04,4659.69,0
1406,58.07,44.51,4.73,1.4,55.24,1.15,5041.05,4623.08,0
1407,64.86,50.73,4.32,1.61,53.39,1.12,5173.32,4277.48,0
1408,68.33,53.91,4.11,1.72,52.44,1.11,5240.93,4100.82,0
1409,57.48,43.97,4.77,1.38,55.4,1.15,5029.56,4653.11,0
1410,61.48,47.64,4.52,1.5,54.31,1.13,5107.55,4449.33,0
1411,67.55,53.19,4.16,1.69,52.66,1.11,5225.62,4140.82,0
1412,70.7,56.09,3.97,1.79,51.79,1.1,5287.15,3980.06,0
1413,63.52,49.51,4.4,1.57,53.75,1.12,5147.29,4345.5,0
1414,53.77,40.57,4.99,1.26,56.42,1.16,4957.32,4841.85,0
1415,65.32,51.16,4.29,1.62,53.26,1.12,5182.3,4254.01,0
1416,52.89,39.76,5.04,1.24,56.66,1.17,4940.08,4886.9,0
1417,68.48,54.05,4.1,1.72,52.4,1.1,5243.84,4093.23,0
1418,54.46,41.2,4.95,1.28,56.23,1.16,4970.76,4806.74,0
1419,48.82,36.03,5.29,1.11,57.77,1.18,4860.95,5093.64,0
1420,58.46,44.87,4.71,1.41,55.14,1.14,5048.64,4603.25,0
1421,70.72,56.11,3.97,1.79,51.79,1.1,5287.5,3979.14,0
1422,59.45,45.77,4.65,1.44,54.87,1.14,5067.91,4552.89,0
1423,67.3,52.97,4.17,1.68,52.72,1.11,5220.81,4153.4,0
1424,54.37,41.12,4.95,1.28,56.25,1.16,4968.96,4811.45,0
1425,55.86,42.48,4.86,1.33,55.85,1.15,4998.05,4735.43,0
1426,60.24,46.49,4.6,1.46,54.65,1.14,5083.23,4512.87,0
1427,50.16,37.26,5.21,1.15,57.4,1.18,4886.93,5025.76,0
1428,61.45,47.6,4.53,1.5,54.32,1.13,5106.81,4451.25,0
1429,66.96,52.65,4.19,1.67,52.82,1.11,5214.15,4170.79,0
1430,68.49,54.06,4.1,1.72,52.4,1.1,5244.02,4092.76,0
1431,68.89,54.42,4.08,1.73,52.29,1.1,5251.71,4072.65,0
1432,59.47,45.79,4.65,1.44,54.86,1.14,5068.25,4552.0,0
1433,51.54,38.52,5.13,1.19,57.03,1.17,4913.91,4955.28,0
1434,54.15,40.91,4.97,1.27,56.31,1.16,4964.66,4822.67,0
1435,63.81,49.77,4.38,1.58,53.67,1.12,5152.91,4330.79,0
1436,69.91,55.36,4.02,1.76,52.01,1.1,5271.71,4020.4,0
1437,65.46,51.29,4.28,1.63,53.22,1.12,5185.08,4246.76,0
1438,58.11,44.55,4.73,1.4,55.23,1.14,5041.84,4621.02,0
1439,70.84,56.21,3.96,1.79,51.76,1.1,5289.75,3973.26,0
1440,65.44,51.27,4.29,1.63,53.23,1.12,5184.69,4247.78,0
1441,50.75,37.79,5.17,1.17,57.24,1.17,4898.38,4995.85,0
1442,56.77,43.32,4.81,1.36,55.6,1.15,5015.76,4689.16,0
1443,58.7,45.09,4.69,1.42,55.07,1.14,5053.35,4590.95,0
1444,67.85,53.47,4.14,1.7,52.57,1.11,5231.59,4125.23,0
1445,69.3,54.8,4.05,1.75,52.18,1.1,5259.74,4051.67,0
1446,70.43,55.84,3.98,1.78,51.87,1.1,5281.75,3994.16,0
1447,58.22,44.64,4.72,1.4,55.2,1.14,5043.91,4615.61,0
1448,48.05,35.32,5.34,1.08,57.98,1.18,4845.85,5133.11,0
1449,63.75,49.71,4.39,1.57,53.69,1.12,5151.66,4334.06,0
1450,67.38,53.04,4.17,1.69,52.7,1.11,5222.38,4149.3,0
1451,62.31,48.39,4.47,1.53,54.09,1.13,5123.64,4407.27,0
1452,56.68,43.24,4.81,1.35,55.62,1.15,5014.0,4693.76,0
1453,67.82,53.44,4.14,1.7,52.58,1.11,5230.95,4126.89,0
1454,52.81,39.68,5.05,1.23,56.68,1.17,4938.55,4890.89,0
1455,50.17,37.27,5.21,1.15,57.4,1.18,4887.27,5024.89,0
1456,62.55,48.62,4.46,1.54,54.02,1.13,5128.38,4394.89,0
1457,67.03,52.72,4.19,1.68,52.8,1.11,5215.57,4167.1,0
1458,57.53,44.02,4.76,1.38,55.39,1.15,5030.63,4650.31,0
1459,62.1,48.2,4.49,1.52,54.14,1.13,5119.47,4418.19,0
1460,64.88,50.75,4.32,1.61,53.38,1.12,5173.75,4276.35,0
1461,55.1,41.78,4.91,1.3,56.05,1.16,4983.14,4774.39,0
1462,49.38,36.54,5.26,1.13,57.62,1.18,4871.71,5065.53,0
1463,58.47,44.88,4.71,1.41,55.13,1.14,5048.9,4602.57,0
1464,61.55,47.7,4.52,1.5,54.29,1.13,5108.82,4446.01,0
1465,55.84,42.46,4.87,1.33,55.85,1.15,4997.57,4736.69,0
1466,56.28,42.87,4.84,1.34,55.73,1.15,5006.26,4713.97,0
1467,63.73,49.7,4.39,1.57,53.7,1.12,5151.39,4334.78,0
1468,71.32,56.65,3.93,1.81,51.63,1.09,5299.1,3948.84,0
1469,61.54,47.69,4.52,1.5,54.3,1.13,5108.58,4446.62,0
1470,52.89,39.76,5.04,1.24,56.66,1.17,4940.11,4886.81,0
1471,64.99,50.85,4.31,1.61,53.35,1.12,5175.83,4270.92,0
1472,56.9,43.44,4.8,1.36,55.56,1.15,5018.36,4682.37,0
1473,71.37,56.7,3.93,1.81,51.61,1.09,5300.02,3946.43,0
1474,69.38,54.87,4.05,1.75,52.15,1.1,5261.33,4047.51,0
1475,66.31,52.06,4.23,1.65,52.99,1.11,5201.54,4203.74,0
1476,62.96,48.99,4.44,1.55,53.91,1.13,5136.28,4374.26,0
1477,52.4,39.32,5.07,1.22,56.79,1.17,4930.7,4911.41,0
1478,51.38,38.38,5.13,1.19,57.07,1.17,4910.8,4963.4,0
1479,64.16,50.09,4.36,1.59,53.58,1.12,5159.7,4313.07,0
1480,55.27,41.94,4.9,1.31,56.01,1.16,4986.52,4765.54,0
1481,58.25,44.68,4.72,1.4,55.19,1.14,5044.62,4613.75,0
1482,51.0,38.03,5.16,1.18,57.17,1.17,4903.3,4983.0,0
1483,51.15,38.16,5.15,1.18,57.13,1.17,4906.25,4975.29,0
1484,63.39,49.38,4.41,1.56,53.79,1.12,5144.61,4352.49,0
1485,68.15,53.75,4.12,1.71,52.49,1.11,5237.34,4110.21,0
1486,61.84,47.96,4.5,1.51,54.21,1.13,5114.43,4431.36,0
1487,64.6,50.49,4.34,1.6,53.46,1.12,5168.15,4290.98,0
1488,63.79,49.75,4.38,1.57,53.68,1.12,5152.52,4331.83,0
1489,55.79,42.42,4.87,1.33,55.86,1.15,4996.7,4738.95,0
1490,51.21,38.22,5.15,1.18,57.12,1.17,4907.39,4972.32,0
1491,64.29,50.21,4.35,1.59,53.54,1.12,5162.24,4306.42,0
1492,56.25,42.84,4.84,1.34,55.74,1.15,5005.68,4715.48,0
1493,49.61,36.75,5.24,1.13,57.55,1.18,4876.17,5053.87,0
1494,58.28,44.7,4.72,1.4,55.19,1.14,5045.08,4612.56,0
1495,52.81,39.68,5.05,1.23,56.68,1.17,4938.54,4890.91,0
1496,52.0,38.95,5.1,1.21,56.9,1.17,4922.85,4931.92,0
1497,52.27,39.19,5.08,1.22,56.83,1.17,4928.07,4918.28,0
1498,67.8,53.43,4.14,1.7,52.59,1.11,5230.58,4127.86,0
1499,58.7,45.09,4.69,1.42,55.07,1.14,5053.4,4590.8,0
1500,62.43,48.5,4.47,1.53,54.05,1.13,5125.94,4401.28,0
1501,50.76,37.81,5.17,1.17,57.24,1.17,4898.69,4995.04,0
1502,55.27,41.94,4.9,1.31,56.01,1.16,4986.56,4765.44,0
1503,66.69,52.41,4.21,1.66,52.89,1.11,5208.96,4184.36,0
1504,57.86,44.32,4.74,1.39,55.3,1.15,5037.03,4633.57,0
1505,55.18,41.86,4.91,1.31,56.03,1.16,4984.71,4770.27,0
1506,63.99,49.93,4.37,1.58,53.63,1.12,5156.3,4321.94,0
1507,59.85,46.14,4.62,1.45,54.76,1.14,5075.65,4532.67,0
1508,62.83,48.87,4.44,1.54,53.94,1.13,5133.73,4380.93,0
1509,48.55,35.78,5.31,1.1,57.84,1.18,4855.62,5107.57,0
1510,66.36,52.1,4.23,1.65,52.98,1.11,5202.46,4201.34,0
1511,60.2,46.46,4.6,1.46,54.66,1.14,5082.57,4514.59,0
1512,57.94,44.39,4.74,1.39,55.28,1.15,5038.49,4629.77,0
1513,50.23,37.32,5.2,1.15,57.38,1.18,4888.3,5022.18,0
1514,54.98,41.68,4.92,1.3,56.09,1.16,4980.86,4780.36,0
1515,70.76,56.14,3.96,1.79,51.78,1.1,5288.24,3977.2,0
1516,67.03,52.72,4.19,1.68,52.8,1.11,5215.58,4167.07,0
1517,61.35,47.51,4.53,1.5,54.35,1.13,5104.92,4456.19,0
1518,50.55,37.61,5.19,1.16,57.3,1.17,4894.49,5006.01,0
1519,47.72,35.02,5.36,1.07,58.07,1.18,4839.52,5149.65,0
1520,49.63,36.77,5.24,1.13,57.55,1.18,4876.69,5052.53,0
1521,68.07,53.67,4.13,1.71,52.51,1.11,5235.84,4114.12,0
1522,50.49,37.56,5.19,1.16,57.31,1.17,4893.43,5008.77,0
1523,56.18,42.78,4.84,1.34,55.76,1.15,5004.23,4719.28,0
1524,68.93,54.46,4.07,1.73,52.28,1.1,5252.5,4070.59,0
1525,55.45,42.11,4.89,1.32,55.96,1.16,4990.11,4756.18,0
1526,67.75,53.38,4.15,1.7,52.6,1.11,5229.61,4130.39,0
1527,49.43,36.59,5.25,1.13,57.6,1.18,4872.72,5062.9,0
1528,60.52,46.75,4.58,1.47,54.58,1.14,5088.68,4498.62,0
1529,50.55,37.61,5.19,1.16,57.3,1.17,4894.54,5005.87,0
1530,69.4,54.89,4.05,1.75,52.15,1.1,5261.66,4046.67,0
1531,55.65,42.29,4.88,1.32,55.9,1.15,4993.93,4746.2,0
1532,70.88,56.25,3.96,1.79,51.74,1.1,5290.58,3971.1,0
1533,64.32,50.24,4.35,1.59,53.54,1.12,5162.86,4304.81,0
1534,59.35,45.69,4.65,1.44,54.89,1.14,5066.06,4557.72,0
1535,60.29,46.54,4.6,1.47,54.64,1.14,5084.29,4510.11,0
1536,59.99,46.26,4.61,1.46,54.72,1.14,5078.36,4525.6,0
1537,49.67,36.81,5.24,1.14,57.54,1.18,4877.45,5050.53,0
1538,49.76,36.9,5.23,1.14,57.51,1.18,4879.29,5045.74,0
1539,53.16,40.01,5.03,1.24,56.58,1.16,4945.48,4872.79,0
1540,61.75,47.88,4.51,1.51,54.24,1.13,5112.75,4435.74,0
1541,61.81,47.94,4.5,1.51,54.22,1.13,5113.98,4432.52,0
1542,59.04,45.39,4.67,1.43,54.98,1.14,5059.89,4573.86,0
1543,58.81,45.19,4.69,1.42,55.04,1.14,5055.47,4585.39,0
1544,70.99,56.35,3.95,1.8,51.71,1.1,5292.78,3965.34,0
1545,55.27,41.94,4.9,1.31,56.01,1.16,4986.5,4765.61,0
1546,70.45,55.85,3.98,1.78,51.86,1.1,5282.14,3993.15,0
1547,64.68,50.56,4.33,1.6,53.44,1.12,5169.74,4286.82,0
1548,53.06,39.92,5.03,1.24,56.61,1.16,4943.46,4878.06,0
1549,62.49,48.56,4.46,1.53,54.04,1.13,5127.11,4398.22,0
1550,57.92,44.37,4.74,1.39,55.28,1.15,5038.1,4630.79,0
1551,69.33,54.83,4.05,1.75,52.17,1.1,5260.41,4049.94,0
1552,54.15,40.91,4.97,1.27,56.31,1.16,4964.63,4822.76,0
1553,50.7,37.75,5.18,1.17,57.26,1.17,4897.48,4998.21,0
1554,52.42,39.33,5.07,1.22,56.79,1.17,4931.03,4910.54,0
1555,61.26,47.43,4.54,1.5,54.37,1.13,5103.22,4460.64,0
1556,68.31,53.9,4.11,1.72,52.45,1.11,5240.53,4101.87,0
1557,56.67,43.22,4.82,1.35,55.63,1.15,5013.78,4694.33,0
1558,61.46,47.62,4.53,1.5,54.32,1.13,5107.08,4450.54,0
1559,51.42,38.41,5.13,1.19,57.06,1.17,4911.51,4961.54,0
1560,68.44,54.01,4.1,1.72,52.41,1.11,5242.97,4095.48,0
1561,54.0,40.78,4.98,1.27,56.35,1.16,4961.85,4830.01,0
1562,70.73,56.11,3.97,1.79,51.79,1.1,5287.69,3978.65,0
1563,69.44,54.93,4.04,1.75,52.14,1.1,5262.53,4044.38,0
1564,60.76,46.97,4.57,1.48,54.51,1.13,5093.38,4486.35,0
1565,70.62,56.02,3.97,1.79,51.81,1.1,5285.57,3984.18,0
1566,53.09,39.94,5.03,1.24,56.6,1.16,4943.97,4876.74,0
1567,71.36,56.69,3.93,1.81,51.61,1.09,5299.86,3946.85,0
1568,48.72,35.94,5.3,1.11,57.8,1.18,4858.91,5098.97,0
1569,53.15,39.99,5.03,1.24,56.59,1.16,4945.13,4873.7,0
1570,49.01,36.2,5.28,1.11,57.72,1.18,4864.55,5084.24,0
1571,50.52,37.59,5.19,1.16,57.3,1.17,4894.04,5007.2,0
1572,49.12,36.31,5.27,1.12,57.69,1.18,4866.78,5078.42,0
1573,50.42,37.49,5.19,1.16,57.33,1.17,4891.99,5012.54,0
1574,69.35,54.84,4.05,1.75,52.16,1.1,5260.7,4049.16,0
1575,68.87,54.41,4.08,1.73,52.29,1.1,5251.46,4073.31,0
1576,55.1,41.79,4.91,1.3,56.05,1.16,4983.21,4774.19,0
1577,55.06,41.75,4.91,1.3,56.07,1.16,4982.39,4776.34,0
1578,48.84,36.05,5.29,1.11,57.76,1.18,4861.23,5092.92,0
1579,57.27,43.78,4.78,1.37,55.46,1.15,5025.56,4663.55,0
1580,53.94,40.73,4.98,1.27,56.37,1.16,4960.69,4833.04,0
1581,69.13,54.64,4.06,1.74,52.22,1.1,5256.4,4060.41,0
1582,59.54,45.86,4.64,1.44,54.84,1.14,5069.71,4548.2,0
1583,66.91,52.61,4.2,1.67,52.83,1.11,5213.18,4173.34,0
1584,64.36,50.28,4.35,1.59,53.52,1.12,5163.65,4302.74,0
1585,56.56,43.12,4.82,1.35,55.66,1.15,5011.65,4699.9,0
1586,47.92,35.2,5.34,1.08,58.02,1.18,4843.3,5139.77,0
1587,67.75,53.38,4.15,1.7,52.6,1.11,5229.56,4130.54,0
1588,66.23,51.98,4.24,1.65,53.02,1.11,5199.92,4207.99,0
1589,71.6,56.91,3.91,1.82,51.55,1.09,5304.67,3934.28,0
1590,56.75,43.3,4.81,1.36,55.6,1.15,5015.33,4690.28,0
1591,71.53,56.85,3.92,1.82,51.57,1.09,5303.24,3938.02,0
1592,57.61,44.09,4.76,1.38,55.37,1.15,5032.14,4646.35,0
1593,62.14,48.24,4.48,1.52,54.13,1.13,5120.38,4415.81,0
1594,60.34,46.58,4.59,1.47,54.62,1.14,5085.17,4507.79,0
1595,49.37,36.53,5.26,1.13,57.62,1.18,4871.58,5065.87,0
1596,51.43,38.42,5.13,1.19,57.06,1.17,4911.68,4961.11,0
1597,53.43,40.25,5.01,1.25,56.51,1.16,4950.59,4859.43,0
1598,53.89,40.67,4.98,1.27,56.39,1.16,4959.55,4836.03,0
1599,56.68,43.23,4.81,1.35,55.62,1.15,5013.99,4693.79,0
1600,58.64,45.03,4.7,1.41,55.09,1.14,5052.21,4593.91,0
1601,66.13,51.9,4.24,1.65,53.04,1.11,5198.05,4212.86,0
1602,49.5,36.65,5.25,1.13,57.58,1.18,4874.12,5059.23,0
1603,69.26,54.76,4.05,1.74,52.19,1.1,5259.0,4053.61,0
1604,65.06,50.91,4.31,1.61,53.34,1.12,5177.12,4267.55,0
1605,61.01,47.2,4.55,1.49,54.44,1.13,5098.28,4473.54,0
1606,58.55,44.94,4.7,1.41,55.11,1.14,5050.31,4598.88,0
1607,48.38,35.63,5.32,1.1,57.89,1.18,4852.4,5115.99,0
1608,58.03,44.47,4.73,1.4,55.25,1.15,5040.28,4625.1,0
1609,66.82,52.53,4.2,1.67,52.85,1.11,5211.44,4177.88,0
1610,54.8,41.51,4.93,1.29,56.14,1.16,4977.31,4789.63,0
1611,48.9,36.1,5.28,1.11,57.75,1.18,4862.46,5089.71,0
1612,51.03,38.06,5.16,1.18,57.17,1.17,4903.95,4981.3,0
1613,62.37,48.45,4.47,1.53,54.07,1.13,5124.82,4404.21,0
1614,67.24,52.92,4.18,1.68,52.74,1.11,5219.71,4156.27,0
1615,50.81,37.86,5.17,1.17,57.22,1.17,4899.7,4992.39,0
1616,54.5,41.24,4.95,1.29,56.22,1.16,4971.54,4804.7,0
1617,69.88,55.33,4.02,1.76,52.02,1.1,5271.06,4022.11,0
1618,55.67,42.31,4.88,1.32,55.9,1.15,4994.28,4745.28,0
1619,62.06,48.16,4.49,1.52,54.15,1.13,5118.74,4420.09,0
1620,53.33,40.16,5.02,1.25,56.54,1.16,4948.67,4864.45,0
1621,49.29,36.46,5.26,1.12,57.64,1.18,4870.04,5069.9,0
1622,66.45,52.19,4.22,1.66,52.95,1.11,5204.32,4196.47,0
1623,61.89,48.01,4.5,1.52,54.2,1.13,5115.5,4428.55,0
1624,54.16,40.92,4.97,1.27,56.31,1.16,4964.84,4822.21,0
1625,60.67,46.89,4.57,1.48,54.53,1.14,5091.65,4490.88,0
1626,56.22,42.81,4.84,1.34,55.75,1.15,5005.01,4717.25,0
1627,48.28,35.54,5.32,1.09,57.92,1.18,4850.4,5121.21,0
1628,59.9,46.18,4.62,1.45,54.74,1.14,5076.66,4530.03,0
1629,54.45,41.19,4.95,1.28,56.23,1.16,4970.56,4807.24,0
1630,67.06,52.74,4.19,1.68,52.79,1.11,5216.08,4165.76,0
1631,58.12,44.56,4.73,1.4,55.23,1.14,5042.06,4620.44,0
1632,50.1,37.21,5.21,1.15,57.42,1.18,4885.9,5028.45,0
1633,63.56,49.54,4.4,1.57,53.74,1.12,5147.97,4343.7,0
1634,67.36,53.02,4.17,1.69,52.71,1.11,5221.98,4150.34,0
1635,71.21,56.55,3.94,1.81,51.66,1.09,5296.91,3954.55,0
1636,64.34,50.25,4.35,1.59,53.53,1.12,5163.1,4304.18,0
1637,49.28,36.45,5.26,1.12,57.64,1.18,4869.79,5070.56,0
1638,68.2,53.8,4.12,1.71,52.48,1.11,5238.43,4107.35,0
1639,70.72,56.11,3.97,1.79,51.79,1.1,5287.48,3979.19,0
1640,60.99,47.19,4.55,1.49,54.45,1.13,5097.94,4474.43,0
1641,70.72,56.11,3.97,1.79,51.79,1.1,5287.49,3979.17,0
1642,58.64,45.03,4.7,1.41,55.09,1.14,5052.09,4594.24,0
1643,68.39,53.97,4.11,1.72,52.42,1.11,5242.06,4097.86,0
1644,57.84,44.29,4.74,1.39,55.31,1.15,5036.48,4635.02,0
1645,53.04,39.9,5.03,1.24,56.62,1.16,4943.09,4879.04,0
1646,65.73,51.53,4.27,1.63,53.15,1.12,5190.31,4233.09,0
1647,63.44,49.43,4.41,1.56,53.78,1.12,5145.61,4349.87,0
1648,60.44,46.68,4.59,1.47,54.6,1.14,5087.22,4502.44,0
1649,55.5,42.16,4.89,1.32,55.94,1.15,4991.07,4753.67,0
1650,62.28,48.37,4.48,1.53,54.09,1.13,5123.07,4408.78,0
1651,67.64,53.28,4.15,1.69,52.63,1.11,5227.5,4135.9,0
1652,57.29,43.8,4.78,1.37,55.46,1.15,5025.9,4662.67,0
1653,69.05,54.57,4.07,1.74,52.24,1.1,5254.95,4064.18,0
1654,62.56,48.62,4.46,1.54,54.02,1.13,5128.5,4394.59,0
1655,48.38,35.63,5.32,1.1,57.89,1.18,4852.34,5116.14,0
1656,51.85,38.81,5.11,1.2,56.94,1.17,4919.91,4939.59,0
1657,55.39,42.05,4.89,1.31,55.98,1.16,4988.81,4759.56,0
1658,52.57,39.46,5.06,1.23,56.75,1.17,4933.83,4903.22,0
1659,64.76,50.64,4.33,1.6,53.41,1.12,5171.43,4282.4,0
1660,69.68,55.15,4.03,1.76,52.07,1.1,5267.17,4032.26,0
1661,65.28,51.12,4.3,1.62,53.27,1.12,5181.48,4256.15,0
1662,57.64,44.12,4.76,1.38,55.36,1.15,5032.7,4644.9,0
1663,69.17,54.69,4.06,1.74,52.21,1.1,5257.31,4058.03,0
1664,64.62,50.51,4.33,1.6,53.45,1.12,5168.68,4289.6,0
1665,71.0,56.36,3.95,1.8,51.71,1.1,5292.86,3965.14,0
1666,48.73,35.95,5.3,1.11,57.79,1.18,4859.15,5098.34,0
1667,56.71,43.26,4.81,1.35,55.61,1.15,5014.54,4692.34,0
1668,69.19,54.7,4.06,1.74,52.21,1.1,5257.69,4057.04,0
1669,54.06,40.83,4.97,1.27,56.34,1.16,4962.93,4827.19,0
1670,58.78,45.16,4.69,1.42,55.05,1.14,5054.9,4586.89,0
1671,69.99,55.44,4.01,1.77,51.99,1.1,5273.28,4016.31,0
1672,52.38,39.29,5.07,1.22,56.8,1.17,4930.23,4912.62,0
1673,59.47,45.79,4.65,1.44,54.86,1.14,5068.34,4551.76,0
1674,50.08,37.18,5.21,1.15,57.43,1.18,4885.36,5029.86,0
1675,70.82,56.2,3.96,1.79,51.76,1.1,5289.4,3974.17,0
1676,66.31,52.06,4.23,1.65,52.99,1.11,5201.54,4203.74,0
1677,59.79,46.09,4.63,1.45,54.77,1.14,5074.57,4535.5,0
1678,63.8,49.76,4.38,1.57,53.68,1.12,5152.71,4331.34,0
1679,54.65,41.37,4.94,1.29,56.18,1.16,4974.36,4797.33,0
1680,69.73,55.19,4.03,1.76,52.06,1.1,5268.09,4029.87,0
1681,55.63,42.27,4.88,1.32,55.91,1.15,4993.53,4747.24,0
1682,53.94,40.72,4.98,1.27,56.37,1.16,4960.59,4833.31,0
1683,65.77,51.57,4.27,1.64,53.14,1.12,5191.02,4231.23,0
1684,51.84,38.8,5.11,1.2,56.95,1.17,4919.66,4940.26,0
1685,66.42,52.17,4.23,1.66,52.96,1.11,5203.76,4197.93,0
1686,57.52,44.0,4.76,1.38,55.39,1.15,5030.25,4651.29,0
1687,48.13,35.4,5.33,1.09,57.96,1.18,4847.41,5129.02,0
1688,54.74,41.45,4.93,1.29,56.15,1.16,4976.1,4792.79,0
1689,70.86,56.23,3.96,1.79,51.75,1.1,5290.15,3972.23,0
1690,53.37,40.2,5.01,1.25,56.53,1.16,4949.42,4862.48,0
1691,57.09,43.61,4.79,1.37,55.51,1.15,5021.9,4673.12,0
1692,60.63,46.86,4.58,1.48,54.54,1.14,5090.95,4492.71,0
1693,49.96,37.07,5.22,1.14,57.46,1.18,4883.06,5035.89,0
1694,66.12,51.89,4.24,1.65,53.04,1.11,5197.9,4213.26,0
1695,65.02,50.88,4.31,1.61,53.34,1.12,5176.48,4269.21,0
1696,51.16,38.17,5.15,1.18,57.13,1.17,4906.41,4974.86,0
1697,55.1,41.79,4.91,1.3,56.05,1.16,4983.24,4774.11,0
1698,59.42,45.74,4.65,1.44,54.88,1.14,5067.28,4554.55,0
1699,48.0,35.28,5.34,1.08,57.99,1.18,4844.94,5135.47,0
1700,47.96,35.24,5.34,1.08,58.0,1.18,4844.18,5137.47,0
1701,67.7,53.34,4.15,1.7,52.61,1.11,5228.68,4132.84,0
1702,56.2,42.79,4.84,1.34,55.75,1.15,5004.55,4718.44,0
1703,48.64,35.86,5.3,1.1,57.82,1.18,4857.32,5103.12,0
1704,56.94,43.48,4.8,1.36,55.55,1.15,5019.12,4680.38,0
1705,69.53,55.01,4.04,1.75,52.11,1.1,5264.26,4039.88,0
1706,49.84,36.97,5.23,1.14,57.49,1.18,4880.78,5041.85,0
1707,66.38,52.12,4.23,1.65,52.97,1.11,5202.85,4200.31,0
1708,60.49,46.73,4.58,1.47,54.58,1.14,5088.23,4499.8,0
1709,62.7,48.75,4.45,1.54,53.98,1.13,5131.23,4387.45,0
1710,56.06,42.66,4.85,1.33,55.79,1.15,5001.87,4725.44,0
1711,52.68,39.57,5.06,1.23,56.71,1.17,4936.06,4897.39,0
1712,60.34,46.59,4.59,1.47,54.62,1.14,5085.18,4507.77,0
1713,51.97,38.92,5.1,1.21,56.91,1.17,4922.23,4933.52,0
1714,52.26,39.18,5.08,1.22,56.83,1.17,4927.83,4918.91,0
1715,49.76,36.89,5.23,1.14,57.51,1.18,4879.14,5046.12,0
1716,57.92,44.37,4.74,1.39,55.28,1.15,5038.1,4630.79,0
1717,59.15,45.49,4.67,1.43,54.95,1.14,5062.0,4568.34,0
1718,68.29,53.88,4.11,1.71,52.45,1.11,5240.16,4102.84,0
1719,56.71,43.26,4.81,1.35,55.62,1.15,5014.46,4692.54,0
1720,63.17,49.19,4.42,1.56,53.85,1.13,5140.47,4363.31,0
1721,70.62,56.01,3.97,1.79,51.82,1.1,5285.45,3984.49,0
1722,67.06,52.75,4.19,1.68,52.79,1.11,5216.08,4165.74,0
1723,70.66,56.05,3.97,1.79,51.8,1.1,5286.29,3982.29,0
1724,53.7,40.5,4.99,1.26,56.44,1.16,4955.94,4845.46,0
1725,66.93,52.63,4.2,1.67,52.82,1.11,5213.63,4172.15,0
1726,56.02,42.63,4.85,1.33,55.8,1.15,5001.2,4727.2,0
1727,62.77,48.82,4.45,1.54,53.96,1.13,5132.64,4383.78,0
1728,64.9,50.77,4.32,1.61,53.38,1.12,5174.16,4275.28,0
1729,57.28,43.79,4.78,1.37,55.46,1.15,5025.72,4663.14,0
1730,66.05,51.82,4.25,1.64,53.07,1.11,5196.39,4217.21,0
1731,52.27,39.19,5.08,1.22,56.83,1.17,4927.99,4918.49,0
1732,60.01,46.28,4.61,1.46,54.71,1.14,5078.76,4524.55,0
1733,49.02,36.21,5.28,1.12,57.72,1.18,4864.72,5083.79,0
1734,61.52,47.67,4.52,1.5,54.3,1.13,5108.17,4447.7,0
1735,62.31,48.39,4.47,1.53,54.09,1.13,5123.63,4407.32,0
1736,70.52,55.92,3.98,1.78,51.84,1.1,5283.62,3989.28,0
1737,62.53,48.6,4.46,1.54,54.02,1.13,5128.01,4395.87,0
1738,58.44,44.84,4.71,1.41,55.14,1.14,5048.16,4604.5,0
1739,71.16,56.51,3.94,1.8,51.67,1.09,5296.03,3956.84,0
1740,62.84,48.88,4.44,1.54,53.94,1.13,5133.98,4380.28,0
1741,66.82,52.53,4.2,1.67,52.85,1.11,5211.42,4177.93,0
1742,63.71,49.67,4.39,1.57,53.7,1.12,5150.81,4336.28,0
1743,52.51,39.41,5.07,1.22,56.76,1.17,4932.81,4905.9,0
1744,58.82,45.19,4.69,1.42,55.04,1.14,5055.59,4585.08,0
1745,68.47,54.04,4.1,1.72,52.4,1.1,5243.6,4093.84,0
1746,60.75,46.96,4.57,1.48,54.51,1.13,5093.23,4486.74,0
1747,50.17,37.26,5.21,1.15,57.4,1.18,4887.1,5025.33,0
1748,48.69,35.91,5.3,1.1,57.81,1.18,4858.28,5100.62,0
1749,52.24,39.17,5.08,1.22,56.83,1.17,4927.52,4919.72,0
1750,50.5,37.57,5.19,1.16,57.31,1.17,4893.62,5008.28,0
1751,65.32,51.16,4.29,1.62,53.26,1.12,5182.34,4253.91,0
1752,61.54,47.69,4.52,1.5,54.3,1.13,5108.57,4446.65,0
1753,67.49,53.14,4.16,1.69,52.67,1.11,5224.55,4143.61,0
1754,51.35,38.35,5.14,1.19,57.08,1.17,4910.14,4965.11,0
1755,59.84,46.13,4.62,1.45,54.76,1.14,5075.51,4533.05,0
1756,66.29,52.04,4.23,1.65,53.0,1.11,5201.1,4204.89,0
1757,51.26,38.27,5.14,1.18,57.1,1.17,4908.46,4969.52,0
1758,59.83,46.13,4.62,1.45,54.76,1.14,5075.43,4533.26,0
1759,67.43,53.09,4.17,1.69,52.69,1.11,5223.31,4146.87,0
1760,68.84,54.38,4.08,1.73,52.3,1.1,5250.81,4075.0,0
1761,55.6,42.24,4.88,1.32,55.92,1.15,4992.87,4748.96,0
1762,71.57,56.88,3.91,1.82,51.56,1.09,5303.99,3936.05,0
1763,47.88,35.17,5.35,1.08,58.03,1.18,4842.59,5141.63,0
1764,52.5,39.41,5.07,1.22,56.76,1.17,4932.64,4906.34,0
1765,67.03,52.72,4.19,1.68,52.8,1.11,5215.51,4167.23,0
1766,68.44,54.02,4.1,1.72,52.41,1.11,5243.07,4095.22,0
1767,57.73,44.2,4.75,1.39,55.34,1.15,5034.44,4640.35,0
1768,58.55,44.95,4.7,1.41,55.11,1.14,5050.37,4598.73,0
1769,67.26,52.94,4.18,1.68,52.73,1.11,5220.12,4155.2,0
1770,63.24,49.25,4.42,1.56,53.83,1.13,5141.72,4360.03,0
1771,64.48,50.39,4.34,1.6,53.49,1.12,5165.93,4296.78,0
1772,50.78,37.83,5.17,1.17,57.23,1.17,4899.08,4994.03,0
1773,52.26,39.19,5.08,1.22,56.83,1.17,4927.96,4918.56,0
1774,52.51,39.41,5.07,1.22,56.76,1.17,4932.77,4905.99,0
1775,65.28,51.12,4.29,1.62,53.27,1.12,5181.51,4256.07,0
1776,57.7,44.17,4.75,1.39,55.34,1.15,5033.92,4641.72,0
1777,69.74,55.2,4.03,1.76,52.06,1.1,5268.34,4029.2,0
1778,53.56,40.37,5.0,1.26,56.48,1.16,4953.11,4852.84,0
1779,56.73,43.28,4.81,1.36,55.61,1.15,5015.01,4691.12,0
1780,58.8,45.18,4.69,1.42,55.04,1.14,5055.24,4585.99,0
1781,50.1,37.2,5.21,1.15,57.42,1.18,4885.72,5028.94,0
1782,68.51,54.08,4.1,1.72,52.39,1.1,5244.36,4091.86,0
1783,49.02,36.21,5.28,1.12,57.72,1.18,4864.73,5083.77,0
1784,49.5,36.66,5.25,1.13,57.58,1.18,4874.22,5058.98,0
1785,51.01,38.04,5.16,1.18,57.17,1.17,4903.6,4982.21,0
1786,49.22,36.4,5.27,1.12,57.66,1.18,4868.71,5073.38,0
1787,59.07,45.42,4.67,1.43,54.97,1.14,5060.44,4572.42,0
1788,49.61,36.75,5.24,1.13,57.55,1.18,4876.19,5053.82,0
1789,65.1,50.95,4.31,1.62,53.32,1.12,5177.97,4265.33,0
1790,68.94,54.47,4.07,1.73,52.27,1.1,5252.84,4069.71,0
1791,50.8,37.85,5.17,1.17,57.23,1.17,4899.5,4992.92,0
1792,50.49,37.56,5.19,1.16,57.31,1.17,4893.36,5008.96,0
1793,70.34,55.76,3.99,1.78,51.89,1.1,5280.13,3998.4,0
1794,60.87,47.08,4.56,1.48,54.48,1.13,5095.67,4480.38,0
1795,52.47,39.37,5.07,1.22,56.77,1.17,4931.94,4908.16,0
1796,57.86,44.31,4.74,1.39,55.3,1.15,5036.9,4633.92,0
1797,64.47,50.37,4.34,1.6,53.5,1.12,5165.72,4297.34,0
1798,71.19,56.53,3.94,1.8,51.66,1.09,5296.61,3955.33,0
1799,56.06,42.67,4.85,1.33,55.79,1.15,5001.96,4725.22,0
1800,54.89,41.6,4.92,1.3,56.11,1.16,4979.15,4784.82,0
1801,63.09,49.11,4.43,1.55,53.87,1.13,5138.87,4367.49,0
1802,50.02,37.13,5.22,1.15,57.44,1.18,4884.21,5032.87,0
1803,54.64,41.36,4.94,1.29,56.18,1.16,4974.17,4797.82,0
1804,70.8,56.18,3.96,1.79,51.77,1.1,5289.01,3975.21,0
1805,67.44,53.09,4.16,1.69,52.68,1.11,5223.51,4146.34,0
1806,55.97,42.59,4.86,1.33,55.82,1.15,5000.22,4729.76,0
1807,53.35,40.18,5.02,1.25,56.53,1.16,4949.07,4863.4,0
1808,62.61,48.67,4.46,1.54,54.0,1.13,5129.47,4392.06,0
1809,65.12,50.97,4.3,1.62,53.32,1.12,5178.41,4264.18,0
1810,65.42,51.24,4.29,1.63,53.24,1.12,5184.18,4249.1,0
1811,52.83,39.7,5.05,1.23,56.68,1.17,4938.9,4889.99,0
1812,57.47,43.96,4.77,1.38,55.41,1.15,5029.3,4653.79,0
1813,54.49,41.23,4.95,1.29,56.22,1.16,4971.35,4805.18,0
1814,68.98,54.51,4.07,1.74,52.26,1.1,5253.58,4067.78,0
1815,49.83,36.95,5.23,1.14,57.49,1.18,4880.54,5042.46,0
1816,65.17,51.01,4.3,1.62,53.31,1.12,5179.25,4261.98,0
1817,62.76,48.81,4.45,1.54,53.96,1.13,5132.39,4384.42,0
1818,65.88,51.67,4.26,1.64,53.11,1.11,5193.19,4225.56,0
1819,49.97,37.08,5.22,1.14,57.46,1.18,4883.21,5035.48,0
1820,53.2,40.05,5.02,1.25,56.57,1.16,4946.24,4870.79,0
1821,57.07,43.6,4.79,1.37,55.52,1.15,5021.65,4673.77,0
1822,52.88,39.75,5.04,1.24,56.66,1.17,4939.98,4887.16,0
1823,48.95,36.15,5.28,1.11,57.73,1.18,4863.38,5087.29,0
1824,55.89,42.51,4.86,1.33,55.84,1.15,4998.56,4734.1,0
1825,59.46,45.78,4.65,1.44,54.86,1.14,5068.1,4552.4,0
1826,66.67,52.39,4.21,1.66,52.9,1.11,5208.51,4185.54,0
1827,70.35,55.77,3.99,1.78,51.89,1.1,5280.26,3998.05,0
1828,58.47,44.87,4.71,1.41,55.13,1.14,5048.78,4602.89,0
1829,54.0,40.77,4.98,1.27,56.36,1.16,4961.69,4830.44,0
1830,63.69,49.66,4.39,1.57,53.71,1.12,5150.52,4337.06,0
1831,58.19,44.62,4.72,1.4,55.21,1.14,5043.4,4616.95,0
1832,60.99,47.18,4.55,1.49,54.45,1.13,5097.85,4474.66,0
1833,57.09,43.61,4.79,1.37,55.51,1.15,5021.96,4672.94,0
1834,53.51,40.33,5.01,1.25,56.49,1.16,4952.2,4855.24,0
1835,61.37,47.53,4.53,1.5,54.34,1.13,5105.29,4455.23,0
1836,65.99,51.77,4.25,1.64,53.08,1.11,5195.3,4220.06,0
1837,68.07,53.68,4.13,1.71,52.51,1.11,5235.87,4114.06,0
1838,67.09,52.78,4.19,1.68,52.78,1.11,5216.74,4164.02,0
1839,52.22,39.15,5.08,1.21,56.84,1.17,4927.17,4920.63,0
1840,51.48,38.47,5.13,1.19,57.04,1.17,4912.77,4958.24,0
1841,56.33,42.91,4.84,1.34,55.72,1.15,5007.1,4711.78,0
1842,52.68,39.57,5.06,1.23,56.71,1.17,4936.09,4897.31,0
1843,66.18,51.94,4.24,1.65,53.03,1.11,5198.98,4210.43,0
1844,65.75,51.55,4.27,1.64,53.15,1.12,5190.6,4232.34,0
1845,62.52,48.59,4.46,1.53,54.03,1.13,5127.69,4396.71,0
1846,69.56,55.04,4.04,1.75,52.11,1.1,5264.75,4038.58,0
1847,69.48,54.97,4.04,1.75,52.13,1.1,5263.37,4042.2,0
1848,67.6,53.24,4.15,1.69,52.64,1.11,5226.64,4138.17,0
1849,64.58,50.48,4.34,1.6,53.47,1.12,5167.85,4291.77,0
1850,63.32,49.32,4.41,1.56,53.81,1.12,5143.35,4355.8,0
1851,68.6,54.16,4.09,1.72,52.37,1.1,5246.06,4087.42,0
1852,71.06,56.42,3.95,1.8,51.69,1.09,5294.12,3961.85,0
1853,49.52,36.67,5.25,1.13,57.58,1.18,4874.43,5058.42,0
1854,65.69,51.49,4.27,1.63,53.16,1.12,5189.45,4235.33,0
1855,68.87,54.41,4.08,1.73,52.29,1.1,5251.36,4073.57,0
1856,63.39,49.39,4.41,1.56,53.79,1.12,5144.76,4352.1,0
1857,53.79,40.58,4.99,1.26,56.41,1.16,4957.61,4841.09,0
1858,67.1,52.79,4.18,1.68,52.78,1.11,5216.98,4163.39,0
1859,70.06,55.49,4.01,1.77,51.97,1.1,5274.51,4013.08,0
1860,58.1,44.53,4.73,1.4,55.24,1.14,5041.59,4621.66,0
1861,52.15,39.08,5.09,1.21,56.86,1.17,4925.68,4924.51,0
1862,61.75,47.89,4.51,1.51,54.24,1.13,5112.81,4435.58,0
1863,51.3,38.3,5.14,1.19,57.09,1.17,4909.17,4967.67,0
1864,63.89,49.84,4.38,1.58,53.65,1.12,5154.39,4326.94,0
1865,51.46,38.45,5.13,1.19,57.05,1.17,4912.24,4959.63,0
1866,65.53,51.34,4.28,1.63,53.21,1.12,5186.31,4243.55,0
1867,59.3,45.63,4.66,1.43,54.91,1.14,5064.98,4560.55,0
1868,63.88,49.83,4.38,1.58,53.66,1.12,5154.16,4327.53,0
1869,64.91,50.78,4.32,1.61,53.37,1.12,5174.33,4274.84,0
1870,62.99,49.01,4.43,1.55,53.9,1.13,5136.8,4372.91,0
1871,61.7,47.84,4.51,1.51,54.25,1.13,5111.78,4438.26,0
1872,54.74,41.46,4.93,1.29,56.15,1.16,4976.19,4792.55,0
1873,68.84,54.38,4.08,1.73,52.3,1.1,5250.75,4075.17,0
1874,66.96,52.66,4.19,1.67,52.81,1.11,5214.29,4170.42,0
1875,60.77,46.98,4.57,1.48,54.51,1.13,5093.61,4485.74,0
1876,65.31,51.14,4.29,1.62,53.27,1.12,5182.01,4254.76,0
1877,52.39,39.3,5.07,1.22,56.79,1.17,4930.41,4912.17,0
1878,65.14,50.99,4.3,1.62,53.31,1.12,5178.8,4263.15,0
1879,69.52,55.0,4.04,1.75,52.12,1.1,5264.08,4040.35,0
1880,58.56,44.96,4.7,1.41,55.11,1.14,5050.61,4598.11,0
1881,59.74,46.04,4.63,1.45,54.79,1.14,5073.51,4538.26,0
1882,62.53,48.6,4.46,1.54,54.02,1.13,5127.93,4396.07,0
1883,52.22,39.15,5.08,1.21,56.84,1.17,4927.09,4920.83,0
1884,58.61,45.0,4.7,1.41,55.1,1.14,5051.47,4595.84,0
1885,63.98,49.93,4.37,1.58,53.63,1.12,5156.18,4322.26,0
1886,65.5,51.32,4.28,1.63,53.21,1.12,5185.86,4244.72,0
1887,63.58,49.56,4.4,1.57,53.74,1.12,5148.4,4342.6,0
1888,50.62,37.68,5.18,1.17,57.28,1.17,4895.99,5002.1,0
1889,64.55,50.45,4.34,1.6,53.47,1.12,5167.34,4293.1,0
1890,62.61,48.67,4.46,1.54,54.0,1.13,5129.49,4392.01,0
1891,71.29,56.62,3.93,1.81,51.63,1.09,5298.47,3950.48,0
1892,62.86,48.9,4.44,1.55,53.93,1.13,5134.35,4379.29,0
1893,61.3,47.47,4.54,1.5,54.36,1.13,5103.97,4458.67,0
1894,51.92,38.87,5.1,1.21,56.92,1.17,4921.22,4936.18,0
1895,54.44,41.18,4.95,1.28,56.23,1.16,4970.3,4807.93,0
1896,61.24,47.41,4.54,1.5,54.38,1.13,5102.7,4461.99,0
1897,61.0,47.2,4.55,1.49,54.44,1.13,5098.17,4473.84,0
1898,54.43,41.17,4.95,1.28,56.24,1.16,4970.08,4808.52,0
1899,55.59,42.24,4.88,1.32,55.92,1.15,4992.78,4749.2,0
1900,60.23,46.48,4.6,1.46,54.65,1.14,5083.04,4513.35,0
1901,65.78,51.58,4.26,1.64,53.14,1.12,5191.22,4230.71,0
1902,59.24,45.58,4.66,1.43,54.92,1.14,5063.93,4563.3,0
1903,52.4,39.31,5.07,1.22,56.79,1.17,4930.6,4911.66,0
1904,54.32,41.07,4.96,1.28,56.27,1.16,4967.93,4814.12,0
1905,55.73,42.37,4.87,1.32,55.88,1.15,4995.56,4741.93,0
1906,67.98,53.59,4.13,1.7,52.54,1.11,5234.05,4118.8,0
1907,70.24,55.67,4.0,1.78,51.92,1.1,5278.15,4003.56,0
1908,53.04,39.9,5.03,1.24,56.62,1.16,4943.07,4879.08,0
1909,54.28,41.04,4.96,1.28,56.28,1.16,4967.31,4815.74,0
1910,64.97,50.83,4.31,1.61,53.36,1.12,5175.41,4272.03,0
1911,70.64,56.03,3.97,1.79,51.81,1.1,5285.81,3983.56,0
1912,68.47,54.04,4.1,1.72,52.4,1.1,5243.65,4093.72,0
1913,52.26,39.18,5.08,1.22,56.83,1.17,4927.89,4918.75,0
1914,53.85,40.64,4.99,1.27,56.4,1.16,4958.77,4838.06,0
1915,52.36,39.28,5.08,1.22,56.8,1.17,4929.89,4913.53,0
1916,69.36,54.86,4.05,1.75,52.16,1.1,5260.94,4048.53,0
1917,57.04,43.56,4.79,1.36,55.52,1.15,5020.99,4675.49,0
1918,69.07,54.59,4.07,1.74,52.24,1.1,5255.28,4063.33,0
1919,59.41,45.73,4.65,1.44,54.88,1.14,5067.09,4555.05,0
1920,49.1,36.28,5.27,1.12,57.69,1.18,4866.27,5079.74,0
1921,52.64,39.53,5.06,1.23,56.73,1.17,4935.31,4899.36,0
1922,52.82,39.7,5.05,1.23,56.68,1.17,4938.86,4890.1,0
1923,68.42,53.99,4.11,1.72,52.42,1.11,5242.58,4096.52,0
1924,54.02,40.8,4.98,1.27,56.35,1.16,4962.16,4829.2,0
1925,50.13,37.23,5.21,1.15,57.41,1.18,4886.49,5026.92,0
1926,68.85,54.39,4.08,1.73,52.3,1.1,5251.02,4074.45,0
1927,66.58,52.31,4.22,1.66,52.92,1.11,5206.82,4189.94,0
1928,62.57,48.64,4.46,1.54,54.01,1.13,5128.79,4393.83,0
1929,55.12,41.8,4.91,1.3,56.05,1.16,4983.58,4773.23,0
1930,50.08,37.19,5.21,1.15,57.42,1.18,4885.48,5029.55,0
1931,54.77,41.48,4.93,1.29,56.14,1.16,4976.8,4790.95,0
1932,61.86,47.98,4.5,1.51,54.21,1.13,5114.82,4430.34,0
1933,66.64,52.37,4.21,1.66,52.9,1.11,5208.07,4186.69,0
1934,65.55,51.37,4.28,1.63,53.2,1.12,5186.77,4242.33,0
1935,49.94,37.06,5.22,1.14,57.46,1.18,4882.7,5036.81,0
1936,60.51,46.74,4.58,1.47,54.58,1.14,5088.54,4499.0,0
1937,57.01,43.53,4.8,1.36,55.53,1.15,5020.31,4677.26,0
1938,55.96,42.57,4.86,1.33,55.82,1.15,4999.91,4730.56,0
1939,61.88,48.0,4.5,1.51,54.2,1.13,5115.19,4429.35,0
1940,56.84,43.38,4.81,1.36,55.58,1.15,5017.01,4685.9,0
1941,51.99,38.94,5.1,1.21,56.9,1.17,4922.7,4932.31,0
1942,60.0,46.27,4.61,1.46,54.72,1.14,5078.55,4525.1,0
1943,62.25,48.34,4.48,1.53,54.1,1.13,5122.5,4410.26,0
1944,54.25,41.01,4.96,1.28,56.29,1.16,4966.65,4817.47,0
1945,50.48,37.55,5.19,1.16,57.31,1.17,4893.28,5009.18,0
1946,59.07,45.43,4.67,1.43,54.97,1.14,5060.59,4572.01,0
1947,48.11,35.38,5.33,1.09,57.96,1.18,4847.14,5129.74,0
1948,48.85,36.06,5.29,1.11,57.76,1.18,4861.42,5092.41,0
1949,53.13,39.98,5.03,1.24,56.59,1.16,4944.78,4874.6,0
1950,60.71,46.93,4.57,1.48,54.52,1.13,5092.42,4488.86,0
1951,63.26,49.26,4.42,1.56,53.83,1.13,5142.11,4359.01,0
1952,48.56,35.79,5.31,1.1,57.84,1.18,4855.83,5107.03,0
1953,54.05,40.82,4.97,1.27,56.34,1.16,4962.76,4827.63,0
1954,62.2,48.3,4.48,1.53,54.11,1.13,5121.58,4412.67,0
1955,55.85,42.47,4.87,1.33,55.85,1.15,4997.71,4736.31,0
1956,53.37,40.2,5.01,1.25,56.53,1.16,4949.58,4862.07,0
1957,63.02,49.05,4.43,1.55,53.89,1.13,5137.47,4371.14,0
1958,50.06,37.17,5.21,1.15,57.43,1.18,4885.04,5030.7,0
1959,69.47,54.96,4.04,1.75,52.13,1.1,5263.1,4042.89,0
1960,66.52,52.25,4.22,1.66,52.94,1.11,5205.61,4193.11,0
1961,55.41,42.07,4.89,1.31,55.97,1.16,4989.3,4758.29,0
1962,61.58,47.72,4.52,1.51,54.29,1.13,5109.35,4444.61,0
1963,51.06,38.08,5.15,1.18,57.16,1.17,4904.48,4979.92,0
1964,62.57,48.63,4.46,1.54,54.01,1.13,5128.65,4394.2,0
1965,65.29,51.12,4.29,1.62,53.27,1.12,5181.66,4255.7,0
1966,51.27,38.28,5.14,1.19,57.1,1.17,4908.62,4969.1,0
1967,64.2,50.13,4.36,1.59,53.57,1.12,5160.54,4310.87,0
1968,56.96,43.49,4.8,1.36,55.55,1.15,5019.5,4679.38,0
1969,60.22,46.48,4.6,1.46,54.66,1.14,5082.94,4513.63,0
1970,50.07,37.17,5.21,1.15,57.43,1.18,4885.14,5030.46,0
1971,57.62,44.1,4.76,1.38,55.37,1.15,5032.34,4645.82,0
1972,59.45,45.77,4.65,1.44,54.87,1.14,5067.86,4553.02,0
1973,62.3,48.39,4.47,1.53,54.09,1.13,5123.49,4407.66,0
1974,68.78,54.32,4.08,1.73,52.32,1.1,5249.62,4078.12,0
1975,56.91,43.45,4.8,1.36,55.56,1.15,5018.52,4681.95,0
1976,56.74,43.29,4.81,1.36,55.61,1.15,5015.17,4690.69,0
1977,65.76,51.55,4.27,1.64,53.14,1.12,5190.75,4231.94,0
1978,67.9,53.52,4.14,1.7,52.56,1.11,5232.55,4122.73,0
1979,54.36,41.11,4.95,1.28,56.26,1.16,4968.83,4811.78,0
1980,62.94,48.98,4.44,1.55,53.91,1.13,5135.98,4375.04,0
1981,48.32,35.57,5.32,1.09,57.91,1.18,4851.15,5119.27,0
1982,63.1,49.11,4.43,1.55,53.87,1.13,5138.93,4367.33,0
1983,56.37,42.95,4.83,1.34,55.71,1.15,5007.96,4709.53,0
1984,54.27,41.03,4.96,1.28,56.28,1.16,4967.1,4816.3,0
1985,49.6,36.75,5.24,1.13,57.56,1.18,4876.1,5054.05,0
1986,69.85,55.3,4.02,1.76,52.03,1.1,5270.47,4023.63,0
1987,56.85,43.39,4.8,1.36,55.58,1.15,5017.31,4685.11,0
1988,59.3,45.64,4.66,1.43,54.91,1.14,5065.06,4560.34,0
1989,66.68,52.4,4.21,1.66,52.89,1.11,5208.76,4184.88,0
1990,64.51,50.41,4.34,1.6,53.49,1.12,5166.43,4295.48,0
1991,53.79,40.58,4.99,1.26,56.41,1.16,4957.62,4841.08,0
1992,51.21,38.22,5.14,1.18,57.12,1.17,4907.51,4972.0,0
1993,67.48,53.13,4.16,1.69,52.67,1.11,5224.29,4144.3,0
1994,60.94,47.14,4.56,1.49,54.46,1.13,5096.98,4476.94,0
1995,65.95,51.73,4.25,1.64,53.09,1.11,5194.56,4221.99,0
1996,69.79,55.25,4.02,1.76,52.04,1.1,5269.31,4026.66,0
1997,66.62,52.35,4.21,1.66,52.91,1.11,5207.65,4187.79,0
1998,64.88,50.75,4.32,1.61,53.38,1.12,5173.61,4276.73,0
1999,60.64,46.86,4.58,1.48,54.54,1.14,5091.01,4492.53,0
2000,48.98,36.18,5.28,1.11,57.72,1.18,4864.06,5085.52,0
2001,70.75,56.13,3.96,1.79,51.78,1.1,5288.01,3977.8,0
2002,70.17,55.6,4.0,1.77,51.94,1.1,5276.72,4007.31,0
2003,50.74,37.79,5.17,1.17,57.24,1.17,4898.32,4996.01,0
2004,66.68,52.4,4.21,1.66,52.89,1.11,5208.66,4185.15,0
2005,68.15,53.75,4.12,1.71,52.49,1.11,5237.43,4109.97,0
2006,47.83,35.12,5.35,1.08,58.04,1.18,4841.57,5144.28,0
2007,63.17,49.18,4.42,1.56,53.85,1.13,5140.42,4363.45,0
2008,68.97,54.49,4.07,1.74,52.27,1.1,5253.26,4068.6,0
2009,59.78,46.08,4.63,1.45,54.77,1.14,5074.44,4535.82,0
2010,57.82,44.28,4.75,1.39,55.31,1.15,5036.11,4636.0,0
2011,66.14,51.9,4.24,1.65,53.04,1.11,5198.19,4212.5,0
2012,70.29,55.71,3.99,1.78,51.91,1.1,5279.05,4001.23,0
2013,69.02,54.55,4.07,1.74,52.25,1.1,5254.37,4065.71,0
2014,69.41,54.9,4.05,1.75,52.15,1.1,5261.95,4045.9,0
2015,54.01,40.78,4.98,1.27,56.35,1.16,4961.9,4829.88,0
2016,57.59,44.07,4.76,1.38,55.37,1.15,5031.7,4647.5,0
2017,57.13,43.64,4.79,1.37,55.5,1.15,5022.69,4671.06,0
2018,62.05,48.15,4.49,1.52,54.16,1.13,5118.49,4420.73,0
2019,52.16,39.09,5.09,1.21,56.86,1.17,4925.93,4923.87,0
2020,50.18,37.28,5.21,1.15,57.4,1.18,4887.35,5024.66,0
2021,47.84,35.14,5.35,1.08,58.04,1.18,4841.88,5143.46,0
2022,66.82,52.53,4.2,1.67,52.85,1.11,5211.57,4177.53,0
2023,47.89,35.17,5.35,1.08,58.02,1.18,4842.71,5141.3,0
2024,69.63,55.1,4.03,1.76,52.09,1.1,5266.21,4034.76,0
2025,54.46,41.2,4.95,1.28,56.23,1.16,4970.78,4806.68,0
2026,57.49,43.98,4.77,1.38,55.4,1.15,5029.83,4652.38,0
2027,51.92,38.87,5.1,1.21,56.92,1.17,4921.17,4936.3,0
2028,57.74,44.21,4.75,1.39,55.33,1.15,5034.63,4639.85,0
2029,50.73,37.78,5.17,1.17,57.25,1.17,4898.06,4996.68,0
2030,57.16,43.68,4.79,1.37,55.49,1.15,5023.37,4669.28,0
2031,49.14,36.32,5.27,1.12,57.68,1.18,4867.12,5077.52,0
2032,63.78,49.74,4.39,1.57,53.68,1.12,5152.18,4332.73,0
2033,64.83,50.71,4.32,1.61,53.4,1.12,5172.75,4278.96,0
2034,67.43,53.09,4.16,1.69,52.69,1.11,5223.46,4146.48,0
2035,64.09,50.03,4.37,1.58,53.6,1.12,5158.36,4316.56,0
2036,70.2,55.62,4.0,1.77,51.93,1.1,5277.26,4005.9,0
2037,52.39,39.3,5.07,1.22,56.79,1.17,4930.38,4912.23,0
2038,63.57,49.55,4.4,1.57,53.74,1.12,5148.13,4343.3,0
2039,65.76,51.56,4.27,1.64,53.14,1.12,5190.81,4231.78,0
2040,55.65,42.29,4.88,1.32,55.9,1.15,4993.9,4746.28,0
2041,60.6,46.83,4.58,1.48,54.55,1.14,5090.34,4494.3,0
2042,62.39,48.47,4.47,1.53,54.06,1.13,5125.25,4403.08,0
2043,63.56,49.54,4.4,1.57,53.74,1.12,5147.99,4343.66,0
2044,58.88,45.25,4.68,1.42,55.02,1.14,5056.82,4581.87,0
2045,52.1,39.04,5.09,1.21,56.87,1.17,4924.84,4926.72,0
2046,50.35,37.43,5.2,1.16,57.35,1.17,4890.67,5016.01,0
2047,64.38,50.29,4.35,1.59,53.52,1.12,5164.01,4301.79,0
2048,68.9,54.43,4.08,1.73,52.29,1.1,5251.94,4072.05,0
2049,58.28,44.7,4.72,1.4,55.19,1.14,5045.06,4612.61,0
2050,59.41,45.74,4.65,1.44,54.88,1.14,5067.16,4554.86,0
2051,69.86,55.31,4.02,1.76,52.02,1.1,5270.61,4023.27,0
2052,66.8,52.51,4.2,1.67,52.86,1.11,5211.12,4178.72,0
2053,68.58,54.15,4.1,1.72,52.37,1.1,5245.83,4088.02,0
2054,55.73,42.36,4.87,1.32,55.88,1.15,4995.44,4742.26,0
2055,65.89,51.68,4.26,1.64,53.11,1.11,5193.42,4224.95,0
2056,60.08,46.35,4.61,1.46,54.69,1.14,5080.14,4520.93,0
2057,67.82,53.44,4.14,1.7,52.58,1.11,5230.91,4127.01,0
2058,62.39,48.47,4.47,1.53,54.06,1.13,5125.26,4403.04,0
2059,60.83,47.04,4.56,1.48,54.49,1.13,5094.83,4482.55,0
2060,55.17,41.85,4.91,1.31,56.03,1.16,4984.64,4770.47,0
2061,53.45,40.27,5.01,1.25,56.51,1.16,4951.0,4858.37,0
2062,64.65,50.54,4.33,1.6,53.45,1.12,5169.26,4288.1,0
2063,48.55,35.78,5.31,1.1,57.84,1.18,4855.52,5107.83,0
2064,63.86,49.81,4.38,1.58,53.66,1.12,5153.75,4328.61,0
2065,57.19,43.7,4.78,1.37,55.48,1.15,5023.93,4667.8,0
2066,61.52,47.67,4.52,1.5,54.3,1.13,5108.16,4447.74,0
2067,59.21,45.56,4.66,1.43,54.93,1.14,5063.33,4564.86,0
2068,50.09,37.2,5.21,1.15,57.42,1.18,4885.66,5029.07,0
2069,60.05,46.33,4.61,1.46,54.7,1.14,5079.66,4522.19,0
2070,49.75,36.88,5.23,1.14,57.52,1.18,4878.92,5046.71,0
2071,60.34,46.59,4.59,1.47,54.62,1.14,5085.26,4507.58,0
2072,54.03,40.8,4.97,1.27,56.35,1.16,4962.35,4828.72,0
2073,53.92,40.71,4.98,1.27,56.38,1.16,4960.27,4834.15,0
2074,48.44,35.68,5.31,1.1,57.87,1.18,4853.45,5113.25,0
2075,49.02,36.21,5.28,1.12,57.71,1.18,4864.82,5083.55,0
2076,48.5,35.74,5.31,1.1,57.86,1.18,4854.72,5109.92,0
2077,49.69,36.83,5.24,1.14,57.53,1.18,4877.92,5049.32,0
2078,60.78,46.99,4.57,1.48,54.5,1.13,5093.89,4485.01,0
2079,58.65,45.04,4.7,1.41,55.08,1.14,5052.42,4593.36,0
2080,62.43,48.51,4.47,1.53,54.05,1.13,5126.02,4401.07,0
2081,49.07,36.26,5.27,1.12,57.7,1.18,4865.82,5080.93,0
2082,71.0,56.36,3.95,1.8,51.71,1.1,5292.92,3964.99,0
2083,70.64,56.03,3.97,1.79,51.81,1.1,5285.96,3983.15,0
2084,50.42,37.5,5.19,1.16,57.33,1.17,4892.11,5012.24,0
2085,57.98,44.42,4.74,1.39,55.27,1.15,5039.28,4627.7,0
2086,58.79,45.17,4.69,1.42,55.05,1.14,5055.04,4586.51,0
2087,56.45,43.03,4.83,1.35,55.68,1.15,5009.56,4705.35,0
2088,51.89,38.84,5.1,1.2,56.93,1.17,4920.6,4937.8,0
2089,62.09,48.2,4.49,1.52,54.14,1.13,5119.42,4418.3,0
2090,58.18,44.61,4.72,1.4,55.21,1.14,5043.24,4617.34,0
2091,70.82,56.2,3.96,1.79,51.76,1.1,5289.42,3974.12,0
2092,71.25,56.59,3.93,1.81,51.64,1.09,5297.71,3952.47,0
2093,62.27,48.35,4.48,1.53,54.1,1.13,5122.77,4409.56,0
2094,66.09,51.86,4.25,1.65,53.05,1.11,5197.26,4214.92,0
2095,71.64,56.94,3.91,1.82,51.54,1.09,5305.32,3932.6,0
2096,68.99,54.52,4.07,1.74,52.26,1.1,5253.75,4067.33,0
2097,52.9,39.76,5.04,1.24,56.66,1.16,4940.25,4886.44,0
2098,65.77,51.57,4.27,1.64,53.14,1.12,5191.02,4231.24,0
2099,68.03,53.64,4.13,1.71,52.52,1.11,5235.03,4116.25,0
2100,68.86,54.4,4.08,1.73,52.3,1.1,5251.16,4074.1,0
2101,50.51,37.58,5.19,1.16,57.31,1.17,4893.83,5007.74,0
2102,71.39,56.72,3.93,1.81,51.6,1.09,5300.59,3944.95,0
2103,64.13,50.06,4.36,1.58,53.59,1.12,5159.05,4314.75,0
2104,65.87,51.65,4.26,1.64,53.11,1.11,5192.9,4226.32,0
2105,52.34,39.26,5.08,1.22,56.81,1.17,4929.43,4914.73,0
2106,52.25,39.18,5.08,1.22,56.83,1.17,4927.77,4919.06,0
2107,58.52,44.92,4.7,1.41,55.12,1.14,5049.87,4600.04,0
