,nuc,arexp,ent,ndev,age,asexp,la,ld,target
0,217.0,11.0,0.0,16.0,3.0,7.0,8.0,0.0,0
1,159.5,98.0,0.89,11.5,0.0,15.0,125.0,8.0,1
2,146.67,117.0,1.35,7.67,32.67,0.0,76.0,12.0,0
3,158.0,122.0,0.0,22.0,8.0,57.0,3.0,0.0,0
4,185.0,239.0,1.22,9.0,2.33,0.08,19.0,2.0,0
5,143.0,79.0,1.76,7.5,26.25,0.37,2.0,23.0,1
6,207.0,214.0,0.81,15.5,4.0,0.01,7.0,1.0,0
7,149.67,18.0,1.39,9.0,0.33,14.0,27.0,0.0,1
8,121.5,54.0,1.61,7.25,6.75,40.0,29.0,11.0,0
9,233.0,56.5,0.98,14.5,0.0,43.0,83.0,4.0,1
10,98.67,6.0,1.48,11.67,3.33,0.28,118.0,18.0,0
11,133.75,10.0,1.81,8.75,6.0,0.08,12.0,10.0,0
12,161.33,35.0,1.41,9.67,0.0,8.0,70.0,7.0,1
13,205.0,38.45,0.0,29.0,0.0,46.0,4.0,2.0,1
14,229.5,371.0,0.81,16.5,3.0,0.29,3.0,1.0,1
15,110.8,18.0,1.89,7.0,7.0,0.46,578.0,35.0,0
16,156.75,64.0,0.88,8.75,6.75,0.76,169.0,103.0,0
17,240.0,57.0,1.0,17.0,5.5,0.02,13.0,0.0,1
18,266.5,63.0,0.14,15.0,10.0,28.0,9.0,44.0,0
19,81.0,65.0,0.86,14.5,8.5,29.0,87.0,23.0,0
20,150.5,59.0,0.97,14.5,10.0,2.0,5.0,5.0,0
21,177.14,27.0,2.25,5.29,12.29,0.54,141.0,0.0,1
22,250.0,319.5,1.0,17.0,4.5,1.64,45.0,8.0,0
23,188.67,89.0,0.89,11.33,2.33,0.94,10.0,11.0,0
24,127.0,87.0,0.78,13.0,12.5,0.93,46.0,1.0,0
25,206.67,12.0,1.04,10.67,3.0,12.0,3.0,21.0,0
26,126.0,72.0,1.01,10.33,1.67,1.5,183.0,35.0,0
27,210.0,89.0,0.0,27.0,37.0,63.0,2.0,1.0,0
28,225.67,202.0,1.49,11.33,22.67,102.0,121.0,16.0,0
29,87.0,77.0,1.5,10.33,46.67,59.0,3.0,5.0,0
30,132.0,9.0,1.0,17.5,5.5,9.0,2.0,2.0,0
31,288.5,22.0,0.22,16.5,3.5,5.0,194.0,2.0,0
32,124.0,35.0,0.99,15.5,66.5,0.27,30.0,0.0,1
33,150.25,2.0,1.73,9.25,24.5,0.5,23.0,1.0,0
34,127.5,110.0,0.81,13.5,128.5,75.0,11.0,5.0,0
35,275.5,197.0,0.24,19.0,45.0,0.0,26.0,0.0,0
36,177.5,31.0,1.61,9.25,29.75,12.0,34.0,2.0,0
37,229.0,4.0,0.0,30.0,18.0,0.0,8.0,2.0,0
38,149.4,42.0,0.69,8.4,12.0,0.06,97.0,22.0,1
39,191.0,43.0,1.36,13.0,107.67,0.05,59.0,4.0,0
40,303.0,7.0,0.92,18.5,3.0,3.0,2.0,4.0,0
41,262.67,6.0,1.06,14.0,1.0,0.03,82.0,11.0,1
42,314.0,21.0,0.72,21.0,4.0,0.84,7.0,3.0,0
43,167.0,5.0,1.26,9.25,4.75,5.0,309.0,44.0,0
44,197.33,39.0,1.02,12.67,0.0,16.0,126.0,4.0,1
45,99.75,3.0,1.22,9.5,2.25,0.48,44.0,2.0,0
46,100.33,169.0,1.56,12.33,34.0,137.0,6.0,1.0,0
47,198.0,6.0,0.8,12.67,5.0,6.0,373.0,0.0,0
48,288.0,4.0,0.26,21.0,30.0,0.0,464.0,17.0,0
49,110.83,8.0,1.97,7.17,76.5,1.5,96.0,29.0,0
50,131.5,100.0,0.66,14.0,56.0,0.0,45.0,32.0,1
51,141.4,25.0,1.72,8.0,73.4,25.0,87.0,17.0,0
52,208.33,8.0,0.81,15.67,18.67,0.77,54.0,7.0,0
53,215.67,386.0,1.19,15.33,16.67,0.87,8.0,15.0,0
54,147.4,26.0,1.87,9.6,85.2,0.5,14.0,5.0,0
55,171.5,135.5,1.59,10.5,5.25,89.0,56.0,0.0,0
56,127.5,135.0,0.17,18.0,9.0,90.0,53.0,26.0,0
57,90.5,23.0,0.65,14.0,28.0,0.13,8.0,4.0,1
58,163.5,24.0,1.39,11.0,3.25,22.0,146.0,2.0,0
59,204.33,0.0,1.15,15.67,16.0,0.0,95.0,5.0,0
60,73.67,4.0,1.48,10.67,9.67,1.0,24.0,0.0,0
61,139.6,52.5,2.03,10.6,61.0,0.1,239.0,132.0,0
62,135.5,119.67,0.92,19.0,1.5,46.0,10.0,2.0,0
63,202.0,32.0,0.7,14.0,0.67,23.0,103.0,0.0,1
64,196.33,1.0,1.0,16.33,4.33,1.0,475.0,0.0,0
65,132.0,43.0,0.97,19.0,5.5,0.97,2.0,3.0,0
66,159.0,49.0,1.26,12.75,39.5,0.1,71.0,5.0,0
67,112.33,39.0,2.14,7.5,89.33,37.0,372.0,8.0,0
68,134.5,42.0,0.38,18.5,93.5,29.0,73.0,36.0,0
69,207.0,302.0,0.78,17.0,58.67,0.75,57.0,11.0,0
70,111.17,64.5,1.57,8.67,46.5,0.06,201.0,42.0,0
71,145.5,46.0,0.98,19.0,38.5,32.0,17.0,5.0,0
72,135.38,101.83,2.33,7.25,53.62,0.0,125.0,18.0,0
73,136.83,14.0,2.31,9.0,23.0,0.58,73.0,7.0,0
74,92.6,114.0,1.6,10.0,0.6,1.12,100.0,0.0,1
75,208.33,47.0,1.29,15.33,0.67,45.0,183.0,0.0,1
76,134.86,2.0,2.1,8.43,60.71,0.31,48.0,6.0,0
77,221.0,53.0,0.88,19.0,0.67,0.76,159.0,56.0,1
78,126.5,24.0,0.18,14.5,0.0,1.0,1.0,149.0,1
79,121.33,74.0,2.29,6.56,30.89,0.01,187.0,89.0,1
80,186.6,30.0,1.5,12.4,22.6,0.0,88.0,9.0,0
81,224.33,54.0,1.27,19.33,9.33,0.76,71.0,1.0,0
82,170.5,11.0,1.55,14.75,98.0,0.45,50.0,46.0,0
83,246.25,140.0,1.06,15.0,8.5,0.15,172.0,12.0,0
84,228.33,319.67,1.38,19.67,25.0,1.64,22.0,2.0,0
85,117.0,16.0,0.0,20.0,8.0,16.0,19.0,0.0,0
86,231.33,273.83,1.1,19.33,10.67,0.06,436.0,44.0,0
87,122.67,57.0,1.37,8.0,2.0,55.0,196.0,0.0,0
88,341.0,25.0,0.88,30.0,12.5,1.0,8.0,2.0,0
89,147.75,133.0,2.47,7.88,10.88,0.08,180.0,5.0,0
90,199.25,341.5,1.64,14.75,14.5,1.72,174.0,57.0,0
91,93.29,43.0,2.22,7.14,0.71,1.0,80.0,3.0,1
92,93.5,8.0,1.0,18.5,11.0,0.19,4.0,0.0,1
93,184.0,4.0,1.59,12.75,158.75,3.0,24.0,17.0,0
94,120.0,19.0,0.0,21.0,0.0,19.0,7.0,0.0,1
95,149.8,66.0,1.97,12.0,22.2,1.0,54.0,6.0,0
96,96.33,163.0,1.45,13.33,42.33,0.46,28.0,18.0,0
97,130.5,3.0,2.11,10.5,9.33,0.25,390.0,122.0,0
98,239.67,29.0,1.07,20.67,12.67,0.07,373.0,153.0,0
99,94.0,99.0,0.47,19.0,22.0,0.0,19.0,1.0,0
100,114.71,113.5,2.63,9.14,14.0,0.3,35.0,5.0,0
101,250.33,78.0,0.97,17.0,13.0,74.0,24.0,14.0,0
102,140.5,26.0,1.92,11.0,3.33,0.31,431.0,4.0,0
103,230.0,15.0,1.31,15.0,3.0,0.96,80.0,2.0,0
104,224.67,81.5,1.57,17.33,3.67,78.0,20.0,6.0,0
105,109.0,71.0,0.62,14.67,45.0,0.11,265.0,22.0,1
106,110.0,72.0,0.62,14.67,0.0,0.11,22.0,265.0,1
107,192.25,12.0,1.53,16.25,54.25,0.59,171.0,82.0,0
108,224.0,85.0,0.38,17.33,0.33,86.0,698.0,0.0,1
109,134.0,64.5,1.0,22.5,8.5,46.0,14.0,4.0,0
110,191.2,94.0,1.87,13.2,100.2,0.0,35.0,2.0,0
111,260.0,7.0,1.51,21.0,17.0,0.38,38.0,3.0,0
112,147.29,84.5,2.0,8.43,118.43,1.0,86.0,25.0,0
113,143.5,3.0,0.1,23.0,3.5,0.0,152.0,1.0,0
114,147.2,177.0,0.94,12.6,23.6,0.0,117.0,16.0,0
115,161.6,344.33,1.69,12.6,29.4,0.44,49.0,25.0,0
116,120.5,78.5,1.28,10.5,0.0,0.01,1068.0,116.0,1
117,156.2,85.0,1.86,10.8,127.6,89.0,53.0,13.0,0
118,163.4,70.5,1.97,12.6,40.4,0.7,150.0,23.0,0
119,154.0,20.0,1.27,13.0,8.0,0.5,42.0,14.0,0
120,98.83,26.5,1.96,10.33,6.83,1.0,156.0,2.0,0
121,229.0,115.0,1.14,17.67,2.33,116.0,35.0,0.0,0
122,261.0,369.33,1.81,17.0,17.5,0.76,117.0,77.0,0
123,146.2,97.5,1.3,10.6,137.6,1.0,500.0,20.0,0
124,94.75,98.5,1.6,13.5,37.25,0.5,16.0,8.0,0
125,93.0,1.0,1.67,13.0,7.5,0.0,39.0,7.0,0
126,255.67,131.83,0.83,21.67,10.67,1.28,57.0,33.0,0
127,241.5,4.0,0.89,26.5,20.0,1.0,136.0,61.0,0
128,151.2,46.5,2.37,7.5,26.6,0.01,208.0,18.0,0
129,66.33,147.5,1.5,13.67,25.0,0.0,86.0,12.0,0
130,150.0,1.0,0.68,24.0,9.0,1.0,110.0,13.0,0
131,217.83,5.0,1.06,12.0,12.5,0.56,155.0,121.0,0
132,117.44,148.33,2.75,7.56,89.33,0.0,61.0,14.0,0
133,104.0,76.0,1.11,12.2,107.6,1.0,45.0,37.0,0
134,126.67,2.0,0.82,15.67,17.0,0.44,96.0,17.0,0
135,365.0,0.0,0.92,27.0,95.0,0.0,3.0,3.0,0
136,271.25,2.0,1.74,17.25,2.5,0.75,85.0,5.0,0
137,165.25,7.0,1.66,17.0,8.75,1.05,60.0,34.0,0
138,171.0,91.5,1.96,13.2,18.2,0.5,36.0,7.0,0
139,90.67,94.5,0.77,17.0,5.33,0.27,31.0,8.0,1
140,140.5,12.5,0.63,24.5,54.5,0.2,25.0,0.0,1
141,136.5,11.0,0.81,19.0,5.5,0.25,4.0,4.0,1
142,120.0,181.0,1.08,18.67,28.0,153.0,38.0,21.0,0
143,139.0,183.5,0.22,17.0,3.0,31.0,30.0,28.0,0
144,119.33,7.0,0.95,20.0,20.0,1.0,24.0,1.0,0
145,123.0,42.5,3.03,8.0,49.9,0.35,121.0,62.0,0
146,107.33,31.5,1.55,15.0,22.33,19.0,8.0,5.0,0
147,98.5,44.5,1.91,10.17,118.83,21.0,198.0,10.0,0
148,199.2,52.5,1.59,13.4,20.2,0.13,67.0,4.0,0
149,164.8,382.83,2.12,13.6,42.2,0.31,33.0,7.0,0
150,286.67,110.5,1.53,22.67,8.0,0.0,15.0,4.0,0
151,223.75,35.5,2.43,10.12,11.5,0.62,236.0,40.0,0
152,166.14,30.0,0.97,11.0,121.71,1.0,243.0,39.0,0
153,277.67,131.5,1.49,23.0,48.67,0.5,6.0,5.0,0
154,165.0,34.5,0.19,24.5,82.0,0.56,51.0,18.0,0
155,173.0,11.0,2.0,10.86,93.71,0.0,1609.0,151.0,0
156,162.14,132.5,2.18,10.57,33.43,0.04,40.0,17.0,0
157,212.17,191.0,2.31,12.67,73.0,0.0,33.0,5.0,0
158,187.57,55.67,2.67,10.57,10.29,0.39,52.0,14.0,0
159,75.67,92.5,1.11,15.0,9.0,0.0,105.0,21.0,0
160,95.33,55.0,1.02,18.0,3.0,0.13,86.0,69.0,0
161,205.75,0.0,1.9,17.25,51.5,0.0,33.0,4.0,0
162,86.5,192.5,0.88,19.5,18.5,7.0,36.0,11.0,0
163,193.4,194.5,1.73,14.2,51.0,0.0,72.0,41.0,0
164,200.0,19.0,0.3,28.0,3.5,21.0,19.0,0.0,0
165,302.5,45.5,1.0,35.0,5.5,49.0,2.0,2.0,0
166,242.6,33.0,1.18,15.8,14.8,0.11,613.0,2.0,0
167,76.4,8.0,1.47,10.2,19.0,0.0,169.0,4.0,0
168,98.0,1.0,0.99,14.67,62.67,0.5,65.0,38.0,0
169,168.2,2.0,1.28,14.6,27.2,1.5,185.0,8.0,0
170,139.22,25.0,1.83,8.44,20.11,0.05,364.0,40.0,0
171,171.5,6.0,0.97,28.5,74.5,4.0,144.0,14.0,0
172,312.0,22.5,1.15,24.33,4.67,0.22,21.0,7.0,0
173,200.9,99.0,2.24,8.6,9.4,0.06,255.0,28.0,0
174,204.2,3.0,1.21,15.6,15.0,1.47,229.0,0.0,0
175,302.67,48.5,1.36,24.67,23.67,0.99,30.0,2.0,0
176,178.0,1.0,0.9,26.0,8.5,0.0,119.0,1.0,0
177,173.2,154.0,1.49,14.8,8.8,0.0,132.0,56.0,0
178,179.86,26.0,1.65,11.0,14.29,0.05,481.0,27.0,0
179,204.6,407.0,1.68,14.8,10.4,0.75,72.0,63.0,0
180,191.0,155.0,1.37,11.29,13.43,0.5,678.0,11.0,0
181,191.5,52.5,1.4,16.25,67.5,1.43,91.0,5.0,0
182,403.33,7.0,1.52,27.33,1.67,0.64,5.0,5.0,1
183,129.33,63.0,2.79,9.44,66.89,0.03,103.0,8.0,0
184,111.89,109.67,2.61,7.56,46.44,0.06,109.0,18.0,0
185,90.0,31.5,1.83,12.0,74.0,29.0,47.0,4.0,0
186,141.0,16.0,0.85,24.0,25.0,0.0,83.0,60.0,0
187,177.0,66.5,0.99,27.0,30.0,0.03,28.0,35.0,0
188,232.5,136.67,0.71,19.25,7.75,1.28,299.0,1.0,0
189,193.6,430.83,1.68,15.4,19.2,0.75,39.0,21.0,0
190,131.88,17.0,1.64,10.5,49.88,0.07,661.0,34.0,0
191,99.67,37.94,2.74,8.56,12.44,25.0,589.0,115.0,0
192,224.75,14.0,1.44,19.5,5.75,1.87,18.0,3.0,0
193,190.75,37.0,1.7,19.0,21.75,0.96,45.0,1.0,0
194,86.62,19.0,2.61,9.25,100.62,0.86,101.0,139.0,0
195,156.5,35.0,0.65,27.0,36.5,0.2,4.0,2.0,1
196,115.0,61.5,0.98,23.0,12.0,8.0,9.0,3.0,0
197,160.5,80.72,0.57,30.0,0.0,0.0,84.0,20.0,1
198,166.5,174.08,1.83,11.0,30.38,0.87,118.0,3.0,0
199,167.64,127.08,2.2,8.09,1.64,1.28,199.0,263.0,0
200,149.12,82.05,2.5,10.88,9.75,0.0,234.0,16.0,0
201,94.43,57.5,1.92,8.57,33.29,1.24,134.0,16.0,0
202,87.0,6.0,0.65,22.0,11.0,0.58,22.0,8.0,1
203,124.0,151.17,0.72,23.5,10.0,8.0,57.0,4.0,0
204,148.5,132.25,1.98,12.0,24.67,180.0,89.0,85.0,0
205,98.0,0.0,1.48,12.75,9.75,0.0,33.0,0.0,0
206,121.67,15.0,1.31,17.67,6.33,7.0,86.0,0.0,0
207,159.14,32.0,2.21,12.29,18.71,0.44,370.0,27.0,0
208,117.12,0.0,2.16,10.38,127.0,0.0,333.0,34.0,0
209,183.0,82.05,0.76,31.0,29.0,54.0,151.0,9.0,0
210,228.75,37.0,1.0,18.0,104.5,29.0,24.0,2.0,0
211,155.64,64.5,2.03,8.45,27.0,0.6,1377.0,48.0,0
212,216.0,66.5,1.75,11.62,0.0,0.6,225.0,48.0,1
213,138.45,2.0,1.66,8.36,17.64,0.78,660.0,37.0,0
214,256.0,134.0,0.45,20.5,38.5,1.28,291.0,3.0,0
215,107.2,63.67,2.12,8.4,37.5,0.54,97.0,233.0,0
216,134.64,40.0,2.65,8.09,124.82,0.25,113.0,46.0,0
217,231.6,41.0,2.06,17.0,46.8,0.08,38.0,36.0,0
218,160.75,42.0,2.65,11.12,1.0,0.0,386.0,35.0,1
219,210.8,44.0,1.47,16.8,1.4,0.0,162.0,14.0,1
220,85.0,9.0,1.82,10.4,39.4,6.0,32.0,25.0,0
221,154.14,44.5,2.63,12.43,53.0,0.05,22.0,11.0,0
222,86.2,14.0,1.95,12.0,8.0,0.58,182.0,7.0,0
223,138.33,11.0,1.24,19.33,139.33,0.63,23.0,1.0,0
224,121.0,8.0,1.0,21.67,1.0,0.46,96.0,2.0,1
225,278.2,39.0,0.94,18.4,4.2,0.52,284.0,3.0,0
226,187.5,0.0,0.66,32.0,14.0,0.0,46.0,82.0,0
227,268.17,11.0,2.04,16.33,82.0,0.01,150.0,20.0,0
228,157.0,16.0,1.45,22.67,4.67,0.12,119.0,9.0,0
229,130.33,106.67,1.58,19.67,191.0,116.0,9.0,4.0,0
230,143.09,5.0,2.94,9.27,5.91,0.01,214.0,32.0,0
231,169.5,63.0,0.65,33.0,0.5,32.0,5.0,1.0,1
232,187.25,138.17,2.23,11.88,31.12,1.12,292.0,44.0,0
233,78.4,25.5,1.55,13.8,118.2,0.0,85.0,3.0,0
234,79.5,79.0,1.36,12.33,51.17,0.0,549.0,253.0,0
235,101.71,44.5,1.78,9.29,2.29,0.34,492.0,0.0,0
236,99.33,2.0,1.26,18.0,9.67,2.0,38.0,33.0,0
237,161.67,46.5,2.37,10.67,149.33,0.91,73.0,15.0,0
238,154.75,44.5,2.41,8.58,36.17,0.17,449.0,13.0,0
239,144.33,20.0,0.88,21.67,26.67,0.58,31.0,5.0,0
240,144.11,48.23,0.98,19.42,34.89,33.69,16.64,4.88,0
241,140.08,54.72,0.99,20.65,24.36,38.6,15.59,4.53,0
242,136.29,60.82,1.0,21.8,14.46,43.22,14.6,4.2,0
243,138.35,57.5,0.99,21.18,19.86,40.7,15.14,4.38,0
244,144.25,48.01,0.98,19.38,35.25,33.52,16.67,4.89,0
245,140.12,54.65,0.99,20.64,24.48,38.54,15.6,4.53,0
246,143.91,48.56,0.98,19.49,34.34,33.94,16.58,4.86,0
247,136.55,60.4,0.99,21.73,15.14,42.9,14.66,4.22,0
248,135.49,62.1,1.0,22.05,12.39,44.18,14.39,4.13,0
249,138.76,56.85,0.99,21.05,20.91,40.21,15.24,4.41,0
250,144.43,47.71,0.98,19.32,35.72,33.3,16.72,4.91,0
251,138.66,57.01,0.99,21.08,20.65,40.33,15.21,4.4,0
252,143.23,49.65,0.98,19.69,32.58,34.76,16.41,4.8,0
253,140.41,54.18,0.99,20.55,25.23,38.19,15.67,4.56,0
254,142.88,50.21,0.98,19.8,31.68,35.18,16.32,4.77,0
255,138.84,56.71,0.99,21.03,21.13,40.1,15.26,4.42,0
256,142.44,50.92,0.98,19.93,30.52,35.72,16.2,4.73,0
257,144.09,48.26,0.98,19.43,34.83,33.71,16.63,4.88,0
258,140.67,53.76,0.99,20.47,25.91,37.87,15.74,4.58,0
259,143.8,48.74,0.98,19.52,34.06,34.07,16.56,4.85,0
260,135.69,61.78,1.0,21.98,12.92,43.94,14.44,4.15,0
261,145.41,46.15,0.98,19.03,38.26,32.11,16.98,4.99,0
262,140.79,53.58,0.99,20.43,26.21,37.73,15.77,4.59,0
263,134.31,64.0,1.0,22.41,9.3,45.62,14.08,4.03,0
264,139.42,55.78,0.99,20.85,22.64,39.4,15.41,4.47,0
265,136.54,60.41,0.99,21.73,15.13,42.9,14.66,4.22,0
266,144.26,47.99,0.98,19.38,35.27,33.51,16.68,4.89,0
267,143.46,49.28,0.98,19.62,33.18,34.48,16.47,4.82,0
268,142.31,51.13,0.98,19.97,30.18,35.88,16.17,4.72,0
269,140.36,54.27,0.99,20.56,25.1,38.26,15.66,4.55,0
270,134.41,63.84,1.0,22.37,9.58,45.5,14.11,4.04,0
271,140.2,54.53,0.99,20.61,24.67,38.45,15.62,4.54,0
272,140.87,53.45,0.99,20.41,26.42,37.64,15.79,4.6,0
273,139.35,55.9,0.99,20.87,22.45,39.49,15.4,4.47,0
274,144.33,47.88,0.98,19.36,35.45,33.42,16.69,4.9,0
275,141.28,52.79,0.98,20.29,27.48,37.14,15.9,4.63,0
276,141.02,53.2,0.99,20.36,26.82,37.45,15.83,4.61,0
277,142.66,50.56,0.98,19.86,31.1,35.45,16.26,4.75,0
278,137.71,58.54,0.99,21.37,18.17,41.49,14.97,4.32,0
279,144.94,46.91,0.98,19.17,37.03,32.69,16.85,4.95,0
280,137.3,59.19,0.99,21.5,17.11,41.98,14.86,4.29,0
281,135.32,62.37,1.0,22.1,11.95,44.39,14.35,4.12,0
282,137.86,58.3,0.99,21.33,18.56,41.31,15.01,4.34,0
283,140.31,54.34,0.99,20.58,24.97,38.31,15.65,4.55,0
284,134.95,62.98,1.0,22.21,10.97,44.85,14.25,4.08,0
285,136.17,61.01,1.0,21.84,14.16,43.36,14.57,4.19,0
286,141.57,52.32,0.98,20.2,28.25,36.78,15.97,4.66,0
287,140.04,54.79,0.99,20.66,24.24,38.65,15.57,4.52,0
288,136.18,60.99,1.0,21.84,14.19,43.35,14.57,4.19,0
289,144.69,47.31,0.98,19.25,36.38,32.99,16.79,4.93,0
290,138.9,56.61,0.99,21.01,21.29,40.03,15.28,4.43,0
291,139.17,56.19,0.99,20.93,21.98,39.71,15.35,4.45,0
292,135.49,62.1,1.0,22.05,12.39,44.19,14.39,4.13,0
293,139.29,55.99,0.99,20.89,22.3,39.56,15.38,4.46,0
294,141.99,51.65,0.98,20.07,29.34,36.28,16.08,4.69,0
295,143.37,49.42,0.98,19.65,32.95,34.59,16.45,4.82,0
296,134.76,63.27,1.0,22.27,10.49,45.07,14.2,4.07,0
297,136.92,59.81,0.99,21.61,16.11,42.45,14.76,4.25,0
298,143.38,49.41,0.98,19.64,32.97,34.58,16.45,4.82,0
299,140.08,54.72,0.99,20.65,24.36,38.6,15.59,4.53,0
300,143.06,49.92,0.98,19.74,32.14,34.97,16.36,4.79,0
301,134.65,63.45,1.0,22.3,10.21,45.2,14.17,4.06,0
302,144.13,48.21,0.98,19.42,34.91,33.67,16.64,4.88,0
303,135.73,61.71,1.0,21.97,13.03,43.89,14.45,4.15,0
304,144.84,47.05,0.98,19.2,36.79,32.8,16.83,4.94,0
305,142.37,51.04,0.98,19.95,30.34,35.81,16.18,4.73,0
306,136.59,60.33,0.99,21.71,15.26,42.84,14.68,4.23,0
307,143.2,49.7,0.98,19.7,32.5,34.8,16.4,4.8,0
308,143.37,49.42,0.98,19.65,32.95,34.59,16.45,4.82,0
309,143.12,49.84,0.98,19.73,32.28,34.9,16.38,4.79,0
310,143.76,48.81,0.98,19.53,33.95,34.12,16.54,4.85,0
311,140.34,54.3,0.99,20.57,25.04,38.28,15.65,4.55,0
312,134.41,63.84,1.0,22.38,9.57,45.5,14.11,4.04,0
313,134.09,64.35,1.0,22.47,8.74,45.89,14.02,4.01,0
314,140.0,54.85,0.99,20.67,24.16,38.69,15.57,4.52,0
315,138.39,57.44,0.99,21.16,19.95,40.66,15.15,4.38,0
316,135.79,61.63,1.0,21.96,13.16,43.82,14.47,4.16,0
317,136.6,60.32,0.99,21.71,15.29,42.83,14.68,4.23,0
318,141.42,52.56,0.98,20.24,27.85,36.97,15.94,4.65,0
319,138.18,57.77,0.99,21.23,19.41,40.91,15.09,4.36,0
320,137.86,58.3,0.99,21.33,18.56,41.31,15.01,4.34,0
321,138.77,56.83,0.99,21.05,20.94,40.2,15.24,4.41,0
322,139.44,55.75,0.99,20.84,22.69,39.38,15.42,4.47,0
323,135.2,62.58,1.0,22.14,11.62,44.55,14.31,4.1,0
324,140.04,54.78,0.99,20.66,24.27,38.64,15.58,4.53,0
325,143.49,49.23,0.98,19.61,33.26,34.45,16.48,4.83,0
326,139.84,55.1,0.99,20.72,23.75,38.88,15.52,4.51,0
327,140.52,54.02,0.99,20.52,25.5,38.07,15.7,4.57,0
328,134.14,64.27,1.0,22.46,8.88,45.82,14.04,4.01,0
329,134.28,64.05,1.0,22.41,9.23,45.66,14.07,4.02,0
330,139.19,56.16,0.99,20.92,22.03,39.69,15.35,4.45,0
331,142.25,51.23,0.98,19.99,30.02,35.96,16.15,4.72,0
332,137.41,59.01,0.99,21.46,17.41,41.84,14.89,4.3,0
333,140.33,54.32,0.99,20.57,25.01,38.3,15.65,4.55,0
334,140.76,53.63,0.99,20.44,26.13,37.77,15.76,4.59,0
335,142.43,50.94,0.98,19.93,30.49,35.74,16.2,4.73,0
336,137.76,58.46,0.99,21.36,18.3,41.43,14.98,4.33,0
337,143.32,49.5,0.98,19.66,32.82,34.65,16.43,4.81,0
338,137.12,59.48,0.99,21.55,16.63,42.2,14.81,4.27,0
339,140.48,54.08,0.99,20.53,25.4,38.12,15.69,4.56,0
340,138.67,56.99,0.99,21.08,20.68,40.32,15.22,4.41,0
341,145.49,46.01,0.98,19.0,38.48,32.01,17.0,5.0,0
342,140.66,53.78,0.99,20.47,25.88,37.89,15.74,4.58,0
343,135.01,62.88,1.0,22.19,11.12,44.78,14.26,4.09,0
344,142.59,50.68,0.98,19.89,30.91,35.54,16.24,4.75,0
345,134.74,63.3,1.0,22.27,10.44,45.1,14.19,4.06,0
346,143.68,48.93,0.98,19.55,33.74,34.22,16.52,4.84,0
347,134.19,64.19,1.0,22.44,9.01,45.76,14.05,4.02,0
348,144.64,47.39,0.98,19.26,36.25,33.05,16.78,4.93,0
349,137.25,59.28,0.99,21.51,16.97,42.05,14.85,4.28,0
350,144.33,47.88,0.98,19.36,35.46,33.42,16.7,4.9,0
351,138.9,56.62,0.99,21.01,21.28,40.04,15.28,4.43,0
352,143.19,49.71,0.98,19.7,32.48,34.81,16.4,4.8,0
353,143.69,48.91,0.98,19.55,33.79,34.2,16.53,4.84,0
354,140.8,53.56,0.99,20.43,26.24,37.72,15.77,4.59,0
355,143.27,49.59,0.98,19.68,32.67,34.72,16.42,4.81,0
356,136.74,60.1,0.99,21.67,15.64,42.67,14.71,4.24,0
357,141.21,52.89,0.98,20.3,27.32,37.22,15.88,4.63,0
358,139.33,55.92,0.99,20.88,22.41,39.51,15.39,4.46,0
359,143.11,49.85,0.98,19.73,32.26,34.91,16.38,4.79,0
360,137.06,59.58,0.99,21.57,16.49,42.27,14.8,4.27,0
361,136.28,60.83,1.0,21.81,14.45,43.22,14.6,4.2,0
362,144.45,47.69,0.98,19.32,35.75,33.28,16.73,4.91,0
363,137.38,59.06,0.99,21.47,17.33,41.88,14.88,4.29,0
364,143.94,48.51,0.98,19.47,34.43,33.9,16.59,4.86,0
365,135.32,62.38,1.0,22.1,11.95,44.39,14.34,4.11,0
366,134.28,64.05,1.0,22.42,9.23,45.66,14.07,4.02,0
367,137.11,59.5,0.99,21.55,16.6,42.22,14.81,4.27,0
368,137.97,58.12,0.99,21.29,18.84,41.17,15.03,4.34,0
369,141.71,52.1,0.98,20.15,28.6,36.62,16.01,4.67,0
370,139.27,56.01,0.99,20.89,22.26,39.58,15.38,4.46,0
371,134.86,63.12,1.0,22.24,10.73,44.96,14.22,4.07,0
372,140.14,54.62,0.99,20.63,24.51,38.53,15.6,4.53,0
373,134.13,64.29,1.0,22.46,8.84,45.84,14.03,4.01,0
374,137.77,58.43,0.99,21.35,18.34,41.41,14.98,4.33,0
375,134.9,63.05,1.0,22.23,10.84,44.91,14.23,4.08,0
376,137.31,59.18,0.99,21.49,17.13,41.97,14.86,4.29,0
377,144.42,47.74,0.98,19.33,35.68,33.31,16.72,4.91,0
378,140.6,53.89,0.99,20.49,25.71,37.97,15.72,4.57,0
379,137.97,58.11,0.99,21.29,18.87,41.16,15.04,4.35,0
380,141.84,51.89,0.98,20.12,28.94,36.46,16.04,4.68,0
381,140.28,54.4,0.99,20.59,24.88,38.36,15.64,4.55,0
382,139.38,55.85,0.99,20.86,22.53,39.45,15.4,4.47,0
383,135.95,61.37,1.0,21.91,13.58,43.63,14.51,4.17,0
384,138.36,57.48,0.99,21.17,19.88,40.69,15.14,4.38,0
385,141.01,53.23,0.99,20.37,26.78,37.47,15.83,4.61,0
386,142.29,51.16,0.98,19.98,30.13,35.91,16.16,4.72,0
387,138.44,57.36,0.99,21.15,20.09,40.59,15.16,4.39,0
388,139.71,55.31,0.99,20.76,23.41,39.04,15.49,4.5,0
389,135.68,61.79,1.0,21.99,12.89,43.95,14.44,4.15,0
390,140.2,54.52,0.99,20.61,24.68,38.45,15.62,4.54,0
391,139.9,55.01,0.99,20.71,23.89,38.82,15.54,4.51,0
392,134.12,64.31,1.0,22.46,8.82,45.85,14.03,4.01,0
393,141.99,51.64,0.98,20.07,29.35,36.27,16.08,4.69,0
394,139.45,55.73,0.99,20.84,22.72,39.36,15.42,4.47,0
395,143.22,49.68,0.98,19.7,32.54,34.78,16.4,4.8,0
396,141.26,52.82,0.98,20.29,27.43,37.16,15.89,4.63,0
397,138.3,57.58,0.99,21.19,19.73,40.76,15.12,4.37,0
398,138.03,58.01,0.99,21.27,19.02,41.09,15.05,4.35,0
399,139.3,55.98,0.99,20.89,22.31,39.55,15.38,4.46,0
400,136.25,60.88,1.0,21.82,14.37,43.26,14.59,4.2,0
401,144.65,47.36,0.98,19.26,36.29,33.03,16.78,4.93,0
402,144.21,48.07,0.98,19.39,35.14,33.57,16.66,4.89,0
403,138.37,57.47,0.99,21.17,19.9,40.68,15.14,4.38,0
404,141.14,53.01,0.99,20.33,27.14,37.3,15.86,4.62,0
405,143.06,49.92,0.98,19.74,32.14,34.97,16.36,4.79,0
406,137.33,59.15,0.99,21.49,17.18,41.95,14.87,4.29,0
407,145.19,46.5,0.98,19.1,37.68,32.38,16.92,4.97,0
408,141.04,53.18,0.99,20.36,26.85,37.44,15.84,4.61,0
409,142.43,50.94,0.98,19.93,30.49,35.74,16.2,4.73,0
410,143.82,48.7,0.98,19.51,34.13,34.04,16.56,4.85,0
411,144.1,48.25,0.98,19.43,34.86,33.7,16.64,4.88,0
412,138.86,56.68,0.99,21.02,21.18,40.08,15.27,4.42,0
413,140.48,54.08,0.99,20.53,25.4,38.11,15.69,4.56,0
414,140.84,53.5,0.99,20.42,26.33,37.68,15.78,4.59,0
415,143.71,48.88,0.98,19.54,33.84,34.18,16.53,4.84,0
416,142.97,50.07,0.98,19.77,31.9,35.08,16.34,4.78,0
417,135.66,61.83,1.0,21.99,12.83,43.98,14.43,4.14,0
418,138.87,56.66,0.99,21.02,21.22,40.07,15.27,4.42,0
419,137.26,59.25,0.99,21.51,17.02,42.03,14.85,4.28,0
420,142.17,51.35,0.98,20.01,29.82,36.05,16.13,4.71,0
421,140.21,54.52,0.99,20.61,24.69,38.44,15.62,4.54,0
422,137.03,59.63,0.99,21.58,16.4,42.31,14.79,4.26,0
423,142.63,50.61,0.98,19.87,31.02,35.49,16.25,4.75,0
424,143.56,49.12,0.98,19.59,33.45,34.36,16.49,4.83,0
425,137.71,58.53,0.99,21.37,18.18,41.48,14.97,4.32,0
426,134.39,63.88,1.0,22.38,9.51,45.53,14.1,4.03,0
427,134.93,63.01,1.0,22.22,10.92,44.87,14.24,4.08,0
428,134.82,63.18,1.0,22.25,10.63,45.0,14.21,4.07,0
429,139.95,54.93,0.99,20.69,24.02,38.76,15.55,4.52,0
430,143.09,49.88,0.98,19.73,32.21,34.94,16.37,4.79,0
431,136.21,60.95,1.0,21.83,14.25,43.31,14.58,4.19,0
432,138.0,58.06,0.99,21.28,18.94,41.13,15.04,4.35,0
433,143.53,49.17,0.98,19.6,33.37,34.4,16.49,4.83,0
434,139.92,54.97,0.99,20.7,23.95,38.79,15.55,4.52,0
435,135.6,61.92,1.0,22.01,12.68,44.05,14.42,4.14,0
436,137.41,59.02,0.99,21.46,17.39,41.85,14.89,4.3,0
437,139.94,54.95,0.99,20.69,23.98,38.77,15.55,4.52,0
438,137.7,58.56,0.99,21.38,18.14,41.5,14.96,4.32,0
439,138.35,57.5,0.99,21.18,19.84,40.71,15.13,4.38,0
440,139.65,55.4,0.99,20.78,23.25,39.12,15.48,4.49,0
441,137.12,59.48,0.99,21.55,16.63,42.2,14.81,4.27,0
442,140.54,53.99,0.99,20.51,25.55,38.04,15.71,4.57,0
443,138.91,56.6,0.99,21.01,21.31,40.02,15.28,4.43,0
444,137.17,59.4,0.99,21.54,16.76,42.14,14.83,4.28,0
445,144.97,46.85,0.98,19.16,37.13,32.64,16.86,4.95,0
446,137.37,59.08,0.99,21.48,17.28,41.9,14.88,4.29,0
447,135.82,61.57,1.0,21.95,13.25,43.78,14.48,4.16,0
448,134.72,63.34,1.0,22.28,10.39,45.12,14.19,4.06,0
449,140.36,54.27,0.99,20.57,25.08,38.26,15.66,4.55,0
450,145.08,46.67,0.98,19.13,37.41,32.51,16.89,4.96,0
451,138.72,56.91,0.99,21.06,20.81,40.25,15.23,4.41,0
452,137.83,58.34,0.99,21.33,18.49,41.34,15.0,4.33,0
453,143.32,49.5,0.98,19.66,32.82,34.65,16.43,4.81,0
454,136.57,60.36,0.99,21.72,15.21,42.87,14.67,4.22,0
455,143.15,49.78,0.98,19.72,32.37,34.86,16.39,4.8,0
456,136.37,60.69,1.0,21.78,14.68,43.12,14.62,4.21,0
457,135.15,62.65,1.0,22.15,11.5,44.6,14.3,4.1,0
458,134.25,64.09,1.0,22.42,9.16,45.69,14.07,4.02,0
459,143.87,48.63,0.98,19.5,34.24,33.99,16.57,4.86,0
460,143.49,49.24,0.98,19.61,33.25,34.45,16.48,4.83,0
461,141.87,51.83,0.98,20.1,29.04,36.41,16.05,4.68,0
462,136.31,60.79,1.0,21.8,14.52,43.19,14.6,4.2,0
463,138.55,57.18,0.99,21.12,20.36,40.46,15.19,4.4,0
464,141.02,53.2,0.99,20.36,26.82,37.45,15.83,4.61,0
465,144.33,47.88,0.98,19.36,35.45,33.42,16.7,4.9,0
466,143.56,49.12,0.98,19.59,33.45,34.36,16.49,4.83,0
467,144.94,46.89,0.98,19.17,37.05,32.68,16.86,4.95,0
468,137.76,58.45,0.99,21.35,18.32,41.42,14.98,4.33,0
469,143.7,48.89,0.98,19.55,33.82,34.19,16.53,4.84,0
470,144.31,47.92,0.98,19.36,35.38,33.45,16.69,4.9,0
471,143.3,49.54,0.98,19.67,32.75,34.68,16.43,4.81,0
472,143.47,49.26,0.98,19.62,33.21,34.47,16.47,4.82,0
473,140.93,53.36,0.99,20.39,26.57,37.57,15.81,4.6,0
474,144.38,47.81,0.98,19.34,35.57,33.37,16.71,4.9,0
475,137.88,58.25,0.99,21.32,18.63,41.27,15.01,4.34,0
476,141.32,52.72,0.98,20.27,27.6,37.08,15.91,4.64,0
477,139.52,55.62,0.99,20.82,22.9,39.28,15.44,4.48,0
478,137.08,59.55,0.99,21.56,16.53,42.25,14.8,4.27,0
479,140.49,54.05,0.99,20.52,25.44,38.09,15.69,4.56,0
480,136.17,61.0,1.0,21.84,14.17,43.35,14.57,4.19,0
481,137.86,58.29,0.99,21.32,18.58,41.3,15.01,4.34,0
482,142.28,51.19,0.98,19.98,30.09,35.92,16.16,4.72,0
483,140.96,53.31,0.99,20.38,26.65,37.53,15.81,4.6,0
484,141.94,51.72,0.98,20.08,29.22,36.33,16.07,4.69,0
485,140.34,54.3,0.99,20.57,25.04,38.28,15.65,4.55,0
486,134.96,62.95,1.0,22.21,11.01,44.83,14.25,4.08,0
487,144.71,47.26,0.98,19.24,36.45,32.96,16.8,4.93,0
488,143.12,49.82,0.98,19.72,32.3,34.89,16.38,4.79,0
489,140.21,54.52,0.99,20.61,24.69,38.45,15.62,4.54,0
490,135.16,62.64,1.0,22.15,11.51,44.59,14.3,4.1,0
491,139.76,55.23,0.99,20.75,23.53,38.99,15.5,4.5,0
492,134.17,64.22,1.0,22.45,8.95,45.79,14.05,4.02,0
493,143.63,49.01,0.98,19.57,33.62,34.28,16.51,4.84,0
494,140.04,54.79,0.99,20.66,24.25,38.65,15.58,4.53,0
495,142.29,51.16,0.98,19.98,30.13,35.9,16.16,4.72,0
496,136.71,60.14,0.99,21.67,15.57,42.7,14.71,4.24,0
497,134.97,62.94,1.0,22.21,11.02,44.82,14.25,4.08,0
498,144.08,48.29,0.98,19.43,34.79,33.73,16.63,4.88,0
499,135.06,62.79,1.0,22.18,11.27,44.71,14.28,4.09,0
500,136.06,61.18,1.0,21.87,13.88,43.49,14.54,4.18,0
501,140.93,53.35,0.99,20.39,26.59,37.56,15.81,4.6,0
502,140.74,53.66,0.99,20.45,26.09,37.79,15.76,4.59,0
503,137.7,58.55,0.99,21.37,18.15,41.5,14.96,4.32,0
504,134.57,63.58,1.0,22.33,9.99,45.3,14.15,4.05,0
505,137.74,58.48,0.99,21.36,18.26,41.45,14.98,4.33,0
506,135.4,62.25,1.0,22.07,12.15,44.3,14.36,4.12,0
507,143.66,48.96,0.98,19.56,33.7,34.24,16.52,4.84,0
508,140.44,54.14,0.99,20.54,25.31,38.16,15.68,4.56,0
509,136.75,60.08,0.99,21.66,15.66,42.66,14.72,4.24,0
510,136.06,61.19,1.0,21.87,13.87,43.49,14.54,4.18,0
511,140.54,53.97,0.99,20.51,25.57,38.03,15.71,4.57,0
512,143.16,49.76,0.98,19.71,32.41,34.84,16.39,4.8,0
513,137.44,58.97,0.99,21.45,17.47,41.81,14.9,4.3,0
514,136.53,60.42,0.99,21.73,15.11,42.92,14.66,4.22,0
515,141.54,52.37,0.98,20.2,28.17,36.82,15.97,4.66,0
516,139.66,55.39,0.99,20.78,23.27,39.11,15.48,4.49,0
517,139.23,56.09,0.99,20.91,22.14,39.64,15.36,4.45,0
518,140.02,54.82,0.99,20.67,24.19,38.68,15.57,4.52,0
519,142.48,50.86,0.98,19.92,30.62,35.68,16.21,4.74,0
520,137.01,59.65,0.99,21.58,16.36,42.33,14.79,4.26,0
521,141.73,52.06,0.98,20.15,28.67,36.59,16.02,4.67,0
522,145.45,46.09,0.98,19.02,38.36,32.07,16.99,5.0,0
523,139.19,56.15,0.99,20.92,22.04,39.68,15.35,4.45,0
524,140.5,54.04,0.99,20.52,25.46,38.09,15.7,4.57,0
525,135.23,62.52,1.0,22.13,11.7,44.5,14.32,4.11,0
526,138.8,56.78,0.99,21.04,21.03,40.15,15.25,4.42,0
527,136.66,60.23,0.99,21.69,15.43,42.77,14.69,4.23,0
528,144.21,48.07,0.98,19.39,35.14,33.57,16.66,4.89,0
529,134.98,62.92,1.0,22.2,11.07,44.8,14.26,4.09,0
530,139.66,55.39,0.99,20.78,23.27,39.11,15.48,4.49,0
531,138.01,58.05,0.99,21.28,18.96,41.12,15.05,4.35,0
532,138.43,57.38,0.99,21.15,20.05,40.61,15.16,4.39,0
533,139.89,55.03,0.99,20.71,23.86,38.83,15.54,4.51,0
534,140.39,54.21,0.99,20.55,25.18,38.22,15.67,4.56,0
535,140.47,54.09,0.99,20.53,25.38,38.12,15.69,4.56,0
536,139.29,55.99,0.99,20.89,22.3,39.56,15.38,4.46,0
537,144.84,47.07,0.98,19.2,36.77,32.81,16.83,4.94,0
538,135.98,61.31,1.0,21.9,13.67,43.59,14.52,4.17,0
539,145.22,46.45,0.98,19.08,37.77,32.34,16.93,4.98,0
540,144.57,47.5,0.98,19.28,36.06,33.14,16.76,4.92,0
541,137.59,58.73,0.99,21.41,17.86,41.63,14.94,4.31,0
542,135.45,62.17,1.0,22.06,12.28,44.24,14.38,4.13,0
543,138.16,57.8,0.99,21.23,19.36,40.93,15.09,4.36,0
544,140.47,54.1,0.99,20.53,25.37,38.13,15.69,4.56,0
545,145.4,46.17,0.98,19.03,38.23,32.13,16.97,4.99,0
546,141.9,51.79,0.98,20.1,29.11,36.38,16.06,4.69,0
547,142.85,50.26,0.98,19.81,31.6,35.22,16.31,4.77,0
548,137.45,58.95,0.99,21.45,17.5,41.8,14.9,4.3,0
549,142.97,50.06,0.98,19.77,31.91,35.07,16.34,4.78,0
550,134.49,63.71,1.0,22.35,9.79,45.4,14.13,4.04,0
551,137.88,58.26,0.99,21.32,18.63,41.27,15.01,4.34,0
552,140.02,54.82,0.99,20.67,24.19,38.68,15.57,4.52,0
553,137.47,58.92,0.99,21.44,17.55,41.78,14.9,4.3,0
554,136.96,59.74,0.99,21.6,16.22,42.4,14.77,4.26,0
555,139.08,56.32,0.99,20.95,21.76,39.81,15.33,4.44,0
556,138.14,57.85,0.99,21.24,19.29,40.96,15.08,4.36,0
557,137.42,59.0,0.99,21.46,17.42,41.84,14.89,4.3,0
558,135.26,62.47,1.0,22.12,11.79,44.47,14.33,4.11,0
559,139.61,55.47,0.99,20.79,23.14,39.17,15.46,4.49,0
560,136.0,61.28,1.0,21.89,13.73,43.56,14.52,4.17,0
561,138.41,57.41,0.99,21.16,20.0,40.63,15.15,4.38,0
562,139.47,55.69,0.99,20.83,22.78,39.34,15.43,4.48,0
563,137.02,59.63,0.99,21.58,16.39,42.32,14.79,4.26,0
564,139.86,55.07,0.99,20.72,23.79,38.86,15.53,4.51,0
565,143.83,48.69,0.98,19.51,34.14,34.03,16.56,4.85,0
566,137.78,58.42,0.99,21.35,18.35,41.4,14.99,4.33,0
567,141.52,52.41,0.98,20.21,28.11,36.85,15.96,4.65,0
568,138.37,57.47,0.99,21.17,19.91,40.68,15.14,4.38,0
569,135.12,62.7,1.0,22.16,11.41,44.64,14.29,4.1,0
570,145.43,46.12,0.98,19.02,38.31,32.09,16.98,4.99,0
571,136.77,60.04,0.99,21.66,15.73,42.63,14.72,4.24,0
572,137.6,58.7,0.99,21.4,17.9,41.61,14.94,4.31,0
573,139.82,55.14,0.99,20.73,23.67,38.92,15.52,4.51,0
574,144.09,48.27,0.98,19.43,34.81,33.72,16.63,4.88,0
575,141.11,53.06,0.99,20.34,27.05,37.35,15.85,4.62,0
576,141.72,52.07,0.98,20.15,28.65,36.6,16.02,4.67,0
577,134.25,64.1,1.0,22.42,9.15,45.7,14.06,4.02,0
578,142.76,50.41,0.98,19.83,31.35,35.34,16.28,4.76,0
579,139.94,54.94,0.99,20.69,24.0,38.77,15.55,4.52,0
580,143.06,49.93,0.98,19.74,32.13,34.97,16.36,4.79,0
581,144.68,47.32,0.98,19.25,36.36,33.0,16.79,4.93,0
582,137.65,58.62,0.99,21.39,18.03,41.55,14.95,4.32,0
583,134.23,64.12,1.0,22.43,9.11,45.72,14.06,4.02,0
584,143.96,48.48,0.98,19.47,34.47,33.88,16.6,4.87,0
585,140.47,54.09,0.99,20.53,25.38,38.12,15.69,4.56,0
586,142.85,50.27,0.98,19.81,31.58,35.23,16.31,4.77,0
587,138.13,57.85,0.99,21.24,19.28,40.97,15.08,4.36,0
588,137.47,58.92,0.99,21.44,17.55,41.78,14.91,4.3,0
589,142.48,50.85,0.98,19.92,30.63,35.67,16.21,4.74,0
590,134.94,62.98,1.0,22.21,10.96,44.85,14.25,4.08,0
591,136.97,59.72,0.99,21.6,16.25,42.39,14.77,4.26,0
592,144.7,47.29,0.98,19.24,36.4,32.98,16.79,4.93,0
593,140.27,54.41,0.99,20.59,24.86,38.37,15.64,4.55,0
594,141.34,52.69,0.98,20.26,27.66,37.06,15.92,4.64,0
595,137.65,58.63,0.99,21.39,18.02,41.56,14.95,4.32,0
596,144.59,47.46,0.98,19.28,36.14,33.1,16.76,4.92,0
597,136.54,60.41,0.99,21.73,15.14,42.9,14.66,4.22,0
598,145.24,46.41,0.98,19.08,37.83,32.31,16.93,4.98,0
599,134.46,63.76,1.0,22.36,9.69,45.44,14.12,4.04,0
600,141.81,51.93,0.98,20.12,28.88,36.49,16.04,4.68,0
601,141.27,52.81,0.98,20.29,27.46,37.15,15.9,4.63,0
602,140.24,54.46,0.99,20.6,24.78,38.4,15.63,4.54,0
603,139.35,55.89,0.99,20.87,22.47,39.48,15.4,4.47,0
604,135.65,61.85,1.0,22.0,12.8,43.99,14.43,4.14,0
605,137.47,58.92,0.99,21.44,17.54,41.78,14.9,4.3,0
606,136.11,61.11,1.0,21.86,13.99,43.44,14.55,4.18,0
607,143.31,49.53,0.98,19.67,32.78,34.67,16.43,4.81,0
608,140.89,53.41,0.99,20.4,26.48,37.61,15.8,4.6,0
609,138.31,57.57,0.99,21.19,19.74,40.76,15.12,4.37,0
610,137.36,59.1,0.99,21.48,17.25,41.92,14.88,4.29,0
611,135.03,62.84,1.0,22.19,11.19,44.75,14.27,4.09,0
612,140.98,53.27,0.99,20.38,26.71,37.5,15.82,4.61,0
613,137.02,59.64,0.99,21.58,16.39,42.32,14.79,4.26,0
614,134.12,64.31,1.0,22.46,8.8,45.86,14.03,4.01,0
615,142.58,50.7,0.98,19.89,30.87,35.56,16.24,4.75,0
616,138.63,57.06,0.99,21.09,20.57,40.37,15.21,4.4,0
617,140.48,54.08,0.99,20.53,25.4,38.11,15.69,4.56,0
618,138.3,57.59,0.99,21.19,19.71,40.77,15.12,4.37,0
619,135.74,61.7,1.0,21.97,13.04,43.88,14.45,4.15,0
620,141.58,52.3,0.98,20.19,28.28,36.77,15.98,4.66,0
621,143.99,48.43,0.98,19.46,34.57,33.84,16.61,4.87,0
622,135.95,61.37,1.0,21.91,13.58,43.63,14.51,4.17,0
623,134.2,64.18,1.0,22.44,9.02,45.76,14.05,4.02,0
624,143.97,48.46,0.98,19.47,34.51,33.86,16.6,4.87,0
625,138.53,57.21,0.99,21.12,20.32,40.49,15.18,4.39,0
626,136.9,59.84,0.99,21.62,16.05,42.47,14.76,4.25,0
627,140.71,53.71,0.99,20.46,26.0,37.83,15.75,4.58,0
628,143.0,50.03,0.98,19.76,31.97,35.05,16.35,4.78,0
629,136.59,60.33,0.99,21.71,15.27,42.84,14.68,4.23,0
630,137.39,59.05,0.99,21.47,17.33,41.88,14.88,4.29,0
631,140.58,53.92,0.99,20.5,25.65,38.0,15.72,4.57,0
632,138.45,57.33,0.99,21.14,20.12,40.58,15.16,4.39,0
633,137.92,58.2,0.99,21.31,18.72,41.23,15.02,4.34,0
634,143.14,49.8,0.98,19.72,32.34,34.88,16.38,4.79,0
635,144.54,47.54,0.98,19.29,36.0,33.17,16.75,4.92,0
636,140.84,53.49,0.99,20.42,26.35,37.67,15.79,4.6,0
637,143.2,49.7,0.98,19.7,32.51,34.8,16.4,4.8,0
638,136.11,61.11,1.0,21.86,14.0,43.43,14.55,4.18,0
639,142.16,51.38,0.98,20.02,29.78,36.07,16.13,4.71,0
640,142.87,50.23,0.98,19.8,31.64,35.2,16.31,4.77,0
641,134.56,63.6,1.0,22.33,9.96,45.32,14.15,4.05,0
642,137.83,58.34,0.99,21.33,18.49,41.34,15.0,4.33,0
643,134.35,63.94,1.0,22.39,9.41,45.58,14.09,4.03,0
644,135.71,61.75,1.0,21.98,12.95,43.92,14.45,4.15,0
645,134.38,63.89,1.0,22.38,9.49,45.54,14.1,4.03,0
646,143.52,49.18,0.98,19.6,33.34,34.41,16.48,4.83,0
647,136.93,59.78,0.99,21.61,16.15,42.43,14.76,4.25,0
648,143.24,49.63,0.98,19.69,32.62,34.75,16.41,4.8,0
649,139.46,55.72,0.99,20.84,22.74,39.35,15.42,4.47,0
650,134.84,63.15,1.0,22.24,10.69,44.98,14.22,4.07,0
651,140.5,54.04,0.99,20.52,25.46,38.08,15.7,4.57,0
652,144.0,48.42,0.98,19.46,34.58,33.83,16.61,4.87,0
653,145.32,46.3,0.98,19.06,38.02,32.22,16.95,4.98,0
654,137.54,58.8,0.99,21.42,17.75,41.69,14.92,4.31,0
655,136.22,60.92,1.0,21.82,14.3,43.29,14.58,4.19,0
656,139.61,55.47,0.99,20.79,23.14,39.17,15.46,4.49,0
657,140.62,53.84,0.99,20.48,25.78,37.94,15.73,4.58,0
658,139.34,55.92,0.99,20.88,22.42,39.5,15.39,4.46,0
659,141.07,53.13,0.99,20.35,26.94,37.39,15.84,4.61,0
660,141.73,52.07,0.98,20.15,28.66,36.59,16.02,4.67,0
661,144.97,46.85,0.98,19.16,37.12,32.64,16.86,4.95,0
662,140.6,53.88,0.99,20.49,25.72,37.97,15.72,4.57,0
663,144.56,47.51,0.98,19.28,36.06,33.14,16.76,4.92,0
664,142.64,50.61,0.98,19.87,31.03,35.49,16.25,4.75,0
665,143.71,48.87,0.98,19.54,33.84,34.18,16.53,4.84,0
666,144.49,47.62,0.98,19.31,35.87,33.23,16.74,4.91,0
667,135.01,62.87,1.0,22.19,11.14,44.77,14.26,4.09,0
668,138.85,56.7,0.99,21.02,21.15,40.1,15.27,4.42,0
669,144.33,47.89,0.98,19.36,35.44,33.43,16.69,4.9,0
670,139.76,55.24,0.99,20.75,23.52,38.99,15.5,4.5,0
671,136.15,61.03,1.0,21.84,14.12,43.38,14.56,4.19,0
672,138.22,57.71,0.99,21.22,19.51,40.86,15.1,4.37,0
673,137.82,58.36,0.99,21.34,18.45,41.35,15.0,4.33,0
674,143.39,49.39,0.98,19.64,33.0,34.56,16.45,4.82,0
675,138.38,57.45,0.99,21.17,19.93,40.67,15.14,4.38,0
676,135.11,62.72,1.0,22.16,11.39,44.65,14.29,4.1,0
677,143.28,49.57,0.98,19.68,32.71,34.7,16.42,4.81,0
678,135.9,61.45,1.0,21.92,13.45,43.69,14.5,4.17,0
679,144.98,46.83,0.98,19.16,37.15,32.63,16.87,4.96,0
680,137.86,58.29,0.99,21.33,18.56,41.3,15.01,4.34,0
681,137.6,58.71,0.99,21.4,17.89,41.62,14.94,4.31,0
682,137.7,58.54,0.99,21.37,18.16,41.49,14.97,4.32,0
683,139.84,55.11,0.99,20.72,23.73,38.89,15.52,4.51,0
684,141.52,52.4,0.98,20.21,28.12,36.84,15.96,4.65,0
685,143.83,48.68,0.98,19.51,34.15,34.03,16.57,4.86,0
686,136.59,60.33,0.99,21.71,15.27,42.84,14.68,4.23,0
687,134.17,64.22,1.0,22.45,8.95,45.79,14.05,4.02,0
688,138.95,56.53,0.99,20.99,21.42,39.97,15.29,4.43,0
689,136.63,60.27,0.99,21.7,15.36,42.8,14.69,4.23,0
690,137.25,59.28,0.99,21.51,16.97,42.05,14.85,4.28,0
691,135.46,62.16,1.0,22.06,12.3,44.23,14.38,4.13,0
692,138.57,57.15,0.99,21.11,20.41,40.44,15.19,4.4,0
693,140.42,54.17,0.99,20.55,25.25,38.18,15.68,4.56,0
694,137.64,58.64,0.99,21.39,18.0,41.57,14.95,4.32,0
695,139.42,55.79,0.99,20.85,22.63,39.4,15.41,4.47,0
696,139.86,55.07,0.99,20.72,23.8,38.86,15.53,4.51,0
697,144.76,47.19,0.98,19.23,36.56,32.9,16.81,4.94,0
698,143.46,49.28,0.98,19.62,33.18,34.48,16.47,4.82,0
699,141.56,52.34,0.98,20.2,28.21,36.8,15.97,4.66,0
700,141.81,51.93,0.98,20.12,28.88,36.49,16.04,4.68,0
701,139.52,55.62,0.99,20.82,22.91,39.28,15.44,4.48,0
702,144.49,47.63,0.98,19.31,35.86,33.23,16.74,4.91,0
703,140.81,53.54,0.99,20.43,26.27,37.71,15.78,4.59,0
704,138.21,57.73,0.99,21.22,19.47,40.88,15.1,4.37,0
705,140.24,54.45,0.99,20.6,24.79,38.4,15.63,4.54,0
706,141.04,53.17,0.99,20.36,26.88,37.42,15.84,4.61,0
707,144.33,47.88,0.98,19.36,35.45,33.42,16.7,4.9,0
708,144.85,47.04,0.98,19.2,36.81,32.79,16.83,4.94,0
709,144.93,46.92,0.98,19.17,37.0,32.7,16.85,4.95,0
710,144.93,46.92,0.98,19.17,37.0,32.7,16.85,4.95,0
711,134.11,64.32,1.0,22.47,8.8,45.86,14.03,4.01,0
712,135.18,62.6,1.0,22.14,11.59,44.56,14.31,4.1,0
713,137.37,59.09,0.99,21.48,17.28,41.9,14.88,4.29,0
714,144.54,47.54,0.98,19.29,36.0,33.17,16.75,4.92,0
715,144.09,48.27,0.98,19.43,34.83,33.71,16.63,4.88,0
716,137.34,59.13,0.99,21.48,17.21,41.93,14.87,4.29,0
717,141.69,52.12,0.98,20.16,28.57,36.63,16.01,4.67,0
718,135.66,61.84,1.0,22.0,12.82,43.98,14.43,4.14,0
719,141.7,52.11,0.98,20.16,28.58,36.63,16.01,4.67,0
720,137.61,58.69,0.99,21.4,17.93,41.6,14.94,4.31,0
721,137.33,59.14,0.99,21.49,17.19,41.95,14.87,4.29,0
722,137.32,59.17,0.99,21.49,17.15,41.96,14.87,4.29,0
723,136.94,59.77,0.99,21.61,16.16,42.42,14.77,4.26,0
724,144.21,48.07,0.98,19.39,35.15,33.57,16.66,4.89,0
725,137.55,58.79,0.99,21.42,17.76,41.68,14.93,4.31,0
726,137.59,58.72,0.99,21.41,17.87,41.63,14.94,4.31,0
727,143.98,48.44,0.98,19.46,34.54,33.85,16.6,4.87,0
728,138.36,57.49,0.99,21.17,19.87,40.69,15.14,4.38,0
729,143.44,49.32,0.98,19.63,33.12,34.51,16.46,4.82,0
730,143.71,48.88,0.98,19.55,33.82,34.18,16.53,4.84,0
731,144.33,47.88,0.98,19.35,35.46,33.42,16.7,4.9,0
732,138.69,56.95,0.99,21.07,20.74,40.29,15.22,4.41,0
733,136.6,60.33,0.99,21.71,15.27,42.84,14.68,4.23,0
734,135.32,62.38,1.0,22.1,11.93,44.4,14.34,4.11,0
735,141.01,53.23,0.99,20.37,26.78,37.47,15.83,4.61,0
736,136.13,61.07,1.0,21.85,14.06,43.41,14.56,4.19,0
737,134.15,64.26,1.0,22.45,8.89,45.82,14.04,4.01,0
738,137.97,58.12,0.99,21.29,18.85,41.17,15.04,4.35,0
739,142.76,50.41,0.98,19.83,31.35,35.34,16.29,4.76,0
740,145.03,46.76,0.98,19.14,37.26,32.58,16.88,4.96,0
741,141.82,51.91,0.98,20.12,28.91,36.47,16.04,4.68,0
742,135.4,62.25,1.0,22.08,12.14,44.3,14.36,4.12,0
743,136.77,60.04,0.99,21.66,15.74,42.62,14.72,4.24,0
744,142.37,51.04,0.98,19.95,30.33,35.81,16.18,4.73,0
745,143.5,49.22,0.98,19.61,33.28,34.44,16.48,4.83,0
746,144.68,47.31,0.98,19.25,36.37,32.99,16.79,4.93,0
747,142.73,50.46,0.98,19.84,31.27,35.38,16.28,4.76,0
748,144.7,47.29,0.98,19.24,36.41,32.98,16.79,4.93,0
749,143.08,49.89,0.98,19.74,32.19,34.94,16.37,4.79,0
750,138.3,57.59,0.99,21.19,19.71,40.77,15.12,4.37,0
751,140.57,53.93,0.99,20.5,25.64,38.0,15.71,4.57,0
752,140.16,54.59,0.99,20.62,24.57,38.5,15.61,4.54,0
753,144.26,48.0,0.98,19.38,35.26,33.51,16.68,4.89,0
754,143.39,49.4,0.98,19.64,32.99,34.57,16.45,4.82,0
755,139.36,55.89,0.99,20.87,22.47,39.48,15.4,4.47,0
756,141.79,51.96,0.98,20.13,28.83,36.51,16.03,4.68,0
757,141.58,52.3,0.98,20.19,28.29,36.77,15.98,4.66,0
758,135.78,61.64,1.0,21.96,13.13,43.84,14.46,4.15,0
759,138.6,57.11,0.99,21.1,20.49,40.41,15.2,4.4,0
760,143.86,48.63,0.98,19.5,34.23,33.99,16.57,4.86,0
761,144.93,46.92,0.98,19.17,37.0,32.7,16.85,4.95,0
762,139.12,56.26,0.99,20.94,21.86,39.76,15.34,4.45,0
763,136.26,60.86,1.0,21.81,14.4,43.25,14.59,4.2,0
764,138.7,56.94,0.99,21.07,20.76,40.28,15.23,4.41,0
765,142.24,51.25,0.98,19.99,29.99,35.97,16.15,4.72,0
766,141.03,53.19,0.99,20.36,26.84,37.44,15.83,4.61,0
767,138.71,56.92,0.99,21.07,20.8,40.26,15.23,4.41,0
768,144.35,47.86,0.98,19.35,35.49,33.4,16.7,4.9,0
769,137.24,59.28,0.99,21.51,16.96,42.05,14.85,4.28,0
770,145.21,46.47,0.98,19.09,37.73,32.36,16.92,4.97,0
771,137.42,58.99,0.99,21.46,17.43,41.83,14.89,4.3,0
772,138.15,57.82,0.99,21.24,19.33,40.94,15.08,4.36,0
773,142.94,50.11,0.98,19.78,31.83,35.11,16.33,4.78,0
774,136.73,60.1,0.99,21.67,15.63,42.67,14.71,4.24,0
775,139.2,56.13,0.99,20.92,22.07,39.67,15.36,4.45,0
776,136.92,59.8,0.99,21.61,16.13,42.44,14.76,4.25,0
777,141.39,52.61,0.98,20.25,27.77,37.01,15.93,4.64,0
778,138.51,57.24,0.99,21.13,20.27,40.51,15.18,4.39,0
779,135.37,62.3,1.0,22.08,12.07,44.34,14.36,4.12,0
780,140.2,54.53,0.99,20.61,24.66,38.46,15.62,4.54,0
781,144.75,47.2,0.98,19.23,36.55,32.91,16.81,4.94,0
782,141.8,51.96,0.98,20.13,28.84,36.51,16.03,4.68,0
783,135.63,61.87,1.0,22.0,12.76,44.01,14.43,4.14,0
784,142.68,50.53,0.98,19.86,31.16,35.43,16.27,4.76,0
785,141.63,52.22,0.98,20.18,28.41,36.71,15.99,4.66,0
786,135.46,62.15,1.0,22.06,12.31,44.22,14.38,4.13,0
787,137.45,58.96,0.99,21.45,17.49,41.81,14.9,4.3,0
788,142.2,51.32,0.98,20.01,29.88,36.02,16.14,4.71,0
789,143.93,48.52,0.98,19.48,34.41,33.91,16.59,4.86,0
790,135.14,62.66,1.0,22.15,11.48,44.61,14.3,4.1,0
791,135.3,62.41,1.0,22.1,11.89,44.42,14.34,4.11,0
792,144.61,47.42,0.98,19.27,36.19,33.08,16.77,4.92,0
793,135.75,61.68,1.0,21.97,13.08,43.86,14.46,4.15,0
794,142.47,50.87,0.98,19.92,30.6,35.69,16.21,4.74,0
795,137.3,59.2,0.99,21.5,17.1,41.99,14.86,4.29,0
796,144.3,47.93,0.98,19.37,35.37,33.46,16.69,4.9,0
797,144.93,46.91,0.98,19.17,37.02,32.69,16.85,4.95,0
798,134.49,63.71,1.0,22.35,9.78,45.4,14.13,4.04,0
799,138.07,57.96,0.99,21.26,19.11,41.05,15.06,4.35,0
800,135.68,61.8,1.0,21.99,12.87,43.96,14.44,4.15,0
801,143.02,49.99,0.98,19.75,32.03,35.02,16.35,4.78,0
802,135.8,61.6,1.0,21.95,13.21,43.8,14.47,4.16,0
803,145.48,46.03,0.98,19.01,38.46,32.02,17.0,5.0,0
804,134.09,64.36,1.0,22.47,8.73,45.89,14.02,4.01,0
805,140.13,54.63,0.99,20.63,24.5,38.53,15.6,4.53,0
806,145.32,46.29,0.98,19.05,38.04,32.22,16.95,4.98,0
807,144.19,48.11,0.98,19.4,35.08,33.59,16.66,4.89,0
808,140.74,53.66,0.99,20.45,26.08,37.8,15.76,4.59,0
809,139.62,55.46,0.99,20.79,23.16,39.16,15.47,4.49,0
810,136.2,60.96,1.0,21.83,14.24,43.32,14.57,4.19,0
811,142.43,50.93,0.98,19.93,30.5,35.73,16.2,4.73,0
812,141.45,52.52,0.98,20.23,27.92,36.94,15.94,4.65,0
813,144.44,47.7,0.98,19.32,35.75,33.29,16.72,4.91,0
814,137.8,58.39,0.99,21.34,18.41,41.37,14.99,4.33,0
815,137.56,58.78,0.99,21.42,17.78,41.67,14.93,4.31,0
816,142.58,50.7,0.98,19.89,30.88,35.55,16.24,4.75,0
817,139.0,56.46,0.99,20.98,21.53,39.92,15.3,4.43,0
818,136.42,60.61,0.99,21.76,14.8,43.06,14.63,4.21,0
819,136.43,60.6,0.99,21.76,14.83,43.05,14.63,4.21,0
820,134.68,63.41,1.0,22.29,10.26,45.18,14.18,4.06,0
821,135.92,61.41,1.0,21.92,13.51,43.66,14.5,4.17,0
822,144.52,47.57,0.98,19.3,35.96,33.19,16.75,4.92,0
823,137.77,58.43,0.99,21.35,18.35,41.41,14.98,4.33,0
824,137.39,59.05,0.99,21.47,17.34,41.87,14.88,4.29,0
825,134.42,63.83,1.0,22.37,9.59,45.49,14.11,4.04,0
826,135.03,62.84,1.0,22.19,11.19,44.75,14.27,4.09,0
827,142.14,51.4,0.98,20.02,29.74,36.09,16.12,4.71,0
828,144.24,48.03,0.98,19.38,35.21,33.54,16.67,4.89,0
829,139.76,55.23,0.99,20.75,23.53,38.98,15.5,4.5,0
830,138.43,57.38,0.99,21.15,20.04,40.61,15.15,4.38,0
831,136.27,60.85,1.0,21.81,14.42,43.24,14.59,4.2,0
832,135.21,62.55,1.0,22.13,11.66,44.52,14.32,4.11,0
833,142.5,50.83,0.98,19.91,30.67,35.65,16.22,4.74,0
834,141.28,52.79,0.98,20.28,27.49,37.14,15.9,4.63,0
835,143.54,49.16,0.98,19.6,33.38,34.39,16.49,4.83,0
836,136.02,61.25,1.0,21.88,13.77,43.54,14.53,4.18,0
837,142.6,50.66,0.98,19.88,30.94,35.53,16.24,4.75,0
838,137.63,58.65,0.99,21.39,17.98,41.58,14.95,4.32,0
839,144.94,46.91,0.98,19.17,37.03,32.69,16.85,4.95,0
840,135.84,61.54,1.0,21.94,13.31,43.76,14.48,4.16,0
841,143.42,49.34,0.98,19.63,33.09,34.53,16.46,4.82,0
842,140.43,54.15,0.99,20.54,25.28,38.17,15.68,4.56,0
843,141.47,52.48,0.98,20.23,27.99,36.9,15.95,4.65,0
844,142.06,51.54,0.98,20.05,29.52,36.19,16.1,4.7,0
845,141.17,52.97,0.99,20.32,27.2,37.28,15.87,4.62,0
846,139.48,55.69,0.99,20.83,22.79,39.33,15.43,4.48,0
847,138.45,57.35,0.99,21.15,20.1,40.59,15.16,4.39,0
848,140.34,54.31,0.99,20.57,25.03,38.29,15.65,4.55,0
849,135.6,61.93,1.0,22.01,12.66,44.06,14.42,4.14,0
850,142.22,51.28,0.98,20.0,29.94,36.0,16.14,4.71,0
851,141.04,53.17,0.99,20.36,26.87,37.43,15.84,4.61,0
852,134.58,63.57,1.0,22.32,10.02,45.29,14.15,4.05,0
853,136.69,60.18,0.99,21.68,15.51,42.73,14.7,4.23,0
854,141.29,52.78,0.98,20.28,27.51,37.13,15.9,4.63,0
855,140.18,54.56,0.99,20.62,24.62,38.48,15.61,4.54,0
856,134.92,63.03,1.0,22.22,10.89,44.88,14.24,4.08,0
857,141.43,52.55,0.98,20.24,27.88,36.96,15.94,4.65,0
858,134.31,64.01,1.0,22.41,9.3,45.63,14.08,4.03,0
859,135.33,62.37,1.0,22.1,11.96,44.39,14.35,4.12,0
860,135.01,62.87,1.0,22.19,11.15,44.76,14.26,4.09,0
861,138.15,57.83,0.99,21.24,19.31,40.95,15.08,4.36,0
862,137.23,59.3,0.99,21.52,16.94,42.06,14.84,4.28,0
863,142.12,51.43,0.98,20.03,29.69,36.11,16.12,4.71,0
864,141.42,52.57,0.98,20.24,27.85,36.97,15.94,4.65,0
865,134.15,64.25,1.0,22.45,8.9,45.81,14.04,4.01,0
866,137.81,58.37,0.99,21.34,18.43,41.36,14.99,4.33,0
867,141.15,52.99,0.99,20.32,27.16,37.29,15.87,4.62,0
868,138.73,56.89,0.99,21.06,20.85,40.24,15.23,4.41,0
869,134.43,63.81,1.0,22.37,9.62,45.48,14.11,4.04,0
870,140.69,53.74,0.99,20.46,25.95,37.86,15.75,4.58,0
871,139.21,56.13,0.99,20.92,22.08,39.66,15.36,4.45,0
872,137.04,59.61,0.99,21.57,16.43,42.3,14.79,4.26,0
873,144.25,48.01,0.98,19.38,35.25,33.52,16.67,4.89,0
874,142.41,50.97,0.98,19.94,30.43,35.76,16.19,4.73,0
875,142.5,50.82,0.98,19.91,30.68,35.65,16.22,4.74,0
876,137.51,58.85,0.99,21.43,17.66,41.73,14.92,4.31,0
877,142.17,51.36,0.98,20.01,29.8,36.06,16.13,4.71,0
878,142.76,50.4,0.98,19.83,31.36,35.33,16.29,4.76,0
879,142.86,50.25,0.98,19.8,31.61,35.21,16.31,4.77,0
880,137.83,58.34,0.99,21.33,18.49,41.34,15.0,4.33,0
881,137.35,59.12,0.99,21.48,17.23,41.92,14.87,4.29,0
882,145.01,46.79,0.98,19.15,37.22,32.6,16.87,4.96,0
883,144.03,48.36,0.98,19.45,34.67,33.79,16.62,4.87,0
884,135.34,62.35,1.0,22.09,11.99,44.37,14.35,4.12,0
885,144.44,47.71,0.98,19.32,35.72,33.3,16.72,4.91,0
886,142.29,51.17,0.98,19.98,30.12,35.91,16.16,4.72,0
887,134.97,62.95,1.0,22.21,11.02,44.82,14.25,4.08,0
888,139.67,55.37,0.99,20.77,23.3,39.09,15.48,4.49,0
889,145.24,46.41,0.98,19.08,37.83,32.31,16.93,4.98,0
890,139.51,55.64,0.99,20.82,22.87,39.29,15.44,4.48,0
891,134.73,63.32,1.0,22.28,10.41,45.11,14.19,4.06,0
892,140.28,54.41,0.99,20.59,24.87,38.36,15.64,4.55,0
893,138.54,57.2,0.99,21.12,20.34,40.48,15.18,4.39,0
894,137.57,58.76,0.99,21.41,17.8,41.66,14.93,4.31,0
895,144.73,47.24,0.98,19.23,36.49,32.94,16.8,4.93,0
896,137.0,59.68,0.99,21.59,16.31,42.35,14.78,4.26,0
897,140.85,53.47,0.99,20.41,26.38,37.65,15.79,4.6,0
898,142.82,50.31,0.98,19.82,31.51,35.26,16.3,4.77,0
899,141.51,52.42,0.98,20.21,28.09,36.86,15.96,4.65,0
900,137.84,58.32,0.99,21.33,18.52,41.33,15.0,4.33,0
901,135.22,62.53,1.0,22.13,11.69,44.51,14.32,4.11,0
902,134.87,63.1,1.0,22.24,10.77,44.94,14.23,4.08,0
903,137.31,59.18,0.99,21.49,17.12,41.98,14.86,4.29,0
904,143.41,49.37,0.98,19.64,33.04,34.55,16.45,4.82,0
905,134.21,64.17,1.0,22.44,9.04,45.75,14.05,4.02,0
906,134.91,63.03,1.0,22.22,10.89,44.89,14.24,4.08,0
907,144.92,46.93,0.98,19.18,36.99,32.7,16.85,4.95,0
908,137.46,58.94,0.99,21.45,17.51,41.79,14.9,4.3,0
909,141.39,52.6,0.98,20.25,27.79,37.0,15.93,4.64,0
910,134.63,63.48,1.0,22.31,10.16,45.23,14.17,4.06,0
911,135.69,61.78,1.0,21.99,12.91,43.94,14.44,4.15,0
912,141.62,52.24,0.98,20.18,28.39,36.72,15.99,4.66,0
913,143.12,49.83,0.98,19.72,32.29,34.9,16.38,4.79,0
914,145.29,46.35,0.98,19.07,37.94,32.26,16.94,4.98,0
915,140.38,54.23,0.99,20.56,25.15,38.23,15.67,4.56,0
916,135.39,62.27,1.0,22.08,12.12,44.31,14.36,4.12,0
917,144.91,46.96,0.98,19.18,36.95,32.72,16.85,4.95,0
918,138.44,57.36,0.99,21.15,20.08,40.6,15.16,4.39,0
919,136.85,59.92,0.99,21.63,15.92,42.54,14.74,4.25,0
920,141.08,53.11,0.99,20.35,26.97,37.38,15.85,4.62,0
921,138.41,57.41,0.99,21.16,20.0,40.64,15.15,4.38,0
922,143.69,48.91,0.98,19.55,33.79,34.2,16.53,4.84,0
923,134.93,63.01,1.0,22.22,10.92,44.87,14.24,4.08,0
924,137.06,59.58,0.99,21.57,16.47,42.28,14.8,4.27,0
925,136.89,59.84,0.99,21.62,16.05,42.48,14.75,4.25,0
926,143.68,48.92,0.98,19.55,33.76,34.21,16.53,4.84,0
927,145.2,46.49,0.98,19.09,37.71,32.37,16.92,4.97,0
928,135.49,62.1,1.0,22.05,12.4,44.18,14.39,4.13,0
929,135.04,62.83,1.0,22.18,11.21,44.74,14.27,4.09,0
930,134.42,63.82,1.0,22.37,9.6,45.49,14.11,4.04,0
931,142.24,51.25,0.98,19.99,29.98,35.97,16.15,4.72,0
932,140.76,53.63,0.99,20.44,26.12,37.78,15.76,4.59,0
933,145.14,46.58,0.98,19.11,37.55,32.44,16.91,4.97,0
934,134.23,64.12,1.0,22.43,9.11,45.72,14.06,4.02,0
935,134.22,64.15,1.0,22.43,9.07,45.73,14.06,4.02,0
936,136.49,60.5,0.99,21.74,14.99,42.97,14.65,4.22,0
937,143.72,48.87,0.98,19.54,33.85,34.17,16.53,4.84,0
938,145.24,46.41,0.98,19.08,37.83,32.31,16.93,4.98,0
939,136.12,61.09,1.0,21.86,14.02,43.42,14.55,4.18,0
940,139.01,56.45,0.99,20.98,21.56,39.9,15.31,4.44,0
941,139.54,55.59,0.99,20.81,22.95,39.26,15.45,4.48,0
942,138.87,56.66,0.99,21.02,21.21,40.07,15.27,4.42,0
943,142.21,51.3,0.98,20.0,29.91,36.01,16.14,4.71,0
944,142.5,50.82,0.98,19.91,30.68,35.65,16.22,4.74,0
945,136.3,60.81,1.0,21.8,14.49,43.2,14.6,4.2,0
946,139.11,56.27,0.99,20.94,21.84,39.78,15.33,4.44,0
947,138.72,56.9,0.99,21.06,20.82,40.25,15.23,4.41,0
948,137.09,59.54,0.99,21.56,16.55,42.24,14.8,4.27,0
949,142.62,50.64,0.98,19.88,30.98,35.51,16.25,4.75,0
950,137.47,58.92,0.99,21.44,17.55,41.78,14.9,4.3,0
951,145.02,46.77,0.98,19.15,37.26,32.58,16.88,4.96,0
952,144.3,47.94,0.98,19.37,35.36,33.46,16.69,4.9,0
953,135.51,62.06,1.0,22.04,12.45,44.16,14.4,4.13,0
954,142.56,50.73,0.98,19.9,30.82,35.58,16.23,4.74,0
955,134.05,64.42,1.0,22.49,8.62,45.94,14.01,4.0,0
956,137.4,59.03,0.99,21.47,17.37,41.86,14.89,4.3,0
957,135.54,62.02,1.0,22.03,12.52,44.13,14.4,4.13,0
958,137.76,58.45,0.99,21.36,18.31,41.42,14.98,4.33,0
959,145.17,46.53,0.98,19.1,37.64,32.4,16.91,4.97,0
960,137.68,58.57,0.99,21.38,18.11,41.52,14.96,4.32,0
961,138.62,57.07,0.99,21.09,20.55,40.38,15.21,4.4,0
962,135.92,61.4,1.0,21.91,13.52,43.66,14.5,4.17,0
963,143.85,48.65,0.98,19.5,34.19,34.01,16.57,4.86,0
964,135.04,62.83,1.0,22.18,11.2,44.74,14.27,4.09,0
965,135.57,61.97,1.0,22.02,12.6,44.08,14.41,4.14,0
966,144.51,47.6,0.98,19.3,35.9,33.21,16.74,4.91,0
967,138.76,56.84,0.99,21.05,20.91,40.21,15.24,4.41,0
968,134.38,63.88,1.0,22.38,9.5,45.53,14.1,4.03,0
969,139.27,56.02,0.99,20.9,22.24,39.59,15.37,4.46,0
970,134.94,62.98,1.0,22.21,10.97,44.85,14.25,4.08,0
971,134.87,63.1,1.0,22.23,10.77,44.94,14.23,4.08,0
972,138.34,57.52,0.99,21.18,19.83,40.71,15.13,4.38,0
973,136.03,61.23,1.0,21.88,13.81,43.52,14.53,4.18,0
974,140.37,54.25,0.99,20.56,25.13,38.24,15.66,4.55,0
975,136.94,59.77,0.99,21.6,16.17,42.42,14.77,4.26,0
976,134.92,63.02,1.0,22.22,10.9,44.88,14.24,4.08,0
977,143.95,48.49,0.98,19.47,34.46,33.88,16.6,4.87,0
978,141.18,52.95,0.99,20.31,27.23,37.26,15.87,4.62,0
979,134.14,64.27,1.0,22.46,8.87,45.83,14.04,4.01,0
980,143.09,49.87,0.98,19.73,32.22,34.93,16.37,4.79,0
981,135.85,61.53,1.0,21.94,13.32,43.75,14.48,4.16,0
982,141.93,51.75,0.98,20.09,29.18,36.35,16.07,4.69,0
983,135.63,61.88,1.0,22.0,12.75,44.02,14.42,4.14,0
984,144.56,47.5,0.98,19.28,36.06,33.14,16.76,4.92,0
985,144.7,47.28,0.98,19.24,36.42,32.97,16.79,4.93,0
986,145.39,46.18,0.98,19.03,38.2,32.14,16.97,4.99,0
987,137.29,59.2,0.99,21.5,17.09,41.99,14.86,4.29,0
988,138.94,56.55,0.99,21.0,21.4,39.98,15.29,4.43,0
989,141.24,52.85,0.98,20.3,27.4,37.18,15.89,4.63,0
990,134.98,62.92,1.0,22.2,11.07,44.8,14.26,4.09,0
991,144.48,47.65,0.98,19.31,35.83,33.25,16.73,4.91,0
992,134.21,64.16,1.0,22.44,9.06,45.74,14.06,4.02,0
993,136.87,59.88,0.99,21.63,15.99,42.51,14.75,4.25,0
994,140.39,54.22,0.99,20.56,25.17,38.22,15.67,4.56,0
995,144.03,48.36,0.98,19.45,34.67,33.79,16.62,4.87,0
996,134.72,63.34,1.0,22.28,10.37,45.13,14.19,4.06,0
997,144.09,48.28,0.98,19.43,34.81,33.72,16.63,4.88,0
998,142.02,51.6,0.98,20.06,29.42,36.24,16.09,4.7,0
999,138.83,56.72,0.99,21.03,21.11,40.12,15.26,4.42,0
1000,138.27,57.64,0.99,21.2,19.63,40.81,15.11,4.37,0
1001,141.32,52.72,0.98,20.27,27.61,37.08,15.91,4.64,0
1002,137.9,58.23,0.99,21.31,18.67,41.26,15.02,4.34,0
1003,141.05,53.16,0.99,20.35,26.89,37.42,15.84,4.61,0
1004,135.12,62.69,1.0,22.16,11.43,44.63,14.29,4.1,0
1005,140.13,54.63,0.99,20.63,24.5,38.53,15.6,4.53,0
1006,136.97,59.72,0.99,21.6,16.25,42.38,14.77,4.26,0
1007,140.93,53.35,0.99,20.39,26.57,37.57,15.81,4.6,0
1008,140.53,54.0,0.99,20.51,25.53,38.05,15.7,4.57,0
1009,139.01,56.45,0.99,20.98,21.56,39.9,15.31,4.44,0
1010,145.28,46.35,0.98,19.07,37.93,32.27,16.94,4.98,0
1011,145.19,46.5,0.98,19.09,37.69,32.38,16.92,4.97,0
1012,141.35,52.67,0.98,20.26,27.68,37.05,15.92,4.64,0
1013,139.43,55.76,0.99,20.85,22.67,39.39,15.42,4.47,0
1014,143.75,48.81,0.98,19.53,33.94,34.13,16.54,4.85,0
1015,144.9,46.97,0.98,19.18,36.93,32.73,16.84,4.95,0
1016,136.11,61.1,1.0,21.86,14.01,43.43,14.55,4.18,0
1017,141.08,53.1,0.99,20.34,26.98,37.38,15.85,4.62,0
1018,138.99,56.48,0.99,20.98,21.51,39.93,15.3,4.43,0
1019,141.49,52.46,0.98,20.22,28.03,36.89,15.95,4.65,0
1020,140.22,54.5,0.99,20.61,24.72,38.43,15.62,4.54,0
1021,141.17,52.96,0.99,20.32,27.21,37.27,15.87,4.62,0
1022,143.05,49.94,0.98,19.75,32.11,34.98,16.36,4.79,0
1023,136.78,60.03,0.99,21.66,15.74,42.62,14.72,4.24,0
1024,138.08,57.93,0.99,21.26,19.15,41.03,15.07,4.36,0
1025,136.02,61.25,1.0,21.89,13.77,43.54,14.53,4.18,0
1026,141.4,52.59,0.98,20.25,27.81,36.99,15.93,4.64,0
1027,138.12,57.87,0.99,21.25,19.25,40.98,15.07,4.36,0
1028,139.22,56.1,0.99,20.91,22.12,39.64,15.36,4.45,0
1029,134.49,63.71,1.0,22.35,9.78,45.4,14.13,4.04,0
1030,141.09,53.09,0.99,20.34,27.0,37.37,15.85,4.62,0
1031,138.54,57.2,0.99,21.12,20.33,40.48,15.18,4.39,0
1032,142.27,51.19,0.98,19.98,30.09,35.93,16.16,4.72,0
1033,138.85,56.7,0.99,21.02,21.15,40.1,15.26,4.42,0
1034,141.65,52.19,0.98,20.17,28.46,36.68,16.0,4.67,0
1035,142.96,50.08,0.98,19.77,31.88,35.09,16.34,4.78,0
1036,139.47,55.7,0.99,20.84,22.77,39.34,15.43,4.48,0
1037,140.3,54.37,0.99,20.58,24.92,38.34,15.64,4.55,0
1038,142.81,50.33,0.98,19.82,31.47,35.28,16.3,4.77,0
1039,143.37,49.43,0.98,19.65,32.93,34.6,16.44,4.81,0
1040,139.29,55.98,0.99,20.89,22.31,39.55,15.38,4.46,0
1041,140.95,53.31,0.99,20.38,26.64,37.53,15.81,4.6,0
1042,137.04,59.61,0.99,21.58,16.42,42.3,14.79,4.26,0
1043,140.73,53.67,0.99,20.45,26.06,37.81,15.76,4.59,0
1044,134.51,63.67,1.0,22.34,9.84,45.37,14.13,4.04,0
1045,138.13,57.85,0.99,21.24,19.28,40.97,15.08,4.36,0
1046,140.56,53.94,0.99,20.5,25.62,38.01,15.71,4.57,0
1047,139.03,56.41,0.99,20.97,21.61,39.88,15.31,4.44,0
1048,134.76,63.28,1.0,22.27,10.47,45.08,14.2,4.07,0
1049,137.45,58.94,0.99,21.45,17.51,41.8,14.9,4.3,0
1050,134.02,64.46,1.0,22.49,8.56,45.97,14.01,4.0,0
1051,137.73,58.51,0.99,21.37,18.22,41.46,14.97,4.32,0
1052,143.31,49.52,0.98,19.67,32.78,34.67,16.43,4.81,0
1053,139.95,54.92,0.99,20.69,24.03,38.75,15.55,4.52,0
1054,138.09,57.92,0.99,21.26,19.16,41.02,15.07,4.36,0
1055,138.08,57.94,0.99,21.26,19.14,41.03,15.06,4.35,0
1056,143.44,49.31,0.98,19.63,33.13,34.51,16.46,4.82,0
1057,134.12,64.3,1.0,22.46,8.82,45.85,14.03,4.01,0
1058,140.58,53.91,0.99,20.5,25.67,37.99,15.72,4.57,0
1059,140.3,54.37,0.99,20.58,24.93,38.33,15.64,4.55,0
1060,141.77,52.0,0.98,20.14,28.77,36.54,16.03,4.68,0
1061,139.26,56.04,0.99,20.9,22.22,39.6,15.37,4.46,0
1062,135.23,62.52,1.0,22.13,11.71,44.5,14.32,4.11,0
1063,139.09,56.3,0.99,20.95,21.79,39.8,15.33,4.44,0
1064,141.1,53.07,0.99,20.34,27.03,37.35,15.85,4.62,0
1065,145.49,46.02,0.98,19.0,38.47,32.01,17.0,5.0,0
1066,136.12,61.1,1.0,21.86,14.02,43.42,14.55,4.18,0
1067,139.13,56.25,0.99,20.94,21.88,39.75,15.34,4.45,0
1068,143.55,49.14,0.98,19.59,33.4,34.38,16.49,4.83,0
1069,139.57,55.54,0.99,20.8,23.03,39.22,15.45,4.48,0
1070,141.17,52.97,0.99,20.32,27.2,37.27,15.87,4.62,0
1071,144.22,48.06,0.98,19.39,35.16,33.56,16.67,4.89,0
1072,141.92,51.76,0.98,20.09,29.17,36.36,16.07,4.69,0
1073,139.9,55.02,0.99,20.71,23.88,38.82,15.54,4.51,0
1074,141.69,52.13,0.98,20.16,28.56,36.64,16.01,4.67,0
1075,137.16,59.41,0.99,21.54,16.75,42.15,14.83,4.28,0
1076,140.47,54.09,0.99,20.53,25.38,38.12,15.69,4.56,0
1077,136.94,59.77,0.99,21.6,16.18,42.42,14.77,4.26,0
1078,144.66,47.36,0.98,19.26,36.3,33.03,16.78,4.93,0
1079,143.56,49.11,0.98,19.59,33.45,34.36,16.49,4.83,0
1080,136.82,59.96,0.99,21.64,15.87,42.56,14.74,4.25,0
1081,137.74,58.48,0.99,21.36,18.26,41.44,14.98,4.33,0
1082,140.74,53.66,0.99,20.45,26.08,37.8,15.76,4.59,0
1083,137.67,58.6,0.99,21.38,18.07,41.53,14.96,4.32,0
1084,141.21,52.91,0.98,20.31,27.3,37.23,15.88,4.63,0
1085,142.24,51.24,0.98,19.99,30.0,35.97,16.15,4.72,0
1086,138.18,57.77,0.99,21.23,19.41,40.91,15.09,4.36,0
1087,139.93,54.96,0.99,20.7,23.96,38.78,15.55,4.52,0
1088,140.46,54.1,0.99,20.53,25.36,38.13,15.69,4.56,0
1089,136.24,60.89,1.0,21.82,14.35,43.27,14.59,4.2,0
1090,145.34,46.25,0.98,19.05,38.09,32.19,16.96,4.99,0
1091,143.01,50.0,0.98,19.76,32.01,35.03,16.35,4.78,0
1092,134.37,63.91,1.0,22.39,9.46,45.55,14.1,4.03,0
1093,136.08,61.16,1.0,21.87,13.92,43.47,14.54,4.18,0
1094,141.78,51.98,0.98,20.13,28.8,36.53,16.03,4.68,0
1095,139.67,55.38,0.99,20.77,23.29,39.1,15.48,4.49,0
1096,142.76,50.4,0.98,19.83,31.36,35.33,16.29,4.76,0
1097,143.69,48.91,0.98,19.55,33.78,34.2,16.53,4.84,0
1098,136.12,61.09,1.0,21.85,14.03,43.42,14.55,4.18,0
1099,145.17,46.53,0.98,19.1,37.64,32.4,16.91,4.97,0
1100,142.35,51.07,0.98,19.96,30.27,35.84,16.18,4.73,0
1101,138.51,57.24,0.99,21.13,20.27,40.51,15.18,4.39,0
1102,138.45,57.34,0.99,21.15,20.11,40.58,15.16,4.39,0
1103,139.68,55.36,0.99,20.77,23.32,39.09,15.48,4.49,0
1104,135.83,61.56,1.0,21.94,13.27,43.77,14.48,4.16,0
1105,134.84,63.15,1.0,22.24,10.69,44.98,14.22,4.07,0
1106,136.27,60.84,1.0,21.81,14.43,43.23,14.59,4.2,0
1107,144.5,47.61,0.98,19.3,35.89,33.22,16.74,4.91,0
1108,142.77,50.38,0.98,19.83,31.39,35.32,16.29,4.76,0
1109,135.85,61.52,1.0,21.94,13.34,43.74,14.48,4.16,0
1110,143.71,48.89,0.98,19.55,33.82,34.18,16.53,4.84,0
1111,142.69,50.51,0.98,19.85,31.18,35.42,16.27,4.76,0
1112,140.05,54.76,0.99,20.66,24.29,38.63,15.58,4.53,0
1113,135.29,62.42,1.0,22.11,11.87,44.43,14.34,4.11,0
1114,134.48,63.73,1.0,22.35,9.74,45.42,14.12,4.04,0
1115,140.21,54.51,0.99,20.61,24.69,38.44,15.62,4.54,0
1116,134.63,63.49,1.0,22.31,10.14,45.23,14.16,4.05,0
1117,141.53,52.39,0.98,20.21,28.14,36.84,15.96,4.65,0
1118,143.78,48.76,0.98,19.52,34.02,34.09,16.55,4.85,0
1119,140.06,54.75,0.99,20.66,24.3,38.63,15.58,4.53,0
1120,142.92,50.14,0.98,19.78,31.78,35.14,16.33,4.78,0
1121,140.66,53.78,0.99,20.47,25.88,37.89,15.74,4.58,0
1122,136.82,59.96,0.99,21.64,15.87,42.56,14.74,4.25,0
1123,135.4,62.25,1.0,22.07,12.15,44.29,14.37,4.12,0
1124,134.79,63.22,1.0,22.26,10.57,45.03,14.21,4.07,0
1125,143.84,48.67,0.98,19.51,34.17,34.02,16.57,4.86,0
1126,144.52,47.58,0.98,19.3,35.95,33.19,16.74,4.91,0
1127,140.51,54.03,0.99,20.52,25.48,38.08,15.7,4.57,0
1128,139.75,55.24,0.99,20.75,23.51,38.99,15.5,4.5,0
1129,136.27,60.84,1.0,21.81,14.43,43.23,14.59,4.2,0
1130,134.27,64.06,1.0,22.42,9.21,45.67,14.07,4.02,0
1131,139.24,56.08,0.99,20.91,22.16,39.63,15.37,4.46,0
1132,143.85,48.66,0.98,19.5,34.19,34.01,16.57,4.86,0
1133,136.08,61.16,1.0,21.87,13.91,43.47,14.54,4.18,0
1134,136.11,61.1,1.0,21.86,14.01,43.43,14.55,4.18,0
1135,142.37,51.04,0.98,19.95,30.33,35.81,16.18,4.73,0
1136,144.32,47.89,0.98,19.36,35.43,33.43,16.69,4.9,0
1137,142.81,50.33,0.98,19.82,31.48,35.27,16.3,4.77,0
1138,141.98,51.66,0.98,20.07,29.32,36.28,16.08,4.69,0
1139,143.86,48.64,0.98,19.5,34.21,34.0,16.57,4.86,0
1140,141.83,51.91,0.98,20.12,28.92,36.47,16.04,4.68,0
1141,141.83,51.9,0.98,20.12,28.93,36.46,16.04,4.68,0
1142,143.04,49.96,0.98,19.75,32.07,35.0,16.36,4.79,0
1143,141.13,53.02,0.99,20.33,27.11,37.31,15.86,4.62,0
1144,136.84,59.93,0.99,21.63,15.92,42.54,14.74,4.25,0
1145,136.95,59.75,0.99,21.6,16.2,42.41,14.77,4.26,0
1146,144.6,47.44,0.98,19.27,36.16,33.09,16.77,4.92,0
1147,138.39,57.44,0.99,21.16,19.95,40.66,15.14,4.38,0
1148,142.83,50.3,0.98,19.81,31.53,35.25,16.3,4.77,0
1149,142.67,50.55,0.98,19.86,31.13,35.44,16.26,4.75,0
1150,139.86,55.07,0.99,20.72,23.79,38.86,15.53,4.51,0
1151,144.01,48.4,0.98,19.45,34.61,33.82,16.61,4.87,0
1152,137.8,58.39,0.99,21.34,18.41,41.38,14.99,4.33,0
1153,142.54,50.76,0.98,19.9,30.79,35.6,16.23,4.74,0
1154,138.16,57.81,0.99,21.23,19.35,40.94,15.09,4.36,0
1155,142.57,50.72,0.98,19.89,30.85,35.57,16.24,4.75,0
1156,140.65,53.81,0.99,20.48,25.84,37.91,15.73,4.58,0
1157,144.58,47.48,0.98,19.28,36.11,33.12,16.76,4.92,0
1158,137.18,59.38,0.99,21.53,16.8,42.13,14.83,4.28,0
1159,134.5,63.69,1.0,22.35,9.81,45.39,14.13,4.04,0
1160,134.52,63.66,1.0,22.34,9.87,45.36,14.14,4.05,0
1161,144.19,48.1,0.98,19.4,35.09,33.59,16.66,4.89,0
1162,134.38,63.88,1.0,22.38,9.5,45.53,14.1,4.03,0
1163,136.77,60.04,0.99,21.66,15.73,42.62,14.72,4.24,0
1164,135.66,61.83,1.0,21.99,12.83,43.98,14.43,4.14,0
1165,136.78,60.03,0.99,21.65,15.75,42.62,14.72,4.24,0
1166,139.08,56.33,0.99,20.95,21.76,39.81,15.33,4.44,0
1167,137.48,58.89,0.99,21.44,17.59,41.76,14.91,4.3,0
1168,135.51,62.06,1.0,22.04,12.45,44.16,14.4,4.13,0
1169,141.15,53.0,0.99,20.32,27.15,37.3,15.86,4.62,0
1170,134.62,63.51,1.0,22.31,10.1,45.25,14.16,4.05,0
1171,135.02,62.86,1.0,22.19,11.17,44.76,14.27,4.09,0
1172,137.36,59.09,0.99,21.48,17.27,41.91,14.88,4.29,0
1173,136.62,60.28,0.99,21.7,15.35,42.8,14.68,4.23,0
1174,137.12,59.48,0.99,21.55,16.64,42.2,14.81,4.27,0
1175,144.34,47.87,0.98,19.35,35.47,33.41,16.7,4.9,0
1176,135.21,62.55,1.0,22.13,11.66,44.52,14.32,4.11,0
1177,141.07,53.12,0.99,20.35,26.95,37.39,15.85,4.62,0
1178,143.65,48.97,0.98,19.56,33.68,34.25,16.52,4.84,0
1179,140.08,54.72,0.99,20.65,24.36,38.6,15.59,4.53,0
1180,140.52,54.01,0.99,20.52,25.5,38.06,15.7,4.57,0
1181,136.01,61.27,1.0,21.89,13.74,43.56,14.52,4.17,0
1182,135.55,62.0,1.0,22.03,12.55,44.11,14.41,4.14,0
1183,141.69,52.13,0.98,20.16,28.55,36.64,16.01,4.67,0
1184,142.11,51.46,0.98,20.03,29.65,36.13,16.11,4.7,0
1185,138.98,56.48,0.99,20.98,21.5,39.93,15.3,4.43,0
1186,143.13,49.82,0.98,19.72,32.31,34.89,16.38,4.79,0
1187,145.38,46.19,0.98,19.04,38.18,32.15,16.97,4.99,0
1188,140.77,53.61,0.99,20.44,26.16,37.76,15.77,4.59,0
1189,143.98,48.44,0.98,19.46,34.54,33.85,16.6,4.87,0
1190,138.03,58.02,0.99,21.27,19.02,41.09,15.05,4.35,0
1191,144.84,47.07,0.98,19.2,36.77,32.81,16.83,4.94,0
1192,143.84,48.67,0.98,19.5,34.18,34.02,16.57,4.86,0
1193,141.34,52.69,0.98,20.27,27.64,37.07,15.91,4.64,0
1194,140.75,53.64,0.99,20.45,26.11,37.78,15.76,4.59,0
1195,135.9,61.45,1.0,21.92,13.45,43.69,14.5,4.17,0
1196,141.54,52.38,0.98,20.21,28.16,36.83,15.97,4.66,0
1197,140.17,54.57,0.99,20.62,24.6,38.49,15.61,4.54,0
1198,137.67,58.6,0.99,21.38,18.07,41.53,14.96,4.32,0
1199,144.64,47.39,0.98,19.26,36.25,33.05,16.78,4.93,0
1200,140.21,54.5,0.99,20.61,24.71,38.44,15.62,4.54,0
1201,143.83,48.68,0.98,19.51,34.15,34.03,16.57,4.86,0
1202,135.18,62.6,1.0,22.14,11.58,44.56,14.31,4.1,0
1203,137.73,58.49,0.99,21.36,18.24,41.45,14.97,4.32,0
1204,142.21,51.3,0.98,20.0,29.91,36.01,16.14,4.71,0
1205,145.46,46.06,0.98,19.01,38.41,32.04,16.99,5.0,0
1206,143.02,50.0,0.98,19.76,32.02,35.02,16.35,4.78,0
1207,134.04,64.43,1.0,22.49,8.61,45.95,14.01,4.0,0
1208,145.01,46.78,0.98,19.15,37.23,32.59,16.87,4.96,0
1209,137.73,58.5,0.99,21.37,18.22,41.46,14.97,4.32,0
1210,134.06,64.41,1.0,22.48,8.65,45.93,14.01,4.0,0
1211,136.84,59.93,0.99,21.63,15.92,42.54,14.74,4.25,0
1212,138.08,57.94,0.99,21.26,19.14,41.03,15.06,4.35,0
1213,141.55,52.35,0.98,20.2,28.2,36.81,15.97,4.66,0
1214,139.18,56.17,0.99,20.92,22.0,39.7,15.35,4.45,0
1215,145.44,46.1,0.98,19.02,38.34,32.08,16.98,4.99,0
1216,137.85,58.31,0.99,21.33,18.54,41.31,15.0,4.33,0
1217,143.97,48.46,0.98,19.47,34.51,33.86,16.6,4.87,0
1218,139.64,55.43,0.99,20.78,23.2,39.14,15.47,4.49,0
1219,142.94,50.12,0.98,19.78,31.82,35.12,16.33,4.78,0
1220,136.21,60.94,1.0,21.83,14.28,43.3,14.58,4.19,0
1221,145.11,46.62,0.98,19.12,37.49,32.47,16.9,4.97,0
1222,136.85,59.92,0.99,21.63,15.93,42.53,14.74,4.25,0
1223,141.35,52.67,0.98,20.26,27.69,37.05,15.92,4.64,0
1224,145.36,46.23,0.98,19.04,38.12,32.18,16.96,4.99,0
1225,141.11,53.07,0.99,20.34,27.04,37.35,15.85,4.62,0
1226,134.32,63.98,1.0,22.4,9.34,45.61,14.08,4.03,0
1227,141.81,51.93,0.98,20.12,28.88,36.49,16.04,4.68,0
1228,137.65,58.64,0.99,21.39,18.01,41.56,14.95,4.32,0
1229,144.79,47.14,0.98,19.22,36.65,32.86,16.81,4.94,0
1230,137.14,59.46,0.99,21.55,16.68,42.18,14.82,4.27,0
1231,144.96,46.86,0.98,19.16,37.1,32.65,16.86,4.95,0
1232,140.83,53.51,0.99,20.42,26.32,37.69,15.78,4.59,0
1233,143.34,49.48,0.98,19.66,32.85,34.63,16.44,4.81,0
1234,138.81,56.76,0.99,21.04,21.05,40.14,15.26,4.42,0
1235,139.91,54.99,0.99,20.7,23.92,38.8,15.54,4.51,0
1236,140.46,54.1,0.99,20.53,25.36,38.13,15.69,4.56,0
1237,145.17,46.53,0.98,19.1,37.65,32.4,16.91,4.97,0
1238,145.2,46.49,0.98,19.09,37.71,32.37,16.92,4.97,0
1239,134.09,64.36,1.0,22.47,8.73,45.89,14.02,4.01,0
1240,71.37,96.0,1.73,14.25,23.88,70.0,20.75,6.25,0
1241,67.45,97.98,1.78,13.73,24.84,71.51,21.17,6.39,0
1242,88.09,87.59,1.54,16.45,19.77,63.59,18.95,5.65,0
1243,57.96,102.75,1.89,12.48,27.17,75.14,22.2,6.73,0
1244,55.95,103.76,1.91,12.22,27.66,75.91,22.41,6.8,0
1245,72.74,95.32,1.72,14.43,23.54,69.48,20.6,6.2,0
1246,71.79,95.79,1.73,14.3,23.77,69.84,20.71,6.24,0
1247,82.95,90.18,1.6,15.78,21.03,65.56,19.5,5.83,0
1248,52.83,105.33,1.95,11.81,28.43,77.11,22.75,6.92,0
1249,74.33,94.51,1.7,14.64,23.15,68.87,20.43,6.14,0
1250,61.43,101.0,1.85,12.94,26.32,73.81,21.82,6.61,0
1251,73.29,95.04,1.71,14.5,23.4,69.27,20.54,6.18,0
1252,86.69,88.3,1.55,16.27,20.11,64.13,19.1,5.7,0
1253,85.2,89.05,1.57,16.07,20.48,64.7,19.26,5.75,0
1254,81.71,90.8,1.61,15.61,21.34,66.04,19.64,5.88,0
1255,90.41,86.42,1.51,16.76,19.2,62.7,18.7,5.57,0
1256,89.92,86.67,1.52,16.69,19.32,62.89,18.75,5.58,0
1257,59.99,101.72,1.87,12.75,26.67,74.36,21.98,6.66,0
1258,88.53,87.37,1.53,16.51,19.66,63.42,18.9,5.63,0
1259,69.99,96.7,1.75,14.07,24.22,70.53,20.9,6.3,0
1260,65.57,98.92,1.8,13.49,25.3,72.22,21.38,6.46,0
1261,56.89,103.28,1.9,12.34,27.43,75.55,22.31,6.77,0
1262,66.02,98.69,1.79,13.54,25.19,72.05,21.33,6.44,0
1263,66.96,98.22,1.78,13.67,24.96,71.69,21.23,6.41,0
1264,55.11,104.18,1.92,12.11,27.87,76.23,22.5,6.83,0
1265,85.57,88.86,1.57,16.12,20.39,64.56,19.22,5.74,0
1266,63.12,100.15,1.83,13.16,25.9,73.16,21.64,6.55,0
1267,72.01,95.68,1.72,14.33,23.72,69.76,20.68,6.23,0
1268,88.18,87.55,1.54,16.46,19.75,63.56,18.94,5.65,0
1269,66.99,98.2,1.78,13.67,24.95,71.68,21.22,6.41,0
1270,79.53,91.9,1.64,15.32,21.87,66.87,19.87,5.96,0
1271,77.64,92.85,1.66,15.07,22.34,67.6,20.08,6.03,0
1272,81.91,90.7,1.61,15.64,21.29,65.96,19.61,5.87,0
1273,84.46,89.42,1.58,15.97,20.66,64.99,19.34,5.78,0
1274,85.33,88.98,1.57,16.09,20.45,64.65,19.25,5.75,0
1275,63.43,100.0,1.82,13.2,25.83,73.05,21.61,6.54,0
1276,54.33,104.57,1.93,12.01,28.06,76.53,22.59,6.86,0
1277,69.61,96.89,1.75,14.02,24.31,70.68,20.94,6.31,0
1278,62.18,100.63,1.84,13.04,26.13,73.52,21.74,6.58,0
1279,61.24,101.1,1.85,12.91,26.36,73.88,21.84,6.61,0
1280,87.48,87.9,1.54,16.37,19.92,63.83,19.01,5.67,0
1281,59.65,101.9,1.87,12.71,26.75,74.49,22.01,6.67,0
1282,71.44,95.97,1.73,14.26,23.86,69.97,20.74,6.25,0
1283,75.0,94.18,1.69,14.73,22.99,68.61,20.36,6.12,0
1284,61.2,101.12,1.85,12.91,26.37,73.9,21.85,6.62,0
1285,78.56,92.38,1.65,15.2,22.11,67.25,19.98,5.99,0
1286,74.12,94.62,1.7,14.61,23.2,68.95,20.45,6.15,0
1287,54.94,104.27,1.92,12.09,27.91,76.3,22.52,6.84,0
1288,58.55,102.45,1.88,12.56,27.02,74.91,22.13,6.71,0
1289,71.05,96.16,1.74,14.21,23.96,70.13,20.79,6.26,0
1290,81.9,90.71,1.61,15.64,21.29,65.97,19.62,5.87,0
1291,74.88,94.24,1.69,14.71,23.01,68.66,20.37,6.12,0
1292,72.63,95.37,1.72,14.42,23.57,69.52,20.61,6.2,0
1293,77.64,92.85,1.66,15.07,22.34,67.6,20.08,6.03,0
1294,82.07,90.62,1.61,15.66,21.25,65.9,19.6,5.87,0
1295,69.38,97.01,1.76,13.99,24.37,70.77,20.97,6.32,0
1296,82.46,90.42,1.6,15.71,21.15,65.75,19.56,5.85,0
1297,61.56,100.94,1.85,12.96,26.29,73.76,21.81,6.6,0
1298,57.83,102.81,1.89,12.47,27.2,75.19,22.21,6.74,0
1299,52.82,105.33,1.95,11.81,28.43,77.11,22.75,6.92,0
1300,54.09,104.7,1.93,11.97,28.12,76.63,22.61,6.87,0
1301,74.91,94.22,1.69,14.72,23.01,68.64,20.37,6.12,0
1302,66.24,98.58,1.79,13.57,25.14,71.97,21.3,6.43,0
1303,55.93,103.77,1.91,12.21,27.67,75.92,22.42,6.81,0
1304,55.83,103.82,1.91,12.2,27.69,75.96,22.43,6.81,0
1305,73.51,94.92,1.71,14.53,23.35,69.18,20.52,6.17,0
1306,84.23,89.53,1.58,15.94,20.72,65.07,19.36,5.79,0
1307,88.62,87.33,1.53,16.52,19.64,63.39,18.89,5.63,0
1308,60.35,101.55,1.86,12.8,26.58,74.23,21.94,6.65,0
1309,62.24,100.6,1.84,13.05,26.12,73.5,21.74,6.58,0
1310,64.97,99.22,1.81,13.41,25.45,72.46,21.44,6.48,0
1311,90.98,86.14,1.5,16.83,19.06,62.49,18.64,5.55,0
1312,84.34,89.48,1.58,15.96,20.69,65.03,19.35,5.78,0
1313,66.9,98.25,1.78,13.66,24.97,71.71,21.23,6.41,0
1314,65.76,98.82,1.8,13.51,25.25,72.15,21.35,6.45,0
1315,64.34,99.54,1.81,13.32,25.6,72.7,21.51,6.5,0
1316,73.43,94.96,1.71,14.52,23.37,69.21,20.53,6.18,0
1317,71.44,95.97,1.73,14.26,23.86,69.98,20.74,6.25,0
1318,64.38,99.52,1.81,13.33,25.59,72.68,21.5,6.5,0
1319,53.38,105.05,1.94,11.88,28.29,76.89,22.69,6.9,0
1320,82.07,90.62,1.61,15.66,21.25,65.9,19.6,5.87,0
1321,70.43,96.47,1.74,14.13,24.11,70.36,20.85,6.28,0
1322,84.3,89.5,1.58,15.95,20.7,65.05,19.36,5.79,0
1323,54.23,104.62,1.93,11.99,28.08,76.57,22.6,6.87,0
1324,78.61,92.36,1.65,15.2,22.1,67.23,19.97,5.99,0
1325,55.46,104.0,1.92,12.15,27.78,76.1,22.47,6.82,0
1326,71.12,96.13,1.74,14.22,23.94,70.1,20.78,6.26,0
1327,55.46,104.01,1.92,12.15,27.78,76.1,22.47,6.82,0
1328,73.26,95.05,1.71,14.5,23.41,69.28,20.55,6.18,0
1329,55.26,104.11,1.92,12.13,27.83,76.18,22.49,6.83,0
1330,66.58,98.41,1.79,13.62,25.05,71.84,21.27,6.42,0
1331,50.65,106.42,1.97,11.52,28.96,77.94,22.98,6.99,0
1332,60.91,101.27,1.85,12.87,26.45,74.01,21.88,6.63,0
1333,68.35,97.52,1.77,13.85,24.62,71.16,21.08,6.36,0
1334,90.65,86.3,1.51,16.79,19.14,62.61,18.67,5.56,0
1335,63.74,99.84,1.82,13.24,25.75,72.93,21.57,6.52,0
1336,70.73,96.32,1.74,14.17,24.03,70.25,20.82,6.27,0
1337,79.96,91.68,1.63,15.38,21.77,66.71,19.82,5.94,0
1338,50.76,106.37,1.97,11.53,28.93,77.9,22.97,6.99,0
1339,57.14,103.16,1.9,12.37,27.37,75.46,22.28,6.76,0
1340,72.48,95.45,1.72,14.4,23.6,69.58,20.63,6.21,0
1341,90.69,86.28,1.51,16.79,19.13,62.6,18.67,5.56,0
1342,51.77,105.86,1.96,11.67,28.69,77.51,22.86,6.95,0
1343,90.68,86.29,1.51,16.79,19.14,62.6,18.67,5.56,0
1344,79.5,91.91,1.64,15.32,21.88,66.89,19.87,5.96,0
1345,59.34,102.05,1.87,12.67,26.83,74.61,22.05,6.68,0
1346,57.62,102.92,1.89,12.44,27.25,75.27,22.23,6.74,0
1347,62.57,100.43,1.83,13.09,26.04,73.37,21.7,6.57,0
1348,70.5,96.44,1.74,14.14,24.09,70.33,20.84,6.28,0
1349,79.96,91.68,1.63,15.38,21.77,66.71,19.82,5.94,0
1350,51.27,106.11,1.97,11.6,28.81,77.71,22.92,6.97,0
1351,79.65,91.84,1.64,15.34,21.84,66.83,19.86,5.95,0
1352,62.66,100.38,1.83,13.1,26.02,73.34,21.69,6.56,0
1353,80.89,91.21,1.62,15.5,21.54,66.35,19.72,5.91,0
1354,85.53,88.88,1.57,16.12,20.4,64.57,19.22,5.74,0
1355,80.91,91.2,1.62,15.51,21.53,66.34,19.72,5.91,0
1356,79.41,91.96,1.64,15.31,21.9,66.92,19.88,5.96,0
1357,87.09,88.09,1.55,16.32,20.02,63.98,19.06,5.69,0
1358,85.99,88.65,1.56,16.17,20.29,64.4,19.18,5.73,0
1359,67.17,98.11,1.78,13.7,24.91,71.61,21.2,6.4,0
1360,84.41,89.44,1.58,15.97,20.67,65.0,19.34,5.78,0
1361,79.27,92.03,1.64,15.29,21.94,66.98,19.9,5.97,0
1362,75.49,93.93,1.68,14.79,22.86,68.42,20.31,6.1,0
1363,66.16,98.63,1.79,13.56,25.16,72.0,21.31,6.44,0
1364,64.36,99.53,1.81,13.33,25.6,72.69,21.51,6.5,0
1365,77.82,92.76,1.66,15.1,22.29,67.53,20.05,6.02,0
1366,83.26,90.02,1.59,15.82,20.96,65.45,19.47,5.82,0
1367,89.27,87.0,1.52,16.61,19.48,63.14,18.82,5.61,0
1368,86.68,88.3,1.55,16.27,20.12,64.13,19.1,5.7,0
1369,50.53,106.49,1.98,11.5,28.99,77.99,23.0,7.0,0
1370,84.4,89.45,1.58,15.97,20.68,65.01,19.35,5.78,0
1371,64.2,99.61,1.82,13.3,25.64,72.75,21.52,6.51,0
1372,76.5,93.42,1.67,14.92,22.62,68.04,20.2,6.07,0
1373,77.66,92.84,1.66,15.08,22.33,67.59,20.07,6.02,0
1374,90.98,86.14,1.5,16.83,19.06,62.49,18.64,5.55,0
1375,64.83,99.29,1.81,13.39,25.48,72.51,21.46,6.49,0
1376,82.12,90.59,1.61,15.67,21.24,65.88,19.59,5.86,0
1377,53.86,104.81,1.94,11.94,28.18,76.71,22.64,6.88,0
1378,60.85,101.29,1.86,12.86,26.46,74.03,21.88,6.63,0
1379,51.27,106.11,1.97,11.6,28.81,77.71,22.92,6.97,0
1380,61.44,101.0,1.85,12.94,26.31,73.81,21.82,6.61,0
1381,85.89,88.7,1.56,16.16,20.31,64.44,19.19,5.73,0
1382,85.87,88.71,1.56,16.16,20.32,64.44,19.19,5.73,0
1383,62.59,100.42,1.83,13.09,26.03,73.37,21.7,6.57,0
1384,50.52,106.49,1.98,11.5,29.0,77.99,23.0,7.0,0
1385,77.05,93.15,1.67,15.0,22.48,67.83,20.14,6.05,0
1386,90.07,86.6,1.51,16.71,19.29,62.84,18.74,5.58,0
1387,60.67,101.39,1.86,12.84,26.5,74.1,21.9,6.63,0
1388,70.83,96.27,1.74,14.18,24.01,70.21,20.81,6.27,0
1389,78.99,92.17,1.64,15.25,22.01,67.08,19.93,5.98,0
1390,72.81,95.28,1.72,14.44,23.52,69.45,20.6,6.2,0
1391,60.36,101.54,1.86,12.8,26.58,74.22,21.94,6.65,0
1392,86.94,88.17,1.55,16.3,20.05,64.03,19.07,5.69,0
1393,79.49,91.92,1.64,15.32,21.88,66.89,19.87,5.96,0
1394,72.19,95.59,1.72,14.36,23.67,69.69,20.66,6.22,0
1395,77.16,93.09,1.66,15.01,22.45,67.78,20.13,6.04,0
1396,52.52,105.48,1.95,11.77,28.5,77.22,22.78,6.93,0
1397,79.0,92.16,1.64,15.25,22.0,67.08,19.93,5.98,0
1398,59.18,102.13,1.87,12.64,26.87,74.67,22.06,6.69,0
1399,58.26,102.59,1.89,12.52,27.09,75.02,22.16,6.72,0
1400,73.12,95.12,1.71,14.48,23.45,69.33,20.56,6.19,0
1401,66.98,98.21,1.78,13.67,24.95,71.68,21.22,6.41,0
1402,60.65,101.4,1.86,12.84,26.51,74.11,21.91,6.64,0
1403,87.67,87.8,1.54,16.4,19.87,63.75,18.99,5.66,0
1404,50.53,106.48,1.98,11.5,28.99,77.99,23.0,7.0,0
1405,70.39,96.5,1.74,14.12,24.12,70.38,20.86,6.29,0
1406,91.67,85.79,1.49,16.92,18.89,62.22,18.56,5.52,0
1407,87.78,87.75,1.54,16.41,19.85,63.71,18.98,5.66,0
1408,75.74,93.8,1.68,14.83,22.8,68.33,20.28,6.09,0
1409,67.62,97.89,1.78,13.76,24.8,71.44,21.15,6.38,0
1410,90.09,86.58,1.51,16.72,19.28,62.83,18.73,5.58,0
1411,65.56,98.92,1.8,13.48,25.3,72.23,21.38,6.46,0
1412,91.65,85.8,1.49,16.92,18.9,62.23,18.56,5.52,0
1413,79.85,91.74,1.63,15.37,21.8,66.75,19.84,5.95,0
1414,51.67,105.91,1.96,11.65,28.71,77.55,22.87,6.96,0
1415,55.18,104.14,1.92,12.12,27.85,76.21,22.5,6.83,0
1416,62.8,100.31,1.83,13.12,25.98,73.29,21.67,6.56,0
1417,79.38,91.97,1.64,15.3,21.91,66.93,19.89,5.96,0
1418,57.52,102.97,1.89,12.42,27.28,75.31,22.24,6.75,0
1419,82.48,90.41,1.6,15.71,21.15,65.74,19.55,5.85,0
1420,53.42,105.03,1.94,11.88,28.28,76.88,22.69,6.9,0
1421,91.88,85.69,1.49,16.95,18.84,62.14,18.54,5.51,0
1422,52.85,105.32,1.95,11.81,28.42,77.1,22.75,6.92,0
1423,70.65,96.37,1.74,14.15,24.05,70.28,20.83,6.28,0
1424,66.3,98.55,1.79,13.58,25.12,71.95,21.3,6.43,0
1425,60.92,101.26,1.85,12.87,26.44,74.0,21.88,6.63,0
1426,73.84,94.76,1.7,14.57,23.27,69.06,20.48,6.16,0
1427,51.14,106.18,1.97,11.58,28.84,77.75,22.93,6.98,0
1428,63.02,100.2,1.83,13.15,25.93,73.2,21.65,6.55,0
1429,53.87,104.8,1.94,11.94,28.17,76.71,22.64,6.88,0
1430,58.64,102.41,1.88,12.57,27.0,74.88,22.12,6.71,0
1431,63.54,99.94,1.82,13.22,25.8,73.0,21.59,6.53,0
1432,67.9,97.75,1.77,13.79,24.73,71.33,21.12,6.37,0
1433,67.01,98.2,1.78,13.67,24.95,71.67,21.22,6.41,0
1434,84.15,89.57,1.58,15.93,20.74,65.1,19.37,5.79,0
1435,86.91,88.18,1.55,16.3,20.06,64.04,19.08,5.69,0
1436,66.71,98.35,1.79,13.64,25.02,71.79,21.25,6.42,0
1437,69.32,97.03,1.76,13.98,24.38,70.79,20.97,6.32,0
1438,90.11,86.58,1.51,16.72,19.28,62.82,18.73,5.58,0
1439,88.55,87.36,1.53,16.51,19.66,63.42,18.9,5.63,0
1440,62.09,100.67,1.84,13.03,26.15,73.56,21.75,6.58,0
1441,55.04,104.21,1.92,12.1,27.88,76.26,22.51,6.84,0
1442,71.1,96.14,1.74,14.21,23.94,70.11,20.78,6.26,0
1443,84.67,89.31,1.58,16.0,20.61,64.9,19.32,5.77,0
1444,56.58,103.44,1.9,12.3,27.51,75.67,22.34,6.78,0
1445,63.97,99.72,1.82,13.27,25.69,72.84,21.55,6.52,0
1446,56.48,103.49,1.91,12.29,27.53,75.71,22.36,6.79,0
1447,62.29,100.57,1.84,13.05,26.1,73.48,21.73,6.58,0
1448,77.37,92.99,1.66,15.04,22.4,67.7,20.1,6.03,0
1449,79.32,92.0,1.64,15.3,21.92,66.95,19.89,5.96,0
1450,64.27,99.57,1.82,13.31,25.62,72.72,21.52,6.51,0
1451,53.62,104.93,1.94,11.91,28.23,76.8,22.66,6.89,0
1452,51.96,105.77,1.96,11.69,28.64,77.44,22.84,6.95,0
1453,52.64,105.43,1.95,11.78,28.48,77.18,22.77,6.92,0
1454,80.25,91.54,1.63,15.42,21.7,66.6,19.79,5.93,0
1455,82.75,90.28,1.6,15.75,21.08,65.64,19.52,5.84,0
1456,61.1,101.17,1.85,12.9,26.4,73.94,21.86,6.62,0
1457,76.5,93.42,1.67,14.93,22.62,68.04,20.2,6.07,0
1458,88.31,87.48,1.53,16.48,19.72,63.51,18.92,5.64,0
1459,64.22,99.6,1.82,13.31,25.63,72.74,21.52,6.51,0
1460,52.93,105.28,1.95,11.82,28.4,77.07,22.74,6.91,0
1461,57.98,102.74,1.89,12.49,27.16,75.13,22.19,6.73,0
1462,57.89,102.78,1.89,12.47,27.19,75.17,22.2,6.73,0
1463,66.38,98.51,1.79,13.59,25.1,71.92,21.29,6.43,0
1464,59.31,102.07,1.87,12.66,26.84,74.62,22.05,6.68,0
1465,74.9,94.23,1.69,14.71,23.01,68.65,20.37,6.12,0
1466,52.45,105.52,1.95,11.76,28.52,77.25,22.79,6.93,0
1467,85.09,89.1,1.57,16.06,20.51,64.74,19.27,5.76,0
1468,63.63,99.9,1.82,13.23,25.78,72.97,21.58,6.53,0
1469,60.27,101.59,1.86,12.79,26.6,74.26,21.95,6.65,0
1470,57.09,103.19,1.9,12.37,27.38,75.48,22.29,6.76,0
1471,68.11,97.64,1.77,13.82,24.68,71.25,21.1,6.37,0
1472,51.74,105.88,1.96,11.66,28.7,77.53,22.87,6.96,0
1473,87.47,87.9,1.54,16.37,19.92,63.83,19.01,5.67,0
1474,76.98,93.18,1.67,14.99,22.5,67.85,20.15,6.05,0
1475,55.81,103.83,1.91,12.2,27.7,75.96,22.43,6.81,0
1476,53.66,104.91,1.94,11.92,28.22,76.79,22.66,6.89,0
1477,67.68,97.86,1.78,13.76,24.78,71.42,21.15,6.38,0
1478,78.62,92.36,1.65,15.2,22.1,67.22,19.97,5.99,0
1479,69.8,96.79,1.75,14.04,24.26,70.6,20.92,6.31,0
1480,90.03,86.62,1.51,16.71,19.3,62.85,18.74,5.58,0
1481,54.98,104.25,1.92,12.09,27.9,76.28,22.52,6.84,0
1482,68.51,97.44,1.77,13.87,24.58,71.1,21.06,6.35,0
1483,80.51,91.41,1.63,15.45,21.63,66.5,19.77,5.92,0
1484,89.04,87.11,1.53,16.58,19.54,63.23,18.85,5.62,0
1485,61.24,101.1,1.85,12.92,26.36,73.88,21.84,6.61,0
1486,90.57,86.35,1.51,16.78,19.16,62.64,18.68,5.56,0
1487,69.69,96.85,1.75,14.03,24.29,70.64,20.93,6.31,0
1488,84.1,89.6,1.58,15.93,20.75,65.12,19.38,5.79,0
1489,89.09,87.09,1.52,16.58,19.52,63.21,18.84,5.61,0
1490,65.87,98.77,1.8,13.52,25.23,72.11,21.34,6.45,0
1491,87.69,87.79,1.54,16.4,19.87,63.75,18.99,5.66,0
1492,60.65,101.39,1.86,12.84,26.51,74.11,21.91,6.64,0
1493,78.31,92.51,1.65,15.16,22.17,67.34,20.0,6.0,0
1494,91.06,86.1,1.5,16.84,19.04,62.46,18.63,5.54,0
1495,88.32,87.48,1.53,16.48,19.71,63.51,18.92,5.64,0
1496,67.38,98.01,1.78,13.72,24.86,71.53,21.18,6.39,0
1497,53.09,105.2,1.95,11.84,28.36,77.01,22.72,6.91,0
1498,90.92,86.17,1.5,16.83,19.08,62.51,18.64,5.55,0
1499,62.51,100.46,1.84,13.08,26.05,73.4,21.71,6.57,0
1500,56.46,103.5,1.91,12.29,27.54,75.72,22.36,6.79,0
1501,78.64,92.34,1.65,15.21,22.09,67.21,19.97,5.99,0
1502,88.31,87.48,1.53,16.48,19.72,63.51,18.92,5.64,0
1503,50.85,106.32,1.97,11.55,28.91,77.86,22.96,6.99,0
1504,53.89,104.8,1.94,11.95,28.17,76.7,22.63,6.88,0
1505,62.57,100.43,1.83,13.09,26.04,73.38,21.7,6.57,0
1506,52.17,105.66,1.96,11.72,28.59,77.36,22.82,6.94,0
1507,69.2,97.09,1.76,13.96,24.41,70.83,20.98,6.33,0
1508,84.25,89.52,1.58,15.95,20.71,65.06,19.36,5.79,0
1509,80.96,91.18,1.62,15.51,21.52,66.33,19.72,5.91,0
1510,59.01,102.22,1.88,12.62,26.91,74.74,22.08,6.69,0
1511,89.17,87.05,1.52,16.59,19.51,63.18,18.83,5.61,0
1512,64.96,99.23,1.81,13.4,25.45,72.46,21.44,6.48,0
1513,74.29,94.53,1.7,14.63,23.16,68.88,20.44,6.15,0
1514,60.61,101.42,1.86,12.83,26.52,74.13,21.91,6.64,0
1515,80.43,91.45,1.63,15.44,21.65,66.53,19.77,5.92,0
1516,68.36,97.51,1.77,13.85,24.61,71.15,21.07,6.36,0
1517,66.43,98.49,1.79,13.6,25.09,71.9,21.28,6.43,0
1518,86.87,88.21,1.55,16.29,20.07,64.06,19.08,5.69,0
1519,91.82,85.71,1.49,16.94,18.85,62.16,18.55,5.52,0
1520,76.64,93.35,1.67,14.94,22.58,67.98,20.18,6.06,0
1521,77.47,92.93,1.66,15.05,22.38,67.66,20.09,6.03,0
1522,53.22,105.13,1.94,11.86,28.33,76.96,22.71,6.9,0
1523,68.44,97.48,1.77,13.86,24.6,71.12,21.07,6.36,0
1524,91.73,85.76,1.49,16.93,18.88,62.2,18.56,5.52,0
1525,81.88,90.72,1.61,15.63,21.3,65.97,19.62,5.87,0
1526,91.6,85.83,1.5,16.91,18.91,62.25,18.57,5.52,0
1527,89.03,87.12,1.53,16.58,19.54,63.23,18.85,5.62,0
1528,90.67,86.29,1.51,16.79,19.14,62.6,18.67,5.56,0
1529,86.78,88.25,1.55,16.28,20.09,64.1,19.09,5.7,0
1530,87.17,88.06,1.55,16.33,20.0,63.95,19.05,5.68,0
1531,63.27,100.08,1.83,13.18,25.86,73.11,21.62,6.54,0
1532,70.18,96.6,1.75,14.09,24.17,70.46,20.88,6.29,0
1533,87.87,87.7,1.54,16.42,19.82,63.68,18.97,5.66,0
1534,68.4,97.49,1.77,13.86,24.6,71.14,21.07,6.36,0
1535,69.52,96.93,1.75,14.01,24.33,70.71,20.95,6.32,0
1536,58.61,102.42,1.88,12.57,27.01,74.89,22.13,6.71,0
1537,67.39,98.0,1.78,13.73,24.85,71.53,21.18,6.39,0
1538,86.49,88.4,1.56,16.24,20.16,64.21,19.12,5.71,0
1539,61.4,101.02,1.85,12.94,26.33,73.82,21.83,6.61,0
1540,53.37,105.06,1.94,11.88,28.3,76.9,22.69,6.9,0
1541,51.0,106.25,1.97,11.57,28.88,77.81,22.95,6.98,0
1542,76.34,93.5,1.67,14.9,22.66,68.1,20.21,6.07,0
1543,53.49,104.99,1.94,11.89,28.27,76.85,22.68,6.89,0
1544,58.11,102.67,1.89,12.5,27.13,75.08,22.18,6.73,0
1545,82.8,90.25,1.6,15.76,21.07,65.62,19.52,5.84,0
1546,72.16,95.61,1.72,14.35,23.68,69.7,20.67,6.22,0
1547,88.6,87.34,1.53,16.52,19.65,63.4,18.89,5.63,0
1548,51.38,106.06,1.97,11.62,28.78,77.66,22.91,6.97,0
1549,79.26,92.04,1.64,15.29,21.94,66.98,19.9,5.97,0
1550,84.76,89.27,1.58,16.01,20.59,64.87,19.31,5.77,0
1551,81.43,90.94,1.61,15.57,21.41,66.15,19.67,5.89,0
1552,73.11,95.13,1.71,14.48,23.45,69.34,20.56,6.19,0
1553,91.44,85.91,1.5,16.89,18.95,62.31,18.59,5.53,0
1554,63.27,100.08,1.83,13.18,25.86,73.1,21.62,6.54,0
1555,79.96,91.68,1.63,15.38,21.77,66.71,19.83,5.94,0
1556,90.48,86.39,1.51,16.77,19.18,62.68,18.69,5.56,0
1557,60.43,101.51,1.86,12.81,26.56,74.19,21.93,6.64,0
1558,59.18,102.14,1.87,12.64,26.87,74.67,22.06,6.69,0
1559,70.75,96.31,1.74,14.17,24.03,70.24,20.82,6.27,0
1560,89.71,86.78,1.52,16.67,19.37,62.97,18.77,5.59,0
1561,78.36,92.49,1.65,15.17,22.16,67.32,20.0,6.0,0
1562,89.97,86.65,1.51,16.7,19.31,62.87,18.75,5.58,0
1563,80.52,91.4,1.63,15.45,21.63,66.49,19.76,5.92,0
1564,71.81,95.78,1.73,14.31,23.77,69.83,20.7,6.23,0
1565,63.66,99.88,1.82,13.23,25.77,72.96,21.58,6.53,0
1566,54.25,104.62,1.93,11.99,28.08,76.56,22.6,6.87,0
1567,69.42,96.99,1.75,13.99,24.36,70.75,20.96,6.32,0
1568,55.3,104.09,1.92,12.13,27.82,76.16,22.48,6.83,0
1569,77.02,93.16,1.67,14.99,22.49,67.84,20.14,6.05,0
1570,50.93,106.28,1.97,11.56,28.89,77.83,22.95,6.98,0
1571,58.21,102.62,1.89,12.52,27.11,75.05,22.17,6.72,0
1572,76.88,93.23,1.67,14.98,22.52,67.89,20.16,6.05,0
1573,70.48,96.45,1.74,14.13,24.09,70.34,20.85,6.28,0
1574,79.62,91.85,1.64,15.34,21.85,66.84,19.86,5.95,0
1575,55.85,103.81,1.91,12.2,27.69,75.95,22.42,6.81,0
1576,84.23,89.53,1.58,15.94,20.72,65.07,19.36,5.79,0
1577,76.43,93.46,1.67,14.92,22.63,68.06,20.21,6.07,0
1578,85.19,89.05,1.57,16.07,20.48,64.71,19.26,5.75,0
1579,77.39,92.98,1.66,15.04,22.4,67.7,20.1,6.03,0
1580,63.95,99.73,1.82,13.27,25.7,72.84,21.55,6.52,0
1581,63.38,100.02,1.83,13.2,25.84,73.06,21.61,6.54,0
1582,76.89,93.23,1.67,14.98,22.52,67.89,20.16,6.05,0
1583,73.79,94.78,1.7,14.57,23.28,69.07,20.49,6.16,0
1584,81.15,91.09,1.62,15.54,21.48,66.26,19.7,5.9,0
1585,80.64,91.34,1.62,15.47,21.6,66.45,19.75,5.92,0
1586,90.53,86.36,1.51,16.77,19.17,62.66,18.68,5.56,0
1587,70.41,96.49,1.74,14.12,24.11,70.37,20.85,6.28,0
1588,52.44,105.52,1.95,11.76,28.52,77.26,22.79,6.93,0
1589,70.43,96.48,1.74,14.13,24.11,70.36,20.85,6.28,0
1590,74.1,94.63,1.7,14.61,23.21,68.95,20.46,6.15,0
1591,79.08,92.12,1.64,15.27,21.98,67.05,19.92,5.97,0
1592,57.44,103.01,1.89,12.41,27.3,75.34,22.25,6.75,0
1593,79.2,92.07,1.64,15.28,21.95,67.0,19.91,5.97,0
1594,82.26,90.53,1.6,15.68,21.2,65.83,19.58,5.86,0
1595,73.93,94.71,1.7,14.59,23.25,69.02,20.47,6.16,0
1596,85.25,89.02,1.57,16.08,20.47,64.68,19.25,5.75,0
1597,88.24,87.52,1.53,16.47,19.74,63.54,18.93,5.64,0
1598,73.39,94.99,1.71,14.52,23.38,69.23,20.53,6.18,0
1599,82.07,90.62,1.61,15.66,21.25,65.9,19.6,5.87,0
1600,61.26,101.09,1.85,12.92,26.36,73.88,21.84,6.61,0
1601,89.91,86.68,1.52,16.69,19.33,62.9,18.75,5.58,0
1602,79.4,91.96,1.64,15.31,21.9,66.92,19.88,5.96,0
1603,70.71,96.33,1.74,14.16,24.04,70.25,20.82,6.27,0
1604,84.91,89.19,1.57,16.03,20.55,64.81,19.29,5.76,0
1605,84.1,89.6,1.58,15.93,20.75,65.12,19.38,5.79,0
1606,91.02,86.12,1.5,16.84,19.05,62.47,18.63,5.54,0
1607,77.82,92.76,1.66,15.1,22.29,67.53,20.06,6.02,0
1608,70.31,96.54,1.74,14.11,24.14,70.41,20.87,6.29,0
1609,80.76,91.28,1.62,15.49,21.57,66.4,19.74,5.91,0
1610,59.34,102.05,1.87,12.66,26.83,74.61,22.05,6.68,0
1611,83.25,90.03,1.59,15.81,20.96,65.45,19.47,5.82,0
1612,70.01,96.69,1.75,14.07,24.21,70.52,20.9,6.3,0
1613,79.54,91.89,1.64,15.33,21.87,66.87,19.87,5.96,0
1614,60.64,101.4,1.86,12.84,26.51,74.12,21.91,6.64,0
1615,65.05,99.18,1.81,13.42,25.43,72.43,21.43,6.48,0
1616,53.38,105.05,1.94,11.88,28.29,76.89,22.69,6.9,0
1617,71.36,96.01,1.73,14.25,23.88,70.01,20.75,6.25,0
1618,68.93,97.23,1.76,13.93,24.47,70.94,21.01,6.34,0
1619,83.5,89.9,1.59,15.85,20.9,65.35,19.44,5.81,0
1620,91.77,85.74,1.49,16.94,18.87,62.18,18.55,5.52,0
1621,79.28,92.02,1.64,15.29,21.93,66.97,19.9,5.97,0
1622,87.77,87.75,1.54,16.41,19.85,63.72,18.98,5.66,0
1623,52.67,105.41,1.95,11.79,28.47,77.17,22.77,6.92,0
1624,82.82,90.24,1.6,15.76,21.07,65.61,19.52,5.84,0
1625,86.93,88.18,1.55,16.3,20.06,64.04,19.07,5.69,0
1626,71.15,96.11,1.73,14.22,23.93,70.09,20.77,6.26,0
1627,79.95,91.69,1.63,15.38,21.77,66.72,19.83,5.94,0
1628,83.83,89.74,1.59,15.89,20.82,65.23,19.41,5.8,0
1629,81.57,90.87,1.61,15.59,21.37,66.09,19.65,5.88,0
1630,68.7,97.34,1.76,13.9,24.53,71.02,21.04,6.35,0
1631,63.65,99.89,1.82,13.23,25.77,72.96,21.58,6.53,0
1632,74.67,94.34,1.69,14.68,23.07,68.74,20.4,6.13,0
1633,57.62,102.92,1.89,12.44,27.25,75.27,22.23,6.74,0
1634,85.48,88.9,1.57,16.11,20.41,64.59,19.23,5.74,0
1635,52.56,105.47,1.95,11.77,28.5,77.21,22.78,6.93,0
1636,90.19,86.54,1.51,16.73,19.26,62.79,18.72,5.57,0
1637,83.22,90.04,1.59,15.81,20.97,65.46,19.47,5.82,0
1638,56.02,103.72,1.91,12.23,27.64,75.88,22.4,6.8,0
1639,63.37,100.02,1.83,13.2,25.84,73.07,21.61,6.54,0
1640,64.3,99.56,1.81,13.32,25.61,72.71,21.51,6.5,0
1641,88.51,87.38,1.53,16.51,19.67,63.43,18.9,5.63,0
1642,54.62,104.43,1.93,12.04,27.99,76.42,22.56,6.85,0
1643,82.7,90.3,1.6,15.74,21.09,65.66,19.53,5.84,0
1644,90.99,86.13,1.5,16.83,19.06,62.48,18.64,5.55,0
1645,73.71,94.83,1.7,14.56,23.3,69.11,20.5,6.17,0
1646,89.29,86.99,1.52,16.61,19.48,63.13,18.82,5.61,0
1647,54.38,104.55,1.93,12.01,28.05,76.51,22.58,6.86,0
1648,62.76,100.33,1.83,13.12,25.99,73.3,21.68,6.56,0
1649,61.64,100.9,1.85,12.97,26.26,73.73,21.8,6.6,0
1650,59.0,102.22,1.88,12.62,26.91,74.74,22.08,6.69,0
1651,74.83,94.26,1.69,14.71,23.03,68.68,20.38,6.13,0
1652,73.39,94.98,1.71,14.52,23.38,69.23,20.53,6.18,0
1653,69.73,96.83,1.75,14.03,24.28,70.63,20.93,6.31,0
1654,57.4,103.03,1.9,12.41,27.31,75.35,22.26,6.75,0
1655,52.29,105.6,1.96,11.74,28.56,77.31,22.81,6.94,0
1656,53.07,105.21,1.95,11.84,28.37,77.01,22.72,6.91,0
1657,63.97,99.73,1.82,13.27,25.69,72.84,21.55,6.52,0
1658,70.23,96.58,1.75,14.1,24.16,70.44,20.87,6.29,0
1659,90.38,86.44,1.51,16.75,19.21,62.72,18.7,5.57,0
1660,87.85,87.72,1.54,16.42,19.83,63.69,18.97,5.66,0
1661,86.43,88.43,1.56,16.23,20.18,64.23,19.13,5.71,0
1662,76.99,93.17,1.67,14.99,22.5,67.85,20.14,6.05,0
1663,78.03,92.65,1.65,15.13,22.24,67.45,20.03,6.01,0
1664,60.63,101.41,1.86,12.83,26.51,74.12,21.91,6.64,0
1665,55.09,104.19,1.92,12.1,27.87,76.24,22.51,6.84,0
1666,63.27,100.08,1.83,13.18,25.87,73.11,21.62,6.54,0
1667,85.49,88.9,1.57,16.11,20.41,64.59,19.23,5.74,0
1668,63.36,100.03,1.83,13.19,25.84,73.07,21.61,6.54,0
1669,89.14,87.06,1.52,16.59,19.51,63.19,18.84,5.61,0
1670,56.79,103.34,1.9,12.33,27.46,75.59,22.32,6.77,0
1671,82.51,90.4,1.6,15.72,21.14,65.73,19.55,5.85,0
1672,79.56,91.88,1.64,15.33,21.86,66.86,19.87,5.96,0
1673,74.17,94.59,1.7,14.62,23.19,68.93,20.45,6.15,0
1674,54.7,104.39,1.93,12.05,27.97,76.39,22.55,6.85,0
1675,82.66,90.32,1.6,15.74,21.1,65.67,19.53,5.84,0
1676,87.29,88.0,1.55,16.35,19.97,63.9,19.03,5.68,0
1677,59.5,101.97,1.87,12.69,26.79,74.55,22.03,6.68,0
1678,78.05,92.64,1.65,15.13,22.24,67.44,20.03,6.01,0
1679,64.55,99.43,1.81,13.35,25.55,72.62,21.49,6.5,0
1680,55.86,103.8,1.91,12.21,27.68,75.94,22.42,6.81,0
1681,81.7,90.8,1.61,15.61,21.34,66.04,19.64,5.88,0
1682,63.38,100.02,1.83,13.2,25.84,73.07,21.61,6.54,0
1683,59.78,101.83,1.87,12.72,26.72,74.44,22.0,6.67,0
1684,50.6,106.45,1.97,11.51,28.97,77.96,22.99,7.0,0
1685,50.82,106.34,1.97,11.54,28.92,77.88,22.97,6.99,0
1686,84.3,89.5,1.58,15.95,20.7,65.05,19.36,5.79,0
1687,72.24,95.56,1.72,14.36,23.66,69.67,20.66,6.22,0
1688,56.12,103.67,1.91,12.24,27.62,75.85,22.39,6.8,0
1689,60.99,101.22,1.85,12.88,26.42,73.98,21.87,6.62,0
1690,85.51,88.89,1.57,16.11,20.4,64.58,19.23,5.74,0
1691,60.94,101.25,1.85,12.88,26.44,74.0,21.87,6.62,0
1692,71.69,95.84,1.73,14.29,23.8,69.88,20.72,6.24,0
1693,63.75,99.83,1.82,13.25,25.75,72.92,21.57,6.52,0
1694,69.14,97.13,1.76,13.95,24.42,70.86,20.99,6.33,0
1695,63.99,99.72,1.82,13.28,25.69,72.83,21.55,6.52,0
1696,77.34,93.0,1.66,15.04,22.41,67.71,20.11,6.04,0
1697,50.91,106.29,1.97,11.55,28.9,77.84,22.96,6.99,0
1698,85.71,88.79,1.56,16.14,20.35,64.5,19.2,5.73,0
1699,76.93,93.2,1.67,14.98,22.51,67.87,20.15,6.05,0
1700,67.29,98.05,1.78,13.71,24.88,71.56,21.19,6.4,0
1701,58.84,102.3,1.88,12.6,26.95,74.8,22.1,6.7,0
1702,72.99,95.19,1.71,14.46,23.48,69.38,20.58,6.19,0
1703,81.6,90.86,1.61,15.6,21.36,66.08,19.65,5.88,0
1704,55.61,103.93,1.92,12.17,27.75,76.04,22.45,6.82,0
1705,50.54,106.48,1.98,11.51,28.99,77.98,23.0,7.0,0
1706,90.84,86.21,1.5,16.81,19.1,62.54,18.65,5.55,0
1707,84.92,89.19,1.57,16.03,20.55,64.81,19.29,5.76,0
1708,84.91,89.19,1.57,16.03,20.55,64.81,19.29,5.76,0
1709,71.81,95.78,1.73,14.31,23.77,69.83,20.7,6.23,0
1710,83.55,89.88,1.59,15.85,20.89,65.33,19.44,5.81,0
1711,89.93,86.66,1.52,16.7,19.32,62.89,18.75,5.58,0
1712,63.95,99.74,1.82,13.27,25.7,72.85,21.55,6.52,0
1713,51.59,105.95,1.96,11.64,28.73,77.58,22.88,6.96,0
1714,92.04,85.61,1.49,16.97,18.8,62.08,18.52,5.51,0
1715,70.81,96.28,1.74,14.18,24.01,70.22,20.81,6.27,0
1716,77.93,92.7,1.66,15.11,22.27,67.49,20.04,6.01,0
1717,78.38,92.48,1.65,15.17,22.16,67.32,20.0,6.0,0
1718,82.24,90.54,1.61,15.68,21.21,65.84,19.58,5.86,0
1719,77.86,92.74,1.66,15.1,22.28,67.51,20.05,6.02,0
1720,57.34,103.06,1.9,12.4,27.32,75.38,22.26,6.75,0
1721,74.37,94.49,1.7,14.65,23.14,68.85,20.43,6.14,0
1722,50.88,106.31,1.97,11.55,28.91,77.85,22.96,6.99,0
1723,90.06,86.6,1.51,16.71,19.29,62.84,18.74,5.58,0
1724,83.17,90.07,1.59,15.8,20.98,65.48,19.48,5.83,0
1725,51.28,106.11,1.97,11.6,28.81,77.7,22.92,6.97,0
1726,62.05,100.69,1.84,13.02,26.16,73.57,21.76,6.59,0
1727,84.31,89.5,1.58,15.95,20.7,65.04,19.36,5.79,0
1728,70.89,96.24,1.74,14.19,23.99,70.18,20.8,6.27,0
1729,55.35,104.06,1.92,12.14,27.81,76.14,22.48,6.83,0
1730,88.07,87.6,1.54,16.45,19.78,63.6,18.95,5.65,0
1731,77.45,92.94,1.66,15.05,22.38,67.67,20.09,6.03,0
1732,74.1,94.63,1.7,14.61,23.21,68.95,20.46,6.15,0
1733,59.22,102.12,1.87,12.65,26.86,74.66,22.06,6.69,0
1734,73.03,95.17,1.71,14.47,23.47,69.37,20.57,6.19,0
1735,80.65,91.34,1.62,15.47,21.6,66.45,19.75,5.92,0
1736,73.42,94.97,1.71,14.52,23.37,69.22,20.53,6.18,0
1737,79.87,91.73,1.63,15.37,21.79,66.75,19.83,5.94,0
1738,81.44,90.94,1.61,15.58,21.4,66.14,19.66,5.89,0
1739,84.52,89.39,1.58,15.98,20.65,64.96,19.33,5.78,0
1740,76.61,93.37,1.67,14.94,22.59,67.99,20.19,6.06,0
1741,74.85,94.25,1.69,14.71,23.02,68.67,20.38,6.13,0
1742,68.09,97.65,1.77,13.82,24.68,71.26,21.1,6.37,0
1743,60.86,101.29,1.85,12.86,26.46,74.03,21.88,6.63,0
1744,59.46,101.99,1.87,12.68,26.8,74.57,22.03,6.68,0
1745,82.62,90.34,1.6,15.73,21.11,65.69,19.54,5.85,0
1746,69.92,96.73,1.75,14.06,24.23,70.56,20.91,6.3,0
1747,61.0,101.22,1.85,12.88,26.42,73.98,21.87,6.62,0
1748,80.18,91.57,1.63,15.41,21.71,66.62,19.8,5.93,0
1749,53.19,105.15,1.94,11.85,28.34,76.97,22.71,6.9,0
1750,87.54,87.87,1.54,16.38,19.91,63.81,19.01,5.67,0
1751,66.29,98.56,1.79,13.58,25.12,71.95,21.3,6.43,0
1752,60.65,101.39,1.86,12.84,26.51,74.11,21.91,6.64,0
1753,61.11,101.16,1.85,12.9,26.39,73.93,21.86,6.62,0
1754,61.88,100.78,1.84,13.0,26.21,73.64,21.77,6.59,0
1755,54.0,104.74,1.94,11.96,28.14,76.66,22.62,6.87,0
1756,83.84,89.73,1.59,15.89,20.81,65.22,19.41,5.8,0
1757,67.58,97.91,1.78,13.75,24.81,71.45,21.16,6.39,0
1758,57.94,102.76,1.89,12.48,27.17,75.15,22.2,6.73,0
1759,73.53,94.92,1.71,14.53,23.35,69.17,20.52,6.17,0
1760,66.73,98.34,1.79,13.64,25.02,71.78,21.25,6.42,0
1761,74.6,94.38,1.69,14.67,23.08,68.76,20.4,6.13,0
1762,60.83,101.3,1.86,12.86,26.46,74.04,21.89,6.63,0
1763,65.15,99.13,1.8,13.43,25.4,72.39,21.42,6.47,0
1764,87.81,87.73,1.54,16.41,19.84,63.7,18.98,5.66,0
1765,79.93,91.7,1.63,15.38,21.78,66.72,19.83,5.94,0
1766,91.75,85.75,1.49,16.93,18.87,62.19,18.55,5.52,0
1767,61.27,101.08,1.85,12.92,26.36,73.87,21.84,6.61,0
1768,58.84,102.31,1.88,12.6,26.95,74.81,22.1,6.7,0
1769,66.6,98.4,1.79,13.62,25.05,71.83,21.26,6.42,0
1770,72.31,95.53,1.72,14.37,23.64,69.64,20.65,6.22,0
1771,57.54,102.96,1.89,12.43,27.27,75.3,22.24,6.75,0
1772,84.36,89.47,1.58,15.96,20.69,65.02,19.35,5.78,0
1773,80.21,91.56,1.63,15.41,21.71,66.61,19.8,5.93,0
1774,90.91,86.18,1.5,16.82,19.08,62.52,18.64,5.55,0
1775,91.71,85.77,1.49,16.93,18.88,62.21,18.56,5.52,0
1776,52.27,105.61,1.96,11.73,28.57,77.32,22.81,6.94,0
1777,92.01,85.62,1.49,16.97,18.81,62.09,18.53,5.51,0
1778,51.06,106.22,1.97,11.57,28.86,77.79,22.94,6.98,0
1779,84.99,89.15,1.57,16.04,20.53,64.78,19.28,5.76,0
1780,81.53,90.89,1.61,15.59,21.38,66.11,19.66,5.89,0
1781,91.23,86.01,1.5,16.87,19.0,62.39,18.61,5.54,0
1782,70.01,96.69,1.75,14.07,24.21,70.52,20.9,6.3,0
1783,75.35,94.0,1.69,14.77,22.9,68.48,20.32,6.11,0
1784,90.7,86.28,1.51,16.8,19.13,62.59,18.67,5.56,0
1785,88.39,87.44,1.53,16.49,19.7,63.48,18.92,5.64,0
1786,65.87,98.77,1.8,13.53,25.23,72.11,21.34,6.45,0
1787,65.37,99.02,1.8,13.46,25.35,72.3,21.4,6.47,0
1788,70.44,96.47,1.74,14.13,24.1,70.36,20.85,6.28,0
1789,69.2,97.09,1.76,13.96,24.41,70.83,20.98,6.33,0
1790,77.34,93.0,1.66,15.04,22.41,67.72,20.11,6.04,0
1791,74.25,94.55,1.7,14.63,23.17,68.9,20.44,6.15,0
1792,53.2,105.14,1.94,11.86,28.34,76.97,22.71,6.9,0
1793,78.7,92.32,1.65,15.21,22.08,67.19,19.96,5.99,0
1794,72.09,95.64,1.72,14.34,23.7,69.73,20.67,6.22,0
1795,68.72,97.33,1.76,13.9,24.53,71.02,21.04,6.35,0
1796,66.2,98.6,1.79,13.57,25.14,71.98,21.31,6.44,0
1797,53.52,104.98,1.94,11.9,28.26,76.84,22.67,6.89,0
1798,72.07,95.65,1.72,14.34,23.7,69.73,20.68,6.23,0
1799,73.37,95.0,1.71,14.51,23.39,69.24,20.54,6.18,0
1800,88.58,87.35,1.53,16.52,19.65,63.41,18.9,5.63,0
1801,83.52,89.89,1.59,15.85,20.89,65.35,19.44,5.81,0
1802,84.27,89.51,1.58,15.95,20.71,65.06,19.36,5.79,0
1803,63.29,100.07,1.83,13.18,25.86,73.1,21.62,6.54,0
1804,74.41,94.47,1.7,14.65,23.13,68.84,20.42,6.14,0
1805,63.94,99.74,1.82,13.27,25.7,72.85,21.55,6.52,0
1806,57.24,103.11,1.9,12.39,27.35,75.42,22.27,6.76,0
1807,84.85,89.22,1.57,16.03,20.57,64.84,19.3,5.77,0
1808,65.18,99.12,1.8,13.43,25.4,72.37,21.42,6.47,0
1809,51.71,105.89,1.96,11.66,28.7,77.53,22.87,6.96,0
1810,85.03,89.13,1.57,16.05,20.52,64.77,19.28,5.76,0
1811,75.14,94.11,1.69,14.75,22.95,68.56,20.34,6.11,0
1812,83.59,89.86,1.59,15.86,20.88,65.32,19.43,5.81,0
1813,52.76,105.36,1.95,11.8,28.44,77.13,22.76,6.92,0
1814,77.99,92.67,1.65,15.12,22.25,67.47,20.04,6.01,0
1815,66.9,98.25,1.78,13.66,24.97,71.71,21.23,6.41,0
1816,72.49,95.44,1.72,14.4,23.6,69.57,20.63,6.21,0
1817,86.02,88.63,1.56,16.18,20.28,64.39,19.17,5.72,0
1818,69.3,97.04,1.76,13.98,24.38,70.8,20.97,6.32,0
1819,72.79,95.29,1.72,14.44,23.53,69.46,20.6,6.2,0
1820,61.12,101.16,1.85,12.9,26.39,73.93,21.85,6.62,0
1821,67.17,98.12,1.78,13.7,24.91,71.61,21.2,6.4,0
1822,71.66,95.85,1.73,14.29,23.8,69.89,20.72,6.24,0
1823,83.47,89.92,1.59,15.84,20.91,65.37,19.45,5.82,0
1824,88.37,87.45,1.53,16.49,19.7,63.49,18.92,5.64,0
1825,72.12,95.63,1.72,14.35,23.69,69.72,20.67,6.22,0
1826,64.44,99.49,1.81,13.34,25.58,72.66,21.5,6.5,0
1827,84.26,89.52,1.58,15.95,20.71,65.06,19.36,5.79,0
1828,86.47,88.41,1.56,16.24,20.17,64.22,19.12,5.71,0
1829,73.92,94.72,1.7,14.59,23.25,69.02,20.48,6.16,0
1830,58.87,102.29,1.88,12.6,26.95,74.79,22.1,6.7,0
1831,58.17,102.64,1.89,12.51,27.12,75.06,22.17,6.72,0
1832,73.42,94.97,1.71,14.52,23.37,69.22,20.53,6.18,0
1833,85.4,88.94,1.57,16.1,20.43,64.62,19.24,5.75,0
1834,78.06,92.64,1.65,15.13,22.23,67.44,20.03,6.01,0
1835,81.52,90.89,1.61,15.59,21.38,66.11,19.66,5.89,0
1836,65.04,99.19,1.81,13.42,25.43,72.43,21.43,6.48,0
1837,81.31,91.0,1.62,15.56,21.43,66.19,19.68,5.89,0
1838,82.36,90.47,1.6,15.7,21.18,65.79,19.57,5.86,0
1839,72.55,95.41,1.72,14.4,23.59,69.55,20.62,6.21,0
1840,79.19,92.07,1.64,15.28,21.96,67.01,19.91,5.97,0
1841,80.18,91.57,1.63,15.41,21.71,66.62,19.8,5.93,0
1842,88.89,87.19,1.53,16.56,19.57,63.29,18.86,5.62,0
1843,61.82,100.8,1.84,12.99,26.22,73.66,21.78,6.59,0
1844,73.53,94.92,1.71,14.53,23.35,69.17,20.52,6.17,0
1845,57.23,103.11,1.9,12.39,27.35,75.42,22.27,6.76,0
1846,63.76,99.83,1.82,13.25,25.74,72.92,21.57,6.52,0
1847,69.89,96.75,1.75,14.05,24.24,70.57,20.91,6.3,0
1848,54.31,104.58,1.93,12.0,28.06,76.54,22.59,6.86,0
1849,58.92,102.26,1.88,12.61,26.93,74.77,22.09,6.7,0
1850,91.04,86.11,1.5,16.84,19.05,62.46,18.63,5.54,0
1851,62.97,100.23,1.83,13.14,25.94,73.22,21.66,6.55,0
1852,76.3,93.52,1.67,14.9,22.67,68.11,20.22,6.07,0
1853,69.83,96.78,1.75,14.05,24.25,70.59,20.92,6.31,0
1854,64.77,99.32,1.81,13.38,25.5,72.53,21.46,6.49,0
1855,74.91,94.22,1.69,14.72,23.01,68.65,20.37,6.12,0
1856,61.82,100.81,1.84,12.99,26.22,73.66,21.78,6.59,0
1857,90.92,86.17,1.5,16.82,19.08,62.51,18.64,5.55,0
1858,78.11,92.61,1.65,15.14,22.22,67.42,20.02,6.01,0
1859,62.33,100.55,1.84,13.06,26.1,73.47,21.73,6.58,0
1860,71.97,95.7,1.73,14.33,23.73,69.77,20.69,6.23,0
1861,54.27,104.6,1.93,12.0,28.07,76.56,22.59,6.86,0
1862,60.56,101.44,1.86,12.83,26.53,74.14,21.92,6.64,0
1863,70.08,96.65,1.75,14.08,24.19,70.5,20.89,6.3,0
1864,56.64,103.41,1.9,12.31,27.49,75.65,22.34,6.78,0
1865,83.07,90.12,1.6,15.79,21.0,65.52,19.49,5.83,0
1866,56.18,103.64,1.91,12.25,27.61,75.82,22.39,6.8,0
1867,76.69,93.33,1.67,14.95,22.57,67.96,20.18,6.06,0
1868,86.36,88.46,1.56,16.22,20.2,64.26,19.13,5.71,0
1869,57.96,102.75,1.89,12.48,27.17,75.14,22.2,6.73,0
1870,52.26,105.61,1.96,11.73,28.57,77.32,22.81,6.94,0
1871,84.49,89.4,1.58,15.98,20.65,64.97,19.34,5.78,0
1872,66.11,98.65,1.79,13.56,25.17,72.02,21.32,6.44,0
1873,53.65,104.91,1.94,11.92,28.23,76.79,22.66,6.89,0
1874,80.34,91.49,1.63,15.43,21.67,66.56,19.78,5.93,0
1875,70.12,96.63,1.75,14.09,24.18,70.48,20.88,6.29,0
1876,90.9,86.18,1.5,16.82,19.08,62.52,18.65,5.55,0
1877,76.75,93.3,1.67,14.96,22.55,67.94,20.17,6.06,0
1878,61.17,101.13,1.85,12.91,26.38,73.91,21.85,6.62,0
1879,62.01,100.71,1.84,13.02,26.17,73.59,21.76,6.59,0
1880,91.21,86.03,1.5,16.86,19.01,62.4,18.61,5.54,0
1881,89.35,86.96,1.52,16.62,19.46,63.11,18.81,5.6,0
1882,77.15,93.1,1.66,15.01,22.46,67.79,20.13,6.04,0
1883,76.6,93.37,1.67,14.94,22.59,68.0,20.19,6.06,0
1884,70.3,96.54,1.74,14.11,24.14,70.41,20.87,6.29,0
1885,79.49,91.92,1.64,15.32,21.88,66.89,19.88,5.96,0
1886,58.04,102.71,1.89,12.49,27.15,75.11,22.19,6.73,0
1887,64.19,99.62,1.82,13.3,25.64,72.76,21.52,6.51,0
1888,91.73,85.76,1.49,16.93,18.88,62.2,18.56,5.52,0
1889,80.87,91.22,1.62,15.5,21.54,66.36,19.73,5.91,0
1890,55.83,103.82,1.91,12.2,27.69,75.96,22.43,6.81,0
1891,60.18,101.63,1.86,12.78,26.62,74.29,21.96,6.65,0
1892,67.04,98.18,1.78,13.68,24.94,71.66,21.22,6.41,0
1893,76.75,93.29,1.67,14.96,22.55,67.94,20.17,6.06,0
1894,50.55,106.47,1.98,11.51,28.99,77.98,22.99,7.0,0
1895,76.94,93.2,1.67,14.98,22.51,67.87,20.15,6.05,0
1896,74.92,94.21,1.69,14.72,23.0,68.64,20.37,6.12,0
1897,60.36,101.54,1.86,12.8,26.58,74.22,21.94,6.65,0
1898,64.81,99.3,1.81,13.38,25.49,72.52,21.46,6.49,0
1899,90.55,86.36,1.51,16.78,19.17,62.65,18.68,5.56,0
1900,85.16,89.06,1.57,16.07,20.49,64.72,19.26,5.75,0
1901,68.63,97.38,1.76,13.89,24.55,71.05,21.05,6.35,0
1902,54.55,104.46,1.93,12.03,28.01,76.45,22.56,6.85,0
1903,71.86,95.75,1.73,14.31,23.76,69.81,20.7,6.23,0
1904,64.1,99.66,1.82,13.29,25.66,72.79,21.53,6.51,0
1905,57.27,103.1,1.9,12.39,27.34,75.41,22.27,6.76,0
1906,62.94,100.24,1.83,13.14,25.95,73.23,21.66,6.55,0
1907,89.17,87.05,1.52,16.59,19.5,63.18,18.83,5.61,0
1908,68.4,97.5,1.77,13.86,24.61,71.14,21.07,6.36,0
1909,79.28,92.02,1.64,15.29,21.93,66.97,19.9,5.97,0
1910,60.25,101.59,1.86,12.79,26.61,74.26,21.95,6.65,0
1911,82.86,90.22,1.6,15.76,21.06,65.6,19.51,5.84,0
1912,72.75,95.31,1.72,14.43,23.54,69.47,20.6,6.2,0
1913,57.24,103.11,1.9,12.39,27.34,75.42,22.27,6.76,0
1914,66.28,98.56,1.79,13.58,25.13,71.95,21.3,6.43,0
1915,90.5,86.38,1.51,16.77,19.18,62.67,18.69,5.56,0
1916,58.85,102.3,1.88,12.6,26.95,74.8,22.1,6.7,0
1917,65.47,98.97,1.8,13.47,25.33,72.26,21.39,6.46,0
1918,90.23,86.51,1.51,16.73,19.25,62.77,18.72,5.57,0
1919,60.76,101.34,1.86,12.85,26.48,74.07,21.89,6.63,0
1920,62.58,100.43,1.83,13.09,26.03,73.37,21.7,6.57,0
1921,81.94,90.69,1.61,15.64,21.28,65.95,19.61,5.87,0
1922,92.04,85.6,1.49,16.97,18.8,62.08,18.52,5.51,0
1923,81.4,90.96,1.61,15.57,21.41,66.16,19.67,5.89,0
1924,55.28,104.1,1.92,12.13,27.83,76.17,22.48,6.83,0
1925,59.51,101.97,1.87,12.69,26.79,74.55,22.03,6.68,0
1926,84.08,89.61,1.58,15.92,20.76,65.13,19.38,5.79,0
1927,69.01,97.19,1.76,13.94,24.46,70.91,21.0,6.33,0
1928,87.82,87.73,1.54,16.42,19.84,63.7,18.98,5.66,0
1929,69.18,97.1,1.76,13.96,24.41,70.84,20.99,6.33,0
1930,51.96,105.77,1.96,11.69,28.64,77.44,22.84,6.95,0
1931,81.61,90.85,1.61,15.6,21.36,66.08,19.65,5.88,0
1932,66.51,98.45,1.79,13.61,25.07,71.87,21.27,6.42,0
1933,91.59,85.83,1.5,16.91,18.91,62.25,18.57,5.52,0
1934,52.27,105.61,1.96,11.73,28.57,77.32,22.81,6.94,0
1935,75.53,93.91,1.68,14.8,22.85,68.41,20.3,6.1,0
1936,50.66,106.42,1.97,11.52,28.96,77.94,22.98,6.99,0
1937,77.54,92.9,1.66,15.06,22.36,67.64,20.09,6.03,0
1938,62.8,100.31,1.83,13.12,25.98,73.29,21.67,6.56,0
1939,81.48,90.92,1.61,15.58,21.39,66.13,19.66,5.89,0
1940,87.68,87.8,1.54,16.4,19.87,63.75,18.99,5.66,0
1941,87.52,87.88,1.54,16.38,19.91,63.81,19.01,5.67,0
1942,71.16,96.11,1.73,14.22,23.93,70.08,20.77,6.26,0
1943,91.7,85.78,1.49,16.93,18.88,62.21,18.56,5.52,0
1944,57.84,102.81,1.89,12.47,27.2,75.19,22.21,6.74,0
1945,65.27,99.07,1.8,13.45,25.37,72.34,21.41,6.47,0
1946,90.88,86.19,1.5,16.82,19.09,62.53,18.65,5.55,0
1947,66.95,98.23,1.78,13.67,24.96,71.7,21.23,6.41,0
1948,75.54,93.91,1.68,14.8,22.85,68.41,20.3,6.1,0
1949,84.06,89.62,1.58,15.92,20.76,65.14,19.38,5.79,0
1950,61.7,100.87,1.85,12.98,26.25,73.71,21.79,6.6,0
1951,76.31,93.52,1.67,14.9,22.66,68.11,20.22,6.07,0
1952,63.91,99.75,1.82,13.27,25.71,72.86,21.55,6.52,0
1953,75.69,93.83,1.68,14.82,22.82,68.35,20.28,6.09,0
1954,69.67,96.86,1.75,14.03,24.29,70.65,20.93,6.31,0
1955,77.71,92.82,1.66,15.08,22.32,67.57,20.07,6.02,0
1956,83.26,90.02,1.59,15.82,20.96,65.45,19.47,5.82,0
1957,59.64,101.9,1.87,12.7,26.76,74.5,22.02,6.67,0
1958,50.9,106.3,1.97,11.55,28.9,77.85,22.96,6.99,0
1959,69.74,96.82,1.75,14.03,24.28,70.63,20.93,6.31,0
1960,52.69,105.4,1.95,11.79,28.46,77.16,22.76,6.92,0
1961,91.27,85.99,1.5,16.87,18.99,62.37,18.61,5.54,0
1962,76.02,93.67,1.68,14.86,22.74,68.22,20.25,6.08,0
1963,59.23,102.11,1.87,12.65,26.86,74.65,22.06,6.69,0
1964,78.13,92.6,1.65,15.14,22.22,67.41,20.02,6.01,0
1965,72.59,95.39,1.72,14.41,23.58,69.53,20.62,6.21,0
1966,70.34,96.52,1.74,14.11,24.13,70.4,20.86,6.29,0
1967,73.08,95.14,1.71,14.47,23.46,69.35,20.57,6.19,0
1968,91.55,85.85,1.5,16.91,18.92,62.27,18.58,5.53,0
1969,85.89,88.7,1.56,16.16,20.31,64.44,19.19,5.73,0
1970,63.72,99.85,1.82,13.24,25.76,72.93,21.58,6.53,0
1971,51.71,105.89,1.96,11.66,28.7,77.54,22.87,6.96,0
1972,59.82,101.81,1.87,12.73,26.71,74.43,22.0,6.67,0
1973,76.7,93.32,1.67,14.95,22.57,67.96,20.18,6.06,0
1974,62.4,100.51,1.84,13.07,26.08,73.44,21.72,6.57,0
1975,78.37,92.48,1.65,15.17,22.16,67.32,20.0,6.0,0
1976,57.0,103.23,1.9,12.36,27.41,75.51,22.3,6.77,0
1977,57.75,102.85,1.89,12.46,27.22,75.22,22.22,6.74,0
1978,88.8,87.24,1.53,16.55,19.6,63.32,18.87,5.62,0
1979,57.5,102.98,1.89,12.42,27.28,75.32,22.25,6.75,0
1980,59.76,101.84,1.87,12.72,26.73,74.45,22.0,6.67,0
1981,91.11,86.07,1.5,16.85,19.03,62.44,18.62,5.54,0
1982,90.82,86.22,1.5,16.81,19.1,62.55,18.65,5.55,0
1983,81.63,90.84,1.61,15.6,21.36,66.07,19.65,5.88,0
1984,74.73,94.31,1.69,14.69,23.05,68.72,20.39,6.13,0
1985,54.81,104.33,1.93,12.07,27.94,76.35,22.54,6.85,0
1986,58.71,102.37,1.88,12.58,26.98,74.85,22.12,6.71,0
1987,83.03,90.14,1.6,15.79,21.01,65.53,19.49,5.83,0
1988,86.15,88.57,1.56,16.2,20.25,64.34,19.16,5.72,0
1989,61.42,101.01,1.85,12.94,26.32,73.81,21.82,6.61,0
1990,56.11,103.68,1.91,12.24,27.62,75.85,22.4,6.8,0
1991,78.11,92.61,1.65,15.14,22.22,67.42,20.02,6.01,0
1992,53.62,104.93,1.94,11.91,28.23,76.8,22.66,6.89,0
1993,68.53,97.43,1.77,13.87,24.57,71.09,21.06,6.35,0
1994,77.05,93.14,1.67,15.0,22.48,67.82,20.14,6.05,0
1995,59.71,101.87,1.87,12.71,26.74,74.47,22.01,6.67,0
1996,87.0,88.14,1.55,16.31,20.04,64.01,19.07,5.69,0
1997,62.44,100.49,1.84,13.07,26.07,73.42,21.71,6.57,0
1998,67.03,98.18,1.78,13.68,24.94,71.66,21.22,6.41,0
1999,66.61,98.4,1.79,13.62,25.04,71.83,21.26,6.42,0
2000,85.13,89.08,1.57,16.06,20.5,64.73,19.27,5.76,0
2001,57.73,102.86,1.89,12.45,27.22,75.23,22.22,6.74,0
2002,80.21,91.55,1.63,15.41,21.7,66.61,19.8,5.93,0
2003,56.68,103.39,1.9,12.31,27.48,75.63,22.33,6.78,0
2004,66.87,98.27,1.78,13.66,24.98,71.73,21.24,6.41,0
2005,84.12,89.59,1.58,15.93,20.74,65.11,19.38,5.79,0
2006,57.08,103.19,1.9,12.37,27.38,75.48,22.29,6.76,0
2007,56.39,103.54,1.91,12.28,27.55,75.74,22.37,6.79,0
2008,52.65,105.42,1.95,11.78,28.47,77.17,22.77,6.92,0
2009,64.77,99.32,1.81,13.38,25.5,72.53,21.46,6.49,0
2010,65.11,99.15,1.81,13.43,25.41,72.4,21.42,6.47,0
2011,77.56,92.89,1.66,15.06,22.36,67.63,20.08,6.03,0
2012,74.28,94.54,1.7,14.63,23.16,68.89,20.44,6.15,0
2013,89.29,86.99,1.52,16.61,19.48,63.14,18.82,5.61,0
2014,54.16,104.66,1.93,11.98,28.1,76.6,22.61,6.87,0
2015,61.39,101.02,1.85,12.94,26.33,73.82,21.83,6.61,0
2016,82.12,90.6,1.61,15.66,21.24,65.88,19.59,5.86,0
2017,66.96,98.22,1.78,13.67,24.96,71.69,21.23,6.41,0
2018,87.69,87.8,1.54,16.4,19.87,63.75,18.99,5.66,0
2019,67.96,97.72,1.77,13.8,24.71,71.31,21.12,6.37,0
2020,66.21,98.6,1.79,13.57,25.14,71.98,21.31,6.44,0
2021,64.76,99.32,1.81,13.38,25.5,72.53,21.46,6.49,0
2022,88.03,87.62,1.54,16.44,19.79,63.62,18.95,5.65,0
2023,81.12,91.1,1.62,15.53,21.48,66.26,19.7,5.9,0
2024,62.03,100.7,1.84,13.02,26.17,73.58,21.76,6.59,0
2025,67.32,98.04,1.78,13.72,24.87,71.55,21.19,6.4,0
2026,81.85,90.73,1.61,15.63,21.3,65.98,19.62,5.87,0
2027,90.91,86.17,1.5,16.82,19.08,62.51,18.64,5.55,0
2028,70.69,96.34,1.74,14.16,24.04,70.26,20.82,6.27,0
2029,88.76,87.25,1.53,16.54,19.61,63.34,18.88,5.63,0
2030,74.48,94.44,1.7,14.66,23.11,68.81,20.41,6.14,0
2031,87.92,87.68,1.54,16.43,19.81,63.66,18.97,5.66,0
2032,71.19,96.1,1.73,14.23,23.92,70.07,20.77,6.26,0
2033,68.25,97.57,1.77,13.84,24.64,71.2,21.09,6.36,0
2034,69.82,96.78,1.75,14.05,24.26,70.59,20.92,6.31,0
2035,74.7,94.33,1.69,14.69,23.06,68.73,20.39,6.13,0
2036,82.42,90.44,1.6,15.71,21.16,65.77,19.56,5.85,0
2037,58.33,102.56,1.88,12.53,27.08,75.0,22.16,6.72,0
2038,87.69,87.79,1.54,16.4,19.87,63.75,18.99,5.66,0
2039,54.4,104.54,1.93,12.01,28.04,76.51,22.58,6.86,0
2040,83.79,89.75,1.59,15.89,20.83,65.24,19.41,5.8,0
2041,57.72,102.87,1.89,12.45,27.23,75.23,22.22,6.74,0
2042,55.63,103.92,1.92,12.18,27.74,76.04,22.45,6.82,0
2043,78.34,92.5,1.65,15.17,22.16,67.33,20.0,6.0,0
2044,61.38,101.03,1.85,12.93,26.33,73.83,21.83,6.61,0
2045,56.1,103.68,1.91,12.24,27.62,75.85,22.4,6.8,0
2046,65.42,98.99,1.8,13.47,25.34,72.28,21.39,6.46,0
2047,68.13,97.63,1.77,13.82,24.67,71.24,21.1,6.37,0
2048,57.99,102.74,1.89,12.49,27.16,75.13,22.19,6.73,0
2049,84.18,89.56,1.58,15.94,20.73,65.09,19.37,5.79,0
2050,65.09,99.16,1.81,13.42,25.42,72.41,21.43,6.48,0
2051,80.75,91.28,1.62,15.49,21.57,66.41,19.74,5.91,0
2052,58.42,102.51,1.88,12.54,27.05,74.96,22.15,6.72,0
2053,69.9,96.74,1.75,14.06,24.24,70.57,20.91,6.3,0
2054,57.91,102.77,1.89,12.48,27.18,75.16,22.2,6.73,0
2055,75.72,93.82,1.68,14.82,22.81,68.34,20.28,6.09,0
2056,71.13,96.12,1.73,14.22,23.93,70.09,20.78,6.26,0
2057,65.26,99.07,1.8,13.45,25.38,72.34,21.41,6.47,0
2058,57.98,102.74,1.89,12.49,27.16,75.13,22.19,6.73,0
2059,67.81,97.79,1.77,13.78,24.75,71.36,21.13,6.38,0
2060,70.59,96.39,1.74,14.15,24.07,70.3,20.83,6.28,0
2061,57.88,102.79,1.89,12.47,27.19,75.17,22.2,6.73,0
2062,60.79,101.32,1.86,12.86,26.47,74.06,21.89,6.63,0
2063,82.43,90.44,1.6,15.71,21.16,65.76,19.56,5.85,0
2064,76.61,93.37,1.67,14.94,22.59,67.99,20.19,6.06,0
2065,84.68,89.31,1.58,16.0,20.61,64.9,19.32,5.77,0
2066,70.57,96.4,1.74,14.14,24.07,70.31,20.84,6.28,0
2067,63.95,99.74,1.82,13.27,25.7,72.85,21.55,6.52,0
2068,77.12,93.11,1.66,15.01,22.46,67.8,20.13,6.04,0
2069,86.41,88.44,1.56,16.23,20.18,64.24,19.13,5.71,0
2070,60.79,101.32,1.86,12.86,26.47,74.06,21.89,6.63,0
2071,63.86,99.78,1.82,13.26,25.72,72.88,21.56,6.52,0
2072,60.02,101.71,1.86,12.75,26.66,74.35,21.97,6.66,0
2073,56.56,103.45,1.91,12.3,27.51,75.68,22.35,6.78,0
2074,56.69,103.39,1.9,12.32,27.48,75.63,22.33,6.78,0
2075,66.22,98.59,1.79,13.57,25.14,71.98,21.31,6.44,0
2076,51.0,106.25,1.97,11.57,28.88,77.81,22.95,6.98,0
2077,64.9,99.26,1.81,13.4,25.46,72.48,21.45,6.48,0
2078,60.99,101.22,1.85,12.88,26.42,73.98,21.87,6.62,0
2079,84.84,89.23,1.57,16.02,20.57,64.84,19.3,5.77,0
2080,87.23,88.03,1.55,16.34,19.98,63.92,19.04,5.68,0
2081,63.29,100.07,1.83,13.18,25.86,73.1,21.62,6.54,0
2082,82.21,90.55,1.61,15.68,21.21,65.85,19.58,5.86,0
2083,77.34,93.0,1.66,15.04,22.41,67.71,20.11,6.04,0
2084,70.49,96.45,1.74,14.13,24.09,70.34,20.85,6.28,0
2085,51.85,105.82,1.96,11.68,28.67,77.48,22.85,6.95,0
2086,62.32,100.55,1.84,13.06,26.1,73.47,21.73,6.58,0
2087,51.95,105.77,1.96,11.69,28.65,77.45,22.84,6.95,0
2088,86.66,88.31,1.55,16.26,20.12,64.14,19.1,5.7,0
2089,88.0,87.64,1.54,16.44,19.79,63.63,18.96,5.65,0
2090,59.68,101.88,1.87,12.71,26.75,74.48,22.01,6.67,0
2091,67.73,97.83,1.77,13.77,24.77,71.4,21.14,6.38,0
2092,88.05,87.61,1.54,16.45,19.78,63.61,18.95,5.65,0
2093,87.39,87.95,1.54,16.36,19.94,63.86,19.02,5.67,0
2094,78.55,92.39,1.65,15.2,22.11,67.25,19.98,5.99,0
2095,91.74,85.76,1.49,16.93,18.88,62.2,18.55,5.52,0
2096,76.33,93.51,1.67,14.9,22.66,68.1,20.22,6.07,0
2097,69.1,97.14,1.76,13.95,24.43,70.87,21.0,6.33,0
2098,67.1,98.15,1.78,13.69,24.93,71.64,21.21,6.4,0
2099,74.75,94.3,1.69,14.69,23.05,68.71,20.39,6.13,0
2100,59.26,102.09,1.87,12.65,26.85,74.64,22.06,6.69,0
2101,51.59,105.95,1.96,11.64,28.73,77.58,22.88,6.96,0
2102,73.63,94.87,1.71,14.55,23.32,69.14,20.51,6.17,0
2103,88.77,87.25,1.53,16.54,19.61,63.34,18.88,5.63,0
2104,76.4,93.47,1.67,14.91,22.64,68.07,20.21,6.07,0
2105,91.85,85.7,1.49,16.95,18.85,62.15,18.54,5.51,0
2106,55.56,103.96,1.92,12.17,27.76,76.06,22.45,6.82,0
2107,82.47,90.42,1.6,15.71,21.15,65.75,19.55,5.85,0
2108,69.62,96.88,1.75,14.02,24.31,70.67,20.94,6.31,0
2109,80.45,91.43,1.63,15.45,21.65,66.52,19.77,5.92,0
2110,72.56,95.41,1.72,14.41,23.58,69.55,20.62,6.21,0
2111,90.38,86.44,1.51,16.75,19.21,62.72,18.7,5.57,0
2112,80.21,91.55,1.63,15.41,21.71,66.61,19.8,5.93,0
2113,71.8,95.79,1.73,14.31,23.77,69.84,20.7,6.23,0
2114,83.54,89.88,1.59,15.85,20.89,65.34,19.44,5.81,0
2115,56.18,103.64,1.91,12.25,27.61,75.82,22.39,6.8,0
2116,83.06,90.12,1.6,15.79,21.01,65.52,19.49,5.83,0
2117,71.37,96.0,1.73,14.25,23.88,70.0,20.75,6.25,0
2118,68.17,97.61,1.77,13.83,24.66,71.23,21.1,6.37,0
2119,82.64,90.33,1.6,15.73,21.11,65.68,19.54,5.85,0
2120,76.18,93.58,1.68,14.88,22.7,68.16,20.23,6.08,0
2121,80.36,91.48,1.63,15.43,21.67,66.56,19.78,5.93,0
2122,84.76,89.27,1.58,16.01,20.59,64.87,19.31,5.77,0
2123,91.32,85.97,1.5,16.88,18.98,62.35,18.6,5.53,0
2124,63.82,99.8,1.82,13.25,25.73,72.9,21.56,6.52,0
2125,68.91,97.24,1.76,13.93,24.48,70.95,21.02,6.34,0
2126,60.13,101.66,1.86,12.77,26.64,74.31,21.96,6.65,0
2127,68.54,97.42,1.77,13.88,24.57,71.09,21.06,6.35,0
2128,50.97,106.26,1.97,11.56,28.88,77.82,22.95,6.98,0
2129,63.66,99.88,1.82,13.23,25.77,72.95,21.58,6.53,0
2130,53.86,104.81,1.94,11.94,28.18,76.71,22.64,6.88,0
2131,73.42,94.97,1.71,14.52,23.37,69.22,20.53,6.18,0
2132,87.93,87.68,1.54,16.43,19.81,63.66,18.97,5.66,0
2133,61.04,101.2,1.85,12.89,26.41,73.96,21.86,6.62,0
2134,71.65,95.86,1.73,14.29,23.81,69.89,20.72,6.24,0
2135,90.95,86.16,1.5,16.83,19.07,62.5,18.64,5.55,0
2136,73.89,94.73,1.7,14.58,23.26,69.03,20.48,6.16,0
2137,88.26,87.51,1.53,16.47,19.73,63.53,18.93,5.64,0
2138,67.88,97.76,1.77,13.79,24.73,71.34,21.13,6.38,0
2139,58.01,102.72,1.89,12.49,27.16,75.12,22.19,6.73,0
2140,88.61,87.33,1.53,16.52,19.64,63.39,18.89,5.63,0
2141,69.04,97.17,1.76,13.94,24.45,70.89,21.0,6.33,0
2142,76.62,93.36,1.67,14.94,22.59,67.99,20.18,6.06,0
2143,65.98,98.72,1.8,13.54,25.2,72.07,21.33,6.44,0
2144,67.98,97.71,1.77,13.8,24.71,71.3,21.12,6.37,0
2145,75.41,93.97,1.68,14.78,22.88,68.45,20.31,6.1,0
2146,79.17,92.08,1.64,15.28,21.96,67.01,19.91,5.97,0
2147,56.18,103.64,1.91,12.25,27.6,75.82,22.39,6.8,0
2148,50.84,106.33,1.97,11.54,28.92,77.87,22.96,6.99,0
2149,57.42,103.02,1.9,12.41,27.3,75.35,22.25,6.75,0
2150,91.43,85.91,1.5,16.89,18.95,62.32,18.59,5.53,0
2151,79.05,92.14,1.64,15.26,21.99,67.06,19.92,5.97,0
2152,71.67,95.85,1.73,14.29,23.8,69.89,20.72,6.24,0
2153,51.43,106.03,1.97,11.62,28.77,77.64,22.9,6.97,0
2154,81.32,91.0,1.62,15.56,21.43,66.19,19.68,5.89,0
2155,90.84,86.21,1.5,16.81,19.1,62.54,18.65,5.55,0
2156,81.26,91.03,1.62,15.55,21.45,66.21,19.68,5.89,0
2157,62.59,100.42,1.83,13.09,26.03,73.37,21.7,6.57,0
2158,56.31,103.58,1.91,12.27,27.57,75.77,22.37,6.79,0
2159,90.3,86.48,1.51,16.74,19.23,62.75,18.71,5.57,0
2160,77.05,93.15,1.67,15.0,22.48,67.83,20.14,6.05,0
2161,84.62,89.34,1.58,15.99,20.62,64.92,19.32,5.77,0
2162,82.89,90.21,1.6,15.77,21.05,65.59,19.51,5.84,0
2163,56.4,103.53,1.91,12.28,27.55,75.74,22.36,6.79,0
2164,64.89,99.26,1.81,13.4,25.47,72.48,21.45,6.48,0
2165,69.92,96.73,1.75,14.06,24.23,70.56,20.91,6.3,0
2166,66.39,98.51,1.79,13.59,25.1,71.91,21.29,6.43,0
2167,74.57,94.39,1.69,14.67,23.09,68.78,20.41,6.14,0
2168,63.86,99.78,1.82,13.26,25.72,72.88,21.56,6.52,0
2169,72.75,95.31,1.72,14.43,23.54,69.47,20.6,6.2,0
2170,87.05,88.12,1.55,16.31,20.03,63.99,19.06,5.69,0
2171,91.53,85.86,1.5,16.91,18.93,62.28,18.58,5.53,0
2172,76.93,93.21,1.67,14.98,22.51,67.87,20.15,6.05,0
2173,69.2,97.1,1.76,13.96,24.41,70.83,20.98,6.33,0
2174,75.29,94.03,1.69,14.77,22.91,68.5,20.33,6.11,0
2175,69.51,96.94,1.75,14.0,24.33,70.72,20.95,6.32,0
2176,79.89,91.72,1.63,15.37,21.79,66.74,19.83,5.94,0
2177,78.74,92.3,1.65,15.22,22.07,67.18,19.96,5.99,0
2178,83.53,89.88,1.59,15.85,20.89,65.34,19.44,5.81,0
2179,54.31,104.58,1.93,12.0,28.07,76.54,22.59,6.86,0
2180,52.04,105.73,1.96,11.7,28.62,77.41,22.83,6.94,0
2181,83.78,89.76,1.59,15.88,20.83,65.25,19.41,5.8,0
2182,73.89,94.73,1.7,14.58,23.26,69.04,20.48,6.16,0
2183,52.06,105.71,1.96,11.71,28.62,77.4,22.83,6.94,0
2184,69.57,96.91,1.75,14.01,24.32,70.69,20.94,6.31,0
2185,91.03,86.11,1.5,16.84,19.05,62.47,18.63,5.54,0
2186,69.12,97.13,1.76,13.95,24.43,70.86,20.99,6.33,0
2187,57.9,102.78,1.89,12.47,27.18,75.17,22.2,6.73,0
2188,69.68,96.85,1.75,14.03,24.29,70.65,20.93,6.31,0
2189,68.45,97.47,1.77,13.86,24.59,71.12,21.07,6.36,0
2190,66.05,98.68,1.79,13.55,25.18,72.04,21.32,6.44,0
2191,77.58,92.88,1.66,15.07,22.35,67.62,20.08,6.03,0
2192,71.39,95.99,1.73,14.25,23.87,69.99,20.75,6.25,0
2193,74.85,94.25,1.69,14.71,23.02,68.67,20.38,6.13,0
2194,74.87,94.24,1.69,14.71,23.02,68.66,20.37,6.12,0
2195,83.88,89.71,1.59,15.9,20.8,65.21,19.4,5.8,0
2196,71.14,96.12,1.73,14.22,23.93,70.09,20.78,6.26,0
2197,84.54,89.38,1.58,15.98,20.64,64.95,19.33,5.78,0
2198,81.36,90.98,1.62,15.57,21.42,66.17,19.67,5.89,0
2199,85.32,88.98,1.57,16.09,20.45,64.65,19.25,5.75,0
2200,69.84,96.77,1.75,14.05,24.25,70.59,20.92,6.31,0
2201,87.29,87.99,1.55,16.35,19.97,63.9,19.03,5.68,0
2202,73.54,94.91,1.71,14.54,23.34,69.17,20.52,6.17,0
2203,90.78,86.24,1.51,16.81,19.11,62.56,18.66,5.55,0
2204,74.96,94.2,1.69,14.72,22.99,68.63,20.36,6.12,0
2205,86.38,88.45,1.56,16.23,20.19,64.25,19.13,5.71,0
2206,54.4,104.54,1.93,12.01,28.04,76.51,22.58,6.86,0
2207,73.64,94.86,1.71,14.55,23.32,69.13,20.51,6.17,0
2208,65.81,98.8,1.8,13.52,25.24,72.13,21.35,6.45,0
2209,50.96,106.27,1.97,11.56,28.89,77.82,22.95,6.98,0
2210,60.28,101.58,1.86,12.79,26.6,74.25,21.95,6.65,0
2211,57.97,102.74,1.89,12.48,27.17,75.14,22.19,6.73,0
2212,65.12,99.14,1.81,13.43,25.41,72.4,21.42,6.47,0
2213,55.72,103.87,1.91,12.19,27.72,76.0,22.44,6.81,0
2214,53.39,105.05,1.94,11.88,28.29,76.89,22.69,6.9,0
2215,61.47,100.98,1.85,12.95,26.31,73.79,21.82,6.61,0
2216,54.78,104.35,1.93,12.06,27.95,76.36,22.54,6.85,0
2217,71.63,95.87,1.73,14.28,23.81,69.9,20.72,6.24,0
2218,55.0,104.24,1.92,12.09,27.9,76.28,22.51,6.84,0
2219,63.1,100.16,1.83,13.16,25.91,73.17,21.64,6.55,0
2220,55.13,104.17,1.92,12.11,27.86,76.23,22.5,6.83,0
2221,70.25,96.57,1.75,14.1,24.15,70.43,20.87,6.29,0
2222,81.3,91.01,1.62,15.56,21.44,66.2,19.68,5.89,0
2223,88.28,87.5,1.53,16.48,19.72,63.52,18.93,5.64,0
2224,66.9,98.25,1.78,13.66,24.97,71.72,21.23,6.41,0
2225,68.21,97.59,1.77,13.83,24.65,71.21,21.09,6.36,0
2226,65.29,99.06,1.8,13.45,25.37,72.33,21.41,6.47,0
2227,71.69,95.84,1.73,14.29,23.8,69.88,20.72,6.24,0
2228,66.37,98.52,1.79,13.59,25.1,71.92,21.29,6.43,0
2229,58.73,102.36,1.88,12.58,26.98,74.85,22.11,6.7,0
2230,83.05,90.13,1.6,15.79,21.01,65.53,19.49,5.83,0
2231,65.48,98.96,1.8,13.47,25.32,72.26,21.39,6.46,0
2232,77.34,93.0,1.66,15.04,22.41,67.71,20.11,6.04,0
2233,78.26,92.54,1.65,15.16,22.18,67.36,20.01,6.0,0
2234,90.01,86.63,1.51,16.7,19.3,62.86,18.74,5.58,0
2235,90.62,86.32,1.51,16.79,19.15,62.62,18.68,5.56,0
2236,86.73,88.27,1.55,16.27,20.1,64.11,19.09,5.7,0
2237,56.64,103.41,1.9,12.31,27.49,75.65,22.34,6.78,0
2238,87.94,87.67,1.54,16.43,19.81,63.65,18.96,5.65,0
2239,85.87,88.71,1.56,16.16,20.32,64.45,19.19,5.73,0
