feature,value,importance,min,max,rule,importance_ratio
ns,2,-0.4314650734847481,1.0,6.0,1.4968350645973174 < ns <= 2.497149685556895,0.552929233800218
nd,11,0.17874580377216653,1.0,35.0,8.51515966943804 < nd <= 15.509541410609344,0.22906554063927456
ld,69,0.06336862912339879,0.0,6893.0,56.843026768805146 < ld <= 5592.8753493851755,0.08120788842809926
age,30.9545454545455,0.05949765199897962,0.0,536.25,age <= 91.7448502777025,0.07624717075476266
aexp,45,-0.034131844394391674,0.0,418.0,37.50499970963143 < aexp <= 46.526175674707815,0.04374049194006518
