feature,value,importance,min,max,rule,importance_ratio
ns,1,0.4724651100753684,1.0,6.0,ns <= 1.4968350645973174,0.5181173357855979
aexp,604,0.15274015061848437,0.0,418.0,aexp > 173.5744038495336,0.1674987596297131
nd,2,-0.10641166805187693,1.0,35.0,1.4827649840212431 < nd <= 2.5091144786496407,0.1166937595428896
la,19,-0.07836697616547386,0.0,8385.0,8.552227006528142 < la <= 31.73099605258426,0.08593923241856244
age,112.0,-0.0431415182712788,0.0,536.25,98.64853560228445 < age <= 151.75380732983808,0.04731009344773624
