feature,value,importance,min,max,rule,importance_ratio
ns,1,0.46644268113895015,1.0,6.0,ns <= 1.4968350645973174,0.5802737309161901
aexp,329,0.15183225910680354,0.0,418.0,aexp > 173.5744038495336,0.1888855266207787
age,67.0,0.06039465905218882,0.0,536.25,age <= 91.7448502777025,0.07513342057388839
ld,31,0.05346048334968044,0.0,6893.0,19.414412417987634 < ld <= 56.843026768805146,0.06650702301546194
nd,4,0.03776078016594798,1.0,35.0,3.497451029032542 < nd <= 4.485787579415443,0.046975951548210465
