feature,value,importance,min,max,rule,importance_ratio
ns,1,0.4658319026236928,1.0,6.0,ns <= 1.4968350645973174,0.6217969214720557
nd,7,0.09876767176174778,1.0,35.0,4.485787579415443 < nd <= 8.51515966943804,0.131836041920959
age,36.7,0.06453600936341759,0.0,536.25,age <= 91.7448502777025,0.08614328842711565
ld,35,0.05241507337261808,0.0,6893.0,19.414412417987634 < ld <= 56.843026768805146,0.06996414603263841
aexp,125,0.03361839793393591,0.0,418.0,77.34852688871881 < aexp <= 157.78734591064995,0.04487416216538165
