feature,value,importance,min,max,rule,importance_ratio
ns,1,0.4715479318186213,1.0,6.0,ns <= 1.4968350645973174,0.5842879940169479
nd,2,-0.10887760218519049,1.0,35.0,1.4827649840212431 < nd <= 2.5091144786496407,0.13490860945739394
age,7.0,0.0635992537157757,0.0,536.25,age <= 91.7448502777025,0.07880488465138476
la,5,-0.06352276790561692,0.0,8385.0,0.8259706578427313 < la <= 8.552227006528142,0.0787101122272622
nuc,727.5,-0.035005337922980544,0.0,593.0,nuc > 569.9225409414807,0.043374590990192106
