feature,value,importance,min,max,rule,importance_ratio
ns,1,0.4727013276054712,1.0,6.0,ns <= 1.4968350645973174,0.6063589091499932
age,514.6,-0.10552124666121461,0.0,536.25,age > 172.46486330358397,0.13535766514927997
aexp,9,-0.07499991547903816,0.0,418.0,aexp <= 36.753235045875066,0.09620634485327159
ld,77,0.06278010839993775,0.0,6893.0,56.843026768805146 < ld <= 5592.8753493851755,0.08053135420316933
nd,4,0.03655049639359431,1.0,35.0,3.497451029032542 < nd <= 4.485787579415443,0.046885248311822364
