feature,value,importance,min,max,rule,importance_ratio
ns,1,0.47372187175722025,1.0,6.0,ns <= 1.4968350645973174,0.5599714486856087
aexp,243,0.1534198752911915,0.0,418.0,aexp > 173.5744038495336,0.1813527196987913
nd,2,-0.10586759297194727,1.0,35.0,1.4827649840212431 < nd <= 2.5091144786496407,0.1251426901305114
age,127.666666666667,-0.04367063068847599,0.0,536.25,98.64853560228445 < age <= 151.75380732983808,0.05162165352621252
ld,15,0.03253867318765982,0.0,6893.0,2.401405894888768 < ld <= 19.414412417987634,0.03846292318235934
