feature,value,importance,min,max,rule,importance_ratio
ns,1,0.47453578799405605,1.0,6.0,ns <= 1.4968350645973174,0.4928436569830302
ld,0,-0.18001707170265518,0.0,6893.0,ld <= -1.0011954097309967,0.18696223589868471
nd,2,-0.1084099486194736,1.0,35.0,1.4827649840212431 < nd <= 2.5091144786496407,0.11259246801346207
aexp,27,-0.07611805251925075,0.0,418.0,aexp <= 36.753235045875066,0.07905473162433807
la,12,-0.0748294272662213,0.0,8385.0,8.552227006528142 < la <= 31.73099605258426,0.07771639045334157
