feature,value,importance,min,max,rule,importance_ratio
ns,1,0.4708242973122867,1.0,6.0,ns <= 1.4968350645973174,0.613213469227062
nd,6,0.09759182426737055,1.0,35.0,4.485787579415443 < nd <= 8.51515966943804,0.1271060594553355
aexp,0,-0.07835772721794834,0.0,418.0,aexp <= 36.753235045875066,0.10205508513974469
ld,576,0.06477786410041747,0.0,6893.0,56.843026768805146 < ld <= 5592.8753493851755,0.08436832805973275
age,99.1666666666667,-0.037416212598248975,0.0,536.25,98.64853560228445 < age <= 151.75380732983808,0.04873182132631371
