feature,value,importance,min,max,rule,importance_ratio
ns,1,0.4664696207065687,1.0,6.0,ns <= 1.4968350645973174,0.5374391093176487
aexp,301,0.15518097976642825,0.0,418.0,aexp > 173.5744038495336,0.17879048033692208
nd,1,-0.13837540782830818,1.0,35.0,nd <= 1.4827649840212431,0.1594280798437966
ld,44,0.05157678154637187,0.0,6893.0,19.414412417987634 < ld <= 56.843026768805146,0.05942376160266572
age,124.5,-0.03958838620700688,0.0,536.25,98.64853560228445 < age <= 151.75380732983808,0.04561143122287204
