feature,value,importance,min,max,rule,importance_ratio
ns,1,0.46278737216806,1.0,6.0,ns <= 1.4968350645973174,0.5354658126813885
nd,1,-0.13813118597467988,1.0,35.0,nd <= 1.4827649840212431,0.15982399737501038
la,492,0.12237534984049933,0.0,8385.0,363.9600190460562 < la <= 3755.7865561189433,0.1415937860351037
ld,92,0.06656915617961037,0.0,6893.0,56.843026768805146 < ld <= 5592.8753493851755,0.077023508973976
age,6.0,0.0596539122764775,0.0,536.25,age <= 91.7448502777025,0.06902226062717286
