commit_id,label,pred,score_or_proba,feature,value_actual,min,max,operator,threshold
,True,True,0.8177479080739567,la,376.0,0.0,9094.0,<,125.5
,True,True,0.8177479080739567,arexp,709.350000000001,0.0,2143.5,<,743.5849914550781
,True,True,0.8177479080739567,nuc,26.2222222222222,0.0,480.0,<,29.4399995803833
,True,True,0.8177479080739567,age,6.77777777777778,0.0,575.0,<,4.760000050067902
