commit_id,label,pred,score_or_proba,feature,value_actual,min,max,operator,threshold
,True,True,0.9992888192711429,la,1184.0,0.0,9094.0,<,75.07500076293945
,True,True,0.9992888192711429,nd,18.0,1.0,46.0,<,13.5
,True,True,0.9992888192711429,arexp,65.5,0.0,2143.5,<,299.5
,True,True,0.9992888192711429,ld,544.0,0.0,9176.0,<,411.0
