commit_id,label,pred,score_or_proba,feature,value_actual,min,max,operator,threshold
,True,True,0.9999460572585973,age,17.877551020408198,0.0,575.0,<,57.040000915527344
,True,True,0.9999460572585973,ld,649.0,0.0,9176.0,>,169.0
,True,True,0.9999460572585973,la,1698.0,0.0,9094.0,<,142.0
,True,True,0.9999460572585973,nd,13.0,1.0,46.0,<,9.0
