commit_id,label,pred,score_or_proba,feature,value_actual,min,max,operator,threshold
,True,True,0.9999770759770593,ld,411.0,0.0,9176.0,<,70.5
,True,True,0.9999770759770593,nd,11.0,1.0,46.0,>,-0.5249999761581421
,True,True,0.9999770759770593,la,1735.0,0.0,9094.0,<,183.0
