commit_id,label,pred,score_or_proba,feature,value_actual,min,max,operator,threshold
,True,True,0.5996637382622189,age,366.833333333333,0.0,575.0,>,191.9499969482422
,True,True,0.5996637382622189,la,64.0,0.0,9094.0,<,58.82499885559082
