commit_id,label,pred,score_or_proba,feature,value_actual,min,max,operator,threshold
,True,True,0.9999999999996521,nd,7.0,1.0,46.0,<,12.5
,True,True,0.9999999999996521,la,5027.0,0.0,9094.0,<,80.82499694824219
,True,True,0.9999999999996521,age,19.3589743589744,0.0,575.0,<,138.1500015258789
