commit_id,label,pred,score_or_proba,feature,value_actual,min,max,operator,threshold
,True,True,0.9824662173154806,la,785.0,0.0,9094.0,<,127.52999877929688
,True,True,0.9824662173154806,nd,6.0,1.0,46.0,<,3.009999990463257
,True,True,0.9824662173154806,age,64.0625,0.0,575.0,>,15.5
