commit_id,label,pred,score_or_proba,feature,value_actual,min,max,operator,threshold
,True,True,0.7268496732289214,nd,7.0,1.0,46.0,<,6.0
,True,True,0.7268496732289214,la,260.0,0.0,9094.0,<,142.86000061035156
,True,True,0.7268496732289214,age,11.055555555555598,0.0,575.0,>,0.8100000023841858
,True,True,0.7268496732289214,ld,45.0,0.0,9176.0,<,19.5
