commit_id,label,pred,score_or_proba,feature,value_actual,min,max,operator,threshold
,True,True,0.9734398557323245,ld,561.0,0.0,9176.0,>,106.27999877929688
,True,True,0.9734398557323245,la,639.0,0.0,9094.0,<,104.42499923706056
,True,True,0.9734398557323245,arexp,909.916666666693,0.0,2143.5,>,242.18499755859372
,True,True,0.9734398557323245,age,1.1568627450980402,0.0,575.0,<,0.2449999973177909
