commit_id,label,pred,score_or_proba,feature,value_actual,min,max,operator,threshold
,True,True,0.9999932296316516,la,1970.0,0.0,9094.0,<,149.94000244140625
,True,True,0.9999932296316516,arexp,1408.16666666664,0.0,2143.5,<,817.75
,True,True,0.9999932296316516,nuc,83.0,0.0,480.0,>,75.18999862670898
