feature,value,importance,min,max,rule,importance_ratio
la,438.0,0.359917185941396,0.0,5956.0,165.96883678608913 < la <= 871.1234134540887,0.6264517437705994
aexp,71.0,0.05120053096378909,0.0,403.0,6.128482956425856 < aexp <= 259.48003416260264,0.08911678340769437
asexp,57.0,0.04624044719951081,0.0,197.0,1.1438006319502207 < asexp <= 115.31620119105196,0.08048353874822342
age,131.0,-0.043180522593731,0.0,829.533333333333,98.2860137036514 < age <= 143.09528339386998,0.07515760495019287
nuc,10.2,0.039617994535522824,0.0,209.0,9.185789996399661 < nuc <= 67.67536906540971,0.0689568676654232
