feature,value,importance,min,max,rule,importance_ratio
la,200.0,0.3620896995211758,0.0,5956.0,165.96883678608913 < la <= 871.1234134540887,0.6325412380982707
aexp,15.0,0.05145028897200314,0.0,403.0,6.128482956425856 < aexp <= 259.48003416260264,0.08987946779458551
asexp,6.0,0.04741716513592322,0.0,197.0,1.1438006319502207 < asexp <= 115.31620119105196,0.08283392866974652
nuc,66.25,0.04081618156017291,0.0,209.0,9.185789996399661 < nuc <= 67.67536906540971,0.07130254755287699
age,32.25,0.03665615679283231,0.0,829.533333333333,6.825997486629916 < age <= 98.2860137036514,0.06403532282836033
