feature,value,importance,min,max,rule,importance_ratio
la,559,0.36177163679650365,0.0,5956.0,165.96883678608913 < la <= 871.1234134540887,0.6635599786640008
aexp,66,0.04987912526889877,0.0,403.0,6.128482956425856 < aexp <= 259.48003416260264,0.09148807682186258
nuc,43.4285714285714,0.039114113239153134,0.0,209.0,9.185789996399661 < nuc <= 67.67536906540971,0.07174293810388788
ns,4,0.034629710665059224,1.0,9.0,2.4958440955958925 < ns <= 6.503048404494037,0.06351766620934088
age,84.25714285714291,0.03333016126439549,0.0,829.533333333333,6.825997486629916 < age <= 98.2860137036514,0.06113403829363918
