feature,value,importance,min,max,rule,importance_ratio
la,114,0.20631614989219596,0.0,5956.0,105.26016462261896 < la <= 165.96883678608913,0.524381956917755
aexp,14,0.048634217216064174,0.0,403.0,6.128482956425856 < aexp <= 259.48003416260264,0.12361080802568605
asexp,13.0,0.04237832938609454,0.0,197.0,1.1438006319502207 < asexp <= 115.31620119105196,0.10771057576441345
nuc,24.5,0.03671569120477218,0.0,209.0,9.185789996399661 < nuc <= 67.67536906540971,0.0933181722012868
age,15.0,0.03450558006339636,0.0,829.533333333333,6.825997486629916 < age <= 98.2860137036514,0.0877008591313892
