feature,value,importance,min,max,rule,importance_ratio
la,4833,0.3191291142370748,0.0,5956.0,la > 871.1234134540887,0.6345291415954186
ns,3,0.04919950008069604,1.0,9.0,2.4958440955958925 < ns <= 6.503048404494037,0.09782409426278846
aexp,37,0.04690154527899777,0.0,403.0,6.128482956425856 < aexp <= 259.48003416260264,0.09325503671618221
nuc,21.5909090909091,0.036273018533214976,0.0,209.0,9.185789996399661 < nuc <= 67.67536906540971,0.07212217966379984
age,76.9545454545455,0.027207686934859195,0.0,829.533333333333,6.825997486629916 < age <= 98.2860137036514,0.054097446661503755
