feature,value,importance,min,max,rule,importance_ratio
la,119.0,0.20143816203201417,0.0,5956.0,105.26016462261896 < la <= 165.96883678608913,0.5295959885000112
ns,5.0,0.0510900843202916,1.0,9.0,2.4958440955958925 < ns <= 6.503048404494037,0.13431965142659325
nuc,35.8461538461538,0.03816486505292526,0.0,209.0,9.185789996399661 < nuc <= 67.67536906540971,0.1003382836190753
aexp,293.0,-0.03617652814927513,0.0,403.0,259.48003416260264 < aexp <= 312.2223645252268,0.09511079724143308
age,35.615384615384606,0.029427370372007006,0.0,829.533333333333,6.825997486629916 < age <= 98.2860137036514,0.07736675684442633
