feature,value,importance,min,max,rule,importance_ratio
la,1236.0,0.3229611132091764,0.0,5956.0,la > 871.1234134540887,0.6248262909546837
ns,3.0,0.059070688796108495,1.0,9.0,2.4958440955958925 < ns <= 6.503048404494037,0.1142828590657773
aexp,12.0,0.04829055513143001,0.0,403.0,6.128482956425856 < aexp <= 259.48003416260264,0.09342675392430731
nuc,64.4705882352941,0.03852045879496452,0.0,209.0,9.185789996399661 < nuc <= 67.67536906540971,0.07452474743961383
age,40.0882352941176,0.02567621226047862,0.0,829.533333333333,6.825997486629916 < age <= 98.2860137036514,0.04967524514968197
