feature,value,importance,min,max,rule,importance_ratio
la,163.0,0.19561343252631566,0.0,5956.0,105.26016462261896 < la <= 165.96883678608913,0.48124842685654623
age,190.166666666667,-0.07429907903969336,0.0,829.533333333333,146.77823706703862 < age <= 204.4778446133475,0.18279069306721746
asexp,0.0,-0.041332746868350465,0.0,197.0,asexp <= -0.15854614248820553,0.10168687881583767
aexp,0.0,-0.03889062127591016,0.0,403.0,aexp <= 0.47751898900183676,0.09567875818542085
nuc,13.5,0.03644012273114545,0.0,209.0,9.185789996399661 < nuc <= 67.67536906540971,0.08965003840655993
