feature,value,importance,min,max,rule,importance_ratio
la,165,0.12772245050899037,0.0,8960.0,143.122304060467 < la <= 476.1618029404084,0.6370604343707954
age,33.0,-0.019951222420278275,0.0,1848.0,5.089545732629134 < age <= 69.01912192572016,0.09951370624850456
nd,1,-0.019640513298922455,1.0,32.0,nd <= 1.4941000322612483,0.09796393573419726
ns,1,-0.013293082564752074,1.0,22.0,ns <= 1.5032147725771707,0.06630390286969719
aexp,198,-0.009905826827400155,0.0,1406.0,0.37596446854337273 < aexp <= 288.3855622881154,0.0494087790855627
