feature,value,importance,min,max,rule,importance_ratio
la,248,0.22546645537280158,0.0,8960.0,143.122304060467 < la <= 476.1618029404084,0.4310049089216481
asexp,0.0,0.07941071808775592,0.0,1051.0,asexp <= 0.4721763844552811,0.1518026673201725
ns,1,-0.07081290751992204,1.0,22.0,ns <= 1.5032147725771707,0.13536696935974832
nuc,8.66666666666667,-0.044074236610122164,0.0,258.0,2.691750895275984 < nuc <= 12.62508428119034,0.08425294265848657
age,104.166666666667,0.043178567131122586,0.0,1848.0,69.01912192572016 < age <= 536.7965087044349,0.0825407680399527
