feature,value,importance,min,max,rule,importance_ratio
la,2599,0.2549195345674407,0.0,8960.0,la > 476.1618029404084,0.4519430640761836
nd,5,0.0718740132328434,1.0,32.0,3.5021749794480725 < nd <= 9.505482373642016,0.12742437264771414
ld,1727,0.049832023505119345,0.0,6029.0,41.046938775510206 < ld <= 2168.054608676072,0.08834645579529682
nuc,8.20833333333333,-0.04846463767456358,0.0,258.0,2.691750895275984 < nuc <= 12.62508428119034,0.0859222377255269
aexp,343,-0.04379353143952229,0.0,1406.0,288.3855622881154 < aexp <= 796.002478445111,0.0776409027228089
