feature,value,importance,min,max,rule,importance_ratio
la,217,0.2169814860280712,0.0,8960.0,143.122304060467 < la <= 476.1618029404084,0.4913000297675647
asexp,0.0,0.07099819694209,0.0,1051.0,asexp <= 0.4721763844552811,0.16075756927288984
nd,5,0.05607107974324636,1.0,32.0,3.5021749794480725 < nd <= 9.505482373642016,0.12695886479177557
ns,1,-0.04631300856721424,1.0,22.0,ns <= 1.5032147725771707,0.10486416562173498
nuc,3.8333333333333295,-0.02135840469356725,0.0,258.0,2.691750895275984 < nuc <= 12.62508428119034,0.048360738299947574
