feature,value,importance,min,max,rule,importance_ratio
la,1919,0.2571781810512394,0.0,8960.0,la > 476.1618029404084,0.5172046015471239
ns,5,0.07179377689202524,1.0,22.0,1.5032147725771707 < ns <= 5.499821160683655,0.14438266737567812
nd,10,0.0628763291251848,1.0,32.0,nd > 9.505482373642016,0.12644901141694387
age,203.93023255814,0.056238883064913335,0.0,1848.0,69.01912192572016 < age <= 536.7965087044349,0.11310060981125218
ld,326,0.029876910075910663,0.0,6029.0,41.046938775510206 < ld <= 2168.054608676072,0.060084705895761516
