feature,value,importance,min,max,rule,importance_ratio
la,329,0.22086025345927052,0.0,8960.0,143.122304060467 < la <= 476.1618029404084,0.565746874619201
ns,2,0.05731364325285207,1.0,22.0,1.5032147725771707 < ns <= 5.499821160683655,0.146812357748745
nuc,11.25,-0.0356188498375083,0.0,258.0,2.691750895275984 < nuc <= 12.62508428119034,0.0912398344993166
ld,52,0.029759999163497815,0.0,6029.0,41.046938775510206 < ld <= 2168.054608676072,0.07623203474464824
aexp,75,-0.018496643535059396,0.0,1406.0,0.37596446854337273 < aexp <= 288.3855622881154,0.04738026922909005
