feature,value,importance,min,max,rule,importance_ratio
la,895,0.27928672585972514,0.0,8960.0,la > 476.1618029404084,0.40699982352609987
ld,168,0.0935040237345144,0.0,6029.0,41.046938775510206 < ld <= 2168.054608676072,0.13626183285933083
nd,5,0.07395532397331224,1.0,32.0,3.5021749794480725 < nd <= 9.505482373642016,0.1077738432189992
nuc,7.78571428571429,-0.06948247095301861,0.0,258.0,2.691750895275984 < nuc <= 12.62508428119034,0.10125563013775155
ns,3,0.060495941545397496,1.0,22.0,1.5032147725771707 < ns <= 5.499821160683655,0.08815971277270308
