feature,value,importance,min,max,rule,importance_ratio
la,170,0.2196191405678778,0.0,8960.0,143.122304060467 < la <= 476.1618029404084,0.5645144513738549
ns,2,0.06141020957718408,1.0,22.0,1.5032147725771707 < ns <= 5.499821160683655,0.15785031613627953
nd,1,-0.022970110304880734,1.0,32.0,nd <= 1.4941000322612483,0.05904293762022521
aexp,222,-0.020597946902511897,0.0,1406.0,0.37596446854337273 < aexp <= 288.3855622881154,0.05294547034940918
ld,8,0.018807892395268228,0.0,6029.0,7.517753831264898 < ld <= 13.804476008310893,0.04834427012854938
