feature,value,importance,min,max,rule,importance_ratio
ent,3.01415328583317,0.2006177276713483,0.0,6.569855608330951,2.5737626577140995 < ent <= 4.26863542032997,0.6589237730516673
arexp,4170.851587302271,-0.035727329231565054,0.0,4413.603968254571,3042.4822431684215 < arexp <= 4274.926404063527,0.11734549509447023
la,219,0.03168116517685961,0.0,9153.0,162.79990743651015 < la <= 283.27934550011827,0.10405597319498901
ns,1,0.021754137036842355,1.0,11.0,ns <= 1.5006082876265054,0.07145090427542695
asexp,612.0,-0.006547986189536332,0.0,6624.0,7.62507953411864 < asexp <= 773.4853226775799,0.02150669243431817
