feature,value,importance,min,max,rule,importance_ratio
ent,3.2943851134446205,0.19972372286635623,0.0,6.569855608330951,2.5737626577140995 < ent <= 4.26863542032997,0.4627856516307164
la,686,0.14490531857530642,0.0,9153.0,283.27934550011827 < la <= 949.9322361187499,0.3357643314435038
ld,118,-0.030273260304684448,0.0,8832.0,72.45479791656265 < ld <= 3335.0592083137003,0.07014705261860359
arexp,33.3333333333333,0.02586915456490573,0.0,4413.603968254571,arexp <= 137.43529248710115,0.05994217101824463
ns,1,0.01986953238470827,1.0,11.0,ns <= 1.5006082876265054,0.04604027183294512
