feature,value,importance,min,max,rule,importance_ratio
ent,2.66210513703961,0.20038153286752775,0.0,6.569855608330951,2.5737626577140995 < ent <= 4.26863542032997,0.4740952854891508
la,731,0.14362644357598442,0.0,9153.0,283.27934550011827 < la <= 949.9322361187499,0.33981484619125946
ld,102,-0.0316552437188866,0.0,8832.0,72.45479791656265 < ld <= 3335.0592083137003,0.07489513426397292
ns,1,0.01963305511984167,1.0,11.0,ns <= 1.5006082876265054,0.04645108128910787
arexp,172.833333333333,0.019123345525315295,0.0,4413.603968254571,137.43529248710115 < arexp <= 944.3927787874678,0.04524512726592302
