feature,value,importance,min,max,rule,importance_ratio
la,638,0.14443177565927645,0.0,9153.0,283.27934550011827 < la <= 949.9322361187499,0.667173324079324
arexp,3630.91966089443,-0.03485792668437039,0.0,4413.603968254571,3042.4822431684215 < arexp <= 4274.926404063527,0.1610191296919853
ns,2,-0.013685837688171174,1.0,11.0,1.5006082876265054 < ns <= 2.4981168822143167,0.06321895428861471
age,0.0,0.01169692000257401,0.0,2414.0,age <= 0.6241027528349719,0.05403155201814495
ent,1.0326674588216702,-0.005092221798899883,0.0,6.569855608330951,1.0026032354351537 < ent <= 1.5345705988839307,0.02352248685591109
