feature,value,importance,min,max,rule,importance_ratio
la,1863.0,0.3979959081124163,0.0,9153.0,la > 949.9322361187499,0.720869073989604
ent,2.59187894328061,0.12923331554446837,0.0,6.569855608330951,2.5737626577140995 < ent <= 4.26863542032997,0.23407351333580428
ns,3.0,0.008492321744047437,1.0,11.0,2.498116882214317 < ns <= 3.501821182358574,0.015381696110112019
ld,329.0,-0.008347819777414844,0.0,8832.0,72.45479791656265 < ld <= 3335.0592083137008,0.015119967291415995
arexp,229.529148629149,0.005547980455459777,0.0,4413.603968254571,137.43529248710092 < arexp <= 944.3927787874677,0.01004876545693044
