feature,value,importance,min,max,rule,importance_ratio
la,1074,0.47647789206491037,0.0,9153.0,la > 949.9322361187499,0.5500985299364322
ent,3.4028578753784298,0.20445771297404203,0.0,6.569855608330951,2.5737626577140995 < ent <= 4.26863542032997,0.2360484908413411
ns,9,-0.1275977247318114,1.0,11.0,ns > 8.997412010926206,0.14731285956209875
ld,494,-0.026646044772124327,0.0,8832.0,72.45479791656265 < ld <= 3335.0592083137003,0.030763127317917825
arexp,262.335772560772,0.017178988628385856,0.0,4413.603968254571,137.43529248710115 < arexp <= 944.3927787874678,0.019833315559124317
