feature,value,importance,min,max,rule,importance_ratio
ent,2.37934973440142,0.09363610318272116,0.0,6.569855608330951,2.0170526261979376 < ent <= 2.5737626577140995,0.5254556325502097
la,88,-0.029921376998300442,0.0,9153.0,30.272525566541233 < la <= 94.52822586713222,0.16790912418402015
arexp,55.25000000000011,0.025502603808796636,0.0,4413.603968254571,arexp <= 137.43529248710115,0.14311239319601926
ns,2,-0.014892169641711493,1.0,11.0,1.5006082876265054 < ns <= 2.4981168822143167,0.08357005634739545
asexp,0.999996305385568,-0.008249142150122974,0.0,6624.0,7.62507953411864 < asexp <= 773.4853226775799,0.04629152708364019
