rule,type,coef,support,importance,Class
asexp > -0.13000000268220901 & arexp > 0.9449999928474426 & nuc > -0.9750000238418579,rule,0.27470864140107354,0.7284595300261096,0.12217780496799402,Defect
asexp > -0.3449999988079071 & nuc > -2.380000114440918 & ent <= 3.0049999952316284,rule,0.22322778601550927,0.7519582245430809,0.09640676820654653,Defect
ndev > 0.19999999552965164 & ndev <= 10.28499984741211 & arexp > 250.7800064086914,rule,0.1612096205062775,0.6161879895561357,0.07839833701384351,Defect
asexp <= 76.43000030517578 & age <= 13.079999923706055,rule,0.15582788185124258,0.4934725848563969,0.07790730126101629,Defect
ld > -0.17000000178813934 & ndev <= 2.319999933242798 & asexp > -0.054999999701976776,rule,0.15625498168966473,0.6449086161879896,0.07477441589045043,Defect
