rule,type,coef,support,importance,Class
ent > 0.8949999809265137 & ndev > 15.694999694824219,rule,0.48097715282677345,0.503957783641161,0.2404810422445491,Defect
ld <= 16.045000076293945 & arexp > 1.7200000286102295 & asexp > 0.0949999988079071,rule,0.43068453700651904,0.6200527704485488,0.20904281578275508,Defect
nuc <= 1822.0849609375 & ent > 0.6449999809265137,rule,0.3982620325835334,0.5910290237467019,0.19580309585460826,Defect
ent > 0.10000000149011612 & ld <= 9.099999904632568 & ent > 0.6349999904632568,rule,0.384395628614644,0.47757255936675463,0.1920043697645196,Defect
la > 0.11999998986721039 & ndev > 9.380000114440918 & ld > -0.03999999910593033,rule,0.461880274227884,0.8232189973614775,0.17619959400399748,Defect
