rule,type,coef,support,importance,Class
nuc > -6.210000157356262 & ent > 1.9149999618530273 & asexp > -0.22499999403953552,rule,0.24147631066888733,0.4228723404255319,0.11929304276996522,Defect
ent > 1.965000033378601,rule,0.1857929822048935,0.40691489361702127,0.09127242886201839,Defect
ndev > -0.9800000339746475 & ent > 1.9450000524520874 & asexp > 0.9399999976158142,rule,0.1969924408417297,0.2074468085106383,0.07987615477319684,Defect
ent > 1.475000023841858 & nuc > -21.605000495910645 & ent > 0.3200000077486038,rule,0.17255075937116562,0.6914893617021277,0.07969750003234612,Defect
asexp <= 1.0549999475479126 & ndev > 13.420000076293945,rule,0.176268552839641,0.26861702127659576,0.07812931701757637,Defect
