rule,type,coef,support,importance,Class
age > -0.7399999797344208 & nuc > 0.10499998927116394,rule,1.9113419048237692,0.8407310704960835,0.6994110040089226,Defect
ndev > 0.13499999791383743 & asexp > -0.1999999973922968 & arexp > 2.0,rule,1.1000556077899837,0.7650130548302873,0.4664133044838027,Defect
asexp <= 0.375 & ld <= 212.04999542236328,rule,0.9614611950667722,0.3577023498694517,0.46085130730860574,Defect
asexp <= 0.375,rule,0.9035554822923396,0.4046997389033943,0.44349560863346144,Defect
ld <= 380.3349914550781 & ld > -0.10499998927116394 & ndev > -0.9800000190734863,rule,1.373635204400902,0.8955613577023499,0.42009711049270976,Defect
