commit_id,label,pred,score_or_proba,feature,value_actual,min,max,operator,threshold
,True,True,0.7614737074679628,ent,0.7763522013236039,0.0,6.25828457562083,<,1.4950000047683716
,True,True,0.7614737074679628,arexp,208.15,0.0,2480.61666666637,<,244.25
,True,True,0.7614737074679628,ld,67.0,0.0,9293.0,<,2.3249999284744263
