rule,type,coef,support,importance,Class
ent <= 1.0950000286102295,rule,0.34933416886955454,0.7203166226912929,0.1567964092681095,Defect
ent > 0.3199999928474426 & asexp > -0.3050000071525574 & asexp <= 0.3049999922513962,rule,0.27661879789105304,0.19525065963060687,0.10964990487224938,Defect
nuc <= 2365.719970703125 & ld <= 19.90999984741211 & ndev <= 34.86000061035156,rule,0.2293083840749562,0.6886543535620053,0.10617981913659598,Defect
asexp > -0.550000011920929 & ent > 0.29500000178813934 & asexp <= 0.3149999976158142,rule,0.24061730144313187,0.16094986807387862,0.08842317791822928,Defect
ent > 0.6500000059604645 & ld <= 16.454999923706055 & ld > 0.1100000012665987,rule,0.17581686499506127,0.3482849604221636,0.08376387578736406,Defect
