rule,type,coef,support,importance,Class
ndev > 1.2549999952316284 & ndev > 1.6349999904632568,rule,0.72083769221728,0.40106951871657753,0.35329339982491614,Defect
ndev > 1.6600000262260437 & ndev > 1.2549999952316284,rule,0.637697599282932,0.42780748663101603,0.315507769092766,Defect
ent > 3.0449999570846558 & nuc > -101.00499725341797 & ld > -0.26499998569488525,rule,0.5467488784379426,0.5641711229946524,0.27111361537747974,Defect
ld > -5.005000114440918 & asexp > 0.044999999925494194 & age <= 52.30500030517578,rule,0.6235999277802068,0.7620320855614974,0.2655534128944266,Defect
ndev > 0.3500000089406967 & ndev > 0.4749999940395355,rule,0.5968959872378934,0.7299465240641712,0.26501415272774625,Defect
