rule,type,coef,support,importance,Class
nuc > 1.3600000143051147 & nuc <= 80.33499908447266 & ndev > 0.1850000023841858,rule,0.5304891907062619,0.42857142857142855,0.26252406604838313,Defect
ndev > 0.13499999791383743 & asexp > 0.004999999888241291 & ld > 4.099999815225601,rule,0.477174257506943,0.6666666666666666,0.2249421021938768,Defect
ndev > -1.1299999952316284 & asexp <= 0.26000000536441803,rule,0.48546584853240843,0.30423280423280424,0.22335397102661853,Defect
arexp > -9.59000015258789 & asexp > -0.8700000047683716 & ndev > 0.14500000327825546,rule,0.4637377053294714,0.6375661375661376,0.2229201947184197,Defect
asexp > 0.014999999664723873 & ld > 2.255000054836273,rule,0.45958539117238834,0.783068783068783,0.18942059532624425,Defect
