rule,type,coef,support,importance,Class
arexp > 1.25 & ent > 0.9449999928474426 & ld > 0.3699999898672104,rule,1.4804816547063546,0.47058823529411764,0.7389590240930428,Defect
asexp > -0.2199999988079071 & la > 0.014999985694885254 & arexp > 1.074999988079071,rule,1.3238265155111388,0.7379679144385026,0.5821394780990157,Defect
ent <= 1.6699999570846558 & asexp <= 1.6150000095367432,rule,1.0885470858656248,0.6657754010695187,0.513487998315293,Defect
ld > 17.735000610351562 & ld > -0.7750000059604645,rule,1.0234652967934215,0.36363636363636365,0.4923335728764191,Defect
ent <= 1.4149999618530273 & la <= 194.17499542236328,rule,0.8475378286296641,0.6711229946524064,0.39817767435511897,Defect
