rule,type,coef,support,importance,Class
ld > 9.085000038146973 & age > 0.42499999701976776 & ld > 0.08999999798834324,rule,1.9407888507458706,0.5413333333333333,0.9670730112638041,Defect
nuc > 657.1399841308594 & ent > 0.38499999046325684 & asexp <= 0.4950000047683716,rule,2.3212308285461694,0.208,0.9421338071549007,Defect
ld > -0.18000000715255737 & ent > 1.3650000095367432 & arexp > -4.550000190734863,rule,1.8687808424472871,0.43733333333333335,0.9270224618865675,Defect
asexp <= 1.7050000429153442 & nuc > 616.6199951171875,rule,2.3371123723380656,0.8373333333333334,0.8625376640933442,Defect
ndev > 4.164999961853027 & age > 6.5950000286102295 & ent > 0.675000011920929,rule,2.2490020003909303,0.832,0.8408260256719212,Defect
