rule,type,coef,support,importance,Class
asexp > -0.5049999952316284 & asexp <= 1.7599999904632568 & arexp > 1.1449999809265137,rule,0.17651009747983046,0.7294429708222812,0.0784141857973988,Defect
arexp > 3.774999976158142 & asexp <= 1.7599999904632568 & asexp > -0.2499999925494194,rule,0.14336227769813809,0.7029177718832891,0.06551269877348857,Defect
asexp <= 1.9800000190734863 & ld > -0.2800000011920929 & la > 0.2199999988079071,rule,0.1553404392409734,0.7692307692307693,0.06544881743464755,Defect
arexp > 0.9350000023841858 & asexp <= 1.7649999856948853 & ld > 0.10999999940395355,rule,0.1307677273327755,0.623342175066313,0.06336323312584805,Defect
la > -0.675000011920929 & ld > -0.12999999523162842 & asexp <= 1.6749999523162842,rule,0.1291034950860923,0.7002652519893899,0.05914769634442653,Defect
