rule,type,coef,support,importance,Class
arexp > 3.8100000619888306 & ent > 1.2899999618530273 & ndev > 0.5300000011920929,rule,0.5419073203913027,0.5490716180371353,0.26964557700960606,Defect
nuc > -1.48499995470047 & ndev > 2.9200000762939453 & ent > 1.274999976158142,rule,0.5340422806312056,0.4960212201591512,0.2670126859244926,Defect
asexp > -0.6850000023841858 & arexp > 0.8400000035762787 & ent > 1.5199999809265137,rule,0.47610664208144593,0.5092838196286472,0.2380122822018188,Defect
asexp > 0.20499999821186066 & asexp > 0.9950000047683716 & ent > 1.875,rule,0.5351178546135361,0.2546419098143236,0.2331293045035465,Defect
ent > 1.975000023841858 & ent <= 3.15500009059906,rule,0.5152557137211916,0.27851458885941643,0.23097265565079317,Defect
