rule,type,coef,support,importance,Class
ent > 1.4199999570846558 & nuc > -0.41499996185302734 & age > -2.2350000143051147,rule,0.7028783228122639,0.5691906005221932,0.3480579793496851,Defect
asexp > 3.2549999952316284 & ld > 29.40000057220459 & la > 58.55000114440918,rule,0.9101255247734745,0.1279373368146214,0.30400014721703644,Defect
ndev > 1.2549999952316284 & ndev > 1.625,rule,0.5753802459944568,0.4908616187989556,0.287642068973243,Defect
ent > 1.475000023841858 & ndev > 0.125 & age > 2.990000009536743,rule,0.5416919172549867,0.4464751958224543,0.2692895912361682,Defect
asexp > -0.03500000014901161 & age > 0.4599999859929085 & nuc > 0.6949999928474426,rule,0.5868179694020123,0.7154046997389034,0.2647848669980088,Defect
