rule,type,coef,support,importance,Class
ndev > -0.22500000149011612 & asexp > -0.26500000804662704 & ld > 0.6700000092387199,rule,0.7341762444462587,0.786096256684492,0.30105606758005343,Defect
nuc <= 344.4049987792969 & ent <= 3.190000057220459 & ndev > 0.125,rule,0.5047358868612581,0.39037433155080214,0.24622743074811218,Defect
arexp > 2.2649999856948853 & asexp > -0.004999999888241291 & ent <= 3.1950000524520874,rule,0.4853968102906317,0.6042780748663101,0.23736156304241604,Defect
nuc > 7.875 & asexp > -0.24000000208616257 & arexp > 2.049999952316284,rule,0.522904357620861,0.8128342245989305,0.2039559928066783,Defect
ent > 1.89000004529953 & asexp > 0.9950000047683716 & ld > 10.055000305175781,rule,0.4340881244150074,0.2727272727272727,0.1933262560397361,Defect
