rule,type,coef,support,importance,Class
ent > -0.3700000047683716 & asexp <= 1.5149999856948853 & ent > 0.33500000834465027,rule,1.6200001687267291,0.5691489361702128,0.8022165341381038,Defect
ent > 0.6700000166893005 & ld <= 11.519999980926514 & age > 3.8799999952316284,rule,1.1993051228614944,0.2632978723404255,0.5282011296517563,Defect
asexp > -0.1899999976158142 & arexp > 2.3600000143051147 & ent > -0.10000000149011612,rule,1.239443798445205,0.7659574468085106,0.524779152533059,Defect
asexp > -0.3999999910593033 & age > 7.444999933242798,rule,0.9660342369567549,0.4920212765957447,0.4829556167971658,Defect
arexp > 1.5149999856948853 & age > 4.2799999713897705 & ld > 0.044999999925494194,rule,0.8279585066345243,0.39361702127659576,0.4045004497396004,Defect
