rule,type,coef,support,importance,Class
ent > -0.05000000074505806 & age > -2.310000002384186 & ld > 0.11500000208616257,rule,2.2265931916711743,0.7771883289124668,0.9265587885888007,Defect
ld > 4.020000100135803 & ent > 0.08999999798834324 & asexp <= 46.89000129699707,rule,1.7029120924732268,0.46153846153846156,0.8489332079617024,Defect
ld > 3.6299999952316284 & age > 3.8500001430511475 & ld > 0.014999999664723873,rule,1.6644571159029549,0.4403183023872679,0.8262786507437522,Defect
ld > 5.0950000286102295 & ld > 6.599999904632568,rule,1.6389867310668642,0.4854111405835544,0.8191444578135396,Defect
ent > 0.08500000089406967 & asexp <= 1.8450000286102295 & arexp > 0.25,rule,1.457791313809865,0.6392572944297082,0.7000547124780591,Defect
