rule,type,coef,support,importance,Class
asexp <= 0.5349999964237213 & ent <= 2.6750000715255737 & asexp > -0.21000000461935997,rule,0.826022780194241,0.2838196286472148,0.37241266775432175,Defect
asexp <= 0.9150000214576721,rule,0.6235759935193416,0.5862068965517241,0.3071188501707502,Defect
ld > -229.43499755859375 & ent > 0.5449999868869781 & age <= 38.22999954223633,rule,0.5784876106161668,0.7347480106100795,0.25538335996833295,Defect
ent <= 1.4450000524520874 & arexp > 3.865000009536743 & ndev > -0.3099999949336052,rule,0.48672014538774455,0.2917771883289125,0.2212533958906183,Defect
ndev > 3.319999933242798,rule,0.45631387861666683,0.649867374005305,0.21766687160703968,Defect
