rule,type,coef,support,importance,Class
ent <= 1.125 & ld > 0.16499999910593033,rule,0.8279680281474335,0.6737400530503979,0.38818757519937125,Defect
ent > -0.0400000000372529 & asexp > -17.339999675750732 & arexp > 0.3400000035762787,rule,0.5446089137039282,0.8408488063660478,0.19922720918967068,Defect
ld <= 15.630000114440918 & age > 4.875 & ent > 0.7250000238418579,rule,0.4762210354823268,0.21485411140583555,0.1955940276713072,Defect
ent > 0.5949999988079071 & ent > 0.375,rule,0.3637386502902696,0.5888594164456233,0.17897420297478145,Defect
ld <= 26.355000495910645 & age > 4.4649999141693115 & ent > 0.8149999976158142,rule,0.4598461450628896,0.1724137931034483,0.17370214250533622,Defect
