rule,type,coef,support,importance,Class
asexp > -0.17999999970197678 & arexp > 1.5199999809265137 & ld > 0.07500000298023224,rule,0.2108145358767202,0.7013333333333334,0.09648419338679219,Defect
arexp > 1.4549999833106995 & la > -0.4749999940395355 & asexp > -0.3200000077486038,rule,0.2000340408270945,0.712,0.09058163361272879,Defect
ld <= 15.315000057220459 & ent > 0.7000000178813934 & la > 1.850000023841858,rule,0.17159859930495494,0.44266666666666665,0.08523336955948899,Defect
ld <= 18.800000190734863 & arexp > 1.5199999809265137 & asexp <= 1.8050000071525574,rule,0.16599488745549038,0.4693333333333333,0.08284118766943054,Defect
asexp > -0.02500000037252903 & arexp > 1.5950000286102295 & ld > -0.10000000055879354,rule,0.16602099344391333,0.6586666666666666,0.07872002113233273,Defect
