rule,type,coef,support,importance,Class
asexp > -0.38500000536441803 & ld <= 38.010000228881836 & ld > -1.3600000143051147,rule,0.4135870953127658,0.6878306878306878,0.19164736715223474,Defect
age > 19.940000534057617 & age > 4.539999961853027,rule,0.3936340794515506,0.3544973544973545,0.18829908236770185,Defect
age > 0.33500000834465027 & ent > 0.29999999701976776 & ld > 14.315000057220459,rule,0.3694957990901253,0.3148148148148148,0.17160939808260844,Defect
la <= 450.3350067138672 & la > -0.1249999850988388 & age > 4.769999980926514,rule,0.3518643226336691,0.6190476190476191,0.17087267116630345,Defect
ld > -1.1500000357627869 & nuc <= 1549.0450439453125 & ld > 20.899999618530273,rule,0.28975348083738023,0.3253968253968254,0.13575614842279057,Defect
