rule,type,coef,support,importance,Class
ent <= 3.0749999284744263 & asexp > -0.004999999888241291 & arexp > 2.4950000047683716,rule,0.2724485966616626,0.7055702917771883,0.12417824930625188,Defect
ld > -0.8100000023841858 & la > 187.36499786376953 & nuc > 1.7249999642372131,rule,0.2513145808355539,0.7480106100795756,0.10910953199006963,Defect
nuc > -124.96999740600586 & ld > -0.4650000035762787 & ent > 1.4850000143051147,rule,0.21215020911262694,0.5782493368700266,0.10476806502309827,Defect
ent > 1.3700000047683716 & age > 2.759999990463257 & nuc > -26.46500015258789,rule,0.1837259664685222,0.5941644562334217,0.09021918820453577,Defect
asexp > -0.19500000029802322 & la > 4.970000147819519 & arexp > 1.9150000214576721,rule,0.2015647595154974,0.7480106100795756,0.0875103883877617,Defect
