rule,type,coef,support,importance,Class
age > 54.260000228881836,rule,0.5314484079991338,0.4907161803713528,0.2656783948810333,Defect
ndev > 1.3550000190734863 & ndev > 1.6449999809265137,rule,0.43138583000404124,0.47745358090185674,0.21547351230356288,Defect
nuc > -35.03000068664551 & ent > 1.5149999856948853 & ld > 6.9150002002716064,rule,0.5336172275708151,0.8116710875331565,0.20863077892986326,Defect
ndev > 0.42499999701976776 & ndev <= 4.300000190734863 & arexp > 3.9850000143051147,rule,0.40553172860796266,0.6127320954907162,0.19754493842815873,Defect
asexp > 0.9950000047683716 & ent > 1.774999976158142,rule,0.4035716399231978,0.32360742705570295,0.18881187060959645,Defect
