rule,type,coef,support,importance,Class
ent > 0.6949999928474426 & ld <= 9.940000057220459 & ld > 0.14000000432133675,rule,0.21126150503395347,0.21010638297872342,0.08606454850204126,Defect
asexp <= 1.9600000381469727 & arexp <= 503.4350128173828,rule,0.1689096305712451,0.5718085106382979,0.08357930108210153,Defect
arexp > 75.34000015258789 & asexp > 0.5249999761581421 & la > -0.6099999770522118,rule,0.14741294639078942,0.48404255319148937,0.07366892638334974,Defect
ld > 0.054999999701976776 & arexp > 1.324999988079071 & asexp > -0.45000000298023224,rule,0.1491265993822528,0.6542553191489362,0.07092616846929888,Defect
nuc <= 2002.6799926757812 & ld <= 17.100000381469727 & ld > -1.1449999809265137,rule,0.14030703717104812,0.5,0.07015351858552406,Defect
