commit_id,label,pred,score_or_proba,feature,value_actual,min,max,operator,threshold
,True,True,0.65,ld,27.0,0.0,9293.0,>,9.150000095367432
,True,True,0.65,la,81.0,0.0,8851.0,<,30.524999618530277
,True,True,0.65,asexp,1.66426022112117,0.0,3637.0,>,246.75999450683597
,True,True,0.65,ent,1.44323047956168,0.0,6.25828457562083,>,0.3999999910593033
,True,True,0.65,arexp,1035.50000000004,0.0,2480.61666666637,<,262.05499267578125
