rule,type,coef,support,importance,Class
la > -0.8500000089406967 & asexp > -0.32500000298023224 & arexp > 2.0800000429153442,rule,0.5472000803644413,0.710455764075067,0.24818306026145012,Defect
asexp > -0.5649999976158142 & arexp > 0.32500000298023224 & ld > 0.10999999940395355,rule,0.48378051257187965,0.6595174262734584,0.22924979318310404,Defect
la > 0.23499998450279236 & age > 1.9899999499320984 & ld > 0.14000000432133675,rule,0.4220900172877948,0.6648793565683646,0.19924025827133213,Defect
arexp > 1.274999976158142 & ld <= 15.904999732971191 & ndev <= 47.954999923706055,rule,0.3707498276131793,0.5281501340482574,0.18508088732294706,Defect
arexp > 1.6299999952316284 & ent > 0.6949999928474426 & age > 5.204999923706055,rule,0.3689892316770414,0.42359249329758714,0.18232769172593788,Defect
