rule,type,coef,support,importance,Class
age <= 174.49500274658203 & ndev > 1.3049999475479126 & ndev > 1.6800000071525574,rule,1.0808639095956742,0.47058823529411764,0.5394961411869915,Defect
ld > -2.7699999809265137 & nuc > -0.8549999892711639 & age > -1.3400000035762787,rule,0.5331918888326248,0.7620320855614974,0.2270541087314464,Defect
ent > 1.4449999928474426 & arexp > 1.784999966621399 & asexp > -0.054999999701976776,rule,0.48936133317992475,0.7513368983957219,0.21152060630812478,Defect
age > 3.6549999713897705 & ld > -0.2849999964237213 & nuc > 0.2549999952316284,rule,0.47378460227748165,0.7433155080213903,0.2069509167506956,Defect
arexp > 2.3350000381469727 & asexp <= 1.8949999809265137,rule,0.44965987704804794,0.6978609625668449,0.20647715645802048,Defect
