rule,type,coef,support,importance,Class
arexp > -12.045000076293945 & asexp <= 1.8849999904632568 & asexp > 0.9650000035762787,rule,0.6218971326358741,0.2727272727272727,0.2769692086286988,Defect
arexp > 0.2150000035762787 & nuc > 3.35500006377697 & asexp > 1.034999966621399,rule,0.48196764118018837,0.3342245989304813,0.22735314120615718,Defect
asexp > -0.26499999314546585 & arexp > 1.7000000476837158 & nuc > -36.39999961853027,rule,0.5538180025360709,0.7914438502673797,0.22500316315871147,Defect
nuc > -21.5 & asexp > -0.08500000089406967 & ndev > 2.2899999618530273,rule,0.5346710058545563,0.7754010695187166,0.22312779496536728,Defect
asexp > 0.574999988079071 & ent > 1.9449999928474426 & asexp > 1.0049999952316284,rule,0.4567884181885887,0.35561497326203206,0.21866426942794262,Defect
