rule,type,coef,support,importance,Class
ld > -0.2800000011920929 & ent > 0.7350000143051147 & ld <= 19.65499973297119,rule,0.47859655989899835,0.4613333333333333,0.23858165186972216,Defect
ent > 0.925000011920929 & arexp > -4.740000009536743 & ndev > -1.5000000596046448,rule,0.48228893431321856,0.7253333333333334,0.21526781078446475,Defect
la > 131.84000396728516 & nuc > 398.3100128173828,rule,0.5448495620297468,0.16533333333333333,0.20240132531854535,Defect
ld <= 132.81000518798828 & ent > 1.4249999523162842 & age > -1.155000016093254,rule,0.37076939169369444,0.38666666666666666,0.18055957582964055,Defect
la > 0.6749999709427357 & ld > -0.3149999976158142 & age > -1.050000011920929,rule,0.44547230044435987,0.7973333333333333,0.17907370833919323,Defect
