rule,type,coef,support,importance,Class
asexp > 0.4299999922513962,rule,0.7132311636015951,0.713903743315508,0.3223340820259136,Defect
ent > 1.7050000429153442 & ent > 1.784999966621399 & ent > 1.534999966621399,rule,0.6010518270308092,0.6336898395721925,0.28958414223733697,Defect
la > 1.84499990940094 & asexp <= 1.0600000023841858,rule,0.4308213953005862,0.5294117647058824,0.2150376918333845,Defect
arexp > 2.034999966621399 & ent <= 3.190000057220459 & ent > 1.5950000286102295,rule,0.43330890856879467,0.5748663101604278,0.21421200583893032,Defect
asexp <= 1.2400000095367432 & asexp <= 2.0399999618530273 & la > -3.525000050663948,rule,0.39672509510751663,0.6310160427807486,0.19143159391196402,Defect
