rule,type,coef,support,importance,Class
ld > 0.1649999963119626 & ld <= 18.835000038146973 & asexp <= 1.6749999523162842,rule,0.472131855875488,0.40583554376657827,0.2318417672870714,Defect
ld > 0.03499999921768904 & asexp > 0.004999999888241291 & arexp > -0.4350000023841858,rule,0.49099172929204227,0.6737400530503979,0.2301983680013367,Defect
la > -0.18999998271465302 & arexp > 1.7200000286102295 & asexp > -0.2900000065565109,rule,0.4741696663427631,0.6923076923076923,0.2188475383120445,Defect
arexp > 1.6850000023841858 & asexp > -0.14000000059604645 & ld > 0.08500000089406967,rule,0.443828316493705,0.636604774535809,0.21347133262364779,Defect
arexp > 1.725000023841858 & asexp > -0.26500000059604645 & nuc > 113.27999877929688,rule,0.516467771457068,0.8090185676392573,0.20301028626682316,Defect
