rule,type,coef,support,importance,Class
asexp <= 1.1649999618530273 & ndev > 1.1100000143051147 & ndev > 1.5649999976158142,rule,0.8095148886449861,0.32887700534759357,0.3803142996433115,Defect
ndev > 1.340000033378601 & ndev > 1.6100000143051147,rule,0.6180976444277622,0.3181818181818182,0.28789164231849457,Defect
ld > 41.209999084472656 & ndev > 0.4749999940395355 & arexp > 7.789999961853027,rule,0.47063735865676365,0.48128342245989303,0.235153752430092,Defect
asexp <= 1.0 & ndev > 0.4749999940395355 & ld > -124.11499786376953,rule,0.41514739437141,0.4572192513368984,0.2068125018633098,Defect
ndev > 1.4900000095367432 & age > 5.9599997997283936,rule,0.45034232462057133,0.28609625668449196,0.20352543076072507,Defect
