rule,type,coef,support,importance,Class
ndev > 0.20499999821186066 & ld > 3.694999873638153 & arexp > 1.7649999856948853,rule,0.5563801820833303,0.7393617021276596,0.24424137890198097,Defect
nuc > 6.5950000286102295 & asexp > -0.20499999821186066 & ent <= 3.1950000524520874,rule,0.42589908947491767,0.5638297872340425,0.21120720100118648,Defect
nuc > 5.519999980926514 & asexp > -0.23499999940395355 & ent <= 3.1950000524520874,rule,0.38319124201525906,0.5558510638297872,0.19039656472241043,Defect
ndev > 1.399999976158142 & ndev > 1.659999966621399 & ndev > -1.9200000166893005,rule,0.3816529427418546,0.598404255319149,0.18709427700385006,Defect
asexp > -23.94999933242798 & ent > 1.2400000095367432 & ndev > 0.48499998450279236,rule,0.4677383769130787,0.8218085106382979,0.17899124976833364,Defect
