rule,type,coef,support,importance,Class
ndev <= 47.08500099182129 & la > -0.21999999321997166 & la > 7.694999933242798,rule,0.46553127865006577,0.6409574468085106,0.22332452903249067,Defect
ld > 0.03499999921768904 & arexp > 62.39499855041504 & asexp <= 1.7300000190734863,rule,0.37679294371226374,0.4920212765957447,0.1883724836799157,Defect
asexp <= 1.7699999809265137 & ndev > 31.59000015258789,rule,0.37080037996056564,0.5186170212765957,0.18527162841170106,Defect
age <= 32.30499839782715 & ld > 10.460000038146973 & ld > 0.12499999813735485,rule,0.4254818511637491,0.2526595744680851,0.1848877586983511,Defect
asexp > 0.019999999552965164 & ld > 0.004999999888241291 & la > -0.020000003278255463,rule,0.4152999942017674,0.7393617021276596,0.18230959065079075,Defect
