commit_id,label,pred,score_or_proba,feature,value_actual,min,max,operator,threshold
,True,True,0.87,age,123.585365853659,0.0,918.0,<,78.72999954223633
,True,True,0.87,la,915.0,0.0,8851.0,<,64.56999969482422
,True,True,0.87,ld,205.0,0.0,9293.0,<,26.5
,True,True,0.87,arexp,3.3333333333333304,0.0,2480.61666666637,>,489.8100128173828
