feature,value,importance,min,max,rule,importance_ratio
la,1760,0.30847818993922,0.0,9886.0,la > 658.2665061764585,0.540803364556958
ns,4,0.13123903441573714,1.0,25.0,3.5048193027889174 < ns <= 5.502199396395964,0.23007951190073206
nd,7,0.05165044343268167,1.0,51.0,5.4934450612931585 < nd <= 14.503678360627504,0.09055010856604391
age,11.5172413793103,0.040324330129741,0.0,1520.0,4.1005163349584635 < age <= 191.44947579329659,0.0706939230030046
nuc,13.7586206896552,-0.015707446348431683,0.0,251.0,1.3648501486098876 < nuc <= 29.723545593620806,0.027537246103212263
