feature,value,importance,min,max,rule,importance_ratio
la,2086,0.25239084195341294,0.0,9886.0,la > 658.2665061764585,0.5257454707008516
asexp,15.0,-0.08987097482663567,0.0,1042.0,14.706492054882105 < asexp <= 620.167566348428,0.18720670527061106
age,14.7857142857143,0.05102900422526701,0.0,1520.0,4.1005163349584635 < age <= 191.44947579329659,0.10629651867780841
nd,11,0.04192290451788493,1.0,51.0,5.4934450612931585 < nd <= 14.503678360627504,0.08732795928059317
ns,1,-0.027227249856417654,1.0,25.0,ns <= 1.4938515894974689,0.05671601703477904
