feature,value,importance,min,max,rule,importance_ratio
la,862.0,0.245715339891674,0.0,9886.0,la > 658.2665061764585,0.5205432779322654
asexp,91.0,-0.07681530201949259,0.0,1042.0,14.706492054882105 < asexp <= 620.167566348428,0.162731757513437
age,42.5238095238095,0.05117417367390201,0.0,1520.0,4.1005163349584635 < age <= 191.44947579329659,0.10841151440293381
nd,7.0,0.036850076368912035,1.0,51.0,5.4934450612931585 < nd <= 14.503678360627504,0.07806618648060143
ns,1.0,-0.0325212206754084,1.0,25.0,ns <= 1.4938515894974689,0.06889558796043761
