feature,value,importance,min,max,rule,importance_ratio
la,371.0,0.16336770238672005,0.0,9886.0,229.79430169975677 < la <= 452.37726506427714,0.44984662253860297
asexp,50.0,-0.05326321355927201,0.0,1042.0,14.706492054882105 < asexp <= 620.167566348428,0.14666471019144683
ns,1.0,-0.03598942246371415,1.0,25.0,ns <= 1.4938515894974689,0.0990998826934153
nd,9.0,0.0277750230599044,1.0,51.0,5.4934450612931585 < nd <= 14.503678360627504,0.07648084738838483
ld,206.0,0.027677709220724527,0.0,9281.0,112.20019725353488 < ld <= 3343.50552216309,0.07621288559886474
