feature,value,importance,min,max,rule,importance_ratio
la,1407,0.26772692104624984,0.0,9886.0,la > 658.2665061764585,0.4659818579748555
asexp,0.0898628234863281,0.11353542402016005,0.0,1042.0,asexp <= 0.24155171339806714,0.19760974213623364
ns,4,0.07761456244815797,1.0,25.0,3.5048193027889174 < ns <= 5.502199396395964,0.13508905968126472
age,76.3,0.04953453458048455,0.0,1520.0,4.1005163349584635 < age <= 191.44947579329659,0.0862154405971989
nd,10,0.027522335357781254,1.0,51.0,5.4934450612931585 < nd <= 14.503678360627504,0.04790294870499954
