feature,value,importance,min,max,rule,importance_ratio
la,1060.0,0.26649427548225124,0.0,9886.0,la > 658.2665061764585,0.5352793568627646
asexp,30.0,-0.06616781426127857,0.0,1042.0,14.706492054882105 < asexp <= 620.167566348428,0.13290441229440572
age,22.619047619047603,0.045799726686491155,0.0,1520.0,4.1005163349584635 < age <= 191.44947579329659,0.09199315145089541
nd,3.0,0.03806733769249103,1.0,51.0,2.516495733319255 < nd <= 3.508812175977223,0.0764619052347013
nuc,2.19047619047619,-0.03268913718721801,0.0,251.0,1.3648501486098876 < nuc <= 29.723545593620806,0.06565927278666107
