feature,value,importance,min,max,rule,importance_ratio
la,2848.0,0.25131671411661033,0.0,9886.0,la > 658.2665061764585,0.6679565333948759
nd,11.0,0.036181023740471815,1.0,51.0,5.4934450612931585 < nd <= 14.503678360627504,0.09616292842802994
ns,1.0,-0.03166181402698467,1.0,25.0,ns <= 1.4938515894974689,0.0841516475050083
asexp,2.0,0.02090131644779968,0.0,1042.0,0.24155171339806714 < asexp <= 14.706492054882105,0.055552098581806326
nuc,0.549019607843137,-0.01961219452689096,0.0,251.0,nuc <= 0.8396891218504265,0.05212583458484036
