feature,value,importance,min,max,rule,importance_ratio
la,4985.0,0.2432856663215139,0.0,9886.0,la > 658.2665061764585,0.541712674895282
age,7.196428571428571,0.0646891797792239,0.0,1520.0,4.1005163349584635 < age <= 191.44947579329659,0.14404033392034774
nd,15.0,0.05687219232893225,1.0,51.0,nd > 14.503678360627504,0.12663461805822146
ns,1.0,-0.042884585144654465,1.0,25.0,ns <= 1.4938515894974689,0.09548907538097282
aexp,6.0,-0.01491982723025195,0.0,1411.0,2.7519982932250286 < aexp <= 111.43266686158816,0.03322127291787979
