feature,value,importance,min,max,rule,importance_ratio
la,7601.0,0.2587145022038107,0.0,9886.0,la > 658.2665061764585,0.5313268377635154
nd,19.0,0.07960717168305491,1.0,51.0,nd > 14.503678360627504,0.1634907453326048
age,8.57317073170732,0.041219299920982215,0.0,1520.0,4.1005163349584635 < age <= 191.44947579329659,0.08465285129083427
ns,1.0,-0.03479679836323234,1.0,25.0,ns <= 1.4938515894974689,0.07146283907991371
nuc,1.17073170731707,-0.030650076683279796,0.0,251.0,1.014742797436913 < nuc <= 1.3648501486098876,0.0629466387953278
