feature,value,importance,min,max,rule,importance_ratio
la,1818.0,0.25341291389363213,0.0,9886.0,la > 658.2665061764585,0.5418038919709088
asexp,0.8121487846619859,0.10417136756752686,0.0,1042.0,0.24155171339806714 < asexp <= 0.24155171339806714,0.2227212951101164
age,83.725,0.04403407818784245,0.0,1520.0,4.1005163349584635 < age <= 191.44947579329659,0.09414608977480311
nd,10.0,0.03668162163031081,1.0,51.0,5.4934450612931585 < nd <= 14.503678360627504,0.07842633217756499
aexp,38.0,-0.014867819879306377,0.0,1411.0,2.7519982932250286 < aexp <= 111.43266686158816,0.03178781440914193
