feature,value,importance,min,max,rule,importance_ratio
la,762.0,0.25145809232417937,0.0,9886.0,la > 658.2665061764585,0.6888661306112
age,4.8,0.04196941374852767,0.0,1520.0,4.1005163349584635 < age <= 191.44947579329659,0.11497465595856163
asexp,1.0,0.024325697676032043,0.0,1042.0,0.24155171339806714 < asexp <= 14.706492054882105,0.0666399282585138
nuc,1.1,-0.021963825707613398,0.0,251.0,1.014742797436913 < nuc <= 1.3648501486098876,0.06016961112198646
nd,2.0,-0.020199037266234947,1.0,51.0,1.4844866329549686 < nd <= 2.516495733319255,0.055334996440377954
