feature,value,importance,min,max,rule,importance_ratio
la,2665.0,0.2303108930890115,0.0,9886.0,la > 658.2665061764585,0.4501360925063937
asexp,9.54228092790054e-41,0.11270850312264996,0.0,1042.0,asexp <= 0.24155171339806714,0.2202855649049408
nd,19.0,0.09022306969902037,1.0,51.0,nd > 14.503678360627504,0.1763384245683633
age,14.892307692307696,0.04060276234136645,0.0,1520.0,4.1005163349584635 < age <= 191.44947579329659,0.07935694460723908
nuc,2.04615384615385,-0.015433980689814303,0.0,251.0,1.3648501486098876 < nuc <= 29.723545593620806,0.030165276450241925
