feature,value,importance,min,max,rule,importance_ratio
asexp,0.0,0.12354117105830734,0.0,1042.0,asexp <= 0.24155171339806714,0.347488539424485
la,144,0.070651173650306,0.0,9886.0,135.1965422698356 < la <= 229.79430169975677,0.1987230081280635
nd,6,0.05185239516193898,1.0,51.0,5.4934450612931585 < nd <= 14.503678360627504,0.14584703144815955
aexp,0,-0.03874034295426443,0.0,1411.0,aexp <= -0.7538297251092558,0.1089663071400501
age,2.14285714285714,0.03622219537799567,0.0,1520.0,0.18108203666687217 < age <= 4.1005163349584635,0.10188342605808305
