feature,value,importance,min,max,rule,importance_ratio
la,429.0,0.1572634799870353,0.0,9886.0,229.79430169975677 < la <= 452.37726506427714,0.5378964938571537
age,6.0,0.05205934019834717,0.0,1520.0,4.1005163349584635 < age <= 191.44947579329659,0.17806128013647055
nd,5.0,0.03145947691292753,1.0,51.0,3.508812175977223 < nd <= 5.4934450612931585,0.10760249189092615
asexp,1.0,0.01741938348231284,0.0,1042.0,0.24155171339806714 < asexp <= 14.706492054882105,0.05958042707093684
ld,7.0,0.01568399436804669,0.0,9281.0,4.333691487323307 < ld <= 18.403235717698735,0.053644785050815026
