commit_id,label,pred,score_or_proba,feature,value_actual,min,max,operator,threshold
,True,True,0.6451683691011866,nd,9.0,1.0,46.0,<,10.005000114440918
,True,True,0.6451683691011866,la,542.0,0.0,9094.0,<,490.7050018310547
,True,True,0.6451683691011866,ld,117.0,0.0,9176.0,>,56.39999961853027
,True,True,0.6451683691011866,nuc,30.3636363636364,0.0,480.0,>,25.18000030517578
