commit_id,label,pred,score_or_proba,feature,value_actual,min,max,operator,threshold
,True,True,0.8698045991744032,la,1615.0,0.0,9094.0,<,321.6949920654297
,True,True,0.8698045991744032,ld,67.0,0.0,9176.0,<,170.73500061035156
