commit_id,label,pred,score_or_proba,feature,value_actual,min,max,operator,threshold
,True,True,0.8359276086389617,la,3980.0,0.0,9094.0,<,426.5
,True,True,0.8359276086389617,nuc,3.83018867924528,0.0,480.0,<,32.045000076293945
,True,True,0.8359276086389617,ld,1.0,0.0,9176.0,>,1649.5
,True,True,0.8359276086389617,ns,2.0,1.0,8.0,>,2.5
