feature,value,importance,min,max,rule,importance_ratio
la,356,0.21979781188168093,0.0,8851.0,la > 127.55870158356693,0.6150403628939898
nuc,466.636363636364,0.052690308880899574,0.0,2540.0,98.92887678384466 < nuc <= 651.0101726634492,0.1474385318837918
asexp,1.14814814815134,0.028653980269650547,0.0,3637.0,-0.6613834552044295 < asexp <= -0.6613834552044295,0.0801798447060515
ent,2.8660362963847,0.026322627405835027,0.0,6.25828457562083,2.005709603206336 < ent <= 3.1894578523081085,0.07365623057577567
ld,30,0.020364442775689263,0.0,9293.0,18.97658201765504 < ld <= 49.90409840300467,0.056983980721501015
