feature,value,importance,min,max,rule,importance_ratio
la,58,0.10222023580207502,0.0,8851.0,33.715042481948714 < la <= 63.87907576461171,0.46289140742345025
nuc,393.928571428571,0.05172738324620554,0.0,2540.0,98.92887678384466 < nuc <= 651.0101726634492,0.23424091174599138
asexp,0.332345083714833,0.023714809008998337,0.0,3637.0,-0.6613834552044295 < asexp <= -0.6613834552044295,0.10738951277913919
ent,1.81319143219498,0.0201148595012323,0.0,6.25828457562083,0.9973314650826041 < ent <= 2.005709603206336,0.09108759681085936
ld,1046,0.011469864283512514,0.0,9293.0,ld > 956.0803284937488,0.05193982952094985
