feature,value,importance,min,max,rule,importance_ratio
la,422,0.22206906094107592,0.0,8851.0,la > 127.55870158356693,0.6504170688189883
nuc,37.7647058823529,-0.04653974508561436,0.0,2540.0,16.979309426715872 < nuc <= 47.171255295131715,0.13631004901758986
ent,2.94006039548425,0.02548090177214707,0.0,6.25828457562083,2.005709603206336 < ent <= 3.1894578523081085,0.0746308980245655
asexp,1.7144260926158495e-05,0.015292382256091265,0.0,3637.0,asexp <= -0.6613834552044295,0.044789789266977555
ld,398,0.015139740314143415,0.0,9293.0,49.90409840300467 < ld <= 956.0803284937488,0.04434271697316126
