feature,value,importance,min,max,rule,importance_ratio
la,184,0.21926122093503353,0.0,8851.0,la > 127.55870158356693,0.7451217574884109
ent,2.35237458846875,0.025655280618754182,0.0,6.25828457562083,2.005709603206336 < ent <= 3.1894578523081085,0.0871850831714952
ld,133,0.013463158445077488,0.0,9293.0,49.90409840300467 < ld <= 956.0803284937488,0.045752241272584364
asexp,0.0010376573272888,0.011794397692968661,0.0,3637.0,asexp <= -0.6613834552044295,0.04008124327696782
age,0.4285714285714289,-0.011297562671619858,0.0,918.0,-0.000177132590621909 < age <= 0.8718932803045476,0.03839283443426187
