feature,value,importance,min,max,rule,importance_ratio
la,1898,0.21978113583355582,0.0,8851.0,la > 127.55870158356693,0.6291390630091795
nuc,277.727272727273,0.05223196363798577,0.0,2540.0,98.92887678384466 < nuc <= 651.0101726634492,0.1495176942174794
asexp,0.53207995487794,0.02852168811487561,0.0,3637.0,-0.6613834552044295 < asexp <= -0.6613834552044295,0.08164535171763916
ent,3.23207055510652,0.02496229638148633,0.0,6.25828457562083,ent > 3.1894578523081085,0.07145634085674775
ld,764,0.013749340606992299,0.0,9293.0,49.90409840300467 < ld <= 956.0803284937488,0.03935846101472597
