feature,value,importance,min,max,rule,importance_ratio
nuc,755.5,0.06202840311310303,0.0,2540.0,nuc > 651.0101726634492,0.3137604646503644
la,32,0.04523308474013163,0.0,8851.0,16.957246213802605 < la <= 33.715042481948714,0.22880411188007804
ld,14,0.029707421892403878,0.0,9293.0,6.605575463515187 < ld <= 18.97658201765504,0.15027010254526532
asexp,1.6729214586464098,0.026171176044716526,0.0,3637.0,-0.6613834552044295 < asexp <= -0.6613834552044295,0.13238258514029244
ent,1.64690688329572,0.021959524679478308,0.0,6.25828457562083,0.9973314650826041 < ent <= 2.005709603206336,0.11107864012508797
