feature,value,importance,min,max,rule,importance_ratio
la,320,0.22142078425167508,0.0,8851.0,la > 127.55870158356693,0.5734397263206127
nuc,5.5,-0.0671179652235562,0.0,2540.0,nuc <= 12.66617430265643,0.17382337317189453
asexp,0.227547918446589,0.02833262196393299,0.0,3637.0,-0.6613834552044295 < asexp <= -0.6613834552044295,0.07337635913382057
ent,1.17348646104016,0.025561466402472272,0.0,6.25828457562083,0.9973314650826041 < ent <= 2.005709603206336,0.06619956815583515
ld,205,0.013281559646229596,0.0,9293.0,49.90409840300467 < ld <= 956.0803284937488,0.0343968338581439
