feature,value,importance,min,max,rule,importance_ratio
la,90,0.1731759544119246,0.0,8851.0,63.87907576461171 < la <= 127.55870158356693,0.5843682599673881
nuc,678.0,0.0613946773928845,0.0,2540.0,nuc > 651.0101726634492,0.2071713761946423
asexp,1.0280488864184398,0.027956260559345452,0.0,3637.0,-0.6613834552044295 < asexp <= -0.6613834552044295,0.09433614149110012
ent,2.35084262052341,0.014788525907488451,0.0,6.25828457562083,2.005709603206336 < ent <= 3.1894578523081085,0.049902685285542134
age,71.1428571428571,0.008345600794271827,0.0,918.0,6.104315757675584 < age <= 152.17610991761703,0.0281615552868884
