feature,value,importance,min,max,rule,importance_ratio
la,200,0.2186624910422999,0.0,8851.0,la > 127.55870158356693,0.6566355145699603
nuc,20.2,-0.046286957175476075,0.0,2540.0,16.979309426715872 < nuc <= 47.171255295131715,0.13899805036482843
asexp,0.90625,0.029515122298702044,0.0,3637.0,-0.6613834552044295 < asexp <= -0.6613834552044295,0.0886328397057105
ent,0.7117966273847359,0.012436851888947522,0.0,6.25828457562083,0.03279585470338198 < ent <= 0.9973314650826041,0.03734741427668839
age,18.4,0.007840414925871526,0.0,918.0,6.104315757675584 < age <= 152.17610991761703,0.023544481107624977
