feature,value,importance,min,max,rule,importance_ratio
la,72,0.17562580698942687,0.0,8851.0,63.87907576461171 < la <= 127.55870158356693,0.538334861401846
nuc,1478.0,0.061386662219691364,0.0,2540.0,nuc > 651.0101726634492,0.18816471715884547
asexp,0.931136402980458,0.02805943342356682,0.0,3637.0,-0.6613834552044295 < asexp <= -0.6613834552044295,0.08600883584267062
ent,1.06045336442943,0.023264761288871182,0.0,6.25828457562083,0.9973314650826041 < ent <= 2.005709603206336,0.07131202559966311
arexp,374.166666666666,-0.016043667981431437,0.0,2480.61666666637,346.65992743262416 < arexp <= 530.7095285027044,0.049177657470812874
