feature,value,importance,min,max,rule,importance_ratio
la,51,0.10189196486328234,0.0,8851.0,33.715042481948714 < la <= 63.87907576461171,0.42113037912935536
nuc,1227.75,0.058887951961433066,0.0,2540.0,nuc > 651.0101726634492,0.24339019832373743
asexp,1.06706455827259,0.02648237676824306,0.0,3637.0,-0.6613834552044295 < asexp <= -0.6613834552044295,0.10945449313516523
ent,1.63753923648852,0.01989102232473545,0.0,6.25828457562083,0.9973314650826041 < ent <= 2.005709603206336,0.08221172085675359
arexp,429.0,-0.014531064252972698,0.0,2480.61666666637,346.65992743262416 < arexp <= 530.7095285027044,0.060058441371883105
