feature,value,importance,min,max,rule,importance_ratio
la,927,0.22051611545328045,0.0,8851.0,la > 127.55870158356693,0.5539062065566127
nuc,4.0,-0.06708802410495321,0.0,2540.0,nuc <= 12.66617430265643,0.16851590579204725
asexp,0.9140625,0.027915258626721843,0.0,3637.0,-0.6613834552044295 < asexp <= -0.6613834552044295,0.07011929708262159
ent,1.64668635228881,0.027134309394839396,0.0,6.25828457562083,0.9973314650826041 < ent <= 2.005709603206336,0.06815765983150217
ld,11,0.025083977142638644,0.0,9293.0,6.605575463515187 < ld <= 18.97658201765504,0.06300750671156927
