feature,value,importance,min,max,rule,importance_ratio
la,494,0.222039729295406,0.0,8851.0,la > 127.55870158356693,0.6220374320371543
nuc,43.4444444444444,-0.045463178176433076,0.0,2540.0,16.979309426715872 < nuc <= 47.171255295131715,0.1273636870971502
asexp,0.982099484701632,0.028677059604389137,0.0,3637.0,-0.6613834552044295 < asexp <= -0.6613834552044295,0.08033789525548526
ent,4.133586301832509,0.02818280732386602,0.0,6.25828457562083,ent > 3.1894578523081085,0.07895326278304121
ld,434,0.015196686549692263,0.0,9293.0,49.90409840300467 < ld <= 956.0803284937488,0.042573047205744896
