feature,value,importance,min,max,rule,importance_ratio
la,411,0.2213028962170223,0.0,8851.0,la > 127.55870158356693,0.705404711109453
asexp,0.4944375550102129,0.02944560782396233,0.0,3637.0,-0.6613834552044295 < asexp <= -0.6613834552044295,0.09385810504773104
ent,5.859666460849639,0.027498059482200233,0.0,6.25828457562083,ent > 3.1894578523081085,0.08765027948884115
ld,360,0.014127823946452277,0.0,9293.0,49.90409840300467 < ld <= 956.0803284937488,0.045032549234147005
age,105.082474226804,0.008505511441961103,0.0,918.0,6.104315757675584 < age <= 152.17610991761703,0.027111384189346284
