feature,value,importance,min,max,rule,importance_ratio
la,361,0.2190855825534217,0.0,8851.0,la > 127.55870158356693,0.610896520433028
nuc,899.2,0.06708076302194056,0.0,2540.0,nuc > 651.0101726634492,0.18704747359677867
asexp,1.66426022112117,0.030804775551154764,0.0,3637.0,-0.6613834552044295 < asexp <= -0.6613834552044295,0.08589579459128562
ld,180,0.015532370574243524,0.0,9293.0,49.90409840300467 < ld <= 956.0803284937488,0.043310340312183754
ent,0.730904103087941,0.01333014009351859,0.0,6.25828457562083,0.03279585470338198 < ent <= 0.9973314650826041,0.037169658108514
