feature,value,importance,min,max,rule,importance_ratio
la,91,0.17450444026689124,0.0,8851.0,63.87907576461171 < la <= 127.55870158356693,0.5540708326912203
nuc,97.6,0.05135933574429562,0.0,2540.0,98.92887678384466 < nuc <= 651.0101726634492,0.16307155209797217
ent,1.24907273952084,0.025587023238423996,0.0,6.25828457562083,0.9973314650826041 < ent <= 2.005709603206336,0.08124161912510942
ld,7,0.025285538788500494,0.0,9293.0,6.605575463515187 < ld <= 18.97658201765504,0.08028437276532002
asexp,0.982099487410273,0.02505080374893554,0.0,3637.0,-0.6613834552044295 < asexp <= -0.6613834552044295,0.07953906314090792
