feature,value,importance,min,max,rule,importance_ratio
la,39,0.10222752004988776,0.0,8851.0,33.715042481948714 < la <= 63.87907576461171,0.40999027410465116
nuc,907.0,0.06004150975441388,0.0,2540.0,nuc > 651.0101726634492,0.24080047163284637
ld,7,0.031153446954381925,0.0,9293.0,6.605575463515187 < ld <= 18.97658201765504,0.12494297279146194
asexp,0.713927922741282,0.0247995949598924,0.0,3637.0,-0.6613834552044295 < asexp <= -0.6613834552044295,0.09946042641285588
ent,1.7075603576588,0.020405235033624677,0.0,6.25828457562083,0.9973314650826041 < ent <= 2.005709603206336,0.08183655341069576
