feature,value,importance,min,max,rule,importance_ratio
la,592,0.22168570844504587,0.0,8851.0,la > 127.55870158356693,0.6149732186365816
nuc,1146.5,0.06654006377478948,0.0,2540.0,nuc > 651.0101726634492,0.1845872585783288
ent,1.08846615419682,0.026241918492184026,0.0,6.25828457562083,0.9973314650826041 < ent <= 2.005709603206336,0.07279710176868592
ld,374,0.015824425117889045,0.0,9293.0,49.90409840300467 < ld <= 956.0803284937488,0.04389817330165954
asexp,0.0,0.01425326802622824,0.0,3637.0,asexp <= -0.6613834552044295,0.03953966259558101
