feature,value,importance,min,max,rule,importance_ratio
la,766,0.21974947120288696,0.0,8851.0,la > 127.55870158356693,0.6151965738853459
nuc,347.75,0.0526685633546539,0.0,2540.0,98.92887678384466 < nuc <= 651.0101726634492,0.14744754355896117
asexp,0.572213971903447,0.02862828964826132,0.0,3637.0,-0.6613834552044295 < asexp <= -0.6613834552044295,0.08014592986914228
ent,2.31107439369944,0.026276505101938477,0.0,6.25828457562083,2.005709603206336 < ent <= 3.1894578523081085,0.07356202417191979
ld,44,0.020314124144524468,0.0,9293.0,18.97658201765504 < ld <= 49.90409840300467,0.0568701235401601
