feature,value,importance,min,max,rule,importance_ratio
la,62,0.10242064893499288,0.0,8851.0,33.715042481948714 < la <= 63.87907576461171,0.4383085267651606
nuc,727.714285714286,0.05816408121017074,0.0,2540.0,nuc > 651.0101726634492,0.24891282188672914
asexp,0.8694664185383361,0.02635331429618131,0.0,3637.0,-0.6613834552044295 < asexp <= -0.6613834552044295,0.1127788437648926
ent,2.0442028040441,0.020520650887355305,0.0,6.25828457562083,2.005709603206336 < ent <= 3.1894578523081085,0.08781799717367232
ld,69,0.013564091989442018,0.0,9293.0,49.90409840300467 < ld <= 956.0803284937488,0.05804744686369781
