feature,value,importance,min,max,rule,importance_ratio
la,435,0.22186759190276678,0.0,8851.0,la > 127.55870158356693,0.5983495178416688
nuc,713.1428571428571,0.06681082313731386,0.0,2540.0,nuc > 651.0101726634492,0.18018054582904697
asexp,0.9973614930576752,0.029230952498126034,0.0,3637.0,-0.6613834552044295 < asexp <= -0.6613834552044295,0.07883227191185072
ent,1.63903939149916,0.02582809437063357,0.0,6.25828457562083,0.9973314650826041 < ent <= 2.005709603206336,0.0696551834402679
ld,269,0.01501608060595276,0.0,9293.0,49.90409840300467 < ld <= 956.0803284937488,0.040496516473577965
