feature,value,importance,min,max,rule,importance_ratio
la,70,0.1730428305354341,0.0,8851.0,63.87907576461171 < la <= 127.55870158356693,0.5443568818691099
nuc,1545.66666666667,0.06251871885618045,0.0,2540.0,nuc > 651.0101726634492,0.19667093256448473
asexp,1.4098538738451103,0.0277960999741569,0.0,3637.0,-0.6613834552044295 < asexp <= -0.6613834552044295,0.08744076979806287
ld,7,0.025323445658427465,0.0,9293.0,6.605575463515187 < ld <= 18.97658201765504,0.07966231177650936
ent,0.900742987931026,0.017814216717542547,0.0,6.25828457562083,0.03279585470338198 < ent <= 0.9973314650826041,0.05603983381048723
