feature,value,importance,min,max,rule,importance_ratio
la,396,0.21763233985100802,0.0,8851.0,la > 127.55870158356693,0.6190339217783452
nuc,567.777777777778,0.052741172844900056,0.0,2540.0,98.92887678384466 < nuc <= 651.0101726634492,0.15001711183052754
asexp,0.931136402980458,0.029421933081401532,0.0,3637.0,-0.6613834552044295 < asexp <= -0.6613834552044295,0.08368781328247832
ent,0.379680064718487,0.015173348562760312,0.0,6.25828457562083,0.03279585470338198 < ent <= 0.9973314650826041,0.04315910711498895
ld,181,0.01423445621859,0.0,9293.0,49.90409840300467 < ld <= 956.0803284937488,0.0404885195987342
