feature,value,importance,min,max,rule,importance_ratio
la,701,0.2194173340718508,0.0,8851.0,la > 127.55870158356693,0.6204537239350786
nuc,217.652173913043,0.05209670052587191,0.0,2540.0,98.92887678384466 < nuc <= 651.0101726634492,0.14731558006908904
asexp,0.998346015796884,0.027538254409247852,0.0,3637.0,-0.6613834552044295 < asexp <= -0.6613834552044295,0.07787084175079051
ent,3.11846969524502,0.025873400177233354,0.0,6.25828457562083,2.005709603206336 < ent <= 3.1894578523081085,0.07316307783399707
age,170.260869565217,-0.01346101842648002,0.0,918.0,152.17610991761703 < age <= 385.89098057352334,0.0380641713928276
