feature,value,importance,min,max,rule,importance_ratio
la,35,0.10209749755768259,0.0,8851.0,33.715042481948714 < la <= 63.87907576461171,0.38861990678078234
nuc,2592.0,0.06076283260277281,0.0,2540.0,nuc > 651.0101726634492,0.23128526072330732
ld,15,0.0309182215850686,0.0,9293.0,6.605575463515187 < ld <= 18.97658201765504,0.11768590492072055
asexp,1.6729214586464098,0.025808157423528443,0.0,3637.0,-0.6613834552044295 < asexp <= -0.6613834552044295,0.09823515729608281
ent,0.1414405425418209,0.016411256608490046,0.0,6.25828457562083,0.03279585470338198 < ent <= 0.9973314650826041,0.06246716291693273
