feature,value,importance,min,max,rule,importance_ratio
la,1482,0.2193083036135324,0.0,8851.0,la > 127.55870158356693,0.6198704641556142
nuc,306.75,0.05212490207960584,0.0,2540.0,98.92887678384466 < nuc <= 651.0101726634492,0.1473299766300207
asexp,1.0,0.028628000338343857,0.0,3637.0,-0.6613834552044295 < asexp <= -0.6613834552044295,0.08091646127931335
ent,2.67013575645703,0.025201834735551203,0.0,6.25828457562083,2.005709603206336 < ent <= 3.1894578523081085,0.07123247381744491
ld,950,0.013688432722316513,0.0,9293.0,49.90409840300467 < ld <= 956.0803284937488,0.038690076961689954
