feature,value,importance,min,max,rule,importance_ratio
la,680,0.22083374818667037,0.0,8851.0,la > 127.55870158356693,0.6289199831041541
nuc,133.340425531915,0.05332996869270011,0.0,2540.0,98.92887678384466 < nuc <= 651.0101726634492,0.15188024151456453
asexp,1.3332762276899,0.028210584998055073,0.0,3637.0,-0.6613834552044295 < asexp <= -0.6613834552044295,0.08034188970672024
ent,4.30769144472014,0.026567778182833093,0.0,6.25828457562083,ent > 3.1894578523081085,0.07566328400013483
ld,708,0.013677415916503424,0.0,9293.0,49.90409840300467 < ld <= 956.0803284937488,0.03895238050229789
