feature,value,importance,min,max,rule,importance_ratio
la,2054,0.2201243867027137,0.0,8851.0,la > 127.55870158356693,0.6085625885379786
nuc,136.06,0.053520667818841794,0.0,2540.0,98.92887678384466 < nuc <= 651.0101726634492,0.14796486948128826
asexp,0.251544408919542,0.028792335563511618,0.0,3637.0,-0.6613834552044295 < asexp <= -0.6613834552044295,0.07960016844589224
ent,3.89481585178909,0.025666484316377913,0.0,6.25828457562083,ent > 3.1894578523081085,0.07095834481682994
ld,523,0.014097606795273884,0.0,9293.0,49.90409840300467 < ld <= 956.0803284937488,0.038974673420029145
