feature,value,importance,min,max,rule,importance_ratio
la,889,0.21798490477168123,0.0,8851.0,la > 127.55870158356693,0.6421934015973442
nuc,253.9,0.05195751861203618,0.0,2540.0,98.92887678384466 < nuc <= 651.0101726634492,0.15306920289260126
asexp,1.4098538738451103,0.02835422122013707,0.0,3637.0,-0.6613834552044295 < asexp <= -0.6613834552044295,0.0835328198256459
ent,3.91897900613076,0.023881536029552675,0.0,6.25828457562083,ent > 3.1894578523081085,0.07035608669440474
age,84.25,0.007824731339296594,0.0,918.0,6.104315757675584 < age <= 152.17610991761703,0.023052012893422274
