feature,value,importance,min,max,rule,importance_ratio
la,140,0.221401245630613,0.0,8851.0,la > 127.55870158356693,0.5963966487665774
nuc,1344.5,0.06632698188684522,0.0,2540.0,nuc > 651.0101726634492,0.17866742170960226
asexp,1.0250560999813,0.02934878510561449,0.0,3637.0,-0.6613834552044295 < asexp <= -0.6613834552044295,0.07905789794679785
ent,1.04862538345333,0.025502511392564563,0.0,6.25828457562083,0.9973314650826041 < ent <= 2.005709603206336,0.06869704949642769
ld,23,0.01731876044946332,0.0,9293.0,18.97658201765504 < ld <= 49.90409840300467,0.0466521796814268
