feature,value,importance,min,max,rule,importance_ratio
la,152,0.22104097295545302,0.0,8851.0,la > 127.55870158356693,0.5787904440166436
nuc,885.666666666667,0.06623152494094435,0.0,2540.0,nuc > 651.0101726634492,0.17342564691024126
asexp,0.625069572662775,0.02991436211939605,0.0,3637.0,-0.6613834552044295 < asexp <= -0.6613834552044295,0.07833003402970574
ent,1.60333862276701,0.02571058633821438,0.0,6.25828457562083,0.9973314650826041 < ent <= 2.005709603206336,0.06732254877299318
ld,59,0.015340700836163942,0.0,9293.0,49.90409840300467 < ld <= 956.0803284937488,0.04016925427793535
