feature,value,importance,min,max,rule,importance_ratio
la,105,0.17575426588765974,0.0,8851.0,63.87907576461171 < la <= 127.55870158356693,0.5382344950858486
nuc,1352.0,0.0614820672935874,0.0,2540.0,nuc > 651.0101726634492,0.18828430296963652
asexp,0.931136402980458,0.028111749086419786,0.0,3637.0,-0.6613834552044295 < asexp <= -0.6613834552044295,0.08609016116388668
ent,1.46467588873624,0.02332573257730074,0.0,6.25828457562083,0.9973314650826041 < ent <= 2.005709603206336,0.07143333809192337
arexp,498.166666666664,-0.01591232632669712,0.0,2480.61666666637,346.65992743262416 < arexp <= 530.7095285027044,0.04873032744232483
