feature,value,importance,min,max,rule,importance_ratio
la,298,0.21716513658799516,0.0,8851.0,la > 127.55870158356693,0.6317191804601391
nuc,1445.0,0.06717843134579332,0.0,2540.0,nuc > 651.0101726634492,0.1954176635399599
asexp,1.42541201250378,0.029231988697535863,0.0,3637.0,-0.6613834552044295 < asexp <= -0.6613834552044295,0.08503394344674119
ent,0.2747689587449989,0.01323121225706951,0.0,6.25828457562083,0.03279585470338198 < ent <= 0.9973314650826041,0.03848873117874183
age,4.75,0.009660008703954902,0.0,918.0,0.8718932803045476 < age <= 6.104315757675584,0.028100333587511676
