feature,value,importance,min,max,rule,importance_ratio
la,1448,0.21972727025606323,0.0,8851.0,la > 127.55870158356693,0.6296345550951766
nuc,187.885714285714,0.05220921378371768,0.0,2540.0,98.92887678384466 < nuc <= 651.0101726634492,0.14960694252593776
asexp,0.726571382082057,0.028488903953696028,0.0,3637.0,-0.6613834552044295 < asexp <= -0.6613834552044295,0.08163574027534545
ent,3.624753526827,0.02477952112143821,0.0,6.25828457562083,ent > 3.1894578523081085,0.07100640142930893
ld,907,0.013706522765239482,0.0,9293.0,49.90409840300467 < ld <= 956.0803284937488,0.0392764191405838
