feature,value,importance,min,max,rule,importance_ratio
la,254,0.21909441214816375,0.0,8851.0,la > 127.55870158356693,0.6181792416460299
nuc,1743.33333333333,0.06720353952680826,0.0,2540.0,nuc > 651.0101726634492,0.18961612344780882
asexp,1.4254120125038,0.029976080545297098,0.0,3637.0,-0.6613834552044295 < asexp <= -0.6613834552044295,0.08457810748035262
ld,109,0.0148930022711547,0.0,9293.0,49.90409840300467 < ld <= 956.0803284937488,0.04202090212866332
ent,0.920573110343221,0.012609360992091478,0.0,6.25828457562083,0.03279585470338198 < ent <= 0.9973314650826041,0.035577562838347676
