feature,value,importance,min,max,rule,importance_ratio
la,37,0.1008499631359657,0.0,8851.0,33.715042481948714 < la <= 63.87907576461171,0.44539860805173087
nuc,1779.0,0.060280230686205825,0.0,2540.0,nuc > 651.0101726634492,0.26622449831217004
asexp,1.96706191587738,0.026408902467434294,0.0,3637.0,-0.6613834552044295 < asexp <= -0.6613834552044295,0.11663354188152746
ent,0.945031643806736,0.015733207933504,0.0,6.25828457562083,0.03279585470338198 < ent <= 0.9973314650826041,0.06948489316077952
ld,54,0.013418676076117388,0.0,9293.0,49.90409840300467 < ld <= 956.0803284937488,0.059262883796417726
