feature,value,importance,min,max,rule,importance_ratio
la,101,0.1718977486224661,0.0,8851.0,63.87907576461171 < la <= 127.55870158356693,0.5355335393021126
nuc,598.222222222222,0.05110042389522277,0.0,2540.0,98.92887678384466 < nuc <= 651.0101726634492,0.15919923959300947
age,209.888888888889,-0.025165673740345514,0.0,918.0,152.17610991761703 < age <= 385.89098057352334,0.07840162209854613
asexp,1.4098538738451103,0.024851667957579402,0.0,3637.0,-0.6613834552044295 < asexp <= -0.6613834552044295,0.07742336246714518
ld,9,0.02388643257321256,0.0,9293.0,6.605575463515187 < ld <= 18.97658201765504,0.0744162496585598
