feature,value,importance,min,max,rule,importance_ratio
la,81,0.1743169388733037,0.0,8851.0,63.87907576461171 < la <= 127.55870158356693,0.5571497885402477
nuc,1131.8,0.06086880074233496,0.0,2540.0,nuc > 651.0101726634492,0.19454815855238786
asexp,1.66426022112117,0.02824094000459249,0.0,3637.0,-0.6613834552044295 < asexp <= -0.6613834552044295,0.09026336656343283
ent,1.44323047956168,0.023870080263788576,0.0,6.25828457562083,0.9973314650826041 < ent <= 2.005709603206336,0.07629327509631534
ld,27,0.011211244027889554,0.0,9293.0,18.97658201765504 < ld <= 49.90409840300467,0.035833248792601385
