feature,value,importance,min,max,rule,importance_ratio
la,1315,0.21967377178846262,0.0,8851.0,la > 127.55870158356693,0.6154414913052967
nuc,211.34375,0.052634510800071865,0.0,2540.0,98.92887678384466 < nuc <= 651.0101726634492,0.14746167263024296
asexp,0.589920853456519,0.028588059245132934,0.0,3637.0,-0.6613834552044295 < asexp <= -0.6613834552044295,0.08009275605415198
ent,3.07912393879476,0.02620427956675744,0.0,6.25828457562083,2.005709603206336 < ent <= 3.1894578523081085,0.07341432144514724
ld,22,0.020235327342144283,0.0,9293.0,18.97658201765504 < ld <= 49.90409840300467,0.05669161108815721
