feature,value,importance,min,max,rule,importance_ratio
la,202,0.21968183967765612,0.0,8851.0,la > 127.55870158356693,0.6154153711837392
nuc,590.2,0.05263814005188588,0.0,2540.0,98.92887678384466 < nuc <= 651.0101726634492,0.14746016578332502
asexp,1.4254120125038,0.02859234691944477,0.0,3637.0,-0.6613834552044295 < asexp <= -0.6613834552044295,0.08009842697176783
ent,2.61511717018913,0.026211977216986447,0.0,6.25828457562083,2.005709603206336 < ent <= 3.1894578523081085,0.07343007374720262
ld,27,0.020243725344628677,0.0,9293.0,18.97658201765504 < ld <= 49.90409840300467,0.056710649206992515
