feature,value,importance,min,max,rule,importance_ratio
la,119,0.17491754140989887,0.0,8851.0,63.87907576461171 < la <= 127.55870158356693,0.5549570397048613
nuc,702.875,0.06129535525547507,0.0,2540.0,nuc > 651.0101726634492,0.1944704266138926
asexp,1.25720880955949,0.02846759990836197,0.0,3637.0,-0.6613834552044295 < asexp <= -0.6613834552044295,0.09031852863530408
ent,1.53097259229159,0.024146385376981917,0.0,6.25828457562083,0.9973314650826041 < ent <= 2.005709603206336,0.07660870625308422
ld,44,0.011651671322090428,0.0,9293.0,18.97658201765504 < ld <= 49.90409840300467,0.03696700155056833
