feature,value,importance,min,max,rule,importance_ratio
la,216,0.22173117984591978,0.0,8851.0,la > 127.55870158356693,0.5945652775111949
nuc,1117.4,0.06663293688747148,0.0,2540.0,nuc > 651.0101726634492,0.17867415236510972
asexp,1.4254120125038,0.0295172520139763,0.0,3637.0,-0.6613834552044295 < asexp <= -0.6613834552044295,0.07914959523172647
ent,1.65846681209855,0.025698029906820425,0.0,6.25828457562083,0.9973314650826041 < ent <= 2.005709603206336,0.06890846967781936
ld,35,0.017632692663698407,0.0,9293.0,18.97658201765504 < ld <= 49.90409840300467,0.04728151816152605
