feature,value,importance,min,max,rule,importance_ratio
la,201,0.21942328587833163,0.0,8851.0,la > 127.55870158356693,0.6324501099137326
nuc,201.909090909091,0.05208082751896251,0.0,2540.0,98.92887678384466 < nuc <= 651.0101726634492,0.15011408181641273
asexp,0.8509190901805981,0.028303890197238415,0.0,3637.0,-0.6613834552044295 < asexp <= -0.6613834552044295,0.08158112478616103
ent,4.21725104385911,0.023748049330418308,0.0,6.25828457562083,ent > 3.1894578523081085,0.06844969233387548
ld,160,0.013464885051750515,0.0,9293.0,49.90409840300467 < ld <= 956.0803284937488,0.038810229264716084
