feature,value,importance,min,max,rule,importance_ratio
la,110,0.17244268483759145,0.0,8851.0,63.87907576461171 < la <= 127.55870158356693,0.5522842190383738
nuc,525.4545454545449,0.05198795407902826,0.0,2540.0,98.92887678384466 < nuc <= 651.0101726634492,0.16650243322864275
asexp,0.9437585733882028,0.026386503437057413,0.0,3637.0,-0.6613834552044295 < asexp <= -0.6613834552044295,0.08450836553382068
age,177.090909090909,-0.024327301276279214,0.0,918.0,152.17610991761703 < age <= 385.89098057352334,0.07791333450493935
ent,2.25321673204688,0.017854229262282924,0.0,6.25828457562083,2.005709603206336 < ent <= 3.1894578523081085,0.05718195047785785
