feature,value,importance,min,max,rule,importance_ratio
la,214,0.22020749796198433,0.0,8851.0,la > 127.55870158356693,0.596749542118796
nuc,918.875,0.06496938703620277,0.0,2540.0,nuc > 651.0101726634492,0.1760632690730904
asexp,0.444444444444444,0.029918503152003968,0.0,3637.0,-0.6613834552044295 < asexp <= -0.6613834552044295,0.08107740754549755
ent,2.17114643106627,0.021860020648223052,0.0,6.25828457562083,2.005709603206336 < ent <= 3.1894578523081085,0.05923938754704238
ld,54,0.015092195616509166,0.0,9293.0,49.90409840300467 < ld <= 956.0803284937488,0.0408989744085551
