feature,value,importance,min,max,rule,importance_ratio
la,1973,0.2214751165905946,0.0,8851.0,la > 127.55870158356693,0.6790629978478512
asexp,0.40625,0.028682499542055647,0.0,3637.0,-0.6613834552044295 < asexp <= -0.6613834552044295,0.08794317133514523
ent,1.99088949923646,0.026476931437872022,0.0,6.25828457562083,0.9973314650826041 < ent <= 2.005709603206336,0.08118069746521099
age,174.12,-0.01577869351890102,0.0,918.0,152.17610991761703 < age <= 385.89098057352334,0.048378919889560223
ld,488,0.014481752027406253,0.0,9293.0,49.90409840300467 < ld <= 956.0803284937488,0.044402378457703943
