feature,value,importance,min,max,rule,importance_ratio
la,792,0.22059305356483522,0.0,8851.0,la > 127.55870158356693,0.5709267779983935
nuc,1188.4,0.06602728698328113,0.0,2540.0,nuc > 651.0101726634492,0.17088818350420265
asexp,1.49999809265137,0.028669483319063008,0.0,3637.0,-0.6613834552044295 < asexp <= -0.6613834552044295,0.07420077592525147
ent,1.37284140736662,0.025112080094109854,0.0,6.25828457562083,0.9973314650826041 < ent <= 2.005709603206336,0.06499370104940251
age,153.8,-0.024007632559317274,0.0,918.0,152.17610991761703 < age <= 385.89098057352334,0.06213523083777336
