feature,value,importance,min,max,rule,importance_ratio
la,197,0.21986088558141115,0.0,8851.0,la > 127.55870158356693,0.5709645507781912
nuc,980.333333333333,0.06680171255243923,0.0,2540.0,nuc > 651.0101726634492,0.17347974241918596
asexp,0.812528577960677,0.029209868747607313,0.0,3637.0,-0.6613834552044295 < asexp <= -0.6613834552044295,0.07585614668868419
ld,15,0.027939761729672084,0.0,9293.0,6.605575463515187 < ld <= 18.97658201765504,0.07255776061597327
ent,1.30405684669427,0.02694114627824076,0.0,6.25828457562083,0.9973314650826041 < ent <= 2.005709603206336,0.06996442064502369
