feature,value,importance,min,max,rule,importance_ratio
la,181,0.21834536182286735,0.0,8851.0,la > 127.55870158356693,0.596286065634876
nuc,2277.3333333333303,0.06665336138430232,0.0,2540.0,nuc > 651.0101726634492,0.182025715084472
asexp,0.93957954704196,0.030629529190723065,0.0,3637.0,-0.6613834552044295 < asexp <= -0.6613834552044295,0.08364712353359481
ld,97,0.015299162842189245,0.0,9293.0,49.90409840300467 < ld <= 956.0803284937488,0.04178095445909716
ent,0.164266492527359,0.012947090074098864,0.0,6.25828457562083,0.03279585470338198 < ent <= 0.9973314650826041,0.03535760657910266
