feature,value,importance,min,max,rule,importance_ratio
la,185,0.21924808070904345,0.0,8851.0,la > 127.55870158356693,0.6544244646712574
nuc,1518.75,0.06686416706522025,0.0,2540.0,nuc > 651.0101726634492,0.1995800674552559
ld,59,0.015847592245082667,0.0,9293.0,49.90409840300467 < ld <= 956.0803284937488,0.04730281805786778
ent,0.71601256214381,0.011205002025875408,0.0,6.25828457562083,0.03279585470338198 < ent <= 0.9973314650826041,0.033445343871242414
asexp,0.147995894971884,0.008522053643398109,0.0,3637.0,-0.6613834552044295 < asexp <= -0.6613834552044295,0.02543712298618314
