feature,value,importance,min,max,rule,importance_ratio
la,99,0.1737008119097821,0.0,8851.0,63.87907576461171 < la <= 127.55870158356693,0.49793791477974475
nuc,1090.83333333333,0.061910602985891586,0.0,2540.0,nuc > 651.0101726634492,0.17747548911609556
age,168.666666666667,-0.03301824979616141,0.0,918.0,152.17610991761703 < age <= 385.89098057352334,0.09465147728679933
ld,15,0.027061237638369328,0.0,9293.0,6.605575463515187 < ld <= 18.97658201765504,0.07757486043304972
asexp,0.931136402980458,0.02558300892616004,0.0,3637.0,-0.6613834552044295 < asexp <= -0.6613834552044295,0.07333730901096804
