feature,value,importance,min,max,rule,importance_ratio
la,179,0.22033837031406794,0.0,8851.0,la > 127.55870158356693,0.5896986352507739
nuc,3.0,-0.06809898479143477,0.0,2540.0,nuc <= 12.66617430265643,0.18225549338606653
asexp,33.0,-0.03366737329722626,0.0,3637.0,-0.6613834552044295 < asexp <= 657.0745303166113,0.09010506911507768
ld,7,0.022963157076253057,0.0,9293.0,6.605575463515187 < ld <= 18.97658201765504,0.06145703251600661
ent,0.4411185259846721,0.011076241990256726,0.0,6.25828457562083,0.03279585470338198 < ent <= 0.9973314650826041,0.029643701076900817
