,nuc,aexp,nd,ns,age,la,ld,target
0,6.33,3.0,3.0,2.0,6.0,36.0,0.0,1
1,8.5,4.0,2.0,2.0,5.0,12.0,1.0,1
2,7.2,0.0,2.0,2.0,2.4,279.0,90.0,0
3,7.67,6.0,2.0,2.0,11.67,30.0,23.0,1
4,7.0,7.0,2.0,2.0,2.5,248.0,180.0,1
5,7.25,9.0,3.0,2.0,22.5,112.0,3.0,1
6,11.25,1.0,2.0,2.0,18.75,205.0,152.0,1
7,13.67,5.0,2.0,2.0,4.0,16.0,4.0,1
8,12.8,9.0,2.0,2.0,1.6,176.0,34.0,1
9,3.08,13.0,8.0,2.0,15.67,95.0,27.0,1
10,19.0,16.0,2.0,2.0,26.67,8.0,68.0,1
11,12.14,17.0,3.0,2.0,1.29,502.0,4.0,1
12,31.0,3.0,2.0,2.0,23.0,20.0,28.0,1
13,20.5,5.0,2.0,2.0,13.0,149.0,214.0,1
14,24.67,6.0,3.0,2.0,7.33,32.0,4.0,1
15,19.5,7.0,2.0,2.0,8.75,66.0,8.0,1
16,17.75,8.0,3.0,2.0,33.75,267.0,117.0,1
17,11.67,18.0,2.0,2.0,18.0,74.0,70.0,1
18,38.0,12.0,2.0,2.0,17.0,13.0,10.0,1
19,12.89,19.0,2.0,2.0,0.89,70.0,74.0,1
20,44.0,4.0,2.0,2.0,34.5,6.0,3.0,1
21,31.67,13.0,2.0,2.0,22.33,255.0,217.0,1
22,14.57,14.0,3.0,2.0,19.29,505.0,24.0,1
23,15.0,3.0,3.0,2.0,14.75,29.0,20.0,1
24,18.71,12.0,3.0,2.0,23.43,281.0,40.0,1
25,17.78,13.0,4.0,2.0,22.44,419.0,97.0,1
26,57.5,20.0,2.0,2.0,9.5,19.0,12.0,1
27,29.5,2.0,2.0,2.0,44.75,22.0,19.0,1
28,50.0,19.0,2.0,2.0,22.67,69.0,9.0,1
29,47.0,29.0,2.0,2.0,32.33,13.0,6.0,1
30,36.75,19.0,2.0,2.0,9.25,61.0,6.0,1
31,36.25,8.0,3.0,2.0,12.5,17.0,14.0,1
32,40.5,23.0,3.0,2.0,10.5,25.0,21.0,1
33,83.0,33.0,2.0,2.0,4.5,4.0,0.0,1
34,56.67,1.0,2.0,2.0,24.0,164.0,1.0,1
35,87.5,34.0,2.0,2.0,3.5,3.0,83.0,1
36,32.33,9.0,5.0,2.0,42.67,9.0,3.0,1
37,99.5,37.0,2.0,2.0,9.5,6.0,0.0,1
38,105.0,32.0,2.0,2.0,0.5,13.0,2.0,1
39,9.78,33.0,8.0,2.0,22.89,1043.0,73.0,1
40,70.0,34.0,3.0,2.0,0.0,145.0,27.0,1
41,21.08,36.0,5.0,2.0,0.54,341.0,33.0,1
42,10.04,40.0,8.0,2.0,62.04,100.0,23.0,1
43,37.33,10.0,5.0,2.0,7.67,140.0,18.0,1
44,80.67,42.0,3.0,2.0,32.67,42.0,0.0,1
45,51.0,48.0,2.0,2.0,24.8,175.0,20.0,1
46,85.0,49.0,2.0,2.0,24.67,120.0,72.0,1
47,128.5,53.0,2.0,2.0,32.5,66.0,49.0,1
48,69.0,39.0,3.0,2.0,8.75,162.0,7.0,1
49,38.4,49.0,6.0,2.0,5.7,478.0,53.0,1
50,46.67,12.0,3.0,2.0,30.67,356.0,206.0,1
51,137.5,7.0,2.0,2.0,24.0,8.0,1.0,1
52,12.0,40.0,6.0,2.0,37.48,534.0,183.0,1
53,98.0,5.0,2.0,2.0,8.0,144.0,63.0,1
54,41.38,41.0,5.0,2.0,29.12,158.0,34.0,1
55,63.4,44.0,3.0,2.0,22.8,202.0,72.0,1
56,106.67,11.0,2.0,2.0,49.0,104.0,6.0,1
57,26.25,42.0,4.0,2.0,32.56,362.0,84.0,1
58,111.0,46.0,2.0,2.0,10.33,54.0,2.0,1
59,54.67,74.0,4.0,2.0,16.5,200.0,5.0,1
60,168.0,46.0,2.0,2.0,3.5,5.0,1.0,1
61,42.22,51.0,3.0,2.0,7.22,205.0,25.0,1
62,61.33,10.0,3.0,2.0,49.33,160.0,7.0,1
63,97.25,48.0,2.0,2.0,29.5,107.0,12.0,1
64,117.0,8.0,2.0,2.0,22.67,143.0,38.0,1
65,121.0,49.0,2.0,2.0,4.0,16.0,14.0,1
66,184.0,78.0,2.0,2.0,3.5,4.0,2.0,1
67,41.56,55.0,4.0,2.0,99.22,92.0,9.0,1
68,63.33,81.0,2.0,2.0,27.67,184.0,13.0,1
69,36.0,85.0,7.0,2.0,75.08,38.0,28.0,1
70,49.25,88.0,2.0,2.0,91.5,109.0,58.0,1
71,133.0,90.0,2.0,2.0,13.33,29.0,32.0,1
72,31.21,48.0,9.0,2.0,31.63,291.0,53.0,1
73,137.33,42.0,2.0,2.0,5.0,5.0,2.0,1
74,140.33,3.0,3.0,2.0,4.33,33.0,6.0,1
75,146.33,97.0,2.0,2.0,10.33,28.0,23.0,1
76,117.0,100.0,2.0,2.0,13.25,6.0,3.0,1
77,141.0,14.0,2.0,2.0,8.33,518.0,19.0,1
78,36.53,53.0,6.0,2.0,50.12,1018.0,70.0,1
79,66.25,54.0,6.0,2.0,5.12,680.0,33.0,1
80,54.0,58.0,5.0,2.0,26.7,421.0,78.0,1
81,52.1,2.0,5.0,2.0,3.9,109.0,70.0,1
82,35.5,5.0,8.0,2.0,29.44,751.0,150.0,1
83,55.18,59.0,3.0,2.0,15.36,371.0,82.0,1
84,230.0,4.0,2.0,2.0,3.5,19.0,6.0,1
85,234.5,112.0,2.0,2.0,25.5,8.0,3.0,1
86,242.5,18.0,2.0,2.0,6.0,6.0,7.0,1
87,251.5,129.0,2.0,2.0,32.0,13.0,0.0,1
88,80.0,63.0,4.0,2.0,51.0,97.0,11.0,1
89,184.67,24.0,2.0,2.0,85.0,30.0,16.0,1
90,202.0,20.0,2.0,2.0,4.33,165.0,43.0,1
91,127.6,3.0,4.0,2.0,31.8,166.0,21.0,1
92,194.33,25.0,2.0,2.0,24.67,32.0,2.0,1
93,297.5,20.0,2.0,2.0,8.5,10.0,0.0,1
94,118.8,141.0,3.0,2.0,85.2,4.0,3.0,1
95,161.5,66.0,4.0,2.0,7.5,51.0,28.0,1
96,311.0,71.0,2.0,2.0,7.0,4.0,0.0,1
97,324.5,27.0,2.0,2.0,29.5,7.0,0.0,1
98,184.5,28.0,2.0,2.0,66.25,19.0,2.0,1
99,96.0,36.0,2.0,2.0,54.86,147.0,49.0,1
100,116.67,3.0,3.0,2.0,3.83,659.0,19.0,1
101,231.0,5.0,2.0,2.0,7.67,32.0,1.0,1
102,342.0,96.0,2.0,2.0,1.5,91.0,0.0,1
103,78.78,6.0,3.0,2.0,58.67,478.0,182.0,1
104,349.0,97.0,2.0,2.0,41.5,13.0,11.0,1
105,241.33,98.0,2.0,2.0,66.0,28.0,4.0,1
106,145.8,8.0,2.0,2.0,4.8,120.0,16.0,1
107,179.5,39.0,3.0,2.0,80.75,186.0,25.0,1
108,255.67,17.0,2.0,2.0,14.67,65.0,34.0,1
109,292.67,34.0,2.0,2.0,21.0,16.0,0.0,1
110,289.67,7.0,3.0,2.0,4.0,144.0,0.0,1
111,37.83,9.0,4.0,2.0,1.35,1012.0,17.0,1
112,7.2,110.0,4.0,1.0,33.8,89.0,48.0,1
113,8.0,116.0,3.0,1.0,36.0,11.0,7.0,1
114,0.42,95.0,6.0,3.0,0.0,142.0,118.0,1
115,13.2,65.0,4.0,1.0,2.6,89.0,3.0,1
116,12.86,71.0,4.0,1.0,7.29,25.0,7.0,1
117,10.78,35.0,5.0,1.0,7.33,198.0,7.0,1
118,23.75,74.0,3.0,1.0,9.5,87.0,5.0,1
119,65.5,98.0,2.0,1.0,0.0,244.0,0.0,1
120,76.0,47.0,2.0,1.0,3.0,12.0,0.0,1
121,49.33,100.0,2.0,1.0,0.0,150.0,36.0,1
122,37.8,106.0,2.0,1.0,14.4,101.0,12.0,1
123,21.0,107.0,4.0,1.0,5.75,459.0,14.0,1
124,55.33,55.0,2.0,1.0,9.33,413.0,2.0,1
125,91.5,111.0,2.0,1.0,1.0,5.0,1.0,1
126,29.14,56.0,6.0,1.0,8.57,124.0,10.0,1
127,22.27,117.0,9.0,1.0,9.27,294.0,71.0,1
128,48.8,133.0,4.0,1.0,2.4,42.0,24.0,1
129,19.43,136.0,7.0,1.0,7.0,240.0,122.0,1
130,65.75,59.0,2.0,1.0,5.5,303.0,222.0,1
131,87.33,61.0,2.0,1.0,10.0,33.0,0.0,1
132,56.8,62.0,4.0,1.0,3.6,100.0,7.0,1
133,49.0,75.0,4.0,1.0,2.17,181.0,26.0,1
134,52.4,77.0,2.0,1.0,13.2,234.0,15.0,1
135,21.15,160.0,8.0,1.0,0.92,128.0,68.0,1
136,22.62,164.0,6.0,1.0,1.77,386.0,72.0,1
137,24.92,174.0,8.0,1.0,7.0,189.0,0.0,1
138,42.5,70.0,7.0,1.0,15.12,106.0,11.0,1
139,26.62,86.0,7.0,1.0,14.23,204.0,22.0,1
140,99.67,92.0,2.0,1.0,10.33,175.0,5.0,1
141,54.33,93.0,6.0,1.0,17.33,29.0,5.0,1
142,157.5,73.0,2.0,1.0,12.5,42.0,10.0,1
143,34.6,85.0,3.0,1.0,28.8,39.0,9.0,1
144,61.5,90.0,4.0,1.0,22.5,79.0,14.0,1
145,178.0,24.0,2.0,1.0,17.5,3.0,2.0,1
146,64.67,96.0,2.0,1.0,20.0,50.0,17.0,1
147,44.75,147.0,5.0,1.0,1.12,58.0,0.0,1
148,91.25,98.0,3.0,1.0,9.75,77.0,10.0,1
149,48.12,99.0,3.0,1.0,14.38,186.0,27.0,1
150,97.5,100.0,2.0,1.0,2.25,79.0,15.0,1
151,119.0,149.0,3.0,1.0,4.67,15.0,0.0,1
152,123.67,102.0,3.0,1.0,0.0,171.0,2.0,1
153,37.07,112.0,6.0,1.0,15.29,314.0,140.0,1
154,134.0,9.0,3.0,1.0,10.0,23.0,0.0,1
155,130.0,183.0,2.0,2.0,0.0,22.0,1.0,1
156,44.2,184.0,4.0,1.0,31.1,91.0,68.0,1
157,196.5,185.0,2.0,1.0,0.0,9.0,6.0,1
158,87.0,118.0,3.0,1.0,15.8,446.0,158.0,1
159,218.0,192.0,2.0,1.0,13.5,23.0,0.0,1
160,58.38,116.0,6.0,1.0,14.0,70.0,7.0,1
161,120.0,195.0,2.0,1.0,5.25,83.0,79.0,1
162,52.0,125.0,6.0,1.0,7.78,1068.0,5.0,1
163,64.38,196.0,3.0,1.0,15.25,110.0,63.0,1
164,103.4,131.0,4.0,1.0,9.0,102.0,47.0,1
165,120.75,198.0,4.0,1.0,8.0,52.0,26.0,1
166,88.5,54.0,3.0,1.0,27.5,209.0,14.0,1
167,93.33,138.0,5.0,2.0,3.17,65.0,8.0,1
168,105.8,18.0,4.0,1.0,26.0,188.0,56.0,1
169,111.6,139.0,3.0,1.0,1.0,75.0,2.0,1
170,125.25,57.0,3.0,1.0,36.25,32.0,1.0,1
171,130.0,146.0,2.0,1.0,1.5,100.0,2.0,1
172,137.0,21.0,3.0,1.0,9.75,121.0,40.0,1
173,186.33,148.0,2.0,1.0,0.0,43.0,5.0,1
174,269.0,152.0,2.0,1.0,7.0,12.0,8.0,1
175,190.67,64.0,2.0,1.0,13.67,8.0,3.0,1
176,150.0,6.0,3.0,1.0,11.5,21.0,0.0,1
177,41.73,157.0,6.0,1.0,34.13,193.0,168.0,1
178,100.83,28.0,5.0,1.0,8.67,183.0,6.0,1
179,127.4,166.0,4.0,1.0,21.6,181.0,8.0,1
180,198.0,71.0,2.0,1.0,0.0,34.0,2.0,1
181,70.11,29.0,5.0,1.0,23.11,352.0,160.0,1
182,133.2,43.0,3.0,1.0,47.0,127.0,161.0,1
183,114.0,14.0,5.0,1.0,15.33,39.0,3.0,1
184,147.2,34.0,2.0,1.0,30.4,131.0,82.0,1
185,67.62,82.0,11.0,1.0,30.46,80.0,56.0,1
186,27.4,105.0,9.0,2.0,15.13,114.0,27.0,1
187,163.0,115.0,3.0,1.0,51.6,226.0,23.0,1
188,271.33,124.0,3.0,1.0,9.33,61.0,36.0,1
189,202.5,127.0,3.0,1.0,0.5,16.0,70.0,1
190,201.75,132.0,2.0,1.0,40.75,87.0,5.0,1
191,104.6,136.0,3.0,1.0,26.0,205.0,75.0,1
192,284.33,143.0,3.0,1.0,7.33,70.0,6.0,1
193,288.33,69.0,3.0,1.0,53.0,31.0,1.0,1
194,177.67,162.0,2.0,1.0,3.67,20.0,3.0,1
195,186.0,171.0,2.0,1.0,4.67,179.0,30.0,1
196,181.2,4.0,5.0,1.0,57.0,27.0,4.0,1
197,162.0,189.0,5.0,1.0,47.0,66.0,14.0,1
198,50.2,80.0,9.0,2.0,10.5,203.0,41.0,1
199,145.29,196.0,5.0,1.0,14.29,305.0,28.0,1
200,157.7,107.0,9.0,3.0,39.6,36.0,22.0,1
201,51.12,18.77,2.15,1.85,19.9,15.86,8.65,1
202,112.67,50.51,2.86,1.14,33.47,29.26,2.3,1
203,115.75,52.1,2.89,1.11,34.15,29.93,1.98,1
204,89.47,38.55,2.59,1.41,28.36,24.21,4.69,1
205,70.17,28.59,2.37,1.63,24.1,20.01,6.68,1
206,94.51,41.15,2.65,1.35,29.47,25.31,4.17,1
207,82.31,34.85,2.51,1.49,26.78,22.65,5.43,1
208,70.66,28.85,2.37,1.63,24.21,20.11,6.63,1
209,80.08,33.7,2.48,1.52,26.28,22.16,5.66,1
210,58.99,22.82,2.24,1.76,21.63,17.57,7.84,1
211,118.38,53.46,2.92,1.08,34.73,30.5,1.71,1
212,57.7,22.16,2.23,1.77,21.35,17.29,7.97,1
213,86.65,37.09,2.56,1.44,27.73,23.59,4.98,1
214,122.91,55.79,2.97,1.03,35.73,31.49,1.24,1
215,112.45,50.4,2.85,1.15,33.43,29.21,2.32,1
216,94.54,41.16,2.65,1.35,29.47,25.31,4.17,1
217,96.45,42.15,2.67,1.33,29.9,25.73,3.97,1
218,48.64,17.49,2.12,1.88,19.35,15.32,8.9,1
219,71.65,29.35,2.39,1.61,24.42,20.33,6.53,1
220,84.86,36.17,2.54,1.46,27.34,23.2,5.17,1
221,39.0,12.52,2.01,1.99,17.22,13.22,9.9,1
222,104.18,46.13,2.76,1.24,31.6,27.41,3.17,1
223,47.95,17.13,2.11,1.89,19.2,15.17,8.97,1
224,103.92,46.0,2.76,1.24,31.54,27.35,3.2,1
225,103.65,45.86,2.75,1.25,31.48,27.3,3.23,1
226,114.27,51.34,2.87,1.13,33.83,29.61,2.13,1
227,47.8,17.06,2.11,1.89,19.16,15.13,8.99,1
228,53.04,19.76,2.17,1.83,20.32,16.28,8.45,1
229,56.69,21.64,2.21,1.79,21.12,17.07,8.07,1
230,48.35,17.34,2.12,1.88,19.28,15.25,8.93,1
231,41.17,13.63,2.04,1.96,17.7,13.69,9.67,1
232,77.1,32.16,2.45,1.55,25.63,21.51,5.97,1
233,109.92,49.09,2.82,1.18,32.87,28.66,2.58,1
234,54.77,20.65,2.19,1.81,20.7,16.65,8.27,1
235,84.19,35.83,2.53,1.47,27.19,23.06,5.23,1
236,44.33,15.27,2.07,1.93,18.4,14.38,9.35,1
237,98.34,43.12,2.69,1.31,30.31,26.14,3.78,1
238,42.47,14.3,2.05,1.95,17.99,13.97,9.54,1
239,45.72,15.98,2.09,1.91,18.7,14.68,9.2,1
240,52.34,19.39,2.16,1.84,20.16,16.12,8.52,1
241,115.74,52.1,2.89,1.11,34.15,29.93,1.98,1
242,111.15,49.73,2.84,1.16,33.14,28.93,2.45,1
243,60.98,23.85,2.26,1.74,22.07,18.01,7.63,1
244,119.36,53.96,2.93,1.07,34.95,30.72,1.61,1
245,43.93,15.06,2.07,1.93,18.31,14.29,9.39,1
246,50.31,18.35,2.14,1.86,19.72,15.68,8.73,1
247,105.21,46.67,2.77,1.23,31.83,27.64,3.07,1
248,63.62,25.21,2.29,1.71,22.65,18.58,7.36,1
249,88.55,38.07,2.58,1.42,28.15,24.01,4.79,1
250,98.73,43.32,2.7,1.3,30.4,26.22,3.74,1
251,85.56,36.53,2.55,1.45,27.49,23.36,5.09,1
252,83.32,35.38,2.52,1.48,27.0,22.87,5.32,1
253,120.23,54.41,2.94,1.06,35.14,30.91,1.52,1
254,40.91,13.5,2.03,1.97,17.64,13.63,9.7,1
255,107.76,47.98,2.8,1.2,32.39,28.19,2.8,1
256,125.08,56.91,3.0,1.0,36.21,31.96,1.02,1
257,123.14,55.91,2.98,1.02,35.78,31.54,1.22,1
258,94.42,41.1,2.65,1.35,29.45,25.29,4.18,1
259,53.47,19.98,2.18,1.82,20.41,16.37,8.4,1
260,63.42,25.11,2.29,1.71,22.61,18.54,7.38,1
261,97.52,42.7,2.68,1.32,30.13,25.96,3.86,1
262,113.78,51.09,2.87,1.13,33.72,29.5,2.18,1
263,74.03,30.58,2.41,1.59,24.95,20.85,6.28,1
264,76.0,31.6,2.44,1.56,25.38,21.28,6.08,1
265,90.48,39.07,2.6,1.4,28.58,24.43,4.59,1
266,101.69,44.85,2.73,1.27,31.05,26.87,3.43,1
267,87.6,37.58,2.57,1.43,27.94,23.8,4.88,1
268,63.51,25.16,2.29,1.71,22.63,18.56,7.37,1
269,101.5,44.75,2.73,1.27,31.01,26.83,3.45,1
270,56.99,21.79,2.22,1.78,21.19,17.13,8.04,1
271,116.62,52.55,2.9,1.1,34.35,30.12,1.89,1
272,115.94,52.2,2.89,1.11,34.2,29.97,1.96,1
273,44.15,15.17,2.07,1.93,18.36,14.34,9.37,1
274,109.96,49.12,2.82,1.18,32.88,28.67,2.58,1
275,66.56,26.73,2.33,1.67,23.3,19.22,7.05,1
276,89.6,38.61,2.59,1.41,28.38,24.24,4.68,1
277,40.94,13.51,2.03,1.97,17.65,13.64,9.7,1
278,48.09,17.2,2.12,1.88,19.23,15.2,8.96,1
279,70.62,28.83,2.37,1.63,24.2,20.1,6.63,1
280,40.35,13.21,2.03,1.97,17.52,13.51,9.76,1
281,71.57,29.31,2.38,1.62,24.41,20.31,6.54,1
282,56.06,21.32,2.21,1.79,20.99,16.93,8.14,1
283,48.82,17.58,2.12,1.88,19.39,15.36,8.88,1
284,105.14,46.63,2.77,1.23,31.81,27.62,3.07,1
285,54.25,20.38,2.19,1.81,20.58,16.54,8.32,1
286,61.57,24.15,2.27,1.73,22.2,18.13,7.57,1
287,57.79,22.21,2.23,1.77,21.37,17.31,7.96,1
288,110.21,49.24,2.83,1.17,32.93,28.72,2.55,1
289,44.02,15.1,2.07,1.93,18.33,14.31,9.38,1
290,75.03,31.1,2.42,1.58,25.17,21.06,6.18,1
291,62.42,24.59,2.28,1.72,22.39,18.32,7.48,1
292,121.56,55.1,2.96,1.04,35.44,31.2,1.38,1
293,118.97,53.76,2.93,1.07,34.86,30.63,1.65,1
294,56.15,21.36,2.21,1.79,21.01,16.95,8.13,1
295,68.65,27.81,2.35,1.65,23.76,19.67,6.84,1
296,107.09,47.64,2.79,1.21,32.24,28.05,2.87,1
297,55.12,20.83,2.2,1.8,20.78,16.73,8.23,1
298,82.74,35.08,2.51,1.49,26.87,22.74,5.38,1
299,61.58,24.16,2.27,1.73,22.2,18.13,7.57,1
300,87.22,37.39,2.56,1.44,27.86,23.72,4.92,1
301,109.84,49.05,2.82,1.18,32.85,28.64,2.59,1
302,53.11,19.79,2.17,1.83,20.33,16.29,8.44,1
303,56.6,21.59,2.21,1.79,21.1,17.05,8.08,1
304,100.44,44.2,2.72,1.28,30.78,26.6,3.56,1
305,72.23,29.66,2.39,1.61,24.55,20.45,6.47,1
306,77.41,32.33,2.45,1.55,25.7,21.58,5.93,1
307,113.76,51.07,2.87,1.13,33.71,29.5,2.19,1
308,66.69,26.8,2.33,1.67,23.33,19.25,7.04,1
309,98.64,43.28,2.7,1.3,30.38,26.21,3.74,1
310,62.54,24.65,2.28,1.72,22.41,18.34,7.47,1
311,56.08,21.33,2.21,1.79,20.99,16.94,8.13,1
312,42.11,14.12,2.05,1.95,17.91,13.89,9.58,1
313,71.25,29.15,2.38,1.62,24.34,20.24,6.57,1
314,90.97,39.32,2.61,1.39,28.69,24.53,4.54,1
315,76.56,31.89,2.44,1.56,25.51,21.4,6.02,1
316,109.97,49.12,2.82,1.18,32.88,28.67,2.58,1
317,107.69,47.95,2.8,1.2,32.38,28.18,2.81,1
318,56.18,21.38,2.21,1.79,21.01,16.96,8.12,1
319,113.68,51.03,2.87,1.13,33.7,29.48,2.19,1
320,91.74,39.72,2.62,1.38,28.86,24.7,4.46,1
321,113.59,50.98,2.87,1.13,33.68,29.46,2.2,1
322,64.94,25.89,2.31,1.69,22.94,18.87,7.22,1
323,42.66,14.4,2.05,1.95,18.03,14.01,9.52,1
324,115.36,51.9,2.89,1.11,34.07,29.85,2.02,1
325,61.89,24.32,2.27,1.73,22.27,18.2,7.54,1
326,121.07,54.85,2.95,1.05,35.33,31.09,1.43,1
327,80.39,33.86,2.49,1.51,26.35,22.23,5.63,1
328,123.65,56.18,2.98,1.02,35.9,31.65,1.16,1
329,69.07,28.02,2.36,1.64,23.85,19.77,6.8,1
330,105.17,46.64,2.77,1.23,31.82,27.63,3.07,1
331,93.93,40.85,2.64,1.36,29.34,25.18,4.23,1
332,113.35,50.86,2.86,1.14,33.62,29.41,2.23,1
333,64.39,25.61,2.3,1.7,22.82,18.75,7.28,1
334,121.53,55.08,2.96,1.04,35.43,31.19,1.38,1
335,116.68,52.58,2.9,1.1,34.36,30.13,1.88,1
336,94.97,41.38,2.65,1.35,29.57,25.41,4.12,1
337,96.16,42.0,2.67,1.33,29.83,25.67,4.0,1
338,61.53,24.14,2.27,1.73,22.19,18.13,7.57,1
339,99.26,43.6,2.7,1.3,30.52,26.34,3.68,1
340,57.04,21.82,2.22,1.78,21.2,17.15,8.04,1
341,39.75,12.91,2.02,1.98,17.39,13.38,9.82,1
342,107.62,47.91,2.8,1.2,32.36,28.16,2.82,1
343,43.63,14.9,2.06,1.94,18.24,14.23,9.42,1
344,93.77,40.76,2.64,1.36,29.3,25.14,4.25,1
345,94.46,41.12,2.65,1.35,29.46,25.3,4.18,1
346,88.99,38.3,2.58,1.42,28.25,24.1,4.74,1
347,50.81,18.61,2.15,1.85,19.83,15.79,8.68,1
348,71.82,29.44,2.39,1.61,24.46,20.36,6.51,1
349,74.47,30.81,2.42,1.58,25.05,20.94,6.24,1
350,121.86,55.25,2.96,1.04,35.5,31.26,1.35,1
351,107.72,47.96,2.8,1.2,32.38,28.18,2.81,1
352,85.57,36.54,2.55,1.45,27.5,23.36,5.09,1
353,56.51,21.55,2.21,1.79,21.08,17.03,8.09,1
354,109.62,48.94,2.82,1.18,32.8,28.6,2.61,1
355,121.87,55.26,2.96,1.04,35.5,31.26,1.35,1
356,62.27,24.52,2.28,1.72,22.36,18.29,7.5,1
357,64.42,25.62,2.3,1.7,22.83,18.75,7.28,1
358,122.39,55.53,2.97,1.03,35.62,31.38,1.29,1
359,98.71,43.31,2.7,1.3,30.39,26.22,3.74,1
360,59.62,23.15,2.25,1.75,21.77,17.71,7.77,1
361,73.92,30.53,2.41,1.59,24.93,20.82,6.29,1
362,98.48,43.19,2.69,1.31,30.34,26.17,3.76,1
363,50.38,18.38,2.14,1.86,19.73,15.7,8.72,1
364,124.09,56.4,2.99,1.01,36.0,31.75,1.12,1
365,113.46,50.92,2.86,1.14,33.65,29.43,2.22,1
366,96.2,42.02,2.67,1.33,29.84,25.67,4.0,1
367,68.66,27.81,2.35,1.65,23.77,19.68,6.84,1
368,60.17,23.44,2.25,1.75,21.89,17.83,7.71,1
369,92.38,40.04,2.62,1.38,29.0,24.84,4.39,1
370,63.23,25.01,2.29,1.71,22.57,18.5,7.4,1
371,92.88,40.31,2.63,1.37,29.11,24.95,4.34,1
372,67.98,27.46,2.34,1.66,23.61,19.53,6.91,1
373,56.55,21.57,2.21,1.79,21.09,17.04,8.09,1
374,66.72,26.81,2.33,1.67,23.34,19.25,7.04,1
375,54.74,20.64,2.19,1.81,20.69,16.65,8.27,1
376,46.35,16.31,2.1,1.9,18.84,14.82,9.14,1
377,51.12,18.77,2.15,1.85,19.9,15.86,8.65,1
378,96.69,42.27,2.67,1.33,29.95,25.78,3.95,1
379,78.81,33.05,2.47,1.53,26.0,21.89,5.79,1
380,59.31,22.99,2.24,1.76,21.7,17.64,7.8,1
381,47.58,16.94,2.11,1.89,19.11,15.09,9.01,1
382,114.91,51.67,2.88,1.12,33.97,29.75,2.07,1
383,77.5,32.37,2.45,1.55,25.71,21.6,5.93,1
384,117.06,52.77,2.91,1.09,34.44,30.22,1.85,1
385,88.9,38.25,2.58,1.42,28.23,24.08,4.75,1
386,95.78,41.8,2.66,1.34,29.75,25.58,4.04,1
387,42.07,14.1,2.05,1.95,17.9,13.89,9.58,1
388,100.97,44.48,2.72,1.28,30.89,26.71,3.5,1
389,98.12,43.01,2.69,1.31,30.26,26.09,3.8,1
390,85.05,36.27,2.54,1.46,27.38,23.25,5.15,1
391,47.63,16.96,2.11,1.89,19.12,15.1,9.01,1
392,66.26,26.58,2.32,1.68,23.24,19.15,7.08,1
393,87.33,37.44,2.57,1.43,27.88,23.74,4.91,1
394,62.54,24.66,2.28,1.72,22.42,18.34,7.47,1
395,107.25,47.71,2.79,1.21,32.28,28.08,2.86,1
396,54.54,20.53,2.19,1.81,20.65,16.6,8.29,1
397,75.08,31.12,2.42,1.58,25.18,21.07,6.18,1
398,56.61,21.6,2.21,1.79,21.11,17.05,8.08,1
399,107.8,48.0,2.8,1.2,32.4,28.2,2.8,1
400,49.26,17.81,2.13,1.87,19.48,15.45,8.84,1
401,71.73,29.4,2.39,1.61,24.44,20.35,6.52,1
402,43.21,14.69,2.06,1.94,18.15,14.13,9.46,1
403,84.43,35.95,2.53,1.47,27.24,23.11,5.21,1
404,99.25,43.59,2.7,1.3,30.51,26.34,3.68,1
405,44.91,15.56,2.08,1.92,18.52,14.51,9.29,1
406,87.44,37.5,2.57,1.43,27.91,23.77,4.9,1
407,58.27,22.46,2.23,1.77,21.47,17.41,7.91,1
408,44.31,15.25,2.07,1.93,18.39,14.37,9.35,1
409,72.55,29.82,2.4,1.6,24.62,20.52,6.44,1
410,97.18,42.52,2.68,1.32,30.06,25.89,3.9,1
411,86.4,36.96,2.55,1.45,27.68,23.54,5.01,1
412,96.14,41.98,2.67,1.33,29.83,25.66,4.0,1
413,45.29,15.76,2.08,1.92,18.61,14.59,9.25,1
414,58.31,22.48,2.23,1.77,21.48,17.42,7.9,1
415,84.68,36.07,2.53,1.47,27.3,23.16,5.19,1
416,72.98,30.04,2.4,1.6,24.72,20.62,6.39,1
417,110.48,49.38,2.83,1.17,32.99,28.78,2.52,1
418,70.04,28.52,2.37,1.63,24.07,19.98,6.7,1
419,97.57,42.72,2.68,1.32,30.14,25.97,3.86,1
420,80.69,34.02,2.49,1.51,26.42,22.3,5.6,1
421,72.82,29.96,2.4,1.6,24.68,20.58,6.41,1
422,48.11,17.22,2.12,1.88,19.23,15.2,8.96,1
423,42.16,14.14,2.05,1.95,17.92,13.91,9.57,1
424,43.35,14.76,2.06,1.94,18.18,14.17,9.45,1
425,90.35,39.0,2.6,1.4,28.55,24.4,4.6,1
426,40.52,13.3,2.03,1.97,17.56,13.55,9.74,1
427,115.02,51.72,2.88,1.12,33.99,29.77,2.06,1
428,98.2,43.05,2.69,1.31,30.28,26.11,3.79,1
429,105.5,46.81,2.77,1.23,31.89,27.7,3.04,1
430,95.23,41.52,2.66,1.34,29.63,25.46,4.1,1
431,78.48,32.88,2.46,1.54,25.93,21.82,5.82,1
432,112.81,50.58,2.86,1.14,33.51,29.29,2.28,1
433,103.83,45.95,2.75,1.25,31.52,27.34,3.21,1
434,68.41,27.68,2.35,1.65,23.71,19.62,6.86,1
435,62.09,24.42,2.28,1.72,22.31,18.25,7.52,1
436,91.88,39.79,2.62,1.38,28.89,24.73,4.44,1
437,116.86,52.67,2.9,1.1,34.4,30.17,1.87,1
438,106.21,47.18,2.78,1.22,32.05,27.85,2.96,1
439,49.54,17.95,2.13,1.87,19.55,15.51,8.81,1
440,113.37,50.87,2.86,1.14,33.63,29.41,2.23,1
441,115.28,51.86,2.89,1.11,34.05,29.83,2.03,1
442,61.55,24.15,2.27,1.73,22.2,18.13,7.57,1
443,104.63,46.37,2.76,1.24,31.7,27.51,3.13,1
444,111.71,50.02,2.84,1.16,33.26,29.05,2.4,1
445,119.67,54.12,2.94,1.06,35.02,30.79,1.58,1
446,45.61,15.92,2.09,1.91,18.68,14.66,9.22,1
447,82.27,34.83,2.51,1.49,26.77,22.64,5.43,1
448,79.39,33.34,2.47,1.53,26.13,22.01,5.73,1
449,63.78,25.3,2.3,1.7,22.69,18.61,7.34,1
450,124.71,56.72,2.99,1.01,36.13,31.88,1.06,1
451,83.31,35.37,2.52,1.48,27.0,22.87,5.33,1
452,102.39,45.21,2.74,1.26,31.21,27.02,3.36,1
453,57.59,22.11,2.22,1.78,21.32,17.27,7.98,1
454,48.65,17.49,2.12,1.88,19.35,15.32,8.9,1
455,48.32,17.32,2.12,1.88,19.28,15.25,8.94,1
456,80.99,34.17,2.49,1.51,26.48,22.36,5.57,1
457,60.98,23.85,2.26,1.74,22.07,18.01,7.63,1
458,63.0,24.89,2.29,1.71,22.51,18.44,7.42,1
459,76.73,31.98,2.44,1.56,25.54,21.43,6.0,1
460,87.47,37.51,2.57,1.43,27.91,23.77,4.9,1
461,117.55,53.03,2.91,1.09,34.55,30.32,1.79,1
462,52.83,19.65,2.17,1.83,20.27,16.23,8.47,1
463,54.82,20.67,2.19,1.81,20.71,16.66,8.27,1
464,91.8,39.75,2.62,1.38,28.87,24.72,4.45,1
465,114.08,51.24,2.87,1.13,33.79,29.57,2.15,1
466,112.26,50.3,2.85,1.15,33.38,29.17,2.34,1
467,97.1,42.48,2.68,1.32,30.04,25.87,3.9,1
468,56.15,21.36,2.21,1.79,21.0,16.95,8.13,1
469,44.76,15.49,2.08,1.92,18.49,14.47,9.3,1
470,83.24,35.33,2.52,1.48,26.98,22.85,5.33,1
471,104.05,46.06,2.76,1.24,31.57,27.38,3.19,1
472,123.16,55.92,2.98,1.02,35.79,31.54,1.22,1
473,47.98,17.15,2.11,1.89,19.2,15.17,8.97,1
474,48.9,17.62,2.12,1.88,19.4,15.37,8.88,1
475,72.16,29.62,2.39,1.61,24.54,20.44,6.48,1
476,125.07,56.91,3.0,1.0,36.21,31.96,1.02,1
477,119.98,54.28,2.94,1.06,35.09,30.85,1.54,1
478,77.01,32.12,2.45,1.55,25.61,21.5,5.98,1
479,77.19,32.21,2.45,1.55,25.65,21.53,5.96,1
480,121.46,55.04,2.96,1.04,35.41,31.17,1.39,1
481,106.5,47.33,2.79,1.21,32.11,27.92,2.93,1
482,121.13,54.87,2.95,1.05,35.34,31.1,1.43,1
483,54.83,20.68,2.19,1.81,20.71,16.67,8.26,1
484,77.39,32.32,2.45,1.55,25.69,21.58,5.94,1
485,110.05,49.16,2.83,1.17,32.9,28.69,2.57,1
486,72.58,29.83,2.4,1.6,24.63,20.53,6.43,1
487,66.23,26.56,2.32,1.68,23.23,19.15,7.09,1
488,59.1,22.88,2.24,1.76,21.65,17.59,7.82,1
489,62.1,24.43,2.28,1.72,22.32,18.25,7.51,1
490,81.58,34.48,2.5,1.5,26.62,22.49,5.5,1
491,117.28,52.89,2.91,1.09,34.49,30.27,1.82,1
492,52.52,19.49,2.17,1.83,20.2,16.16,8.5,1
493,81.4,34.39,2.5,1.5,26.58,22.45,5.52,1
494,64.98,25.92,2.31,1.69,22.95,18.88,7.22,1
495,75.47,31.32,2.43,1.57,25.27,21.16,6.14,1
496,73.18,30.14,2.4,1.6,24.76,20.66,6.37,1
497,48.09,17.2,2.12,1.88,19.23,15.2,8.96,1
498,38.28,12.14,2.0,2.0,17.06,13.06,9.97,1
499,95.05,41.42,2.65,1.35,29.59,25.42,4.12,1
500,104.24,46.16,2.76,1.24,31.61,27.42,3.17,1
501,95.81,41.82,2.66,1.34,29.75,25.59,4.04,1
502,78.92,33.1,2.47,1.53,26.03,21.91,5.78,1
503,81.74,34.56,2.5,1.5,26.65,22.52,5.49,1
504,111.08,49.69,2.84,1.16,33.12,28.91,2.46,1
505,56.22,21.4,2.21,1.79,21.02,16.97,8.12,1
506,103.9,45.99,2.76,1.24,31.54,27.35,3.2,1
507,60.08,23.39,2.25,1.75,21.87,17.81,7.72,1
508,47.22,16.76,2.11,1.89,19.04,15.01,9.05,1
509,43.16,14.66,2.06,1.94,18.14,14.12,9.47,1
510,69.28,28.13,2.36,1.64,23.9,19.81,6.77,1
511,119.77,54.17,2.94,1.06,35.04,30.81,1.57,1
512,102.84,45.44,2.74,1.26,31.31,27.12,3.31,1
513,89.52,38.57,2.59,1.41,28.37,24.22,4.69,1
514,81.28,34.32,2.5,1.5,26.55,22.42,5.54,1
515,98.55,43.23,2.69,1.31,30.36,26.19,3.75,1
516,41.0,13.55,2.03,1.97,17.66,13.65,9.69,1
517,76.82,32.02,2.44,1.56,25.57,21.45,6.0,1
518,92.97,40.35,2.63,1.37,29.13,24.97,4.33,1
519,51.63,19.03,2.16,1.84,20.01,15.97,8.59,1
520,107.35,47.77,2.79,1.21,32.3,28.1,2.85,1
521,90.77,39.22,2.6,1.4,28.64,24.49,4.56,1
522,118.44,53.49,2.92,1.08,34.75,30.52,1.7,1
523,38.57,12.29,2.01,1.99,17.13,13.12,9.94,1
524,92.0,39.85,2.62,1.38,28.91,24.76,4.43,1
525,124.55,56.64,2.99,1.01,36.1,31.85,1.07,1
526,89.06,38.34,2.59,1.41,28.27,24.12,4.73,1
527,110.66,49.48,2.83,1.17,33.03,28.82,2.5,1
528,99.7,43.82,2.71,1.29,30.61,26.44,3.64,1
529,71.29,29.17,2.38,1.62,24.35,20.25,6.57,1
530,70.83,28.93,2.38,1.62,24.24,20.15,6.61,1
531,39.06,12.55,2.01,1.99,17.23,13.23,9.89,1
532,62.27,24.52,2.28,1.72,22.36,18.29,7.5,1
533,91.36,39.52,2.61,1.39,28.77,24.62,4.5,1
534,57.0,21.8,2.22,1.78,21.19,17.14,8.04,1
535,74.8,30.98,2.42,1.58,25.12,21.01,6.2,1
536,98.33,43.12,2.69,1.31,30.31,26.14,3.78,1
537,115.3,51.87,2.89,1.11,34.05,29.83,2.03,1
538,116.6,52.54,2.9,1.1,34.34,30.12,1.89,1
539,85.39,36.44,2.54,1.46,27.46,23.32,5.11,1
540,107.23,47.7,2.79,1.21,32.27,28.08,2.86,1
541,113.78,51.09,2.87,1.13,33.72,29.5,2.18,1
542,103.02,45.53,2.75,1.25,31.35,27.16,3.29,1
543,69.53,28.26,2.36,1.64,23.96,19.87,6.75,1
544,108.76,48.5,2.81,1.19,32.61,28.41,2.7,1
545,79.32,33.31,2.47,1.53,26.12,22.0,5.74,1
546,118.02,53.27,2.92,1.08,34.65,30.43,1.75,1
547,75.86,31.52,2.43,1.57,25.35,21.24,6.1,1
548,94.71,41.25,2.65,1.35,29.51,25.35,4.15,1
549,75.56,31.37,2.43,1.57,25.29,21.18,6.13,1
550,107.59,47.89,2.8,1.2,32.35,28.15,2.82,1
551,98.41,43.16,2.69,1.31,30.33,26.15,3.77,1
552,85.62,36.56,2.55,1.45,27.51,23.37,5.09,1
553,70.39,28.7,2.37,1.63,24.15,20.05,6.66,1
554,113.85,51.12,2.87,1.13,33.74,29.52,2.18,1
555,56.3,21.44,2.21,1.79,21.04,16.99,8.11,1
556,69.03,28.0,2.36,1.64,23.85,19.76,6.8,1
557,50.6,18.5,2.14,1.86,19.78,15.74,8.7,1
558,113.41,50.9,2.86,1.14,33.64,29.42,2.22,1
559,98.15,43.03,2.69,1.31,30.27,26.1,3.79,1
560,50.26,18.33,2.14,1.86,19.71,15.67,8.73,1
561,78.78,33.03,2.47,1.53,26.0,21.88,5.79,1
562,86.49,37.01,2.56,1.44,27.7,23.56,5.0,1
563,94.12,40.94,2.64,1.36,29.38,25.22,4.21,1
564,113.87,51.13,2.87,1.13,33.74,29.52,2.17,1
565,89.45,38.53,2.59,1.41,28.35,24.2,4.69,1
566,79.86,33.59,2.48,1.52,26.23,22.11,5.68,1
567,52.01,19.23,2.16,1.84,20.09,16.05,8.55,1
568,74.42,30.79,2.42,1.58,25.04,20.93,6.24,1
569,49.16,17.75,2.13,1.87,19.46,15.43,8.85,1
570,93.32,40.53,2.63,1.37,29.21,25.05,4.29,1
571,64.64,25.74,2.31,1.69,22.88,18.8,7.25,1
572,47.14,16.72,2.1,1.9,19.02,14.99,9.06,1
573,54.81,20.67,2.19,1.81,20.71,16.66,8.27,1
574,65.8,26.34,2.32,1.68,23.13,19.05,7.13,1
575,58.81,22.73,2.24,1.76,21.59,17.53,7.85,1
576,99.08,43.5,2.7,1.3,30.48,26.3,3.7,1
577,94.44,41.11,2.65,1.35,29.45,25.29,4.18,1
578,56.18,21.38,2.21,1.79,21.01,16.96,8.12,1
579,108.36,48.29,2.81,1.19,32.52,28.32,2.74,1
580,49.55,17.96,2.13,1.87,19.55,15.52,8.81,1
581,121.17,54.9,2.95,1.05,35.35,31.11,1.42,1
582,75.8,31.5,2.43,1.57,25.34,21.23,6.1,1
583,41.55,13.83,2.04,1.96,17.78,13.77,9.63,1
584,66.17,26.53,2.32,1.68,23.21,19.13,7.09,1
585,117.5,53.0,2.91,1.09,34.54,30.31,1.8,1
586,94.18,40.98,2.64,1.36,29.4,25.23,4.2,1
587,69.28,28.13,2.36,1.64,23.9,19.81,6.77,1
588,120.69,54.65,2.95,1.05,35.24,31.01,1.47,1
589,62.55,24.66,2.28,1.72,22.42,18.35,7.47,1
590,98.32,43.11,2.69,1.31,30.31,26.14,3.78,1
591,47.03,16.66,2.1,1.9,18.99,14.97,9.07,1
592,82.29,34.84,2.51,1.49,26.77,22.64,5.43,1
593,54.01,20.26,2.18,1.82,20.53,16.49,8.35,1
594,120.63,54.61,2.95,1.05,35.23,30.99,1.48,1
595,45.76,16.0,2.09,1.91,18.71,14.69,9.2,1
596,66.45,26.67,2.33,1.67,23.28,19.2,7.07,1
597,76.2,31.7,2.44,1.56,25.43,21.32,6.06,1
598,89.09,38.35,2.59,1.41,28.27,24.13,4.73,1
599,103.67,45.87,2.75,1.25,31.49,27.3,3.23,1
600,90.76,39.21,2.6,1.4,28.64,24.49,4.56,1
601,41.4,13.75,2.04,1.96,17.75,13.74,9.65,1
602,48.57,17.45,2.12,1.88,19.33,15.3,8.91,1
603,111.2,49.75,2.84,1.16,33.15,28.94,2.45,1
604,75.94,31.57,2.43,1.57,25.37,21.26,6.09,1
605,74.23,30.69,2.42,1.58,24.99,20.89,6.26,1
606,122.77,55.72,2.97,1.03,35.7,31.46,1.26,1
607,103.35,45.7,2.75,1.25,31.42,27.23,3.26,1
608,61.81,24.28,2.27,1.73,22.25,18.18,7.54,1
609,97.06,42.46,2.68,1.32,30.03,25.86,3.91,1
610,84.0,35.73,2.53,1.47,27.15,23.02,5.25,1
611,89.12,38.37,2.59,1.41,28.28,24.13,4.73,1
612,111.04,49.67,2.84,1.16,33.11,28.9,2.47,1
613,121.52,55.08,2.96,1.04,35.43,31.19,1.38,1
614,73.44,30.28,2.41,1.59,24.82,20.72,6.34,1
615,86.65,37.09,2.56,1.44,27.73,23.59,4.98,1
616,51.35,18.89,2.15,1.85,19.95,15.91,8.62,1
617,118.24,53.38,2.92,1.08,34.7,30.47,1.72,1
618,38.93,12.48,2.01,1.99,17.21,13.2,9.9,1
619,121.23,54.92,2.95,1.05,35.36,31.12,1.42,1
620,68.51,27.73,2.35,1.65,23.73,19.64,6.85,1
621,66.26,26.57,2.32,1.68,23.23,19.15,7.09,1
622,57.58,22.1,2.22,1.78,21.32,17.26,7.98,1
623,39.63,12.84,2.02,1.98,17.36,13.35,9.83,1
624,95.76,41.79,2.66,1.34,29.74,25.58,4.04,1
625,86.21,36.87,2.55,1.45,27.64,23.5,5.03,1
626,121.93,55.29,2.96,1.04,35.52,31.28,1.34,1
627,63.99,25.4,2.3,1.7,22.73,18.66,7.32,1
628,47.57,16.93,2.11,1.89,19.11,15.08,9.01,1
629,109.59,48.92,2.82,1.18,32.79,28.59,2.62,1
630,124.76,56.75,2.99,1.01,36.14,31.89,1.05,1
631,93.79,40.78,2.64,1.36,29.31,25.15,4.24,1
632,38.45,12.23,2.01,1.99,17.1,13.1,9.95,1
633,84.12,35.79,2.53,1.47,27.18,23.04,5.24,1
634,120.44,54.52,2.94,1.06,35.19,30.95,1.5,1
635,47.62,16.96,2.11,1.89,19.12,15.1,9.01,1
636,121.06,54.84,2.95,1.05,35.33,31.09,1.43,1
637,58.09,22.36,2.23,1.77,21.43,17.38,7.93,1
638,51.7,19.07,2.16,1.84,20.02,15.98,8.59,1
639,63.84,25.33,2.3,1.7,22.7,18.63,7.33,1
640,48.27,17.3,2.12,1.88,19.27,15.24,8.94,1
641,111.65,49.98,2.84,1.16,33.25,29.04,2.4,1
642,118.12,53.32,2.92,1.08,34.68,30.45,1.74,1
643,42.08,14.11,2.05,1.95,17.9,13.89,9.58,1
644,103.41,45.74,2.75,1.25,31.43,27.24,3.25,1
645,79.3,33.3,2.47,1.53,26.11,21.99,5.74,1
646,119.71,54.14,2.94,1.06,35.03,30.79,1.57,1
647,64.39,25.61,2.3,1.7,22.82,18.75,7.28,1
648,69.9,28.45,2.37,1.63,24.04,19.95,6.71,1
649,98.06,42.98,2.69,1.31,30.25,26.08,3.8,1
650,86.96,37.25,2.56,1.44,27.8,23.66,4.95,1
651,67.81,27.37,2.34,1.66,23.58,19.49,6.93,1
652,84.38,35.92,2.53,1.47,27.23,23.1,5.22,1
653,43.08,14.62,2.06,1.94,18.12,14.11,9.48,1
654,62.32,24.54,2.28,1.72,22.37,18.3,7.49,1
655,103.92,46.0,2.76,1.24,31.54,27.36,3.2,1
656,116.56,52.52,2.9,1.1,34.33,30.11,1.9,1
657,112.07,50.2,2.85,1.15,33.34,29.13,2.36,1
658,70.7,28.86,2.37,1.63,24.21,20.12,6.63,1
659,114.81,51.62,2.88,1.12,33.95,29.73,2.08,1
660,68.73,27.85,2.35,1.65,23.78,19.69,6.83,1
661,109.79,49.03,2.82,1.18,32.84,28.63,2.59,1
662,85.82,36.66,2.55,1.45,27.55,23.41,5.07,1
663,42.37,14.26,2.05,1.95,17.97,13.95,9.55,1
664,104.08,46.08,2.76,1.24,31.58,27.39,3.18,1
665,84.35,35.9,2.53,1.47,27.23,23.09,5.22,1
666,43.23,14.7,2.06,1.94,18.15,14.14,9.46,1
667,80.61,33.98,2.49,1.51,26.4,22.28,5.6,1
668,100.76,44.37,2.72,1.28,30.85,26.67,3.53,1
669,83.1,35.26,2.52,1.48,26.95,22.82,5.35,1
670,108.95,48.59,2.81,1.19,32.65,28.45,2.68,1
671,58.52,22.58,2.24,1.76,21.53,17.47,7.88,1
672,72.0,29.53,2.39,1.61,24.5,20.4,6.49,1
673,58.75,22.7,2.24,1.76,21.58,17.52,7.86,1
674,114.37,51.39,2.88,1.12,33.85,29.63,2.12,1
675,98.97,43.45,2.7,1.3,30.45,26.28,3.71,1
676,84.43,35.95,2.53,1.47,27.24,23.11,5.21,1
677,42.05,14.09,2.05,1.95,17.89,13.88,9.58,1
678,115.74,52.1,2.89,1.11,34.15,29.93,1.98,1
679,69.21,28.1,2.36,1.64,23.89,19.8,6.78,1
680,58.96,22.81,2.24,1.76,21.63,17.57,7.84,1
681,57.32,21.96,2.22,1.78,21.26,17.21,8.01,1
682,88.35,37.97,2.58,1.42,28.11,23.96,4.81,1
683,111.13,49.72,2.84,1.16,33.13,28.93,2.46,1
684,99.98,43.97,2.71,1.29,30.67,26.5,3.61,1
685,105.8,46.97,2.78,1.22,31.96,27.77,3.01,1
686,79.56,33.43,2.48,1.52,26.17,22.05,5.71,1
687,50.82,18.61,2.15,1.85,19.83,15.79,8.68,1
688,50.44,18.41,2.14,1.86,19.74,15.71,8.72,1
689,72.99,30.04,2.4,1.6,24.72,20.62,6.39,1
690,45.97,16.11,2.09,1.91,18.76,14.74,9.18,1
691,71.19,29.12,2.38,1.62,24.32,20.23,6.58,1
692,111.27,49.79,2.84,1.16,33.16,28.95,2.44,1
693,81.37,34.37,2.5,1.5,26.57,22.44,5.53,1
694,65.36,26.11,2.31,1.69,23.04,18.96,7.18,1
695,102.89,45.47,2.74,1.26,31.32,27.13,3.31,1
696,48.02,17.17,2.11,1.89,19.21,15.18,8.97,1
697,116.98,52.74,2.91,1.09,34.43,30.2,1.85,1
698,124.22,56.47,2.99,1.01,36.02,31.77,1.11,1
699,114.17,51.28,2.87,1.13,33.81,29.59,2.14,1
700,120.35,54.48,2.94,1.06,35.17,30.93,1.5,1
701,124.98,56.86,3.0,1.0,36.19,31.94,1.03,1
702,45.23,15.73,2.08,1.92,18.6,14.58,9.25,1
703,57.43,22.02,2.22,1.78,21.29,17.23,8.0,1
704,53.83,20.17,2.18,1.82,20.49,16.45,8.37,1
705,66.1,26.49,2.32,1.68,23.2,19.12,7.1,1
706,122.5,55.58,2.97,1.03,35.64,31.4,1.28,1
707,123.91,56.31,2.98,1.02,35.95,31.71,1.14,1
708,84.32,35.89,2.53,1.47,27.22,23.09,5.22,1
709,76.06,31.63,2.44,1.56,25.4,21.29,6.07,1
710,56.86,21.73,2.22,1.78,21.16,17.11,8.05,1
711,58.51,22.58,2.24,1.76,21.52,17.47,7.88,1
712,71.65,29.36,2.39,1.61,24.42,20.33,6.53,1
713,109.44,48.85,2.82,1.18,32.76,28.56,2.63,1
714,78.32,32.8,2.46,1.54,25.9,21.78,5.84,1
715,45.61,15.93,2.09,1.91,18.68,14.66,9.21,1
716,42.42,14.28,2.05,1.95,17.97,13.96,9.54,1
717,122.47,55.57,2.97,1.03,35.64,31.4,1.29,1
718,46.53,16.4,2.1,1.9,18.88,14.86,9.12,1
719,83.86,35.65,2.53,1.47,27.12,22.99,5.27,1
720,113.61,50.99,2.87,1.13,33.68,29.46,2.2,1
721,88.51,38.05,2.58,1.42,28.14,24.0,4.79,1
722,87.84,37.71,2.57,1.43,28.0,23.85,4.86,1
723,82.76,35.09,2.51,1.49,26.88,22.75,5.38,1
724,108.76,48.5,2.81,1.19,32.61,28.41,2.7,1
725,106.23,47.19,2.78,1.22,32.05,27.86,2.96,1
726,59.22,22.94,2.24,1.76,21.68,17.62,7.81,1
727,111.36,49.83,2.84,1.16,33.18,28.97,2.43,1
728,107.7,47.95,2.8,1.2,32.38,28.18,2.81,1
729,83.02,35.22,2.52,1.48,26.93,22.8,5.36,1
730,86.38,36.95,2.55,1.45,27.67,23.53,5.01,1
731,54.71,20.62,2.19,1.81,20.69,16.64,8.28,1
732,58.39,22.51,2.23,1.77,21.5,17.44,7.9,1
733,85.68,36.59,2.55,1.45,27.52,23.38,5.08,1
734,51.0,18.71,2.15,1.85,19.87,15.83,8.66,1
735,124.1,56.41,2.99,1.01,36.0,31.75,1.12,1
736,101.36,44.68,2.73,1.27,30.98,26.8,3.46,1
737,39.32,12.68,2.02,1.98,17.29,13.29,9.86,1
738,67.13,27.02,2.33,1.67,23.43,19.34,7.0,1
739,90.68,39.17,2.6,1.4,28.62,24.47,4.57,1
740,94.29,41.03,2.65,1.35,29.42,25.26,4.19,1
741,112.68,50.51,2.86,1.14,33.48,29.26,2.3,1
742,92.66,40.19,2.63,1.37,29.06,24.9,4.36,1
743,111.23,49.77,2.84,1.16,33.16,28.95,2.45,1
744,50.08,18.23,2.14,1.86,19.66,15.63,8.75,1
745,97.62,42.75,2.68,1.32,30.15,25.98,3.85,1
746,55.89,21.23,2.21,1.79,20.95,16.9,8.15,1
747,101.17,44.58,2.72,1.28,30.94,26.76,3.48,1
748,94.11,40.94,2.64,1.36,29.38,25.22,4.21,1
749,83.93,35.69,2.53,1.47,27.13,23.0,5.26,1
750,59.84,23.26,2.25,1.75,21.82,17.76,7.75,1
751,89.14,38.38,2.59,1.41,28.28,24.14,4.72,1
752,56.52,21.55,2.21,1.79,21.09,17.03,8.09,1
753,44.77,15.49,2.08,1.92,18.49,14.47,9.3,1
754,99.31,43.62,2.7,1.3,30.53,26.35,3.68,1
755,42.87,14.51,2.06,1.94,18.07,14.06,9.5,1
756,104.62,46.36,2.76,1.24,31.7,27.51,3.13,1
757,91.84,39.77,2.62,1.38,28.88,24.72,4.45,1
758,94.45,41.12,2.65,1.35,29.46,25.29,4.18,1
759,121.62,55.13,2.96,1.04,35.45,31.21,1.37,1
760,66.35,26.62,2.32,1.68,23.25,19.17,7.08,1
761,55.62,21.09,2.2,1.8,20.89,16.84,8.18,1
762,113.2,50.79,2.86,1.14,33.59,29.38,2.24,1
763,100.95,44.47,2.72,1.28,30.89,26.71,3.51,1
764,117.27,52.89,2.91,1.09,34.49,30.26,1.82,1
765,47.64,16.97,2.11,1.89,19.13,15.1,9.01,1
766,103.28,45.67,2.75,1.25,31.4,27.22,3.27,1
767,97.02,42.44,2.68,1.32,30.02,25.85,3.91,1
768,99.14,43.53,2.7,1.3,30.49,26.31,3.69,1
769,101.7,44.86,2.73,1.27,31.05,26.87,3.43,1
770,58.7,22.68,2.24,1.76,21.57,17.51,7.86,1
771,93.25,40.5,2.63,1.37,29.19,25.03,4.3,1
772,117.25,52.88,2.91,1.09,34.49,30.26,1.82,1
773,42.39,14.26,2.05,1.95,17.97,13.96,9.55,1
774,90.08,38.86,2.6,1.4,28.49,24.34,4.63,1
775,103.05,45.55,2.75,1.25,31.35,27.16,3.29,1
776,119.96,54.27,2.94,1.06,35.08,30.85,1.55,1
777,121.67,55.15,2.96,1.04,35.46,31.22,1.37,1
778,65.38,26.12,2.31,1.69,23.04,18.96,7.18,1
779,65.42,26.14,2.31,1.69,23.05,18.97,7.17,1
780,39.21,12.62,2.01,1.99,17.27,13.26,9.88,1
781,104.28,46.19,2.76,1.24,31.62,27.43,3.16,1
782,50.93,18.67,2.15,1.85,19.85,15.82,8.67,1
783,60.56,23.63,2.26,1.74,21.98,17.91,7.67,1
784,109.9,49.08,2.82,1.18,32.86,28.66,2.58,1
785,46.23,16.25,2.09,1.91,18.82,14.79,9.15,1
786,43.41,14.79,2.06,1.94,18.19,14.18,9.44,1
787,46.7,16.49,2.1,1.9,18.92,14.9,9.1,1
788,104.02,46.05,2.76,1.24,31.57,27.38,3.19,1
789,110.2,49.24,2.83,1.17,32.93,28.72,2.55,1
790,98.92,43.42,2.7,1.3,30.44,26.27,3.72,1
791,75.93,31.56,2.43,1.57,25.37,21.26,6.09,1
792,72.96,30.03,2.4,1.6,24.71,20.61,6.39,1
793,114.62,51.52,2.88,1.12,33.9,29.68,2.1,1
794,87.24,37.4,2.56,1.44,27.86,23.72,4.92,1
795,107.65,47.92,2.8,1.2,32.37,28.17,2.82,1
796,72.16,29.62,2.39,1.61,24.54,20.44,6.48,1
797,43.59,14.88,2.06,1.94,18.23,14.22,9.42,1
798,115.23,51.83,2.89,1.11,34.04,29.82,2.03,1
799,95.18,41.49,2.66,1.34,29.62,25.45,4.1,1
800,113.07,50.72,2.86,1.14,33.56,29.35,2.26,1
801,91.92,39.81,2.62,1.38,28.9,24.74,4.44,1
802,97.37,42.62,2.68,1.32,30.1,25.93,3.88,1
803,105.91,47.02,2.78,1.22,31.98,27.79,3.0,1
804,92.6,40.16,2.63,1.37,29.05,24.89,4.37,1
805,96.38,42.11,2.67,1.33,29.88,25.71,3.98,1
806,111.07,49.68,2.84,1.16,33.12,28.91,2.46,1
807,52.59,19.52,2.17,1.83,20.22,16.18,8.5,1
808,69.28,28.13,2.36,1.64,23.9,19.81,6.77,1
809,118.93,53.74,2.93,1.07,34.85,30.62,1.65,1
810,105.78,46.96,2.78,1.22,31.95,27.76,3.01,1
811,61.18,23.96,2.27,1.73,22.11,18.05,7.61,1
812,114.23,51.31,2.87,1.13,33.82,29.6,2.14,1
813,63.89,25.35,2.3,1.7,22.71,18.64,7.33,1
814,67.75,27.35,2.34,1.66,23.56,19.48,6.93,1
815,60.44,23.57,2.26,1.74,21.95,17.89,7.69,1
816,46.18,16.22,2.09,1.91,18.8,14.78,9.16,1
817,117.36,52.93,2.91,1.09,34.51,30.28,1.81,1
818,65.75,26.31,2.32,1.68,23.12,19.04,7.14,1
819,70.38,28.7,2.37,1.63,24.14,20.05,6.66,1
820,77.26,32.25,2.45,1.55,25.66,21.55,5.95,1
821,46.12,16.19,2.09,1.91,18.79,14.77,9.16,1
822,60.26,23.48,2.26,1.74,21.91,17.85,7.7,1
823,114.91,51.67,2.88,1.12,33.97,29.75,2.07,1
824,83.42,35.42,2.52,1.48,27.02,22.89,5.32,1
825,41.35,13.73,2.04,1.96,17.74,13.73,9.65,1
826,50.86,18.63,2.15,1.85,19.84,15.8,8.67,1
827,50.14,18.26,2.14,1.86,19.68,15.64,8.75,1
828,55.72,21.14,2.2,1.8,20.91,16.86,8.17,1
829,104.35,46.22,2.76,1.24,31.64,27.45,3.16,1
830,91.59,39.64,2.61,1.39,28.82,24.67,4.47,1
831,52.93,19.7,2.17,1.83,20.29,16.25,8.46,1
832,73.42,30.27,2.41,1.59,24.81,20.71,6.35,1
833,42.06,14.1,2.05,1.95,17.9,13.89,9.58,1
834,45.37,15.8,2.08,1.92,18.63,14.6,9.24,1
835,74.08,30.61,2.41,1.59,24.96,20.86,6.28,1
836,44.34,15.27,2.07,1.93,18.4,14.38,9.35,1
837,44.91,15.57,2.08,1.92,18.53,14.51,9.29,1
838,81.3,34.33,2.5,1.5,26.55,22.43,5.53,1
839,116.68,52.58,2.9,1.1,34.36,30.13,1.88,1
840,121.24,54.93,2.95,1.05,35.37,31.13,1.41,1
841,73.92,30.52,2.41,1.59,24.92,20.82,6.3,1
842,106.35,47.25,2.78,1.22,32.08,27.88,2.95,1
843,96.53,42.19,2.67,1.33,29.91,25.75,3.96,1
844,59.48,23.08,2.25,1.75,21.74,17.68,7.78,1
845,70.48,28.75,2.37,1.63,24.17,20.07,6.65,1
846,67.17,27.04,2.33,1.67,23.44,19.35,6.99,1
847,60.74,23.73,2.26,1.74,22.02,17.95,7.65,1
848,49.43,17.89,2.13,1.87,19.52,15.49,8.82,1
849,80.28,33.81,2.48,1.52,26.33,22.21,5.64,1
850,40.52,13.3,2.03,1.97,17.56,13.55,9.74,1
851,86.37,36.95,2.55,1.45,27.67,23.53,5.01,1
852,107.96,48.08,2.8,1.2,32.44,28.23,2.78,1
853,114.66,51.54,2.88,1.12,33.91,29.69,2.09,1
854,111.44,49.88,2.84,1.16,33.2,28.99,2.42,1
855,90.79,39.23,2.61,1.39,28.65,24.5,4.55,1
856,79.92,33.62,2.48,1.52,26.25,22.13,5.68,1
857,52.97,19.72,2.17,1.83,20.3,16.26,8.46,1
858,89.16,38.38,2.59,1.41,28.29,24.14,4.72,1
859,79.92,33.62,2.48,1.52,26.25,22.13,5.68,1
860,38.13,12.07,2.0,2.0,17.03,13.03,9.99,1
861,102.62,45.33,2.74,1.26,31.26,27.07,3.33,1
862,54.68,20.6,2.19,1.81,20.68,16.63,8.28,1
863,79.31,33.3,2.47,1.53,26.11,21.99,5.74,1
864,41.13,13.61,2.04,1.96,17.69,13.68,9.68,1
865,112.25,50.3,2.85,1.15,33.38,29.17,2.34,1
866,41.92,14.02,2.04,1.96,17.87,13.85,9.6,1
867,123.02,55.85,2.97,1.03,35.76,31.51,1.23,1
868,117.3,52.9,2.91,1.09,34.5,30.27,1.82,1
869,50.35,18.37,2.14,1.86,19.72,15.69,8.73,1
870,106.55,47.35,2.79,1.21,32.12,27.93,2.93,1
871,81.6,34.49,2.5,1.5,26.62,22.5,5.5,1
872,72.15,29.61,2.39,1.61,24.53,20.44,6.48,1
873,41.69,13.9,2.04,1.96,17.81,13.8,9.62,1
874,90.04,38.84,2.6,1.4,28.48,24.33,4.63,1
875,118.03,53.28,2.92,1.08,34.66,30.43,1.74,1
876,91.8,39.75,2.62,1.38,28.87,24.72,4.45,1
877,114.92,51.67,2.88,1.12,33.97,29.75,2.07,1
878,113.76,51.07,2.87,1.13,33.71,29.5,2.19,1
879,89.28,38.45,2.59,1.41,28.31,24.17,4.71,1
880,122.9,55.79,2.97,1.03,35.73,31.49,1.24,1
881,121.34,54.98,2.96,1.04,35.39,31.15,1.4,1
882,56.26,21.42,2.21,1.79,21.03,16.98,8.12,1
883,39.9,12.98,2.02,1.98,17.42,13.41,9.8,1
884,76.76,31.99,2.44,1.56,25.55,21.44,6.0,1
885,53.38,19.93,2.18,1.82,20.39,16.35,8.41,1
886,95.07,41.43,2.65,1.35,29.59,25.43,4.11,1
887,98.09,42.99,2.69,1.31,30.26,26.09,3.8,1
888,103.83,45.95,2.75,1.25,31.53,27.34,3.21,1
889,107.52,47.86,2.8,1.2,32.34,28.14,2.83,1
890,39.98,13.02,2.02,1.98,17.44,13.43,9.8,1
891,63.68,25.24,2.29,1.71,22.67,18.59,7.35,1
892,101.0,44.49,2.72,1.28,30.9,26.72,3.5,1
893,45.83,16.04,2.09,1.91,18.73,14.7,9.19,1
894,45.08,15.65,2.08,1.92,18.56,14.54,9.27,1
895,110.3,49.29,2.83,1.17,32.95,28.74,2.54,1
896,79.67,33.49,2.48,1.52,26.19,22.08,5.7,1
897,74.92,31.04,2.42,1.58,25.15,21.04,6.19,1
898,68.57,27.77,2.35,1.65,23.75,19.66,6.85,1
899,56.43,21.51,2.21,1.79,21.07,17.01,8.1,1
900,94.45,41.11,2.65,1.35,29.45,25.29,4.18,1
901,72.57,29.83,2.4,1.6,24.63,20.53,6.43,1
902,94.55,41.17,2.65,1.35,29.48,25.32,4.17,1
903,71.4,29.23,2.38,1.62,24.37,20.27,6.55,1
904,89.26,38.44,2.59,1.41,28.31,24.16,4.71,1
905,94.37,41.07,2.65,1.35,29.44,25.28,4.19,1
906,87.12,37.33,2.56,1.44,27.84,23.7,4.93,1
907,61.03,23.88,2.26,1.74,22.08,18.02,7.62,1
908,68.91,27.94,2.35,1.65,23.82,19.73,6.81,1
909,118.19,53.36,2.92,1.08,34.69,30.46,1.73,1
910,124.3,56.51,2.99,1.01,36.04,31.79,1.1,1
911,123.05,55.86,2.97,1.03,35.76,31.52,1.23,1
912,95.86,41.84,2.66,1.34,29.76,25.6,4.03,1
913,115.04,51.73,2.88,1.12,34.0,29.78,2.05,1
914,69.63,28.31,2.36,1.64,23.98,19.89,6.74,1
915,109.12,48.68,2.82,1.18,32.69,28.49,2.66,1
916,82.12,34.75,2.51,1.49,26.73,22.61,5.45,1
917,41.3,13.7,2.04,1.96,17.73,13.72,9.66,1
918,49.54,17.95,2.13,1.87,19.55,15.51,8.81,1
919,41.67,13.89,2.04,1.96,17.81,13.8,9.62,1
920,121.91,55.28,2.96,1.04,35.51,31.27,1.34,1
921,75.65,31.42,2.43,1.57,25.31,21.2,6.12,1
922,85.12,36.3,2.54,1.46,27.4,23.26,5.14,1
923,78.91,33.1,2.47,1.53,26.03,21.91,5.78,1
924,59.74,23.21,2.25,1.75,21.8,17.73,7.76,1
925,60.95,23.84,2.26,1.74,22.06,18.0,7.63,1
926,85.47,36.48,2.54,1.46,27.47,23.34,5.1,1
927,40.94,13.52,2.03,1.97,17.65,13.64,9.7,1
928,71.09,29.07,2.38,1.62,24.3,20.21,6.59,1
929,107.99,48.1,2.8,1.2,32.44,28.24,2.78,1
930,107.91,48.06,2.8,1.2,32.43,28.22,2.79,1
931,96.69,42.27,2.67,1.33,29.95,25.78,3.95,1
932,108.83,48.53,2.81,1.19,32.63,28.43,2.69,1
933,61.67,24.21,2.27,1.73,22.22,18.15,7.56,1
934,44.48,15.34,2.07,1.93,18.43,14.41,9.33,1
935,102.74,45.39,2.74,1.26,31.28,27.1,3.32,1
936,117.91,53.22,2.92,1.08,34.63,30.4,1.76,1
937,79.84,33.58,2.48,1.52,26.23,22.11,5.68,1
938,119.49,54.03,2.93,1.07,34.98,30.75,1.59,1
939,95.21,41.51,2.66,1.34,29.62,25.46,4.1,1
940,54.64,20.58,2.19,1.81,20.67,16.62,8.28,1
941,103.77,45.92,2.75,1.25,31.51,27.32,3.22,1
942,82.01,34.7,2.5,1.5,26.71,22.58,5.46,1
943,53.67,20.08,2.18,1.82,20.46,16.41,8.38,1
944,96.47,42.16,2.67,1.33,29.9,25.73,3.97,1
945,99.88,43.92,2.71,1.29,30.65,26.48,3.62,1
946,93.56,40.66,2.64,1.36,29.26,25.1,4.27,1
947,43.03,14.59,2.06,1.94,18.11,14.09,9.48,1
948,106.21,47.18,2.78,1.22,32.05,27.85,2.96,1
949,68.53,27.75,2.35,1.65,23.74,19.65,6.85,1
950,121.64,55.14,2.96,1.04,35.45,31.21,1.37,1
951,68.93,27.95,2.35,1.65,23.82,19.74,6.81,1
952,115.64,52.04,2.89,1.11,34.13,29.91,1.99,1
953,108.92,48.58,2.81,1.19,32.65,28.44,2.68,1
954,93.56,40.66,2.64,1.36,29.26,25.1,4.27,1
955,112.19,50.26,2.85,1.15,33.37,29.16,2.35,1
956,53.04,19.76,2.17,1.83,20.32,16.28,8.45,1
957,61.3,24.02,2.27,1.73,22.14,18.07,7.6,1
958,88.43,38.01,2.58,1.42,28.13,23.98,4.8,1
959,98.28,43.09,2.69,1.31,30.3,26.13,3.78,1
960,40.15,13.11,2.02,1.98,17.47,13.47,9.78,1
961,82.32,34.86,2.51,1.49,26.78,22.65,5.43,1
962,74.15,30.65,2.41,1.59,24.98,20.87,6.27,1
963,122.78,55.72,2.97,1.03,35.7,31.46,1.26,1
964,60.71,23.71,2.26,1.74,22.01,17.95,7.66,1
965,101.19,44.59,2.72,1.28,30.94,26.76,3.48,1
966,76.91,32.07,2.45,1.55,25.59,21.47,5.99,1
967,80.37,33.85,2.49,1.51,26.35,22.23,5.63,1
968,110.84,49.57,2.83,1.17,33.07,28.86,2.49,1
969,38.31,12.16,2.0,2.0,17.07,13.07,9.97,1
970,76.12,31.66,2.44,1.56,25.41,21.3,6.07,1
971,110.46,49.37,2.83,1.17,32.99,28.78,2.53,1
972,93.53,40.64,2.64,1.36,29.25,25.09,4.27,1
973,79.88,33.6,2.48,1.52,26.24,22.12,5.68,1
974,99.69,43.82,2.71,1.29,30.61,26.43,3.64,1
975,111.19,49.75,2.84,1.16,33.15,28.94,2.45,1
976,49.19,17.77,2.13,1.87,19.47,15.44,8.85,1
977,111.61,49.97,2.84,1.16,33.24,29.03,2.41,1
978,97.1,42.48,2.68,1.32,30.04,25.87,3.9,1
979,64.47,25.65,2.3,1.7,22.84,18.76,7.27,1
980,54.33,20.42,2.19,1.81,20.6,16.56,8.32,1
981,79.73,33.52,2.48,1.52,26.21,22.09,5.7,1
982,89.22,38.42,2.59,1.41,28.3,24.15,4.72,1
983,72.35,29.72,2.39,1.61,24.58,20.48,6.46,1
984,70.93,28.98,2.38,1.62,24.27,20.17,6.6,1
985,123.18,55.93,2.98,1.02,35.79,31.55,1.21,1
986,67.28,27.1,2.34,1.66,23.46,19.38,6.98,1
987,105.04,46.57,2.77,1.23,31.79,27.6,3.09,1
988,56.01,21.29,2.21,1.79,20.97,16.92,8.14,1
989,98.03,42.96,2.69,1.31,30.24,26.07,3.81,1
990,75.73,31.46,2.43,1.57,25.33,21.22,6.11,1
991,118.8,53.68,2.93,1.07,34.83,30.6,1.66,1
992,60.9,23.81,2.26,1.74,22.05,17.99,7.64,1
993,122.46,55.56,2.97,1.03,35.63,31.39,1.29,1
994,112.84,50.6,2.86,1.14,33.51,29.3,2.28,1
995,40.6,13.34,2.03,1.97,17.57,13.57,9.73,1
996,58.15,22.39,2.23,1.77,21.45,17.39,7.92,1
997,47.27,16.78,2.11,1.89,19.05,15.02,9.04,1
998,55.99,21.28,2.21,1.79,20.97,16.92,8.14,1
999,76.47,31.84,2.44,1.56,25.49,21.38,6.03,1
1000,61.49,24.11,2.27,1.73,22.18,18.12,7.58,1
1001,61.0,23.86,2.26,1.74,22.07,18.01,7.63,1
1002,102.81,45.43,2.74,1.26,31.3,27.11,3.31,1
1003,50.44,18.42,2.14,1.86,19.74,15.71,8.72,1
1004,43.05,14.6,2.06,1.94,18.11,14.1,9.48,1
1005,114.75,51.58,2.88,1.12,33.93,29.71,2.08,1
1006,115.54,51.99,2.89,1.11,34.11,29.89,2.0,1
1007,96.08,41.96,2.67,1.33,29.81,25.65,4.01,1
1008,114.43,51.42,2.88,1.12,33.86,29.64,2.12,1
1009,75.35,31.26,2.43,1.57,25.24,21.13,6.15,1
1010,121.58,55.11,2.96,1.04,35.44,31.2,1.38,1
1011,66.6,26.75,2.33,1.67,23.31,19.23,7.05,1
1012,74.75,30.95,2.42,1.58,25.11,21.0,6.21,1
1013,42.75,14.45,2.05,1.95,18.05,14.03,9.51,1
1014,97.88,42.88,2.69,1.31,30.21,26.04,3.82,1
1015,83.95,35.7,2.53,1.47,27.14,23.01,5.26,1
1016,84.08,35.77,2.53,1.47,27.17,23.03,5.25,1
1017,84.61,36.04,2.53,1.47,27.28,23.15,5.19,1
1018,76.3,31.75,2.44,1.56,25.45,21.34,6.05,1
1019,113.73,51.06,2.87,1.13,33.71,29.49,2.19,1
1020,65.51,26.19,2.32,1.68,23.07,18.99,7.16,1
1021,99.23,43.58,2.7,1.3,30.51,26.33,3.68,1
1022,117.99,53.26,2.92,1.08,34.65,30.42,1.75,1
1023,116.52,52.5,2.9,1.1,34.32,30.1,1.9,1
1024,74.91,31.04,2.42,1.58,25.14,21.04,6.19,1
1025,73.83,30.48,2.41,1.59,24.91,20.8,6.3,1
1026,110.39,49.34,2.83,1.17,32.97,28.76,2.53,1
1027,83.22,35.32,2.52,1.48,26.98,22.85,5.34,1
1028,63.84,25.33,2.3,1.7,22.7,18.63,7.33,1
1029,39.29,12.66,2.01,1.99,17.28,13.28,9.87,1
1030,75.81,31.5,2.43,1.57,25.34,21.23,6.1,1
1031,49.67,18.02,2.13,1.87,19.57,15.54,8.8,1
1032,53.45,19.97,2.18,1.82,20.41,16.36,8.41,1
1033,115.32,51.88,2.89,1.11,34.06,29.84,2.02,1
1034,40.59,13.34,2.03,1.97,17.57,13.56,9.73,1
1035,83.54,35.49,2.52,1.48,27.05,22.92,5.3,1
1036,73.08,30.09,2.4,1.6,24.74,20.64,6.38,1
1037,80.19,33.76,2.48,1.52,26.31,22.19,5.65,1
1038,45.93,16.09,2.09,1.91,18.75,14.73,9.18,1
1039,83.85,35.65,2.53,1.47,27.12,22.98,5.27,1
1040,121.29,54.96,2.95,1.05,35.38,31.14,1.41,1
1041,110.27,49.27,2.83,1.17,32.94,28.74,2.55,1
1042,38.4,12.21,2.0,2.0,17.09,13.09,9.96,1
1043,82.1,34.74,2.51,1.49,26.73,22.6,5.45,1
1044,121.2,54.91,2.95,1.05,35.36,31.12,1.42,1
1045,44.86,15.54,2.08,1.92,18.51,14.49,9.29,1
1046,39.33,12.69,2.02,1.98,17.29,13.29,9.86,1
1047,68.52,27.74,2.35,1.65,23.73,19.65,6.85,1
1048,57.31,21.96,2.22,1.78,21.26,17.21,8.01,1
1049,111.79,50.06,2.85,1.15,33.28,29.07,2.39,1
1050,118.79,53.67,2.93,1.07,34.83,30.59,1.67,1
1051,112.34,50.34,2.85,1.15,33.4,29.19,2.33,1
1052,82.49,34.94,2.51,1.49,26.82,22.69,5.41,1
1053,47.44,16.87,2.11,1.89,19.08,15.06,9.03,1
1054,106.97,47.57,2.79,1.21,32.22,28.02,2.89,1
1055,106.24,47.2,2.78,1.22,32.06,27.86,2.96,1
1056,82.79,35.1,2.51,1.49,26.88,22.75,5.38,1
1057,112.16,50.25,2.85,1.15,33.36,29.15,2.35,1
1058,56.44,21.51,2.21,1.79,21.07,17.01,8.1,1
1059,77.63,32.44,2.45,1.55,25.74,21.63,5.91,1
1060,101.97,44.99,2.73,1.27,31.11,26.93,3.4,1
1061,84.75,36.11,2.54,1.46,27.31,23.18,5.18,1
1062,95.21,41.51,2.66,1.34,29.62,25.46,4.1,1
1063,76.66,31.94,2.44,1.56,25.53,21.42,6.01,1
1064,122.71,55.69,2.97,1.03,35.69,31.45,1.26,1
1065,122.7,55.69,2.97,1.03,35.69,31.45,1.26,1
1066,84.54,36.0,2.53,1.47,27.27,23.13,5.2,1
1067,40.33,13.2,2.03,1.97,17.52,13.51,9.76,1
1068,103.22,45.64,2.75,1.25,31.39,27.2,3.27,1
1069,107.97,48.09,2.8,1.2,32.44,28.24,2.78,1
1070,50.83,18.62,2.15,1.85,19.83,15.79,8.68,1
1071,80.84,34.1,2.49,1.51,26.45,22.33,5.58,1
1072,80.83,34.09,2.49,1.51,26.45,22.33,5.58,1
1073,70.25,28.63,2.37,1.63,24.12,20.02,6.67,1
1074,61.33,24.03,2.27,1.73,22.15,18.08,7.59,1
1075,79.26,33.28,2.47,1.53,26.1,21.98,5.74,1
1076,119.96,54.27,2.94,1.06,35.08,30.85,1.55,1
1077,77.2,32.22,2.45,1.55,25.65,21.54,5.96,1
1078,112.9,50.63,2.86,1.14,33.53,29.31,2.27,1
1079,105.16,46.64,2.77,1.23,31.82,27.62,3.07,1
1080,92.84,40.29,2.63,1.37,29.1,24.94,4.34,1
1081,108.61,48.42,2.81,1.19,32.58,28.38,2.72,1
1082,57.49,22.05,2.22,1.78,21.3,17.24,7.99,1
1083,118.26,53.4,2.92,1.08,34.71,30.48,1.72,1
1084,96.32,42.08,2.67,1.33,29.87,25.7,3.98,1
1085,70.67,28.85,2.37,1.63,24.21,20.12,6.63,1
1086,67.58,27.26,2.34,1.66,23.53,19.44,6.95,1
1087,58.65,22.65,2.24,1.76,21.56,17.5,7.87,1
1088,94.85,41.32,2.65,1.35,29.54,25.38,4.14,1
1089,108.11,48.16,2.8,1.2,32.47,28.27,2.77,1
1090,111.34,49.83,2.84,1.16,33.18,28.97,2.43,1
1091,69.98,28.49,2.37,1.63,24.05,19.96,6.7,1
1092,94.16,40.96,2.64,1.36,29.39,25.23,4.21,1
1093,86.54,37.04,2.56,1.44,27.71,23.57,4.99,1
1094,76.18,31.69,2.44,1.56,25.42,21.31,6.06,1
1095,66.92,26.91,2.33,1.67,23.38,19.3,7.02,1
1096,45.36,15.8,2.08,1.92,18.62,14.6,9.24,1
1097,40.89,13.49,2.03,1.97,17.64,13.63,9.7,1
1098,47.46,16.88,2.11,1.89,19.09,15.06,9.02,1
1099,67.91,27.43,2.34,1.66,23.6,19.51,6.91,1
1100,39.73,12.89,2.02,1.98,17.38,13.38,9.82,1
1101,125.23,56.99,3.0,1.0,36.25,32.0,1.0,1
1102,94.32,41.05,2.65,1.35,29.43,25.26,4.19,1
1103,119.3,53.93,2.93,1.07,34.94,30.7,1.61,1
1104,80.1,33.71,2.48,1.52,26.29,22.17,5.66,1
1105,100.41,44.19,2.72,1.28,30.77,26.59,3.56,1
1106,116.88,52.68,2.9,1.1,34.4,30.18,1.86,1
1107,41.83,13.98,2.04,1.96,17.85,13.84,9.6,1
1108,113.62,51.0,2.87,1.13,33.68,29.47,2.2,1
1109,42.71,14.43,2.05,1.95,18.04,14.03,9.51,1
1110,41.08,13.59,2.04,1.96,17.68,13.67,9.68,1
1111,51.12,18.77,2.15,1.85,19.9,15.86,8.65,1
1112,46.74,16.51,2.1,1.9,18.93,14.9,9.1,1
1113,54.01,20.26,2.18,1.82,20.53,16.49,8.35,1
1114,68.06,27.5,2.34,1.66,23.63,19.55,6.9,1
1115,99.93,43.94,2.71,1.29,30.66,26.49,3.61,1
1116,55.67,21.11,2.2,1.8,20.9,16.85,8.18,1
1117,91.59,39.64,2.61,1.39,28.82,24.67,4.47,1
1118,69.74,28.37,2.36,1.64,24.0,19.91,6.73,1
1119,60.18,23.44,2.25,1.75,21.89,17.83,7.71,1
1120,58.49,22.57,2.23,1.77,21.52,17.46,7.89,1
1121,53.29,19.88,2.18,1.82,20.37,16.33,8.42,1
1122,74.14,30.64,2.41,1.59,24.97,20.87,6.27,1
1123,110.25,49.26,2.83,1.17,32.94,28.73,2.55,1
1124,69.63,28.31,2.36,1.64,23.98,19.89,6.74,1
1125,115.61,52.03,2.89,1.11,34.12,29.9,1.99,1
1126,55.75,21.16,2.2,1.8,20.92,16.87,8.17,1
1127,44.62,15.41,2.08,1.92,18.46,14.44,9.32,1
1128,68.33,27.64,2.35,1.65,23.69,19.61,6.87,1
1129,86.89,37.22,2.56,1.44,27.79,23.65,4.96,1
1130,84.52,35.99,2.53,1.47,27.26,23.13,5.2,1
1131,99.92,43.93,2.71,1.29,30.66,26.48,3.61,1
1132,119.58,54.07,2.93,1.07,35.0,30.76,1.59,1
1133,39.51,12.78,2.02,1.98,17.33,13.33,9.84,1
1134,84.15,35.8,2.53,1.47,27.18,23.05,5.24,1
1135,120.65,54.63,2.95,1.05,35.24,31.0,1.47,1
1136,67.95,27.45,2.34,1.66,23.61,19.52,6.91,1
1137,75.89,31.54,2.43,1.57,25.36,21.25,6.09,1
1138,85.03,36.25,2.54,1.46,27.38,23.24,5.15,1
1139,40.21,13.14,2.03,1.97,17.49,13.48,9.77,1
1140,98.02,42.96,2.69,1.31,30.24,26.07,3.81,1
1141,86.95,37.25,2.56,1.44,27.8,23.66,4.95,1
1142,40.21,13.14,2.03,1.97,17.49,13.48,9.77,1
1143,48.74,17.54,2.12,1.88,19.37,15.34,8.89,1
1144,92.46,40.09,2.62,1.38,29.01,24.86,4.38,1
1145,105.74,46.94,2.78,1.22,31.95,27.75,3.01,1
1146,111.23,49.77,2.84,1.16,33.16,28.95,2.45,1
1147,117.7,53.11,2.91,1.09,34.58,30.36,1.78,1
1148,61.47,24.1,2.27,1.73,22.18,18.11,7.58,1
1149,114.72,51.57,2.88,1.12,33.93,29.71,2.09,1
1150,83.31,35.37,2.52,1.48,27.0,22.87,5.33,1
1151,106.97,47.57,2.79,1.21,32.22,28.02,2.89,1
1152,119.45,54.01,2.93,1.07,34.97,30.74,1.6,1
1153,93.48,40.61,2.64,1.36,29.24,25.08,4.28,1
1154,108.93,48.58,2.81,1.19,32.65,28.45,2.68,1
1155,93.62,40.69,2.64,1.36,29.27,25.11,4.26,1
1156,93.09,40.42,2.63,1.37,29.16,25.0,4.32,1
1157,84.81,36.14,2.54,1.46,27.33,23.19,5.17,1
1158,55.75,21.16,2.2,1.8,20.92,16.87,8.17,1
1159,113.88,51.13,2.87,1.13,33.74,29.52,2.17,1
1160,109.46,48.86,2.82,1.18,32.77,28.56,2.63,1
1161,119.01,53.78,2.93,1.07,34.87,30.64,1.64,1
1162,39.59,12.82,2.02,1.98,17.35,13.35,9.84,1
1163,100.07,44.02,2.71,1.29,30.7,26.52,3.6,1
1164,122.22,55.44,2.97,1.03,35.58,31.34,1.31,1
1165,81.12,34.24,2.49,1.51,26.51,22.39,5.55,1
1166,94.78,41.28,2.65,1.35,29.53,25.36,4.14,1
1167,71.0,29.02,2.38,1.62,24.28,20.19,6.6,1
1168,61.19,23.96,2.27,1.73,22.12,18.05,7.61,1
1169,86.3,36.91,2.55,1.45,27.66,23.52,5.02,1
1170,116.35,52.41,2.9,1.1,34.29,30.06,1.92,1
1171,88.32,37.95,2.58,1.42,28.1,23.96,4.81,1
1172,76.87,32.05,2.45,1.55,25.58,21.46,5.99,1
1173,98.45,43.18,2.69,1.31,30.34,26.16,3.76,1
1174,56.84,21.72,2.22,1.78,21.16,17.1,8.06,1
1175,98.24,43.07,2.69,1.31,30.29,26.12,3.79,1
1176,72.26,29.67,2.39,1.61,24.56,20.46,6.47,1
1177,78.19,32.73,2.46,1.54,25.87,21.75,5.85,1
1178,41.86,13.99,2.04,1.96,17.85,13.84,9.6,1
1179,53.71,20.1,2.18,1.82,20.47,16.42,8.38,1
1180,66.17,26.53,2.32,1.68,23.21,19.13,7.09,1
1181,106.66,47.41,2.79,1.21,32.15,27.95,2.92,1
1182,86.65,37.09,2.56,1.44,27.73,23.59,4.98,1
1183,54.45,20.48,2.19,1.81,20.63,16.58,8.3,1
1184,65.14,26.0,2.31,1.69,22.99,18.91,7.2,1
1185,79.92,33.62,2.48,1.52,26.25,22.13,5.68,1
1186,56.92,21.76,2.22,1.78,21.17,17.12,8.05,1
1187,97.59,42.74,2.68,1.32,30.15,25.98,3.85,1
1188,75.13,31.15,2.43,1.57,25.19,21.09,6.17,1
1189,68.26,27.61,2.35,1.65,23.68,19.59,6.88,1
1190,112.18,50.26,2.85,1.15,33.37,29.15,2.35,1
1191,45.16,15.69,2.08,1.92,18.58,14.56,9.26,1
1192,42.84,14.5,2.06,1.94,18.07,14.05,9.5,1
1193,63.78,25.3,2.3,1.7,22.69,18.61,7.34,1
1194,117.29,52.89,2.91,1.09,34.49,30.27,1.82,1
1195,97.22,42.54,2.68,1.32,30.07,25.9,3.89,1
1196,122.42,55.54,2.97,1.03,35.63,31.38,1.29,1
1197,60.59,23.65,2.26,1.74,21.98,17.92,7.67,1
1198,112.0,50.17,2.85,1.15,33.33,29.11,2.37,1
1199,43.08,14.62,2.06,1.94,18.12,14.11,9.48,1
1200,75.67,31.43,2.43,1.57,25.31,21.2,6.11,1
1201,3.62,23.41,2.0,1.37,-11.2,-84.58,-5.21,0
1202,-2.73,25.52,2.0,1.25,-16.41,-102.63,-8.02,0
1203,7.02,22.28,2.0,1.43,-8.41,-74.95,-3.71,0
1204,-11.16,28.31,2.0,1.09,-23.33,-126.56,-11.75,0
1205,0.12,24.57,2.0,1.3,-14.07,-94.54,-6.76,1
1206,-13.5,29.09,2.0,1.05,-25.25,-133.2,-12.79,0
1207,-9.29,27.69,2.0,1.13,-21.79,-121.23,-10.92,0
1208,8.64,21.74,2.0,1.46,-7.09,-70.35,-2.99,0
1209,-12.85,28.87,2.0,1.06,-24.71,-131.35,-12.5,0
1210,4.06,23.26,2.0,1.37,-10.84,-83.33,-5.01,0
1211,-5.36,26.39,2.0,1.2,-18.57,-110.09,-9.18,0
1212,-15.77,29.84,2.0,1.01,-27.11,-139.65,-13.79,0
1213,-9.06,27.62,2.0,1.13,-21.6,-120.6,-10.82,0
1214,-11.44,28.4,2.0,1.09,-23.55,-127.34,-11.87,0
1215,6.69,22.39,2.0,1.42,-8.68,-75.87,-3.85,0
1216,10.79,21.03,2.0,1.5,-5.32,-64.25,-2.04,0
1217,1.94,23.97,2.0,1.34,-12.58,-89.37,-5.95,0
1218,-0.38,24.74,2.0,1.29,-14.48,-95.96,-6.98,0
1219,8.96,21.64,2.0,1.46,-6.82,-69.44,-2.85,0
1220,1.04,24.26,2.0,1.32,-13.32,-91.92,-6.35,1
1221,4.18,23.22,2.0,1.38,-10.75,-83.02,-4.96,0
1222,9.94,21.31,2.0,1.48,-6.02,-66.66,-2.42,0
1223,-3.41,25.74,2.0,1.24,-16.96,-104.54,-8.32,0
1224,5.39,22.82,2.0,1.4,-9.75,-79.58,-4.43,0
1225,-4.98,26.26,2.0,1.21,-18.26,-109.01,-9.01,0
1226,1.55,24.09,2.0,1.33,-12.9,-90.47,-6.13,1
1227,10.33,21.18,2.0,1.49,-5.69,-65.54,-2.24,0
1228,-12.26,28.68,2.0,1.07,-24.23,-129.67,-12.23,0
1229,-3.47,25.76,2.0,1.24,-17.02,-104.74,-8.35,0
1230,-11.4,28.39,2.0,1.09,-23.52,-127.22,-11.85,0
1231,-2.27,25.36,2.0,1.26,-16.03,-101.3,-7.81,0
1232,6.72,22.38,2.0,1.42,-8.66,-75.8,-3.84,0
1233,-0.09,24.64,2.0,1.3,-14.25,-95.13,-6.85,0
1234,-15.75,29.83,2.0,1.01,-27.09,-139.59,-13.78,0
1235,1.36,24.16,2.0,1.32,-13.05,-91.0,-6.21,1
1236,-5.23,26.34,2.0,1.2,-18.46,-109.71,-9.12,0
1237,-0.93,24.92,2.0,1.28,-14.94,-97.52,-7.22,0
1238,-0.59,24.8,2.0,1.29,-14.65,-96.54,-7.07,0
1239,10.7,21.06,2.0,1.5,-5.39,-64.49,-2.08,0
1240,9.59,21.43,2.0,1.48,-6.3,-67.65,-2.57,0
1241,-0.16,24.66,2.0,1.3,-14.3,-95.33,-6.88,0
1242,-8.57,27.45,2.0,1.14,-21.2,-119.21,-10.6,0
1243,-12.59,28.78,2.0,1.07,-24.49,-130.6,-12.38,0
1244,4.2,23.21,2.0,1.38,-10.72,-82.94,-4.95,0
1245,-10.38,28.05,2.0,1.11,-22.68,-124.33,-11.4,0
1246,0.33,24.5,2.0,1.31,-13.9,-93.93,-6.67,1
1247,3.39,23.48,2.0,1.36,-11.39,-85.25,-5.31,0
1248,4.06,23.26,2.0,1.37,-10.84,-83.34,-5.01,0
1249,-3.69,25.83,2.0,1.23,-17.2,-105.36,-8.45,0
1250,7.12,22.24,2.0,1.43,-8.33,-74.65,-3.66,0
1251,-11.49,28.42,2.0,1.09,-23.6,-127.49,-11.9,0
1252,-1.04,24.96,2.0,1.28,-15.03,-97.84,-7.27,0
1253,-10.17,27.98,2.0,1.11,-22.51,-123.74,-11.31,0
1254,-15.82,29.86,2.0,1.01,-27.15,-139.77,-13.81,0
1255,-13.73,29.16,2.0,1.05,-25.43,-133.85,-12.89,0
1256,2.88,23.65,2.0,1.35,-11.81,-86.71,-5.54,0
1257,-11.46,28.41,2.0,1.09,-23.57,-127.42,-11.88,0
1258,7.74,22.04,2.0,1.44,-7.82,-72.89,-3.38,0
1259,-0.94,24.92,2.0,1.28,-14.94,-97.54,-7.23,0
1260,2.58,23.75,2.0,1.35,-12.05,-87.53,-5.67,0
1261,2.28,23.85,2.0,1.34,-12.3,-88.41,-5.8,0
1262,-8.4,27.4,2.0,1.14,-21.06,-118.72,-10.53,0
1263,-0.33,24.72,2.0,1.29,-14.44,-95.81,-6.96,0
1264,-5.58,26.46,2.0,1.2,-18.75,-110.7,-9.28,0
1265,-16.22,29.99,2.0,1.0,-27.48,-140.93,-13.99,0
1266,10.33,21.18,2.0,1.49,-5.7,-65.55,-2.24,0
1267,-3.79,25.87,2.0,1.23,-17.28,-105.64,-8.49,0
1268,3.73,23.37,2.0,1.37,-11.11,-84.29,-5.16,0
1269,6.62,22.41,2.0,1.42,-8.74,-76.08,-3.88,0
1270,-13.48,29.08,2.0,1.05,-25.23,-133.14,-12.78,0
1271,7.64,22.07,2.0,1.44,-7.9,-73.18,-3.43,0
1272,3.62,23.41,2.0,1.37,-11.2,-84.59,-5.21,0
1273,-13.12,28.96,2.0,1.06,-24.93,-132.11,-12.61,0
1274,-12.96,28.91,2.0,1.06,-24.8,-131.67,-12.55,0
1275,-14.58,29.45,2.0,1.03,-26.13,-136.25,-13.26,0
1276,-12.63,28.8,2.0,1.07,-24.53,-130.73,-12.4,0
1277,-10.29,28.02,2.0,1.11,-22.61,-124.07,-11.36,0
1278,3.26,23.53,2.0,1.36,-11.5,-85.61,-5.37,0
1279,9.76,21.37,2.0,1.48,-6.17,-67.17,-2.49,0
1280,3.31,23.51,2.0,1.36,-11.46,-85.49,-5.35,0
1281,0.84,24.33,2.0,1.31,-13.48,-92.49,-6.44,1
1282,-3.95,25.92,2.0,1.23,-17.41,-106.07,-8.56,0
1283,-15.37,29.71,2.0,1.02,-26.78,-138.5,-13.61,0
1284,9.7,21.39,2.0,1.48,-6.22,-67.34,-2.52,0
1285,5.76,22.7,2.0,1.41,-9.44,-78.51,-4.26,0
1286,-16.08,29.94,2.0,1.0,-27.36,-140.51,-13.92,0
1287,-5.39,26.4,2.0,1.2,-18.59,-110.16,-9.19,0
1288,0.98,24.28,2.0,1.32,-13.37,-92.09,-6.38,1
1289,8.92,21.65,2.0,1.46,-6.85,-69.55,-2.87,0
1290,4.85,23.0,2.0,1.39,-10.19,-81.1,-4.66,0
1291,6.53,22.44,2.0,1.42,-8.81,-76.33,-3.92,0
1292,-14.69,29.48,2.0,1.03,-26.22,-136.56,-13.31,0
1293,-0.17,24.67,2.0,1.3,-14.31,-95.36,-6.89,0
1294,-7.99,27.26,2.0,1.15,-20.72,-117.55,-10.35,0
1295,-12.01,28.59,2.0,1.08,-24.02,-128.96,-12.12,0
1296,1.93,23.97,2.0,1.34,-12.59,-89.39,-5.96,0
1297,-12.17,28.65,2.0,1.08,-24.15,-129.42,-12.2,0
1298,-5.71,26.5,2.0,1.19,-18.85,-111.08,-9.34,0
1299,-11.94,28.57,2.0,1.08,-23.97,-128.77,-12.09,0
1300,8.92,21.65,2.0,1.46,-6.85,-69.54,-2.86,0
1301,-6.92,26.9,2.0,1.17,-19.85,-114.51,-9.87,0
1302,-15.27,29.67,2.0,1.02,-26.7,-138.22,-13.57,0
1303,-3.38,25.73,2.0,1.24,-16.94,-104.46,-8.31,0
1304,-3.71,25.84,2.0,1.23,-17.22,-105.41,-8.45,0
1305,2.73,23.7,2.0,1.35,-11.93,-87.13,-5.6,0
1306,-0.26,24.69,2.0,1.29,-14.38,-95.6,-6.93,0
1307,-15.12,29.62,2.0,1.02,-26.57,-137.79,-13.5,0
1308,3.96,23.29,2.0,1.37,-10.92,-83.62,-5.06,0
1309,5.84,22.67,2.0,1.41,-9.38,-78.29,-4.23,0
1310,-15.64,29.8,2.0,1.01,-27.0,-139.28,-13.73,0
1311,2.16,23.89,2.0,1.34,-12.39,-88.73,-5.85,0
1312,10.57,21.1,2.0,1.49,-5.5,-64.86,-2.13,0
1313,4.07,23.26,2.0,1.37,-10.83,-83.31,-5.01,0
1314,5.84,22.67,2.0,1.41,-9.38,-78.3,-4.23,0
1315,-1.66,25.16,2.0,1.27,-15.53,-99.57,-7.54,0
1316,10.72,21.05,2.0,1.5,-5.38,-64.44,-2.07,0
1317,-5.89,26.56,2.0,1.19,-19.01,-111.6,-9.42,0
1318,10.72,21.05,2.0,1.5,-5.38,-64.45,-2.07,0
1319,7.7,22.05,2.0,1.44,-7.86,-73.02,-3.41,0
1320,0.63,24.4,2.0,1.31,-13.65,-93.07,-6.53,1
1321,-6.87,26.89,2.0,1.17,-19.8,-114.36,-9.85,0
1322,4.05,23.27,2.0,1.37,-10.85,-83.38,-5.02,0
1323,10.08,21.26,2.0,1.49,-5.9,-66.26,-2.35,0
1324,-2.27,25.36,2.0,1.26,-16.03,-101.31,-7.81,0
1325,-11.63,28.47,2.0,1.09,-23.71,-127.89,-11.96,0
1326,-6.64,26.81,2.0,1.18,-19.62,-113.73,-9.75,0
1327,-9.23,27.67,2.0,1.13,-21.74,-121.07,-10.89,0
1328,6.32,22.51,2.0,1.42,-8.99,-76.93,-4.02,0
1329,-10.63,28.14,2.0,1.1,-22.89,-125.05,-11.51,0
1330,-15.21,29.65,2.0,1.02,-26.64,-138.04,-13.54,0
1331,0.28,24.52,2.0,1.3,-13.94,-94.08,-6.69,1
1332,7.23,22.21,2.0,1.43,-8.24,-74.36,-3.61,0
1333,8.8,21.69,2.0,1.46,-6.95,-69.9,-2.92,0
1334,-0.79,24.87,2.0,1.28,-14.82,-97.11,-7.16,1
1335,10.73,21.05,2.0,1.5,-5.37,-64.4,-2.06,0
1336,1.37,24.15,2.0,1.32,-13.05,-90.98,-6.2,1
1337,2.26,23.86,2.0,1.34,-12.32,-88.45,-5.81,0
1338,-5.51,26.44,2.0,1.2,-18.69,-110.5,-9.25,0
1339,-2.51,25.44,2.0,1.25,-16.23,-101.98,-7.92,0
1340,-3.19,25.67,2.0,1.24,-16.79,-103.92,-8.22,0
1341,-11.19,28.32,2.0,1.09,-23.35,-126.63,-11.76,0
1342,9.23,21.55,2.0,1.47,-6.6,-68.68,-2.73,0
1343,-8.83,27.54,2.0,1.14,-21.41,-119.92,-10.72,0
1344,-6.07,26.62,2.0,1.19,-19.15,-112.12,-9.5,0
1345,-5.56,26.45,2.0,1.2,-18.73,-110.66,-9.27,0
1346,-3.72,25.84,2.0,1.23,-17.22,-105.43,-8.46,0
1347,6.69,22.39,2.0,1.42,-8.68,-75.87,-3.85,0
1348,-5.97,26.59,2.0,1.19,-19.07,-111.82,-9.45,0
1349,-5.57,26.46,2.0,1.2,-18.74,-110.69,-9.28,0
1350,-15.92,29.89,2.0,1.01,-27.23,-140.08,-13.86,0
1351,-10.41,28.06,2.0,1.11,-22.71,-124.43,-11.42,0
1352,4.82,23.01,2.0,1.39,-10.22,-81.19,-4.68,0
1353,8.1,21.92,2.0,1.45,-7.53,-71.88,-3.23,0
1354,-0.15,24.66,2.0,1.3,-14.29,-95.3,-6.88,0
1355,-12.99,28.92,2.0,1.06,-24.83,-131.74,-12.56,0
1356,-4.31,26.04,2.0,1.22,-17.71,-107.12,-8.72,0
1357,-12.82,28.86,2.0,1.06,-24.69,-131.27,-12.48,0
1358,-10.59,28.12,2.0,1.1,-22.85,-124.92,-11.49,0
1359,7.46,22.13,2.0,1.44,-8.05,-73.69,-3.51,0
1360,8.09,21.93,2.0,1.45,-7.54,-71.92,-3.23,0
1361,10.64,21.08,2.0,1.5,-5.45,-64.68,-2.11,0
1362,5.71,22.72,2.0,1.4,-9.49,-78.68,-4.29,0
1363,3.21,23.54,2.0,1.36,-11.54,-85.76,-5.39,0
1364,3.24,23.53,2.0,1.36,-11.51,-85.67,-5.38,0
1365,-12.67,28.81,2.0,1.07,-24.56,-130.83,-12.41,0
1366,0.13,24.57,2.0,1.3,-14.07,-94.52,-6.76,1
1367,-10.01,27.93,2.0,1.11,-22.39,-123.3,-11.24,0
1368,-12.98,28.91,2.0,1.06,-24.82,-131.71,-12.55,0
1369,8.0,21.95,2.0,1.45,-7.6,-72.15,-3.27,0
1370,-2.94,25.58,2.0,1.25,-16.58,-103.22,-8.11,0
1371,9.69,21.39,2.0,1.48,-6.23,-67.38,-2.53,0
1372,10.74,21.04,2.0,1.5,-5.36,-64.38,-2.06,0
1373,9.38,21.5,2.0,1.47,-6.48,-68.25,-2.66,0
1374,0.69,24.38,2.0,1.31,-13.61,-92.92,-6.51,1
1375,-1.78,25.2,2.0,1.27,-15.63,-99.92,-7.6,0
1376,0.58,24.41,2.0,1.31,-13.69,-93.21,-6.55,1
1377,-10.07,27.95,2.0,1.11,-22.43,-123.44,-11.26,0
1378,-8.41,27.4,2.0,1.14,-21.07,-118.74,-10.53,0
1379,-4.65,26.15,2.0,1.21,-17.98,-108.07,-8.87,0
1380,-13.04,28.93,2.0,1.06,-24.86,-131.87,-12.58,0
1381,-15.02,29.59,2.0,1.02,-26.49,-137.51,-13.46,0
1382,5.16,22.89,2.0,1.39,-9.93,-80.21,-4.53,0
1383,3.01,23.61,2.0,1.36,-11.7,-86.32,-5.48,0
1384,-13.79,29.18,2.0,1.05,-25.48,-134.02,-12.91,0
1385,5.05,22.93,2.0,1.39,-10.03,-80.53,-4.58,0
1386,10.66,21.07,2.0,1.5,-5.42,-64.6,-2.09,0
1387,-13.89,29.22,2.0,1.04,-25.57,-134.31,-12.96,0
1388,-5.85,26.55,2.0,1.19,-18.97,-111.49,-9.4,0
1389,0.1,24.58,2.0,1.3,-14.09,-94.59,-6.77,1
1390,-8.93,27.57,2.0,1.13,-21.49,-120.22,-10.76,0
1391,1.72,24.04,2.0,1.33,-12.76,-89.98,-6.05,1
1392,-3.45,25.75,2.0,1.24,-17.0,-104.66,-8.34,0
1393,-7.56,27.12,2.0,1.16,-20.37,-116.32,-10.15,0
1394,10.75,21.04,2.0,1.5,-5.35,-64.35,-2.05,0
1395,7.01,22.28,2.0,1.43,-8.42,-74.96,-3.71,0
1396,3.78,23.35,2.0,1.37,-11.07,-84.13,-5.14,0
1397,-2.4,25.41,2.0,1.26,-16.14,-101.69,-7.87,0
1398,1.7,24.05,2.0,1.33,-12.78,-90.05,-6.06,1
1399,8.52,21.78,2.0,1.46,-7.18,-70.68,-3.04,0
1400,-0.49,24.77,2.0,1.29,-14.57,-96.27,-7.03,0
1401,-0.75,24.86,2.0,1.29,-14.79,-97.01,-7.14,1
1402,-5.86,26.55,2.0,1.19,-18.97,-111.49,-9.4,0
1403,7.16,22.23,2.0,1.43,-8.3,-74.54,-3.64,0
1404,0.92,24.3,2.0,1.32,-13.42,-92.27,-6.41,1
1405,-7.28,27.02,2.0,1.17,-20.14,-115.52,-10.03,0
1406,-5.61,26.47,2.0,1.2,-18.77,-110.8,-9.29,0
1407,-2.85,25.55,2.0,1.25,-16.51,-102.95,-8.07,0
1408,-9.29,27.69,2.0,1.13,-21.79,-121.25,-10.92,0
1409,-4.73,26.18,2.0,1.21,-18.05,-108.31,-8.91,0
1410,8.51,21.78,2.0,1.46,-7.19,-70.71,-3.05,0
1411,-12.81,28.86,2.0,1.06,-24.67,-131.22,-12.48,0
1412,-10.46,28.08,2.0,1.11,-22.75,-124.58,-11.44,0
1413,-6.13,26.64,2.0,1.19,-19.2,-112.26,-9.52,0
1414,-4.55,26.12,2.0,1.22,-17.91,-107.8,-8.83,0
1415,2.74,23.7,2.0,1.35,-11.92,-87.1,-5.6,0
1416,-11.16,28.31,2.0,1.09,-23.32,-126.55,-11.75,0
1417,8.36,21.83,2.0,1.45,-7.31,-71.13,-3.11,0
1418,4.7,23.05,2.0,1.39,-10.31,-81.52,-4.73,0
1419,-12.88,28.88,2.0,1.06,-24.74,-131.43,-12.51,0
1420,-5.63,26.48,2.0,1.2,-18.79,-110.86,-9.3,0
1421,0.05,24.59,2.0,1.3,-14.13,-94.72,-6.79,0
1422,-13.33,29.03,2.0,1.05,-25.1,-132.7,-12.71,0
1423,-7.84,27.21,2.0,1.16,-20.6,-117.12,-10.28,0
1424,-14.26,29.34,2.0,1.04,-25.87,-135.34,-13.12,0
1425,1.33,24.17,2.0,1.32,-13.08,-91.08,-6.22,1
1426,6.85,22.33,2.0,1.43,-8.55,-75.42,-3.78,0
1427,7.93,21.98,2.0,1.45,-7.66,-72.35,-3.3,0
1428,-12.0,28.59,2.0,1.08,-24.02,-128.94,-12.12,0
1429,6.91,22.31,2.0,1.43,-8.5,-75.24,-3.75,0
1430,-11.01,28.26,2.0,1.1,-23.2,-126.13,-11.68,0
1431,8.18,21.9,2.0,1.45,-7.46,-71.66,-3.19,0
1432,-2.32,25.38,2.0,1.26,-16.07,-101.46,-7.84,0
1433,10.64,21.08,2.0,1.5,-5.44,-64.66,-2.1,0
1434,-1.83,25.21,2.0,1.27,-15.67,-100.05,-7.62,0
1435,-3.66,25.82,2.0,1.23,-17.18,-105.27,-8.43,0
1436,10.35,21.17,2.0,1.49,-5.68,-65.5,-2.23,0
1437,-13.34,29.03,2.0,1.05,-25.11,-132.74,-12.71,0
1438,-1.27,25.03,2.0,1.28,-15.22,-98.49,-7.38,0
1439,-15.73,29.83,2.0,1.01,-27.07,-139.51,-13.77,0
1440,1.84,24.0,2.0,1.33,-12.66,-89.66,-6.0,1
1441,-1.7,25.17,2.0,1.27,-15.57,-99.7,-7.56,0
1442,-4.5,26.1,2.0,1.22,-17.86,-107.64,-8.8,0
1443,-4.56,26.12,2.0,1.22,-17.91,-107.81,-8.83,0
1444,9.23,21.54,2.0,1.47,-6.6,-68.66,-2.73,0
1445,-1.0,24.94,2.0,1.28,-14.99,-97.71,-7.25,0
1446,-3.0,25.6,2.0,1.24,-16.63,-103.38,-8.14,0
1447,-0.9,24.91,2.0,1.28,-14.91,-97.42,-7.21,0
1448,8.79,21.69,2.0,1.46,-6.96,-69.91,-2.92,0
1449,2.19,23.88,2.0,1.34,-12.38,-88.66,-5.84,0
1450,2.38,23.82,2.0,1.34,-12.22,-88.12,-5.76,0
1451,4.08,23.25,2.0,1.37,-10.82,-83.28,-5.0,0
1452,1.08,24.25,2.0,1.32,-13.29,-91.82,-6.34,1
1453,-15.69,29.81,2.0,1.01,-27.04,-139.4,-13.75,0
1454,9.61,21.42,2.0,1.48,-6.29,-67.6,-2.56,0
1455,5.21,22.88,2.0,1.4,-9.9,-80.08,-4.51,0
1456,7.43,22.14,2.0,1.44,-8.07,-73.78,-3.52,0
1457,2.27,23.86,2.0,1.34,-12.31,-88.43,-5.81,0
1458,-6.61,26.8,2.0,1.18,-19.59,-113.63,-9.73,0
1459,2.53,23.77,2.0,1.35,-12.1,-87.7,-5.69,0
1460,0.22,24.54,2.0,1.3,-13.99,-94.25,-6.71,1
1461,7.63,22.08,2.0,1.44,-7.91,-73.2,-3.43,0
1462,4.27,23.19,2.0,1.38,-10.67,-82.75,-4.92,0
1463,7.24,22.21,2.0,1.43,-8.23,-74.31,-3.61,0
1464,-11.91,28.56,2.0,1.08,-23.94,-128.69,-12.08,0
1465,-2.25,25.35,2.0,1.26,-16.01,-101.25,-7.81,0
1466,-13.0,28.92,2.0,1.06,-24.83,-131.76,-12.56,0
1467,9.8,21.36,2.0,1.48,-6.13,-67.04,-2.47,0
1468,6.67,22.4,2.0,1.42,-8.7,-75.95,-3.86,0
1469,-0.0,24.61,2.0,1.3,-14.17,-94.87,-6.81,0
1470,-8.31,27.37,2.0,1.15,-20.99,-118.47,-10.49,0
1471,-6.07,26.62,2.0,1.19,-19.15,-112.1,-9.5,0
1472,9.66,21.4,2.0,1.48,-6.25,-67.46,-2.54,0
1473,-0.23,24.69,2.0,1.3,-14.36,-95.53,-6.91,0
1474,1.28,24.19,2.0,1.32,-13.12,-91.25,-6.25,1
1475,6.93,22.31,2.0,1.43,-8.49,-75.21,-3.75,0
1476,-12.3,28.69,2.0,1.07,-24.26,-129.79,-12.25,0
1477,-13.06,28.94,2.0,1.06,-24.89,-131.96,-12.59,0
1478,-3.89,25.9,2.0,1.23,-17.36,-105.9,-8.53,0
1479,-7.41,27.07,2.0,1.16,-20.25,-115.91,-10.09,0
1480,-3.65,25.82,2.0,1.23,-17.16,-105.23,-8.43,0
1481,3.07,23.59,2.0,1.36,-11.65,-86.15,-5.45,0
1482,-14.79,29.52,2.0,1.03,-26.3,-136.86,-13.35,0
1483,9.4,21.49,2.0,1.47,-6.46,-68.2,-2.65,0
1484,5.41,22.81,2.0,1.4,-9.73,-79.5,-4.42,0
1485,-11.34,28.37,2.0,1.09,-23.47,-127.07,-11.83,0
1486,-7.51,27.1,2.0,1.16,-20.33,-116.18,-10.13,0
1487,-3.56,25.79,2.0,1.23,-17.09,-104.97,-8.38,0
1488,7.94,21.97,2.0,1.45,-7.66,-72.34,-3.3,0
1489,-0.67,24.83,2.0,1.29,-14.72,-96.77,-7.11,0
1490,-13.89,29.22,2.0,1.04,-25.57,-134.31,-12.96,0
1491,-8.07,27.29,2.0,1.15,-20.79,-117.78,-10.38,0
1492,-11.22,28.33,2.0,1.09,-23.37,-126.72,-11.77,0
1493,-16.1,29.95,2.0,1.0,-27.38,-140.58,-13.93,0
1494,3.34,23.5,2.0,1.36,-11.43,-85.4,-5.34,0
1495,-3.19,25.67,2.0,1.24,-16.79,-103.93,-8.22,0
1496,-11.48,28.42,2.0,1.09,-23.58,-127.45,-11.89,0
1497,-1.23,25.02,2.0,1.28,-15.18,-98.38,-7.36,0
1498,-3.76,25.85,2.0,1.23,-17.25,-105.53,-8.47,0
1499,-12.3,28.69,2.0,1.07,-24.26,-129.77,-12.25,0
1500,-12.4,28.72,2.0,1.07,-24.34,-130.07,-12.3,0
1501,6.38,22.49,2.0,1.42,-8.93,-76.75,-3.99,0
1502,-2.94,25.58,2.0,1.25,-16.58,-103.21,-8.11,0
1503,3.22,23.54,2.0,1.36,-11.53,-85.74,-5.39,0
1504,-13.66,29.14,2.0,1.05,-25.37,-133.63,-12.85,0
1505,-6.65,26.82,2.0,1.18,-19.63,-113.76,-9.75,0
1506,-8.1,27.3,2.0,1.15,-20.81,-117.86,-10.39,0
1507,-11.36,28.38,2.0,1.09,-23.49,-127.12,-11.84,0
1508,10.62,21.09,2.0,1.5,-5.46,-64.73,-2.11,0
1509,5.42,22.81,2.0,1.4,-9.73,-79.49,-4.41,0
1510,-10.55,28.11,2.0,1.11,-22.82,-124.81,-11.48,0
1511,8.91,21.65,2.0,1.46,-6.86,-69.58,-2.87,0
1512,0.52,24.44,2.0,1.31,-13.74,-93.39,-6.58,1
1513,-6.57,26.79,2.0,1.18,-19.56,-113.53,-9.72,0
1514,8.09,21.92,2.0,1.45,-7.53,-71.89,-3.23,0
1515,6.71,22.38,2.0,1.42,-8.66,-75.81,-3.84,0
1516,-6.29,26.69,2.0,1.18,-19.33,-112.72,-9.59,0
1517,-5.6,26.47,2.0,1.2,-18.76,-110.76,-9.29,0
1518,-9.38,27.72,2.0,1.13,-21.87,-121.51,-10.96,0
1519,-0.03,24.62,2.0,1.3,-14.19,-94.95,-6.82,0
1520,-6.36,26.72,2.0,1.18,-19.39,-112.93,-9.62,0
1521,-12.58,28.78,2.0,1.07,-24.49,-130.57,-12.37,0
1522,10.65,21.07,2.0,1.5,-5.44,-64.64,-2.1,0
1523,-10.9,28.23,2.0,1.1,-23.11,-125.82,-11.63,0
1524,-2.31,25.38,2.0,1.26,-16.07,-101.43,-7.83,0
1525,-9.44,27.74,2.0,1.13,-21.92,-121.67,-10.99,0
1526,-9.97,27.92,2.0,1.12,-22.35,-123.18,-11.22,0
1527,3.89,23.32,2.0,1.37,-10.98,-83.83,-5.09,0
1528,5.43,22.81,2.0,1.4,-9.71,-79.45,-4.41,0
1529,-7.21,27.0,2.0,1.17,-20.09,-115.34,-10.0,0
1530,-6.1,26.63,2.0,1.19,-19.17,-112.17,-9.51,0
1531,-14.12,29.29,2.0,1.04,-25.75,-134.96,-13.06,0
1532,10.14,21.24,2.0,1.49,-5.85,-66.07,-2.32,0
1533,-13.76,29.17,2.0,1.05,-25.46,-133.93,-12.9,0
1534,-5.06,26.29,2.0,1.21,-18.32,-109.23,-9.05,0
1535,10.42,21.15,2.0,1.49,-5.62,-65.28,-2.2,0
1536,-14.79,29.51,2.0,1.03,-26.3,-136.84,-13.35,0
1537,-8.11,27.3,2.0,1.15,-20.82,-117.9,-10.4,0
1538,-14.56,29.44,2.0,1.03,-26.11,-136.21,-13.25,0
1539,-0.19,24.67,2.0,1.3,-14.32,-95.4,-6.89,0
1540,-9.76,27.85,2.0,1.12,-22.18,-122.58,-11.13,0
1541,-6.31,26.7,2.0,1.18,-19.35,-112.78,-9.6,0
1542,-9.49,27.76,2.0,1.12,-21.95,-121.8,-11.01,0
1543,-12.69,28.82,2.0,1.07,-24.58,-130.88,-12.42,0
1544,8.41,21.82,2.0,1.45,-7.27,-71.01,-3.09,0
1545,-6.77,26.86,2.0,1.17,-19.73,-114.1,-9.81,0
1546,2.07,23.92,2.0,1.34,-12.47,-89.0,-5.9,0
1547,1.14,24.23,2.0,1.32,-13.24,-91.64,-6.31,1
1548,-12.78,28.85,2.0,1.06,-24.66,-131.16,-12.47,0
1549,-7.17,26.99,2.0,1.17,-20.05,-115.21,-9.98,0
1550,2.71,23.71,2.0,1.35,-11.95,-87.18,-5.61,0
1551,-5.75,26.51,2.0,1.19,-18.88,-111.18,-9.35,0
1552,6.66,22.4,2.0,1.42,-8.7,-75.96,-3.86,0
1553,0.13,24.57,2.0,1.3,-14.07,-94.52,-6.76,1
1554,-10.63,28.13,2.0,1.1,-22.89,-125.03,-11.51,0
1555,10.45,21.14,2.0,1.49,-5.6,-65.21,-2.19,0
1556,-8.56,27.45,2.0,1.14,-21.19,-119.17,-10.6,0
1557,-14.79,29.52,2.0,1.03,-26.31,-136.86,-13.36,0
1558,6.43,22.48,2.0,1.42,-8.9,-76.63,-3.97,0
1559,2.05,23.93,2.0,1.34,-12.49,-89.05,-5.9,0
1560,8.61,21.75,2.0,1.46,-7.11,-70.43,-3.0,0
1561,3.62,23.41,2.0,1.37,-11.2,-84.6,-5.21,0
1562,10.05,21.27,2.0,1.48,-5.93,-66.35,-2.37,0
1563,-13.92,29.23,2.0,1.04,-25.59,-134.39,-12.97,0
1564,-8.49,27.43,2.0,1.14,-21.14,-118.98,-10.57,0
1565,-11.48,28.42,2.0,1.09,-23.59,-127.46,-11.89,0
1566,5.83,22.67,2.0,1.41,-9.39,-78.31,-4.23,0
1567,1.42,24.14,2.0,1.33,-13.0,-90.83,-6.18,1
1568,-14.7,29.49,2.0,1.03,-26.23,-136.61,-13.32,0
1569,8.1,21.92,2.0,1.45,-7.53,-71.88,-3.23,0
1570,5.88,22.66,2.0,1.41,-9.35,-78.18,-4.21,0
1571,-15.64,29.8,2.0,1.01,-27.0,-139.27,-13.73,0
1572,2.32,23.84,2.0,1.34,-12.27,-88.28,-5.78,0
1573,3.64,23.4,2.0,1.37,-11.19,-84.54,-5.2,0
1574,4.23,23.21,2.0,1.38,-10.7,-82.88,-4.94,0
1575,-2.56,25.46,2.0,1.25,-16.27,-102.14,-7.94,0
1576,-10.54,28.1,2.0,1.11,-22.82,-124.79,-11.47,0
1577,-10.19,27.99,2.0,1.11,-22.53,-123.79,-11.32,0
1578,0.07,24.59,2.0,1.3,-14.12,-94.68,-6.78,1
1579,6.2,22.55,2.0,1.41,-9.08,-77.26,-4.07,0
1580,-9.07,27.62,2.0,1.13,-21.61,-120.63,-10.83,0
1581,0.15,24.56,2.0,1.3,-14.05,-94.44,-6.74,1
1582,6.35,22.5,2.0,1.42,-8.96,-76.84,-4.0,0
1583,-10.99,28.25,2.0,1.1,-23.18,-126.06,-11.67,0
1584,8.95,21.64,2.0,1.46,-6.83,-69.47,-2.85,0
1585,-1.83,25.22,2.0,1.27,-15.67,-100.06,-7.62,0
1586,9.62,21.42,2.0,1.48,-6.28,-67.56,-2.56,0
1587,0.7,24.38,2.0,1.31,-13.6,-92.88,-6.5,1
1588,9.88,21.33,2.0,1.48,-6.07,-66.83,-2.44,0
1589,6.16,22.57,2.0,1.41,-9.12,-77.4,-4.09,0
1590,-6.98,26.93,2.0,1.17,-19.9,-114.7,-9.9,0
1591,-3.15,25.65,2.0,1.24,-16.75,-103.8,-8.2,0
1592,-3.59,25.8,2.0,1.23,-17.12,-105.06,-8.4,0
1593,-11.37,28.38,2.0,1.09,-23.5,-127.14,-11.84,0
1594,-1.66,25.16,2.0,1.27,-15.53,-99.58,-7.55,0
1595,-10.81,28.2,2.0,1.1,-23.04,-125.57,-11.59,0
1596,-8.23,27.34,2.0,1.15,-20.92,-118.24,-10.45,0
1597,-6.92,26.91,2.0,1.17,-19.85,-114.53,-9.87,0
1598,-9.24,27.67,2.0,1.13,-21.75,-121.11,-10.9,0
1599,6.21,22.55,2.0,1.41,-9.08,-77.24,-4.06,0
1600,-7.88,27.22,2.0,1.15,-20.63,-117.23,-10.3,0
1601,4.54,23.1,2.0,1.38,-10.45,-81.98,-4.8,0
1602,10.78,21.03,2.0,1.5,-5.33,-64.27,-2.04,0
1603,8.02,21.95,2.0,1.45,-7.59,-72.11,-3.26,0
1604,-8.76,27.51,2.0,1.14,-21.35,-119.73,-10.68,0
1605,-9.66,27.81,2.0,1.12,-22.09,-122.29,-11.08,0
1606,8.77,21.7,2.0,1.46,-6.97,-69.97,-2.93,0
1607,-0.07,24.63,2.0,1.3,-14.23,-95.08,-6.84,0
1608,2.57,23.76,2.0,1.35,-12.06,-87.58,-5.68,0
1609,-12.42,28.73,2.0,1.07,-24.36,-130.12,-12.3,0
1610,-8.78,27.52,2.0,1.14,-21.37,-119.79,-10.7,0
1611,5.32,22.84,2.0,1.4,-9.81,-79.77,-4.46,0
1612,-14.99,29.58,2.0,1.02,-26.47,-137.43,-13.44,0
1613,-6.26,26.68,2.0,1.18,-19.3,-112.63,-9.58,0
1614,2.06,23.92,2.0,1.34,-12.48,-89.02,-5.9,0
1615,-6.39,26.73,2.0,1.18,-19.41,-113.02,-9.64,0
1616,-9.86,27.88,2.0,1.12,-22.26,-122.85,-11.17,0
1617,-12.24,28.67,2.0,1.07,-24.21,-129.62,-12.23,0
1618,9.18,21.56,2.0,1.47,-6.64,-68.82,-2.75,0
1619,-4.64,26.15,2.0,1.21,-17.98,-108.06,-8.87,0
1620,-14.84,29.53,2.0,1.03,-26.34,-136.99,-13.37,0
1621,-3.63,25.81,2.0,1.23,-17.15,-105.18,-8.42,0
1622,1.5,24.11,2.0,1.33,-12.94,-90.6,-6.15,1
1623,-13.18,28.98,2.0,1.06,-24.98,-132.29,-12.64,0
1624,-14.12,29.29,2.0,1.04,-25.75,-134.96,-13.06,0
1625,10.46,21.14,2.0,1.49,-5.59,-65.18,-2.18,0
1626,8.78,21.7,2.0,1.46,-6.97,-69.95,-2.93,0
1627,-8.8,27.53,2.0,1.14,-21.39,-119.85,-10.7,0
1628,-7.32,27.04,2.0,1.16,-20.18,-115.66,-10.05,0
1629,-10.42,28.07,2.0,1.11,-22.72,-124.45,-11.42,0
1630,-7.72,27.17,2.0,1.16,-20.51,-116.8,-10.23,0
1631,-7.55,27.11,2.0,1.16,-20.36,-116.31,-10.15,0
1632,1.36,24.16,2.0,1.32,-13.06,-91.02,-6.21,1
1633,-1.96,25.26,2.0,1.26,-15.78,-100.44,-7.68,0
1634,0.12,24.57,2.0,1.3,-14.08,-94.54,-6.76,1
1635,-4.76,26.19,2.0,1.21,-18.08,-108.39,-8.92,0
1636,-9.04,27.61,2.0,1.13,-21.59,-120.54,-10.81,0
1637,-2.16,25.32,2.0,1.26,-15.94,-101.0,-7.77,0
1638,1.21,24.21,2.0,1.32,-13.18,-91.44,-6.28,1
1639,-1.23,25.02,2.0,1.28,-15.18,-98.36,-7.35,0
1640,4.78,23.02,2.0,1.39,-10.25,-81.3,-4.7,0
1641,6.57,22.43,2.0,1.42,-8.78,-76.21,-3.9,0
1642,-12.77,28.84,2.0,1.06,-24.64,-131.12,-12.46,0
1643,7.53,22.11,2.0,1.44,-8.0,-73.5,-3.48,0
1644,0.11,24.57,2.0,1.3,-14.08,-94.57,-6.76,1
1645,-5.07,26.29,2.0,1.21,-18.33,-109.27,-9.06,0
1646,-0.35,24.72,2.0,1.29,-14.46,-95.87,-6.97,0
1647,-15.84,29.86,2.0,1.01,-27.16,-139.83,-13.82,0
1648,-10.85,28.21,2.0,1.1,-23.07,-125.66,-11.61,0
1649,-2.75,25.52,2.0,1.25,-16.42,-102.66,-8.03,0
1650,4.86,23.0,2.0,1.39,-10.19,-81.08,-4.66,0
1651,-9.06,27.62,2.0,1.13,-21.61,-120.6,-10.82,0
1652,9.52,21.45,2.0,1.48,-6.36,-67.85,-2.6,0
1653,-4.21,26.0,2.0,1.22,-17.62,-106.81,-8.67,0
1654,3.87,23.32,2.0,1.37,-10.99,-83.88,-5.1,0
1655,5.21,22.88,2.0,1.4,-9.9,-80.08,-4.51,0
1656,-5.76,26.52,2.0,1.19,-18.9,-111.23,-9.36,0
1657,-15.55,29.77,2.0,1.01,-26.93,-139.02,-13.69,0
1658,-12.09,28.62,2.0,1.08,-24.09,-129.19,-12.16,0
1659,-10.57,28.11,2.0,1.1,-22.84,-124.87,-11.49,0
1660,-7.74,27.18,2.0,1.16,-20.52,-116.85,-10.24,0
1661,-12.15,28.64,2.0,1.08,-24.14,-129.36,-12.19,0
1662,-12.91,28.89,2.0,1.06,-24.76,-131.51,-12.52,0
1663,3.88,23.32,2.0,1.37,-10.99,-83.87,-5.1,0
1664,9.18,21.56,2.0,1.47,-6.64,-68.8,-2.75,0
1665,-10.78,28.19,2.0,1.1,-23.01,-125.47,-11.58,0
1666,-13.02,28.93,2.0,1.06,-24.85,-131.82,-12.57,0
1667,-8.17,27.32,2.0,1.15,-20.87,-118.06,-10.42,0
1668,5.52,22.78,2.0,1.4,-9.65,-79.21,-4.37,0
1669,7.5,22.12,2.0,1.44,-8.02,-73.59,-3.49,0
1670,-4.45,26.08,2.0,1.22,-17.82,-107.5,-8.78,0
1671,7.64,22.07,2.0,1.44,-7.91,-73.19,-3.43,0
1672,9.24,21.54,2.0,1.47,-6.6,-68.65,-2.73,0
1673,-6.66,26.82,2.0,1.18,-19.63,-113.76,-9.76,0
1674,-9.18,27.66,2.0,1.13,-21.7,-120.94,-10.87,0
1675,7.23,22.21,2.0,1.43,-8.24,-74.35,-3.61,0
1676,-8.47,27.42,2.0,1.14,-21.12,-118.92,-10.56,0
1677,-1.1,24.97,2.0,1.28,-15.07,-97.98,-7.3,0
1678,-11.67,28.48,2.0,1.08,-23.74,-127.99,-11.97,0
1679,-10.39,28.06,2.0,1.11,-22.69,-124.36,-11.41,0
1680,-7.23,27.01,2.0,1.17,-20.1,-115.4,-10.01,0
1681,9.16,21.57,2.0,1.47,-6.66,-68.87,-2.76,0
1682,1.67,24.05,2.0,1.33,-12.8,-90.13,-6.07,1
1683,1.05,24.26,2.0,1.32,-13.31,-91.88,-6.34,1
1684,0.64,24.4,2.0,1.31,-13.64,-93.05,-6.53,1
1685,6.4,22.49,2.0,1.42,-8.92,-76.71,-3.98,0
1686,-12.74,28.83,2.0,1.06,-24.62,-131.03,-12.45,0
1687,-4.65,26.15,2.0,1.21,-17.98,-108.06,-8.87,0
1688,-8.99,27.59,2.0,1.13,-21.55,-120.4,-10.79,0
1689,7.42,22.15,2.0,1.44,-8.09,-73.82,-3.53,0
1690,-14.09,29.28,2.0,1.04,-25.73,-134.87,-13.04,0
1691,-8.83,27.54,2.0,1.14,-21.41,-119.93,-10.72,0
1692,-1.02,24.95,2.0,1.28,-15.01,-97.77,-7.26,0
1693,-10.67,28.15,2.0,1.1,-22.93,-125.17,-11.53,0
1694,-3.09,25.63,2.0,1.24,-16.71,-103.65,-8.18,0
1695,2.83,23.67,2.0,1.35,-11.85,-86.84,-5.56,0
1696,-4.22,26.01,2.0,1.22,-17.63,-106.85,-8.68,0
1697,6.22,22.54,2.0,1.41,-9.07,-77.21,-4.06,0
1698,-14.73,29.49,2.0,1.03,-26.25,-136.68,-13.33,0
1699,4.08,23.26,2.0,1.37,-10.83,-83.29,-5.01,0
1700,7.42,22.15,2.0,1.44,-8.08,-73.81,-3.53,0
1701,10.86,21.01,2.0,1.5,-5.26,-64.05,-2.01,0
1702,-1.62,25.14,2.0,1.27,-15.5,-99.46,-7.53,0
1703,-7.33,27.04,2.0,1.16,-20.18,-115.67,-10.05,0
1704,2.91,23.64,2.0,1.35,-11.79,-86.62,-5.53,0
1705,-14.29,29.35,2.0,1.04,-25.89,-135.43,-13.13,0
1706,0.99,24.28,2.0,1.32,-13.35,-92.05,-6.37,1
1707,-4.76,26.19,2.0,1.21,-18.08,-108.39,-8.92,0
1708,3.08,23.59,2.0,1.36,-11.64,-86.13,-5.45,0
1709,-2.39,25.4,2.0,1.26,-16.13,-101.64,-7.87,0
1710,-15.18,29.64,2.0,1.02,-26.62,-137.95,-13.52,0
1711,9.11,21.59,2.0,1.47,-6.7,-69.02,-2.78,0
1712,-8.61,27.46,2.0,1.14,-21.23,-119.31,-10.62,0
1713,-3.47,25.76,2.0,1.24,-17.02,-104.73,-8.35,0
1714,8.48,21.8,2.0,1.46,-7.22,-70.81,-3.06,0
1715,1.7,24.04,2.0,1.33,-12.77,-90.04,-6.06,1
1716,4.04,23.27,2.0,1.37,-10.86,-83.42,-5.03,0
1717,1.14,24.23,2.0,1.32,-13.23,-91.63,-6.31,1
1718,0.5,24.44,2.0,1.31,-13.76,-93.44,-6.59,1
1719,-6.99,26.93,2.0,1.17,-19.9,-114.71,-9.9,0
1720,-11.18,28.32,2.0,1.09,-23.34,-126.6,-11.76,0
1721,-14.35,29.37,2.0,1.04,-25.94,-135.61,-13.16,0
1722,-14.13,29.3,2.0,1.04,-25.76,-134.98,-13.06,0
1723,0.77,24.35,2.0,1.31,-13.54,-92.69,-6.47,1
1724,-12.94,28.9,2.0,1.06,-24.78,-131.6,-12.53,0
1725,8.75,21.71,2.0,1.46,-7.0,-70.04,-2.94,0
1726,3.91,23.31,2.0,1.37,-10.97,-83.78,-5.08,0
1727,2.4,23.81,2.0,1.34,-12.2,-88.05,-5.75,0
1728,3.34,23.5,2.0,1.36,-11.43,-85.4,-5.33,0
1729,-9.44,27.74,2.0,1.13,-21.91,-121.66,-10.99,0
1730,-3.51,25.77,2.0,1.23,-17.05,-104.83,-8.36,0
1731,5.29,22.85,2.0,1.4,-9.83,-79.85,-4.47,0
1732,-5.44,26.41,2.0,1.2,-18.63,-110.3,-9.22,0
1733,-11.72,28.5,2.0,1.08,-23.78,-128.13,-11.99,0
1734,-11.4,28.39,2.0,1.09,-23.52,-127.24,-11.86,0
1735,2.5,23.78,2.0,1.35,-12.12,-87.78,-5.71,0
1736,4.33,23.17,2.0,1.38,-10.62,-82.59,-4.9,0
1737,-4.54,26.11,2.0,1.22,-17.89,-107.75,-8.82,0
1738,-6.93,26.91,2.0,1.17,-19.86,-114.55,-9.88,0
1739,-0.0,24.61,2.0,1.3,-14.17,-94.88,-6.81,0
1740,-15.03,29.6,2.0,1.02,-26.5,-137.54,-13.46,0
1741,4.3,23.18,2.0,1.38,-10.65,-82.67,-4.91,0
1742,7.9,21.99,2.0,1.45,-7.69,-72.45,-3.32,0
1743,-16.09,29.95,2.0,1.0,-27.37,-140.54,-13.93,0
1744,5.13,22.91,2.0,1.39,-9.96,-80.32,-4.54,0
1745,-2.67,25.49,2.0,1.25,-16.36,-102.44,-7.99,0
1746,-4.94,26.25,2.0,1.21,-18.23,-108.9,-9.0,0
1747,-3.35,25.72,2.0,1.24,-16.92,-104.39,-8.29,0
1748,-2.09,25.3,2.0,1.26,-15.89,-100.81,-7.74,0
1749,-2.44,25.42,2.0,1.25,-16.17,-101.8,-7.89,0
1750,8.09,21.92,2.0,1.45,-7.54,-71.91,-3.23,0
1751,7.46,22.13,2.0,1.44,-8.05,-73.7,-3.51,0
1752,2.23,23.87,2.0,1.34,-12.34,-88.53,-5.82,0
1753,8.23,21.88,2.0,1.45,-7.42,-71.5,-3.17,0
1754,-4.9,26.23,2.0,1.21,-18.19,-108.77,-8.98,0
1755,7.76,22.03,2.0,1.44,-7.8,-72.83,-3.38,0
1756,8.0,21.95,2.0,1.45,-7.61,-72.16,-3.27,0
1757,-14.69,29.48,2.0,1.03,-26.22,-136.58,-13.31,0
1758,-14.29,29.35,2.0,1.04,-25.89,-135.43,-13.13,0
1759,0.68,24.38,2.0,1.31,-13.61,-92.93,-6.51,1
1760,1.43,24.13,2.0,1.33,-13.0,-90.81,-6.18,1
1761,-3.16,25.66,2.0,1.24,-16.76,-103.83,-8.21,0
1762,2.35,23.83,2.0,1.34,-12.24,-88.19,-5.77,0
1763,-2.68,25.5,2.0,1.25,-16.37,-102.48,-8.0,0
1764,-9.52,27.77,2.0,1.12,-21.98,-121.88,-11.02,0
1765,-9.74,27.84,2.0,1.12,-22.16,-122.53,-11.12,0
1766,-10.27,28.02,2.0,1.11,-22.6,-124.03,-11.36,0
1767,-1.82,25.21,2.0,1.27,-15.66,-100.02,-7.61,0
1768,-12.67,28.81,2.0,1.07,-24.56,-130.84,-12.42,0
1769,1.61,24.07,2.0,1.33,-12.85,-90.29,-6.1,1
1770,-14.3,29.35,2.0,1.04,-25.9,-135.48,-13.14,0
1771,-12.54,28.77,2.0,1.07,-24.45,-130.46,-12.36,0
1772,-12.89,28.89,2.0,1.06,-24.74,-131.46,-12.51,0
1773,-4.59,26.13,2.0,1.21,-17.94,-107.9,-8.84,0
1774,4.47,23.12,2.0,1.38,-10.5,-82.18,-4.83,0
1775,-7.2,27.0,2.0,1.17,-20.08,-115.31,-10.0,0
1776,-4.84,26.21,2.0,1.21,-18.14,-108.6,-8.95,0
1777,-7.26,27.02,2.0,1.17,-20.12,-115.47,-10.02,0
1778,-11.09,28.29,2.0,1.1,-23.26,-126.34,-11.72,0
1779,-6.97,26.92,2.0,1.17,-19.89,-114.66,-9.9,0
1780,-13.21,28.99,2.0,1.06,-25.01,-132.37,-12.66,0
1781,6.82,22.35,2.0,1.43,-8.58,-75.52,-3.79,0
1782,-10.57,28.11,2.0,1.1,-22.84,-124.86,-11.49,0
1783,2.83,23.67,2.0,1.35,-11.85,-86.85,-5.56,0
1784,-1.0,24.94,2.0,1.28,-14.99,-97.72,-7.26,0
1785,-15.06,29.61,2.0,1.02,-26.53,-137.63,-13.48,0
1786,-15.37,29.71,2.0,1.02,-26.78,-138.5,-13.61,0
1787,-1.15,24.99,2.0,1.28,-15.11,-98.13,-7.32,0
1788,10.16,21.24,2.0,1.49,-5.84,-66.04,-2.32,0
1789,7.88,22.0,2.0,1.44,-7.71,-72.51,-3.33,0
1790,1.67,24.05,2.0,1.33,-12.8,-90.13,-6.07,1
1791,-11.03,28.27,2.0,1.1,-23.22,-126.18,-11.69,0
1792,-1.29,25.04,2.0,1.28,-15.23,-98.53,-7.38,0
1793,-1.8,25.21,2.0,1.27,-15.65,-99.98,-7.61,0
1794,-13.4,29.06,2.0,1.05,-25.17,-132.92,-12.74,0
1795,-2.4,25.4,2.0,1.26,-16.14,-101.68,-7.87,0
1796,-2.78,25.53,2.0,1.25,-16.45,-102.75,-8.04,0
1797,-0.77,24.87,2.0,1.29,-14.81,-97.07,-7.15,1
1798,7.89,21.99,2.0,1.44,-7.7,-72.47,-3.32,0
1799,-14.63,29.46,2.0,1.03,-26.17,-136.39,-13.28,0
1800,-10.32,28.03,2.0,1.11,-22.63,-124.16,-11.38,0
1801,-1.2,25.01,2.0,1.28,-15.16,-98.29,-7.34,0
1802,5.09,22.92,2.0,1.39,-9.99,-80.41,-4.56,0
1803,0.58,24.42,2.0,1.31,-13.7,-93.23,-6.55,1
1804,-15.06,29.61,2.0,1.02,-26.52,-137.62,-13.47,0
1805,-8.59,27.46,2.0,1.14,-21.22,-119.26,-10.61,0
1806,-1.52,25.11,2.0,1.27,-15.42,-99.19,-7.48,0
1807,-5.38,26.39,2.0,1.2,-18.58,-110.15,-9.19,0
1808,10.8,21.02,2.0,1.5,-5.31,-64.21,-2.03,0
1809,-10.8,28.19,2.0,1.1,-23.03,-125.53,-11.59,0
1810,-7.22,27.0,2.0,1.17,-20.1,-115.38,-10.01,0
1811,8.07,21.93,2.0,1.45,-7.55,-71.96,-3.24,0
1812,-11.36,28.38,2.0,1.09,-23.49,-127.13,-11.84,0
1813,-13.34,29.03,2.0,1.05,-25.11,-132.73,-12.71,0
1814,-10.11,27.96,2.0,1.11,-22.46,-123.57,-11.28,0
1815,-3.36,25.72,2.0,1.24,-16.93,-104.4,-8.3,0
1816,1.58,24.08,2.0,1.33,-12.87,-90.38,-6.11,1
1817,-13.34,29.03,2.0,1.05,-25.11,-132.73,-12.71,0
1818,3.65,23.4,2.0,1.37,-11.17,-84.5,-5.19,0
1819,-8.24,27.34,2.0,1.15,-20.93,-118.26,-10.46,0
1820,-9.66,27.81,2.0,1.12,-22.09,-122.29,-11.08,0
1821,1.33,24.17,2.0,1.32,-13.08,-91.11,-6.22,1
1822,-6.75,26.85,2.0,1.18,-19.7,-114.02,-9.8,0
1823,5.38,22.82,2.0,1.4,-9.76,-79.61,-4.43,0
1824,-7.22,27.0,2.0,1.17,-20.09,-115.37,-10.01,0
1825,0.98,24.28,2.0,1.32,-13.36,-92.08,-6.38,1
1826,-2.72,25.51,2.0,1.25,-16.4,-102.58,-8.01,0
1827,-1.83,25.21,2.0,1.27,-15.67,-100.05,-7.62,0
1828,-14.76,29.51,2.0,1.03,-26.28,-136.77,-13.34,0
1829,-6.8,26.86,2.0,1.17,-19.75,-114.18,-9.82,0
1830,8.1,21.92,2.0,1.45,-7.52,-71.87,-3.23,0
1831,-11.48,28.42,2.0,1.09,-23.58,-127.45,-11.89,0
1832,-1.66,25.16,2.0,1.27,-15.53,-99.58,-7.54,0
1833,-7.68,27.16,2.0,1.16,-20.47,-116.68,-10.21,0
1834,-10.32,28.03,2.0,1.11,-22.63,-124.16,-11.38,0
1835,-11.2,28.32,2.0,1.09,-23.36,-126.66,-11.76,0
1836,1.72,24.04,2.0,1.33,-12.76,-90.0,-6.05,1
1837,0.54,24.43,2.0,1.31,-13.73,-93.33,-6.57,1
1838,4.94,22.97,2.0,1.39,-10.12,-80.84,-4.62,0
1839,-14.03,29.26,2.0,1.04,-25.68,-134.7,-13.02,0
1840,-14.67,29.48,2.0,1.03,-26.2,-136.51,-13.3,0
1841,6.0,22.62,2.0,1.41,-9.25,-77.85,-4.16,0
1842,-1.28,25.03,2.0,1.28,-15.22,-98.51,-7.38,0
1843,9.53,21.45,2.0,1.48,-6.36,-67.83,-2.6,0
1844,-13.58,29.11,2.0,1.05,-25.31,-133.41,-12.82,0
1845,-15.07,29.61,2.0,1.02,-26.54,-137.66,-13.48,0
1846,-2.27,25.36,2.0,1.26,-16.03,-101.3,-7.81,0
1847,-16.07,29.94,2.0,1.0,-27.35,-140.49,-13.92,0
1848,2.16,23.89,2.0,1.34,-12.4,-88.73,-5.85,0
1849,8.38,21.83,2.0,1.45,-7.29,-71.07,-3.1,0
1850,-3.58,25.8,2.0,1.23,-17.11,-105.04,-8.4,0
1851,-5.99,26.6,2.0,1.19,-19.08,-111.87,-9.46,0
1852,1.69,24.05,2.0,1.33,-12.78,-90.07,-6.06,1
1853,-0.0,24.61,2.0,1.3,-14.17,-94.88,-6.81,0
1854,-5.61,26.47,2.0,1.2,-18.77,-110.8,-9.29,0
1855,-8.41,27.4,2.0,1.14,-21.07,-118.74,-10.53,0
1856,-10.19,27.99,2.0,1.11,-22.53,-123.8,-11.32,0
1857,-7.79,27.19,2.0,1.16,-20.56,-116.98,-10.26,0
1858,10.86,21.0,2.0,1.5,-5.26,-64.03,-2.01,0
1859,-11.29,28.35,2.0,1.09,-23.43,-126.91,-11.8,0
1860,7.65,22.07,2.0,1.44,-7.9,-73.16,-3.43,0
1861,-5.2,26.33,2.0,1.2,-18.44,-109.63,-9.11,0
1862,7.71,22.05,2.0,1.44,-7.85,-72.99,-3.4,0
1863,-6.19,26.66,2.0,1.19,-19.25,-112.44,-9.55,0
1864,-15.43,29.73,2.0,1.02,-26.82,-138.66,-13.64,0
1865,9.88,21.33,2.0,1.48,-6.07,-66.84,-2.44,0
1866,0.1,24.58,2.0,1.3,-14.09,-94.6,-6.77,1
1867,1.74,24.03,2.0,1.33,-12.75,-89.94,-6.04,1
1868,-15.61,29.79,2.0,1.01,-26.97,-139.18,-13.72,0
1869,-0.11,24.64,2.0,1.3,-14.26,-95.18,-6.86,0
1870,0.34,24.5,2.0,1.31,-13.89,-93.91,-6.66,1
1871,-0.32,24.72,2.0,1.29,-14.44,-95.79,-6.95,0
1872,4.51,23.11,2.0,1.38,-10.47,-82.08,-4.82,0
1873,6.77,22.36,2.0,1.42,-8.62,-75.65,-3.82,0
1874,5.17,22.89,2.0,1.39,-9.93,-80.18,-4.52,0
1875,-10.76,28.18,2.0,1.1,-23.0,-125.42,-11.57,0
1876,-3.46,25.76,2.0,1.24,-17.01,-104.69,-8.34,0
1877,2.13,23.9,2.0,1.34,-12.43,-88.83,-5.87,0
1878,7.76,22.03,2.0,1.44,-7.81,-72.84,-3.38,0
1879,-0.81,24.88,2.0,1.28,-14.84,-97.17,-7.17,1
1880,-7.16,26.98,2.0,1.17,-20.04,-115.2,-9.98,0
1881,2.02,23.94,2.0,1.34,-12.51,-89.14,-5.92,0
1882,-9.92,27.9,2.0,1.12,-22.31,-123.04,-11.2,0
1883,0.78,24.35,2.0,1.31,-13.53,-92.66,-6.47,1
1884,-1.69,25.17,2.0,1.27,-15.56,-99.68,-7.56,0
1885,-14.69,29.48,2.0,1.03,-26.22,-136.56,-13.31,0
1886,6.24,22.54,2.0,1.41,-9.05,-77.16,-4.05,0
1887,-10.7,28.16,2.0,1.1,-22.95,-125.25,-11.54,0
1888,-3.93,25.91,2.0,1.23,-17.39,-106.02,-8.55,0
1889,8.73,21.71,2.0,1.46,-7.01,-70.1,-2.95,0
1890,-14.5,29.42,2.0,1.03,-26.06,-136.02,-13.22,0
1891,-0.41,24.74,2.0,1.29,-14.5,-96.02,-6.99,0
1892,-6.04,26.61,2.0,1.19,-19.13,-112.02,-9.48,0
1893,3.29,23.52,2.0,1.36,-11.47,-85.52,-5.35,0
1894,-10.77,28.18,2.0,1.1,-23.01,-125.45,-11.58,0
1895,1.59,24.08,2.0,1.33,-12.86,-90.35,-6.11,1
1896,-10.53,28.1,2.0,1.11,-22.81,-124.75,-11.47,0
1897,-2.99,25.6,2.0,1.24,-16.62,-103.35,-8.13,0
1898,-13.92,29.23,2.0,1.04,-25.59,-134.39,-12.97,0
1899,-12.97,28.91,2.0,1.06,-24.81,-131.69,-12.55,0
1900,6.53,22.44,2.0,1.42,-8.81,-76.34,-3.92,0
1901,-5.9,26.57,2.0,1.19,-19.01,-111.63,-9.42,0
1902,10.57,21.1,2.0,1.49,-5.5,-64.87,-2.14,0
1903,-4.83,26.21,2.0,1.21,-18.13,-108.58,-8.95,0
1904,6.49,22.46,2.0,1.42,-8.85,-76.46,-3.94,0
1905,-6.69,26.83,2.0,1.18,-19.65,-113.85,-9.77,0
1906,8.77,21.7,2.0,1.46,-6.98,-69.98,-2.93,0
1907,10.7,21.06,2.0,1.5,-5.39,-64.48,-2.08,0
1908,-11.08,28.28,2.0,1.1,-23.26,-126.33,-11.71,0
1909,9.23,21.55,2.0,1.47,-6.6,-68.67,-2.73,0
1910,-13.15,28.97,2.0,1.06,-24.95,-132.19,-12.63,0
1911,-7.39,27.06,2.0,1.16,-20.24,-115.86,-10.08,0
1912,-10.11,27.96,2.0,1.11,-22.47,-123.58,-11.29,0
1913,-4.03,25.94,2.0,1.23,-17.47,-106.3,-8.59,0
1914,-14.91,29.55,2.0,1.02,-26.4,-137.18,-13.41,0
1915,-10.97,28.25,2.0,1.1,-23.17,-126.02,-11.67,0
1916,10.36,21.17,2.0,1.49,-5.67,-65.45,-2.23,0
1917,3.86,23.33,2.0,1.37,-11.01,-83.92,-5.1,0
1918,-6.5,26.77,2.0,1.18,-19.5,-113.33,-9.69,0
1919,-4.18,25.99,2.0,1.22,-17.6,-106.73,-8.66,0
1920,9.58,21.43,2.0,1.48,-6.32,-67.69,-2.57,0
1921,-16.21,29.99,2.0,1.0,-27.47,-140.9,-13.98,0
1922,5.15,22.9,2.0,1.39,-9.95,-80.25,-4.53,0
1923,-8.21,27.33,2.0,1.15,-20.91,-118.19,-10.45,0
1924,6.53,22.44,2.0,1.42,-8.81,-76.32,-3.92,0
1925,-15.8,29.85,2.0,1.01,-27.13,-139.73,-13.8,0
1926,6.42,22.48,2.0,1.42,-8.91,-76.66,-3.97,0
1927,-0.61,24.81,2.0,1.29,-14.67,-96.6,-7.08,0
1928,-12.3,28.69,2.0,1.07,-24.26,-129.8,-12.25,0
1929,-15.04,29.6,2.0,1.02,-26.51,-137.56,-13.46,0
1930,7.24,22.21,2.0,1.43,-8.23,-74.31,-3.61,0
1931,-14.43,29.4,2.0,1.03,-26.01,-135.84,-13.2,0
1932,-6.47,26.76,2.0,1.18,-19.48,-113.24,-9.67,0
1933,-1.93,25.25,2.0,1.26,-15.75,-100.35,-7.67,0
1934,-11.17,28.32,2.0,1.09,-23.33,-126.59,-11.75,0
1935,9.6,21.42,2.0,1.48,-6.3,-67.62,-2.56,0
1936,0.09,24.58,2.0,1.3,-14.1,-94.63,-6.77,1
1937,-12.17,28.65,2.0,1.08,-24.15,-129.41,-12.19,0
1938,10.55,21.11,2.0,1.49,-5.52,-64.92,-2.14,0
1939,-13.26,29.01,2.0,1.06,-25.05,-132.51,-12.68,0
1940,7.8,22.02,2.0,1.44,-7.77,-72.72,-3.36,0
1941,-9.73,27.84,2.0,1.12,-22.16,-122.5,-11.12,0
1942,-3.24,25.68,2.0,1.24,-16.83,-104.07,-8.24,0
1943,4.71,23.04,2.0,1.39,-10.3,-81.49,-4.73,0
1944,-4.89,26.23,2.0,1.21,-18.18,-108.76,-8.98,0
1945,8.06,21.94,2.0,1.45,-7.56,-72.0,-3.25,0
1946,-7.05,26.95,2.0,1.17,-19.96,-114.89,-9.93,0
1947,0.53,24.43,2.0,1.31,-13.73,-93.36,-6.58,1
1948,-13.52,29.1,2.0,1.05,-25.26,-133.26,-12.79,0
1949,-8.7,27.5,2.0,1.14,-21.31,-119.58,-10.66,0
1950,-14.07,29.28,2.0,1.04,-25.71,-134.82,-13.04,0
1951,6.43,22.47,2.0,1.42,-8.9,-76.62,-3.97,0
1952,-3.9,25.9,2.0,1.23,-17.37,-105.94,-8.54,0
1953,-9.37,27.72,2.0,1.13,-21.85,-121.46,-10.95,0
1954,-10.94,28.24,2.0,1.1,-23.14,-125.93,-11.65,0
1955,5.0,22.95,2.0,1.39,-10.07,-80.68,-4.6,0
1956,3.63,23.4,2.0,1.37,-11.2,-84.58,-5.21,0
1957,-10.54,28.1,2.0,1.11,-22.81,-124.78,-11.47,0
1958,-10.7,28.16,2.0,1.1,-22.95,-125.24,-11.54,0
1959,-0.34,24.72,2.0,1.29,-14.45,-95.84,-6.96,0
1960,9.69,21.39,2.0,1.48,-6.22,-67.36,-2.52,0
1961,-6.82,26.87,2.0,1.17,-19.77,-114.24,-9.83,0
1962,-14.13,29.3,2.0,1.04,-25.76,-134.98,-13.06,0
1963,5.48,22.79,2.0,1.4,-9.68,-79.32,-4.39,0
1964,-15.31,29.69,2.0,1.02,-26.73,-138.33,-13.58,0
1965,10.09,21.26,2.0,1.49,-5.89,-66.22,-2.35,0
1966,-7.46,27.08,2.0,1.16,-20.29,-116.04,-10.11,0
1967,-7.86,27.21,2.0,1.15,-20.61,-117.17,-10.29,0
1968,-9.65,27.81,2.0,1.12,-22.08,-122.25,-11.08,0
1969,-3.52,25.78,2.0,1.23,-17.06,-104.88,-8.37,0
1970,4.94,22.97,2.0,1.39,-10.12,-80.84,-4.62,0
1971,-10.74,28.17,2.0,1.1,-22.98,-125.36,-11.56,0
1972,7.18,22.22,2.0,1.43,-8.28,-74.48,-3.63,0
1973,-13.43,29.06,2.0,1.05,-25.18,-132.98,-12.75,0
1974,-2.71,25.51,2.0,1.25,-16.39,-102.55,-8.01,0
1975,-14.63,29.46,2.0,1.03,-26.17,-136.39,-13.28,0
1976,7.0,22.29,2.0,1.43,-8.43,-75.01,-3.72,0
1977,3.48,23.45,2.0,1.36,-11.31,-84.99,-5.27,0
1978,-3.44,25.75,2.0,1.24,-16.99,-104.64,-8.33,0
1979,9.2,21.56,2.0,1.47,-6.63,-68.77,-2.74,0
1980,-10.07,27.95,2.0,1.11,-22.43,-123.46,-11.27,0
1981,2.73,23.7,2.0,1.35,-11.93,-87.12,-5.6,0
1982,-15.28,29.68,2.0,1.02,-26.7,-138.25,-13.57,0
1983,-0.47,24.76,2.0,1.29,-14.55,-96.2,-7.02,0
1984,1.71,24.04,2.0,1.33,-12.77,-90.03,-6.06,1
1985,2.65,23.73,2.0,1.35,-12.0,-87.36,-5.64,0
1986,-12.04,28.6,2.0,1.08,-24.04,-129.04,-12.14,0
1987,-1.18,25.0,2.0,1.28,-15.14,-98.23,-7.33,0
1988,10.2,21.22,2.0,1.49,-5.81,-65.92,-2.3,0
1989,6.8,22.35,2.0,1.42,-8.59,-75.57,-3.8,0
1990,6.84,22.34,2.0,1.43,-8.56,-75.46,-3.79,0
1991,-9.51,27.76,2.0,1.12,-21.97,-121.87,-11.02,0
1992,-3.49,25.77,2.0,1.24,-17.04,-104.79,-8.36,0
1993,3.56,23.43,2.0,1.37,-11.25,-84.75,-5.23,0
1994,-12.91,28.89,2.0,1.06,-24.76,-131.53,-12.52,0
1995,8.68,21.73,2.0,1.46,-7.05,-70.24,-2.97,0
1996,-12.29,28.69,2.0,1.07,-24.25,-129.76,-12.25,0
1997,-12.84,28.87,2.0,1.06,-24.71,-131.33,-12.49,0
1998,-3.88,25.9,2.0,1.23,-17.36,-105.89,-8.53,0
1999,0.43,24.47,2.0,1.31,-13.82,-93.66,-6.62,1
2000,-0.85,24.89,2.0,1.28,-14.87,-97.29,-7.19,0
2001,-4.82,26.21,2.0,1.21,-18.12,-108.56,-8.94,0
2002,-4.86,26.22,2.0,1.21,-18.16,-108.68,-8.96,0
2003,0.68,24.38,2.0,1.31,-13.61,-92.95,-6.51,1
2004,0.1,24.58,2.0,1.3,-14.09,-94.59,-6.77,1
2005,-5.46,26.42,2.0,1.2,-18.65,-110.38,-9.23,0
2006,8.0,21.95,2.0,1.45,-7.61,-72.16,-3.27,0
2007,-9.96,27.91,2.0,1.12,-22.34,-123.15,-11.22,0
2008,-15.51,29.75,2.0,1.01,-26.89,-138.9,-13.67,0
2009,2.14,23.9,2.0,1.34,-12.41,-88.79,-5.86,0
2010,10.15,21.24,2.0,1.49,-5.85,-66.07,-2.32,0
2011,9.13,21.58,2.0,1.47,-6.68,-68.95,-2.77,0
2012,7.64,22.07,2.0,1.44,-7.9,-73.18,-3.43,0
2013,-8.48,27.42,2.0,1.14,-21.13,-118.94,-10.56,0
2014,1.27,24.19,2.0,1.32,-13.13,-91.26,-6.25,1
2015,-8.15,27.31,2.0,1.15,-20.86,-118.01,-10.42,0
2016,8.27,21.86,2.0,1.45,-7.39,-71.39,-3.15,0
2017,-1.46,25.09,2.0,1.27,-15.37,-99.02,-7.46,0
2018,-6.62,26.8,2.0,1.18,-19.6,-113.66,-9.74,0
2019,-7.45,27.08,2.0,1.16,-20.28,-116.02,-10.11,0
2020,5.32,22.84,2.0,1.4,-9.8,-79.76,-4.46,0
2021,1.5,24.11,2.0,1.33,-12.94,-90.61,-6.15,1
2022,8.67,21.73,2.0,1.46,-7.06,-70.27,-2.98,0
2023,1.27,24.19,2.0,1.32,-13.13,-91.26,-6.25,1
2024,7.21,22.22,2.0,1.43,-8.26,-74.41,-3.62,0
2025,3.22,23.54,2.0,1.36,-11.53,-85.73,-5.39,0
2026,-8.66,27.48,2.0,1.14,-21.27,-119.46,-10.64,0
2027,-2.11,25.31,2.0,1.26,-15.9,-100.86,-7.74,0
2028,-11.14,28.3,2.0,1.09,-23.31,-126.48,-11.74,0
2029,-5.68,26.49,2.0,1.19,-18.83,-110.99,-9.32,0
2030,-7.72,27.17,2.0,1.16,-20.5,-116.78,-10.23,0
2031,-1.57,25.13,2.0,1.27,-15.46,-99.33,-7.51,0
2032,10.18,21.23,2.0,1.49,-5.82,-65.98,-2.31,0
2033,-12.24,28.67,2.0,1.07,-24.21,-129.62,-12.23,0
2034,9.17,21.56,2.0,1.47,-6.65,-68.83,-2.75,0
2035,4.9,22.98,2.0,1.39,-10.15,-80.95,-4.64,0
2036,-2.38,25.4,2.0,1.26,-16.12,-101.63,-7.86,0
2037,-15.33,29.7,2.0,1.02,-26.75,-138.39,-13.59,0
2038,-3.46,25.76,2.0,1.24,-17.01,-104.7,-8.34,0
2039,-8.01,27.27,2.0,1.15,-20.74,-117.62,-10.36,0
2040,-10.37,28.05,2.0,1.11,-22.67,-124.29,-11.4,0
2041,-10.82,28.2,2.0,1.1,-23.05,-125.59,-11.6,0
2042,-7.08,26.96,2.0,1.17,-19.98,-114.98,-9.95,0
2043,-14.6,29.45,2.0,1.03,-26.15,-136.33,-13.27,0
2044,1.58,24.08,2.0,1.33,-12.87,-90.38,-6.11,1
2045,9.4,21.49,2.0,1.47,-6.46,-68.19,-2.65,0
2046,7.53,22.11,2.0,1.44,-7.99,-73.49,-3.48,0
2047,-15.27,29.67,2.0,1.02,-26.69,-138.21,-13.56,0
2048,6.14,22.57,2.0,1.41,-9.14,-77.45,-4.1,0
2049,-9.17,27.65,2.0,1.13,-21.69,-120.89,-10.87,0
2050,-5.28,26.36,2.0,1.2,-18.5,-109.87,-9.15,0
2051,8.76,21.7,2.0,1.46,-6.99,-70.01,-2.94,0
2052,-10.37,28.05,2.0,1.11,-22.68,-124.31,-11.4,0
2053,-14.21,29.32,2.0,1.04,-25.83,-135.21,-13.1,0
2054,5.61,22.75,2.0,1.4,-9.57,-78.95,-4.33,0
2055,-0.75,24.86,2.0,1.29,-14.78,-96.99,-7.14,1
2056,-16.24,30.0,2.0,1.0,-27.49,-140.98,-14.0,0
2057,-0.74,24.85,2.0,1.29,-14.78,-96.97,-7.14,1
2058,2.24,23.86,2.0,1.34,-12.33,-88.51,-5.82,0
2059,-7.19,26.99,2.0,1.17,-20.07,-115.27,-9.99,0
2060,10.7,21.06,2.0,1.5,-5.4,-64.5,-2.08,0
2061,-8.64,27.48,2.0,1.14,-21.26,-119.41,-10.63,0
2062,4.38,23.15,2.0,1.38,-10.57,-82.43,-4.87,0
2063,6.52,22.45,2.0,1.42,-8.83,-76.38,-3.93,0
2064,8.59,21.76,2.0,1.46,-7.13,-70.5,-3.01,0
2065,-11.32,28.36,2.0,1.09,-23.46,-127.01,-11.82,0
2066,-7.07,26.95,2.0,1.17,-19.97,-114.94,-9.94,0
2067,-4.51,26.11,2.0,1.22,-17.87,-107.69,-8.81,0
2068,0.33,24.5,2.0,1.31,-13.9,-93.94,-6.67,1
2069,-6.79,26.86,2.0,1.17,-19.74,-114.15,-9.82,0
2070,9.85,21.34,2.0,1.48,-6.09,-66.9,-2.45,0
2071,3.44,23.47,2.0,1.36,-11.35,-85.1,-5.29,0
2072,-0.76,24.86,2.0,1.29,-14.79,-97.03,-7.15,1
2073,-2.47,25.43,2.0,1.25,-16.19,-101.87,-7.9,0
2074,3.79,23.35,2.0,1.37,-11.06,-84.1,-5.13,0
2075,-1.3,25.04,2.0,1.28,-15.23,-98.55,-7.38,0
2076,-8.76,27.51,2.0,1.14,-21.35,-119.73,-10.68,0
2077,-14.37,29.38,2.0,1.03,-25.96,-135.66,-13.17,0
2078,9.16,21.57,2.0,1.47,-6.66,-68.87,-2.76,0
2079,-6.84,26.88,2.0,1.17,-19.78,-114.29,-9.84,0
2080,-6.74,26.85,2.0,1.18,-19.7,-114.01,-9.79,0
2081,1.03,24.27,2.0,1.32,-13.33,-91.95,-6.36,1
2082,9.2,21.56,2.0,1.47,-6.63,-68.76,-2.74,0
2083,-1.22,25.01,2.0,1.28,-15.17,-98.34,-7.35,0
2084,4.07,23.26,2.0,1.37,-10.84,-83.33,-5.01,0
2085,9.62,21.42,2.0,1.48,-6.28,-67.56,-2.56,0
2086,-2.83,25.55,2.0,1.25,-16.49,-102.9,-8.06,0
2087,-15.97,29.91,2.0,1.01,-27.27,-140.2,-13.88,0
2088,6.95,22.3,2.0,1.43,-8.47,-75.13,-3.73,0
2089,-5.77,26.52,2.0,1.19,-18.9,-111.24,-9.36,0
2090,-6.57,26.79,2.0,1.18,-19.56,-113.53,-9.72,0
2091,-12.72,28.83,2.0,1.07,-24.6,-130.98,-12.44,0
2092,-16.05,29.93,2.0,1.0,-27.34,-140.43,-13.91,0
2093,9.55,21.44,2.0,1.48,-6.34,-67.76,-2.59,0
2094,3.59,23.42,2.0,1.37,-11.23,-84.68,-5.22,0
2095,-1.92,25.24,2.0,1.26,-15.74,-100.31,-7.66,0
2096,-5.62,26.47,2.0,1.2,-18.78,-110.82,-9.3,0
2097,9.54,21.44,2.0,1.48,-6.34,-67.78,-2.59,0
2098,-7.25,27.01,2.0,1.17,-20.12,-115.45,-10.02,0
2099,8.6,21.76,2.0,1.46,-7.12,-70.47,-3.01,0
2100,-12.05,28.61,2.0,1.08,-24.05,-129.07,-12.14,0
2101,-4.41,26.07,2.0,1.22,-17.79,-107.4,-8.76,0
2102,-1.96,25.26,2.0,1.26,-15.78,-100.44,-7.68,0
2103,9.65,21.41,2.0,1.48,-6.26,-67.48,-2.54,0
2104,-13.97,29.24,2.0,1.04,-25.63,-134.53,-12.99,0
2105,-15.1,29.62,2.0,1.02,-26.56,-137.74,-13.49,0
2106,-10.34,28.04,2.0,1.11,-22.66,-124.23,-11.39,0
2107,-7.16,26.98,2.0,1.17,-20.04,-115.19,-9.98,0
2108,-10.87,28.22,2.0,1.1,-23.09,-125.74,-11.62,0
2109,-9.42,27.73,2.0,1.13,-21.89,-121.6,-10.98,0
2110,-15.42,29.72,2.0,1.02,-26.82,-138.65,-13.63,0
2111,-10.75,28.18,2.0,1.1,-22.99,-125.4,-11.57,0
2112,-8.03,27.27,2.0,1.15,-20.76,-117.67,-10.36,0
2113,3.78,23.35,2.0,1.37,-11.07,-84.13,-5.14,0
2114,9.0,21.62,2.0,1.47,-6.79,-69.34,-2.83,0
2115,8.9,21.66,2.0,1.46,-6.87,-69.61,-2.87,0
2116,-8.14,27.31,2.0,1.15,-20.85,-117.98,-10.41,0
2117,-10.85,28.21,2.0,1.1,-23.07,-125.68,-11.61,0
2118,7.37,22.16,2.0,1.44,-8.12,-73.94,-3.55,0
2119,1.54,24.1,2.0,1.33,-12.91,-90.51,-6.13,1
2120,-5.07,26.29,2.0,1.21,-18.33,-109.27,-9.05,0
2121,-12.1,28.62,2.0,1.08,-24.09,-129.21,-12.16,0
2122,6.08,22.59,2.0,1.41,-9.18,-77.61,-4.12,0
2123,-16.09,29.95,2.0,1.0,-27.37,-140.54,-13.93,0
2124,5.72,22.71,2.0,1.4,-9.48,-78.63,-4.28,0
2125,-2.85,25.55,2.0,1.25,-16.5,-102.95,-8.07,0
2126,-2.77,25.53,2.0,1.25,-16.44,-102.73,-8.04,0
2127,7.48,22.13,2.0,1.44,-8.04,-73.64,-3.5,0
2128,-4.94,26.25,2.0,1.21,-18.22,-108.89,-9.0,0
2129,-9.72,27.83,2.0,1.12,-22.14,-122.46,-11.11,0
2130,-3.25,25.69,2.0,1.24,-16.84,-104.1,-8.25,0
2131,-11.52,28.43,2.0,1.09,-23.62,-127.58,-11.91,0
2132,-4.5,26.1,2.0,1.22,-17.87,-107.66,-8.8,0
2133,-6.9,26.9,2.0,1.17,-19.83,-114.45,-9.86,0
2134,1.27,24.19,2.0,1.32,-13.13,-91.28,-6.25,1
2135,-16.22,29.99,2.0,1.0,-27.48,-140.93,-13.99,0
2136,2.93,23.64,2.0,1.35,-11.77,-86.55,-5.51,0
2137,8.69,21.72,2.0,1.46,-7.04,-70.2,-2.97,0
2138,-0.39,24.74,2.0,1.29,-14.49,-95.98,-6.98,0
2139,3.68,23.39,2.0,1.37,-11.15,-84.42,-5.18,0
2140,1.9,23.98,2.0,1.33,-12.61,-89.48,-5.97,1
2141,6.58,22.42,2.0,1.42,-8.77,-76.19,-3.9,0
2142,4.59,23.08,2.0,1.38,-10.4,-81.84,-4.78,0
2143,3.56,23.43,2.0,1.37,-11.25,-84.77,-5.24,0
2144,-13.35,29.04,2.0,1.05,-25.12,-132.77,-12.72,0
2145,7.52,22.11,2.0,1.44,-8.01,-73.53,-3.49,0
2146,0.21,24.54,2.0,1.3,-14.0,-94.27,-6.72,1
2147,2.15,23.89,2.0,1.34,-12.4,-88.76,-5.86,0
2148,-11.09,28.29,2.0,1.1,-23.27,-126.36,-11.72,0
2149,-6.56,26.79,2.0,1.18,-19.55,-113.5,-9.71,0
2150,-11.46,28.41,2.0,1.09,-23.57,-127.4,-11.88,0
2151,-5.71,26.5,2.0,1.19,-18.86,-111.08,-9.34,0
2152,-15.21,29.65,2.0,1.02,-26.65,-138.05,-13.54,0
2153,4.17,23.22,2.0,1.38,-10.75,-83.03,-4.97,0
2154,-7.03,26.94,2.0,1.17,-19.93,-114.82,-9.92,0
2155,7.87,22.0,2.0,1.44,-7.71,-72.53,-3.33,0
2156,10.79,21.03,2.0,1.5,-5.32,-64.24,-2.04,0
2157,-9.48,27.76,2.0,1.12,-21.95,-121.79,-11.01,0
2158,2.86,23.66,2.0,1.35,-11.82,-86.74,-5.54,0
2159,-11.41,28.39,2.0,1.09,-23.53,-127.26,-11.86,0
2160,1.18,24.22,2.0,1.32,-13.2,-91.53,-6.29,1
2161,7.93,21.98,2.0,1.45,-7.67,-72.37,-3.3,0
2162,-3.24,25.68,2.0,1.24,-16.83,-104.08,-8.25,0
2163,4.31,23.18,2.0,1.38,-10.63,-82.63,-4.9,0
2164,-15.77,29.84,2.0,1.01,-27.1,-139.63,-13.79,0
2165,-6.08,26.62,2.0,1.19,-19.15,-112.12,-9.5,0
2166,-7.57,27.12,2.0,1.16,-20.38,-116.36,-10.16,0
2167,-6.92,26.9,2.0,1.17,-19.84,-114.51,-9.87,0
2168,4.79,23.02,2.0,1.39,-10.24,-81.27,-4.69,0
2169,-15.0,29.59,2.0,1.02,-26.48,-137.46,-13.45,0
2170,-4.87,26.22,2.0,1.21,-18.16,-108.69,-8.97,0
2171,6.17,22.56,2.0,1.41,-9.11,-77.36,-4.08,0
2172,2.05,23.93,2.0,1.34,-12.48,-89.04,-5.9,0
2173,3.2,23.55,2.0,1.36,-11.55,-85.8,-5.4,0
2174,-3.22,25.68,2.0,1.24,-16.82,-104.02,-8.24,0
2175,-13.91,29.22,2.0,1.04,-25.58,-134.35,-12.96,0
2176,5.09,22.92,2.0,1.39,-10.0,-80.43,-4.56,0
2177,1.31,24.17,2.0,1.32,-13.09,-91.14,-6.23,1
2178,-12.3,28.69,2.0,1.07,-24.26,-129.79,-12.25,0
2179,-13.27,29.01,2.0,1.05,-25.06,-132.55,-12.68,0
2180,-13.49,29.08,2.0,1.05,-25.23,-133.16,-12.78,0
2181,-0.51,24.78,2.0,1.29,-14.59,-96.33,-7.04,0
2182,-10.3,28.03,2.0,1.11,-22.62,-124.11,-11.37,0
2183,7.99,21.96,2.0,1.45,-7.61,-72.18,-3.28,0
2184,-5.78,26.53,2.0,1.19,-18.91,-111.29,-9.37,0
2185,-2.11,25.31,2.0,1.26,-15.9,-100.87,-7.75,0
2186,-14.83,29.53,2.0,1.03,-26.33,-136.97,-13.37,0
2187,2.22,23.87,2.0,1.34,-12.35,-88.57,-5.83,0
2188,2.64,23.73,2.0,1.35,-12.01,-87.38,-5.64,0
2189,-7.49,27.09,2.0,1.16,-20.31,-116.12,-10.12,0
2190,-11.86,28.54,2.0,1.08,-23.9,-128.55,-12.06,0
2191,-2.93,25.58,2.0,1.25,-16.58,-103.19,-8.11,0
2192,4.58,23.09,2.0,1.38,-10.41,-81.86,-4.78,0
2193,10.53,21.12,2.0,1.49,-5.54,-64.99,-2.15,0
2194,10.81,21.02,2.0,1.5,-5.3,-64.17,-2.03,0
2195,7.71,22.05,2.0,1.44,-7.85,-72.99,-3.4,0
2196,3.58,23.42,2.0,1.37,-11.24,-84.72,-5.23,0
2197,-9.07,27.62,2.0,1.13,-21.61,-120.61,-10.82,0
2198,-5.53,26.44,2.0,1.2,-18.71,-110.57,-9.26,0
2199,-10.58,28.12,2.0,1.1,-22.85,-124.91,-11.49,0
2200,8.58,21.76,2.0,1.46,-7.14,-70.52,-3.02,0
