feature,value,importance,min,max,rule,importance_ratio
ns,1,0.2178852439964141,1.0,7.0,ns <= 1.4973267047410423,0.42553769510204925
aexp,200,0.08790054930859414,0.0,726.0,185.59410590604568 < aexp <= 289.08422191465564,0.17167292499899067
la,26,-0.08286866409193432,0.0,9176.0,12.190541219577483 < la <= 24.555072185608623,0.1618454727225495
nd,2,-0.04180295908613627,1.0,40.0,1.4991410283510338 < nd <= 2.5030327595863042,0.08164267819004971
ld,8,0.030315311209145903,0.0,8304.0,1.9137720800673748 < ld <= 15.702244046452648,0.0592068899280466
