feature,value,importance,min,max,rule,importance_ratio
ns,1,0.2148986533363963,1.0,7.0,ns <= 1.4973267047410423,0.32829715851618574
ld,0,-0.14611189196334481,0.0,8304.0,ld <= 1.9137720800673748,0.22321274801988672
la,289,0.11533891204505785,0.0,9176.0,la > 135.835850879889,0.17620136982183537
aexp,265,0.08722191050149075,0.0,726.0,185.59410590604568 < aexp <= 289.08422191465564,0.13324748635427006
nd,2,-0.04313581890120797,1.0,40.0,1.4991410283510338 < nd <= 2.5030327595863042,0.06589788514573681
