feature,value,importance,min,max,rule,importance_ratio
ns,1,0.2131633189089962,1.0,7.0,ns <= 1.4973267047410423,0.4339310634928178
la,354,0.1113959886779512,0.0,9176.0,la > 135.835850879889,0.22676593741953235
aexp,395,0.07025860081550675,0.0,726.0,315.32115273373984 < aexp <= 398.4047669941732,0.1430236192954281
nuc,585.0,0.03108420693644663,0.0,2086.0,113.47699669467761 < nuc <= 1752.541484763698,0.0632773173301997
ld,156,0.029912764194992628,0.0,8304.0,29.490716012837936 < ld <= 4621.051880819136,0.060892641593202505
