feature,value,importance,min,max,rule,importance_ratio
ns,1,0.21801498539477196,1.0,7.0,ns <= 1.4973267047410423,0.4424039896445853
la,249,0.11175701598022075,0.0,9176.0,la > 135.835850879889,0.22678142812475202
aexp,351,0.07336939351673759,0.0,726.0,315.32115273373984 < aexp <= 398.4047669941732,0.14888385929450265
nd,5,0.032201119057102934,1.0,40.0,3.5069244908215746 < nd <= 5.487575744339811,0.06534368963714475
ld,44,0.02826829950085348,0.0,8304.0,29.490716012837936 < ld <= 4621.051880819136,0.05736306821753692
