feature,value,importance,min,max,rule,importance_ratio
ns,1,0.21275764105391423,1.0,7.0,ns <= 1.4973267047410423,0.4288242619817088
aexp,213,0.08606103250142087,0.0,726.0,185.59410590604568 < aexp <= 289.08422191465564,0.17346055617552966
la,24,-0.08409153564365825,0.0,9176.0,12.190541219577483 < la <= 24.555072185608623,0.16949093124303977
nd,4,0.03373715136795896,1.0,40.0,3.5069244908215746 < nd <= 5.487575744339811,0.06799901035311857
ld,3,0.030533329869661074,0.0,8304.0,1.9137720800673748 < ld <= 15.702244046452648,0.061541538918846686
