feature,value,importance,min,max,rule,importance_ratio
ns,1,0.22224221764582514,1.0,7.0,ns <= 1.4973267047410423,0.5036906432430255
la,1555,0.1124434043592727,0.0,9176.0,la > 135.835850879889,0.25484217746790294
aexp,125,-0.03025465471403171,0.0,726.0,54.40945181062462 < aexp <= 149.15392421287316,0.06856926940088304
ld,970,0.025846369969328067,0.0,8304.0,29.490716012837936 < ld <= 4621.051880819136,0.058578315377031724
nuc,4.33333333333333,-0.024097925109901244,0.0,2086.0,1.5729955012103574 < nuc <= 11.446877959457481,0.05461563301519919
