feature,value,importance,min,max,rule,importance_ratio
ns,1,0.21997992125876842,1.0,7.0,ns <= 1.4973267047410423,0.4697145496743243
aexp,224,0.08906472024682051,0.0,726.0,185.59410590604568 < aexp <= 289.08422191465564,0.1901764248446717
nd,2,-0.04204618181086447,1.0,40.0,1.4991410283510338 < nd <= 2.5030327595863042,0.08977957279829576
ld,1,-0.03958303177553561,0.0,8304.0,1.9137720800673748 < ld <= 1.9137720800673748,0.08452010455681111
la,116,0.03912170057384132,0.0,9176.0,92.55999249877996 < la <= 135.835850879889,0.08353504202740121
