feature,value,importance,min,max,rule,importance_ratio
ns,1,0.22718303170520318,1.0,7.0,ns <= 1.4973267047410423,0.5812744375487178
aexp,25,-0.05904817045523035,0.0,726.0,6.308411975636886 < aexp <= 54.40945181062462,0.1510816710738469
ld,11,0.029992658865472782,0.0,8304.0,1.9137720800673748 < ld <= 15.702244046452648,0.0767397361579402
nuc,44.0,-0.020201055763106268,0.0,2086.0,11.446877959457481 < nuc <= 113.47699669467761,0.051686770963717814
age,65.85714285714289,0.01968623214339627,0.0,511.03030303030295,9.569496653858916 < age <= 84.25039107908812,0.05036953433852812
