feature,value,importance,min,max,rule,importance_ratio
ns,1,0.21342878716347327,1.0,7.0,ns <= 1.4973267047410423,0.39770745333400054
la,157,0.11267361830745343,0.0,9176.0,la > 135.835850879889,0.2099582647239707
aexp,283,0.08565729373944637,0.0,726.0,185.59410590604568 < aexp <= 289.08422191465564,0.15961550738000857
nd,6,0.04903260797862981,1.0,40.0,5.487575744339811 < nd <= 12.487685654034399,0.09136833839836693
ld,19,0.030551506488690146,0.0,8304.0,15.702244046452648 < ld <= 29.490716012837936,0.05693028575300656
