feature,value,importance,min,max,rule,importance_ratio
ns,1,0.21742240388812767,1.0,7.0,ns <= 1.4973267047410423,0.4354959167497603
la,1574,0.11151209099849992,0.0,9176.0,la > 135.835850879889,0.22335812423020587
aexp,0,-0.05557246028515694,0.0,726.0,aexp <= 6.308411975636886,0.11131134190925755
nd,5,0.032415914358149306,1.0,40.0,3.5069244908215746 < nd <= 5.487575744339811,0.06492890377547154
ld,1069,0.028501240587562645,0.0,8304.0,29.490716012837936 < ld <= 4621.051880819136,0.057087833066976026
