feature,value,importance,min,max,rule,importance_ratio
ns,1,0.22180108317324665,1.0,7.0,ns <= 1.4973267047410423,0.44859857296658195
la,322,0.11342647639190435,0.0,9176.0,la > 135.835850879889,0.22940805661571909
nd,2,-0.0400631384167428,1.0,40.0,1.4991410283510338 < nd <= 2.5030327595863042,0.0810287599374594
age,0.0,-0.032209895633985096,0.0,511.03030303030295,age <= 0.8968766560903667,0.06514536813836042
aexp,67,-0.03193842686142723,0.0,726.0,54.40945181062462 < aexp <= 149.15392421287316,0.06459631534640752
