feature,value,importance,min,max,rule,importance_ratio
ns,1,0.216213735050886,1.0,7.0,ns <= 1.4973267047410423,0.42767113410904867
nd,1,-0.09432268353461558,1.0,40.0,nd <= 1.4991410283510338,0.18657042777584926
aexp,441,0.07968783875743993,0.0,726.0,aexp > 398.4047669941732,0.15762268002110297
la,29,-0.031185324678146113,0.0,9176.0,24.555072185608623 < la <= 36.91960315163976,0.061684625028667894
ld,4,0.030529463466166147,0.0,8304.0,1.9137720800673748 < ld <= 15.702244046452648,0.060387330440608566
