feature,value,importance,min,max,rule,importance_ratio
ns,1,0.22290092111142165,1.0,7.0,ns <= 1.4973267047410423,0.42720742619000174
la,1165,0.11455977658174607,0.0,9176.0,la > 135.835850879889,0.21956296570854145
aexp,25,-0.05920775530686452,0.0,726.0,6.308411975636886 < aexp <= 54.40945181062462,0.11347639403647544
nd,7,0.04813426100333911,1.0,40.0,5.487575744339811 < nd <= 12.487685654034399,0.0922531573771078
age,127.421052631579,0.028697270874450818,0.0,511.03030303030295,84.25039107908812 < age <= 379.6012832253171,0.055000612683978885
