feature,value,importance,min,max,rule,importance_ratio
ns,2,-0.21135657838170147,1.0,7.0,1.4973267047410423 < ns <= 2.502438908657955,0.4048431862852609
la,187,0.12036454186329229,0.0,9176.0,la > 135.835850879889,0.23055239168235747
aexp,27,-0.06318741862392331,0.0,726.0,6.308411975636886 < aexp <= 54.40945181062462,0.12103240923332653
nd,10,0.05332967424131628,1.0,40.0,5.487575744339811 < nd <= 12.487685654034399,0.10215038211121366
nuc,94.9411764705882,-0.025935173024683,0.0,2086.0,11.446877959457481 < nuc <= 113.47699669467761,0.04967755517507583
