feature,value,importance,min,max,rule,importance_ratio
ns,2,-0.20564969568376468,1.0,7.0,1.4973267047410423 < ns <= 2.502438908657955,0.3887914992527698
la,1613,0.11805305413877329,0.0,9176.0,la > 135.835850879889,0.22318546962773625
aexp,393,0.0823616755472877,0.0,726.0,315.32115273373984 < aexp <= 398.4047669941732,0.1557090527682612
nd,12,0.05301014392210135,1.0,40.0,5.487575744339811 < nd <= 12.487685654034399,0.10021844799017597
nuc,47.3448275862069,-0.02415511250414224,0.0,2086.0,11.446877959457481 < nuc <= 113.47699669467761,0.04566650280653053
