feature,value,importance,min,max,rule,importance_ratio
ns,1,0.22030580176537415,1.0,7.0,ns <= 1.4973267047410423,0.4313459960443041
la,164,0.11252130036065208,0.0,9176.0,la > 135.835850879889,0.2203101869825301
aexp,317,0.07281477322666648,0.0,726.0,315.32115273373984 < aexp <= 398.4047669941732,0.14256710732314945
nd,2,-0.03777835047848765,1.0,40.0,1.4991410283510338 < nd <= 2.5030327595863042,0.07396782148029325
ld,104,0.028887960856918093,0.0,8304.0,29.490716012837936 < ld <= 4621.051880819136,0.056560953681950084
