feature,value,importance,min,max,rule,importance_ratio
ns,1,0.22418962266451423,1.0,7.0,ns <= 1.4973267047410423,0.4977674161003334
aexp,392,0.07335651866258198,0.0,726.0,315.32115273373984 < aexp <= 398.4047669941732,0.16287321560566148
nd,2,-0.04161474875770718,1.0,40.0,1.4991410283510338 < nd <= 2.5030327595863042,0.09239707759259834
la,130,0.038997693283815874,0.0,9176.0,92.55999249877996 < la <= 135.835850879889,0.0865864386988459
ld,117,0.029405866236713187,0.0,8304.0,29.490716012837936 < ld <= 4621.051880819136,0.06528973946641829
