feature,value,importance,min,max,rule,importance_ratio
ns,1,0.21992957968547378,1.0,7.0,ns <= 1.4973267047410423,0.49120438920229526
la,218,0.11235427606493806,0.0,9176.0,la > 135.835850879889,0.25093902160714743
aexp,70,-0.02991823840898142,0.0,726.0,54.40945181062462 < aexp <= 149.15392421287316,0.06682125271511638
ld,35,0.02640818393148654,0.0,8304.0,29.490716012837936 < ld <= 4621.051880819136,0.05898167893813555
nuc,7.625,-0.024981971503972654,0.0,2086.0,1.5729955012103574 < nuc <= 11.446877959457481,0.05579628748087196
