feature,value,importance,min,max,rule,importance_ratio
ns,1,0.21745715227503856,1.0,7.0,ns <= 1.4973267047410423,0.4910911100954191
aexp,288,0.08765969017205251,0.0,726.0,185.59410590604568 < aexp <= 289.08422191465564,0.1979649512873496
nd,7,0.05214161392912483,1.0,40.0,5.487575744339811 < nd <= 12.487685654034399,0.11775323459691958
ld,17,0.032358151884044076,0.0,8304.0,15.702244046452648 < ld <= 29.490716012837936,0.07307554873740271
age,75.28571428571429,0.02007196863609878,0.0,511.03030303030295,9.569496653858916 < age <= 84.25039107908812,0.0453292304078134
