feature,value,importance,min,max,rule,importance_ratio
ns,1,0.21925634092167645,1.0,7.0,ns <= 1.4973267047410423,0.6030573080287283
ld,13,0.0318893130449361,0.0,8304.0,1.9137720800673748 < ld <= 15.702244046452648,0.08771049995144437
aexp,133,-0.031217949910161934,0.0,726.0,54.40945181062462 < aexp <= 149.15392421287316,0.08586393787226022
nuc,160.0,0.030194554797145005,0.0,2086.0,113.47699669467761 < nuc <= 1752.541484763698,0.08304912348964581
age,17.25,0.018878854180517393,0.0,511.03030303030295,9.569496653858916 < age <= 84.25039107908812,0.05192566350834398
