feature,value,importance,min,max,rule,importance_ratio
ns,1,0.2281297907720336,1.0,7.0,ns <= 1.4973267047410423,0.43433924693357134
la,9,-0.12643299708323377,0.0,9176.0,6.00827573656187 < la <= 12.190541219577483,0.24071741158769422
aexp,24,-0.058145112674318,0.0,726.0,6.308411975636886 < aexp <= 54.40945181062462,0.11070322892229166
nd,2,-0.04146228275508826,1.0,40.0,1.4991410283510338 < nd <= 2.5030327595863042,0.07894057416634215
ld,7,0.02901289078357326,0.0,8304.0,1.9137720800673748 < ld <= 15.702244046452648,0.0552380164451892
