feature,value,importance,min,max,rule,importance_ratio
ns,1,0.21376577575283362,1.0,7.0,ns <= 1.4973267047410423,0.4984292677643843
aexp,296,0.08130678103006413,0.0,726.0,289.08422191465564 < aexp <= 315.32115273373984,0.18957982956051744
ld,15,0.03493725598966554,0.0,8304.0,15.702244046452648 < ld <= 29.490716012837936,0.08146182829921506
nd,4,0.03417605004992031,1.0,40.0,3.5069244908215746 < nd <= 5.487575744339811,0.07968695429130182
nuc,126.333333333333,0.02942460806178907,0.0,2086.0,113.47699669467761 < nuc <= 1752.541484763698,0.0686082035294984
