feature,value,importance,min,max,rule,importance_ratio
ns,1,0.2197207102103979,1.0,7.0,ns <= 1.4973267047410423,0.4589136238795173
la,233,0.11265768666609953,0.0,9176.0,la > 135.835850879889,0.23529938163915642
nd,6,0.05065776504558529,1.0,40.0,5.487575744339811 < nd <= 12.487685654034399,0.10580494898476138
aexp,88,-0.030610606184392465,0.0,726.0,54.40945181062462 < aexp <= 149.15392421287316,0.06393400148659965
ld,297,0.02559796512978554,0.0,8304.0,29.490716012837936 < ld <= 4621.051880819136,0.05346448648560523
