feature,value,importance,min,max,rule,importance_ratio
ns,1,0.21614871107644054,1.0,7.0,ns <= 1.4973267047410423,0.4151507793742488
la,203,0.1114475143039828,0.0,9176.0,la > 135.835850879889,0.21405412131400028
aexp,519,0.07505739110023875,0.0,726.0,aexp > 398.4047669941732,0.1441606302340716
nd,2,-0.037484123751631675,1.0,40.0,1.4991410283510338 < nd <= 2.5030327595863042,0.07199470731124262
nuc,189.0,0.030502469390694398,0.0,2086.0,113.47699669467761 < nuc <= 1752.541484763698,0.05858523919630342
