feature,value,importance,min,max,rule,importance_ratio
ns,2,-0.21120153877531625,1.0,7.0,1.4973267047410423 < ns <= 2.502438908657955,0.43162049175851225
la,519,0.11763830176520138,0.0,9176.0,la > 135.835850879889,0.2404106615508557
aexp,0,-0.06297194832631661,0.0,726.0,aexp <= 6.308411975636886,0.12869216512911602
nd,5,0.03684575156457223,1.0,40.0,3.5069244908215746 < nd <= 5.487575744339811,0.0752995527481986
nuc,15.7142857142857,-0.025140634051087716,0.0,2086.0,11.446877959457481 < nuc <= 113.47699669467761,0.05137847430077291
