feature,value,importance,min,max,rule,importance_ratio
ns,1,0.22988375825631424,1.0,7.0,ns <= 1.4973267047410423,0.5380711002438467
aexp,14,-0.05906942905934361,0.0,726.0,6.308411975636886 < aexp <= 54.40945181062462,0.13825923556243178
nd,2,-0.041652669542121046,1.0,40.0,1.4991410283510338 < nd <= 2.5030327595863042,0.09749317611048253
ld,30,0.02995814887925858,0.0,8304.0,29.490716012837936 < ld <= 4621.051880819136,0.07012071775318154
age,134.8,0.028007568333580046,0.0,511.03030303030295,84.25039107908812 < age <= 379.6012832253171,0.06555514501203438
