feature,value,importance,min,max,rule,importance_ratio
ns,1,0.22041428869412083,1.0,7.0,ns <= 1.4973267047410423,0.4713540341027102
la,812,0.11378333352708109,0.0,9176.0,la > 135.835850879889,0.24332466642428877
aexp,3,-0.055363156762929515,0.0,726.0,aexp <= 6.308411975636886,0.11839362790622761
ld,24,0.032659469365547276,0.0,8304.0,15.702244046452648 < ld <= 29.490716012837936,0.06984199040955916
nuc,28.8,-0.01969052814630788,0.0,2086.0,11.446877959457481 < nuc <= 113.47699669467761,0.042108022716508854
