feature,value,importance,min,max,rule,importance_ratio
ns,1,0.2135239968799458,1.0,7.0,ns <= 1.4973267047410423,0.41643363344972023
la,4861,0.11008683376758577,0.0,9176.0,la > 135.835850879889,0.2147012085324858
aexp,195,0.08468278125742941,0.0,726.0,185.59410590604568 < aexp <= 289.08422191465564,0.1651559487690129
nd,5,0.031332620617995105,1.0,40.0,3.5069244908215746 < nd <= 5.487575744339811,0.06110768456994346
ld,148,0.02749046440135854,0.0,8304.0,29.490716012837936 < ld <= 4621.051880819136,0.053614367205361724
