feature,value,importance,min,max,rule,importance_ratio
ns,1,0.22324342425881175,1.0,7.0,ns <= 1.4973267047410423,0.489979814790664
nd,1,-0.09553471650158779,1.0,40.0,nd <= 1.4991410283510338,0.20968179848047155
la,30,-0.036366787032373234,0.0,9176.0,24.555072185608623 < la <= 36.91960315163976,0.07981866267198871
aexp,78,-0.0324546914209067,0.0,726.0,54.40945181062462 < aexp <= 149.15392421287316,0.07123230502443942
ld,3,0.02997054093917784,0.0,8304.0,1.9137720800673748 < ld <= 15.702244046452648,0.06578003427115384
