feature,value,importance,min,max,rule,importance_ratio
ns,1,0.22459930883540027,1.0,7.0,ns <= 1.4973267047410423,0.4954403089197406
aexp,444,0.07999056109027813,0.0,726.0,aexp > 398.4047669941732,0.1764500011274496
la,105,0.04168337139792085,0.0,9176.0,92.55999249877996 < la <= 135.835850879889,0.09194873532463506
nd,2,-0.04113098889433938,1.0,40.0,1.4991410283510338 < nd <= 2.5030327595863042,0.09073024289188751
ld,46,0.02782743130033958,0.0,8304.0,29.490716012837936 < ld <= 4621.051880819136,0.06138412104369791
