feature,value,importance,min,max,rule,importance_ratio
ns,1,0.21761753714930143,1.0,7.0,ns <= 1.4973267047410423,0.5238863733964454
aexp,312,0.07899858855477815,0.0,726.0,289.08422191465564 < aexp <= 315.32115273373984,0.1901789929412107
ld,9,0.03162924154231366,0.0,8304.0,1.9137720800673748 < ld <= 15.702244046452648,0.07614335159723172
nuc,133.5,0.028638109379558505,0.0,2086.0,113.47699669467761 < nuc <= 1752.541484763698,0.068942583673734
age,104.5,0.024460413763736023,0.0,511.03030303030295,84.25039107908812 < age <= 379.6012832253171,0.05888531607481845
