feature,value,importance,min,max,rule,importance_ratio
ns,2,-0.2074627185247357,1.0,7.0,1.4973267047410423 < ns <= 2.502438908657955,0.46258874889859636
aexp,316,0.07976422939178258,0.0,726.0,315.32115273373984 < aexp <= 398.4047669941732,0.17785381076458814
la,130,0.04330491793506187,0.0,9176.0,92.55999249877996 < la <= 135.835850879889,0.09655888031925218
nd,5,0.03999797154723595,1.0,40.0,3.5069244908215746 < nd <= 5.487575744339811,0.08918523649978816
ld,19,0.033302062758703135,0.0,8304.0,15.702244046452648 < ld <= 29.490716012837936,0.07425507414940324
