feature,value,importance,min,max,rule,importance_ratio
ns,1,0.22735733203202674,1.0,7.0,ns <= 1.4973267047410423,0.5853732790294949
nd,2,-0.04159378433387007,1.0,40.0,1.4991410283510338 < nd <= 2.5030327595863042,0.10709084991960316
aexp,136,-0.03226777892100606,0.0,726.0,54.40945181062462 < aexp <= 149.15392421287316,0.08307933324678253
ld,9,0.030620288218348717,0.0,8304.0,1.9137720800673748 < ld <= 15.702244046452648,0.07883756533824073
age,180.25,0.024276593286997054,0.0,511.03030303030295,84.25039107908812 < age <= 379.6012832253171,0.06250455566602564
