feature,value,importance,min,max,rule,importance_ratio
ns,1,0.22006709099023078,1.0,7.0,ns <= 1.4973267047410423,0.5323242413060368
nd,7,0.05277524289122258,1.0,40.0,5.487575744339811 < nd <= 12.487685654034399,0.12765898347363078
la,117,0.038682974702365536,0.0,9176.0,92.55999249877996 < la <= 135.835850879889,0.09357094269406899
ld,24,0.032451631213137405,0.0,8304.0,15.702244046452648 < ld <= 29.490716012837936,0.07849783394212057
aexp,97,-0.03134833885256801,0.0,726.0,54.40945181062462 < aexp <= 149.15392421287316,0.07582906022345073
