feature,value,importance,min,max,rule,importance_ratio
ns,1,0.2218664230902977,1.0,7.0,ns <= 1.4973267047410423,0.4404927198256035
nd,1,-0.09450562129835503,1.0,40.0,nd <= 1.4991410283510338,0.18763108714101473
aexp,575,0.08198639278255063,0.0,726.0,aexp > 398.4047669941732,0.16277546030828516
la,108,0.03997362181709817,0.0,9176.0,92.55999249877996 < la <= 135.835850879889,0.07936347082283522
ld,39,0.02721966086194192,0.0,8304.0,29.490716012837936 < ld <= 4621.051880819136,0.054041807132427046
