feature,value,importance,min,max,rule,importance_ratio
ns,1,0.21778171441578656,1.0,7.0,ns <= 1.4973267047410423,0.46360519952709456
la,249,0.11328194583084117,0.0,9176.0,la > 135.835850879889,0.24115017755557583
nd,4,0.03157342522418408,1.0,40.0,3.5069244908215746 < nd <= 5.487575744339811,0.06721227326214221
aexp,104,-0.031064589723626333,0.0,726.0,54.40945181062462 < aexp <= 149.15392421287316,0.0661290841413505
ld,10,0.028892340505685146,0.0,8304.0,1.9137720800673748 < ld <= 15.702244046452648,0.06150488492973296
