feature,value,importance,min,max,rule,importance_ratio
ns,1,0.21694872680310745,1.0,7.0,ns <= 1.4973267047410423,0.4714773880486697
nd,1,-0.09274742471218632,1.0,40.0,nd <= 1.4991410283510338,0.20156059081751615
la,119,0.03813431278797795,0.0,9176.0,92.55999249877996 < la <= 135.835850879889,0.08287426459351453
aexp,86,-0.03210456477635887,0.0,726.0,54.40945181062462 < aexp <= 149.15392421287316,0.06977029350780313
ld,4,0.03112758292649569,0.0,8304.0,1.9137720800673748 < ld <= 15.702244046452648,0.0676470966698586
