feature,value,importance,min,max,rule,importance_ratio
ns,2,-0.20905373746387207,1.0,7.0,1.4973267047410423 < ns <= 2.502438908657955,0.4309801517666056
la,421,0.11865473702133524,0.0,9176.0,la > 135.835850879889,0.24461574899190308
nd,8,0.05469702157804734,1.0,40.0,5.487575744339811 < nd <= 12.487685654034399,0.11276206274457065
aexp,99,-0.034464569966923174,0.0,726.0,54.40945181062462 < aexp <= 149.15392421287316,0.07105132764001544
nuc,80.304347826087,-0.025097043861170044,0.0,2086.0,11.446877959457481 < nuc <= 113.47699669467761,0.05173946136241387
