feature,value,importance,min,max,rule,importance_ratio
ns,3,-0.13341616080780064,1.0,7.0,2.502438908657955 < ns <= 5.49780640377458,0.3131522589428685
la,2016,0.12030354914217448,0.0,9176.0,la > 135.835850879889,0.2823745485150673
aexp,25,-0.056927823544033106,0.0,726.0,6.308411975636886 < aexp <= 54.40945181062462,0.13362006845030322
nd,15,0.045671159464596406,1.0,40.0,nd > 12.487685654034399,0.10719860823668759
nuc,52.21875,-0.026280930196221675,0.0,2086.0,11.446877959457481 < nuc <= 113.47699669467761,0.06168617510979577
