feature,value,importance,min,max,rule,importance_ratio
ns,1,0.21684729695718882,1.0,7.0,ns <= 1.4973267047410423,0.45044098811904243
la,1639,0.11362142561979058,0.0,9176.0,la > 135.835850879889,0.2360174553514353
nd,8,0.05022558357620666,1.0,40.0,5.487575744339811 < nd <= 12.487685654034399,0.10432992161939914
ld,16,0.03102876558213046,0.0,8304.0,15.702244046452648 < ld <= 29.490716012837936,0.06445377934172876
aexp,55,-0.03058504608566845,0.0,726.0,54.40945181062462 < aexp <= 149.15392421287316,0.06353207337057483
