feature,value,importance,min,max,rule,importance_ratio
ns,1,0.2182845109093733,1.0,7.0,ns <= 1.4973267047410423,0.35857218061038737
ld,0,-0.14624103054976648,0.0,8304.0,ld <= 1.9137720800673748,0.2402276047919455
nd,1,-0.0873130175053814,1.0,40.0,nd <= 1.4991410283510338,0.14342757968555955
aexp,524,0.08037927311103066,0.0,726.0,aexp > 398.4047669941732,0.1320376380130163
nuc,2.0,-0.049357282937997606,0.0,2086.0,1.5729955012103574 < nuc <= 1.5729955012103574,0.0810783527349292
