feature,value,importance,min,max,rule,importance_ratio
ns,1,0.22785667855011296,1.0,7.0,ns <= 1.4973267047410423,0.5678926487468773
aexp,9,-0.05954941673165047,0.0,726.0,6.308411975636886 < aexp <= 54.40945181062462,0.148416435341091
ld,3,0.03036900988304776,0.0,8304.0,1.9137720800673748 < ld <= 15.702244046452648,0.07568940955360702
age,234.5,0.028164264884149866,0.0,511.03030303030295,84.25039107908812 < age <= 379.6012832253171,0.07019447087020922
nuc,45.25,-0.020025722571049363,0.0,2086.0,11.446877959457481 < nuc <= 113.47699669467761,0.049910587244174985
