feature,value,importance,min,max,rule,importance_ratio
ns,1,0.22012369539351967,1.0,7.0,ns <= 1.4973267047410423,0.40855824027003057
ld,0,-0.14849016749370833,0.0,8304.0,ld <= 1.9137720800673748,0.2756035937892835
nd,2,-0.04639670521308023,1.0,40.0,1.4991410283510338 < nd <= 2.5030327595863042,0.0861141105336062
la,99,0.0401203015331711,0.0,9176.0,92.55999249877996 < la <= 135.835850879889,0.07446485833427433
aexp,126,-0.03235557277969525,0.0,726.0,54.40945181062462 < aexp <= 149.15392421287316,0.060053216234486125
