feature,value,importance,min,max,rule,importance_ratio
ns,3,-0.13383052823918187,1.0,7.0,2.502438908657955 < ns <= 5.49780640377458,0.312727881469323
la,683,0.12060240044199114,0.0,9176.0,la > 135.835850879889,0.2818171136777798
aexp,51,-0.05754989661479642,0.0,726.0,6.308411975636886 < aexp <= 54.40945181062462,0.13447946058285595
nd,28,0.0440098083544503,1.0,40.0,nd > 12.487685654034399,0.1028397205902136
nuc,45.71875,-0.02622203570503799,0.0,2086.0,11.446877959457481 < nuc <= 113.47699669467761,0.06127422331617636
