feature,value,importance,min,max,rule,importance_ratio
ns,2,-0.2153640982055552,1.0,7.0,1.4973267047410423 < ns <= 2.502438908657955,0.48326034979194565
aexp,28,-0.06434552488969994,0.0,726.0,6.308411975636886 < aexp <= 54.40945181062462,0.1443863723101302
nd,7,0.05363694897062678,1.0,40.0,5.487575744339811 < nd <= 12.487685654034399,0.12035715765669447
ld,23,0.03418582282130536,0.0,8304.0,15.702244046452648 < ld <= 29.490716012837936,0.07671033766631474
age,96.7777777777778,0.03189956088902757,0.0,511.03030303030295,84.25039107908812 < age <= 379.6012832253171,0.0715801430316731
