feature,value,importance,min,max,rule,importance_ratio
ns,1,0.22298349282680108,1.0,7.0,ns <= 1.4973267047410423,0.5087153072574386
aexp,0,-0.054951481429500564,0.0,726.0,aexp <= 6.308411975636886,0.12536649868236283
nd,6,0.05020029454436021,1.0,40.0,5.487575744339811 < nd <= 12.487685654034399,0.11452712458578314
la,135,0.03916085376036082,0.0,9176.0,92.55999249877996 < la <= 135.835850879889,0.08934170642236493
ld,39,0.02806365862147162,0.0,8304.0,29.490716012837936 < ld <= 4621.051880819136,0.0640245272751144
