feature,value,importance,min,max,rule,importance_ratio
la,438.0,0.3183296949985013,0.0,5956.0,165.96883678608913 < la <= 871.1234134540887,0.5868710444065408
ns,1.0,-0.13677148107072687,1.0,9.0,ns <= 1.4964454190361633,0.2521512230939838
age,131.0,-0.036800872047231974,0.0,829.533333333333,98.2860137036514 < age <= 143.09528339386998,0.06784590489910841
asexp,57.0,-0.022795675992715713,0.0,197.0,1.1438006319502207 < asexp <= 115.31620119105196,0.042025995023370864
aexp,71.0,0.020118163215138745,0.0,403.0,6.128482956425856 < aexp <= 259.48003416260264,0.037089745767090045
