feature,value,importance,min,max,rule,importance_ratio
la,559.0,0.3128587725507119,0.0,5956.0,165.96883678608913 < la <= 871.1234134540887,0.4941485074500113
ns,4.0,0.16773241926413224,1.0,9.0,2.4958440955958925 < ns <= 6.503048404494037,0.26492696354523837
asexp,0.269856770542295,0.06137755677990931,0.0,197.0,-0.15854614248820553 < asexp <= 1.1438006319502207,0.0969435116888222
aexp,66.0,-0.0432815358715253,0.0,403.0,6.128482956425856 < aexp <= 259.48003416260264,0.0683615363465367
nuc,43.4285714285714,-0.03917989854959946,0.0,209.0,9.185789996399661 < nuc <= 67.67536906540971,0.06188315651973359
