feature,value,importance,min,max,rule,importance_ratio
la,206,0.32087292762464686,0.0,5956.0,165.96883678608913 < la <= 871.1234134540887,0.6883074499941533
aexp,39,-0.06071551323761397,0.0,403.0,6.128482956425856 < aexp <= 259.48003416260264,0.13024140241757898
ns,2,0.046396120402672866,1.0,9.0,1.4964454190361633 < ns <= 2.4958440955958925,0.09952474196060065
age,96.8461538461538,0.02874732996241525,0.0,829.533333333333,6.825997486629916 < age <= 98.2860137036514,0.06166616026802095
asexp,1.00049205541654,0.008786042239254574,0.0,197.0,1.1438006319502207 < asexp <= 115.31620119105196,0.018847019516450212
