feature,value,importance,min,max,rule,importance_ratio
la,1023,0.40663603291177247,0.0,5956.0,la > 871.1234134540887,0.6940636892536322
ns,3,0.08280827587934601,1.0,9.0,2.4958440955958925 < ns <= 6.503048404494037,0.14134068996787993
nuc,64.2173913043478,0.03463689349704715,0.0,209.0,9.185789996399661 < nuc <= 67.67536906540971,0.05911972412455064
asexp,0.384773631577357,0.03071298752145303,0.0,197.0,-0.15854614248820553 < asexp <= 1.1438006319502207,0.05242223438611389
age,18.0869565217391,0.018935179811734145,0.0,829.533333333333,6.825997486629916 < age <= 98.2860137036514,0.03231937087007868
