feature,value,importance,min,max,rule,importance_ratio
la,198.0,0.3173989538853091,0.0,5956.0,165.96883678608913 < la <= 871.1234134540887,0.5163014382094074
ns,3.0,0.13910144500892696,1.0,9.0,2.4958440955958925 < ns <= 6.503048404494037,0.22627130693400788
nuc,72.5714285714286,-0.10924554992426629,0.0,209.0,70.07905039701288 < nuc <= 135.51259775732092,0.1777057985019621
asexp,0.500005647608916,-0.020202740280650878,0.0,197.0,-0.15854614248820553 < asexp <= 1.1438006319502207,0.032863069443008534
age,37.9523809523809,-0.0176558665415538,0.0,829.533333333333,6.825997486629916 < age <= 98.2860137036514,0.02872016172911372
