feature,value,importance,min,max,rule,importance_ratio
ns,3.0,0.2091668735885509,1.0,9.0,2.4958440955958925 < ns <= 6.503048404494037,0.5460904711840443
la,84.0,-0.09411074540143169,0.0,5956.0,63.23108389406272 < la <= 105.26016462261896,0.24570325318742317
nuc,46.2903225806452,-0.028141213027199977,0.0,209.0,9.185789996399661 < nuc <= 67.67536906540971,0.07347075575620868
asexp,0.179049665594738,0.022502677946735928,0.0,197.0,-0.15854614248820553 < asexp <= 1.1438006319502207,0.05874973312938811
aexp,13.0,0.0206308425971302,0.0,403.0,6.128482956425856 < aexp <= 259.48003416260264,0.05386276689755601
