feature,value,importance,min,max,rule,importance_ratio
la,232,0.32362142114044956,0.0,5956.0,165.96883678608913 < la <= 871.1234134540887,0.5348382370016234
ns,1,-0.1618175863262513,1.0,9.0,ns <= 1.4964454190361633,0.2674304818315156
age,103.777777777778,-0.053984084711943894,0.0,829.533333333333,98.2860137036514 < age <= 143.09528339386998,0.08921768093018718
nuc,21.3333333333333,-0.02929134744634599,0.0,209.0,9.185789996399661 < nuc <= 67.67536906540971,0.04840882464577861
asexp,2.0,-0.021715295387495292,0.0,197.0,1.1438006319502207 < asexp <= 115.31620119105196,0.03588813824526465
