feature,value,importance,min,max,rule,importance_ratio
la,4833.0,0.31887325142223844,0.0,5956.0,la > 871.1234134540887,0.5141415954631555
ns,3.0,0.23370244720715147,1.0,9.0,2.4958440955958925 < ns <= 6.503048404494037,0.3768147642826994
asexp,0.371054984383822,0.02967190672634344,0.0,197.0,-0.15854614248820553 < asexp <= 1.1438006319502207,0.04784208583402119
aexp,37.0,0.028772287372131587,0.0,403.0,6.128482956425856 < aexp <= 259.48003416260264,0.0463915667703461
nuc,21.5909090909091,-0.007370537387425989,0.0,209.0,9.185789996399661 < nuc <= 67.67536906540971,0.01188403177403595
