feature,value,importance,min,max,rule,importance_ratio
la,383.0,0.31935294882442555,0.0,5956.0,165.96883678608913 < la <= 871.1234134540887,0.6605453517122156
ns,1.0,-0.1019182760698264,1.0,9.0,ns <= 1.4964454190361633,0.21080639386692615
asexp,0.0,-0.025841337726964876,0.0,197.0,asexp <= -0.15854614248820553,0.05344987600836776
nuc,67.5,0.020406379051577595,0.0,209.0,9.185789996399661 < nuc <= 67.67536906540971,0.04220828045401205
age,11.0,0.013945151441180002,0.0,829.533333333333,6.825997486629916 < age <= 98.2860137036514,0.02884396401317909
