feature,value,importance,min,max,rule,importance_ratio
la,356.0,0.3169713884506151,0.0,5956.0,165.96883678608913 < la <= 871.1234134540887,0.6260077490838946
ns,1.0,-0.13516049443107414,1.0,9.0,ns <= 1.4964454190361633,0.26693739550895035
aexp,90.0,0.022353007714006175,0.0,403.0,6.128482956425856 < aexp <= 259.48003416260264,0.04414643262503834
age,70.07692307692311,-0.017343602634669334,0.0,829.533333333333,6.825997486629916 < age <= 98.2860137036514,0.03425302737703228
nuc,47.53846153846151,-0.012339579742729619,0.0,209.0,9.185789996399661 < nuc <= 67.67536906540971,0.02437025176671715
