feature,value,importance,min,max,rule,importance_ratio
la,267.0,0.2919799507357872,0.0,5956.0,165.96883678608913 < la <= 871.1234134540887,0.6082207713149715
nuc,72.6666666666667,-0.0678403212490743,0.0,209.0,70.07905039701288 < nuc <= 135.51259775732092,0.14131755421010167
ns,2.0,0.05223789766159621,1.0,9.0,1.4964454190361633 < ns <= 2.4958440955958925,0.10881628799355215
aexp,267.0,0.04506850726346912,0.0,403.0,259.48003416260264 < aexp <= 312.2223645252268,0.09388179626965674
asexp,1.00109722403067,-0.01675179893755898,0.0,197.0,1.1438006319502207 < asexp <= 115.31620119105196,0.034895519521254
