feature,value,importance,min,max,rule,importance_ratio
la,2354,0.40961774415290014,0.0,5956.0,la > 871.1234134540887,0.5483859512063881
ns,4,0.1918086474263568,1.0,9.0,2.4958440955958925 < ns <= 6.503048404494037,0.25678860125075637
nuc,46.0615384615385,-0.08326442491668261,0.0,209.0,9.185789996399661 < nuc <= 67.67536906540971,0.11147232147869
aexp,447,-0.026346783944856143,0.0,403.0,aexp > 312.2223645252268,0.03527241283140306
asexp,0.140625003760094,-0.02150100908721257,0.0,197.0,-0.15854614248820553 < asexp <= 1.1438006319502207,0.02878501111950616
