commit_id,label,pred,score_or_proba,feature,value_actual,min,max,operator,threshold
,True,True,0.8033333333333335,ld,52.0,0.0,9293.0,<,4.585000038146973
,True,True,0.8033333333333335,arexp,34.0,0.0,2480.61666666637,<,192.9199981689453
,True,True,0.8033333333333335,la,150.0,0.0,8851.0,<,37.540000915527344
,True,True,0.8033333333333335,ent,1.63477141464668,0.0,6.25828457562083,<,1.1600000262260437
