commit_id,label,pred,score_or_proba,feature,value_actual,min,max,operator,threshold
,True,True,0.53,asexp,1.15703902668251,0.0,3637.0,>,0.9549999833106996
,True,True,0.53,la,55.0,0.0,8851.0,<,36.0
,True,True,0.53,ld,16.0,0.0,9293.0,>,14.0
,True,True,0.53,arexp,53.0,0.0,2480.61666666637,<,310.2149963378906
,True,True,0.53,ent,3.55371159413661,0.0,6.25828457562083,>,3.240000009536743
