commit_id,label,pred,score_or_proba,feature,value_actual,min,max,operator,threshold
,True,True,0.65,ld,5.0,0.0,9293.0,<,2.5
,True,True,0.65,ent,0.297221332343726,0.0,6.25828457562083,<,1.100000023841858
,True,True,0.65,la,764.0,0.0,8851.0,<,24.5
,True,True,0.65,asexp,1.48209948469796,0.0,3637.0,<,0.7199999988079071
,True,True,0.65,ndev,25.4,0.0,57.5,>,29.999999046325684
