commit_id,label,pred,score_or_proba,feature,value_actual,min,max,operator,threshold
,True,False,0.5,ld,2.0,0.0,9293.0,<,11.235000133514404
,True,False,0.5,ent,0.744194213826323,0.0,6.25828457562083,>,0.7899999916553497
,True,False,0.5,arexp,87.5,0.0,2480.61666666637,<,282.6499938964844
,True,False,0.5,asexp,1.4098538738451103,0.0,3637.0,<,1.5049999952316284
