commit_id,label,pred,score_or_proba,feature,value_actual,min,max,operator,threshold
,True,True,0.8216666666666668,ld,77.0,0.0,9293.0,<,44.03499984741211
,True,True,0.8216666666666668,nuc,407.666666666667,0.0,2540.0,>,372.7100067138672
,True,True,0.8216666666666668,arexp,12.0,0.0,2480.61666666637,<,4.015000104904175
,True,True,0.8216666666666668,la,540.0,0.0,8851.0,>,11.5
