commit_id,label,pred,score_or_proba,feature,value_actual,min,max,operator,threshold
,True,True,0.5833333333333334,ld,1.0,0.0,9293.0,<,4.574999809265137
,True,True,0.5833333333333334,ndev,33.6666666666667,0.0,57.5,<,34.834999084472656
,True,True,0.5833333333333334,la,77.0,0.0,8851.0,<,73.0
,True,True,0.5833333333333334,age,54.0,0.0,918.0,>,3.84499990940094
,True,True,0.5833333333333334,asexp,1.4254120125038,0.0,3637.0,>,198.5199999809265
