feature,value,importance,min,max,rule,importance_ratio
la,184.0,0.12731923096910658,0.0,9292.0,65.15107396812635 < la <= 480.69791970095315,0.2751227275340375
age,72.5625,0.11438055144199405,0.0,403.0,14.27436946001454 < age <= 197.77682519321624,0.247163677081936
ld,228.0,0.0927362728952978,0.0,3456.0,ld > 193.112153175861,0.2003927933438899
aexp,128.0,-0.06337687634778227,0.0,1247.0,80.770405947798 < aexp <= 166.80503056010588,0.1369503958724048
nuc,31.3125,0.03678835650796883,0.0,125.0,28.93046147751111 < nuc <= 95.74074131209468,0.0794955554390902
