feature,value,importance,min,max,rule,importance_ratio
ld,165.0,0.1379469155352175,0.0,3456.0,139.15116184777366 < ld <= 193.112153175861,0.2873469337459874
age,0.0,-0.10366301590041478,0.0,403.0,age <= 0.07020447648219275,0.21593269879413224
la,205.0,0.09403501178931996,0.0,9292.0,65.15107396812635 < la <= 480.69791970095315,0.19587732134199518
nuc,30.5,0.061197653902961405,0.0,125.0,28.93046147751111 < nuc <= 95.74074131209468,0.12747626964500502
aexp,117.0,-0.041684076093548926,0.0,1247.0,80.770405947798 < aexp <= 166.80503056010588,0.08682899073925143
