feature,value,importance,min,max,rule,importance_ratio
la,189,0.32204676989686465,0.0,9292.0,65.15107396812635 < la <= 480.69791970095315,0.4487249770191095
ld,264,0.2236461954322997,0.0,3456.0,ld > 193.112153175861,0.31161819737520985
aexp,290,-0.08889952868440035,0.0,1247.0,166.80503056010588 < aexp <= 797.7256110503639,0.12386846475340346
asexp,0.253907366434888,-0.03136396142907369,0.0,318.0,0.2638783839317753 < asexp <= 0.7887405624411663,0.04370108377735462
nuc,52.125,0.02879208338177615,0.0,125.0,28.93046147751111 < nuc <= 95.74074131209468,0.040117548634185415
