feature,value,importance,min,max,rule,importance_ratio
la,2706.0,0.1561786192950835,0.0,9292.0,la > 1397.941566989266,0.3190440882266851
age,21.25,0.12457445351310413,0.0,403.0,14.27436946001454 < age <= 197.77682519321624,0.25448261174810527
nuc,12.055555555555598,0.0880215102798614,0.0,125.0,10.97910124158328 < nuc <= 27.993868769549657,0.17981169649422182
ld,122.0,0.054258862009328036,0.0,3456.0,19.498528902884395 < ld <= 134.4589017322878,0.11084083875319889
asexp,0.0,0.04307921287553561,0.0,318.0,asexp <= 0.2638783839317753,0.08800287936615916
