feature,value,importance,min,max,rule,importance_ratio
la,69.0,0.1304529626993547,0.0,9292.0,65.15107396812635 < la <= 480.69791970095315,0.37404157688318795
age,67.5,0.11610834065071549,0.0,403.0,14.27436946001454 < age <= 197.77682519321624,0.33291192417279464
nuc,39.75,0.04368369676041006,0.0,125.0,28.93046147751111 < nuc <= 95.74074131209468,0.1252521865525375
ld,23.0,0.037381711806375305,0.0,3456.0,19.498528902884395 < ld <= 134.4589017322878,0.10718280475448849
asexp,0.5102880658436211,0.013353847301601123,0.0,318.0,0.2638783839317753 < asexp <= 0.7887405624411663,0.038288851389749974
