feature,value,importance,min,max,rule,importance_ratio
age,128.769230769231,0.11667669672153676,0.0,403.0,14.27436946001454 < age <= 197.77682519321624,0.2636729467021858
la,468.0,0.11560358168209575,0.0,9292.0,65.15107396812635 < la <= 480.69791970095315,0.26124785743800183
nuc,11.0,-0.09120132254628815,0.0,125.0,1.300976592648274 < nuc <= 10.97910124158328,0.20610217922357
aexp,1269.0,0.054573490090285205,0.0,1247.0,aexp > 1238.6530621884417,0.12332842245500374
asexp,3.46869601181963e-19,0.05359056443262563,0.0,318.0,asexp <= 0.2638783839317753,0.1211071485260475
