feature,value,importance,min,max,rule,importance_ratio
la,156.0,0.09691809836345251,0.0,9292.0,65.15107396812635 < la <= 480.69791970095315,0.31213065485097247
aexp,341.0,-0.05916326660629041,0.0,1247.0,166.80503056010588 < aexp <= 797.7256110503639,0.19053891337913226
nuc,31.8333333333333,0.05880280469399752,0.0,125.0,28.93046147751111 < nuc <= 95.74074131209468,0.1893780237761307
ld,21.0,0.047651280253339895,0.0,3456.0,19.498528902884395 < ld <= 134.4589017322878,0.1534638582588091
age,11.833333333333302,-0.0450106506289754,0.0,403.0,1.6057898801073094 < age <= 14.27436946001454,0.14495954928257584
