feature,value,importance,min,max,rule,importance_ratio
la,780.0,0.256070657459065,0.0,9292.0,480.69791970095315 < la <= 1397.941566989266,0.40815828126206916
age,67.6842105263158,0.10732144055334791,0.0,403.0,14.27436946001454 < age <= 197.77682519321624,0.171062686968835
aexp,357.0,-0.08425706767133151,0.0,1247.0,166.80503056010588 < aexp <= 797.7256110503639,0.13429972909102278
nuc,19.8947368421053,0.07131999830417479,0.0,125.0,10.97910124158328 < nuc <= 27.993868769549657,0.11367896742366555
ld,368.0,0.06690691925464953,0.0,3456.0,ld > 193.112153175861,0.10664483560317059
