commit_id,label,pred,score_or_proba,feature,value_actual,min,max,operator,threshold
,True,True,0.9610191100302763,la,693.0,0.0,9094.0,<,153.5
,True,True,0.9610191100302763,arexp,102.5,0.0,2143.5,<,349.5
,True,True,0.9610191100302763,nuc,31.1666666666667,0.0,480.0,<,14.600000143051147
