commit_id,label,pred,score_or_proba,feature,value_actual,min,max,operator,threshold
,True,True,0.717708860663663,la,261.0,0.0,9094.0,<,93.06000137329102
,True,True,0.717708860663663,age,12.666666666666698,0.0,575.0,>,-3.0999999046325684
,True,True,0.717708860663663,nuc,11.333333333333302,0.0,480.0,<,32.76000022888184
