commit_id,label,pred,score_or_proba,feature,value_actual,min,max,operator,threshold
,True,True,0.7901244948922207,ld,30.0,0.0,9176.0,>,19.0
,True,True,0.7901244948922207,la,318.0,0.0,9094.0,<,131.5
,True,True,0.7901244948922207,age,49.0,0.0,575.0,>,37.125
,True,True,0.7901244948922207,arexp,235.0,0.0,2143.5,>,416.0
