commit_id,label,pred,score_or_proba,feature,value_actual,min,max,operator,threshold
,True,True,0.9653665433465104,arexp,17.0,0.0,2143.5,<,436.0049896240234
,True,True,0.9653665433465104,age,12.166666666666698,0.0,575.0,>,25.725000381469727
,True,True,0.9653665433465104,ld,185.0,0.0,9176.0,<,13.795000076293944
,True,True,0.9653665433465104,la,586.0,0.0,9094.0,<,29.9950008392334
