commit_id,label,pred,score_or_proba,feature,value_actual,min,max,operator,threshold
,True,True,0.9770565427988526,arexp,205.333333333333,0.0,2143.5,<,197.0
,True,True,0.9770565427988526,la,630.0,0.0,9094.0,<,84.5
,True,True,0.9770565427988526,nuc,130.409090909091,0.0,480.0,>,81.5999984741211
