commit_id,label,pred,score_or_proba,feature,value_actual,min,max,operator,threshold
,True,True,0.6959733241180984,la,265.0,0.0,9094.0,<,96.16500091552734
,True,True,0.6959733241180984,nuc,52.57142857142861,0.0,480.0,>,39.64499855041504
