commit_id,label,pred,score_or_proba,feature,value_actual,min,max,operator,threshold
,True,True,1.0,age,57.28571428571429,0.0,511.03030303030295,<,14.199999809265137
,True,True,1.0,la,1983.0,0.0,9176.0,>,266.0
,True,True,1.0,nuc,551.285714285714,0.0,2086.0,<,229.04999542236328
