commit_id,label,pred,score_or_proba,feature,value_actual,min,max,operator,threshold
,True,True,0.75,aexp,40.0,0.0,726.0,<,109.0
,True,True,0.75,la,115.0,0.0,9176.0,<,167.5
,True,True,0.75,age,303.285714285714,0.0,511.03030303030295,<,80.09500122070312
,True,True,0.75,nuc,16.1428571428571,0.0,2086.0,<,181.70999908447263
,True,True,0.75,ld,28.0,0.0,8304.0,<,286.5
