commit_id,label,pred,score_or_proba,feature,value_actual,min,max,operator,threshold
,True,True,0.9948259368485924,nuc,2.35106382978723,0.0,251.0,<,13.650000095367432
,True,True,0.9948259368485924,asexp,9.542280927900942e-41,0.0,1042.0,>,19.489999771118164
,True,True,0.9948259368485924,la,2474.0,0.0,9886.0,<,564.5
,True,True,0.9948259368485924,nd,29.0,1.0,51.0,>,6.5
,True,True,0.9948259368485924,aexp,201.0,0.0,1411.0,<,18.5
