commit_id,label,pred,score_or_proba,feature,value_actual,min,max,operator,threshold
,True,True,0.7571887298872371,la,1122.0,0.0,9886.0,<,527.5
,True,True,0.7571887298872371,nd,5.0,1.0,51.0,<,4.5
,True,True,0.7571887298872371,age,63.9333333333333,0.0,1520.0,>,0.8799999915063381
,True,True,0.7571887298872371,asexp,0.0,0.0,1042.0,>,59.5
,True,True,0.7571887298872371,nuc,1.6,0.0,251.0,>,1.6899999976158142
