commit_id,label,pred,score_or_proba,feature,value_actual,min,max,operator,threshold
,True,True,0.6622672808414687,ns,2.0,1.0,25.0,<,1.5
,True,True,0.6622672808414687,la,411.0,0.0,9886.0,<,298.0
,True,True,0.6622672808414687,asexp,1.20751759037375,0.0,1042.0,>,23.5
,True,True,0.6622672808414687,nuc,9.14285714285714,0.0,251.0,>,5.100000143051148
,True,True,0.6622672808414687,age,18.2857142857143,0.0,1520.0,>,46.375
