feature,value,importance,min,max,rule,importance_ratio
la,205,0.4885561373432293,0.0,5956.0,165.96883678608913 < la <= 871.1234134540887,0.8986561074613931
aexp,6,-0.02009931656562703,0.0,403.0,2.3611736448098384 < aexp <= 6.128482956425856,0.036970927610742874
age,71.0588235294118,-0.016150879610887063,0.0,829.533333333333,6.825997486629916 < age <= 98.2860137036514,0.02970812460186259
ns,2,0.009335052830258159,1.0,9.0,1.4964454190361633 < ns <= 2.4958440955958925,0.01717100983523755
asexp,0.609375,-0.006483523594955715,0.0,197.0,-0.15854614248820553 < asexp <= 1.1438006319502207,0.011925872240928767
