feature,value,importance,min,max,rule,importance_ratio
la,1589,0.2781474016195551,0.0,5956.0,la > 871.1234134540887,0.6389683037939029
asexp,0.99999618063999,0.051665534695507664,0.0,197.0,1.1438006319502207 < asexp <= 115.31620119105196,0.11868756952886317
aexp,126,0.044588543009573656,0.0,403.0,6.128482956425856 < aexp <= 259.48003416260264,0.10243009832045016
ns,2,-0.0377102752139445,1.0,9.0,1.4964454190361633 < ns <= 2.4958440955958925,0.0866291414147848
age,4.93333333333333,-0.013836625914506299,0.0,829.533333333333,0.07391575248738036 < age <= 6.825997486629916,0.03178589963215128
