commit_id,label,pred,score_or_proba,feature,value_actual,min,max,operator,threshold
,True,True,0.6368968350460676,la,722.0,0.0,9886.0,<,522.8500061035156
,True,True,0.6368968350460676,nd,14.0,1.0,51.0,<,17.5
,True,True,0.6368968350460676,aexp,35.0,0.0,1411.0,<,99.92499923706056
,True,True,0.6368968350460676,age,30.8157894736842,0.0,1520.0,<,1.1299999952316284
