commit_id,label,pred,score_or_proba,feature,value_actual,min,max,operator,threshold
,True,True,0.8323081697064951,la,1470.0,0.0,9292.0,<,514.4199981689453
,True,True,0.8323081697064951,ld,1478.0,0.0,3456.0,>,935.6950073242188
,True,True,0.8323081697064951,asexp,1.0,0.0,318.0,<,14.50499999988824
,True,True,0.8323081697064951,age,246.028985507246,0.0,403.0,>,92.20000076293944
