commit_id,label,pred,score_or_proba,feature,value_actual,min,max,operator,threshold
,True,True,0.7961321546946292,la,205.0,0.0,9292.0,<,103.34500122070312
,True,True,0.7961321546946292,asexp,1.19977710778333e-11,0.0,318.0,<,0.8449999988079071
,True,True,0.7961321546946292,ld,165.0,0.0,3456.0,>,29.675000190734863
,True,True,0.7961321546946292,age,0.0,0.0,403.0,<,13.349999904632568
