feature,value,importance,min,max,rule,importance_ratio
la,1317.0,0.18810175845727783,0.0,9153.0,la > 949.9322361187499,0.4241383052545903
nuc,0.1875,0.07509495034337765,0.0,1956.5,nuc <= 1.4523134391787025,0.16932667314246194
ns,2.0,0.04443562890933856,1.0,11.0,1.5006082876265054 < ns <= 2.498116882214317,0.10019498218996864
age,6.0,0.036840566902244465,0.0,2414.0,0.6241027528349719 < age <= 10.136512178163258,0.08306937552678553
ent,3.68498054991473,0.0349228708805402,0.0,6.569855608330951,2.5737626577140995 < ent <= 4.26863542032997,0.07874528867448824
