feature,value,importance,min,max,rule,importance_ratio
la,5654.0,0.10347970793903682,0.0,9153.0,la > 949.9322361187499,0.338612144116484
ent,5.32466572264205,0.08766894710473798,0.0,6.569855608330951,ent > 4.26863542032997,0.28687527963510273
ns,3.0,0.0832250420116721,1.0,11.0,2.498116882214317 < ns <= 3.501821182358574,0.2723336824294003
asexp,0.0,0.010218874382135609,0.0,6624.0,asexp <= 7.62507953411864,0.03343877784261319
arexp,0.0,0.008297224373100386,0.0,4413.603968254571,arexp <= 137.43529248710092,0.027150646161914767
