feature,value,importance,min,max,rule,importance_ratio
la,1553.0,0.18894632085907714,0.0,9153.0,la > 949.9322361187499,0.42404712334154937
nuc,0.3529411764705879,0.07544236822944962,0.0,1956.5,nuc <= 1.4523134391787025,0.16931326887085626
ns,2.0,0.04464092927604547,1.0,11.0,1.5006082876265054 < ns <= 2.498116882214317,0.10018643155755963
age,8.823529411764712,0.037022111538081354,0.0,2414.0,0.6241027528349719 < age <= 10.136512178163258,0.08308772473777006
ent,3.78876454433165,0.03509625776796591,0.0,6.569855608330951,2.5737626577140995 < ent <= 4.26863542032997,0.07876558315024997
