commit_id,label,pred,score_or_proba,feature,value_actual,min,max,operator,threshold
,True,True,0.7568493335976328,ld,14.0,0.0,8658.0,>,719.4499816894531
,True,True,0.7568493335976328,la,114.0,0.0,9967.0,<,102.48999977111816
,True,True,0.7568493335976328,nuc,21.8333333333333,0.0,976.0,>,5.809999942779541
,True,True,0.7568493335976328,ent,1.09746897083491,0.0,6.08230385583814,<,0.2349999994039535
