commit_id,label,pred,score_or_proba,feature,value_actual,min,max,operator,threshold
,True,True,0.7984865610889756,age,98.30508474576273,0.0,1802.57575757576,>,252.74500274658203
,True,True,0.7984865610889756,la,1193.0,0.0,9967.0,<,41.0
,True,True,0.7984865610889756,ld,1070.0,0.0,8658.0,>,712.0
,True,True,0.7984865610889756,arexp,24.5,0.0,863.416666666674,<,9.0
