commit_id,label,pred,score_or_proba,feature,value_actual,min,max,operator,threshold
,True,True,0.6003757682170984,ld,119.0,0.0,8658.0,<,34.5
,True,True,0.6003757682170984,age,43.842105263157904,0.0,1802.57575757576,>,201.81999969482425
