commit_id,label,pred,score_or_proba,feature,value_actual,min,max,operator,threshold
,True,True,0.9438972963273602,ld,255.0,0.0,8658.0,>,805.0
,True,True,0.9438972963273602,age,60.75,0.0,1802.57575757576,<,188.5
,True,True,0.9438972963273602,la,279.0,0.0,9967.0,<,14.5
,True,True,0.9438972963273602,asexp,0.5,0.0,1122.0,>,2.5
