commit_id,label,pred,score_or_proba,feature,value_actual,min,max,operator,threshold
,True,True,0.8094800914443723,la,4618.0,0.0,9967.0,<,84.0
,True,True,0.8094800914443723,age,75.17,0.0,1802.57575757576,>,166.12999725341797
,True,True,0.8094800914443723,ld,254.0,0.0,8658.0,>,900.0
,True,True,0.8094800914443723,ent,5.39440418154678,0.0,6.08230385583814,>,5.070000171661377
