commit_id,label,pred,score_or_proba,feature,value_actual,min,max,operator,threshold
,True,True,0.8662186016944099,ld,15.0,0.0,8658.0,<,18.0
,True,True,0.8662186016944099,age,5.71428571428571,0.0,1802.57575757576,>,177.8550033569336
,True,True,0.8662186016944099,la,176.0,0.0,9967.0,<,6.5
,True,True,0.8662186016944099,asexp,1.0,0.0,1122.0,>,21.5
,True,True,0.8662186016944099,ndev,2.71428571428571,0.0,85.0,<,0.4050000011920929
