commit_id,label,pred,score_or_proba,feature,value_actual,min,max,operator,threshold
,True,True,0.791297490328186,age,30.1304347826087,0.0,1802.57575757576,>,212.0999984741211
,True,True,0.791297490328186,la,4939.0,0.0,9967.0,<,36.39999961853027
,True,True,0.791297490328186,ld,2186.0,0.0,8658.0,>,991.5
,True,True,0.791297490328186,ent,4.22266085733392,0.0,6.08230385583814,>,5.210000038146973
