commit_id,label,pred,score_or_proba,feature,value_actual,min,max,operator,threshold
,True,True,0.9199420409133313,la,317.0,0.0,9967.0,<,17.80500030517578
,True,True,0.9199420409133313,age,89.9565217391304,0.0,1802.57575757576,>,206.54000091552732
,True,True,0.9199420409133313,ld,126.0,0.0,8658.0,>,498.5
,True,True,0.9199420409133313,ent,3.34873671151322,0.0,6.08230385583814,>,5.284999847412109
