commit_id,label,pred,score_or_proba,feature,value_actual,min,max,operator,threshold
,True,True,0.7965174634389016,arexp,145.88333333333298,0.0,863.416666666674,<,-86.43500137329102
,True,True,0.7965174634389016,ld,0.0,0.0,8658.0,<,-0.2900000065565109
,True,True,0.7965174634389016,ndev,24.0,0.0,85.0,>,4.914999961853027
,True,True,0.7965174634389016,nuc,279.5,0.0,976.0,>,278.1000061035156
