commit_id,label,pred,score_or_proba,feature,value_actual,min,max,operator,threshold
,True,True,0.8127125467977321,age,27.9538461538462,0.0,1802.57575757576,<,37.73999984562397
,True,True,0.8127125467977321,ld,363.0,0.0,8658.0,>,917.7749938964844
,True,True,0.8127125467977321,asexp,0.99902343735448,0.0,1122.0,>,0.0749999992549419
