commit_id,label,pred,score_or_proba,feature,value_actual,min,max,operator,threshold
,True,True,0.8714829598199221,asexp,0.0,0.0,1122.0,<,-28.74000072479248
,True,True,0.8714829598199221,age,4.66666666666667,0.0,1802.57575757576,>,393.6199951171875
,True,True,0.8714829598199221,la,849.0,0.0,9967.0,<,31.559999465942383
