commit_id,label,pred,score_or_proba,feature,value_actual,min,max,operator,threshold
,True,True,0.8712920858455925,age,177.444444444444,0.0,1802.57575757576,>,157.62000274658203
,True,True,0.8712920858455925,la,289.0,0.0,9967.0,<,88.5
,True,True,0.8712920858455925,ld,86.0,0.0,8658.0,>,991.5
,True,True,0.8712920858455925,ndev,1.8333333333333304,0.0,85.0,>,3.884999990463257
