commit_id,label,pred,score_or_proba,feature,value_actual,min,max,operator,threshold
,True,True,0.8189858577397061,age,178.625,0.0,1802.57575757576,>,234.04000091552732
,True,True,0.8189858577397061,ld,207.0,0.0,8658.0,>,815.0
,True,True,0.8189858577397061,ent,4.12407248889006,0.0,6.08230385583814,>,0.7649999856948853
