{
    "18376": {
        "la": [
            872.0,
            754.5,
            633.5,
            545.0,
            453.5,
            369.5,
            286.5,
            204.5,
            122.5,
            40.5
        ],
        "ld": [
            69.0,
            62.0,
            55.0,
            48.0,
            41.0,
            34.0,
            27.0,
            19.5,
            11.5,
            3.5
        ],
        "asexp": [
            1.89257815592302,
            1.484375,
            1.23388671875,
            1.02734375,
            0.8906478915581,
            0.702880859375,
            0.5539359849668319,
            0.3953887666788545,
            0.23392914694436945,
            0.06394761818355435
        ],
        "arexp": [
            282.0,
            757.5,
            1140.0,
            1801.5,
            2532.25000000017,
            2737.41666666649,
            2956.26666666644,
            3623.2904761904,
            4079.5892857143153,
            4267.979761905204
        ],
        "ent": [
            4.342912409872925,
            4.50145537835931,
            4.670178080686065,
            4.83362377929409,
            5.008666643484474,
            5.172978340363786,
            5.352856777880886,
            5.530536157485865,
            5.78185557582009,
            6.1399359245803495
        ]
    },
    "18423": {
        "la": [
            872.0,
            754.5,
            633.5,
            545.0,
            453.5,
            369.5,
            286.5,
            204.5,
            122.5,
            40.5
        ],
        "ns": [
            3,
            4,
            5,
            6,
            7,
            8,
            10,
            11
        ],
        "arexp": [
            878.0,
            736.0,
            586.25,
            423.75,
            348.1666666666665,
            281.3130952380955,
            218.833333333334,
            139.91666666666652,
            73.41666666666666,
            24.2761904761905
        ],
        "nuc": [
            3.3,
            7.22222222222222,
            11.8181818181818,
            17.1428571428571,
            24.4166666666667,
            36.6615384615385,
            57.75,
            102.2,
            200.0,
            535.3
        ],
        "ld": [
            32.0,
            88.5,
            144.5,
            201.5,
            265.5,
            342.5,
            453.5,
            633.0,
            914.5,
            1904.0
        ]
    },
    "18896": {
        "la": [
            872.0,
            754.5,
            633.5,
            545.0,
            453.5,
            369.5,
            286.5,
            204.5,
            122.5,
            40.5
        ],
        "ent": [
            4.06193064206699,
            3.6403780275710096,
            3.2205817971329704,
            2.8001124674550653,
            2.380057516303275,
            1.96043688134064,
            1.5354675613966,
            1.10501399711353,
            0.6750063424904039,
            0.246022578220332
        ],
        "arexp": [
            282.0,
            757.5,
            1140.0,
            1801.5,
            2532.25000000017,
            2737.41666666649,
            2956.26666666644,
            3623.2904761904,
            4079.5892857143153,
            4267.979761905204
        ],
        "ns": [
            1
        ],
        "nuc": [
            4.26086956521739,
            3.81818181818182,
            3.375,
            2.875,
            2.4166666666666696,
            1.96666666666667,
            1.57142857142857,
            1.15384615384615,
            0.7,
            0.26136363636363646
        ]
    },
    "18915": {
        "la": [
            872.0,
            754.5,
            633.5,
            545.0,
            453.5,
            369.5,
            286.5,
            204.5,
            122.5,
            40.5
        ],
        "ent": [
            4.06193064206699,
            3.6403780275710096,
            3.2205817971329704,
            2.8001124674550653,
            2.380057516303275,
            1.96043688134064,
            1.5354675613966,
            1.10501399711353,
            0.6750063424904039,
            0.246022578220332
        ],
        "ns": [
            2,
            1
        ],
        "asexp": [
            261.5,
            770.0,
            1317.0,
            1900.0,
            2597.0,
            3201.0,
            3849.0,
            4440.0,
            5070.0,
            5922.0
        ],
        "arexp": [
            282.0,
            757.5,
            1140.0,
            1801.5,
            2532.25000000017,
            2737.41666666649,
            2956.26666666644,
            3623.2904761904,
            4079.5892857143153,
            4267.979761905204
        ]
    },
    "19000": {
        "la": [
            872.0,
            754.5,
            633.5,
            545.0,
            453.5,
            369.5,
            286.5,
            204.5,
            122.5,
            40.5
        ],
        "ns": [
            3,
            2,
            1
        ],
        "ent": [
            4.06193064206699,
            3.6403780275710096,
            3.2205817971329704,
            2.8001124674550653,
            2.380057516303275,
            1.96043688134064,
            1.5354675613966,
            1.10501399711353,
            0.6750063424904039,
            0.246022578220332
        ],
        "arexp": [
            131.277380952381,
            120.200000000002,
            98.5,
            79.4999999999999,
            65.1666666666667,
            51.8333333333334,
            40.5,
            30.0833333333333,
            17.1666666666667,
            7.33333333333333
        ],
        "ld": [
            69.0,
            62.0,
            55.0,
            48.0,
            41.0,
            34.0,
            27.0,
            19.5,
            11.5,
            3.5
        ]
    },
    "19184": {
        "la": [
            872.0,
            754.5,
            633.5,
            545.0,
            453.5,
            369.5,
            286.5,
            204.5,
            122.5,
            40.5
        ],
        "asexp": [
            261.5,
            770.0,
            1317.0,
            1900.0,
            2597.0,
            3201.0,
            3849.0,
            4440.0,
            5070.0,
            5922.0
        ],
        "ent": [
            2.44580571510438,
            2.1951261702882903,
            1.94538799425056,
            1.6951416310416398,
            1.4450531033214298,
            1.19511845830805,
            0.9402193744939865,
            0.6802556985463819,
            0.4206252890785595,
            0.16026515304965044
        ],
        "arexp": [
            282.0,
            757.5,
            1140.0,
            1801.5,
            2532.25000000017,
            2737.41666666649,
            2956.26666666644,
            3623.2904761904,
            4079.5892857143153,
            4267.979761905204
        ],
        "nuc": [
            6.325757575757575,
            10.38315217391305,
            15.1111111111111,
            20.5365853658537,
            29.0833333333333,
            42.8666666666667,
            67.4285714285714,
            114.142857142857,
            223.0,
            555.5
        ]
    },
    "19705": {
        "la": [
            872.0,
            754.5,
            633.5,
            545.0,
            453.5,
            369.5,
            286.5,
            204.5,
            122.5,
            40.5
        ],
        "nuc": [
            3.3,
            7.22222222222222,
            11.8181818181818,
            17.1428571428571,
            24.4166666666667,
            36.6615384615385,
            57.75,
            102.2,
            200.0,
            535.3
        ],