commit_id,label,pred,score_or_proba,feature,value_actual,min,max,operator,threshold
,True,True,0.9007332561780008,la,5654.0,0.0,9153.0,<,2162.719970703125
,True,True,0.9007332561780008,arexp,0.0,0.0,4413.603968254571,<,596.9149932861328
,True,True,0.9007332561780008,ent,5.32466572264205,0.0,6.569855608330951,>,5.934999942779541
