commit_id,label,pred,score_or_proba,feature,value_actual,min,max,operator,threshold
,True,True,0.7513398656495948,ld,365.0,0.0,9293.0,<,158.0
,True,True,0.7513398656495948,la,2169.0,0.0,8851.0,<,156.0
,True,True,0.7513398656495948,asexp,0.583612047984674,0.0,3637.0,>,0.0099999997764825
,True,True,0.7513398656495948,ndev,1.44444444444444,0.0,57.5,>,0.2800000086426735
