commit_id,label,pred,score_or_proba,feature,value_actual,min,max,operator,threshold
,True,True,0.6820419398095919,la,164.0,0.0,8851.0,<,89.38999938964844
,True,True,0.6820419398095919,ld,51.0,0.0,9293.0,<,54.63500022888184
,True,True,0.6820419398095919,ent,2.63399676279158,0.0,6.25828457562083,>,2.15500009059906
