commit_id,label,pred,score_or_proba,feature,value_actual,min,max,operator,threshold
,True,True,0.6974609535639869,la,223.0,0.0,8851.0,<,130.63999938964844
,True,True,0.6974609535639869,arexp,289.0,0.0,2480.61666666637,<,795.8349914550781
,True,True,0.6974609535639869,nuc,36.1707317073171,0.0,2540.0,>,13.204999923706056
