commit_id,label,pred,score_or_proba,feature,value_actual,min,max,operator,threshold
,True,True,0.9694368169508585,ndev,17.7777777777778,0.0,57.5,>,3.75
,True,True,0.9694368169508585,la,396.0,0.0,8851.0,<,95.5
,True,True,0.9694368169508585,asexp,0.931136402980458,0.0,3637.0,>,0.2750000040978193
,True,True,0.9694368169508585,age,108.111111111111,0.0,918.0,>,53.959999084472656
