commit_id,label,pred,score_or_proba,feature,value_actual,min,max,operator,threshold
,True,True,0.6780073071864607,la,745.0,0.0,8851.0,<,68.0
,True,True,0.6780073071864607,nuc,140.463414634146,0.0,2540.0,>,487.86500549316406
,True,True,0.6780073071864607,asexp,1.48236532994587,0.0,3637.0,<,-269.614990234375
,True,True,0.6780073071864607,ld,1546.0,0.0,9293.0,<,1052.0
