commit_id,label,pred,score_or_proba,feature,value_actual,min,max,operator,threshold
,True,True,0.9585609240596089,la,657.0,0.0,8851.0,<,130.66500091552734
,True,True,0.9585609240596089,asexp,0.283343401811979,0.0,3637.0,>,0.1649999991059303
,True,True,0.9585609240596089,age,146.653846153846,0.0,918.0,>,60.92999839782715
,True,True,0.9585609240596089,ent,3.43706384947045,0.0,6.25828457562083,<,4.025000095367432
