commit_id,label,pred,score_or_proba,feature,value_actual,min,max,operator,threshold
,True,True,0.9782832909450025,nuc,1160.0,0.0,2540.0,>,1180.7649536132812
,True,True,0.9782832909450025,asexp,0.812071330589849,0.0,3637.0,>,0.3949999958276748
,True,True,0.9782832909450025,ld,18.0,0.0,9293.0,<,50.27499961853027
,True,True,0.9782832909450025,la,890.0,0.0,8851.0,<,93.0
