commit_id,label,pred,score_or_proba,feature,value_actual,min,max,operator,threshold
,True,True,0.5406823941269805,la,74.0,0.0,8851.0,<,105.69000244140624
,True,True,0.5406823941269805,ent,2.24878844797137,0.0,6.25828457562083,<,2.3549998998641968
,True,True,0.5406823941269805,ld,85.0,0.0,9293.0,<,23.5
,True,True,0.5406823941269805,arexp,343.9,0.0,2480.61666666637,<,840.2099914550781
