commit_id,label,pred,score_or_proba,feature,value_actual,min,max,operator,threshold
,True,True,0.7406779600465332,la,239.0,0.0,8851.0,<,103.04500198364258
,True,True,0.7406779600465332,ent,1.96013974967956,0.0,6.25828457562083,<,2.1450001001358032
,True,True,0.7406779600465332,ld,12.0,0.0,9293.0,<,71.06999969482422
