commit_id,label,pred,score_or_proba,feature,value_actual,min,max,operator,threshold
,True,True,0.8462942563086366,age,12.5,0.0,918.0,>,2.3549998998641968
,True,True,0.8462942563086366,la,436.0,0.0,8851.0,<,109.5
,True,True,0.8462942563086366,arexp,17.9166666666667,0.0,2480.61666666637,<,1133.675048828125
,True,True,0.8462942563086366,nuc,1526.0,0.0,2540.0,>,1352.875
,True,True,0.8462942563086366,ndev,76.0,0.0,57.5,>,39.0
