commit_id,label,pred,score_or_proba,feature,value_actual,min,max,operator,threshold
,True,True,0.578453667364149,arexp,16.3333333333333,0.0,2480.61666666637,<,1191.5
,True,True,0.578453667364149,la,179.0,0.0,8851.0,<,96.0
,True,True,0.578453667364149,nuc,3.0,0.0,2540.0,<,366.2850036621094
