feature,value,importance,min,max,rule,importance_ratio
la,1195,0.2711134187615767,0.0,9292.0,480.69791970095315 < la <= 1397.941566989266,0.5815842924369804
nuc,15.8611111111111,0.05994439409792638,0.0,125.0,10.97910124158328 < nuc <= 27.993868769549657,0.12859089817927855
asexp,0.166607341257947,0.04457289409474362,0.0,318.0,0.2638783839317753 < asexp <= 0.7887405624411663,0.09561642205824239
aexp,136,-0.033785625370737184,0.0,1247.0,80.770405947798 < aexp <= 166.80503056010588,0.07247589999615998
age,31.4166666666667,0.030844524197294974,0.0,403.0,14.27436946001454 < age <= 197.77682519321624,0.06616673886073787
