feature,value,importance,min,max,rule,importance_ratio
la,88.0,0.23415872587836625,0.0,9292.0,65.15107396812635 < la <= 480.69791970095315,0.6006829290624327
age,9.5,0.06274986007105214,0.0,403.0,1.6057898801073094 < age <= 14.27436946001454,0.16097102341305403
nuc,33.5,0.04051727162702033,0.0,125.0,28.93046147751111 < nuc <= 95.74074131209468,0.10393818683135116
asexp,0.140625,0.03751428378361621,0.0,318.0,0.2638783839317753 < asexp <= 0.7887405624411663,0.09623467919161505
ld,4.0,0.014421419581122637,0.0,3456.0,0.7294884409409761 < ld <= 14.806268787398544,0.036994993557177565
