feature,value,importance,min,max,rule,importance_ratio
la,544.0,0.2804394379317117,0.0,9292.0,480.69791970095315 < la <= 1397.941566989266,0.6443052488442478
aexp,0.0,0.03944650691609924,0.0,1247.0,aexp <= 9.074885437541383,0.09062773639135047
nuc,33.0,0.03596180992289713,0.0,125.0,28.93046147751111 < nuc <= 95.74074131209468,0.0826216992237157
ld,90.0,0.028276544535812707,0.0,3456.0,19.498528902884395 < ld <= 134.4589017322878,0.06496492147455596
age,49.6666666666667,0.026463076846914884,0.0,403.0,14.27436946001454 < age <= 197.77682519321624,0.060798507652079135
