feature,value,importance,min,max,rule,importance_ratio
la,2706.0,0.2591910901633744,0.0,9292.0,la > 1397.941566989266,0.5919378052251846
nuc,12.055555555555598,0.06174726704490381,0.0,125.0,10.97910124158328 < nuc <= 27.993868769549657,0.14101773988517524
aexp,0.0,0.036310109402078156,0.0,1247.0,aexp <= 9.074885437541383,0.08292463469097151
asexp,0.0,0.028731806576783588,0.0,318.0,asexp <= 0.2638783839317753,0.0656173887555147
age,21.25,0.028569067790256673,0.0,403.0,14.27436946001454 < age <= 197.77682519321624,0.06524572767696053
