feature,value,importance,min,max,rule,importance_ratio
la,60.0,-0.04531448682181299,0.0,9292.0,24.609918286874972 < la <= 65.15107396812635,0.2218204960731869
aexp,0.0,0.04083111313027139,0.0,1247.0,aexp <= 9.074885437541383,0.1998737799987039
nuc,36.75,0.033179288763124926,0.0,125.0,28.93046147751111 < nuc <= 95.74074131209468,0.16241707252986226
age,26.25,0.029188203922452496,0.0,403.0,14.27436946001454 < age <= 197.77682519321624,0.14288017646593118
ld,16.0,-0.028034894380801298,0.0,3456.0,14.806268787398544 < ld <= 19.498528902884395,0.1372345714376544
