feature,value,importance,min,max,rule,importance_ratio
la,572.0,0.2813726623418919,0.0,9292.0,480.69791970095315 < la <= 1397.941566989266,0.49704025534190366
aexp,335.0,-0.08208476691040949,0.0,1247.0,166.80503056010588 < aexp <= 797.7256110503639,0.1450014125937216
age,10.5769230769231,0.06416293474176668,0.0,403.0,1.6057898801073094 < age <= 14.27436946001454,0.1133427860478593
nuc,13.6153846153846,0.06343512876789652,0.0,125.0,10.97910124158328 < nuc <= 27.993868769549657,0.11205712857111327
asexp,0.0416184533387943,0.040183600431047975,0.0,318.0,0.2638783839317753 < asexp <= 0.7887405624411663,0.07098367998002723
