feature,value,importance,min,max,rule,importance_ratio
la,468,0.23678187113048754,0.0,9292.0,65.15107396812635 < la <= 480.69791970095315,0.5916794878999285
nuc,11.0,-0.0480335397556918,0.0,125.0,1.300976592648274 < nuc <= 10.97910124158328,0.12002802439637121
aexp,1269,-0.04206992207587496,0.0,1247.0,aexp > 1238.6530621884417,0.10512591116456704
age,128.769230769231,0.032816748282288186,0.0,403.0,14.27436946001454 < age <= 197.77682519321624,0.08200373079873445
asexp,3.46869601181963e-19,0.026508842604632075,0.0,318.0,asexp <= 0.2638783839317753,0.0662412977068031
