feature,value,importance,min,max,rule,importance_ratio
la,780,0.271913122516416,0.0,9292.0,480.69791970095315 < la <= 1397.941566989266,0.5328335169124377
aexp,357,-0.08036608801438994,0.0,1247.0,166.80503056010588 < aexp <= 797.7256110503639,0.15748318772153652
nuc,19.8947368421053,0.05971175749354101,0.0,125.0,10.97910124158328 < nuc <= 27.993868769549657,0.11700952661593314
asexp,0.166598664176263,0.04652110983347796,0.0,318.0,0.2638783839317753 < asexp <= 0.7887405624411663,0.09116149428112041
age,67.6842105263158,0.02992490255020624,0.0,403.0,14.27436946001454 < age <= 197.77682519321624,0.058640020465087095
