feature,value,importance,min,max,rule,importance_ratio
la,159,0.23698130532510897,0.0,9292.0,65.15107396812635 < la <= 480.69791970095315,0.5169034887849033
aexp,368,-0.08826196236838468,0.0,1247.0,166.80503056010588 < aexp <= 797.7256110503639,0.19251694226525973
nuc,9.31578947368421,-0.0493146203579206,0.0,125.0,1.300976592648274 < nuc <= 10.97910124158328,0.10756502195876516
age,98.6315789473684,0.033863501349863954,0.0,403.0,14.27436946001454 < age <= 197.77682519321624,0.07386304994059942
ld,3371,0.02682393187938687,0.0,3456.0,ld > 193.112153175861,0.058508345003678984
