feature,value,importance,min,max,rule,importance_ratio
la,1450.0,0.25987697839560964,0.0,9292.0,la > 1397.941566989266,0.607072632170183
nuc,24.21428571428569,0.06302029962109049,0.0,125.0,10.97910124158328 < nuc <= 27.993868769549657,0.14721542249459724
asexp,0.0714166164398193,0.03782678496793683,0.0,318.0,0.2638783839317753 < asexp <= 0.7887405624411663,0.0883633712335362
age,35.4285714285714,0.029797955749630674,0.0,403.0,14.27436946001454 < age <= 197.77682519321624,0.06960802585091368
ld,48.0,0.025113336791130488,0.0,3456.0,19.498528902884395 < ld <= 134.4589017322878,0.058664755772092826
