feature,value,importance,min,max,rule,importance_ratio
la,915,0.27232892989405877,0.0,9292.0,480.69791970095315 < la <= 1397.941566989266,0.5621195468602911
aexp,423,-0.0776767154269937,0.0,1247.0,166.80503056010588 < aexp <= 797.7256110503639,0.1603340493219118
nuc,25.4444444444444,0.060203226401583425,0.0,125.0,10.97910124158328 < nuc <= 27.993868769549657,0.12426667397235598
age,46.6111111111111,0.03091689287255001,0.0,403.0,14.27436946001454 < age <= 197.77682519321624,0.06381617193078509
ld,533,0.02325544373334375,0.0,3456.0,ld > 193.112153175861,0.04800202276896391
