feature,value,importance,min,max,rule,importance_ratio
la,529,0.324927651705252,0.0,5443.0,232.12256852430914 < la <= 634.8693949676458,0.6303056853361368
ld,111,0.1273815782082014,0.0,7734.0,100.73397805831269 < ld <= 4104.509049685157,0.24709910815639372
aexp,1,-0.03024655207844119,0.0,1586.0,aexp <= 7.469056931592149,0.05867328815139089
asexp,0.666666666666667,0.017116262729411188,0.0,601.0,0.2486852207514758 < asexp <= 1.223116260852592,0.03320270729017956
ndev,10.0769230769231,0.009001296690196019,0.0,69.0,1.3178935157767122 < ndev <= 19.676973226328325,0.017461020782480227
