feature,value,importance,min,max,rule,importance_ratio
la,254,0.3288121981153595,0.0,5443.0,232.12256852430914 < la <= 634.8693949676458,0.7489499675699038
ld,0,-0.05457464714716187,0.0,7734.0,ld <= 1.7880804364665863,0.12430706781950293
aexp,2,-0.03669724780964312,0.0,1586.0,aexp <= 7.469056931592149,0.08358693112502594
ndev,33.4,-0.010651723990209054,0.0,69.0,ndev > 24.252960061090437,0.02426189898901438
ns,1,-0.003492548983118398,1.0,17.0,ns <= 1.4982210105975038,0.007955132025622494
