feature,value,importance,min,max,rule,importance_ratio
la,363,0.3255936787863273,0.0,5443.0,232.12256852430914 < la <= 634.8693949676458,0.6205629182929178
ld,558,0.1276731684040005,0.0,7734.0,100.73397805831269 < ld <= 4104.509049685157,0.2433377523415752
aexp,650,0.024254940420484285,0.0,1586.0,152.66332872789042 < aexp <= 1468.301220106593,0.04622852835000631
asexp,0.91015625,0.018198472379362854,0.0,601.0,0.2486852207514758 < asexp <= 1.223116260852592,0.0346852468705996
ndev,1.6984126984127,0.009218283546184763,0.0,69.0,1.3178935157767122 < ndev <= 19.676973226328325,0.01756952088380724
