feature,value,importance,min,max,rule,importance_ratio
la,342,0.32767844097243737,0.0,5443.0,232.12256852430914 < la <= 634.8693949676458,0.7953475998095935
ld,93,-0.027099641568696976,0.0,7734.0,12.389426610235802 < ld <= 100.73397805831269,0.06577678657588708
asexp,0.987714052200317,0.018382977061178297,0.0,601.0,0.2486852207514758 < asexp <= 1.223116260852592,0.04461952589731957
aexp,23,-0.014834755385228002,0.0,1586.0,7.469056931592149 < aexp <= 25.247947355628696,0.03600721199230799
ndev,9.18181818181818,0.009614379299136635,0.0,69.0,1.3178935157767122 < ndev <= 19.676973226328325,0.023336211795119507
