feature,value,importance,min,max,rule,importance_ratio
ld,114,0.1276636524507579,0.0,7734.0,100.73397805831269 < ld <= 4104.509049685157,0.5708253602478907
la,141,0.06314046348745095,0.0,5443.0,100.89045653715445 < la <= 232.12256852430914,0.28232137436569954
ndev,5.40625,0.01428737377365733,0.0,69.0,1.3178935157767122 < ndev <= 19.676973226328325,0.0638834556647983
ent,4.13032460939885,-0.008735443175018105,0.0,6.1766722717358205,ent > 3.2367409858111866,0.03905898352099894
asexp,0.0059687017530225,0.006798098584511198,0.0,601.0,asexp <= 0.2486852207514758,0.03039649108426588
