feature,value,importance,min,max,rule,importance_ratio
la,5654,0.14926423104700973,0.0,9153.0,la > 949.9322361187499,0.5261625547848927
nuc,90.375,0.03639489758304531,0.0,1956.5,7.524991100135782 < nuc <= 240.31096810349047,0.1282935111721347
arexp,0.0,0.027081860551269474,0.0,4413.603968254571,arexp <= 137.43529248710115,0.09546467252088266
ld,0,-0.026538965158981857,0.0,8832.0,ld <= -0.3455353747416581,0.09355094392975734
asexp,0.0,-0.015364500844992737,0.0,6624.0,asexp <= 7.62507953411864,0.054160497534402274
