feature,value,importance,min,max,rule,importance_ratio
la,287.0,0.08238112731611044,0.0,5443.0,232.12256852430914 < la <= 634.8693949676458,0.3118036261669157
ent,2.1006005622221897,0.07143332120254293,0.0,6.1766722717358205,1.859443113064771 < ent <= 3.211235469649216,0.27036736817927925
aexp,2.0,-0.025452833461336824,0.0,1586.0,aexp <= 7.469056931592149,0.09633621228578905
ndev,14.2222222222222,0.02384246640878926,0.0,69.0,1.3178935157767122 < ndev <= 19.676973226328325,0.09024114776309387
ns,2.0,0.018686471861930804,1.0,17.0,1.4982210105975038 < ns <= 2.4933277552071154,0.07072626797711508
