feature,value,importance,min,max,rule,importance_ratio
la,544.0,0.08337290608513902,0.0,5443.0,232.12256852430914 < la <= 634.8693949676458,0.38182736283277335
ent,2.21388508594207,0.0711516235909886,0.0,6.1766722717358205,1.859443113064771 < ent <= 3.211235469649216,0.3258569009130398
ndev,5.66666666666667,0.023445647240380476,0.0,69.0,1.3178935157767122 < ndev <= 19.676973226328325,0.10737528624179347
age,1.5,0.018933184099298554,0.0,719.0,0.17827197041034992 < age <= 4.711007645331282,0.08670931714051347
aexp,37.0,-0.009077972362903449,0.0,1586.0,25.247947355628696 < aexp <= 131.9212898998478,0.04157487617927795
