feature,value,importance,min,max,rule,importance_ratio
ent,3.95283179812142,0.27037899555924877,0.0,6.1766722717358205,ent > 3.2367409858111866,0.6396496483780952
la,443.0,0.08353588953753341,0.0,5443.0,232.12256852430914 < la <= 634.8693949676458,0.19762519739787107
age,108.869565217391,-0.016814922488152206,0.0,719.0,4.711007645331282 < age <= 231.9953250592234,0.039779936436277544
asexp,0.499981116298762,0.013867601122530725,0.0,601.0,0.2486852207514758 < asexp <= 1.223116260852592,0.03280730503317024
ndev,6.95652173913043,0.013633976804173402,0.0,69.0,1.3178935157767122 < ndev <= 19.676973226328325,0.032254607835739135
