feature,value,importance,min,max,rule,importance_ratio
ent,3.95283179812142,0.26729077890420594,0.0,6.1766722717358205,ent > 3.2367409858111866,0.629501862142073
la,443,0.08804285895270202,0.0,5443.0,232.12256852430914 < la <= 634.8693949676458,0.20735149894153604
age,108.869565217391,-0.01647468849229829,0.0,719.0,4.711007645331282 < age <= 231.9953250592234,0.038799868542525186
asexp,0.499981116298762,0.014125566196260845,0.0,601.0,0.2486852207514758 < asexp <= 1.223116260852592,0.0332674036149378
ndev,6.95652173913043,0.014019566558244226,0.0,69.0,1.3178935157767122 < ndev <= 19.676973226328325,0.03301776174629047
