feature,value,importance,min,max,rule,importance_ratio
ent,3.59295052426723,0.2693868593948585,0.0,6.1766722717358205,ent > 3.2367409858111866,0.565836118380567
la,464.0,0.08265987781451763,0.0,5443.0,232.12256852430914 < la <= 634.8693949676458,0.17362370426473478
ld,473.0,-0.03568744362467198,0.0,7734.0,100.73397805831269 < ld <= 4104.509049685157,0.07496002077039365
aexp,711.0,0.030871034989982428,0.0,1586.0,152.66332872789042 < aexp <= 1468.301220106593,0.06484335074235517
age,43.1923076923077,-0.015708186207163872,0.0,719.0,4.711007645331282 < age <= 231.9953250592234,0.03299440488755484
