feature,value,importance,min,max,rule,importance_ratio
la,276.0,0.08089787855040499,0.0,5443.0,232.12256852430914 < la <= 634.8693949676458,0.2788613105812175
ent,2.09172670122358,0.07233421755320256,0.0,6.1766722717358205,1.859443113064771 < ent <= 3.211235469649216,0.24934170176273418
ld,288.0,-0.03607757107993464,0.0,7734.0,100.73397805831269 < ld <= 4104.509049685157,0.12436220744242542
aexp,192.0,0.031285281036168795,0.0,1586.0,152.66332872789042 < aexp <= 1468.301220106593,0.10784280908197023
ndev,9.14285714285714,0.024186629881250383,0.0,69.0,1.3178935157767122 < ndev <= 19.676973226328325,0.08337320369935156
