feature,value,importance,min,max,rule,importance_ratio
ent,4.6814475496205805,0.2666500158745452,0.0,6.1766722717358205,ent > 3.2367409858111866,0.5640129571875595
la,337,0.08806259917844039,0.0,5443.0,232.12256852430914 < la <= 634.8693949676458,0.18626830685666704
ld,228,-0.03595367118304564,0.0,7734.0,100.73397805831269 < ld <= 4104.509049685157,0.07604851002611365
aexp,3,-0.023120150651104544,0.0,1586.0,aexp <= 7.469056931592149,0.04890329556734963
ndev,4.28571428571429,0.01605309253011379,0.0,69.0,1.3178935157767122 < ndev <= 19.676973226328325,0.03395519089027486
