feature,value,importance,min,max,rule,importance_ratio
ent,3.18332759102135,0.07231414688196046,0.0,6.1766722717358205,1.859443113064771 < ent <= 3.211235469649216,0.2925777186473517
la,219.0,-0.040606160555907385,0.0,5443.0,100.89045653715445 < la <= 232.12256852430914,0.1642895385030003
ld,214.0,-0.03600680266828637,0.0,7734.0,100.73397805831269 < ld <= 4104.509049685157,0.14568087483170764
aexp,717.0,0.03393173745233118,0.0,1586.0,152.66332872789042 < aexp <= 1468.301220106593,0.13728531361573076
ndev,3.94736842105263,0.025580058030204248,0.0,69.0,1.3178935157767122 < ndev <= 19.676973226328325,0.10349503304741374
