feature,value,importance,min,max,rule,importance_ratio
la,1898,0.47433965681375395,0.0,8851.0,la > 127.55870158356693,0.6608794604448803
nuc,277.727272727273,0.07973215783363378,0.0,2540.0,98.92887678384466 < nuc <= 651.0101726634492,0.11108779266559952
arexp,137.0,-0.07139038184842501,0.0,2480.61666666637,26.57366470205011 < arexp <= 346.65992743262416,0.09946551244284042
ld,764,0.04443742650653779,0.0,9293.0,49.90409840300467 < ld <= 956.0803284937488,0.06191298161842447
asexp,0.53207995487794,0.030820619874362486,0.0,3637.0,-0.6613834552044295 < asexp <= -0.6613834552044295,0.042941201184751594
