feature,value,importance,min,max,rule,importance_ratio
nuc,552.75,0.07995486879734881,0.0,2540.0,98.92887678384466 < nuc <= 651.0101726634492,0.31872812874565637
la,70,0.060136177257339815,0.0,8851.0,63.87907576461171 < la <= 127.55870158356693,0.23972387842608242
arexp,418.0,-0.050764057955137505,0.0,2480.61666666637,346.65992743262416 < arexp <= 530.7095285027044,0.20236332624828887
asexp,1.06706455827259,0.02515589912614711,0.0,3637.0,-0.6613834552044295 < asexp <= -0.6613834552044295,0.10028023028482816
ld,49,-0.0155880372161737,0.0,9293.0,18.97658201765504 < ld <= 49.90409840300467,0.06213937947070257
