feature,value,importance,min,max,rule,importance_ratio
la,403,0.47353742665664106,0.0,8851.0,la > 127.55870158356693,0.6727276910380032
nuc,217.652173913043,0.08124370324248113,0.0,2540.0,98.92887678384466 < nuc <= 651.0101726634492,0.11541830870597897
arexp,870.9833333333611,0.0565883826301915,0.0,2480.61666666637,722.7612861410488 < arexp <= 1250.903619646496,0.08039189690910546
ld,91,0.04605836086081719,0.0,9293.0,49.90409840300467 < ld <= 956.0803284937488,0.06543249384458795
asexp,1.25720880955949,0.03198365055663465,0.0,3637.0,-0.6613834552044295 < asexp <= -0.6613834552044295,0.04543735337213904
