feature,value,importance,min,max,rule,importance_ratio
la,592,0.47361786932267846,0.0,8851.0,la > 127.55870158356693,0.7267765624240453
ld,374,0.04662199946039323,0.0,9293.0,49.90409840300467 < ld <= 956.0803284937488,0.07154243683756595
nuc,1146.5,-0.04409118593161322,0.0,2540.0,nuc > 651.0101726634492,0.06765885035208676
asexp,0.0,0.03613838254288054,0.0,3637.0,asexp <= -0.6613834552044295,0.055455106610822744
arexp,0.0,-0.03608133477223469,0.0,2480.61666666637,arexp <= 26.57366470205011,0.05536756560924854
