feature,value,importance,min,max,rule,importance_ratio
la,640,0.47467662419925855,0.0,8851.0,la > 127.55870158356693,0.6595695825052931
nuc,358.071428571429,0.07987447430493448,0.0,2540.0,98.92887678384466 < nuc <= 651.0101726634492,0.11098666120120622
arexp,102.0,-0.07121122375186689,0.0,2480.61666666637,26.57366470205011 < arexp <= 346.65992743262416,0.09894895751174262
ld,153,0.04470528247058849,0.0,9293.0,49.90409840300467 < ld <= 956.0803284937488,0.06211859398943055
asexp,0.402908821594863,0.031025708051133593,0.0,3637.0,-0.6613834552044295 < asexp <= -0.6613834552044295,0.04311064051392413
