feature,value,importance,min,max,rule,importance_ratio
la,340,0.4734515362654158,0.0,8851.0,la > 127.55870158356693,0.7275309354798744
ld,147,0.04649863555718241,0.0,9293.0,49.90409840300467 < ld <= 956.0803284937488,0.07145228863824005
nuc,838.5,-0.04425762771646007,0.0,2540.0,nuc > 651.0101726634492,0.06800863621366653
arexp,0.0,-0.036397622696314864,0.0,2480.61666666637,arexp <= 26.57366470205011,0.05593053240120571
asexp,0.0,0.035054381917711035,0.0,3637.0,asexp <= -0.6613834552044295,0.0538664368277899
