feature,value,importance,min,max,rule,importance_ratio
la,2054,0.4738540912495749,0.0,8851.0,la > 127.55870158356693,0.6798765142747933
nuc,136.06,0.07977268257523976,0.0,2540.0,98.92887678384466 < nuc <= 651.0101726634492,0.11445627328146911
ld,523,0.047101356974254376,0.0,9293.0,49.90409840300467 < ld <= 956.0803284937488,0.06758009899803206
arexp,442.4999999999992,-0.0454007919304665,0.0,2480.61666666637,346.65992743262416 < arexp <= 530.7095285027044,0.06514016177765442
asexp,0.251544408919542,0.031800075417659744,0.0,3637.0,-0.6613834552044295 < asexp <= -0.6613834552044295,0.04562612168572987
