feature,value,importance,min,max,rule,importance_ratio
la,152,0.47408739289232443,0.0,8851.0,la > 127.55870158356693,0.7155323121240633
ld,59,0.047526258526833044,0.0,9293.0,49.90409840300467 < ld <= 956.0803284937488,0.07173060106669923
arexp,410.916666666664,-0.04460632440110918,0.0,2480.61666666637,346.65992743262416 < arexp <= 530.7095285027044,0.06732359246964997
nuc,885.666666666667,-0.043672780650391485,0.0,2540.0,nuc > 651.0101726634492,0.0659146102262185
asexp,0.625069572662775,0.034562654766908514,0.0,3637.0,-0.6613834552044295 < asexp <= -0.6613834552044295,0.052164846923336575
