feature,value,importance,min,max,rule,importance_ratio
la,369,0.4723344283964208,0.0,8851.0,la > 127.55870158356693,0.6593641523600804
nuc,330.3,0.0800465429109169,0.0,2540.0,98.92887678384466 < nuc <= 651.0101726634492,0.11174248105309503
ld,620,0.045761801089194615,0.0,9293.0,49.90409840300467 < ld <= 956.0803284937488,0.0638820491830065
arexp,0.0,-0.0393439241773276,0.0,2480.61666666637,arexp <= 26.57366470205011,0.05492289288285865
asexp,0.0,0.03792330756623995,0.0,3637.0,asexp <= -0.6613834552044295,0.052939756335352306
