feature,value,importance,min,max,rule,importance_ratio
la,312,0.4761731167991201,0.0,8851.0,la > 127.55870158356693,0.7475270928847294
arexp,37.3333333333333,-0.06839253401675288,0.0,2480.61666666637,26.57366470205011 < arexp <= 346.65992743262416,0.10736698550357499
nuc,876.0,-0.04256362667974667,0.0,2540.0,nuc > 651.0101726634492,0.06681911051262591
asexp,0.8509190901805991,0.03403546199318846,0.0,3637.0,-0.6613834552044295 < asexp <= -0.6613834552044295,0.05343105072748172
ndev,36.2857142857143,0.013317964116128974,0.0,57.5,ndev > 3.975725636739302,0.020907394070868793
