feature,value,importance,min,max,rule,importance_ratio
la,652,0.47394721585935473,0.0,8851.0,la > 127.55870158356693,0.667382042688596
nuc,197.861111111111,0.07966630086050935,0.0,2540.0,98.92887678384466 < nuc <= 651.0101726634492,0.11218097041740764
ld,309,0.04594145908006265,0.0,9293.0,49.90409840300467 < ld <= 956.0803284937488,0.06469181330531405
arexp,2.5,-0.039030350098890075,0.0,2480.61666666637,arexp <= 26.57366470205011,0.05496003332062652
asexp,1.03703703703704,0.03147584096207032,0.0,3637.0,-0.6613834552044295 < asexp <= -0.6613834552044295,0.04432225854206007
