feature,value,importance,min,max,rule,importance_ratio
la,1655,0.4769638574445474,0.0,8851.0,la > 127.55870158356693,0.6237783674876239
ld,1051,-0.14354995471543897,0.0,9293.0,ld > 956.0803284937488,0.18773614605741762
arexp,147.483333333333,-0.06839949481097567,0.0,2480.61666666637,26.57366470205011 < arexp <= 346.65992743262416,0.0894535813232537
asexp,0.227547918446589,0.03143686122467326,0.0,3637.0,-0.6613834552044295 < asexp <= -0.6613834552044295,0.041113458949961476
nuc,44.8035714285714,-0.028136828007745262,0.0,2540.0,16.979309426715872 < nuc <= 47.171255295131715,0.03679764067446541
