rule,type,coef,support,importance,Class
age > 96.04999923706055,rule,0.09801180398039222,0.8162162162162162,0.037960732714491484,Defect
ld > -0.23000000044703484 & ld > -149.06500244140625,rule,0.09179479355035147,0.8486486486486486,0.03289842925306736,Defect
ld > -0.25,rule,0.09179479355035147,0.8567567567567568,0.0321576194327264,Defect
la > -196.38999938964844 & ld > -0.23000000044703484,rule,0.09152965593855827,0.8567567567567568,0.03206473623001327,Defect
nd > -0.3850000146776438 & ld > -0.2800000049173832,rule,0.08994431394132496,0.8540540540540541,0.03175502146741948,Defect
