rule,type,coef,support,importance,Class
ld > -0.7300001382827759 & ld > -116.70000076293945,rule,0.12363897600385194,0.8837837837837837,0.03962431610261735,Defect
ld > -4.9049999713897705 & aexp > -36.86499845981598,rule,0.12390252163960941,0.9027027027027027,0.03672001964411166,Defect
la > -12.56499993801117,rule,0.0775078734638687,0.918918918918919,0.02115651758946716,Defect
aexp > -19.924999713897705 & la > -22.175000190734863,rule,0.07811142495498694,0.927027027027027,0.020316167209294314,Defect
la > -18.710000038146973 & la > -506.61500549316406,rule,0.07769917946805294,0.927027027027027,0.020208945400850102,Defect
