rule,type,coef,support,importance,Class
nuc > -16.999999523162842 & la > -0.8449999839067459,rule,0.034330279311111545,0.9,0.010299083793333464,Defect
la > 1.7249999046325684,rule,0.036162648878151606,0.927027027027027,0.009405620519186576,Defect
la > -0.7149999886751175 & aexp <= 439.6700134277344,rule,0.03554528212780504,0.9243243243243243,0.009400962282652981,Defect
la > 0.14500004053115845,rule,0.03637560386744932,0.9297297297297298,0.009297675461871492,Defect
ld > -9.519999980926514,rule,0.035506279473848434,0.927027027027027,0.00923490400010409,Defect
