rule,type,coef,support,importance,Class
age > 0.12000000476837158,rule,0.19608213123585513,0.8729729729729729,0.06529598606200436,Defect
age > 0.07499998807907104,rule,0.196082131235855,0.9135135135135135,0.055114977428456544,Defect
nuc > -23.625,rule,0.2147416568867988,0.9351351351351351,0.05288813416594347,Defect
ns <= 7.929999828338623 & aexp > -56.079999923706055,rule,0.19035566747739713,0.918918918918919,0.0519594055063022,Defect
ld > 0.49000000953674316 & nd <= 18.274999618530273,rule,0.15059643804155048,0.8648648648648649,0.05148408126699745,Defect
