rule,type,coef,support,importance,Class
la > -345.0899963378906 & age <= 82.16999816894531,rule,0.21710117677955681,0.9459459459459459,0.04909185846620623,Defect
la > -3.215000033378601 & ld > -103.8650016784668,rule,0.13820077750556697,0.8945945945945946,0.042438015069553525,Defect
age <= 81.7750015258789 & la > -366.72499084472656 & aexp > -109.71999740600586,rule,0.19586548076366217,0.9513513513513514,0.04213701464274423,Defect
la > -155.59000396728516 & la > -3.9000000953674316,rule,0.1619932727745339,0.9297297297297298,0.041405797213770135,Defect
aexp > -118.375 & la > -3.9000000953674316,rule,0.16170157489877374,0.9297297297297298,0.04133123866646414,Defect
