rule,type,coef,support,importance,Class
ld > -0.5999999940395355,rule,0.06854955221477166,0.8405405405405405,0.025096265398134445,Defect
ld > -0.7049999833106995,rule,0.06859346949540404,0.8567567567567568,0.024029714565386537,Defect
ld > -0.6649999916553497,rule,0.06857507083358434,0.8621621621621621,0.023639863818331316,Defect
ld > -0.5599999874830246,rule,0.06854955221477166,0.8621621621621621,0.023631066792440848,Defect
aexp > -27.579999923706055 & ld > -0.34999998938292265,rule,0.06799857433271772,0.8702702702702703,0.022847918334349942,Defect
