rule,type,coef,support,importance,Class
nuc > 19.859999656677246,rule,0.313678972551692,0.8729729729729729,0.10445611586627758,Defect
nd > -1.1500000357627869 & aexp > -4.2749998569488525 & nd > -0.9750000238418579,rule,0.25902690043533666,0.8918918918918919,0.08043223009131677,Defect
nd > -0.8550000190734863 & aexp > -2.569999933242798,rule,0.23482657264027879,0.8891891891891892,0.07371152439952111,Defect
aexp > -4.304999828338623,rule,0.22673583577954975,0.9054054054054054,0.06635518552429856,Defect
age > -16.34500026702881 & la > -97.95000076293945 & nd > -0.7750000208616257,rule,0.1958495181180391,0.9459459459459459,0.04428634135819581,Defect
