rule,type,coef,support,importance,Class
ld > -203.0749969482422 & la > 0.034999847412109375,rule,0.034062040233890166,0.9,0.01021861207016705,Defect
la > 0.8850002288818359,rule,0.032829440423904954,0.9027027027027027,0.009729404061503842,Defect
la > -5.4100000858306885,rule,0.034349988612036954,0.9135135135135135,0.00965513193419417,Defect
la > -6.444999933242798,rule,0.03434998861203711,0.9162162162162162,0.009517120527337624,Defect
la > -2.5750001668930054,rule,0.03431228305465776,0.9162162162162162,0.00950667370191993,Defect
