rule,type,coef,support,importance,Class
ld > -0.23999997973442078 & nd > 0.5200000107288361,rule,0.0500649259606273,0.8729729729729729,0.01667178282445469,Defect
ld > 0.014999985694885254 & nuc > -109.43000030517578,rule,0.04975187652403178,0.8783783783783784,0.0162613156215514,Defect
ld > 0.014999985694885254,rule,0.0501853670895349,0.8864864864864865,0.01591977583595018,Defect
ld > 0.11000001430511475,rule,0.050185367089534895,0.8864864864864865,0.015919775835950178,Defect
ld > -3.3350000381469727 & ld > -0.23999997973442078 & ld > -6.080000162124634,rule,0.050185367089534895,0.8891891891891892,0.015753072018752704,Defect
