rule,type,coef,support,importance,Class
nd > -6.559999942779541 & la > -6.894999742507935,rule,0.06110470412613121,0.8891891891891892,0.01918062695578544,Defect
age <= 537.8350219726562 & la > -4.050000071525574,rule,0.06484682303715618,0.9054054054054054,0.01897769251383576,Defect
nd > -6.5950000286102295 & la > -10.474999904632568,rule,0.06141090788538816,0.8972972972972973,0.018642520702107594,Defect
nd > -6.559999942779541 & la > -8.420000076293945,rule,0.06110470412613121,0.9027027027027027,0.018109122446962996,Defect
nd > -6.325000047683716 & la > -6.155000030994415,rule,0.05838792738018454,0.8972972972972973,0.017724833949202004,Defect
