rule,type,coef,support,importance,Class
la > -1.534999966621399,rule,0.06410045774783717,0.8864864864864865,0.020333913598893652,Defect
nuc <= 499.42999267578125 & ld > 0.030000001192092896,rule,0.06770799054798753,0.9027027027027027,0.020066086711431567,Defect
la > -4.515000132843852,rule,0.06426238926472876,0.8918918918918919,0.019954557889051205,Defect
ns <= 2.8949999809265137 & ld > 0.2150000035762787,rule,0.0669634350853056,0.9081081081081082,0.019343947156161986,Defect
la > -3.5749999284744263,rule,0.06422114171270668,0.9027027027027027,0.019032716639271315,Defect
