rule,type,coef,support,importance,Class
ld > -4.034999966621399 & nd > 2.819999933242798,rule,0.05171198048442326,0.8648648648648649,0.017678663853941064,Defect
ld > -1.4149999618530273,rule,0.055646572555885884,0.8945945945945946,0.017087675824403827,Defect
nd > -0.17999999970197678 & ld > -2.3949999809265137,rule,0.05517628759241142,0.8945945945945946,0.016943263030734054,Defect
ld > -1.3449999690055847,rule,0.055646572555885884,0.9081081081081082,0.016074807954091948,Defect
ld > -2.9149999618530273,rule,0.047870735760165026,0.8837837837837837,0.015341805853896358,Defect
