rule,type,coef,support,importance,Class
ld > -12.309999942779541 & nd <= 12.420000076293945,rule,0.11693407811156671,0.9405405405405406,0.02765287779652806,Defect
aexp <= 793.5400085449219 & ld > -37.81999969482422,rule,0.09388057835974646,0.9081081081081082,0.027119590631325994,Defect
ld > -38.260000228881836,rule,0.09360222305172199,0.9243243243243243,0.024755773925715294,Defect
ld > -37.864999771118164,rule,0.09352405657043054,0.9324324324324325,0.02347476015578572,Defect
ld > -38.204999923706055 & ld > -219.14500427246094,rule,0.09360222305172199,0.9378378378378378,0.022600242268226774,Defect
