rule,type,coef,support,importance,Class
age > -2.805000066757202 & ld > -4.830000162124634,rule,0.1813996781893605,0.8540540540540541,0.06404352229362585,Defect
aexp > -3.4400000870227814 & la > -12.025000095367432,rule,0.18142062182232135,0.8918918918918919,0.056334169050389696,Defect
age > -2.8949999809265137,rule,0.2025112454181747,0.918918918918919,0.05527738711282999,Defect
age > -2.625,rule,0.19838176848869496,0.918918918918919,0.054150206771150726,Defect
la <= 222.2750015258789 & ld > -19.695000648498535,rule,0.1850168012994925,0.9162162162162162,0.051261361901375056,Defect
