rule,type,coef,support,importance,Class
ld > -0.38499998301267624,rule,0.08532883552808392,0.918918918918919,0.023291324210826185,Defect
age <= 38.114999771118164 & age > -8.674999713897705,rule,0.09876255888873971,0.9432432432432433,0.022851408318586952,Defect
aexp > -8.474999904632568 & aexp > 53.385000228881836,rule,0.06797385536495312,0.8891891891891892,0.021336837828564548,Defect
ld > -8.390000104904175 & nd > 1.0149999856948853,rule,0.07296798227964303,0.9135135135135135,0.020509919343467232,Defect
age > 1.3149999976158142 & age <= 38.30999946594238,rule,0.0703595471660779,0.9108108108108108,0.02005364081725077,Defect
