rule,type,coef,support,importance,Class
ld > -184.8300018310547 & age > -71.59499740600586 & ld > -0.6650000214576721,rule,0.17565128030853117,0.8432432432432433,0.06386176089440797,Defect
age > -71.59499740600586 & la > -1.5399999897927046,rule,0.18403241000695877,0.8783783783783784,0.06015067798040509,Defect
la > -0.4049999713897705 & age > -71.59499740600586,rule,0.1840324100069588,0.8972972972972973,0.05586675285466343,Defect
age > -71.59499740600586 & la > -0.8800000231713057,rule,0.18403241000695877,0.9108108108108108,0.05245229677646177,Defect
age > -71.59499740600586 & ld > -13.309999942779541,rule,0.1647597627910226,0.8972972972972973,0.05001615176311053,Defect
