rule,type,coef,support,importance,Class
nuc > -166.1699981689453 & ld > -1.5399999618530273,rule,0.11282461935416066,0.8918918918918919,0.0350339510244207,Defect
la > -0.04999999701976776,rule,0.08630488081152914,0.8864864864864865,0.027377589041377184,Defect
la > -326.1549987792969 & la > -0.04999999701976776,rule,0.08630488081152914,0.8972972972972973,0.02619958868259436,Defect
la > -0.3799999952316284,rule,0.08641499313402509,0.9135135135135135,0.024289619691725974,Defect
la > 0.125,rule,0.08630488081152914,0.9135135135135135,0.02425866920107846,Defect
