rule,type,coef,support,importance,Class
la > -10.244999408721924 & aexp > -174.35499572753906,rule,0.1274906871985287,0.9405405405405406,0.030149332429273843,Defect
la > 6.024999618530273,rule,0.12825930247076553,0.9432432432432433,0.029676283445818807,Defect
la > -26.609999656677246,rule,0.13146068276017905,0.9486486486486486,0.029015129828769574,Defect
la > -1102.9650268554688 & la > -27.02999973297119,rule,0.13146068276017905,0.9486486486486486,0.029015129828769574,Defect
ld > -23.505000591278076 & nd > 0.5650000125169754,rule,0.15755024125813802,0.9648648648648649,0.0290083570756952,Defect
