rule,type,coef,support,importance,Class
la > -0.4250000063329935 & age > -3.1399999856948853,rule,0.26122296728798733,0.8810810810810811,0.08455606668766914,Defect
age > -3.1399999856948853 & la > -0.3000000063329935,rule,0.26122296728798733,0.8918918918918919,0.08111414596218365,Defect
age > -0.4050000011920929,rule,0.32337642978274794,0.9621621621621622,0.061701490419704096,Defect
nd > 0.10500000044703484 & age > -1.675000011920929,rule,0.32662244808280966,0.9648648648648649,0.060138153564613814,Defect
age > -1.5799999833106995,rule,0.25339830547501846,0.9540540540540541,0.05305347014086309,Defect
