rule,type,coef,support,importance,Class
nd > -0.8499999940395355 & la > -181.4550018310547,rule,0.1553722093073368,0.9405405405405406,0.03674282797913785,Defect
la > 37.03000068664551 & aexp > -163.84000396728516,rule,0.0835672541769269,0.8540540540540541,0.029503587654164973,Defect
la > 38.0,rule,0.0857077396952554,0.8756756756756757,0.02827937056480669,Defect
la > 37.03000068664551,rule,0.0857077396952554,0.8810810810810811,0.02774300218912899,Defect
la > 39.375,rule,0.08537547570236247,0.8891891891891892,0.026799166676914548,Defect
