rule,type,coef,support,importance,Class
la > 133.21499633789062,rule,0.06392256243255037,0.8648648648648649,0.02185306931472135,Defect
aexp > -0.46000000834465027 & la > -14.539999961853027,rule,0.08450155074597258,0.9297297297297298,0.021598761568985866,Defect
la > -15.46999979019165 & aexp > 7.745000123977661,rule,0.08348630105463856,0.9378378378378378,0.020157754467758193,Defect
la > -14.539999961853027 & aexp > -2.68500018119812,rule,0.06615489680771772,0.9324324324324325,0.016605036101298983,Defect
la > -15.46999979019165 & aexp > -9.855000019073486,rule,0.06949565520889947,0.9405405405405406,0.01643451500124541,Defect
