rule,type,coef,support,importance,Class
la > -238.2550048828125 & la > -524.635009765625 & ld > -1.8949999809265137,rule,0.053084756654054675,0.8567567567567568,0.018596690902993426,Defect
ld > -1.0199999855831265 & la > -354.0899963378906,rule,0.04671841839731897,0.8405405405405405,0.017103799940323346,Defect
la > -421.13999938964844 & ld > -31.875 & nd > 0.4699999839067459,rule,0.054572132161978135,0.8972972972972973,0.016566472286756333,Defect
ld > -1.8949999809265137,rule,0.046778921163555136,0.8540540540540541,0.016515392476510054,Defect
ld > -1.7299999594688416,rule,0.0467327283436631,0.8621621621621621,0.016110159573648135,Defect
