rule,type,coef,support,importance,Class
age > -0.8050000071525574 & la > -167.7050018310547,rule,0.07680238759860775,0.9432432432432433,0.01777032448941806,Defect
age > -0.5150000154972076,rule,0.06638280627610219,0.9351351351351351,0.016349239432818012,Defect
la > 2.9650001525878906,rule,0.048493566724375575,0.8918918918918919,0.015058072000121485,Defect
la > -0.1850000023841858 & ld > -124.78499984741211,rule,0.049182714955580964,0.9027027027027027,0.014575895917378446,Defect
la > -0.44499993324279785,rule,0.04964824915786518,0.9081081081081082,0.014342052597544471,Defect
