rule,type,coef,support,importance,Class
nuc > -6.9049999713897705 & la > -15.614999771118164,rule,0.1221919096935144,0.8378378378378378,0.045039877467617215,Defect
la > -1.4300000369548798,rule,0.0707281862260707,0.9297297297297298,0.018078262671132578,Defect
la > 2.599999964237213 & la > -234.01000213623047,rule,0.06617483548498966,0.918918918918919,0.018063056156106785,Defect
ld > -159.27999877929688 & la > -1.2899999916553497,rule,0.06772521100716429,0.9243243243243243,0.017911861044563944,Defect
la > 0.4799998998641968,rule,0.06629049374850457,0.9216216216216216,0.017816636444812732,Defect
