rule,type,coef,support,importance,Class
la > -0.9599999189376831 & age > -17.230000019073486,rule,0.1985203960433079,0.8675675675675676,0.06729053250007264,Defect
la > 11.130000114440918,rule,0.17966126055282808,0.845945945945946,0.06485781521282405,Defect
ld > -0.6049999892711639,rule,0.1724766689978909,0.8486486486486486,0.06181408850513292,Defect
la > 11.355000019073486,rule,0.17966126055282808,0.8702702702702703,0.060367233419808694,Defect
ld > -62.6150016784668 & aexp > 1.8649999499320984 & la > -248.95000457763672,rule,0.17145473114088083,0.8648648648648649,0.0586148611910252,Defect
