rule,type,coef,support,importance,Class
nuc > 1.0150000154972076 & la > -4.0799999833106995,rule,0.11533982031514764,0.7864864864864864,0.04726477410307772,Defect
aexp > -6.775000125169754 & ld > -0.4299999922513962,rule,0.10539282259556562,0.8648648648648649,0.0360304182093023,Defect
la > 28.774999618530273,rule,0.10829496692367731,0.9027027027027027,0.032094530927808076,Defect
la > -116.11000061035156 & la > 28.774999618530273,rule,0.10829496692367731,0.9108108108108108,0.030865866204018332,Defect
ld > 0.2199999839067459 & ld <= 337.36500549316406,rule,0.10317043000497908,0.9027027027027027,0.03057581206856721,Defect
