rule,type,coef,support,importance,Class
age > 50.85000038146973 & ld > -430.3800048828125,rule,0.2893830265362559,0.9,0.08681490796087678,Defect
la > -576.3150024414062 & ld > -10.8100004196167,rule,0.2258746416430487,0.8594594594594595,0.07850204751375157,Defect
ld > -321.7449951171875 & ld > -1.625,rule,0.2096537623859029,0.8621621621621621,0.0722738792910771,Defect
ld > -380.89500427246094 & ld > -2.350000023841858,rule,0.2096537623859029,0.8675675675675676,0.07106430166759015,Defect
ld > -2.350000023841858,rule,0.2096537623859029,0.8783783783783784,0.06852497311847386,Defect
