feature,value,importance,min,max,rule,importance_ratio
la,1471,0.5187261550414566,0.0,9886.0,la > 658.2665061764585,0.8050236597438395
aexp,16,-0.05376335128939316,0.0,1411.0,2.7519982932250286 < aexp <= 111.43266686158816,0.08343664454633477
asexp,13.0,0.04594120898885164,0.0,1042.0,0.24155171339806714 < asexp <= 14.706492054882105,0.07129727281691856
age,19.8166666666667,0.01324242563336351,0.0,1520.0,4.1005163349584635 < age <= 191.44947579329659,0.020551240464063238
nd,20,-0.005753822714400241,1.0,51.0,nd > 14.503678360627504,0.008929496563930786
