feature,value,importance,min,max,rule,importance_ratio
la,1760,0.5161184811125563,0.0,9886.0,la > 658.2665061764585,0.7621248116973932
asexp,0.520590008959613,0.09123230661663173,0.0,1042.0,0.24155171339806714 < asexp <= 0.24155171339806714,0.13471791273786213
aexp,234,0.050766868986492075,0.0,1411.0,111.43266686158816 < aexp <= 819.6099265651155,0.07496474527204297
age,11.5172413793103,0.011501951931537567,0.0,1520.0,4.1005163349584635 < age <= 191.44947579329659,0.01698432292344874
ns,4,-0.0029376808351637158,1.0,25.0,3.5048193027889174 < ns <= 5.502199396395964,0.004337917620194514
