feature,value,importance,min,max,rule,importance_ratio
la,2086,0.5186328691657711,0.0,9886.0,la > 658.2665061764585,0.8076545050133187
aexp,24,-0.054577412135753366,0.0,1411.0,2.7519982932250286 < aexp <= 111.43266686158816,0.0849920924879147
asexp,15.0,-0.0477164617069287,0.0,1042.0,14.706492054882105 < asexp <= 620.167566348428,0.07430769924568434
age,14.7857142857143,0.012158540119118754,0.0,1520.0,4.1005163349584635 < age <= 191.44947579329659,0.018934202372068883
ld,124,-0.005427947028753789,0.0,9281.0,112.20019725353488 < ld <= 3343.50552216309,0.008452811480688131
