feature,value,importance,min,max,rule,importance_ratio
la,1373.0,0.4654069330276878,0.0,9886.0,la > 658.2665061764585,0.6650458876831504
ns,1.0,-0.09924569529228396,1.0,25.0,ns <= 1.4938515894974689,0.14181770154348308
aexp,7.0,-0.04266759881066281,0.0,1411.0,2.7519982932250286 < aexp <= 111.43266686158816,0.060970108334543555
asexp,7.0,0.033388361858993236,0.0,1042.0,0.24155171339806714 < asexp <= 14.706492054882105,0.04771048984240078
nd,9.0,0.023586705607451124,1.0,51.0,5.4934450612931585 < nd <= 14.503678360627504,0.03370435731625699
