feature,value,importance,min,max,rule,importance_ratio
la,2131.0,0.47263099461922786,0.0,9886.0,la > 658.2665061764585,0.7905927738720698
asexp,1.0,0.0325735703421031,0.0,1042.0,0.24155171339806714 < asexp <= 14.706492054882105,0.05448739000375453
nd,11.0,0.026510013006787417,1.0,51.0,5.4934450612931585 < nd <= 14.503678360627504,0.04434458373874929
aexp,1.0,-0.020970786981044563,0.0,1411.0,-0.7538297251092558 < aexp <= 2.7519982932250286,0.035078851870435114
nuc,2.06896551724138,-0.016470870043898782,0.0,251.0,1.3648501486098876 < nuc <= 29.723545593620806,0.027551622691574025
