feature,value,importance,min,max,rule,importance_ratio
la,3077.0,0.47206571397562425,0.0,9886.0,la > 658.2665061764585,0.6867351242799062
ns,1.0,-0.09520950038455407,1.0,25.0,ns <= 1.4938515894974689,0.13850552188713008
aexp,261.0,0.0359714473778895,0.0,1411.0,111.43266686158816 < aexp <= 819.6099265651155,0.05232927462056399
nd,7.0,0.025861693893921192,1.0,51.0,5.4934450612931585 < nd <= 14.503678360627504,0.037622163704199726
asexp,145.0,-0.02360086588782134,0.0,1042.0,14.706492054882105 < asexp <= 620.167566348428,0.03433323600667869
