feature,value,importance,min,max,rule,importance_ratio
la,2215,0.5181260676004141,0.0,9886.0,la > 658.2665061764585,0.8079966313394087
aexp,137,0.0512171104634455,0.0,1411.0,111.43266686158816 < aexp <= 819.6099265651155,0.07987101076203268
asexp,1.0,0.04564721128271796,0.0,1042.0,0.24155171339806714 < asexp <= 14.706492054882105,0.07118497843061405
age,15.4358974358974,0.012975684767128917,0.0,1520.0,4.1005163349584635 < age <= 191.44947579329659,0.02023505520522833
nuc,0.4102564102564099,0.009699685290645443,0.0,251.0,nuc <= 0.8396891218504265,0.015126266617293948
