feature,value,importance,min,max,rule,importance_ratio
la,1115,0.5188123173706156,0.0,9886.0,la > 658.2665061764585,0.812476909789713
aexp,7,-0.051998670541352605,0.0,1411.0,2.7519982932250286 < aexp <= 111.43266686158816,0.08143160395405903
asexp,7.0,0.045695292516974274,0.0,1042.0,0.24155171339806714 < asexp <= 14.706492054882105,0.07156030960152954
age,6.125,0.01314802390086971,0.0,1520.0,4.1005163349584635 < age <= 191.44947579329659,0.020590231710302376
ld,6,0.004585974043491322,0.0,9281.0,4.333691487323307 < ld <= 18.403235717698735,0.007181784037270617
