feature,value,importance,min,max,rule,importance_ratio
la,2164.0,0.4702076338839004,0.0,9886.0,la > 658.2665061764585,0.6685577501510337
ns,1.0,-0.09786101781671824,1.0,25.0,ns <= 1.4938515894974689,0.13914223671491843
aexp,11.0,-0.042216063454706146,0.0,1411.0,2.7519982932250286 < aexp <= 111.43266686158816,0.06002428367736882
asexp,11.0,0.033775195946558804,0.0,1042.0,0.24155171339806714 < asexp <= 14.706492054882105,0.048022761405266956
nd,8.0,0.023766748776912972,1.0,51.0,5.4934450612931585 < nd <= 14.503678360627504,0.03379239924169554
