feature,value,importance,min,max,rule,importance_ratio
la,2573.0,0.465487953614512,0.0,9886.0,la > 658.2665061764585,0.6671774742480467
ns,1.0,-0.09898177053825133,1.0,25.0,ns <= 1.4938515894974689,0.1418692087550758
aexp,9.0,-0.04256211023000967,0.0,1411.0,2.7519982932250286 < aexp <= 111.43266686158816,0.06100368652169459
asexp,9.0,0.03374430538424141,0.0,1042.0,0.24155171339806714 < asexp <= 14.706492054882105,0.04836524825550517
nd,11.0,0.02392327572530131,1.0,51.0,5.4934450612931585 < nd <= 14.503678360627504,0.0342889016787835
