feature,value,importance,min,max,rule,importance_ratio
la,1818.0,0.46580248025414106,0.0,9886.0,la > 658.2665061764585,0.7620904425641202
aexp,38.0,-0.043124694594657176,0.0,1411.0,2.7519982932250286 < aexp <= 111.43266686158816,0.07055548002053094
asexp,0.8121487846619859,0.03310443382681419,0.0,1042.0,0.24155171339806714 < asexp <= 0.24155171339806714,0.054161524885283543
nd,10.0,0.025655152870856263,1.0,51.0,5.4934450612931585 < nd <= 14.503678360627504,0.04197390017059101
nuc,28.35,-0.015694764871599168,0.0,251.0,1.3648501486098876 < nuc <= 29.723545593620806,0.025677901715789507
