feature,value,importance,min,max,rule,importance_ratio
la,2299,0.5197660288164312,0.0,9886.0,la > 658.2665061764585,0.8032332517229044
aexp,38,-0.0535223220660041,0.0,1411.0,2.7519982932250286 < aexp <= 111.43266686158816,0.08271204043621785
asexp,1.04309219750576e-06,0.04806506487228775,0.0,1042.0,asexp <= 0.24155171339806714,0.0742785334385046
age,22.46428571428569,0.010797205305179388,0.0,1520.0,4.1005163349584635 < age <= 191.44947579329659,0.016685727511949446
nd,21,-0.009667353773433232,1.0,51.0,nd > 14.503678360627504,0.014939683581615768
