feature,value,importance,min,max,rule,importance_ratio
la,895,0.5157749503805285,0.0,9886.0,la > 658.2665061764585,0.8155448202718211
aexp,40,-0.052817224082936196,0.0,1411.0,2.7519982932250286 < aexp <= 111.43266686158816,0.08351474512322664
asexp,32.0,-0.04674208604801648,0.0,1042.0,14.706492054882105 < asexp <= 620.167566348428,0.07390871956273802
nuc,0.0,0.006618930341439197,0.0,251.0,nuc <= 0.8396891218504265,0.01046587150407008
age,0.0,-0.006199857604349832,0.0,1520.0,age <= 0.18108203666687217,0.00980323249882523
