feature,value,importance,min,max,rule,importance_ratio
nd,5,0.1937304417434011,1.0,32.0,3.5021749794480725 < nd <= 9.505482373642016,0.3394942072806512
aexp,1,-0.09113115611561157,0.0,1406.0,0.37596446854337273 < aexp <= 0.37596446854337273,0.15969869952094226
la,207,0.09042826093172887,0.0,8960.0,143.122304060467 < la <= 476.1618029404084,0.15846694244081486
nuc,2.81818181818182,-0.05997650713657264,0.0,258.0,2.691750895275984 < nuc <= 12.62508428119034,0.10510313486386615
asexp,0.5,0.05535919485575822,0.0,1051.0,0.4721763844552811 < asexp <= 0.4721763844552811,0.0970117334380719
