feature,value,importance,min,max,rule,importance_ratio
nd,4,0.16786751480281423,1.0,32.0,3.5021749794480725 < nd <= 9.505482373642016,0.39755788033069095
aexp,173,-0.10236791033058286,0.0,1406.0,0.37596446854337273 < aexp <= 288.3855622881154,0.24243624201331473
nuc,6.66666666666667,-0.07746433160102911,0.0,258.0,2.691750895275984 < nuc <= 12.62508428119034,0.18345750521602766
la,92,0.02586292088865296,0.0,8960.0,53.20163936288285 < la <= 143.122304060467,0.06125073108832876
ld,37,-0.01912652594492948,0.0,6029.0,22.18677224437222 < ld <= 41.046938775510206,0.04529703749822032
