feature,value,importance,min,max,rule,importance_ratio
la,1042.0,0.3331831414330097,0.0,8960.0,la > 476.1618029404084,0.4743468101397842
nd,6.0,0.15754708256263106,1.0,32.0,3.5021749794480725 < nd <= 9.505482373642016,0.22429693092811834
ns,3.0,-0.06903286361508422,1.0,22.0,1.5032147725771707 < ns <= 5.499821160683655,0.0982808389097737
aexp,49.0,-0.058444174107982576,0.0,1406.0,0.37596446854337273 < aexp <= 288.3855622881154,0.08320591324081052
nuc,4.6,-0.037311482217266094,0.0,258.0,2.691750895275984 < nuc <= 12.62508428119034,0.053119682152063384
