feature,value,importance,min,max,rule,importance_ratio
la,9718.0,0.459587678391096,0.0,8960.0,la > 476.1618029404084,0.6322453907968992
nd,9.0,0.17576136624641955,1.0,32.0,3.5021749794480725 < nd <= 9.505482373642016,0.24179132495127698
nuc,2.76,-0.03953941981084665,0.0,258.0,2.691750895275984 < nuc <= 12.62508428119034,0.05439357299069775
asexp,0.0055341027908672,0.015979238542542046,0.0,1051.0,asexp <= 0.4721763844552811,0.0219823123899531
ld,147.0,-0.01566183646370646,0.0,6029.0,41.046938775510206 < ld <= 2168.054608676072,0.02154566882701932
