feature,value,importance,min,max,rule,importance_ratio
nd,21.0,0.38728122313906194,1.0,32.0,nd > 9.505482373642016,0.43564004902684067
la,1170.0,0.2948767883631789,0.0,8960.0,la > 476.1618029404084,0.3316973064126223
nuc,38.9574468085106,0.12259296416528612,0.0,258.0,nuc > 28.879629821777467,0.13790083724284824
aexp,33.0,-0.05389118154802713,0.0,1406.0,0.37596446854337273 < aexp <= 288.3855622881154,0.060620436956394644
ld,1164.0,-0.011302348610074332,0.0,6029.0,41.046938775510206 < ld <= 2168.054608676072,0.012713644267858664
