feature,value,importance,min,max,rule,importance_ratio
la,2076,0.4375884337028562,0.0,8960.0,la > 476.1618029404084,0.5117978032446138
nd,7,0.17372718319004693,1.0,32.0,3.5021749794480725 < nd <= 9.505482373642016,0.20318907876097336
aexp,67,-0.09754769074355561,0.0,1406.0,0.37596446854337273 < aexp <= 288.3855622881154,0.11409052431225365
nuc,11.45,-0.06009446178138307,0.0,258.0,2.691750895275984 < nuc <= 12.62508428119034,0.07028570948875723
asexp,0.845377605736098,0.03236593639020844,0.0,1051.0,0.4721763844552811 < asexp <= 0.4721763844552811,0.037854782870499495
