feature,value,importance,min,max,rule,importance_ratio
nuc,184.0,0.16587663102449268,0.0,258.0,nuc > 28.879629821777467,0.3622216391914926
asexp,0.9394770115613952,0.14260394921038777,0.0,1051.0,0.4721763844552811 < asexp <= 0.4721763844552811,0.3114015272623903
aexp,273,-0.07239941183735853,0.0,1406.0,0.37596446854337273 < aexp <= 288.3855622881154,0.15809721640871602
ns,2,-0.03687950385398786,1.0,22.0,1.5032147725771707 < ns <= 5.499821160683655,0.08053307000543061
age,2.75,-0.018912027608290062,0.0,1848.0,0.41177186484198103 < age <= 5.089545732629134,0.041297834411033435
