feature,value,importance,min,max,rule,importance_ratio
asexp,238.0,0.043474674568267944,0.0,1051.0,0.4721763844552811 < asexp <= 271.98033519339464,0.3466257409846875
ld,1,0.020652184628284578,0.0,6029.0,ld <= 1.2310316542189028,0.16466089443615395
aexp,718,0.019873828512525015,0.0,1406.0,288.3855622881154 < aexp <= 796.002478445111,0.1584550224416101
ns,1,0.011206454062122678,1.0,22.0,ns <= 1.5032147725771707,0.08934961518790485
nuc,13.0,-0.008274872155075087,0.0,258.0,12.926094383793805 < nuc <= 28.277609616570537,0.06597596694605308
