feature,value,importance,min,max,rule,importance_ratio
la,301,0.38465753594730384,0.0,9094.0,295.36187796957415 < la <= 471.1648215786653,0.5533957073335829
nd,10,0.23368389614793297,1.0,46.0,6.501361706446655 < nd <= 43.480788426363866,0.33619428430740284
arexp,234.0,-0.03538729858790675,0.0,2143.5,18.99314235170766 < arexp <= 741.0350150255845,0.05091068626655517
age,72.26315789473679,0.02540023147055924,0.0,575.0,7.346025962989069 < age <= 349.3395012011218,0.036542580730856956
nuc,52.6842105263158,0.009013620930110239,0.0,480.0,17.021870288644497 < nuc <= 98.64471611143635,0.012967636570464819
