feature,value,importance,min,max,rule,importance_ratio
la,693,0.5967369527344637,0.0,9094.0,la > 471.1648215786653,0.8373023324169335
arexp,102.5,-0.039593626750934606,0.0,2143.5,18.99314235170766 < arexp <= 741.0350150255845,0.05555519207498276
age,25.5,0.02200257676598988,0.0,575.0,7.346025962989069 < age <= 349.3395012011218,0.030872579217569834
ns,1,-0.021306161417660275,1.0,8.0,ns <= 1.4995095840290027,0.029895414668239837
ld,611,-0.02076876332985909,0.0,9176.0,ld > 326.31207862573433,0.029141372756991617
