feature,value,importance,min,max,rule,importance_ratio
la,1995,0.5888630070543621,0.0,9094.0,la > 471.1648215786653,0.6476054522546667
nd,11,0.2266348650670899,1.0,46.0,6.501361706446655 < nd <= 43.480788426363866,0.24924298611085746
arexp,21.0,-0.03897078487456414,0.0,2143.5,18.99314235170766 < arexp <= 741.0350150255845,0.042858343045960035
age,9.08333333333333,0.02154315455016276,0.0,575.0,7.346025962989069 < age <= 349.3395012011218,0.023692207148890195
ns,1,-0.02033516593110824,1.0,8.0,ns <= 1.4995095840290027,0.022363714771903315
