feature,value,importance,min,max,rule,importance_ratio
la,922,0.59364611930474,0.0,9094.0,la > 471.1648215786653,0.8440529891580016
arexp,2.0,-0.06350703155112493,0.0,2143.5,arexp <= 3.296579902275539,0.0902950395364448
ns,2,0.015069807602654356,1.0,8.0,1.4995095840290027 < ns <= 2.4998972545934754,0.021426428539536867
age,0.545454545454545,-0.012152853347728369,0.0,575.0,0.035001551722574575 < age <= 7.346025962989069,0.017279068895392432
nuc,0.181818181818182,-0.009446975353481308,0.0,480.0,nuc <= 1.924002853214784,0.013431819945098731
