feature,value,importance,min,max,rule,importance_ratio
la,492,0.5937159723431656,0.0,9094.0,la > 471.1648215786653,0.7970590741951066
arexp,1344.41666666671,0.052324426684769644,0.0,2143.5,741.0350150255845 < arexp <= 1860.7231364184076,0.07024513577857142
nd,2,-0.030660203427247915,1.0,46.0,1.4933136674546177 < nd <= 2.4949232752530253,0.041161084587144625
ns,1,-0.021790174270807528,1.0,8.0,ns <= 1.4995095840290027,0.02925313944695631
age,20.1666666666667,0.02110317878889894,0.0,575.0,7.346025962989069 < age <= 349.3395012011218,0.028330853356815917
