feature,value,importance,min,max,rule,importance_ratio
la,820,0.5866702509378209,0.0,9094.0,la > 471.1648215786653,0.6436647518576114
nd,7,0.22543532569690147,1.0,46.0,6.501361706446655 < nd <= 43.480788426363866,0.24733617009330008
arexp,3.0,-0.049754652022581065,0.0,2143.5,arexp <= 3.296579902275539,0.054588272878473766
ld,369,-0.01663761211986586,0.0,9176.0,ld > 326.31207862573433,0.01825394156175078
ns,2,0.012056570394347235,1.0,8.0,1.4995095840290027 < ns <= 2.4998972545934754,0.01322785564586917
