feature,value,importance,min,max,rule,importance_ratio
la,104,0.10110843314556228,0.0,9094.0,89.63502906531855 < la <= 198.10918576028968,0.36557912817685845
nd,1,-0.07598114451527604,1.0,46.0,nd <= 1.4933136674546177,0.2747260510879914
arexp,1328.91666666671,0.054763284818884934,0.0,2143.5,741.0350150255845 < arexp <= 1860.7231364184076,0.19800834903025738
age,16.0,0.018253887232268454,0.0,575.0,7.346025962989069 < age <= 349.3395012011218,0.06600082676193941
nuc,204.0,0.018186451589341963,0.0,480.0,98.64471611143635 < nuc <= 253.39785732459083,0.06575699879643608
