feature,value,importance,min,max,rule,importance_ratio
la,422,0.3872946213610379,0.0,9094.0,295.36187796957415 < la <= 471.1648215786653,0.8120416652917449
arexp,306.5,-0.035402075934335524,0.0,2143.5,18.99314235170766 < arexp <= 741.0350150255845,0.07422762700776997
age,18.3333333333333,0.026133279639588683,0.0,575.0,7.346025962989069 < age <= 349.3395012011218,0.054793717102215665
nd,3,0.01034629878147959,1.0,46.0,2.4949232752530253 < nd <= 4.49814249084984,0.021693112242544162
nuc,86.6666666666667,0.009006406648031748,0.0,480.0,17.021870288644497 < nuc <= 98.64471611143635,0.01888375683364988
