feature,value,importance,min,max,rule,importance_ratio
la,159,0.10354659348823693,0.0,9094.0,89.63502906531855 < la <= 198.10918576028968,0.4577447129936856
arexp,773.750000000005,0.05389502390654903,0.0,2143.5,741.0350150255845 < arexp <= 1860.7231364184076,0.23825179968565244
nd,2,-0.03204543253948056,1.0,46.0,1.4933136674546177 < nd <= 2.4949232752530253,0.14166209458362744
age,76.6666666666667,0.018112361507516925,0.0,575.0,7.346025962989069 < age <= 349.3395012011218,0.08006866706665793
nuc,25.0,0.007906018815624189,0.0,480.0,17.021870288644497 < nuc <= 98.64471611143635,0.034949853894437284
