feature,value,importance,min,max,rule,importance_ratio
la,383,0.3880764186197142,0.0,9094.0,295.36187796957415 < la <= 471.1648215786653,0.7240943557135736
arexp,1.0,-0.08121574788839044,0.0,2143.5,arexp <= 3.296579902275539,0.15153681548135342
nd,2,-0.029845302356776227,1.0,46.0,1.4933136674546177 < nd <= 2.4949232752530253,0.05568700890914905
age,29.4,0.02402780798884043,0.0,575.0,7.346025962989069 < age <= 349.3395012011218,0.044832407510794925
ns,1,-0.00848826746355456,1.0,8.0,ns <= 1.4995095840290027,0.015837876936732786
