feature,value,importance,min,max,rule,importance_ratio
nd,10,0.234951951430719,1.0,46.0,6.501361706446655 < nd <= 43.480788426363866,0.4392082002878695
la,271,0.22984205958092188,0.0,9094.0,198.10918576028968 < la <= 295.36187796957415,0.4296560072145686
arexp,6.0,-0.0406577658026832,0.0,2143.5,3.296579902275539 < arexp <= 18.99314235170766,0.07600372772893435
ns,1,-0.011360259881469768,1.0,8.0,ns <= 1.4995095840290027,0.021236339034256105
age,3.8,-0.007444093823265114,0.0,575.0,0.035001551722574575 < age <= 7.346025962989069,0.013915641181019966
