feature,value,importance,min,max,rule,importance_ratio
la,185,0.10295537214413544,0.0,9094.0,89.63502906531855 < la <= 198.10918576028968,0.5482190638830643
arexp,241.5,-0.039287198239685454,0.0,2143.5,18.99314235170766 < arexp <= 741.0350150255845,0.20919735020136665
age,51.3333333333333,0.018986555573512316,0.0,575.0,7.346025962989069 < age <= 349.3395012011218,0.1011000349578903
nd,3,0.011173890071099141,1.0,46.0,2.4949232752530253 < nd <= 4.49814249084984,0.05949897928720345
nuc,16.5,-0.007743764102780707,0.0,480.0,4.2830446400006785 < nuc <= 17.021870288644497,0.041234167959826436
