feature,value,importance,min,max,rule,importance_ratio
nd,7,0.23483105220814696,1.0,46.0,6.501361706446655 < nd <= 43.480788426363866,0.7018907147468783
arexp,10.0,-0.04096852085648063,0.0,2143.5,3.296579902275539 < arexp <= 18.99314235170766,0.1224515417177012
age,181.0,0.019725982556773197,0.0,575.0,7.346025962989069 < age <= 349.3395012011218,0.058959340622405355
la,90,-0.015029257825334874,0.0,9094.0,52.23014744636299 < la <= 89.63502906531855,0.04492121641472352
ns,1,-0.008339895498495812,1.0,8.0,ns <= 1.4995095840290027,0.024927262205361855
