feature,value,importance,min,max,rule,importance_ratio
la,605,0.5864307114288861,0.0,9094.0,la > 471.1648215786653,0.6478539735207112
nd,17,0.22594672486333048,1.0,46.0,6.501361706446655 < nd <= 43.480788426363866,0.2496125810840151
arexp,5.0,-0.042317613817852755,0.0,2143.5,3.296579902275539 < arexp <= 18.99314235170766,0.046749997446433926
ns,1,-0.021119202903413802,1.0,8.0,ns <= 1.4995095840290027,0.023331246559766757
age,140.0,0.020967143028292397,0.0,575.0,7.346025962989069 < age <= 349.3395012011218,0.023163259801245135
