feature,value,importance,min,max,rule,importance_ratio
la,309,0.3873760274996276,0.0,9094.0,295.36187796957415 < la <= 471.1648215786653,0.7901885653434743
arexp,4.0,-0.03937808091861499,0.0,2143.5,3.296579902275539 < arexp <= 18.99314235170766,0.08032533522505993
age,292.83333333333303,0.025298291108725123,0.0,575.0,7.346025962989069 < age <= 349.3395012011218,0.05160469140508261
nuc,49.0,0.009710289401098946,0.0,480.0,17.021870288644497 < nuc <= 98.64471611143635,0.019807523197680827
nd,3,0.009576735830805481,1.0,46.0,2.4949232752530253 < nd <= 4.49814249084984,0.01953509409361916
