feature,value,importance,min,max,rule,importance_ratio
nd,8,0.2357080487601204,1.0,46.0,6.501361706446655 < nd <= 43.480788426363866,0.4295796124076772
la,204,0.22872549559200575,0.0,9094.0,198.10918576028968 < la <= 295.36187796957415,0.4168538590897355
arexp,19.0,-0.04182171503854767,0.0,2143.5,3.296579902275539 < arexp <= 18.99314235170766,0.07622037614323195
age,55.5833333333333,0.01996848859213976,0.0,575.0,7.346025962989069 < age <= 349.3395012011218,0.03639271393107324
ns,1,-0.01069493840324688,1.0,8.0,ns <= 1.4995095840290027,0.01949160208214364
