feature,value,importance,min,max,rule,importance_ratio
la,1561,0.588150556783846,0.0,9094.0,la > 471.1648215786653,0.653843576061642
nd,14,0.22612636841180164,1.0,46.0,6.501361706446655 < nd <= 43.480788426363866,0.2513833773663199
arexp,28.0,-0.03924927035450587,0.0,2143.5,18.99314235170766 < arexp <= 741.0350150255845,0.043633187098778524
age,17.6451612903226,0.02094207809884242,0.0,575.0,7.346025962989069 < age <= 349.3395012011218,0.023281187234073544
ns,2,0.011853537352287077,1.0,8.0,1.4995095840290027 < ns <= 2.4998972545934754,0.013177508993242357
