feature,value,importance,min,max,rule,importance_ratio
nd,7,0.23120375144178193,1.0,46.0,6.501361706446655 < nd <= 43.480788426363866,0.5815813085721191
la,96,0.09508188750286424,0.0,9094.0,89.63502906531855 < la <= 198.10918576028968,0.23917366483280023
arexp,18.0,-0.04043538413917402,0.0,2143.5,3.296579902275539 < arexp <= 18.99314235170766,0.10171315765262864
age,83.8,0.01752297939307027,0.0,575.0,7.346025962989069 < age <= 349.3395012011218,0.04407816578214229
nuc,16.0,-0.006771542403867528,0.0,480.0,4.2830446400006785 < nuc <= 17.021870288644497,0.01703347141962152
