feature,value,importance,min,max,rule,importance_ratio
la,1503,0.5859072389201931,0.0,9094.0,la > 471.1648215786653,0.6492724647153982
nd,20,0.2249771610715341,1.0,46.0,6.501361706446655 < nd <= 43.480788426363866,0.24930819448961372
arexp,7.0,-0.04259808738856084,0.0,2143.5,3.296579902275539 < arexp <= 18.99314235170766,0.04720502385651546
age,20.9347826086957,0.020203282651946795,0.0,575.0,7.346025962989069 < age <= 349.3395012011218,0.022388245530037012
ns,2,0.012125798981013214,1.0,8.0,1.4995095840290027 < ns <= 2.4998972545934754,0.013437190852182479
