feature,value,importance,min,max,rule,importance_ratio
la,880,0.5858090588929881,0.0,9094.0,la > 471.1648215786653,0.6384349804036776
nd,8,0.22550890727457865,1.0,46.0,6.501361706446655 < nd <= 43.480788426363866,0.24576740938210792
arexp,0.0,-0.050749776255499174,0.0,2143.5,arexp <= 3.296579902275539,0.0553088620213525
ns,1,-0.02150338780860576,1.0,8.0,ns <= 1.4995095840290027,0.023435136015381657
age,46.2173913043478,0.020671014327166722,0.0,575.0,7.346025962989069 < age <= 349.3395012011218,0.022527986596567105
