feature,value,importance,min,max,rule,importance_ratio
la,1698,0.5869450257952387,0.0,9094.0,la > 471.1648215786653,0.6390393724677939
nd,13,0.22615461551476146,1.0,46.0,6.501361706446655 < nd <= 43.480788426363866,0.24622698417699193
arexp,8.0,-0.04198560787452778,0.0,2143.5,3.296579902275539 < arexp <= 18.99314235170766,0.045712043427687477
ns,1,-0.020921316818741636,1.0,8.0,ns <= 1.4995095840290027,0.02277818975113463
age,17.877551020408198,0.020804651092508272,0.0,575.0,7.346025962989069 < age <= 349.3395012011218,0.022651169350238216
