feature,value,importance,min,max,rule,importance_ratio
la,323,0.3868090742946403,0.0,9094.0,295.36187796957415 < la <= 471.1648215786653,0.7646601828710144
arexp,4.0,-0.03998944668539665,0.0,2143.5,3.296579902275539 < arexp <= 18.99314235170766,0.07905279283100257
nd,6,0.033697940656255386,1.0,46.0,4.49814249084984 < nd <= 6.501361706446655,0.06661548339210167
age,20.521739130434803,0.0248469440913493,0.0,575.0,7.346025962989069 < age <= 349.3395012011218,0.04911846715934266
nuc,31.5652173913043,0.009382846095545676,0.0,480.0,17.021870288644497 < nuc <= 98.64471611143635,0.018548398390999057
