feature,value,importance,min,max,rule,importance_ratio
la,532,0.588348866293235,0.0,9094.0,la > 471.1648215786653,0.6496529645990181
nd,11,0.22632690520336435,1.0,46.0,6.501361706446655 < nd <= 43.480788426363866,0.2499094556946157
arexp,258.0,-0.03915769036366793,0.0,2143.5,18.99314235170766 < arexp <= 741.0350150255845,0.04323779833533059
age,59.5238095238095,0.021529987021110142,0.0,575.0,7.346025962989069 < age <= 349.3395012011218,0.023773343839624924
ns,1,-0.019788395080146192,1.0,8.0,ns <= 1.4995095840290027,0.02185028350520579
