feature,value,importance,min,max,rule,importance_ratio
la,398,0.38719876050018504,0.0,9094.0,295.36187796957415 < la <= 471.1648215786653,0.795966485921694
arexp,27.0,-0.0354888832142617,0.0,2143.5,18.99314235170766 < arexp <= 741.0350150255845,0.0729546799810269
age,44.0,0.02598672373828087,0.0,575.0,7.346025962989069 < age <= 349.3395012011218,0.053421041812884124
ld,98,-0.011565750588332913,0.0,9176.0,71.3286997568262 < ld <= 106.9077758780692,0.023775773044701454
nd,4,0.010000344056765108,1.0,46.0,2.4949232752530253 < nd <= 4.49814249084984,0.020557758776367303
