feature,value,importance,min,max,rule,importance_ratio
la,146,0.10388859798717774,0.0,9094.0,89.63502906531855 < la <= 198.10918576028968,0.5035767149852982
arexp,26.0,-0.03916872348507846,0.0,2143.5,18.99314235170766 < arexp <= 741.0350150255845,0.18986161604777615
nd,6,0.032753944457939436,1.0,46.0,4.49814249084984 < nd <= 6.501361706446655,0.1587674111741869
age,316.647058823529,0.019498156213714767,0.0,575.0,7.346025962989069 < age <= 349.3395012011218,0.09451294602690212
nuc,24.5882352941176,0.006942025585856721,0.0,480.0,17.021870288644497 < nuc <= 98.64471611143635,0.03364991450073362
