feature,value,importance,min,max,rule,importance_ratio
la,1443,0.5885886211602389,0.0,9094.0,la > 471.1648215786653,0.6456595850078259
nd,15,0.2263478415432292,1.0,46.0,6.501361706446655 < nd <= 43.480788426363866,0.24829507092769973
arexp,37.0,-0.039258583817638214,0.0,2143.5,18.99314235170766 < arexp <= 741.0350150255845,0.04306519022696247
age,52.1379310344828,0.021291040806558643,0.0,575.0,7.346025962989069 < age <= 349.3395012011218,0.02335547116838483
ns,1,-0.020468543000444595,1.0,8.0,ns <= 1.4995095840290027,0.02245322200305333
