feature,value,importance,min,max,rule,importance_ratio
la,515,0.5940642379061614,0.0,9094.0,la > 471.1648215786653,0.8504537203712673
arexp,17.0,-0.04346119337046759,0.0,2143.5,3.296579902275539 < arexp <= 18.99314235170766,0.06221841214338122
ns,1,-0.023437298074095687,1.0,8.0,ns <= 1.4995095840290027,0.03355249495040894
age,14.333333333333302,0.021301811557437926,0.0,575.0,7.346025962989069 < age <= 349.3395012011218,0.03049536352082582
nuc,18.5,0.006651730720434139,0.0,480.0,17.021870288644497 < nuc <= 98.64471611143635,0.009522520928106506
