feature,value,importance,min,max,rule,importance_ratio
nd,16,0.23659074624687507,1.0,46.0,6.501361706446655 < nd <= 43.480788426363866,0.5007407739442795
la,32,-0.08837258055274741,0.0,9094.0,11.084777665511865 < la <= 52.23014744636299,0.1870392442790666
arexp,1.0,-0.06449839403060463,0.0,2143.5,arexp <= 3.296579902275539,0.1365098857727393
ns,4,0.04438846781265409,1.0,8.0,2.4998972545934754 < ns <= 4.500672595722421,0.09394752786956362
age,174.32258064516105,0.02064875071753313,0.0,575.0,7.346025962989069 < age <= 349.3395012011218,0.043702771893246034
