feature,value,importance,min,max,rule,importance_ratio
la,129,0.10342613324227098,0.0,9094.0,89.63502906531855 < la <= 198.10918576028968,0.45917083602442926
arexp,66.5000000000002,-0.03898143720957958,0.0,2143.5,18.99314235170766 < arexp <= 741.0350150255845,0.17306205454890722
nd,5,0.03349680894705521,1.0,46.0,4.49814249084984 < nd <= 6.501361706446655,0.14871248964071004
nuc,156.833333333333,0.019442626003281827,0.0,480.0,98.64471611143635 < nuc <= 253.39785732459083,0.08631751527947966
age,20.0,0.01861309626420744,0.0,575.0,7.346025962989069 < age <= 349.3395012011218,0.08263473364724283
