feature,value,importance,min,max,rule,importance_ratio
la,235,0.22543274940085156,0.0,9094.0,198.10918576028968 < la <= 295.36187796957415,0.6872297456549186
arexp,19.0,-0.04368538686278369,0.0,2143.5,3.296579902275539 < arexp <= 18.99314235170766,0.1331745160467539
age,23.857142857142897,0.020191122502307705,0.0,575.0,7.346025962989069 < age <= 349.3395012011218,0.06155245863179722
ns,1,-0.012651396485552194,1.0,8.0,ns <= 1.4995095840290027,0.038567670456281636
nd,4,0.010397617617415192,1.0,46.0,2.4949232752530253 < nd <= 4.49814249084984,0.03169704548085661
