feature,value,importance,min,max,rule,importance_ratio
la,1697,0.5888627714890646,0.0,9094.0,la > 471.1648215786653,0.6476053809078461
nd,10,0.2266347333509229,1.0,46.0,6.501361706446655 < nd <= 43.480788426363866,0.24924291350178882
arexp,80.0,-0.038970804614213476,0.0,2143.5,18.99314235170766 < arexp <= 741.0350150255845,0.04285837717785092
age,138.939393939394,0.02154310830237361,0.0,575.0,7.346025962989069 < age <= 349.3395012011218,0.02369216315512438
ns,1,-0.02033517835341467,1.0,8.0,ns <= 1.4995095840290027,0.022363734915846437
