feature,value,importance,min,max,rule,importance_ratio
la,177,0.10359842113848194,0.0,9094.0,89.63502906531855 < la <= 198.10918576028968,0.5801973111660024
arexp,153.0,-0.039466335240359654,0.0,2143.5,18.99314235170766 < arexp <= 741.0350150255845,0.2210290594817481
nd,3,0.012315800319788886,1.0,46.0,2.4949232752530253 < nd <= 4.49814249084984,0.06897396844346938
age,1.0,-0.009935802340858006,0.0,575.0,0.035001551722574575 < age <= 7.346025962989069,0.05564491947938927
nuc,42.4,0.006346803608771261,0.0,480.0,17.021870288644497 < nuc <= 98.64471611143635,0.035544927691373164
