feature,value,importance,min,max,rule,importance_ratio
la,424,0.3882965249244621,0.0,9094.0,295.36187796957415 < la <= 471.1648215786653,0.7982943063540818
arexp,188.0,-0.03531455574872762,0.0,2143.5,18.99314235170766 < arexp <= 741.0350150255845,0.0726027841508943
age,7.75,0.025731856097757366,0.0,575.0,7.346025962989069 < age <= 349.3395012011218,0.052901823467924054
ld,440,-0.012835473279520197,0.0,9176.0,ld > 326.31207862573433,0.026388300128089594
nuc,7.5625,-0.010167195006905778,0.0,480.0,4.2830446400006785 < nuc <= 17.021870288644497,0.020902617882515104
