feature,value,importance,min,max,rule,importance_ratio
la,568,0.5902829528780933,0.0,9094.0,la > 471.1648215786653,0.6568921151942777
nd,8,0.22661445304985955,1.0,46.0,6.501361706446655 < nd <= 43.480788426363866,0.25218625520473026
arexp,27.0,-0.038844190082403474,0.0,2143.5,18.99314235170766 < arexp <= 741.0350150255845,0.0432274760126917
ns,1,-0.020720720907283226,1.0,8.0,ns <= 1.4995095840290027,0.023058904409774827
age,6.857142857142861,-0.01032580619650987,0.0,575.0,0.035001551722574575 < age <= 7.346025962989069,0.011490998749734145
