feature,value,importance,min,max,rule,importance_ratio
ns,1.0,0.18888131494438104,1.0,7.0,ns <= 1.4973267047410423,0.3981049757248826
nd,2.0,-0.08098404489709268,1.0,40.0,1.4991410283510338 < nd <= 2.5030327595863042,0.17068999777639987
la,37.0,-0.07052476194925218,0.0,9176.0,24.555072185608623 < la <= 36.91960315163976,0.14864497661972356
aexp,8.0,-0.05819470367866466,0.0,726.0,6.308411975636886 < aexp <= 54.40945181062462,0.12265692401672225
nuc,1826.5,0.040634757898286016,0.0,2086.0,nuc > 1752.541484763698,0.0856458422658015
