feature,value,importance,min,max,rule,importance_ratio
ns,1.0,0.2222973799725722,1.0,7.0,ns <= 1.4973267047410423,0.40052766233267323
la,152.0,0.10722238598307582,0.0,9176.0,la > 135.835850879889,0.1931895536188133
nd,2.0,-0.0677007230045438,1.0,40.0,1.4991410283510338 < nd <= 2.5030327595863042,0.12198080034315936
aexp,37.0,-0.06366871925721863,0.0,726.0,6.308411975636886 < aexp <= 54.40945181062462,0.11471607668500386
nuc,643.333333333333,0.060493272481830625,0.0,2086.0,113.47699669467761 < nuc <= 1752.541484763698,0.10899466748996563
