feature,value,importance,min,max,rule,importance_ratio
ns,2.0,-0.16061463468921416,1.0,7.0,1.4973267047410423 < ns <= 2.502438908657955,0.31722986215162796
la,851.0,0.13717829004832083,0.0,9176.0,la > 135.835850879889,0.27094075285498986
nd,9.0,0.09973984861478619,1.0,40.0,5.487575744339811 < nd <= 12.487685654034399,0.19699611114713467
aexp,232.0,0.04548161677504412,0.0,726.0,185.59410590604568 < aexp <= 289.08422191465564,0.0898307121757524
nuc,310.153846153846,0.04241670523873873,0.0,2086.0,113.47699669467761 < nuc <= 1752.541484763698,0.08377720736250524
