feature,value,importance,min,max,rule,importance_ratio
la,160,0.13964913643752536,0.0,9176.0,la > 135.835850879889,0.44055429224556486
nuc,1018.5,0.08708444259747461,0.0,2086.0,113.47699669467761 < nuc <= 1752.541484763698,0.27472726257275093
ld,48,0.03244372104191046,0.0,8304.0,29.490716012837936 < ld <= 4621.051880819136,0.10235094126647709
ns,1,0.024126843311980492,1.0,7.0,ns <= 1.4973267047410423,0.07611349880551799
nd,3,-0.01573765693267395,1.0,40.0,2.5030327595863042 < nd <= 3.5069244908215746,0.049647942611370295
