feature,value,importance,min,max,rule,importance_ratio
ns,1.0,0.212591383720127,1.0,7.0,ns <= 1.4973267047410423,0.5016545194709914
nuc,1262.33333333333,0.06723914589799874,0.0,2086.0,113.47699669467761 < nuc <= 1752.541484763698,0.1586650448143585
nd,2.0,-0.049088658994317136,1.0,40.0,1.4991410283510338 < nd <= 2.5030327595863042,0.11583511621378145
la,17.0,-0.0477373259166647,0.0,9176.0,12.190541219577483 < la <= 24.555072185608623,0.11264635882459471
ld,1.0,0.03342615490837514,0.0,8304.0,1.9137720800673748 < ld <= 1.9137720800673748,0.0788761114627258
