feature,value,importance,min,max,rule,importance_ratio
ns,2.0,-0.11991633779511637,1.0,7.0,1.4973267047410423 < ns <= 2.502438908657955,0.29808800194342416
la,585.0,0.08053310940856476,0.0,9176.0,la > 135.835850879889,0.20018918285267956
nd,9.0,0.07002757033502628,1.0,40.0,5.487575744339811 < nd <= 12.487685654034399,0.17407451649987515
nuc,290.058823529412,0.057160572572772315,0.0,2086.0,113.47699669467761 < nuc <= 1752.541484763698,0.14208973674022343
age,55.1176470588235,0.03455865186805683,0.0,511.03030303030295,9.569496653858916 < age <= 84.25039107908812,0.08590588801009044
