feature,value,importance,min,max,rule,importance_ratio
ns,1.0,0.19681959922151668,1.0,7.0,ns <= 1.4973267047410423,0.42678382021622724
la,351.0,0.11796383805530168,0.0,9176.0,la > 135.835850879889,0.2557929070668802
nd,2.0,-0.0646825438320422,1.0,40.0,1.4991410283510338 < nd <= 2.5030327595863042,0.14025769418864184
aexp,114.0,-0.033255671028120264,0.0,726.0,54.40945181062462 < aexp <= 149.15392421287316,0.07211163106404533
nuc,63.0,-0.028263247905058207,0.0,2086.0,11.446877959457481 < nuc <= 113.47699669467761,0.06128605565883274
