feature,value,importance,min,max,rule,importance_ratio
la,666,0.15416134226381267,0.0,9176.0,la > 135.835850879889,0.3759916154048966
aexp,20,-0.08723069548814845,0.0,726.0,6.308411975636886 < aexp <= 54.40945181062462,0.21275119707608087
nuc,34.9,-0.07425993754753575,0.0,2086.0,11.446877959457481 < nuc <= 113.47699669467761,0.18111618300899301
ld,66,0.056015531153872436,0.0,8304.0,29.490716012837936 < ld <= 4621.051880819136,0.13661901055756237
nd,5,0.022605994030004534,1.0,40.0,3.5069244908215746 < nd <= 5.487575744339811,0.055134861232782856
