feature,value,importance,min,max,rule,importance_ratio
ns,1.0,0.19486250389705334,1.0,7.0,ns <= 1.4973267047410423,0.47917635532686936
nd,1.0,-0.06332335833098858,1.0,40.0,nd <= 1.4991410283510338,0.15571521172760264
la,9.0,-0.060141031788865554,0.0,9176.0,6.00827573656187 < la <= 12.190541219577483,0.14788971629662903
nuc,26.0,-0.03747045594963627,0.0,2086.0,11.446877959457481 < nuc <= 113.47699669467761,0.09214166992264655
aexp,226.0,0.028913185751268965,0.0,726.0,185.59410590604568 < aexp <= 289.08422191465564,0.07109892715173788
