feature,value,importance,min,max,rule,importance_ratio
ns,1.0,0.20043934266566044,1.0,7.0,ns <= 1.4973267047410423,0.4155983214997884
age,120.666666666667,0.08794250947289044,0.0,511.03030303030295,84.25039107908812 < age <= 379.6012832253171,0.1823432407996721
la,17.0,-0.08732590665370618,0.0,9176.0,12.190541219577483 < la <= 24.555072185608623,0.18106475378571066
aexp,364.0,0.06132446717004714,0.0,726.0,315.32115273373984 < aexp <= 398.4047669941732,0.1271524107183516
nuc,56.6666666666667,-0.031496937381539566,0.0,2086.0,11.446877959457481 < nuc <= 113.47699669467761,0.06530691097898116
