feature,value,importance,min,max,rule,importance_ratio
ns,1.0,0.1853828919801706,1.0,7.0,ns <= 1.4973267047410423,0.5249954866611449
la,147.0,0.10901877150781805,0.0,9176.0,la > 135.835850879889,0.30873594856352304
aexp,257.0,0.024869409427953227,0.0,726.0,185.59410590604568 < aexp <= 289.08422191465564,0.070428978457193
nuc,10.0,-0.023258913000718442,0.0,2086.0,1.5729955012103574 < nuc <= 11.446877959457481,0.06586812957544935
age,11.0,0.004288920297220755,0.0,511.03030303030295,9.569496653858916 < age <= 84.25039107908812,0.012146017222188554
