feature,value,importance,min,max,rule,importance_ratio
ns,1.0,0.18977078013626286,1.0,7.0,ns <= 1.4973267047410423,0.447553617650596
nd,1.0,-0.08128909248579941,1.0,40.0,nd <= 1.4991410283510338,0.19171142886924034
la,8.0,-0.05287945153878861,0.0,9176.0,6.00827573656187 < la <= 12.190541219577483,0.12471039966516881
age,95.0,0.04787542109966981,0.0,511.03030303030295,84.25039107908812 < age <= 379.6012832253171,0.11290894148360249
aexp,277.0,0.02902652311800206,0.0,726.0,185.59410590604568 < aexp <= 289.08422191465564,0.068455878296714
