feature,value,importance,min,max,rule,importance_ratio
ns,1.0,0.1558979391326534,1.0,7.0,ns <= 1.4973267047410423,0.4736134944932022
nd,6.0,0.0817760505381895,1.0,40.0,5.487575744339811 < nd <= 12.487685654034399,0.24843331013047656
la,34.0,-0.027896740492500214,0.0,9176.0,24.555072185608623 < la <= 36.91960315163976,0.08474950229060266
nuc,11.416666666666698,0.02331538807790027,0.0,2086.0,1.5729955012103574 < nuc <= 11.446877959457481,0.07083148426768782
aexp,308.0,-0.015362030771637461,0.0,726.0,289.08422191465564 < aexp <= 315.32115273373984,0.04666941151849651
