feature,value,importance,min,max,rule,importance_ratio
aexp,28,-0.11824687542487745,0.0,726.0,6.308411975636886 < aexp <= 54.40945181062462,0.32854265944484595
nuc,27.857142857142897,-0.07250538432019515,0.0,2086.0,11.446877959457481 < nuc <= 113.47699669467761,0.20145235722326688
age,151.0,0.06707313588624084,0.0,511.03030303030295,84.25039107908812 < age <= 379.6012832253171,0.18635914363226344
ld,12,-0.0396054524458066,0.0,8304.0,1.9137720800673748 < ld <= 15.702244046452648,0.11004164489173575
la,132,0.03101076999135616,0.0,9176.0,92.55999249877996 < la <= 135.835850879889,0.08616177643412885
