feature,value,importance,min,max,rule,importance_ratio
ns,1.0,0.22426290442230531,1.0,7.0,ns <= 1.4973267047410423,0.3816121358440989
la,219.0,0.11519127893899064,0.0,9176.0,la > 135.835850879889,0.19601275609872756
nd,9.0,0.09077457789915869,1.0,40.0,5.487575744339811 < nd <= 12.487685654034399,0.15446460323733818
aexp,389.0,0.07235926865521668,0.0,726.0,315.32115273373984 < aexp <= 398.4047669941732,0.12312858932584025
nuc,39.6315789473684,-0.05615066343828571,0.0,2086.0,11.446877959457481 < nuc <= 113.47699669467761,0.0955475657418452
