feature,value,importance,min,max,rule,importance_ratio
ns,2.0,-0.17135913616911963,1.0,7.0,1.4973267047410423 < ns <= 2.502438908657955,0.4244916513791693
la,281.0,0.13055573851334124,0.0,9176.0,la > 135.835850879889,0.3234132843892239
nd,2.0,-0.0517913479702534,1.0,40.0,1.4991410283510338 < nd <= 2.5030327595863042,0.12829776875945723
nuc,15.666666666666698,-0.024360317913936145,0.0,2086.0,11.446877959457481 < nuc <= 113.47699669467761,0.0603454931588982
ld,133.0,0.01244037077922363,0.0,8304.0,29.490716012837936 < ld <= 4621.051880819136,0.030817344519232306
