feature,value,importance,min,max,rule,importance_ratio
la,339,0.10592878500092005,0.0,9176.0,la > 135.835850879889,0.3222478747772903
nuc,11.333333333333302,-0.08115372847427313,0.0,2086.0,1.5729955012103574 < nuc <= 11.446877959457481,0.2468792267452198
ld,201,0.05168010909166085,0.0,8304.0,29.490716012837936 < ld <= 4621.051880819136,0.15721699557775137
nd,2,0.03755308107021415,1.0,40.0,1.4991410283510338 < nd <= 2.5030327595863042,0.11424090785248496
age,16.0,0.02588926807447404,0.0,511.03030303030295,9.569496653858916 < age <= 84.25039107908812,0.07875821115541302
