feature,value,importance,min,max,rule,importance_ratio
ns,1.0,0.19461425756664588,1.0,7.0,ns <= 1.4973267047410423,0.47637490270950816
la,299.0,0.0837772597647759,0.0,9176.0,la > 135.835850879889,0.20506916846031847
nd,2.0,-0.04254288810848378,1.0,40.0,1.4991410283510338 < nd <= 2.5030327595863042,0.1041360712059866
nuc,14.0,-0.032933108320299796,0.0,2086.0,11.446877959457481 < nuc <= 113.47699669467761,0.08061334492223399
age,18.0,0.025388596803172372,0.0,511.03030303030295,9.569496653858916 < age <= 84.25039107908812,0.062145962393841556
