feature,value,importance,min,max,rule,importance_ratio
ns,1.0,0.21949269969436128,1.0,7.0,ns <= 1.4973267047410423,0.4878007536894559
age,61.625,0.05509692602386311,0.0,511.03030303030295,9.569496653858916 < age <= 84.25039107908812,0.12244745304895018
nuc,71.875,-0.05112571325243662,0.0,2086.0,11.446877959457481 < nuc <= 113.47699669467761,0.1136218265672472
aexp,273.0,0.03518723462700675,0.0,726.0,185.59410590604568 < aexp <= 289.08422191465564,0.0782001387526902
ld,193.0,-0.03233324222657149,0.0,8304.0,29.490716012837936 < ld <= 4621.051880819136,0.0718574237289337
