feature,value,importance,min,max,rule,importance_ratio
aexp,341,0.13579016185911882,0.0,726.0,315.32115273373984 < aexp <= 398.4047669941732,0.29343198915485763
age,130.03703703703698,0.08894469857353615,0.0,511.03030303030295,84.25039107908812 < age <= 379.6012832253171,0.19220258279307204
nuc,16.2962962962963,-0.08296573205341483,0.0,2086.0,11.446877959457481 < nuc <= 113.47699669467761,0.1792825006967734
ld,77,0.05647718090956914,0.0,8304.0,29.490716012837936 < ld <= 4621.051880819136,0.12204279978211643
nd,14,-0.05587335576781087,1.0,40.0,nd > 12.487685654034399,0.12073798056677691
