feature,value,importance,min,max,rule,importance_ratio
ns,1.0,0.18850885766464598,1.0,7.0,ns <= 1.4973267047410423,0.401863727987847
nd,1.0,-0.09116082396828308,1.0,40.0,nd <= 1.4991410283510338,0.1943369081972253
aexp,370.0,0.05493941073415703,0.0,726.0,315.32115273373984 < aexp <= 398.4047669941732,0.11711999470263908
nuc,316.0,0.04974513453675399,0.0,2086.0,113.47699669467761 < nuc <= 1752.541484763698,0.10604682168177045
la,1.0,-0.041155168666678746,0.0,9176.0,la <= -0.17398974645368526,0.0877347075954507
