feature,value,importance,min,max,rule,importance_ratio
la,669,0.14840947024345635,0.0,9176.0,la > 135.835850879889,0.49465776364182645
nuc,27.8,-0.0704649939228325,0.0,2086.0,11.446877959457481 < nuc <= 113.47699669467761,0.23486409763288055
ld,42,0.0405330666743398,0.0,8304.0,29.490716012837936 < ld <= 4621.051880819136,0.13509916908795117
age,8.1,-0.020602633484224638,0.0,511.03030303030295,2.8241255444833797 < age <= 9.569496653858916,0.06866982671470132
aexp,86,-0.016441053705539898,0.0,726.0,54.40945181062462 < aexp <= 149.15392421287316,0.054799028960593674
