feature,value,importance,min,max,rule,importance_ratio
la,233,0.15867892913888368,0.0,9176.0,la > 135.835850879889,0.5173227407409849
ld,297,0.059998550927572274,0.0,8304.0,29.490716012837936 < ld <= 4621.051880819136,0.1956064045477186
nuc,51.0555555555556,-0.05186678597249258,0.0,2086.0,11.446877959457481 < nuc <= 113.47699669467761,0.16909534251539693
age,35.6666666666667,0.01386246600667782,0.0,511.03030303030295,9.569496653858916 < age <= 84.25039107908812,0.04519421039025647
ns,1,-0.011358857189902559,1.0,7.0,ns <= 1.4973267047410423,0.03703198127851428
