feature,value,importance,min,max,rule,importance_ratio
ns,1.0,0.2087679526402155,1.0,7.0,ns <= 1.4973267047410423,0.43676085402842896
la,150.0,0.11717903490393482,0.0,9176.0,la > 135.835850879889,0.24514881097229707
nd,2.0,-0.08409639607910441,1.0,40.0,1.4991410283510338 < nd <= 2.5030327595863042,0.17593703108025435
nuc,39.25,-0.02260954722894427,0.0,2086.0,11.446877959457481 < nuc <= 113.47699669467761,0.04730115437750171
ld,14.0,0.017891763037790578,0.0,8304.0,1.9137720800673748 < ld <= 15.702244046452648,0.03743113636759581
