feature,value,importance,min,max,rule,importance_ratio
ns,1.0,0.18687043210869417,1.0,7.0,ns <= 1.4973267047410423,0.41940493552079905
age,1489.5,-0.09178524644871383,0.0,511.03030303030295,age > 379.6012832253171,0.20599933833402037
nd,1.0,-0.07485002570467893,1.0,40.0,nd <= 1.4991410283510338,0.16799056892072375
la,42.0,-0.04616686077329974,0.0,9176.0,36.91960315163976 < la <= 92.55999249877996,0.10361515755773028
aexp,2.0,-0.024801573717612643,0.0,726.0,aexp <= 6.308411975636886,0.0556637147379172
