feature,value,importance,min,max,rule,importance_ratio
ns,1.0,0.15514417235617442,1.0,7.0,ns <= 1.4973267047410423,0.3796777661230755
aexp,425.0,0.08771196318308602,0.0,726.0,aexp > 398.4047669941732,0.2146537748589703
nuc,143.5,0.05669865762077707,0.0,2086.0,113.47699669467761 < nuc <= 1752.541484763698,0.1387562248758678
la,63.0,-0.05526104989205437,0.0,9176.0,36.91960315163976 < la <= 92.55999249877996,0.1352380283318841
nd,2.0,-0.027013697474118293,1.0,40.0,1.4991410283510338 < nd <= 2.5030327595863042,0.06610947840278071
