feature,value,importance,min,max,rule,importance_ratio
ns,1.0,0.1939559990995176,1.0,7.0,ns <= 1.4973267047410423,0.4558755053418906
nd,1.0,-0.09287564820260538,1.0,40.0,nd <= 1.4991410283510338,0.21829555803836792
la,10.0,-0.05765465080222154,0.0,9176.0,6.00827573656187 < la <= 12.190541219577483,0.1355118851275498
nuc,48.0,-0.037083635224842766,0.0,2086.0,11.446877959457481 < nuc <= 113.47699669467761,0.08716162957849741
age,50.0,0.021319511040155295,0.0,511.03030303030295,9.569496653858916 < age <= 84.25039107908812,0.050109524398294226
