feature,value,importance,min,max,rule,importance_ratio
ns,1.0,0.1656753571393915,1.0,7.0,ns <= 1.4973267047410423,0.3272376620112286
la,200.0,0.11956076529529715,0.0,9176.0,la > 135.835850879889,0.2361533180253749
nd,6.0,0.07481273726454596,1.0,40.0,5.487575744339811 < nd <= 12.487685654034399,0.14776817538719844
age,93.5217391304348,0.051838702864714786,0.0,511.03030303030295,84.25039107908812 < age <= 379.6012832253171,0.10239045939023803
aexp,544.0,0.05008806034966108,0.0,726.0,aexp > 398.4047669941732,0.09893263576737032
