feature,value,importance,min,max,rule,importance_ratio
ns,1.0,0.16667503034549885,1.0,7.0,ns <= 1.4973267047410423,0.3635219402407349
la,994.0,0.11360894829507573,0.0,9176.0,la > 135.835850879889,0.24778363758102395
nd,5.0,0.05621867926962944,1.0,40.0,3.5069244908215746 < nd <= 5.487575744339811,0.12261418716111354
nuc,123.8,0.04813704768389934,0.0,2086.0,113.47699669467761 < nuc <= 1752.541484763698,0.1049879693151316
aexp,85.0,-0.03927508018614697,0.0,726.0,54.40945181062462 < aexp <= 149.15392421287316,0.0856598215268551
