feature,value,importance,min,max,rule,importance_ratio
aexp,444,0.11996281335340545,0.0,726.0,aexp > 398.4047669941732,0.33340086348057507
ld,46,0.07575474129089212,0.0,8304.0,29.490716012837936 < ld <= 4621.051880819136,0.21053771125495224
nuc,17.0,-0.07563798293852257,0.0,2086.0,11.446877959457481 < nuc <= 113.47699669467761,0.21021321623511724
la,105,0.03774118684343701,0.0,9176.0,92.55999249877996 < la <= 135.835850879889,0.10489037336357551
age,70.0,0.02812994422657106,0.0,511.03030303030295,9.569496653858916 < age <= 84.25039107908812,0.0781787908488808
