feature,value,importance,min,max,rule,importance_ratio
ns,1.0,0.20978264092545992,1.0,7.0,ns <= 1.4973267047410423,0.4416471259163726
la,5675.0,0.12848824345529092,0.0,9176.0,la > 135.835850879889,0.2705012349245598
nuc,29.1904761904762,-0.044462632741173264,0.0,2086.0,11.446877959457481 < nuc <= 113.47699669467761,0.09360542833375683
nd,5.0,0.04101021405216853,1.0,40.0,3.5069244908215746 < nd <= 5.487575744339811,0.08633718733568164
aexp,1.0,-0.030993013269691123,0.0,726.0,aexp <= 6.308411975636886,0.06524836932961818
