feature,value,importance,min,max,rule,importance_ratio
aexp,431,0.12105218705137792,0.0,726.0,aexp > 398.4047669941732,0.4734759135860583
nuc,5.571428571428571,-0.04354170906251376,0.0,2086.0,1.5729955012103574 < nuc <= 11.446877959457481,0.17030630325350565
ld,121,0.040771986116236905,0.0,8304.0,29.490716012837936 < ld <= 4621.051880819136,0.15947298306068575
la,63,-0.03255773096206897,0.0,9176.0,36.91960315163976 < la <= 92.55999249877996,0.1273442619009603
nd,1,-0.00919267592281601,1.0,40.0,nd <= 1.4991410283510338,0.035955654638511775
