feature,value,importance,min,max,rule,importance_ratio
ns,1.0,0.20313264236615003,1.0,7.0,ns <= 1.4973267047410423,0.4414092954774351
la,7.0,-0.10259748177818083,0.0,9176.0,6.00827573656187 < la <= 12.190541219577483,0.22294537018739868
nuc,748.0,0.06709984034417918,0.0,2086.0,113.47699669467761 < nuc <= 1752.541484763698,0.14580863473229808
nd,1.0,-0.0423683433449041,1.0,40.0,nd <= 1.4991410283510338,0.09206684050665731
aexp,2.0,-0.028615659392118752,0.0,726.0,aexp <= 6.308411975636886,0.06218211856432903
