feature,value,importance,min,max,rule,importance_ratio
la,197,0.15931730040605627,0.0,9176.0,la > 135.835850879889,0.3524675692045892
nuc,17.8,-0.09808750965933852,0.0,2086.0,11.446877959457481 < nuc <= 113.47699669467761,0.21700509618756053
aexp,469,0.08425877784588749,0.0,726.0,aexp > 398.4047669941732,0.18641093299846365
age,310.2,0.052120658846170405,0.0,511.03030303030295,84.25039107908812 < age <= 379.6012832253171,0.11530977415528067
nd,2,-0.028081752947789966,1.0,40.0,1.4991410283510338 < nd <= 2.5030327595863042,0.06212700802288437
