feature,value,importance,min,max,rule,importance_ratio
ns,1.0,0.17843590964758776,1.0,7.0,ns <= 1.4973267047410423,0.4218849088483691
aexp,575.0,0.0719023197208911,0.0,726.0,aexp > 398.4047669941732,0.17000223588035224
nd,1.0,-0.0706325808200193,1.0,40.0,nd <= 1.4991410283510338,0.16700012895292093
la,108.0,-0.0450147445563372,0.0,9176.0,92.55999249877996 < la <= 135.835850879889,0.10643060268244427
nuc,88.6666666666667,-0.03505939921692513,0.0,2086.0,11.446877959457481 < nuc <= 113.47699669467761,0.08289268383322301
