feature,value,importance,min,max,rule,importance_ratio
aexp,477,0.1307181080717092,0.0,726.0,aexp > 398.4047669941732,0.3387986399447101
age,198.0,0.0862572710451529,0.0,511.03030303030295,84.25039107908812 < age <= 379.6012832253171,0.223563869968256
nuc,40.5,-0.07072198737314117,0.0,2086.0,11.446877959457481 < nuc <= 113.47699669467761,0.1832991120332231
la,58,-0.047022458381603,0.0,9176.0,36.91960315163976 < la <= 92.55999249877996,0.12187404776241362
nd,1,-0.028960343432646772,1.0,40.0,nd <= 1.4991410283510338,0.0750601818833695
