feature,value,importance,min,max,rule,importance_ratio
la,177,0.1663258564812398,0.0,9176.0,la > 135.835850879889,0.2896762077467449
age,113.5,0.11489397909518864,0.0,511.03030303030295,84.25039107908812 < age <= 379.6012832253171,0.2001014927043648
aexp,7,-0.10190484164882425,0.0,726.0,6.308411975636886 < aexp <= 54.40945181062462,0.17747936913941884
ld,2,-0.07587420242937616,0.0,8304.0,1.9137720800673748 < ld <= 1.9137720800673748,0.13214392332336852
nuc,211.833333333333,0.06907287582202808,0.0,2086.0,113.47699669467761 < nuc <= 1752.541484763698,0.12029860629963895
