feature,value,importance,min,max,rule,importance_ratio
ns,1.0,0.18973970306920665,1.0,7.0,ns <= 1.4973267047410423,0.49731138060474095
la,150.0,0.10870454944969722,0.0,9176.0,la > 135.835850879889,0.2849166974037433
nd,1.0,-0.045596310950281174,1.0,40.0,nd <= 1.4991410283510338,0.11950880064831025
aexp,97.0,-0.027968697535839297,0.0,726.0,54.40945181062462 < aexp <= 149.15392421287316,0.07330648968176871
age,32.5,0.006715145274386073,0.0,511.03030303030295,9.569496653858916 < age <= 84.25039107908812,0.01760052384053888
