feature,value,importance,min,max,rule,importance_ratio
ns,1.0,0.20294884470498176,1.0,7.0,ns <= 1.4973267047410423,0.44290562120939797
nd,1.0,-0.12337580360193144,1.0,40.0,nd <= 1.4991410283510338,0.2692493126332184
nuc,249.5,0.055441320350425635,0.0,2086.0,113.47699669467761 < nuc <= 1752.541484763698,0.12099242282541434
la,119.0,-0.034462819534264715,0.0,9176.0,92.55999249877996 < la <= 135.835850879889,0.07520996986525941
aexp,86.0,-0.028753324005830208,0.0,726.0,54.40945181062462 < aexp <= 149.15392421287316,0.06274984639183176
