feature,value,importance,min,max,rule,importance_ratio
la,240,0.15853356698283283,0.0,9176.0,la > 135.835850879889,0.3031577111188234
aexp,14,-0.11221263828137552,0.0,726.0,6.308411975636886 < aexp <= 54.40945181062462,0.2145799607452849
nuc,39.0555555555556,-0.08620139471829702,0.0,2086.0,11.446877959457481 < nuc <= 113.47699669467761,0.16483964888570876
age,93.11111111111109,0.07630104872083254,0.0,511.03030303030295,84.25039107908812 < age <= 379.6012832253171,0.14590759374434717
ld,489,0.06323891756714456,0.0,8304.0,29.490716012837936 < ld <= 4621.051880819136,0.12092937709124725
