feature,value,importance,min,max,rule,importance_ratio
la,615,0.16018386465977402,0.0,9176.0,la > 135.835850879889,0.4199890685385483
aexp,50,-0.09756673100210372,0.0,726.0,6.308411975636886 < aexp <= 54.40945181062462,0.25581203550656334
nuc,9.07692307692308,-0.05964464101074718,0.0,2086.0,1.5729955012103574 < nuc <= 11.446877959457481,0.15638339900604534
ld,16,-0.030079778740198234,0.0,8304.0,15.702244046452648 < ld <= 29.490716012837936,0.0788667340607245
nd,9,-0.0168778561028867,1.0,40.0,5.487575744339811 < nd <= 12.487685654034399,0.04425236635809007
