feature,value,importance,min,max,rule,importance_ratio
ns,2.0,-0.16684770810275812,1.0,7.0,1.4973267047410423 < ns <= 2.502438908657955,0.40830338508673464
age,303.285714285714,0.05802358448879408,0.0,511.03030303030295,84.25039107908812 < age <= 379.6012832253171,0.14199311594409092
la,115.0,-0.05040053288345015,0.0,9176.0,92.55999249877996 < la <= 135.835850879889,0.12333827309041591
nd,4.0,0.0490537641673144,1.0,40.0,3.5069244908215746 < nd <= 5.487575744339811,0.1200425117522471
nuc,16.1428571428571,-0.04873219746367825,0.0,2086.0,11.446877959457481 < nuc <= 113.47699669467761,0.11925558590760225
