feature,value,importance,min,max,rule,importance_ratio
ns,1.0,0.16695571514516516,1.0,7.0,ns <= 1.4973267047410423,0.38857985262899924
la,243.0,0.0950267618105747,0.0,9176.0,la > 135.835850879889,0.22116933863604518
nd,1.0,-0.0812199268223812,1.0,40.0,nd <= 1.4991410283510338,0.1890347219784464
nuc,76.6,-0.033977560262977304,0.0,2086.0,11.446877959457481 < nuc <= 113.47699669467761,0.07908082300866957
age,131.13333333333298,0.028191038766233436,0.0,511.03030303030295,84.25039107908812 < age <= 379.6012832253171,0.06561302606332864
