feature,value,importance,min,max,rule,importance_ratio
age,234.5,0.08438642762799564,0.0,511.03030303030295,84.25039107908812 < age <= 379.6012832253171,0.2545297548435509
aexp,9,-0.08309651353421602,0.0,726.0,6.308411975636886 < aexp <= 54.40945181062462,0.2506390638013098
nuc,45.25,-0.07878728543101883,0.0,2086.0,11.446877959457481 < nuc <= 113.47699669467761,0.23764139576982363
la,90,-0.03691129559545758,0.0,9176.0,36.91960315163976 < la <= 92.55999249877996,0.11133334213750753
nd,3,0.026705442441887148,1.0,40.0,2.5030327595863042 < nd <= 3.5069244908215746,0.08055003522233525
