feature,value,importance,min,max,rule,importance_ratio
ns,1.0,0.17409580374443787,1.0,7.0,ns <= 1.4973267047410423,0.4108139357232925
nd,7.0,0.09419245473071447,1.0,40.0,5.487575744339811 < nd <= 12.487685654034399,0.22226597201714085
nuc,159.545454545455,0.07335739968657894,0.0,2086.0,113.47699669467761 < nuc <= 1752.541484763698,0.1731014845361138
la,73.0,-0.04983173482093026,0.0,9176.0,36.91960315163976 < la <= 92.55999249877996,0.11758796401409438
age,65.8181818181818,0.016993928906595707,0.0,511.03030303030295,9.569496653858916 < age <= 84.25039107908812,0.04010058064218826
