feature,value,importance,min,max,rule,importance_ratio
ns,1.0,0.18113753569003985,1.0,7.0,ns <= 1.4973267047410423,0.4782273832876247
la,184.0,0.09157065437614954,0.0,9176.0,la > 135.835850879889,0.24175880643080555
nuc,40.5,-0.0432684637995606,0.0,2086.0,11.446877959457481 < nuc <= 113.47699669467761,0.11423454637887609
nd,4.0,0.02882193596997036,1.0,40.0,3.5069244908215746 < nd <= 5.487575744339811,0.07609377574722244
ld,5.0,0.020658252616388297,0.0,8304.0,1.9137720800673748 < ld <= 15.702244046452648,0.054540557010422736
