feature,value,importance,min,max,rule,importance_ratio
ns,1.0,0.19873580053149165,1.0,7.0,ns <= 1.4973267047410423,0.5373554412679621
age,103.666666666667,0.05280776510901649,0.0,511.03030303030295,84.25039107908812 < age <= 379.6012832253171,0.14278524476536833
nuc,71.3333333333333,-0.04382783245990127,0.0,2086.0,11.446877959457481 < nuc <= 113.47699669467761,0.11850468908130446
aexp,27.0,-0.041568229009155425,0.0,726.0,6.308411975636886 < aexp <= 54.40945181062462,0.11239501882501997
la,96.0,-0.017406073269206294,0.0,9176.0,92.55999249877996 < la <= 135.835850879889,0.04706373062781265
