feature,value,importance,min,max,rule,importance_ratio
ns,2.0,-0.1430265715097977,1.0,7.0,1.4973267047410423 < ns <= 2.502438908657955,0.3263065313747437
la,635.0,0.1115590328873433,0.0,9176.0,la > 135.835850879889,0.25451523224477407
ld,2.0,0.061432131956059476,0.0,8304.0,1.9137720800673748 < ld <= 1.9137720800673748,0.14015371886449876
age,95.1428571428571,0.051429997098924006,0.0,511.03030303030295,84.25039107908812 < age <= 379.6012832253171,0.11733444901050023
aexp,4.0,-0.043272758376451066,0.0,726.0,aexp <= 6.308411975636886,0.09872419886587201
