feature,value,importance,min,max,rule,importance_ratio
la,481,0.16329352340740777,0.0,9176.0,la > 135.835850879889,0.454550920264834
nuc,146.166666666667,0.08999377226224707,0.0,2086.0,113.47699669467761 < nuc <= 1752.541484763698,0.2505105600413089
ld,430,0.047276846691285686,0.0,8304.0,29.490716012837936 < ld <= 4621.051880819136,0.13160187692887093
aexp,161,0.03780802002374651,0.0,726.0,149.15392421287316 < aexp <= 185.59410590604568,0.1052440411387781
age,69.3333333333333,0.012835033204552012,0.0,511.03030303030295,9.569496653858916 < age <= 84.25039107908812,0.03572815401994169
