feature,value,importance,min,max,rule,importance_ratio
ns,2.0,-0.18843661521871066,1.0,7.0,1.4973267047410423 < ns <= 2.502438908657955,0.508052927775177
age,74.1666666666667,0.05598874919071801,0.0,511.03030303030295,9.569496653858916 < age <= 84.25039107908812,0.15095393172817884
nuc,31.0,-0.04159900797630995,0.0,2086.0,11.446877959457481 < nuc <= 113.47699669467761,0.11215706549588181
ld,21.0,0.03836739335355045,0.0,8304.0,15.702244046452648 < ld <= 29.490716012837936,0.10344415548829952
nd,4.0,0.0238178962171384,1.0,40.0,3.5069244908215746 < nd <= 5.487575744339811,0.06421656371038946
