feature,value,importance,min,max,rule,importance_ratio
ns,1.0,0.2130341496483049,1.0,7.0,ns <= 1.4973267047410423,0.5808168426411912
la,67.0,-0.05580709601283421,0.0,9176.0,36.91960315163976 < la <= 92.55999249877996,0.15215260725409285
nuc,8.5,-0.03877912307587915,0.0,2086.0,1.5729955012103574 < nuc <= 11.446877959457481,0.10572749891278055
aexp,144.0,-0.021809648683867304,0.0,726.0,54.40945181062462 < aexp <= 149.15392421287316,0.05946188115187105
age,58.0,0.016244543703505934,0.0,511.03030303030295,9.569496653858916 < age <= 84.25039107908812,0.0442891649042815
