feature,value,importance,min,max,rule,importance_ratio
ns,1.0,0.18420425943601634,1.0,7.0,ns <= 1.4973267047410423,0.3764058034915251
la,145.0,0.10125250739337406,0.0,9176.0,la > 135.835850879889,0.20690092355965756
nd,2.0,-0.07686857601542954,1.0,40.0,1.4991410283510338 < nd <= 2.5030327595863042,0.15707442491788484
nuc,17.25,-0.04948063576090101,0.0,2086.0,11.446877959457481 < nuc <= 113.47699669467761,0.10110948855296578
age,124.5,0.0375274284256732,0.0,511.03030303030295,84.25039107908812 < age <= 379.6012832253171,0.07668412170698338
