feature,value,importance,min,max,rule,importance_ratio
ns,4.0,-0.20620819154777525,1.0,7.0,2.502438908657955 < ns <= 5.49780640377458,0.3547963368969973
la,1166.0,0.11418623951733695,0.0,9176.0,la > 135.835850879889,0.19646581060000276
nd,6.0,0.09593784217927771,1.0,40.0,5.487575744339811 < nd <= 12.487685654034399,0.16506810286983095
age,194.95454545454496,0.05985372526966476,0.0,511.03030303030295,84.25039107908812 < age <= 379.6012832253171,0.10298272981263341
nuc,29.5454545454545,-0.05202296066755559,0.0,2086.0,11.446877959457481 < nuc <= 113.47699669467761,0.08950932424577789
