feature,value,importance,min,max,rule,importance_ratio
aexp,31,-0.11737015666283657,0.0,726.0,6.308411975636886 < aexp <= 54.40945181062462,0.3952579629143158
age,106.5,0.06878585679853233,0.0,511.03030303030295,84.25039107908812 < age <= 379.6012832253171,0.2316445543615129
la,42,-0.04507506992606026,0.0,9176.0,36.91960315163976 < la <= 92.55999249877996,0.15179565933761904
nuc,12.0,-0.03907865050338558,0.0,2086.0,1.5729955012103574 < nuc <= 11.446877959457481,0.1316020036999701
ld,17,-0.014232953411647318,0.0,8304.0,15.702244046452648 < ld <= 29.490716012837936,0.04793116352313234
