feature,value,importance,min,max,rule,importance_ratio
la,15,-0.11300090535113272,0.0,9176.0,12.190541219577483 < la <= 24.555072185608623,0.325970680591254
age,196.8,0.0883991425036122,0.0,511.03030303030295,84.25039107908812 < age <= 379.6012832253171,0.2550026352093901
nuc,85.2,-0.062454588853974584,0.0,2086.0,11.446877959457481 < nuc <= 113.47699669467761,0.18016107721895316
aexp,184,0.052841803791800104,0.0,726.0,149.15392421287316 < aexp <= 185.59410590604568,0.15243133399824502
ld,15,-0.025937143164798723,0.0,8304.0,15.702244046452648 < ld <= 29.490716012837936,0.07482018116359702
