feature,value,importance,min,max,rule,importance_ratio
nd,18,0.20536670997088527,1.0,46.0,6.501361706446655 < nd <= 43.480788426363866,0.546083284453079
la,100,0.09715041558512315,0.0,9094.0,89.63502906531855 < la <= 198.10918576028968,0.2583292006587963
arexp,1463.66666666663,0.030341766832521756,0.0,2143.5,741.0350150255845 < arexp <= 1860.7231364184076,0.08068070862294074
age,49.2272727272727,0.01928173850377009,0.0,575.0,7.346025962989069 < age <= 349.3395012011218,0.051271382268318566
ld,97,-0.017808630936893118,0.0,9176.0,71.3286997568262 < ld <= 106.9077758780692,0.04735429454467092
