feature,value,importance,min,max,rule,importance_ratio
la,306,0.2917704704497522,0.0,9094.0,295.36187796957415 < la <= 471.1648215786653,0.40068371573423733
nd,7,0.24199736875266428,1.0,46.0,6.501361706446655 < nd <= 43.480788426363866,0.33233111205619714
arexp,10.0,-0.10040625323812562,0.0,2143.5,3.296579902275539 < arexp <= 18.99314235170766,0.13788630003711586
ns,1,0.04032039618618524,1.0,8.0,ns <= 1.4995095840290027,0.055371354540621906
ld,191,-0.03573480506494959,0.0,9176.0,106.9077758780692 < ld <= 326.31207862573433,0.04907403567054435
