feature,value,importance,min,max,rule,importance_ratio
la,427,0.31052373118119353,0.0,9094.0,295.36187796957415 < la <= 471.1648215786653,0.44382735345106994
nd,9,0.2050007940852151,1.0,46.0,6.501361706446655 < nd <= 43.480788426363866,0.2930048519902596
arexp,26.0,-0.0800677495907843,0.0,2143.5,18.99314235170766 < arexp <= 741.0350150255845,0.11443974752746046
ld,185,-0.03576776407165359,0.0,9176.0,106.9077758780692 < ld <= 326.31207862573433,0.05112237962103204
age,49.8888888888889,0.025288525271842863,0.0,575.0,7.346025962989069 < age <= 349.3395012011218,0.036144545865750145
