feature,value,importance,min,max,rule,importance_ratio
la,1653,0.4935998962077311,0.0,9094.0,la > 471.1648215786653,0.7533573110667927
arexp,1445.16666666664,0.05601087127664876,0.0,2143.5,741.0350150255845 < arexp <= 1860.7231364184076,0.0854866455598405
ld,1170,0.05070386347266442,0.0,9176.0,ld > 326.31207862573433,0.07738681985133278
nd,4,-0.021121624756786722,1.0,46.0,2.4949232752530253 < nd <= 4.49814249084984,0.03223689987454543
age,2.0416666666666696,-0.015415320242483672,0.0,575.0,0.035001551722574575 < age <= 7.346025962989069,0.023527647182129012
