feature,value,importance,min,max,rule,importance_ratio
la,2037,0.5366755045865685,0.0,9094.0,la > 471.1648215786653,0.7960058487086953
nd,5,0.08487014470711653,1.0,46.0,4.49814249084984 < nd <= 6.501361706446655,0.12588078082613655
nuc,26.3125,-0.02246140957823345,0.0,480.0,17.021870288644497 < nuc <= 98.64471611143635,0.033315128493313396
ns,1,-0.009848607175946857,1.0,8.0,ns <= 1.4995095840290027,0.0146076145579392
age,2.625,-0.008243522705838564,0.0,575.0,0.035001551722574575 < age <= 7.346025962989069,0.012226927131443091
