feature,value,importance,min,max,rule,importance_ratio
la,348,0.3857780217055387,0.0,9094.0,295.36187796957415 < la <= 471.1648215786653,0.7611977499404975
arexp,335.5,-0.04395253285887842,0.0,2143.5,18.99314235170766 < arexp <= 741.0350150255845,0.08672492271190392
nd,2,-0.02874115335588655,1.0,46.0,1.4933136674546177 < nd <= 2.4949232752530253,0.056710595301602475
ld,619,-0.02764376056427567,0.0,9176.0,ld > 326.31207862573433,0.05454527515173472
age,170.416666666667,0.010381910237132964,0.0,575.0,7.346025962989069 < age <= 349.3395012011218,0.02048506205110328
