feature,value,importance,min,max,rule,importance_ratio
la,847,0.4547640755696191,0.0,9094.0,la > 471.1648215786653,0.5451629270981462
nd,18,0.15114428953298117,1.0,46.0,6.501361706446655 < nd <= 43.480788426363866,0.18118903344060538
ns,1,-0.11401517341031595,1.0,8.0,ns <= 1.4995095840290027,0.1366793223323883
age,51.58064516129029,0.05115450712367074,0.0,575.0,7.346025962989069 < age <= 349.3395012011218,0.06132309550369057
arexp,22.0,-0.03539439821580381,0.0,2143.5,18.99314235170766 < arexp <= 741.0350150255845,0.042430162738857455
