feature,value,importance,min,max,rule,importance_ratio
la,2140,0.511950892624581,0.0,9094.0,la > 471.1648215786653,0.6274305501436969
nd,13,0.12574476733316395,1.0,46.0,6.501361706446655 < nd <= 43.480788426363866,0.15410874301061833
ld,258,0.05378832738704477,0.0,9176.0,106.9077758780692 < ld <= 326.31207862573433,0.06592124426377523
ns,1,-0.04941676802441238,1.0,8.0,ns <= 1.4995095840290027,0.06056360169415161
age,27.575757575757603,0.046997501477633256,0.0,575.0,7.346025962989069 < age <= 349.3395012011218,0.05759862641574542
