feature,value,importance,min,max,rule,importance_ratio
la,1748,0.40790909869251823,0.0,9094.0,la > 471.1648215786653,0.6506425912918536
nuc,32.1428571428571,0.07965457528079946,0.0,480.0,17.021870288644497 < nuc <= 98.64471611143635,0.12705443304665856
age,33.3571428571429,0.05312624258673914,0.0,575.0,7.346025962989069 < age <= 349.3395012011218,0.0847399488097508
ld,296,0.039312553261446635,0.0,9176.0,106.9077758780692 < ld <= 326.31207862573433,0.06270618038752712
arexp,47.0,-0.028746425256136625,0.0,2143.5,18.99314235170766 < arexp <= 741.0350150255845,0.04585249183943584
