feature,value,importance,min,max,rule,importance_ratio
la,346,0.3720354533550881,0.0,9094.0,295.36187796957415 < la <= 471.1648215786653,0.6925244028519614
nd,2,-0.05446365480786486,1.0,46.0,1.4933136674546177 < nd <= 2.4949232752530253,0.10138122504941136
arexp,2.0,-0.04035509261040723,0.0,2143.5,arexp <= 3.296579902275539,0.07511887955845983
age,75.0,0.03422892567666485,0.0,575.0,7.346025962989069 < age <= 349.3395012011218,0.06371534245117208
ns,1,-0.031091431389521928,1.0,8.0,ns <= 1.4995095840290027,0.0578750620745025
