feature,value,importance,min,max,rule,importance_ratio
la,805,0.5843561525751013,0.0,9094.0,la > 471.1648215786653,0.7900634548812401
arexp,20.0,-0.049806891940504035,0.0,2143.5,3.296579902275539 < arexp <= 18.99314235170766,0.06734010577282983
ns,2,0.033965200766097554,1.0,8.0,1.4995095840290027 < ns <= 2.4998972545934754,0.04592176148868252
nd,6,0.033395935301076284,1.0,46.0,4.49814249084984 < nd <= 6.501361706446655,0.045152101003279356
age,16.7,0.025691627248857266,0.0,575.0,7.346025962989069 < age <= 349.3395012011218,0.034735692772815435
