feature,value,importance,min,max,rule,importance_ratio
la,605,0.5287334028595355,0.0,9094.0,la > 471.1648215786653,0.614831453434572
nd,17,0.2565647462533788,1.0,46.0,6.501361706446655 < nd <= 43.480788426363866,0.2983433143923076
age,140.0,0.022893507924323774,0.0,575.0,7.346025962989069 < age <= 349.3395012011218,0.02662144792669217
ld,96,0.022639652055999205,0.0,9176.0,71.3286997568262 < ld <= 106.9077758780692,0.026326254599316267
nuc,61.6428571428571,-0.013533909861553003,0.0,480.0,17.021870288644497 < nuc <= 98.64471611143635,0.015737748789519383
