feature,value,importance,min,max,rule,importance_ratio
la,1589,0.4478188515323142,0.0,9094.0,la > 471.1648215786653,0.5054197473776914
nd,7,0.2567201241382612,1.0,46.0,6.501361706446655 < nd <= 43.480788426363866,0.28974086250446024
ns,1,-0.06353125965068697,1.0,8.0,ns <= 1.4995095840290027,0.07170299573893597
ld,862,0.04005423263186647,0.0,9176.0,ld > 326.31207862573433,0.0452062258409513
nuc,20.4375,0.03777777364655155,0.0,480.0,17.021870288644497 < nuc <= 98.64471611143635,0.0426369563219558
