feature,value,importance,min,max,rule,importance_ratio
la,1266,0.5162982728410327,0.0,9094.0,la > 471.1648215786653,0.6310348698215634
nd,10,0.12351747076762908,1.0,46.0,6.501361706446655 < nd <= 43.480788426363866,0.15096667021107457
arexp,1.0,-0.06547936064324346,0.0,2143.5,arexp <= 3.296579902275539,0.08003079226304254
age,8.95,0.06315973636784951,0.0,575.0,7.346025962989069 < age <= 349.3395012011218,0.07719567953914457
ns,2,0.028401362822041684,1.0,8.0,1.4995095840290027 < ns <= 2.4998972545934754,0.03471297742783713
