feature,value,importance,min,max,rule,importance_ratio
la,457,0.33188349943752116,0.0,9094.0,295.36187796957415 < la <= 471.1648215786653,0.5288795729745714
nd,8,0.2025198691871741,1.0,46.0,6.501361706446655 < nd <= 43.480788426363866,0.3227295786506629
ns,1,-0.03958366424312488,1.0,8.0,ns <= 1.4995095840290027,0.0630793380121443
arexp,20.0,-0.02517695659749348,0.0,2143.5,3.296579902275539 < arexp <= 18.99314235170766,0.04012124157015646
ld,269,-0.01919159229063567,0.0,9176.0,106.9077758780692 < ld <= 326.31207862573433,0.030583144846236233
