feature,value,importance,min,max,rule,importance_ratio
la,1779,0.5119504599518055,0.0,9094.0,la > 471.1648215786653,0.6274310305182769
nd,27,0.12574421930459487,1.0,46.0,6.501361706446655 < nd <= 43.480788426363866,0.15410831959683233
ld,298,0.053787965214676964,0.0,9176.0,106.9077758780692 < ld <= 326.31207862573433,0.06592090658010742
ns,1,-0.049416713215116086,1.0,8.0,ns <= 1.4995095840290027,0.060563632075465404
age,156.391891891892,0.04699740650408477,0.0,575.0,7.346025962989069 < age <= 349.3395012011218,0.05759860279707574
