feature,value,importance,min,max,rule,importance_ratio
la,213,0.2042955534330368,0.0,9094.0,198.10918576028968 < la <= 295.36187796957415,0.5642397246475778
ns,1,-0.036834655300279406,1.0,8.0,ns <= 1.4995095840290027,0.10173288363288069
arexp,639.1833333333483,-0.03202665993344167,0.0,2143.5,18.99314235170766 < arexp <= 741.0350150255845,0.08845377923582604
nd,3,0.03164550202869358,1.0,46.0,2.4949232752530253 < nd <= 4.49814249084984,0.08740106698825965
nuc,86.2857142857143,-0.027098933800140158,0.0,480.0,17.021870288644497 < nuc <= 98.64471611143635,0.0748439928754779
