feature,value,importance,min,max,rule,importance_ratio
la,330,0.3249009581670299,0.0,9094.0,295.36187796957415 < la <= 471.1648215786653,0.4448776077364898
nd,19,0.1578303604119357,1.0,46.0,6.501361706446655 < nd <= 43.480788426363866,0.2161126072523082
age,377.073170731707,0.09171116141951582,0.0,575.0,age > 349.3395012011218,0.12557747544122067
arexp,37.0,-0.04757270217193487,0.0,2143.5,18.99314235170766 < arexp <= 741.0350150255845,0.06513994312362287
ns,2,0.04285924251053475,1.0,8.0,1.4995095840290027 < ns <= 2.4998972545934754,0.05868593735473831
