feature,value,importance,min,max,rule,importance_ratio
la,978,0.48014146543880715,0.0,9094.0,la > 471.1648215786653,0.6942483193290032
arexp,0.0,0.06260653567830374,0.0,2143.5,arexp <= 3.296579902275539,0.09052432522975479
age,0.0,-0.060521114810792156,0.0,575.0,age <= 0.035001551722574575,0.08750896405689632
ns,2,0.034192906548775,1.0,8.0,1.4995095840290027 < ns <= 2.4998972545934754,0.04944036208738174
nuc,0.0,0.027109989565945333,0.0,480.0,nuc <= 1.924002853214784,0.0391989987283926
