feature,value,importance,min,max,rule,importance_ratio
la,502,0.446751179753283,0.0,9094.0,la > 471.1648215786653,0.5327471748515462
nd,11,0.19128812972628156,1.0,46.0,6.501361706446655 < nd <= 43.480788426363866,0.22810955026596927
arexp,19.0,0.09349010645964605,0.0,2143.5,3.296579902275539 < arexp <= 18.99314235170766,0.11148619712756498
age,33.7894736842105,0.04142470429902709,0.0,575.0,7.346025962989069 < age <= 349.3395012011218,0.049398625419534124
ns,1,0.026692567172106104,1.0,8.0,ns <= 1.4995095840290027,0.031830670840819766
