feature,value,importance,min,max,rule,importance_ratio
la,1198,0.44760956878034025,0.0,9094.0,la > 471.1648215786653,0.5053955570849733
nd,8,0.25663038650887915,1.0,46.0,6.501361706446655 < nd <= 43.480788426363866,0.28976113604540893
ns,1,-0.06356068231644209,1.0,8.0,ns <= 1.4995095840290027,0.07176630860584535
ld,974,0.039975882822069826,0.0,9176.0,ld > 326.31207862573433,0.04513673294312061
nuc,50.3125,0.037760355321120695,0.0,480.0,17.021870288644497 < nuc <= 98.64471611143635,0.04263518285644506
