feature,value,importance,min,max,rule,importance_ratio
la,1149,0.41635147497584807,0.0,9094.0,la > 471.1648215786653,0.5399126113833782
nd,23,0.19696371521004724,1.0,46.0,6.501361706446655 < nd <= 43.480788426363866,0.2554168778506127
ld,1659,0.057589823197913524,0.0,9176.0,ld > 326.31207862573433,0.07468082545809698
arexp,35.0,-0.050842687199831725,0.0,2143.5,18.99314235170766 < arexp <= 741.0350150255845,0.0659313336584235
nuc,9.08695652173913,-0.0245785564736315,0.0,480.0,4.2830446400006785 < nuc <= 17.021870288644497,0.031872764736769595
