feature,value,importance,min,max,rule,importance_ratio
la,896,0.5230751493948661,0.0,9094.0,la > 471.1648215786653,0.5816049955476413
nd,15,0.2620748141460355,1.0,46.0,6.501361706446655 < nd <= 43.480788426363866,0.29139985199237595
ns,1,-0.0356371286089897,1.0,8.0,ns <= 1.4995095840290027,0.039624769117669746
nuc,66.23809523809521,0.02731184351788991,0.0,480.0,17.021870288644497 < nuc <= 98.64471611143635,0.030367920643901546
ld,252,-0.025193653361833983,0.0,9176.0,106.9077758780692 < ld <= 326.31207862573433,0.02801271417365118
