feature,value,importance,min,max,rule,importance_ratio
la,734,0.5446949909949599,0.0,9094.0,la > 471.1648215786653,0.8222082852782038
arexp,40.0,-0.03745685073712686,0.0,2143.5,18.99314235170766 < arexp <= 741.0350150255845,0.05654051079162516
age,17.1176470588235,0.030391862278014572,0.0,575.0,7.346025962989069 < age <= 349.3395012011218,0.0458760249004179
nd,5,0.028145489178897174,1.0,46.0,4.49814249084984 < nd <= 6.501361706446655,0.04248516101428848
ns,1,0.009552544186235374,1.0,8.0,ns <= 1.4995095840290027,0.014419411056198856
