feature,value,importance,min,max,rule,importance_ratio
la,3099,0.4619559284732676,0.0,9094.0,la > 471.1648215786653,0.5954173789345156
nd,21,0.17816813247889773,1.0,46.0,6.501361706446655 < nd <= 43.480788426363866,0.2296418249265562
arexp,99.583333333333,-0.07789376188019224,0.0,2143.5,18.99314235170766 < arexp <= 741.0350150255845,0.10039767145609264
age,182.40540540540505,0.037257087750526253,0.0,575.0,7.346025962989069 < age <= 349.3395012011218,0.048020852570215045
ns,1,0.014426119550086481,1.0,8.0,ns <= 1.4995095840290027,0.018593899896677105
