feature,value,importance,min,max,rule,importance_ratio
la,3387,0.45735942743871394,0.0,9094.0,la > 471.1648215786653,0.5473098835885086
nd,7,0.22515835683173055,1.0,46.0,6.501361706446655 < nd <= 43.480788426363866,0.26944102750143334
age,86.4782608695652,0.043039832591174255,0.0,575.0,7.346025962989069 < age <= 349.3395012011218,0.05150462492281521
arexp,27.5,-0.04230242509209075,0.0,2143.5,18.99314235170766 < arexp <= 741.0350150255845,0.05062218894737056
ld,13,-0.03532669263582195,0.0,9176.0,9.065316544650969 < ld <= 14.995162564858127,0.04227451512775381
