feature,value,importance,min,max,rule,importance_ratio
la,353,0.2674171476873639,0.0,9094.0,295.36187796957415 < la <= 471.1648215786653,0.47974645798470483
nd,7,0.16089253139467108,1.0,46.0,6.501361706446655 < nd <= 43.480788426363866,0.2886412584993467
arexp,1473.08333333327,0.0695418211720817,0.0,2143.5,741.0350150255845 < arexp <= 1860.7231364184076,0.12475805189619261
nuc,15.2,-0.02037108887963839,0.0,480.0,4.2830446400006785 < nuc <= 17.021870288644497,0.036545740689462605
ns,1,0.018241976071690487,1.0,8.0,ns <= 1.4995095840290027,0.032726111555368975
