feature,value,importance,min,max,rule,importance_ratio
la,1338,0.4924643957225914,0.0,9094.0,la > 471.1648215786653,0.629350981956876
nd,8,0.20077760747648346,1.0,46.0,6.501361706446655 < nd <= 43.480788426363866,0.25658623347758996
arexp,9.0,-0.03247282929667528,0.0,2143.5,3.296579902275539 < arexp <= 18.99314235170766,0.04149905492110499
nuc,12.2553191489362,-0.026005468645513452,0.0,480.0,4.2830446400006785 < nuc <= 17.021870288644497,0.03323401117006242
age,116.553191489362,0.013593001450816402,0.0,575.0,7.346025962989069 < age <= 349.3395012011218,0.01737134478170784
