feature,value,importance,min,max,rule,importance_ratio
nd,7,0.24491564646092845,1.0,46.0,6.501361706446655 < nd <= 43.480788426363866,0.3778541884109514
la,260,0.1818882285685654,0.0,9094.0,198.10918576028968 < la <= 295.36187796957415,0.28061591809425296
arexp,35.0,-0.06593316007517266,0.0,2143.5,18.99314235170766 < arexp <= 741.0350150255845,0.1017212295317691
age,11.055555555555598,0.04881706013430826,0.0,575.0,7.346025962989069 < age <= 349.3395012011218,0.07531462731843194
ns,1,0.04714505488350772,1.0,8.0,ns <= 1.4995095840290027,0.07273506902483441
