feature,value,importance,min,max,rule,importance_ratio
ns,5,0.1889013235713846,1.0,9.0,2.4958440955958925 < ns <= 6.503048404494037,0.5340427760543013
age,125.0,-0.047039653208081865,0.0,829.533333333333,98.2860137036514 < age <= 143.09528339386998,0.13298576478413357
aexp,301,0.04471825729656863,0.0,403.0,259.48003416260264 < aexp <= 312.2223645252268,0.1264229483174869
la,122,-0.03584457879901108,0.0,5956.0,105.26016462261896 < la <= 165.96883678608913,0.10133617915645356
nuc,54.5555555555556,-0.021907954650765823,0.0,209.0,9.185789996399661 < nuc <= 67.67536906540971,0.06193596052250766
