feature,value,importance,min,max,rule,importance_ratio
la,229.0,0.3675292477956339,0.0,8851.0,la > 127.55870158356693,0.4164835128373854
ent,4.67157426764665,0.3546216364711641,0.0,6.25828457562083,ent > 3.1894578523081085,0.4018566298369227
nuc,56.54761904761912,-0.06535786020560255,0.0,2540.0,47.171255295131715 < nuc <= 98.92887678384466,0.0740634150158851
ndev,1.4047619047619,0.051094043761554034,0.0,57.5,1.0370110554233651 < ndev <= 2.9471755332787235,0.05789968270147538
age,0.119047619047619,0.018397094643122044,0.0,918.0,-0.000177132590621909 < age <= 0.8718932803045476,0.020847556075944868
