feature,value,importance,min,max,rule,importance_ratio
la,436.0,0.37274827293801216,0.0,8851.0,la > 127.55870158356693,0.6493498799772037
ndev,8.071428571428571,-0.1024049838405429,0.0,57.5,ndev > 3.975725636739302,0.17839563263914138
ent,1.96478472901229,0.059049247727282254,0.0,6.25828457562083,0.9973314650826041 < ent <= 2.005709603206336,0.10286733623801773
arexp,326.666666666666,-0.025209992173416844,0.0,2480.61666666637,26.57366470205011 < arexp <= 346.65992743262416,0.04391732056329826
age,4.57142857142857,0.0054036566510091534,0.0,918.0,0.8718932803045476 < age <= 6.104315757675584,0.009413494447912129
