feature,value,importance,min,max,rule,importance_ratio
la,1200,0.3803997434724975,0.0,8851.0,la > 127.55870158356693,0.38468098599925077
ld,1252,-0.2215171482869694,0.0,9293.0,ld > 956.0803284937488,0.22401023260662234
ent,2.81416509167211,0.20564805094987193,0.0,6.25828457562083,2.005709603206336 < ent <= 3.1894578523081085,0.2079625351112793
nuc,24.2051282051282,-0.07607751027797617,0.0,2540.0,16.979309426715872 < nuc <= 47.171255295131715,0.0769337313399526
ndev,0.794871794871795,0.06905736302115949,0.0,57.5,ndev <= 0.8166074618246695,0.0698345752155021
