feature,value,importance,min,max,rule,importance_ratio
la,1356.0,0.36940351530657256,0.0,8851.0,la > 127.55870158356693,0.4266086757796168
ent,4.02920029353342,0.35139866744557774,0.0,6.25828457562083,ent > 3.1894578523081085,0.4058156297328896
ndev,4.76,-0.09893425293148818,0.0,57.5,ndev > 3.975725636739302,0.11425503246042579
arexp,141.5,-0.02420826688373165,0.0,2480.61666666637,26.57366470205011 < arexp <= 346.65992743262416,0.027957115323110623
asexp,0.53210557535794,0.009651869197144614,0.0,3637.0,-0.6613834552044295 < asexp <= -0.6613834552044295,0.01114654020976144
