feature,value,importance,min,max,rule,importance_ratio
la,651.0,0.36897959296862515,0.0,8851.0,la > 127.55870158356693,0.4224084697769267
ent,4.87259254895936,0.356636924806036,0.0,6.25828457562083,ent > 3.1894578523081085,0.40827856213196106
nuc,55.90196078431371,-0.06642637943247082,0.0,2540.0,47.171255295131715 < nuc <= 98.92887678384466,0.0760450329058643
ndev,0.96078431372549,0.03348010795864873,0.0,57.5,0.8166074618246695 < ndev <= 0.9635431908904666,0.038328084913849564
age,14.6862745098039,-0.013718088213401468,0.0,918.0,6.104315757675584 < age <= 152.17610991761703,0.01570449087405366
