feature,value,importance,min,max,rule,importance_ratio
la,214,0.383526745730576,0.0,8851.0,la > 127.55870158356693,0.4464418777584299
nuc,1086.5,0.2706517372762187,0.0,2540.0,nuc > 651.0101726634492,0.3150504395150019
ndev,30.5,-0.10440947568395911,0.0,57.5,ndev > 3.975725636739302,0.12153718847254755
ent,1.3331850386338202,0.0645868011798147,0.0,6.25828457562083,0.9973314650826041 < ent <= 2.005709603206336,0.07518185659308009
arexp,345.333333333333,-0.027531824030685614,0.0,2480.61666666637,26.57366470205011 < arexp <= 346.65992743262416,0.0320482452793749
