feature,value,importance,min,max,rule,importance_ratio
ent,3.55371159413661,0.35689596553792763,0.0,6.25828457562083,ent > 3.1894578523081085,0.6431535494738527
ndev,5.125,-0.10065764873207843,0.0,57.5,ndev > 3.975725636739302,0.1813927035183834
la,55.0,-0.04313411042058921,0.0,8851.0,33.715042481948714 < la <= 63.87907576461171,0.07773093253824104
arexp,53.0,-0.028611670732582917,0.0,2480.61666666637,26.57366470205011 < arexp <= 346.65992743262416,0.05156039676801078
age,6.375,-0.013998568274217344,0.0,918.0,6.104315757675584 < age <= 152.17610991761703,0.025226479821773635
