feature,value,importance,min,max,rule,importance_ratio
nuc,678.0,0.257320463714006,0.0,2540.0,nuc > 651.0101726634492,0.4126463708684931
ent,2.35084262052341,0.19574655352223402,0.0,6.25828457562083,2.005709603206336 < ent <= 3.1894578523081085,0.31390470759737155
ndev,18.0,-0.1100799880996303,0.0,57.5,ndev > 3.975725636739302,0.17652738122314718
arexp,109.666666666666,-0.030058078116154907,0.0,2480.61666666637,26.57366470205011 < arexp <= 346.65992743262416,0.048201983903225325
la,90,-0.014426722332399519,0.0,8851.0,63.87907576461171 < la <= 127.55870158356693,0.02313509982093225
