feature,value,importance,min,max,rule,importance_ratio
la,133.0,0.3734109376506919,0.0,8851.0,la > 127.55870158356693,0.5247083307990307
ent,2.10954284608055,0.2059338528898433,0.0,6.25828457562083,2.005709603206336 < ent <= 3.1894578523081085,0.2893734417225971
ndev,15.5,-0.10680841596926759,0.0,57.5,ndev > 3.975725636739302,0.15008469224580862
age,19.25,-0.012217503266889453,0.0,918.0,6.104315757675584 < age <= 152.17610991761703,0.01716775032363434
asexp,1.66426022112117,0.004390514840363063,0.0,3637.0,-0.6613834552044295 < asexp <= -0.6613834552044295,0.006169448939362119
