feature,value,importance,min,max,rule,importance_ratio
la,210.0,0.37056417602576924,0.0,8851.0,la > 127.55870158356693,0.4730741222501742
ent,2.86283001287984,0.20370963456661442,0.0,6.25828457562083,2.005709603206336 < ent <= 3.1894578523081085,0.2600622585810973
nuc,10.0714285714286,-0.09000999780937549,0.0,2540.0,nuc <= 12.66617430265643,0.11490965253060317
ndev,0.75,0.0686707495647991,0.0,57.5,ndev <= 0.8166074618246695,0.08766728323023255
arexp,414.0,-0.0246441850538912,0.0,2480.61666666637,346.65992743262416 < arexp <= 530.7095285027044,0.03146155771984203
