feature,value,importance,min,max,rule,importance_ratio
la,3384.0,0.3683942002947728,0.0,8851.0,la > 127.55870158356693,0.401623716223849
ent,4.02557713917289,0.35980448375199703,0.0,6.25828457562083,ent > 3.1894578523081085,0.39225919887678257
nuc,43.6388888888889,-0.0779160914220283,0.0,2540.0,16.979309426715872 < nuc <= 47.171255295131715,0.08494419881071126
ndev,1.33333333333333,0.051334600287500115,0.0,57.5,1.0370110554233651 < ndev <= 2.9471755332787235,0.055965031267687426
arexp,85.5,-0.027753867766178105,0.0,2480.61666666637,26.57366470205011 < arexp <= 346.65992743262416,0.030257293689528005
