feature,value,importance,min,max,rule,importance_ratio
la,494.0,0.36811555323506334,0.0,8851.0,la > 127.55870158356693,0.4017276591274902
ent,4.133586301832509,0.3588385478334384,0.0,6.25828457562083,ent > 3.1894578523081085,0.39160358360023834
nuc,43.4444444444444,-0.07814694089012399,0.0,2540.0,16.979309426715872 < nuc <= 47.171255295131715,0.08528242655293916
ndev,1.59259259259259,0.051125280153095226,0.0,57.5,1.0370110554233651 < ndev <= 2.9471755332787235,0.055793456531908835
arexp,135.0,-0.02790976278254755,0.0,2480.61666666637,26.57366470205011 < arexp <= 346.65992743262416,0.030458163397069984
