feature,value,importance,min,max,rule,importance_ratio
la,2270,0.3752486259551615,0.0,8851.0,la > 127.55870158356693,0.4562111422710788
ent,3.36969317127494,0.33023432054212737,0.0,6.25828457562083,ent > 3.1894578523081085,0.4014846855418985
ndev,2.85106382978723,0.05345992436861933,0.0,57.5,1.0370110554233651 < ndev <= 2.9471755332787235,0.06499427706058422
arexp,456.333333333333,-0.02140118306511997,0.0,2480.61666666637,346.65992743262416 < arexp <= 530.7095285027044,0.026018638035619306
ld,248,-0.01390419677631386,0.0,9293.0,49.90409840300467 < ld <= 956.0803284937488,0.016904124505553692
