feature,value,importance,min,max,rule,importance_ratio
la,128.0,0.3736628301527539,0.0,8851.0,la > 127.55870158356693,0.5169308980029877
ent,2.71784873385973,0.20586201981575483,0.0,6.25828457562083,2.005709603206336 < ent <= 3.1894578523081085,0.28479267987282497
ndev,13.2,-0.10697386090860422,0.0,57.5,ndev > 3.975725636739302,0.14798928210152867
arexp,5.0,-0.013325723258402792,0.0,2480.61666666637,arexp <= 26.57366470205011,0.01843501021412656
age,21.9,-0.012170580487671253,0.0,918.0,6.104315757675584 < age <= 152.17610991761703,0.016836967964240994
