feature,value,importance,min,max,rule,importance_ratio
la,151,0.3740243759048612,0.0,8851.0,la > 127.55870158356693,0.41844697112882
ent,4.245485653336839,0.3299773622097078,0.0,6.25828457562083,ent > 3.1894578523081085,0.3691685265798078
nuc,50.025641025641,-0.0674141378965203,0.0,2540.0,47.171255295131715 < nuc <= 98.92887678384466,0.07542086460491808
ndev,1.53846153846154,0.05388299893914531,0.0,57.5,1.0370110554233651 < ndev <= 2.9471755332787235,0.06028264239964401
arexp,28.0,-0.02911066541104919,0.0,2480.61666666637,26.57366470205011 < arexp <= 346.65992743262416,0.03256811735686588
