feature,value,importance,min,max,rule,importance_ratio
ndev,11.5,-0.1100698700385651,0.0,57.5,ndev > 3.975725636739302,0.3630240141578862
la,5,-0.08248470998827843,0.0,8851.0,0.19944994565651086 < la <= 6.9025684529149345,0.2720447522660152
ent,1.9056390622295705,0.058145984602516514,0.0,6.25828457562083,0.9973314650826041 < ent <= 2.005709603206336,0.19177263251217122
ld,3,0.03138459471075652,0.0,9293.0,0.42007218644526745 < ld <= 3.5128238249802237,0.10351026625747184
age,10.25,-0.011086050536365239,0.0,918.0,6.104315757675584 < age <= 152.17610991761703,0.03656316270254916
