feature,value,importance,min,max,rule,importance_ratio
la,1384,0.38104431457198135,0.0,8851.0,la > 127.55870158356693,0.511850618654458
ent,2.0579342384348704,0.2075393939784443,0.0,6.25828457562083,2.005709603206336 < ent <= 3.1894578523081085,0.2787842860806436
ndev,11.833333333333302,-0.11103579940811287,0.0,57.5,ndev > 3.975725636739302,0.14915258001861267
arexp,0.5,-0.017504817509061972,0.0,2480.61666666637,arexp <= 26.57366470205011,0.023513936119244194
age,136.666666666667,-0.012414691730297604,0.0,918.0,6.104315757675584 < age <= 152.17610991761703,0.016676453104135788
