feature,value,importance,min,max,rule,importance_ratio
la,592,0.38553386556880914,0.0,8851.0,la > 127.55870158356693,0.44125318543113845
nuc,1146.5,0.2715389503284187,0.0,2540.0,nuc > 651.0101726634492,0.31078314384721073
ndev,34.75,-0.1060364451130062,0.0,57.5,ndev > 3.975725636739302,0.1213613727781776
ent,1.08846615419682,0.063754128646545,0.0,6.25828457562083,0.9973314650826041 < ent <= 2.005709603206336,0.0729682003633315
asexp,0.0,0.01665222666281304,0.0,3637.0,asexp <= -0.6613834552044295,0.019058891360028044
