feature,value,importance,min,max,rule,importance_ratio
nuc,773.333333333333,0.2629315169625243,0.0,2540.0,nuc > 651.0101726634492,0.5418121804808231
ndev,23.5,-0.1076941143395019,0.0,57.5,ndev > 3.975725636739302,0.22192083927144132
ent,1.86791718334848,0.05740593513322842,0.0,6.25828457562083,0.9973314650826041 < ent <= 2.005709603206336,0.11829405332000702
arexp,336.08333333333,-0.03085967974047046,0.0,2480.61666666637,26.57366470205011 < arexp <= 346.65992743262416,0.06359127487750853
age,83.8333333333333,-0.008741649981844,0.0,918.0,6.104315757675584 < age <= 152.17610991761703,0.018013559166960257
