feature,value,importance,min,max,rule,importance_ratio
la,566,0.3865603689026401,0.0,8851.0,la > 127.55870158356693,0.44464760934632014
nuc,937.6,0.27413554025757064,0.0,2540.0,nuc > 651.0101726634492,0.31532904668530853
ndev,28.2,-0.10578367143832537,0.0,57.5,ndev > 3.975725636739302,0.12167945913973059
ent,0.703246681393214,-0.06511358820639715,0.0,6.25828457562083,0.03279585470338198 < ent <= 0.9973314650826041,0.0748980072999343
arexp,32.0,-0.02856860457576162,0.0,2480.61666666637,26.57366470205011 < arexp <= 346.65992743262416,0.03286152112031986
