feature,value,importance,min,max,rule,importance_ratio
la,282.0,0.3730045849056838,0.0,8851.0,la > 127.55870158356693,0.5014482815350632
ent,2.20984699000684,0.20491331065137122,0.0,6.25828457562083,2.005709603206336 < ent <= 3.1894578523081085,0.2754749717507424
ndev,5.66666666666667,-0.1056602451107364,0.0,57.5,ndev > 3.975725636739302,0.14204422809105524
arexp,82.0,-0.0251505175275181,0.0,2480.61666666637,26.57366470205011 < arexp <= 346.65992743262416,0.03381106909739559
age,0.0,0.01404608167200594,0.0,918.0,age <= -0.000177132590621909,0.018882833621226086
