feature,value,importance,min,max,rule,importance_ratio
nuc,1325.0,0.2638723365932541,0.0,2540.0,nuc > 651.0101726634492,0.464367893921946
ndev,29.8,-0.1083225211162694,0.0,57.5,ndev > 3.975725636739302,0.19062817135171986
la,20,-0.07160221063626575,0.0,8851.0,16.957246213802605 < la <= 33.715042481948714,0.1260070236334441
ent,1.99067934158391,0.05968871616844194,0.0,6.25828457562083,0.9973314650826041 < ent <= 2.005709603206336,0.10504141425317104
arexp,188.0,-0.02866406954679936,0.0,2480.61666666637,26.57366470205011 < arexp <= 346.65992743262416,0.05044361140136163
