feature,value,importance,min,max,rule,importance_ratio
la,149,0.3786922084513581,0.0,8851.0,la > 127.55870158356693,0.6240478772497137
nuc,41.0,-0.08078137769200501,0.0,2540.0,16.979309426715872 < nuc <= 47.171255295131715,0.13311984283003359
ent,1.64343370458577,0.06916850342660412,0.0,6.25828457562083,0.9973314650826041 < ent <= 2.005709603206336,0.1139829570627572
arexp,65.0,-0.029829310610233226,0.0,2480.61666666637,26.57366470205011 < arexp <= 346.65992743262416,0.049155798695365654
ndev,3.55555555555556,0.014615105740888045,0.0,57.5,3.020643397811622 < ndev <= 3.975725636739302,0.02408427084010838
