feature,value,importance,min,max,rule,importance_ratio
la,374,0.3835658022848811,0.0,8851.0,la > 127.55870158356693,0.4113952773875962
nuc,953.2,0.27142405219091126,0.0,2540.0,nuc > 651.0101726634492,0.29111712403863255
ndev,30.4,-0.10505368688165855,0.0,57.5,ndev > 3.975725636739302,0.1126758183284817
age,276.2,-0.06812460163308277,0.0,918.0,152.17610991761703 < age <= 385.89098057352334,0.0730673569406119
ent,1.7571216271473402,0.06422548749628156,0.0,6.25828457562083,0.9973314650826041 < ent <= 2.005709603206336,0.06888534401787522
