feature,value,importance,min,max,rule,importance_ratio
la,363,0.3737523590225157,0.0,8851.0,la > 127.55870158356693,0.46455745130793163
ent,4.02437189531681,0.32927252615544733,0.0,6.25828457562083,ent > 3.1894578523081085,0.4092710101858751
ndev,2.7826086956521703,0.05298649430646085,0.0,57.5,1.0370110554233651 < ndev <= 2.9471755332787235,0.06585984049205373
arexp,0.0,-0.01857504401951378,0.0,2480.61666666637,arexp <= 26.57366470205011,0.023087948207754637
age,64.8695652173913,-0.012942763049045722,0.0,918.0,6.104315757675584 < age <= 152.17610991761703,0.01608727508950636
