feature,value,importance,min,max,rule,importance_ratio
ent,2.5970677631265,0.20523130164811124,0.0,6.25828457562083,2.005709603206336 < ent <= 3.1894578523081085,0.5083869282339463
ndev,17.4444444444444,-0.11171299990426323,0.0,57.5,ndev > 3.975725636739302,0.27672888301661364
arexp,53.5,-0.03041771598240189,0.0,2480.61666666637,26.57366470205011 < arexp <= 346.65992743262416,0.07534897975115107
la,86,-0.017504694292614253,0.0,8851.0,63.87907576461171 < la <= 127.55870158356693,0.04336160073844345
ld,95,-0.0147201890973375,0.0,9293.0,49.90409840300467 < ld <= 956.0803284937488,0.036463987988779145
