feature,value,importance,min,max,rule,importance_ratio
la,284.0,0.3769224847265082,0.0,8851.0,la > 127.55870158356693,0.38078901361326495
nuc,789.5,0.2669993549346781,0.0,2540.0,nuc > 651.0101726634492,0.26973827543009354
ent,2.11971593598726,0.19592115025957704,0.0,6.25828457562083,2.005709603206336 < ent <= 3.1894578523081085,0.1979309395868307
ndev,26.1666666666667,-0.10494456465267209,0.0,57.5,ndev > 3.975725636739302,0.10602110215621766
arexp,376.533333333331,-0.027317482999386418,0.0,2480.61666666637,346.65992743262416 < arexp <= 530.7095285027044,0.027597709946333492
