feature,value,importance,min,max,rule,importance_ratio
la,437.0,0.37409648273884233,0.0,8851.0,la > 127.55870158356693,0.5112708820109627
ent,2.6205398098295696,0.20573957011238087,0.0,6.25828457562083,2.005709603206336 < ent <= 3.1894578523081085,0.2811805411956939
ndev,14.8181818181818,-0.10623982670465397,0.0,57.5,ndev > 3.975725636739302,0.14519604543274822
arexp,0.0,-0.014249468925796153,0.0,2480.61666666637,arexp <= 26.57366470205011,0.019474490892141098
ld,113.0,-0.012540324155899167,0.0,9293.0,49.90409840300467 < ld <= 956.0803284937488,0.017138633715425317
