feature,value,importance,min,max,rule,importance_ratio
nuc,843.666666666667,0.26302510191123046,0.0,2540.0,nuc > 651.0101726634492,0.540032944382137
ndev,28.1666666666667,-0.10835634364640832,0.0,57.5,ndev > 3.975725636739302,0.22247304487919706
ent,1.8140399660466104,0.057376419304292214,0.0,6.25828457562083,0.9973314650826041 < ent <= 2.005709603206336,0.11780304020358609
arexp,244.5,-0.030991005279360814,0.0,2480.61666666637,26.57366470205011 < arexp <= 346.65992743262416,0.06362953082715253
ld,56,-0.010187898966644914,0.0,9293.0,49.90409840300467 < ld <= 956.0803284937488,0.020917399275000803
