feature,value,importance,min,max,rule,importance_ratio
la,3091.0,0.3688769496254139,0.0,8851.0,la > 127.55870158356693,0.355944952831331
ent,4.84364481706719,0.359564154059054,0.0,6.25828457562083,ent > 3.1894578523081085,0.34695864294679646
ld,1280.0,-0.22059016834281972,0.0,9293.0,ld > 956.0803284937488,0.21285677282241006
ndev,2.49333333333333,0.05180152998260218,0.0,57.5,1.0370110554233651 < ndev <= 2.9471755332787235,0.04998548476659216
arexp,24.0,-0.012864213024750902,0.0,2480.61666666637,arexp <= 26.57366470205011,0.012413222628730188
