feature,value,importance,min,max,rule,importance_ratio
la,2054.0,0.36945011835720737,0.0,8851.0,la > 127.55870158356693,0.4605893051059489
ent,3.89481585178909,0.35689353461677686,0.0,6.25828457562083,ent > 3.1894578523081085,0.4449351534569359
ndev,3.64,0.0233846335615109,0.0,57.5,3.020643397811622 < ndev <= 3.975725636739302,0.029153359512094572
arexp,442.4999999999992,-0.01860596152911135,0.0,2480.61666666637,346.65992743262416 < arexp <= 530.7095285027044,0.02319584286405801
age,100.6,-0.011102274302307742,0.0,918.0,6.104315757675584 < age <= 152.17610991761703,0.013841080437958937
