feature,value,importance,min,max,rule,importance_ratio
la,889.0,0.37029259650070967,0.0,8851.0,la > 127.55870158356693,0.3479831390409295
ent,3.91897900613076,0.35116325629749,0.0,6.25828457562083,ent > 3.1894578523081085,0.3300063068962839
ld,1088.0,-0.19683859464886092,0.0,9293.0,ld > 956.0803284937488,0.18497942626348038
ndev,8.95,-0.09832675838481081,0.0,57.5,ndev > 3.975725636739302,0.09240274949542482
arexp,114.5,-0.024137474624234562,0.0,2480.61666666637,26.57366470205011 < arexp <= 346.65992743262416,0.02268323554842076
