feature,value,importance,min,max,rule,importance_ratio
la,889,0.3784330785342009,0.0,8851.0,la > 127.55870158356693,0.3509820057315653
ent,3.91897900613076,0.324018617363429,0.0,6.25828457562083,ent > 3.1894578523081085,0.30051470304096856
ld,1088,-0.2188549903212202,0.0,9293.0,ld > 956.0803284937488,0.20297951691969257
ndev,8.95,-0.10310992415278367,0.0,57.5,ndev > 3.975725636739302,0.0956304563283649
arexp,114.5,-0.02540178420778049,0.0,2480.61666666637,26.57366470205011 < arexp <= 346.65992743262416,0.02355916984038554
