feature,value,importance,min,max,rule,importance_ratio
la,1248.0,0.37364974682990404,0.0,8851.0,la > 127.55870158356693,0.6548955874730815
ndev,15.5,-0.10377935947400956,0.0,57.5,ndev > 3.975725636739302,0.18189399341745316
ent,1.6100789661100805,0.05807379885235004,0.0,6.25828457562083,0.9973314650826041 < ent <= 2.005709603206336,0.10178589692318651
arexp,11.0,-0.013006380775771214,0.0,2480.61666666637,arexp <= 26.57366470205011,0.022796272314684153
age,29.0833333333333,-0.008964776507382213,0.0,918.0,6.104315757675584 < age <= 152.17610991761703,0.01571255601583372
