feature,value,importance,min,max,rule,importance_ratio
la,475.0,0.3717259355198561,0.0,8851.0,la > 127.55870158356693,0.6408712333508256
ndev,18.4,-0.103047152469925,0.0,57.5,ndev > 3.975725636739302,0.17765764878454068
ent,1.64821751827914,0.05783187386363065,0.0,6.25828457562083,0.9973314650826041 < ent <= 2.005709603206336,0.09970459628581554
arexp,77.8333333333333,-0.025107757042277624,0.0,2480.61666666637,26.57366470205011 < arexp <= 346.65992743262416,0.04328683496311446
age,39.1,-0.009590078270060474,0.0,918.0,6.104315757675584 < age <= 152.17610991761703,0.016533700507793365
