feature,value,importance,min,max,rule,importance_ratio
la,617.0,0.37315913269717016,0.0,8851.0,la > 127.55870158356693,0.500860539300255
ent,2.89277805220225,0.2059388172283417,0.0,6.25828457562083,2.005709603206336 < ent <= 3.1894578523081085,0.27641458568709465
ndev,9.38095238095238,-0.10582393017584116,0.0,57.5,ndev > 3.975725636739302,0.1420386802693045
arexp,73.1666666666667,-0.02568264557072123,0.0,2480.61666666637,26.57366470205011 < arexp <= 346.65992743262416,0.034471684019181686
ld,161.0,-0.012733021927775175,0.0,9293.0,49.90409840300467 < ld <= 956.0803284937488,0.017090478755193574
