feature,value,importance,min,max,rule,importance_ratio
la,855.0,0.371755699899853,0.0,8851.0,la > 127.55870158356693,0.5528760975821203
ent,2.6880295553595097,0.2055125857257115,0.0,6.25828457562083,2.005709603206336 < ent <= 3.1894578523081085,0.3056388817458647
nuc,47.1818181818182,-0.049886981161938425,0.0,2540.0,47.171255295131715 < nuc <= 47.171255295131715,0.07419205535354367
ndev,3.7272727272727297,0.020586957662357512,0.0,57.5,3.020643397811622 < ndev <= 3.975725636739302,0.03061697995893203
age,80.1818181818182,-0.011827784435349506,0.0,918.0,6.104315757675584 < age <= 152.17610991761703,0.01759031348657248
