feature,value,importance,min,max,rule,importance_ratio
la,227.0,0.3761784873505071,0.0,8851.0,la > 127.55870158356693,0.3785183343666834
nuc,1030.83333333333,0.2678094299309413,0.0,2540.0,nuc > 651.0101726634492,0.2694752165630831
ent,2.32546477511608,0.19548081302087014,0.0,6.25828457562083,2.005709603206336 < ent <= 3.1894578523081085,0.19669671242088135
ndev,33.6666666666667,-0.10356595328275614,0.0,57.5,ndev > 3.975725636739302,0.1042101381442374
arexp,47.5,-0.02579829035536037,0.0,2480.61666666637,26.57366470205011 < arexp <= 346.65992743262416,0.025958756875217995
