feature,value,importance,min,max,rule,importance_ratio
ent,2.67025306936927,0.20529876963111976,0.0,6.25828457562083,2.005709603206336 < ent <= 3.1894578523081085,0.5263163892731898
ndev,17.25,-0.11246271894531645,0.0,57.5,ndev > 3.975725636739302,0.2883162537676124
arexp,3.0,-0.024726261754349388,0.0,2480.61666666637,arexp <= 26.57366470205011,0.0633897457357205
la,114,-0.018557196856646384,0.0,8851.0,63.87907576461171 < la <= 127.55870158356693,0.04757435644729461
age,122.333333333333,-0.014692686956264293,0.0,918.0,6.104315757675584 < age <= 152.17610991761703,0.037667064256824104
