feature,value,importance,min,max,rule,importance_ratio
nuc,783.444444444444,0.2630836493916134,0.0,2540.0,nuc > 651.0101726634492,0.5403070685168608
ndev,23.2222222222222,-0.10833556417229272,0.0,57.5,ndev > 3.975725636739302,0.22249376283708228
ent,1.72380073168172,0.057414212647646984,0.0,6.25828457562083,0.9973314650826041 < ent <= 2.005709603206336,0.11791422613526631
arexp,202.0,-0.030960891109768397,0.0,2480.61666666637,26.57366470205011 < arexp <= 346.65992743262416,0.06358581520696349
ld,71,-0.010138676596180228,0.0,9293.0,49.90409840300467 < ld <= 956.0803284937488,0.020822269430238762
