feature,value,importance,min,max,rule,importance_ratio
la,230.0,0.37130825295810005,0.0,8851.0,la > 127.55870158356693,0.4991558308575397
ent,2.42325458822349,0.20316023401065536,0.0,6.25828457562083,2.005709603206336 < ent <= 3.1894578523081085,0.2731116655687269
nuc,4.3,-0.09023347702488303,0.0,2540.0,nuc <= 12.66617430265643,0.12130235683342802
ndev,1.3,0.04670878638149006,0.0,57.5,1.0370110554233651 < ndev <= 2.9471755332787235,0.06279139472084656
age,116.9,-0.010572975093192133,0.0,918.0,6.104315757675584 < age <= 152.17610991761703,0.014213425436234335
