feature,value,importance,min,max,rule,importance_ratio
la,494.0,0.37400168985105126,0.0,8851.0,la > 127.55870158356693,0.5102407733154788
ent,2.4111204706076204,0.20574776456417512,0.0,6.25828457562083,2.005709603206336 < ent <= 3.1894578523081085,0.2806963212946047
ndev,25.88888888888889,-0.10674553768932028,0.0,57.5,ndev > 3.975725636739302,0.1456301593724531
arexp,0.5,-0.013721238823210111,0.0,2480.61666666637,arexp <= 26.57366470205011,0.018719529076965797
ld,52.0,-0.012659755890700527,0.0,9293.0,49.90409840300467 < ld <= 956.0803284937488,0.017271375533700863
