feature,value,importance,min,max,rule,importance_ratio
la,201.0,0.36960684746568123,0.0,8851.0,la > 127.55870158356693,0.41872747854395975
ent,4.21725104385911,0.35018230362687774,0.0,6.25828457562083,ent > 3.1894578523081085,0.3967214190803455
ndev,7.3030303030303,-0.10014201209537732,0.0,57.5,ndev > 3.975725636739302,0.11345085327432837
arexp,25.0,-0.025120227050370002,0.0,2480.61666666637,26.57366470205011 < arexp <= 346.65992743262416,0.028458697140966445
ld,160.0,-0.012762630581860616,0.0,9293.0,49.90409840300467 < ld <= 956.0803284937488,0.014458780078815323
