feature,value,importance,min,max,rule,importance_ratio
la,1068.0,0.3745413893809883,0.0,8851.0,la > 127.55870158356693,0.5135781875016591
ent,2.74970496018338,0.20611412823669728,0.0,6.25828457562083,2.005709603206336 < ent <= 3.1894578523081085,0.2826275637339769
ndev,20.3333333333333,-0.10608816590208209,0.0,57.5,ndev > 3.975725636739302,0.14547008556094246
arexp,0.0,-0.01337022786128713,0.0,2480.61666666637,arexp <= 26.57366470205011,0.018333507553952005
ld,920.0,-0.012201924657201652,0.0,9293.0,49.90409840300467 < ld <= 956.0803284937488,0.01673150825823129
