feature,value,importance,min,max,rule,importance_ratio
la,456.0,0.369576758666251,0.0,8851.0,la > 127.55870158356693,0.4187415583448712
ent,3.22694265142789,0.3500802071044526,0.0,6.25828457562083,ent > 3.1894578523081085,0.3966513803455799
ndev,15.375,-0.10015377554685541,0.0,57.5,ndev > 3.975725636739302,0.11347723324908966
arexp,213.333333333333,-0.025136224598695276,0.0,2480.61666666637,26.57366470205011 < arexp <= 346.65992743262416,0.028480096793287665
ld,62.0,-0.01278654822114923,0.0,9293.0,49.90409840300467 < ld <= 956.0803284937488,0.01448754285117553
