feature,value,importance,min,max,rule,importance_ratio
la,2908.0,0.3712586642686509,0.0,8851.0,la > 127.55870158356693,0.42854187741402333
ent,4.00485507680769,0.35161542110567007,0.0,6.25828457562083,ent > 3.1894578523081085,0.4058677875846407
ndev,5.41304347826087,-0.10092191962850851,0.0,57.5,ndev > 3.975725636739302,0.11649362849221503
ld,481.0,-0.012210901452606775,0.0,9293.0,49.90409840300467 < ld <= 956.0803284937488,0.01409497780671619
age,136.391304347826,-0.011438421905571095,0.0,918.0,6.104315757675584 < age <= 152.17610991761703,0.013203308824383546
