feature,value,importance,min,max,rule,importance_ratio
la,1236.0,0.37445492454516466,0.0,8851.0,la > 127.55870158356693,0.6473889180262337
ndev,15.0588235294118,-0.10403482332467989,0.0,57.5,ndev > 3.975725636739302,0.17986408321648711
ent,1.54823524130052,0.05799053808967338,0.0,6.25828457562083,0.9973314650826041 < ent <= 2.005709603206336,0.10025888097274732
arexp,0.5,-0.012564586054133214,0.0,2480.61666666637,arexp <= 26.57366470205011,0.021722704757890583
ld,191.0,-0.010837552829558452,0.0,9293.0,49.90409840300467 < ld <= 956.0803284937488,0.01873686561580725
