feature,value,importance,min,max,rule,importance_ratio
la,427.0,0.3736846671798542,0.0,8851.0,la > 127.55870158356693,0.5005749404995373
ent,2.85067910737416,0.2058428772036184,0.0,6.25828457562083,2.005709603206336 < ent <= 3.1894578523081085,0.27573993545435427
ndev,16.25,-0.10696220539750323,0.0,57.5,ndev > 3.975725636739302,0.14328283792490862
arexp,500.783333333329,-0.028846064941323427,0.0,2480.61666666637,346.65992743262416 < arexp <= 530.7095285027044,0.03864118201750832
ld,238.0,-0.011782033381489278,0.0,9293.0,49.90409840300467 < ld <= 956.0803284937488,0.015782800786054076
