feature,value,importance,min,max,rule,importance_ratio
la,332.0,0.377305586302407,0.0,8851.0,la > 127.55870158356693,0.370042429546448
nuc,811.777777777778,0.268363424676807,0.0,2540.0,nuc > 651.0101726634492,0.26319741152525133
ent,2.2524818575901,0.19622924291000002,0.0,6.25828457562083,2.005709603206336 < ent <= 3.1894578523081085,0.1924518173878235
ndev,31.3333333333333,-0.10374621124295633,0.0,57.5,ndev > 3.975725636739302,0.1017490900169523
age,156.0,-0.06037911686540261,0.0,918.0,152.17610991761703 < age <= 385.89098057352334,0.05921681498994535
