feature,value,importance,min,max,rule,importance_ratio
la,587,0.38042360336156533,0.0,8851.0,la > 127.55870158356693,0.502542758944283
ent,3.18834814122676,0.20700184767750318,0.0,6.25828457562083,2.005709603206336 < ent <= 3.1894578523081085,0.2734511705351422
ndev,15.944444444444402,-0.11039992236638725,0.0,57.5,ndev > 3.975725636739302,0.14583921997213328
arexp,181.45,-0.026908766563247036,0.0,2480.61666666637,26.57366470205011 < arexp <= 346.65992743262416,0.035546705485646174
age,67.1111111111111,-0.013328278483445566,0.0,918.0,6.104315757675584 < age <= 152.17610991761703,0.017606767250670466
