feature,value,importance,min,max,rule,importance_ratio
la,758.0,0.3784499366400245,0.0,8851.0,la > 127.55870158356693,0.45707932803525364
nuc,891.1428571428571,0.2749730043230774,0.0,2540.0,nuc > 651.0101726634492,0.3321033084578798
ndev,43.0,-0.10094345560595426,0.0,57.5,ndev > 3.975725636739302,0.12191617012163186
ent,1.75904518615564,0.05685127041232282,0.0,6.25828457562083,0.9973314650826041 < ent <= 2.005709603206336,0.06866308581980829
arexp,18.0,-0.008709861804274317,0.0,2480.61666666637,arexp <= 26.57366470205011,0.010519483279936133
