feature,value,importance,min,max,rule,importance_ratio
la,1100.0,0.37691007330479315,0.0,8851.0,la > 127.55870158356693,0.3802740789507296
nuc,736.2,0.2681942695738858,0.0,2540.0,nuc > 651.0101726634492,0.27058796266132096
ent,2.39681798873289,0.19675419625399185,0.0,6.25828457562083,2.005709603206336 < ent <= 3.1894578523081085,0.198510270909298
ndev,30.5,-0.1037600886756654,0.0,57.5,ndev > 3.975725636739302,0.10468617038281454
arexp,72.8333333333333,-0.025814153677831485,0.0,2480.61666666637,26.57366470205011 < arexp <= 346.65992743262416,0.026044550700537412
