feature,value,importance,min,max,rule,importance_ratio
la,915,0.3783848329262981,0.0,8851.0,la > 127.55870158356693,0.43304884241177216
ent,4.1136629120341,0.32426015466657754,0.0,6.25828457562083,ent > 3.1894578523081085,0.3711049503032664
ndev,8.24390243902439,-0.10602026970680875,0.0,57.5,ndev > 3.975725636739302,0.1213366685806356
arexp,3.3333333333333304,-0.022390298884088937,0.0,2480.61666666637,arexp <= 26.57366470205011,0.02562495155533075
ld,205,-0.013961040567234777,0.0,9293.0,49.90409840300467 < ld <= 956.0803284937488,0.01597794607608497
