feature,value,importance,min,max,rule,importance_ratio
la,470.0,0.5951732494600076,0.0,9094.0,la > 471.1648215786653,0.701190646667479
nd,10.0,0.1727201126025231,1.0,46.0,6.501361706446655 < nd <= 43.480788426363866,0.2034865101180608
age,36.8983050847458,0.0291343853979965,0.0,575.0,7.346025962989069 < age <= 349.3395012011218,0.034324053636509116
ns,1.0,0.015211460871809841,1.0,8.0,ns <= 1.4995095840290027,0.01792105759984783
arexp,1457.5833333332998,-0.014666108486950737,0.0,2143.5,741.0350150255845 < arexp <= 1860.7231364184076,0.017278562340277696
