feature,value,importance,min,max,rule,importance_ratio
la,642,0.5637393632654928,0.0,9094.0,la > 471.1648215786653,0.9153363366830412
nd,3,-0.019361808903911537,1.0,46.0,2.4949232752530253 < nd <= 4.49814249084984,0.031437519514345216
ld,30,0.012336862172883278,0.0,9176.0,14.995162564858127 < ld <= 35.749623635583205,0.020031204069339437
nuc,49.4,-0.0082750237928842,0.0,480.0,17.021870288644497 < nuc <= 98.64471611143635,0.013436049454961432
age,35.6,0.005410872401521516,0.0,575.0,7.346025962989069 < age <= 349.3395012011218,0.008785563764039607
