feature,value,importance,min,max,rule,importance_ratio
la,1653.0,0.6552030536275333,0.0,9094.0,la > 471.1648215786653,0.8701681633007398
ns,1.0,-0.03330638877685286,1.0,8.0,ns <= 1.4995095840290027,0.044233858477421055
ld,1170.0,0.029450714803253585,0.0,9176.0,ld > 326.31207862573433,0.039113179137912624
nuc,15.083333333333302,-0.010464402273635605,0.0,480.0,4.283044640000675 < nuc <= 17.02187028864449,0.01389766066576667
arexp,1445.16666666664,0.010234168651825184,0.0,2143.5,741.0350150255845 < arexp <= 1860.7231364184076,0.013591889856684422
