feature,value,importance,min,max,rule,importance_ratio
la,1475.0,0.42480352061851046,0.0,9094.0,la > 471.1648215786653,0.671604025379769
ns,1.0,-0.06530437962096158,1.0,8.0,ns <= 1.4995095840290027,0.10324463451834974
age,28.548387096774203,0.03800753140800016,0.0,575.0,7.346025962989069 < age <= 349.3395012011218,0.060088981963226776
arexp,18.0,0.03014804127341456,0.0,2143.5,3.296579902275539 < arexp <= 18.99314235170766,0.047663319378945766
nuc,83.1612903225806,0.029069387269578122,0.0,480.0,17.02187028864449 < nuc <= 98.64471611143634,0.04595799365585902
