feature,value,importance,min,max,rule,importance_ratio
la,546.0,0.5219327584167667,0.0,9094.0,la > 471.1648215786653,0.8797324506512623
ld,86.0,0.03169499933551966,0.0,9176.0,71.3286997568262 < ld <= 106.9077758780692,0.053422819298423865
nuc,7.72727272727273,-0.018188978801855396,0.0,480.0,4.283044640000675 < nuc <= 17.02187028864449,0.030658039063765487
arexp,460.666666666667,0.010489796171735545,0.0,2143.5,18.99314235170766 < arexp <= 741.0350150255845,0.017680848623079434
nd,7.0,-0.006212720605657495,1.0,46.0,6.501361706446655 < nd <= 43.480788426363866,0.010471716587029015
