feature,value,importance,min,max,rule,importance_ratio
la,966,0.6543507134603075,0.0,9094.0,la > 471.1648215786653,0.9441478340880473
nd,2,0.008606285327568887,1.0,46.0,1.4933136674546177 < nd <= 2.4949232752530253,0.012417814307251916
ld,312,0.00799285935052092,0.0,9176.0,106.9077758780692 < ld <= 326.31207862573433,0.011532715849055897
age,30.9166666666667,-0.00791051646301537,0.0,575.0,7.346025962989069 < age <= 349.3395012011218,0.011413905160396602
nuc,7.25,-0.006150827602106469,0.0,480.0,4.2830446400006785 < nuc <= 17.021870288644497,0.008874889931223505
