feature,value,importance,min,max,rule,importance_ratio
la,3999,0.6615234039985123,0.0,9094.0,la > 471.1648215786653,0.9368318133637726
ld,296,0.014153972209842648,0.0,9176.0,106.9077758780692 < ld <= 326.31207862573433,0.020044478202130477
nd,18,-0.012449857202604688,1.0,46.0,6.501361706446655 < nd <= 43.480788426363866,0.01763115594813091
arexp,21.0,-0.011932811633831093,0.0,2143.5,18.99314235170766 < arexp <= 741.0350150255845,0.016898929794289554
nuc,21.0819672131148,0.002574441342673602,0.0,480.0,17.021870288644497 < nuc <= 98.64471611143635,0.0036458552137045783
