feature,value,importance,min,max,rule,importance_ratio
la,1103,0.5886915374816866,0.0,9094.0,la > 471.1648215786653,0.8466705066532775
ld,212,0.06486424400794502,0.0,9176.0,106.9077758780692 < ld <= 326.31207862573433,0.09328933548598374
nd,3,0.012957413548310624,1.0,46.0,2.4949232752530253 < nd <= 4.49814249084984,0.018635667740009736
ns,1,0.012202349411375839,1.0,8.0,ns <= 1.4995095840290027,0.017549716108856583
age,76.02857142857141,0.008339225015954643,0.0,575.0,7.346025962989069 < age <= 349.3395012011218,0.011993676517854903
