feature,value,importance,min,max,rule,importance_ratio
la,2502.0,0.5078484221881636,0.0,9094.0,la > 471.1648215786653,0.74706064492761
nd,11.0,0.07859541599605241,1.0,46.0,6.501361706446655 < nd <= 43.480788426363866,0.11561627366956737
arexp,77.0,-0.025275957646821695,0.0,2143.5,18.99314235170766 < arexp <= 741.0350150255845,0.03718171091176754
nuc,53.2083333333333,0.02254125525926883,0.0,480.0,17.02187028864449 < nuc <= 98.64471611143634,0.033158879610002925
age,156.458333333333,0.017246677841121855,0.0,575.0,7.346025962989069 < age <= 349.3395012011218,0.025370393424346268
