feature,value,importance,min,max,rule,importance_ratio
la,643.0,0.5847998996271072,0.0,9094.0,la > 471.1648215786653,0.7220968672071719
nd,13.0,0.12371657183513551,1.0,46.0,6.501361706446655 < nd <= 43.480788426363866,0.1527622508155804
arexp,473.9999999999992,-0.04125111053876089,0.0,2143.5,18.99314235170766 < arexp <= 741.0350150255845,0.05093588030341594
age,102.214285714286,0.035078479503809636,0.0,575.0,7.346025962989069 < age <= 349.3395012011218,0.04331406378873086
nuc,21.8214285714286,0.018593499282895835,0.0,480.0,17.02187028864449 < nuc <= 98.64471611143634,0.022958806236387956
