feature,value,importance,min,max,rule,importance_ratio
la,936.0,0.5846840926918387,0.0,9094.0,la > 471.1648215786653,0.71207282548064
nd,7.0,0.08912124453804565,1.0,46.0,6.501361706446655 < nd <= 43.480788426363866,0.10853864027048983
ns,1.0,-0.049841189616893565,1.0,8.0,ns <= 1.4995095840290027,0.06070039729047878
arexp,4.0,0.04084374487345583,0.0,2143.5,3.296579902275539 < arexp <= 18.99314235170766,0.049742623715574294
age,26.6666666666667,0.03696265160626495,0.0,575.0,7.346025962989069 < age <= 349.3395012011218,0.04501593269855173
