feature,value,importance,min,max,rule,importance_ratio
la,3026.0,0.6081678990476573,0.0,9094.0,la > 471.1648215786653,0.7113592120935225
nd,11.0,0.09249899313810303,1.0,46.0,6.501361706446655 < nd <= 43.480788426363866,0.10819382440474531
ld,574.0,0.055431284986031275,0.0,9176.0,ld > 326.31207862573433,0.06483662698202486
ns,1.0,-0.04146714414353295,1.0,8.0,ns <= 1.4995095840290027,0.04850311078881951
age,81.2,0.03179027651344943,0.0,575.0,7.346025962989069 < age <= 349.3395012011218,0.03718431388479202
