feature,value,importance,min,max,rule,importance_ratio
la,891.0,0.6624450239520817,0.0,9094.0,la > 471.1648215786653,0.9170796969641329
nd,5.0,0.024268585522994504,1.0,46.0,4.49814249084984 < nd <= 6.501361706446655,0.03359709296991543
age,27.7368421052632,0.015447904048942761,0.0,575.0,7.346025962989069 < age <= 349.3395012011218,0.02138586396108276
ld,173.0,0.011275394853730277,0.0,9176.0,106.9077758780692 < ld <= 326.31207862573433,0.015609500142245596
ns,1.0,0.003102456158955564,1.0,8.0,ns <= 1.4995095840290027,0.004294997246904047
