feature,value,importance,min,max,rule,importance_ratio
la,1748,0.5053859461753366,0.0,9094.0,la > 471.1648215786653,0.8632317315911259
arexp,47.0,0.019784436663878704,0.0,2143.5,18.99314235170766 < arexp <= 741.0350150255845,0.03379309149603817
ld,296,0.019547769778549468,0.0,9176.0,106.9077758780692 < ld <= 326.31207862573433,0.03338884921985474
nd,6,0.014376108003098074,1.0,46.0,4.49814249084984 < nd <= 6.501361706446655,0.024555317968319498
ns,1,0.012703398642182884,1.0,8.0,ns <= 1.4995095840290027,0.021698222694897407
