feature,value,importance,min,max,rule,importance_ratio
la,612.0,0.6010468968478214,0.0,9094.0,la > 471.1648215786653,0.6433852355934461
nd,12.0,0.14533114734627534,1.0,46.0,6.501361706446655 < nd <= 43.480788426363866,0.15556841731456997
ld,386.0,0.08774396054533397,0.0,9176.0,ld > 326.31207862573433,0.09392473203576836
ns,2.0,-0.032933972606309266,1.0,8.0,1.4995095840290027 < ns <= 2.4998972545934754,0.035253874257507846
age,27.7,0.027660553262650253,0.0,575.0,7.346025962989069 < age <= 349.3395012011218,0.02960899003200602
