feature,value,importance,min,max,rule,importance_ratio
la,653,0.5752566957465486,0.0,9094.0,la > 471.1648215786653,0.8071206590851027
ns,1,-0.06447945615437932,1.0,8.0,ns <= 1.4995095840290027,0.09046865778977568
arexp,9.0,0.02373485885349263,0.0,2143.5,3.296579902275539 < arexp <= 18.99314235170766,0.033301472304049735
age,19.6666666666667,0.01894836133259194,0.0,575.0,7.346025962989069 < age <= 349.3395012011218,0.026585720775482238
ld,21,0.01571493941698809,0.0,9176.0,14.995162564858127 < ld <= 35.749623635583205,0.022049030204265966
