feature,value,importance,min,max,rule,importance_ratio
la,1274,0.5819682630783544,0.0,9094.0,la > 471.1648215786653,0.8606410008348193
ld,237,0.02215156022738845,0.0,9176.0,106.9077758780692 < ld <= 326.31207862573433,0.032758729596884535
ns,1,0.019434569725674693,1.0,8.0,ns <= 1.4995095840290027,0.028740721102254996
age,32.7142857142857,0.018211746885555012,0.0,575.0,7.346025962989069 < age <= 349.3395012011218,0.02693235535495894
nd,8,0.016924747354499545,1.0,46.0,6.501361706446655 < nd <= 43.480788426363866,0.025029082213185585
