feature,value,importance,min,max,rule,importance_ratio
la,653.0,0.6347670199387005,0.0,9094.0,la > 471.1648215786653,0.7942675048841233
nd,8.0,0.07240069216762963,1.0,46.0,6.501361706446655 < nd <= 43.480788426363866,0.09059310788613432
ns,1.0,-0.04227137767766099,1.0,8.0,ns <= 1.4995095840290027,0.052893078281370916
age,19.6666666666667,0.02222326589927687,0.0,575.0,7.346025962989069 < age <= 349.3395012011218,0.027807396102430843
nuc,34.3333333333333,0.01931130779254739,0.0,480.0,17.02187028864449 < nuc <= 98.64471611143634,0.024163738465677004
