feature,value,importance,min,max,rule,importance_ratio
la,788,0.7199289831233063,0.0,9094.0,la > 471.1648215786653,0.9746893393027624
ns,1,-0.004580336630883587,1.0,8.0,ns <= 1.4995095840290027,0.006201174545261389
arexp,1.33333333333333,-0.004470036269331862,0.0,2143.5,arexp <= 3.296579902275539,0.0060518423346601485
nd,3,0.00425881302938422,1.0,46.0,2.4949232752530253 < nd <= 4.49814249084984,0.005765873794684458
age,172.538461538462,0.002842729942542614,0.0,575.0,7.346025962989069 < age <= 349.3395012011218,0.003848683181905559
