feature,value,importance,min,max,rule,importance_ratio
la,1921.0,0.5554348666209329,0.0,9094.0,la > 471.1648215786653,0.7621030426379279
ns,1.0,-0.0593122945497887,1.0,8.0,ns <= 1.4995095840290027,0.08138142356316998
age,23.8823529411765,0.05595604001503287,0.0,575.0,7.346025962989069 < age <= 349.3395012011218,0.07677636193215359
nuc,108.823529411765,0.026527676321433474,0.0,480.0,98.64471611143634 < nuc <= 253.3978573245908,0.03639818825503427
ld,161.0,0.017643136100360585,0.0,9176.0,106.9077758780692 < ld <= 326.31207862573433,0.024207856783568238
