feature,value,importance,min,max,rule,importance_ratio
la,1999.0,0.6509724650928767,0.0,9094.0,la > 471.1648215786653,0.8087878850467433
nd,8.0,0.08087678985801834,1.0,46.0,6.501361706446655 < nd <= 43.480788426363866,0.10048377055288191
age,124.892857142857,0.02494745356754883,0.0,575.0,7.346025962989069 < age <= 349.3395012011218,0.030995471068535736
ns,1.0,-0.02124724451971107,1.0,8.0,ns <= 1.4995095840290027,0.026398219401977847
ld,90.0,-0.011475858520036335,0.0,9176.0,71.3286997568262 < ld <= 106.9077758780692,0.014257953814055108
