feature,value,importance,min,max,rule,importance_ratio
la,723.0,0.5604739141870543,0.0,9094.0,la > 471.1648215786653,0.785956707453734
nd,5.0,0.03113153555814098,1.0,46.0,4.49814249084984 < nd <= 6.501361706446655,0.0436559821356633
ld,69.0,0.027912140677680327,0.0,9176.0,35.749623635583205 < ld <= 71.3286997568262,0.03914140092823928
ns,2.0,0.027298090171256183,1.0,8.0,1.4995095840290027 < ns <= 2.4998972545934754,0.03828031336997274
age,12.8,0.025993709008426322,0.0,575.0,7.346025962989069 < age <= 349.3395012011218,0.036451170035997196
