feature,value,importance,min,max,rule,importance_ratio
la,2222,0.6987638878894417,0.0,9094.0,la > 471.1648215786653,0.9252559526213847
ld,593,0.01864793515118726,0.0,9176.0,ld > 326.31207862573433,0.024692336426898352
ns,2,-0.011256426001933268,1.0,8.0,1.4995095840290027 < ns <= 2.4998972545934754,0.014904999162147261
arexp,5.0,-0.010534606290190334,0.0,2143.5,3.296579902275539 < arexp <= 18.99314235170766,0.013949214244545349
age,19.25,0.006152812466173267,0.0,575.0,7.346025962989069 < age <= 349.3395012011218,0.008147138766550873
