feature,value,importance,min,max,rule,importance_ratio
la,1862.0,0.5591917582865242,0.0,9094.0,la > 471.1648215786653,0.7629983441897467
nd,32.0,0.06842773091325333,1.0,46.0,6.501361706446655 < nd <= 43.480788426363866,0.0933673370713769
ld,1113.0,-0.03847010513260353,0.0,9176.0,ld > 326.31207862573433,0.052491164402930945
age,43.70491803278689,-0.019648784415772363,0.0,575.0,7.346025962989069 < age <= 349.3395012011218,0.026810105393030248
arexp,16.0,0.017976263788898893,0.0,2143.5,3.296579902275539 < arexp <= 18.99314235170766,0.024528007257610705
