feature,value,importance,min,max,rule,importance_ratio
la,1400.0,0.6415427492879044,0.0,9094.0,la > 471.1648215786653,0.8008458796104196
nd,11.0,0.08147672229759392,1.0,46.0,6.501361706446655 < nd <= 43.480788426363866,0.1017084167946978
ns,1.0,-0.027925600421693758,1.0,8.0,ns <= 1.4995095840290027,0.03485987809570603
nuc,23.148148148148103,0.01782801513740979,0.0,480.0,17.02187028864449 < nuc <= 98.64471611143634,0.02225493543536181
arexp,62.0,-0.01649519595362845,0.0,2143.5,18.99314235170766 < arexp <= 741.0350150255845,0.020591160491631597
