feature,value,importance,min,max,rule,importance_ratio
la,1586.0,0.650725051380087,0.0,9094.0,la > 471.1648215786653,0.8610516850809211
nd,12.0,0.07273216390864798,1.0,46.0,6.501361706446655 < nd <= 43.480788426363866,0.09624057374201705
nuc,1.3939393939393898,-0.014448405837548516,0.0,480.0,nuc <= 1.924002853214784,0.019118403643396096
age,5.0,-0.009841105079910619,0.0,575.0,0.035001551722574575 < age <= 7.346025962989069,0.013021936214295187
ld,306.0,-0.003883334625756699,0.0,9176.0,106.9077758780692 < ld <= 326.31207862573433,0.005138501762225558
