feature,value,importance,min,max,rule,importance_ratio
la,1980.0,0.5001226387511315,0.0,9094.0,la > 471.1648215786653,0.7151645586362131
nd,14.0,0.07254784285285047,1.0,46.0,6.501361706446655 < nd <= 43.480788426363866,0.10374184648674989
nuc,45.775,0.04084733628737048,0.0,480.0,17.02187028864449 < nuc <= 98.64471611143634,0.0584108075978518
arexp,5.0,0.03475330534017229,0.0,2143.5,3.296579902275539 < arexp <= 18.99314235170766,0.049696475122218475
age,103.5,0.029905830693986293,0.0,575.0,7.346025962989069 < age <= 349.3395012011218,0.04276469120118517
