feature,value,importance,min,max,rule,importance_ratio
la,1015.0,0.6327015166849482,0.0,9094.0,la > 471.1648215786653,0.9044999613646716
ns,1.0,-0.028893960178418183,1.0,8.0,ns <= 1.4995095840290027,0.041306343000383924
age,9.63636363636364,0.013176420061613032,0.0,575.0,7.346025962989069 < age <= 349.3395012011218,0.01883679922105867
nuc,8.90909090909091,-0.011097966214649167,0.0,480.0,4.283044640000675 < nuc <= 17.02187028864449,0.01586547486873664
arexp,1.0,0.0077489200652568905,0.0,2143.5,arexp <= 3.296579902275539,0.01107773209769757
