feature,value,importance,min,max,rule,importance_ratio
la,1261,0.6502755338019514,0.0,9094.0,la > 471.1648215786653,0.9269258250095737
ns,2,0.016655925739902547,1.0,8.0,1.4995095840290027 < ns <= 2.4998972545934754,0.023741947690222375
arexp,3.5,0.013313023835019953,0.0,2143.5,3.296579902275539 < arexp <= 18.99314235170766,0.01897685667104666
age,69.625,-0.00855415949536004,0.0,575.0,7.346025962989069 < age <= 349.3395012011218,0.012193402542982602
ld,257,0.00728847750931365,0.0,9176.0,106.9077758780692 < ld <= 326.31207862573433,0.010389254519364795
