feature,value,importance,min,max,rule,importance_ratio
la,821.0,0.5438772351994007,0.0,9094.0,la > 471.1648215786653,0.7381007474952799
nd,10.0,0.1015608115369566,1.0,46.0,6.501361706446655 < nd <= 43.480788426363866,0.13782910197403592
arexp,22.5,-0.033445943698239874,0.0,2143.5,18.99314235170766 < arexp <= 741.0350150255845,0.04538979469384326
ns,1.0,-0.022049588260410282,1.0,8.0,ns <= 1.4995095840290027,0.02992369697364732
ld,90.0,0.014303350732424802,0.0,9176.0,71.3286997568262 < ld <= 106.9077758780692,0.01941120750056637
