feature,value,importance,min,max,rule,importance_ratio
la,648,0.6812058822009854,0.0,9094.0,la > 471.1648215786653,0.9135614328655838
arexp,259.833333333334,-0.02740949323300194,0.0,2143.5,18.99314235170766 < arexp <= 741.0350150255845,0.03675871945080005
ns,1,0.011886699367245698,1.0,8.0,ns <= 1.4995095840290027,0.01594118663640585
ld,847,-0.010000856495972862,0.0,9176.0,ld > 326.31207862573433,0.01341209321449813
nd,11,0.005905645510876245,1.0,46.0,6.501361706446655 < nd <= 43.480788426363866,0.007920028461117272
