feature,value,importance,min,max,rule,importance_ratio
la,741.0,0.6444810501249518,0.0,9094.0,la > 471.1648215786653,0.7545868055251601
ld,419.0,0.07032652802851753,0.0,9176.0,ld > 326.31207862573433,0.08234139718836725
nd,12.0,0.05506979204921123,1.0,46.0,6.501361706446655 < nd <= 43.480788426363866,0.0644781385818753
age,28.5421686746988,0.027109606809616594,0.0,575.0,7.346025962989069 < age <= 349.3395012011218,0.031741121942290784
arexp,97.1666666666663,-0.023936530799617457,0.0,2143.5,18.99314235170766 < arexp <= 741.0350150255845,0.028025944762745236
