feature,value,importance,min,max,rule,importance_ratio
la,1316.0,0.6285195611615492,0.0,9094.0,la > 471.1648215786653,0.7782351672559306
nd,10.0,0.066887413118847,1.0,46.0,6.501361706446655 < nd <= 43.480788426363866,0.08282023401095527
ns,1.0,-0.03509813315365196,1.0,8.0,ns <= 1.4995095840290027,0.04345863392815319
ld,90.0,-0.026406640180429642,0.0,9176.0,71.3286997568262 < ld <= 106.9077758780692,0.032696796261209284
nuc,28.125,0.025021467236135814,0.0,480.0,17.02187028864449 < nuc <= 98.64471611143634,0.030981670170322478
