feature,value,importance,min,max,rule,importance_ratio
la,992.0,0.4769203302735965,0.0,9094.0,la > 471.1648215786653,0.6835418573701304
ld,985.0,0.09573799815626506,0.0,9176.0,ld > 326.31207862573433,0.13721564153721402
nd,7.0,0.059238366813257934,1.0,46.0,6.501361706446655 < nd <= 43.480788426363866,0.08490286680770831
age,15.4107142857143,0.030438102756611303,0.0,575.0,7.346025962989069 < age <= 349.3395012011218,0.043625142340108024
ns,2.0,0.014438489834638218,1.0,8.0,1.4995095840290027 < ns <= 2.4998972545934754,0.020693838221420742
