feature,value,importance,min,max,rule,importance_ratio
la,1435,0.5896773556171601,0.0,9094.0,la > 471.1648215786653,0.9170224502768127
arexp,40.0,-0.026410355670201557,0.0,2143.5,18.99314235170766 < arexp <= 741.0350150255845,0.04107142463359934
ns,1,0.012862844993970755,1.0,8.0,ns <= 1.4995095840290027,0.020003341694470586
nuc,34.25,0.007902523142389851,0.0,480.0,17.021870288644497 < nuc <= 98.64471611143635,0.012289417367602699
nd,24,-0.00249638682570212,1.0,46.0,6.501361706446655 < nd <= 43.480788426363866,0.0038821954784887015
