feature,value,importance,min,max,rule,importance_ratio
la,485.0,0.4961369343104841,0.0,9094.0,la > 471.1648215786653,0.7790746949463516
ld,609.0,0.041053081457935355,0.0,9176.0,ld > 326.31207862573433,0.06446489809894577
nd,16.0,0.037633595973972034,1.0,46.0,6.501361706446655 < nd <= 43.480788426363866,0.059095342990143816
age,40.2424242424242,0.02859078420178655,0.0,575.0,7.346025962989069 < age <= 349.3395012011218,0.04489558212641444
nuc,14.4545454545455,0.017751339090182783,0.0,480.0,4.283044640000675 < nuc <= 17.02187028864449,0.027874601002631217
