feature,value,importance,min,max,rule,importance_ratio
la,477.0,0.5231192608366796,0.0,9094.0,la > 471.1648215786653,0.7845580704469604
ns,1.0,-0.06030644599229791,1.0,8.0,ns <= 1.4995095840290027,0.09044574047523497
nuc,55.6666666666667,0.03371252159725797,0.0,480.0,17.02187028864449 < nuc <= 98.64471611143634,0.05056099607562305
ld,98.0,-0.02410698812914377,0.0,9176.0,71.3286997568262 < ld <= 106.9077758780692,0.036154914389194416
age,16.1666666666667,0.018558475282171766,0.0,575.0,7.346025962989069 < age <= 349.3395012011218,0.02783342661581726
