feature,value,importance,min,max,rule,importance_ratio
la,566.0,0.6296688423238339,0.0,9094.0,la > 471.1648215786653,0.8597767698093105
nuc,128.9,-0.030251781820212115,0.0,480.0,98.64471611143634 < nuc <= 253.3978573245908,0.04130707684116497
nd,6.0,-0.025664270297348666,1.0,46.0,4.49814249084984 < nd <= 6.501361706446655,0.035043092388584995
age,46.8,0.024951043143905942,0.0,575.0,7.346025962989069 < age <= 349.3395012011218,0.034069221526777445
ld,8.0,-0.016233406001837685,0.0,9176.0,6.100393534547379 < ld <= 9.065316544650969,0.02216578689800415
