feature,value,importance,min,max,rule,importance_ratio
la,1945.0,0.6400303534889573,0.0,9094.0,la > 471.1648215786653,0.8316496092760433
nd,16.0,0.047804743821431836,1.0,46.0,6.501361706446655 < nd <= 43.480788426363866,0.06211704851795137
age,46.4285714285714,0.029913582957492496,0.0,575.0,7.346025962989069 < age <= 349.3395012011218,0.03886943711814812
arexp,63.8333333333335,-0.01759129785555256,0.0,2143.5,18.99314235170766 < arexp <= 741.0350150255845,0.022857972139099802
nuc,39.3571428571429,0.016506116194382872,0.0,480.0,17.02187028864449 < nuc <= 98.64471611143634,0.021447896976905374
