feature,value,importance,min,max,rule,importance_ratio
la,7549.0,0.5503750329498264,0.0,9094.0,la > 471.1648215786653,0.8424216295589714
age,43.74117647058821,0.0413699502331063,0.0,575.0,7.346025962989069 < age <= 349.3395012011218,0.06332216907325457
nd,26.0,0.022792837389064062,1.0,46.0,6.501361706446655 < nd <= 43.480788426363866,0.03488744595236468
nuc,29.7058823529412,0.019688047263759986,0.0,480.0,17.02187028864449 < nuc <= 98.64471611143634,0.030135154877715405
arexp,171.0,-0.008638806584368415,0.0,2143.5,18.99314235170766 < arexp <= 741.0350150255845,0.013222833676235909
