feature,value,importance,min,max,rule,importance_ratio
la,985.0,0.6452525426268472,0.0,9094.0,la > 471.1648215786653,0.7992196498758886
nd,20.0,0.07628080345155484,1.0,46.0,6.501361706446655 < nd <= 43.480788426363866,0.09448256767592401
age,14.0819672131148,0.027983410003378808,0.0,575.0,7.346025962989069 < age <= 349.3395012011218,0.03466067883155569
ns,2.0,0.022951171973075175,1.0,8.0,1.4995095840290027 < ns <= 2.4998972545934754,0.028427671983882928
ld,1198.0,0.02190191294326683,0.0,9176.0,ld > 326.31207862573433,0.027128043731325227
