feature,value,importance,min,max,rule,importance_ratio
la,2682.0,0.6046320075969346,0.0,9094.0,la > 471.1648215786653,0.8007032038155231
nd,18.0,0.0467246135672686,1.0,46.0,6.501361706446655 < nd <= 43.480788426363866,0.06187655848562772
nuc,60.7446808510638,0.03293840410358377,0.0,480.0,17.02187028864449 < nuc <= 98.64471611143634,0.043619731279412356
arexp,115.533333333333,-0.02940687579477365,0.0,2143.5,18.99314235170766 < arexp <= 741.0350150255845,0.03894299237756694
ns,1.0,-0.02259753984087725,1.0,8.0,ns <= 1.4995095840290027,0.029925512248106585
