feature,value,importance,min,max,rule,importance_ratio
la,1504.0,0.5624717672963876,0.0,9094.0,la > 471.1648215786653,0.7168930838604798
nd,7.0,0.059616932592644986,1.0,46.0,6.501361706446655 < nd <= 43.480788426363866,0.07598419892624199
ns,1.0,-0.04673250839756689,1.0,8.0,ns <= 1.4995095840290027,0.05956247763812457
nuc,30.2105263157895,0.03669335249722127,0.0,480.0,17.02187028864449 < nuc <= 98.64471611143634,0.046767166208808816
age,21.6842105263158,0.034835315537761466,0.0,575.0,7.346025962989069 < age <= 349.3395012011218,0.04439902273345461
