feature,value,importance,min,max,rule,importance_ratio
la,679.0,0.6497657393167825,0.0,9094.0,la > 471.1648215786653,0.8957286366800136
ns,1.0,-0.02238737943447977,1.0,8.0,ns <= 1.4995095840290027,0.03086191783637306
nuc,51.0,0.02027633005479032,0.0,480.0,17.02187028864449 < nuc <= 98.64471611143634,0.02795174995829796
age,39.2727272727273,0.02009046868187579,0.0,575.0,7.346025962989069 < age <= 349.3395012011218,0.027695532456976237
arexp,15.0,-0.00647388201794698,0.0,2143.5,3.296579902275539 < arexp <= 18.99314235170766,0.008924511040025418
