feature,value,importance,min,max,rule,importance_ratio
la,1923.0,0.5632607569594636,0.0,9094.0,la > 471.1648215786653,0.8200813544793168
nd,11.0,0.03456969442988262,1.0,46.0,6.501361706446655 < nd <= 43.480788426363866,0.050331860477960656
ns,1.0,-0.030996446817654448,1.0,8.0,ns <= 1.4995095840290027,0.045129378846638785
nuc,16.4047619047619,-0.02810458417802148,0.0,480.0,4.283044640000675 < nuc <= 17.02187028864449,0.04091896191065293
age,180.380952380952,0.014129644385771615,0.0,575.0,7.346025962989069 < age <= 349.3395012011218,0.020572102286594375
