feature,value,importance,min,max,rule,importance_ratio
la,1507.0,0.5838663200002074,0.0,9094.0,la > 471.1648215786653,0.7746749130103506
nd,11.0,0.06737470452886878,1.0,46.0,6.501361706446655 < nd <= 43.480788426363866,0.0893928825522612
ld,430.0,0.03838195705548173,0.0,9176.0,ld > 326.31207862573433,0.05092525159374112
arexp,18.0,0.02982752116482592,0.0,2143.5,3.296579902275539 < arexp <= 18.99314235170766,0.039575210235911026
ns,1.0,-0.028046133013477925,1.0,8.0,ns <= 1.4995095840290027,0.037211661142716734
