feature,value,importance,min,max,rule,importance_ratio
la,630.0,0.35625101927993585,0.0,9094.0,la > 471.1648215786653,0.6057955644244115
arexp,17.0,0.10847882277865302,0.0,2143.5,3.296579902275539 < arexp <= 18.99314235170766,0.18446540814428192
ns,1.0,-0.07125192005127384,1.0,8.0,ns <= 1.4995095840290027,0.12116203123019526
age,7.83333333333333,0.022441672652095606,0.0,575.0,7.346025962989069 < age <= 349.3395012011218,0.038161478887507046
nd,5.0,0.014841345376563383,1.0,46.0,4.49814249084984 < nd <= 6.501361706446655,0.02523732063247239
