feature,value,importance,min,max,rule,importance_ratio
la,3100.0,0.5856287634189478,0.0,9094.0,la > 471.1648215786653,0.833763117296984
nd,7.0,0.06316085487150865,1.0,46.0,6.501361706446655 < nd <= 43.480788426363866,0.08992248082449227
ns,1.0,-0.030688480980281,1.0,8.0,ns <= 1.4995095840290027,0.0436913709938866
ld,42.0,0.012764644270130939,0.0,9176.0,35.749623635583205 < ld <= 71.3286997568262,0.018173099175864554
arexp,0.0,-0.006177128325374999,0.0,2143.5,arexp <= 3.296579902275539,0.00879441395337298
