feature,value,importance,min,max,rule,importance_ratio
la,3198,0.6251811316049605,0.0,9094.0,la > 471.1648215786653,0.9385907793012119
nuc,57.0625,-0.011745031951913473,0.0,480.0,17.021870288644497 < nuc <= 98.64471611143635,0.017632935697153778
arexp,1439.83333333329,0.007511075455972539,0.0,2143.5,741.0350150255845 < arexp <= 1860.7231364184076,0.011276453829489717
age,39.9583333333333,0.007285911259357915,0.0,575.0,7.346025962989069 < age <= 349.3395012011218,0.010938412535395143
nd,19,-0.006968589961182207,1.0,46.0,6.501361706446655 < nd <= 43.480788426363866,0.010462014849209363
