feature,value,importance,min,max,rule,importance_ratio
la,491.0,0.5028783794320038,0.0,9094.0,la > 471.1648215786653,0.7319929502142181
nd,13.0,0.058286329943468614,1.0,46.0,6.501361706446655 < nd <= 43.480788426363866,0.08484195057395152
age,17.5757575757576,0.04439675820971125,0.0,575.0,7.346025962989069 < age <= 349.3395012011218,0.06462420209550497
ld,508.0,0.03272626720379407,0.0,9176.0,ld > 326.31207862573433,0.04763656156198526
nuc,38.4848484848485,0.025075205280326102,0.0,480.0,17.02187028864449 < nuc <= 98.64471611143634,0.0364996274270226
