feature,value,importance,min,max,rule,importance_ratio
la,3350.0,0.5562169909127024,0.0,9094.0,la > 471.1648215786653,0.8399525176381438
ns,1.0,-0.035255465473166735,1.0,8.0,ns <= 1.4995095840290027,0.05323986406114437
age,0.0,-0.026136583517751492,0.0,575.0,age <= 0.035001551722574575,0.03946928894094239
nuc,1.0,-0.02310530369896437,0.0,480.0,nuc <= 1.924002853214784,0.03489170293214757
ld,0.0,0.010294575698603597,0.0,9176.0,ld <= 6.100393534547379,0.015546009771959076
