feature,value,importance,min,max,rule,importance_ratio
la,1317.0,0.4818115217564686,0.0,9886.0,la > 658.2665061764585,0.6671302500152955
ns,1.0,-0.09055064525290614,1.0,25.0,ns <= 1.4938515894974689,0.12537905774107108
aexp,0.0,-0.0598247616737293,0.0,1411.0,aexp <= -0.7538297251092558,0.08283510545161567
asexp,0.0,0.059418433706956965,0.0,1042.0,asexp <= 0.24155171339806714,0.08227249192781944
ld,215.0,0.019556448774480092,0.0,9281.0,112.20019725353488 < ld <= 3343.50552216309,0.027078427914649726
