feature,value,importance,min,max,rule,importance_ratio
la,3762.0,0.43318516172057964,0.0,9886.0,la > 658.2665061764585,0.6002840195476646
ns,1.0,-0.1285191440304078,1.0,25.0,ns <= 1.4938515894974689,0.17809471603545304
nd,12.0,0.059361124310903006,1.0,51.0,5.4934450612931585 < nd <= 14.503678360627504,0.08225936032684886
aexp,77.0,-0.033560059014646544,0.0,1411.0,2.7519982932250286 < aexp <= 111.43266686158816,0.046505672173885536
age,2.2727272727272703,-0.022732002873385043,0.0,1520.0,0.18108203666687217 < age <= 4.1005163349584635,0.03150075132538032
