feature,value,importance,min,max,rule,importance_ratio
la,2981,0.5225822479368969,0.0,9886.0,la > 658.2665061764585,0.7365416980218227
ns,2,0.04553848410304668,1.0,25.0,1.4938515894974689 < ns <= 2.4993354461431934,0.06418318367876885
aexp,30,-0.03979606417259904,0.0,1411.0,2.7519982932250286 < aexp <= 111.43266686158816,0.05608966013673497
ld,165,-0.034864037263801564,0.0,9281.0,112.20019725353488 < ld <= 3343.50552216309,0.04913832666064326
asexp,0.9999999916180968,0.028702585701300857,0.0,1042.0,0.24155171339806714 < asexp <= 14.706492054882105,0.04045420848778202
