feature,value,importance,min,max,rule,importance_ratio
la,842,0.4879032123179532,0.0,9886.0,la > 658.2665061764585,0.7071317104434058
nd,3,0.05539395404275583,1.0,51.0,2.516495733319255 < nd <= 3.508812175977223,0.08028399994413397
aexp,25,-0.05302195490514416,0.0,1411.0,2.7519982932250286 < aexp <= 111.43266686158816,0.07684619554973175
nuc,2.0,-0.0336474230261949,0.0,251.0,1.3648501486098876 < nuc <= 29.723545593620806,0.04876614704684643
ns,1,-0.022441356911274336,1.0,25.0,ns <= 1.4938515894974689,0.0325248834127351
