feature,value,importance,min,max,rule,importance_ratio
la,1122.0,0.4731626544554745,0.0,9886.0,la > 658.2665061764585,0.6509037597931293
ns,1.0,-0.11930512585697967,1.0,25.0,ns <= 1.4938515894974689,0.16412147968919671
asexp,0.0,0.05309844114504197,0.0,1042.0,asexp <= 0.24155171339806714,0.0730445960918802
ld,33.0,-0.03991122479788358,0.0,9281.0,32.47277994807415 < ld <= 37.16262802486597,0.054903670089491
aexp,2.0,-0.02655063401996352,0.0,1411.0,-0.7538297251092558 < aexp <= 2.7519982932250286,0.03652424244760822
