feature,value,importance,min,max,rule,importance_ratio
la,1446.0,0.47480812883223183,0.0,9886.0,la > 658.2665061764585,0.7412189525433106
aexp,10.0,-0.04381562239420261,0.0,1411.0,2.7519982932250286 < aexp <= 111.43266686158816,0.06840019739329159
asexp,0.0,0.04220117377500219,0.0,1042.0,asexp <= 0.24155171339806714,0.06587989531379296
nd,7.0,0.03832615225736614,1.0,51.0,5.4934450612931585 < nd <= 14.503678360627504,0.05983063200937329
ld,1.0,0.018493792097222753,0.0,9281.0,-0.3561565894684975 < ld <= 4.333691487323307,0.02887050236602153
