feature,value,importance,min,max,rule,importance_ratio
la,1633,0.5271808993889814,0.0,9886.0,la > 658.2665061764585,0.7978840183880443
aexp,61,-0.054914778630158,0.0,1411.0,2.7519982932250286 < aexp <= 111.43266686158816,0.08311307236871443
asexp,5.84351086181791e-11,0.053822012460347256,0.0,1042.0,asexp <= 0.24155171339806714,0.08145917962765027
age,16.1142857142857,0.01058915041203249,0.0,1520.0,4.1005163349584635 < age <= 191.44947579329659,0.016026593322824186
nuc,20.514285714285705,0.00584978203745698,0.0,251.0,1.3648501486098876 < nuc <= 29.723545593620806,0.008853597700808374
