feature,value,importance,min,max,rule,importance_ratio
la,862.0,0.3711696880533565,0.0,9886.0,la > 658.2665061764585,0.6263905746461661
asexp,91.0,-0.07668529087466894,0.0,1042.0,14.706492054882105 < asexp <= 620.167566348428,0.12941504913781415
ns,1.0,-0.06881602245997441,1.0,25.0,ns <= 1.4938515894974689,0.11613477404267533
nuc,8.80952380952381,0.0275851966788109,0.0,251.0,1.3648501486098876 < nuc <= 29.723545593620806,0.046553120460860374
ld,259.0,0.021431777024047804,0.0,9281.0,112.20019725353488 < ld <= 3343.50552216309,0.036168533039939346
