feature,value,importance,min,max,rule,importance_ratio
la,1020.0,0.43169350016943614,0.0,9886.0,la > 658.2665061764585,0.7005187475095749
aexp,136.0,0.05866442206677697,0.0,1411.0,111.43266686158816 < aexp <= 819.6099265651155,0.09519607650673918
asexp,2.50120063558115e-12,0.037211818500848266,0.0,1042.0,asexp <= 0.24155171339806714,0.06038445443013746
age,122.8,0.024782657180788818,0.0,1520.0,4.1005163349584635 < age <= 191.44947579329659,0.04021537493946844
ld,281.0,-0.020875368949733884,0.0,9281.0,112.20019725353488 < ld <= 3343.50552216309,0.033874930488247364
