feature,value,importance,min,max,rule,importance_ratio
la,2215,0.5316343042952606,0.0,9886.0,la > 658.2665061764585,0.8046404957725767
aexp,137,0.04976006370195074,0.0,1411.0,111.43266686158816 < aexp <= 819.6099265651155,0.07531297736681733
asexp,1.0,0.03212667143375044,0.0,1042.0,0.24155171339806714 < asexp <= 14.706492054882105,0.04862444093829346
age,15.4358974358974,0.015858071492015832,0.0,1520.0,4.1005163349584635 < age <= 191.44947579329659,0.024001548440797892
nuc,0.4102564102564099,-0.015106560310222486,0.0,251.0,nuc <= 0.8396891218504265,0.022864119337725954
