feature,value,importance,min,max,rule,importance_ratio
la,748,0.45988281218703864,0.0,9886.0,la > 658.2665061764585,0.6072353095834784
aexp,14,-0.09119244359336752,0.0,1411.0,2.7519982932250286 < aexp <= 111.43266686158816,0.12041170108912609
asexp,0.15371665590975,0.07303880474787221,0.0,1042.0,asexp <= 0.24155171339806714,0.09644139775905158
ld,66,0.055763519184558935,0.0,9281.0,37.16262802486597 < ld <= 112.20019725353488,0.07363088364721937
nd,6,0.03183328485313302,1.0,51.0,5.4934450612931585 < nd <= 14.503678360627504,0.04203308771407067
