feature,value,importance,min,max,rule,importance_ratio
la,3690.0,0.4848002778877106,0.0,9886.0,la > 658.2665061764585,0.5812057018589408
nd,22.0,0.2186897147404081,1.0,51.0,nd > 14.503678360627504,0.2621774675930986
aexp,41.0,-0.05536445677350841,0.0,1411.0,2.7519982932250286 < aexp <= 111.43266686158816,0.06637400889555399
asexp,0.6157268742094859,-0.03663806559751034,0.0,1042.0,0.24155171339806714 < asexp <= 0.24155171339806714,0.04392376325181704
nuc,3.76,-0.012452107966649369,0.0,251.0,1.3648501486098876 < nuc <= 29.723545593620806,0.014928283832494095
