feature,value,importance,min,max,rule,importance_ratio
ns,7.0,0.28376494510295286,1.0,25.0,ns > 5.502199396395964,0.37779127216325353
nd,22.0,0.1953149984344282,1.0,51.0,nd > 14.503678360627504,0.2600331824085436
la,613.0,0.16227949565064959,0.0,9886.0,452.37726506427714 < la <= 658.2665061764585,0.21605127118723907
asexp,0.166258846584701,0.034415705311111384,0.0,1042.0,asexp <= 0.24155171339806714,0.04581944780798477
aexp,49.0,-0.03203309831757944,0.0,1411.0,2.7519982932250286 < aexp <= 111.43266686158816,0.04264735716505872
