feature,value,importance,min,max,rule,importance_ratio
la,1066,0.5343196117027579,0.0,9886.0,la > 658.2665061764585,0.8277595171228928
aexp,1,-0.052494874615994225,0.0,1411.0,-0.7538297251092558 < aexp <= 2.7519982932250286,0.08132423199868465
asexp,1.0,0.041057449868340694,0.0,1042.0,0.24155171339806714 < asexp <= 14.706492054882105,0.06360555392868739
nuc,7.28571428571429,-0.00531624315005808,0.0,251.0,1.3648501486098876 < nuc <= 29.723545593620806,0.00823584005980301
ns,4,0.004528336334533123,1.0,25.0,3.5048193027889174 < ns <= 5.502199396395964,0.007015227245165033
