feature,value,importance,min,max,rule,importance_ratio
la,252.0,0.19035509386663674,0.0,8960.0,143.122304060467 < la <= 476.1618029404084,0.45096101773361663
asexp,0.167467837515468,0.0832402840894465,0.0,1051.0,0.4721763844552811 < asexp <= 0.4721763844552811,0.19720051860399113
nd,1.0,-0.0606853913739174,1.0,32.0,nd <= 1.4941000322612483,0.14376681653036216
ns,2.0,0.038665423164650596,1.0,22.0,1.5032147725771707 < ns <= 5.499821160683655,0.09160037815246444
ld,16.0,0.019598750659279435,0.0,6029.0,13.804476008310893 < ld <= 22.18677224437222,0.046430449346462774
