feature,value,importance,min,max,rule,importance_ratio
la,60.0,0.11421404996012534,0.0,8960.0,53.20163936288285 < la <= 143.122304060467,0.28434174394994094
ns,2.0,0.06935810596941612,1.0,22.0,1.5032147725771707 < ns <= 5.499821160683655,0.17267056737147285
age,98.6666666666667,0.04555696406229729,0.0,1848.0,69.01912192572016 < age <= 536.7965087044349,0.11341640205439556
asexp,0.167467837515468,0.044344982224105774,0.0,1051.0,0.4721763844552811 < asexp <= 0.4721763844552811,0.11039911101509396
ld,42.0,0.04233597784965918,0.0,6029.0,41.046938775510206 < ld <= 2168.054608676072,0.1053975914329354
