feature,value,importance,min,max,rule,importance_ratio
la,477.0,0.23133393837671778,0.0,8960.0,la > 476.1618029404084,0.4122584145928482
ns,2.0,0.06379177573010375,1.0,22.0,1.5032147725771707 < ns <= 5.499821160683655,0.11368282799789091
age,110.6,0.06118959040488692,0.0,1848.0,69.01912192572016 < age <= 536.7965087044349,0.10904549374344312
asexp,0.1254732310808319,0.058386999708983166,0.0,1051.0,0.4721763844552811 < asexp <= 0.4721763844552811,0.1040510186346312
ld,36.0,0.04560946512858903,0.0,6029.0,22.18677224437222 < ld <= 41.046938775510206,0.08128027351404092
