feature,value,importance,min,max,rule,importance_ratio
la,227.0,0.2255741924962738,0.0,8960.0,143.122304060467 < la <= 476.1618029404084,0.4912947454705884
ns,3.0,0.07316305103320574,1.0,22.0,1.5032147725771707 < ns <= 5.499821160683655,0.15934722911976837
age,133.333333333333,0.06526447912651012,0.0,1848.0,69.01912192572016 < age <= 536.7965087044349,0.14214434419956518
asexp,0.527503408288304,0.04109370204724426,0.0,1051.0,0.4721763844552811 < asexp <= 0.4721763844552811,0.0895010181099443
aexp,195.0,-0.023268663146439692,0.0,1406.0,0.37596446854337273 < aexp <= 288.3855622881154,0.050678545322332416
