feature,value,importance,min,max,rule,importance_ratio
la,1840.0,0.2230588387048359,0.0,8960.0,la > 476.1618029404084,0.45977672437810885
nuc,47.1666666666667,0.1300712899439941,0.0,258.0,nuc > 28.879629821777467,0.26810751805814154
nd,5.0,0.05614268934543864,1.0,32.0,3.5021749794480725 < nd <= 9.505482373642016,0.11572328608408515
aexp,284.0,-0.028126915020522253,0.0,1406.0,0.37596446854337273 < aexp <= 288.3855622881154,0.057976186597607275
ld,26.0,0.01610073853384742,0.0,6029.0,22.18677224437222 < ld <= 41.046938775510206,0.03318740860547783
