feature,value,importance,min,max,rule,importance_ratio
la,252.0,0.1822561732400885,0.0,8960.0,143.122304060467 < la <= 476.1618029404084,0.42550443585688225
aexp,50.0,-0.06359043389928425,0.0,1406.0,0.37596446854337273 < aexp <= 288.3855622881154,0.14846142778695032
asexp,0.0451866723898053,0.0611739461894574,0.0,1051.0,asexp <= 0.4721763844552811,0.14281977394639445
ns,2.0,0.06105357103295975,1.0,22.0,1.5032147725771707 < ns <= 5.499821160683655,0.14253874004698713
nd,3.0,-0.02908304844264822,1.0,32.0,2.4981375058546607 < nd <= 3.5021749794480725,0.0678987487808476
