feature,value,importance,min,max,rule,importance_ratio
la,643.0,0.2853874160274513,0.0,8960.0,la > 476.1618029404084,0.4889968651645265
age,125.75,0.08632874041393827,0.0,1848.0,69.01912192572016 < age <= 536.7965087044349,0.1479199189075575
nuc,1.625,-0.07428889082283725,0.0,258.0,0.8856902796551935 < nuc <= 2.0897306900690538,0.1272902471825278
ns,1.0,-0.060222461658942676,1.0,22.0,ns <= 1.5032147725771707,0.10318813412880548
nd,4.0,0.05544325276884604,1.0,32.0,3.5021749794480725 < nd <= 9.505482373642016,0.09499920205270128
