feature,value,importance,min,max,rule,importance_ratio
la,743.0,0.28866014815409285,0.0,8960.0,la > 476.1618029404084,0.4619443014312806
nd,7.0,0.07723679383202825,1.0,32.0,3.5021749794480725 < nd <= 9.505482373642016,0.12360243351805489
nuc,1.69230769230769,-0.07181169635726507,0.0,258.0,0.8856902796551935 < nuc <= 2.0897306900690538,0.1149206224706973
age,182.846153846154,0.0611659024730799,0.0,1848.0,69.01912192572016 < age <= 536.7965087044349,0.09788410443916731
asexp,0.0055341022396657,0.05033406187325892,0.0,1051.0,asexp <= 0.4721763844552811,0.08054985490352237
