feature,value,importance,min,max,rule,importance_ratio
la,2076.0,0.26081079041989513,0.0,8960.0,la > 476.1618029404084,0.4988246421193178
nd,7.0,0.07777823249782485,1.0,32.0,3.5021749794480725 < nd <= 9.505482373642016,0.14875802848470268
ns,4.0,0.0525585070615605,1.0,22.0,1.5032147725771707 < ns <= 5.499821160683655,0.1005229823240804
age,255.55,0.046072140533055916,0.0,1848.0,69.01912192572016 < age <= 536.7965087044349,0.08811720932279124
nuc,11.45,-0.03847789412358022,0.0,258.0,2.691750895275984 < nuc <= 12.62508428119034,0.07359251407811299
