feature,value,importance,min,max,rule,importance_ratio
la,130.0,0.10139084070848249,0.0,8960.0,53.20163936288285 < la <= 143.122304060467,0.3055033031995695
ns,2.0,0.06349418260021016,1.0,22.0,1.5032147725771707 < ns <= 5.499821160683655,0.1913159254107851
age,286.4,0.05028753528951364,0.0,1848.0,69.01912192572016 < age <= 536.7965087044349,0.15152264280836605
asexp,0.166338686541857,0.03948689794682955,0.0,1051.0,0.4721763844552811 < asexp <= 0.4721763844552811,0.11897896961467336
nuc,12.4,-0.03413871829510757,0.0,258.0,2.691750895275984 < nuc <= 12.62508428119034,0.10286423441483893
