feature,value,importance,min,max,rule,importance_ratio
la,969,0.2895565507108208,0.0,8960.0,la > 476.1618029404084,0.5032557530527768
nd,6,0.07689415019016911,1.0,32.0,3.5021749794480725 < nd <= 9.505482373642016,0.13364375063976316
age,172.70588235294102,0.06578578564444053,0.0,1848.0,69.01912192572016 < age <= 536.7965087044349,0.11433716492819186
ns,1,-0.06127095936190385,1.0,22.0,ns <= 1.5032147725771707,0.10649029600002309
nuc,6.117647058823531,-0.034012876312873856,0.0,258.0,2.691750895275984 < nuc <= 12.62508428119034,0.05911513878828165
