feature,value,importance,min,max,rule,importance_ratio
la,236,0.1935157492489314,0.0,8960.0,143.122304060467 < la <= 476.1618029404084,0.395627296277809
ns,3,0.08438150851025832,1.0,22.0,1.5032147725771707 < ns <= 5.499821160683655,0.17251116871533273
age,161.75,0.07311816281689346,0.0,1848.0,69.01912192572016 < age <= 536.7965087044349,0.14948416951240945
nd,4,0.049696195097643135,1.0,32.0,3.5021749794480725 < nd <= 9.505482373642016,0.10159985106165012
ld,15,0.03080518866312206,0.0,6029.0,13.804476008310893 < ld <= 22.18677224437222,0.06297871645806676
