feature,value,importance,min,max,rule,importance_ratio
la,395.0,0.2028324396920747,0.0,8960.0,143.122304060467 < la <= 476.1618029404084,0.5011170031120753
ns,4.0,0.06000102443090292,1.0,22.0,1.5032147725771707 < ns <= 5.499821160683655,0.14823828768275332
nuc,3.75,-0.04960840641796846,0.0,258.0,2.691750895275984 < nuc <= 12.62508428119034,0.12256232775722777
nd,3.0,0.03510415520486174,1.0,32.0,2.4981375058546607 < nd <= 3.5021749794480725,0.0867281835181161
ld,22.0,0.02762598960988205,0.0,6029.0,13.804476008310893 < ld <= 22.18677224437222,0.06825265791964118
