feature,value,importance,min,max,rule,importance_ratio
la,585,0.35180908281834605,0.0,9389.0,la > 259.02565808320827,0.6472067171027543
nd,1,-0.11394225053839795,1.0,33.0,nd <= 1.5105962363484104,0.20961422973929678
nuc,4.875,-0.03744126732608539,0.0,1520.0,0.2747795602155918 < nuc <= 7.886143186937701,0.06887894853696679
aexp,182,-0.0178557013612257,0.0,4144.0,82.00568065157063 < aexp <= 400.33772908055585,0.0328482987618972
asexp,0.757164004342913,-0.012295959808899581,0.0,2327.0,-0.8058376987231384 < asexp <= -0.8058376987231384,0.022620302232658318
