feature,value,importance,min,max,rule,importance_ratio
la,552,0.3739992596695434,0.0,9389.0,la > 259.02565808320827,0.5444697325032468
nd,8,0.2197194285461191,1.0,33.0,4.503916092667653 < nd <= 23.50498996321589,0.3198684900926659
ld,1045,-0.034535782333083645,0.0,9950.0,24.882467942900547 < ld <= 1866.9949643956745,0.050277340616392906
ndev,3.28571428571429,-0.03256230698884829,0.0,67.0,3.000808789151475 < ndev <= 10.846402884905007,0.04740434671333818
nuc,34.9047619047619,-0.012072933175200152,0.0,1520.0,23.10887044038192 < nuc <= 48.480082529455615,0.017575828097196905
