feature,value,importance,min,max,rule,importance_ratio
la,1831,0.3368860669366515,0.0,9389.0,la > 259.02565808320827,0.5390737110134707
nd,18,0.21559758593920947,1.0,33.0,4.503916092667653 < nd <= 23.50498996321589,0.3449919784294613
aexp,184,-0.02607849952648819,0.0,4144.0,82.00568065157063 < aexp <= 400.33772908055585,0.04172993453021183
ld,1712,-0.019602165781578373,0.0,9950.0,24.882467942900547 < ld <= 1866.9949643956745,0.0313667239131138
ndev,2.32432432432432,0.012466517556328102,0.0,67.0,2.0201095271822833 < ndev <= 3.000808789151475,0.019948500523080646
