feature,value,importance,min,max,rule,importance_ratio
la,647,0.35060167498271666,0.0,9389.0,la > 259.02565808320827,0.5514831143258576
nd,14,0.15158735787388097,1.0,33.0,4.503916092667653 < nd <= 23.50498996321589,0.23844115467171473
ndev,1.21212121212121,0.07743521828273768,0.0,67.0,ndev <= 2.0201095271822833,0.12180265635973338
nuc,38.343434343434296,0.020609413409736155,0.0,1520.0,23.10887044038192 < nuc <= 48.480082529455615,0.03241782427933545
age,42.3131313131313,-0.019783181953814986,0.0,1019.0,21.355116215938807 < age <= 151.08747456179282,0.031118193590212652
