feature,value,importance,min,max,rule,importance_ratio
la,475,0.2663099094102556,0.0,9389.0,la > 259.02565808320827,0.43197686686939607
nd,7,0.2153092962960323,1.0,33.0,4.503916092667653 < nd <= 23.50498996321589,0.34924962209548455
nuc,88.2777777777778,-0.04566983082382835,0.0,1520.0,48.480082529455615 < nuc <= 193.0959914371757,0.07408027164074053
ld,21,0.02880304623013845,0.0,9950.0,13.60422816869989 < ld <= 24.882467942900547,0.04672094138120129
aexp,10,-0.023941017475154407,0.0,4144.0,aexp <= 82.00568065157063,0.03883432554757345
