feature,value,importance,min,max,rule,importance_ratio
ld,4129,-0.2481572255165882,0.0,9950.0,ld > 1866.9949643956745,0.4452683977353787
nd,18,0.21781152607447712,1.0,33.0,4.503916092667653 < nd <= 23.50498996321589,0.3908191229233303
ndev,1.80555555555556,0.043886202416649665,0.0,67.0,ndev <= 2.0201095271822833,0.07874499318757842
la,170,-0.032341143958524984,0.0,9389.0,77.73891199130318 < la <= 259.02565808320827,0.058029700007179656
nuc,55.1805555555556,-0.005554543765327778,0.0,1520.0,48.480082529455615 < nuc <= 193.0959914371757,0.009966515371011071
