feature,value,importance,min,max,rule,importance_ratio
la,642,0.35201794245532464,0.0,9389.0,la > 259.02565808320827,0.54894521680021
nd,9,0.20868010023719155,1.0,33.0,4.503916092667653 < nd <= 23.50498996321589,0.32542075005490084
ld,362,-0.02661601809161511,0.0,9950.0,24.882467942900547 < ld <= 1866.9949643956745,0.041505656557589386
ndev,3.81481481481481,-0.018763908831041568,0.0,67.0,3.000808789151475 < ndev <= 10.846402884905007,0.029260889173519128
nuc,73.1851851851852,-0.018326035308553524,0.0,1520.0,48.480082529455615 < nuc <= 193.0959914371757,0.028578058707388054
