feature,value,importance,min,max,rule,importance_ratio
la,363,0.3720290880626689,0.0,9389.0,la > 259.02565808320827,0.7795848595251631
asexp,0.278223022685863,0.024057793296872257,0.0,2327.0,-0.8058376987231384 < asexp <= -0.8058376987231384,0.05041297040909942
ld,101,-0.020928674164482013,0.0,9950.0,24.882467942900547 < ld <= 1866.9949643956745,0.04385591888400194
ndev,3.375,-0.02047444710900851,0.0,67.0,3.000808789151475 < ndev <= 10.846402884905007,0.042904088646538927
nd,3,0.01574955113260933,1.0,33.0,2.4996932323495513 < nd <= 3.4887902283506924,0.033003095728985986
