feature,value,importance,min,max,rule,importance_ratio
la,296,0.3375148100637391,0.0,9389.0,la > 259.02565808320827,0.48109170829879944
nd,6,0.2070360033832071,1.0,33.0,4.503916092667653 < nd <= 23.50498996321589,0.2951079525315443
ld,202,-0.05641910152627158,0.0,9950.0,24.882467942900547 < ld <= 1866.9949643956745,0.08041946938219253
age,31.5714285714286,-0.04465547185318928,0.0,1019.0,21.355116215938807 < age <= 151.08747456179282,0.06365165793667746
ndev,7.428571428571429,-0.020006020423216208,0.0,67.0,3.000808789151475 < ndev <= 10.846402884905007,0.02851646877317218
