feature,value,importance,min,max,rule,importance_ratio
la,361,0.3033418204447291,0.0,9389.0,la > 259.02565808320827,0.44336526296671
nd,15,0.1922656842830806,1.0,33.0,4.503916092667653 < nd <= 23.50498996321589,0.28101606809989615
ndev,1.91358024691358,0.06476507311141376,0.0,67.0,ndev <= 2.0201095271822833,0.09466081409085546
ld,753,-0.04297732201846554,0.0,9950.0,24.882467942900547 < ld <= 1866.9949643956745,0.06281577545221409
nuc,51.45679012345679,-0.04052614696208215,0.0,1520.0,48.480082529455615 < nuc <= 193.0959914371757,0.05923313105502034
