feature,value,importance,min,max,rule,importance_ratio
la,205,0.231199191969699,0.0,9094.0,198.10918576028968 < la <= 295.36187796957415,0.7182852132944395
arexp,907.666666666692,0.022075856326867354,0.0,2143.5,741.0350150255845 < arexp <= 1860.7231364184076,0.06858484683838993
age,13.6,0.021056539307373442,0.0,575.0,7.346025962989069 < age <= 349.3395012011218,0.06541805228117628
nuc,182.6,0.017315182821130422,0.0,480.0,98.64471611143635 < nuc <= 253.39785732459083,0.05379447773994775
ns,1,-0.010748823357991662,1.0,8.0,ns <= 1.4995095840290027,0.03339423815707441
