feature,value,importance,min,max,rule,importance_ratio
la,160,0.11509309961808166,0.0,9094.0,89.63502906531855 < la <= 198.10918576028968,0.45425422127775994
nuc,40.1818181818182,0.04659726837762167,0.0,480.0,17.021870288644497 < nuc <= 98.64471611143635,0.18391203235282302
arexp,76.0,-0.032129615513816066,0.0,2143.5,18.99314235170766 < arexp <= 741.0350150255845,0.12681049970513963
nd,6,0.023575720075989428,1.0,46.0,4.49814249084984 < nd <= 6.501361706446655,0.09304963025340693
age,119.636363636364,0.019945349800173158,0.0,575.0,7.346025962989069 < age <= 349.3395012011218,0.07872113420922043
