feature,value,importance,min,max,rule,importance_ratio
la,130,0.11379014195979364,0.0,9094.0,89.63502906531855 < la <= 198.10918576028968,0.5405198713405404
nuc,92.0,0.04636371124130668,0.0,480.0,17.021870288644497 < nuc <= 98.64471611143635,0.22023443158965275
age,69.3333333333333,0.019445493850874625,0.0,575.0,7.346025962989069 < age <= 349.3395012011218,0.09236894913218265
nd,2,-0.012529956557362214,1.0,46.0,1.4933136674546177 < nd <= 2.4949232752530253,0.059519132234504384
ld,53,0.00777541409029992,0.0,9176.0,35.749623635583205 < ld <= 71.3286997568262,0.036934357856705485
