feature,value,importance,min,max,rule,importance_ratio
la,2614,0.4344276657296556,0.0,9094.0,la > 471.1648215786653,0.6624912353289308
nd,11,0.08768639087603303,1.0,46.0,6.501361706446655 < nd <= 43.480788426363866,0.1337195349090611
nuc,18.375,0.04687877894180596,0.0,480.0,17.021870288644497 < nuc <= 98.64471611143635,0.07148895574987515
arexp,471.666666666666,-0.032178568241610715,0.0,2143.5,18.99314235170766 < arexp <= 741.0350150255845,0.04907150512547512
age,37.95,0.023017844842430798,0.0,575.0,7.346025962989069 < age <= 349.3395012011218,0.035101632946556334
