feature,value,importance,min,max,rule,importance_ratio
la,231,0.23317187587426405,0.0,9094.0,198.10918576028968 < la <= 295.36187796957415,0.5852352841546343
nuc,28.1176470588235,0.044754355726549636,0.0,480.0,17.021870288644497 < nuc <= 98.64471611143635,0.1123284186507492
ld,551,0.0376529326561757,0.0,9176.0,ld > 326.31207862573433,0.0945046423788044
arexp,327.0,-0.032980504305664994,0.0,2143.5,18.99314235170766 < arexp <= 741.0350150255845,0.08277737071213977
age,52.23529411764712,0.022569088738064846,0.0,575.0,7.346025962989069 < age <= 349.3395012011218,0.05664588411963955
