feature,value,importance,min,max,rule,importance_ratio
la,2805,0.4299140715879088,0.0,9094.0,la > 471.1648215786653,0.7076081871611787
nd,9,0.08635518824613878,1.0,46.0,6.501361706446655 < nd <= 43.480788426363866,0.14213453860934558
ns,3,0.04065933002018644,1.0,8.0,2.4998972545934754 < ns <= 4.500672595722421,0.06692238451396945
age,55.2,0.022348563823937895,0.0,575.0,7.346025962989069 < age <= 349.3395012011218,0.03678415706353297
nuc,11.266666666666698,-0.013460510584228596,0.0,480.0,4.2830446400006785 < nuc <= 17.021870288644497,0.02215504939763813
