feature,value,importance,min,max,rule,importance_ratio
la,894,0.43454323983956455,0.0,9094.0,la > 471.1648215786653,0.6623787182650053
nd,16,0.08775101405663963,1.0,46.0,6.501361706446655 < nd <= 43.480788426363866,0.1337597709234902
nuc,42.4,0.04689926516729188,0.0,480.0,17.021870288644497 < nuc <= 98.64471611143635,0.07148903101231255
arexp,25.3333333333333,-0.03216888348574792,0.0,2143.5,18.99314235170766 < arexp <= 741.0350150255845,0.04903535910298136
age,180.514285714286,0.023040535141517302,0.0,575.0,7.346025962989069 < age <= 349.3395012011218,0.035120924078378676
