feature,value,importance,min,max,rule,importance_ratio
la,397,0.3259903008714622,0.0,9094.0,295.36187796957415 < la <= 471.1648215786653,0.6081354564105738
nd,12,0.09261015915105995,1.0,46.0,6.501361706446655 < nd <= 43.480788426363866,0.17276440818339708
nuc,63.69565217391301,0.049109811913067423,0.0,480.0,17.021870288644497 < nuc <= 98.64471611143635,0.09161443700058614
age,80.43478260869571,0.02606067796804102,0.0,575.0,7.346025962989069 < age <= 349.3395012011218,0.048616238728871365
ld,130,0.023016193340091147,0.0,9176.0,106.9077758780692 < ld <= 326.31207862573433,0.04293674751761812
