feature,value,importance,min,max,rule,importance_ratio
la,1748,0.437258333461938,0.0,9094.0,la > 471.1648215786653,0.7192445868017963
nuc,32.1428571428571,0.04658268906419326,0.0,480.0,17.021870288644497 < nuc <= 98.64471611143635,0.07662368989705873
nd,6,0.0371419793692663,1.0,46.0,4.49814249084984 < nd <= 6.501361706446655,0.061094702056202585
arexp,47.0,-0.03235470409259429,0.0,2143.5,18.99314235170766 < arexp <= 741.0350150255845,0.053220130973668525
age,33.3571428571429,0.023425332990042968,0.0,575.0,7.346025962989069 < age <= 349.3395012011218,0.03853224205865148
