feature,value,importance,min,max,rule,importance_ratio
la,371,0.3235329688215903,0.0,9094.0,295.36187796957415 < la <= 471.1648215786653,0.6164530715967024
nd,7,0.09268648019514864,1.0,46.0,6.501361706446655 < nd <= 43.480788426363866,0.17660291505962092
nuc,25.6363636363636,0.0496001048943673,0.0,480.0,17.021870288644497 < nuc <= 98.64471611143635,0.09450702079920739
age,146.795454545455,0.026080648801011658,0.0,575.0,7.346025962989069 < age <= 349.3395012011218,0.04969353238149988
ld,28,0.013219516967006578,0.0,9176.0,14.995162564858127 < ld <= 35.749623635583205,0.025188196025332264
