feature,value,importance,min,max,rule,importance_ratio
la,262,0.2342798537337114,0.0,9094.0,198.10918576028968 < la <= 295.36187796957415,0.6303964244183066
nuc,35.77777777777779,0.046049717859989014,0.0,480.0,17.021870288644497 < nuc <= 98.64471611143635,0.12390983271401851
arexp,237.166666666667,-0.033029297084195934,0.0,2143.5,18.99314235170766 < arexp <= 741.0350150255845,0.08887469601459387
age,172.22222222222197,0.022569126414318092,0.0,575.0,7.346025962989069 < age <= 349.3395012011218,0.06072863870745892
ld,168,0.018016459001806012,0.0,9176.0,106.9077758780692 < ld <= 326.31207862573433,0.048478395194521365
