feature,value,importance,min,max,rule,importance_ratio
la,3011,0.42907711354038486,0.0,9094.0,la > 471.1648215786653,0.6799397803234504
nd,13,0.08589016018324304,1.0,46.0,6.501361706446655 < nd <= 43.480788426363866,0.13610638928063826
nuc,0.7894736842105259,-0.03849644024594984,0.0,480.0,nuc <= 1.924002853214784,0.06100362918005494
arexp,24.0,-0.032233635930775106,0.0,2143.5,18.99314235170766 < arexp <= 741.0350150255845,0.051079236440641516
age,21.368421052631604,0.02272417567910744,0.0,575.0,7.346025962989069 < age <= 349.3395012011218,0.03601000969684567
