feature,value,importance,min,max,rule,importance_ratio
la,605,0.43209639598027255,0.0,9094.0,la > 471.1648215786653,0.7002715135152001
nd,17,0.08750630617396458,1.0,46.0,6.501361706446655 < nd <= 43.480788426363866,0.14181597911167104
nuc,61.6428571428571,0.046997643723253296,0.0,480.0,17.021870288644497 < nuc <= 98.64471611143635,0.07616613192773145
age,140.0,0.023271285451934628,0.0,575.0,7.346025962989069 < age <= 349.3395012011218,0.03771431198332542
ns,1,-0.01620283409153448,1.0,8.0,ns <= 1.4995095840290027,0.026258916431768975
