feature,value,importance,min,max,rule,importance_ratio
la,613,0.4341880303518589,0.0,9094.0,la > 471.1648215786653,0.6751542272241309
nd,9,0.0873724534676997,1.0,46.0,6.501361706446655 < nd <= 43.480788426363866,0.1358625230959423
nuc,29.1666666666667,0.046909121649127035,0.0,480.0,17.021870288644497 < nuc <= 98.64471611143635,0.07294280257130427
arexp,207.0,-0.03202160757157966,0.0,2143.5,18.99314235170766 < arexp <= 741.0350150255845,0.049792997971280166
age,39.0,0.023312576462065478,0.0,575.0,7.346025962989069 < age <= 349.3395012011218,0.03625061827037051
