feature,value,importance,min,max,rule,importance_ratio
la,299,0.3239923171013208,0.0,9094.0,295.36187796957415 < la <= 471.1648215786653,0.7089757738280181
nuc,75.5,0.04945136500099191,0.0,480.0,17.021870288644497 < nuc <= 98.64471611143635,0.10821188626354339
arexp,207.5,-0.028877626771410373,0.0,2143.5,18.99314235170766 < arexp <= 741.0350150255845,0.06319142987632868
age,21.25,0.02632939317890788,0.0,575.0,7.346025962989069 < age <= 349.3395012011218,0.05761526097423086
ld,20,0.013282115984396685,0.0,9176.0,14.995162564858127 < ld <= 35.749623635583205,0.029064573328034447
