feature,value,importance,min,max,rule,importance_ratio
la,279,0.23118871756896303,0.0,9094.0,198.10918576028968 < la <= 295.36187796957415,0.7118150727148991
arexp,209.5,-0.03281354560283278,0.0,2143.5,18.99314235170766 < arexp <= 741.0350150255845,0.10103077950742421
age,25.8,0.02189406504727094,0.0,575.0,7.346025962989069 < age <= 349.3395012011218,0.06741040682056239
nuc,14.6,-0.013886890002518111,0.0,480.0,4.2830446400006785 < nuc <= 17.021870288644497,0.042756833987703545
nd,4,0.009318410210333857,1.0,46.0,2.4949232752530253 < nd <= 4.49814249084984,0.02869078089624962
