feature,value,importance,min,max,rule,importance_ratio
la,1266,0.43055378193167115,0.0,9094.0,la > 471.1648215786653,0.7198056695891114
nd,10,0.08673158396419733,1.0,46.0,6.501361706446655 < nd <= 43.480788426363866,0.14499904190780263
age,8.95,0.021959153737132257,0.0,575.0,7.346025962989069 < age <= 349.3395012011218,0.036711611934871324
ld,294,0.01727249364166104,0.0,9176.0,106.9077758780692 < ld <= 326.31207862573433,0.028876389833181363
arexp,1.0,0.017075053188268356,0.0,2143.5,arexp <= 3.296579902275539,0.028546306197356156
