feature,value,importance,min,max,rule,importance_ratio
la,545,0.4341170111903325,0.0,9094.0,la > 471.1648215786653,0.7806270896399911
nuc,20.0,0.04719990136892167,0.0,480.0,17.021870288644497 < nuc <= 98.64471611143635,0.08487463215478915
age,8.3,0.02318733987946861,0.0,575.0,7.346025962989069 < age <= 349.3395012011218,0.041695361342720796
ld,5,-0.021065421251823438,0.0,9176.0,ld <= 6.100393534547379,0.03787973762825341
ns,1,-0.016738889438874235,1.0,8.0,ns <= 1.4995095840290027,0.03009978924955099
