feature,value,importance,min,max,rule,importance_ratio
la,324,0.3240389481919317,0.0,9094.0,295.36187796957415 < la <= 471.1648215786653,0.5952232127732417
nd,7,0.09094127710397124,1.0,46.0,6.501361706446655 < nd <= 43.480788426363866,0.1670489286351634
nuc,43.7272727272727,0.0486543774861739,0.0,480.0,17.021870288644497 < nuc <= 98.64471611143635,0.08937263574145743
arexp,24.0,-0.029207702998247757,0.0,2143.5,18.99314235170766 < arexp <= 741.0350150255845,0.053651275296839614
age,7.4545454545454515,0.025838892510995217,0.0,575.0,7.346025962989069 < age <= 349.3395012011218,0.04746314818238253
