feature,value,importance,min,max,rule,importance_ratio
la,1047,0.4326872135680262,0.0,9094.0,la > 471.1648215786653,0.6843325730182609
nd,10,0.08806236372885108,1.0,46.0,6.501361706446655 < nd <= 43.480788426363866,0.13927831021325077
nuc,44.6206896551724,0.04708032553529544,0.0,480.0,17.021870288644497 < nuc <= 98.64471611143635,0.07446164180916041
age,38.6206896551724,0.02306582377160734,0.0,575.0,7.346025962989069 < age <= 349.3395012011218,0.03648061240415689
ld,180,0.01760690516162983,0.0,9176.0,106.9077758780692 < ld <= 326.31207862573433,0.027846856422653048
