feature,value,importance,min,max,rule,importance_ratio
la,296,0.23300261130655944,0.0,9094.0,198.10918576028968 < la <= 295.36187796957415,0.6853298808313678
arexp,75.0,-0.03299581326823842,0.0,2143.5,18.99314235170766 < arexp <= 741.0350150255845,0.09705048646559655
age,63.4,0.021624619053198915,0.0,575.0,7.346025962989069 < age <= 349.3395012011218,0.06360442707336872
ld,152,0.01803051921151912,0.0,9176.0,106.9077758780692 < ld <= 326.31207862573433,0.05303311200362593
nuc,138.8,0.01673462968898728,0.0,480.0,98.64471611143635 < nuc <= 253.39785732459083,0.04922151604310306
