feature,value,importance,min,max,rule,importance_ratio
la,398,0.3254978899048082,0.0,9094.0,295.36187796957415 < la <= 471.1648215786653,0.7110243091991664
nuc,29.6666666666667,0.04878771424872332,0.0,480.0,17.021870288644497 < nuc <= 98.64471611143635,0.1065728900155073
arexp,27.0,-0.02883874433986627,0.0,2143.5,18.99314235170766 < arexp <= 741.0350150255845,0.0629959483867053
age,44.0,0.02649893085884244,0.0,575.0,7.346025962989069 < age <= 349.3395012011218,0.057884811523463565
ld,98,-0.013685901462891562,0.0,9176.0,71.3286997568262 < ld <= 106.9077758780692,0.029895765641571946
