feature,value,importance,min,max,rule,importance_ratio
la,1594,0.4328802738470282,0.0,9094.0,la > 471.1648215786653,0.6509438691944839
nd,10,0.08731053047936753,1.0,46.0,6.501361706446655 < nd <= 43.480788426363866,0.1312932419548103
nuc,68.0,0.04633539175376077,0.0,480.0,17.021870288644497 < nuc <= 98.64471611143635,0.06967686219745327
arexp,270.0,-0.03229347415818847,0.0,2143.5,18.99314235170766 < arexp <= 741.0350150255845,0.0485613235074135
ld,1887,0.02919187088352246,0.0,9176.0,ld > 326.31207862573433,0.043897286455379006
