feature,value,importance,min,max,rule,importance_ratio
la,896,0.4347743880593786,0.0,9094.0,la > 471.1648215786653,0.6621539780643009
nd,15,0.08788026041785271,1.0,46.0,6.501361706446655 < nd <= 43.480788426363866,0.1338401378442298
nuc,66.23809523809521,0.04694023761826392,0.0,480.0,17.021870288644497 < nuc <= 98.64471611143635,0.07148918134058088
arexp,39.0,-0.03214951397402239,0.0,2143.5,18.99314235170766 < arexp <= 741.0350150255845,0.04896316148187043
age,40.5714285714286,0.023085915739690276,0.0,575.0,7.346025962989069 < age <= 349.3395012011218,0.03515945594800183
