feature,value,importance,min,max,rule,importance_ratio
la,1077,0.4323860421147772,0.0,9094.0,la > 471.1648215786653,0.670703800459252
nd,22,0.08837642361558883,1.0,46.0,6.501361706446655 < nd <= 43.480788426363866,0.13708676371712705
nuc,33.575757575757606,0.046700520676277016,0.0,480.0,17.021870288644497 < nuc <= 98.64471611143635,0.07244039735373874
ld,877,0.03108742313694019,0.0,9176.0,ld > 326.31207862573433,0.04822184532704203
age,45.0454545454545,0.023318353029469663,0.0,575.0,7.346025962989069 < age <= 349.3395012011218,0.03617070505056739
