feature,value,importance,min,max,rule,importance_ratio
la,1504,0.4327336348204453,0.0,9094.0,la > 471.1648215786653,0.6842257377795423
nd,7,0.08808873375366834,1.0,46.0,6.501361706446655 < nd <= 43.480788426363866,0.1392833234876193
nuc,30.2105263157895,0.04708781244291579,0.0,480.0,17.021870288644497 < nuc <= 98.64471611143635,0.07445386865420645
age,21.6842105263158,0.023074919410282457,0.0,575.0,7.346025962989069 < age <= 349.3395012011218,0.03648538612963404
ld,166,0.017639013122658174,0.0,9176.0,106.9077758780692 < ld <= 326.31207862573433,0.0278902904613866
