feature,value,importance,min,max,rule,importance_ratio
la,1923,0.43284989441430555,0.0,9094.0,la > 471.1648215786653,0.7008283411710808
nd,11,0.0864711310257958,1.0,46.0,6.501361706446655 < nd <= 43.480788426363866,0.14000562342286388
arexp,35.5,-0.03161733017997669,0.0,2143.5,18.99314235170766 < arexp <= 741.0350150255845,0.051191697972513335
age,180.380952380952,0.02212865887959233,0.0,575.0,7.346025962989069 < age <= 349.3395012011218,0.03582856665798658
ld,167,0.017708565921504656,0.0,9176.0,106.9077758780692 < ld <= 326.31207862573433,0.028671983150371012
