feature,value,importance,min,max,rule,importance_ratio
la,248,0.2325126505519475,0.0,9094.0,198.10918576028968 < la <= 295.36187796957415,0.5505376533897096
nd,25,0.09481048148371657,1.0,46.0,6.501361706446655 < nd <= 43.480788426363866,0.22448989278169254
nuc,25.3225806451613,0.04692494393797197,0.0,480.0,17.021870288644497 < nuc <= 98.64471611143635,0.11110771160076299
age,183.596774193548,0.021923160943016617,0.0,575.0,7.346025962989069 < age <= 349.3395012011218,0.05190911355490636
ld,26,0.009833129999057166,0.0,9176.0,14.995162564858127 < ld <= 35.749623635583205,0.023282639900693985
