feature,value,importance,min,max,rule,importance_ratio
la,671,0.4320924461611611,0.0,9094.0,la > 471.1648215786653,0.6934688889667523
nd,9,0.08822157629559699,1.0,46.0,6.501361706446655 < nd <= 43.480788426363866,0.1415875677534636
nuc,21.846153846153804,0.047374513845291163,0.0,480.0,17.021870288644497 < nuc <= 98.64471611143635,0.07603176536296292
age,90.92307692307692,0.02297836145273432,0.0,575.0,7.346025962989069 < age <= 349.3395012011218,0.03687817023526672
ns,1,-0.01675398507320562,1.0,8.0,ns <= 1.4995095840290027,0.02688861496585399
