feature,value,importance,min,max,rule,importance_ratio
la,1484,0.43258928210509395,0.0,9094.0,la > 471.1648215786653,0.6285541354038475
nd,30,0.0873853253573644,1.0,46.0,6.501361706446655 < nd <= 43.480788426363866,0.1269712632723947
nuc,26.44,0.04633657718936041,0.0,480.0,17.021870288644497 < nuc <= 98.64471611143635,0.0673272510846822
ns,3,0.037249619966015404,1.0,8.0,2.4998972545934754 < ns <= 4.500672595722421,0.0541238621491612
arexp,28.0,-0.03229909997622117,0.0,2143.5,18.99314235170766 < arexp <= 741.0350150255845,0.04693073476319738
