feature,value,importance,min,max,rule,importance_ratio
la,1326,0.4334359232710981,0.0,9094.0,la > 471.1648215786653,0.6708047202183584
nd,10,0.08761782742818924,1.0,46.0,6.501361706446655 < nd <= 43.480788426363866,0.13560124820882843
nuc,89.9411764705882,0.04714536458679482,0.0,480.0,17.021870288644497 < nuc <= 98.64471611143635,0.0729642639275585
arexp,34.0,-0.03218518998004989,0.0,2143.5,18.99314235170766 < arexp <= 741.0350150255845,0.04981123206587181
age,9.176470588235288,0.022881405844476392,0.0,575.0,7.346025962989069 < age <= 349.3395012011218,0.035412281773669445
