feature,value,importance,min,max,rule,importance_ratio
la,1158,0.43163661586666485,0.0,9094.0,la > 471.1648215786653,0.7624707978029769
nd,6,0.03564233810232232,1.0,46.0,4.49814249084984 < nd <= 6.501361706446655,0.06296092817305389
nuc,2.22222222222222,-0.035130643978960714,0.0,480.0,1.924002853214784 < nuc <= 2.867619567929143,0.06205703862307387
age,84.1111111111111,0.02192840147766589,0.0,575.0,7.346025962989069 < age <= 349.3395012011218,0.038735744732056564
ld,293,0.01729729356600329,0.0,9176.0,106.9077758780692 < ld <= 326.31207862573433,0.03055505659227226
