feature,value,importance,min,max,rule,importance_ratio
la,208,0.22866387104932476,0.0,9094.0,198.10918576028968 < la <= 295.36187796957415,0.665822966687946
arexp,68.0,-0.032887467018307526,0.0,2143.5,18.99314235170766 < arexp <= 741.0350150255845,0.09576165555361422
nd,6,0.021892163331064293,1.0,46.0,4.49814249084984 < nd <= 6.501361706446655,0.06374555398461727
age,64.04761904761911,0.021822611953960156,0.0,575.0,7.346025962989069 < age <= 349.3395012011218,0.06354303443472861
ld,203,0.019148485339432954,0.0,9176.0,106.9077758780692 < ld <= 326.31207862573433,0.05575651832436491
