feature,value,importance,min,max,rule,importance_ratio
la,4031,0.4347604802999762,0.0,9094.0,la > 471.1648215786653,0.6131567328304018
nd,47,0.1296537715343732,1.0,46.0,nd > 43.480788426363866,0.18285489724894846
nuc,41.80821917808221,0.0461224357998735,0.0,480.0,17.021870288644497 < nuc <= 98.64471611143635,0.06504795934008895
arexp,288.0,-0.032282807805606085,0.0,2143.5,18.99314235170766 < arexp <= 741.0350150255845,0.045529485446836056
ld,516,0.028162890059648574,0.0,9176.0,ld > 326.31207862573433,0.03971903252135786
