feature,value,importance,min,max,rule,importance_ratio
la,199,0.38007567615487303,0.0,8851.0,la > 127.55870158356693,0.5007230577178439
ent,2.3742759329313,0.2045732618518657,0.0,6.25828457562083,2.005709603206336 < ent <= 3.1894578523081085,0.2695109306601335
nuc,25.0,-0.07927031150431324,0.0,2540.0,16.979309426715872 < nuc <= 47.171255295131715,0.1044330780760404
ndev,2.0,0.049466921901247136,0.0,57.5,1.0370110554233651 < ndev <= 2.9471755332787235,0.06516920167285131
age,57.5454545454545,-0.013253952129887463,0.0,918.0,6.104315757675584 < age <= 152.17610991761703,0.017461152748482957
