feature,value,importance,min,max,rule,importance_ratio
la,147,0.3844892419387918,0.0,8851.0,la > 127.55870158356693,0.45605225804060107
nuc,946.4,0.2709789282033122,0.0,2540.0,nuc > 651.0101726634492,0.32141485016690186
ndev,23.8,-0.10504494419978115,0.0,57.5,ndev > 3.975725636739302,0.12459642240311487
ent,1.30513146320747,0.0641722522401537,0.0,6.25828457562083,0.9973314650826041 < ent <= 2.005709603206336,0.07611630533561732
age,0.0,0.01600242903742478,0.0,918.0,age <= -0.000177132590621909,0.018980879308487488
