feature,value,importance,min,max,rule,importance_ratio
la,1509,0.37444916569210684,0.0,8851.0,la > 127.55870158356693,0.4491669167377524
ent,4.26890247256123,0.33176242616463725,0.0,6.25828457562083,ent > 3.1894578523081085,0.3979624464495035
ndev,2.40384615384615,0.05346039375634815,0.0,57.5,1.0370110554233651 < ndev <= 2.9471755332787235,0.06412790421562757
arexp,327.33333333333303,-0.02822221339569627,0.0,2480.61666666637,26.57366470205011 < arexp <= 346.65992743262416,0.03385368625679648
ld,361,-0.014696468919258581,0.0,9293.0,49.90409840300467 < ld <= 956.0803284937488,0.017629008784662205
