feature,value,importance,min,max,rule,importance_ratio
la,651,0.3762701517500614,0.0,8851.0,la > 127.55870158356693,0.437356424904318
ent,4.87259254895936,0.3295235851187121,0.0,6.25828457562083,ent > 3.1894578523081085,0.38302070052291926
nuc,55.90196078431371,-0.0663278324202892,0.0,2540.0,47.171255295131715 < nuc <= 98.92887678384466,0.07709594695212404
ndev,0.96078431372549,0.03417434428073949,0.0,57.5,0.8166074618246695 < ndev <= 0.9635431908904666,0.03972244135910552
arexp,4.0,-0.016660645720551984,0.0,2480.61666666637,arexp <= 26.57366470205011,0.019365449039864886
