feature,value,importance,min,max,rule,importance_ratio
la,494,0.3757047359923937,0.0,8851.0,la > 127.55870158356693,0.4157236982304221
ent,4.133586301832509,0.3317530484825175,0.0,6.25828457562083,ent > 3.1894578523081085,0.3670904063800806
nuc,43.4444444444444,-0.07901624219013341,0.0,2540.0,16.979309426715872 < nuc <= 47.171255295131715,0.08743281964967833
ndev,1.59259259259259,0.05343290381073623,0.0,57.5,1.0370110554233651 < ndev <= 2.9471755332787235,0.05912441939470095
arexp,135.0,-0.02940087278934464,0.0,2480.61666666637,26.57366470205011 < arexp <= 346.65992743262416,0.032532567189773175
