feature,value,importance,min,max,rule,importance_ratio
nuc,1199.6,0.26375578503831343,0.0,2540.0,nuc > 651.0101726634492,0.4776162060945049
ndev,28.4,-0.1089083510477978,0.0,57.5,ndev > 3.975725636739302,0.19721422766860536
la,17,-0.07131112177586939,0.0,8851.0,16.957246213802605 < la <= 33.715042481948714,0.1291321342202465
ent,1.66678995634227,0.058960185144908,0.0,6.25828457562083,0.9973314650826041 < ent <= 2.005709603206336,0.10676671958285179
arexp,221.5,-0.0291486927890886,0.0,2480.61666666637,26.57366470205011 < arexp <= 346.65992743262416,0.052783251978781975
