feature,value,importance,min,max,rule,importance_ratio
la,291,0.3795266759055747,0.0,8851.0,la > 127.55870158356693,0.4831281363324187
ent,2.68493230979277,0.20655205379357472,0.0,6.25828457562083,2.005709603206336 < ent <= 3.1894578523081085,0.26293569105996395
ndev,14.3,-0.1098078744749632,0.0,57.5,ndev > 3.975725636739302,0.13978272705898587
age,202.7,-0.05004780822963653,0.0,918.0,152.17610991761703 < age <= 385.89098057352334,0.06370963058080899
arexp,38.5,-0.025367068264119143,0.0,2480.61666666637,26.57366470205011 < arexp <= 346.65992743262416,0.032291654823520956
