feature,value,importance,min,max,rule,importance_ratio
la,823,0.3813711896020543,0.0,8851.0,la > 127.55870158356693,0.478683581183107
ent,2.6599690615317897,0.20673999889660746,0.0,6.25828457562083,2.005709603206336 < ent <= 3.1894578523081085,0.25949270879345565
ndev,11.2142857142857,-0.11059222364734819,0.0,57.5,ndev > 3.975725636739302,0.13881143387300737
age,159.5,-0.05333593153847352,0.0,918.0,152.17610991761703 < age <= 385.89098057352334,0.06694536821518728
arexp,2.0,-0.017471244108735243,0.0,2480.61666666637,arexp <= 26.57366470205011,0.02192928549851999
