feature,value,importance,min,max,rule,importance_ratio
la,244,0.3799712273140246,0.0,8851.0,la > 127.55870158356693,0.49605126351532997
ent,2.06055216278377,0.20630962931730265,0.0,6.25828457562083,2.005709603206336 < ent <= 3.1894578523081085,0.2693365837767738
ndev,12.4285714285714,-0.11045888693148193,0.0,57.5,ndev > 3.975725636739302,0.14420373567805717
arexp,241.666666666667,-0.02722336653412595,0.0,2480.61666666637,26.57366470205011 < arexp <= 346.65992743262416,0.035540020916461884
ld,91,-0.015155245150675834,0.0,9293.0,49.90409840300467 < ld <= 956.0803284937488,0.019785125729176088
