feature,value,importance,min,max,rule,importance_ratio
la,3091,0.37568863567014715,0.0,8851.0,la > 127.55870158356693,0.3576004964495959
ent,4.84364481706719,0.3315537585815493,0.0,6.25828457562083,ent > 3.1894578523081085,0.3155905646626744
ld,1280,-0.2448658630097612,0.0,9293.0,ld > 956.0803284937488,0.233076398543847
ndev,2.49333333333333,0.054285283397088026,0.0,57.5,1.0370110554233651 < ndev <= 2.9471755332787235,0.0516716303065119
arexp,24.0,-0.016871008402155316,0.0,2480.61666666637,arexp <= 26.57366470205011,0.01605872631588745
