feature,value,importance,min,max,rule,importance_ratio
la,597,0.37769287875259583,0.0,8851.0,la > 127.55870158356693,0.43028379239419695
ent,3.97209293171559,0.32391562863096307,0.0,6.25828457562083,ent > 3.1894578523081085,0.3690184616755187
ndev,5.7741935483871,-0.10493070675243646,0.0,57.5,ndev > 3.975725636739302,0.1195415242912663
arexp,287.266666666666,-0.026396667343829637,0.0,2480.61666666637,26.57366470205011 < arexp <= 346.65992743262416,0.030072206203048533
ld,214,-0.014512543035973529,0.0,9293.0,49.90409840300467 < ld <= 956.0803284937488,0.01653330630809455
