feature,value,importance,min,max,rule,importance_ratio
la,859,0.3804283019996914,0.0,8851.0,la > 127.55870158356693,0.615437274527077
ndev,16.9090909090909,-0.10859216024827342,0.0,57.5,ndev > 3.975725636739302,0.1756747928240607
ent,1.94564358006623,0.06546374952443006,0.0,6.25828457562083,0.9973314650826041 < ent <= 2.005709603206336,0.10590387564716766
ld,3,0.02225287691540857,0.0,9293.0,0.42007218644526745 < ld <= 3.5128238249802237,0.03599955588797562
arexp,7.5,-0.018191655329306073,0.0,2480.61666666637,arexp <= 26.57366470205011,0.029429521190074828
