feature,value,importance,min,max,rule,importance_ratio
la,512,0.37993043044922076,0.0,8851.0,la > 127.55870158356693,0.496516440014181
ent,2.0969333217933,0.20651693474726657,0.0,6.25828457562083,2.005709603206336 < ent <= 3.1894578523081085,0.2698890244777549
ndev,17.8461538461538,-0.110542717772749,0.0,57.5,ndev > 3.975725636739302,0.14446401840758435
arexp,206.5,-0.026798163342077987,0.0,2480.61666666637,26.57366470205011 < arexp <= 346.65992743262416,0.035021487080660295
ld,5,0.014201310180446186,0.0,9293.0,3.5128238249802237 < ld <= 6.605575463515187,0.01855914506767761
