feature,value,importance,min,max,rule,importance_ratio
la,1156,0.3761058409408847,0.0,8851.0,la > 127.55870158356693,0.47754904845872437
ent,4.945617696588831,0.3302892958799861,0.0,6.25828457562083,ent > 3.1894578523081085,0.4193748721610014
ndev,3.68253968253968,0.021949585576717168,0.0,57.5,3.020643397811622 < ndev <= 3.975725636739302,0.02786982430265463
arexp,21.1666666666667,-0.017432020630542343,0.0,2480.61666666637,arexp <= 26.57366470205011,0.022133782458690382
ld,190,-0.012709886860804015,0.0,9293.0,49.90409840300467 < ld <= 956.0803284937488,0.016137995520651868
