feature,value,importance,min,max,rule,importance_ratio
la,158,0.3769800960745764,0.0,8851.0,la > 127.55870158356693,0.4095717319853549
ent,3.83544454870254,0.323103618965382,0.0,6.25828457562083,ent > 3.1894578523081085,0.3510373895289383
ndev,9.6,-0.10479067615956873,0.0,57.5,ndev > 3.975725636739302,0.11385030450546774
age,174.8,-0.058937535504358124,0.0,918.0,152.17610991761703 < age <= 385.89098057352334,0.06403295226147154
arexp,206.0,-0.025290427806423654,0.0,2480.61666666637,26.57366470205011 < arexp <= 346.65992743262416,0.02747689978114491
