feature,value,importance,min,max,rule,importance_ratio
la,832,0.38048402476019766,0.0,8851.0,la > 127.55870158356693,0.49639868567672035
ent,2.88223397562311,0.20679777036343125,0.0,6.25828457562083,2.005709603206336 < ent <= 3.1894578523081085,0.269798821314461
ndev,27.3636363636364,-0.1102899266740198,0.0,57.5,ndev > 3.975725636739302,0.14388981161264366
arexp,195.35,-0.026959998399979243,0.0,2480.61666666637,26.57366470205011 < arexp <= 346.65992743262416,0.03517337628046496
ld,263,-0.014751343605944186,0.0,9293.0,49.90409840300467 < ld <= 956.0803284937488,0.019245348297005284
