feature,value,importance,min,max,rule,importance_ratio
la,189,0.20802214014155435,0.0,8960.0,143.122304060467 < la <= 476.1618029404084,0.6417113534574386
age,330.352941176471,0.05319382766372215,0.0,1848.0,69.01912192572016 < age <= 536.7965087044349,0.16409351005830788
asexp,53.0,-0.028555690563817748,0.0,1051.0,0.4721763844552811 < asexp <= 271.98033519339464,0.08808923332944214
ld,201,0.012844165985053634,0.0,6029.0,41.046938775510206 < ld <= 2168.054608676072,0.03962197068394787
ns,1,0.010907031953734738,1.0,22.0,ns <= 1.5032147725771707,0.033646256270952093
