feature,value,importance,min,max,rule,importance_ratio
la,742,0.4617684650428364,0.0,8960.0,la > 476.1618029404084,0.8841133267516156
asexp,8.0,-0.028902161953747542,0.0,1051.0,0.4721763844552811 < asexp <= 271.98033519339464,0.05533679428037877
age,16.25,-0.016010289200144193,0.0,1848.0,5.089545732629134 < age <= 69.01912192572016,0.030653695777345582
ns,1,0.006724936234713059,1.0,22.0,ns <= 1.5032147725771707,0.012875729281585082
ld,3,-0.0033220595449427745,0.0,6029.0,3.326605713234237 < ld <= 7.517753831264898,0.006360497388391072
