feature,value,importance,min,max,rule,importance_ratio
la,1929,0.46277643855289463,0.0,8960.0,la > 476.1618029404084,0.8093324657632778
age,190.85714285714292,0.04671724714164914,0.0,1848.0,69.01912192572016 < age <= 536.7965087044349,0.08170205237988092
asexp,1.0,-0.03047563352596126,0.0,1051.0,0.4721763844552811 < asexp <= 271.98033519339464,0.053297699650378984
ld,329,0.016861495593476543,0.0,6029.0,41.046938775510206 < ld <= 2168.054608676072,0.02948844121753021
ns,1,0.008783863003845286,1.0,22.0,ns <= 1.5032147725771707,0.015361770633913512
