feature,value,importance,min,max,rule,importance_ratio
la,1919,0.46053186233510324,0.0,8960.0,la > 476.1618029404084,0.8097783734697558
age,203.93023255814,0.04726337960675831,0.0,1848.0,69.01912192572016 < age <= 536.7965087044349,0.08310578657594674
asexp,1.01648000075358,-0.029819193809744265,0.0,1051.0,0.4721763844552811 < asexp <= 271.98033519339464,0.052432720157511596
ld,326,0.01627593339353156,0.0,6029.0,41.046938775510206 < ld <= 2168.054608676072,0.028618864291578148
ns,5,-0.01149247350020287,1.0,22.0,1.5032147725771707 < ns <= 5.499821160683655,0.02020784501413463
