feature,value,importance,min,max,rule,importance_ratio
la,700.0,0.40070580848371073,0.0,8960.0,la > 476.1618029404084,0.5914731743512505
nd,6.0,0.0941031383024467,1.0,32.0,3.5021749794480725 < nd <= 9.505482373642016,0.13890360646076216
age,96.5,0.04868627328142653,0.0,1848.0,69.01912192572016 < age <= 536.7965087044349,0.0718647546290022
nuc,9.625,-0.047775059435005096,0.0,258.0,2.691750895275984 < nuc <= 12.62508428119034,0.07051973158505097
ns,4.0,0.03668438497274848,1.0,22.0,1.5032147725771707 < ns <= 5.499821160683655,0.0541490269658442
