commit_id,label,pred,score_or_proba,feature,value_actual,min,max,operator,threshold
,True,True,0.6878549034319902,ent,2.15717982734268,0.0,6.569855608330951,<,1.6550000309944153
,True,True,0.6878549034319902,age,2.5,0.0,2414.0,<,86.1349983215332
,True,True,0.6878549034319902,la,601.0,0.0,9153.0,<,73.0
,True,True,0.6878549034319902,ld,409.0,0.0,8832.0,>,66.5
