commit_id,label,pred,score_or_proba,feature,value_actual,min,max,operator,threshold
,True,True,0.7181351694394507,ent,2.3151777997961096,0.0,6.569855608330951,<,1.6050000190734863
,True,True,0.7181351694394507,ld,329.0,0.0,8832.0,>,67.76499938964844
,True,True,0.7181351694394507,la,605.0,0.0,9153.0,<,80.60499954223633
