feature,value,importance,min,max,rule,importance_ratio
la,159,0.2572251491477698,0.0,5956.0,105.26016462261896 < la <= 165.96883678608913,0.8600689223553397
nuc,53.5,-0.01782488246031334,0.0,209.0,9.185789996399661 < nuc <= 67.67536906540971,0.05960003327647099
asexp,6.0,-0.010346754523910161,0.0,197.0,1.1438006319502207 < asexp <= 115.31620119105196,0.034595847422922196
aexp,6,-0.00715688531698302,0.0,403.0,2.3611736448098384 < aexp <= 6.128482956425856,0.023930065401428533
ns,1,0.004294632413727592,1.0,9.0,ns <= 1.4964454190361633,0.01435971515314418
