feature,value,importance,min,max,rule,importance_ratio
la,383,0.4628419395203783,0.0,5956.0,165.96883678608913 < la <= 871.1234134540887,0.9257566639964595
nuc,67.5,-0.01376632183073705,0.0,209.0,9.185789996399661 < nuc <= 67.67536906540971,0.027534808506616874
asexp,0.0,0.009579083578954609,0.0,197.0,asexp <= -0.15854614248820553,0.019159673532147238
age,11.0,0.005183266839478474,0.0,829.533333333333,6.825997486629916 < age <= 98.2860137036514,0.010367348781943724
aexp,0,-0.0043753526821416035,0.0,403.0,aexp <= 0.47751898900183676,0.00875139341742611
