feature,value,importance,min,max,rule,importance_ratio
ns,1,0.3748375054557328,1.0,6.0,ns <= 1.4968350645973174,0.3786570817233283
nd,6,0.21869995565401737,1.0,35.0,4.485787579415443 < nd <= 8.51515966943804,0.22092849775074447
la,698,0.13926171815631494,0.0,8385.0,363.9600190460562 < la <= 3755.7865561189433,0.14068078840919082
aexp,5,-0.13474450539126953,0.0,418.0,aexp <= 36.753235045875066,0.13611754546194135
age,56.71428571428571,0.0992660988439733,0.0,536.25,age <= 91.7448502777025,0.10027761564739522
