feature,value,importance,min,max,rule,importance_ratio
ns,1,0.3756041097333767,1.0,6.0,ns <= 1.4968350645973174,0.4341346008520488
nd,5,0.19051137937024143,1.0,35.0,4.485787579415443 < nd <= 8.51515966943804,0.22019881970775862
la,1258,0.13675463531321347,0.0,8385.0,363.9600190460562 < la <= 3755.7865561189433,0.15806514752597695
aexp,93,0.06147695992918951,0.0,418.0,77.34852688871881 < aexp <= 157.78734591064995,0.07105693140418916
age,56.6428571428571,0.05316859700748345,0.0,536.25,age <= 91.7448502777025,0.06145387401669353
