feature,value,importance,min,max,rule,importance_ratio
ns,1,0.32832300298578904,1.0,6.0,ns <= 1.4968350645973174,0.5914594815942669
ld,7,-0.07938511092843689,0.0,6893.0,2.401405894888768 < ld <= 19.414412417987634,0.1430087935631758
la,102,-0.05883980913003286,0.0,8385.0,70.36227779601131 < la <= 363.9600190460562,0.10599733399326021
nuc,356.0,-0.05427184591887553,0.0,593.0,332.72166808732266 < nuc <= 569.9225409414807,0.09776834873105567
age,38.25,-0.01459296647319352,0.0,536.25,age <= 91.7448502777025,0.02628858869669617
