feature,value,importance,min,max,rule,importance_ratio
ns,1,0.38018212444719546,1.0,6.0,ns <= 1.4968350645973174,0.501282196199384
age,222.25,-0.20444458846608185,0.0,536.25,age > 172.46486330358397,0.26956667796092315
aexp,79,0.06367340001743714,0.0,418.0,77.34852688871881 < aexp <= 157.78734591064995,0.08395539860437601
la,117,-0.04460654881732783,0.0,8385.0,70.36227779601131 < la <= 363.9600190460562,0.05881515020870171
nd,4,0.03278756394232044,1.0,35.0,3.497451029032542 < nd <= 4.485787579415443,0.04323144357439914
