feature,value,importance,min,max,rule,importance_ratio
ns,2,-0.2813145230117073,1.0,6.0,1.4968350645973174 < ns <= 2.497149685556895,0.32898334213293756
aexp,551,0.23581193346776003,0.0,418.0,aexp > 173.5744038495336,0.2757703269511794
nd,7,0.18669304429798,1.0,35.0,4.485787579415443 < nd <= 8.51515966943804,0.2183282292310447
age,126.75,-0.08589517980974724,0.0,536.25,98.64853560228445 < age <= 151.75380732983808,0.10045014037808589
la,359,-0.0308073605586603,0.0,8385.0,70.36227779601131 < la <= 363.9600190460562,0.0360276758212754
