feature,value,importance,min,max,rule,importance_ratio
ns,1,0.38709096168171153,1.0,6.0,ns <= 1.4968350645973174,0.4486867627706241
nd,2,-0.21977969547707094,1.0,35.0,1.4827649840212431 < nd <= 2.5091144786496407,0.25475211215963545
age,7.0,0.10419785853460575,0.0,536.25,age <= 91.7448502777025,0.12077832980240455
aexp,131,0.0674915201263705,0.0,418.0,77.34852688871881 < aexp <= 157.78734591064995,0.0782310998645059
la,5,-0.05942102447109759,0.0,8385.0,0.8259706578427313 < la <= 8.552227006528142,0.06887638759277818
