feature,value,importance,min,max,rule,importance_ratio
ns,1,0.3821909854710753,1.0,6.0,ns <= 1.4968350645973174,0.38415176633469683
nd,2,-0.22699527678445378,1.0,35.0,1.4827649840212431 < nd <= 2.5091144786496407,0.2281598463629404
aexp,579,0.21560894101833608,0.0,418.0,aexp > 173.5744038495336,0.21671509449041074
age,71.0,0.11017371978347316,0.0,536.25,age <= 91.7448502777025,0.11073895164303461
la,48,-0.04800584851408556,0.0,8385.0,39.45725240126967 < la <= 70.36227779601131,0.04825213624112945
