feature,value,importance,min,max,rule,importance_ratio
ns,1,0.3903738110196772,1.0,6.0,ns <= 1.4968350645973174,0.5024562101047446
la,2742,0.1254400802054687,0.0,8385.0,363.9600190460562 < la <= 3755.7865561189433,0.1614558802770148
aexp,0,-0.10639360183767888,0.0,418.0,aexp <= 36.753235045875066,0.13694086142489387
age,2.82352941176471,0.09131492018255287,0.0,536.25,age <= 91.7448502777025,0.1175328554984188
nd,4,0.028511841853701616,1.0,35.0,3.497451029032542 < nd <= 4.485787579415443,0.03669803556620922
