feature,value,importance,min,max,rule,importance_ratio
ns,1,0.3593777286748907,1.0,6.0,ns <= 1.4968350645973174,0.5847889592484784
aexp,13,-0.10280984505000318,0.0,418.0,aexp <= 36.753235045875066,0.16729490307864295
age,48.1666666666667,0.09522604682887831,0.0,536.25,age <= 91.7448502777025,0.15495434573460648
nd,4,0.02634593044079695,1.0,35.0,3.497451029032542 < nd <= 4.485787579415443,0.042870795860708855
ld,64,0.01836616584772179,0.0,6893.0,56.843026768805146 < ld <= 5592.8753493851755,0.029885911547931118
