feature,value,importance,min,max,rule,importance_ratio
ns,1,0.3609137690302076,1.0,6.0,ns <= 1.4968350645973174,0.4547511784727414
nd,2,-0.2036782781202082,1.0,35.0,1.4827649840212431 < nd <= 2.5091144786496407,0.2566345342083946
aexp,138,0.06294561926663272,0.0,418.0,77.34852688871881 < aexp <= 157.78734591064995,0.07931145053876267
la,24,-0.05605177373033291,0.0,8385.0,8.552227006528142 < la <= 31.73099605258426,0.07062520841986197
nuc,547.0,-0.054323949899595096,0.0,593.0,332.72166808732266 < nuc <= 569.9225409414807,0.06844815120940252
