feature,value,importance,min,max,rule,importance_ratio
ns,1,0.37636589968487544,1.0,6.0,ns <= 1.4968350645973174,0.5255289765327263
aexp,9,-0.10688582721771253,0.0,418.0,aexp <= 36.753235045875066,0.14924731340062897
age,6.5,0.09460679696193391,0.0,536.25,age <= 91.7448502777025,0.1321018009922607
nd,3,-0.06921694750532374,1.0,35.0,2.5091144786496407 < nd <= 3.497451029032542,0.09664932878257251
la,177,-0.03644521564156522,0.0,8385.0,70.36227779601131 < la <= 363.9600190460562,0.05088935233415876
