feature,value,importance,min,max,rule,importance_ratio
ns,1,0.37932454418072614,1.0,6.0,ns <= 1.4968350645973174,0.4100429520591966
aexp,301,0.219343465079328,0.0,418.0,aexp > 173.5744038495336,0.2371063072922844
nd,1,-0.20725618334378856,1.0,35.0,nd <= 1.4827649840212431,0.22404017497565157
age,124.5,-0.05438877369675029,0.0,536.25,98.64853560228445 < age <= 151.75380732983808,0.05879327786094852
la,165,-0.03607440686855118,0.0,8385.0,70.36227779601131 < la <= 363.9600190460562,0.03899577950621019
