feature,value,importance,min,max,rule,importance_ratio
ns,2,-0.2832054648624977,1.0,6.0,1.4968350645973174 < ns <= 2.497149685556895,0.3233980654738596
nd,8,0.2007923832710031,1.0,35.0,4.485787579415443 < nd <= 8.51515966943804,0.22928889576073655
la,1272,0.14817988588813338,0.0,8385.0,363.9600190460562 < la <= 3755.7865561189433,0.16920961769444073
age,78.5789473684211,0.13440536050759522,0.0,536.25,age <= 91.7448502777025,0.15348020773037294
aexp,99,0.0668930822496831,0.0,418.0,77.34852688871881 < aexp <= 157.78734591064995,0.07638656762373784
