feature,value,importance,min,max,rule,importance_ratio
ns,1,0.39011265156902747,1.0,6.0,ns <= 1.4968350645973174,0.3656111627916401
aexp,348,0.2305036127386235,0.0,418.0,aexp > 173.5744038495336,0.21602655935943227
age,629.142857142857,-0.1821114336980126,0.0,536.25,age > 172.46486330358397,0.17067370864336576
nd,5,0.173384315229244,1.0,35.0,4.485787579415443 < nd <= 8.51515966943804,0.16249470722325335
la,302,-0.03886541035867483,0.0,8385.0,70.36227779601131 < la <= 363.9600190460562,0.036424422064904684
