feature,value,importance,min,max,rule,importance_ratio
ns,1,0.3696161719784122,1.0,6.0,ns <= 1.4968350645973174,0.5061491879963916
nd,1,-0.21103108479305693,1.0,35.0,nd <= 1.4827649840212431,0.2889841416793905
aexp,155,0.06973145791520881,0.0,418.0,77.34852688871881 < aexp <= 157.78734591064995,0.09548965515407401
la,78,-0.031117300444738028,0.0,8385.0,70.36227779601131 < la <= 363.9600190460562,0.042611762002837374
age,124.666666666667,-0.027703885165504757,0.0,536.25,98.64853560228445 < age <= 151.75380732983808,0.037937460652247915
