feature,value,importance,min,max,rule,importance_ratio
ns,2,-0.22412606169542412,1.0,7.0,1.4973267047410423 < ns <= 2.502438908657955,0.4422587063924981
la,1125,0.12421400542402615,0.0,9176.0,la > 135.835850879889,0.2451063697773534
aexp,201,0.07815272841057012,0.0,726.0,185.59410590604568 < aexp <= 289.08422191465564,0.15421555309740512
nuc,174.92857142857102,0.04344879592779898,0.0,2086.0,113.47699669467761 < nuc <= 1752.541484763698,0.08573571558783309
ld,232,0.022153674539196543,0.0,8304.0,29.490716012837936 < ld <= 4621.051880819136,0.04371493154089326
