feature,value,importance,min,max,rule,importance_ratio
ns,1,0.24450812259404459,1.0,7.0,ns <= 1.4973267047410423,0.3221702964255146
ld,0,-0.15798731769241697,0.0,8304.0,ld <= 1.9137720800673748,0.20816822129441048
la,1084,0.11756090053237876,0.0,9176.0,la > 135.835850879889,0.15490131685911282
aexp,263,0.0828241954270073,0.0,726.0,185.59410590604568 < aexp <= 289.08422191465564,0.10913132581785899
age,0.25,-0.06494140067228801,0.0,511.03030303030295,age <= 0.8968766560903667,0.08556848779873105
