feature,value,importance,min,max,rule,importance_ratio
ns,1,0.24811780893007582,1.0,7.0,ns <= 1.4973267047410423,0.5541778240329823
nuc,770.4,0.051050394872681995,0.0,2086.0,113.47699669467761 < nuc <= 1752.541484763698,0.11402243502214848
ld,23,0.045637211988225755,0.0,8304.0,15.702244046452648 < ld <= 29.490716012837936,0.10193194492417265
aexp,195,0.04236084434507967,0.0,726.0,185.59410590604568 < aexp <= 289.08422191465564,0.09461408934967633
nd,4,0.033427983079683365,1.0,40.0,3.5069244908215746 < nd <= 5.487575744339811,0.07466230257631759
