feature,value,importance,min,max,rule,importance_ratio
ns,1,0.23640687347373462,1.0,7.0,ns <= 1.4973267047410423,0.5038230490685489
la,286,0.09687480640805499,0.0,9176.0,la > 135.835850879889,0.20645660435018748
aexp,4,-0.04514051530992841,0.0,726.0,aexp <= 6.308411975636886,0.09620207621628407
ld,66,0.03387530138429432,0.0,8304.0,29.490716012837936 < ld <= 4621.051880819136,0.07219399918779182
age,104.0,0.029421040232198707,0.0,511.03030303030295,84.25039107908812 < age <= 379.6012832253171,0.06270121498054358
