feature,value,importance,min,max,rule,importance_ratio
ns,1,0.18288434980268897,1.0,7.0,ns <= 1.4973267047410423,0.337097949974743
la,388,0.12806316086993413,0.0,9176.0,la > 135.835850879889,0.2360498809390512
nd,4,0.08178740265949003,1.0,40.0,3.5069244908215746 < nd <= 5.487575744339811,0.1507530075701839
nuc,347.166666666667,0.060445919789536534,0.0,2086.0,113.47699669467761 < nuc <= 1752.541484763698,0.11141574261206094
age,88.1666666666667,0.04976312674876178,0.0,511.03030303030295,84.25039107908812 < age <= 379.6012832253171,0.09172489624967488
