feature,value,importance,min,max,rule,importance_ratio
ns,1,0.26405821048357625,1.0,7.0,ns <= 1.4973267047410423,0.46231759158716795
aexp,213,0.08581928365581641,0.0,726.0,185.59410590604568 < aexp <= 289.08422191465564,0.15025385674936542
la,24,-0.0759908264488184,0.0,9176.0,12.190541219577483 < la <= 24.555072185608623,0.13304602724603143
ld,3,0.04972725188313034,0.0,8304.0,1.9137720800673748 < ld <= 15.702244046452648,0.08706331564072758
nd,4,0.046571683273239975,1.0,40.0,3.5069244908215746 < nd <= 5.487575744339811,0.08153849262105739
