feature,value,importance,min,max,rule,importance_ratio
ns,2,-0.24416540996969022,1.0,7.0,1.4973267047410423 < ns <= 2.502438908657955,0.4661991289693901
la,253,0.12408800098291947,0.0,9176.0,la > 135.835850879889,0.2369283920313329
nd,7,0.05301372552902852,1.0,40.0,5.487575744339811 < nd <= 12.487685654034399,0.10122217011870534
age,59.5,0.02903214519444884,0.0,511.03030303030295,9.569496653858916 < age <= 84.25039107908812,0.05543275275332844
aexp,116,-0.026868810092097458,0.0,726.0,54.40945181062462 < aexp <= 149.15392421287316,0.051302172010911584
