feature,value,importance,min,max,rule,importance_ratio
ns,1,0.2618348790846165,1.0,7.0,ns <= 1.4973267047410423,0.500531267613268
la,666,0.11466788069989337,0.0,9176.0,la > 135.835850879889,0.21920249846735074
aexp,20,-0.06359421586299202,0.0,726.0,6.308411975636886 < aexp <= 54.40945181062462,0.12156857631060101
nd,5,0.048167729836670226,1.0,40.0,3.5069244908215746 < nd <= 5.487575744339811,0.09207885121145601
age,51.2,0.013218380056279623,0.0,511.03030303030295,9.569496653858916 < age <= 84.25039107908812,0.02526864468360396
