feature,value,importance,min,max,rule,importance_ratio
ns,1,0.26009497011921884,1.0,7.0,ns <= 1.4973267047410423,0.41916854445246954
la,209,0.12022570151568289,0.0,9176.0,la > 135.835850879889,0.19375550510264214
nuc,1.0,-0.08576393733719996,0.0,2086.0,1.5729955012103574 < nuc <= 1.5729955012103574,0.13821699344538976
aexp,24,-0.04999726770784042,0.0,726.0,6.308411975636886 < aexp <= 54.40945181062462,0.08057549871914021
age,98.6666666666667,0.03773315835287457,0.0,511.03030303030295,84.25039107908812 < age <= 379.6012832253171,0.060810684101730995
