feature,value,importance,min,max,rule,importance_ratio
ns,2,-0.2563565760666446,1.0,7.0,1.4973267047410423 < ns <= 2.502438908657955,0.6415870833182657
nd,2,-0.04089566673885555,1.0,40.0,1.4991410283510338 < nd <= 2.5030327595863042,0.102350140362762
ld,11,0.03229448674933433,0.0,8304.0,1.9137720800673748 < ld <= 15.702244046452648,0.08082385043003273
aexp,68,-0.02581061846990351,0.0,726.0,54.40945181062462 < aexp <= 149.15392421287316,0.06459658525959146
age,94.0,0.022880349489037513,0.0,511.03030303030295,84.25039107908812 < age <= 379.6012832253171,0.057262961298710294
