feature,value,importance,min,max,rule,importance_ratio
ns,1,0.2519538772301902,1.0,7.0,ns <= 1.4973267047410423,0.5190937345914445
aexp,308,0.08511966908754576,0.0,726.0,289.08422191465564 < aexp <= 315.32115273373984,0.17536974385781595
ld,27,0.04092456117945319,0.0,8304.0,15.702244046452648 < ld <= 29.490716012837936,0.08431576260185805
age,337.58333333333303,0.03391850884811104,0.0,511.03030303030295,84.25039107908812 < age <= 379.6012832253171,0.06988138314558623
nuc,11.416666666666698,-0.02727308847997413,0.0,2086.0,1.5729955012103574 < nuc <= 11.446877959457481,0.05619000393464192
