feature,value,importance,min,max,rule,importance_ratio
ns,1,0.285754732911498,1.0,7.0,ns <= 1.4973267047410423,0.4566782844820514
la,1165,0.1462860269269377,0.0,9176.0,la > 135.835850879889,0.2337866853158288
age,127.421052631579,0.06271831207788746,0.0,511.03030303030295,84.25039107908812 < age <= 379.6012832253171,0.10023312955663416
nd,7,0.053760551371865806,1.0,40.0,5.487575744339811 < nd <= 12.487685654034399,0.0859173044070515
aexp,25,-0.04244051736473766,0.0,726.0,6.308411975636886 < aexp <= 54.40945181062462,0.06782621748792474
