feature,value,importance,min,max,rule,importance_ratio
ns,1,0.21673685230414325,1.0,7.0,ns <= 1.4973267047410423,0.4915291954958114
la,871,0.15466624565083903,0.0,9176.0,la > 135.835850879889,0.35076164707067287
age,69.8125,0.03031854727154944,0.0,511.03030303030295,9.569496653858916 < age <= 84.25039107908812,0.06875827064275189
nuc,23.6875,-0.023709883097789663,0.0,2086.0,11.446877959457481 < nuc <= 113.47699669467761,0.05377073460494058
aexp,491,0.013634018472930366,0.0,726.0,aexp > 398.4047669941732,0.030920067631001507
