feature,value,importance,min,max,rule,importance_ratio
ns,2,-0.23640612949325746,1.0,7.0,1.4973267047410423 < ns <= 2.502438908657955,0.42477695560866946
la,1684,0.12969235701595866,0.0,9176.0,la > 135.835850879889,0.23303255586916927
aexp,409,0.07801947776030611,0.0,726.0,aexp > 398.4047669941732,0.14018619700021923
nd,8,0.05203878315188965,1.0,40.0,5.487575744339811 < nd <= 12.487685654034399,0.09350381873863325
age,45.22222222222221,0.031158994952437853,0.0,511.03030303030295,9.569496653858916 < age <= 84.25039107908812,0.055986801374792367
