feature,value,importance,min,max,rule,importance_ratio
ns,2,-0.2534825996073919,1.0,7.0,1.4973267047410423 < ns <= 2.502438908657955,0.45268864937705583
la,519,0.1369736003669439,0.0,9176.0,la > 135.835850879889,0.2446179510801271
aexp,0,-0.07758580518846793,0.0,726.0,aexp <= 6.308411975636886,0.13855867588543822
nd,5,0.03506616808608628,1.0,40.0,3.5069244908215746 < nd <= 5.487575744339811,0.06262384989859598
ld,46,0.0235985668481446,0.0,8304.0,29.490716012837936 < ld <= 4621.051880819136,0.042144128907731226
