feature,value,importance,min,max,rule,importance_ratio
ns,1,0.3042231285757321,1.0,7.0,ns <= 1.4973267047410423,0.5412498709024005
ld,30,0.05946441687938283,0.0,8304.0,29.490716012837936 < ld <= 4621.051880819136,0.1057944151384284
age,134.8,0.04823415451460252,0.0,511.03030303030295,84.25039107908812 < age <= 379.6012832253171,0.08581441531529102
aexp,14,-0.04011319071388859,0.0,726.0,6.308411975636886 < aexp <= 54.40945181062462,0.07136623502959885
nuc,9.6,-0.03962458462594589,0.0,2086.0,1.5729955012103574 < nuc <= 11.446877959457481,0.07049694549445006
