feature,value,importance,min,max,rule,importance_ratio
ns,1,0.25982023498244206,1.0,7.0,ns <= 1.4973267047410423,0.46724078964771776
la,376,0.12493595671659768,0.0,9176.0,la > 135.835850879889,0.2246752454657776
ld,201,0.06942357574349839,0.0,8304.0,29.490716012837936 < ld <= 4621.051880819136,0.12484603577066417
aexp,23,-0.052409462149850414,0.0,726.0,6.308411975636886 < aexp <= 54.40945181062462,0.09424915839046602
nd,9,0.03998043788837306,1.0,40.0,5.487575744339811 < nd <= 12.487685654034399,0.07189775411713926
