feature,value,importance,min,max,rule,importance_ratio
ns,2,-0.24090783413899935,1.0,7.0,1.4973267047410423 < ns <= 2.502438908657955,0.3697688117012082
la,174,0.1426639378367199,0.0,9176.0,la > 135.835850879889,0.2189745092974504
nuc,5.0,-0.11119198473264619,0.0,2086.0,1.5729955012103574 < nuc <= 11.446877959457481,0.1706682898554751
aexp,30,-0.052722331575762386,0.0,726.0,6.308411975636886 < aexp <= 54.40945181062462,0.08092337041077066
nd,4,0.04616058263040339,1.0,40.0,3.5069244908215746 < nd <= 5.487575744339811,0.07085175892134477
