feature,value,importance,min,max,rule,importance_ratio
ns,1,0.27665745573386896,1.0,7.0,ns <= 1.4973267047410423,0.5468687532187161
la,602,0.12616889258679925,0.0,9176.0,la > 135.835850879889,0.24939803194858257
nuc,236.75,0.037146899199350866,0.0,2086.0,113.47699669467761 < nuc <= 1752.541484763698,0.07342827033959234
ld,65,0.03493085803197621,0.0,8304.0,29.490716012837936 < ld <= 4621.051880819136,0.06904782208068368
nd,3,-0.016474847247868473,1.0,40.0,2.5030327595863042 < nd <= 3.5069244908215746,0.032565828200839836
