feature,value,importance,min,max,rule,importance_ratio
ns,2,-0.24216966510399213,1.0,7.0,1.4973267047410423 < ns <= 2.502438908657955,0.4175015519927493
la,145,0.13372125453047046,0.0,9176.0,la > 135.835850879889,0.23053602224256675
aexp,227,0.0918033274721699,0.0,726.0,185.59410590604568 < aexp <= 289.08422191465564,0.15826933435808638
nd,4,0.042940214186333384,1.0,40.0,3.5069244908215746 < nd <= 5.487575744339811,0.07402911532291549
age,33.8571428571429,0.025120810624995518,0.0,511.03030303030295,9.569496653858916 < age <= 84.25039107908812,0.04330838636931609
