feature,value,importance,min,max,rule,importance_ratio
ns,1,0.2627779159050888,1.0,7.0,ns <= 1.4973267047410423,0.44746826488086144
la,670,0.11925530982376559,0.0,9176.0,la > 135.835850879889,0.2030724932910412
nuc,6.428571428571429,-0.05103461880836329,0.0,2086.0,1.5729955012103574 < nuc <= 11.446877959457481,0.08690369679042066
aexp,8,-0.05093090885593731,0.0,726.0,6.308411975636886 < aexp <= 54.40945181062462,0.08672709552504002
nd,2,-0.042769915056413865,1.0,40.0,1.4991410283510338 < nd <= 2.5030327595863042,0.0728302437953262
