feature,value,importance,min,max,rule,importance_ratio
ns,1,0.26874910589120427,1.0,7.0,ns <= 1.4973267047410423,0.4069322832974584
la,9,-0.12808757618657768,0.0,9176.0,6.00827573656187 < la <= 12.190541219577483,0.19394657953110278
aexp,258,0.09138524914618909,0.0,726.0,185.59410590604568 < aexp <= 289.08422191465564,0.13837295559160007
nuc,9.5,-0.09076110811664155,0.0,2086.0,1.5729955012103574 < nuc <= 11.446877959457481,0.13742789892467214
nd,1,-0.05846829269847446,1.0,40.0,nd <= 1.4991410283510338,0.08853103257551348
