feature,value,importance,min,max,rule,importance_ratio
la,387.0,0.249309378398301,0.0,9389.0,la > 259.02565808320827,0.6345400457064181
ld,219.0,-0.056716061086520886,0.0,9950.0,24.882467942900547 < ld <= 1866.9949643956745,0.1443532217894865
asexp,0.757164004342913,-0.030661937639466865,0.0,2327.0,-0.8058376987231384 < asexp <= -0.8058376987231384,0.0780404950515381
age,36.3333333333333,0.027294677276691673,0.0,1019.0,21.355116215938807 < age <= 151.08747456179282,0.06947017347668256
ndev,6.888888888888888,0.015008335762998197,0.0,67.0,3.000808789151475 < ndev <= 10.846402884905007,0.03819908469634629
