feature,value,importance,min,max,rule,importance_ratio
la,63,0.08292486036675795,0.0,9389.0,36.80319513184074 < la <= 77.73891199130318,0.4066780349884691
asexp,1.01608276309048,-0.03452042291098676,0.0,2327.0,-0.8058376987231384 < asexp <= 3.0562456227978316,0.16929419831786308
nd,1,-0.034125818926229914,1.0,33.0,nd <= 1.5105962363484104,0.16735899128332868
ld,57,-0.017168342214455925,0.0,9950.0,24.882467942900547 < ld <= 1866.9949643956745,0.08419655631501533
age,36.0,0.01432203475909181,0.0,1019.0,21.355116215938807 < age <= 151.08747456179282,0.07023776617896914
