feature,value,importance,min,max,rule,importance_ratio
la,383.0,0.25292336225983814,0.0,9389.0,la > 259.02565808320827,0.6165077639500325
ndev,2.5,0.03831278562454862,0.0,67.0,2.0201095271822833 < ndev <= 3.000808789151475,0.09338848568611677
nd,4.0,0.0333915285583244,1.0,33.0,3.4887902283506924 < nd <= 4.503916092667653,0.08139278405297046
nuc,8.08333333333333,-0.028025222648872996,0.0,1520.0,0.2747795602155918 < nuc <= 7.886143186937701,0.06831226342669114
age,72.75,0.027957895809028712,0.0,1019.0,21.355116215938807 < age <= 151.08747456179282,0.06814815237298952
