feature,value,importance,min,max,rule,importance_ratio
la,317.0,0.25592580506243706,0.0,9389.0,la > 259.02565808320827,0.5648296286610255
nd,23.0,0.09170475517455938,1.0,33.0,4.503916092667653 < nd <= 23.50498996321589,0.20239288804448544
ld,281.0,-0.04146345782201327,0.0,9950.0,24.882467942900547 < ld <= 1866.9949643956745,0.09151007448778457
age,91.4150943396226,0.023058612774332875,0.0,1019.0,21.355116215938807 < age <= 151.08747456179282,0.05089048244895572
aexp,28.0,-0.015825424762613536,0.0,4144.0,aexp <= 82.00568065157063,0.03492679759233061
