feature,value,importance,min,max,rule,importance_ratio
la,335.0,0.2604301747505438,0.0,9389.0,la > 259.02565808320827,0.6568969086438292
nuc,80.25,-0.04639397135988774,0.0,1520.0,48.480082529455615 < nuc <= 193.0959914371757,0.11702198639313767
ndev,3.8214285714285694,0.031846261082951154,0.0,67.0,3.000808789151475 < ndev <= 10.846402884905007,0.08032752148361108
aexp,194.0,0.027469453412186737,0.0,4144.0,82.00568065157063 < aexp <= 400.33772908055585,0.06928766624637636
nd,11.0,0.014017799872277161,1.0,33.0,4.503916092667653 < nd <= 23.50498996321589,0.03535784365581662
