feature,value,importance,min,max,rule,importance_ratio
la,88.0,0.21918050366303837,0.0,9389.0,77.73891199130318 < la <= 259.02565808320827,0.5838598727608644
age,0.0,-0.05120844817602664,0.0,1019.0,age <= 0.13720714068231388,0.13641066398086846
nd,1.0,-0.038232711536873,1.0,33.0,nd <= 1.5105962363484104,0.10184549136514225
ld,0.0,-0.026682980923250086,0.0,9950.0,ld <= 2.325988394499234,0.07107895814803057
asexp,8.0,0.02497140800374209,0.0,2327.0,3.0562456227978316 < asexp <= 284.98832809382935,0.06651961673625427
