feature,value,importance,min,max,rule,importance_ratio
la,962.0,0.25033362126712,0.0,9389.0,la > 259.02565808320827,0.670012592813165
ld,603.0,-0.028983161777393573,0.0,9950.0,24.882467942900547 < ld <= 1866.9949643956745,0.07757281371995031
age,1.2,-0.028276045638511292,0.0,1019.0,0.743433114261066 < age <= 1.9558850614185843,0.07568023247083792
nd,1.0,-0.025225862202279577,1.0,33.0,nd <= 1.5105962363484104,0.06751648162378458
ndev,4.0,-0.014523579040593025,0.0,67.0,3.000808789151475 < ndev <= 10.846402884905007,0.038872049230379534
