feature,value,importance,min,max,rule,importance_ratio
la,1344,0.2603790798847315,0.0,9389.0,la > 259.02565808320827,0.6071597908911917
ndev,2.21621621621622,0.04272969140597571,0.0,67.0,2.0201095271822833 < ndev <= 3.000808789151475,0.09963838304668152
nd,8,0.0422841893838638,1.0,33.0,4.503916092667653 < nd <= 23.50498996321589,0.09859954799623577
age,69.3783783783784,0.025382146927535227,0.0,1019.0,21.355116215938807 < age <= 151.08747456179282,0.059186855671024614
ld,903,-0.02041762677679244,0.0,9950.0,24.882467942900547 < ld <= 1866.9949643956745,0.047610437865360296
