feature,value,importance,min,max,rule,importance_ratio
la,208.0,0.21845957630337812,0.0,9389.0,77.73891199130318 < la <= 259.02565808320827,0.5861106075264069
ld,82.0,-0.038694957509519325,0.0,9950.0,24.882467942900547 < ld <= 1866.9949643956745,0.10381565980251409
nuc,43.8,-0.03332425848978114,0.0,1520.0,23.10887044038192 < nuc <= 48.480082529455615,0.08940647839437661
asexp,0.3383713115905959,-0.02774002777129669,0.0,2327.0,-0.8058376987231384 < asexp <= -0.8058376987231384,0.0744244075034521
aexp,18.0,0.021762610981644833,0.0,4144.0,aexp <= 82.00568065157063,0.05838744796474031
