feature,value,importance,min,max,rule,importance_ratio
la,901,0.27472795084154,0.0,9389.0,la > 259.02565808320827,0.6321024585136944
nuc,26.8703703703704,-0.03759268586675886,0.0,1520.0,23.10887044038192 < nuc <= 48.480082529455615,0.08649439958956776
age,4.14814814814815,0.02852285284277948,0.0,1019.0,1.9558850614185843 < age <= 21.355116215938807,0.06562625080745556
ld,244,-0.028131766667767254,0.0,9950.0,24.882467942900547 < ld <= 1866.9949643956745,0.06472642779360237
nd,21,0.027587081599380368,1.0,33.0,4.503916092667653 < nd <= 23.50498996321589,0.0634731997555072
