feature,value,importance,min,max,rule,importance_ratio
la,309,0.26310373055150965,0.0,9389.0,la > 259.02565808320827,0.7128266881037398
ld,223,-0.0254150347189752,0.0,9950.0,24.882467942900547 < ld <= 1866.9949643956745,0.06885692950378694
age,10.5217391304348,0.023013782593490077,0.0,1019.0,1.9558850614185843 < age <= 21.355116215938807,0.06235121939346785
nd,3,0.020611305672822062,1.0,33.0,2.4996932323495513 < nd <= 3.4887902283506924,0.05584219094671926
nuc,56.1739130434783,-0.013359556638275047,0.0,1520.0,48.480082529455615 < nuc <= 193.0959914371757,0.03619503415262879
