feature,value,importance,min,max,rule,importance_ratio
la,59,0.08537182140633791,0.0,9389.0,36.80319513184074 < la <= 77.73891199130318,0.38256214299034624
asexp,1.68744496628642,0.024315307510237385,0.0,2327.0,3.0562456227978316 < asexp <= 284.98832809382935,0.10896002914487538
nd,1,-0.022630555161100064,1.0,33.0,nd <= 1.5105962363484104,0.10141043656881556
age,8.4,0.022473768258828103,0.0,1019.0,1.9558850614185843 < age <= 21.355116215938807,0.10070785423734001
nuc,19.2,-0.020654690575148262,0.0,1520.0,7.886143186937701 < nuc <= 23.10887044038192,0.09255633251189616
