feature,value,importance,min,max,rule,importance_ratio
ndev,51.0,-0.07964579890095297,0.0,67.0,15.81119289862404 < ndev <= 51.97447818373797,0.2522191843254208
ld,15.0,0.06598643883284974,0.0,9950.0,13.60422816869989 < ld <= 24.882467942900547,0.20896325994115303
asexp,90.0,0.048948114971179686,0.0,2327.0,3.0562456227978316 < asexp <= 284.98832809382935,0.1550069658746325
nuc,239.0,0.04019673070129433,0.0,1520.0,nuc > 193.0959914371757,0.1272934262689372
nd,1.0,-0.03906759392372304,1.0,33.0,nd <= 1.5105962363484104,0.12371772031883395
