feature,value,importance,min,max,rule,importance_ratio
la,456.0,0.2614566495109864,0.0,9389.0,la > 259.02565808320827,0.6085625426985247
ld,362.0,-0.06204076196435213,0.0,9950.0,24.882467942900547 < ld <= 1866.9949643956745,0.14440513914102446
aexp,218.0,-0.036683047929367135,0.0,4144.0,82.00568065157063 < aexp <= 400.33772908055585,0.08538290750524387
age,64.9,0.023735637737226995,0.0,1019.0,21.355116215938807 < age <= 151.08747456179282,0.05524671138008657
ndev,1.1,-0.01638226578083999,0.0,67.0,ndev <= 2.0201095271822833,0.038131114038972236
