feature,value,importance,min,max,rule,importance_ratio
nd,1.0,-0.049843540451375457,1.0,33.0,nd <= 1.5105962363484104,0.2272049144929623
age,2.0,-0.03850982793879204,0.0,1019.0,0.743433114261066 < age <= 1.9558850614185843,0.17554174692922492
asexp,67.0,0.03663739848523764,0.0,2327.0,3.0562456227978316 < asexp <= 284.98832809382935,0.16700653514377897
ld,18.0,-0.028614335230863916,0.0,9950.0,13.60422816869989 < ld <= 24.882467942900547,0.13043450626754158
aexp,103.0,-0.025052369571699762,0.0,4144.0,82.00568065157063 < aexp <= 400.33772908055585,0.11419777637860515
