feature,value,importance,min,max,rule,importance_ratio
la,387.0,0.25785682168875285,0.0,9389.0,la > 259.02565808320827,0.6582472262087242
asexp,1.0981509385721,-0.058111156368883594,0.0,2327.0,-0.8058376987231384 < asexp <= 3.0562456227978316,0.148343981132951
age,36.4444444444444,0.027525288560254584,0.0,1019.0,21.355116215938807 < age <= 151.08747456179282,0.07026552459120997
ld,171.0,-0.018447208651006082,0.0,9950.0,24.882467942900547 < ld <= 1866.9949643956745,0.04709134257644493
nd,2.0,-0.012392342347821392,1.0,33.0,1.5105962363484104 < nd <= 2.4996932323495513,0.031634706901524416
