feature,value,importance,min,max,rule,importance_ratio
la,902.0,0.2822960796459153,0.0,9389.0,la > 259.02565808320827,0.6131806362760744
nd,18.0,0.048927229107219666,1.0,33.0,4.503916092667653 < nd <= 23.50498996321589,0.10627575669070873
asexp,0.223020150968428,0.045738190206703944,0.0,2327.0,-0.8058376987231384 < asexp <= -0.8058376987231384,0.09934878517704081
aexp,116.0,-0.03729723859661266,0.0,4144.0,82.00568065157063 < aexp <= 400.33772908055585,0.08101403506098045
age,92.4578313253012,0.019370654002080812,0.0,1019.0,21.355116215938807 < age <= 151.08747456179282,0.04207536272192601
