feature,value,importance,min,max,rule,importance_ratio
la,102,0.23212398897421355,0.0,9389.0,77.73891199130318 < la <= 259.02565808320827,0.6245714998063392
nd,2,-0.027807028153437757,1.0,33.0,1.5105962363484104 < nd <= 2.4996932323495513,0.07481982950447683
ld,21,0.02625594384153114,0.0,9950.0,13.60422816869989 < ld <= 24.882467942900547,0.07064635713182509
ndev,8.0,0.024105696537926564,0.0,67.0,3.000808789151475 < ndev <= 10.846402884905007,0.06486072855762356
age,13.333333333333302,0.0231118249230919,0.0,1019.0,1.9558850614185843 < age <= 21.355116215938807,0.06218653754515914
