feature,value,importance,min,max,rule,importance_ratio
la,522.0,0.2675453234451796,0.0,9389.0,la > 259.02565808320827,0.5698876980878399
ndev,11.0,-0.054512687563592295,0.0,67.0,10.846402884905007 < ndev <= 15.443430675385592,0.11611531695698923
asexp,0.416580199231674,-0.041180360870331376,0.0,2327.0,-0.8058376987231384 < asexp <= -0.8058376987231384,0.08771665585710889
nd,3.0,0.03834592766455594,1.0,33.0,2.4996932323495513 < nd <= 3.4887902283506924,0.08167914193527022
nuc,79.0,-0.03732690202377935,0.0,1520.0,48.480082529455615 < nuc <= 193.0959914371757,0.07950855577350668
