feature,value,importance,min,max,rule,importance_ratio
la,1575.0,0.26421986960837823,0.0,9389.0,la > 259.02565808320827,0.5963807004180698
nd,6.0,0.06405568043973191,1.0,33.0,4.503916092667653 < nd <= 23.50498996321589,0.14458250858659882
asexp,1.16207509646656,-0.039177792800617804,0.0,2327.0,-0.8058376987231384 < asexp <= 3.0562456227978316,0.08842968375503873
age,40.74285714285711,0.03147604609035104,0.0,1019.0,21.355116215938807 < age <= 151.08747456179282,0.0710457788113289
nuc,54.82857142857139,-0.019769510188061237,0.0,1520.0,48.480082529455615 < nuc <= 193.0959914371757,0.0446225121159634
