feature,value,importance,min,max,rule,importance_ratio
la,111,0.20020234230201192,0.0,9389.0,77.73891199130318 < la <= 259.02565808320827,0.5581210857506351
nd,1,-0.04326347341560475,1.0,33.0,nd <= 1.5105962363484104,0.12060926200171838
asexp,40.0,0.031388680594664056,0.0,2327.0,3.0562456227978316 < asexp <= 284.98832809382935,0.08750489276167546
age,17.0,0.026124032488246463,0.0,1019.0,1.9558850614185843 < age <= 21.355116215938807,0.07282818576882583
ld,0,-0.020945187925842403,0.0,9950.0,ld <= 2.325988394499234,0.058390680608459485
