feature,value,importance,min,max,rule,importance_ratio
la,103.0,0.19237142479828756,0.0,9389.0,77.73891199130318 < la <= 259.02565808320827,0.5075439678792069
aexp,4390.0,-0.08738972046130908,0.0,4144.0,aexp > 4071.104162527291,0.2305650411504482
ndev,4.16666666666667,0.033432170495685865,0.0,67.0,3.000808789151475 < ndev <= 10.846402884905007,0.0882059094066948
ld,79.0,0.020403740604909147,0.0,9950.0,24.882467942900547 < ld <= 1866.9949643956745,0.053832295919481396
nd,4.0,0.015141187981544922,1.0,33.0,3.4887902283506924 < nd <= 4.503916092667653,0.03994781779370944
