feature,value,importance,min,max,rule,importance_ratio
la,401,0.27018696692184213,0.0,9389.0,la > 259.02565808320827,0.6526354779269038
nd,8,0.03709640579832711,1.0,33.0,4.503916092667653 < nd <= 23.50498996321589,0.08960621159260065
ld,108,-0.03200271980444393,0.0,9950.0,24.882467942900547 < ld <= 1866.9949643956745,0.07730243457885164
ndev,2.88235294117647,0.021187039004140797,0.0,67.0,2.0201095271822833 < ndev <= 3.000808789151475,0.0511772032672593
age,25.6764705882353,0.020712623296296636,0.0,1019.0,21.355116215938807 < age <= 151.08747456179282,0.05003125412784553
