feature,value,importance,min,max,rule,importance_ratio
la,133.0,0.18396539490697023,0.0,9389.0,77.73891199130318 < la <= 259.02565808320827,0.41589954927352624
asexp,0.0,-0.07671429529448728,0.0,2327.0,asexp <= -0.8058376987231384,0.17343175248773157
aexp,4396.0,-0.06600577050371514,0.0,4144.0,aexp > 4071.104162527291,0.14922246771371905
nd,6.0,0.04865968092857594,1.0,33.0,4.503916092667653 < nd <= 23.50498996321589,0.11000731619238657
ld,6.0,0.03712850342087661,0.0,9950.0,2.325988394499234 < ld <= 6.085401652566119,0.08393822026013052
