feature,value,importance,min,max,rule,importance_ratio
la,132,0.1801653403037816,0.0,9389.0,77.73891199130318 < la <= 259.02565808320827,0.397485704674856
asexp,0.152777292839559,-0.07089972769495728,0.0,2327.0,-0.8058376987231384 < asexp <= -0.8058376987231384,0.15642091967615804
nuc,19.0,0.06932032856472593,0.0,1520.0,7.886143186937701 < nuc <= 23.10887044038192,0.15293640608889242
age,26.25,-0.04988983881642831,0.0,1019.0,21.355116215938807 < age <= 151.08747456179282,0.11006832781835985
ndev,4.25,0.031465894512638835,0.0,67.0,3.000808789151475 < ndev <= 10.846402884905007,0.0694209176553722
