feature,value,importance,min,max,rule,importance_ratio
la,791.0,0.24326536213893604,0.0,9389.0,la > 259.02565808320827,0.5999333220648465
ndev,11.8,-0.05557516540017985,0.0,67.0,10.846402884905007 < ndev <= 15.443430675385592,0.13705771059913968
nd,3.0,0.032663834537373676,1.0,33.0,2.4996932323495513 < nd <= 3.4887902283506924,0.0805545129527776
asexp,0.25,0.028706299249247787,0.0,2327.0,-0.8058376987231384 < asexp <= -0.8058376987231384,0.07079456492023273
ld,0.0,-0.023389526089191138,0.0,9950.0,ld <= 2.325988394499234,0.05768250754991028
