feature,value,importance,min,max,rule,importance_ratio
la,43.0,0.08965252268724593,0.0,9389.0,36.80319513184074 < la <= 77.73891199130318,0.2652562671317398
nd,3.0,0.0819550170238858,1.0,33.0,2.4996932323495513 < nd <= 3.4887902283506924,0.24248154136511277
age,32.0,0.05327009123618342,0.0,1019.0,21.355116215938807 < age <= 151.08747456179282,0.15761102005317473
nuc,232.333333333333,0.04309299052671995,0.0,1520.0,nuc > 193.0959914371757,0.127499879133767
ld,16.0,0.03788694176575454,0.0,9950.0,13.60422816869989 < ld <= 24.882467942900547,0.11209666437251681
