feature,value,importance,min,max,rule,importance_ratio
la,495,0.2382106615992664,0.0,9389.0,la > 259.02565808320827,0.6508619052402058
age,59.1428571428571,0.03115008805945595,0.0,1019.0,21.355116215938807 < age <= 151.08747456179282,0.08511124366416739
nuc,57.9285714285714,-0.029185704648657166,0.0,1520.0,48.480082529455615 < nuc <= 193.0959914371757,0.07974396782188961
nd,3,0.028374741749228112,1.0,33.0,2.4996932323495513 < nd <= 3.4887902283506924,0.07752817758707024
ndev,6.142857142857139,-0.020369248106183468,0.0,67.0,3.000808789151475 < ndev <= 10.846402884905007,0.05565480378457525
