feature,value,importance,min,max,rule,importance_ratio
la,925,0.25734680509159036,0.0,9389.0,la > 259.02565808320827,0.7123670471301232
ld,107,-0.04216446198049178,0.0,9950.0,24.882467942900547 < ld <= 1866.9949643956745,0.11671632474389251
age,148.65,0.01846021723762872,0.0,1019.0,21.355116215938807 < age <= 151.08747456179282,0.05110011153342235
asexp,0.0,-0.012669150475649638,0.0,2327.0,asexp <= -0.8058376987231384,0.0350697391046828
nd,4,-0.012518429606052624,1.0,33.0,3.4887902283506924 < nd <= 4.503916092667653,0.03465252552871671
