feature,value,importance,min,max,rule,importance_ratio
ndev,38.3333333333333,-0.08760411198472735,0.0,67.0,15.81119289862404 < ndev <= 51.97447818373797,0.24152574025453408
la,44,0.07563822148058558,0.0,9389.0,36.80319513184074 < la <= 77.73891199130318,0.20853561574620746
nuc,458.666666666667,0.06144884307364358,0.0,1520.0,nuc > 193.0959914371757,0.1694153045433973
ld,19,0.04115017288947244,0.0,9950.0,13.60422816869989 < ld <= 24.882467942900547,0.11345159198080332
nd,1,-0.038296709424989014,1.0,33.0,nd <= 1.5105962363484104,0.10558455400810203
