feature,value,importance,min,max,rule,importance_ratio
la,383.0,0.2636803280541906,0.0,9389.0,la > 259.02565808320827,0.5277923997046036
ndev,21.75,-0.08403526802689959,0.0,67.0,15.81119289862404 < ndev <= 51.97447818373797,0.16820813330686382
aexp,4470.0,-0.0440536689670933,0.0,4144.0,aexp > 4071.104162527291,0.08817947031359842
nd,3.0,0.03403066536653344,1.0,33.0,2.4996932323495513 < nd <= 3.4887902283506924,0.06811705169623318
ld,331.0,-0.03320455715115725,0.0,9950.0,24.882467942900547 < ld <= 1866.9949643956745,0.06646348261648188
