feature,value,importance,min,max,rule,importance_ratio
la,123,0.19721027277797581,0.0,9389.0,77.73891199130318 < la <= 259.02565808320827,0.6799102666884117
age,7.28571428571429,0.038161181241144426,0.0,1019.0,1.9558850614185843 < age <= 21.355116215938807,0.13156606169305474
nuc,52.0,-0.02305600931229677,0.0,1520.0,48.480082529455615 < nuc <= 193.0959914371757,0.07948884822010589
ld,5,0.01038627556075446,0.0,9950.0,2.325988394499234 < ld <= 6.085401652566119,0.03580815181145342
nd,4,-0.009959565307741452,1.0,33.0,3.4887902283506924 < nd <= 4.503916092667653,0.034337007951460975
