feature,value,importance,min,max,rule,importance_ratio
la,137.0,0.23009763510807998,0.0,9389.0,77.73891199130318 < la <= 259.02565808320827,0.5403845503370559
ndev,21.5,-0.07937427651910837,0.0,67.0,15.81119289862404 < ndev <= 51.97447818373797,0.18641057612330636
aexp,437.0,-0.03813648007580733,0.0,4144.0,400.33772908055585 < aexp <= 698.7740244827294,0.08956356560345875
ld,3.0,0.032908262434285865,0.0,9950.0,2.325988394499234 < ld <= 6.085401652566119,0.07728509069453245
age,6.5,0.019944287896052935,0.0,1019.0,1.9558850614185843 < age <= 21.355116215938807,0.046839182164731825
