feature,value,importance,min,max,rule,importance_ratio
la,155.0,0.2238677743251016,0.0,9389.0,77.73891199130318 < la <= 259.02565808320827,0.5938753909170505
nd,4.0,0.040078887638232495,1.0,33.0,3.4887902283506924 < nd <= 4.503916092667653,0.10632108679077101
age,24.4,0.026959209276066744,0.0,1019.0,21.355116215938807 < age <= 151.08747456179282,0.0715172650280086
asexp,1.0,-0.02528722526446825,0.0,2327.0,-0.8058376987231384 < asexp <= 3.0562456227978316,0.0670818336154769
ld,34.0,-0.02299840795532477,0.0,9950.0,24.882467942900547 < ld <= 1866.9949643956745,0.0610100696990172
