feature,value,importance,min,max,rule,importance_ratio
la,68.0,0.07203113531912511,0.0,9389.0,36.80319513184074 < la <= 77.73891199130318,0.47743563714960724
ndev,10.4,0.025535220217230235,0.0,67.0,3.000808789151475 < ndev <= 10.846402884905007,0.16925214464767546
ld,52.0,-0.016188752598583604,0.0,9950.0,24.882467942900547 < ld <= 1866.9949643956745,0.10730203511744399
nuc,90.9,-0.012757791593183103,0.0,1520.0,48.480082529455615 < nuc <= 193.0959914371757,0.0845609933944223
nd,3.0,0.011210645455358971,1.0,33.0,2.4996932323495513 < nd <= 3.4887902283506924,0.0743062237201271
