feature,value,importance,min,max,rule,importance_ratio
la,438.0,0.25962893020712624,0.0,9389.0,la > 259.02565808320827,0.6741420490166001
nd,5.0,0.054723067931203705,1.0,33.0,4.503916092667653 < nd <= 23.50498996321589,0.1420917195714104
ld,28.0,-0.028622039061543487,0.0,9950.0,24.882467942900547 < ld <= 1866.9949643956745,0.07431883667428245
age,13.5,0.01943011785551332,0.0,1019.0,1.9558850614185843 < age <= 21.355116215938807,0.05045146337621141
nuc,57.25,-0.013808930775459806,0.0,1520.0,48.480082529455615 < nuc <= 193.0959914371757,0.03585571484761041
