feature,value,importance,min,max,rule,importance_ratio
nd,9.0,0.05646524214880633,1.0,33.0,4.503916092667653 < nd <= 23.50498996321589,0.3327104695132796
age,75.0,0.02722550720354498,0.0,1019.0,21.355116215938807 < age <= 151.08747456179282,0.16042101193079034
nuc,35.9090909090909,-0.023576658544845863,0.0,1520.0,23.10887044038192 < nuc <= 48.480082529455615,0.13892088009359166
la,38.0,-0.023451670093634466,0.0,9389.0,25.107276029137182 < la <= 36.80319513184074,0.13818440992710074
ld,29.0,-0.021628378774931702,0.0,9950.0,24.882467942900547 < ld <= 1866.9949643956745,0.12744102005362073
