feature,value,importance,min,max,rule,importance_ratio
la,315.0,0.26420537697398805,0.0,9389.0,la > 259.02565808320827,0.6046868480645788
ld,42.0,-0.03471740535260266,0.0,9950.0,24.882467942900547 < ld <= 1866.9949643956745,0.07945772586495276
nd,1.0,-0.03411743220904054,1.0,33.0,nd <= 1.5105962363484104,0.07808456732723042
asexp,5.0,0.033469634521555915,0.0,2327.0,3.0562456227978316 < asexp <= 284.98832809382935,0.0766019527555097
age,44.6666666666667,0.028513219787618765,0.0,1019.0,21.355116215938807 < age <= 151.08747456179282,0.06525820632047645
