feature,value,importance,min,max,rule,importance_ratio
la,335,0.2622992667543106,0.0,9389.0,la > 259.02565808320827,0.5871620856627362
nd,7,0.05822556599555826,1.0,33.0,4.503916092667653 < nd <= 23.50498996321589,0.13033907868628627
age,187.666666666667,-0.044075142521480454,0.0,1019.0,151.08747456179282 < age <= 301.4315160093245,0.09866307645089716
nuc,59.0555555555556,-0.04195855813938915,0.0,1520.0,48.480082529455615 < nuc <= 193.0959914371757,0.0939250605362969
ld,305,-0.016717904172439804,0.0,9950.0,24.882467942900547 < ld <= 1866.9949643956745,0.03742335845335793
