feature,value,importance,min,max,rule,importance_ratio
la,167.0,0.21555182103367723,0.0,9389.0,77.73891199130318 < la <= 259.02565808320827,0.5157141170085603
asexp,1.0,-0.05441123740603894,0.0,2327.0,-0.8058376987231384 < asexp <= 3.0562456227978316,0.1301804972912495
nd,1.0,-0.053630601532210095,1.0,33.0,nd <= 1.5105962363484104,0.12831280283872176
age,54.5,0.023580204111537523,0.0,1019.0,21.355116215938807 < age <= 151.08747456179282,0.056416336841632386
nuc,21.5,-0.021987515760234087,0.0,1520.0,7.886143186937701 < nuc <= 23.10887044038192,0.0526057827817159
