,nuc,arexp,ent,ndev,age,asexp,la,ld,target
0,1967.0,764.0,0.86,30.0,0.5,0.94,7.0,0.0,True
1,1793.0,768.5,0.72,30.0,3.0,0.94,5.0,0.0,False
2,1812.0,237.5,0.92,30.0,2.5,1.13,2.0,1.0,True
3,2184.5,250.33,0.59,31.5,0.0,1.0,4.0,3.0,True
4,1777.5,56.0,0.21,30.0,3.0,1.07,7.0,23.0,True
5,1822.0,158.0,0.92,30.0,3.0,1.34,2.0,1.0,True
6,1890.0,255.33,0.92,31.5,2.5,1.0,1.0,2.0,True
7,1781.5,205.0,0.34,30.0,4.0,1.67,12.0,4.0,False
8,2196.5,1242.93,0.5,31.5,0.0,0.2,9.0,0.0,True
9,1836.5,205.5,0.35,30.0,6.5,1.67,12.0,3.0,False
10,1846.0,2.0,0.4,31.5,0.0,1.5,20.0,5.0,True
11,1801.0,2.0,0.11,32.0,6.0,1.25,34.0,34.0,False
12,2215.5,1252.17,0.92,34.0,7.5,0.2,2.0,1.0,False
13,2216.5,1254.17,0.32,34.0,0.0,0.2,16.0,1.0,True
14,1846.0,207.5,0.81,32.5,5.5,1.67,4.0,0.0,False
15,1811.5,263.33,0.65,33.5,15.0,1.0,5.0,1.0,False
16,1821.5,0.0,0.5,35.5,15.5,0.0,18.0,0.0,False
17,1820.0,2253.52,0.81,36.0,28.0,0.12,3.0,1.0,False
18,1825.0,768.5,0.59,36.0,133.0,0.94,7.0,0.0,False
19,1832.5,771.5,0.05,36.0,7.5,0.94,78.0,109.0,False
20,1831.5,87.5,0.32,37.5,21.0,1.03,15.0,2.0,False
21,1944.5,93.5,0.41,38.5,0.0,1.03,11.0,1.0,True
22,1838.0,279.5,0.52,38.0,13.0,1.13,16.0,1.0,False
23,1847.0,1231.15,0.74,38.5,4.5,0.2,6.0,13.0,False
24,1844.5,295.5,0.25,39.0,3.5,1.13,33.0,15.0,False
25,1901.0,40.0,0.47,39.5,8.0,1.38,8.0,2.0,False
26,1977.5,2190.17,0.59,39.0,0.5,0.12,7.0,0.0,True
27,1870.0,0.0,0.41,39.0,122.5,0.0,11.0,1.0,False
28,1915.5,96.5,0.32,40.0,0.0,1.03,17.0,0.0,True
29,1878.5,4.0,0.59,39.5,0.0,1.38,5.0,2.0,True
30,2296.5,0.0,0.65,41.5,2.0,0.0,4.0,2.0,True
31,2299.5,2124.38,0.65,40.5,2.0,0.12,4.0,2.0,False
32,2107.5,2113.73,1.0,40.5,6.0,0.12,3.0,1.0,False
33,1877.5,2105.3,0.92,40.0,31.0,0.12,2.0,1.0,False
34,2112.5,14.0,0.32,40.5,0.5,2.0,16.0,1.0,True
35,1893.5,35.0,0.81,40.0,16.5,0.96,4.0,0.0,False
36,1882.5,94.0,0.06,40.0,47.5,1.07,83.0,74.0,False
37,1905.5,1086.75,0.72,40.0,17.5,1.66,3.0,2.0,False
38,2134.5,62.0,0.18,40.5,0.5,1.38,24.0,12.0,True
39,1912.5,68.0,0.65,40.5,0.0,1.38,6.0,0.0,True
40,1931.0,1071.0,0.18,40.5,144.0,1.66,34.0,3.0,False
41,2020.0,6.0,0.24,42.0,3.5,1.7,26.0,0.0,False
42,1943.5,776.5,0.23,42.5,2.0,0.94,20.0,35.0,True
43,1983.5,1.0,0.92,44.0,4.0,1.0,3.0,0.0,False
44,1949.0,281.0,0.14,44.0,0.5,1.67,30.0,22.0,True
45,1943.0,0.0,0.54,44.5,23.5,0.0,3.0,5.0,False
46,1942.5,1.0,0.92,45.5,3.0,1.0,3.0,0.0,False
47,1994.5,768.33,0.92,46.0,2.0,0.94,1.0,2.0,True
48,1936.0,146.0,0.92,45.5,86.0,1.07,2.0,1.0,False
49,1946.5,159.0,0.92,45.5,0.0,1.07,3.0,0.0,True
50,2054.5,33.0,0.47,45.5,0.0,1.87,6.0,4.0,True
51,2380.0,185.0,0.39,46.0,0.5,1.07,12.0,1.0,True
52,1988.0,193.0,0.39,45.5,20.5,1.07,11.0,2.0,False
53,1405.67,1.0,0.98,33.33,13.33,1.0,39.0,0.0,False
54,2000.0,281.33,0.2,47.0,67.5,1.67,23.0,9.0,False
55,2008.5,1.0,0.81,47.0,24.5,0.0,8.0,0.0,False
56,870.0,26.0,0.0,37.0,54.0,24.0,28.0,6.0,False
57,1339.33,230.0,1.06,31.67,0.0,1.07,40.0,48.0,True
58,1969.5,64.62,0.81,48.0,44.5,0.03,4.0,0.0,False
59,1981.0,89.0,0.19,48.0,0.5,1.38,27.0,8.0,True
60,1418.0,249.0,1.18,32.0,0.67,0.51,15.0,7.0,True
61,2034.5,751.33,0.92,48.0,28.0,0.94,4.0,2.0,False
62,1992.5,26.5,0.32,48.0,32.0,2.0,15.0,2.0,False
63,2007.5,1148.02,0.92,49.0,0.0,0.2,2.0,1.0,True
64,2000.0,424.5,0.34,49.0,1.0,1.13,14.0,2.0,True
65,1992.5,8.5,0.59,49.0,8.0,1.68,7.0,0.0,False
66,2114.5,1.0,0.35,50.0,8.5,1.0,4.0,11.0,False
67,2435.5,56.0,0.65,50.5,3.5,1.87,6.0,0.0,False
68,2053.0,282.33,0.81,50.0,9.0,1.67,4.0,0.0,False
69,1334.0,1.0,1.06,33.33,12.67,0.33,20.0,6.0,False
70,1476.33,7.0,0.2,33.67,29.33,1.16,77.0,0.0,False
71,1337.0,2.0,1.07,33.67,0.0,0.67,67.0,8.0,True
72,1343.0,4.0,0.74,33.67,14.0,1.0,28.0,24.0,False
73,2147.0,262.0,0.24,50.5,3.5,1.07,18.0,7.0,False
74,2030.5,30.5,0.81,50.5,3.0,2.0,3.0,1.0,True
75,2171.0,11.0,0.97,51.0,81.0,1.97,5.0,0.0,False
76,2069.5,292.5,0.41,51.0,0.0,1.67,8.0,4.0,True
77,1707.33,1124.42,1.52,35.33,8.67,0.05,3.0,2.0,False
78,2453.5,1125.42,0.16,53.5,1.5,0.2,24.0,20.0,True
79,2453.5,1125.42,0.21,53.5,1.5,0.2,32.0,27.0,True
80,2453.5,1125.42,0.38,53.5,1.5,0.2,34.0,34.0,False
81,1349.0,26.0,1.14,34.0,111.67,1.39,59.0,26.0,False
82,2021.0,0.0,0.81,51.0,23.0,0.0,4.0,0.0,False
83,1373.0,298.83,1.19,34.67,21.67,1.67,12.0,0.0,False
84,1357.67,4.0,0.61,34.67,2.33,1.0,79.0,5.0,False
85,1446.33,1137.27,0.95,35.0,109.67,0.2,35.0,0.0,False
86,890.0,33.5,0.0,39.0,2.0,33.0,9.0,13.0,True
87,1410.33,0.5,1.52,35.0,17.33,1.0,3.0,2.0,False
88,1368.0,1.5,1.3,35.0,74.67,1.5,5.0,3.0,False
89,2035.0,296.58,0.54,52.0,15.5,1.0,8.0,0.0,False
90,2036.5,90.12,0.06,52.0,13.5,0.15,139.0,3.0,False
91,1701.33,309.0,0.61,36.67,3.67,1.67,17.0,1.0,False
92,2079.5,287.5,0.39,52.5,50.5,1.07,4.0,9.0,False
93,2095.5,310.0,0.92,52.5,6.0,1.67,3.0,0.0,False
94,2075.5,1113.93,0.21,53.0,60.5,0.2,30.0,0.0,False
95,1663.0,94.12,0.9,36.67,46.33,0.96,35.0,0.0,False
96,1394.67,3.0,0.67,35.0,12.0,1.38,5.0,11.0,False
97,1378.33,296.92,1.27,35.33,13.33,1.0,14.0,7.0,False
98,2085.0,1110.53,0.21,53.0,2.5,0.2,30.0,0.0,False
99,2175.0,312.5,0.92,52.5,1.5,1.67,2.0,1.0,True
100,1678.0,293.5,0.72,35.33,2.0,0.51,52.0,4.0,True
101,2071.5,29.0,0.72,53.0,56.5,1.98,5.0,0.0,False
102,2132.5,1106.77,0.3,53.0,2.5,0.2,10.0,9.0,True
103,1769.33,1089.58,0.87,37.67,15.33,0.2,26.0,45.0,False
104,2525.0,306.5,0.2,54.5,2.5,1.07,19.0,14.0,True
105,2525.0,306.5,0.2,54.5,2.5,1.07,19.0,14.0,True
106,1735.33,312.83,0.61,38.0,5.0,1.67,1.0,17.0,False
107,2087.0,57.0,0.59,54.5,25.5,2.0,4.0,3.0,False
108,1775.0,316.83,0.43,36.67,4.67,1.67,20.0,23.0,False
109,2540.0,314.92,0.34,57.5,2.5,1.0,16.0,0.0,False
110,2107.5,14.0,0.12,55.5,3.0,1.02,30.0,32.0,True
111,1408.0,103.0,0.59,37.0,4.67,0.96,4.0,3.0,False
112,2241.5,139.52,0.81,55.5,1.5,0.96,4.0,0.0,False
113,2108.0,324.17,0.72,55.5,35.5,1.67,5.0,0.0,False
114,2099.0,326.17,0.44,55.5,38.5,1.67,11.0,0.0,False
115,1745.67,327.5,0.99,37.67,11.67,1.07,19.0,1.0,False
116,1407.67,32.0,1.07,37.33,14.33,1.39,35.0,3.0,False
117,1928.07,54.89,0.27,41.53,0.3,1.42,24.26,6.82,True
118,1933.6,58.45,0.26,42.21,0.32,1.42,24.54,6.95,True
119,1846.9,2.58,0.4,31.61,0.0,1.5,20.05,5.02,True
120,1847.95,3.26,0.4,31.74,0.01,1.5,20.1,5.04,True
121,1971.05,82.59,0.2,46.78,0.46,1.38,26.48,7.78,True
122,1976.81,86.3,0.19,47.49,0.48,1.38,26.78,7.91,True
123,1943.75,65.0,0.25,43.45,0.36,1.41,25.07,7.17,True
124,1904.22,39.52,0.31,38.62,0.22,1.45,23.02,6.29,True
125,1940.07,62.62,0.25,43.0,0.35,1.41,24.88,7.09,True
126,1886.73,28.25,0.34,36.48,0.15,1.46,22.11,5.91,True
127,1947.27,67.26,0.24,43.88,0.38,1.41,25.25,7.25,True
128,1940.77,63.08,0.25,43.08,0.35,1.41,24.91,7.11,True
129,1853.29,6.7,0.39,32.39,0.03,1.49,20.38,5.16,True
130,1964.95,78.66,0.21,46.04,0.44,1.39,26.17,7.64,True
131,1882.77,25.7,0.34,35.99,0.14,1.47,21.91,5.82,True
132,1921.82,50.86,0.28,40.77,0.28,1.43,23.93,6.68,True
133,1846.04,2.02,0.4,31.5,0.0,1.5,20.0,5.0,True
134,1861.36,11.9,0.38,33.38,0.06,1.49,20.8,5.34,True
135,1961.77,76.6,0.22,45.65,0.43,1.39,26.0,7.57,True
136,1951.48,69.98,0.23,44.39,0.39,1.4,25.47,7.34,True
137,1881.01,24.56,0.35,35.78,0.13,1.47,21.82,5.78,True
138,1980.29,88.54,0.19,47.91,0.5,1.38,26.96,7.98,True
139,1956.24,73.05,0.23,44.97,0.41,1.4,25.72,7.45,True
140,1935.89,59.93,0.26,42.49,0.33,1.42,24.66,7.0,True
141,1960.77,75.97,0.22,45.53,0.43,1.39,25.95,7.55,True
142,1934.01,58.72,0.26,42.26,0.33,1.42,24.56,6.96,True
143,1873.91,19.99,0.36,34.91,0.1,1.47,21.45,5.62,True
144,1966.64,79.75,0.21,46.25,0.45,1.39,26.26,7.68,True
145,1954.94,72.2,0.23,44.81,0.4,1.4,25.65,7.42,True
146,1890.16,30.46,0.33,36.9,0.16,1.46,22.29,5.98,True
147,1956.01,72.9,0.23,44.95,0.41,1.4,25.7,7.44,True
148,1975.2,85.26,0.2,47.29,0.48,1.38,26.7,7.87,True
149,1866.85,15.44,0.37,34.05,0.08,1.48,21.08,5.46,True
150,1850.26,4.75,0.4,32.02,0.02,1.5,20.22,5.09,True
151,1850.93,5.18,0.39,32.1,0.02,1.5,20.26,5.11,True
152,1882.93,25.8,0.34,36.01,0.14,1.47,21.91,5.82,True
153,1897.62,35.26,0.32,37.81,0.19,1.45,22.68,6.15,True
154,1972.42,83.47,0.2,46.95,0.47,1.38,26.56,7.81,True
155,1942.38,64.11,0.25,43.28,0.36,1.41,25.0,7.14,True
156,1876.54,21.68,0.35,35.23,0.11,1.47,21.58,5.68,True
157,1891.8,31.52,0.33,37.1,0.17,1.46,22.37,6.02,True
158,1916.27,47.28,0.29,40.09,0.26,1.43,23.64,6.56,True
159,1884.58,26.86,0.34,36.22,0.14,1.46,22.0,5.86,True
160,1910.86,43.8,0.3,39.43,0.24,1.44,23.36,6.44,True
161,1882.04,25.23,0.34,35.91,0.13,1.47,21.87,5.8,True
162,1873.05,19.43,0.36,34.81,0.1,1.47,21.4,5.6,True
163,1974.86,85.04,0.2,47.25,0.48,1.38,26.68,7.86,True
164,1902.7,38.54,0.31,38.43,0.21,1.45,22.94,6.26,True
165,1967.8,80.49,0.21,46.39,0.45,1.39,26.32,7.71,True
166,1870.86,18.02,0.36,34.54,0.09,1.48,21.29,5.55,True
167,1971.03,82.58,0.2,46.78,0.46,1.38,26.48,7.78,True
168,1968.26,80.79,0.21,46.44,0.45,1.39,26.34,7.72,True
169,1958.03,74.2,0.22,45.19,0.41,1.4,25.81,7.49,True
170,1942.73,64.34,0.25,43.32,0.36,1.41,25.02,7.15,True
171,1851.31,5.42,0.39,32.15,0.02,1.5,20.28,5.12,True
172,1932.63,57.83,0.26,42.09,0.32,1.42,24.49,6.93,True
173,1944.03,65.18,0.25,43.48,0.36,1.41,25.08,7.18,True
174,1855.39,8.05,0.39,32.65,0.03,1.49,20.49,5.21,True
175,1977.13,86.51,0.19,47.53,0.49,1.38,26.8,7.91,True
176,1913.8,45.69,0.29,39.79,0.25,1.44,23.52,6.51,True
177,1878.47,22.93,0.35,35.47,0.12,1.47,21.68,5.72,True
178,1965.22,78.83,0.21,46.07,0.44,1.39,26.18,7.65,True
179,1968.46,80.92,0.21,46.47,0.45,1.39,26.35,7.72,True
180,1862.62,12.71,0.38,33.53,0.06,1.48,20.86,5.37,True
181,1885.94,27.74,0.34,36.38,0.15,1.46,22.07,5.89,True
182,1864.94,14.2,0.37,33.81,0.07,1.48,20.98,5.42,True
183,1869.54,17.17,0.36,34.38,0.09,1.48,21.22,5.52,True
184,1972.19,83.32,0.2,46.92,0.47,1.38,26.54,7.8,True
185,1953.72,71.42,0.23,44.67,0.4,1.4,25.59,7.39,True
186,1878.32,22.83,0.35,35.45,0.12,1.47,21.68,5.72,True
187,1973.75,84.33,0.2,47.11,0.47,1.38,26.62,7.84,True
188,1898.57,35.88,0.32,37.93,0.19,1.45,22.73,6.17,True
189,1977.79,86.93,0.19,47.61,0.49,1.38,26.83,7.93,True
190,1849.85,4.48,0.4,31.97,0.01,1.5,20.2,5.09,True
191,1899.45,36.44,0.32,38.03,0.2,1.45,22.77,6.19,True
192,1956.89,73.47,0.23,45.05,0.41,1.4,25.75,7.46,True
193,1866.42,15.16,0.37,34.0,0.08,1.48,21.06,5.45,True
194,1960.28,75.64,0.22,45.47,0.42,1.39,25.93,7.54,True
195,1922.84,51.52,0.28,40.89,0.28,1.43,23.98,6.71,True
196,1963.63,77.81,0.21,45.88,0.44,1.39,26.1,7.61,True
197,1866.88,15.46,0.37,34.05,0.08,1.48,21.08,5.46,True
198,1860.14,11.11,0.38,33.23,0.05,1.49,20.73,5.31,True
199,1939.01,61.94,0.25,42.87,0.34,1.41,24.82,7.07,True
200,1976.66,86.21,0.19,47.47,0.48,1.38,26.78,7.9,True
201,1877.42,22.25,0.35,35.34,0.12,1.47,21.63,5.7,True
202,1942.04,63.89,0.25,43.24,0.36,1.41,24.98,7.13,True
203,1948.89,68.31,0.24,44.08,0.38,1.4,25.34,7.29,True
204,1932.45,57.71,0.26,42.07,0.32,1.42,24.48,6.92,True
205,1927.99,54.84,0.27,41.52,0.3,1.42,24.25,6.82,True
206,1973.91,84.43,0.2,47.13,0.47,1.38,26.63,7.84,True
207,1895.23,33.73,0.32,37.52,0.18,1.45,22.55,6.09,True
208,1856.36,8.68,0.39,32.77,0.04,1.49,20.54,5.23,True
209,1878.58,22.99,0.35,35.48,0.12,1.47,21.69,5.72,True
210,1882.44,25.48,0.34,35.95,0.13,1.47,21.89,5.81,True
211,1855.24,7.95,0.39,32.63,0.03,1.49,20.48,5.21,True
212,1946.49,66.76,0.24,43.78,0.37,1.41,25.21,7.23,True
213,1870.37,17.7,0.36,34.48,0.09,1.48,21.26,5.54,True
214,1950.12,69.1,0.24,44.23,0.39,1.4,25.4,7.31,True
215,1918.77,48.89,0.29,40.39,0.27,1.43,23.77,6.62,True
216,1854.6,7.55,0.39,32.55,0.03,1.49,20.45,5.19,True
217,1942.24,64.02,0.25,43.26,0.36,1.41,24.99,7.14,True
218,1942.58,64.24,0.25,43.3,0.36,1.41,25.01,7.15,True
219,1960.88,76.04,0.22,45.54,0.43,1.39,25.96,7.55,True
220,1929.09,55.55,0.27,41.66,0.31,1.42,24.31,6.85,True
221,1976.08,85.83,0.2,47.4,0.48,1.38,26.74,7.89,True
222,1932.6,57.81,0.26,42.08,0.32,1.42,24.49,6.92,True
223,1974.7,84.94,0.2,47.23,0.48,1.38,26.67,7.86,True
224,1908.86,42.51,0.3,39.18,0.23,1.44,23.26,6.4,True
225,1895.52,33.91,0.32,37.55,0.18,1.45,22.57,6.1,True
226,1962.53,77.1,0.22,45.74,0.43,1.39,26.04,7.59,True
227,1855.73,8.27,0.39,32.69,0.04,1.49,20.5,5.22,True
228,1902.22,38.23,0.31,38.37,0.21,1.45,22.92,6.25,True
229,1948.63,68.14,0.24,44.04,0.38,1.4,25.32,7.28,True
230,1939.95,62.55,0.25,42.98,0.35,1.41,24.87,7.09,True
231,1929.94,56.09,0.27,41.76,0.31,1.42,24.35,6.87,True
232,1854.87,7.72,0.39,32.58,0.03,1.49,20.46,5.2,True
233,1874.84,20.58,0.36,35.02,0.11,1.47,21.5,5.64,True
234,1892.86,32.2,0.33,37.23,0.17,1.46,22.43,6.04,True
235,1849.66,4.36,0.4,31.95,0.01,1.5,20.19,5.08,True
236,1910.42,43.51,0.3,39.37,0.24,1.44,23.34,6.43,True
237,1940.35,62.8,0.25,43.03,0.35,1.41,24.89,7.1,True
238,1916.18,47.23,0.29,40.08,0.26,1.44,23.64,6.56,True
239,1913.04,45.2,0.3,39.69,0.25,1.44,23.48,6.49,True
240,1862.7,12.76,0.38,33.54,0.06,1.48,20.87,5.37,True
241,1965.67,79.12,0.21,46.13,0.44,1.39,26.21,7.66,True
242,1887.85,28.97,0.34,36.61,0.15,1.46,22.17,5.93,True
243,1875.16,20.79,0.36,35.06,0.11,1.47,21.51,5.65,True
244,1923.35,51.85,0.28,40.95,0.29,1.43,24.01,6.72,True
245,1963.79,77.91,0.21,45.9,0.44,1.39,26.11,7.62,True
246,1858.58,10.11,0.38,33.04,0.05,1.49,20.65,5.28,True
247,1968.15,80.72,0.21,46.43,0.45,1.39,26.33,7.71,True
248,1864.7,14.05,0.37,33.79,0.07,1.48,20.97,5.42,True
249,1896.48,34.53,0.32,37.67,0.19,1.45,22.62,6.12,True
250,1929.81,56.01,0.27,41.74,0.31,1.42,24.35,6.86,True
251,1877.19,22.1,0.35,35.31,0.12,1.47,21.62,5.69,True
252,1899.34,36.38,0.32,38.02,0.2,1.45,22.77,6.19,True
253,1964.41,78.31,0.21,45.97,0.44,1.39,26.14,7.63,True
254,1928.71,55.3,0.27,41.61,0.31,1.42,24.29,6.84,True
255,1873.46,19.7,0.36,34.86,0.1,1.47,21.42,5.61,True
256,1974.66,84.92,0.2,47.23,0.48,1.38,26.67,7.86,True
257,1858.04,9.76,0.38,32.97,0.04,1.49,20.62,5.27,True
258,1941.52,63.56,0.25,43.17,0.35,1.41,24.95,7.12,True
259,1874.21,20.18,0.36,34.95,0.1,1.47,21.46,5.63,True
260,1929.08,55.54,0.27,41.65,0.31,1.42,24.31,6.85,True
261,1894.39,33.18,0.33,37.41,0.18,1.46,22.51,6.08,True
262,1961.14,76.2,0.22,45.57,0.43,1.39,25.97,7.56,True
263,1856.16,8.55,0.39,32.74,0.04,1.49,20.53,5.23,True
264,1858.75,10.21,0.38,33.06,0.05,1.49,20.66,5.28,True
265,1890.17,30.47,0.33,36.9,0.16,1.46,22.29,5.98,True
266,1868.13,16.26,0.37,34.2,0.08,1.48,21.15,5.49,True
267,1905.71,40.48,0.31,38.8,0.22,1.44,23.1,6.33,True
268,1895.94,34.18,0.32,37.6,0.18,1.45,22.59,6.11,True
269,1967.67,80.41,0.21,46.37,0.45,1.39,26.31,7.7,True
270,1971.2,82.69,0.2,46.8,0.46,1.38,26.49,7.78,True
271,1945.35,66.02,0.24,43.64,0.37,1.41,25.15,7.21,True
272,1923.78,52.13,0.28,41.01,0.29,1.43,24.03,6.73,True
273,1871.38,18.36,0.36,34.6,0.09,1.48,21.32,5.56,True
274,1880.49,24.23,0.35,35.72,0.13,1.47,21.79,5.77,True
275,1920.95,50.3,0.28,40.66,0.28,1.43,23.89,6.67,True
276,1898.25,35.67,0.32,37.89,0.19,1.45,22.71,6.16,True
277,1977.85,86.97,0.19,47.61,0.49,1.38,26.84,7.93,True
278,1853.11,6.58,0.39,32.37,0.03,1.49,20.37,5.16,True
279,1851.79,5.73,0.39,32.21,0.02,1.49,20.3,5.13,True
280,1971.0,82.56,0.2,46.78,0.46,1.38,26.48,7.78,True
281,1929.76,55.98,0.27,41.74,0.31,1.42,24.34,6.86,True
282,1890.01,30.36,0.33,36.88,0.16,1.46,22.28,5.98,True
283,1970.25,82.07,0.2,46.69,0.46,1.38,26.44,7.76,True
284,1948.35,67.96,0.24,44.01,0.38,1.41,25.31,7.27,True
285,1971.42,82.83,0.2,46.83,0.46,1.38,26.5,7.79,True
286,1973.17,83.95,0.2,47.04,0.47,1.38,26.59,7.83,True
287,1934.92,59.3,0.26,42.37,0.33,1.42,24.61,6.98,True
288,1856.68,8.88,0.39,32.81,0.04,1.49,20.55,5.24,True
289,1931.73,57.25,0.27,41.98,0.32,1.42,24.45,6.91,True
290,1900.68,37.24,0.32,38.18,0.2,1.45,22.84,6.22,True
291,1953.26,71.12,0.23,44.61,0.4,1.4,25.56,7.38,True
292,1968.05,80.65,0.21,46.42,0.45,1.39,26.33,7.71,True
293,1969.37,81.51,0.21,46.58,0.46,1.39,26.4,7.74,True
294,1959.99,75.46,0.22,45.43,0.42,1.39,25.91,7.53,True
295,1873.91,19.99,0.36,34.91,0.1,1.47,21.45,5.62,True
296,1959.09,74.88,0.22,45.32,0.42,1.4,25.86,7.51,True
297,1934.64,59.12,0.26,42.33,0.33,1.42,24.6,6.97,True
298,1936.37,60.24,0.26,42.55,0.33,1.42,24.69,7.01,True
299,1916.0,47.11,0.29,40.06,0.26,1.44,23.63,6.56,True
300,1892.99,32.29,0.33,37.24,0.17,1.46,22.44,6.04,True
301,1888.48,29.37,0.33,36.69,0.16,1.46,22.2,5.94,True
302,1869.55,17.17,0.36,34.38,0.09,1.48,21.22,5.52,True
303,1905.19,40.14,0.31,38.73,0.22,1.45,23.07,6.32,True
304,1904.09,39.44,0.31,38.6,0.22,1.45,23.01,6.29,True
305,1935.96,59.98,0.26,42.5,0.33,1.42,24.66,7.0,True
306,1916.6,47.5,0.29,40.13,0.26,1.43,23.66,6.57,True
307,1877.32,22.18,0.35,35.33,0.12,1.47,21.62,5.7,True
308,1876.27,21.51,0.35,35.2,0.11,1.47,21.57,5.67,True
309,1874.27,20.22,0.36,34.95,0.1,1.47,21.47,5.63,True
310,1923.75,52.11,0.28,41.0,0.29,1.43,24.03,6.73,True
311,1856.22,8.59,0.39,32.75,0.04,1.49,20.53,5.23,True
312,1881.54,24.9,0.35,35.84,0.13,1.47,21.84,5.79,True
313,1954.21,71.73,0.23,44.73,0.4,1.4,25.61,7.4,True
314,1873.6,19.78,0.36,34.87,0.1,1.47,21.43,5.61,True
315,1851.44,5.51,0.39,32.16,0.02,1.49,20.28,5.12,True
316,1980.57,88.72,0.19,47.95,0.5,1.38,26.98,7.99,True
317,1957.62,73.94,0.22,45.14,0.41,1.4,25.79,7.48,True
318,1952.23,70.46,0.23,44.48,0.39,1.4,25.51,7.36,True
319,1878.77,23.12,0.35,35.51,0.12,1.47,21.7,5.73,True
320,1969.31,81.47,0.21,46.57,0.46,1.39,26.39,7.74,True
321,1976.92,86.37,0.19,47.5,0.48,1.38,26.79,7.91,True
322,1977.15,86.52,0.19,47.53,0.49,1.38,26.8,7.91,True
323,1890.98,30.99,0.33,37.0,0.17,1.46,22.33,6.0,True
324,1922.59,51.36,0.28,40.86,0.28,1.43,23.97,6.7,True
325,1858.04,9.76,0.38,32.97,0.04,1.49,20.62,5.27,True
326,1974.77,84.98,0.2,47.24,0.48,1.38,26.68,7.86,True
327,1875.43,20.96,0.36,35.1,0.11,1.47,21.53,5.65,True
328,1871.55,18.47,0.36,34.62,0.09,1.48,21.32,5.57,True
329,1875.66,21.11,0.35,35.13,0.11,1.47,21.54,5.66,True
330,1970.48,82.22,0.2,46.71,0.46,1.38,26.45,7.77,True
331,1856.54,8.79,0.39,32.79,0.04,1.49,20.55,5.23,True
332,1965.97,79.31,0.21,46.16,0.44,1.39,26.22,7.67,True
333,1964.73,78.52,0.21,46.01,0.44,1.39,26.16,7.64,True
334,1850.3,4.77,0.4,32.02,0.02,1.5,20.22,5.1,True
335,1849.02,3.95,0.4,31.87,0.01,1.5,20.16,5.07,True
336,1850.16,4.68,0.4,32.01,0.02,1.5,20.22,5.09,True
337,1970.05,81.95,0.2,46.66,0.46,1.39,26.43,7.76,True
338,1923.73,52.09,0.28,41.0,0.29,1.43,24.03,6.73,True
339,1859.8,10.89,0.38,33.19,0.05,1.49,20.72,5.31,True
340,1969.26,81.43,0.21,46.56,0.46,1.39,26.39,7.74,True
341,1965.88,79.26,0.21,46.15,0.44,1.39,26.22,7.66,True
342,1857.46,9.38,0.38,32.9,0.04,1.49,20.59,5.25,True
343,1968.01,80.63,0.21,46.41,0.45,1.39,26.33,7.71,True
344,1939.24,62.09,0.25,42.9,0.35,1.41,24.83,7.07,True
345,1980.35,88.58,0.19,47.92,0.5,1.38,26.97,7.99,True
346,1947.45,67.38,0.24,43.9,0.38,1.41,25.26,7.25,True
347,1963.19,77.52,0.22,45.82,0.43,1.39,26.08,7.6,True
348,1934.42,58.98,0.26,42.31,0.33,1.42,24.58,6.96,True
349,1904.72,39.84,0.31,38.68,0.22,1.45,23.04,6.3,True
350,1962.89,77.33,0.22,45.79,0.43,1.39,26.06,7.6,True
351,1872.02,18.77,0.36,34.68,0.1,1.48,21.35,5.58,True
352,1846.32,2.21,0.4,31.54,0.0,1.5,20.02,5.01,True
353,1921.63,50.74,0.28,40.74,0.28,1.43,23.92,6.68,True
354,1879.78,23.77,0.35,35.63,0.13,1.47,21.75,5.75,True
355,1850.64,4.99,0.39,32.07,0.02,1.5,20.24,5.1,True
356,1917.17,47.86,0.29,40.2,0.26,1.43,23.69,6.58,True
357,1929.01,55.49,0.27,41.65,0.31,1.42,24.3,6.84,True
358,1912.34,44.75,0.3,39.61,0.25,1.44,23.44,6.47,True
359,1941.43,63.5,0.25,43.16,0.35,1.41,24.95,7.12,True
360,1950.69,69.47,0.24,44.3,0.39,1.4,25.43,7.33,True
361,1873.7,19.85,0.36,34.89,0.1,1.47,21.44,5.62,True
362,1952.02,70.33,0.23,44.46,0.39,1.4,25.5,7.36,True
363,1846.03,2.02,0.4,31.5,0.0,1.5,20.0,5.0,True
364,1883.62,26.25,0.34,36.1,0.14,1.47,21.95,5.84,True
365,1854.39,7.41,0.39,32.53,0.03,1.49,20.44,5.19,True
366,1861.23,11.82,0.38,33.36,0.06,1.49,20.79,5.34,True
367,1947.63,67.5,0.24,43.92,0.38,1.41,25.27,7.26,True
368,1927.23,54.35,0.27,41.43,0.3,1.42,24.21,6.81,True
369,1954.94,72.21,0.23,44.82,0.4,1.4,25.65,7.42,True
370,1864.75,14.08,0.37,33.79,0.07,1.48,20.97,5.42,True
371,1969.17,81.38,0.21,46.55,0.46,1.39,26.39,7.74,True
372,1921.59,50.71,0.28,40.74,0.28,1.43,23.92,6.68,True
373,1915.44,46.75,0.29,39.99,0.26,1.44,23.6,6.54,True
374,1861.94,12.27,0.38,33.45,0.06,1.49,20.83,5.35,True
375,1968.8,81.14,0.21,46.51,0.45,1.39,26.37,7.73,True
376,1899.26,36.32,0.32,38.01,0.2,1.45,22.76,6.18,True
377,1928.8,55.36,0.27,41.62,0.31,1.42,24.29,6.84,True
378,1929.68,55.93,0.27,41.73,0.31,1.42,24.34,6.86,True
379,1854.66,7.58,0.39,32.56,0.03,1.49,20.45,5.19,True
380,1942.29,64.06,0.25,43.27,0.36,1.41,24.99,7.14,True
381,1899.21,36.29,0.32,38.0,0.2,1.45,22.76,6.18,True
382,1970.46,82.21,0.2,46.71,0.46,1.38,26.45,7.77,True
383,1954.17,71.71,0.23,44.72,0.4,1.4,25.61,7.4,True
384,1863.5,13.28,0.37,33.64,0.06,1.48,20.91,5.39,True
385,1915.66,46.89,0.29,40.01,0.26,1.44,23.61,6.55,True
386,1909.42,42.87,0.3,39.25,0.23,1.44,23.29,6.41,True
387,1937.47,60.95,0.26,42.68,0.34,1.42,24.74,7.03,True
388,1957.57,73.9,0.22,45.14,0.41,1.4,25.79,7.48,True
389,1851.2,5.35,0.39,32.14,0.02,1.5,20.27,5.12,True
390,1972.13,83.29,0.2,46.92,0.47,1.38,26.54,7.8,True
391,1907.22,41.45,0.3,38.98,0.23,1.44,23.17,6.36,True
392,1893.49,32.6,0.33,37.3,0.18,1.46,22.46,6.06,True
393,1940.22,62.72,0.25,43.02,0.35,1.41,24.89,7.09,True
394,1953.57,71.32,0.23,44.65,0.4,1.4,25.58,7.39,True
395,1899.48,36.46,0.32,38.04,0.2,1.45,22.77,6.19,True
396,1910.2,43.37,0.3,39.35,0.24,1.44,23.33,6.43,True
397,1926.98,54.19,0.27,41.4,0.3,1.43,24.2,6.8,True
398,1912.97,45.16,0.3,39.69,0.25,1.44,23.47,6.49,True
399,1854.2,7.29,0.39,32.5,0.03,1.49,20.43,5.18,True
400,1889.69,30.16,0.33,36.84,0.16,1.46,22.27,5.97,True
401,1868.12,16.26,0.37,34.2,0.08,1.48,21.15,5.49,True
402,1913.37,45.41,0.29,39.73,0.25,1.44,23.49,6.5,True
403,1936.24,60.15,0.26,42.53,0.33,1.42,24.68,7.01,True
404,1878.74,23.1,0.35,35.5,0.12,1.47,21.7,5.73,True
405,1905.5,40.35,0.31,38.77,0.22,1.44,23.09,6.32,True
406,1915.31,46.67,0.29,39.97,0.26,1.44,23.59,6.54,True
407,1929.24,55.64,0.27,41.67,0.31,1.42,24.32,6.85,True
408,1872.23,18.9,0.36,34.71,0.1,1.48,21.36,5.58,True
409,1855.01,7.81,0.39,32.6,0.03,1.49,20.47,5.2,True
410,1885.58,27.51,0.34,36.34,0.15,1.46,22.05,5.88,True
411,1964.63,78.45,0.21,46.0,0.44,1.39,26.15,7.64,True
412,1860.72,11.48,0.38,33.3,0.05,1.49,20.76,5.33,True
413,1964.58,78.42,0.21,45.99,0.44,1.39,26.15,7.64,True
414,1851.69,5.67,0.39,32.2,0.02,1.49,20.29,5.13,True
415,1967.08,80.03,0.21,46.3,0.45,1.39,26.28,7.69,True
416,1855.16,7.9,0.39,32.62,0.03,1.49,20.47,5.2,True
417,1896.46,34.52,0.32,37.67,0.19,1.45,22.62,6.12,True
418,1972.14,83.29,0.2,46.92,0.47,1.38,26.54,7.8,True
419,1908.57,42.32,0.3,39.15,0.23,1.44,23.24,6.39,True
420,1980.83,88.89,0.19,47.98,0.5,1.38,26.99,8.0,True
421,1876.57,21.7,0.35,35.24,0.11,1.47,21.58,5.68,True
422,1869.25,16.98,0.37,34.34,0.09,1.48,21.21,5.52,True
423,1897.28,35.05,0.32,37.77,0.19,1.45,22.66,6.14,True
424,1888.17,29.17,0.34,36.65,0.16,1.46,22.19,5.94,True
425,1922.7,51.43,0.28,40.87,0.28,1.43,23.98,6.7,True
426,1966.9,79.92,0.21,46.28,0.45,1.39,26.27,7.69,True
427,1850.26,4.75,0.4,32.02,0.02,1.5,20.22,5.09,True
428,1933.26,58.23,0.26,42.17,0.32,1.42,24.52,6.94,True
429,1864.56,13.96,0.37,33.77,0.07,1.48,20.96,5.41,True
430,1964.47,78.35,0.21,45.98,0.44,1.39,26.14,7.63,True
431,1858.35,9.96,0.38,33.01,0.05,1.49,20.64,5.27,True
432,1917.31,47.96,0.29,40.22,0.26,1.43,23.7,6.58,True
433,1969.37,81.51,0.21,46.58,0.46,1.39,26.4,7.74,True
434,1870.72,17.93,0.36,34.52,0.09,1.48,21.28,5.55,True
435,1930.54,56.48,0.27,41.83,0.31,1.42,24.38,6.88,True
436,1872.06,18.79,0.36,34.69,0.1,1.48,21.35,5.58,True
437,1870.7,17.92,0.36,34.52,0.09,1.48,21.28,5.55,True
438,1962.93,77.35,0.22,45.79,0.43,1.39,26.06,7.6,True
439,1850.15,4.67,0.4,32.01,0.02,1.5,20.21,5.09,True
440,1910.98,43.87,0.3,39.44,0.24,1.44,23.37,6.44,True
441,1930.47,56.43,0.27,41.82,0.31,1.42,24.38,6.88,True
442,1857.36,9.32,0.38,32.89,0.04,1.49,20.59,5.25,True
443,1978.78,87.57,0.19,47.73,0.49,1.38,26.88,7.95,True
444,1937.67,61.08,0.26,42.7,0.34,1.42,24.75,7.04,True
445,1877.61,22.37,0.35,35.36,0.12,1.47,21.64,5.7,True
446,1947.7,67.54,0.24,43.93,0.38,1.41,25.27,7.26,True
447,1887.56,28.78,0.34,36.58,0.15,1.46,22.15,5.92,True
448,1971.31,82.76,0.2,46.82,0.46,1.38,26.5,7.78,True
449,1859.55,10.73,0.38,33.16,0.05,1.49,20.7,5.3,True
450,1937.53,60.99,0.26,42.69,0.34,1.42,24.75,7.03,True
451,1910.93,43.84,0.3,39.44,0.24,1.44,23.37,6.44,True
452,1979.22,87.85,0.19,47.78,0.49,1.38,26.91,7.96,True
453,1956.53,73.23,0.23,45.01,0.41,1.4,25.73,7.46,True
454,1934.26,58.88,0.26,42.29,0.33,1.42,24.58,6.96,True
455,1971.18,82.67,0.2,46.8,0.46,1.38,26.49,7.78,True
456,1857.66,9.52,0.38,32.93,0.04,1.49,20.6,5.26,True
457,1882.39,25.45,0.34,35.95,0.13,1.47,21.89,5.81,True
458,1898.41,35.78,0.32,37.91,0.19,1.45,22.72,6.16,True
459,1897.68,35.3,0.32,37.82,0.19,1.45,22.68,6.15,True
460,1917.47,48.06,0.29,40.24,0.26,1.43,23.71,6.59,True
461,1980.56,88.72,0.19,47.95,0.5,1.38,26.98,7.99,True
462,1920.03,49.71,0.28,40.55,0.27,1.43,23.84,6.65,True
463,1888.24,29.22,0.33,36.66,0.16,1.46,22.19,5.94,True
464,1951.27,69.84,0.23,44.37,0.39,1.4,25.46,7.34,True
465,1885.93,27.73,0.34,36.38,0.15,1.46,22.07,5.89,True
466,1864.14,13.69,0.37,33.72,0.07,1.48,20.94,5.4,True
467,1866.82,15.42,0.37,34.04,0.08,1.48,21.08,5.46,True
468,1927.15,54.3,0.27,41.42,0.3,1.42,24.21,6.8,True
469,1902.31,38.29,0.31,38.38,0.21,1.45,22.92,6.25,True
470,1946.33,66.66,0.24,43.76,0.37,1.41,25.2,7.23,True
471,1973.45,84.13,0.2,47.08,0.47,1.38,26.61,7.83,True
472,1877.86,22.53,0.35,35.39,0.12,1.47,21.65,5.71,True
473,1933.52,58.4,0.26,42.2,0.32,1.42,24.54,6.94,True
474,1883.4,26.1,0.34,36.07,0.14,1.47,21.94,5.83,True
475,1892.64,32.06,0.33,37.2,0.17,1.46,22.42,6.04,True
476,1913.45,45.47,0.29,39.74,0.25,1.44,23.5,6.5,True
477,1884.34,26.71,0.34,36.19,0.14,1.46,21.99,5.85,True
478,1850.16,4.68,0.4,32.01,0.02,1.5,20.22,5.09,True
479,1882.39,25.45,0.34,35.95,0.13,1.47,21.89,5.81,True
480,1904.43,39.66,0.31,38.64,0.22,1.45,23.03,6.3,True
481,1923.53,51.96,0.28,40.98,0.29,1.43,24.02,6.72,True
482,1937.67,61.08,0.26,42.7,0.34,1.42,24.75,7.04,True
483,1924.73,52.74,0.28,41.12,0.29,1.43,24.08,6.75,True
484,1880.33,24.12,0.35,35.7,0.13,1.47,21.78,5.76,True
485,1979.54,88.06,0.19,47.82,0.49,1.38,26.92,7.97,True
486,1900.12,36.87,0.32,38.11,0.2,1.45,22.81,6.2,True
487,1871.95,18.73,0.36,34.67,0.1,1.48,21.35,5.58,True
488,1882.02,25.21,0.34,35.9,0.13,1.47,21.87,5.8,True
489,1875.69,21.13,0.35,35.13,0.11,1.47,21.54,5.66,True
490,1945.08,65.85,0.24,43.61,0.37,1.41,25.14,7.2,True
491,1866.11,14.96,0.37,33.96,0.07,1.48,21.04,5.45,True
492,1858.89,10.31,0.38,33.08,0.05,1.49,20.67,5.29,True
493,1959.51,75.15,0.22,45.37,0.42,1.39,25.89,7.52,True
494,1891.53,31.34,0.33,37.07,0.17,1.46,22.36,6.01,True
495,1980.98,88.99,0.19,48.0,0.5,1.38,27.0,8.0,True
496,1944.59,65.54,0.25,43.55,0.37,1.41,25.11,7.19,True
497,1949.04,68.4,0.24,44.09,0.38,1.4,25.34,7.29,True
498,1856.2,8.58,0.39,32.75,0.04,1.49,20.53,5.23,True
499,1971.22,82.7,0.2,46.8,0.46,1.38,26.49,7.78,True
500,1970.9,82.49,0.2,46.77,0.46,1.38,26.48,7.78,True
501,1929.65,55.91,0.27,41.72,0.31,1.42,24.34,6.86,True
502,1962.5,77.08,0.22,45.74,0.43,1.39,26.04,7.59,True
503,1947.43,67.36,0.24,43.9,0.38,1.41,25.26,7.25,True
504,1862.11,12.38,0.38,33.47,0.06,1.49,20.84,5.36,True
505,1912.02,44.55,0.3,39.57,0.24,1.44,23.42,6.47,True
506,1875.92,21.28,0.35,35.16,0.11,1.47,21.55,5.66,True
507,1976.49,86.1,0.19,47.45,0.48,1.38,26.77,7.9,True
508,1886.8,28.29,0.34,36.49,0.15,1.46,22.12,5.91,True
509,1936.14,60.09,0.26,42.52,0.33,1.42,24.67,7.0,True
510,1887.3,28.62,0.34,36.55,0.15,1.46,22.14,5.92,True
511,1901.68,37.88,0.31,38.31,0.21,1.45,22.89,6.24,True
512,1960.08,75.52,0.22,45.44,0.42,1.39,25.92,7.54,True
513,1854.0,7.16,0.39,32.48,0.03,1.49,20.42,5.18,True
514,1932.81,57.94,0.26,42.11,0.32,1.42,24.5,6.93,True
515,1848.91,3.88,0.4,31.86,0.01,1.5,20.15,5.06,True
516,1909.62,43.0,0.3,39.28,0.24,1.44,23.3,6.41,True
517,1911.24,44.04,0.3,39.47,0.24,1.44,23.38,6.45,True
518,1903.13,38.82,0.31,38.48,0.21,1.45,22.96,6.27,True
519,1961.0,76.11,0.22,45.56,0.43,1.39,25.96,7.56,True
520,1917.48,48.06,0.29,40.24,0.26,1.43,23.71,6.59,True
521,1920.8,50.21,0.28,40.64,0.28,1.43,23.88,6.66,True
522,1860.31,11.22,0.38,33.25,0.05,1.49,20.74,5.32,True
523,1968.41,80.89,0.21,46.46,0.45,1.39,26.35,7.72,True
524,1847.09,2.7,0.4,31.63,0.0,1.5,20.06,5.02,True
525,1916.37,47.35,0.29,40.1,0.26,1.43,23.65,6.56,True
526,1851.79,5.73,0.39,32.21,0.02,1.49,20.3,5.13,True
527,1906.14,40.76,0.31,38.85,0.22,1.44,23.12,6.34,True
528,1958.65,74.6,0.22,45.27,0.42,1.4,25.84,7.5,True
529,1932.98,58.05,0.26,42.13,0.32,1.42,24.51,6.93,True
530,1978.87,87.63,0.19,47.74,0.49,1.38,26.89,7.95,True
531,1943.33,64.72,0.25,43.4,0.36,1.41,25.05,7.16,True
532,1906.16,40.77,0.31,38.85,0.22,1.44,23.12,6.34,True
533,1884.84,27.03,0.34,36.25,0.14,1.46,22.01,5.86,True
534,1893.74,32.77,0.33,37.34,0.18,1.46,22.48,6.06,True
535,1955.75,72.73,0.23,44.91,0.41,1.4,25.69,7.44,True
536,1949.78,68.88,0.24,44.18,0.38,1.4,25.38,7.31,True
537,1860.81,11.54,0.38,33.31,0.05,1.49,20.77,5.33,True
538,1930.69,56.58,0.27,41.85,0.31,1.42,24.39,6.88,True
539,1895.18,33.7,0.32,37.51,0.18,1.45,22.55,6.09,True
540,1970.12,81.99,0.2,46.67,0.46,1.39,26.44,7.76,True
541,1965.32,78.89,0.21,46.08,0.44,1.39,26.19,7.65,True
542,1919.8,49.56,0.28,40.52,0.27,1.43,23.83,6.64,True
543,1948.94,68.34,0.24,44.08,0.38,1.4,25.34,7.29,True
544,1901.34,37.67,0.31,38.26,0.2,1.45,22.87,6.23,True
545,1968.83,81.16,0.21,46.51,0.45,1.39,26.37,7.73,True
546,1977.44,86.71,0.19,47.56,0.49,1.38,26.82,7.92,True
547,1909.41,42.86,0.3,39.25,0.23,1.44,23.29,6.41,True
548,1867.83,16.07,0.37,34.17,0.08,1.48,21.13,5.49,True
549,1921.16,50.43,0.28,40.69,0.28,1.43,23.9,6.67,True
550,1933.75,58.55,0.26,42.22,0.32,1.42,24.55,6.95,True
551,1878.96,23.24,0.35,35.53,0.12,1.47,21.71,5.73,True
552,1885.71,27.59,0.34,36.35,0.15,1.46,22.06,5.88,True
553,1850.17,4.68,0.4,32.01,0.02,1.5,20.22,5.09,True
554,1944.76,65.64,0.24,43.57,0.37,1.41,25.12,7.19,True
555,1933.39,58.32,0.26,42.18,0.32,1.42,24.53,6.94,True
556,1888.04,29.09,0.34,36.64,0.16,1.46,22.18,5.93,True
557,1921.56,50.7,0.28,40.74,0.28,1.43,23.92,6.68,True
558,1932.29,57.61,0.26,42.05,0.32,1.42,24.47,6.92,True
559,1898.18,35.63,0.32,37.88,0.19,1.45,22.71,6.16,True
560,1945.29,65.99,0.24,43.64,0.37,1.41,25.15,7.21,True
561,1957.92,74.13,0.22,45.18,0.41,1.4,25.8,7.49,True
562,1931.95,57.39,0.27,42.0,0.32,1.42,24.46,6.91,True
563,1894.3,33.13,0.33,37.4,0.18,1.46,22.5,6.07,True
564,1906.48,40.98,0.31,38.89,0.22,1.44,23.14,6.34,True
565,1965.99,79.33,0.21,46.17,0.44,1.39,26.22,7.67,True
566,1892.89,32.22,0.33,37.23,0.17,1.46,22.43,6.04,True
567,1928.68,55.28,0.27,41.6,0.31,1.42,24.29,6.84,True
568,1915.15,46.57,0.29,39.95,0.26,1.44,23.59,6.54,True
569,1959.71,75.28,0.22,45.4,0.42,1.39,25.9,7.53,True
570,1960.4,75.73,0.22,45.48,0.42,1.39,25.93,7.54,True
571,1865.59,14.62,0.37,33.89,0.07,1.48,21.02,5.44,True
572,1961.8,76.63,0.22,45.65,0.43,1.39,26.0,7.57,True
573,1921.29,50.52,0.28,40.7,0.28,1.43,23.9,6.67,True
574,1903.96,39.35,0.31,38.58,0.21,1.45,23.01,6.29,True
575,1909.04,42.62,0.3,39.2,0.23,1.44,23.27,6.4,True
576,1924.35,52.49,0.28,41.08,0.29,1.43,24.06,6.74,True
577,1854.91,7.74,0.39,32.59,0.03,1.49,20.46,5.2,True
578,1945.71,66.26,0.24,43.69,0.37,1.41,25.17,7.22,True
579,1917.97,48.38,0.29,40.3,0.27,1.43,23.73,6.6,True
580,1917.32,47.96,0.29,40.22,0.26,1.43,23.7,6.58,True
581,1916.54,47.46,0.29,40.12,0.26,1.43,23.66,6.57,True
582,1955.51,72.57,0.23,44.88,0.41,1.4,25.68,7.43,True
583,1933.15,58.16,0.26,42.15,0.32,1.42,24.52,6.94,True
584,1909.77,43.09,0.3,39.29,0.24,1.44,23.31,6.42,True
585,1875.93,21.29,0.35,35.16,0.11,1.47,21.55,5.67,True
586,1863.71,13.41,0.37,33.66,0.07,1.48,20.92,5.39,True
587,1858.13,9.82,0.38,32.98,0.04,1.49,20.63,5.27,True
588,1900.74,37.28,0.31,38.19,0.2,1.45,22.84,6.22,True
589,1884.01,26.5,0.34,36.15,0.14,1.46,21.97,5.84,True
590,1890.42,30.62,0.33,36.93,0.16,1.46,22.3,5.99,True
591,1952.03,70.33,0.23,44.46,0.39,1.4,25.5,7.36,True
592,1865.87,14.81,0.37,33.93,0.07,1.48,21.03,5.44,True
593,1906.75,41.15,0.31,38.92,0.22,1.44,23.15,6.35,True
594,1876.94,21.94,0.35,35.28,0.11,1.47,21.6,5.69,True
595,1864.66,14.02,0.37,33.78,0.07,1.48,20.97,5.41,True
596,1943.31,64.71,0.25,43.39,0.36,1.41,25.05,7.16,True
597,1889.03,29.73,0.33,36.76,0.16,1.46,22.23,5.96,True
598,1850.85,5.12,0.39,32.09,0.02,1.5,20.25,5.11,True
599,1940.32,62.78,0.25,43.03,0.35,1.41,24.89,7.1,True
600,1927.36,54.43,0.27,41.44,0.3,1.42,24.22,6.81,True
601,1966.35,79.56,0.21,46.21,0.45,1.39,26.24,7.67,True
602,1935.64,59.77,0.26,42.46,0.33,1.42,24.65,6.99,True
603,1959.21,74.95,0.22,45.34,0.42,1.4,25.87,7.52,True
604,1910.99,43.89,0.3,39.44,0.24,1.44,23.37,6.44,True
605,1914.33,46.03,0.29,39.85,0.25,1.44,23.54,6.52,True
606,1870.96,18.09,0.36,34.55,0.09,1.48,21.29,5.55,True
607,1970.58,82.29,0.2,46.73,0.46,1.38,26.46,7.77,True
608,1867.72,16.0,0.37,34.16,0.08,1.48,21.13,5.48,True
609,1894.49,33.25,0.32,37.43,0.18,1.46,22.51,6.08,True
610,1917.54,48.11,0.29,40.24,0.26,1.43,23.71,6.59,True
611,1873.6,19.78,0.36,34.87,0.1,1.47,21.43,5.61,True
612,1940.93,63.17,0.25,43.1,0.35,1.41,24.92,7.11,True
613,1926.06,53.59,0.27,41.28,0.3,1.43,24.15,6.78,True
614,1884.51,26.82,0.34,36.21,0.14,1.46,22.0,5.86,True
615,1898.81,36.03,0.32,37.95,0.2,1.45,22.74,6.17,True
616,1877.37,22.21,0.35,35.33,0.12,1.47,21.63,5.7,True
617,1945.79,66.31,0.24,43.7,0.37,1.41,25.17,7.22,True
618,1975.17,85.24,0.2,47.29,0.48,1.38,26.7,7.87,True
619,1902.16,38.19,0.31,38.36,0.21,1.45,22.91,6.25,True
620,1966.09,79.39,0.21,46.18,0.44,1.39,26.23,7.67,True
621,1933.51,58.39,0.26,42.2,0.32,1.42,24.54,6.94,True
622,1861.46,11.96,0.38,33.39,0.06,1.49,20.8,5.34,True
623,1952.67,70.74,0.23,44.54,0.4,1.4,25.53,7.37,True
624,1912.11,44.61,0.3,39.58,0.24,1.44,23.43,6.47,True
625,1955.41,72.51,0.23,44.87,0.41,1.4,25.67,7.43,True
626,1897.13,34.95,0.32,37.75,0.19,1.45,22.65,6.14,True
627,1887.96,29.04,0.34,36.63,0.16,1.46,22.18,5.93,True
628,1888.01,29.07,0.34,36.63,0.16,1.46,22.18,5.93,True
629,1852.27,6.04,0.39,32.27,0.02,1.49,20.32,5.14,True
630,1888.63,29.47,0.33,36.71,0.16,1.46,22.21,5.95,True
631,1974.1,84.56,0.2,47.16,0.47,1.38,26.64,7.85,True
632,1972.64,83.61,0.2,46.98,0.47,1.38,26.57,7.81,True
633,1949.16,68.48,0.24,44.11,0.38,1.4,25.35,7.29,True
634,1919.52,49.38,0.29,40.49,0.27,1.43,23.81,6.63,True
635,1857.45,9.38,0.38,32.9,0.04,1.49,20.59,5.25,True
636,1906.44,40.95,0.31,38.89,0.22,1.44,23.13,6.34,True
637,1911.79,44.4,0.3,39.54,0.24,1.44,23.41,6.46,True
638,1913.99,45.82,0.29,39.81,0.25,1.44,23.53,6.51,True
639,1953.79,71.46,0.23,44.67,0.4,1.4,25.59,7.4,True
640,1966.94,79.94,0.21,46.28,0.45,1.39,26.27,7.69,True
641,1925.09,52.97,0.28,41.17,0.29,1.43,24.1,6.76,True
642,1959.51,75.15,0.22,45.37,0.42,1.39,25.89,7.52,True
643,1904.09,39.43,0.31,38.6,0.22,1.45,23.01,6.29,True
644,1972.48,83.51,0.2,46.96,0.47,1.38,26.56,7.81,True
645,1901.81,37.97,0.31,38.32,0.21,1.45,22.89,6.24,True
646,1945.46,66.09,0.24,43.66,0.37,1.41,25.16,7.21,True
647,1886.51,28.11,0.34,36.45,0.15,1.46,22.1,5.9,True
648,1971.0,82.56,0.2,46.78,0.46,1.38,26.48,7.78,True
649,1912.77,45.03,0.3,39.66,0.25,1.44,23.46,6.48,True
650,1907.03,41.33,0.3,38.96,0.23,1.44,23.16,6.36,True
651,1863.91,13.54,0.37,33.69,0.07,1.48,20.93,5.4,True
652,1896.14,34.32,0.32,37.63,0.19,1.45,22.6,6.11,True
653,1931.27,56.95,0.27,41.92,0.32,1.42,24.42,6.89,True
654,1921.93,50.93,0.28,40.78,0.28,1.43,23.94,6.69,True
655,1895.66,34.0,0.32,37.57,0.18,1.45,22.57,6.1,True
656,1912.75,45.01,0.3,39.66,0.25,1.44,23.46,6.48,True
657,1932.96,58.04,0.26,42.13,0.32,1.42,24.51,6.93,True
658,1894.0,32.93,0.33,37.37,0.18,1.46,22.49,6.07,True
659,1900.23,36.95,0.32,38.13,0.2,1.45,22.81,6.21,True
660,1887.22,28.56,0.34,36.54,0.15,1.46,22.14,5.92,True
661,1871.78,18.61,0.36,34.65,0.1,1.48,21.34,5.57,True
662,1872.84,19.3,0.36,34.78,0.1,1.48,21.39,5.6,True
663,1945.83,66.34,0.24,43.7,0.37,1.41,25.18,7.22,True
664,1935.09,59.41,0.26,42.39,0.33,1.42,24.62,6.98,True
665,1862.6,12.7,0.38,33.53,0.06,1.48,20.86,5.37,True
666,1941.81,63.74,0.25,43.21,0.35,1.41,24.97,7.13,True
667,1936.16,60.1,0.26,42.52,0.33,1.42,24.68,7.0,True
668,1966.16,79.44,0.21,46.19,0.45,1.39,26.23,7.67,True
669,1905.6,40.41,0.31,38.78,0.22,1.44,23.09,6.32,True
670,1950.75,69.51,0.24,44.3,0.39,1.4,25.43,7.33,True
671,1887.36,28.66,0.34,36.56,0.15,1.46,22.14,5.92,True
672,1898.22,35.65,0.32,37.88,0.19,1.45,22.71,6.16,True
673,1922.21,51.11,0.28,40.81,0.28,1.43,23.95,6.69,True
674,1917.67,48.18,0.29,40.26,0.27,1.43,23.72,6.59,True
675,1938.51,61.62,0.25,42.81,0.34,1.41,24.8,7.06,True
676,1878.85,23.17,0.35,35.51,0.12,1.47,21.7,5.73,True
677,1913.1,45.24,0.3,39.7,0.25,1.44,23.48,6.49,True
678,1976.55,86.13,0.19,47.46,0.48,1.38,26.77,7.9,True
679,1859.22,10.52,0.38,33.12,0.05,1.49,20.69,5.29,True
680,1958.47,74.48,0.22,45.25,0.42,1.4,25.83,7.5,True
681,1932.08,57.47,0.27,42.02,0.32,1.42,24.46,6.91,True
682,1891.84,31.54,0.33,37.1,0.17,1.46,22.38,6.02,True
683,1902.28,38.27,0.31,38.38,0.21,1.45,22.92,6.25,True
684,1972.86,83.75,0.2,47.0,0.47,1.38,26.58,7.82,True
685,1942.81,64.39,0.25,43.33,0.36,1.41,25.02,7.15,True
686,1886.38,28.02,0.34,36.44,0.15,1.46,22.09,5.9,True
687,1864.44,13.88,0.37,33.75,0.07,1.48,20.96,5.41,True
688,1945.22,65.94,0.24,43.63,0.37,1.41,25.14,7.2,True
689,1850.48,4.89,0.4,32.05,0.02,1.5,20.23,5.1,True
690,1939.03,61.95,0.25,42.87,0.34,1.41,24.82,7.07,True
691,1911.99,44.52,0.3,39.57,0.24,1.44,23.42,6.47,True
692,1870.69,17.91,0.36,34.52,0.09,1.48,21.28,5.55,True
693,1864.33,13.81,0.37,33.74,0.07,1.48,20.95,5.41,True
694,1879.59,23.65,0.35,35.61,0.12,1.47,21.74,5.75,True
695,1894.8,33.45,0.32,37.46,0.18,1.45,22.53,6.08,True
696,1961.85,76.66,0.22,45.66,0.43,1.39,26.01,7.57,True
697,1976.23,85.93,0.19,47.42,0.48,1.38,26.75,7.89,True
698,1980.14,88.45,0.19,47.89,0.5,1.38,26.96,7.98,True
699,1929.24,55.64,0.27,41.67,0.31,1.42,24.32,6.85,True
700,1901.48,37.75,0.31,38.28,0.21,1.45,22.88,6.23,True
701,1907.38,41.56,0.3,39.0,0.23,1.44,23.18,6.36,True
702,1965.05,78.72,0.21,46.05,0.44,1.39,26.17,7.65,True
703,1894.23,33.08,0.33,37.39,0.18,1.46,22.5,6.07,True
704,1899.83,36.69,0.32,38.08,0.2,1.45,22.79,6.2,True
705,1849.29,4.12,0.4,31.9,0.01,1.5,20.17,5.07,True
706,1925.58,53.28,0.28,41.23,0.29,1.43,24.13,6.77,True
707,1859.09,10.44,0.38,33.1,0.05,1.49,20.68,5.29,True
708,1921.19,50.46,0.28,40.69,0.28,1.43,23.9,6.67,True
709,1973.9,84.43,0.2,47.13,0.47,1.38,26.63,7.84,True
710,1955.38,72.49,0.23,44.87,0.41,1.4,25.67,7.43,True
711,1909.77,43.1,0.3,39.29,0.24,1.44,23.31,6.42,True
712,1903.34,38.95,0.31,38.51,0.21,1.45,22.97,6.27,True
713,1974.78,84.99,0.2,47.24,0.48,1.38,26.68,7.86,True
714,1870.2,17.6,0.36,34.46,0.09,1.48,21.25,5.54,True
715,1925.42,53.18,0.28,41.21,0.29,1.43,24.12,6.76,True
716,1861.0,11.67,0.38,33.33,0.06,1.49,20.78,5.33,True
717,1859.76,10.87,0.38,33.18,0.05,1.49,20.71,5.31,True
718,1963.23,77.55,0.22,45.83,0.43,1.39,26.08,7.61,True
719,1932.23,57.57,0.26,42.04,0.32,1.42,24.47,6.92,True
720,1952.81,70.83,0.23,44.55,0.4,1.4,25.54,7.37,True
721,1890.3,30.55,0.33,36.91,0.16,1.46,22.3,5.98,True
722,1883.49,26.16,0.34,36.08,0.14,1.47,21.94,5.83,True
723,1904.81,39.9,0.31,38.69,0.22,1.45,23.05,6.31,True
724,1907.12,41.39,0.3,38.97,0.23,1.44,23.17,6.36,True
725,1886.07,27.82,0.34,36.4,0.15,1.46,22.08,5.89,True
726,1924.59,52.65,0.28,41.11,0.29,1.43,24.08,6.75,True
727,1939.5,62.26,0.25,42.93,0.35,1.41,24.85,7.08,True
728,1867.4,15.79,0.37,34.12,0.08,1.48,21.11,5.48,True
729,1927.95,54.82,0.27,41.52,0.3,1.42,24.25,6.82,True
730,1943.54,64.86,0.25,43.42,0.36,1.41,25.06,7.17,True
731,1934.69,59.16,0.26,42.34,0.33,1.42,24.6,6.97,True
732,1898.79,36.02,0.32,37.95,0.2,1.45,22.74,6.17,True
733,1940.96,63.2,0.25,43.11,0.35,1.41,24.92,7.11,True
734,1931.58,57.15,0.27,41.96,0.32,1.42,24.44,6.9,True
735,1980.9,88.94,0.19,47.99,0.5,1.38,26.99,8.0,True
736,1910.16,43.35,0.3,39.34,0.24,1.44,23.33,6.43,True
737,1968.56,80.98,0.21,46.48,0.45,1.39,26.36,7.72,True
738,1955.71,72.7,0.23,44.91,0.41,1.4,25.69,7.44,True
739,1972.32,83.41,0.2,46.94,0.47,1.38,26.55,7.81,True
740,1973.61,84.24,0.2,47.1,0.47,1.38,26.62,7.84,True
741,1959.97,75.44,0.22,45.43,0.42,1.39,25.91,7.53,True
742,1910.66,43.67,0.3,39.4,0.24,1.44,23.35,6.44,True
743,1858.57,10.1,0.38,33.04,0.05,1.49,20.65,5.28,True
744,1874.07,20.09,0.36,34.93,0.1,1.47,21.46,5.62,True
745,1935.47,59.66,0.26,42.44,0.33,1.42,24.64,6.99,True
746,1906.97,41.29,0.31,38.95,0.23,1.44,23.16,6.35,True
747,1928.75,55.33,0.27,41.61,0.31,1.42,24.29,6.84,True
748,1854.18,7.27,0.39,32.5,0.03,1.49,20.42,5.18,True
749,1849.74,4.41,0.4,31.96,0.01,1.5,20.19,5.08,True
750,1896.87,34.79,0.32,37.72,0.19,1.45,22.64,6.13,True
751,1891.95,31.61,0.33,37.12,0.17,1.46,22.38,6.02,True
752,1929.94,56.09,0.27,41.76,0.31,1.42,24.35,6.87,True
753,1945.6,66.19,0.24,43.67,0.37,1.41,25.16,7.21,True
754,1944.86,65.71,0.24,43.58,0.37,1.41,25.13,7.2,True
755,1942.1,63.93,0.25,43.25,0.36,1.41,24.98,7.14,True
756,1847.54,2.99,0.4,31.69,0.01,1.5,20.08,5.03,True
757,1868.19,16.3,0.37,34.21,0.08,1.48,21.15,5.49,True
758,1912.48,44.84,0.3,39.63,0.25,1.44,23.45,6.48,True
759,1863.05,12.99,0.38,33.58,0.06,1.48,20.88,5.38,True
760,1974.93,85.09,0.2,47.26,0.48,1.38,26.69,7.87,True
761,1927.84,54.74,0.27,41.5,0.3,1.42,24.24,6.82,True
762,1908.29,42.14,0.3,39.11,0.23,1.44,23.23,6.38,True
763,1888.89,29.64,0.33,36.74,0.16,1.46,22.22,5.95,True
764,1867.54,15.88,0.37,34.13,0.08,1.48,21.12,5.48,True
765,1893.1,32.35,0.33,37.26,0.17,1.46,22.44,6.05,True
766,1877.56,22.34,0.35,35.36,0.12,1.47,21.64,5.7,True
767,1965.69,79.14,0.21,46.13,0.44,1.39,26.21,7.66,True
768,1870.52,17.8,0.36,34.5,0.09,1.48,21.27,5.54,True
769,1850.34,4.8,0.4,32.03,0.02,1.5,20.23,5.1,True
770,1856.86,9.0,0.38,32.83,0.04,1.49,20.56,5.24,True
771,1921.76,50.82,0.28,40.76,0.28,1.43,23.93,6.68,True
772,1857.56,9.45,0.38,32.91,0.04,1.49,20.6,5.26,True
773,1925.19,53.03,0.28,41.18,0.29,1.43,24.11,6.76,True
774,1924.14,52.36,0.28,41.05,0.29,1.43,24.05,6.74,True
775,1917.11,47.83,0.29,40.19,0.26,1.43,23.69,6.58,True
776,1977.31,86.62,0.19,47.55,0.49,1.38,26.81,7.92,True
777,1960.71,75.93,0.22,45.52,0.42,1.39,25.95,7.55,True
778,1951.55,70.02,0.23,44.4,0.39,1.4,25.47,7.35,True
779,1870.23,17.62,0.36,34.46,0.09,1.48,21.26,5.54,True
780,1919.34,49.26,0.29,40.46,0.27,1.43,23.8,6.63,True
781,1929.4,55.75,0.27,41.69,0.31,1.42,24.32,6.85,True
782,1954.18,71.71,0.23,44.72,0.4,1.4,25.61,7.4,True
783,1881.92,25.15,0.34,35.89,0.13,1.47,21.86,5.8,True
784,1862.38,12.55,0.38,33.5,0.06,1.48,20.85,5.36,True
785,1857.12,9.17,0.38,32.86,0.04,1.49,20.58,5.25,True
786,1915.62,46.87,0.29,40.01,0.26,1.44,23.61,6.55,True
787,1897.43,35.15,0.32,37.79,0.19,1.45,22.67,6.14,True
788,1943.94,65.11,0.25,43.47,0.36,1.41,25.08,7.18,True
789,1862.07,12.35,0.38,33.46,0.06,1.49,20.83,5.36,True
790,1867.32,15.74,0.37,34.11,0.08,1.48,21.11,5.47,True
791,1955.78,72.75,0.23,44.92,0.41,1.4,25.69,7.44,True
792,1977.89,87.0,0.19,47.62,0.49,1.38,26.84,7.93,True
793,1859.76,10.87,0.38,33.18,0.05,1.49,20.71,5.31,True
794,1955.51,72.57,0.23,44.88,0.41,1.4,25.68,7.43,True
795,1870.2,17.59,0.36,34.46,0.09,1.48,21.25,5.54,True
796,1916.29,47.3,0.29,40.09,0.26,1.43,23.64,6.56,True
797,1976.54,86.13,0.19,47.45,0.48,1.38,26.77,7.9,True
798,1960.11,75.54,0.22,45.45,0.42,1.39,25.92,7.54,True
799,1862.38,12.56,0.38,33.5,0.06,1.48,20.85,5.36,True
800,1942.5,64.19,0.25,43.29,0.36,1.41,25.0,7.14,True
801,1977.69,86.87,0.19,47.6,0.49,1.38,26.83,7.93,True
802,1849.01,3.94,0.4,31.87,0.01,1.5,20.16,5.07,True
803,1860.45,11.31,0.38,33.27,0.05,1.49,20.75,5.32,True
804,1931.31,56.98,0.27,41.93,0.32,1.42,24.42,6.9,True
805,1929.34,55.71,0.27,41.69,0.31,1.42,24.32,6.85,True
806,1947.89,67.67,0.24,43.95,0.38,1.41,25.28,7.26,True
807,1920.94,50.3,0.28,40.66,0.28,1.43,23.89,6.67,True
808,1939.23,62.08,0.25,42.89,0.35,1.41,24.83,7.07,True
809,1966.24,79.49,0.21,46.2,0.45,1.39,26.23,7.67,True
810,1888.55,29.42,0.33,36.7,0.16,1.46,22.21,5.95,True
811,1964.39,78.3,0.21,45.97,0.44,1.39,26.14,7.63,True
812,1848.53,3.63,0.4,31.81,0.01,1.5,20.13,5.06,True
813,1863.47,13.26,0.37,33.63,0.06,1.48,20.91,5.39,True
814,1879.21,23.4,0.35,35.56,0.12,1.47,21.72,5.74,True
815,1973.85,84.39,0.2,47.13,0.47,1.38,26.63,7.84,True
816,1872.93,19.35,0.36,34.79,0.1,1.48,21.4,5.6,True
817,1931.4,57.03,0.27,41.94,0.32,1.42,24.43,6.9,True
818,1877.24,22.13,0.35,35.32,0.12,1.47,21.62,5.69,True
819,1948.37,67.97,0.24,44.01,0.38,1.41,25.31,7.27,True
820,1941.0,63.22,0.25,43.11,0.35,1.41,24.93,7.11,True
821,1870.36,17.7,0.36,34.48,0.09,1.48,21.26,5.54,True
822,1914.35,46.05,0.29,39.85,0.25,1.44,23.54,6.52,True
823,1936.41,60.27,0.26,42.55,0.33,1.42,24.69,7.01,True
824,1855.52,8.13,0.39,32.66,0.04,1.49,20.49,5.21,True
825,1877.78,22.48,0.35,35.38,0.12,1.47,21.65,5.71,True
826,1915.34,46.69,0.29,39.97,0.26,1.44,23.6,6.54,True
827,1851.14,5.31,0.39,32.13,0.02,1.5,20.27,5.11,True
828,1882.51,25.53,0.34,35.96,0.14,1.47,21.89,5.81,True
829,1969.55,81.62,0.21,46.6,0.46,1.39,26.41,7.75,True
830,1857.5,9.41,0.38,32.91,0.04,1.49,20.6,5.26,True
831,1886.06,27.81,0.34,36.4,0.15,1.46,22.08,5.89,True
832,1871.72,18.58,0.36,34.64,0.1,1.48,21.33,5.57,True
833,1948.78,68.24,0.24,44.06,0.38,1.4,25.33,7.28,True
834,1850.03,4.6,0.4,31.99,0.01,1.5,20.21,5.09,True
835,1955.73,72.72,0.23,44.91,0.41,1.4,25.69,7.44,True
836,1891.07,31.04,0.33,37.01,0.17,1.46,22.34,6.0,True
837,1859.69,10.82,0.38,33.17,0.05,1.49,20.71,5.3,True
838,1971.86,83.11,0.2,46.88,0.47,1.38,26.53,7.8,True
839,1922.99,51.62,0.28,40.91,0.29,1.43,23.99,6.71,True
840,1850.95,5.19,0.39,32.11,0.02,1.5,20.26,5.11,True
841,1925.07,52.95,0.28,41.16,0.29,1.43,24.1,6.76,True
842,1909.33,42.81,0.3,39.24,0.23,1.44,23.28,6.41,True
843,1937.75,61.13,0.26,42.71,0.34,1.42,24.76,7.04,True
844,1890.8,30.87,0.33,36.98,0.17,1.46,22.32,6.0,True
845,1919.38,49.29,0.29,40.47,0.27,1.43,23.8,6.63,True
846,1910.09,43.3,0.3,39.33,0.24,1.44,23.32,6.42,True
847,1944.99,65.8,0.24,43.6,0.37,1.41,25.13,7.2,True
848,1909.49,42.91,0.3,39.26,0.24,1.44,23.29,6.41,True
849,1961.87,76.67,0.22,45.66,0.43,1.39,26.01,7.57,True
850,1878.7,23.07,0.35,35.5,0.12,1.47,21.7,5.73,True
851,1965.95,79.3,0.21,46.16,0.44,1.39,26.22,7.67,True
852,1869.52,17.16,0.36,34.37,0.09,1.48,21.22,5.52,True
853,1962.59,77.13,0.22,45.75,0.43,1.39,26.05,7.59,True
854,1889.79,30.22,0.33,36.85,0.16,1.46,22.27,5.97,True
855,1924.57,52.63,0.28,41.1,0.29,1.43,24.07,6.75,True
856,1941.54,63.57,0.25,43.18,0.35,1.41,24.95,7.12,True
857,1968.49,80.94,0.21,46.47,0.45,1.39,26.35,7.72,True
858,1870.18,17.58,0.36,34.46,0.09,1.48,21.25,5.54,True
859,1898.44,35.79,0.32,37.91,0.19,1.45,22.72,6.17,True
860,1943.38,64.76,0.25,43.4,0.36,1.41,25.05,7.16,True
861,1959.24,74.98,0.22,45.34,0.42,1.4,25.87,7.52,True
862,1962.14,76.85,0.22,45.69,0.43,1.39,26.02,7.58,True
863,1974.14,84.58,0.2,47.16,0.47,1.38,26.64,7.85,True
864,1975.93,85.73,0.2,47.38,0.48,1.38,26.74,7.89,True
865,1929.7,55.94,0.27,41.73,0.31,1.42,24.34,6.86,True
866,1955.33,72.46,0.23,44.86,0.4,1.4,25.67,7.43,True
867,1906.04,40.69,0.31,38.84,0.22,1.44,23.11,6.33,True
868,1887.53,28.77,0.34,36.58,0.15,1.46,22.15,5.92,True
869,1941.35,63.45,0.25,43.15,0.35,1.41,24.94,7.12,True
870,1872.11,18.83,0.36,34.69,0.1,1.48,21.35,5.58,True
871,1883.9,26.42,0.34,36.13,0.14,1.46,21.97,5.84,True
872,1866.33,15.1,0.37,33.98,0.08,1.48,21.05,5.45,True
873,1973.35,84.07,0.2,47.07,0.47,1.38,26.6,7.83,True
874,1967.46,80.27,0.21,46.35,0.45,1.39,26.3,7.7,True
875,1886.47,28.08,0.34,36.45,0.15,1.46,22.1,5.9,True
876,1956.14,72.98,0.23,44.96,0.41,1.4,25.71,7.45,True
877,1925.14,53.0,0.28,41.17,0.29,1.43,24.1,6.76,True
878,1975.49,85.45,0.2,47.33,0.48,1.38,26.71,7.88,True
879,1980.24,88.51,0.19,47.91,0.5,1.38,26.96,7.98,True
880,1934.52,59.05,0.26,42.32,0.33,1.42,24.59,6.97,True
881,1976.37,86.02,0.19,47.43,0.48,1.38,26.76,7.9,True
882,1947.54,67.44,0.24,43.91,0.38,1.41,25.27,7.26,True
883,1854.44,7.44,0.39,32.53,0.03,1.49,20.44,5.19,True
884,1925.04,52.94,0.28,41.16,0.29,1.43,24.1,6.76,True
885,1859.79,10.89,0.38,33.19,0.05,1.49,20.72,5.31,True
886,1922.51,51.3,0.28,40.85,0.28,1.43,23.97,6.7,True
887,1902.64,38.5,0.31,38.42,0.21,1.45,22.94,6.26,True
888,1979.81,88.23,0.19,47.85,0.5,1.38,26.94,7.97,True
889,1874.46,20.34,0.36,34.98,0.11,1.47,21.48,5.63,True
890,1937.19,60.76,0.26,42.65,0.34,1.42,24.73,7.03,True
891,1964.86,78.6,0.21,46.03,0.44,1.39,26.16,7.64,True
892,1938.77,61.78,0.25,42.84,0.34,1.41,24.81,7.06,True
893,1918.73,48.87,0.29,40.39,0.27,1.43,23.77,6.62,True
894,1888.06,29.1,0.34,36.64,0.16,1.46,22.18,5.93,True
895,1889.02,29.73,0.33,36.76,0.16,1.46,22.23,5.96,True
896,1968.07,80.67,0.21,46.42,0.45,1.39,26.33,7.71,True
897,1925.05,52.95,0.28,41.16,0.29,1.43,24.1,6.76,True
898,1924.18,52.38,0.28,41.06,0.29,1.43,24.05,6.74,True
899,1951.46,69.97,0.23,44.39,0.39,1.4,25.47,7.34,True
900,1953.07,71.0,0.23,44.59,0.4,1.4,25.55,7.38,True
901,1893.33,32.5,0.33,37.28,0.18,1.46,22.45,6.05,True
902,1929.88,56.06,0.27,41.75,0.31,1.42,24.35,6.86,True
903,1959.48,75.13,0.22,45.37,0.42,1.39,25.88,7.52,True
904,1937.47,60.95,0.26,42.68,0.34,1.42,24.74,7.03,True
905,1923.14,51.71,0.28,40.93,0.29,1.43,24.0,6.71,True
906,1914.52,46.16,0.29,39.88,0.25,1.44,23.55,6.52,True
907,1919.29,49.23,0.29,40.46,0.27,1.43,23.8,6.63,True
908,1911.11,43.96,0.3,39.46,0.24,1.44,23.38,6.45,True
909,1936.31,60.2,0.26,42.54,0.33,1.42,24.68,7.01,True
910,1979.38,87.96,0.19,47.8,0.49,1.38,26.92,7.96,True
911,1860.96,11.64,0.38,33.33,0.06,1.49,20.78,5.33,True
912,1853.42,6.78,0.39,32.41,0.03,1.49,20.38,5.16,True
913,1886.17,27.89,0.34,36.41,0.15,1.46,22.08,5.89,True
914,1859.39,10.63,0.38,33.14,0.05,1.49,20.69,5.3,True
915,1927.26,54.37,0.27,41.43,0.3,1.42,24.21,6.81,True
916,1947.37,67.32,0.24,43.89,0.38,1.41,25.26,7.25,True
917,1887.86,28.97,0.34,36.62,0.16,1.46,22.17,5.93,True
918,1949.31,68.58,0.24,44.13,0.38,1.4,25.36,7.3,True
919,1900.02,36.81,0.32,38.1,0.2,1.45,22.8,6.2,True
920,1929.79,56.0,0.27,41.74,0.31,1.42,24.34,6.86,True
921,1937.45,60.94,0.26,42.68,0.34,1.42,24.74,7.03,True
922,1944.18,65.27,0.25,43.5,0.36,1.41,25.09,7.18,True
923,1949.03,68.39,0.24,44.09,0.38,1.4,25.34,7.29,True
924,1914.93,46.42,0.29,39.92,0.26,1.44,23.57,6.53,True
925,1899.84,36.7,0.32,38.08,0.2,1.45,22.79,6.2,True
926,1913.19,45.3,0.3,39.71,0.25,1.44,23.48,6.49,True
927,1955.87,72.8,0.23,44.93,0.41,1.4,25.7,7.44,True
928,1961.77,76.6,0.22,45.65,0.43,1.39,26.0,7.57,True
929,1871.54,18.46,0.36,34.62,0.09,1.48,21.32,5.57,True
930,1963.6,77.79,0.21,45.87,0.44,1.39,26.1,7.61,True
931,1878.03,22.64,0.35,35.42,0.12,1.47,21.66,5.71,True
932,1851.72,5.68,0.39,32.2,0.02,1.49,20.3,5.13,True
933,1859.03,10.4,0.38,33.09,0.05,1.49,20.68,5.29,True
934,1970.36,82.14,0.2,46.7,0.46,1.38,26.45,7.76,True
935,1875.02,20.7,0.36,35.05,0.11,1.47,21.5,5.64,True
936,1901.67,37.88,0.31,38.3,0.21,1.45,22.89,6.24,True
937,1913.41,45.44,0.29,39.74,0.25,1.44,23.5,6.5,True
938,1972.67,83.63,0.2,46.98,0.47,1.38,26.57,7.81,True
939,1918.94,49.0,0.29,40.41,0.27,1.43,23.78,6.62,True
940,1899.57,36.52,0.32,38.05,0.2,1.45,22.78,6.19,True
941,1914.26,45.99,0.29,39.84,0.25,1.44,23.54,6.52,True
942,1867.03,15.55,0.37,34.07,0.08,1.48,21.09,5.47,True
943,1848.75,3.77,0.4,31.84,0.01,1.5,20.14,5.06,True
944,1921.31,50.53,0.28,40.7,0.28,1.43,23.9,6.67,True
945,1962.46,77.05,0.22,45.73,0.43,1.39,26.04,7.59,True
946,1847.53,2.98,0.4,31.69,0.01,1.5,20.08,5.03,True
947,1937.79,61.15,0.26,42.72,0.34,1.42,24.76,7.04,True
948,1866.66,15.32,0.37,34.03,0.08,1.48,21.07,5.46,True
949,1926.27,53.73,0.27,41.31,0.3,1.43,24.16,6.78,True
950,1876.23,21.48,0.35,35.2,0.11,1.47,21.57,5.67,True
951,1907.69,41.76,0.3,39.04,0.23,1.44,23.2,6.37,True
952,1946.73,66.91,0.24,43.81,0.37,1.41,25.22,7.24,True
953,1962.55,77.11,0.22,45.74,0.43,1.39,26.04,7.59,True
954,1952.64,70.73,0.23,44.53,0.39,1.4,25.53,7.37,True
955,1900.3,36.99,0.32,38.14,0.2,1.45,22.82,6.21,True
956,1876.38,21.58,0.35,35.21,0.11,1.47,21.58,5.68,True
957,1868.26,16.34,0.37,34.22,0.08,1.48,21.15,5.49,True
958,1959.22,74.97,0.22,45.34,0.42,1.4,25.87,7.52,True
959,1922.57,51.34,0.28,40.86,0.28,1.43,23.97,6.7,True
960,1912.49,44.85,0.3,39.63,0.25,1.44,23.45,6.48,True
961,1872.11,18.83,0.36,34.69,0.1,1.48,21.35,5.58,True
962,1875.44,20.97,0.36,35.1,0.11,1.47,21.53,5.65,True
963,1958.93,74.78,0.22,45.3,0.42,1.4,25.86,7.51,True
964,1965.65,79.11,0.21,46.12,0.44,1.39,26.2,7.66,True
965,1869.32,17.03,0.37,34.35,0.09,1.48,21.21,5.52,True
966,1866.31,15.09,0.37,33.98,0.08,1.48,21.05,5.45,True
967,1849.37,4.17,0.4,31.91,0.01,1.5,20.17,5.07,True
968,1938.1,61.36,0.26,42.76,0.34,1.41,24.78,7.05,True
969,1964.48,78.35,0.21,45.98,0.44,1.39,26.14,7.63,True
970,1888.44,29.35,0.33,36.69,0.16,1.46,22.2,5.94,True
971,1930.99,56.77,0.27,41.89,0.31,1.42,24.41,6.89,True
972,1909.45,42.89,0.3,39.26,0.24,1.44,23.29,6.41,True
973,1942.16,63.97,0.25,43.25,0.36,1.41,24.99,7.14,True
974,1876.9,21.92,0.35,35.28,0.11,1.47,21.6,5.69,True
975,1883.54,26.19,0.34,36.09,0.14,1.47,21.95,5.83,True
976,1864.43,13.88,0.37,33.75,0.07,1.48,20.96,5.41,True
977,1896.04,34.25,0.32,37.62,0.19,1.45,22.59,6.11,True
978,1963.72,77.86,0.21,45.89,0.44,1.39,26.1,7.62,True
979,1850.9,5.16,0.39,32.1,0.02,1.5,20.25,5.11,True
980,1930.14,56.22,0.27,41.78,0.31,1.42,24.36,6.87,True
981,1974.34,84.71,0.2,47.19,0.48,1.38,26.65,7.85,True
982,1880.63,24.32,0.35,35.73,0.13,1.47,21.8,5.77,True
983,1890.37,30.59,0.33,36.92,0.16,1.46,22.3,5.99,True
984,1868.75,16.66,0.37,34.28,0.08,1.48,21.18,5.51,True
985,1944.01,65.16,0.25,43.48,0.36,1.41,25.08,7.18,True
986,1943.39,64.76,0.25,43.4,0.36,1.41,25.05,7.16,True
987,1965.17,78.8,0.21,46.07,0.44,1.39,26.18,7.65,True
988,1877.09,22.03,0.35,35.3,0.12,1.47,21.61,5.69,True
989,1947.82,67.62,0.24,43.95,0.38,1.41,25.28,7.26,True
990,1869.48,17.13,0.36,34.37,0.09,1.48,21.22,5.52,True
991,1979.74,88.19,0.19,47.85,0.5,1.38,26.93,7.97,True
992,1948.38,67.98,0.24,44.01,0.38,1.41,25.31,7.28,True
993,1907.75,41.79,0.3,39.05,0.23,1.44,23.2,6.37,True
994,1860.17,11.13,0.38,33.23,0.05,1.49,20.73,5.31,True
995,1976.96,86.4,0.19,47.51,0.49,1.38,26.79,7.91,True
996,1975.89,85.71,0.2,47.38,0.48,1.38,26.73,7.89,True
997,1882.19,25.32,0.34,35.92,0.13,1.47,21.88,5.8,True
998,1938.19,61.41,0.26,42.77,0.34,1.41,24.78,7.05,True
999,1975.53,85.47,0.2,47.33,0.48,1.38,26.72,7.88,True
1000,1934.9,59.29,0.26,42.37,0.33,1.42,24.61,6.98,True
1001,1859.42,10.65,0.38,33.14,0.05,1.49,20.7,5.3,True
1002,1896.79,34.73,0.32,37.71,0.19,1.45,22.63,6.13,True
1003,1957.11,73.6,0.23,45.08,0.41,1.4,25.76,7.47,True
1004,1972.28,83.38,0.2,46.93,0.47,1.38,26.55,7.81,True
1005,1951.59,70.05,0.23,44.41,0.39,1.4,25.48,7.35,True
1006,1902.27,38.26,0.31,38.38,0.21,1.45,22.92,6.25,True
1007,1863.77,13.45,0.37,33.67,0.07,1.48,20.92,5.39,True
1008,1937.04,60.67,0.26,42.63,0.34,1.42,24.72,7.02,True
1009,1871.81,18.63,0.36,34.65,0.1,1.48,21.34,5.57,True
1010,1961.15,76.21,0.22,45.57,0.43,1.39,25.97,7.56,True
1011,1875.32,20.9,0.36,35.08,0.11,1.47,21.52,5.65,True
1012,1931.22,56.92,0.27,41.92,0.32,1.42,24.42,6.89,True
1013,1893.35,32.51,0.33,37.29,0.18,1.46,22.46,6.05,True
1014,1912.58,44.91,0.3,39.64,0.25,1.44,23.45,6.48,True
1015,1872.53,19.09,0.36,34.74,0.1,1.48,21.38,5.59,True
1016,1893.67,32.72,0.33,37.33,0.18,1.46,22.47,6.06,True
1017,1971.52,82.89,0.2,46.84,0.46,1.38,26.51,7.79,True
1018,1866.95,15.5,0.37,34.06,0.08,1.48,21.09,5.47,True
1019,1847.36,2.87,0.4,31.67,0.01,1.5,20.07,5.03,True
1020,1943.99,65.15,0.25,43.48,0.36,1.41,25.08,7.18,True
1021,1933.37,58.3,0.26,42.18,0.32,1.42,24.53,6.94,True
1022,1895.38,33.82,0.32,37.54,0.18,1.45,22.56,6.1,True
1023,1917.14,47.85,0.29,40.2,0.26,1.43,23.69,6.58,True
1024,1889.83,30.25,0.33,36.86,0.16,1.46,22.27,5.97,True
1025,1914.19,45.94,0.29,39.83,0.25,1.44,23.54,6.52,True
1026,1943.3,64.7,0.25,43.39,0.36,1.41,25.04,7.16,True
1027,1979.69,88.16,0.19,47.84,0.5,1.38,26.93,7.97,True
1028,1950.74,69.5,0.24,44.3,0.39,1.4,25.43,7.33,True
1029,1964.89,78.61,0.21,46.03,0.44,1.39,26.16,7.64,True
1030,1923.97,52.24,0.28,41.03,0.29,1.43,24.04,6.73,True
1031,1907.49,41.63,0.3,39.02,0.23,1.44,23.19,6.37,True
1032,1854.05,7.19,0.39,32.48,0.03,1.49,20.42,5.18,True
1033,1926.96,54.17,0.27,41.39,0.3,1.43,24.2,6.8,True
1034,1912.93,45.13,0.3,39.68,0.25,1.44,23.47,6.49,True
1035,1853.02,6.52,0.39,32.36,0.03,1.49,20.36,5.16,True
1036,1943.57,64.88,0.25,43.42,0.36,1.41,25.06,7.17,True
1037,1964.63,78.45,0.21,46.0,0.44,1.39,26.15,7.64,True
1038,1863.0,12.95,0.38,33.58,0.06,1.48,20.88,5.38,True
1039,1973.45,84.13,0.2,47.08,0.47,1.38,26.61,7.83,True
1040,1871.69,18.56,0.36,34.64,0.1,1.48,21.33,5.57,True
1041,1892.9,32.22,0.33,37.23,0.17,1.46,22.43,6.04,True
1042,1871.26,18.28,0.36,34.59,0.09,1.48,21.31,5.56,True
1043,1851.05,5.25,0.39,32.12,0.02,1.5,20.26,5.11,True
1044,1901.67,37.88,0.31,38.3,0.21,1.45,22.89,6.24,True
1045,1978.7,87.52,0.19,47.72,0.49,1.38,26.88,7.95,True
1046,1912.08,44.59,0.3,39.58,0.24,1.44,23.43,6.47,True
1047,1872.93,19.35,0.36,34.79,0.1,1.48,21.4,5.6,True
1048,1850.37,4.81,0.4,32.03,0.02,1.5,20.23,5.1,True
1049,1976.4,86.04,0.19,47.44,0.48,1.38,26.76,7.9,True
1050,1883.71,26.3,0.34,36.11,0.14,1.47,21.96,5.84,True
1051,1859.39,10.63,0.38,33.14,0.05,1.49,20.69,5.3,True
1052,1886.31,27.98,0.34,36.43,0.15,1.46,22.09,5.9,True
1053,1862.52,12.64,0.38,33.52,0.06,1.48,20.86,5.37,True
1054,1875.91,21.28,0.35,35.16,0.11,1.47,21.55,5.66,True
1055,1953.14,71.05,0.23,44.6,0.4,1.4,25.56,7.38,True
1056,1856.89,9.02,0.38,32.83,0.04,1.49,20.56,5.24,True
1057,1864.62,14.0,0.37,33.78,0.07,1.48,20.97,5.41,True
1058,1962.48,77.06,0.22,45.74,0.43,1.39,26.04,7.59,True
1059,1873.62,19.8,0.36,34.88,0.1,1.47,21.43,5.61,True
1060,1950.01,69.03,0.24,44.21,0.39,1.4,25.39,7.31,True
1061,1934.72,59.18,0.26,42.34,0.33,1.42,24.6,6.97,True
1062,1957.18,73.65,0.23,45.09,0.41,1.4,25.77,7.47,True
1063,1883.6,26.23,0.34,36.1,0.14,1.47,21.95,5.84,True
1064,1921.5,50.65,0.28,40.73,0.28,1.43,23.91,6.68,True
1065,1890.03,30.38,0.33,36.88,0.16,1.46,22.28,5.98,True
1066,1926.77,54.05,0.27,41.37,0.3,1.43,24.19,6.79,True
1067,1962.72,77.22,0.22,45.77,0.43,1.39,26.05,7.59,True
1068,1926.13,53.64,0.27,41.29,0.3,1.43,24.15,6.78,True
1069,1896.07,34.27,0.32,37.62,0.19,1.45,22.6,6.11,True
1070,1956.88,73.45,0.23,45.05,0.41,1.4,25.75,7.46,True
1071,1968.79,81.13,0.21,46.51,0.45,1.39,26.37,7.73,True
1072,1965.68,79.13,0.21,46.13,0.44,1.39,26.21,7.66,True
1073,1922.49,51.29,0.28,40.85,0.28,1.43,23.97,6.7,True
1074,1917.92,48.35,0.29,40.29,0.27,1.43,23.73,6.6,True
1075,1912.9,45.11,0.3,39.68,0.25,1.44,23.47,6.49,True
1076,1875.72,21.15,0.35,35.13,0.11,1.47,21.54,5.66,True
1077,1855.32,8.0,0.39,32.64,0.03,1.49,20.48,5.21,True
1078,1881.82,25.09,0.35,35.88,0.13,1.47,21.86,5.8,True
1079,1876.31,21.53,0.35,35.2,0.11,1.47,21.57,5.67,True
1080,1925.23,53.06,0.28,41.18,0.29,1.43,24.11,6.76,True
1081,1945.8,66.32,0.24,43.7,0.37,1.41,25.18,7.22,True
1082,1958.47,74.48,0.22,45.25,0.42,1.4,25.83,7.5,True
1083,1957.42,73.8,0.22,45.12,0.41,1.4,25.78,7.48,True
1084,1929.51,55.82,0.27,41.71,0.31,1.42,24.33,6.86,True
1085,1970.45,82.2,0.2,46.71,0.46,1.38,26.45,7.77,True
1086,1957.57,73.9,0.22,45.14,0.41,1.4,25.79,7.48,True
1087,1917.45,48.05,0.29,40.23,0.26,1.43,23.71,6.59,True
1088,1896.45,34.51,0.32,37.67,0.19,1.45,22.62,6.12,True
1089,1873.35,19.62,0.36,34.84,0.1,1.47,21.42,5.61,True
1090,1975.93,85.73,0.2,47.38,0.48,1.38,26.74,7.89,True
1091,1923.93,52.22,0.28,41.02,0.29,1.43,24.04,6.73,True
1092,1914.08,45.87,0.29,39.82,0.25,1.44,23.53,6.51,True
1093,1866.43,15.17,0.37,34.0,0.08,1.48,21.06,5.45,True
1094,1946.46,66.74,0.24,43.78,0.37,1.41,25.21,7.23,True
1095,1893.19,32.41,0.33,37.27,0.17,1.46,22.45,6.05,True
1096,1949.32,68.58,0.24,44.13,0.38,1.4,25.36,7.3,True
1097,1854.85,7.7,0.39,32.58,0.03,1.49,20.46,5.2,True
1098,1850.42,4.85,0.4,32.04,0.02,1.5,20.23,5.1,True
1099,1871.06,18.15,0.36,34.56,0.09,1.48,21.3,5.56,True
1100,1858.22,9.87,0.38,32.99,0.05,1.49,20.63,5.27,True
1101,1849.02,3.95,0.4,31.87,0.01,1.5,20.16,5.07,True
1102,1949.37,68.62,0.24,44.13,0.38,1.4,25.36,7.3,True
1103,1850.59,4.96,0.39,32.06,0.02,1.5,20.24,5.1,True
1104,1857.06,9.13,0.38,32.85,0.04,1.49,20.57,5.25,True
1105,1852.02,5.88,0.39,32.24,0.02,1.49,20.31,5.13,True
1106,1920.05,49.72,0.28,40.55,0.27,1.43,23.84,6.65,True
1107,1853.39,6.76,0.39,32.4,0.03,1.49,20.38,5.16,True
1108,1937.47,60.94,0.26,42.68,0.34,1.42,24.74,7.03,True
1109,1900.82,37.33,0.31,38.2,0.2,1.45,22.84,6.22,True
1110,1881.51,24.88,0.35,35.84,0.13,1.47,21.84,5.79,True
1111,1976.34,86.0,0.19,47.43,0.48,1.38,26.76,7.9,True
1112,1954.57,71.97,0.23,44.77,0.4,1.4,25.63,7.41,True
1113,1935.56,59.71,0.26,42.45,0.33,1.42,24.64,6.99,True
1114,1942.64,64.28,0.25,43.31,0.36,1.41,25.01,7.15,True
1115,1903.6,39.12,0.31,38.54,0.21,1.45,22.99,6.28,True
1116,1847.16,2.74,0.4,31.64,0.0,1.5,20.06,5.03,True
1117,2160.44,-3.06,-0.3,42.71,-45.32,1.91,12.09,12.91,True
1118,2033.13,-1.01,-0.02,38.17,-26.97,1.74,15.29,9.71,True
1119,2078.47,-1.74,-0.12,39.79,-33.51,1.8,14.15,10.85,True
1120,2158.33,-3.03,-0.3,42.63,-45.02,1.9,12.14,12.86,True
1121,2157.15,-3.01,-0.3,42.59,-44.85,1.9,12.17,12.83,True
1122,2118.66,-2.39,-0.21,41.22,-39.3,1.85,13.14,11.86,True
1123,2101.03,-2.1,-0.17,40.59,-36.76,1.83,13.58,11.42,True
1124,2019.08,-0.78,0.01,37.67,-24.95,1.72,15.65,9.35,True
1125,2015.73,-0.73,0.02,37.55,-24.46,1.72,15.73,9.27,True
1126,2103.14,-2.14,-0.17,40.66,-37.06,1.83,13.53,11.47,True
1127,2015.85,-0.73,0.02,37.55,-24.48,1.72,15.73,9.27,True
1128,2146.35,-2.83,-0.27,42.2,-43.29,1.89,12.44,12.56,True
1129,2037.4,-1.08,-0.03,38.32,-27.59,1.75,15.18,9.82,True
1130,2142.06,-2.76,-0.26,42.05,-42.67,1.88,12.55,12.45,True
1131,2156.24,-2.99,-0.29,42.56,-44.71,1.9,12.2,12.8,True
1132,2012.54,-0.68,0.03,37.44,-24.0,1.72,15.81,9.19,True
1133,2068.5,-1.58,-0.1,39.43,-32.07,1.79,14.4,10.6,True
1134,2133.35,-2.62,-0.24,41.74,-41.42,1.87,12.77,12.23,True
1135,2060.98,-1.46,-0.08,39.16,-30.98,1.78,14.59,10.41,True
1136,2141.96,-2.76,-0.26,42.05,-42.66,1.88,12.55,12.45,True
1137,2061.13,-1.46,-0.08,39.17,-31.01,1.78,14.59,10.41,True
1138,2147.81,-2.86,-0.27,42.26,-43.5,1.89,12.41,12.59,True
1139,2085.64,-1.86,-0.13,40.04,-34.54,1.81,13.97,11.03,True
1140,2086.3,-1.87,-0.14,40.06,-34.63,1.81,13.95,11.05,True
1141,2068.77,-1.58,-0.1,39.44,-32.11,1.79,14.4,10.6,True
1142,2146.02,-2.83,-0.27,42.19,-43.24,1.89,12.45,12.55,True
1143,2156.9,-3.0,-0.29,42.58,-44.81,1.9,12.18,12.82,True
1144,2125.73,-2.5,-0.22,41.47,-40.32,1.86,12.96,12.04,True
1145,2079.75,-1.76,-0.12,39.83,-33.69,1.8,14.12,10.88,True
1146,2054.25,-1.35,-0.06,38.92,-30.01,1.77,14.76,10.24,True
1147,2111.52,-2.27,-0.19,40.96,-38.27,1.84,13.32,11.68,True
1148,2129.92,-2.57,-0.23,41.62,-40.92,1.87,12.86,12.14,True
1149,2061.0,-1.46,-0.08,39.16,-30.99,1.78,14.59,10.41,True
1150,2155.62,-2.98,-0.29,42.53,-44.63,1.9,12.21,12.79,True
1151,2042.69,-1.16,-0.04,38.51,-28.35,1.75,15.05,9.95,True
1152,2020.28,-0.8,0.01,37.71,-25.12,1.73,15.62,9.38,True
1153,2130.36,-2.58,-0.24,41.63,-40.99,1.87,12.85,12.15,True
1154,2071.74,-1.63,-0.1,39.55,-32.54,1.79,14.32,10.68,True
1155,2046.33,-1.22,-0.05,38.64,-28.87,1.76,14.96,10.04,True
1156,2094.6,-2.0,-0.15,40.36,-35.83,1.82,13.75,11.25,True
1157,2162.79,-3.1,-0.31,42.79,-45.66,1.91,12.03,12.97,True
1158,2048.19,-1.25,-0.05,38.71,-29.14,1.76,14.91,10.09,True
1159,2098.11,-2.06,-0.16,40.49,-36.34,1.83,13.66,11.34,True
1160,2040.14,-1.12,-0.03,38.42,-27.98,1.75,15.12,9.88,True
1161,2100.88,-2.1,-0.17,40.58,-36.74,1.83,13.59,11.41,True
1162,2097.7,-2.05,-0.16,40.47,-36.28,1.83,13.67,11.33,True
1163,2153.52,-2.95,-0.29,42.46,-44.32,1.9,12.26,12.74,True
1164,2081.5,-1.79,-0.13,39.89,-33.94,1.8,14.08,10.92,True
1165,2113.16,-2.3,-0.2,41.02,-38.51,1.85,13.28,11.72,True
1166,2141.42,-2.75,-0.26,42.03,-42.58,1.88,12.57,12.43,True
1167,2094.27,-1.99,-0.15,40.35,-35.78,1.82,13.75,11.25,True
1168,2125.66,-2.5,-0.22,41.47,-40.31,1.86,12.96,12.04,True
1169,2049.97,-1.28,-0.05,38.77,-29.4,1.76,14.87,10.13,True
1170,2131.47,-2.59,-0.24,41.67,-41.14,1.87,12.82,12.18,True
1171,2076.61,-1.71,-0.11,39.72,-33.24,1.8,14.2,10.8,True
1172,2051.18,-1.3,-0.06,38.81,-29.57,1.77,14.84,10.16,True
1173,2103.71,-2.15,-0.18,40.68,-37.14,1.83,13.52,11.48,True
1174,2122.46,-2.45,-0.22,41.35,-39.85,1.86,13.04,11.96,True
1175,2147.95,-2.86,-0.27,42.26,-43.52,1.89,12.4,12.6,True
1176,2077.67,-1.73,-0.12,39.76,-33.39,1.8,14.17,10.83,True
1177,2149.49,-2.88,-0.28,42.32,-43.74,1.89,12.37,12.63,True
1178,2007.66,-0.6,0.04,37.26,-23.3,1.71,15.93,9.07,True
1179,2130.8,-2.58,-0.24,41.65,-41.05,1.87,12.84,12.16,True
1180,2014.19,-0.71,0.03,37.49,-24.24,1.72,15.77,9.23,True
1181,2032.49,-1.0,-0.02,38.15,-26.88,1.74,15.31,9.69,True
1182,2041.95,-1.15,-0.04,38.48,-28.24,1.75,15.07,9.93,True
1183,2125.33,-2.49,-0.22,41.46,-40.26,1.86,12.97,12.03,True
1184,2127.62,-2.53,-0.23,41.54,-40.59,1.86,12.92,12.08,True
1185,2027.37,-0.92,-0.0,37.96,-26.14,1.73,15.44,9.56,True
1186,2119.3,-2.4,-0.21,41.24,-39.39,1.85,13.12,11.88,True
1187,2151.92,-2.92,-0.28,42.4,-44.09,1.9,12.3,12.7,True
1188,2099.4,-2.08,-0.17,40.53,-36.52,1.83,13.63,11.37,True
1189,2122.16,-2.44,-0.22,41.34,-39.8,1.86,13.05,11.95,True
1190,2025.61,-0.89,-0.0,37.9,-25.89,1.73,15.48,9.52,True
1191,2065.2,-1.53,-0.09,39.31,-31.59,1.78,14.49,10.51,True
1192,2070.34,-1.61,-0.1,39.5,-32.33,1.79,14.36,10.64,True
1193,2025.51,-0.89,-0.0,37.9,-25.87,1.73,15.48,9.52,True
1194,2103.37,-2.14,-0.17,40.67,-37.09,1.83,13.53,11.47,True
1195,2031.55,-0.99,-0.01,38.11,-26.74,1.74,15.33,9.67,True
1196,2112.11,-2.28,-0.19,40.98,-38.35,1.84,13.31,11.69,True
1197,2143.01,-2.78,-0.26,42.09,-42.81,1.88,12.53,12.47,True
1198,2078.73,-1.74,-0.12,39.79,-33.54,1.8,14.15,10.85,True
1199,2139.08,-2.72,-0.25,41.95,-42.24,1.88,12.63,12.37,True
1200,2107.15,-2.2,-0.18,40.81,-37.64,1.84,13.43,11.57,True
1201,2064.92,-1.52,-0.09,39.3,-31.55,1.78,14.49,10.51,True
1202,2156.91,-3.0,-0.29,42.58,-44.81,1.9,12.18,12.82,True
1203,2143.44,-2.79,-0.26,42.1,-42.87,1.88,12.52,12.48,True
1204,2097.77,-2.05,-0.16,40.47,-36.29,1.83,13.67,11.33,True
1205,2082.16,-1.8,-0.13,39.92,-34.04,1.81,14.06,10.94,True
1206,2160.26,-3.06,-0.3,42.7,-45.29,1.91,12.09,12.91,True
1207,2090.0,-1.93,-0.14,40.2,-35.17,1.82,13.86,11.14,True
1208,2011.11,-0.66,0.03,37.38,-23.8,1.71,15.85,9.15,True
1209,2127.32,-2.53,-0.23,41.53,-40.55,1.86,12.92,12.08,True
1210,2029.01,-0.94,-0.01,38.02,-26.38,1.74,15.4,9.6,True
1211,2161.8,-3.08,-0.31,42.76,-45.52,1.91,12.06,12.94,True
1212,2050.17,-1.29,-0.06,38.78,-29.43,1.76,14.86,10.14,True
1213,2070.79,-1.62,-0.1,39.51,-32.4,1.79,14.34,10.66,True
1214,2097.22,-2.04,-0.16,40.45,-36.21,1.82,13.68,11.32,True
1215,2074.44,-1.68,-0.11,39.64,-32.93,1.8,14.25,10.75,True
1216,2134.19,-2.64,-0.24,41.77,-41.54,1.87,12.75,12.25,True
1217,2033.56,-1.02,-0.02,38.18,-27.03,1.74,15.28,9.72,True
1218,2035.43,-1.05,-0.02,38.25,-27.3,1.74,15.23,9.77,True
1219,2114.26,-2.32,-0.2,41.06,-38.66,1.85,13.25,11.75,True
1220,2133.34,-2.62,-0.24,41.74,-41.41,1.87,12.77,12.23,True
1221,2072.75,-1.65,-0.11,39.58,-32.68,1.79,14.3,10.7,True
1222,2066.68,-1.55,-0.09,39.37,-31.81,1.79,14.45,10.55,True
1223,2158.64,-3.03,-0.3,42.64,-45.06,1.9,12.13,12.87,True
1224,2050.62,-1.29,-0.06,38.79,-29.49,1.76,14.85,10.15,True
1225,2066.53,-1.55,-0.09,39.36,-31.78,1.78,14.45,10.55,True
1226,2129.05,-2.55,-0.23,41.59,-40.8,1.87,12.88,12.12,True
1227,2021.56,-0.82,0.01,37.76,-25.3,1.73,15.58,9.42,True
1228,2121.05,-2.43,-0.21,41.3,-39.64,1.86,13.08,11.92,True
1229,2116.57,-2.35,-0.2,41.14,-39.0,1.85,13.19,11.81,True
1230,2026.83,-0.91,-0.0,37.94,-26.06,1.73,15.45,9.55,True
1231,2127.35,-2.53,-0.23,41.53,-40.55,1.86,12.92,12.08,True
1232,2047.58,-1.24,-0.05,38.68,-29.05,1.76,14.93,10.07,True
1233,2076.69,-1.71,-0.11,39.72,-33.25,1.8,14.2,10.8,True
1234,2146.7,-2.84,-0.27,42.22,-43.34,1.89,12.44,12.56,True
1235,2123.16,-2.46,-0.22,41.38,-39.95,1.86,13.03,11.97,True
1236,2103.66,-2.15,-0.18,40.68,-37.14,1.83,13.52,11.48,True
1237,2163.51,-3.11,-0.31,42.82,-45.76,1.91,12.01,12.99,True
1238,2025.11,-0.88,0.0,37.88,-25.82,1.73,15.49,9.51,True
1239,2083.17,-1.82,-0.13,39.95,-34.18,1.81,14.03,10.97,True
1240,2119.23,-2.4,-0.21,41.24,-39.38,1.85,13.13,11.87,True
1241,2106.27,-2.19,-0.18,40.78,-37.51,1.84,13.45,11.55,True
1242,2026.58,-0.91,-0.0,37.94,-26.03,1.73,15.46,9.54,True
1243,2058.03,-1.41,-0.07,39.06,-30.56,1.77,14.67,10.33,True
1244,2158.83,-3.03,-0.3,42.65,-45.09,1.9,12.13,12.87,True
1245,2151.67,-2.92,-0.28,42.39,-44.06,1.89,12.31,12.69,True
1246,2138.97,-2.71,-0.25,41.94,-42.23,1.88,12.63,12.37,True
1247,2130.65,-2.58,-0.24,41.64,-41.03,1.87,12.84,12.16,True
1248,2157.35,-3.01,-0.3,42.6,-44.87,1.9,12.17,12.83,True
1249,2084.53,-1.84,-0.13,40.0,-34.38,1.81,14.0,11.0,True
1250,2089.01,-1.91,-0.14,40.16,-35.02,1.81,13.89,11.11,True
1251,2046.43,-1.22,-0.05,38.64,-28.89,1.76,14.96,10.04,True
1252,2056.41,-1.39,-0.07,39.0,-30.33,1.77,14.71,10.29,True
1253,2119.93,-2.41,-0.21,41.26,-39.48,1.85,13.11,11.89,True
1254,2151.77,-2.92,-0.28,42.4,-44.07,1.89,12.31,12.69,True
1255,2029.89,-0.96,-0.01,38.05,-26.5,1.74,15.37,9.63,True
1256,2163.32,-3.11,-0.31,42.81,-45.74,1.91,12.02,12.98,True
1257,2124.77,-2.49,-0.22,41.44,-40.18,1.86,12.99,12.01,True
1258,2110.38,-2.25,-0.19,40.92,-38.11,1.84,13.35,11.65,True
1259,2043.55,-1.18,-0.04,38.54,-28.47,1.76,15.03,9.97,True
1260,2067.38,-1.56,-0.09,39.39,-31.91,1.79,14.43,10.57,True
1261,2090.33,-1.93,-0.15,40.21,-35.21,1.82,13.85,11.15,True
1262,2037.84,-1.09,-0.03,38.34,-27.65,1.75,15.17,9.83,True
1263,2077.52,-1.73,-0.12,39.75,-33.37,1.8,14.18,10.82,True
1264,2058.92,-1.43,-0.07,39.09,-30.69,1.78,14.64,10.36,True
1265,2048.07,-1.25,-0.05,38.7,-29.12,1.76,14.92,10.08,True
1266,2130.86,-2.58,-0.24,41.65,-41.06,1.87,12.83,12.17,True
1267,2140.24,-2.73,-0.26,41.99,-42.41,1.88,12.6,12.4,True
1268,2071.37,-1.63,-0.1,39.53,-32.48,1.79,14.33,10.67,True
1269,2015.73,-0.73,0.02,37.55,-24.46,1.72,15.73,9.27,True
1270,2016.41,-0.74,0.02,37.57,-24.56,1.72,15.71,9.29,True
1271,2068.03,-1.57,-0.1,39.41,-32.0,1.79,14.41,10.59,True
1272,2098.64,-2.06,-0.16,40.5,-36.41,1.83,13.64,11.36,True
1273,2007.34,-0.6,0.04,37.25,-23.25,1.71,15.94,9.06,True
1274,2140.18,-2.73,-0.26,41.98,-42.4,1.88,12.6,12.4,True
1275,2111.77,-2.28,-0.19,40.97,-38.31,1.84,13.31,11.69,True
1276,2062.72,-1.49,-0.08,39.22,-31.24,1.78,14.55,10.45,True
1277,2026.22,-0.9,-0.0,37.92,-25.97,1.73,15.47,9.53,True
1278,2106.92,-2.2,-0.18,40.8,-37.61,1.84,13.44,11.56,True
1279,2012.3,-0.68,0.03,37.43,-23.97,1.71,15.82,9.18,True
1280,2103.93,-2.15,-0.18,40.69,-37.18,1.83,13.51,11.49,True
1281,2076.04,-1.7,-0.11,39.7,-33.16,1.8,14.21,10.79,True
1282,2110.65,-2.26,-0.19,40.93,-38.14,1.84,13.34,11.66,True
1283,2084.52,-1.84,-0.13,40.0,-34.38,1.81,14.0,11.0,True
1284,2097.4,-2.05,-0.16,40.46,-36.23,1.82,13.68,11.32,True
1285,2044.43,-1.19,-0.04,38.57,-28.6,1.76,15.01,9.99,True
1286,2040.6,-1.13,-0.03,38.44,-28.05,1.75,15.1,9.9,True
1287,2107.9,-2.21,-0.18,40.83,-37.75,1.84,13.41,11.59,True
1288,2151.1,-2.91,-0.28,42.37,-43.97,1.89,12.32,12.68,True
1289,2161.74,-3.08,-0.31,42.75,-45.51,1.91,12.06,12.94,True
1290,2022.18,-0.83,0.01,37.78,-25.39,1.73,15.57,9.43,True
1291,2068.54,-1.58,-0.1,39.43,-32.07,1.79,14.4,10.6,True
1292,2039.11,-1.11,-0.03,38.38,-27.83,1.75,15.14,9.86,True
1293,2131.18,-2.59,-0.24,41.66,-41.1,1.87,12.83,12.17,True
1294,2113.74,-2.31,-0.2,41.04,-38.59,1.85,13.26,11.74,True
1295,2106.56,-2.19,-0.18,40.79,-37.55,1.84,13.45,11.55,True
1296,2005.02,-0.56,0.05,37.17,-22.92,1.71,16.0,9.0,True
1297,2035.85,-1.05,-0.02,38.27,-27.36,1.75,15.22,9.78,True
1298,2040.18,-1.12,-0.03,38.42,-27.99,1.75,15.11,9.89,True
1299,2112.82,-2.29,-0.2,41.01,-38.46,1.84,13.29,11.71,True
1300,2157.79,-3.02,-0.3,42.61,-44.94,1.9,12.16,12.84,True
1301,2154.53,-2.96,-0.29,42.5,-44.47,1.9,12.24,12.76,True
1302,2013.53,-0.7,0.03,37.47,-24.15,1.72,15.79,9.21,True
1303,2059.89,-1.44,-0.08,39.12,-30.83,1.78,14.62,10.38,True
1304,2016.95,-0.75,0.02,37.59,-24.64,1.72,15.7,9.3,True
1305,2077.94,-1.73,-0.12,39.77,-33.43,1.8,14.17,10.83,True
1306,2071.17,-1.62,-0.1,39.52,-32.45,1.79,14.34,10.66,True
1307,2134.96,-2.65,-0.25,41.8,-41.65,1.87,12.73,12.27,True
1308,2159.38,-3.04,-0.3,42.67,-45.17,1.9,12.12,12.88,True
1309,2072.15,-1.64,-0.1,39.56,-32.59,1.79,14.31,10.69,True
1310,2154.96,-2.97,-0.29,42.51,-44.53,1.9,12.23,12.77,True
1311,2066.63,-1.55,-0.09,39.36,-31.8,1.78,14.45,10.55,True
1312,2093.73,-1.99,-0.15,40.33,-35.71,1.82,13.77,11.23,True
1313,2103.03,-2.14,-0.17,40.66,-37.05,1.83,13.53,11.47,True
1314,2147.4,-2.85,-0.27,42.24,-43.44,1.89,12.42,12.58,True
1315,2048.04,-1.25,-0.05,38.7,-29.12,1.76,14.92,10.08,True
1316,2075.5,-1.69,-0.11,39.68,-33.08,1.8,14.23,10.77,True
1317,2117.08,-2.36,-0.21,41.16,-39.07,1.85,13.18,11.82,True
1318,2102.4,-2.13,-0.17,40.64,-36.96,1.83,13.55,11.45,True
1319,2131.19,-2.59,-0.24,41.66,-41.1,1.87,12.83,12.17,True
1320,2103.04,-2.14,-0.17,40.66,-37.05,1.83,13.53,11.47,True
1321,2119.53,-2.4,-0.21,41.25,-39.42,1.85,13.12,11.88,True
1322,2055.16,-1.37,-0.07,38.95,-30.15,1.77,14.74,10.26,True
1323,2049.32,-1.27,-0.05,38.75,-29.3,1.76,14.88,10.12,True
1324,2122.39,-2.45,-0.22,41.35,-39.84,1.86,13.05,11.95,True
1325,2019.22,-0.79,0.01,37.67,-24.97,1.72,15.64,9.36,True
1326,2022.95,-0.85,0.01,37.81,-25.5,1.73,15.55,9.45,True
1327,2068.34,-1.58,-0.1,39.42,-32.05,1.79,14.41,10.59,True
1328,2163.41,-3.11,-0.31,42.81,-45.75,1.91,12.01,12.99,True
1329,2133.61,-2.63,-0.24,41.75,-41.45,1.87,12.76,12.24,True
1330,2142.1,-2.76,-0.26,42.05,-42.68,1.88,12.55,12.45,True
1331,2016.68,-0.75,0.02,37.58,-24.6,1.72,15.71,9.29,True
1332,2036.44,-1.06,-0.02,38.29,-27.45,1.75,15.21,9.79,True
1333,2082.2,-1.8,-0.13,39.92,-34.04,1.81,14.06,10.94,True
1334,2135.22,-2.65,-0.25,41.81,-41.68,1.87,12.72,12.28,True
1335,2115.28,-2.33,-0.2,41.1,-38.81,1.85,13.23,11.77,True
1336,2086.46,-1.87,-0.14,40.07,-34.66,1.81,13.95,11.05,True
1337,2023.54,-0.86,0.0,37.83,-25.59,1.73,15.53,9.47,True
1338,2050.72,-1.29,-0.06,38.8,-29.51,1.76,14.85,10.15,True
1339,2139.75,-2.73,-0.26,41.97,-42.34,1.88,12.61,12.39,True
1340,2069.64,-1.6,-0.1,39.47,-32.23,1.79,14.37,10.63,True
1341,2072.05,-1.64,-0.1,39.56,-32.58,1.79,14.31,10.69,True
1342,2130.72,-2.58,-0.24,41.65,-41.04,1.87,12.84,12.16,True
1343,2158.95,-3.04,-0.3,42.65,-45.11,1.9,12.13,12.87,True
1344,2058.02,-1.41,-0.07,39.06,-30.56,1.77,14.67,10.33,True
1345,2142.61,-2.77,-0.26,42.07,-42.75,1.88,12.54,12.46,True
1346,2147.51,-2.85,-0.27,42.25,-43.46,1.89,12.41,12.59,True
1347,2128.85,-2.55,-0.23,41.58,-40.77,1.87,12.88,12.12,True
1348,2131.63,-2.6,-0.24,41.68,-41.17,1.87,12.81,12.19,True
1349,2104.21,-2.15,-0.18,40.7,-37.22,1.83,13.5,11.5,True
1350,2123.26,-2.46,-0.22,41.38,-39.96,1.86,13.02,11.98,True
1351,2030.16,-0.96,-0.01,38.06,-26.54,1.74,15.37,9.63,True
1352,2134.22,-2.64,-0.24,41.77,-41.54,1.87,12.75,12.25,True
1353,2155.15,-2.97,-0.29,42.52,-44.56,1.9,12.22,12.78,True
1354,2011.67,-0.67,0.03,37.4,-23.88,1.71,15.83,9.17,True
1355,2154.07,-2.96,-0.29,42.48,-44.4,1.9,12.25,12.75,True
1356,2116.63,-2.35,-0.2,41.14,-39.01,1.85,13.19,11.81,True
1357,2062.74,-1.49,-0.08,39.22,-31.24,1.78,14.55,10.45,True
1358,2109.32,-2.24,-0.19,40.88,-37.95,1.84,13.38,11.62,True
1359,2127.23,-2.53,-0.23,41.52,-40.53,1.86,12.92,12.08,True
1360,2071.22,-1.62,-0.1,39.53,-32.46,1.79,14.33,10.67,True
1361,2033.03,-1.01,-0.02,38.17,-26.96,1.74,15.29,9.71,True
1362,2091.29,-1.95,-0.15,40.24,-35.35,1.82,13.83,11.17,True
1363,2097.5,-2.05,-0.16,40.46,-36.25,1.82,13.67,11.33,True
1364,2093.65,-1.98,-0.15,40.33,-35.69,1.82,13.77,11.23,True
1365,2005.15,-0.56,0.05,37.17,-22.94,1.71,16.0,9.0,True
1366,2021.55,-0.82,0.01,37.76,-25.3,1.73,15.58,9.42,True
1367,2082.2,-1.8,-0.13,39.92,-34.04,1.81,14.06,10.94,True
1368,2059.34,-1.43,-0.08,39.1,-30.75,1.78,14.63,10.37,True
1369,2162.09,-3.09,-0.31,42.77,-45.56,1.91,12.05,12.95,True
1370,2074.87,-1.68,-0.11,39.66,-32.99,1.8,14.24,10.76,True
1371,2145.48,-2.82,-0.27,42.17,-43.16,1.89,12.47,12.53,True
1372,2095.99,-2.02,-0.16,40.41,-36.03,1.82,13.71,11.29,True
1373,2128.87,-2.55,-0.23,41.58,-40.77,1.87,12.88,12.12,True
1374,2018.25,-0.77,0.02,37.64,-24.83,1.72,15.67,9.33,True
1375,2154.13,-2.96,-0.29,42.48,-44.41,1.9,12.25,12.75,True
1376,2027.47,-0.92,-0.0,37.97,-26.16,1.73,15.43,9.57,True
1377,2154.76,-2.97,-0.29,42.5,-44.5,1.9,12.23,12.77,True
1378,2006.64,-0.58,0.04,37.23,-23.15,1.71,15.96,9.04,True
1379,2040.4,-1.13,-0.03,38.43,-28.02,1.75,15.11,9.89,True
1380,2108.17,-2.22,-0.19,40.84,-37.79,1.84,13.4,11.6,True
1381,2141.57,-2.76,-0.26,42.03,-42.6,1.88,12.56,12.44,True
1382,2125.08,-2.49,-0.22,41.45,-40.22,1.86,12.98,12.02,True
1383,2117.0,-2.36,-0.21,41.16,-39.06,1.85,13.18,11.82,True
1384,2094.59,-2.0,-0.15,40.36,-35.83,1.82,13.75,11.25,True
1385,2059.18,-1.43,-0.08,39.1,-30.73,1.78,14.64,10.36,True
1386,2029.15,-0.95,-0.01,38.03,-26.4,1.74,15.39,9.61,True
1387,2159.5,-3.04,-0.3,42.67,-45.19,1.9,12.11,12.89,True
1388,2078.58,-1.74,-0.12,39.79,-33.52,1.8,14.15,10.85,True
1389,2091.58,-1.95,-0.15,40.25,-35.4,1.82,13.82,11.18,True
1390,2036.08,-1.06,-0.02,38.27,-27.4,1.75,15.22,9.78,True
1391,2103.42,-2.14,-0.17,40.67,-37.1,1.83,13.52,11.48,True
1392,2100.9,-2.1,-0.17,40.58,-36.74,1.83,13.59,11.41,True
1393,2089.7,-1.92,-0.14,40.19,-35.12,1.81,13.87,11.13,True
1394,2036.62,-1.07,-0.02,38.29,-27.47,1.75,15.2,9.8,True
1395,2043.64,-1.18,-0.04,38.54,-28.49,1.76,15.03,9.97,True
1396,2045.49,-1.21,-0.04,38.61,-28.75,1.76,14.98,10.02,True
1397,2005.09,-0.56,0.05,37.17,-22.93,1.71,16.0,9.0,True
1398,2007.6,-0.6,0.04,37.26,-23.29,1.71,15.93,9.07,True
1399,2140.35,-2.74,-0.26,41.99,-42.42,1.88,12.6,12.4,True
1400,2083.81,-1.83,-0.13,39.98,-34.28,1.81,14.02,10.98,True
1401,2020.49,-0.81,0.01,37.72,-25.15,1.73,15.61,9.39,True
1402,2147.42,-2.85,-0.27,42.24,-43.44,1.89,12.42,12.58,True
1403,2019.32,-0.79,0.01,37.68,-24.98,1.72,15.64,9.36,True
1404,2038.84,-1.1,-0.03,38.37,-27.79,1.75,15.15,9.85,True
1405,2104.48,-2.16,-0.18,40.71,-37.25,1.83,13.5,11.5,True
1406,2104.61,-2.16,-0.18,40.72,-37.27,1.83,13.49,11.51,True
1407,2080.56,-1.77,-0.12,39.86,-33.81,1.8,14.1,10.9,True
1408,2135.25,-2.65,-0.25,41.81,-41.69,1.87,12.72,12.28,True
1409,2144.01,-2.8,-0.27,42.12,-42.95,1.88,12.5,12.5,True
1410,2055.19,-1.37,-0.07,38.96,-30.15,1.77,14.74,10.26,True
1411,2088.76,-1.91,-0.14,40.15,-34.99,1.81,13.89,11.11,True
1412,2060.09,-1.44,-0.08,39.13,-30.86,1.78,14.61,10.39,True
1413,2151.02,-2.91,-0.28,42.37,-43.96,1.89,12.33,12.67,True
1414,2033.58,-1.02,-0.02,38.19,-27.04,1.74,15.28,9.72,True
1415,2108.11,-2.22,-0.19,40.84,-37.78,1.84,13.41,11.59,True
1416,2041.74,-1.15,-0.04,38.48,-28.21,1.75,15.08,9.92,True
1417,2154.79,-2.97,-0.29,42.51,-44.51,1.9,12.23,12.77,True
1418,2115.71,-2.34,-0.2,41.11,-38.87,1.85,13.21,11.79,True
1419,2073.36,-1.66,-0.11,39.6,-32.77,1.79,14.28,10.72,True
1420,2103.22,-2.14,-0.17,40.67,-37.07,1.83,13.53,11.47,True
1421,2145.97,-2.83,-0.27,42.19,-43.23,1.89,12.45,12.55,True
1422,2139.86,-2.73,-0.26,41.97,-42.35,1.88,12.61,12.39,True
1423,2153.94,-2.95,-0.29,42.47,-44.38,1.9,12.25,12.75,True
1424,2130.47,-2.58,-0.24,41.64,-41.0,1.87,12.84,12.16,True
1425,2016.48,-0.74,0.02,37.58,-24.57,1.72,15.71,9.29,True
1426,2047.35,-1.24,-0.05,38.68,-29.02,1.76,14.93,10.07,True
1427,2011.5,-0.66,0.03,37.4,-23.85,1.71,15.84,9.16,True
1428,2075.65,-1.7,-0.11,39.68,-33.1,1.8,14.22,10.78,True
1429,2152.36,-2.93,-0.28,42.42,-44.16,1.9,12.29,12.71,True
1430,2106.29,-2.19,-0.18,40.78,-37.52,1.84,13.45,11.55,True
1431,2090.31,-1.93,-0.15,40.21,-35.21,1.82,13.85,11.15,True
1432,2057.38,-1.4,-0.07,39.03,-30.47,1.77,14.68,10.32,True
1433,2150.41,-2.9,-0.28,42.35,-43.87,1.89,12.34,12.66,True
1434,2149.13,-2.88,-0.28,42.3,-43.69,1.89,12.37,12.63,True
1435,2073.83,-1.67,-0.11,39.62,-32.84,1.79,14.27,10.73,True
1436,2057.04,-1.4,-0.07,39.02,-30.42,1.77,14.69,10.31,True
1437,2026.26,-0.9,-0.0,37.92,-25.98,1.73,15.47,9.53,True
1438,2044.52,-1.19,-0.04,38.58,-28.61,1.76,15.01,9.99,True
1439,2108.01,-2.22,-0.18,40.84,-37.76,1.84,13.41,11.59,True
1440,2009.07,-0.62,0.04,37.31,-23.5,1.71,15.9,9.1,True
1441,2102.74,-2.13,-0.17,40.65,-37.0,1.83,13.54,11.46,True
1442,2067.24,-1.56,-0.09,39.38,-31.89,1.79,14.43,10.57,True
1443,2132.41,-2.61,-0.24,41.71,-41.28,1.87,12.79,12.21,True
1444,2031.63,-0.99,-0.01,38.12,-26.76,1.74,15.33,9.67,True
1445,2159.2,-3.04,-0.3,42.66,-45.14,1.9,12.12,12.88,True
1446,2065.74,-1.54,-0.09,39.33,-31.67,1.78,14.47,10.53,True
1447,2010.91,-0.65,0.03,37.38,-23.77,1.71,15.85,9.15,True
1448,2006.44,-0.58,0.04,37.22,-23.12,1.71,15.96,9.04,True
1449,2152.61,-2.93,-0.28,42.43,-44.19,1.9,12.29,12.71,True
1450,2057.98,-1.41,-0.07,39.05,-30.55,1.77,14.67,10.33,True
1451,2131.24,-2.59,-0.24,41.67,-41.11,1.87,12.82,12.18,True
1452,2036.86,-1.07,-0.03,38.3,-27.51,1.75,15.2,9.8,True
1453,2149.25,-2.88,-0.28,42.31,-43.71,1.89,12.37,12.63,True
1454,2089.66,-1.92,-0.14,40.18,-35.12,1.81,13.87,11.13,True
1455,2010.44,-0.65,0.03,37.36,-23.7,1.71,15.86,9.14,True
1456,2012.29,-0.68,0.03,37.43,-23.97,1.71,15.82,9.18,True
1457,2077.75,-1.73,-0.12,39.76,-33.4,1.8,14.17,10.83,True
1458,2105.61,-2.18,-0.18,40.75,-37.42,1.84,13.47,11.53,True
1459,2084.15,-1.83,-0.13,39.99,-34.33,1.81,14.01,10.99,True
1460,2091.99,-1.96,-0.15,40.27,-35.46,1.82,13.81,11.19,True
1461,2028.44,-0.94,-0.01,38.0,-26.3,1.74,15.41,9.59,True
1462,2034.64,-1.04,-0.02,38.22,-27.19,1.74,15.25,9.75,True
1463,2068.14,-1.57,-0.1,39.42,-32.02,1.79,14.41,10.59,True
1464,2160.72,-3.06,-0.3,42.72,-45.36,1.91,12.08,12.92,True
1465,2019.58,-0.79,0.01,37.69,-25.02,1.72,15.63,9.37,True
1466,2055.3,-1.37,-0.07,38.96,-30.17,1.77,14.73,10.27,True
1467,2116.67,-2.36,-0.2,41.15,-39.01,1.85,13.19,11.81,True
1468,2088.73,-1.91,-0.14,40.15,-34.98,1.81,13.89,11.11,True
1469,2122.76,-2.45,-0.22,41.36,-39.89,1.86,13.04,11.96,True
1470,2008.88,-0.62,0.04,37.3,-23.48,1.71,15.9,9.1,True
1471,2043.0,-1.17,-0.04,38.52,-28.39,1.75,15.04,9.96,True
1472,2081.74,-1.79,-0.13,39.9,-33.98,1.8,14.07,10.93,True
1473,2152.74,-2.94,-0.29,42.43,-44.21,1.9,12.28,12.72,True
1474,2040.77,-1.13,-0.03,38.44,-28.07,1.75,15.1,9.9,True
1475,2042.99,-1.17,-0.04,38.52,-28.39,1.75,15.04,9.96,True
1476,2044.91,-1.2,-0.04,38.59,-28.67,1.76,15.0,10.0,True
1477,2027.47,-0.92,-0.0,37.97,-26.15,1.73,15.43,9.57,True
1478,2070.78,-1.62,-0.1,39.51,-32.4,1.79,14.35,10.65,True
1479,2090.97,-1.94,-0.15,40.23,-35.31,1.82,13.84,11.16,True
1480,2095.46,-2.01,-0.16,40.39,-35.95,1.82,13.72,11.28,True
1481,2036.03,-1.06,-0.02,38.27,-27.39,1.75,15.22,9.78,True
1482,2073.74,-1.66,-0.11,39.62,-32.82,1.79,14.27,10.73,True
1483,2155.49,-2.98,-0.29,42.53,-44.61,1.9,12.21,12.79,True
1484,2105.52,-2.18,-0.18,40.75,-37.41,1.84,13.47,11.53,True
1485,2045.13,-1.2,-0.04,38.6,-28.7,1.76,14.99,10.01,True
1486,2120.93,-2.42,-0.21,41.3,-39.63,1.86,13.08,11.92,True
1487,2134.06,-2.63,-0.24,41.77,-41.52,1.87,12.75,12.25,True
1488,2073.59,-1.66,-0.11,39.61,-32.8,1.79,14.27,10.73,True
1489,2045.4,-1.21,-0.04,38.61,-28.74,1.76,14.98,10.02,True
1490,2041.27,-1.14,-0.04,38.46,-28.14,1.75,15.09,9.91,True
1491,2051.98,-1.31,-0.06,38.84,-29.69,1.77,14.82,10.18,True
1492,2083.72,-1.82,-0.13,39.97,-34.26,1.81,14.02,10.98,True
1493,2063.45,-1.5,-0.09,39.25,-31.34,1.78,14.53,10.47,True
1494,2145.38,-2.82,-0.27,42.17,-43.15,1.89,12.47,12.53,True
1495,2056.78,-1.39,-0.07,39.01,-30.38,1.77,14.7,10.3,True
1496,2020.71,-0.81,0.01,37.73,-25.18,1.73,15.6,9.4,True
1497,2111.3,-2.27,-0.19,40.95,-38.24,1.84,13.33,11.67,True
1498,2022.4,-0.84,0.01,37.79,-25.42,1.73,15.56,9.44,True
1499,2033.54,-1.02,-0.02,38.18,-27.03,1.74,15.28,9.72,True
1500,2153.52,-2.95,-0.29,42.46,-44.32,1.9,12.26,12.74,True
1501,2023.55,-0.86,0.0,37.83,-25.59,1.73,15.53,9.47,True
1502,2159.88,-3.05,-0.3,42.69,-45.24,1.91,12.1,12.9,True
1503,2152.02,-2.92,-0.28,42.41,-44.11,1.9,12.3,12.7,True
1504,2142.28,-2.77,-0.26,42.06,-42.7,1.88,12.55,12.45,True
1505,2022.63,-0.84,0.01,37.79,-25.46,1.73,15.56,9.44,True
1506,2135.39,-2.66,-0.25,41.81,-41.71,1.87,12.72,12.28,True
1507,2066.7,-1.55,-0.09,39.37,-31.81,1.79,14.45,10.55,True
1508,2011.83,-0.67,0.03,37.41,-23.9,1.71,15.83,9.17,True
1509,2008.6,-0.62,0.04,37.3,-23.44,1.71,15.91,9.09,True
1510,2100.13,-2.09,-0.17,40.56,-36.63,1.83,13.61,11.39,True
1511,2042.68,-1.16,-0.04,38.51,-28.35,1.75,15.05,9.95,True
1512,2149.74,-2.89,-0.28,42.33,-43.78,1.89,12.36,12.64,True
1513,2120.54,-2.42,-0.21,41.28,-39.57,1.85,13.09,11.91,True
1514,2149.8,-2.89,-0.28,42.33,-43.79,1.89,12.36,12.64,True
1515,2076.24,-1.7,-0.11,39.71,-33.18,1.8,14.21,10.79,True
1516,2042.62,-1.16,-0.04,38.51,-28.34,1.75,15.05,9.95,True
1517,2082.64,-1.81,-0.13,39.93,-34.11,1.81,14.05,10.95,True
1518,2137.02,-2.68,-0.25,41.87,-41.94,1.88,12.68,12.32,True
1519,2051.84,-1.31,-0.06,38.84,-29.67,1.77,14.82,10.18,True
1520,2023.41,-0.85,0.0,37.82,-25.57,1.73,15.54,9.46,True
1521,2056.9,-1.39,-0.07,39.02,-30.4,1.77,14.69,10.31,True
1522,2033.85,-1.02,-0.02,38.19,-27.07,1.74,15.27,9.73,True
1523,2016.11,-0.74,0.02,37.56,-24.52,1.72,15.72,9.28,True
1524,2106.1,-2.19,-0.18,40.77,-37.49,1.84,13.46,11.54,True
1525,2055.98,-1.38,-0.07,38.98,-30.26,1.77,14.72,10.28,True
1526,2076.06,-1.7,-0.11,39.7,-33.16,1.8,14.21,10.79,True
1527,2023.68,-0.86,0.0,37.83,-25.61,1.73,15.53,9.47,True
1528,2050.54,-1.29,-0.06,38.79,-29.48,1.76,14.85,10.15,True
1529,2118.59,-2.39,-0.21,41.22,-39.29,1.85,13.14,11.86,True
1530,2147.65,-2.85,-0.27,42.25,-43.48,1.89,12.41,12.59,True
1531,2107.18,-2.2,-0.18,40.81,-37.64,1.84,13.43,11.57,True
1532,2114.76,-2.32,-0.2,41.08,-38.74,1.85,13.24,11.76,True
1533,2148.72,-2.87,-0.28,42.29,-43.63,1.89,12.38,12.62,True
1534,2022.39,-0.84,0.01,37.79,-25.42,1.73,15.56,9.44,True
1535,2123.06,-2.46,-0.22,41.37,-39.93,1.86,13.03,11.97,True
1536,2049.36,-1.27,-0.05,38.75,-29.31,1.76,14.88,10.12,True
1537,2049.48,-1.27,-0.05,38.75,-29.33,1.76,14.88,10.12,True
1538,2074.36,-1.67,-0.11,39.64,-32.91,1.79,14.25,10.75,True
1539,2081.29,-1.79,-0.13,39.89,-33.91,1.8,14.08,10.92,True
1540,2124.41,-2.48,-0.22,41.42,-40.13,1.86,13.0,12.0,True
1541,2117.42,-2.37,-0.21,41.17,-39.12,1.85,13.17,11.83,True
1542,2011.25,-0.66,0.03,37.39,-23.82,1.71,15.84,9.16,True
1543,2065.57,-1.53,-0.09,39.33,-31.65,1.78,14.48,10.52,True
1544,2084.23,-1.83,-0.13,39.99,-34.34,1.81,14.01,10.99,True
1545,2084.11,-1.83,-0.13,39.99,-34.32,1.81,14.01,10.99,True
1546,2118.78,-2.39,-0.21,41.22,-39.32,1.85,13.14,11.86,True
1547,2114.07,-2.31,-0.2,41.05,-38.64,1.85,13.26,11.74,True
1548,2114.33,-2.32,-0.2,41.06,-38.67,1.85,13.25,11.75,True
1549,2129.05,-2.55,-0.23,41.59,-40.8,1.87,12.88,12.12,True
1550,2118.65,-2.39,-0.21,41.22,-39.3,1.85,13.14,11.86,True
1551,2034.29,-1.03,-0.02,38.21,-27.14,1.74,15.26,9.74,True
1552,2024.2,-0.87,0.0,37.85,-25.68,1.73,15.52,9.48,True
1553,2034.58,-1.03,-0.02,38.22,-27.18,1.74,15.26,9.74,True
1554,2153.75,-2.95,-0.29,42.47,-44.36,1.9,12.26,12.74,True
1555,2099.56,-2.08,-0.17,40.54,-36.55,1.83,13.62,11.38,True
1556,2151.8,-2.92,-0.28,42.4,-44.07,1.89,12.31,12.69,True
1557,2130.7,-2.58,-0.24,41.65,-41.03,1.87,12.84,12.16,True
1558,2111.97,-2.28,-0.19,40.98,-38.33,1.84,13.31,11.69,True
1559,2157.45,-3.01,-0.3,42.6,-44.89,1.9,12.16,12.84,True
1560,2036.7,-1.07,-0.03,38.3,-27.49,1.75,15.2,9.8,True
1561,2148.0,-2.86,-0.27,42.26,-43.53,1.89,12.4,12.6,True
1562,2121.15,-2.43,-0.21,41.31,-39.66,1.86,13.08,11.92,True
1563,2145.19,-2.81,-0.27,42.16,-43.12,1.89,12.47,12.53,True
1564,2162.18,-3.09,-0.31,42.77,-45.57,1.91,12.05,12.95,True
1565,2060.99,-1.46,-0.08,39.16,-30.99,1.78,14.59,10.41,True
1566,2037.4,-1.08,-0.03,38.32,-27.59,1.75,15.18,9.82,True
1567,2078.6,-1.74,-0.12,39.79,-33.52,1.8,14.15,10.85,True
1568,2154.25,-2.96,-0.29,42.49,-44.43,1.9,12.25,12.75,True
1569,2104.59,-2.16,-0.18,40.72,-37.27,1.83,13.49,11.51,True
1570,2050.39,-1.29,-0.06,38.78,-29.46,1.76,14.86,10.14,True
1571,2051.48,-1.31,-0.06,38.82,-29.62,1.77,14.83,10.17,True
1572,2160.84,-3.07,-0.3,42.72,-45.38,1.91,12.08,12.92,True
1573,2143.97,-2.79,-0.27,42.12,-42.95,1.88,12.5,12.5,True
1574,2153.39,-2.95,-0.29,42.46,-44.3,1.9,12.27,12.73,True
1575,2135.99,-2.67,-0.25,41.84,-41.8,1.87,12.7,12.3,True
1576,2018.31,-0.77,0.02,37.64,-24.83,1.72,15.67,9.33,True
1577,2142.82,-2.78,-0.26,42.08,-42.78,1.88,12.53,12.47,True
1578,2065.88,-1.54,-0.09,39.34,-31.69,1.78,14.47,10.53,True
1579,2111.52,-2.27,-0.19,40.96,-38.27,1.84,13.32,11.68,True
1580,2029.88,-0.96,-0.01,38.05,-26.5,1.74,15.37,9.63,True
1581,2125.43,-2.5,-0.22,41.46,-40.27,1.86,12.97,12.03,True
1582,2060.73,-1.45,-0.08,39.15,-30.95,1.78,14.6,10.4,True
1583,2020.27,-0.8,0.01,37.71,-25.12,1.73,15.62,9.38,True
1584,2147.23,-2.85,-0.27,42.24,-43.42,1.89,12.42,12.58,True
1585,2115.26,-2.33,-0.2,41.1,-38.81,1.85,13.23,11.77,True
1586,2048.2,-1.25,-0.05,38.71,-29.14,1.76,14.91,10.09,True
1587,2067.4,-1.56,-0.09,39.39,-31.91,1.79,14.43,10.57,True
1588,2113.37,-2.3,-0.2,41.03,-38.54,1.85,13.27,11.73,True
1589,2134.27,-2.64,-0.24,41.77,-41.55,1.87,12.75,12.25,True
1590,2006.88,-0.59,0.04,37.23,-23.19,1.71,15.95,9.05,True
1591,2127.32,-2.53,-0.23,41.53,-40.55,1.86,12.92,12.08,True
1592,2106.66,-2.19,-0.18,40.79,-37.57,1.84,13.44,11.56,True
1593,2103.32,-2.14,-0.17,40.67,-37.09,1.83,13.53,11.47,True
1594,2094.43,-2.0,-0.15,40.35,-35.81,1.82,13.75,11.25,True
1595,2019.7,-0.79,0.01,37.69,-25.04,1.72,15.63,9.37,True
1596,2076.61,-1.71,-0.11,39.72,-33.24,1.8,14.2,10.8,True
1597,2146.87,-2.84,-0.27,42.22,-43.36,1.89,12.43,12.57,True
1598,2020.03,-0.8,0.01,37.7,-25.08,1.72,15.62,9.38,True
1599,2019.59,-0.79,0.01,37.69,-25.02,1.72,15.63,9.37,True
1600,2118.59,-2.39,-0.21,41.22,-39.29,1.85,13.14,11.86,True
1601,2143.23,-2.78,-0.26,42.09,-42.84,1.88,12.52,12.48,True
1602,2158.1,-3.02,-0.3,42.62,-44.98,1.9,12.15,12.85,True
1603,2050.56,-1.29,-0.06,38.79,-29.48,1.76,14.85,10.15,True
1604,2099.34,-2.08,-0.17,40.53,-36.51,1.83,13.63,11.37,True
1605,2111.42,-2.27,-0.19,40.96,-38.26,1.84,13.32,11.68,True
1606,2028.15,-0.93,-0.01,37.99,-26.25,1.74,15.42,9.58,True
1607,2101.89,-2.12,-0.17,40.62,-36.88,1.83,13.56,11.44,True
1608,2089.27,-1.91,-0.14,40.17,-35.06,1.81,13.88,11.12,True
1609,2025.89,-0.89,-0.0,37.91,-25.93,1.73,15.47,9.53,True
1610,2155.1,-2.97,-0.29,42.52,-44.55,1.9,12.22,12.78,True
1611,2120.52,-2.42,-0.21,41.28,-39.57,1.85,13.09,11.91,True
1612,2073.88,-1.67,-0.11,39.62,-32.84,1.79,14.27,10.73,True
1613,2067.08,-1.56,-0.09,39.38,-31.86,1.79,14.44,10.56,True
1614,2046.72,-1.23,-0.05,38.65,-28.93,1.76,14.95,10.05,True
1615,2020.0,-0.8,0.01,37.7,-25.08,1.72,15.62,9.38,True
1616,2008.12,-0.61,0.04,37.28,-23.37,1.71,15.92,9.08,True
1617,2051.4,-1.3,-0.06,38.82,-29.6,1.77,14.83,10.17,True
1618,2095.19,-2.01,-0.16,40.38,-35.92,1.82,13.73,11.27,True
1619,2026.85,-0.91,-0.0,37.95,-26.07,1.73,15.45,9.55,True
1620,2113.4,-2.3,-0.2,41.03,-38.54,1.85,13.27,11.73,True
1621,2117.26,-2.36,-0.21,41.17,-39.1,1.85,13.18,11.82,True
1622,2113.4,-2.3,-0.2,41.03,-38.54,1.85,13.27,11.73,True
1623,2065.82,-1.54,-0.09,39.33,-31.68,1.78,14.47,10.53,True
1624,2122.31,-2.45,-0.22,41.35,-39.82,1.86,13.05,11.95,True
1625,2116.0,-2.34,-0.2,41.12,-38.92,1.85,13.21,11.79,True
1626,2124.12,-2.47,-0.22,41.41,-40.09,1.86,13.0,12.0,True
1627,2023.16,-0.85,0.01,37.81,-25.53,1.73,15.54,9.46,True
1628,2147.02,-2.84,-0.27,42.23,-43.39,1.89,12.43,12.57,True
1629,2022.38,-0.84,0.01,37.79,-25.42,1.73,15.56,9.44,True
1630,2029.45,-0.95,-0.01,38.04,-26.44,1.74,15.38,9.62,True
1631,2126.82,-2.52,-0.23,41.51,-40.47,1.86,12.94,12.06,True
1632,2028.81,-0.94,-0.01,38.02,-26.35,1.74,15.4,9.6,True
1633,2108.56,-2.22,-0.19,40.86,-37.84,1.84,13.39,11.61,True
1634,2045.94,-1.22,-0.05,38.63,-28.82,1.76,14.97,10.03,True
1635,2037.08,-1.07,-0.03,38.31,-27.54,1.75,15.19,9.81,True
1636,2102.97,-2.13,-0.17,40.66,-37.04,1.83,13.54,11.46,True
1637,2012.16,-0.67,0.03,37.42,-23.95,1.71,15.82,9.18,True
1638,2044.04,-1.19,-0.04,38.56,-28.54,1.76,15.02,9.98,True
1639,2054.36,-1.35,-0.06,38.93,-30.03,1.77,14.76,10.24,True
1640,2046.52,-1.23,-0.05,38.65,-28.9,1.76,14.96,10.04,True
1641,2015.2,-0.72,0.02,37.53,-24.39,1.72,15.74,9.26,True
1642,2146.48,-2.83,-0.27,42.21,-43.31,1.89,12.44,12.56,True
1643,2057.81,-1.41,-0.07,39.05,-30.53,1.77,14.67,10.33,True
1644,2109.53,-2.24,-0.19,40.89,-37.98,1.84,13.37,11.63,True
1645,2085.71,-1.86,-0.13,40.04,-34.55,1.81,13.97,11.03,True
1646,2070.52,-1.61,-0.1,39.5,-32.36,1.79,14.35,10.65,True
1647,2146.74,-2.84,-0.27,42.22,-43.35,1.89,12.43,12.57,True
1648,2025.39,-0.89,0.0,37.89,-25.86,1.73,15.49,9.51,True
1649,2055.16,-1.37,-0.07,38.95,-30.15,1.77,14.74,10.26,True
1650,2115.59,-2.34,-0.2,41.11,-38.86,1.85,13.22,11.78,True
1651,2057.91,-1.41,-0.07,39.05,-30.54,1.77,14.67,10.33,True
1652,2068.37,-1.58,-0.1,39.43,-32.05,1.79,14.41,10.59,True
1653,2020.52,-0.81,0.01,37.72,-25.15,1.73,15.61,9.39,True
1654,2040.01,-1.12,-0.03,38.41,-27.96,1.75,15.12,9.88,True
1655,2118.42,-2.38,-0.21,41.21,-39.26,1.85,13.15,11.85,True
1656,2156.68,-3.0,-0.29,42.57,-44.78,1.9,12.18,12.82,True
1657,2014.31,-0.71,0.03,37.5,-24.26,1.72,15.77,9.23,True
1658,2162.12,-3.09,-0.31,42.77,-45.56,1.91,12.05,12.95,True
1659,2151.09,-2.91,-0.28,42.37,-43.97,1.89,12.32,12.68,True
1660,2088.58,-1.9,-0.14,40.15,-34.96,1.81,13.9,11.1,True
1661,2128.06,-2.54,-0.23,41.55,-40.65,1.86,12.9,12.1,True
1662,2047.98,-1.25,-0.05,38.7,-29.11,1.76,14.92,10.08,True
1663,2127.11,-2.52,-0.23,41.52,-40.52,1.86,12.93,12.07,True
1664,2045.83,-1.22,-0.05,38.62,-28.8,1.76,14.97,10.03,True
1665,2108.27,-2.22,-0.19,40.85,-37.8,1.84,13.4,11.6,True
1666,2106.54,-2.19,-0.18,40.79,-37.55,1.84,13.45,11.55,True
1667,2146.27,-2.83,-0.27,42.2,-43.28,1.89,12.45,12.55,True
1668,2075.62,-1.69,-0.11,39.68,-33.09,1.8,14.22,10.78,True
1669,2087.23,-1.88,-0.14,40.1,-34.77,1.81,13.93,11.07,True
1670,2095.31,-2.01,-0.16,40.39,-35.93,1.82,13.73,11.27,True
1671,2105.27,-2.17,-0.18,40.74,-37.37,1.83,13.48,11.52,True
1672,2108.6,-2.23,-0.19,40.86,-37.85,1.84,13.39,11.61,True
1673,2035.07,-1.04,-0.02,38.24,-27.25,1.74,15.24,9.76,True
1674,2063.55,-1.5,-0.09,39.25,-31.35,1.78,14.53,10.47,True
1675,2083.28,-1.82,-0.13,39.96,-34.2,1.81,14.03,10.97,True
1676,2127.58,-2.53,-0.23,41.54,-40.58,1.86,12.92,12.08,True
1677,2150.97,-2.91,-0.28,42.37,-43.95,1.89,12.33,12.67,True
1678,2046.57,-1.23,-0.05,38.65,-28.91,1.76,14.95,10.05,True
1679,2052.49,-1.32,-0.06,38.86,-29.76,1.77,14.81,10.19,True
1680,2056.95,-1.39,-0.07,39.02,-30.4,1.77,14.69,10.31,True
1681,2132.75,-2.61,-0.24,41.72,-41.33,1.87,12.79,12.21,True
1682,2029.15,-0.95,-0.01,38.03,-26.4,1.74,15.39,9.61,True
1683,2039.12,-1.11,-0.03,38.38,-27.83,1.75,15.14,9.86,True
1684,2159.75,-3.05,-0.3,42.68,-45.22,1.91,12.11,12.89,True
1685,2135.04,-2.65,-0.25,41.8,-41.66,1.87,12.73,12.27,True
1686,2035.39,-1.05,-0.02,38.25,-27.3,1.74,15.24,9.76,True
1687,2059.14,-1.43,-0.08,39.1,-30.72,1.78,14.64,10.36,True
1688,2122.03,-2.44,-0.22,41.34,-39.78,1.86,13.06,11.94,True
1689,2043.09,-1.17,-0.04,38.52,-28.41,1.75,15.04,9.96,True
1690,2053.13,-1.33,-0.06,38.88,-29.85,1.77,14.79,10.21,True
1691,2155.96,-2.99,-0.29,42.55,-44.67,1.9,12.2,12.8,True
1692,2060.0,-1.44,-0.08,39.13,-30.84,1.78,14.62,10.38,True
1693,2056.76,-1.39,-0.07,39.01,-30.38,1.77,14.7,10.3,True
1694,2096.74,-2.03,-0.16,40.44,-36.14,1.82,13.69,11.31,True
1695,2051.83,-1.31,-0.06,38.84,-29.67,1.77,14.82,10.18,True
1696,2056.16,-1.38,-0.07,38.99,-30.29,1.77,14.71,10.29,True
1697,2131.8,-2.6,-0.24,41.69,-41.19,1.87,12.81,12.19,True
1698,2063.29,-1.5,-0.08,39.24,-31.32,1.78,14.53,10.47,True
1699,2109.62,-2.24,-0.19,40.9,-38.0,1.84,13.37,11.63,True
1700,2031.45,-0.98,-0.01,38.11,-26.73,1.74,15.33,9.67,True
1701,2032.25,-1.0,-0.02,38.14,-26.84,1.74,15.31,9.69,True
1702,2122.37,-2.45,-0.22,41.35,-39.83,1.86,13.05,11.95,True
1703,2145.87,-2.82,-0.27,42.19,-43.22,1.89,12.46,12.54,True
1704,2007.77,-0.6,0.04,37.27,-23.32,1.71,15.93,9.07,True
1705,2155.82,-2.98,-0.29,42.54,-44.65,1.9,12.21,12.79,True
1706,2123.79,-2.47,-0.22,41.4,-40.04,1.86,13.01,11.99,True
1707,2030.59,-0.97,-0.01,38.08,-26.6,1.74,15.36,9.64,True
1708,2125.53,-2.5,-0.22,41.46,-40.29,1.86,12.97,12.03,True
1709,2075.62,-1.69,-0.11,39.68,-33.1,1.8,14.22,10.78,True
1710,2161.73,-3.08,-0.31,42.75,-45.51,1.91,12.06,12.94,True
1711,2037.98,-1.09,-0.03,38.34,-27.67,1.75,15.17,9.83,True
1712,2146.64,-2.84,-0.27,42.21,-43.33,1.89,12.44,12.56,True
1713,2058.99,-1.43,-0.08,39.09,-30.7,1.78,14.64,10.36,True
1714,2107.01,-2.2,-0.18,40.8,-37.62,1.84,13.43,11.57,True
1715,2057.23,-1.4,-0.07,39.03,-30.45,1.77,14.69,10.31,True
1716,2135.72,-2.66,-0.25,41.83,-41.76,1.87,12.71,12.29,True
1717,2046.02,-1.22,-0.05,38.63,-28.83,1.76,14.97,10.03,True
1718,2163.88,-3.11,-0.31,42.83,-45.82,1.91,12.0,13.0,True
1719,2020.67,-0.81,0.01,37.73,-25.18,1.73,15.61,9.39,True
1720,2028.92,-0.94,-0.01,38.02,-26.36,1.74,15.4,9.6,True
1721,2045.22,-1.21,-0.04,38.6,-28.71,1.76,14.99,10.01,True
1722,2019.0,-0.78,0.01,37.67,-24.93,1.72,15.65,9.35,True
1723,2025.72,-0.89,-0.0,37.9,-25.9,1.73,15.48,9.52,True
1724,2065.71,-1.54,-0.09,39.33,-31.67,1.78,14.47,10.53,True
1725,2033.53,-1.02,-0.02,38.18,-27.03,1.74,15.28,9.72,True
1726,2052.41,-1.32,-0.06,38.86,-29.75,1.77,14.81,10.19,True
1727,2137.55,-2.69,-0.25,41.89,-42.02,1.88,12.67,12.33,True
1728,2050.47,-1.29,-0.06,38.79,-29.47,1.76,14.86,10.14,True
1729,2125.52,-2.5,-0.22,41.46,-40.29,1.86,12.97,12.03,True
1730,2158.28,-3.02,-0.3,42.63,-45.01,1.9,12.14,12.86,True
1731,2058.66,-1.42,-0.07,39.08,-30.65,1.77,14.65,10.35,True
1732,2139.85,-2.73,-0.26,41.97,-42.35,1.88,12.61,12.39,True
1733,2084.45,-1.84,-0.13,40.0,-34.37,1.81,14.0,11.0,True
1734,2158.34,-3.03,-0.3,42.63,-45.02,1.9,12.14,12.86,True
1735,2062.43,-1.48,-0.08,39.21,-31.19,1.78,14.56,10.44,True
1736,2016.84,-0.75,0.02,37.59,-24.62,1.72,15.7,9.3,True
1737,2077.0,-1.72,-0.12,39.73,-33.29,1.8,14.19,10.81,True
1738,2050.25,-1.29,-0.06,38.78,-29.44,1.76,14.86,10.14,True
1739,2102.47,-2.13,-0.17,40.64,-36.97,1.83,13.55,11.45,True
1740,2059.29,-1.43,-0.08,39.1,-30.74,1.78,14.63,10.37,True
1741,2037.95,-1.09,-0.03,38.34,-27.67,1.75,15.17,9.83,True
1742,2013.68,-0.7,0.03,37.48,-24.17,1.72,15.78,9.22,True
1743,2156.59,-3.0,-0.29,42.57,-44.77,1.9,12.19,12.81,True
1744,2017.67,-0.76,0.02,37.62,-24.74,1.72,15.68,9.32,True
1745,2101.58,-2.11,-0.17,40.61,-36.84,1.83,13.57,11.43,True
1746,2090.94,-1.94,-0.15,40.23,-35.3,1.82,13.84,11.16,True
1747,2056.38,-1.39,-0.07,39.0,-30.32,1.77,14.71,10.29,True
1748,2050.62,-1.29,-0.06,38.79,-29.49,1.76,14.85,10.15,True
1749,2060.41,-1.45,-0.08,39.14,-30.9,1.78,14.61,10.39,True
1750,2095.07,-2.01,-0.16,40.38,-35.9,1.82,13.73,11.27,True
1751,2154.37,-2.96,-0.29,42.49,-44.44,1.9,12.24,12.76,True
1752,2157.36,-3.01,-0.3,42.6,-44.88,1.9,12.17,12.83,True
1753,2106.72,-2.19,-0.18,40.79,-37.58,1.84,13.44,11.56,True
1754,2055.98,-1.38,-0.07,38.98,-30.26,1.77,14.72,10.28,True
1755,2088.78,-1.91,-0.14,40.15,-34.99,1.81,13.89,11.11,True
1756,2051.45,-1.31,-0.06,38.82,-29.61,1.77,14.83,10.17,True
1757,2041.62,-1.15,-0.04,38.47,-28.19,1.75,15.08,9.92,True
1758,2026.08,-0.9,-0.0,37.92,-25.95,1.73,15.47,9.53,True
1759,2135.01,-2.65,-0.25,41.8,-41.66,1.87,12.73,12.27,True
1760,2111.44,-2.27,-0.19,40.96,-38.26,1.84,13.32,11.68,True
1761,2142.16,-2.77,-0.26,42.05,-42.69,1.88,12.55,12.45,True
1762,2062.88,-1.49,-0.08,39.23,-31.26,1.78,14.54,10.46,True
1763,2124.26,-2.48,-0.22,41.42,-40.11,1.86,13.0,12.0,True
1764,2153.11,-2.94,-0.29,42.45,-44.26,1.9,12.27,12.73,True
1765,2048.28,-1.25,-0.05,38.71,-29.15,1.76,14.91,10.09,True
1766,2157.15,-3.01,-0.3,42.59,-44.85,1.9,12.17,12.83,True
1767,2051.64,-1.31,-0.06,38.83,-29.64,1.77,14.83,10.17,True
1768,2052.99,-1.33,-0.06,38.88,-29.83,1.77,14.79,10.21,True
1769,2058.55,-1.42,-0.07,39.08,-30.63,1.77,14.65,10.35,True
1770,2100.84,-2.1,-0.17,40.58,-36.73,1.83,13.59,11.41,True
1771,2073.7,-1.66,-0.11,39.62,-32.82,1.79,14.27,10.73,True
1772,2039.2,-1.11,-0.03,38.39,-27.85,1.75,15.14,9.86,True
1773,2092.03,-1.96,-0.15,40.27,-35.46,1.82,13.81,11.19,True
1774,2113.93,-2.31,-0.2,41.05,-38.62,1.85,13.26,11.74,True
1775,2009.51,-0.63,0.04,37.33,-23.57,1.71,15.89,9.11,True
1776,2014.42,-0.71,0.02,37.5,-24.27,1.72,15.76,9.24,True
1777,2011.44,-0.66,0.03,37.4,-23.85,1.71,15.84,9.16,True
1778,2128.96,-2.55,-0.23,41.58,-40.78,1.87,12.88,12.12,True
1779,2117.87,-2.37,-0.21,41.19,-39.18,1.85,13.16,11.84,True
1780,2130.04,-2.57,-0.23,41.62,-40.94,1.87,12.85,12.15,True
1781,2137.29,-2.69,-0.25,41.88,-41.98,1.88,12.67,12.33,True
1782,2009.41,-0.63,0.04,37.32,-23.55,1.71,15.89,9.11,True
1783,2050.61,-1.29,-0.06,38.79,-29.49,1.76,14.85,10.15,True
1784,2027.64,-0.92,-0.0,37.97,-26.18,1.73,15.43,9.57,True
1785,2037.48,-1.08,-0.03,38.32,-27.6,1.75,15.18,9.82,True
1786,2066.03,-1.54,-0.09,39.34,-31.71,1.78,14.46,10.54,True
1787,2131.25,-2.59,-0.24,41.67,-41.11,1.87,12.82,12.18,True
1788,2027.06,-0.91,-0.0,37.95,-26.1,1.73,15.44,9.56,True
1789,2110.29,-2.25,-0.19,40.92,-38.09,1.84,13.35,11.65,True
1790,2120.06,-2.41,-0.21,41.27,-39.5,1.85,13.11,11.89,True
1791,2112.03,-2.28,-0.19,40.98,-38.34,1.84,13.31,11.69,True
1792,2159.58,-3.05,-0.3,42.68,-45.2,1.91,12.11,12.89,True
1793,2141.62,-2.76,-0.26,42.04,-42.61,1.88,12.56,12.44,True
1794,2061.68,-1.47,-0.08,39.19,-31.09,1.78,14.57,10.43,True
1795,2028.7,-0.94,-0.01,38.01,-26.33,1.74,15.4,9.6,True
1796,2156.76,-3.0,-0.29,42.58,-44.79,1.9,12.18,12.82,True
1797,2062.86,-1.49,-0.08,39.23,-31.26,1.78,14.54,10.46,True
1798,2080.01,-1.77,-0.12,39.84,-33.73,1.8,14.11,10.89,True
1799,2157.8,-3.02,-0.3,42.61,-44.94,1.9,12.16,12.84,True
1800,2155.3,-2.98,-0.29,42.52,-44.58,1.9,12.22,12.78,True
1801,2036.12,-1.06,-0.02,38.28,-27.4,1.75,15.22,9.78,True
1802,2026.6,-0.91,-0.0,37.94,-26.03,1.73,15.46,9.54,True
1803,2042.19,-1.16,-0.04,38.49,-28.28,1.75,15.06,9.94,True
1804,2099.91,-2.09,-0.17,40.55,-36.6,1.83,13.61,11.39,True
1805,2058.31,-1.42,-0.07,39.07,-30.6,1.77,14.66,10.34,True
1806,2037.65,-1.08,-0.03,38.33,-27.62,1.75,15.18,9.82,True
1807,2107.13,-2.2,-0.18,40.81,-37.64,1.84,13.43,11.57,True
1808,2132.74,-2.61,-0.24,41.72,-41.33,1.87,12.79,12.21,True
1809,2146.58,-2.84,-0.27,42.21,-43.32,1.89,12.44,12.56,True
1810,2031.09,-0.98,-0.01,38.1,-26.68,1.74,15.34,9.66,True
1811,2056.85,-1.39,-0.07,39.01,-30.39,1.77,14.7,10.3,True
1812,2058.16,-1.41,-0.07,39.06,-30.58,1.77,14.66,10.34,True
1813,2045.75,-1.21,-0.05,38.62,-28.79,1.76,14.97,10.03,True
1814,2013.91,-0.7,0.03,37.48,-24.2,1.72,15.78,9.22,True
1815,2147.14,-2.85,-0.27,42.23,-43.4,1.89,12.42,12.58,True
1816,2098.93,-2.07,-0.16,40.51,-36.45,1.83,13.64,11.36,True
1817,2161.87,-3.08,-0.31,42.76,-45.53,1.91,12.05,12.95,True
1818,2012.28,-0.68,0.03,37.43,-23.97,1.71,15.82,9.18,True
1819,2015.62,-0.73,0.02,37.55,-24.45,1.72,15.73,9.27,True
1820,2104.73,-2.16,-0.18,40.72,-37.29,1.83,13.49,11.51,True
1821,2128.8,-2.55,-0.23,41.58,-40.76,1.87,12.89,12.11,True
1822,2062.83,-1.49,-0.08,39.23,-31.25,1.78,14.55,10.45,True
1823,2096.82,-2.04,-0.16,40.44,-36.15,1.82,13.69,11.31,True
1824,2096.35,-2.03,-0.16,40.42,-36.08,1.82,13.7,11.3,True
1825,2110.31,-2.25,-0.19,40.92,-38.09,1.84,13.35,11.65,True
1826,2005.9,-0.57,0.04,37.2,-23.05,1.71,15.98,9.02,True
1827,2045.39,-1.21,-0.04,38.61,-28.74,1.76,14.98,10.02,True
1828,2058.81,-1.42,-0.07,39.08,-30.67,1.77,14.65,10.35,True
1829,2156.65,-3.0,-0.29,42.57,-44.77,1.9,12.19,12.81,True
1830,2107.34,-2.21,-0.18,40.81,-37.67,1.84,13.43,11.57,True
1831,2007.97,-0.61,0.04,37.27,-23.34,1.71,15.93,9.07,True
1832,2063.75,-1.5,-0.09,39.26,-31.39,1.78,14.52,10.48,True
1833,2043.61,-1.18,-0.04,38.54,-28.48,1.76,15.03,9.97,True
1834,2086.57,-1.87,-0.14,40.07,-34.67,1.81,13.95,11.05,True
1835,2063.45,-1.5,-0.09,39.25,-31.34,1.78,14.53,10.47,True
1836,2022.41,-0.84,0.01,37.79,-25.43,1.73,15.56,9.44,True
1837,2016.05,-0.74,0.02,37.56,-24.51,1.72,15.72,9.28,True
1838,2056.3,-1.38,-0.07,38.99,-30.31,1.77,14.71,10.29,True
1839,2016.62,-0.75,0.02,37.58,-24.59,1.72,15.71,9.29,True
1840,2052.88,-1.33,-0.06,38.87,-29.82,1.77,14.8,10.2,True
1841,2099.65,-2.08,-0.17,40.54,-36.56,1.83,13.62,11.38,True
1842,2044.94,-1.2,-0.04,38.59,-28.67,1.76,15.0,10.0,True
1843,2035.51,-1.05,-0.02,38.25,-27.31,1.74,15.23,9.77,True
1844,2141.13,-2.75,-0.26,42.02,-42.54,1.88,12.58,12.42,True
1845,2133.18,-2.62,-0.24,41.73,-41.39,1.87,12.78,12.22,True
1846,2077.04,-1.72,-0.12,39.73,-33.3,1.8,14.19,10.81,True
1847,2008.34,-0.61,0.04,37.29,-23.4,1.71,15.92,9.08,True
1848,2040.16,-1.12,-0.03,38.42,-27.98,1.75,15.12,9.88,True
1849,2075.85,-1.7,-0.11,39.69,-33.13,1.8,14.22,10.78,True
1850,2011.82,-0.67,0.03,37.41,-23.9,1.71,15.83,9.17,True
1851,2130.0,-2.57,-0.23,41.62,-40.93,1.87,12.86,12.14,True
1852,2154.79,-2.97,-0.29,42.51,-44.51,1.9,12.23,12.77,True
1853,2158.35,-3.03,-0.3,42.63,-45.02,1.9,12.14,12.86,True
1854,2112.43,-2.29,-0.19,41.0,-38.4,1.84,13.3,11.7,True
1855,2075.99,-1.7,-0.11,39.7,-33.15,1.8,14.21,10.79,True
1856,2037.74,-1.09,-0.03,38.33,-27.64,1.75,15.18,9.82,True
1857,2067.75,-1.57,-0.09,39.4,-31.96,1.79,14.42,10.58,True
1858,2152.91,-2.94,-0.29,42.44,-44.23,1.9,12.28,12.72,True
1859,2011.31,-0.66,0.03,37.39,-23.83,1.71,15.84,9.16,True
1860,2116.42,-2.35,-0.2,41.14,-38.98,1.85,13.2,11.8,True
1861,2107.78,-2.21,-0.18,40.83,-37.73,1.84,13.41,11.59,True
1862,2134.78,-2.65,-0.24,41.79,-41.62,1.87,12.74,12.26,True
1863,2128.67,-2.55,-0.23,41.57,-40.74,1.87,12.89,12.11,True
1864,2097.02,-2.04,-0.16,40.45,-36.18,1.82,13.68,11.32,True
1865,2159.91,-3.05,-0.3,42.69,-45.24,1.91,12.1,12.9,True
1866,2136.15,-2.67,-0.25,41.84,-41.82,1.87,12.7,12.3,True
1867,2116.72,-2.36,-0.2,41.15,-39.02,1.85,13.19,11.81,True
1868,2033.44,-1.02,-0.02,38.18,-27.02,1.74,15.28,9.72,True
1869,2125.6,-2.5,-0.22,41.46,-40.3,1.86,12.97,12.03,True
1870,2026.99,-0.91,-0.0,37.95,-26.09,1.73,15.45,9.55,True
1871,2144.52,-2.8,-0.27,42.14,-43.03,1.89,12.49,12.51,True
1872,2019.59,-0.79,0.01,37.69,-25.02,1.72,15.63,9.37,True
1873,2120.35,-2.41,-0.21,41.28,-39.54,1.85,13.1,11.9,True
1874,2035.01,-1.04,-0.02,38.24,-27.24,1.74,15.25,9.75,True
1875,2123.95,-2.47,-0.22,41.41,-40.06,1.86,13.01,11.99,True
1876,2056.46,-1.39,-0.07,39.0,-30.33,1.77,14.71,10.29,True
1877,2036.04,-1.06,-0.02,38.27,-27.39,1.75,15.22,9.78,True
1878,2083.54,-1.82,-0.13,39.97,-34.24,1.81,14.02,10.98,True
1879,2128.83,-2.55,-0.23,41.58,-40.76,1.87,12.88,12.12,True
1880,2007.26,-0.59,0.04,37.25,-23.24,1.71,15.94,9.06,True
1881,2152.34,-2.93,-0.28,42.42,-44.15,1.9,12.29,12.71,True
1882,2107.58,-2.21,-0.18,40.82,-37.7,1.84,13.42,11.58,True
1883,2005.78,-0.57,0.04,37.19,-23.03,1.71,15.98,9.02,True
1884,2093.01,-1.97,-0.15,40.3,-35.6,1.82,13.79,11.21,True
1885,2162.07,-3.09,-0.31,42.76,-45.55,1.91,12.05,12.95,True
1886,2121.07,-2.43,-0.21,41.3,-39.65,1.86,13.08,11.92,True
1887,2012.39,-0.68,0.03,37.43,-23.98,1.71,15.81,9.19,True
1888,2156.42,-2.99,-0.29,42.56,-44.74,1.9,12.19,12.81,True
1889,2089.81,-1.92,-0.14,40.19,-35.14,1.81,13.87,11.13,True
1890,2052.08,-1.32,-0.06,38.84,-29.7,1.77,14.82,10.18,True
1891,2097.42,-2.05,-0.16,40.46,-36.24,1.82,13.68,11.32,True
1892,2044.84,-1.2,-0.04,38.59,-28.66,1.76,15.0,10.0,True
1893,2097.22,-2.04,-0.16,40.45,-36.21,1.82,13.68,11.32,True
1894,2061.95,-1.47,-0.08,39.2,-31.12,1.78,14.57,10.43,True
1895,2058.1,-1.41,-0.07,39.06,-30.57,1.77,14.66,10.34,True
1896,2040.38,-1.13,-0.03,38.43,-28.02,1.75,15.11,9.89,True
1897,2055.89,-1.38,-0.07,38.98,-30.25,1.77,14.72,10.28,True
1898,2160.62,-3.06,-0.3,42.71,-45.35,1.91,12.08,12.92,True
1899,2123.85,-2.47,-0.22,41.4,-40.05,1.86,13.01,11.99,True
1900,2131.79,-2.6,-0.24,41.69,-41.19,1.87,12.81,12.19,True
1901,2019.09,-0.79,0.01,37.67,-24.95,1.72,15.65,9.35,True
1902,2034.69,-1.04,-0.02,38.22,-27.2,1.74,15.25,9.75,True
1903,2088.13,-1.9,-0.14,40.13,-34.9,1.81,13.91,11.09,True
1904,2063.38,-1.5,-0.08,39.25,-31.33,1.78,14.53,10.47,True
1905,2125.94,-2.5,-0.23,41.48,-40.35,1.86,12.96,12.04,True
1906,2108.27,-2.22,-0.19,40.85,-37.8,1.84,13.4,11.6,True
1907,2080.3,-1.77,-0.12,39.85,-33.77,1.8,14.11,10.89,True
1908,2041.78,-1.15,-0.04,38.48,-28.22,1.75,15.07,9.93,True
1909,2135.82,-2.66,-0.25,41.83,-41.77,1.87,12.71,12.29,True
1910,2103.53,-2.14,-0.17,40.68,-37.12,1.83,13.52,11.48,True
1911,2121.3,-2.43,-0.21,41.31,-39.68,1.86,13.07,11.93,True
1912,2085.46,-1.85,-0.13,40.03,-34.51,1.81,13.98,11.02,True
1913,2079.16,-1.75,-0.12,39.81,-33.61,1.8,14.13,10.87,True
1914,2136.01,-2.67,-0.25,41.84,-41.8,1.87,12.7,12.3,True
1915,2109.42,-2.24,-0.19,40.89,-37.97,1.84,13.37,11.63,True
1916,2084.0,-1.83,-0.13,39.98,-34.3,1.81,14.01,10.99,True
1917,2076.41,-1.71,-0.11,39.71,-33.21,1.8,14.2,10.8,True
1918,2044.3,-1.19,-0.04,38.57,-28.58,1.76,15.01,9.99,True
1919,2019.74,-0.8,0.01,37.69,-25.04,1.72,15.63,9.37,True
1920,2152.2,-2.93,-0.28,42.41,-44.13,1.9,12.3,12.7,True
1921,2010.43,-0.65,0.03,37.36,-23.7,1.71,15.86,9.14,True
1922,2144.11,-2.8,-0.27,42.12,-42.97,1.89,12.5,12.5,True
1923,2083.84,-1.83,-0.13,39.98,-34.28,1.81,14.02,10.98,True
1924,2099.27,-2.08,-0.17,40.53,-36.5,1.83,13.63,11.37,True
1925,2086.13,-1.86,-0.14,40.06,-34.61,1.81,13.96,11.04,True
1926,2035.24,-1.04,-0.02,38.24,-27.27,1.74,15.24,9.76,True
1927,2024.62,-0.87,0.0,37.87,-25.74,1.73,15.51,9.49,True
1928,2153.06,-2.94,-0.29,42.44,-44.26,1.9,12.28,12.72,True
1929,2008.41,-0.61,0.04,37.29,-23.41,1.71,15.91,9.09,True
1930,2011.11,-0.66,0.03,37.38,-23.8,1.71,15.85,9.15,True
1931,2094.11,-1.99,-0.15,40.34,-35.76,1.82,13.76,11.24,True
1932,2128.0,-2.54,-0.23,41.55,-40.65,1.86,12.91,12.09,True
1933,2017.83,-0.76,0.02,37.62,-24.77,1.72,15.68,9.32,True
1934,2117.62,-2.37,-0.21,41.18,-39.15,1.85,13.17,11.83,True
1935,2059.14,-1.43,-0.08,39.1,-30.72,1.78,14.64,10.36,True
1936,2005.85,-0.57,0.04,37.2,-23.04,1.71,15.98,9.02,True
1937,2055.9,-1.38,-0.07,38.98,-30.25,1.77,14.72,10.28,True
1938,2068.19,-1.58,-0.1,39.42,-32.02,1.79,14.41,10.59,True
1939,2015.39,-0.73,0.02,37.54,-24.41,1.72,15.74,9.26,True
1940,2059.65,-1.44,-0.08,39.11,-30.79,1.78,14.63,10.37,True
1941,2088.46,-1.9,-0.14,40.14,-34.95,1.81,13.9,11.1,True
1942,2016.48,-0.74,0.02,37.58,-24.57,1.72,15.71,9.29,True
1943,2012.48,-0.68,0.03,37.43,-24.0,1.72,15.81,9.19,True
1944,2096.43,-2.03,-0.16,40.43,-36.1,1.82,13.7,11.3,True
1945,2020.41,-0.81,0.01,37.72,-25.14,1.73,15.61,9.39,True
1946,2074.83,-1.68,-0.11,39.66,-32.98,1.8,14.24,10.76,True
1947,2155.29,-2.98,-0.29,42.52,-44.58,1.9,12.22,12.78,True
1948,2119.97,-2.41,-0.21,41.26,-39.49,1.85,13.11,11.89,True
1949,2056.25,-1.38,-0.07,38.99,-30.3,1.77,14.71,10.29,True
1950,2012.9,-0.69,0.03,37.45,-24.06,1.72,15.8,9.2,True
1951,2074.91,-1.68,-0.11,39.66,-32.99,1.8,14.24,10.76,True
1952,2008.31,-0.61,0.04,37.28,-23.39,1.71,15.92,9.08,True
1953,2126.46,-2.51,-0.23,41.5,-40.42,1.86,12.94,12.06,True
1954,2124.08,-2.47,-0.22,41.41,-40.08,1.86,13.0,12.0,True
1955,2064.83,-1.52,-0.09,39.3,-31.54,1.78,14.49,10.51,True
1956,2082.57,-1.81,-0.13,39.93,-34.1,1.81,14.05,10.95,True
1957,2044.92,-1.2,-0.04,38.59,-28.67,1.76,15.0,10.0,True
1958,2068.17,-1.57,-0.1,39.42,-32.02,1.79,14.41,10.59,True
1959,2034.08,-1.03,-0.02,38.2,-27.11,1.74,15.27,9.73,True
1960,2135.35,-2.66,-0.25,41.81,-41.7,1.87,12.72,12.28,True
1961,2067.21,-1.56,-0.09,39.38,-31.88,1.79,14.43,10.57,True
1962,2135.97,-2.67,-0.25,41.83,-41.79,1.87,12.71,12.29,True
1963,2098.48,-2.06,-0.16,40.5,-36.39,1.83,13.65,11.35,True
1964,2108.55,-2.22,-0.19,40.86,-37.84,1.84,13.39,11.61,True
1965,2094.18,-1.99,-0.15,40.34,-35.77,1.82,13.76,11.24,True
1966,2106.48,-2.19,-0.18,40.78,-37.54,1.84,13.45,11.55,True
1967,2160.17,-3.05,-0.3,42.7,-45.28,1.91,12.1,12.9,True
1968,2131.22,-2.59,-0.24,41.67,-41.11,1.87,12.82,12.18,True
1969,2071.93,-1.64,-0.1,39.55,-32.56,1.79,14.32,10.68,True
1970,2020.15,-0.8,0.01,37.71,-25.1,1.72,15.62,9.38,True
1971,2131.12,-2.59,-0.24,41.66,-41.09,1.87,12.83,12.17,True
1972,2117.26,-2.36,-0.21,41.17,-39.1,1.85,13.18,11.82,True
1973,2045.41,-1.21,-0.04,38.61,-28.74,1.76,14.98,10.02,True
1974,2152.04,-2.92,-0.28,42.41,-44.11,1.9,12.3,12.7,True
1975,2136.69,-2.68,-0.25,41.86,-41.9,1.88,12.69,12.31,True
1976,2014.35,-0.71,0.02,37.5,-24.26,1.72,15.76,9.24,True
1977,2068.91,-1.59,-0.1,39.44,-32.13,1.79,14.39,10.61,True
1978,2084.98,-1.85,-0.13,40.02,-34.44,1.81,13.99,11.01,True
1979,2141.52,-2.76,-0.26,42.03,-42.59,1.88,12.57,12.43,True
1980,2130.27,-2.57,-0.23,41.63,-40.97,1.87,12.85,12.15,True
1981,2124.34,-2.48,-0.22,41.42,-40.12,1.86,13.0,12.0,True
1982,2090.98,-1.94,-0.15,40.23,-35.31,1.82,13.84,11.16,True
1983,2125.5,-2.5,-0.22,41.46,-40.28,1.86,12.97,12.03,True
1984,2157.46,-3.01,-0.3,42.6,-44.89,1.9,12.16,12.84,True
1985,2116.52,-2.35,-0.2,41.14,-38.99,1.85,13.19,11.81,True
1986,2007.86,-0.6,0.04,37.27,-23.33,1.71,15.93,9.07,True
1987,2100.32,-2.09,-0.17,40.56,-36.66,1.83,13.6,11.4,True
1988,2058.27,-1.42,-0.07,39.07,-30.59,1.77,14.66,10.34,True
1989,2163.65,-3.11,-0.31,42.82,-45.78,1.91,12.01,12.99,True
1990,2090.42,-1.93,-0.15,40.21,-35.23,1.82,13.85,11.15,True
1991,2083.25,-1.82,-0.13,39.96,-34.19,1.81,14.03,10.97,True
1992,2019.91,-0.8,0.01,37.7,-25.07,1.72,15.62,9.38,True
1993,2068.86,-1.59,-0.1,39.44,-32.12,1.79,14.39,10.61,True
1994,2151.46,-2.91,-0.28,42.39,-44.03,1.89,12.32,12.68,True
1995,2078.65,-1.74,-0.12,39.79,-33.53,1.8,14.15,10.85,True
1996,2099.6,-2.08,-0.17,40.54,-36.55,1.83,13.62,11.38,True
1997,2114.26,-2.32,-0.2,41.06,-38.66,1.85,13.25,11.75,True
1998,2044.81,-1.2,-0.04,38.59,-28.65,1.76,15.0,10.0,True
1999,2068.43,-1.58,-0.1,39.43,-32.06,1.79,14.4,10.6,True
2000,2123.95,-2.47,-0.22,41.41,-40.06,1.86,13.01,11.99,True
2001,2150.58,-2.9,-0.28,42.35,-43.9,1.89,12.34,12.66,True
2002,2030.89,-0.97,-0.01,38.09,-26.65,1.74,15.35,9.65,True
2003,2046.64,-1.23,-0.05,38.65,-28.92,1.76,14.95,10.05,True
2004,2119.64,-2.4,-0.21,41.25,-39.44,1.85,13.12,11.88,True
2005,2027.89,-0.93,-0.01,37.98,-26.22,1.73,15.42,9.58,True
2006,2052.27,-1.32,-0.06,38.85,-29.73,1.77,14.81,10.19,True
2007,2133.79,-2.63,-0.24,41.76,-41.48,1.87,12.76,12.24,True
2008,2028.3,-0.93,-0.01,38.0,-26.28,1.74,15.41,9.59,True
2009,2142.41,-2.77,-0.26,42.06,-42.72,1.88,12.54,12.46,True
2010,2090.14,-1.93,-0.14,40.2,-35.19,1.82,13.86,11.14,True
2011,2144.53,-2.8,-0.27,42.14,-43.03,1.89,12.49,12.51,True
2012,2040.16,-1.12,-0.03,38.42,-27.98,1.75,15.12,9.88,True
2013,2112.24,-2.28,-0.19,40.99,-38.37,1.84,13.3,11.7,True
2014,2119.68,-2.4,-0.21,41.25,-39.45,1.85,13.11,11.89,True
2015,2082.63,-1.81,-0.13,39.93,-34.11,1.81,14.05,10.95,True
2016,2052.23,-1.32,-0.06,38.85,-29.72,1.77,14.81,10.19,True
2017,2089.78,-1.92,-0.14,40.19,-35.14,1.81,13.87,11.13,True
2018,2014.66,-0.71,0.02,37.51,-24.31,1.72,15.76,9.24,True
2019,2154.82,-2.97,-0.29,42.51,-44.51,1.9,12.23,12.77,True
2020,2015.1,-0.72,0.02,37.53,-24.37,1.72,15.75,9.25,True
2021,2080.31,-1.77,-0.12,39.85,-33.77,1.8,14.11,10.89,True
2022,2087.38,-1.88,-0.14,40.1,-34.79,1.81,13.93,11.07,True
2023,2114.3,-2.32,-0.2,41.06,-38.67,1.85,13.25,11.75,True
2024,2145.44,-2.82,-0.27,42.17,-43.16,1.89,12.47,12.53,True
2025,2059.12,-1.43,-0.08,39.1,-30.72,1.78,14.64,10.36,True
2026,2053.44,-1.34,-0.06,38.89,-29.9,1.77,14.78,10.22,True
2027,2098.17,-2.06,-0.16,40.49,-36.35,1.83,13.66,11.34,True
2028,2030.44,-0.97,-0.01,38.07,-26.58,1.74,15.36,9.64,True
2029,2019.91,-0.8,0.01,37.7,-25.06,1.72,15.63,9.37,True
2030,2066.7,-1.55,-0.09,39.37,-31.81,1.79,14.45,10.55,True
2031,2084.01,-1.83,-0.13,39.98,-34.3,1.81,14.01,10.99,True
2032,2069.17,-1.59,-0.1,39.45,-32.17,1.79,14.39,10.61,True
2033,2116.01,-2.34,-0.2,41.12,-38.92,1.85,13.21,11.79,True
2034,2026.39,-0.9,-0.0,37.93,-26.0,1.73,15.46,9.54,True
2035,2130.11,-2.57,-0.23,41.63,-40.95,1.87,12.85,12.15,True
2036,2046.56,-1.23,-0.05,38.65,-28.91,1.76,14.95,10.05,True
2037,2006.27,-0.58,0.04,37.21,-23.1,1.71,15.97,9.03,True
2038,2134.3,-2.64,-0.24,41.77,-41.55,1.87,12.75,12.25,True
2039,2061.35,-1.46,-0.08,39.17,-31.04,1.78,14.58,10.42,True
2040,2132.3,-2.61,-0.24,41.7,-41.26,1.87,12.8,12.2,True
2041,2032.43,-1.0,-0.02,38.14,-26.87,1.74,15.31,9.69,True
2042,2138.87,-2.71,-0.25,41.94,-42.21,1.88,12.63,12.37,True
2043,2015.23,-0.72,0.02,37.53,-24.39,1.72,15.74,9.26,True
2044,2026.47,-0.9,-0.0,37.93,-26.01,1.73,15.46,9.54,True
2045,2025.75,-0.89,-0.0,37.91,-25.91,1.73,15.48,9.52,True
2046,2119.88,-2.41,-0.21,41.26,-39.47,1.85,13.11,11.89,True
2047,2096.21,-2.03,-0.16,40.42,-36.06,1.82,13.71,11.29,True
2048,2143.43,-2.79,-0.26,42.1,-42.87,1.88,12.52,12.48,True
2049,2028.62,-0.94,-0.01,38.01,-26.32,1.74,15.41,9.59,True
2050,2063.73,-1.5,-0.09,39.26,-31.38,1.78,14.52,10.48,True
2051,2092.18,-1.96,-0.15,40.27,-35.48,1.82,13.81,11.19,True
2052,2139.29,-2.72,-0.26,41.95,-42.27,1.88,12.62,12.38,True
2053,2025.22,-0.88,0.0,37.89,-25.83,1.73,15.49,9.51,True
2054,2079.47,-1.76,-0.12,39.82,-33.65,1.8,14.13,10.87,True
2055,2136.68,-2.68,-0.25,41.86,-41.9,1.88,12.69,12.31,True
2056,2086.43,-1.87,-0.14,40.07,-34.65,1.81,13.95,11.05,True
2057,2109.91,-2.25,-0.19,40.91,-38.04,1.84,13.36,11.64,True
2058,2065.06,-1.52,-0.09,39.31,-31.57,1.78,14.49,10.51,True
2059,2048.42,-1.26,-0.05,38.71,-29.17,1.76,14.91,10.09,True
2060,2009.39,-0.63,0.04,37.32,-23.55,1.71,15.89,9.11,True
2061,2101.62,-2.11,-0.17,40.61,-36.84,1.83,13.57,11.43,True
2062,2141.18,-2.75,-0.26,42.02,-42.54,1.88,12.57,12.43,True
2063,2091.29,-1.95,-0.15,40.24,-35.35,1.82,13.83,11.17,True
2064,2156.47,-3.0,-0.29,42.57,-44.75,1.9,12.19,12.81,True
2065,2108.44,-2.22,-0.19,40.85,-37.82,1.84,13.4,11.6,True
2066,2099.07,-2.07,-0.16,40.52,-36.48,1.83,13.63,11.37,True
2067,2018.33,-0.77,0.02,37.64,-24.84,1.72,15.66,9.34,True
2068,2135.7,-2.66,-0.25,41.82,-41.75,1.87,12.71,12.29,True
2069,2033.35,-1.01,-0.02,38.18,-27.0,1.74,15.29,9.71,True
2070,2005.19,-0.56,0.05,37.17,-22.94,1.71,16.0,9.0,True
2071,2044.16,-1.19,-0.04,38.56,-28.56,1.76,15.01,9.99,True
2072,2163.23,-3.1,-0.31,42.81,-45.72,1.91,12.02,12.98,True
2073,2134.94,-2.65,-0.25,41.8,-41.64,1.87,12.73,12.27,True
2074,2041.05,-1.14,-0.03,38.45,-28.11,1.75,15.09,9.91,True
2075,2084.79,-1.84,-0.13,40.01,-34.42,1.81,13.99,11.01,True
2076,2040.78,-1.13,-0.03,38.44,-28.07,1.75,15.1,9.9,True
2077,2055.23,-1.37,-0.07,38.96,-30.16,1.77,14.74,10.26,True
2078,2033.65,-1.02,-0.02,38.19,-27.05,1.74,15.28,9.72,True
2079,2124.9,-2.49,-0.22,41.44,-40.2,1.86,12.98,12.02,True
2080,2119.62,-2.4,-0.21,41.25,-39.44,1.85,13.12,11.88,True
2081,2112.22,-2.28,-0.19,40.99,-38.37,1.84,13.3,11.7,True
2082,2121.18,-2.43,-0.21,41.31,-39.66,1.86,13.08,11.92,True
2083,2116.86,-2.36,-0.2,41.15,-39.04,1.85,13.19,11.81,True
2084,2114.69,-2.32,-0.2,41.08,-38.73,1.85,13.24,11.76,True
2085,2098.81,-2.07,-0.16,40.51,-36.44,1.83,13.64,11.36,True
2086,2141.0,-2.75,-0.26,42.01,-42.52,1.88,12.58,12.42,True
2087,2134.85,-2.65,-0.25,41.79,-41.63,1.87,12.73,12.27,True
2088,2135.95,-2.67,-0.25,41.83,-41.79,1.87,12.71,12.29,True
2089,2146.42,-2.83,-0.27,42.21,-43.3,1.89,12.44,12.56,True
2090,2109.14,-2.23,-0.19,40.88,-37.93,1.84,13.38,11.62,True
2091,2112.9,-2.29,-0.2,41.01,-38.47,1.84,13.29,11.71,True
2092,2142.46,-2.77,-0.26,42.07,-42.73,1.88,12.54,12.46,True
2093,2025.61,-0.89,-0.0,37.9,-25.89,1.73,15.48,9.52,True
2094,2084.57,-1.84,-0.13,40.0,-34.39,1.81,14.0,11.0,True
2095,2054.28,-1.35,-0.06,38.92,-30.02,1.77,14.76,10.24,True
2096,2151.75,-2.92,-0.28,42.4,-44.07,1.89,12.31,12.69,True
2097,2157.53,-3.01,-0.3,42.6,-44.9,1.9,12.16,12.84,True
2098,2046.73,-1.23,-0.05,38.65,-28.93,1.76,14.95,10.05,True
2099,2129.8,-2.57,-0.23,41.61,-40.9,1.87,12.86,12.14,True
2100,2126.01,-2.51,-0.23,41.48,-40.36,1.86,12.96,12.04,True
2101,2078.09,-1.73,-0.12,39.77,-33.45,1.8,14.16,10.84,True
2102,2030.0,-0.96,-0.01,38.06,-26.52,1.74,15.37,9.63,True
2103,2084.28,-1.83,-0.13,39.99,-34.34,1.81,14.01,10.99,True
2104,2152.63,-2.93,-0.28,42.43,-44.19,1.9,12.29,12.71,True
2105,2048.08,-1.25,-0.05,38.7,-29.13,1.76,14.92,10.08,True
2106,2045.41,-1.21,-0.04,38.61,-28.74,1.76,14.98,10.02,True
2107,2032.35,-1.0,-0.02,38.14,-26.86,1.74,15.31,9.69,True
2108,2094.91,-2.0,-0.16,40.37,-35.88,1.82,13.74,11.26,True
2109,2097.77,-2.05,-0.16,40.47,-36.29,1.83,13.67,11.33,True
2110,2138.87,-2.71,-0.25,41.94,-42.21,1.88,12.63,12.37,True
2111,2147.52,-2.85,-0.27,42.25,-43.46,1.89,12.41,12.59,True
2112,2061.86,-1.47,-0.08,39.19,-31.11,1.78,14.57,10.43,True
2113,2065.09,-1.53,-0.09,39.31,-31.58,1.78,14.49,10.51,True
2114,2033.43,-1.02,-0.02,38.18,-27.01,1.74,15.28,9.72,True
2115,2120.33,-2.41,-0.21,41.28,-39.54,1.85,13.1,11.9,True
2116,2083.98,-1.83,-0.13,39.98,-34.3,1.81,14.01,10.99,True
