commit_id,label,pred,score_or_proba,feature,value_actual,min,max,operator,threshold
,True,True,0.9987678330854827,nd,9.0,1.0,40.0,<,5.0350000858306885
,True,True,0.9987678330854827,ns,1.0,1.0,7.0,>,1.924999952316284
,True,True,0.9987678330854827,nuc,76.0,0.0,2086.0,>,168.47000122070312
,True,True,0.9987678330854827,age,112.0,0.0,511.03030303030295,>,3.7350000143051143
