commit_id,label,pred,score_or_proba,feature,value_actual,min,max,operator,threshold
,True,True,0.9838274909423608,ns,1.0,1.0,7.0,>,1.850000023841858
,True,True,0.9838274909423608,nd,1.0,1.0,40.0,<,4.569999933242798
,True,True,0.9838274909423608,age,1131.0,0.0,511.03030303030295,<,95.16499710083008
,True,True,0.9838274909423608,aexp,48.0,0.0,726.0,<,142.74499893188477
,True,True,0.9838274909423608,la,88.0,0.0,9176.0,<,93.5
