commit_id,label,pred,score_or_proba,feature,value_actual,min,max,operator,threshold
,True,True,0.9956675346460384,nuc,80.5135135135135,0.0,2086.0,>,419.9100036621094
,True,True,0.9956675346460384,nd,9.0,1.0,40.0,<,2.3649998903274536
,True,True,0.9956675346460384,ld,1135.0,0.0,8304.0,>,134.0
,True,True,0.9956675346460384,ns,1.0,1.0,7.0,>,1.975000023841858
