feature,value,importance,min,max,rule,importance_ratio
la,555,0.2973272500888553,0.0,9967.0,229.98350223552893 < la <= 1199.5431080984263,0.5011861721569199
arexp,75.9999999999999,-0.1322726829815926,0.0,863.416666666674,-0.02556803069123248 < arexp <= 97.64182103961909,0.2229638879203256
ld,302,-0.06117084455323015,0.0,8658.0,35.06259046661786 < ld <= 6168.514134615445,0.10311191261506421
asexp,0.0002452806296773,0.04147440354770341,0.0,1122.0,-0.3302944893099209 < asexp <= 1.5309165943878895,0.06991083915232425
age,8.4,0.02492151381519498,0.0,1802.57575757576,2.1794390140157773 < age <= 11.310905131690312,0.0420086558149671
