feature,value,importance,min,max,rule,importance_ratio
la,3439,0.19446574842220224,0.0,9967.0,la > 1199.5431080984263,0.3920518795043821
ld,39,-0.1000470690874873,0.0,8658.0,35.06259046661786 < ld <= 6168.514134615445,0.2016994858626527
ndev,4.45,0.06127596939728816,0.0,85.0,4.096578965816638 < ndev <= 10.553100765399932,0.12353516835521594
asexp,0.847108694371853,0.055532889344417635,0.0,1122.0,-0.3302944893099209 < asexp <= 1.5309165943878895,0.11195685522223364
arexp,180.666666666668,-0.037026162881745185,0.0,863.416666666674,97.64182103961909 < arexp <= 214.01147610211652,0.07464644476675497
