feature,value,importance,min,max,rule,importance_ratio
la,7221,0.20685570059751357,0.0,9967.0,la > 1199.5431080984263,0.3601994013037235
arexp,58.0,-0.12584742725703085,0.0,863.416666666674,-0.02556803069123248 < arexp <= 97.64182103961909,0.21913908015422265
ld,542,-0.11838881319491497,0.0,8658.0,35.06259046661786 < ld <= 6168.514134615445,0.2061513388835237
asexp,0.513741882923094,0.04698435135186495,0.0,1122.0,-0.3302944893099209 < asexp <= 1.5309165943878895,0.0818142075790053
ndev,3.7272727272727297,0.026272367182927994,0.0,85.0,0.9878832845357923 < ndev <= 3.937158674468902,0.04574827235984816
