feature,value,importance,min,max,rule,importance_ratio
la,703,0.3148721031087881,0.0,9967.0,229.98350223552893 < la <= 1199.5431080984263,0.4247505855715467
arexp,30.0,-0.17734349753713702,0.0,863.416666666674,-0.02556803069123248 < arexp <= 97.64182103961909,0.23922968622018495
ld,618,-0.08168663142278636,0.0,8658.0,35.06259046661786 < ld <= 6168.514134615445,0.11019218339011765
asexp,0.281255739042535,0.05213157268479926,0.0,1122.0,-0.3302944893099209 < asexp <= 1.5309165943878895,0.07032352439613798
nuc,24.375,0.046725100914476216,0.0,976.0,12.104132594966572 < nuc <= 255.46934596936424,0.06303039798815212
