feature,value,importance,min,max,rule,importance_ratio
la,843,0.28267522169296205,0.0,9967.0,229.98350223552893 < la <= 1199.5431080984263,0.5268260620698886
ld,313,-0.1187710271107117,0.0,8658.0,35.06259046661786 < ld <= 6168.514134615445,0.22135534952793534
ndev,0.7857142857142858,-0.06432883527156395,0.0,85.0,0.03136153644937778 < ndev <= 0.9878832845357923,0.1198906177934179
ent,3.1693332100328098,-0.023546380378476842,0.0,6.08230385583814,1.596054196840603 < ent <= 3.4251727475658535,0.04388374324604447
arexp,181.166666666668,-0.023468574336855116,0.0,863.416666666674,97.64182103961909 < arexp <= 214.01147610211652,0.04373873495608072
