feature,value,importance,min,max,rule,importance_ratio
arexp,384.773809523806,0.15767255322786955,0.0,863.416666666674,218.16753521149144 < arexp <= 822.8741356255406,0.3629512826366785
ld,139,-0.09441886016744586,0.0,8658.0,35.06259046661786 < ld <= 6168.514134615445,0.2173456679764753
la,66,-0.08362712194010438,0.0,9967.0,42.326804326581055 < la <= 104.87903696289698,0.19250383500487267
ndev,6.5,0.04056572981331511,0.0,85.0,4.096578965816638 < ndev <= 10.553100765399932,0.0933794967191108
age,23.5,0.02837567800789287,0.0,1802.57575757576,11.310905131690312 < age <= 252.15332398535617,0.0653188428664939
