feature,value,importance,min,max,rule,importance_ratio
ld,153,-0.09875469279953988,0.0,8658.0,35.06259046661786 < ld <= 6168.514134615445,0.39587016578602213
la,160,0.07609224892901441,0.0,9967.0,104.87903696289698 < la <= 229.98350223552893,0.3050250104033592
asexp,131.0,-0.02870533485670112,0.0,1122.0,23.865449598761593 < asexp <= 381.21797766874084,0.11506881694961332
age,5.75,0.01343717169851292,0.0,1802.57575757576,2.1794390140157773 < age <= 11.310905131690312,0.05386453278512288
nuc,240.0,0.012313386532925595,0.0,976.0,12.104132594966572 < nuc <= 255.46934596936424,0.049359703625135865
