feature,value,importance,min,max,rule,importance_ratio
la,279,0.30273742424483785,0.0,9967.0,229.98350223552893 < la <= 1199.5431080984263,0.48364257461659615
arexp,266.5,0.1558299049249327,0.0,863.416666666674,218.16753521149144 < arexp <= 822.8741356255406,0.24894833074619105
ld,67,-0.0964406885735759,0.0,8658.0,35.06259046661786 < ld <= 6168.514134615445,0.15407022450517838
ent,1.98246725470496,0.018160368890934905,0.0,6.08230385583814,1.596054196840603 < ent <= 3.4251727475658535,0.029012361416194028
asexp,172.0,-0.01743148412724418,0.0,1122.0,23.865449598761593 < asexp <= 381.21797766874084,0.027847920962260946
