feature,value,importance,min,max,rule,importance_ratio
la,2452,0.18759526623680578,0.0,9967.0,la > 1199.5431080984263,0.42746304247025285
ld,259,-0.06882088380767397,0.0,8658.0,35.06259046661786 < ld <= 6168.514134615445,0.15681837270235047
ent,3.25201579799011,0.06075584045322124,0.0,6.08230385583814,1.596054196840603 < ent <= 3.4251727475658535,0.13844100082561564
age,98.1818181818182,-0.04887850214819897,0.0,1802.57575757576,11.310905131690312 < age <= 252.15332398535617,0.11137676157181525
asexp,157.0,-0.04504101354453378,0.0,1122.0,23.865449598761593 < asexp <= 381.21797766874084,0.10263248679946065
