feature,value,importance,min,max,rule,importance_ratio
arexp,24.5,-0.10690960333277708,0.0,863.416666666674,-0.02556803069123248 < arexp <= 97.64182103961909,0.3148743638795483
la,123,0.10396356376567382,0.0,9967.0,104.87903696289698 < la <= 229.98350223552893,0.3061975724058378
age,44.6,0.05612168091277001,0.0,1802.57575757576,11.310905131690312 < age <= 252.15332398535617,0.16529177946955925
ld,3,0.048887235061723655,0.0,8658.0,3.6358532634641847 < ld <= 3.6358532634641847,0.14398460533031265
nuc,15.8,0.011663846706860756,0.0,976.0,12.104132594966572 < nuc <= 255.46934596936424,0.034352819557093614
