feature,value,importance,min,max,rule,importance_ratio
la,3022,0.17490583911470137,0.0,9967.0,la > 1199.5431080984263,0.31817637719834724
arexp,8.0,-0.10791039326762056,0.0,863.416666666674,-0.02556803069123248 < arexp <= 97.64182103961909,0.19630298316927092
ndev,1.1764705882352902,0.06019261177814013,0.0,85.0,0.9878832845357923 < ndev <= 3.937158674468902,0.10949815767508828
nuc,3.0,-0.06010478748704894,0.0,976.0,1.2071827423816117 < nuc <= 5.747578514292009,0.10933839391356467
ent,3.5257926787621896,0.0600277631239841,0.0,6.08230385583814,ent > 3.4251727475658535,0.10919827662005391
