feature,value,importance,min,max,rule,importance_ratio
la,8904,0.14735426208652327,0.0,9967.0,la > 1199.5431080984263,0.2574570155868506
arexp,256.416666666668,0.14334360907845448,0.0,863.416666666674,218.16753521149144 < arexp <= 822.8741356255406,0.2504496122081447
asexp,1.0,0.09394257694724885,0.0,1122.0,1.5309165943878895 < asexp <= 1.5309165943878895,0.1641362465863061
ld,77,-0.0797412604894864,0.0,8658.0,35.06259046661786 < ld <= 6168.514134615445,0.1393237403116448
ndev,3.5833333333333304,0.05944653317277765,0.0,85.0,0.9878832845357923 < ndev <= 3.937158674468902,0.10386484110423165
