feature,value,importance,min,max,rule,importance_ratio
la,1461,0.20580753995608098,0.0,9967.0,la > 1199.5431080984263,0.38387280269396123
arexp,90.3333333333333,-0.1284933844773052,0.0,863.416666666674,-0.02556803069123248 < arexp <= 97.64182103961909,0.23966622232335022
ld,1497,-0.10030510618652184,0.0,8658.0,35.06259046661786 < ld <= 6168.514134615445,0.18708936633007864
asexp,105.0,-0.04200040539614681,0.0,1122.0,23.865449598761593 < asexp <= 381.21797766874084,0.07833927433922991
nuc,42.25,0.0380458786197868,0.0,976.0,12.104132594966572 < nuc <= 255.46934596936424,0.07096327986743564
