feature,value,importance,min,max,rule,importance_ratio
la,1858,0.20378700624180596,0.0,9967.0,la > 1199.5431080984263,0.3946560803539555
arexp,2.0,-0.16407872656857206,0.0,863.416666666674,-0.02556803069123248 < arexp <= 97.64182103961909,0.31775660426644486
asexp,0.5625,0.06596602886165615,0.0,1122.0,-0.3302944893099209 < asexp <= 1.5309165943878895,0.12775051200352922
ld,17,0.02944971719697285,0.0,8658.0,14.111432331182087 < ld <= 35.06259046661786,0.05703263505769819
ent,1.93211704731867,-0.022754160350882322,0.0,6.08230385583814,1.596054196840603 < ent <= 3.4251727475658535,0.0440659485677374
