feature,value,importance,min,max,rule,importance_ratio
la,168,0.10468838309155905,0.0,9967.0,104.87903696289698 < la <= 229.98350223552893,0.32498778298024045
ent,0.0,-0.06224522578717094,0.0,6.08230385583814,ent <= 0.008277677113822879,0.19323001590334257
ndev,66.0,-0.05137181355881333,0.0,85.0,ndev > 52.00237651581121,0.1594753047389374
arexp,16.0,-0.04135336101810502,0.0,863.416666666674,-0.02556803069123248 < arexp <= 97.64182103961909,0.12837467462174468
age,3.0,0.03890833851000255,0.0,1802.57575757576,2.1794390140157773 < age <= 11.310905131690312,0.12078450634538433
