feature,value,importance,min,max,rule,importance_ratio
la,821,0.1960789028592841,0.0,9967.0,229.98350223552893 < la <= 1199.5431080984263,0.5033346923355282
arexp,65.5,-0.04165642752706656,0.0,863.416666666674,-0.02556803069123248 < arexp <= 97.64182103961909,0.10693208105198508
nuc,14.9642857142857,0.041279992279554305,0.0,976.0,12.104132594966572 < nuc <= 255.46934596936424,0.10596577148615277
ndev,1.57142857142857,0.038113651087323785,0.0,85.0,0.9878832845357923 < ndev <= 3.937158674468902,0.09783777124451333
age,34.25,0.02983421597612811,0.0,1802.57575757576,11.310905131690312 < age <= 252.15332398535617,0.07658445503539356
