feature,value,importance,min,max,rule,importance_ratio
la,118,0.10319129842546122,0.0,9967.0,104.87903696289698 < la <= 229.98350223552893,0.27892287781637953
ndev,22.25,-0.07472968092537935,0.0,85.0,10.553100765399932 < ndev <= 52.00237651581121,0.20199200882294208
ld,34,0.06579829420986098,0.0,8658.0,14.111432331182087 < ld <= 35.06259046661786,0.17785074765465836
arexp,61.6666666666667,-0.04113946308172424,0.0,863.416666666674,-0.02556803069123248 < arexp <= 97.64182103961909,0.11119869223143694
age,3.5,0.037950130703587784,0.0,1802.57575757576,2.1794390140157773 < age <= 11.310905131690312,0.10257802577218746
