feature,value,importance,min,max,rule,importance_ratio
la,561,0.19642046579618141,0.0,9967.0,229.98350223552893 < la <= 1199.5431080984263,0.5143346189559551
nuc,38.3809523809524,0.04233722869091582,0.0,976.0,12.104132594966572 < nuc <= 255.46934596936424,0.11086167776930633
arexp,21.0,-0.04151665965132265,0.0,863.416666666674,-0.02556803069123248 < arexp <= 97.64182103961909,0.10871298586698619
ndev,3.619047619047621,0.03831369178091626,0.0,85.0,0.9878832845357923 < ndev <= 3.937158674468902,0.10032589009019943
age,26.3333333333333,0.029366478500849235,0.0,1802.57575757576,11.310905131690312 < age <= 252.15332398535617,0.07689726459301666
