feature,value,importance,min,max,rule,importance_ratio
la,31,-0.09838073854784422,0.0,9967.0,21.47606011447573 < la <= 42.326804326581055,0.3539872518217172
arexp,397.74285714285287,0.06437945252465739,0.0,863.416666666674,218.16753521149144 < arexp <= 822.8741356255406,0.23164600926336062
nuc,23.75,0.03917974455855011,0.0,976.0,12.104132594966572 < nuc <= 255.46934596936424,0.14097403930966873
ent,1.94118729943136,0.027297636899641795,0.0,6.08230385583814,1.596054196840603 < ent <= 3.4251727475658535,0.09822060303635566
age,13.0,0.026578041886304648,0.0,1802.57575757576,11.310905131690312 < age <= 252.15332398535617,0.09563140249816342
