feature,value,importance,min,max,rule,importance_ratio
la,6730,0.1730028221141298,0.0,9967.0,la > 1199.5431080984263,0.5226973097722148
nuc,72.36,0.043649549833685755,0.0,976.0,12.104132594966572 < nuc <= 255.46934596936424,0.13187936469489736
age,7.36,0.041316467731723885,0.0,1802.57575757576,2.1794390140157773 < age <= 11.310905131690312,0.12483037137056491
arexp,76.6666666666666,-0.03938772778900018,0.0,863.416666666674,-0.02556803069123248 < arexp <= 97.64182103961909,0.11900302608803061
ld,173,0.009382707685959767,0.0,8658.0,35.06259046661786 < ld <= 6168.514134615445,0.028348185341132075
