feature,value,importance,min,max,rule,importance_ratio
la,3106,0.1768289344640405,0.0,9967.0,la > 1199.5431080984263,0.5023710066249757
nuc,4.33333333333333,-0.04270361320155164,0.0,976.0,1.2071827423816117 < nuc <= 5.747578514292009,0.12132096602634755
arexp,49.0,-0.04047767699671856,0.0,863.416666666674,-0.02556803069123248 < arexp <= 97.64182103961909,0.11499708122042301
ent,2.27234123119594,0.031561665084259505,0.0,6.08230385583814,1.596054196840603 < ent <= 3.4251727475658535,0.0896666911848873
age,19.0,0.030609963893005326,0.0,1802.57575757576,11.310905131690312 < age <= 252.15332398535617,0.0869629080800144
