feature,value,importance,min,max,rule,importance_ratio
la,293,0.19151118656921046,0.0,9967.0,229.98350223552893 < la <= 1199.5431080984263,0.5211276789104329
ld,18,0.060013658998414765,0.0,8658.0,14.111432331182087 < ld <= 35.06259046661786,0.1633052323314997
nuc,113.846153846154,0.04149363015391974,0.0,976.0,12.104132594966572 < nuc <= 255.46934596936424,0.11290974464233508
age,189.230769230769,0.02709652832962335,0.0,1802.57575757576,11.310905131690312 < age <= 252.15332398535617,0.07373329552132607
ent,3.2102660129928,0.025865003968929774,0.0,6.08230385583814,1.596054196840603 < ent <= 3.4251727475658535,0.07038215221159588
