feature,value,importance,min,max,rule,importance_ratio
la,302,0.19422560681733467,0.0,9967.0,229.98350223552893 < la <= 1199.5431080984263,0.6061557441329446
nuc,91.89473684210527,0.04180711030275489,0.0,976.0,12.104132594966572 < nuc <= 255.46934596936424,0.13047517508568154
age,229.210526315789,0.027772478008594975,0.0,1802.57575757576,11.310905131690312 < age <= 252.15332398535617,0.08667470448192853
ent,2.86930425728086,0.02470354856492536,0.0,6.08230385583814,1.596054196840603 < ent <= 3.4251727475658535,0.07709692922818154
ld,839,0.011366590579783,0.0,8658.0,35.06259046661786 < ld <= 6168.514134615445,0.035473819770956976
