feature,value,importance,min,max,rule,importance_ratio
la,302,0.19560056526589287,0.0,9967.0,229.98350223552893 < la <= 1199.5431080984263,0.543473207800765
nuc,19.5833333333333,0.04211674302265524,0.0,976.0,12.104132594966572 < nuc <= 255.46934596936424,0.11702073253994921
arexp,36.0,-0.04167145268612895,0.0,863.416666666674,-0.02556803069123248 < arexp <= 97.64182103961909,0.11578350008478912
age,89.3333333333333,0.028781388629783043,0.0,1802.57575757576,11.310905131690312 < age <= 252.15332398535617,0.07996865235192731
ent,2.6762557720875897,0.025594010240588973,0.0,6.08230385583814,1.596054196840603 < ent <= 3.4251727475658535,0.07111256977724065
