feature,value,importance,min,max,rule,importance_ratio
la,825,0.1942721411856512,0.0,9967.0,229.98350223552893 < la <= 1199.5431080984263,0.5413600720167767
arexp,215.5,0.04450244932407379,0.0,863.416666666674,214.01147610211652 < arexp <= 218.16753521149144,0.12401082843875584
nuc,149.666666666667,0.04183981453121134,0.0,976.0,12.104132594966572 < nuc <= 255.46934596936424,0.11659111218700098
age,37.3333333333333,0.027818364752351367,0.0,1802.57575757576,11.310905131690312 < age <= 252.15332398535617,0.07751884471860755
ent,3.02422188547841,0.025229189803659027,0.0,6.08230385583814,1.596054196840603 < ent <= 3.4251727475658535,0.07030383216902823
