feature,value,importance,min,max,rule,importance_ratio
la,400,0.19574645297163434,0.0,9967.0,229.98350223552893 < la <= 1199.5431080984263,0.5035512420533131
arexp,39.5,-0.042230563710417356,0.0,863.416666666674,-0.02556803069123248 < arexp <= 97.64182103961909,0.10863672105503634
nuc,24.25,0.04147216939947971,0.0,976.0,12.104132594966572 < nuc <= 255.46934596936424,0.10668577690539109
ndev,3.5833333333333304,0.037570969341627146,0.0,85.0,0.9878832845357923 < ndev <= 3.937158674468902,0.09665006946442518
age,26.1666666666667,0.030341563429387236,0.0,1802.57575757576,11.310905131690312 < age <= 252.15332398535617,0.07805266311988468
