feature,value,importance,min,max,rule,importance_ratio
la,2329,0.1739611926378785,0.0,9967.0,la > 1199.5431080984263,0.4966149049504545
nuc,65.675,0.0420601448494273,0.0,976.0,12.104132594966572 < nuc <= 255.46934596936424,0.12007100273266683
arexp,22.0,-0.03979819667817388,0.0,863.416666666674,-0.02556803069123248 < arexp <= 97.64182103961909,0.11361371671941102
ndev,2.825,0.03674276199872823,0.0,85.0,0.9878832845357923 < ndev <= 3.937158674468902,0.10489122879031396
age,34.775,0.030516642333094913,0.0,1802.57575757576,11.310905131690312 < age <= 252.15332398535617,0.08711724265540059
