feature,value,importance,min,max,rule,importance_ratio
la,994,0.19383643511118734,0.0,9967.0,229.98350223552893 < la <= 1199.5431080984263,0.5685227468607829
age,7.66666666666667,0.0440592587052104,0.0,1802.57575757576,2.1794390140157773 < age <= 11.310905131690312,0.12922591549606136
nuc,183.666666666667,0.043006225423897884,0.0,976.0,12.104132594966572 < nuc <= 255.46934596936424,0.12613736625977248
ent,2.07424644827842,0.023835275302771065,0.0,6.08230385583814,1.596054196840603 < ent <= 3.4251727475658535,0.0699089218161766
ld,48,0.010326357288115892,0.0,8658.0,35.06259046661786 < ld <= 6168.514134615445,0.030287231640109116
