feature,value,importance,min,max,rule,importance_ratio
la,438,0.19393186499352097,0.0,9967.0,229.98350223552893 < la <= 1199.5431080984263,0.4640311034101652
arexp,236.0,0.06215891702904478,0.0,863.416666666674,218.16753521149144 < arexp <= 822.8741356255406,0.14873095175324688
age,6.25925925925926,0.04303949659598988,0.0,1802.57575757576,2.1794390140157773 < age <= 11.310905131690312,0.10298289606157535
nuc,30.3703703703704,0.04124855696483275,0.0,976.0,12.104132594966572 < nuc <= 255.46934596936424,0.09869761940931088
ndev,2.92592592592593,0.03693785440567159,0.0,85.0,0.9878832845357923 < ndev <= 3.937158674468902,0.08838317178066872
