feature,value,importance,min,max,rule,importance_ratio
la,1515,0.1757588160442739,0.0,9967.0,la > 1199.5431080984263,0.5970322015801078
nuc,19.8194444444444,0.040013092288006286,0.0,976.0,12.104132594966572 < nuc <= 255.46934596936424,0.13591980828272493
age,36.0138888888889,0.02881479277935236,0.0,1802.57575757576,11.310905131690312 < age <= 252.15332398535617,0.09788049076751737
arexp,118.833333333333,-0.012078691058549891,0.0,863.416666666674,97.64182103961909 < arexp <= 214.01147610211652,0.04102990494130008
asexp,104.0,-0.011662465465589186,0.0,1122.0,23.865449598761593 < asexp <= 381.21797766874084,0.039616035141126195
