feature,value,importance,min,max,rule,importance_ratio
la,1057,0.19639260895719451,0.0,9967.0,229.98350223552893 < la <= 1199.5431080984263,0.5002317600074403
nuc,21.551724137931,0.04218333877709496,0.0,976.0,12.104132594966572 < nuc <= 255.46934596936424,0.10744521350116369
arexp,7.0,-0.04196918339188825,0.0,863.416666666674,-0.02556803069123248 < arexp <= 97.64182103961909,0.1068997381605903
ndev,2.96551724137931,0.037762717114435324,0.0,85.0,0.9878832845357923 < ndev <= 3.937158674468902,0.09618544478389375
age,12.6206896551724,0.030100125711784022,0.0,1802.57575757576,11.310905131690312 < age <= 252.15332398535617,0.07666805253619673
