feature,value,importance,min,max,rule,importance_ratio
la,1066,0.19605423468757244,0.0,9967.0,229.98350223552893 < la <= 1199.5431080984263,0.5642187335441021
nuc,25.720930232558107,0.04198847577158999,0.0,976.0,12.104132594966572 < nuc <= 255.46934596936424,0.1208374032881598
ndev,1.30232558139535,0.037956149878444784,0.0,85.0,0.9878832845357923 < ndev <= 3.937158674468902,0.1092328908312213
age,110.116279069767,0.029233828053273587,0.0,1802.57575757576,11.310905131690312 < age <= 252.15332398535617,0.08413117659584841
ent,4.464207789647469,0.01537355142216735,0.0,6.08230385583814,ent > 3.4251727475658535,0.044243092873322294
