feature,value,importance,min,max,rule,importance_ratio
la,20,-0.09885870011167527,0.0,9967.0,21.47606011447573 < la <= 42.326804326581055,0.4267457317687072
nuc,5.5,-0.045707802866736834,0.0,976.0,1.2071827423816117 < nuc <= 5.747578514292009,0.1973079735002686
arexp,2.0,-0.04091012189024123,0.0,863.416666666674,-0.02556803069123248 < arexp <= 97.64182103961909,0.1765977084776191
age,129.0,0.028711248976183486,0.0,1802.57575757576,11.310905131690312 < age <= 252.15332398535617,0.12393853996152182
ld,3,0.010680158456667336,0.0,8658.0,3.6358532634641847 < ld <= 3.6358532634641847,0.046103297239875204
