feature,value,importance,min,max,rule,importance_ratio
la,214,0.10577520108727388,0.0,9967.0,104.87903696289698 < la <= 229.98350223552893,0.41097722307107615
nuc,38.5555555555556,0.041483596388146374,0.0,976.0,12.104132594966572 < nuc <= 255.46934596936424,0.1611796817340479
arexp,0.0,-0.03618845342614329,0.0,863.416666666674,arexp <= -0.02556803069123248,0.14060602053634583
ent,2.3443980582284905,0.02995027202074229,0.0,6.08230385583814,1.596054196840603 < ent <= 3.4251727475658535,0.11636829331245707
age,51.4444444444444,0.029632379781265254,0.0,1802.57575757576,11.310905131690312 < age <= 252.15332398535617,0.11513316004423173
