feature,value,importance,min,max,rule,importance_ratio
la,289,0.19649175213113917,0.0,9967.0,229.98350223552893 < la <= 1199.5431080984263,0.5627885463894882
arexp,4.0,-0.041576380863131715,0.0,863.416666666674,-0.02556803069123248 < arexp <= 97.64182103961909,0.119082407766822
ndev,1.8333333333333304,0.038390257245054904,0.0,85.0,0.9878832845357923 < ndev <= 3.937158674468902,0.10995676325407962
age,177.444444444444,0.029677295466340032,0.0,1802.57575757576,11.310905131690312 < age <= 252.15332398535617,0.0850012369227888
ent,3.6670163020827697,0.013377097127934265,0.0,6.08230385583814,ent > 3.4251727475658535,0.03831446850001415
