feature,value,importance,min,max,rule,importance_ratio
la,1559,0.1732303071658982,0.0,9967.0,la > 1199.5431080984263,0.43958820851608865
age,312.256097560976,-0.09013744901018454,0.0,1802.57575757576,252.15332398535617 < age <= 957.5590815757139,0.22873226041590422
arexp,236.71666666666692,0.06266380137143131,0.0,863.416666666674,218.16753521149144 < arexp <= 822.8741356255406,0.15901529376897747
nuc,23.0243902439024,0.0391856507331177,0.0,976.0,12.104132594966572 < nuc <= 255.46934596936424,0.09943727680868163
ld,1306,0.009517591984579944,0.0,8658.0,35.06259046661786 < ld <= 6168.514134615445,0.02415178543718591
