{
    "6554": {
        "la": [
            227.0,
            201.0,
            178.0,
            155.0,
            131.5,
            107.5,
            83.5,
            59.5,
            35.5,
            11.5
        ],
        "ld": [
            3894,
            4850
        ],
        "arexp": [
            484.0,
            426.792857142864,
            404.833333333329,
            375.169047619054,
            347.0,
            283.633333333334,
            197.0,
            129.0,
            97.6666666666665,
            30.25
        ],
        "ns": [
            2,
            3,
            4,
            5,
            6,
            7
        ],
        "nd": [
            3,
            2,
            1
        ],
        "age": [
            3.95,
            3.44444444444444,
            3.09090909090909,
            2.45454545454545,
            2.1111111111111103,
            1.625,
            1.25,
            0.823529411764706,
            0.5,
            0.181818181818182
        ],
        "nuc": [
            11.154761904761898,
            19.26785714285715,
            29.2,
            41.75,
            61.6666666666667,
            94.5833333333333,
            144.5,
            226.0,
            365.0,
            641.0
        ]
    },
    "6790": {
        "la": [
            227.0,
            201.0,
            178.0,
            155.0,
            131.5,
            107.5,
            83.5,
            59.5,
            35.5,
            11.5
        ],
        "ld": [
            3894,
            4850
        ],
        "arexp": [
            484.0,
            426.792857142864,
            404.833333333329,
            375.169047619054,
            347.0,
            283.633333333334,
            197.0,
            129.0,
            97.6666666666665,
            30.25
        ],
        "ns": [
            2,
            3,
            4,
            5,
            6,
            7
        ],
        "nd": [
            3,
            2,
            1
        ],
        "age": [
            3.95,
            3.44444444444444,
            3.09090909090909,
            2.45454545454545,
            2.1111111111111103,
            1.625,
            1.25,
            0.823529411764706,
            0.5,
            0.181818181818182
        ],
        "nuc": [
            11.154761904761898,
            19.26785714285715,
            29.2,
            41.75,
            61.6666666666667,
            94.5833333333333,
            144.5,
            226.0,
            365.0,
            641.0
        ]
    },
    "7097": {
        "la": [
            227.0,
            201.0,
            178.0,
            155.0,
            131.5,
            107.5,
            83.5,
            59.5,
            35.5,
            11.5
        ],
        "ld": [
            3894,
            4850
        ],
        "arexp": [
            484.0,
            426.792857142864,
            404.833333333329,
            375.169047619054,
            347.0,
            283.633333333334,
            197.0,
            129.0,
            97.6666666666665,
            30.25
        ],
        "ns": [
            2,
            3,
            4,
            5,
            6,
            7
        ],
        "nd": [
            3,
            2,
            1
        ],
        "age": [
            3.95,
            3.44444444444444,
            3.09090909090909,
            2.45454545454545,
            2.1111111111111103,
            1.625,
            1.25,
            0.823529411764706,
            0.5,
            0.181818181818182
        ],
        "nuc": [
            11.154761904761898,
            19.26785714285715,
            29.2,
            41.75,
            61.6666666666667,
            94.5833333333333,
            144.5,
            226.0,
            365.0,
            641.0
        ]
    },
    "7153": {
        "la": [
            227.0,
            201.0,
            178.0,
            155.0,
            131.5,
            107.5,
            83.5,
            59.5,
            35.5,
            11.5
        ],
        "ld": [
            3894,
            4850
        ],
        "arexp": [
            484.0,
            426.792857142864,
            404.833333333329,
            375.169047619054,
            347.0,
            283.633333333334,
            197.0,
            129.0,
            97.6666666666665,
            30.25
        ],
        "ns": [
            2,
            3,
            4,
            5,
            6,
            7
        ],
        "nd": [
            3,
            2,
            1
        ],
        "age": [
            3.95,
            3.44444444444444,
            3.09090909090909,
            2.45454545454545,
            2.1111111111111103,
            1.625,
            1.25,
            0.823529411764706,
            0.5,
            0.181818181818182
        ],
        "nuc": [
            11.154761904761898,
            19.26785714285715,
            29.2,
            41.75,
            61.6666666666667,
            94.5833333333333,
            144.5,
            226.0,
            365.0,
            641.0
        ]
    },
    "7192": {
        "la": [
            227.0,
            201.0,
            178.0,
            155.0,
            131.5,
            107.5,
            83.5,
            59.5,
            35.5,
            11.5
        ],
        "ld": [
            3894,
            4850
        ],
        "arexp": [
            484.0,
            426.792857142864,
            404.833333333329,
            375.169047619054,
            347.0,
            283.633333333334,
            197.0,
            129.0,
            97.6666666666665,
            30.25
        ],
        "ns": [
            2,
            3,
            4,
            5,
            6,
            7
        ],
        "nd": [
            3,
            2,
            1
        ],
        "age": [
            3.95,
            3.44444444444444,
            3.09090909090909,
            2.45454545454545,
            2.1111111111111103,
            1.625,
            1.25,
            0.823529411764706,
            0.5,
            0.181818181818182
        ],
        "nuc": [
            11.154761904761898,
            19.26785714285715,
            29.2,
            41.75,
            61.6666666666667,
            94.5833333333333,
            144.5,
            226.0,
            365.0,
            641.0
        ]
    },
    "7194": {
        "la": [
            227.0,
            201.0,
            178.0,
            155.0,
            131.5,
            107.5,
            83.5,
            59.5,
            35.5,
            11.5
        ],
        "ld": [
            3894,
            4850
        ],
        "arexp": [
            484.0,
            426.792857142864,
            404.833333333329,
            375.169047619054,
            347.0,
            283.633333333334,
            197.0,
            129.0,
            97.6666666666665,
            30.25
        ],
        "ns": [
            2,
            3,
            4,
            5,
            6,
            7
        ],
        "nd": [
            3,
            2,
            1
        ],
        "age": [
            3.95,
            3.44444444444444,
            3.09090909090909,
            2.45454545454545,
            2.1111111111111103,
            1.625,
            1.25,
            0.823529411764706,
            0.5,
            0.181818181818182
        ],
        "nuc": [
            11.154761904761898,
            19.26785714285715,
            29.2,
            41.75,
            61.6666666666667,
            94.5833333333333,
            144.5,
            226.0,
            365.0,
            641.0
        ]
    },