feature,value,importance,min,max,rule,importance_ratio
ent,0.8856128713989709,-0.06276815218401675,0.0,6.1766722717358205,0.18883180445569314 < ent <= 1.42584933831127,0.28501555845897025
age,21.5,0.057086312512052415,0.0,719.0,4.711007645331282 < age <= 231.9953250592234,0.2592156479815735
ld,2,-0.02834944452379089,0.0,7734.0,1.7880804364665863 < ld <= 1.7880804364665863,0.1287282241360508
la,54,-0.026370289095285528,0.0,5443.0,55.63800412779079 < la <= 55.63800412779079,0.11974134034060593
asexp,0.0,0.02097291862912277,0.0,601.0,asexp <= 0.2486852207514758,0.095233138265238
