feature,value,importance,min,max,rule,importance_ratio
la,599,0.1370736413407763,0.0,5443.0,232.12256852430914 < la <= 634.8693949676458,0.3616432321765204
age,14.8888888888889,0.0777117409640176,0.0,719.0,4.711007645331282 < age <= 231.9953250592234,0.20502793174088932
ld,141,0.05497238062770945,0.0,7734.0,100.73397805831269 < ld <= 4104.509049685157,0.1450343714238867
asexp,59.0,-0.04925335139282122,0.0,601.0,2.1975473009537083 < asexp <= 82.10089258924503,0.12994577964806048
ent,2.8394893368037795,0.024247980685709707,0.0,6.1766722717358205,1.859443113064771 < ent <= 3.211235469649216,0.06397377368222933
