feature,value,importance,min,max,rule,importance_ratio
la,401,0.1435089985841873,0.0,5443.0,232.12256852430914 < la <= 634.8693949676458,0.3851656949981745
age,111.642857142857,0.0715724076517846,0.0,719.0,4.711007645331282 < age <= 231.9953250592234,0.1920941293428397
aexp,323,0.04517118281999238,0.0,1586.0,152.66332872789042 < aexp <= 1468.301220106593,0.12123553363481572
ns,4,0.039097753246908395,1.0,17.0,3.505300715827059 < ns <= 13.99608707425381,0.10493497586061415
ent,2.6073039850092203,0.0349934966726678,0.0,6.1766722717358205,1.859443113064771 < ent <= 3.211235469649216,0.09391950748257483
