feature,value,importance,min,max,rule,importance_ratio
la,464.0,0.14042449158230141,0.0,5443.0,232.12256852430914 < la <= 634.8693949676458,0.35357466728760223
ndev,13.25,0.06359301483212981,0.0,69.0,1.3178935157767122 < ndev <= 19.676973226328325,0.16012077955723047
ld,661.0,0.0622810105685442,0.0,7734.0,100.73397805831269 < ld <= 4104.509049685157,0.15681728551747948
ns,1.0,-0.06151307622905069,1.0,17.0,ns <= 1.4982210105975038,0.15488370451942396
aexp,121.0,-0.034689778973629085,0.0,1586.0,25.247947355628696 < aexp <= 131.9212898998478,0.08734535493541536
