feature,value,importance,min,max,rule,importance_ratio
aexp,0.0,0.06810460263009287,0.0,1586.0,aexp <= 7.469056931592149,0.2291108321966837
ld,2.0,-0.06643819297066196,0.0,7734.0,1.7880804364665863 < ld <= 1.7880804364665863,0.22350486007279516
ent,0.8856128713989709,-0.05455460937187549,0.0,6.1766722717358205,0.18883180445569314 < ent <= 1.42584933831127,0.18352727232318558
ndev,7.0,0.048971090025044024,0.0,69.0,1.3178935157767122 < ndev <= 19.676973226328325,0.16474374353458077
age,21.5,0.0330460947102231,0.0,719.0,4.711007645331282 < age <= 231.9953250592234,0.11117043441296294
