feature,value,importance,min,max,rule,importance_ratio
la,1402.0,0.20794406881830724,0.0,5443.0,la > 634.8693949676458,0.5781145555491423
age,12.5714285714286,0.06516502272767322,0.0,719.0,4.711007645331282 < age <= 231.9953250592234,0.18116817837432767
ld,258.0,0.03738904131578563,0.0,7734.0,100.73397805831269 < ld <= 4104.509049685157,0.10394693691201326
aexp,21.0,0.019448481049028042,0.0,1586.0,7.469056931592149 < aexp <= 25.247947355628696,0.05406958727728279
ndev,5.21428571428571,0.014285502962321478,0.0,69.0,1.3178935157767122 < ndev <= 19.676973226328325,0.03971576223736635
