feature,value,importance,min,max,rule,importance_ratio
la,443,0.1565050891733966,0.0,5443.0,232.12256852430914 < la <= 634.8693949676458,0.35030594021884387
age,108.869565217391,0.08277389594990242,0.0,719.0,4.711007645331282 < age <= 231.9953250592234,0.1852731281740084
ent,3.95283179812142,0.08087259771486932,0.0,6.1766722717358205,ent > 3.2367409858111866,0.18101744505611453
ld,82,0.05548663931300351,0.0,7734.0,12.389426610235802 < ld <= 100.73397805831269,0.12419595718443638
ndev,6.95652173913043,0.04101746933640137,0.0,69.0,1.3178935157767122 < ndev <= 19.676973226328325,0.09180955863592537
