feature,value,importance,min,max,rule,importance_ratio
la,2154,0.3780476114535929,0.0,9967.0,la > 1199.5431080984263,0.560657241302363
ent,0.332525534685244,-0.12320971489903058,0.0,6.08230385583814,0.008277677113822879 < ent <= 0.9990502254233335,0.1827241245919652
arexp,96.0,-0.07488200956206806,0.0,863.416666666674,-0.02556803069123248 < arexp <= 97.64182103961909,0.11105252257201438
ndev,14.2857142857143,-0.027816668600885667,0.0,85.0,10.553100765399932 < ndev <= 52.00237651581121,0.041253049106776477
asexp,0.156435154378654,0.02423060234005659,0.0,1122.0,-0.3302944893099209 < asexp <= 1.5309165943878895,0.035934793003548286
