feature,value,importance,min,max,rule,importance_ratio
ent,1.9972411622683304,0.1513949462440827,0.0,6.08230385583814,1.596054196840603 < ent <= 3.4251727475658535,0.4316658334625291
la,102,-0.0760187946731025,0.0,9967.0,42.326804326581055 < la <= 104.87903696289698,0.21674908691124312
ndev,18.0,-0.0453616551015075,0.0,85.0,10.553100765399932 < ndev <= 52.00237651581121,0.1293377166306656
age,9.25,0.03825792555722232,0.0,1802.57575757576,2.1794390140157773 < age <= 11.310905131690312,0.10908316117488133
asexp,1.0,0.019824922984594043,0.0,1122.0,1.5309165943878895 < asexp <= 1.5309165943878895,0.05652594168948172
