feature,value,importance,min,max,rule,importance_ratio
ent,1.73685364816106,0.15702060816150876,0.0,6.08230385583814,1.596054196840603 < ent <= 3.4251727475658535,0.41866768333367366
la,266,0.04713987169360255,0.0,9967.0,229.98350223552893 < la <= 1199.5431080984263,0.12569013141451563
age,27.8333333333333,-0.04465193071783665,0.0,1802.57575757576,11.310905131690312 < age <= 252.15332398535617,0.11905647678286731
ld,111,-0.03895129583428503,0.0,8658.0,35.06259046661786 < ld <= 6168.514134615445,0.10385674199536224
asexp,0.4087412333616981,0.031490197743203385,0.0,1122.0,-0.3302944893099209 < asexp <= 1.5309165943878895,0.0839630433943134
