feature,value,importance,min,max,rule,importance_ratio
ent,2.6407427468216698,0.1590301895149102,0.0,6.08230385583814,1.596054196840603 < ent <= 3.4251727475658535,0.4642327781937892
arexp,51.5,-0.07939316612917187,0.0,863.416666666674,-0.02556803069123248 < arexp <= 97.64182103961909,0.23176046129462047
ld,72,-0.03322667457446419,0.0,8658.0,35.06259046661786 < ld <= 6168.514134615445,0.09699360539590035
la,275,0.02896523638149977,0.0,9967.0,229.98350223552893 < la <= 1199.5431080984263,0.08455383344156012
nuc,12.076923076923098,0.01740077871880803,0.0,976.0,5.747578514292009 < nuc <= 12.104132594966572,0.05079546136496458
