feature,value,importance,min,max,rule,importance_ratio
ent,5.149033980936821,0.28631286446625,0.0,6.08230385583814,ent > 3.4251727475658535,0.6949868240724603
ndev,1.64406779661017,0.04530037989479576,0.0,85.0,0.9878832845357923 < ndev <= 3.937158674468902,0.10996071451784596
nuc,24.7457627118644,-0.016804985258999434,0.0,976.0,12.104132594966572 < nuc <= 255.46934596936424,0.04079189160958311
arexp,24.5,-0.016070489813414263,0.0,863.416666666674,-0.02556803069123248 < arexp <= 97.64182103961909,0.03900900051255
age,98.30508474576273,0.015065268136822185,0.0,1802.57575757576,11.310905131690312 < age <= 252.15332398535617,0.03656895709429181
