feature,value,importance,min,max,rule,importance_ratio
ent,3.23088828298468,0.16829319603901843,0.0,6.08230385583814,1.596054196840603 < ent <= 3.4251727475658535,0.5363880125735757
la,1013,0.05259415635986494,0.0,9967.0,229.98350223552893 < la <= 1199.5431080984263,0.16762932588380583
ld,344,-0.03077448904565195,0.0,8658.0,35.06259046661786 < ld <= 6168.514134615445,0.09808517162712506
asexp,0.329106827518748,0.018653971718037093,0.0,1122.0,-0.3302944893099209 < asexp <= 1.5309165943878895,0.059454375173443076
arexp,173.0,-0.016271621302966263,0.0,863.416666666674,97.64182103961909 < arexp <= 214.01147610211652,0.05186129218215325
