feature,value,importance,min,max,rule,importance_ratio
ent,2.52197454665958,0.13832360847904568,0.0,6.08230385583814,1.596054196840603 < ent <= 3.4251727475658535,0.33365009481362157
ld,15,0.08510988893705763,0.0,8658.0,3.6358532634641847 < ld <= 14.111432331182087,0.2052933900848015
la,176,-0.058824386272896594,0.0,9967.0,104.87903696289698 < la <= 229.98350223552893,0.14189018254449498
asexp,1.0,0.03973076499311443,0.0,1122.0,1.5309165943878895 < asexp <= 1.5309165943878895,0.09583449747104084
nuc,13.5714285714286,0.03495113013265184,0.0,976.0,12.104132594966572 < nuc <= 255.46934596936424,0.08430554994066018
