feature,value,importance,min,max,rule,importance_ratio
ent,4.07473734807518,0.3159733258354275,0.0,6.08230385583814,ent > 3.4251727475658535,0.6885934848167121
la,76,-0.060765932365992786,0.0,9967.0,42.326804326581055 < la <= 104.87903696289698,0.13242581479118037
nuc,120.2,0.024381014390186806,0.0,976.0,12.104132594966572 < nuc <= 255.46934596936424,0.053132990317826284
asexp,0.997546519478576,0.021259681034958417,0.0,1122.0,1.5309165943878895 < asexp <= 1.5309165943878895,0.04633073950545606
ndev,5.15,0.010922340212679032,0.0,85.0,4.096578965816638 < ndev <= 10.553100765399932,0.02380280768801241
