feature,value,importance,min,max,rule,importance_ratio
ent,3.34873671151322,0.1853640942584206,0.0,6.08230385583814,1.596054196840603 < ent <= 3.4251727475658535,0.46453338687716966
arexp,39.0,-0.09985997980821854,0.0,863.416666666674,-0.02556803069123248 < arexp <= 97.64182103961909,0.25025501739903566
la,317,0.06523031088002144,0.0,9967.0,229.98350223552893 < la <= 1199.5431080984263,0.16347101827553923
ndev,4.130434782608701,-0.01625312364039072,0.0,85.0,4.096578965816638 < ndev <= 10.553100765399932,0.04073128942371272
ld,126,0.015632289937664738,0.0,8658.0,35.06259046661786 < ld <= 6168.514134615445,0.039175443434398674
