feature,value,importance,min,max,rule,importance_ratio
ent,2.2669329431762795,0.16151616701450108,0.0,6.08230385583814,1.596054196840603 < ent <= 3.4251727475658535,0.4308787876891551
arexp,14.7,-0.0722997277518111,0.0,863.416666666674,-0.02556803069123248 < arexp <= 97.64182103961909,0.19287492775357548
la,65,-0.0663514758185444,0.0,9967.0,42.326804326581055 < la <= 104.87903696289698,0.1770066984038441
ndev,16.5,-0.04047251512909656,0.0,85.0,10.553100765399932 < ndev <= 52.00237651581121,0.10796905706653159
asexp,0.9296875,0.020931391937862753,0.0,1122.0,1.5309165943878895 < asexp <= 1.5309165943878895,0.05583894757744674
