feature,value,importance,min,max,rule,importance_ratio
ent,3.56651999876073,0.2984534718251914,0.0,6.08230385583814,ent > 3.4251727475658535,0.43311724033647453
la,4108,0.25509083765976925,0.0,9967.0,la > 1199.5431080984263,0.3701891586874591
arexp,244.833333333334,0.05533178456808196,0.0,863.416666666674,218.16753521149144 < arexp <= 822.8741356255406,0.08029777535661146
ld,552,-0.02143701535297956,0.0,8658.0,35.06259046661786 < ld <= 6168.514134615445,0.03110950887571297
age,17.7083333333333,0.020469215074345144,0.0,1802.57575757576,11.310905131690312 < age <= 252.15332398535617,0.029705032046157025
