feature,value,importance,min,max,rule,importance_ratio
ent,1.977063781815129,0.1690233552428635,0.0,6.08230385583814,1.596054196840603 < ent <= 3.4251727475658535,0.2979977191933281
nuc,21.0,0.11317771175688353,0.0,976.0,12.104132594966572 < nuc <= 255.46934596936424,0.19953869640447347
arexp,71.5,-0.10010707600755207,0.0,863.416666666674,-0.02556803069123248 < arexp <= 97.64182103961909,0.17649442754523248
ld,25,-0.07534305417103658,0.0,8658.0,14.111432331182087 < ld <= 35.06259046661786,0.13283405874748921
age,46.0,-0.06078326930827651,0.0,1802.57575757576,11.310905131690312 < age <= 252.15332398535617,0.10716433591650053
