feature,value,importance,min,max,rule,importance_ratio
la,1700,0.3480203049082591,0.0,9967.0,la > 1199.5431080984263,0.36669747461985774
ent,5.4140817808871615,0.29372296735476594,0.0,6.08230385583814,ent > 3.4251727475658535,0.30948616746725777
age,394.755102040816,-0.11921327080501035,0.0,1802.57575757576,252.15332398535617 < age <= 957.5590815757139,0.12561107708038524
arexp,31.0,-0.09466813357943557,0.0,863.416666666674,-0.02556803069123248 < arexp <= 97.64182103961909,0.09974867851375917
asexp,17.0,0.03491447615875966,0.0,1122.0,1.5309165943878895 < asexp <= 23.865449598761593,0.0367882277399515
