feature,value,importance,min,max,rule,importance_ratio
ent,2.27441288773192,0.16138976439524266,0.0,6.08230385583814,1.596054196840603 < ent <= 3.4251727475658535,0.47541156642489385
arexp,13.0,-0.06171471307470649,0.0,863.416666666674,-0.02556803069123248 < arexp <= 97.64182103961909,0.18179522427739506
la,179,-0.0582835811821087,0.0,9967.0,104.87903696289698 < la <= 229.98350223552893,0.1716880170837869
asexp,0.7917711781113359,0.02934913088697188,0.0,1122.0,-0.3302944893099209 < asexp <= 1.5309165943878895,0.08645477822257623
nuc,64.75,-0.008812115391489735,0.0,976.0,12.104132594966572 < nuc <= 255.46934596936424,0.02595816158158134
