feature,value,importance,min,max,rule,importance_ratio
ent,2.98205477343275,0.15853122082949495,0.0,6.08230385583814,1.596054196840603 < ent <= 3.4251727475658535,0.41781602951130764
arexp,26.0,-0.07577449144431754,0.0,863.416666666674,-0.02556803069123248 < arexp <= 97.64182103961909,0.19970701662327045
la,48,-0.07502168780793439,0.0,9967.0,42.326804326581055 < la <= 104.87903696289698,0.1977229694134557
ld,55,-0.030407623967172673,0.0,8658.0,35.06259046661786 < ld <= 6168.514134615445,0.08014063505195199
asexp,0.205529934620331,0.022633941628502918,0.0,1122.0,-0.3302944893099209 < asexp <= 1.5309165943878895,0.0596527521451619
