feature,value,importance,min,max,rule,importance_ratio
ns,2.0,-0.4296928803389403,1.0,6.0,1.4968350645973174 < ns <= 2.497149685556895,0.45768614543976344
nd,13.0,0.17427265161472777,1.0,35.0,8.51515966943804 < nd <= 15.509541410609344,0.18562601761098618
la,1304.0,0.126562882904917,0.0,8385.0,363.9600190460562 < la <= 3755.7865561189433,0.13480809360118717
ld,1.0,-0.1105431446360409,0.0,6893.0,-1.0011954097309967 < ld <= 2.401405894888768,0.11774471509360683
age,31.8,0.061239305614967016,0.0,536.25,age <= 91.7448502777025,0.06522887164016593
