feature,value,importance,min,max,rule,importance_ratio
ns,1,0.4667252278137829,1.0,6.0,ns <= 1.4968350645973174,0.5196901121796405
la,698,0.12014540759205715,0.0,8385.0,363.9600190460562 < la <= 3755.7865561189433,0.1337797415448408
nd,6,0.09306158649058811,1.0,35.0,4.485787579415443 < nd <= 8.51515966943804,0.1036223958782989
aexp,5,-0.0749775692136586,0.0,418.0,aexp <= 36.753235045875066,0.08348616923520909
ld,250,0.06531713189451571,0.0,6893.0,56.843026768805146 < ld <= 5592.8753493851755,0.07272944674646281
