feature,value,importance,min,max,rule,importance_ratio
ns,1.0,0.4669064302819875,1.0,6.0,ns <= 1.4968350645973174,0.5688226905494554
aexp,398.0,0.15368457875973698,0.0,418.0,aexp > 173.5744038495336,0.1872308238146914
nd,6.0,0.09652627736440253,1.0,35.0,4.485787579415443 < nd <= 8.51515966943804,0.11759601761316897
age,131.615384615385,-0.041918159210592235,0.0,536.25,98.64853560228445 < age <= 151.75380732983808,0.05106804823966327
ld,6.0,0.03190584033961773,0.0,6893.0,2.401405894888768 < ld <= 19.414412417987634,0.038870242021001485
