feature,value,importance,min,max,rule,importance_ratio
ns,1.0,0.4623781593085907,1.0,6.0,ns <= 1.4968350645973174,0.5692239202942274
la,1258.0,0.11405804594908361,0.0,8385.0,363.9600190460562 < la <= 3755.7865561189433,0.1404144351310199
nd,5.0,0.09310417664386056,1.0,35.0,4.485787579415443 < nd <= 8.51515966943804,0.11461857217527942
age,56.6428571428571,0.062428167332641574,0.0,536.25,age <= 91.7448502777025,0.07685398938178183
aexp,93.0,0.033085925155564924,0.0,418.0,77.34852688871881 < aexp <= 157.78734591064995,0.040731378946994634
