feature,value,importance,min,max,rule,importance_ratio
ns,2.0,-0.4328474898119843,1.0,6.0,1.4968350645973174 < ns <= 2.497149685556895,0.6315030458084154
nd,6.0,0.10266141253032078,1.0,35.0,4.485787579415443 < nd <= 8.51515966943804,0.14977791537627352
age,33.375,0.059024008277698575,0.0,536.25,age <= 91.7448502777025,0.08611310422379576
aexp,95.0,0.035892653841226425,0.0,418.0,77.34852688871881 < aexp <= 157.78734591064995,0.052365603951468366
ld,13.0,0.023690837599528728,0.0,6893.0,2.401405894888768 < ld <= 19.414412417987634,0.03456375849228893
