feature,value,importance,min,max,rule,importance_ratio
ns,2.0,-0.4303966599508234,1.0,6.0,1.4968350645973174 < ns <= 2.497149685556895,0.49250724007246605
la,405.0,0.12993463894180476,0.0,8385.0,363.9600190460562 < la <= 3755.7865561189433,0.14868551819698714
nd,5.0,0.0951921433216926,1.0,35.0,4.485787579415443 < nd <= 8.51515966943804,0.10892932995647836
aexp,22.0,-0.07756686734274652,0.0,418.0,aexp <= 36.753235045875066,0.08876054883977988
ld,217.0,0.06386070418108798,0.0,6893.0,56.843026768805146 < ld <= 5592.8753493851755,0.0730764480581831
