feature,value,importance,min,max,rule,importance_ratio
ns,1.0,0.46780694710700443,1.0,6.0,ns <= 1.4968350645973174,0.6072129724068053
aexp,439.0,0.15178432417806503,0.0,418.0,aexp > 173.5744038495336,0.1970159084188192
age,29.5,0.06004380970193858,0.0,536.25,age <= 91.7448502777025,0.07793680788456335
nd,4.0,0.03645723214091788,1.0,35.0,3.497451029032542 < nd <= 4.485787579415443,0.04732145264390025
ld,7.0,0.032014295879696016,0.0,6893.0,2.401405894888768 < ld <= 19.414412417987634,0.04155452560257648
