feature,value,importance,min,max,rule,importance_ratio
ns,1,0.4668098314049371,1.0,6.0,ns <= 1.4968350645973174,0.63479281007938
age,222.25,-0.11923663173538421,0.0,536.25,age > 172.46486330358397,0.16214430680669722
ld,24,0.05266202332952686,0.0,6893.0,19.414412417987634 < ld <= 56.843026768805146,0.07161261722617325
nd,4,0.03747658296641457,1.0,35.0,3.497451029032542 < nd <= 4.485787579415443,0.05096264862679523
aexp,79,0.030683619721098055,0.0,418.0,77.34852688871881 < aexp <= 157.78734591064995,0.04172521629962594
