feature,value,importance,min,max,rule,importance_ratio
ns,1.0,0.4621192117509138,1.0,6.0,ns <= 1.4968350645973174,0.5279390951566308
nd,9.0,0.15925280981335185,1.0,35.0,8.51515966943804 < nd <= 15.509541410609344,0.18193527162711767
la,1098.0,0.12017266315069931,0.0,8385.0,363.9600190460562 < la <= 3755.7865561189433,0.13728891903446674
ld,118.0,0.06733279286520405,0.0,6893.0,56.843026768805146 < ld <= 5592.8753493851755,0.07692303811594214
age,122.15,-0.03537199608501648,0.0,536.25,98.64853560228445 < age <= 151.75380732983808,0.04041004816972006
