feature,value,importance,min,max,rule,importance_ratio
ns,2,-0.4319788127092489,1.0,6.0,1.4968350645973174 < ns <= 2.497149685556895,0.6547505521773238
nd,8,0.10143159950133307,1.0,35.0,4.485787579415443 < nd <= 8.51515966943804,0.15373993776501962
aexp,115,0.03591472935489761,0.0,418.0,77.34852688871881 < aexp <= 157.78734591064995,0.054435977378005505
age,106.3,-0.035042006398138384,0.0,536.25,98.64853560228445 < age <= 151.75380732983808,0.053113190655545275
ld,7,0.023742499475100466,0.0,6893.0,2.401405894888768 < ld <= 19.414412417987634,0.035986521060825664
