feature,value,importance,min,max,rule,importance_ratio
ns,1.0,0.4686356696007398,1.0,6.0,ns <= 1.4968350645973174,0.6694129282918151
age,34.2,0.06192250802898978,0.0,536.25,age <= 91.7448502777025,0.08845192569779166
ld,47.0,0.052834548154214706,0.0,6893.0,19.414412417987634 < ld <= 56.843026768805146,0.07547041740339594
la,65.0,-0.04763261087444513,0.0,8385.0,39.45725240126967 < la <= 70.36227779601131,0.06803981770062971
aexp,109.0,0.030871869743545836,0.0,418.0,77.34852688871881 < aexp <= 157.78734591064995,0.04409828373601436
