feature,value,importance,min,max,rule,importance_ratio
ns,2.0,-0.4257324724364454,1.0,6.0,1.4968350645973174 < ns <= 2.497149685556895,0.41208032965491753
nd,12.0,0.17094557797186058,1.0,35.0,8.51515966943804 < nd <= 15.509541410609344,0.16546379401259015
aexp,556.0,0.16152001777518735,0.0,418.0,aexp > 173.5744038495336,0.1563404872307538
la,404.0,0.12891178115252458,0.0,8385.0,363.9600190460562 < la <= 3755.7865561189433,0.12477791268709276
ld,159.0,0.06552640268275256,0.0,6893.0,56.843026768805146 < ld <= 5592.8753493851755,0.06342513988674074
