feature,value,importance,min,max,rule,importance_ratio
ns,1.0,0.4752978688172748,1.0,6.0,ns <= 1.4968350645973174,0.6174729397654444
ld,1.0,-0.12381285123136562,0.0,6893.0,-1.0011954097309967 < ld <= 2.401405894888768,0.16084878609031608
aexp,33.0,-0.07364776628639062,0.0,418.0,aexp <= 36.753235045875066,0.09567790166864554
age,22.75,0.06214568080610911,0.0,536.25,age <= 91.7448502777025,0.08073521624778314
nd,3.0,-0.015325499172382757,1.0,35.0,2.5091144786496407 < nd <= 3.497451029032542,0.019909790571735312
