feature,value,importance,min,max,rule,importance_ratio
ns,1.0,0.4722067094369971,1.0,6.0,ns <= 1.4968350645973174,0.7229358763847779
age,70.8333333333333,0.061622587706309954,0.0,536.25,age <= 91.7448502777025,0.09434253804160078
aexp,45.0,-0.03606277082150338,0.0,418.0,37.50499970963143 < aexp <= 46.526175674707815,0.05521114018009395
ld,16.0,0.031844600777164875,0.0,6893.0,2.401405894888768 < ld <= 19.414412417987634,0.04875323435876479
nuc,266.0,0.02043814941608189,0.0,593.0,122.26403089809419 < nuc <= 329.2334199571145,0.03129026158356518
