feature,value,importance,min,max,rule,importance_ratio
ns,2,-0.43184208458797535,1.0,6.0,1.4968350645973174 < ns <= 2.497149685556895,0.5996679393360127
nd,6,0.10169974888476924,1.0,35.0,4.485787579415443 < nd <= 8.51515966943804,0.1412231021969684
age,12.0,0.060455793522331366,0.0,536.25,age <= 91.7448502777025,0.0839505977215019
ld,39,0.05677404259619321,0.0,6893.0,19.414412417987634 < ld <= 56.843026768805146,0.0788380159009222
aexp,108,0.0359719431849578,0.0,418.0,77.34852688871881 < aexp <= 157.78734591064995,0.04995164161505258
