feature,value,importance,min,max,rule,importance_ratio
ns,1.0,0.46598090348312987,1.0,6.0,ns <= 1.4968350645973174,0.4780226203147218
aexp,202.0,0.1481885554382328,0.0,418.0,aexp > 173.5744038495336,0.15201799267253027
la,370.0,0.12010053078738867,0.0,8385.0,363.9600190460562 < la <= 3755.7865561189433,0.12320412703404898
nd,2.0,-0.10271576455838298,1.0,35.0,1.4827649840212431 < nd <= 2.5091144786496407,0.1053701097079526
ld,309.0,0.06780652379066904,0.0,6893.0,56.843026768805146 < ld <= 5592.8753493851755,0.06955875645239099
