feature,value,importance,min,max,rule,importance_ratio
ns,1.0,0.4739316413758431,1.0,6.0,ns <= 1.4968350645973174,0.5799244943428925
nd,2.0,-0.10825132438528343,1.0,35.0,1.4827649840212431 < nd <= 2.5091144786496407,0.13246128571166504
la,29.0,-0.07981554466599611,0.0,8385.0,8.552227006528142 < la <= 31.73099605258426,0.09766596137526776
age,20.6666666666667,0.06371853070989078,0.0,536.25,age <= 91.7448502777025,0.07796891677232709
aexp,112.0,0.03383354720792324,0.0,418.0,77.34852688871881 < aexp <= 157.78734591064995,0.041400280216406266
