feature,value,importance,min,max,rule,importance_ratio
ns,1.0,0.4735422166448396,1.0,6.0,ns <= 1.4968350645973174,0.5600016335615499
aexp,243.0,0.15320299389041706,0.0,418.0,aexp > 173.5744038495336,0.18117482207399435
nd,2.0,-0.10534505433731779,1.0,35.0,1.4827649840212431 < nd <= 2.5091144786496407,0.12457897193308473
age,127.666666666667,-0.04393156781185833,0.0,536.25,98.64853560228445 < age <= 151.75380732983808,0.05195260079211095
ld,15.0,0.03283948650638344,0.0,6893.0,2.401405894888768 < ld <= 19.414412417987634,0.03883532543137537
