feature,value,importance,min,max,rule,importance_ratio
ns,1,0.47458832145151786,1.0,6.0,ns <= 1.4968350645973174,0.604560598258483
nd,2,-0.10747609291178188,1.0,35.0,1.4827649840212431 < nd <= 2.5091144786496407,0.1369098397333168
age,0.0,0.0615946180202504,0.0,536.25,age <= 91.7448502777025,0.07846311726747658
la,65,-0.04971387667453299,0.0,8385.0,39.45725240126967 < la <= 70.36227779601131,0.06332867806814418
aexp,92,0.03528168430354884,0.0,418.0,77.34852688871881 < aexp <= 157.78734591064995,0.04494403929890929
