feature,value,importance,min,max,rule,importance_ratio
ns,2.0,-0.42580845853218696,1.0,6.0,1.4968350645973174 < ns <= 2.497149685556895,0.5027836863488032
nd,32.0,0.1656542209060499,1.0,35.0,nd > 15.509541410609344,0.19560024742929566
la,634.0,0.13324623845130065,0.0,8385.0,363.9600190460562 < la <= 3755.7865561189433,0.1573337344955361
ld,543.0,0.06561075467113536,0.0,6893.0,56.843026768805146 < ld <= 5592.8753493851755,0.0774714931953068
age,106.294871794872,-0.03519407240488015,0.0,536.25,98.64853560228445 < age <= 151.75380732983808,0.041556256356083544
