feature,value,importance,min,max,rule,importance_ratio
ns,1.0,0.4674042465919881,1.0,6.0,ns <= 1.4968350645973174,0.623102929662938
nd,1.0,-0.14268285486342963,1.0,35.0,nd <= 1.4827649840212431,0.19021244570694654
age,32.0,0.06287691070391793,0.0,536.25,age <= 91.7448502777025,0.08382206099630629
aexp,148.0,0.03109977629190291,0.0,418.0,77.34852688871881 < aexp <= 157.78734591064995,0.04145953285756659
ld,2.0,-0.028553249910420644,0.0,6893.0,2.401405894888768 < ld <= 2.401405894888768,0.03806472405911191
