feature,value,importance,min,max,rule,importance_ratio
la,444,0.4031598713977051,0.0,5213.0,la > 239.94258526681375,0.5414468719249209
ns,1,0.12182299790848578,1.0,7.0,ns <= 1.5017949723174673,0.16360924245111086
arexp,103.0,-0.11196314426304801,0.0,907.416666666682,arexp <= 108.72431331059042,0.15036738160952562
age,101.8,-0.03727737792028578,0.0,2713.05714285714,4.2314858096329 < age <= 205.66766568599962,0.050063811158901815
nd,2,-0.031673353380364866,1.0,33.0,1.5082366424900593 < nd <= 2.5011184800605895,0.042537562212519336
