feature,value,importance,min,max,rule,importance_ratio
la,480,0.32092617461961825,0.0,5213.0,la > 239.94258526681375,0.5402962477723804
ns,1,0.14113010954110605,1.0,7.0,ns <= 1.5017949723174673,0.23760002973625735
nuc,1.375,0.05159158813013257,0.0,832.0,1.1585048681222432 < nuc <= 3.4743952220832455,0.08685717678331345
ld,2,0.04596095745964798,0.0,4850.0,2.4111125935430664 < ld <= 4.273018463147167,0.07737771121008397
age,1.125,-0.021614347004266392,0.0,2713.05714285714,1.0340861290556518 < age <= 2.632785969344283,0.03638890033914185
