feature,value,importance,min,max,rule,importance_ratio
nd,5,0.25228649840711886,1.0,33.0,nd > 4.505268855897399,0.3457908685439895
ns,1,0.1640782923566374,1.0,7.0,ns <= 1.5017949723174673,0.22489025604398064
arexp,10.0380952380952,-0.1407262500082565,0.0,907.416666666682,arexp <= 108.72431331059042,0.19288329944144372
la,129,0.09001397542531697,0.0,5213.0,118.90743536756628 < la <= 239.94258526681375,0.12337565006427385
ld,59,-0.0413900284461346,0.0,4850.0,37.78732411602096 < ld <= 97.36831194335214,0.056730320392942034
