commit_id,label,pred,score_or_proba,feature,value_actual,min,max,operator,threshold
,True,True,0.7005413068631546,nuc,0.7142857142857142,0.0,251.0,>,3.950000047683716
,True,True,0.7005413068631546,ld,234.0,0.0,9281.0,>,126.22999954223631
,True,True,0.7005413068631546,la,1035.0,0.0,9886.0,<,510.0700073242188
,True,True,0.7005413068631546,asexp,17.0,0.0,1042.0,<,4.9100000858306885
