commit_id,label,pred,score_or_proba,feature,value_actual,min,max,operator,threshold
,True,True,0.7443757621669126,nd,18.0,1.0,51.0,<,9.5
,True,True,0.7443757621669126,la,386.0,0.0,9886.0,<,180.5
,True,True,0.7443757621669126,ns,1.0,1.0,25.0,<,1.5
,True,True,0.7443757621669126,ld,242.0,0.0,9281.0,>,392.5
,True,True,0.7443757621669126,asexp,30.0,0.0,1042.0,>,341.0
