commit_id,label,pred,score_or_proba,feature,value_actual,min,max,operator,threshold
,True,True,0.8262960596441628,nd,17.0,1.0,51.0,<,10.0
,True,True,0.8262960596441628,la,447.0,0.0,9886.0,<,409.5
,True,True,0.8262960596441628,asexp,0.9958695031965992,0.0,1042.0,>,7.5
,True,True,0.8262960596441628,age,35.028571428571404,0.0,1520.0,<,65.64999771118164
