commit_id,label,pred,score_or_proba,feature,value_actual,min,max,operator,threshold
,True,True,0.5272117979887021,aexp,22.0,0.0,1411.0,<,3.0
,True,True,0.5272117979887021,asexp,16.0,0.0,1042.0,>,51.5
,True,True,0.5272117979887021,la,503.0,0.0,9886.0,>,391.5
,True,True,0.5272117979887021,nuc,6.1111111111111125,0.0,251.0,>,1.9049999713897705
,True,True,0.5272117979887021,ld,181.0,0.0,9281.0,<,235.0
