commit_id,label,pred,score_or_proba,feature,value_actual,min,max,operator,threshold
,True,True,0.6305947290736121,nuc,0.0,0.0,251.0,>,3.784999966621399
,True,True,0.6305947290736121,ld,769.0,0.0,9281.0,<,515.5
,True,True,0.6305947290736121,la,973.0,0.0,9886.0,<,735.6650085449219
