commit_id,label,pred,score_or_proba,feature,value_actual,min,max,operator,threshold
,True,True,0.9275822607202464,la,1778.0,0.0,9886.0,<,743.0
,True,True,0.9275822607202464,asexp,4.47037500350727e-08,0.0,1042.0,>,107.5
,True,True,0.9275822607202464,nuc,11.6818181818182,0.0,251.0,<,18.545000076293945
,True,True,0.9275822607202464,age,99.4545454545455,0.0,1520.0,>,68.625
