commit_id,label,pred,score_or_proba,feature,value_actual,min,max,operator,threshold
,True,True,0.8105203856682034,la,1082.0,0.0,9886.0,<,294.5
,True,True,0.8105203856682034,nd,8.0,1.0,51.0,<,6.5
,True,True,0.8105203856682034,asexp,27.0,0.0,1042.0,>,150.5
,True,True,0.8105203856682034,age,9.75,0.0,1520.0,<,0.7850000262260437
