feature,value,importance,min,max,rule,importance_ratio
la,198,0.3769758051919947,0.0,5956.0,165.96883678608913 < la <= 871.1234134540887,0.650957907320143
ns,3,0.07116138385773435,1.0,9.0,2.4958440955958925 < ns <= 6.503048404494037,0.12288073897592369
nuc,72.5714285714286,-0.06088390623057642,0.0,209.0,70.07905039701288 < nuc <= 135.51259775732092,0.10513369729165173
aexp,42,0.039904070863568744,0.0,403.0,6.128482956425856 < aexp <= 259.48003416260264,0.06890593535485341
age,37.9523809523809,0.02853251007218267,0.0,829.533333333333,6.825997486629916 < age <= 98.2860137036514,0.04926964221939767
