feature,value,importance,min,max,rule,importance_ratio
la,159,0.2292891809308689,0.0,5956.0,105.26016462261896 < la <= 165.96883678608913,0.5769783474636502
age,44.5,0.06235438460919666,0.0,829.533333333333,6.825997486629916 < age <= 98.2860137036514,0.15690722799421714
asexp,6.0,0.0523507636642293,0.0,197.0,1.1438006319502207 < asexp <= 115.31620119105196,0.13173433209896662
ns,1,-0.031052563272513548,1.0,9.0,ns <= 1.4964454190361633,0.07814000018992265
nuc,53.5,0.014197845302362854,0.0,209.0,9.185789996399661 < nuc <= 67.67536906540971,0.03572715156835824
