feature,value,importance,min,max,rule,importance_ratio
la,354,0.3544899123641792,0.0,5956.0,165.96883678608913 < la <= 871.1234134540887,0.5335882805919571
age,177.75,-0.10142475073337592,0.0,829.533333333333,146.77823706703862 < age <= 204.4778446133475,0.15266741440498766
aexp,0,-0.0631315487732511,0.0,403.0,aexp <= 0.47751898900183676,0.09502739961305114
asexp,0.0,-0.05909002998751018,0.0,197.0,asexp <= -0.15854614248820553,0.08894399079196136
nuc,13.25,0.04808288698856048,0.0,209.0,9.185789996399661 < nuc <= 67.67536906540971,0.07237572664060928
