feature,value,importance,min,max,rule,importance_ratio
la,878,0.27248451327495654,0.0,5956.0,la > 871.1234134540887,0.4904061327219465
nuc,24.0625,0.0851070332927322,0.0,209.0,9.185789996399661 < nuc <= 67.67536906540971,0.1531720484327529
asexp,0.703369863622708,0.08481600485400458,0.0,197.0,-0.15854614248820553 < asexp <= 1.1438006319502207,0.15264826772524348
aexp,49,0.07523083664413187,0.0,403.0,6.128482956425856 < aexp <= 259.48003416260264,0.13539728631423847
age,10.0,0.024321053311782675,0.0,829.533333333333,6.825997486629916 < age <= 98.2860137036514,0.0437720058105476
