feature,value,importance,min,max,rule,importance_ratio
la,100,0.09902962845721257,0.0,5956.0,63.23108389406272 < la <= 105.26016462261896,0.3356004792155849
asexp,0.0,-0.05306738750565469,0.0,197.0,asexp <= -0.15854614248820553,0.1798395182842853
nuc,101.5,-0.05057171472935167,0.0,209.0,70.07905039701288 < nuc <= 135.51259775732092,0.17138195873629142
aexp,4,-0.04538596678637104,0.0,403.0,2.3611736448098384 < aexp <= 6.128482956425856,0.15380803139890392
ns,1,-0.03691575618532607,1.0,9.0,ns <= 1.4964454190361633,0.12510342267671917
