feature,value,importance,min,max,rule,importance_ratio
ld,21,0.077951014129285,0.0,8658.0,14.111432331182087 < ld <= 35.06259046661786,0.287412517025981
la,102,0.056575544274121765,0.0,9967.0,42.326804326581055 < la <= 104.87903696289698,0.20859920507219332
ndev,18.0,-0.04072287764656401,0.0,85.0,10.553100765399932 < ndev <= 52.00237651581121,0.15014897363013144
nuc,90.0,0.032732199024790104,0.0,976.0,12.104132594966572 < nuc <= 255.46934596936424,0.12068661087471312
ent,1.9972411622683304,0.031792127166236334,0.0,6.08230385583814,1.596054196840603 < ent <= 3.4251727475658535,0.1172204799709623
