feature,value,importance,min,max,rule,importance_ratio
la,155.0,0.10864681519563706,0.0,9967.0,104.87903696289698 < la <= 229.98350223552893,0.4639827420407332
nuc,33.6666666666667,0.04700121642577264,0.0,976.0,12.104132594966572 < nuc <= 255.46934596936424,0.20072151436018967
age,3.3333333333333304,0.034058154250624556,0.0,1802.57575757576,2.1794390140157773 < age <= 11.310905131690312,0.14544739088390335
asexp,61.0,-0.03275450331443224,0.0,1122.0,23.865449598761593 < asexp <= 381.21797766874084,0.1398800713545706
ndev,6.66666666666667,-0.007130167303749924,0.0,85.0,4.096578965816638 < ndev <= 10.553100765399932,0.03044980721106238
