feature,value,importance,min,max,rule,importance_ratio
la,128,0.0967371580494365,0.0,9967.0,104.87903696289698 < la <= 229.98350223552893,0.2786434857907078
age,5.375,0.062292627337319564,0.0,1802.57575757576,2.1794390140157773 < age <= 11.310905131690312,0.1794288272502478
nuc,68.625,0.061258748043645436,0.0,976.0,12.104132594966572 < nuc <= 255.46934596936424,0.17645082235445614
ent,2.81425491406421,0.04415096637094235,0.0,6.08230385583814,1.596054196840603 < ent <= 3.4251727475658535,0.12717325398727028
ld,149,0.02934730434919142,0.0,8658.0,35.06259046661786 < ld <= 6168.514134615445,0.0845325141580085
