feature,value,importance,min,max,rule,importance_ratio
la,2309,0.15839683096361648,0.0,9967.0,la > 1199.5431080984263,0.5059236388110068
arexp,82.0833333333336,-0.04251047114112684,0.0,863.416666666674,-0.02556803069123248 < arexp <= 97.64182103961909,0.13577956147512396
asexp,7.39442491821764e-27,-0.034370360806830556,0.0,1122.0,asexp <= -0.3302944893099209,0.10977983524577649
age,32.113636363636395,0.02675745553418075,0.0,1802.57575757576,11.310905131690312 < age <= 252.15332398535617,0.08546401583176824
ndev,1.43181818181818,0.019739641088412505,0.0,85.0,0.9878832845357923 < ndev <= 3.937158674468902,0.06304893215045987
