feature,value,importance,min,max,rule,importance_ratio
ndev,4.0,0.1295445096896481,0.0,85.0,3.937158674468902 < ndev <= 4.096578965816638,0.3880110298987573
la,58.0,0.06396365651221557,0.0,9967.0,42.326804326581055 < la <= 104.87903696289698,0.19158360550249065
nuc,26.4,0.04758128512855502,0.0,976.0,12.104132594966572 < nuc <= 255.46934596936424,0.14251521342638857
asexp,0.4087412333616981,0.03392944093672849,0.0,1122.0,-0.3302944893099209 < asexp <= 1.5309165943878895,0.10162528194586308
arexp,116.0,-0.03006169863145597,0.0,863.416666666674,97.64182103961909 < arexp <= 214.01147610211652,0.09004064066043076
