feature,value,importance,min,max,rule,importance_ratio
la,3480,0.17060143089551277,0.0,9967.0,la > 1199.5431080984263,0.4951979433275382
nuc,46.9285714285714,0.047369715690534366,0.0,976.0,12.104132594966572 < nuc <= 255.46934596936424,0.13749817725930819
ent,2.49605089761713,0.03910497979804778,0.0,6.08230385583814,1.596054196840603 < ent <= 3.4251727475658535,0.11350845926795522
age,105.642857142857,0.033586021051952235,0.0,1802.57575757576,11.310905131690312 < age <= 252.15332398535617,0.09748879867056028
arexp,51.50000000000011,-0.031127932991836502,0.0,863.416666666674,-0.02556803069123248 < arexp <= 97.64182103961909,0.09035380486952467
