feature,value,importance,min,max,rule,importance_ratio
la,144,0.11310311794091385,0.0,9967.0,104.87903696289698 < la <= 229.98350223552893,0.47961453628694073
ndev,22.75,-0.05627773147314614,0.0,85.0,10.553100765399932 < ndev <= 52.00237651581121,0.23864610078985296
arexp,18.0,-0.02695949614765724,0.0,863.416666666674,-0.02556803069123248 < arexp <= 97.64182103961909,0.1143219256797415
age,87.0,0.023985546273195983,0.0,1802.57575757576,11.310905131690312 < age <= 252.15332398535617,0.10171087113104657
ent,0.783687769077269,-0.006279053210099429,0.0,6.08230385583814,0.008277677113822879 < ent <= 0.9990502254233335,0.02662636758834636
