feature,value,importance,min,max,rule,importance_ratio
la,358.0,0.1939563542104642,0.0,9967.0,229.98350223552893 < la <= 1199.5431080984263,0.4496295971591345
ld,20.0,0.06490066358672837,0.0,8658.0,14.111432331182087 < ld <= 35.06259046661786,0.15045271057320594
nuc,113.083333333333,0.041316855754301864,0.0,976.0,12.104132594966572 < nuc <= 255.46934596936424,0.09578073007358345
arexp,65.8333333333333,-0.04060006990807174,0.0,863.416666666674,-0.02556803069123248 < arexp <= 97.64182103961909,0.0941190772104857
ent,2.13375451616864,0.03793395923086795,0.0,6.08230385583814,1.596054196840603 < ent <= 3.4251727475658535,0.0879384997571066
