feature,value,importance,min,max,rule,importance_ratio
la,41.0,-0.09433304673158063,0.0,9967.0,21.47606011447573 < la <= 42.326804326581055,0.3299506095089548
ld,31.0,0.05485326941002298,0.0,8658.0,14.111432331182087 < ld <= 35.06259046661786,0.19186139218947626
age,7.71428571428571,0.03981715648818523,0.0,1802.57575757576,2.1794390140157773 < age <= 11.310905131690312,0.13926927526864175
arexp,53.5,-0.03623441838980156,0.0,863.416666666674,-0.02556803069123248 < arexp <= 97.64182103961909,0.12673785960646858
nuc,52.8571428571429,0.0330201183579345,0.0,976.0,12.104132594966572 < nuc <= 255.46934596936424,0.11549513723710682
