feature,value,importance,min,max,rule,importance_ratio
la,3910.0,0.14667956430602316,0.0,9967.0,la > 1199.5431080984263,0.4038406802329465
asexp,0.298320495660825,0.06079497181016741,0.0,1122.0,-0.3302944893099209 < asexp <= 1.5309165943878895,0.16738175414359782
nuc,101.425,0.03560100138378128,0.0,976.0,12.104132594966572 < nuc <= 255.46934596936424,0.09801728471053228
arexp,140.25,-0.035556386959784546,0.0,863.416666666674,97.64182103961909 < arexp <= 214.01147610211652,0.09789445151682678
ld,21.0,0.027563266934516422,0.0,8658.0,14.111432331182087 < ld <= 35.06259046661786,0.075887657022583
