feature,value,importance,min,max,rule,importance_ratio
ndev,13.666666666666698,-0.08233088580575638,0.0,85.0,10.553100765399932 < ndev <= 52.00237651581121,0.2365457757298462
ld,8.0,0.05411641846445837,0.0,8658.0,3.6358532634641847 < ld <= 14.111432331182087,0.15548247853907166
nuc,72.6666666666667,0.05171269065982159,0.0,976.0,12.104132594966572 < nuc <= 255.46934596936424,0.1485763016817901
arexp,0.0,-0.05137023542715334,0.0,863.416666666674,arexp <= -0.02556803069123248,0.14759238977714503
la,72.0,0.047251107627750734,0.0,9967.0,42.326804326581055 < la <= 104.87903696289698,0.13575767828213112
