feature,value,importance,min,max,rule,importance_ratio
ndev,13.666666666666698,-0.05626618839198768,0.0,85.0,10.553100765399932 < ndev <= 52.00237651581121,0.237398527128018
nuc,72.6666666666667,0.04324113974845699,0.0,976.0,12.104132594966572 < nuc <= 255.46934596936424,0.18244318979108734
ld,8,0.04282458768892612,0.0,8658.0,3.6358532634641847 < ld <= 14.111432331182087,0.18068567167530802
age,10.6666666666667,0.03716755456192412,0.0,1802.57575757576,2.1794390140157773 < age <= 11.310905131690312,0.15681749487774976
la,72,0.0327710856799074,0.0,9967.0,42.326804326581055 < la <= 104.87903696289698,0.1382678957848857
