feature,value,importance,min,max,rule,importance_ratio
arexp,384.773809523806,0.10957786478602895,0.0,863.416666666674,218.16753521149144 < arexp <= 822.8741356255406,0.35186298650207304
nuc,48.5,0.059292090553893485,0.0,976.0,12.104132594966572 < nuc <= 255.46934596936424,0.19039148188352256
ndev,6.5,0.04375472532041682,0.0,85.0,4.096578965816638 < ndev <= 10.553100765399932,0.14049980217156655
asexp,0.384750173441835,0.04345962438382865,0.0,1122.0,-0.3302944893099209 < asexp <= 1.5309165943878895,0.13955221027360223
age,23.5,-0.02345169824509399,0.0,1802.57575757576,11.310905131690312 < age <= 252.15332398535617,0.07530521423443806
