feature,value,importance,min,max,rule,importance_ratio
la,3601,0.18688066034193282,0.0,9967.0,la > 1199.5431080984263,0.4211061780176318
ent,3.0139476538272203,0.061370411131182,0.0,6.08230385583814,1.596054196840603 < ent <= 3.4251727475658535,0.13828856997581976
nuc,28.3939393939394,0.0579698056191954,0.0,976.0,12.104132594966572 < nuc <= 255.46934596936424,0.13062584025580362
age,188.969696969697,0.0487131675574957,0.0,1802.57575757576,11.310905131690312 < age <= 252.15332398535617,0.10976746214261236
ndev,2.21212121212121,0.0449816527072531,0.0,85.0,0.9878832845357923 < ndev <= 3.937158674468902,0.10135908026978188
