feature,value,importance,min,max,rule,importance_ratio
ndev,5.33333333333333,-0.0644960881631831,0.0,85.0,4.096578965816638 < ndev <= 10.553100765399932,0.25998020142979766
la,31.0,-0.061493570907885264,0.0,9967.0,21.47606011447573 < la <= 42.326804326581055,0.24787721870542262
ld,17.0,0.054083321605640985,0.0,8658.0,14.111432331182087 < ld <= 35.06259046661786,0.21800690934079642
arexp,192.0,0.02095235446403035,0.0,863.416666666674,97.64182103961909 < arexp <= 214.01147610211652,0.08445779409450455
asexp,0.408741233361692,0.018657265607366774,0.0,1122.0,-0.3302944893099209 < asexp <= 1.5309165943878895,0.07520641652653466
