feature,value,importance,min,max,rule,importance_ratio
la,214,0.13345793535515074,0.0,9967.0,104.87903696289698 < la <= 229.98350223552893,0.3146391009385734
ndev,11.7777777777778,-0.08674334945331422,0.0,85.0,10.553100765399932 < ndev <= 52.00237651581121,0.20450525786841436
ld,19,0.05895447984268209,0.0,8658.0,14.111432331182087 < ld <= 35.06259046661786,0.13899049527958124
nuc,225.111111111111,0.04159230993706084,0.0,976.0,12.104132594966572 < nuc <= 255.46934596936424,0.0980576162049119
arexp,138.616666666666,-0.04081614259254472,0.0,863.416666666674,97.64182103961909 < arexp <= 214.01147610211652,0.09622773179371862
