feature,value,importance,min,max,rule,importance_ratio
la,3043.0,0.15198141727227374,0.0,9967.0,la > 1199.5431080984263,0.452063946795231
nuc,143.95,0.061832748472155405,0.0,976.0,12.104132594966572 < nuc <= 255.46934596936424,0.18391956607065252
ld,9.0,0.050933177214337655,0.0,8658.0,3.6358532634641847 < ld <= 14.111432331182087,0.15149913408877597
age,2.0,-0.02476417570825106,0.0,1802.57575757576,-0.10342751540286343 < age <= 2.1794390140157773,0.07366026196312411
ent,2.51631926307395,0.020614337893495482,0.0,6.08230385583814,1.596054196840603 < ent <= 3.4251727475658535,0.06131669987001851
