feature,value,importance,min,max,rule,importance_ratio
asexp,0.0042910589325667,0.07273113660288841,0.0,1122.0,-0.3302944893099209 < asexp <= 1.5309165943878895,0.24138646140904332
age,27.6666666666667,0.06055660596362038,0.0,1802.57575757576,11.310905131690312 < age <= 252.15332398535617,0.2009805636382641
ld,36.0,0.04612417210342726,0.0,8658.0,14.111432331182087 < ld <= 35.06259046661786,0.15308093905170536
ent,2.5889285118957703,0.039482015462483415,0.0,6.08230385583814,1.596054196840603 < ent <= 3.4251727475658535,0.13103636828641996
nuc,14.666666666666698,0.03037901882988045,0.0,976.0,12.104132594966572 < nuc <= 255.46934596936424,0.10082454639011258
