feature,value,importance,min,max,rule,importance_ratio
la,674,0.19217522822484406,0.0,9967.0,229.98350223552893 < la <= 1199.5431080984263,0.3485553893113377
ld,0,-0.178115444696991,0.0,8658.0,ld <= -1.6019362703947877,0.3230546347840671
ndev,21.0,-0.07150864356351024,0.0,85.0,10.553100765399932 < ndev <= 52.00237651581121,0.12969789772927023
age,10.0,0.049634821117290576,0.0,1802.57575757576,2.1794390140157773 < age <= 11.310905131690312,0.09002452895590862
nuc,324.8,-0.028741521600246785,0.0,976.0,255.46934596936424 < nuc <= 470.68410555791735,0.052129571242414324
