feature,value,importance,min,max,rule,importance_ratio
la,234.0,0.1706460721277586,0.0,9967.0,229.98350223552893 < la <= 1199.5431080984263,0.31615228794402667
nuc,110.666666666667,0.12471519447939883,0.0,976.0,12.104132594966572 < nuc <= 255.46934596936424,0.2310571440901766
ld,29.0,0.08295734935769553,0.0,8658.0,14.111432331182087 < ld <= 35.06259046661786,0.1536932873648081
age,37.6666666666667,0.0654492933261311,0.0,1802.57575757576,11.310905131690312 < age <= 252.15332398535617,0.121256490532548
arexp,208.5,-0.04813518906571763,0.0,863.416666666674,97.64182103961909 < arexp <= 214.01147610211652,0.08917902395287211
