feature,value,importance,min,max,rule,importance_ratio
la,23.0,-0.1083286130149607,0.0,9967.0,21.47606011447573 < la <= 42.326804326581055,0.3270983354993592
ld,12.0,0.056253106953795,0.0,8658.0,3.6358532634641847 < ld <= 14.111432331182087,0.1698563024038035
ent,1.86906885665867,0.04963611792016666,0.0,6.08230385583814,1.596054196840603 < ent <= 3.4251727475658535,0.1498762986109143
nuc,15.857142857142902,0.03872467306292926,0.0,976.0,12.104132594966572 < nuc <= 255.46934596936424,0.11692918195021743
age,30.285714285714302,0.029911515484758306,0.0,1802.57575757576,11.310905131690312 < age <= 252.15332398535617,0.09031784544288896
