feature,value,importance,min,max,rule,importance_ratio
la,998.0,0.18547883673183158,0.0,9967.0,229.98350223552893 < la <= 1199.5431080984263,0.5393206202160655
nuc,27.470588235294105,0.038470008697906115,0.0,976.0,12.104132594966572 < nuc <= 255.46934596936424,0.11186003382515003
ent,2.08635810783644,0.03001620062418396,0.0,6.08230385583814,1.596054196840603 < ent <= 3.4251727475658535,0.0872787225885514
ndev,2.23529411764706,0.02802127158915297,0.0,85.0,0.9878832845357923 < ndev <= 3.937158674468902,0.08147802649072373
ld,171.0,0.02288517587604366,0.0,8658.0,35.06259046661786 < ld <= 6168.514134615445,0.06654369557571964
