feature,value,importance,min,max,rule,importance_ratio
la,33,-0.09926543949804664,0.0,9967.0,21.47606011447573 < la <= 42.326804326581055,0.33935267467922003
arexp,40.5,-0.03682431429541566,0.0,863.416666666674,-0.02556803069123248 < arexp <= 97.64182103961909,0.1258890265591727
ndev,1.5,0.033137831705499214,0.0,85.0,0.9878832845357923 < ndev <= 3.937158674468902,0.11328627444955107
nuc,9.0,-0.03033942654400206,0.0,976.0,5.747578514292009 < nuc <= 12.104132594966572,0.10371953821998064
ent,2.00594719769813,0.029813204482269134,0.0,6.08230385583814,1.596054196840603 < ent <= 3.4251727475658535,0.10192057510625971
