feature,value,importance,min,max,rule,importance_ratio
ld,13.0,0.08645142089597763,0.0,8658.0,3.6358532634641847 < ld <= 14.111432331182087,0.26919372395964386
nuc,4.611111111111111,-0.05481192447983645,0.0,976.0,1.2071827423816117 < nuc <= 5.747578514292009,0.1706741880607824
asexp,0.484487863996407,0.05298100812433377,0.0,1122.0,-0.3302944893099209 < asexp <= 1.5309165943878895,0.16497305340170687
arexp,41.5,-0.052904603338368786,0.0,863.416666666674,-0.02556803069123248 < arexp <= 97.64182103961909,0.16473514303945844
ent,3.33092941186037,0.03243694178499505,0.0,6.08230385583814,1.596054196840603 < ent <= 3.4251727475658535,0.1010026331836874
