feature,value,importance,min,max,rule,importance_ratio
ld,13,0.07094896070681458,0.0,8658.0,3.6358532634641847 < ld <= 14.111432331182087,0.23472657056484927
age,6.5,0.05403973555197815,0.0,1802.57575757576,2.1794390140157773 < age <= 11.310905131690312,0.17878432148941756
arexp,41.5,-0.04965624781850766,0.0,863.416666666674,-0.02556803069123248 < arexp <= 97.64182103961909,0.16428205066627657
la,83,0.04015054481712675,0.0,9967.0,42.326804326581055 < la <= 104.87903696289698,0.13283351295559204
nuc,4.611111111111111,-0.035200048330339705,0.0,976.0,1.2071827423816117 < nuc <= 5.747578514292009,0.11645535813330092
