feature,value,importance,min,max,rule,importance_ratio
la,244.0,0.20539791736008195,0.0,9967.0,229.98350223552893 < la <= 1199.5431080984263,0.4484968970776362
age,0.0,-0.08769735612115075,0.0,1802.57575757576,age <= -0.10342751540286343,0.19149167921355237
ld,18.0,0.048334596920906706,0.0,8658.0,14.111432331182087 < ld <= 35.06259046661786,0.10554107373212304
ndev,24.25,-0.046153532020829294,0.0,85.0,10.553100765399932 < ndev <= 52.00237651581121,0.10077860655337953
arexp,209.000000000002,-0.03442357495679681,0.0,863.416666666674,97.64182103961909 < arexp <= 214.01147610211652,0.07516564312274404
