feature,value,importance,min,max,rule,importance_ratio
ld,9.0,0.09640053224782778,0.0,8658.0,3.6358532634641847 < ld <= 14.111432331182087,0.2788603457558129
ndev,22.3333333333333,-0.08301767758828324,0.0,85.0,10.553100765399932 < ndev <= 52.00237651581121,0.24014741139185897
arexp,225.416666666668,0.06816375522015493,0.0,863.416666666674,218.16753521149144 < arexp <= 822.8741356255406,0.19717908091877073
la,66.0,0.05390432601585906,0.0,9967.0,42.326804326581055 < la <= 104.87903696289698,0.15593045639906447
ent,1.55081644623424,0.0252783601642999,0.0,6.08230385583814,1.0371568618967764 < ent <= 1.596054196840603,0.07312337485268892
