feature,value,importance,min,max,rule,importance_ratio
la,38.0,-0.10014286307601739,0.0,9967.0,21.47606011447573 < la <= 42.326804326581055,0.28779638269705937
ndev,30.5,-0.07533313874938517,0.0,85.0,10.553100765399932 < ndev <= 52.00237651581121,0.21649675437011634
arexp,219.500000000001,0.06247851829429827,0.0,863.416666666674,218.16753521149144 < arexp <= 822.8741356255406,0.17955439867663694
nuc,182.0,0.038393977410171545,0.0,976.0,12.104132594966572 < nuc <= 255.46934596936424,0.11033884469243017
age,16.5,0.03175022705794793,0.0,1802.57575757576,11.310905131690312 < age <= 252.15332398535617,0.09124564863051156
