feature,value,importance,min,max,rule,importance_ratio
la,126.0,0.0859040771829517,0.0,9967.0,104.87903696289698 < la <= 229.98350223552893,0.36834276021873724
asexp,0.124692915804937,0.04346815048491235,0.0,1122.0,-0.3302944893099209 < asexp <= 1.5309165943878895,0.1863843842605598
age,69.6666666666667,0.030193360626135982,0.0,1802.57575757576,11.310905131690312 < age <= 252.15332398535617,0.12946423683272876
arexp,112.0,0.027984674289425103,0.0,863.416666666674,97.64182103961909 < arexp <= 214.01147610211652,0.1199937477895969
ld,128.0,-0.016399164958337254,0.0,8658.0,35.06259046661786 < ld <= 6168.514134615445,0.07031696147752953
