feature,value,importance,min,max,rule,importance_ratio
la,331,0.2016332733575708,0.0,9967.0,229.98350223552893 < la <= 1199.5431080984263,0.4056849418799438
age,4.0,0.08530966553679412,0.0,1802.57575757576,2.1794390140157773 < age <= 11.310905131690312,0.17164253760696235
arexp,52.0,-0.0801666462425842,0.0,863.416666666674,-0.02556803069123248 < arexp <= 97.64182103961909,0.16129481350014324
nuc,197.333333333333,0.05184988846610402,0.0,976.0,12.104132594966572 < nuc <= 255.46934596936424,0.104321665956147
ld,9,0.032403309822783846,0.0,8658.0,3.6358532634641847 < ld <= 14.111432331182087,0.06519526585704906
