feature,value,importance,min,max,rule,importance_ratio
la,167.0,0.11506712206403452,0.0,9967.0,104.87903696289698 < la <= 229.98350223552893,0.37240376356980376
ndev,17.6666666666667,-0.07603830323664593,0.0,85.0,10.553100765399932 < ndev <= 52.00237651581121,0.24609071464419377
arexp,259.5,0.05399776261514506,0.0,863.416666666674,218.16753521149144 < arexp <= 822.8741356255406,0.1747586075111732
age,12.5,0.03164052922739441,0.0,1802.57575757576,11.310905131690312 < age <= 252.15332398535617,0.10240155445153845
ent,1.05854512540908,0.013219167402135412,0.0,6.08230385583814,1.0371568618967764 < ent <= 1.596054196840603,0.04278257423588756
