feature,value,importance,min,max,rule,importance_ratio
la,429,0.19572013288786066,0.0,9967.0,229.98350223552893 < la <= 1199.5431080984263,0.47814573446690684
ent,2.3985603529552204,0.04057340156713875,0.0,6.08230385583814,1.596054196840603 < ent <= 3.4251727475658535,0.09912112058117026
nuc,51.0,0.038920452987938524,0.0,976.0,12.104132594966572 < nuc <= 255.46934596936424,0.09508295495775655
age,21.4166666666667,0.03890149814428141,0.0,1802.57575757576,11.310905131690312 < age <= 252.15332398535617,0.09503664813429182
arexp,11.0,-0.0363969754479461,0.0,863.416666666674,-0.02556803069123248 < arexp <= 97.64182103961909,0.08891808063457313
