feature,value,importance,min,max,rule,importance_ratio
la,193.0,0.09522638129525676,0.0,9967.0,104.87903696289698 < la <= 229.98350223552893,0.25974676804785785
nuc,55.2,0.08376692765561779,0.0,976.0,12.104132594966572 < nuc <= 255.46934596936424,0.22848908497722387
age,22.5,0.06169883038636542,0.0,1802.57575757576,11.310905131690312 < age <= 252.15332398535617,0.16829445335637935
ent,2.54018440807592,0.042872435362440675,0.0,6.08230385583814,1.596054196840603 < ent <= 3.4251727475658535,0.1169421369610455
ld,39.0,-0.029981706390795254,0.0,8658.0,35.06259046661786 < ld <= 6168.514134615445,0.08178039771796701
