feature,value,importance,min,max,rule,importance_ratio
la,3448.0,0.1649706646954301,0.0,9967.0,la > 1199.5431080984263,0.41587592430334624
arexp,236.083333333334,0.06234750493774783,0.0,863.416666666674,218.16753521149144 < arexp <= 822.8741356255406,0.15717234510670905
age,4.36363636363636,0.053539414709281107,0.0,1802.57575757576,2.1794390140157773 < age <= 11.310905131690312,0.13496795700004985
ent,2.2343848728060003,0.040437086035034785,0.0,6.08230385583814,1.596054196840603 < ent <= 3.4251727475658535,0.10193818738623216
nuc,88.9090909090909,0.0389334899469079,0.0,976.0,12.104132594966572 < nuc <= 255.46934596936424,0.09814775946934697
