feature,value,importance,min,max,rule,importance_ratio
la,3449,0.17762755691612558,0.0,9967.0,la > 1199.5431080984263,0.5876162650032424
nuc,15.8,0.04985275821203393,0.0,976.0,12.104132594966572 < nuc <= 255.46934596936424,0.16491974606450083
age,27.9538461538462,0.03153347076407506,0.0,1802.57575757576,11.310905131690312 < age <= 252.15332398535617,0.10431703635784541
asexp,0.99902343735448,0.014433883430484637,0.0,1122.0,1.5309165943878895 < asexp <= 1.5309165943878895,0.047749261534450485
ent,3.93279928101924,0.011296185512109936,0.0,6.08230385583814,ent > 3.4251727475658535,0.037369327454884214
