feature,value,importance,min,max,rule,importance_ratio
la,4108.0,0.15954176228531125,0.0,9967.0,la > 1199.5431080984263,0.4498797683553752
arexp,244.833333333334,0.053443188807994126,0.0,863.416666666674,218.16753521149144 < arexp <= 822.8741356255406,0.15070041258611933
nuc,51.5625,0.04757114163939203,0.0,976.0,12.104132594966572 < nuc <= 255.46934596936424,0.13414227017787436
ndev,2.4375,0.036397256647347526,0.0,85.0,0.9878832845357923 < ndev <= 3.937158674468902,0.10263387563688336
age,17.7083333333333,0.031132536936149268,0.0,1802.57575757576,11.310905131690312 < age <= 252.15332398535617,0.0877882900660393
