feature,value,importance,min,max,rule,importance_ratio
age,0.0,-0.10842241958855912,0.0,1802.57575757576,age <= -0.10342751540286343,0.2984724290336974
la,186,0.10105127834346095,0.0,9967.0,104.87903696289698 < la <= 229.98350223552893,0.27818066243668005
nuc,0.0,-0.04973745676527188,0.0,976.0,nuc <= 1.2071827423816117,0.13692057040438613
arexp,1.0,-0.045376580331744805,0.0,863.416666666674,-0.02556803069123248 < arexp <= 97.64182103961909,0.12491566047182842
ent,2.88068184124699,0.03076567478523126,0.0,6.08230385583814,1.596054196840603 < ent <= 3.4251727475658535,0.08469379044348242
