feature,value,importance,min,max,rule,importance_ratio
la,23.0,-0.09263752700659988,0.0,9967.0,21.47606011447573 < la <= 42.326804326581055,0.3112389694959483
nuc,1.0,-0.0839822408158499,0.0,976.0,1.2071827423816117 < nuc <= 1.2071827423816117,0.2821593681535073
arexp,15.5333333333333,-0.0366228968910591,0.0,863.416666666674,-0.02556803069123248 < arexp <= 97.64182103961909,0.12304379290605984
ld,202.0,-0.024504651673617685,0.0,8658.0,35.06259046661786 < ld <= 6168.514134615445,0.08232951354811714
age,28.0,0.020839470838818864,0.0,1802.57575757576,11.310905131690312 < age <= 252.15332398535617,0.07001542072957923
