feature,value,importance,min,max,rule,importance_ratio
la,317,0.20538588411733924,0.0,9967.0,229.98350223552893 < la <= 1199.5431080984263,0.4766939033816482
ndev,2.0,0.056034834200918905,0.0,85.0,0.9878832845357923 < ndev <= 3.937158674468902,0.13005501305688055
arexp,89.3333333333333,-0.04816621046083756,0.0,863.416666666674,-0.02556803069123248 < arexp <= 97.64182103961909,0.11179219533198795
nuc,31.12,0.04330024349632455,0.0,976.0,12.104132594966572 < nuc <= 255.46934596936424,0.10049844553993967
ld,272,0.03350583040597224,0.0,8658.0,35.06259046661786 < ld <= 6168.514134615445,0.07776593387080792
