feature,value,importance,min,max,rule,importance_ratio
la,21.0,-0.11171319061245086,0.0,9967.0,21.47606011447573 < la <= 42.326804326581055,0.22844998474533953
ndev,23.75,-0.09196444195681622,0.0,85.0,10.553100765399932 < ndev <= 52.00237651581121,0.18806441071970212
ld,18.0,0.07866183733101176,0.0,8658.0,14.111432331182087 < ld <= 35.06259046661786,0.1608609998496199
arexp,247.583333333334,0.07275149443520948,0.0,863.416666666674,218.16753521149144 < arexp <= 822.8741356255406,0.148774533274067
age,26.5,0.039968082587628684,0.0,1802.57575757576,11.310905131690312 < age <= 252.15332398535617,0.0817334802397685
