feature,value,importance,min,max,rule,importance_ratio
ndev,17.8,-0.09674659423162577,0.0,85.0,10.553100765399932 < ndev <= 52.00237651581121,0.24537366012808023
ld,15.0,0.08025284899874358,0.0,8658.0,3.6358532634641847 < ld <= 14.111432331182087,0.20354137994131785
la,64.0,0.06535887364941798,0.0,9967.0,42.326804326581055 < la <= 104.87903696289698,0.1657665179490518
nuc,143.2,0.0418236591176118,0.0,976.0,12.104132594966572 < nuc <= 255.46934596936424,0.10607530320982451
age,38.2,0.040052246681217984,0.0,1802.57575757576,11.310905131690312 < age <= 252.15332398535617,0.10158255639463726
