feature,value,importance,min,max,rule,importance_ratio
la,24.0,-0.11796923530618264,0.0,9967.0,21.47606011447573 < la <= 42.326804326581055,0.24055570629784148
ld,17.0,0.09160553213272958,0.0,8658.0,14.111432331182087 < ld <= 35.06259046661786,0.18679644252829605
ndev,20.4,-0.08166557179085232,0.0,85.0,10.553100765399932 < ndev <= 52.00237651581121,0.16652747855301203
arexp,284.0,0.05545528260572835,0.0,863.416666666674,218.16753521149144 < arexp <= 822.8741356255406,0.11308104727935155
ent,1.9007185225673,0.055031948743996084,0.0,6.08230385583814,1.596054196840603 < ent <= 3.4251727475658535,0.11221781055628141
