feature,value,importance,min,max,rule,importance_ratio
la,289.0,0.18270066469825935,0.0,9967.0,229.98350223552893 < la <= 1199.5431080984263,0.4770475850881234
arexp,4.0,-0.05547424039972691,0.0,863.416666666674,-0.02556803069123248 < arexp <= 97.64182103961909,0.14484814524892017
ndev,1.8333333333333304,0.04977787241081358,0.0,85.0,0.9878832845357923 < ndev <= 3.937158674468902,0.12997442490765923
ent,3.6670163020827697,0.03573838017882032,0.0,6.08230385583814,ent > 3.4251727475658535,0.093316069689318
age,177.444444444444,0.030433896125139193,0.0,1802.57575757576,11.310905131690312 < age <= 252.15332398535617,0.0794655929429619
