feature,value,importance,min,max,rule,importance_ratio
la,683,0.20082098452238872,0.0,9967.0,229.98350223552893 < la <= 1199.5431080984263,0.468029641110882
age,62.3333333333333,0.05759995896255327,0.0,1802.57575757576,11.310905131690312 < age <= 252.15332398535617,0.1342413900885933
ndev,1.8333333333333304,0.04150214143653361,0.0,85.0,0.9878832845357923 < ndev <= 3.937158674468902,0.09672411679521649
arexp,5.0,-0.04093311446423528,0.0,863.416666666674,-0.02556803069123248 < arexp <= 97.64182103961909,0.09539795314623037
ent,1.5505204037991205,0.038078066160674856,0.0,6.08230385583814,1.0371568618967764 < ent <= 1.596054196840603,0.08874403081810511
