feature,value,importance,min,max,rule,importance_ratio
la,550.0,0.1789052230023379,0.0,9967.0,229.98350223552893 < la <= 1199.5431080984263,0.48070111414968714
nuc,70.7058823529412,0.0417198546262069,0.0,976.0,12.104132594966572 < nuc <= 255.46934596936424,0.11209723374436398
ent,1.8242396909302896,0.038750041767974176,0.0,6.08230385583814,1.596054196840603 < ent <= 3.4251727475658535,0.10411763244591625
age,84.82352941176471,0.035500390372250494,0.0,1802.57575757576,11.310905131690312 < age <= 252.15332398535617,0.09538613193236195
asexp,0.0389394352588893,0.03231010111314195,0.0,1122.0,-0.3302944893099209 < asexp <= 1.5309165943878895,0.08681413176614423
