feature,value,importance,min,max,rule,importance_ratio
la,208,0.07640833831879759,0.0,9967.0,104.87903696289698 < la <= 229.98350223552893,0.2599092674279023
ent,2.89944551972333,0.049112674685828785,0.0,6.08230385583814,1.596054196840603 < ent <= 3.4251727475658535,0.16706081534923659
age,279.2,-0.04834170882160539,0.0,1802.57575757576,252.15332398535617 < age <= 957.5590815757139,0.16443831134782547
nuc,7.3,-0.036422202352159774,0.0,976.0,5.747578514292009 < nuc <= 12.104132594966572,0.12389312658474311
asexp,1.00001132488251,0.032656606607256486,0.0,1122.0,1.5309165943878895 < asexp <= 1.5309165943878895,0.11108414195005617
