feature,value,importance,min,max,rule,importance_ratio
la,29,-0.09881982991402975,0.0,9967.0,21.47606011447573 < la <= 42.326804326581055,0.25031859263355777
ndev,20.8333333333333,-0.06544974881551792,0.0,85.0,10.553100765399932 < ndev <= 52.00237651581121,0.165789488060982
ld,26,0.05914300191759417,0.0,8658.0,14.111432331182087 < ld <= 35.06259046661786,0.1498139899351732
arexp,3.0,-0.04607443987481896,0.0,863.416666666674,-0.02556803069123248 < arexp <= 97.64182103961909,0.11671026914211215
ent,2.44323403507657,0.04387151269325005,0.0,6.08230385583814,1.596054196840603 < ent <= 3.4251727475658535,0.11113007706685488
