feature,value,importance,min,max,rule,importance_ratio
ld,14.0,0.05995996848385072,0.0,8658.0,3.6358532634641847 < ld <= 14.111432331182087,0.2131078681252852
arexp,14.5,-0.04960034448315572,0.0,863.416666666674,-0.02556803069123248 < arexp <= 97.64182103961909,0.17628801245837866
la,81.0,0.04478460399383114,0.0,9967.0,42.326804326581055 < la <= 104.87903696289698,0.15917205634507633
age,224.6,0.035999223512499685,0.0,1802.57575757576,11.310905131690312 < age <= 252.15332398535617,0.12794732837427536
ent,2.13887939439283,0.03183942852695505,0.0,6.08230385583814,1.596054196840603 < ent <= 3.4251727475658535,0.11316271351167033
