feature,value,importance,min,max,rule,importance_ratio
la,157,0.11878487450937132,0.0,9967.0,104.87903696289698 < la <= 229.98350223552893,0.4294231784784353
ent,1.6003049967337,0.03620550708697118,0.0,6.08230385583814,1.596054196840603 < ent <= 3.4251727475658535,0.1308877413553532
arexp,2.0,-0.035889584239186985,0.0,863.416666666674,-0.02556803069123248 < arexp <= 97.64182103961909,0.1297456380866517
ndev,9.4,-0.033136441148168695,0.0,85.0,4.096578965816638 < ndev <= 10.553100765399932,0.11979265828316886
nuc,88.8,0.03046246986044291,0.0,976.0,12.104132594966572 < nuc <= 255.46934596936424,0.11012589511758845
