feature,value,importance,min,max,rule,importance_ratio
ent,4.1344126885283,0.21512834278536475,0.0,6.1766722717358205,ent > 3.2367409858111866,0.3333771368943112
la,1531.0,0.19651994167267192,0.0,5443.0,la > 634.8693949676458,0.3045403253203019
ndev,8.22222222222222,0.12397329988477501,0.0,69.0,1.3178935157767122 < ndev <= 19.676973226328325,0.19211724141881792
ld,83.0,-0.029550269633533445,0.0,7734.0,12.389426610235802 < ld <= 100.73397805831269,0.045793056169781826
aexp,0.0,-0.027603025313274444,0.0,1586.0,aexp <= 7.469056931592149,0.04277547732397937
