feature,value,importance,min,max,rule,importance_ratio
ent,4.63854143376183,0.2528821801931982,0.0,6.1766722717358205,ent > 3.2367409858111866,0.32833634848434284
la,863.0,0.18785460132659992,0.0,5443.0,la > 634.8693949676458,0.24390605062972648
ndev,1.59459459459459,0.11140902725883597,0.0,69.0,1.3178935157767122 < ndev <= 19.676973226328325,0.14465089303806433
ld,603.0,0.108473401280372,0.0,7734.0,100.73397805831269 < ld <= 4104.509049685157,0.140839344460192
aexp,637.0,0.04981616841005862,0.0,1586.0,152.66332872789042 < aexp <= 1468.301220106593,0.06468015586841125
