feature,value,importance,min,max,rule,importance_ratio
ent,5.1752064809549685,0.24692977370761743,0.0,6.1766722717358205,ent > 3.2367409858111866,0.46080623603823234
la,516.0,0.14925610457370156,0.0,5443.0,232.12256852430914 < la <= 634.8693949676458,0.27853321501753964
ld,1248.0,0.06524147442163808,0.0,7734.0,100.73397805831269 < ld <= 4104.509049685157,0.12174991217307479
ndev,1.1454545454545502,-0.04416688401615299,0.0,69.0,1.0973640297640799 < ndev <= 1.3178935157767122,0.08242171559724223
age,33.9454545454545,0.025358733547984638,0.0,719.0,4.711007645331282 < age <= 231.9953250592234,0.047323019745604586
