feature,value,importance,min,max,rule,importance_ratio
la,544,0.3172840921331354,0.0,5443.0,232.12256852430914 < la <= 634.8693949676458,0.7017925585281334
ld,0,-0.06968020407078025,0.0,7734.0,ld <= 1.7880804364665863,0.15412385904640938
ndev,5.66666666666667,-0.01980330829493096,0.0,69.0,1.3178935157767122 < ndev <= 19.676973226328325,0.0438024305037939
ns,1,-0.017036714083915678,1.0,17.0,ns <= 1.4982210105975038,0.037683071614086835
aexp,37,-0.015031151845849614,0.0,1586.0,25.247947355628696 < aexp <= 131.9212898998478,0.03324701985719889
