feature,value,importance,min,max,rule,importance_ratio
la,342.0,0.1632048379506734,0.0,5443.0,232.12256852430914 < la <= 634.8693949676458,0.46353521052594304
ndev,9.18181818181818,0.08870898928511117,0.0,69.0,1.3178935157767122 < ndev <= 19.676973226328325,0.25195172238855784
ent,2.6377503366321804,0.03949136132293993,0.0,6.1766722717358205,1.859443113064771 < ent <= 3.211235469649216,0.11216356521439452
ns,2.0,-0.024804748737384755,1.0,17.0,1.4982210105975038 < ns <= 2.4933277552071154,0.07045057347810885
asexp,0.987714052200317,0.02116735043811604,0.0,601.0,0.2486852207514758 < asexp <= 1.223116260852592,0.060119616334988975
