feature,value,importance,min,max,rule,importance_ratio
ent,4.6814475496205805,0.24450228771583846,0.0,6.1766722717358205,ent > 3.2367409858111866,0.3905403889949491
la,337.0,0.1441577431629984,0.0,5443.0,232.12256852430914 < la <= 634.8693949676458,0.23026132645819156
ndev,4.28571428571429,0.10670261445859107,0.0,69.0,1.3178935157767122 < ndev <= 19.676973226328325,0.17043472658982736
ld,228.0,0.07258427360331635,0.0,7734.0,100.73397805831269 < ld <= 4104.509049685157,0.11593793543927934
asexp,0.25,0.026436793294254086,0.0,601.0,0.2486852207514758 < asexp <= 1.223116260852592,0.04222715310098197
