commit_id,label,pred,score_or_proba,feature,value_actual,operator,threshold
,True,True,0.9917425544100801,nuc,38.343434343434296,>,11.260000228881836
,True,True,0.9917425544100801,nd,14.0,<,12.994999885559082
