commit_id,label,pred,score_or_proba,feature,value_actual,operator,threshold
,True,True,0.7420744439400817,age,37.8333333333333,<,12.289999961853027
,True,True,0.7420744439400817,nuc,90.3333333333333,>,120.06999969482422
