commit_id,label,pred,score_or_proba,feature,value_actual,operator,threshold
,True,True,0.8533333333333334,ld,746.0,<,1036.0
,True,True,0.8533333333333334,asexp,0.145893637226739,<,0.7649999856948853
,True,True,0.8533333333333334,ndev,1.91111111111111,<,4.839999914169312
