commit_id,label,pred,score_or_proba,feature,value_actual,operator,threshold
,True,True,0.6433333333333333,age,143.5,>,115.08499908447266
,True,True,0.6433333333333333,asexp,191.0,<,97.43499755859376
,True,True,0.6433333333333333,nuc,92.6666666666667,>,76.54999923706055
