feature,value,importance,min,max,rule,importance_ratio
ns,1.0,0.25159528929785424,1.0,7.0,ns <= 1.4973267047410423,0.45085759971251743
la,350.0,0.1176331525271099,0.0,9176.0,la > 135.835850879889,0.21079806757511316
aexp,343.0,0.06945649281970076,0.0,726.0,315.32115273373984 < aexp <= 398.4047669941732,0.12446571525457834
nd,6.0,0.04699924221908849,1.0,40.0,5.487575744339811 < nd <= 12.487685654034399,0.08422242560400024
ld,122.0,0.027829817904921863,0.0,8304.0,29.490716012837936 < ld <= 4621.051880819136,0.04987090551681694
