feature,value,importance,min,max,rule,importance_ratio
ns,1,0.25847358142953625,1.0,7.0,ns <= 1.4973267047410423,0.5591826349411256
aexp,387,0.07186194417282846,0.0,726.0,315.32115273373984 < aexp <= 398.4047669941732,0.15546637715278083
nd,5,0.038542830527414286,1.0,40.0,3.5069244908215746 < nd <= 5.487575744339811,0.08338369210968782
age,0.0,-0.03290404465494754,0.0,511.03030303030295,age <= 0.8968766560903667,0.071184723361718
ld,82,0.02989258938644265,0.0,8304.0,29.490716012837936 < ld <= 4621.051880819136,0.06466973067760505
