feature,value,importance,min,max,rule,importance_ratio
ns,1.0,0.26367218603562576,1.0,7.0,ns <= 1.4973267047410423,0.6361041582503555
nd,2.0,-0.03665848999029916,1.0,40.0,1.4991410283510338 < nd <= 2.5030327595863042,0.08843791326119495
aexp,101.0,-0.02939488098267087,0.0,726.0,54.40945181062462 < aexp <= 149.15392421287316,0.07091459400964215
age,20.6666666666667,0.027544846974874634,0.0,511.03030303030295,9.569496653858916 < age <= 84.25039107908812,0.06645142198168788
ld,69.0,0.02688794963468124,0.0,8304.0,29.490716012837936 < ld <= 4621.051880819136,0.06486666958165978
