feature,value,importance,min,max,rule,importance_ratio
ns,1.0,0.2663763362565929,1.0,7.0,ns <= 1.4973267047410423,0.6441590974148799
aexp,30.0,-0.057352073726814876,0.0,726.0,6.308411975636886 < aexp <= 54.40945181062462,0.13869047290728456
nd,2.0,-0.035249863719560084,1.0,40.0,1.4991410283510338 < nd <= 2.5030327595863042,0.08524225806498362
age,99.5,0.019732605778435133,0.0,511.03030303030295,84.25039107908812 < age <= 379.6012832253171,0.04771796814427362
nuc,1851.0,-0.014359448975934209,0.0,2086.0,nuc > 1752.541484763698,0.034724442199710846
