feature,value,importance,min,max,rule,importance_ratio
ns,2.0,-0.2405530883234422,1.0,7.0,1.4973267047410423 < ns <= 2.502438908657955,0.4348506618042793
la,291.0,0.12321474111468386,0.0,9176.0,la > 135.835850879889,0.2227367442721033
aexp,346.0,0.08103026150421747,0.0,726.0,315.32115273373984 < aexp <= 398.4047669941732,0.14647936173617185
nuc,505.25,0.03224083438679203,0.0,2086.0,113.47699669467761 < nuc <= 1752.541484763698,0.0582821375020876
age,69.25,0.030389030166190982,0.0,511.03030303030295,9.569496653858916 < age <= 84.25039107908812,0.054934609118757964
