feature,value,importance,min,max,rule,importance_ratio
ns,2,-0.23812031270275752,1.0,7.0,1.4973267047410423 < ns <= 2.502438908657955,0.4502575250061127
la,194,0.12403564986170461,0.0,9176.0,la > 135.835850879889,0.23453683596061045
nd,5,0.03844783972370909,1.0,40.0,3.5069244908215746 < nd <= 5.487575744339811,0.07270034613736877
ld,10,0.03337624754832798,0.0,8304.0,1.9137720800673748 < ld <= 15.702244046452648,0.06311056139868518
aexp,108,-0.03225185434652736,0.0,726.0,54.40945181062462 < aexp <= 149.15392421287316,0.06098446600417588
