feature,value,importance,min,max,rule,importance_ratio
ns,1.0,0.2512518555864411,1.0,7.0,ns <= 1.4973267047410423,0.46442523829766824
aexp,213.0,0.0842885247575794,0.0,726.0,185.59410590604568 < aexp <= 289.08422191465564,0.15580270284941228
la,24.0,-0.08076266119687876,0.0,9176.0,12.190541219577483 < la <= 24.555072185608623,0.1492853379505087
nd,4.0,0.03696560254357611,1.0,40.0,3.5069244908215746 < nd <= 5.487575744339811,0.06832888350235806
ld,3.0,0.03680324949984323,0.0,8304.0,1.9137720800673748 < ld <= 15.702244046452648,0.06802878282907945
