feature,value,importance,min,max,rule,importance_ratio
ns,1,0.251188449458264,1.0,7.0,ns <= 1.4973267047410423,0.46429904171152603
aexp,213,0.0843817015549696,0.0,726.0,185.59410590604568 < aexp <= 289.08422191465564,0.15597191373431368
la,24,-0.08066807735094565,0.0,9176.0,12.190541219577483 < la <= 24.555072185608623,0.14910761657843855
nd,4,0.037011382880997,1.0,40.0,3.5069244908215746 < nd <= 5.487575744339811,0.06841218073970609
ld,3,0.03683540227249178,0.0,8304.0,1.9137720800673748 < ld <= 15.702244046452648,0.06808689656336357
