feature,value,importance,min,max,rule,importance_ratio
ns,1.0,0.2545875706814459,1.0,7.0,ns <= 1.4973267047410423,0.39228387429578443
la,496.0,0.11761963901015664,0.0,9176.0,la > 135.835850879889,0.18123542936787404
nd,1.0,-0.11157111170873525,1.0,40.0,nd <= 1.4991410283510338,0.1719154939239151
aexp,258.0,0.08430047994151237,0.0,726.0,185.59410590604568 < aexp <= 289.08422191465564,0.12989526074636693
nuc,9.0,-0.028194175900805522,0.0,2086.0,1.5729955012103574 < nuc <= 11.446877959457481,0.04344328564564476
