feature,value,importance,min,max,rule,importance_ratio
la,1585,0.12007448583858955,0.0,9176.0,la > 135.835850879889,0.284626232172762
aexp,247,0.08938174251724669,0.0,726.0,185.59410590604568 < aexp <= 289.08422191465564,0.21187172628761616
ns,6,-0.08600545421775305,1.0,7.0,ns > 5.49780640377458,0.2038685255185064
nd,7,0.046527986191951747,1.0,40.0,5.487575744339811 < nd <= 12.487685654034399,0.11029058594682283
nuc,11.5185185185185,-0.034469033967278136,0.0,2086.0,1.5729955012103574 < nuc <= 11.446877959457481,0.08170587778264159
