feature,value,importance,min,max,rule,importance_ratio
ns,1.0,0.26517431243122114,1.0,7.0,ns <= 1.4973267047410423,0.5016994964123962
la,893.0,0.12016530763056689,0.0,9176.0,la > 135.835850879889,0.22734809330422162
aexp,47.0,-0.05961068349922723,0.0,726.0,6.308411975636886 < aexp <= 54.40945181062462,0.1127810971513992
ld,267.0,0.026720839729202105,0.0,8304.0,29.490716012837936 < ld <= 4621.051880819136,0.050554790593957497
age,290.941176470588,0.024586258536970315,0.0,511.03030303030295,84.25039107908812 < age <= 379.6012832253171,0.04651624591225184
