feature,value,importance,min,max,rule,importance_ratio
ns,2,-0.24253773836618667,1.0,7.0,1.4973267047410423 < ns <= 2.502438908657955,0.43692484609182164
la,1108,0.12415095761124659,0.0,9176.0,la > 135.835850879889,0.2236544234800562
aexp,242,0.09138672572989093,0.0,726.0,185.59410590604568 < aexp <= 289.08422191465564,0.1646305904530312
ld,13,0.03251765163641093,0.0,8304.0,1.9137720800673748 < ld <= 15.702244046452648,0.05857962572016418
age,153.0,0.02656730546721638,0.0,511.03030303030295,84.25039107908812 < age <= 379.6012832253171,0.04786024612306784
