feature,value,importance,min,max,rule,importance_ratio
ns,1.0,0.2614587591384403,1.0,7.0,ns <= 1.4973267047410423,0.5933343670512884
aexp,391.0,0.06853205772201929,0.0,726.0,315.32115273373984 < aexp <= 398.4047669941732,0.15552137256830723
nd,2.0,-0.03448326144503628,1.0,40.0,1.4991410283510338 < nd <= 2.5030327595863042,0.07825365717627857
ld,13.0,0.03408274584502404,0.0,8304.0,1.9137720800673748 < ld <= 15.702244046452648,0.07734475792650587
age,41.5,0.025579510779868156,0.0,511.03030303030295,9.569496653858916 < age <= 84.25039107908812,0.058048171298856636
