feature,value,importance,min,max,rule,importance_ratio
ns,1.0,0.2609152968393367,1.0,7.0,ns <= 1.4973267047410423,0.48204482090747564
la,666.0,0.11945531520878849,0.0,9176.0,la > 135.835850879889,0.22069543918586024
aexp,20.0,-0.05912342323180971,0.0,726.0,6.308411975636886 < aexp <= 54.40945181062462,0.10923138776629135
nd,5.0,0.0346807704493332,1.0,40.0,3.5069244908215746 < nd <= 5.487575744339811,0.0640732298285919
age,51.2,0.02802122884861471,0.0,511.03030303030295,9.569496653858916 < age <= 84.25039107908812,0.05176962947578864
