feature,value,importance,min,max,rule,importance_ratio
ns,1,0.2679763847654963,1.0,7.0,ns <= 1.4973267047410423,0.7080512283496123
aexp,114,-0.027325894672962998,0.0,726.0,54.40945181062462 < aexp <= 149.15392421287316,0.07220088929058041
ld,48,0.025119292103264065,0.0,8304.0,29.490716012837936 < ld <= 4621.051880819136,0.06637057084172915
nd,3,-0.020844900172634753,1.0,40.0,2.5030327595863042 < nd <= 3.5069244908215746,0.055076708288959025
age,142.1,0.019440805477119932,0.0,511.03030303030295,84.25039107908812 < age <= 379.6012832253171,0.051366788197498604
