feature,value,importance,min,max,rule,importance_ratio
ns,1.0,0.26803953473015635,1.0,7.0,ns <= 1.4973267047410423,0.7080551677190429
aexp,114.0,-0.027335682295683155,0.0,726.0,54.40945181062462 < aexp <= 149.15392421287316,0.07221013546404584
ld,48.0,0.025073694315228823,0.0,8304.0,29.490716012837936 < ld <= 4621.051880819136,0.06623485170416525
nd,3.0,-0.020864941226329214,1.0,40.0,2.5030327595863042 < nd <= 3.5069244908215746,0.055116979196108036
age,142.1,0.019438026498957654,0.0,511.03030303030295,84.25039107908812 < age <= 379.6012832253171,0.05134763096310585
