feature,value,importance,min,max,rule,importance_ratio
ns,2,-0.2565556650960949,1.0,7.0,1.4973267047410423 < ns <= 2.502438908657955,0.5656635501449135
aexp,26,-0.06416458916316496,0.0,726.0,6.308411975636886 < aexp <= 54.40945181062462,0.14147249208483062
nd,2,-0.04008362004152073,1.0,40.0,1.4991410283510338 < nd <= 2.5030327595863042,0.08837786843199802
ld,1,-0.03924991540172464,0.0,8304.0,1.9137720800673748 < ld <= 1.9137720800673748,0.08653968518181447
age,128.5,0.02313297444570479,0.0,511.03030303030295,84.25039107908812 < age <= 379.6012832253171,0.05100444944557224
