feature,value,importance,min,max,rule,importance_ratio
ns,1.0,0.25034428040630713,1.0,7.0,ns <= 1.4973267047410423,0.44446855786829265
la,291.0,0.11680763622030324,0.0,9176.0,la > 135.835850879889,0.20738369390577188
aexp,426.0,0.07393362308537291,0.0,726.0,aexp > 398.4047669941732,0.13126391694429823
ld,9.0,0.034176595484711206,0.0,8304.0,1.9137720800673748 < ld <= 15.702244046452648,0.06067812727050778
nd,4.0,0.03351978984548837,1.0,40.0,3.5069244908215746 < nd <= 5.487575744339811,0.059512015327421494
