feature,value,importance,min,max,rule,importance_ratio
ns,2.0,-0.24399223934570266,1.0,7.0,1.4973267047410423 < ns <= 2.502438908657955,0.4326255976732475
la,189.0,0.12451667900741771,0.0,9176.0,la > 135.835850879889,0.22078203315125552
aexp,213.0,0.0931297777701852,0.0,726.0,185.59410590604568 < aexp <= 289.08422191465564,0.16512953804205785
nd,17.0,0.03989089905658284,1.0,40.0,nd > 12.487685654034399,0.07073103674262946
age,268.95238095238096,0.026499080338300774,0.0,511.03030303030295,84.25039107908812 < age <= 379.6012832253171,0.04698584061481416
