feature,value,importance,min,max,rule,importance_ratio
ns,1.0,0.2523124711208208,1.0,7.0,ns <= 1.4973267047410423,0.442250422916012
la,157.0,0.11878566407918688,0.0,9176.0,la > 135.835850879889,0.2082061577932234
aexp,283.0,0.08360608769218338,0.0,726.0,185.59410590604568 < aexp <= 289.08422191465564,0.14654379736353085
nd,6.0,0.04711184282056954,1.0,40.0,5.487575744339811 < nd <= 12.487685654034399,0.0825771010017675
ld,19.0,0.03829066545707775,0.0,8304.0,15.702244046452648 < ld <= 29.490716012837936,0.0671154418840408
