feature,value,importance,min,max,rule,importance_ratio
ns,1,0.2561664692478612,1.0,7.0,ns <= 1.4973267047410423,0.4035329912978369
la,297,0.11857785116166396,0.0,9176.0,la > 135.835850879889,0.186792889488738
nd,1,-0.11151458102556218,1.0,40.0,nd <= 1.4991410283510338,0.17566628679661137
aexp,215,0.08496821610864722,0.0,726.0,185.59410590604568 < aexp <= 289.08422191465564,0.1338484248630824
age,56.8571428571429,0.02705064914519821,0.0,511.03030303030295,9.569496653858916 < age <= 84.25039107908812,0.04261224897294495
