feature,value,importance,min,max,rule,importance_ratio
ns,1,0.26133878757029616,1.0,7.0,ns <= 1.4973267047410423,0.47598539111914007
nd,1,-0.1098177396327911,1.0,40.0,nd <= 1.4991410283510338,0.20001485518820541
aexp,297,0.07637720851359422,0.0,726.0,289.08422191465564 < aexp <= 315.32115273373984,0.1391084568996574
la,124,0.039708287394125706,0.0,9176.0,92.55999249877996 < la <= 135.835850879889,0.07232208001607943
age,62.0,0.026864748126057464,0.0,511.03030303030295,9.569496653858916 < age <= 84.25039107908812,0.048929696823741015
