feature,value,importance,min,max,rule,importance_ratio
ns,1,0.2629817175463893,1.0,7.0,ns <= 1.4973267047410423,0.4426690525871622
nd,1,-0.10867402779103272,1.0,40.0,nd <= 1.4991410283510338,0.18292765509298758
aexp,299,0.08134557085367508,0.0,726.0,289.08422191465564 < aexp <= 315.32115273373984,0.1369265024121165
la,24,-0.08077998805358896,0.0,9176.0,12.190541219577483 < la <= 24.555072185608623,0.13597447424601578
age,38.5,0.02659952920247316,0.0,511.03030303030295,9.569496653858916 < age <= 84.25039107908812,0.044774171000104994
