feature,value,importance,min,max,rule,importance_ratio
ns,1.0,0.2575644595000772,1.0,7.0,ns <= 1.4973267047410423,0.4009222203318799
la,499.0,0.11771270373741445,0.0,9176.0,la > 135.835850879889,0.18323039846131733
age,471.56,-0.11398475969363933,0.0,511.03030303030295,age > 379.6012832253171,0.1774275186455061
aexp,439.0,0.07282375990536341,0.0,726.0,aexp > 398.4047669941732,0.11335672464610856
nd,10.0,0.045780545529910975,1.0,40.0,5.487575744339811 < nd <= 12.487685654034399,0.07126153195779375
