feature,value,importance,min,max,rule,importance_ratio
ns,1.0,0.25829659656101583,1.0,7.0,ns <= 1.4973267047410423,0.3964394222449506
la,7.0,-0.12905918362526317,0.0,9176.0,6.00827573656187 < la <= 12.190541219577483,0.19808293594653742
nd,1.0,-0.1131354976365126,1.0,40.0,nd <= 1.4991410283510338,0.17364290476750072
aexp,239.0,0.08401145303837418,0.0,726.0,185.59410590604568 < aexp <= 289.08422191465564,0.12894266648466782
ld,8.0,0.03652629357724368,0.0,8304.0,1.9137720800673748 < ld <= 15.702244046452648,0.05606137639948075
