feature,value,importance,min,max,rule,importance_ratio
ns,1.0,0.2642240487246921,1.0,7.0,ns <= 1.4973267047410423,0.6444064325162195
nd,6.0,0.05112474652769212,1.0,40.0,5.487575744339811 < nd <= 12.487685654034399,0.12468628681688693
aexp,56.0,-0.028196620957017034,0.0,726.0,54.40945181062462 < aexp <= 149.15392421287316,0.06876771439853196
age,61.0,0.026637413084725666,0.0,511.03030303030295,9.569496653858916 < age <= 84.25039107908812,0.06496501896870983
ld,51.0,0.024662030157963467,0.0,8304.0,29.490716012837936 < ld <= 4621.051880819136,0.060147329319216104
