feature,value,importance,min,max,rule,importance_ratio
ns,1,0.2658806237492895,1.0,7.0,ns <= 1.4973267047410423,0.5083041518621624
nd,1,-0.1112936978951364,1.0,40.0,nd <= 1.4991410283510338,0.21276860238425785
aexp,45,-0.0576880815731817,0.0,726.0,6.308411975636886 < aexp <= 54.40945181062462,0.11028668040233497
age,47.5,0.027543198559700135,0.0,511.03030303030295,9.569496653858916 < age <= 84.25039107908812,0.05265642146477371
ld,35,0.02727005102660794,0.0,8304.0,29.490716012837936 < ld <= 4621.051880819136,0.05213422461122417
