feature,value,importance,min,max,rule,importance_ratio
ns,1.0,0.26255746373798566,1.0,7.0,ns <= 1.4973267047410423,0.47831719161152586
la,1165.0,0.12026083466158226,0.0,9176.0,la > 135.835850879889,0.21908661013571454
aexp,25.0,-0.058866843672521846,0.0,726.0,6.308411975636886 < aexp <= 54.40945181062462,0.1072413746827405
nd,7.0,0.046606597132585255,1.0,40.0,5.487575744339811 < nd <= 12.487685654034399,0.08490612429618301
ld,472.0,0.02636493186037295,0.0,8304.0,29.490716012837936 < ld <= 4621.051880819136,0.04803062912379267
