feature,value,importance,min,max,rule,importance_ratio
ns,1.0,0.25494998981896233,1.0,7.0,ns <= 1.4973267047410423,0.4596310309069099
la,219.0,0.11842323245268485,0.0,9176.0,la > 135.835850879889,0.2134967428483018
aexp,389.0,0.07070949895695823,0.0,726.0,315.32115273373984 < aexp <= 398.4047669941732,0.12747707863638644
nd,9.0,0.047463415637229465,1.0,40.0,5.487575744339811 < nd <= 12.487685654034399,0.08556838411797556
age,72.3684210526316,0.02677142529997022,0.0,511.03030303030295,9.569496653858916 < age <= 84.25039107908812,0.04826428045049264
