feature,value,importance,min,max,rule,importance_ratio
ns,1,0.2584072232708407,1.0,7.0,ns <= 1.4973267047410423,0.6363218651092045
ld,13,0.038366595807006236,0.0,8304.0,1.9137720800673748 < ld <= 15.702244046452648,0.09447686288636373
aexp,133,-0.028197798067586943,0.0,726.0,54.40945181062462 < aexp <= 149.15392421287316,0.06943643150227823
age,17.25,0.025727052360316197,0.0,511.03030303030295,9.569496653858916 < age <= 84.25039107908812,0.06335227682285101
nuc,160.0,0.02501120296104626,0.0,2086.0,113.47699669467761 < nuc <= 1752.541484763698,0.06158951408303656
