feature,value,importance,min,max,rule,importance_ratio
ns,1.0,0.26263444297321353,1.0,7.0,ns <= 1.4973267047410423,0.5988095514743301
aexp,341.0,0.07395366020318776,0.0,726.0,315.32115273373984 < aexp <= 398.4047669941732,0.1686151960680667
nd,14.0,0.03742270159201528,1.0,40.0,nd > 12.487685654034399,0.08532419016175233
ld,77.0,0.027629062144699172,0.0,8304.0,29.490716012837936 < ld <= 4621.051880819136,0.06299457955029572
age,130.03703703703698,0.018359596100609422,0.0,511.03030303030295,84.25039107908812 < age <= 379.6012832253171,0.04186009032858296
