feature,value,importance,min,max,rule,importance_ratio
ns,5.0,-0.16124241420578503,1.0,7.0,2.502438908657955 < ns <= 5.49780640377458,0.36422871153555414
la,171.0,0.1246321481165073,0.0,9176.0,la > 135.835850879889,0.28153018514377426
aexp,44.0,-0.054906272460365654,0.0,726.0,6.308411975636886 < aexp <= 54.40945181062462,0.12402717344541944
nd,21.0,0.03425818793995015,1.0,40.0,nd > 12.487685654034399,0.0773854429950803
nuc,12.0,-0.029523508958616357,0.0,2086.0,1.5729955012103574 < nuc <= 11.446877959457481,0.06669032885033187
