feature,value,importance,min,max,rule,importance_ratio
ns,1.0,0.25209336391034126,1.0,7.0,ns <= 1.4973267047410423,0.45948866045367065
la,871.0,0.11752972562614286,0.0,9176.0,la > 135.835850879889,0.21422053858843573
aexp,491.0,0.07505099227872791,0.0,726.0,aexp > 398.4047669941732,0.13679487382355818
ld,8.0,0.03385512481014611,0.0,8304.0,1.9137720800673748 < ld <= 15.702244046452648,0.0617074789562429
nd,5.0,0.03382269206246374,1.0,40.0,3.5069244908215746 < nd <= 5.487575744339811,0.06164836403327846
