feature,value,importance,min,max,rule,importance_ratio
ns,1,0.256961230644255,1.0,7.0,ns <= 1.4973267047410423,0.4196138023194813
nd,1,-0.1133387558153491,1.0,40.0,nd <= 1.4991410283510338,0.18508047365199345
aexp,224,0.08568649687585181,0.0,726.0,185.59410590604568 < aexp <= 289.08422191465564,0.13992475312857627
age,398.333333333333,-0.06494689689766094,0.0,511.03030303030295,age > 379.6012832253171,0.10605730011391555
ld,16,0.04084719233730473,0.0,8304.0,15.702244046452648 < ld <= 29.490716012837936,0.06670284714841214
