feature,value,importance,min,max,rule,importance_ratio
ns,2.0,-0.2446902487671478,1.0,7.0,1.4973267047410423 < ns <= 2.502438908657955,0.44705644436466085
la,1292.0,0.1237100818653396,0.0,9176.0,la > 135.835850879889,0.22602204055711908
aexp,2.0,-0.07020998555178651,0.0,726.0,aexp <= 6.308411975636886,0.1282757554002292
nd,5.0,0.04096042637200569,1.0,40.0,3.5069244908215746 < nd <= 5.487575744339811,0.07483593100170927
age,64.8666666666667,0.030841012511681795,0.0,511.03030303030295,9.569496653858916 < age <= 84.25039107908812,0.0563474575041162
