feature,value,importance,min,max,rule,importance_ratio
ns,3.0,-0.15988263158504754,1.0,7.0,2.502438908657955 < ns <= 5.49780640377458,0.3547277073892195
la,150.0,0.1244021224723804,0.0,9176.0,la > 135.835850879889,0.2760079644767831
aexp,555.0,0.07843279948085782,0.0,726.0,aexp > 398.4047669941732,0.17401694523124825
ld,14.0,0.036741722620087625,0.0,8304.0,1.9137720800673748 < ld <= 15.702244046452648,0.08151796665681854
nd,3.0,-0.01934612022626426,1.0,40.0,2.5030327595863042 < nd <= 3.5069244908215746,0.04292276657385673
