feature,value,importance,min,max,rule,importance_ratio
ns,1,0.262780306307734,1.0,7.0,ns <= 1.4973267047410423,0.5549234507866445
nd,1,-0.11780344274018027,1.0,40.0,nd <= 1.4991410283510338,0.24877013760450023
aexp,81,-0.02928101595509272,0.0,726.0,54.40945181062462 < aexp <= 149.15392421287316,0.06183386664185733
la,32,-0.02878727157904789,0.0,9176.0,24.555072185608623 < la <= 36.91960315163976,0.060791207331458194
age,117.0,0.016644897118711945,0.0,511.03030303030295,84.25039107908812 < age <= 379.6012832253171,0.03514968026670749
