feature,value,importance,min,max,rule,importance_ratio
ns,1.0,0.2609811053855496,1.0,7.0,ns <= 1.4973267047410423,0.35626183168729075
la,3.0,-0.20833284839749866,0.0,9176.0,-0.17398974645368526 < la <= 6.00827573656187,0.28439239714720405
nd,1.0,-0.1153400979224758,1.0,40.0,nd <= 1.4991410283510338,0.15744923178307574
aexp,455.0,0.07735390417981061,0.0,726.0,aexp > 398.4047669941732,0.10559478453641492
ld,3.0,0.03751409195693373,0.0,8304.0,1.9137720800673748 < ld <= 15.702244046452648,0.05120998738555684
