feature,value,importance,min,max,rule,importance_ratio
ns,1,0.2587809390735825,1.0,7.0,ns <= 1.4973267047410423,0.43396460583841073
la,155,0.11881725858599784,0.0,9176.0,la > 135.835850879889,0.1992514787745308
nd,1,-0.1104019974664871,1.0,40.0,nd <= 1.4991410283510338,0.18513944452722722
nuc,6.5,-0.029230355278691108,0.0,2086.0,1.5729955012103574 < nuc <= 11.446877959457481,0.04901806003349815
aexp,87,-0.027822131137349475,0.0,726.0,54.40945181062462 < aexp <= 149.15392421287316,0.04665652816559003
