feature,value,importance,min,max,rule,importance_ratio
ns,1.0,0.2588310082357062,1.0,7.0,ns <= 1.4973267047410423,0.5706979227971068
nd,7.0,0.050719610022102256,1.0,40.0,5.487575744339811 < nd <= 12.487685654034399,0.11183194889204927
ld,24.0,0.04030209915752049,0.0,8304.0,15.702244046452648 < ld <= 29.490716012837936,0.08886232152144063
la,117.0,0.039794174942584054,0.0,9176.0,92.55999249877996 < la <= 135.835850879889,0.0877423966083537
aexp,97.0,-0.02801571979203245,0.0,726.0,54.40945181062462 < aexp <= 149.15392421287316,0.0617720156482127
