feature,value,importance,min,max,rule,importance_ratio
ns,1.0,0.2562070341528906,1.0,7.0,ns <= 1.4973267047410423,0.43475839168329783
nd,1.0,-0.10908642369787637,1.0,40.0,nd <= 1.4991410283510338,0.18510903995348577
la,24.0,-0.08009216705333667,0.0,9176.0,12.190541219577483 < la <= 24.555072185608623,0.13590860941686525
aexp,327.0,0.0674369651113443,0.0,726.0,315.32115273373984 < aexp <= 398.4047669941732,0.11443396387905118
ld,22.0,0.04207797885884381,0.0,8304.0,15.702244046452648 < ld <= 29.490716012837936,0.07140223325421273
