feature,value,importance,min,max,rule,importance_ratio
ns,2.0,-0.2392411056341764,1.0,7.0,1.4973267047410423 < ns <= 2.502438908657955,0.41003101368170997
la,331.0,0.12503622982308507,0.0,9176.0,la > 135.835850879889,0.21429733793194325
aexp,573.0,0.0813774937267904,0.0,726.0,aexp > 398.4047669941732,0.1394714179874039
nd,7.0,0.050763930558062546,1.0,40.0,5.487575744339811 < nd <= 12.487685654034399,0.08700338451460851
ld,25.0,0.04179143690961791,0.0,8304.0,15.702244046452648 < ld <= 29.490716012837936,0.07162558956514853
