feature,value,importance,min,max,rule,importance_ratio
ns,1.0,0.26134012846356713,1.0,7.0,ns <= 1.4973267047410423,0.6212750235054206
la,27.0,-0.030043834654577432,0.0,9176.0,24.555072185608623 < la <= 36.91960315163976,0.0714221891255314
aexp,102.0,-0.02840435335973391,0.0,726.0,54.40945181062462 < aexp <= 149.15392421287316,0.06752470584969915
age,26.1666666666667,0.0266505949936034,0.0,511.03030303030295,9.569496653858916 < age <= 84.25039107908812,0.06335555556823957
nuc,146.666666666667,0.025955951052524184,0.0,2086.0,113.47699669467761 < nuc <= 1752.541484763698,0.06170420208739803
