feature,value,importance,min,max,rule,importance_ratio
ns,1,0.2545434510906112,1.0,7.0,ns <= 1.4973267047410423,0.5030333026644768
la,167,0.11878808437189525,0.0,9176.0,la > 135.835850879889,0.23475112851168933
ld,11,0.03733808550405987,0.0,8304.0,1.9137720800673748 < ld <= 15.702244046452648,0.07378818974050062
aexp,92,-0.028624617153139763,0.0,726.0,54.40945181062462 < aexp <= 149.15392421287316,0.056568478357451
nuc,236.75,0.025303068796857592,0.0,2086.0,113.47699669467761 < nuc <= 1752.541484763698,0.050004375323326564
