feature,value,importance,min,max,rule,importance_ratio
ns,2.0,-0.25024362958208407,1.0,7.0,1.4973267047410423 < ns <= 2.502438908657955,0.5256183094640862
aexp,0.0,-0.07128986726975045,0.0,726.0,aexp <= 6.308411975636886,0.14973911455338015
la,123.0,0.04528497156236226,0.0,9176.0,92.55999249877996 < la <= 135.835850879889,0.09511774679934626
nd,15.0,0.04221492930366423,1.0,40.0,nd > 12.487685654034399,0.08866934919300139
age,83.76923076923079,0.030481292513646254,0.0,511.03030303030295,9.569496653858916 < age <= 84.25039107908812,0.06402370948686917
