feature,value,importance,min,max,rule,importance_ratio
ns,1,0.258681615460029,1.0,7.0,ns <= 1.4973267047410423,0.47615829812258287
la,297,0.11766964203269188,0.0,9176.0,la > 135.835850879889,0.2165958968183329
aexp,485,0.07445828444024893,0.0,726.0,aexp > 398.4047669941732,0.13705624165500235
nd,9,0.04642941661162121,1.0,40.0,5.487575744339811 < nd <= 12.487685654034399,0.08546317432453944
ld,475,0.02469685506804645,0.0,8304.0,29.490716012837936 < ld <= 4621.051880819136,0.045459792174516386
