feature,value,importance,min,max,rule,importance_ratio
ns,2.0,-0.2424271732191687,1.0,7.0,1.4973267047410423 < ns <= 2.502438908657955,0.3713181932905379
ld,0.0,-0.15099869889823,0.0,8304.0,ld <= 1.9137720800673748,0.23128003069781025
la,315.0,0.12707438714261587,0.0,9176.0,la > 135.835850879889,0.1946359033136949
nuc,0.0,-0.06346140258968794,0.0,2086.0,nuc <= 1.5729955012103574,0.0972018649575342
age,0.0,-0.04349955944210017,0.0,511.03030303030295,age <= 0.8968766560903667,0.0666269280233386
