feature,value,importance,min,max,rule,importance_ratio
ns,1.0,0.2581454456659108,1.0,7.0,ns <= 1.4973267047410423,0.5193045754312781
la,602.0,0.11841626200977243,0.0,9176.0,la > 135.835850879889,0.2382149586583406
aexp,80.0,-0.028089193287019133,0.0,726.0,54.40945181062462 < aexp <= 149.15392421287316,0.05650631006289658
ld,65.0,0.025428810349902062,0.0,8304.0,29.490716012837936 < ld <= 4621.051880819136,0.05115448590779533
nuc,236.75,0.025234988438234705,0.0,2086.0,113.47699669467761 < nuc <= 1752.541484763698,0.050764579336761116
