feature,value,importance,min,max,rule,importance_ratio
ns,1.0,0.2568144868254359,1.0,7.0,ns <= 1.4973267047410423,0.4583411173970456
la,668.0,0.11813705978602235,0.0,9176.0,la > 135.835850879889,0.2108411899097124
nd,1.0,-0.10767925242109334,1.0,40.0,nd <= 1.4991410283510338,0.19217696589176314
ld,3.0,0.03423615409004685,0.0,8304.0,1.9137720800673748 < ld <= 15.702244046452648,0.0611018378090006
nuc,5.8,-0.02526559261756069,0.0,2086.0,1.5729955012103574 < nuc <= 11.446877959457481,0.04509192645313169
