feature,value,importance,min,max,rule,importance_ratio
ns,1.0,0.2556382215305595,1.0,7.0,ns <= 1.4973267047410423,0.4402015349658416
la,1589.0,0.11980497808446904,0.0,9176.0,la > 135.835850879889,0.20630066557957116
aexp,48.0,-0.057536024267282944,0.0,726.0,6.308411975636886 < aexp <= 54.40945181062462,0.09907534971354888
nd,7.0,0.04789105791188518,1.0,40.0,5.487575744339811 < nd <= 12.487685654034399,0.08246699995692827
ld,21.0,0.041050196144682805,0.0,8304.0,15.702244046452648 < ld <= 29.490716012837936,0.07068723622526875
