feature,value,importance,min,max,rule,importance_ratio
ns,1,0.25745319750167933,1.0,7.0,ns <= 1.4973267047410423,0.5399270099803053
aexp,609,0.07656572631860242,0.0,726.0,aexp > 398.4047669941732,0.1605725004751736
la,118,0.04104601969009381,0.0,9176.0,92.55999249877996 < la <= 135.835850879889,0.08608110094542729
nd,4,0.03769455803648998,1.0,40.0,3.5069244908215746 < nd <= 5.487575744339811,0.0790524654992423
ld,14,0.036378516922122274,0.0,8304.0,1.9137720800673748 < ld <= 15.702244046452648,0.07629248368201486
