feature,value,importance,min,max,rule,importance_ratio
ns,2,-0.24649961203905346,1.0,7.0,1.4973267047410423 < ns <= 2.502438908657955,0.4593163373184001
la,213,0.12653827150985017,0.0,9176.0,la > 135.835850879889,0.23578574797633917
aexp,12,-0.06366657746411813,0.0,726.0,6.308411975636886 < aexp <= 54.40945181062462,0.11863344906921756
nd,5,0.03980550175342125,1.0,40.0,3.5069244908215746 < nd <= 5.487575744339811,0.07417178923432113
age,177.77777777777803,0.028800190969744024,0.0,511.03030303030295,84.25039107908812 < age <= 379.6012832253171,0.05366498600491705
