feature,value,importance,min,max,rule,importance_ratio
ns,1.0,0.25636641535886584,1.0,7.0,ns <= 1.4973267047410423,0.6188903464792781
ld,21.0,0.04166158861613222,0.0,8304.0,15.702244046452648 < ld <= 29.490716012837936,0.10057462081147572
nd,4.0,0.038067725608032815,1.0,40.0,3.5069244908215746 < nd <= 5.487575744339811,0.09189872962983159
aexp,83.0,-0.0281319942891544,0.0,726.0,54.40945181062462 < aexp <= 149.15392421287316,0.06791302857824091
nuc,146.5,0.023936954570924814,0.0,2086.0,113.47699669467761 < nuc <= 1752.541484763698,0.057785845651120216
