feature,value,importance,min,max,rule,importance_ratio
ns,1,0.2594761917121084,1.0,7.0,ns <= 1.4973267047410423,0.6450104961568628
ld,1,-0.04301821501606039,0.0,8304.0,1.9137720800673748 < ld <= 1.9137720800673748,0.10693543799994386
aexp,116,-0.027182355549353058,0.0,726.0,54.40945181062462 < aexp <= 149.15392421287316,0.06757037909302065
nuc,166.5,0.023476234393749233,0.0,2086.0,113.47699669467761 < nuc <= 1752.541484763698,0.05835763772503518
nd,3,-0.021915797270195117,1.0,40.0,2.5030327595863042 < nd <= 3.5069244908215746,0.0544786755873376
