feature,value,importance,min,max,rule,importance_ratio
ns,1.0,0.26278367214775356,1.0,7.0,ns <= 1.4973267047410423,0.5146882447270115
nd,1.0,-0.1095843651316312,1.0,40.0,nd <= 1.4991410283510338,0.21463199778793918
aexp,1.0,-0.06694093286032995,0.0,726.0,aexp <= 6.308411975636886,0.13111054789926177
ld,8.0,0.03549976526973382,0.0,8304.0,1.9137720800673748 < ld <= 15.702244046452648,0.06952985977236416
age,306.0,0.016579794291443753,0.0,511.03030303030295,84.25039107908812 < age <= 379.6012832253171,0.03247319421352815
