feature,value,importance,min,max,rule,importance_ratio
ns,1.0,0.25197671145260836,1.0,7.0,ns <= 1.4973267047410423,0.5176307471329037
la,481.0,0.11724114090207868,0.0,9176.0,la > 135.835850879889,0.24084614411388222
nd,4.0,0.034329870171853814,1.0,40.0,3.5069244908215746 < nd <= 5.487575744339811,0.07052316955638373
age,69.3333333333333,0.028012291629583706,0.0,511.03030303030295,9.569496653858916 < age <= 84.25039107908812,0.05754509359827627
ld,430.0,0.027258486543554845,0.0,8304.0,29.490716012837936 < ld <= 4621.051880819136,0.0559965668013977
