feature,value,importance,min,max,rule,importance_ratio
ns,2.0,-0.249508611901479,1.0,7.0,1.4973267047410423 < ns <= 2.502438908657955,0.5089964214904487
aexp,19.0,-0.06189592038178364,0.0,726.0,6.308411975636886 < aexp <= 54.40945181062462,0.12626739309353213
ld,21.0,0.044318610420804816,0.0,8304.0,15.702244046452648 < ld <= 29.490716012837936,0.09040976156176213
la,111.0,0.04369434831645023,0.0,9176.0,92.55999249877996 < la <= 135.835850879889,0.08913626973810496
nd,4.0,0.04316337202970381,1.0,40.0,3.5069244908215746 < nd <= 5.487575744339811,0.08805308055360928
