feature,value,importance,min,max,rule,importance_ratio
ns,1.0,0.2633025890581778,1.0,7.0,ns <= 1.4973267047410423,0.3779646496477821
la,6.0,-0.2085451200270954,0.0,9176.0,-0.17398974645368526 < la <= 6.00827573656187,0.29936159575468346
nd,1.0,-0.11486274858402752,1.0,40.0,nd <= 1.4991410283510338,0.16488276352098732
ld,1.0,-0.03673357204971802,0.0,8304.0,1.9137720800673748 < ld <= 1.9137720800673748,0.05273017534596101
aexp,126.0,-0.02855744980968892,0.0,726.0,54.40945181062462 < aexp <= 149.15392421287316,0.040993544920168934
