feature,value,importance,min,max,rule,importance_ratio
ns,3.0,-0.16298964085691195,1.0,7.0,2.502438908657955 < ns <= 5.49780640377458,0.37796030788758994
la,683.0,0.12638230372040354,0.0,9176.0,la > 135.835850879889,0.29307073857314375
aexp,51.0,-0.05625283929947977,0.0,726.0,6.308411975636886 < aexp <= 54.40945181062462,0.13044596177647727
nd,28.0,0.03286510900393721,1.0,40.0,nd > 12.487685654034399,0.07621163316012387
age,377.609375,0.01867402660480684,0.0,511.03030303030295,84.25039107908812 < age <= 379.6012832253171,0.043303616155888514
