feature,value,importance,min,max,rule,importance_ratio
ns,1.0,0.2643151945821,1.0,7.0,ns <= 1.4973267047410423,0.5927443577572012
nuc,2.0,-0.052961003143482815,0.0,2086.0,1.5729955012103574 < nuc <= 1.5729955012103574,0.11876856282929256
nd,2.0,-0.036642100993137416,1.0,40.0,1.4991410283510338 < nd <= 2.5030327595863042,0.0821723422082925
ld,5.0,0.03652366760107979,0.0,8304.0,1.9137720800673748 < ld <= 15.702244046452648,0.08190674747007401
aexp,104.0,-0.029677976215020774,0.0,726.0,54.40945181062462 < aexp <= 149.15392421287316,0.06655483041343592
