feature,value,importance,min,max,rule,importance_ratio
ns,1.0,0.2568442724225676,1.0,7.0,ns <= 1.4973267047410423,0.45489767513655055
la,145.0,0.11879661279325814,0.0,9176.0,la > 135.835850879889,0.21040104365201287
aexp,257.0,0.08567515829011758,0.0,726.0,185.59410590604568 < aexp <= 289.08422191465564,0.15173953444836896
ld,15.0,0.040276891473997906,0.0,8304.0,15.702244046452648 < ld <= 29.490716012837936,0.07133452547115844
nd,2.0,-0.03346941727535339,1.0,40.0,1.4991410283510338 < nd <= 2.5030327595863042,0.05927778713198045
