feature,value,importance,min,max,rule,importance_ratio
la,68,0.11293764708799046,0.0,5956.0,63.23108389406272 < la <= 105.26016462261896,0.3335363587588312
age,163.0,-0.07773599444930954,0.0,829.533333333333,146.77823706703862 < age <= 204.4778446133475,0.2295760643297174
aexp,22,0.04788912075818436,0.0,403.0,6.128482956425856 < aexp <= 259.48003416260264,0.141429925039985
asexp,21.0,0.04107213260614534,0.0,197.0,1.1438006319502207 < asexp <= 115.31620119105196,0.12129745845723669
nuc,19.6666666666667,0.03272349183511478,0.0,209.0,9.185789996399661 < nuc <= 67.67536906540971,0.09664159466732107
