feature,value,importance,min,max,rule,importance_ratio
la,691,0.361759453286538,0.0,5956.0,165.96883678608913 < la <= 871.1234134540887,0.6636164409708569
aexp,16,0.049874010140196205,0.0,403.0,6.128482956425856 < aexp <= 259.48003416260264,0.09148955972123884
nuc,46.1034482758621,0.03910834955885292,0.0,209.0,9.185789996399661 < nuc <= 67.67536906540971,0.07174088613500217
ns,4,0.03460605053612284,1.0,9.0,2.4958440955958925 < ns <= 6.503048404494037,0.06348180782617864
age,15.448275862068998,0.03332534499346486,0.0,829.533333333333,6.825997486629916 < age <= 98.2860137036514,0.06113246423217126
