feature,value,importance,min,max,rule,importance_ratio
la,878,0.3175685920592,0.0,5956.0,la > 871.1234134540887,0.6787810578365334
aexp,49,0.04588149760261429,0.0,403.0,6.128482956425856 < aexp <= 259.48003416260264,0.09806855040633629
nuc,24.0625,0.03650260625507432,0.0,209.0,9.185789996399661 < nuc <= 67.67536906540971,0.07802181420696326
age,10.0,0.027350993548321538,0.0,829.533333333333,6.825997486629916 < age <= 98.2860137036514,0.05846087049486622
asexp,0.703369863622708,0.023660785143241516,0.0,197.0,-0.15854614248820553 < asexp <= 1.1438006319502207,0.05057330343857956
