feature,value,importance,min,max,rule,importance_ratio
la,1717,0.3186713666869608,0.0,5956.0,la > 871.1234134540887,0.6715108074277515
aexp,11,0.04548844180501705,0.0,403.0,6.128482956425856 < aexp <= 259.48003416260264,0.09585417291388906
nuc,54.4814814814815,0.035735935937224475,0.0,209.0,9.185789996399661 < nuc <= 67.67536906540971,0.0753034935170845
asexp,0.99365234375,-0.030675155376970173,0.0,197.0,1.1438006319502207 < asexp <= 1.1438006319502207,0.06463931343852305
age,13.333333333333302,0.02802234445339011,0.0,829.533333333333,6.825997486629916 < age <= 98.2860137036514,0.05904925612095956
