feature,value,importance,min,max,rule,importance_ratio
nuc,65.5714285714286,0.1191216938587736,0.0,125.0,28.93046147751111 < nuc <= 95.74074131209468,0.43078532035462913
la,44,-0.08479336290501302,0.0,9292.0,24.609918286874972 < la <= 65.15107396812635,0.30664218094722806
asexp,0.0130125151956269,0.04669156635223254,0.0,318.0,0.2638783839317753 < asexp <= 0.2638783839317753,0.16885288243762217
aexp,157,-0.020043254957068008,0.0,1247.0,80.770405947798 < aexp <= 166.80503056010588,0.07248335486117763
ld,31,-0.004714233587367791,0.0,3456.0,19.498528902884395 < ld <= 134.4589017322878,0.01704830212176513
