feature,value,importance,min,max,rule,importance_ratio
la,363,0.32682399154397274,0.0,5443.0,232.12256852430914 < la <= 634.8693949676458,0.6259243158493326
ld,558,0.10535403151169344,0.0,7734.0,100.73397805831269 < ld <= 4104.509049685157,0.20177114227262388
ns,2,-0.03734934532345957,1.0,17.0,1.4982210105975038 < ns <= 2.4933277552071154,0.07153043847413361
asexp,0.91015625,0.025844181787586077,0.0,601.0,0.2486852207514758 < asexp <= 1.223116260852592,0.049496065841617136
ndev,1.6984126984127,-0.018334404463234887,0.0,69.0,1.3178935157767122 < ndev <= 19.676973226328325,0.03511354694599037
