feature,value,importance,min,max,rule,importance_ratio
la,342,0.33543189622007513,0.0,5443.0,232.12256852430914 < la <= 634.8693949676458,0.7304743157001031
ld,93,-0.030785774405018604,0.0,7734.0,12.389426610235802 < ld <= 100.73397805831269,0.06704257330689062
ns,2,-0.02528095291538275,1.0,17.0,1.4982210105975038 < ns <= 2.4933277552071154,0.05505465338631536
ndev,9.18181818181818,-0.022403122148854947,0.0,69.0,1.3178935157767122 < ndev <= 19.676973226328325,0.04878756464618889
ent,2.6377503366321804,0.01836022626268446,0.0,6.1766722717358205,1.859443113064771 < ent <= 3.211235469649216,0.039983298745490094
