feature,value,importance,min,max,rule,importance_ratio
la,395,0.20789120480196327,0.0,8960.0,143.122304060467 < la <= 476.1618029404084,0.8247017398160899
age,603.375,0.02592074972550417,0.0,1848.0,536.7965087044349 < age <= 1165.1774649438416,0.10282728129996795
ns,4,-0.008181342213102192,1.0,22.0,1.5032147725771707 < ns <= 5.499821160683655,0.03245527949873365
asexp,0.0166675068942937,-0.005521148719990188,0.0,1051.0,asexp <= 0.4721763844552811,0.021902326072412496
nuc,3.75,-0.002847771038903774,0.0,258.0,2.691750895275984 < nuc <= 12.62508428119034,0.011297071141701504
