commit_id,label,pred,score_or_proba,feature,value_actual,min,max,operator,threshold
,True,True,0.8181846915536922,la,2542.0,0.0,9967.0,<,58.0
,True,True,0.8181846915536922,age,49.8,0.0,1802.57575757576,>,160.8249969482422
,True,True,0.8181846915536922,ld,365.0,0.0,8658.0,<,51.0
,True,True,0.8181846915536922,arexp,44.50000000000011,0.0,863.416666666674,<,1.0
