commit_id,label,pred,score_or_proba,feature,value_actual,min,max,operator,threshold
,True,True,0.9146949332971316,nuc,118.222222222222,0.0,976.0,<,-0.6649999618530273
,True,True,0.9146949332971316,asexp,208.0,0.0,1122.0,<,0.0949999988079071
,True,True,0.9146949332971316,age,7.55555555555556,0.0,1802.57575757576,>,173.86499786376953
,True,True,0.9146949332971316,la,445.0,0.0,9967.0,>,5.5
