commit_id,label,pred,score_or_proba,feature,value_actual,min,max,operator,threshold
,True,True,0.8352983881733045,ld,60.0,0.0,8658.0,<,-9.050000190734863
,True,True,0.8352983881733045,la,147.0,0.0,9967.0,<,4.605000019073486
,True,True,0.8352983881733045,age,14.142857142857098,0.0,1802.57575757576,<,229.76499938964844
