commit_id,label,pred,score_or_proba,feature,value_actual,min,max,operator,threshold
,True,True,0.7937824911419599,la,5018.0,0.0,9967.0,<,34.5
,True,True,0.7937824911419599,ent,2.8467112120578904,0.0,6.08230385583814,<,1.6150000095367432
,True,True,0.7937824911419599,age,12.0740740740741,0.0,1802.57575757576,<,0.7799999862909317
