commit_id,label,pred,score_or_proba,feature,value_actual,min,max,operator,threshold
,True,True,0.86279415336363,la,957.0,0.0,9967.0,<,88.5
,True,True,0.86279415336363,age,44.77777777777778,0.0,1802.57575757576,>,150.875
,True,True,0.86279415336363,ld,278.0,0.0,8658.0,>,633.0
,True,True,0.86279415336363,asexp,0.921619245686784,0.0,1122.0,>,182.5
