commit_id,label,pred,score_or_proba,feature,value_actual,min,max,operator,threshold
,True,True,0.795608306635193,nuc,51.5,0.0,976.0,<,21.899999618530277
,True,True,0.795608306635193,la,3484.0,0.0,9967.0,<,33.0
,True,True,0.795608306635193,age,4.75,0.0,1802.57575757576,>,44.0
,True,True,0.795608306635193,ld,8.0,0.0,8658.0,>,753.0
