commit_id,label,pred,score_or_proba,feature,value_actual,min,max,operator,threshold
,True,True,0.6459376553371504,arexp,24.5,0.0,863.416666666674,<,245.33499908447263
,True,True,0.6459376553371504,age,8.571428571428571,0.0,1802.57575757576,>,20.545000076293945
,True,True,0.6459376553371504,la,90.0,0.0,9967.0,<,32.0
,True,True,0.6459376553371504,ld,37.0,0.0,8658.0,<,30.5
