commit_id,label,pred,score_or_proba,feature,value_actual,min,max,operator,threshold
,True,True,0.5827463392631348,age,1.6666666666666698,0.0,1802.57575757576,>,41.880001068115234
,True,True,0.5827463392631348,arexp,223.000000000001,0.0,863.416666666674,<,6.5
,True,True,0.5827463392631348,ndev,19.6666666666667,0.0,85.0,>,26.664999961853027
