commit_id,label,pred,score_or_proba,feature,value_actual,min,max,operator,threshold
,True,True,0.6052775802454174,age,12.0,0.0,1802.57575757576,<,189.375
,True,True,0.6052775802454174,ld,14.0,0.0,8658.0,>,534.0
,True,True,0.6052775802454174,la,78.0,0.0,9967.0,>,3.8550000190734863
