commit_id,label,pred,score_or_proba,feature,value_actual,min,max,operator,threshold
,True,True,0.9306246063527037,ld,364.0,0.0,8658.0,<,-333.04998779296875
,True,True,0.9306246063527037,la,629.0,0.0,9967.0,<,84.5
,True,True,0.9306246063527037,age,44.5757575757576,0.0,1802.57575757576,>,161.23999786376953
,True,True,0.9306246063527037,ent,2.9510798597890098,0.0,6.08230385583814,<,2.419999957084656
