commit_id,label,pred,score_or_proba,feature,value_actual,min,max,operator,threshold
,True,True,0.515955438498889,age,2.5,0.0,1802.57575757576,>,173.2699966430664
,True,True,0.515955438498889,ld,17.0,0.0,8658.0,<,30.5
,True,True,0.515955438498889,la,46.0,0.0,9967.0,<,3.0
