commit_id,label,pred,score_or_proba,feature,value_actual,min,max,operator,threshold
,True,True,0.8797546652396547,age,64.75,0.0,1802.57575757576,>,127.5
,True,True,0.8797546652396547,la,313.0,0.0,9967.0,<,73.0
,True,True,0.8797546652396547,asexp,103.0,0.0,1122.0,>,186.0
,True,True,0.8797546652396547,arexp,88.6666666666666,0.0,863.416666666674,<,204.45999908447263
,True,True,0.8797546652396547,ld,2.0,0.0,8658.0,>,762.0
