commit_id,label,pred,score_or_proba,feature,value_actual,min,max,operator,threshold
,True,True,0.7684934579784576,nuc,353.0,0.0,976.0,>,384.0
,True,True,0.7684934579784576,la,113.0,0.0,9967.0,<,20.5
,True,True,0.7684934579784576,arexp,257.75000000000097,0.0,863.416666666674,<,354.0899963378906
,True,True,0.7684934579784576,age,9.0,0.0,1802.57575757576,<,134.25
,True,True,0.7684934579784576,ndev,27.0,0.0,85.0,>,34.5
