commit_id,label,pred,score_or_proba,feature,value_actual,min,max,operator,threshold
,True,True,0.7893752594921877,la,197.0,0.0,9967.0,<,10.5
,True,True,0.7893752594921877,ndev,2.88888888888889,0.0,85.0,<,5.184999942779541
,True,True,0.7893752594921877,age,152.0,0.0,1802.57575757576,>,138.26499938964844
,True,True,0.7893752594921877,arexp,26.0,0.0,863.416666666674,<,30.5
,True,True,0.7893752594921877,ld,18.0,0.0,8658.0,<,32.5
