commit_id,label,pred,score_or_proba,feature,value_actual,min,max,operator,threshold
,True,True,0.5949584311358848,asexp,1.0,0.0,1122.0,<,0.7450000047683716
,True,True,0.5949584311358848,la,284.0,0.0,9967.0,<,16.0
,True,True,0.5949584311358848,age,5.5,0.0,1802.57575757576,<,4.5
,True,True,0.5949584311358848,ndev,50.0,0.0,85.0,<,59.0
