feature,value,importance,min,max,rule,importance_ratio
age,316.814814814815,-0.1227601897678639,0.0,1802.57575757576,252.15332398535617 < age <= 957.5590815757139,0.28622097017720377
ent,4.487593446241781,0.08500939710962269,0.0,6.08230385583814,ent > 3.4251727475658535,0.19820327877388852
la,1027.0,0.07495365282830577,0.0,9967.0,229.98350223552893 < la <= 1199.5431080984263,0.1747578532699452
ld,553.0,-0.05626509738477569,0.0,8658.0,35.06259046661786 < ld <= 6168.514134615445,0.13118463559756657
ndev,1.5,0.04287697369296431,0.0,85.0,0.9878832845357923 < ndev <= 3.937158674468902,0.09996961581657086
