feature,value,importance,min,max,rule,importance_ratio
la,60,-0.09951428932486117,0.0,9967.0,42.326804326581055 < la <= 104.87903696289698,0.33944276336288054
ld,27,0.05637921287116297,0.0,8658.0,14.111432331182087 < ld <= 35.06259046661786,0.19230922456510585
asexp,0.31772334998215,0.032863536257942666,0.0,1122.0,-0.3302944893099209 < asexp <= 1.5309165943878895,0.11209736447854435
ndev,5.8461538461538485,-0.030439631513523923,0.0,85.0,4.096578965816638 < ndev <= 10.553100765399932,0.10382943702655836
nuc,43.3076923076923,0.02647886349543453,0.0,976.0,12.104132594966572 < nuc <= 255.46934596936424,0.09031927632279595
