feature,value,importance,min,max,rule,importance_ratio
la,2093.0,0.12347017207056754,0.0,9967.0,la > 1199.5431080984263,0.31786889317740463
ent,2.02290076612228,0.11624275726262845,0.0,6.08230385583814,1.596054196840603 < ent <= 3.4251727475658535,0.2992622102271245
nuc,67.5294117647059,0.0427990927239344,0.0,976.0,12.104132594966572 < nuc <= 255.46934596936424,0.11018450857409262
age,23.647058823529395,0.03762440751874102,0.0,1802.57575757576,11.310905131690312 < age <= 252.15332398535617,0.09686249378191909
ld,543.0,-0.030439439494799467,0.0,8658.0,35.06259046661786 < ld <= 6168.514134615445,0.07836508833584885
