feature,value,importance,min,max,rule,importance_ratio
arexp,16.0,-0.12634768964410928,0.0,863.416666666674,-0.02556803069123248 < arexp <= 97.64182103961909,0.27521081191399793
ld,228,-0.10685442948196909,0.0,8658.0,35.06259046661786 < ld <= 6168.514134615445,0.23275055030427155
la,168,0.08124905862377478,0.0,9967.0,104.87903696289698 < la <= 229.98350223552893,0.1769768759055389
ndev,66.0,0.06494181301183734,0.0,85.0,ndev > 52.00237651581121,0.14145639810666746
asexp,7.0,0.02858127527930065,0.0,1122.0,1.5309165943878895 < asexp <= 23.865449598761593,0.06225579587019018
