feature,value,importance,min,max,rule,importance_ratio
ent,1.53082151968649,0.11238356236255007,0.0,6.08230385583814,1.0371568618967764 < ent <= 1.596054196840603,0.39702387097614616
la,1423.0,0.10674921448668781,0.0,9967.0,la > 1199.5431080984263,0.37711908635217617
arexp,50.0,-0.02191813668376752,0.0,863.416666666674,-0.02556803069123248 < arexp <= 97.64182103961909,0.0774314613973605
nuc,57.1666666666667,-0.021031103683012514,0.0,976.0,12.104132594966572 < nuc <= 255.46934596936424,0.074297788925694
ndev,6.66666666666667,-0.01519376267959324,0.0,85.0,4.096578965816638 < ndev <= 10.553100765399932,0.05367587881121635
