feature,value,importance,min,max,rule,importance_ratio
ent,3.75823573836285,0.0773064977268762,0.0,6.08230385583814,ent > 3.4251727475658535,0.2119312566146276
la,821.0,0.07352068931100261,0.0,9967.0,229.98350223552893 < la <= 1199.5431080984263,0.2015526835519472
ndev,1.57142857142857,0.04687321979088148,0.0,85.0,0.9878832845357923 < ndev <= 3.937158674468902,0.12850019938752894
ld,134.0,-0.0450961963836895,0.0,8658.0,35.06259046661786 < ld <= 6168.514134615445,0.12362859331567772
arexp,65.5,-0.044503068933860766,0.0,863.416666666674,-0.02556803069123248 < arexp <= 97.64182103961909,0.12200256899080221
