feature,value,importance,min,max,rule,importance_ratio
ent,3.6330787948134704,0.0948713510284051,0.0,6.08230385583814,ent > 3.4251727475658535,0.23049866705793365
la,2309.0,0.0928009581089961,0.0,9967.0,la > 1199.5431080984263,0.22546845716804734
ndev,1.43181818181818,0.0719719335743574,0.0,85.0,0.9878832845357923 < ndev <= 3.937158674468902,0.17486242764166535
arexp,82.0833333333336,-0.06059678301765025,0.0,863.416666666674,-0.02556803069123248 < arexp <= 97.64182103961909,0.14722545386104238
nuc,8.59090909090909,-0.03959473892289215,0.0,976.0,5.747578514292009 < nuc <= 12.104132594966572,0.0961990574109246
