feature,value,importance,min,max,rule,importance_ratio
ent,2.94927563759364,0.11887108545823162,0.0,6.08230385583814,1.596054196840603 < ent <= 3.4251727475658535,0.3256161551444656
la,378.0,0.07211410063429502,0.0,9967.0,229.98350223552893 < la <= 1199.5431080984263,0.1975376609856149
ld,448.0,-0.04804815109724241,0.0,8658.0,35.06259046661786 < ld <= 6168.514134615445,0.1316153054527442
ndev,3.3333333333333304,0.04780952639882011,0.0,85.0,0.9878832845357923 < ndev <= 3.937158674468902,0.13096165568986656
age,22.533333333333307,0.03173847373603518,0.0,1802.57575757576,11.310905131690312 < age <= 252.15332398535617,0.08693922284164461
