feature,value,importance,min,max,rule,importance_ratio
la,403.0,0.12714671010407755,0.0,9967.0,229.98350223552893 < la <= 1199.5431080984263,0.406060851142307
nuc,90.7058823529412,0.06262772326274478,0.0,976.0,12.104132594966572 < nuc <= 255.46934596936424,0.20001041782644954
arexp,8.0,-0.04228889593882567,0.0,863.416666666674,-0.02556803069123248 < arexp <= 97.64182103961909,0.13505552023117037
ent,4.20078358171917,0.03700430976782209,0.0,6.08230385583814,ent > 3.4251727475658535,0.11817845312675175
age,173.79411764705898,0.018785597063075494,0.0,1802.57575757576,11.310905131690312 < age <= 252.15332398535617,0.05999443891552352
