feature,value,importance,min,max,rule,importance_ratio
ndev,10.5555555555556,-0.1783787971432478,0.0,85.0,10.553100765399932 < ndev <= 52.00237651581121,0.5521614910792763
arexp,4.0,-0.04352145327657743,0.0,863.416666666674,-0.02556803069123248 < arexp <= 97.64182103961909,0.13471820036903803
ent,0.888206942588996,-0.03473465988461984,0.0,6.08230385583814,0.008277677113822879 < ent <= 0.9990502254233335,0.10751917773400683
nuc,132.333333333333,0.02701635328644072,0.0,976.0,12.104132594966572 < nuc <= 255.46934596936424,0.08362759561713012
ld,1.0,0.018041468987536766,0.0,8658.0,-1.6019362703947877 < ld <= 3.6358532634641847,0.05584634820369909
