feature,value,importance,min,max,rule,importance_ratio
la,440.0,0.1280100502588982,0.0,9967.0,229.98350223552893 < la <= 1199.5431080984263,0.40438354705446733
nuc,21.6315789473684,0.06284496612126869,0.0,976.0,12.104132594966572 < nuc <= 255.46934596936424,0.19852714894836884
arexp,58.5,-0.041940274616753856,0.0,863.416666666674,-0.02556803069123248 < arexp <= 97.64182103961909,0.1324892614264281
ent,5.31473858898538,0.038897500355907534,0.0,6.08230385583814,ent > 3.4251727475658535,0.1228771423311031
age,126.228070175439,0.01900324707258109,0.0,1802.57575757576,11.310905131690312 < age <= 252.15332398535617,0.060031227557686195
