feature,value,importance,min,max,rule,importance_ratio
ent,2.99364161651919,0.12164390026799522,0.0,6.08230385583814,1.596054196840603 < ent <= 3.4251727475658535,0.2877766966027322
la,2228.0,0.11826045130470966,0.0,9967.0,la > 1199.5431080984263,0.2797723678724536
ndev,3.3448275862069,0.06092045584572807,0.0,85.0,0.9878832845357923 < ndev <= 3.937158674468902,0.1441213862774244
arexp,42.5,-0.05522664595670226,0.0,863.416666666674,-0.02556803069123248 < arexp <= 97.64182103961909,0.13065136601880134
nuc,45.6896551724138,0.024078505207442424,0.0,976.0,12.104132594966572 < nuc <= 255.46934596936424,0.05696325645974508
