feature,value,importance,min,max,rule,importance_ratio
la,241,0.31592458177881294,0.0,9967.0,229.98350223552893 < la <= 1199.5431080984263,0.5191639990366212
arexp,25.5,-0.12004687627955932,0.0,863.416666666674,-0.02556803069123248 < arexp <= 97.64182103961909,0.19727498256145576
ld,21,0.045682187299303297,0.0,8658.0,14.111432331182087 < ld <= 35.06259046661786,0.07507028072811005
asexp,1.01238725442432,0.03206035091587488,0.0,1122.0,1.5309165943878895 < asexp <= 1.5309165943878895,0.052685295643301065
nuc,260.75,-0.031903871758983536,0.0,976.0,255.46934596936424 < nuc <= 470.68410555791735,0.05242815090198282
