feature,value,importance,min,max,rule,importance_ratio
ent,2.8467112120578904,0.11969359643469613,0.0,6.08230385583814,1.596054196840603 < ent <= 3.4251727475658535,0.32337974679701875
la,5018.0,0.07673799799143546,0.0,9967.0,la > 1199.5431080984263,0.2073253298368362
ld,1735.0,-0.06911639583950852,0.0,8658.0,35.06259046661786 < ld <= 6168.514134615445,0.18673382078795858
ndev,3.3333333333333304,0.035447564147734985,0.0,85.0,0.9878832845357923 < ndev <= 3.937158674468902,0.09576973756419588
age,12.0740740740741,-0.02442187284496179,0.0,1802.57575757576,11.310905131690312 < age <= 252.15332398535617,0.06598129968650049
