feature,value,importance,min,max,rule,importance_ratio
ld,96,-0.10896375086987713,0.0,8658.0,35.06259046661786 < ld <= 6168.514134615445,0.3125423696832829
arexp,29.5,-0.10555004672134842,0.0,863.416666666674,-0.02556803069123248 < arexp <= 97.64182103961909,0.3027507905988503
ent,1.7520671128356695,-0.04783525390694142,0.0,6.08230385583814,1.596054196840603 < ent <= 3.4251727475658535,0.13720658008855352
nuc,25.88888888888889,0.028007584550083727,0.0,976.0,12.104132594966572 < nuc <= 255.46934596936424,0.08033457709106799
age,12.2222222222222,0.024842628352910207,0.0,1802.57575757576,11.310905131690312 < age <= 252.15332398535617,0.0712564855063751
