feature,value,importance,min,max,rule,importance_ratio
arexp,23.0,-0.12505008881434512,0.0,863.416666666674,-0.02556803069123248 < arexp <= 97.64182103961909,0.3852729170958094
la,71,-0.08861182406289819,0.0,9967.0,42.326804326581055 < la <= 104.87903696289698,0.2730084901945074
ld,12,0.04038853241222416,0.0,8658.0,3.6358532634641847 < ld <= 14.111432331182087,0.12443499918483236
asexp,0.17969694997327,0.03717328957232835,0.0,1122.0,-0.3302944893099209 < asexp <= 1.5309165943878895,0.11452900071779272
ent,1.5683865354876798,-0.01287954161046069,0.0,6.08230385583814,1.0371568618967764 < ent <= 1.596054196840603,0.03968120785972458
