feature,value,importance,min,max,rule,importance_ratio
la,520,0.31763574151592244,0.0,9967.0,229.98350223552893 < la <= 1199.5431080984263,0.4739234975059633
ld,88,-0.12424474284534355,0.0,8658.0,35.06259046661786 < ld <= 6168.514134615445,0.1853774477487212
arexp,23.5,-0.09759367530313817,0.0,863.416666666674,-0.02556803069123248 < arexp <= 97.64182103961909,0.14561313444572194
asexp,0.666691097915938,0.0905458343978632,0.0,1122.0,-0.3302944893099209 < asexp <= 1.5309165943878895,0.1350975123820567
age,33.36,0.02893707969630395,0.0,1802.57575757576,11.310905131690312 < age <= 252.15332398535617,0.04317512239595906
