feature,value,importance,min,max,rule,importance_ratio
ent,1.5696670098234902,0.08473443013080108,0.0,6.08230385583814,1.0371568618967764 < ent <= 1.596054196840603,0.29093478087332425
la,22.0,-0.06816337218724379,0.0,9967.0,21.47606011447573 < la <= 42.326804326581055,0.23403822649506423
age,23.3333333333333,0.047906802771144064,0.0,1802.57575757576,11.310905131690312 < age <= 252.15332398535617,0.16448750696793757
ld,4.0,0.03268565108726211,0.0,8658.0,3.6358532634641847 < ld <= 3.6358532634641847,0.11222584163362252
ndev,0.666666666666667,0.026425858031211405,0.0,85.0,0.03136153644937778 < ndev <= 0.9878832845357923,0.09073290755401439
