feature,value,importance,min,max,rule,importance_ratio
la,1440,0.16207457866268102,0.0,9967.0,la > 1199.5431080984263,0.25891771783616224
asexp,0.0539245456454391,0.15017606045139487,0.0,1122.0,-0.3302944893099209 < asexp <= 1.5309165943878895,0.23990957228787094
arexp,60.16666666666679,-0.10959940602581111,0.0,863.416666666674,-0.02556803069123248 < arexp <= 97.64182103961909,0.175087470956579
nuc,124.4,-0.06566549079504376,0.0,976.0,12.104132594966572 < nuc <= 255.46934596936424,0.10490207136450257
age,0.0,-0.05375286685639897,0.0,1802.57575757576,age <= -0.10342751540286343,0.08587139160531743
