feature,value,importance,min,max,rule,importance_ratio
ndev,13.666666666666698,-0.1864865160374555,0.0,85.0,10.553100765399932 < ndev <= 52.00237651581121,0.5144841153813435
ent,1.26502836776269,0.06824479152930824,0.0,6.08230385583814,1.0371568618967764 < ent <= 1.596054196840603,0.18827560268372645
la,72.0,-0.04778498504748041,0.0,9967.0,42.326804326581055 < la <= 104.87903696289698,0.13183052739172793
nuc,72.6666666666667,0.024652168458720706,0.0,976.0,12.104132594966572 < nuc <= 255.46934596936424,0.0680110785016188
ld,8.0,0.016142675673821424,0.0,8658.0,3.6358532634641847 < ld <= 14.111432331182087,0.04453485640895277
