feature,value,importance,min,max,rule,importance_ratio
ent,1.91030833266923,0.10066691436424019,0.0,6.08230385583814,1.596054196840603 < ent <= 3.4251727475658535,0.30144310297947374
ndev,1.25,0.06406775806333523,0.0,85.0,0.9878832845357923 < ndev <= 3.937158674468902,0.19184837355470222
asexp,0.847108694371853,0.04432650618396448,0.0,1122.0,-0.3302944893099209 < asexp <= 1.5309165943878895,0.1327339737461907
nuc,8.0,0.03824793152707065,0.0,976.0,5.747578514292009 < nuc <= 12.104132594966572,0.11453192178265731
arexp,183.166666666668,-0.03041149392126511,0.0,863.416666666674,97.64182103961909 < arexp <= 214.01147610211652,0.09106601857982509
