feature,value,importance,min,max,rule,importance_ratio
ent,3.554255916766,0.0974351417534577,0.0,6.08230385583814,ent > 3.4251727475658535,0.33735010048104686
arexp,84.0,-0.07858962727304067,0.0,863.416666666674,-0.02556803069123248 < arexp <= 97.64182103961909,0.27210119655198683
asexp,69.0,-0.052554323007007714,0.0,1122.0,23.865449598761593 < asexp <= 381.21797766874084,0.1819590532539897
ndev,1.9473684210526296,0.020026442048721078,0.0,85.0,0.9878832845357923 < ndev <= 3.937158674468902,0.06933763440821565
ld,119.0,-0.016051900454126203,0.0,8658.0,35.06259046661786 < ld <= 6168.514134615445,0.055576562353788224
