feature,value,importance,min,max,rule,importance_ratio
la,279.0,0.08139104195217409,0.0,9967.0,229.98350223552893 < la <= 1199.5431080984263,0.26016452955400565
ent,5.32238194025128,0.0712737568619911,0.0,6.08230385583814,ent > 3.4251727475658535,0.22782486842277344
ld,255.0,-0.059336300334583855,0.0,8658.0,35.06259046661786 < ld <= 6168.514134615445,0.18966707258881385
ndev,0.75,0.03450560729910544,0.0,85.0,0.03136153644937778 < ndev <= 0.9878832845357923,0.11029635294781033
nuc,14.1617647058824,0.026560402662291156,0.0,976.0,12.104132594966572 < nuc <= 255.46934596936424,0.08489969531856273
