feature,value,importance,min,max,rule,importance_ratio
ld,87,-0.09101465661369687,0.0,8658.0,35.06259046661786 < ld <= 6168.514134615445,0.3454185523250785
la,128,0.0797620392564905,0.0,9967.0,104.87903696289698 < la <= 229.98350223552893,0.3027126526160712
asexp,230.0,-0.03466296147457734,0.0,1122.0,23.865449598761593 < asexp <= 381.21797766874084,0.13155276762365561
age,12.0,0.024387097958441524,0.0,1802.57575757576,11.310905131690312 < age <= 252.15332398535617,0.09255384116833608
nuc,137.666666666667,0.01874985934892918,0.0,976.0,12.104132594966572 < nuc <= 255.46934596936424,0.07115941007276509
