feature,value,importance,min,max,rule,importance_ratio
ent,1.88457239114484,0.11797195977544155,0.0,6.08230385583814,1.596054196840603 < ent <= 3.4251727475658535,0.38748674111951165
la,327.0,0.06037011745369166,0.0,9967.0,229.98350223552893 < la <= 1199.5431080984263,0.19828966237113255
nuc,86.4166666666667,0.05056781408139652,0.0,976.0,12.104132594966572 < nuc <= 255.46934596936424,0.16609334558174124
arexp,9.0,-0.04384162294104353,0.0,863.416666666674,-0.02556803069123248 < arexp <= 97.64182103961909,0.1440007238258308
ndev,7.58333333333333,0.01297659819184426,0.0,85.0,4.096578965816638 < ndev <= 10.553100765399932,0.04262249905610047
