feature,value,importance,min,max,rule,importance_ratio
ndev,24.5,-0.187696526206371,0.0,85.0,10.553100765399932 < ndev <= 52.00237651581121,0.4060454295457807
la,2594.0,0.10674959911510112,0.0,9967.0,la > 1199.5431080984263,0.23093228043481956
nuc,335.75,-0.05262137217215383,0.0,976.0,255.46934596936424 < nuc <= 470.68410555791735,0.11383624459537464
ent,0.639362771715145,-0.04628187707779808,0.0,6.08230385583814,0.008277677113822879 < ent <= 0.9990502254233335,0.1001219630329081
arexp,60.5,-0.039226733057332694,0.0,863.416666666674,-0.02556803069123248 < arexp <= 97.64182103961909,0.08485951229821796
