feature,value,importance,min,max,rule,importance_ratio
ld,19,0.08793795690617282,0.0,8658.0,14.111432331182087 < ld <= 35.06259046661786,0.31248602239932327
la,214,0.07219933594342878,0.0,9967.0,104.87903696289698 < la <= 229.98350223552893,0.25655910260579257
asexp,0.615271513062334,0.06103848719503212,0.0,1122.0,-0.3302944893099209 < asexp <= 1.5309165943878895,0.21689921790198807
ndev,11.7777777777778,-0.023004450648925832,0.0,85.0,10.553100765399932 < ndev <= 52.00237651581121,0.0817459210296909
age,31.88888888888889,-0.01715402953438861,0.0,1802.57575757576,11.310905131690312 < age <= 252.15332398535617,0.06095654988938388
