feature,value,importance,min,max,rule,importance_ratio
ent,1.3169070409435202,0.06963132080934953,0.0,6.08230385583814,1.0371568618967764 < ent <= 1.596054196840603,0.3325616737176655
la,338.0,0.0551758771013267,0.0,9967.0,229.98350223552893 < la <= 1199.5431080984263,0.2635219585723213
arexp,8.0,-0.037320261649736765,0.0,863.416666666674,-0.02556803069123248 < arexp <= 97.64182103961909,0.17824290180850877
ld,6.0,0.02682332818188863,0.0,8658.0,3.6358532634641847 < ld <= 14.111432331182087,0.1281091728716619
ndev,0.0,0.007442822274647826,0.0,85.0,ndev <= 0.03136153644937778,0.03554718485977152
