feature,value,importance,min,max,rule,importance_ratio
la,338,0.3064139189156576,0.0,9967.0,229.98350223552893 < la <= 1199.5431080984263,0.6048066356549854
arexp,8.0,-0.11033930903264409,0.0,863.416666666674,-0.02556803069123248 < arexp <= 97.64182103961909,0.2177901921449533
asexp,0.96484375,0.031094841380750644,0.0,1122.0,1.5309165943878895 < asexp <= 1.5309165943878895,0.061375692293187865
ld,6,0.024562854396572322,0.0,8658.0,3.6358532634641847 < ld <= 14.111432331182087,0.04848271051865408
ent,1.3169070409435202,-0.016627140114742655,0.0,6.08230385583814,1.0371568618967764 < ent <= 1.596054196840603,0.032819020457519055
