feature,value,importance,min,max,rule,importance_ratio
ndev,15.25,-0.2056823074600598,0.0,85.0,10.553100765399932 < ndev <= 52.00237651581121,0.5146203714709588
ent,1.4386529291136203,0.07453901304217908,0.0,6.08230385583814,1.0371568618967764 < ent <= 1.596054196840603,0.18649778415332882
arexp,60.16666666666679,-0.04648352823422424,0.0,863.416666666674,-0.02556803069123248 < arexp <= 97.64182103961909,0.11630251946596053
nuc,133.0,0.028337562058881,0.0,976.0,12.104132594966572 < nuc <= 255.46934596936424,0.07090102641013249
ld,9.0,0.020921349603076907,0.0,8658.0,3.6358532634641847 < ld <= 14.111432331182087,0.052345546086893874
