feature,value,importance,min,max,rule,importance_ratio
arexp,60.16666666666679,-0.11794056010833312,0.0,863.416666666674,-0.02556803069123248 < arexp <= 97.64182103961909,0.33716174613286576
la,189,0.10412691489339583,0.0,9967.0,104.87903696289698 < la <= 229.98350223552893,0.297672085096407
nuc,133.0,0.0367576286740558,0.0,976.0,12.104132594966572 < nuc <= 255.46934596936424,0.1050806122682853
asexp,0.0539245456454391,0.025281656011123053,0.0,1122.0,-0.3302944893099209 < asexp <= 1.5309165943878895,0.07227375618710874
ent,1.4386529291136203,0.020415460454759542,0.0,6.08230385583814,1.0371568618967764 < ent <= 1.596054196840603,0.05836255388909973
