feature,value,importance,min,max,rule,importance_ratio
ndev,21.0,-0.19309938021121187,0.0,85.0,10.553100765399932 < ndev <= 52.00237651581121,0.45019989544731553
la,674.0,0.0869048522835433,0.0,9967.0,229.98350223552893 < la <= 1199.5431080984263,0.20261357322390783
nuc,324.8,-0.050771658177328954,0.0,976.0,255.46934596936424 < nuc <= 470.68410555791735,0.11837114742739695
ent,0.821464101963729,-0.04488834342006622,0.0,6.08230385583814,0.008277677113822879 < ent <= 0.9990502254233335,0.10465454364696937
ld,0.0,0.025960058275509342,0.0,8658.0,ld <= -1.6019362703947877,0.06052435543116224
