feature,value,importance,min,max,rule,importance_ratio
la,3583.0,0.12470846991056247,0.0,9967.0,la > 1199.5431080984263,0.2975019099067284
ent,1.12236379941427,0.0646026111428518,0.0,6.08230385583814,1.0371568618967764 < ent <= 1.596054196840603,0.15411463402400605
arexp,43.6666666666667,-0.06190293441334291,0.0,863.416666666674,-0.02556803069123248 < arexp <= 97.64182103961909,0.1476743418470942
ld,3386.0,-0.060936233886395026,0.0,8658.0,35.06259046661786 < ld <= 6168.514134615445,0.1453682013477272
ndev,1.625,0.05086411051065538,0.0,85.0,0.9878832845357923 < ndev <= 3.937158674468902,0.1213403550976069
