feature,value,importance,min,max,rule,importance_ratio
la,5088.0,0.11819523668700242,0.0,9967.0,la > 1199.5431080984263,0.24849480441975125
ent,3.33807414255828,0.10218783557904941,0.0,6.08230385583814,1.596054196840603 < ent <= 3.4251727475658535,0.21484069009936665
nuc,50.6666666666667,0.05666138448398143,0.0,976.0,12.104132594966572 < nuc <= 255.46934596936424,0.11912544067055146
asexp,0.1406599964393819,-0.05394319799748533,0.0,1122.0,-0.3302944893099209 < asexp <= 1.5309165943878895,0.11341069921166373
arexp,82.9999999999999,-0.04677437057787894,0.0,863.416666666674,-0.02556803069123248 < arexp <= 97.64182103961909,0.09833888737315893
