feature,value,importance,min,max,rule,importance_ratio
ent,3.05797709131961,0.12114893454481948,0.0,6.08230385583814,1.596054196840603 < ent <= 3.4251727475658535,0.3903306644622694
la,5535.0,0.06786175033070306,0.0,9967.0,la > 1199.5431080984263,0.2186442843899418
arexp,7.0,-0.053162799503471886,0.0,863.416666666674,-0.02556803069123248 < arexp <= 97.64182103961909,0.17128562403648423
asexp,6.0,-0.025441452506389867,0.0,1122.0,1.5309165943878895 < asexp <= 23.865449598761593,0.08197000740465095
ld,304.0,-0.022496568701006997,0.0,8658.0,35.06259046661786 < ld <= 6168.514134615445,0.07248186409709244
