feature,value,importance,min,max,rule,importance_ratio
la,832.0,0.10131012584002959,0.0,9967.0,229.98350223552893 < la <= 1199.5431080984263,0.2906991802375076
ent,1.48864453869008,0.08086689077068203,0.0,6.08230385583814,1.0371568618967764 < ent <= 1.596054196840603,0.2320393806687475
arexp,37.5,-0.07428209720777942,0.0,863.416666666674,-0.02556803069123248 < arexp <= 97.64182103961909,0.21314498018412514
age,26.25,0.03646294023932358,0.0,1802.57575757576,11.310905131690312 < age <= 252.15332398535617,0.10462672658563049
nuc,48.25,0.02550754036976919,0.0,976.0,12.104132594966572 < nuc <= 255.46934596936424,0.07319131245652068
