feature,value,importance,min,max,rule,importance_ratio
la,665.0,0.12283886040085425,0.0,9967.0,229.98350223552893 < la <= 1199.5431080984263,0.2925226827753174
ent,3.08265629942588,0.09261139537748782,0.0,6.08230385583814,1.596054196840603 < ent <= 3.4251727475658535,0.22054041972535238
age,33.125,0.05076538735069093,0.0,1802.57575757576,11.310905131690312 < age <= 252.15332398535617,0.1208903050019585
nuc,94.75,0.04877836988024221,0.0,976.0,12.104132594966572 < nuc <= 255.46934596936424,0.11615851508400968
asexp,0.232536005936261,-0.041357275135726554,0.0,1122.0,-0.3302944893099209 < asexp <= 1.5309165943878895,0.09848626921074505
