feature,value,importance,min,max,rule,importance_ratio
la,327,0.30298837047645416,0.0,9967.0,229.98350223552893 < la <= 1199.5431080984263,0.5954829882288798
ld,327,-0.08994976785576186,0.0,8658.0,35.06259046661786 < ld <= 6168.514134615445,0.17678419956849678
asexp,264.0,-0.04877193704652873,0.0,1122.0,23.865449598761593 < asexp <= 381.21797766874084,0.09585469821335836
arexp,215.916666666667,0.04010022714958952,0.0,863.416666666674,214.01147610211652 < arexp <= 218.16753521149144,0.0788116159512799
nuc,16.0,0.013124930992479163,0.0,976.0,12.104132594966572 < nuc <= 255.46934596936424,0.025795290807396516
