feature,value,importance,min,max,rule,importance_ratio
la,1341,0.18790057964467446,0.0,9967.0,la > 1199.5431080984263,0.3434175213614839
arexp,14.0,-0.1290755602863082,0.0,863.416666666674,-0.02556803069123248 < arexp <= 97.64182103961909,0.23590565322199672
ld,945,-0.12213349073053681,0.0,8658.0,35.06259046661786 < ld <= 6168.514134615445,0.2232179418563889
age,7.83333333333333,0.06845559130185049,0.0,1802.57575757576,2.1794390140157773 < age <= 11.310905131690312,0.125113235588055
ndev,10.3333333333333,0.016859180675116103,0.0,85.0,4.096578965816638 < ndev <= 10.553100765399932,0.03081277370502191
