feature,value,importance,min,max,rule,importance_ratio
ndev,24.0,-0.1902124903588289,0.0,85.0,10.553100765399932 < ndev <= 52.00237651581121,0.47881219020084537
la,1078.0,0.07612742841140033,0.0,9967.0,229.98350223552893 < la <= 1199.5431080984263,0.19163168866175753
nuc,279.5,-0.042902399475909875,0.0,976.0,255.46934596936424 < nuc <= 470.68410555791735,0.10799601971027199
ent,0.689137005206303,-0.042616805646088794,0.0,6.08230385583814,0.008277677113822879 < ent <= 0.9990502254233335,0.10727710894417818
ld,0.0,0.017968837993948314,0.0,8658.0,ld <= -1.6019362703947877,0.04523203843772822
