feature,value,importance,min,max,rule,importance_ratio
ndev,24.25,-0.19291712328601746,0.0,85.0,10.553100765399932 < ndev <= 52.00237651581121,0.4648369760200437
ent,1.2296456098159,0.07348538710295394,0.0,6.08230385583814,1.0371568618967764 < ent <= 1.596054196840603,0.17706424676443036
la,244.0,0.07050941278122758,0.0,9967.0,229.98350223552893 < la <= 1199.5431080984263,0.16989358777438493
nuc,303.25,-0.04633247622557123,0.0,976.0,255.46934596936424 < nuc <= 470.68410555791735,0.11163886218790665
arexp,209.000000000002,-0.01395226071022613,0.0,863.416666666674,97.64182103961909 < arexp <= 214.01147610211652,0.03361820126028621
