feature,value,importance,min,max,rule,importance_ratio
ndev,14.0,-0.18551064257634156,0.0,85.0,10.553100765399932 < ndev <= 52.00237651581121,0.521866407556821
ent,1.5307552975134502,0.05906030154802098,0.0,6.08230385583814,1.0371568618967764 < ent <= 1.596054196840603,0.16614457785301737
arexp,16.5,-0.045554177394572855,0.0,863.416666666674,-0.02556803069123248 < arexp <= 97.64182103961909,0.12815003266633992
age,67.14285714285711,0.032231235185619475,0.0,1802.57575757576,11.310905131690312 < age <= 252.15332398535617,0.09067080294606975
nuc,206.57142857142892,0.022574409669257604,0.0,976.0,12.104132594966572 < nuc <= 255.46934596936424,0.06350485294644682
