feature,value,importance,min,max,rule,importance_ratio
ent,2.9046030638158102,0.10653309882313362,0.0,6.08230385583814,1.596054196840603 < ent <= 3.4251727475658535,0.3773402960247772
age,11.166666666666698,0.05561525451112741,0.0,1802.57575757576,11.310905131690312 < age <= 252.15332398535617,0.19698926279768617
nuc,29.25,0.04145914302068079,0.0,976.0,12.104132594966572 < nuc <= 255.46934596936424,0.14684830792662656
arexp,48.0,-0.03826398609414337,0.0,863.416666666674,-0.02556803069123248 < arexp <= 97.64182103961909,0.13553106029350467
asexp,0.179696949988177,-0.01449741366524957,0.0,1122.0,-0.3302944893099209 < asexp <= 1.5309165943878895,0.051349847366413175
