feature,value,importance,min,max,rule,importance_ratio
la,2246.0,0.13644688528331345,0.0,9967.0,la > 1199.5431080984263,0.30070447324455724
ent,2.92658049970769,0.09722341184105639,0.0,6.08230385583814,1.596054196840603 < ent <= 3.4251727475658535,0.2142629696823048
nuc,11.444444444444402,-0.05708805825244811,0.0,976.0,5.747578514292009 < nuc <= 12.104132594966572,0.12581184575751084
age,59.27777777777778,0.05280844840157031,0.0,1802.57575757576,11.310905131690312 < age <= 252.15332398535617,0.1163803528859194
asexp,8.330571417948218e-20,-0.04393337438816089,0.0,1122.0,asexp <= -0.3302944893099209,0.09682128086556957
