feature,value,importance,min,max,rule,importance_ratio
ent,1.9948882676498705,0.12287209769782005,0.0,6.08230385583814,1.596054196840603 < ent <= 3.4251727475658535,0.3714512477571224
la,36.0,-0.06017049045036525,0.0,9967.0,21.47606011447573 < la <= 42.326804326581055,0.18189974920842197
arexp,15.0,-0.05808289486889787,0.0,863.416666666674,-0.02556803069123248 < arexp <= 97.64182103961909,0.1755887966156262
ld,2.0,0.04405823154814544,0.0,8658.0,-1.6019362703947877 < ld <= 3.6358532634641847,0.13319122395695202
age,44.3333333333333,0.02135210060113728,0.0,1802.57575757576,11.310905131690312 < age <= 252.15332398535617,0.06454894609216685
