feature,value,importance,min,max,rule,importance_ratio
ent,4.6110186429596105,0.08011470337172644,0.0,6.08230385583814,ent > 3.4251727475658535,0.2406810263121625
arexp,262.5,0.07781494426802682,0.0,863.416666666674,218.16753521149144 < arexp <= 822.8741356255406,0.23377207754178606
la,506.0,0.05928593614871782,0.0,9967.0,229.98350223552893 < la <= 1199.5431080984263,0.17810713087139088
ld,1874.0,-0.05882143425813187,0.0,8658.0,35.06259046661786 < ld <= 6168.514134615445,0.17671167177281022
ndev,2.09756097560976,0.028065109373608878,0.0,85.0,0.9878832845357923 < ndev <= 3.937158674468902,0.08431335377055288
