feature,value,importance,min,max,rule,importance_ratio
ent,2.54018440807592,0.10010364880056608,0.0,6.08230385583814,1.596054196840603 < ent <= 3.4251727475658535,0.4174215929151319
arexp,56.0,-0.03597932479649492,0.0,863.416666666674,-0.02556803069123248 < arexp <= 97.64182103961909,0.150029966424949
nuc,55.2,0.026050734105631478,0.0,976.0,12.104132594966572 < nuc <= 255.46934596936424,0.10862879682483416
ld,39.0,-0.019415403252826882,0.0,8658.0,35.06259046661786 < ld <= 6168.514134615445,0.08096017128237588
age,22.5,0.018691808915746386,0.0,1802.57575757576,11.310905131690312 < age <= 252.15332398535617,0.07794285968157437
