feature,value,importance,min,max,rule,importance_ratio
ent,3.25201579799011,0.11047193242677321,0.0,6.08230385583814,1.596054196840603 < ent <= 3.4251727475658535,0.3218984811717207
la,2452.0,0.0928381075729216,0.0,9967.0,la > 1199.5431080984263,0.27051618602208594
ld,259.0,-0.04306426187906424,0.0,8658.0,35.06259046661786 < ld <= 6168.514134615445,0.12548273744410787
arexp,109.333333333333,0.03080468802219095,0.0,863.416666666674,97.64182103961909 < arexp <= 214.01147610211652,0.08976019582064264
ndev,0.7272727272727271,0.02898606488830853,0.0,85.0,0.03136153644937778 < ndev <= 0.9878832845357923,0.08446100342162718
