feature,value,importance,min,max,rule,importance_ratio
la,1609.0,0.10466990392393762,0.0,9967.0,la > 1199.5431080984263,0.2708925247830029
ent,3.56286271980411,0.06400244072686585,0.0,6.08230385583814,ent > 3.4251727475658535,0.1656424828035989
age,68.8536585365854,0.05576599014829321,0.0,1802.57575757576,11.310905131690312 < age <= 252.15332398535617,0.14432601255918795
arexp,28.5,-0.04908576993651491,0.0,863.416666666674,-0.02556803069123248 < arexp <= 97.64182103961909,0.12703716780597119
ld,418.0,-0.0469777163249339,0.0,8658.0,35.06259046661786 < ld <= 6168.514134615445,0.1215813878366489
