feature,value,importance,min,max,rule,importance_ratio
ndev,16.0,-0.2012512115017897,0.0,85.0,10.553100765399932 < ndev <= 52.00237651581121,0.41118419784354454
ent,1.3552273401504698,0.08741266448094903,0.0,6.08230385583814,1.0371568618967764 < ent <= 1.596054196840603,0.17859622338544925
la,368.0,0.07054229888099012,0.0,9967.0,229.98350223552893 < la <= 1199.5431080984263,0.1441277215822452
arexp,11.0,-0.04439081050624393,0.0,863.416666666674,-0.02556803069123248 < arexp <= 97.64182103961909,0.09069659592818094
ld,1.0,0.04267787282206062,0.0,8658.0,-1.6019362703947877 < ld <= 3.6358532634641847,0.08719682615104034
