feature,value,importance,min,max,rule,importance_ratio
ndev,20.4,-0.19787700776123693,0.0,85.0,10.553100765399932 < ndev <= 52.00237651581121,0.3885387598892162
ent,1.9007185225673,0.10901739873806118,0.0,6.08230385583814,1.596054196840603 < ent <= 3.4251727475658535,0.21405965953934394
arexp,284.0,0.07495508141733502,0.0,863.416666666674,218.16753521149144 < arexp <= 822.8741356255406,0.14717705058703448
la,24.0,-0.037124397344255,0.0,9967.0,21.47606011447573 < la <= 42.326804326581055,0.0728951153495105
ld,17.0,0.029799930295608276,0.0,8658.0,14.111432331182087 < ld <= 35.06259046661786,0.058513255748295565
