feature,value,importance,min,max,rule,importance_ratio
la,380,0.31453170784170675,0.0,9967.0,229.98350223552893 < la <= 1199.5431080984263,0.5711450867939991
arexp,3.0,-0.13201756030079706,0.0,863.416666666674,-0.02556803069123248 < arexp <= 97.64182103961909,0.23972521388615492
ld,0,0.032099558318045535,0.0,8658.0,ld <= -1.6019362703947877,0.05828825700089922
asexp,3.0,0.020211860150795475,0.0,1122.0,1.5309165943878895 < asexp <= 23.865449598761593,0.03670187880041625
ndev,6.0,0.017070134207171447,0.0,85.0,4.096578965816638 < ndev <= 10.553100765399932,0.03099694892524717
