feature,value,importance,min,max,rule,importance_ratio
arexp,278.0,0.1487667842157957,0.0,863.416666666674,218.16753521149144 < arexp <= 822.8741356255406,0.3845984609294222
ld,24,0.07837212248620155,0.0,8658.0,14.111432331182087 < ld <= 35.06259046661786,0.20261107240338463
asexp,0.50104884415994,0.06313958395763063,0.0,1122.0,-0.3302944893099209 < asexp <= 1.5309165943878895,0.1632312410450721
la,115,0.05091516599886346,0.0,9967.0,104.87903696289698 < la <= 229.98350223552893,0.13162813583927543
age,178.1,-0.02275040370989307,0.0,1802.57575757576,11.310905131690312 < age <= 252.15332398535617,0.058815348456116336
