feature,value,importance,min,max,rule,importance_ratio
la,3310.0,0.10861159083325782,0.0,9967.0,la > 1199.5431080984263,0.2640492385768193
ent,4.25758288743415,0.08762977927256424,0.0,6.08230385583814,ent > 3.4251727475658535,0.21303966101645658
arexp,217.583333333335,0.05803877839535226,0.0,863.416666666674,218.16753521149144 < arexp <= 822.8741356255406,0.14109999794357891
ndev,2.18965517241379,0.05630973700463998,0.0,85.0,0.9878832845357923 < ndev <= 3.937158674468902,0.13689646810682063
ld,727.0,-0.029680315397674562,0.0,8658.0,35.06259046661786 < ld <= 6168.514134615445,0.07215679856404456
