feature,value,importance,min,max,rule,importance_ratio
arexp,274.5,0.19004428007863924,0.0,863.416666666674,218.16753521149144 < arexp <= 822.8741356255406,0.27315984558067674
la,3603,0.1431081884688014,0.0,9967.0,la > 1199.5431080984263,0.20569632849403502
ld,679,-0.12948568111639186,0.0,8658.0,35.06259046661786 < ld <= 6168.514134615445,0.18611603908324062
ent,4.736863136944192,0.07425976843950684,0.0,6.08230385583814,ent > 3.4251727475658535,0.10673716078904752
asexp,0.0486405325208946,0.06499093552772753,0.0,1122.0,-0.3302944893099209 < asexp <= 1.5309165943878895,0.09341461845392933
