feature,value,importance,min,max,rule,importance_ratio
ndev,27.0,-0.19816674576526028,0.0,85.0,10.553100765399932 < ndev <= 52.00237651581121,0.47766523793293636
ent,1.20169688817019,0.061779744720344545,0.0,6.08230385583814,1.0371568618967764 < ent <= 1.596054196840603,0.148915179221017
arexp,257.75000000000097,0.0614763825677496,0.0,863.416666666674,218.16753521149144 < arexp <= 822.8741356255406,0.14818394879060584
nuc,353.0,-0.04986211314086851,0.0,976.0,255.46934596936424 < nuc <= 470.68410555791735,0.12018867265189391
ld,10.0,0.019232670070951502,0.0,8658.0,3.6358532634641847 < ld <= 14.111432331182087,0.04635882720912706
