feature,value,importance,min,max,rule,importance_ratio
ent,2.0479398178652,0.12424638306091959,0.0,6.08230385583814,1.596054196840603 < ent <= 3.4251727475658535,0.2767478088662038
la,1845.0,0.10839417779706514,0.0,9967.0,la > 1199.5431080984263,0.2414384262959443
nuc,16.875,0.08609287851737388,0.0,976.0,12.104132594966572 < nuc <= 255.46934596936424,0.1917642582559952
ndev,2.875,0.06446702297368188,0.0,85.0,0.9878832845357923 < ndev <= 3.937158674468902,0.1435945812872956
arexp,96.8333333333333,-0.041844182264027446,0.0,863.416666666674,-0.02556803069123248 < arexp <= 97.64182103961909,0.09320420820370845
