feature,value,importance,min,max,rule,importance_ratio
ent,2.6661509023469,0.12350652266725105,0.0,6.08230385583814,1.596054196840603 < ent <= 3.4251727475658535,0.3123055276925537
la,270.0,0.06694613904880004,0.0,9967.0,229.98350223552893 < la <= 1199.5431080984263,0.16928376599949757
arexp,44.0,-0.04652753275665108,0.0,863.416666666674,-0.02556803069123248 < arexp <= 97.64182103961909,0.11765213169305329
ld,116.0,-0.04563479799871209,0.0,8658.0,35.06259046661786 < ld <= 6168.514134615445,0.11539471246007259
age,0.0,0.03702283413347782,0.0,1802.57575757576,age <= -0.10342751540286343,0.09361801709761496
