feature,value,importance,min,max,rule,importance_ratio
ent,1.97051578041269,0.09563319364192698,0.0,6.08230385583814,1.596054196840603 < ent <= 3.4251727475658535,0.3078232567228735
arexp,121.35,0.07365780183095332,0.0,863.416666666674,97.64182103961909 < arexp <= 214.01147610211652,0.23708906478170416
nuc,69.75,0.053807731289988836,0.0,976.0,12.104132594966572 < nuc <= 255.46934596936424,0.17319583767713942
la,211.0,-0.02906643323052151,0.0,9967.0,104.87903696289698 < la <= 229.98350223552893,0.09355877177790335
ld,179.0,-0.025705199175989353,0.0,8658.0,35.06259046661786 < ld <= 6168.514134615445,0.08273966207476044
