feature,value,importance,min,max,rule,importance_ratio
la,1866.0,0.10072622398375371,0.0,9967.0,la > 1199.5431080984263,0.3537256341806846
ent,3.81242851263847,0.08371784886022969,0.0,6.08230385583814,ent > 3.4251727475658535,0.2939964192949773
ndev,0.333333333333333,0.02617944509837481,0.0,85.0,0.03136153644937778 < ndev <= 0.9878832845357923,0.09193574874220103
age,40.0,0.02518651130003474,0.0,1802.57575757576,11.310905131690312 < age <= 252.15332398535617,0.08844881034993163
asexp,96.0,-0.02267526564572223,0.0,1122.0,23.865449598761593 < asexp <= 381.21797766874084,0.07962993551751009
