feature,value,importance,min,max,rule,importance_ratio
la,1866,0.18626571858845917,0.0,9967.0,la > 1199.5431080984263,0.4983699132767888
nuc,0.333333333333333,0.06457008523410736,0.0,976.0,nuc <= 1.2071827423816117,0.17276280370998323
ent,3.81242851263847,-0.03864589624436045,0.0,6.08230385583814,ent > 3.4251727475658535,0.10340041155055046
ld,2,0.02498861496866221,0.0,8658.0,-1.6019362703947877 < ld <= 3.6358532634641847,0.06685918358575973
asexp,96.0,-0.02414715372643776,0.0,1122.0,23.865449598761593 < asexp <= 381.21797766874084,0.06460778182760948
