feature,value,importance,min,max,rule,importance_ratio
ent,2.36665961818363,0.119673335145102,0.0,6.08230385583814,1.596054196840603 < ent <= 3.4251727475658535,0.3063252056833695
la,2088.0,0.0779018073059741,0.0,9967.0,la > 1199.5431080984263,0.1994035439655365
arexp,8.0,-0.06033514661563101,0.0,863.416666666674,-0.02556803069123248 < arexp <= 97.64182103961909,0.1544385486922386
age,11.4545454545455,0.05819670776469699,0.0,1802.57575757576,11.310905131690312 < age <= 252.15332398535617,0.14896483376602362
nuc,48.2727272727273,0.032412552701078165,0.0,976.0,12.104132594966572 < nuc <= 255.46934596936424,0.08296569875688961
