feature,value,importance,min,max,rule,importance_ratio
la,388,0.22141525233161527,0.0,9967.0,229.98350223552893 < la <= 1199.5431080984263,0.3791790804576692
asexp,2.3841857910156202e-07,0.12079137829222775,0.0,1122.0,asexp <= -0.3302944893099209,0.20685821444434208
arexp,10.0,-0.09815613468681882,0.0,863.416666666674,-0.02556803069123248 < arexp <= 97.64182103961909,0.1680948015093571
age,221.27272727272705,0.06248821080023607,0.0,1802.57575757576,11.310905131690312 < age <= 252.15332398535617,0.10701260216342952
nuc,22.1818181818182,-0.03773108689968578,0.0,976.0,12.104132594966572 < nuc <= 255.46934596936424,0.06461541689035859
