feature,value,importance,min,max,rule,importance_ratio
la,335.0,0.10310133338661065,0.0,9967.0,229.98350223552893 < la <= 1199.5431080984263,0.3107709753514189
ent,0.714015280437867,-0.05489428016288526,0.0,6.08230385583814,0.008277677113822879 < ent <= 0.9990502254233335,0.16546390261960814
arexp,12.0,-0.04957276078542979,0.0,863.416666666674,-0.02556803069123248 < arexp <= 97.64182103961909,0.14942362735874445
ndev,1.0,0.04200805511665858,0.0,85.0,0.9878832845357923 < ndev <= 0.9878832845357923,0.12662187609414113
nuc,3.0,-0.04183679757110036,0.0,976.0,1.2071827423816117 < nuc <= 5.747578514292009,0.1261056667230184
