feature,value,importance,min,max,rule,importance_ratio
la,1759,0.22577158420101867,0.0,9967.0,la > 1199.5431080984263,0.3264900870630782
ld,153,-0.16068883420590396,0.0,8658.0,35.06259046661786 < ld <= 6168.514134615445,0.23237340365756007
arexp,14.0,-0.07583002197799972,0.0,863.416666666674,-0.02556803069123248 < arexp <= 97.64182103961909,0.1096583990638471
asexp,10.0,0.06798177226511291,0.0,1122.0,1.5309165943878895 < asexp <= 23.865449598761593,0.0983089826121658
age,26.3157894736842,0.06477015753374316,0.0,1802.57575757576,11.310905131690312 < age <= 252.15332398535617,0.09366464095611231
