commit_id,label,pred,score_or_proba,feature,value_actual,min,max,operator,threshold
,True,True,0.9647208155002583,aexp,562.0,0.0,418.0,<,123.0
,True,True,0.9647208155002583,la,878.0,0.0,8385.0,<,66.5
,True,True,0.9647208155002583,ns,1.0,1.0,6.0,>,1.5
,True,True,0.9647208155002583,age,135.714285714286,0.0,536.25,>,163.81499481201172
