commit_id,label,pred,score_or_proba,feature,value_actual,min,max,operator,threshold
,True,True,0.7652428713653472,nd,6.0,1.0,35.0,<,3.5
,True,True,0.7652428713653472,aexp,151.0,0.0,418.0,<,100.5
,True,True,0.7652428713653472,age,120.285714285714,0.0,536.25,<,107.31000137329102
