feature,value,importance,min,max,rule,importance_ratio
ns,2.0,-0.23536019941453082,1.0,7.0,1.4973267047410423 < ns <= 2.502438908657955,0.3353860892047848
nd,13.0,0.22328237829854825,1.0,40.0,nd > 12.487685654034399,0.3181753067518435
la,1125.0,0.09214061106031071,0.0,9176.0,la > 135.835850879889,0.1312995114608526
age,106.535714285714,0.07476479060564674,0.0,511.03030303030295,84.25039107908812 < age <= 379.6012832253171,0.1065391293592454
aexp,201.0,0.03678940902669631,0.0,726.0,185.59410590604568 < aexp <= 289.08422191465564,0.05242456476631074
