feature,value,importance,min,max,rule,importance_ratio
ns,1.0,0.31559963565118476,1.0,7.0,ns <= 1.4973267047410423,0.6616135797318259
nd,4.0,0.09156024889696711,1.0,40.0,3.5069244908215746 < nd <= 5.487575744339811,0.19194415072396476
nuc,579.0,-0.023971294394813533,0.0,2086.0,113.47699669467761 < nuc <= 1752.541484763698,0.050252700268915845
la,115.0,-0.020115918883508253,0.0,9176.0,92.55999249877996 < la <= 135.835850879889,0.042170407055927686
ld,112.0,-0.01344900956700273,0.0,8304.0,29.490716012837936 < ld <= 4621.051880819136,0.02819409897325351
