feature,value,importance,min,max,rule,importance_ratio
ns,1.0,0.3222444359553617,1.0,7.0,ns <= 1.4973267047410423,0.5170719103320478
nd,2.0,-0.16793319478874894,1.0,40.0,1.4991410283510338 < nd <= 2.5030327595863042,0.2694648166077591
aexp,357.0,0.07475964955095556,0.0,726.0,315.32115273373984 < aexp <= 398.4047669941732,0.11995898298278695
nuc,69.0,0.02126131774091185,0.0,2086.0,11.446877959457481 < nuc <= 113.47699669467761,0.0341158107133084
la,107.0,-0.021056022333655236,0.0,9176.0,92.55999249877996 < la <= 135.835850879889,0.033786394665835426
