feature,value,importance,min,max,rule,importance_ratio
ns,1,0.4152128898986189,1.0,7.0,ns <= 1.4973267047410423,0.48152476912393755
nd,1,-0.27912317308958423,1.0,40.0,nd <= 1.4991410283510338,0.3237007442421165
la,496,0.07426003929516833,0.0,9176.0,la > 135.835850879889,0.08611979335581654
aexp,258,0.040378518001816216,0.0,726.0,185.59410590604568 < aexp <= 289.08422191465564,0.04682719884524467
nuc,9.0,0.03887881673586667,0.0,2086.0,1.5729955012103574 < nuc <= 11.446877959457481,0.04508798668827731
