feature,value,importance,min,max,rule,importance_ratio
ns,1.0,0.31875214961795567,1.0,7.0,ns <= 1.4973267047410423,0.526321324741051
la,893.0,0.08844335952027259,0.0,9176.0,la > 135.835850879889,0.14603705795569236
age,290.941176470588,0.07418654184756578,0.0,511.03030303030295,84.25039107908812 < age <= 379.6012832253171,0.12249630011897097
aexp,47.0,-0.0615213228484035,0.0,726.0,6.308411975636886 < aexp <= 54.40945181062462,0.10158357890355578
nd,3.0,-0.03568743189346413,1.0,40.0,2.5030327595863042 < nd <= 3.5069244908215746,0.05892683846457738
