feature,value,importance,min,max,rule,importance_ratio
ns,1.0,0.31833632376451954,1.0,7.0,ns <= 1.4973267047410423,0.5245817908763791
nd,1.0,-0.2111128216122797,1.0,40.0,nd <= 1.4991410283510338,0.34788974355391655
la,7.0,-0.0456467883346451,0.0,9176.0,6.00827573656187 < la <= 12.190541219577483,0.07522067758141272
nuc,30.0,0.016059519407222615,0.0,2086.0,11.446877959457481 < nuc <= 113.47699669467761,0.026464248099712994
aexp,103.0,-0.010663991914835446,0.0,726.0,54.40945181062462 < aexp <= 149.15392421287316,0.017573036939113846
