feature,value,importance,min,max,rule,importance_ratio
ns,2.0,-0.23536772645788462,1.0,7.0,1.4973267047410423 < ns <= 2.502438908657955,0.47578020484842637
la,1108.0,0.09193063225265392,0.0,9176.0,la > 135.835850879889,0.18583165883976624
age,153.0,0.0770490281927651,0.0,511.03030303030295,84.25039107908812 < age <= 379.6012832253171,0.1557494860005176
nd,3.0,-0.038199266081348174,1.0,40.0,2.5030327595863042 < nd <= 3.5069244908215746,0.07721727576994467
aexp,242.0,0.03576101729565637,0.0,726.0,185.59410590604568 < aexp <= 289.08422191465564,0.07228851801633884
