feature,value,importance,min,max,rule,importance_ratio
ns,2.0,-0.23971064275998932,1.0,7.0,1.4973267047410423 < ns <= 2.502438908657955,0.36863355140270326
nd,2.0,-0.17490921737234036,1.0,40.0,1.4991410283510338 < nd <= 2.5030327595863042,0.2689801555352356
la,617.0,0.08926184902028463,0.0,9176.0,la > 135.835850879889,0.1372693011468228
age,132.571428571429,0.07500696742135379,0.0,511.03030303030295,84.25039107908812 < age <= 379.6012832253171,0.11534775620357084
aexp,269.0,0.04601377058006458,0.0,726.0,185.59410590604568 < aexp <= 289.08422191465564,0.07076122890105419
