feature,value,importance,min,max,rule,importance_ratio
ns,1.0,0.3224761594171753,1.0,7.0,ns <= 1.4973267047410423,0.5023295324394712
nd,2.0,-0.16656803622745806,1.0,40.0,1.4991410283510338 < nd <= 2.5030327595863042,0.2594673786388548
aexp,391.0,0.0781028311792612,0.0,726.0,315.32115273373984 < aexp <= 398.4047669941732,0.12166281916587364
la,46.0,-0.05216165833322942,0.0,9176.0,36.91960315163976 < la <= 92.55999249877996,0.08125357697497755
nuc,107.5,0.020944241965685395,0.0,2086.0,11.446877959457481 < nuc <= 113.47699669467761,0.03262539250323739
