feature,value,importance,min,max,rule,importance_ratio
ns,1,0.41827327799772374,1.0,7.0,ns <= 1.4973267047410423,0.5370404181223788
nd,2,-0.2387167049155174,1.0,40.0,1.4991410283510338 < nd <= 2.5030327595863042,0.30649942457314633
aexp,224,0.048240383765785426,0.0,726.0,185.59410590604568 < aexp <= 289.08422191465564,0.061938061145045
nuc,108.5,0.043729946145167925,0.0,2086.0,11.446877959457481 < nuc <= 113.47699669467761,0.05614690155367251
la,116,-0.01527308068535155,0.0,9176.0,92.55999249877996 < la <= 135.835850879889,0.019609815086783194
