feature,value,importance,min,max,rule,importance_ratio
ns,1.0,0.3147634308820101,1.0,7.0,ns <= 1.4973267047410423,0.546611783386739
nd,5.0,0.08930847613185938,1.0,40.0,3.5069244908215746 < nd <= 5.487575744339811,0.15509128640895667
la,666.0,0.08600245855703122,0.0,9176.0,la > 135.835850879889,0.14935012341101578
aexp,20.0,-0.060237739805892046,0.0,726.0,6.308411975636886 < aexp <= 54.40945181062462,0.10460763593223017
nuc,34.9,0.015000810108656197,0.0,2086.0,11.446877959457481 < nuc <= 113.47699669467761,0.026050102271289687
