feature,value,importance,min,max,rule,importance_ratio
ns,1.0,0.3179757171350033,1.0,7.0,ns <= 1.4973267047410423,0.6038128710103408
nd,4.0,0.09119309224259323,1.0,40.0,3.5069244908215746 < nd <= 5.487575744339811,0.1731690813985417
aexp,35.0,-0.05991994346762731,0.0,726.0,6.308411975636886 < aexp <= 54.40945181062462,0.1137836354988208
nuc,209.5,-0.024250820434094048,0.0,2086.0,113.47699669467761 < nuc <= 1752.541484763698,0.046050552673019336
la,94.0,-0.021743360468852082,0.0,9176.0,92.55999249877996 < la <= 135.835850879889,0.041289067694864776
