feature,value,importance,min,max,rule,importance_ratio
ns,1,0.41510330681970775,1.0,7.0,ns <= 1.4973267047410423,0.5097939343900472
nd,1,-0.27774973825980964,1.0,40.0,nd <= 1.4991410283510338,0.34110817600586674
aexp,297,0.046494498012404344,0.0,726.0,289.08422191465564 < aexp <= 315.32115273373984,0.057100516136164195
nuc,37.5,0.03903132308712221,0.0,2086.0,11.446877959457481 < nuc <= 113.47699669467761,0.0479348909876919
la,124,-0.019698276358909087,0.0,9176.0,92.55999249877996 < la <= 135.835850879889,0.024191717196009467
