feature,value,importance,min,max,rule,importance_ratio
ns,1.0,0.31839417844457213,1.0,7.0,ns <= 1.4973267047410423,0.4839848140679485
nd,1.0,-0.20896022727894106,1.0,40.0,nd <= 1.4991410283510338,0.3176363878298751
la,24.0,-0.06237677236438809,0.0,9176.0,12.190541219577483 < la <= 24.555072185608623,0.09481772161293667
aexp,299.0,0.035200069987207434,0.0,726.0,289.08422191465564 < aexp <= 315.32115273373984,0.05350694353509715
nuc,84.0,0.017497058542296058,0.0,2086.0,11.446877959457481 < nuc <= 113.47699669467761,0.026596939261574408
