feature,value,importance,min,max,rule,importance_ratio
ns,2,-0.34678136696895473,1.0,7.0,1.4973267047410423 < ns <= 2.502438908657955,0.35659393090253766
nd,8,0.34391436424722066,1.0,40.0,5.487575744339811 < nd <= 12.487685654034399,0.35364580315453514
age,192.333333333333,0.08151736096725731,0.0,511.03030303030295,84.25039107908812 < age <= 379.6012832253171,0.0838239852336637
aexp,12,-0.0717807380422039,0.0,726.0,6.308411975636886 < aexp <= 54.40945181062462,0.07381185374889628
la,432,0.07062294229520376,0.0,9176.0,la > 135.835850879889,0.07262129688532067
