feature,value,importance,min,max,rule,importance_ratio
ns,1.0,0.31906005019359396,1.0,7.0,ns <= 1.4973267047410423,0.5220358875196374
la,374.0,0.08832349707781305,0.0,9176.0,la > 135.835850879889,0.14451209155730266
age,133.142857142857,0.07421369701434898,0.0,511.03030303030295,84.25039107908812 < age <= 379.6012832253171,0.12142608629156729
aexp,44.0,-0.06167830988140353,0.0,726.0,6.308411975636886 < aexp <= 54.40945181062462,0.10091608529526955
nd,3.0,-0.03618200822127986,1.0,40.0,2.5030327595863042 < nd <= 3.5069244908215746,0.05919984893933889
