feature,value,importance,min,max,rule,importance_ratio
ns,1.0,0.3184871699195183,1.0,7.0,ns <= 1.4973267047410423,0.412979151708894
nd,1.0,-0.21152955400746154,1.0,40.0,nd <= 1.4991410283510338,0.27428827289161234
aexp,441.0,0.11944460366468196,0.0,726.0,aexp > 398.4047669941732,0.15488263188156254
age,154.0,0.07291481027240608,0.0,511.03030303030295,84.25039107908812 < age <= 379.6012832253171,0.09454791067697511
nuc,347.0,-0.023081799106308674,0.0,2086.0,113.47699669467761 < nuc <= 1752.541484763698,0.029929939775116456
