feature,value,importance,min,max,rule,importance_ratio
ns,1.0,0.3177419961918188,1.0,7.0,ns <= 1.4973267047410423,0.5608736454607681
aexp,323.0,0.07675517440209934,0.0,726.0,315.32115273373984 < aexp <= 398.4047669941732,0.13548714048140337
age,88.0,0.07292856771523366,0.0,511.03030303030295,84.25039107908812 < age <= 379.6012832253171,0.1287324688675471
la,4.0,-0.04019901596143912,0.0,9176.0,-0.17398974645368526 < la <= 6.00827573656187,0.07095873034238995
nd,3.0,-0.03737166016770728,1.0,40.0,2.5030327595863042 < nd <= 3.5069244908215746,0.06596792217082023
