feature,value,importance,min,max,rule,importance_ratio
ns,1,0.41566667617168435,1.0,7.0,ns <= 1.4973267047410423,0.4430992132042848
nd,1,-0.2812901396074169,1.0,40.0,nd <= 1.4991410283510338,0.2998542983770235
age,103.5,0.08472726823856523,0.0,511.03030303030295,84.25039107908812 < age <= 379.6012832253171,0.09031896961100218
la,496,0.07578837303598562,0.0,9176.0,la > 135.835850879889,0.08079013879959832
nuc,182.25,-0.04972491553537493,0.0,2086.0,113.47699669467761 < nuc <= 1752.541484763698,0.05300658487541048
