feature,value,importance,min,max,rule,importance_ratio
ns,1,0.41601110061324514,1.0,7.0,ns <= 1.4973267047410423,0.4783669015851162
nd,1,-0.27877251767617534,1.0,40.0,nd <= 1.4991410283510338,0.3205576613971445
nuc,299.66666666666697,-0.053279636510434825,0.0,2086.0,113.47699669467761 < nuc <= 1752.541484763698,0.06126570804843198
la,83,-0.05014624299513995,0.0,9176.0,36.91960315163976 < la <= 92.55999249877996,0.05766265095416467
aexp,280,0.038458923447211316,0.0,726.0,185.59410590604568 < aexp <= 289.08422191465564,0.04422352197001905
