feature,value,importance,min,max,rule,importance_ratio
ns,1,0.42025422866154677,1.0,7.0,ns <= 1.4973267047410423,0.42357010241445275
nd,2,-0.2356735848674927,1.0,40.0,1.4991410283510338 < nd <= 2.5030327595863042,0.23753308752331187
age,384.0,0.14285001500800448,0.0,511.03030303030295,age > 379.6012832253171,0.1439771247027144
aexp,35,-0.07907353468171756,0.0,726.0,6.308411975636886 < aexp <= 54.40945181062462,0.07969743764406412
la,234,0.07064974908071954,0.0,9176.0,la > 135.835850879889,0.07120718701387789
