feature,value,importance,min,max,rule,importance_ratio
ns,2.0,-0.23744200492943746,1.0,7.0,1.4973267047410423 < ns <= 2.502438908657955,0.4713652027814312
aexp,490.0,0.11857405434259402,0.0,726.0,aexp > 398.4047669941732,0.23539088286599943
nd,5.0,0.0971217286314917,1.0,40.0,3.5069244908215746 < nd <= 5.487575744339811,0.19280414737262247
age,8.142857142857139,-0.01645561861000667,0.0,511.03030303030295,2.8241255444833797 < age <= 9.569496653858916,0.03266737073461277
nuc,5.71428571428571,0.015873135955623622,0.0,2086.0,1.5729955012103574 < nuc <= 11.446877959457481,0.03151103761410393
