feature,value,importance,min,max,rule,importance_ratio
ns,1,0.4153614487496681,1.0,7.0,ns <= 1.4973267047410423,0.5163544312326781
aexp,491,0.16471071938304474,0.0,726.0,aexp > 398.4047669941732,0.20475927672386152
nd,5,0.10789502328752228,1.0,40.0,3.5069244908215746 < nd <= 5.487575744339811,0.13412913873006527
la,871,0.07197391785500382,0.0,9176.0,la > 135.835850879889,0.08947400277392183
nuc,23.6875,0.03614405081336631,0.0,2086.0,11.446877959457481 < nuc <= 113.47699669467761,0.04493228935030213
