feature,value,importance,min,max,rule,importance_ratio
ns,1.0,0.3124165189237399,1.0,7.0,ns <= 1.4973267047410423,0.5735036279801512
nd,4.0,0.08995341229117655,1.0,40.0,3.5069244908215746 < nd <= 5.487575744339811,0.1651276586651192
la,669.0,0.08506553703744871,0.0,9176.0,la > 135.835850879889,0.15615497629613226
age,8.1,-0.017785734951212155,0.0,511.03030303030295,2.8241255444833797 < age <= 9.569496653858916,0.03264930918490705
nuc,27.8,0.016095849365632013,0.0,2086.0,11.446877959457481 < nuc <= 113.47699669467761,0.029547182839154692
