feature,value,importance,min,max,rule,importance_ratio
ns,2.0,-0.22998537695038856,1.0,7.0,1.4973267047410423 < ns <= 2.502438908657955,0.30702274492358483
nd,7.0,0.21277807217466557,1.0,40.0,5.487575744339811 < nd <= 12.487685654034399,0.2840515716471255
aexp,515.0,0.11045291251424179,0.0,726.0,aexp > 398.4047669941732,0.14745092420481298
la,405.0,0.08786953330995739,0.0,9176.0,la > 135.835850879889,0.11730287233782283
age,177.2,0.07103139340344776,0.0,511.03030303030295,84.25039107908812 < age <= 379.6012832253171,0.09482452174851938
