feature,value,importance,min,max,rule,importance_ratio
ns,1.0,0.3162440475400987,1.0,7.0,ns <= 1.4973267047410423,0.44235454115515727
nd,7.0,0.2046382123486514,1.0,40.0,5.487575744339811 < nd <= 12.487685654034399,0.2862429924940211
aexp,433.0,0.11095581277673501,0.0,726.0,aexp > 398.4047669941732,0.1552023129957149
la,78.0,-0.05123480620344764,0.0,9176.0,36.91960315163976 < la <= 92.55999249877996,0.07166601036633194
nuc,134.5,-0.024959579428476722,0.0,2086.0,113.47699669467761 < nuc <= 1752.541484763698,0.03491285730558948
