feature,value,importance,min,max,rule,importance_ratio
ns,1,0.41734554446450767,1.0,7.0,ns <= 1.4973267047410423,0.5156902355119185
nd,2,-0.23811110396829446,1.0,40.0,1.4991410283510338 < nd <= 2.5030327595863042,0.2942203958136547
la,184,0.07041706101684957,0.0,9176.0,la > 135.835850879889,0.08701037128940642
nuc,130.0,-0.05275252519903932,0.0,2086.0,113.47699669467761 < nuc <= 1752.541484763698,0.0651833055475557
aexp,77,-0.021077727814577053,0.0,726.0,54.40945181062462 < aexp <= 149.15392421287316,0.02604455364367676
