feature,value,importance,min,max,rule,importance_ratio
ns,2,-0.34391250437183946,1.0,7.0,1.4973267047410423 < ns <= 2.502438908657955,0.3278434696347126
nd,10,0.34088797837808754,1.0,40.0,5.487575744339811 < nd <= 12.487685654034399,0.32496026218169166
aexp,535,0.15563517051147988,0.0,726.0,aexp > 398.4047669941732,0.14836324253713778
age,373.125,0.07946436718442108,0.0,511.03030303030295,84.25039107908812 < age <= 379.6012832253171,0.07575145863815416
la,386,0.06987870165313981,0.0,9176.0,la > 135.835850879889,0.06661367560734195
