feature,value,importance,min,max,rule,importance_ratio
ns,1,0.4138342718967259,1.0,7.0,ns <= 1.4973267047410423,0.40381455518640386
nd,8,0.32838667042817066,1.0,40.0,5.487575744339811 < nd <= 12.487685654034399,0.3204358030578692
aexp,541,0.1560330311182654,0.0,726.0,aexp > 398.4047669941732,0.1522551739531439
la,212,0.06936837846892274,0.0,9176.0,la > 135.835850879889,0.06768883777325396
nuc,30.12,0.04363178877717869,0.0,2086.0,11.446877959457481 < nuc <= 113.47699669467761,0.0425753799855428
