feature,value,importance,min,max,rule,importance_ratio
ns,2.0,-0.23384968536621678,1.0,7.0,1.4973267047410423 < ns <= 2.502438908657955,0.5034676504383112
nd,4.0,0.09567276717551247,1.0,40.0,3.5069244908215746 < nd <= 5.487575744339811,0.20597908107233007
la,164.0,0.08962652206528807,0.0,9176.0,la > 135.835850879889,0.19296179257415802
ld,81.0,-0.01607973510041558,0.0,8304.0,29.490716012837936 < ld <= 4621.051880819136,0.03461893240522706
nuc,31.6,0.015537509868999952,0.0,2086.0,11.446877959457481 < nuc <= 113.47699669467761,0.033451546343357105
