feature,value,importance,min,max,rule,importance_ratio
ns,1.0,0.31855499307665885,1.0,7.0,ns <= 1.4973267047410423,0.5425330342998025
nd,1.0,-0.21139729746230304,1.0,40.0,nd <= 1.4991410283510338,0.36003208151693156
la,30.0,-0.024606850095064626,0.0,9176.0,24.555072185608623 < la <= 36.91960315163976,0.04190808286412001
nuc,27.5,0.0166118222071782,0.0,2086.0,11.446877959457481 < nuc <= 113.47699669467761,0.028291700030394506
aexp,78.0,-0.011530988440962769,0.0,726.0,54.40945181062462 < aexp <= 149.15392421287316,0.019638499735730133
