feature,value,importance,min,max,rule,importance_ratio
ns,1.0,0.32043686601601906,1.0,7.0,ns <= 1.4973267047410423,0.45033483937812
nd,2.0,-0.16474352971645073,1.0,40.0,1.4991410283510338 < nd <= 2.5030327595863042,0.23152688988580217
la,139.0,0.08575464950116053,0.0,9176.0,la > 135.835850879889,0.12051767572555629
age,119.333333333333,0.07221851760895714,0.0,511.03030303030295,84.25039107908812 < age <= 379.6012832253171,0.10149429724459297
aexp,308.0,0.041949800385920596,0.0,726.0,289.08422191465564 < aexp <= 315.32115273373984,0.058955315765051024
