feature,value,importance,min,max,rule,importance_ratio
ns,1.0,0.31760429662298795,1.0,7.0,ns <= 1.4973267047410423,0.4350253732015095
nd,1.0,-0.21247459859786835,1.0,40.0,nd <= 1.4991410283510338,0.2910283095464536
aexp,554.0,0.11937222435009961,0.0,726.0,aexp > 398.4047669941732,0.16350517609476747
ld,0.0,0.025019860946732787,0.0,8304.0,ld <= 1.9137720800673748,0.03426992160223348
la,28.0,-0.02203141682434219,0.0,9176.0,24.555072185608623 < la <= 36.91960315163976,0.03017662364166448
