feature,value,importance,min,max,rule,importance_ratio
ns,1,0.41435772856623015,1.0,7.0,ns <= 1.4973267047410423,0.5670535906899641
nd,5,0.10983223509012072,1.0,40.0,3.5069244908215746 < nd <= 5.487575744339811,0.15030674942847694
aexp,1,-0.08553920317851033,0.0,726.0,aexp <= 6.308411975636886,0.1170614398215084
la,5675,0.07155332331753593,0.0,9176.0,la > 135.835850879889,0.097921593144662
nuc,29.1904761904762,0.03793180089162665,0.0,2086.0,11.446877959457481 < nuc <= 113.47699669467761,0.051910130821888736
