feature,value,importance,min,max,rule,importance_ratio
ns,1.0,0.31228853973996534,1.0,7.0,ns <= 1.4973267047410423,0.4899716660826509
nd,8.0,0.20343217424885174,1.0,40.0,5.487575744339811 < nd <= 12.487685654034399,0.3191791842074118
la,242.0,0.08379452712788389,0.0,9176.0,la > 135.835850879889,0.13147118398787297
nuc,94.6,0.019208054110368952,0.0,2086.0,11.446877959457481 < nuc <= 113.47699669467761,0.030136880086921603
aexp,93.0,-0.012760877470120769,0.0,726.0,54.40945181062462 < aexp <= 149.15392421287316,0.020021446832208148
