feature,value,importance,min,max,rule,importance_ratio
ns,1.0,0.31989459350876637,1.0,7.0,ns <= 1.4973267047410423,0.6153188738058811
age,330.0,0.07483443226242943,0.0,511.03030303030295,84.25039107908812 < age <= 379.6012832253171,0.14394441017759402
la,56.0,-0.05616094445394174,0.0,9176.0,36.91960315163976 < la <= 92.55999249877996,0.1080258616259705
nd,3.0,-0.035914396385627434,1.0,40.0,2.5030327595863042 < nd <= 3.5069244908215746,0.06908152368263355
nuc,16.6666666666667,0.017139586977244763,0.0,2086.0,11.446877959457481 < nuc <= 113.47699669467761,0.03296808251949148
