feature,value,importance,min,max,rule,importance_ratio
ns,1,0.41838890939727985,1.0,7.0,ns <= 1.4973267047410423,0.4576585959317673
nd,2,-0.23826436353872507,1.0,40.0,1.4991410283510338 < nd <= 2.5030327595863042,0.26062768784859675
age,510.0,0.13555745682432294,0.0,511.03030303030295,age > 379.6012832253171,0.14828078365574415
nuc,54.0,0.044882028534242314,0.0,2086.0,11.446877959457481 < nuc <= 113.47699669467761,0.04909462392571823
la,46,-0.04474998719548998,0.0,9176.0,36.91960315163976 < la <= 92.55999249877996,0.04895018928048493
