feature,value,importance,min,max,rule,importance_ratio
ns,2.0,-0.23308108072501912,1.0,7.0,1.4973267047410423 < ns <= 2.502438908657955,0.4082656332450325
aexp,572.0,0.11722912976541304,0.0,726.0,aexp > 398.4047669941732,0.20533895222025647
nd,4.0,0.09363229161352257,1.0,40.0,3.5069244908215746 < nd <= 5.487575744339811,0.16400664828252204
la,150.0,0.08951095198845001,0.0,9176.0,la > 135.835850879889,0.15678769543309207
nuc,249.75,-0.021156149745741676,0.0,2086.0,113.47699669467761 < nuc <= 1752.541484763698,0.037057185620148966
