feature,value,importance,min,max,rule,importance_ratio
ns,1.0,0.3147062573963552,1.0,7.0,ns <= 1.4973267047410423,0.5288670851784497
nd,7.0,0.20882655948154888,1.0,40.0,5.487575744339811 < nd <= 12.487685654034399,0.35093516962313187
la,117.0,-0.02536598753191796,0.0,9176.0,92.55999249877996 < la <= 135.835850879889,0.04262780155585721
nuc,91.53846153846148,0.021425753263267566,0.0,2086.0,11.446877959457481 < nuc <= 113.47699669467761,0.036006197556554244
aexp,97.0,-0.013709019804352726,0.0,726.0,54.40945181062462 < aexp <= 149.15392421287316,0.023038148032278803
