feature,value,importance,min,max,rule,importance_ratio
ns,2.0,-0.23025344657303193,1.0,7.0,1.4973267047410423 < ns <= 2.502438908657955,0.34006196433443103
nd,7.0,0.21241309195745037,1.0,40.0,5.487575744339811 < nd <= 12.487685654034399,0.3137134943102344
aexp,573.0,0.11028150493041002,0.0,726.0,aexp > 398.4047669941732,0.1628750655182805
la,331.0,0.08806747239835827,0.0,9176.0,la > 135.835850879889,0.13006709824973214
nuc,26.785714285714302,0.01945956012982673,0.0,2086.0,11.446877959457481 < nuc <= 113.47699669467761,0.028739879212769673
