feature,value,importance,min,max,rule,importance_ratio
ns,1,0.41568045398267367,1.0,7.0,ns <= 1.4973267047410423,0.4362204689665557
nd,1,-0.2795699759454884,1.0,40.0,nd <= 1.4991410283510338,0.2933843649549923
aexp,592,0.1693423774023887,0.0,726.0,aexp > 398.4047669941732,0.17771009095717674
nuc,10.0,0.0393989132515536,0.0,2086.0,1.5729955012103574 < nuc <= 11.446877959457481,0.04134573144033788
age,5.0,-0.01911935505048649,0.0,511.03030303030295,2.8241255444833797 < age <= 9.569496653858916,0.020064099590328437
