feature,value,importance,min,max,rule,importance_ratio
ns,1.0,0.31097723728582266,1.0,7.0,ns <= 1.4973267047410423,0.39536571767691076
nd,6.0,0.20132457385825778,1.0,40.0,5.487575744339811 < nd <= 12.487685654034399,0.2559571090288836
aexp,496.0,0.10716929686683524,0.0,726.0,aexp > 398.4047669941732,0.13625134218342322
la,503.0,0.08291197526790352,0.0,9176.0,la > 135.835850879889,0.10541142140148341
age,422.4210526315789,0.05090599606634784,0.0,511.03030303030295,age > 379.6012832253171,0.06472012499850956
