feature,value,importance,min,max,rule,importance_ratio
ns,1,0.41675540761089475,1.0,7.0,ns <= 1.4973267047410423,0.4594635731955433
nd,1,-0.27836677757504813,1.0,40.0,nd <= 1.4991410283510338,0.30689318470217525
age,194.5,0.08460414792722942,0.0,511.03030303030295,84.25039107908812 < age <= 379.6012832253171,0.09327419249734757
la,1,-0.06543656542636678,0.0,9176.0,la <= -0.17398974645368526,0.07214235884975823
nuc,28.5,0.03893913150780904,0.0,2086.0,11.446877959457481 < nuc <= 113.47699669467761,0.042929526943086986
