feature,value,importance,min,max,rule,importance_ratio
ns,1.0,0.31802886708057876,1.0,7.0,ns <= 1.4973267047410423,0.3953905814975208
nd,1.0,-0.20791577149958898,1.0,40.0,nd <= 1.4991410283510338,0.258492062529969
aexp,500.0,0.11973716300329738,0.0,726.0,aexp > 398.4047669941732,0.14886367687730037
age,190.5,0.07424732386432494,0.0,511.03030303030295,84.25039107908812 < age <= 379.6012832253171,0.09230826379641853
la,50.0,-0.05645192721087838,0.0,9176.0,36.91960315163976 < la <= 92.55999249877996,0.07018407018036378
