feature,value,importance,min,max,rule,importance_ratio
ns,1.0,0.31997762712844646,1.0,7.0,ns <= 1.4973267047410423,0.5216106753822894
nd,2.0,-0.16464523255570027,1.0,40.0,1.4991410283510338 < nd <= 2.5030327595863042,0.26839598668996445
la,173.0,0.08545031797294636,0.0,9176.0,la > 135.835850879889,0.13929660792067747
ld,28.0,0.014651560307532839,0.0,8304.0,15.702244046452648 < ld <= 29.490716012837936,0.02388420195499702
aexp,100.0,-0.01370105397797897,0.0,726.0,54.40945181062462 < aexp <= 149.15392421287316,0.02233473659717464
