feature,value,importance,min,max,rule,importance_ratio
ns,2.0,-0.23414183340614822,1.0,7.0,1.4973267047410423 < ns <= 2.502438908657955,0.3315571874879058
nd,11.0,0.21547873255253344,1.0,40.0,5.487575744339811 < nd <= 12.487685654034399,0.3051292521684877
la,425.0,0.08901516198637745,0.0,9176.0,la > 135.835850879889,0.12605016507574962
age,138.620689655172,0.07329418026019291,0.0,511.03030303030295,84.25039107908812 < age <= 379.6012832253171,0.10378842564262175
aexp,21.0,-0.05835157524817957,0.0,726.0,6.308411975636886 < aexp <= 54.40945181062462,0.08262890869747198
