feature,value,importance,min,max,rule,importance_ratio
ns,2.0,-0.23233339319562835,1.0,7.0,1.4973267047410423 < ns <= 2.502438908657955,0.39183009435015376
nd,8.0,0.21693397607337717,1.0,40.0,5.487575744339811 < nd <= 12.487685654034399,0.3658589888583643
la,925.0,0.08865693379176515,0.0,9176.0,la > 135.835850879889,0.1495198527194597
nuc,21.2352941176471,0.01996449237255577,0.0,2086.0,11.446877959457481 < nuc <= 113.47699669467761,0.03367010149679442
ld,391.0,-0.017826593338036285,0.0,8304.0,29.490716012837936 < ld <= 4621.051880819136,0.030064536369522672
