feature,value,importance,min,max,rule,importance_ratio
ns,2.0,-0.23650233498863368,1.0,7.0,1.4973267047410423 < ns <= 2.502438908657955,0.463430106116435
nd,4.0,0.09404830333068327,1.0,40.0,3.5069244908215746 < nd <= 5.487575744339811,0.18428915382465
la,174.0,0.08963684740729894,0.0,9176.0,la > 135.835850879889,0.1756448354216193
aexp,30.0,-0.06114957148883482,0.0,726.0,6.308411975636886 < aexp <= 54.40945181062462,0.11982356286421951
nuc,5.0,0.014542801665971133,0.0,2086.0,1.5729955012103574 < nuc <= 11.446877959457481,0.02849685234446068
