feature,value,importance,min,max,rule,importance_ratio
ns,2,-0.3493998653384345,1.0,7.0,1.4973267047410423 < ns <= 2.502438908657955,0.507824266984707
nd,5,0.10974308124525566,1.0,40.0,3.5069244908215746 < nd <= 5.487575744339811,0.1595026367169143
age,164.461538461538,0.08804418594793856,0.0,511.03030303030295,84.25039107908812 < age <= 379.6012832253171,0.1279650584523533
la,531,0.07236389763461365,0.0,9176.0,la > 135.835850879889,0.10517503559098165
nuc,76.23076923076921,0.036939679055853984,0.0,2086.0,11.446877959457481 < nuc <= 113.47699669467761,0.05368881702635813
