feature,value,importance,min,max,rule,importance_ratio
ns,1.0,0.3145321668661216,1.0,7.0,ns <= 1.4973267047410423,0.45126510695360006
nd,9.0,0.20422495060619847,1.0,40.0,5.487575744339811 < nd <= 12.487685654034399,0.2930053072032118
la,249.0,0.08470277523586811,0.0,9176.0,la > 135.835850879889,0.12152463548299113
aexp,54.0,-0.05847776675649624,0.0,726.0,6.308411975636886 < aexp <= 54.40945181062462,0.08389913163002573
nuc,92.5789473684211,0.019463676858831117,0.0,2086.0,11.446877959457481 < nuc <= 113.47699669467761,0.027924896543727033
