feature,value,importance,min,max,rule,importance_ratio
ns,3,-0.5556424513193358,1.0,7.0,2.502438908657955 < ns <= 5.49780640377458,0.4635878409885623
nd,12,0.3317691582213209,1.0,40.0,5.487575744339811 < nd <= 12.487685654034399,0.27680417038190164
aexp,334,0.10710439932150588,0.0,726.0,315.32115273373984 < aexp <= 398.4047669941732,0.08936015800077496
la,587,0.0743196279560721,0.0,9176.0,la > 135.835850879889,0.06200691791172672
age,254.0,0.0695351284031272,0.0,511.03030303030295,84.25039107908812 < age <= 379.6012832253171,0.05801507781258763
