feature,value,importance,min,max,rule,importance_ratio
ns,1,0.42146662166999305,1.0,7.0,ns <= 1.4973267047410423,0.4529735157923293
nd,2,-0.23725053986399217,1.0,40.0,1.4991410283510338 < nd <= 2.5030327595863042,0.2549862922477594
age,371.25,0.08449641977363362,0.0,511.03030303030295,84.25039107908812 < age <= 379.6012832253171,0.09081298107325858
aexp,39,-0.07923852834962972,0.0,726.0,6.308411975636886 < aexp <= 54.40945181062462,0.08516203401949585
la,85,-0.04878564895405279,0.0,9176.0,36.91960315163976 < la <= 92.55999249877996,0.0524326382937883
