feature,value,importance,min,max,rule,importance_ratio
ns,1.0,0.32244973517810266,1.0,7.0,ns <= 1.4973267047410423,0.559974503832169
age,234.5,0.07598282634726124,0.0,511.03030303030295,84.25039107908812 < age <= 379.6012832253171,0.13195373058710114
aexp,9.0,-0.06284612420193451,0.0,726.0,6.308411975636886 < aexp <= 54.40945181062462,0.10914019575272713
la,90.0,-0.058170785789554084,0.0,9176.0,36.91960315163976 < la <= 92.55999249877996,0.10102088281152052
nd,3.0,-0.035302885611454254,1.0,40.0,2.5030327595863042 < nd <= 3.5069244908215746,0.06130789917752239
