feature,value,importance,min,max,rule,importance_ratio
ns,2.0,-0.23070974040660264,1.0,7.0,1.4973267047410423 < ns <= 2.502438908657955,0.32449100252537144
nd,8.0,0.21331531283393687,1.0,40.0,5.487575744339811 < nd <= 12.487685654034399,0.3000259095845112
la,1510.0,0.08783053420892695,0.0,9176.0,la > 135.835850879889,0.12353279080269813
aexp,352.0,0.0781767290587532,0.0,726.0,315.32115273373984 < aexp <= 398.4047669941732,0.10995480789723593
age,141.2,0.07197356506161286,0.0,511.03030303030295,84.25039107908812 < age <= 379.6012832253171,0.1012301181606263
