feature,value,importance,min,max,rule,importance_ratio
ns,1.0,0.3192441385226632,1.0,7.0,ns <= 1.4973267047410423,0.4955649688636302
nd,1.0,-0.21174444007736976,1.0,40.0,nd <= 1.4991410283510338,0.3286924149636011
la,93.0,-0.05534419147849678,0.0,9176.0,36.91960315163976 < la <= 92.55999249877996,0.08591118588345521
ld,0.0,0.023977108614730392,0.0,8304.0,ld <= 1.9137720800673748,0.037219837892983665
nuc,5.0,0.021593049691228643,0.0,2086.0,1.5729955012103574 < nuc <= 11.446877959457481,0.0335190461050388
