feature,value,importance,min,max,rule,importance_ratio
ns,1.0,0.32214731535547275,1.0,7.0,ns <= 1.4973267047410423,0.5200070058979301
nd,2.0,-0.1674749464680057,1.0,40.0,1.4991410283510338 < nd <= 2.5030327595863042,0.27033639991581665
age,249.25,0.07160017763099301,0.0,511.03030303030295,84.25039107908812 < age <= 379.6012832253171,0.11557629760337566
la,99.0,-0.0202447553273014,0.0,9176.0,92.55999249877996 < la <= 135.835850879889,0.03267888354515611
nuc,5.5,0.013982383389413,0.0,2086.0,1.5729955012103574 < nuc <= 11.446877959457481,0.022570224785584528
