feature,value,importance,min,max,rule,importance_ratio
ns,1.0,0.3162762311087805,1.0,7.0,ns <= 1.4973267047410423,0.6226138347840258
nd,4.0,0.09136585444507218,1.0,40.0,3.5069244908215746 < nd <= 5.487575744339811,0.1798606389261044
la,82.0,-0.0539113142275289,0.0,9176.0,36.91960315163976 < la <= 92.55999249877996,0.10612852559857291
nuc,2.6153846153846203,0.019777455474423125,0.0,2086.0,1.5729955012103574 < nuc <= 11.446877959457481,0.03893342649250714
ld,35.0,-0.012970217416246163,0.0,8304.0,29.490716012837936 < ld <= 4621.051880819136,0.02553286023170709
