feature,value,importance,min,max,rule,importance_ratio
ns,1.0,0.31580557924751,1.0,7.0,ns <= 1.4973267047410423,0.5407519529120739
nd,4.0,0.0917286736289299,1.0,40.0,3.5069244908215746 < nd <= 5.487575744339811,0.15706644423784097
age,101.0,0.07707346528645866,0.0,511.03030303030295,84.25039107908812 < age <= 379.6012832253171,0.1319724210403799
la,68.0,-0.05575236073750068,0.0,9176.0,36.91960315163976 < la <= 92.55999249877996,0.09546442472643438
nuc,146.5,-0.02440941274254263,0.0,2086.0,113.47699669467761 < nuc <= 1752.541484763698,0.04179608745804278
