feature,value,importance,min,max,rule,importance_ratio
ns,1.0,0.31840930635890374,1.0,7.0,ns <= 1.4973267047410423,0.6511211317873707
age,99.0,0.07269376484793412,0.0,511.03030303030295,84.25039107908812 < age <= 379.6012832253171,0.14865283613387792
nd,3.0,-0.03827399072731145,1.0,40.0,2.5030327595863042 < nd <= 3.5069244908215746,0.07826719779445131
la,97.0,-0.02246356876283195,0.0,9176.0,92.55999249877996 < la <= 135.835850879889,0.045936170911888806
nuc,2.5,0.017666322787724793,0.0,2086.0,1.5729955012103574 < nuc <= 11.446877959457481,0.03612619310535654
