feature,value,importance,min,max,rule,importance_ratio
ns,1.0,0.32073975258626863,1.0,7.0,ns <= 1.4973267047410423,0.44726602889573075
nd,1.0,-0.21377294637796557,1.0,40.0,nd <= 1.4991410283510338,0.2981026705945835
aexp,8.0,-0.060834087887655056,0.0,726.0,6.308411975636886 < aexp <= 54.40945181062462,0.0848320817472945
la,2.0,-0.057555181043621374,0.0,9176.0,la <= -0.17398974645368526,0.08025970295288383
nuc,6.0,0.02402282892168471,0.0,2086.0,1.5729955012103574 < nuc <= 11.446877959457481,0.033499418790483355
