feature,value,importance,min,max,rule,importance_ratio
ns,1.0,0.31253352656120253,1.0,7.0,ns <= 1.4973267047410423,0.490897714974546
nd,12.0,0.20315920141411375,1.0,40.0,5.487575744339811 < nd <= 12.487685654034399,0.3191030058361181
la,1402.0,0.08391834044307125,0.0,9176.0,la > 135.835850879889,0.13181088768693283
nuc,5.32142857142857,0.017368562512991147,0.0,2086.0,1.5729955012103574 < nuc <= 11.446877959457481,0.027280873651647268
aexp,142.0,-0.012905326339740935,0.0,726.0,54.40945181062462 < aexp <= 149.15392421287316,0.020270449960635
