feature,value,importance,min,max,rule,importance_ratio
ns,1,0.418148075074894,1.0,7.0,ns <= 1.4973267047410423,0.4584015786413383
nd,2,-0.23660732701734244,1.0,40.0,1.4991410283510338 < nd <= 2.5030327595863042,0.25938460246033845
age,124.5,0.0826816656015631,0.0,511.03030303030295,84.25039107908812 < age <= 379.6012832253171,0.09064111087839706
la,145,0.07010060905610631,0.0,9176.0,la > 135.835850879889,0.07684892450905796
aexp,257,0.04761345950735543,0.0,726.0,185.59410590604568 < aexp <= 289.08422191465564,0.05219702374293586
