feature,value,importance,min,max,rule,importance_ratio
ns,1.0,0.32279501387033954,1.0,7.0,ns <= 1.4973267047410423,0.4722170581984879
nd,2.0,-0.1674152564064168,1.0,40.0,1.4991410283510338 < nd <= 2.5030327595863042,0.2449118991334206
age,148.0,0.07180713906136184,0.0,511.03030303030295,84.25039107908812 < age <= 379.6012832253171,0.10504671543292929
la,23.0,-0.05663101839577551,0.0,9176.0,12.190541219577483 < la <= 24.555072185608623,0.0828455575846638
aexp,205.0,0.04162413637188186,0.0,726.0,185.59410590604568 < aexp <= 289.08422191465564,0.060891979067179816
