feature,value,importance,min,max,rule,importance_ratio
ns,1.0,0.3220861767971407,1.0,7.0,ns <= 1.4973267047410423,0.5400001671792285
nd,2.0,-0.16825709501969777,1.0,40.0,1.4991410283510338 < nd <= 2.5030327595863042,0.2820948739347907
aexp,260.0,0.04374940338706155,0.0,726.0,185.59410590604568 < aexp <= 289.08422191465564,0.07334895703358378
la,37.0,-0.028159774838843413,0.0,9176.0,24.555072185608623 < la <= 36.91960315163976,0.047211846444072135
nuc,14.0,0.01987982799846128,0.0,2086.0,11.446877959457481 < nuc <= 113.47699669467761,0.033329932223153697
