feature,value,importance,min,max,rule,importance_ratio
ns,1.0,0.3149059269027501,1.0,7.0,ns <= 1.4973267047410423,0.49213653081822334
aexp,620.0,0.11411167571895975,0.0,726.0,aexp > 398.4047669941732,0.17833428785075212
nd,5.0,0.09077080188482874,1.0,40.0,3.5069244908215746 < nd <= 5.487575744339811,0.14185705546591204
age,198.125,0.07421501123601651,0.0,511.03030303030295,84.25039107908812 < age <= 379.6012832253171,0.11598358444237228
nuc,146.0,-0.023008781662511812,0.0,2086.0,113.47699669467761 < nuc <= 1752.541484763698,0.03595823710628175
