feature,value,importance,min,max,rule,importance_ratio
la,374,0.235135869675575,0.0,9292.0,65.15107396812635 < la <= 480.69791970095315,0.5756836625051928
asexp,0.111263527200178,0.0450330679166977,0.0,318.0,0.2638783839317753 < asexp <= 0.7887405624411663,0.11025455838745044
nuc,80.0,0.04219398444133134,0.0,125.0,28.93046147751111 < nuc <= 95.74074131209468,0.10330362412330804
age,39.3333333333333,0.03224251076451745,0.0,403.0,14.27436946001454 < age <= 197.77682519321624,0.0789394094184372
aexp,138,-0.02863897445910237,0.0,1247.0,80.770405947798 < aexp <= 166.80503056010588,0.0701168636233867
