feature,value,importance,min,max,rule,importance_ratio
la,205,0.23747346052909282,0.0,9292.0,65.15107396812635 < la <= 480.69791970095315,0.6274515014325502
asexp,0.3330965833738449,0.0465415833100617,0.0,318.0,0.2638783839317753 < asexp <= 0.7887405624411663,0.12297199974213006
nuc,59.4117647058824,0.043248938653242974,0.0,125.0,28.93046147751111 < nuc <= 95.74074131209468,0.11427218617558765
age,129.764705882353,0.03029651648704603,0.0,403.0,14.27436946001454 < age <= 197.77682519321624,0.08004934410615616
ld,66,0.01421784327829858,0.0,3456.0,19.498528902884395 < ld <= 134.4589017322878,0.037566333064019276
