feature,value,importance,min,max,rule,importance_ratio
la,478,0.2382157933564532,0.0,9292.0,65.15107396812635 < la <= 480.69791970095315,0.5187729031202211
age,3.5,0.06348397532674763,0.0,403.0,1.6057898801073094 < age <= 14.27436946001454,0.13825181663160782
aexp,3,0.05053857478000489,0.0,1247.0,aexp <= 9.074885437541383,0.11006005432624806
asexp,0.875,0.046351013605431965,0.0,318.0,0.2638783839317753 < asexp <= 0.7887405624411663,0.10094062006490978
nuc,81.0,0.04180140033959039,0.0,125.0,28.93046147751111 < nuc <= 95.74074131209468,0.09103272920368884
