commit_id,label,pred,score_or_proba,feature,value_actual,min,max,operator,threshold
,True,True,0.8483333333333333,la,711.0,0.0,9094.0,<,328.5
,True,True,0.8483333333333333,age,128.969696969697,0.0,575.0,<,41.38999938964844
,True,True,0.8483333333333333,nd,12.0,1.0,46.0,<,6.5
,True,True,0.8483333333333333,ld,98.0,0.0,9176.0,<,45.0
