commit_id,label,pred,score_or_proba,feature,value_actual,min,max,operator,threshold
,True,True,0.92,arexp,17.0,0.0,2143.5,<,158.28499603271484
,True,True,0.92,age,12.166666666666698,0.0,575.0,>,63.89499855041504
,True,True,0.92,la,586.0,0.0,9094.0,>,183.23999786376956
,True,True,0.92,ld,185.0,0.0,9176.0,>,116.47999954223631
,True,True,0.92,nuc,13.5,0.0,480.0,>,8.06499981880188
