commit_id,label,pred,score_or_proba,feature,value_actual,min,max,operator,threshold
,True,True,0.8983333333333334,la,532.0,0.0,9094.0,>,233.0
,True,True,0.8983333333333334,nd,11.0,1.0,46.0,>,7.009999990463257
,True,True,0.8983333333333334,arexp,258.0,0.0,2143.5,>,327.8300018310547
,True,True,0.8983333333333334,age,59.5238095238095,0.0,575.0,>,5.724999904632568
,True,True,0.8983333333333334,nuc,36.23809523809521,0.0,480.0,<,17.424999713897705
