commit_id,label,pred,score_or_proba,feature,value_actual,min,max,operator,threshold
,True,True,0.9033333333333334,arexp,262.33333333333303,0.0,2143.5,<,233.25
,True,True,0.9033333333333334,la,623.0,0.0,9094.0,>,766.6100158691406
,True,True,0.9033333333333334,age,36.0,0.0,575.0,<,18.97000026702881
,True,True,0.9033333333333334,ld,179.0,0.0,9176.0,>,34.93000030517578
