commit_id,label,pred,score_or_proba,feature,value_actual,min,max,operator,threshold
,True,True,0.8440000000000001,la,798.0,0.0,9094.0,<,197.37000274658203
,True,True,0.8440000000000001,arexp,1475.83333333327,0.0,2143.5,>,1533.9200439453125
,True,True,0.8440000000000001,nuc,24.1333333333333,0.0,480.0,<,11.650000095367432
,True,True,0.8440000000000001,ld,304.0,0.0,9176.0,<,186.0
