commit_id,label,pred,score_or_proba,feature,value_actual,min,max,operator,threshold
,True,True,0.9580406502744759,aexp,108.0,0.0,726.0,<,59.5
,True,True,0.9580406502744759,nuc,730.666666666667,0.0,2086.0,<,352.63999938964844
,True,True,0.9580406502744759,la,194.0,0.0,9176.0,<,50.5
,True,True,0.9580406502744759,age,20.5,0.0,511.03030303030295,<,4.099999904632568
