commit_id,label,pred,score_or_proba,feature,value_actual,min,max,operator,threshold
,True,True,0.8589263158634122,aexp,398.0,0.0,726.0,<,42.5
,True,True,0.8589263158634122,la,904.0,0.0,9176.0,<,55.5
,True,True,0.8589263158634122,age,127.142857142857,0.0,511.03030303030295,<,50.93000030517578
