commit_id,label,pred,score_or_proba,feature,value_actual,min,max,operator,threshold
,True,True,0.9417736714808971,la,617.0,0.0,9176.0,<,73.5
,True,True,0.9417736714808971,age,132.571428571429,0.0,511.03030303030295,<,50.29999923706055
,True,True,0.9417736714808971,aexp,269.0,0.0,726.0,<,36.5
