commit_id,label,pred,score_or_proba,feature,value_actual,min,max,operator,threshold
,True,True,0.8263620047337527,la,209.0,0.0,9176.0,<,18.0
,True,True,0.8263620047337527,aexp,24.0,0.0,726.0,<,69.5
,True,True,0.8263620047337527,ld,37.0,0.0,8304.0,<,6.045000076293945
,True,True,0.8263620047337527,ns,1.0,1.0,7.0,>,1.5
,True,True,0.8263620047337527,age,98.6666666666667,0.0,511.03030303030295,<,11.05999994277954
