commit_id,label,pred,score_or_proba,feature,value_actual,min,max,operator,threshold
,True,True,0.7807357091148054,la,264.0,0.0,9176.0,<,59.5
,True,True,0.7807357091148054,age,18.8125,0.0,511.03030303030295,<,24.46500015258789
,True,True,0.7807357091148054,aexp,16.0,0.0,726.0,<,77.5
