commit_id,label,pred,score_or_proba,feature,value_actual,min,max,operator,threshold
,True,True,0.9420787836701231,la,46.0,0.0,9176.0,<,63.5
,True,True,0.9420787836701231,age,510.0,0.0,511.03030303030295,<,59.68499946594238
,True,True,0.9420787836701231,ld,15.0,0.0,8304.0,>,1.0
