commit_id,label,pred,score_or_proba,feature,value_actual,min,max,operator,threshold
,True,True,0.7071252146259299,la,79.0,0.0,9176.0,>,21.0
,True,True,0.7071252146259299,age,98.0,0.0,511.03030303030295,<,40.55500030517578
,True,True,0.7071252146259299,aexp,75.0,0.0,726.0,<,46.5
,True,True,0.7071252146259299,nuc,167.0,0.0,2086.0,<,182.16500091552732
,True,True,0.7071252146259299,nd,2.0,1.0,40.0,<,1.5
