commit_id,label,pred,score_or_proba,feature,value_actual,min,max,operator,threshold
,True,True,0.54,age,1.7857142857142905,0.0,1520.0,<,16.484999656677246
,True,True,0.54,asexp,47.0,0.0,1042.0,<,22.80500030517578
,True,True,0.54,la,702.0,0.0,9886.0,<,922.165008544922
,True,True,0.54,ld,745.0,0.0,9281.0,<,801.6549987792969
,True,True,0.54,aexp,188.0,0.0,1411.0,<,90.59000015258788
