feature,value,importance,min,max,rule,importance_ratio
la,330,0.35886316616710856,0.0,9389.0,la > 259.02565808320827,0.5128167486459059
nd,15,0.21921765763825132,1.0,33.0,4.503916092667653 < nd <= 23.50498996321589,0.31326281723622335
ndev,1.7096774193548403,0.04161455453351287,0.0,67.0,ndev <= 2.0201095271822833,0.059467347346220285
aexp,4145,0.03297262793528068,0.0,4144.0,aexp > 4071.104162527291,0.04711800331218162
ld,318,-0.02284547030411367,0.0,9950.0,24.882467942900547 < ld <= 1866.9949643956745,0.03264625881717462
