feature,value,importance,min,max,rule,importance_ratio
la,1831.0,0.361682972507126,0.0,9389.0,la > 259.02565808320827,0.5554156485783699
nd,18.0,0.221616117249665,1.0,33.0,4.503916092667653 < nd <= 23.50498996321589,0.3403230697989732
ld,1712.0,-0.02200702592537363,0.0,9950.0,24.882467942900547 < ld <= 1866.9949643956745,0.03379491849697617
ndev,2.32432432432432,0.020564344621694153,0.0,67.0,2.0201095271822833 < ndev <= 3.000808789151475,0.03157947615414031
nuc,20.3243243243243,-0.016147405723278763,0.0,1520.0,7.886143186937701 < nuc <= 23.10887044038192,0.024796638228459192
