feature,value,importance,min,max,rule,importance_ratio
la,2425,0.35689601271208743,0.0,9389.0,la > 259.02565808320827,0.5276549966774868
nd,16,0.21965214543678258,1.0,33.0,4.503916092667653 < nd <= 23.50498996321589,0.32474599867313964
ndev,1.11458333333333,0.042015877847694796,0.0,67.0,ndev <= 2.0201095271822833,0.06211862026043934
ld,1802,-0.022431670367761995,0.0,9950.0,24.882467942900547 < ld <= 1866.9949643956745,0.03316423420768317
nuc,29.5416666666667,-0.022034881277489555,0.0,1520.0,23.10887044038192 < nuc <= 48.480082529455615,0.03257759905724155
