feature,value,importance,min,max,rule,importance_ratio
la,268.0,0.3595482318731852,0.0,9389.0,la > 259.02565808320827,0.5656706930842123
nd,11.0,0.22076167905166422,1.0,33.0,4.503916092667653 < nd <= 23.50498996321589,0.34732033403416845
ld,262.0,-0.02216309569639701,0.0,9950.0,24.882467942900547 < ld <= 1866.9949643956745,0.034868795316158024
ndev,4.28571428571429,-0.011519362257162687,0.0,67.0,3.000808789151475 < ndev <= 10.846402884905007,0.018123203103931892
aexp,0.0,-0.00916430841954295,0.0,4144.0,aexp <= 82.00568065157063,0.014418039739238
