feature,value,importance,min,max,rule,importance_ratio
la,647.0,0.3591654593006608,0.0,9389.0,la > 259.02565808320827,0.5277457738812752
nd,14.0,0.22130594986254334,1.0,33.0,4.503916092667653 < nd <= 23.50498996321589,0.3251795982891825
ndev,1.21212121212121,0.042410763609525885,0.0,67.0,ndev <= 2.0201095271822833,0.06231696473704837
nuc,38.343434343434296,-0.022060455573411922,0.0,1520.0,23.10887044038192 < nuc <= 48.480082529455615,0.03241489930972977
ld,623.0,-0.02197310831958127,0.0,9950.0,24.882467942900547 < ld <= 1866.9949643956745,0.032286554161621656
