feature,value,importance,min,max,rule,importance_ratio
la,647,0.3567437526738631,0.0,9389.0,la > 259.02565808320827,0.5274299969248586
nd,14,0.21946380612691124,1.0,33.0,4.503916092667653 < nd <= 23.50498996321589,0.32446761498429216
ndev,1.21212121212121,0.04195470102831708,0.0,67.0,ndev <= 2.0201095271822833,0.062028185969603564
ld,623,-0.022507106036456243,0.0,9950.0,24.882467942900547 < ld <= 1866.9949643956745,0.033275769452501214
nuc,38.343434343434296,-0.022186309985726595,0.0,1520.0,23.10887044038192 < nuc <= 48.480082529455615,0.032801486556776546
