feature,value,importance,min,max,rule,importance_ratio
nd,6.0,0.21608613477747604,1.0,33.0,4.503916092667653 < nd <= 23.50498996321589,0.6578365544988887
la,183.0,-0.0336624290701759,0.0,9389.0,77.73891199130318 < la <= 259.02565808320827,0.10247939498011689
ld,172.0,-0.0279491425489521,0.0,9950.0,24.882467942900547 < ld <= 1866.9949643956745,0.0850862904949208
ndev,3.54545454545455,-0.017095725210678998,0.0,67.0,3.000808789151475 < ndev <= 10.846402884905007,0.05204495411440492
aexp,10.0,-0.014608075562030278,0.0,4144.0,aexp <= 82.00568065157063,0.04447173857536691
