feature,value,importance,min,max,rule,importance_ratio
la,901,0.3574030810253982,0.0,9389.0,la > 259.02565808320827,0.5263617532464039
nd,21,0.21935029691735844,1.0,33.0,4.503916092667653 < nd <= 23.50498996321589,0.32304591927212645
ndev,1.98148148148148,0.042298724424428676,0.0,67.0,ndev <= 2.0201095271822833,0.062295016271968234
nuc,26.8703703703704,-0.022721313536934434,0.0,1520.0,23.10887044038192 < nuc <= 48.480082529455615,0.03346258346472444
ld,244,-0.02260325054355877,0.0,9950.0,24.882467942900547 < ld <= 1866.9949643956745,0.033288707391780574
