feature,value,importance,min,max,rule,importance_ratio
la,487.0,0.3607209588897537,0.0,9389.0,la > 259.02565808320827,0.573015147100339
nd,5.0,0.22092617869116873,1.0,33.0,4.503916092667653 < nd <= 23.50498996321589,0.3509473005690431
ld,145.0,-0.02227515701891771,0.0,9950.0,24.882467942900547 < ld <= 1866.9949643956745,0.035384698508132195
ndev,6.66666666666667,-0.012095266675207461,0.0,67.0,3.000808789151475 < ndev <= 10.846402884905007,0.019213663199509477
nuc,130.6,-0.005980378759095027,0.0,1520.0,48.480082529455615 < nuc <= 193.0959914371757,0.009499995855261406
