feature,value,importance,min,max,rule,importance_ratio
la,527.0,0.3601460601854199,0.0,9389.0,la > 259.02565808320827,0.5320497549339072
nd,9.0,0.2213697982355348,1.0,33.0,4.503916092667653 < nd <= 23.50498996321589,0.3270332787768004
ndev,1.23728813559322,0.0420479971687218,0.0,67.0,ndev <= 2.0201095271822833,0.06211820442395539
ld,343.0,-0.022577395727844316,0.0,9950.0,24.882467942900547 < ld <= 1866.9949643956745,0.0333539616061909
nuc,20.0169491525424,-0.015893954946566462,0.0,1520.0,7.886143186937701 < nuc <= 23.10887044038192,0.023480403561536987
