feature,value,importance,min,max,rule,importance_ratio
nd,7,0.2128685262920945,1.0,33.0,4.503916092667653 < nd <= 23.50498996321589,0.5991506748155664
la,71,-0.07214309883407566,0.0,9389.0,36.80319513184074 < la <= 77.73891199130318,0.20305766710861947
ld,133,-0.02842833387109143,0.0,9950.0,24.882467942900547 < ld <= 1866.9949643956745,0.0800158469616803
ndev,4.29166666666667,-0.01812183609769367,0.0,67.0,3.000808789151475 < ndev <= 10.846402884905007,0.05100664957830117
nuc,82.0833333333333,-0.00983604165843132,0.0,1520.0,48.480082529455615 < nuc <= 193.0959914371757,0.027685027466561703
