feature,value,importance,min,max,rule,importance_ratio
la,836.0,0.3565690323188518,0.0,9389.0,la > 259.02565808320827,0.7680261084264289
nd,4.0,0.04476781498808426,1.0,33.0,3.4887902283506924 < nd <= 4.503916092667653,0.09642691207492977
nuc,35.0476190476191,-0.02187913659836165,0.0,1520.0,23.10887044038192 < nuc <= 48.480082529455615,0.047126212918971816
ld,317.0,-0.019811031186419394,0.0,9950.0,24.882467942900547 < ld <= 1866.9949643956745,0.042671650667673165
ndev,3.619047619047621,-0.0103151039580181,0.0,67.0,3.000808789151475 < ndev <= 10.846402884905007,0.02221805157719482
