feature,value,importance,min,max,rule,importance_ratio
la,659.0,0.3603322820664125,0.0,9389.0,la > 259.02565808320827,0.7865908546208973
nd,2.0,-0.028796585105181474,1.0,33.0,1.5105962363484104 < nd <= 2.4996932323495513,0.0628617851227476
ld,552.0,-0.021204583606631907,0.0,9950.0,24.882467942900547 < ld <= 1866.9949643956745,0.04628875171929977
ndev,2.04761904761905,0.01953154219078109,0.0,67.0,2.0201095271822833 < ndev <= 3.000808789151475,0.04263656971228298
nuc,19.809523809523803,-0.01836349734925045,0.0,1520.0,7.886143186937701 < nuc <= 23.10887044038192,0.040086774881616716
