feature,value,importance,min,max,rule,importance_ratio
la,469,0.3585152876839028,0.0,9389.0,la > 259.02565808320827,0.5252548822098693
nd,16,0.21966459373188624,1.0,33.0,4.503916092667653 < nd <= 23.50498996321589,0.3218270022784895
ndev,1.22,0.04188050240509975,0.0,67.0,ndev <= 2.0201095271822833,0.06135843885428966
ld,438,-0.022826495172238084,0.0,9950.0,24.882467942900547 < ld <= 1866.9949643956745,0.033442724605733457
nuc,9.0,-0.015314091738075382,0.0,1520.0,7.886143186937701 < nuc <= 23.10887044038192,0.022436425247020452
