feature,value,importance,min,max,rule,importance_ratio
la,469.0,0.36098310746044426,0.0,9389.0,la > 259.02565808320827,0.525834373963678
nd,16.0,0.22150975032054615,1.0,33.0,4.503916092667653 < nd <= 23.50498996321589,0.32266728963049435
ndev,1.22,0.04235360816391129,0.0,67.0,ndev <= 2.0201095271822833,0.061695360734888745
ld,438.0,-0.022306927995856287,0.0,9950.0,24.882467942900547 < ld <= 1866.9949643956745,0.03249390144672976
nuc,9.0,-0.015117683369301598,0.0,1520.0,7.886143186937701 < nuc <= 23.10887044038192,0.022021522353781863
