feature,value,importance,min,max,rule,importance_ratio
la,934,0.35503130122491017,0.0,9389.0,la > 259.02565808320827,0.6456484961414477
nd,1,-0.10590074438695875,1.0,33.0,nd <= 1.5105962363484104,0.19258768485425695
ndev,0.0,0.03939938829063449,0.0,67.0,ndev <= 2.0201095271822833,0.07165045930028069
nuc,0.0,-0.025450846584106127,0.0,1520.0,nuc <= 0.2747795602155918,0.046284090348825496
ld,0,0.010518654321326041,0.0,9950.0,ld <= 2.325988394499234,0.019128886158951988
