feature,value,importance,min,max,rule,importance_ratio
la,558.0,0.35727794406692254,0.0,9389.0,la > 259.02565808320827,0.6680629507377337
nd,1.0,-0.10656552925159012,1.0,33.0,nd <= 1.5105962363484104,0.1992635792412933
nuc,6.5,-0.022556712302642393,0.0,1520.0,0.2747795602155918 < nuc <= 7.886143186937701,0.042178096997285544
ld,139.0,-0.01903670771615771,0.0,9950.0,24.882467942900547 < ld <= 1866.9949643956745,0.03559614955354176
asexp,1.0981509385721,0.013170047399577741,0.0,2327.0,-0.8058376987231384 < asexp <= 3.0562456227978316,0.024626263314674893
