feature,value,importance,min,max,rule,importance_ratio
la,518.0,0.35892878115159255,0.0,9389.0,la > 259.02565808320827,0.8140497932372505
nd,2.0,-0.028370019273403265,1.0,33.0,1.5105962363484104 < nd <= 2.4996932323495513,0.06434314977348332
ld,35.0,-0.020823996559900363,0.0,9950.0,24.882467942900547 < ld <= 1866.9949643956745,0.04722878460616
ndev,7.7,-0.010403099032663317,0.0,67.0,3.000808789151475 < ndev <= 10.846402884905007,0.023594208827153115
nuc,61.8,-0.007708839060908949,0.0,1520.0,48.480082529455615 < nuc <= 193.0959914371757,0.01748363233368511
