feature,value,importance,min,max,rule,importance_ratio
la,301,0.35750162138590247,0.0,9389.0,la > 259.02565808320827,0.5720188487077017
nd,5,0.21863574375252617,1.0,33.0,4.503916092667653 < nd <= 23.50498996321589,0.34982713069341004
ld,422,-0.023083736651984415,0.0,9950.0,24.882467942900547 < ld <= 1866.9949643956745,0.03693502818910738
ndev,10.5,-0.012068500708215045,0.0,67.0,3.000808789151475 < ndev <= 10.846402884905007,0.019310149850451777
nuc,108.6,-0.005637780789976934,0.0,1520.0,48.480082529455615 < nuc <= 193.0959914371757,0.009020705596375156
