feature,value,importance,min,max,rule,importance_ratio
la,504.0,0.35958881737874854,0.0,9389.0,la > 259.02565808320827,0.571484694423929
nd,7.0,0.2212101849295885,1.0,33.0,4.503916092667653 < nd <= 23.50498996321589,0.35156331017044007
ld,277.0,-0.022248978566021448,0.0,9950.0,24.882467942900547 < ld <= 1866.9949643956745,0.03535969446918278
ndev,10.7777777777778,-0.012067920248875619,0.0,67.0,3.000808789151475 < ndev <= 10.846402884905007,0.01917921632278383
nuc,84.6666666666667,-0.0054563214364698525,0.0,1520.0,48.480082529455615 < nuc <= 193.0959914371757,0.008671582758134988
