feature,value,importance,min,max,rule,importance_ratio
la,857.0,0.3605838374136999,0.0,9389.0,la > 259.02565808320827,0.5795447369937212
nd,7.0,0.2214038242131779,1.0,33.0,4.503916092667653 < nd <= 23.50498996321589,0.355849064099386
ld,7.0,0.01705353452941739,0.0,9950.0,6.085401652566119 < ld <= 13.60422816869989,0.02740912142527729
ndev,5.5625,-0.012333733052096762,0.0,67.0,3.000808789151475 < ndev <= 10.846402884905007,0.019823268089599094
nuc,78.0625,-0.005065530897326893,0.0,1520.0,48.480082529455615 < nuc <= 193.0959914371757,0.008141523460067721
