feature,value,importance,min,max,rule,importance_ratio
nd,32.0,0.42171132496803665,1.0,33.0,nd > 23.50498996321589,0.775996003003526
la,192.0,-0.03433759678306712,0.0,9389.0,77.73891199130318 < la <= 259.02565808320827,0.0631850184683241
ndev,2.02816901408451,0.028669854963212258,0.0,67.0,2.0201095271822833 < ndev <= 3.000808789151475,0.05275573962788351
ld,227.0,-0.02718991091561107,0.0,9950.0,24.882467942900547 < ld <= 1866.9949643956745,0.05003247706030977
nuc,40.3098591549296,-0.02047227546216092,0.0,1520.0,23.10887044038192 < nuc <= 48.480082529455615,0.03767127651178952
