feature,value,importance,min,max,rule,importance_ratio
la,781.0,0.358108228132151,0.0,9389.0,la > 259.02565808320827,0.5754220068630943
nd,6.0,0.22055590459218233,1.0,33.0,4.503916092667653 < nd <= 23.50498996321589,0.3543976688497219
ndev,6.466666666666669,-0.011954077621236948,0.0,67.0,3.000808789151475 < ndev <= 10.846402884905007,0.019208269441022108
ld,20.0,0.01096208159543313,0.0,9950.0,13.60422816869989 < ld <= 24.882467942900547,0.017614292260029772
aexp,53.0,-0.009271894411457723,0.0,4144.0,aexp <= 82.00568065157063,0.014898434804170066
