feature,value,importance,min,max,rule,importance_ratio
la,349.0,0.3594357755641584,0.0,9389.0,la > 259.02565808320827,0.5701060595261376
nd,6.0,0.22042474047348876,1.0,33.0,4.503916092667653 < nd <= 23.50498996321589,0.3496187323484199
ld,39.0,-0.02244366728083544,0.0,9950.0,24.882467942900547 < ld <= 1866.9949643956745,0.035598211376454574
ndev,3.08108108108108,-0.012023447939674718,0.0,67.0,3.000808789151475 < ndev <= 10.846402884905007,0.01907055722554828
nuc,49.56756756756761,-0.005291433660187479,0.0,1520.0,48.480082529455615 < nuc <= 193.0959914371757,0.008392816181190015
