feature,value,importance,min,max,rule,importance_ratio
la,607,0.3569356412569268,0.0,9389.0,la > 259.02565808320827,0.5338394544334999
nd,5,0.2189103089934024,1.0,33.0,4.503916092667653 < nd <= 23.50498996321589,0.3274062503575747
ndev,1.61764705882353,0.04218506882803919,0.0,67.0,ndev <= 2.0201095271822833,0.06309275826055674
nuc,22.3823529411765,-0.015706054135984436,0.0,1520.0,7.886143186937701 < nuc <= 23.10887044038192,0.023490260994198865
ld,0,0.013456168361189721,0.0,9950.0,ld <= 2.325988394499234,0.020125290798662827
