feature,value,importance,min,max,rule,importance_ratio
la,215.0,-0.03527653130920832,0.0,9389.0,77.73891199130318 < la <= 259.02565808320827,0.258367979240366
ndev,2.5,0.030312388461230938,0.0,67.0,2.0201095271822833 < ndev <= 3.000808789151475,0.22201022215109012
ld,41.0,-0.026091201209913328,0.0,9950.0,24.882467942900547 < ld <= 1866.9949643956745,0.19109392795655747
nd,3.0,0.01415934528608389,1.0,33.0,2.4996932323495513 < nd <= 3.4887902283506924,0.10370411412805645
aexp,10.0,-0.011028268085629398,0.0,4144.0,aexp <= 82.00568065157063,0.08077186826646174
