feature,value,importance,min,max,rule,importance_ratio
la,334.0,0.35973071844312593,0.0,9389.0,la > 259.02565808320827,0.5626965607205051
nd,5.0,0.22016719663356285,1.0,33.0,4.503916092667653 < nd <= 23.50498996321589,0.3443890609769202
ld,65.0,-0.022338142819969885,0.0,9950.0,24.882467942900547 < ld <= 1866.9949643956745,0.034941681355654855
ndev,9.18181818181818,-0.011799811646308413,0.0,67.0,3.000808789151475 < ndev <= 10.846402884905007,0.018457454674050185
aexp,4463.0,0.01146161527078807,0.0,4144.0,aexp > 4071.104162527291,0.017928442477991302
