feature,value,importance,min,max,rule,importance_ratio
la,999,0.3567991152797975,0.0,9389.0,la > 259.02565808320827,0.5734248706769924
nd,12,0.21949274529585314,1.0,33.0,4.503916092667653 < nd <= 23.50498996321589,0.35275479589435843
ld,4,0.01510454436210859,0.0,9950.0,2.325988394499234 < ld <= 6.085401652566119,0.024275064109071324
ndev,3.90625,-0.011477024780867198,0.0,67.0,3.000808789151475 < ndev <= 10.846402884905007,0.018445145093940338
aexp,10,-0.00877268943874413,0.0,4144.0,aexp <= 82.00568065157063,0.01409890913814747
