feature,value,importance,min,max,rule,importance_ratio
la,361.0,0.3598520396274501,0.0,9389.0,la > 259.02565808320827,0.5476261383700104
nd,15.0,0.2208266993754189,1.0,33.0,4.503916092667653 < nd <= 23.50498996321589,0.33605609892652966
ndev,1.91358024691358,0.042157034575471077,0.0,67.0,ndev <= 2.0201095271822833,0.06415496233840208
ld,753.0,-0.022655803914061565,0.0,9950.0,24.882467942900547 < ld <= 1866.9949643956745,0.03447781044112021
nuc,51.45679012345679,-0.00469669694563825,0.0,1520.0,48.480082529455615 < nuc <= 193.0959914371757,0.007147476540905227
