feature,value,importance,min,max,rule,importance_ratio
la,1022.0,0.35586985125885995,0.0,9389.0,la > 259.02565808320827,0.7615510972767282
ndev,1.5,0.03969796511509927,0.0,67.0,ndev <= 2.0201095271822833,0.08495248694463396
nuc,3.8125,-0.022511920383974555,0.0,1520.0,0.2747795602155918 < nuc <= 7.886143186937701,0.04817485271533055
ld,39.0,-0.020368860131689606,0.0,9950.0,24.882467942900547 < ld <= 1866.9949643956745,0.043588766310751724
nd,3.0,0.016000366701845424,1.0,33.0,2.4996932323495513 < nd <= 3.4887902283506924,0.034240317845180314
