feature,value,importance,min,max,rule,importance_ratio
ns,1.0,0.44484386045992796,1.0,6.0,ns <= 1.4968350645973174,0.4684490784826034
aexp,299.0,0.1723674866958255,0.0,418.0,aexp > 173.5744038495336,0.18151400408120388
age,36.0,0.11309853919949489,0.0,536.25,age <= 91.7448502777025,0.11910000603572354
nd,2.0,-0.1037057949700703,1.0,35.0,1.4827649840212431 < nd <= 2.5091144786496407,0.1092088447321877
ld,3.0,-0.06815267641834612,0.0,6893.0,2.401405894888768 < ld <= 19.414412417987634,0.07176913362654633
