feature,value,importance,min,max,rule,importance_ratio
ns,1.0,0.4511066775707185,1.0,6.0,ns <= 1.4968350645973174,0.4012917201954364
age,249.0,-0.2848159277836556,0.0,536.25,age > 172.46486330358397,0.2533641803195095
aexp,383.0,0.18828934746822895,0.0,418.0,aexp > 173.5744038495336,0.16749686913724907
nd,2.0,-0.10809326495508964,1.0,35.0,1.4827649840212431 < nd <= 2.5091144786496407,0.09615670614534175
la,33.0,-0.03857844283226931,0.0,8385.0,8.552227006528142 < la <= 31.73099605258426,0.03431828978899502
