feature,value,importance,min,max,rule,importance_ratio
ns,1.0,0.4523427307096312,1.0,6.0,ns <= 1.4968350645973174,0.6445586226529865
age,38.25,0.1420953850480804,0.0,536.25,age <= 91.7448502777025,0.20247657241723055
nuc,356.0,-0.045413381881289835,0.0,593.0,332.72166808732266 < nuc <= 569.9225409414807,0.06471108053288988
ld,7.0,-0.03578777931151136,0.0,6893.0,2.401405894888768 < ld <= 19.414412417987634,0.05099523033043771
la,102.0,-0.012632421718337675,0.0,8385.0,70.36227779601131 < la <= 363.9600190460562,0.018000369610825358
