feature,value,importance,min,max,rule,importance_ratio
ns,1.0,0.4400361314348036,1.0,6.0,ns <= 1.4968350645973174,0.636667929108837
age,11.25,0.15620405277203064,0.0,536.25,age <= 91.7448502777025,0.22600442030181542
nuc,368.5,-0.039545945774838394,0.0,593.0,332.72166808732266 < nuc <= 569.9225409414807,0.05721720013995505
la,23.0,-0.025893298437082338,0.0,8385.0,8.552227006528142 < la <= 31.73099605258426,0.037463816073423514
ld,1.0,-0.015893086279205302,0.0,6893.0,-1.0011954097309967 < ld <= 2.401405894888768,0.022994971561849806
