feature,value,importance,min,max,rule,importance_ratio
ns,1.0,0.4518979186215393,1.0,6.0,ns <= 1.4968350645973174,0.5588583521421993
nd,7.0,0.11825343483512775,1.0,35.0,4.485787579415443 < nd <= 8.51515966943804,0.14624302747112602
la,575.0,0.11462651847420859,0.0,8385.0,363.9600190460562 < la <= 3755.7865561189433,0.1417576505368755
age,93.1764705882353,-0.04965116361305618,0.0,536.25,91.7448502777025 < age <= 94.40011386408017,0.061403176105296456
aexp,53.0,-0.03554134504603093,0.0,418.0,46.526175674707815 < aexp <= 72.83793890618061,0.043953682251802774
