feature,value,importance,min,max,rule,importance_ratio
ns,1.0,0.44214234001097963,1.0,6.0,ns <= 1.4968350645973174,0.4517654819050321
aexp,480.0,0.2120631169402887,0.0,418.0,aexp > 173.5744038495336,0.21667862936726132
nd,2.0,-0.11047460250883145,1.0,35.0,1.4827649840212431 < nd <= 2.5091144786496407,0.11287906071024488
age,8.5,0.1055646140112865,0.0,536.25,age <= 91.7448502777025,0.1078622072695939
la,6.0,-0.07319886563051421,0.0,8385.0,0.8259706578427313 < la <= 8.552227006528142,0.07479202468067128
