feature,value,importance,min,max,rule,importance_ratio
la,1098,0.25739866972796893,0.0,8385.0,363.9600190460562 < la <= 3755.7865561189433,0.44826789541355344
age,122.15,-0.11641517110961816,0.0,536.25,98.64853560228445 < age <= 151.75380732983808,0.20274068938533757
ld,118,0.11475619144909335,0.0,6893.0,56.843026768805146 < ld <= 5592.8753493851755,0.19985152402273765
aexp,55,-0.04030076552583284,0.0,418.0,46.526175674707815 < aexp <= 72.83793890618061,0.07018505326741856
nd,9,-0.02301806380036419,1.0,35.0,8.51515966943804 < nd <= 15.509541410609344,0.04008668353721089
