feature,value,importance,min,max,rule,importance_ratio
aexp,534,0.29093705828775407,0.0,418.0,aexp > 173.5744038495336,0.4645404357664517
age,65.14285714285711,0.1487971743448134,0.0,536.25,age <= 91.7448502777025,0.23758507980303503
ld,16,-0.06567447170279923,0.0,6893.0,2.401405894888768 < ld <= 19.414412417987634,0.10486270770420449
nd,6,-0.05176614441972822,1.0,35.0,4.485787579415443 < nd <= 8.51515966943804,0.08265522250144305
nuc,214.57142857142892,0.034810385055172366,0.0,593.0,122.26403089809419 < nuc <= 329.2334199571145,0.05558188956022864
