feature,value,importance,min,max,rule,importance_ratio
aexp,245,0.3245099634860699,0.0,418.0,aexp > 173.5744038495336,0.4563976176983685
la,29,-0.19004304253793675,0.0,8385.0,8.552227006528142 < la <= 31.73099605258426,0.26728052027341614
age,16.0,0.1109037280166669,0.0,536.25,age <= 91.7448502777025,0.15597732876034592
nuc,702.5,-0.045378114082296944,0.0,593.0,nuc > 569.9225409414807,0.06382073123524955
ld,0,-0.024886310311680492,0.0,6893.0,ld <= -1.0011954097309967,0.03500062869422769
