feature,value,importance,min,max,rule,importance_ratio
aexp,362,0.2928427118017288,0.0,418.0,aexp > 173.5744038495336,0.34782679616883877
la,691,0.25427916464174544,0.0,8385.0,363.9600190460562 < la <= 3755.7865561189433,0.30202256571681174
age,195.0,-0.14418758718671174,0.0,536.25,age > 172.46486330358397,0.17126021743858535
ld,93,0.08417391998304409,0.0,6893.0,56.843026768805146 < ld <= 5592.8753493851755,0.0999783970327978
nuc,9.647058823529411,0.03318342134119207,0.0,593.0,0.17534634080693934 < nuc <= 49.010820163721846,0.039413933370628526
