feature,value,importance,min,max,rule,importance_ratio
ns,2.0,-0.3728106935096329,1.0,6.0,1.4968350645973174 < ns <= 2.497149685556895,0.34894633179344486
nd,11.0,0.2547949589094769,1.0,35.0,8.51515966943804 < nd <= 15.509541410609344,0.2384850215371469
age,83.3333333333333,0.11156091216044303,0.0,536.25,age <= 91.7448502777025,0.10441967397298234
la,555.0,0.10168645075676867,0.0,8385.0,363.9600190460562 < la <= 3755.7865561189433,0.09517729668811756
ld,67.0,0.0979640195978683,0.0,6893.0,56.843026768805146 < ld <= 5592.8753493851755,0.09169314582853835
