feature,value,importance,min,max,rule,importance_ratio
aexp,89,0.14608470713476118,0.0,418.0,77.34852688871881 < aexp <= 157.78734591064995,0.36789245383667907
age,8.6,0.10162592119887805,0.0,536.25,age <= 91.7448502777025,0.2559296606507815
la,114,0.06616165785827938,0.0,8385.0,70.36227779601131 < la <= 363.9600190460562,0.16661822538981805
nuc,344.4,-0.040214811477803716,0.0,593.0,332.72166808732266 < nuc <= 569.9225409414807,0.10127497919067407
ld,8,-0.036348583433871526,0.0,6893.0,2.401405894888768 < ld <= 19.414412417987634,0.09153846295929133
