feature,value,importance,min,max,rule,importance_ratio
aexp,186,0.3026297967840626,0.0,418.0,aexp > 173.5744038495336,0.5241474195216339
age,10.2,0.15726741861130955,0.0,536.25,age <= 91.7448502777025,0.27238332945372273
la,77,0.06239774717155257,0.0,8385.0,70.36227779601131 < la <= 363.9600190460562,0.10807137470098248
ld,16,-0.021989781409841494,0.0,6893.0,2.401405894888768 < ld <= 19.414412417987634,0.03808576453572864
ns,2,0.017774296952353753,1.0,6.0,1.4968350645973174 < ns <= 2.497149685556895,0.030784648373653106
