feature,value,importance,min,max,rule,importance_ratio
ns,1.0,0.3837239044987853,1.0,6.0,ns <= 1.4968350645973174,0.41118133622544584
age,347.0,-0.22538643062415992,0.0,536.25,age > 172.46486330358397,0.24151399645580116
aexp,222.0,0.18366031959419274,0.0,418.0,aexp > 173.5744038495336,0.19680216618501456
ld,5.0,-0.08257196157974171,0.0,6893.0,2.401405894888768 < ld <= 19.414412417987634,0.08848041286732464
la,161.0,-0.03941076257757616,0.0,8385.0,70.36227779601131 < la <= 363.9600190460562,0.04223080665114742
