feature,value,importance,min,max,rule,importance_ratio
ns,1.0,0.47500181259707075,1.0,6.0,ns <= 1.4968350645973174,0.5403402510842726
age,45.125,0.18268259053828267,0.0,536.25,age <= 91.7448502777025,0.20781132665679802
nd,5.0,0.0972539013749629,1.0,35.0,4.485787579415443 < nd <= 8.51515966943804,0.11063157254191204
aexp,43.0,-0.057745175792830165,0.0,418.0,37.50499970963143 < aexp <= 46.526175674707815,0.0656882604641154
ld,18.0,-0.05292282731173197,0.0,6893.0,2.401405894888768 < ld <= 19.414412417987634,0.06020257826251336
