feature,value,importance,min,max,rule,importance_ratio
ns,1.0,0.4680489644632523,1.0,6.0,ns <= 1.4968350645973174,0.5895519081564852
age,51.0,0.10029638900950136,0.0,536.25,age <= 91.7448502777025,0.1263327814207761
nd,2.0,-0.093473601204117,1.0,35.0,1.4827649840212431 < nd <= 2.5091144786496407,0.11773883532749947
nuc,859.0,-0.052739346162983994,0.0,593.0,nuc > 569.9225409414807,0.06643019112534278
la,14.0,-0.047932049186558544,0.0,8385.0,8.552227006528142 < la <= 31.73099605258426,0.06037494622425286
