feature,value,importance,min,max,rule,importance_ratio
ns,2.0,-0.38944115284383723,1.0,6.0,1.4968350645973174 < ns <= 2.497149685556895,0.389882076336251
aexp,252.0,0.17993007071415335,0.0,418.0,aexp > 173.5744038495336,0.18013378671743188
age,36.0,0.15071168528353052,0.0,536.25,age <= 91.7448502777025,0.1508823203644343
nd,5.0,0.13222643415982382,1.0,35.0,4.485787579415443 < nd <= 8.51515966943804,0.1323761403239347
ld,88.0,0.09712408509058762,0.0,6893.0,56.843026768805146 < ld <= 5592.8753493851755,0.09723404853559828
