feature,value,importance,min,max,rule,importance_ratio
aexp,286,0.3292390858299234,0.0,418.0,aexp > 173.5744038495336,0.4913027021159905
la,16,-0.1760690716403413,0.0,8385.0,8.552227006528142 < la <= 31.73099605258426,0.26273675993815315
age,57.0,0.10545075180274353,0.0,536.25,age <= 91.7448502777025,0.15735749955159753
ld,3,-0.022396113532602,0.0,6893.0,2.401405894888768 < ld <= 19.414412417987634,0.03342030630332839
nd,1,-0.019811847742982832,1.0,35.0,nd <= 1.4827649840212431,0.02956396961649381
