feature,value,importance,min,max,rule,importance_ratio
aexp,254,0.31958063873141357,0.0,418.0,aexp > 173.5744038495336,0.5745383534506567
age,113.5,-0.08886234611930599,0.0,536.25,98.64853560228445 < age <= 151.75380732983808,0.159755691789754
la,146,0.07722192168006839,0.0,8385.0,70.36227779601131 < la <= 363.9600190460562,0.13882867218889802
ld,6,-0.048659198810625186,0.0,6893.0,2.401405894888768 < ld <= 19.414412417987634,0.08747894138975172
ns,1,-0.013516352986719745,1.0,6.0,ns <= 1.4968350645973174,0.024299542113921224
