feature,value,importance,min,max,rule,importance_ratio
aexp,301,0.3065901530021281,0.0,418.0,aexp > 173.5744038495336,0.5171281059700672
age,124.5,-0.0933915401825092,0.0,536.25,98.64853560228445 < age <= 151.75380732983808,0.15752427080680956
la,165,0.06815252083628022,0.0,8385.0,70.36227779601131 < la <= 363.9600190460562,0.11495341149102885
nd,1,0.05322617998743411,1.0,35.0,nd <= 1.4827649840212431,0.08977703091701265
ld,44,-0.037959144212886306,0.0,6893.0,19.414412417987634 < ld <= 56.843026768805146,0.06402599743938377
