feature,value,importance,min,max,rule,importance_ratio
age,189.42857142857105,-0.2641518579337685,0.0,536.25,age > 172.46486330358397,0.2720428737023799
ns,3.0,-0.24956308053929896,1.0,6.0,2.497149685556895 < ns <= 3.4974643065164734,0.2570182853567211
aexp,373.0,0.2000740450299211,0.0,418.0,aexp > 173.5744038495336,0.20605086251880972
nd,6.0,0.12316720575421758,1.0,35.0,4.485787579415443 < nd <= 8.51515966943804,0.12684658310323485
ld,137.0,0.09168281303226346,0.0,6893.0,56.843026768805146 < ld <= 5592.8753493851755,0.0944216562454338
