feature,value,importance,min,max,rule,importance_ratio
ns,1.0,0.436706101687309,1.0,6.0,ns <= 1.4968350645973174,0.6019002034963752
age,32.0,0.13191730057258555,0.0,536.25,age <= 91.7448502777025,0.18181804594107684
nd,1.0,-0.08239283052964345,1.0,35.0,nd <= 1.4827649840212431,0.11355980892143311
la,101.0,-0.031794728841038046,0.0,8385.0,70.36227779601131 < la <= 363.9600190460562,0.04382181445505782
ld,2.0,0.019421148993039542,0.0,6893.0,2.401405894888768 < ld <= 2.401405894888768,0.02676764415674211
