feature,value,importance,min,max,rule,importance_ratio
aexp,365,0.31118988625600175,0.0,418.0,aexp > 173.5744038495336,0.45796279937300255
la,20,-0.1735064564737509,0.0,8385.0,8.552227006528142 < la <= 31.73099605258426,0.2553408900012942
age,18.6666666666667,0.08238859042981048,0.0,536.25,age <= 91.7448502777025,0.12124722292096689
ld,8,-0.05395047783956557,0.0,6893.0,2.401405894888768 < ld <= 19.414412417987634,0.07939625595220344
nd,1,0.040757008936488016,1.0,35.0,nd <= 1.4827649840212431,0.0599800788232222
