feature,value,importance,min,max,rule,importance_ratio
la,436.0,0.387961305497024,0.0,8851.0,la > 127.55870158356693,0.670874620278615
nuc,376.642857142857,0.06693924347797682,0.0,2540.0,98.92887678384466 < nuc <= 651.0101726634492,0.11575339837691606
ndev,8.071428571428571,-0.047468719574216264,0.0,57.5,ndev > 3.975725636739302,0.08208436967358508
ent,1.96478472901229,0.027676691829926475,0.0,6.25828457562083,0.9973314650826041 < ent <= 2.005709603206336,0.04785938664213666
arexp,326.666666666666,-0.0193843119291328,0.0,2480.61666666637,26.57366470205011 < arexp <= 346.65992743262416,0.033519948305563554
