feature,value,importance,min,max,rule,importance_ratio
la,436,0.4803847703755627,0.0,8851.0,la > 127.55870158356693,0.6746325458157609
arexp,326.666666666666,-0.07886349291825474,0.0,2480.61666666637,26.57366470205011 < arexp <= 346.65992743262416,0.1107526347218936
nuc,376.642857142857,0.07849095350512107,0.0,2540.0,98.92887678384466 < nuc <= 651.0101726634492,0.11022945574496103
asexp,0.484444303402537,0.026502461289582804,0.0,3637.0,-0.6613834552044295 < asexp <= -0.6613834552044295,0.03721896286636407
ld,42,0.017008303498413053,0.0,9293.0,18.97658201765504 < ld <= 49.90409840300467,0.023885759492689392
