feature,value,importance,min,max,rule,importance_ratio
la,420.0,0.3595477678641304,0.0,8851.0,la > 127.55870158356693,0.5399983713743456
nuc,1416.0,0.08409385280049046,0.0,2540.0,nuc > 651.0101726634492,0.12629905568491528
ndev,38.0,-0.05983184371585344,0.0,57.5,ndev > 3.975725636739302,0.0898603775370802
ent,0.150633715078446,-0.05221393674741372,0.0,6.25828457562083,0.03279585470338198 < ent <= 0.9973314650826041,0.07841917910974568
asexp,1.38764997489117,0.04462547947711639,0.0,3637.0,-0.6613834552044295 < asexp <= -0.6613834552044295,0.06702221065810765
