feature,value,importance,min,max,rule,importance_ratio
la,1356,0.4573440350529288,0.0,8851.0,la > 127.55870158356693,0.673622983958119
nuc,174.6,0.09293523506040985,0.0,2540.0,98.92887678384466 < nuc <= 651.0101726634492,0.13688450172745198
arexp,141.5,-0.07065761963811715,0.0,2480.61666666637,26.57366470205011 < arexp <= 346.65992743262416,0.10407175546631514
asexp,0.53210557535794,0.029340797363944276,0.0,3637.0,-0.6613834552044295 < asexp <= -0.6613834552044295,0.04321612168774275
ent,4.02920029353342,-0.02316193022102712,0.0,6.25828457562083,ent > 3.1894578523081085,0.03411525537424435
