feature,value,importance,min,max,rule,importance_ratio
ent,2.35084262052341,0.1022798281286207,0.0,6.25828457562083,2.005709603206336 < ent <= 3.1894578523081085,0.34152880728219337
nuc,678.0,0.06792328155304546,0.0,2540.0,nuc > 651.0101726634492,0.2268067688413807
la,90.0,0.06349241378545481,0.0,8851.0,63.87907576461171 < la <= 127.55870158356693,0.21201138825091512
age,71.1428571428571,0.039363964197585276,0.0,918.0,6.104315757675584 < age <= 152.17610991761703,0.13144261178650027
ndev,18.0,-0.007378867891571199,0.0,57.5,ndev > 3.975725636739302,0.02463922746264366
