feature,value,importance,min,max,rule,importance_ratio
nuc,690.428571428571,0.10428906588977653,0.0,2540.0,nuc > 651.0101726634492,0.2634262995366419
ent,2.06726111526375,0.09896992380658536,0.0,6.25828457562083,2.005709603206336 < ent <= 3.1894578523081085,0.24999054859065478
la,75.0,0.0674637775386363,0.0,8851.0,63.87907576461171 < la <= 127.55870158356693,0.17040840396968543
ndev,17.8571428571429,-0.05798760840759673,0.0,57.5,ndev > 3.975725636739302,0.14647231683844744
age,8.142857142857139,0.02439054452056683,0.0,918.0,6.104315757675584 < age <= 152.17610991761703,0.06160867231783779
