feature,value,importance,min,max,rule,importance_ratio
la,717,0.46019939651600605,0.0,8851.0,la > 127.55870158356693,0.633702421488268
arexp,122.0,-0.07743055613558135,0.0,2480.61666666637,26.57366470205011 < arexp <= 346.65992743262416,0.10662319701367656
nuc,286.052631578947,0.07394343588749612,0.0,2540.0,98.92887678384466 < nuc <= 651.0101726634492,0.10182137293054672
ld,91,0.050076453393971695,0.0,9293.0,49.90409840300467 < ld <= 956.0803284937488,0.06895613078927745
asexp,1.48209948469796,0.03470054974570304,0.0,3637.0,-0.6613834552044295 < asexp <= -0.6613834552044295,0.047783249103111984
