feature,value,importance,min,max,rule,importance_ratio
la,526.0,0.3921315931348901,0.0,8851.0,la > 127.55870158356693,0.5526428521668844
ent,3.1954758911377903,0.11933154109617489,0.0,6.25828457562083,ent > 3.1894578523081085,0.1681775311640712
nuc,25.0740740740741,-0.08750914646642088,0.0,2540.0,16.979309426715872 < nuc <= 47.171255295131715,0.12332927298019716
age,57.8148148148148,0.052890129567351785,0.0,918.0,6.104315757675584 < age <= 152.17610991761703,0.07453965089092603
arexp,870.333333333361,0.031467586532496324,0.0,2480.61666666637,722.7612861410488 < arexp <= 1250.903619646496,0.044348216457389275
