feature,value,importance,min,max,rule,importance_ratio
la,927.0,0.3772319905543034,0.0,8851.0,la > 127.55870158356693,0.6758537649976032
nuc,4.0,-0.08355152496166565,0.0,2540.0,nuc <= 12.66617430265643,0.14969200420584206
ent,1.64668635228881,0.03979366125354827,0.0,6.25828457562083,0.9973314650826041 < ent <= 2.005709603206336,0.0712948436364871
age,23.4,0.036054730036970545,0.0,918.0,6.104315757675584 < age <= 152.17610991761703,0.0645961255980779
asexp,0.9140625,0.010661408239481713,0.0,3637.0,-0.6613834552044295 < asexp <= -0.6613834552044295,0.019101118354894475
