feature,value,importance,min,max,rule,importance_ratio
la,128.0,0.3421862435739544,0.0,8851.0,la > 127.55870158356693,0.5320297415672318
ent,2.71784873385973,0.0878694394475617,0.0,6.25828457562083,2.005709603206336 < ent <= 3.1894578523081085,0.13661903726074306
ndev,13.2,-0.07826301070852507,0.0,57.5,ndev > 3.975725636739302,0.1216830020010173
nuc,507.4,0.05507374841512064,0.0,2540.0,98.92887678384466 < nuc <= 651.0101726634492,0.08562843389144828
arexp,5.0,-0.03208625478670639,0.0,2480.61666666637,arexp <= 26.57366470205011,0.04988757485904704
