feature,value,importance,min,max,rule,importance_ratio
la,151.0,0.36357316479843366,0.0,8851.0,la > 127.55870158356693,0.6843406066817302
arexp,28.0,-0.044397421205472104,0.0,2480.61666666637,26.57366470205011 < arexp <= 346.65992743262416,0.08356765873988946
ndev,1.53846153846154,0.03774299316883046,0.0,57.5,1.0370110554233651 < ndev <= 2.9471755332787235,0.07104226973809127
ent,4.245485653336839,0.027710386129001122,0.0,6.25828457562083,ent > 3.1894578523081085,0.05215825668932133
age,46.0,0.022541006586126466,0.0,918.0,6.104315757675584 < age <= 152.17610991761703,0.04242812070830019
