feature,value,importance,min,max,rule,importance_ratio
la,218,0.4785306231744109,0.0,8851.0,la > 127.55870158356693,0.6784991668595277
arexp,30.0,-0.07163555360500139,0.0,2480.61666666637,26.57366470205011 < arexp <= 346.65992743262416,0.10157064372617894
nuc,1130.5,-0.046728310375917584,0.0,2540.0,nuc > 651.0101726634492,0.0662551530108824
asexp,1.3332762276898895,0.03044249560959889,0.0,3637.0,-0.6613834552044295 < asexp <= -0.6613834552044295,0.0431638162908321
ld,75,0.02672185135475086,0.0,9293.0,49.90409840300467 < ld <= 956.0803284937488,0.037888387917306705
