feature,value,importance,min,max,rule,importance_ratio
la,1213,0.3869082610211212,0.0,8851.0,la > 127.55870158356693,0.4933227052625652
nuc,244.9,0.11510674267991577,0.0,2540.0,98.92887678384466 < nuc <= 651.0101726634492,0.1467654620321435
asexp,0.713927922741282,0.07870688918083288,0.0,3637.0,-0.6613834552044295 < asexp <= -0.6613834552044295,0.10035426845375575
ld,87,0.0750376418697553,0.0,9293.0,49.90409840300467 < ld <= 956.0803284937488,0.09567583898574455
arexp,231.5,-0.04286563722858245,0.0,2480.61666666637,26.57366470205011 < arexp <= 346.65992743262416,0.05465531303104856
