feature,value,importance,min,max,rule,importance_ratio
la,566.0,0.3860711694453921,0.0,8851.0,la > 127.55870158356693,0.6264390633866143
nuc,937.6,0.10511903193531145,0.0,2540.0,nuc > 651.0101726634492,0.17056613681944036
ndev,28.2,-0.040312636936391276,0.0,57.5,ndev > 3.975725636739302,0.06541128300607163
arexp,32.0,-0.030333341468229212,0.0,2480.61666666637,26.57366470205011 < arexp <= 346.65992743262416,0.04921887859702404
age,68.6,0.027486297173785576,0.0,918.0,6.104315757675584 < age <= 152.17610991761703,0.04459926464399681
