feature,value,importance,min,max,rule,importance_ratio
la,199.0,0.3794758183210035,0.0,8851.0,la > 127.55870158356693,0.5383184543016711
nuc,674.222222222222,0.10331788649753738,0.0,2540.0,nuc > 651.0101726634492,0.1465651361057792
ent,2.30153744138069,0.09682527568827136,0.0,6.25828457562083,2.005709603206336 < ent <= 3.1894578523081085,0.13735482006854
ndev,16.4444444444444,-0.04678447146478244,0.0,57.5,ndev > 3.975725636739302,0.06636771870121656
age,79.1111111111111,0.03017318187043467,0.0,918.0,6.104315757675584 < age <= 152.17610991761703,0.04280320337069705
