feature,value,importance,min,max,rule,importance_ratio
la,823,0.4818121822310059,0.0,8851.0,la > 127.55870158356693,0.6713085861447038
nuc,553.857142857143,0.0771492956787914,0.0,2540.0,98.92887678384466 < nuc <= 651.0101726634492,0.10749206125169716
arexp,2.0,-0.04897328092569956,0.0,2480.61666666637,arexp <= 26.57366470205011,0.06823443903985019
ld,205,0.04838780592455686,0.0,9293.0,49.90409840300467 < ld <= 956.0803284937488,0.06741869711854748
asexp,0.24,0.043328859700655746,0.0,3637.0,-0.6613834552044295 < asexp <= -0.6613834552044295,0.060370070781986994
