feature,value,importance,min,max,rule,importance_ratio
la,215.0,0.3350689251313093,0.0,8851.0,la > 127.55870158356693,0.5534846724729084
ent,3.1782166340533,0.09821485675360936,0.0,6.25828457562083,2.005709603206336 < ent <= 3.1894578523081085,0.16223652432388927
nuc,292.055555555556,0.06344564258340013,0.0,2540.0,98.92887678384466 < nuc <= 651.0101726634492,0.10480288702196074
ndev,8.22222222222222,-0.04049680497587412,0.0,57.5,ndev > 3.975725636739302,0.0668947764388686
age,56.8333333333333,0.038930230716284826,0.0,918.0,6.104315757675584 < age <= 152.17610991761703,0.06430702575254794
