feature,value,importance,min,max,rule,importance_ratio
la,582,0.4835660830101704,0.0,8851.0,la > 127.55870158356693,0.7864415734175342
nuc,330.21052631578897,0.048901943723216414,0.0,2540.0,98.92887678384466 < nuc <= 651.0101726634492,0.07953105669748382
arexp,11.5,-0.02482520144599442,0.0,2480.61666666637,arexp <= 26.57366470205011,0.04037415189266795
age,115.578947368421,-0.02080462455578317,0.0,918.0,6.104315757675584 < age <= 152.17610991761703,0.03383533759886768
ent,3.18881749646136,-0.01667189504105383,0.0,6.25828457562083,2.005709603206336 < ent <= 3.1894578523081085,0.027114125304901912
