feature,value,importance,min,max,rule,importance_ratio
la,338.0,0.3621127072966854,0.0,8851.0,la > 127.55870158356693,0.5051401097978699
ent,2.7643202257347297,0.08853878407512092,0.0,6.25828457562083,2.005709603206336 < ent <= 3.1894578523081085,0.12350986366361594
nuc,328.0,0.06489587379915768,0.0,2540.0,98.92887678384466 < nuc <= 651.0101726634492,0.09052846850104254
ld,125.0,0.05744008202909786,0.0,9293.0,49.90409840300467 < ld <= 956.0803284937488,0.08012778551624924
arexp,963.750000000043,0.05061722077365667,0.0,2480.61666666637,722.7612861410488 < arexp <= 1250.903619646496,0.07061002815987617
