feature,value,importance,min,max,rule,importance_ratio
la,1134.0,0.37953235459586204,0.0,8851.0,la > 127.55870158356693,0.5724949380030472
nuc,595.777777777778,0.0732609867417618,0.0,2540.0,98.92887678384466 < nuc <= 651.0101726634492,0.11050848117396384
ent,1.05553839341728,0.04836951408356451,0.0,6.25828457562083,0.9973314650826041 < ent <= 2.005709603206336,0.07296163721270707
age,28.2222222222222,0.04289862046598022,0.0,918.0,6.104315757675584 < age <= 152.17610991761703,0.064709221142
ndev,17.2222222222222,-0.04259841219931864,0.0,57.5,ndev > 3.975725636739302,0.06425638040015223
