feature,value,importance,min,max,rule,importance_ratio
la,396.0,0.3804599396100419,0.0,8851.0,la > 127.55870158356693,0.6011089689464383
nuc,567.777777777778,0.08782115205522577,0.0,2540.0,98.92887678384466 < nuc <= 651.0101726634492,0.13875332634945253
ndev,17.7777777777778,-0.05937424123237494,0.0,57.5,ndev > 3.975725636739302,0.09380853333928246
asexp,0.931136402980458,0.03630381477715936,0.0,3637.0,-0.6613834552044295 < asexp <= -0.6613834552044295,0.05735833499812906
ld,181.0,0.03394936317985254,0.0,9293.0,49.90409840300467 < ld <= 956.0803284937488,0.05363841123022326
