feature,value,importance,min,max,rule,importance_ratio
la,437,0.5161377416732542,0.0,8851.0,la > 127.55870158356693,0.6613905630996516
nuc,461.09090909090895,0.07044431339999287,0.0,2540.0,98.92887678384466 < nuc <= 651.0101726634492,0.0902689347144945
ld,113,0.05443163999043053,0.0,9293.0,49.90409840300467 < ld <= 956.0803284937488,0.0697499332387494
asexp,0.0,0.04767666925755663,0.0,3637.0,asexp <= -0.6613834552044295,0.061093961128952705
arexp,0.0,-0.03860053758709299,0.0,2480.61666666637,arexp <= 26.57366470205011,0.049463600952551
