feature,value,importance,min,max,rule,importance_ratio
la,244.0,0.35905470647910537,0.0,8851.0,la > 127.55870158356693,0.5404968788938365
ent,2.06055216278377,0.11307319936087167,0.0,6.25828457562083,2.005709603206336 < ent <= 3.1894578523081085,0.17021281224912232
nuc,512.285714285714,0.06251955536239422,0.0,2540.0,98.92887678384466 < nuc <= 651.0101726634492,0.09411274642397967
arexp,241.666666666667,-0.0463494898322121,0.0,2480.61666666637,26.57366470205011 < arexp <= 346.65992743262416,0.0697714140507725
ld,91.0,0.03669052187898867,0.0,9293.0,49.90409840300467 < ld <= 956.0803284937488,0.05523145137141779
