feature,value,importance,min,max,rule,importance_ratio
la,680.0,0.3859639730218602,0.0,8851.0,la > 127.55870158356693,0.5775747863028704
nuc,133.340425531915,0.06928569990399817,0.0,2540.0,98.92887678384466 < nuc <= 651.0101726634492,0.10368240590587463
ent,4.30769144472014,0.06626254697284027,0.0,6.25828457562083,ent > 3.1894578523081085,0.09915841654359411
age,103.212765957447,0.04352799195106292,0.0,918.0,6.104315757675584 < age <= 152.17610991761703,0.06513735065087102
ndev,3.78723404255319,0.03946150534647986,0.0,57.5,3.020643397811622 < ndev <= 3.975725636739302,0.05905206731922565
