feature,value,importance,min,max,rule,importance_ratio
la,521.0,0.3615787287781098,0.0,8851.0,la > 127.55870158356693,0.5578925416976989
nuc,707.8571428571429,0.09263032978605389,0.0,2540.0,nuc > 651.0101726634492,0.14292259474796368
ent,2.3322001824286,0.08428099027267517,0.0,6.25828457562083,2.005709603206336 < ent <= 3.1894578523081085,0.13004010506623692
ndev,25.4285714285714,-0.03577884354644098,0.0,57.5,ndev > 3.975725636739302,0.0552044364793859
ld,131.0,0.0318210223671823,0.0,9293.0,49.90409840300467 < ld <= 956.0803284937488,0.04909777493780884
