feature,value,importance,min,max,rule,importance_ratio
nuc,1145.2,0.12642877078987952,0.0,2540.0,nuc > 651.0101726634492,0.42761813774901475
ndev,36.4,-0.04947970375876656,0.0,57.5,ndev > 3.975725636739302,0.16735446089926226
age,25.4,0.049170613031152194,0.0,918.0,6.104315757675584 < age <= 152.17610991761703,0.16630902796091937
ent,1.81915415255184,0.024910453189718792,0.0,6.25828457562083,0.9973314650826041 < ent <= 2.005709603206336,0.08425425270625385
la,38.0,-0.021813600160528104,0.0,8851.0,33.715042481948714 < la <= 63.87907576461171,0.07377981309135155
