feature,value,importance,min,max,rule,importance_ratio
la,177,0.4645504517186244,0.0,8851.0,la > 127.55870158356693,0.6554165459703858
arexp,72.5,-0.0720979950841858,0.0,2480.61666666637,26.57366470205011 < arexp <= 346.65992743262416,0.10172031635024333
nuc,1088.33333333333,-0.06290198383751008,0.0,2540.0,nuc > 651.0101726634492,0.0887460141927423
asexp,1.1333678561813798,0.03700980257204357,0.0,3637.0,-0.6613834552044295 < asexp <= -0.6613834552044295,0.05221572141212108
ent,1.27118671738262,-0.020958625422525422,0.0,6.25828457562083,0.9973314650826041 < ent <= 2.005709603206336,0.029569726672096598
