feature,value,importance,min,max,rule,importance_ratio
la,298,0.4680887609224047,0.0,8851.0,la > 127.55870158356693,0.7188817571432526
arexp,29.0,-0.07483845922077789,0.0,2480.61666666637,26.57366470205011 < arexp <= 346.65992743262416,0.11493547283747949
nuc,1445.0,-0.05163807015542269,0.0,2540.0,nuc > 651.0101726634492,0.07930475949831767
asexp,1.42541201250378,0.0367096867337376,0.0,3637.0,-0.6613834552044295 < asexp <= -0.6613834552044295,0.05637803405346514
ndev,47.75,0.013624784295142172,0.0,57.5,ndev > 3.975725636739302,0.020924682864610064
