feature,value,importance,min,max,rule,importance_ratio
la,1399.0,0.35876257578535514,0.0,8851.0,la > 127.55870158356693,0.6220413392695073
ent,4.32203837434992,0.12515984564813676,0.0,6.25828457562083,ent > 3.1894578523081085,0.21700869395115394
ndev,4.04081632653061,-0.035959004652346624,0.0,57.5,ndev > 3.975725636739302,0.062347605136291395
ld,1611.0,-0.032142475381805834,0.0,9293.0,ld > 956.0803284937488,0.05573030684755116
arexp,423.216666666663,-0.010086472427485256,0.0,2480.61666666637,346.65992743262416 < arexp <= 530.7095285027044,0.01748845403833786
