feature,value,importance,min,max,rule,importance_ratio
la,1448.0,0.32395506062894724,0.0,8851.0,la > 127.55870158356693,0.4534726493851859
ld,907.0,0.0809578041309572,0.0,9293.0,49.90409840300467 < ld <= 956.0803284937488,0.11332482306773282
nuc,187.885714285714,0.07835182916297066,0.0,2540.0,98.92887678384466 < nuc <= 651.0101726634492,0.10967697644767996
ent,3.624753526827,0.06690355729462162,0.0,6.25828457562083,ent > 3.1894578523081085,0.09365167292273097
arexp,78.1666666666667,-0.057604178209388096,0.0,2480.61666666637,26.57366470205011 < arexp <= 346.65992743262416,0.08063439187383842
