feature,value,importance,min,max,rule,importance_ratio
la,657,0.49327337955192,0.0,8851.0,la > 127.55870158356693,0.678685327750673
nuc,108.115384615385,0.07350628510978967,0.0,2540.0,98.92887678384466 < nuc <= 651.0101726634492,0.10113587975655403
arexp,128.75,-0.06297341052497892,0.0,2480.61666666637,26.57366470205011 < arexp <= 346.65992743262416,0.08664390079299716
ld,175,0.046381336151586,0.0,9293.0,49.90409840300467 < ld <= 956.0803284937488,0.06381518572145044
asexp,0.283343401811979,0.02682285544217443,0.0,3637.0,-0.6613834552044295 < asexp <= -0.6613834552044295,0.03690504939374083
