feature,value,importance,min,max,rule,importance_ratio
la,494.0,0.35767458554410153,0.0,8851.0,la > 127.55870158356693,0.5994526228440471
nuc,628.0,0.07599157127665053,0.0,2540.0,98.92887678384466 < nuc <= 651.0101726634492,0.12735975257099097
ent,2.4111204706076204,0.07341117916538442,0.0,6.25828457562083,2.005709603206336 < ent <= 3.1894578523081085,0.12303508741002768
ndev,25.88888888888889,-0.03436099644079862,0.0,57.5,ndev > 3.975725636739302,0.057588071035681615
ld,52.0,-0.02146144319248758,0.0,9293.0,49.90409840300467 < ld <= 956.0803284937488,0.03596877981191907
