feature,value,importance,min,max,rule,importance_ratio
la,144,0.4911891735735681,0.0,8851.0,la > 127.55870158356693,0.7445576062707081
nuc,812.0,-0.05503288086962528,0.0,2540.0,nuc > 651.0101726634492,0.08342030372607993
arexp,879.333333333327,0.04530301031720145,0.0,2480.61666666637,722.7612861410488 < arexp <= 1250.903619646496,0.06867150729978512
asexp,1.25720880955949,0.043489748043053944,0.0,3637.0,-0.6613834552044295 < asexp <= -0.6613834552044295,0.06592291614384012
ld,40,0.015506587215726383,0.0,9293.0,18.97658201765504 < ld <= 49.90409840300467,0.02350529710329611
