feature,value,importance,min,max,rule,importance_ratio
la,312.0,0.3466831991101989,0.0,8851.0,la > 127.55870158356693,0.5369776852871491
ent,2.2708241891228,0.10103859222215375,0.0,6.25828457562083,2.005709603206336 < ent <= 3.1894578523081085,0.15649869827951565
nuc,876.0,0.07820419463100749,0.0,2540.0,nuc > 651.0101726634492,0.12113049470088583
ndev,36.2857142857143,-0.06724561429448608,0.0,57.5,ndev > 3.975725636739302,0.10415674714622557
arexp,37.3333333333333,-0.022717156532333877,0.0,2480.61666666637,26.57366470205011 < arexp <= 346.65992743262416,0.03518660887619465
