feature,value,importance,min,max,rule,importance_ratio
la,192.0,0.33147750714491975,0.0,8851.0,la > 127.55870158356693,0.6202351230962867
ndev,42.8333333333333,-0.05145163174529793,0.0,57.5,ndev > 3.975725636739302,0.09627232153371394
asexp,1.25720880955949,0.046936250945796024,0.0,3637.0,-0.6613834552044295 < asexp <= -0.6613834552044295,0.08782348954469675
ent,1.89059365809818,0.043132840881899594,0.0,6.25828457562083,0.9973314650826041 < ent <= 2.005709603206336,0.08070684223584898
nuc,982.5,0.03486889989352837,0.0,2540.0,nuc > 651.0101726634492,0.06524399379002065
