feature,value,importance,min,max,rule,importance_ratio
la,159.0,0.35353720824368073,0.0,8851.0,la > 127.55870158356693,0.5285810240558724
ndev,24.5454545454545,-0.06194374999544344,0.0,57.5,ndev > 3.975725636739302,0.0926134224148886
nuc,537.5454545454551,0.05182722250374022,0.0,2540.0,98.92887678384466 < nuc <= 651.0101726634492,0.07748798628888938
ent,1.51049946739701,0.0481126338566192,0.0,6.25828457562083,0.9973314650826041 < ent <= 2.005709603206336,0.07193422553822972
ld,37.0,-0.04772041227071891,0.0,9293.0,18.97658201765504 < ld <= 49.90409840300467,0.0713478066756666
