feature,value,importance,min,max,rule,importance_ratio
la,3445.0,0.38400746662651114,0.0,8851.0,la > 127.55870158356693,0.49910365367803367
age,158.925925925926,-0.13256681145578236,0.0,918.0,152.17610991761703 < age <= 385.89098057352334,0.17230024336578906
ent,4.7991906834428,0.07880863782440133,0.0,6.25828457562083,ent > 3.1894578523081085,0.10242946426300573
nuc,149.827160493827,0.06215058025393171,0.0,2540.0,98.92887678384466 < nuc <= 651.0101726634492,0.08077858994631756
asexp,0.0,-0.045133333539005095,0.0,3637.0,asexp <= -0.6613834552044295,0.058660868940592664
