feature,value,importance,min,max,rule,importance_ratio
la,934.0,0.3624452360422669,0.0,8851.0,la > 127.55870158356693,0.481724062820883
nuc,773.0,0.11172656708559923,0.0,2540.0,nuc > 651.0101726634492,0.14849519449947568
ent,2.33177088771284,0.11073882670569071,0.0,6.25828457562083,2.005709603206336 < ent <= 3.1894578523081085,0.14718239393954147
ndev,30.4,-0.06326471039504263,0.0,57.5,ndev > 3.975725636739302,0.08408479487127947
age,9.2,0.046173434863395,0.0,918.0,6.104315757675584 < age <= 152.17610991761703,0.06136887017655867
