feature,value,importance,min,max,rule,importance_ratio
arexp,68.0,-0.06515141102672965,0.0,2480.61666666637,26.57366470205011 < arexp <= 346.65992743262416,0.27861594820833446
la,121,0.05893055093869661,0.0,8851.0,63.87907576461171 < la <= 127.55870158356693,0.2520128278033502
asexp,1.4254120125038,0.037163177889229515,0.0,3637.0,-0.6613834552044295 < asexp <= -0.6613834552044295,0.1589260137711316
ld,34,0.030016168912235616,0.0,9293.0,18.97658201765504 < ld <= 49.90409840300467,0.12836227537164127
nuc,1011.71428571429,-0.027791553149138806,0.0,2540.0,nuc > 651.0101726634492,0.1188488447265224
