feature,value,importance,min,max,rule,importance_ratio
la,140.0,0.380857559429488,0.0,8851.0,la > 127.55870158356693,0.5574106264273939
nuc,328.421052631579,0.07038256502694272,0.0,2540.0,98.92887678384466 < nuc <= 651.0101726634492,0.10300961262263811
ent,3.4246390592391096,0.06378539567666075,0.0,6.25828457562083,ent > 3.1894578523081085,0.09335421204270265
ld,23.0,-0.04085858397771627,0.0,9293.0,18.97658201765504 < ld <= 49.90409840300467,0.059799282766164114
arexp,71.2499999999999,-0.03631185802622119,0.0,2480.61666666637,26.57366470205011 < arexp <= 346.65992743262416,0.05314484386093928
