feature,value,importance,min,max,rule,importance_ratio
la,1731.0,0.23191527217040755,0.0,9734.0,212.59109949217347 < la <= 2794.191375994233,0.34696306139278876
ent,3.8939962987857206,0.21085989259707216,0.0,5.3975361829742,2.6237759038271724 < ent <= 4.405102779089878,0.3154625962134895
arexp,3.1666666666666696,0.07514752925807346,0.0,193.5,arexp <= 7.318931625358893,0.1124264761154971
age,94.5333333333333,-0.05911804216051106,0.0,2052.0,14.488469387226687 < age <= 1029.5760255141604,0.08844513213639141
ns,3.0,0.05537306019311391,1.0,5.0,2.499534091869607 < ns <= 3.498030327070497,0.08284235144795901
