feature,value,importance,min,max,rule,importance_ratio
la,75,0.10838979087452787,0.0,8960.0,53.20163936288285 < la <= 143.122304060467,0.3455153655552161
age,100.2,0.0496502649176198,0.0,1848.0,69.01912192572016 < age <= 536.7965087044349,0.1582707125321728
asexp,0.90478708007231,0.04359345734675996,0.0,1051.0,0.4721763844552811 < asexp <= 0.4721763844552811,0.1389633583518721
aexp,41,-0.03428096303516842,0.0,1406.0,0.37596446854337273 < aexp <= 288.3855622881154,0.10927781462732399
nuc,7.0,-0.02478947966363634,0.0,258.0,2.691750895275984 < nuc <= 12.62508428119034,0.0790217054465944
