feature,value,importance,min,max,rule,importance_ratio
la,1038,0.2526124060383348,0.0,8960.0,la > 476.1618029404084,0.6759970601020655
aexp,202,-0.032413817675974815,0.0,1406.0,0.37596446854337273 < aexp <= 288.3855622881154,0.08674017954731081
ld,240,0.02630307031030505,0.0,6029.0,41.046938775510206 < ld <= 2168.054608676072,0.07038766812872145
nuc,7.21428571428571,-0.02596151637717372,0.0,258.0,2.691750895275984 < nuc <= 12.62508428119034,0.06947366133751089
ns,1,-0.023368332058727136,1.0,22.0,ns <= 1.5032147725771707,0.06253423582367984
