feature,value,importance,min,max,rule,importance_ratio
la,427,0.19899386291098034,0.0,8960.0,143.122304060467 < la <= 476.1618029404084,0.5366883393952576
age,110.6,0.04971194647537431,0.0,1848.0,69.01912192572016 < age <= 536.7965087044349,0.13407359207811226
nd,4,0.039036439899741586,1.0,32.0,3.5021749794480725 < nd <= 9.505482373642016,0.10528164938969614
nuc,5.25,-0.026161668677643097,0.0,258.0,2.691750895275984 < nuc <= 12.62508428119034,0.07055826904920316
ld,361,0.02312434733016147,0.0,6029.0,41.046938775510206 < ld <= 2168.054608676072,0.06236658451007292
