feature,value,importance,min,max,rule,importance_ratio
la,643,0.253525162059658,0.0,8960.0,la > 476.1618029404084,0.545498193393085
nuc,1.625,-0.06453280908592099,0.0,258.0,0.8856902796551935 < nuc <= 2.0897306900690538,0.13885221681730792
age,125.75,0.04797565841484739,0.0,1848.0,69.01912192572016 < age <= 536.7965087044349,0.103226972737265
nd,4,0.04334369784045783,1.0,32.0,3.5021749794480725 < nd <= 9.505482373642016,0.09326060054497377
ld,62,0.025691708920631894,0.0,6029.0,41.046938775510206 < ld <= 2168.054608676072,0.055279644385308906
