feature,value,importance,min,max,rule,importance_ratio
la,232,0.20013466082384726,0.0,8960.0,143.122304060467 < la <= 476.1618029404084,0.5806137739721506
nd,4,0.04327140968467729,1.0,32.0,3.5021749794480725 < nd <= 9.505482373642016,0.12553535893629614
nuc,4.66666666666667,-0.026797605077065936,0.0,258.0,2.691750895275984 < nuc <= 12.62508428119034,0.0777429484386273
ns,1,-0.02370764630278625,1.0,22.0,ns <= 1.5032147725771707,0.06877862103043296
ld,79,0.023247924126721206,0.0,6029.0,41.046938775510206 < ld <= 2168.054608676072,0.06744491388283022
