feature,value,importance,min,max,rule,importance_ratio
la,63,0.1124459197548252,0.0,8960.0,53.20163936288285 < la <= 143.122304060467,0.4636650980912106
age,89.0,0.05007069152117692,0.0,1848.0,69.01912192572016 < age <= 536.7965087044349,0.20646397971825933
ld,49,0.024150918419836086,0.0,6029.0,41.046938775510206 < ld <= 2168.054608676072,0.09958509817467705
nuc,9.0,-0.023239796077944703,0.0,258.0,2.691750895275984 < nuc <= 12.62508428119034,0.09582813099483384
ns,1,-0.01796254908182793,1.0,22.0,ns <= 1.5032147725771707,0.07406766826358359
