,nuc,aexp,ndev,nd,age,asexp,la,ld,target
0,29.8,30.0,0.6,2.0,7.8,1.97,275.0,151.0,1
1,25.25,69.0,0.38,2.0,5.25,1.25,366.0,156.0,1
2,50.75,155.0,0.5,2.0,15.62,1.25,315.0,264.0,1
3,47.67,177.0,0.44,2.0,22.0,1.25,395.0,287.0,1
4,75.88,2.0,0.75,2.0,61.25,1.0,381.0,203.0,1
5,6.0,16.0,3.0,1.0,63.0,11.0,184.0,64.0,0
6,11.67,46.0,2.67,1.0,0.0,36.0,310.0,113.0,1
7,49.8,5.0,2.4,2.0,12.2,3.0,275.0,50.0,0
8,58.75,64.0,2.5,3.0,37.25,54.0,185.0,1.0,0
9,9.76,24.0,0.59,2.0,23.18,21.0,272.0,217.0,1
10,42.0,36.0,2.2,2.0,13.2,32.0,253.0,221.0,0
11,41.5,4.0,5.5,2.0,4.5,3.0,182.0,1.0,0
12,24.33,52.0,3.67,2.0,30.67,45.0,11.0,12.0,0
13,60.75,11.0,1.75,2.0,26.75,10.0,210.0,21.0,1
14,50.5,20.0,3.25,3.0,32.5,15.0,141.0,4.0,0
15,5.5,65.0,1.5,2.0,15.5,56.0,53.0,126.0,1
16,26.0,74.0,4.0,1.0,35.5,65.0,73.0,26.0,0
17,14.67,20.0,2.33,1.0,54.33,16.0,243.0,19.0,0
18,38.67,32.0,4.33,2.0,26.33,26.0,26.0,3.0,0
19,2.0,51.0,1.0,1.0,28.0,1.0,162.0,125.0,1
20,12.33,37.0,1.33,2.0,9.33,34.0,133.0,112.0,1
21,11.4,42.0,1.0,2.0,15.2,38.0,149.0,116.0,1
22,17.4,139.0,2.4,1.0,18.4,44.0,162.0,68.0,0
23,8.5,140.0,3.0,1.0,44.0,45.0,179.0,36.0,0
24,6.0,13.0,3.0,1.0,34.5,9.0,32.0,54.0,0
25,17.0,13.0,2.67,2.0,15.0,0.12,85.0,29.0,0
26,16.8,51.0,2.0,3.0,9.4,47.0,298.0,112.0,0
27,15.8,149.0,2.4,2.0,32.0,0.0,58.0,60.0,0
28,30.0,23.0,5.0,1.0,33.0,17.0,98.0,26.0,0
29,4.5,364.0,3.0,1.0,47.0,36.0,116.0,24.0,0
30,4.0,365.0,2.33,2.0,33.33,37.0,8.0,59.0,0
31,25.0,366.0,2.67,1.0,12.0,38.0,192.0,86.0,0
32,4.58,319.0,0.67,3.0,30.08,12.0,292.0,52.0,1
33,9.5,19.0,2.5,3.0,29.0,0.37,266.0,36.0,0
34,9.75,375.0,2.5,2.0,26.75,47.0,78.0,68.0,0
35,12.75,35.0,2.25,2.0,41.25,24.0,18.0,35.0,0
36,19.33,37.0,2.33,2.0,40.67,26.0,288.0,131.0,0
37,11.33,28.0,3.0,2.0,5.0,19.0,268.0,26.0,0
38,17.5,45.0,1.5,3.0,58.75,32.0,374.0,290.0,1
39,18.11,80.0,1.44,3.0,34.67,37.0,599.0,6.0,1
40,12.2,90.0,2.0,3.0,37.2,47.0,255.0,20.0,0
41,19.67,7.0,1.17,3.0,20.5,3.0,476.0,162.0,1
42,13.0,50.0,2.6,3.0,12.2,0.25,255.0,98.0,0
43,10.0,5.0,2.67,1.0,18.33,4.0,146.0,4.0,0
44,10.5,53.0,3.0,2.0,1.0,0.25,643.0,259.0,0
45,13.67,8.0,4.33,2.0,13.33,7.0,202.0,142.0,0
46,11.64,33.0,1.0,2.0,11.07,0.08,390.0,71.0,0
47,8.0,13.0,2.5,2.0,48.75,0.17,271.0,59.0,0
48,5.25,32.0,1.12,2.0,22.88,22.0,135.0,34.0,1
49,7.5,66.0,3.5,2.0,15.5,0.75,83.0,17.0,0
50,20.67,159.0,4.33,2.0,6.0,106.0,78.0,140.0,0
51,32.0,34.0,4.67,3.0,15.67,33.0,93.0,70.0,0
52,8.67,21.0,2.0,2.0,24.83,16.0,263.0,188.0,0
53,22.75,24.0,1.42,2.0,36.5,18.0,418.0,232.0,1
54,8.8,25.0,1.3,3.0,49.9,19.0,316.0,242.0,1
55,17.82,40.0,1.27,3.0,29.45,38.0,301.0,196.0,1
56,3.0,89.0,0.86,2.0,8.57,0.17,232.0,66.0,0
57,37.25,90.0,4.0,2.0,1.5,0.5,112.0,48.0,0
58,8.0,13.0,4.5,1.0,16.5,7.0,303.0,3.0,0
59,6.71,330.0,1.0,2.0,13.71,0.0,186.0,117.0,0
60,21.5,52.0,3.0,3.0,39.5,0.31,682.0,0.0,0
61,36.6,43.0,3.8,1.0,15.2,33.0,408.0,34.0,0
62,1.0,9.0,0.2,2.0,30.0,6.0,400.0,76.0,1
63,6.0,44.0,2.0,1.0,18.0,7.0,172.0,113.0,0
64,8.0,45.0,3.5,2.0,38.5,34.0,31.0,3.0,0
65,23.57,195.0,2.43,1.0,53.43,93.0,168.0,123.0,0
66,4.8,13.0,0.8,2.0,63.2,3.0,390.0,50.0,1
67,5.67,110.0,0.83,3.0,22.0,0.0,384.0,24.0,0
68,7.17,28.0,0.83,2.0,9.0,17.0,477.0,303.0,1
69,6.57,345.0,1.14,2.0,24.71,0.0,582.0,109.0,0
70,6.0,9.0,3.0,1.0,20.0,8.0,142.0,10.0,0
71,26.67,12.0,4.0,1.0,10.33,8.0,63.0,186.0,0
72,16.75,205.0,2.0,2.0,16.12,0.17,302.0,32.0,0
73,10.4,1.0,2.6,2.0,23.8,0.0,36.0,6.0,0
74,51.0,146.0,3.4,2.0,13.6,122.0,164.0,233.0,0
75,24.29,1.0,2.57,3.0,6.86,0.0,305.0,28.0,0
76,12.0,113.0,3.0,1.0,6.0,31.0,239.0,115.0,0
77,26.75,102.0,3.25,2.0,32.0,73.0,135.0,23.0,0
78,20.0,61.0,3.75,2.0,1.25,0.5,426.0,0.0,0
79,7.0,22.0,3.0,2.0,24.0,18.0,127.0,9.0,0
80,8.0,63.0,1.07,2.0,28.14,49.0,464.0,140.0,1
81,28.0,127.0,4.0,3.0,25.2,0.02,89.0,66.0,0
82,5.12,86.0,1.25,2.0,30.25,45.0,682.0,17.0,1
83,55.33,69.0,3.33,2.0,57.67,53.0,73.0,82.0,0
84,16.25,235.0,2.25,2.0,37.75,128.0,563.0,0.0,1
85,43.33,24.0,5.67,2.0,24.67,0.5,90.0,0.0,0
86,6.0,41.0,3.5,1.0,38.5,1.0,399.0,11.0,0
87,6.33,43.0,1.67,1.0,17.0,30.0,262.0,94.0,1
88,20.89,74.0,2.22,2.0,55.22,0.5,132.0,114.0,0
89,25.75,158.0,4.25,3.0,24.75,0.75,172.0,307.0,0
90,24.8,166.0,3.2,3.0,28.0,0.39,463.0,147.0,0
91,39.0,33.0,3.33,3.0,30.17,29.0,97.0,25.0,0
92,22.67,97.0,5.33,1.0,45.0,52.0,353.0,18.0,0
93,10.0,181.0,5.5,2.0,11.5,106.0,376.0,1.0,0
94,38.1,158.0,2.0,3.0,27.4,107.0,331.0,35.0,0
95,14.57,81.0,1.57,1.0,8.29,0.5,273.0,171.0,0
96,22.67,45.0,6.0,2.0,23.67,0.29,174.0,1.0,0
97,5.0,56.0,1.75,1.0,24.25,40.0,238.0,21.0,1
98,17.55,205.0,1.91,3.0,43.91,0.5,375.0,164.0,0
99,21.5,41.0,3.17,3.0,60.33,0.44,158.0,63.0,0
100,32.8,1.0,2.8,1.0,7.4,0.0,430.0,4.0,0
101,7.0,0.0,2.75,2.0,11.0,0.0,137.0,79.0,0
102,77.56,7.0,2.89,3.0,27.78,7.0,151.0,32.0,0
103,31.0,5.0,5.5,1.0,22.0,1.0,98.0,52.0,0
104,11.71,9.0,2.86,3.0,50.43,0.5,582.0,89.0,0
105,70.33,19.0,5.33,1.0,13.0,18.0,199.0,16.0,0
106,18.0,37.0,5.67,2.0,20.33,0.03,180.0,43.0,0
107,48.75,46.0,5.75,2.0,14.75,0.26,367.0,57.0,0
108,25.25,13.0,6.25,2.0,38.0,0.5,194.0,45.0,0
109,28.67,62.0,4.33,2.0,19.67,43.0,93.0,62.0,0
110,12.25,76.0,2.75,3.0,53.75,0.03,241.0,26.0,0
111,11.62,0.0,2.75,2.0,34.5,0.0,29.0,9.0,0
112,59.4,50.0,4.0,2.0,6.2,1.5,273.0,57.0,0
113,7.71,214.0,2.29,3.0,61.86,0.0,208.0,61.0,0
114,31.25,0.0,5.75,1.0,6.25,0.0,171.0,145.0,0
115,9.0,145.0,4.0,2.0,13.5,0.03,90.0,2.0,0
116,8.8,58.0,2.4,1.0,7.4,40.0,192.0,65.0,0
117,21.38,164.0,2.62,3.0,30.5,0.0,258.0,5.0,0
118,6.0,25.0,5.0,1.0,20.5,0.89,357.0,60.0,0
119,34.8,190.0,6.2,2.0,17.6,108.0,134.0,14.0,0
120,30.75,95.0,4.75,2.0,28.75,68.0,10.0,4.0,0
121,26.0,34.0,2.71,2.0,30.64,0.0,601.0,19.0,0
122,13.0,30.0,4.5,2.0,42.5,0.86,31.0,23.0,0
123,17.25,32.0,5.0,2.0,20.25,0.86,223.0,98.0,0
124,26.62,106.0,4.38,1.0,30.62,0.5,193.0,30.0,0
125,12.0,29.0,4.5,2.0,21.0,0.5,102.0,1.0,0
126,79.17,22.0,6.5,2.0,19.17,11.0,151.0,39.0,0
127,0.82,25.0,0.73,2.0,12.91,0.43,410.0,64.0,0
128,16.0,36.0,3.5,2.0,19.0,13.0,60.0,21.0,0
129,6.8,1.0,2.6,2.0,14.0,1.0,191.0,108.0,0
130,10.25,279.0,3.5,2.0,30.75,0.03,49.0,18.0,0
131,10.0,3.0,3.5,2.0,44.0,0.88,49.0,5.0,0
132,13.62,49.0,2.25,1.0,32.62,0.26,356.0,168.0,0
133,7.5,46.0,4.5,1.0,14.0,0.02,425.0,270.0,0
134,47.2,4.0,5.8,2.0,21.4,4.0,266.0,268.0,0
135,47.2,4.0,5.8,2.0,21.4,4.0,266.0,268.0,0
136,8.67,47.0,3.67,1.0,69.33,21.0,327.0,2.0,1
137,5.75,51.0,2.5,3.0,63.75,0.48,136.0,153.0,0
138,18.0,56.0,5.0,1.0,30.67,40.0,186.0,110.0,0
139,10.73,55.0,2.18,2.0,39.91,41.0,668.0,83.0,0
140,22.25,52.0,5.0,2.0,17.0,0.26,125.0,10.0,0
141,11.0,30.0,2.83,2.0,12.17,17.0,364.0,98.0,0
142,1.75,5.0,1.0,1.0,24.25,2.0,180.0,204.0,1
143,10.0,148.0,5.0,1.0,24.0,102.0,184.0,4.0,0
144,1.75,60.0,1.25,2.0,33.25,7.0,295.0,0.0,1
145,3.5,65.0,0.75,2.0,11.75,33.0,183.0,119.0,1
146,15.5,333.0,3.33,2.0,0.83,0.0,342.0,32.0,0
147,31.0,43.0,6.25,2.0,45.0,38.0,128.0,42.0,0
148,11.0,13.0,5.0,1.0,9.0,10.0,226.0,3.0,0
149,11.0,105.0,5.5,2.0,50.5,0.48,35.0,22.0,0
150,25.0,40.0,5.14,2.0,37.0,0.43,160.0,13.0,0
151,10.0,43.0,4.33,2.0,45.67,25.0,76.0,0.0,0
152,12.6,131.0,3.8,3.0,19.4,89.0,211.0,2.0,0
153,24.4,75.0,5.0,2.0,13.8,28.0,122.0,30.0,0
154,17.25,0.0,5.25,2.0,15.0,0.0,372.0,5.0,0
155,19.33,22.0,7.0,2.0,48.33,1.1,184.0,28.0,0
156,24.5,74.0,7.5,2.0,30.0,0.86,112.0,35.0,0
157,17.75,92.0,5.25,2.0,13.5,0.94,262.0,207.0,0
158,26.33,163.0,6.0,1.0,28.33,119.0,156.0,31.0,0
159,7.0,82.0,2.08,3.0,30.15,0.0,484.0,3.0,0
160,43.0,138.0,7.0,3.0,24.5,0.0,311.0,62.0,0
161,9.5,58.0,4.0,1.0,21.0,7.0,44.0,65.0,0
162,11.2,59.0,2.6,2.0,28.6,8.0,61.0,40.0,0
163,46.33,401.0,8.0,2.0,35.83,0.0,256.0,64.0,0
164,22.5,62.0,4.62,3.0,19.12,33.0,314.0,217.0,0
165,3.0,121.0,1.0,2.0,32.0,50.0,150.0,9.0,1
166,7.33,107.0,2.67,2.0,21.0,0.5,43.0,15.0,0
167,43.33,153.0,4.33,2.0,70.89,101.0,258.0,57.0,0
168,7.8,112.0,1.2,3.0,39.2,19.0,203.0,202.0,1
169,19.75,100.0,2.38,3.0,28.69,0.29,713.0,56.0,0
170,4.5,14.0,2.5,1.0,46.5,13.0,280.0,301.0,0
171,13.0,31.0,4.0,1.0,11.0,1.1,92.0,72.0,0
172,21.67,11.0,7.33,2.0,56.33,5.0,295.0,20.0,0
173,17.8,12.0,5.2,2.0,28.2,1.68,81.0,136.0,0
174,26.0,4.0,3.0,3.0,63.85,2.0,212.0,235.0,0
175,8.43,168.0,3.0,2.0,51.43,0.0,320.0,14.0,0
176,27.33,14.0,4.67,1.0,43.67,9.0,97.0,4.0,0
177,78.2,3.0,6.0,3.0,41.0,0.62,165.0,33.0,0
178,22.14,309.0,4.43,2.0,52.71,220.0,622.0,189.0,0
179,18.17,143.0,3.67,3.0,51.67,0.94,107.0,46.0,0
180,10.29,34.0,2.86,2.0,22.29,26.0,58.0,33.0,0
181,7.0,20.0,2.5,2.0,14.5,0.0,222.0,0.0,0
182,18.0,54.0,4.17,2.0,24.33,39.0,317.0,343.0,0
183,3.75,57.0,1.62,2.0,3.25,42.0,504.0,284.0,1
184,40.0,134.0,7.0,2.0,34.0,104.0,343.0,254.0,0
185,13.5,135.0,3.0,2.0,35.0,24.0,42.0,27.0,0
186,27.33,15.0,7.0,1.0,43.0,7.0,126.0,72.0,0
187,4.67,10.0,1.56,2.0,25.44,7.0,346.0,93.0,1
188,16.73,15.0,3.09,1.0,36.0,1.88,483.0,227.0,0
189,18.83,383.0,4.33,2.0,20.17,0.06,54.0,22.0,0
190,13.56,1.0,2.33,2.0,37.11,0.5,579.0,272.0,0
191,25.89,5.0,3.78,3.0,20.11,1.31,85.0,65.0,0
192,16.0,124.0,4.4,1.0,20.2,71.0,116.0,55.0,0
193,9.0,32.0,4.0,1.0,26.67,18.0,546.0,189.0,0
194,18.88,6.0,3.0,2.0,18.25,1.22,264.0,188.0,0
195,49.08,0.0,4.62,3.0,51.54,0.0,257.0,36.0,0
196,5.75,62.0,2.5,1.0,69.5,45.0,273.0,183.0,0
197,16.4,170.0,5.0,2.0,30.8,0.5,5.0,1.0,0
198,6.25,12.0,2.25,3.0,13.75,0.0,567.0,37.0,0
199,9.62,0.0,2.38,2.0,76.12,0.0,221.0,174.0,0
200,55.64,463.0,5.73,2.0,9.18,1.0,527.0,12.0,0
201,52.0,54.0,6.12,2.0,34.38,1.03,222.0,31.0,0
202,11.53,68.0,1.76,3.0,33.18,0.35,417.0,383.0,0
203,8.5,15.0,2.5,2.0,10.5,0.01,295.0,0.0,0
204,13.17,16.0,1.83,2.0,48.5,4.0,178.0,44.0,1
205,9.33,185.0,2.67,1.0,30.33,141.0,268.0,181.0,0
206,19.17,21.0,3.0,1.0,11.67,5.0,93.0,72.0,0
207,18.0,195.0,2.33,3.0,37.0,44.0,132.0,8.0,0
208,24.25,24.0,4.75,2.0,19.25,0.01,328.0,120.0,0
209,6.67,0.0,3.33,2.0,5.0,0.0,557.0,0.0,0
210,30.45,47.0,4.0,2.0,40.64,28.0,323.0,86.0,0
211,47.14,96.0,4.36,1.0,21.07,66.0,701.0,175.0,0
212,49.43,99.0,4.43,1.0,9.64,69.0,698.0,175.0,0
213,5.83,8.0,1.17,2.0,13.33,7.0,137.0,48.0,1
214,9.0,6.0,4.0,1.0,32.0,6.0,661.0,70.0,0
215,3.33,582.0,2.67,2.0,39.0,1.0,182.0,75.0,0
216,20.67,9.0,5.0,2.0,42.33,8.0,53.0,33.0,0
217,9.29,100.0,2.0,1.0,37.14,70.0,247.0,19.0,0
218,6.0,25.0,0.8,3.0,36.0,0.62,423.0,45.0,0
219,13.45,127.0,2.27,2.0,24.45,0.39,583.0,313.0,0
220,25.2,27.0,6.8,2.0,15.2,17.0,412.0,12.0,0
221,11.43,18.0,4.29,2.0,27.0,0.0,110.0,8.0,0
222,5.46,136.0,1.08,3.0,26.15,0.21,607.0,145.0,0
223,50.47,109.0,2.53,3.0,43.43,0.35,289.0,379.0,0
224,2.29,39.0,1.14,1.0,33.57,0.67,285.0,141.0,1
225,17.2,143.0,3.4,1.0,38.4,0.76,471.0,315.0,0
226,16.29,144.0,1.88,1.0,27.12,0.76,526.0,198.0,0
227,60.87,146.0,5.07,2.0,18.2,0.76,618.0,102.0,0
228,10.2,7.0,2.0,2.0,10.4,1.67,306.0,28.0,0
229,27.2,30.0,6.0,2.0,71.8,28.0,212.0,84.0,0
230,24.5,8.0,4.17,2.0,35.67,5.0,187.0,34.0,0
231,17.25,11.0,4.25,2.0,10.25,1.69,590.0,2.0,0
232,14.0,9.0,4.0,2.0,58.67,0.39,52.0,14.0,0
233,3.33,6.0,1.33,1.0,44.33,5.0,253.0,5.0,1
234,11.0,40.0,1.5,1.0,17.0,0.26,158.0,188.0,0
235,24.4,20.0,6.8,2.0,43.6,18.0,166.0,16.0,0
236,16.14,39.0,4.71,1.0,5.86,36.0,190.0,120.0,0
237,18.12,44.0,2.75,2.0,1.62,1.02,591.0,15.0,0
238,15.0,46.0,5.5,1.0,46.0,33.0,120.0,47.0,0
239,12.0,45.0,1.6,1.0,1.4,1.02,441.0,136.0,0
240,27.49,32.7,4.14,1.41,14.2,22.49,75.42,134.67,0
241,27.28,27.38,4.1,1.31,13.2,18.77,72.23,147.85,0
242,27.87,42.09,4.2,1.6,15.95,29.06,81.05,111.38,0
243,26.78,14.77,4.02,1.06,10.85,9.94,64.66,179.13,0
244,28.58,59.87,4.32,1.96,19.27,41.51,91.72,67.27,0
245,27.5,32.71,4.14,1.41,14.2,22.5,75.43,134.63,0
246,26.67,12.05,4.0,1.0,10.34,8.03,63.03,185.89,0
247,26.86,16.92,4.03,1.1,11.25,11.44,65.95,173.8,0
248,26.86,16.8,4.03,1.1,11.23,11.36,65.88,174.1,0
249,27.45,31.67,4.13,1.39,14.01,21.77,74.8,137.21,0
250,27.82,40.8,4.19,1.58,15.71,28.16,80.28,114.58,0
251,27.09,22.63,4.07,1.21,12.32,15.44,69.38,159.64,0
252,27.38,29.82,4.12,1.36,13.66,20.47,73.69,141.81,0
253,28.2,50.37,4.26,1.77,17.5,34.86,86.02,90.85,0
254,28.53,58.57,4.31,1.93,19.03,40.6,90.94,70.5,0
255,27.41,30.52,4.12,1.37,13.79,20.97,74.11,140.06,0
256,27.82,40.92,4.19,1.58,15.73,28.24,80.35,114.29,0
257,27.47,32.2,4.13,1.4,14.1,22.14,75.12,135.91,0
258,26.99,20.19,4.05,1.16,11.86,13.73,67.91,165.69,0
259,28.41,55.5,4.29,1.87,18.45,38.45,89.1,78.12,0
260,28.4,55.39,4.29,1.87,18.43,38.37,89.03,78.4,0
261,27.76,39.28,4.18,1.55,15.42,27.09,79.37,118.35,0
262,28.52,58.27,4.31,1.93,18.97,40.39,90.76,71.24,0
263,27.24,26.32,4.1,1.29,13.01,18.02,71.59,150.5,0
264,27.18,24.73,4.08,1.25,12.71,16.91,70.64,154.44,0
265,28.14,48.92,4.25,1.74,17.23,33.85,85.15,94.43,0
266,27.96,44.42,4.22,1.65,16.39,30.69,82.45,105.6,0
267,26.87,17.04,4.03,1.1,11.27,11.53,66.02,173.51,0
268,27.61,35.48,4.16,1.47,14.72,24.44,77.09,127.76,0
269,28.27,52.13,4.27,1.8,17.83,36.09,87.08,86.47,0
270,28.66,61.83,4.33,2.0,19.63,42.88,92.9,62.43,0
271,28.23,51.17,4.26,1.78,17.65,35.42,86.5,88.86,0
272,28.54,58.76,4.31,1.94,19.06,40.73,91.06,70.03,0
273,27.22,25.85,4.09,1.28,12.92,17.7,71.31,151.65,0
274,28.61,60.5,4.32,1.97,19.39,41.95,92.1,65.72,0
275,27.18,24.82,4.09,1.26,12.73,16.97,70.69,154.21,0
276,27.71,38.05,4.17,1.52,15.2,26.24,78.63,121.39,0
277,27.42,30.81,4.13,1.38,13.84,21.17,74.29,139.35,0
278,28.22,50.85,4.26,1.78,17.58,35.19,86.31,89.66,0
279,26.89,17.63,4.04,1.11,11.38,11.94,66.38,172.04,0
280,28.02,45.89,4.23,1.68,16.66,31.72,83.33,101.96,0
281,26.79,15.17,4.02,1.06,10.92,10.22,64.9,178.14,0
282,28.0,45.43,4.22,1.67,16.57,31.4,83.06,103.08,0
283,27.17,24.63,4.08,1.25,12.69,16.84,70.58,154.68,0
284,27.91,42.98,4.21,1.62,16.12,29.69,81.59,109.16,0
285,28.05,46.47,4.23,1.69,16.77,32.13,83.68,100.52,0
286,27.24,26.32,4.1,1.29,13.01,18.02,71.59,150.5,0
287,26.96,19.43,4.05,1.15,11.72,13.2,67.46,167.56,0
288,27.86,41.94,4.2,1.6,15.92,28.96,80.96,111.75,0
289,27.15,23.99,4.08,1.24,12.57,16.39,70.2,156.26,0
290,28.19,50.04,4.25,1.76,17.44,34.63,85.83,91.65,0
291,28.47,56.97,4.3,1.9,18.73,39.48,89.98,74.47,0
292,28.51,58.15,4.31,1.92,18.95,40.31,90.69,71.54,0
293,27.23,25.99,4.09,1.28,12.94,17.79,71.39,151.31,0
294,26.69,12.7,4.0,1.01,10.46,8.49,63.42,184.27,0
295,27.54,33.9,4.15,1.44,14.42,23.33,76.14,131.69,0
296,26.8,15.38,4.02,1.07,10.96,10.37,65.03,177.62,0
297,27.92,43.28,4.21,1.63,16.17,29.9,81.77,108.42,0
298,28.14,48.86,4.25,1.74,17.21,33.8,85.11,94.6,0
299,27.62,35.89,4.16,1.48,14.79,24.72,77.33,126.76,0
300,27.42,30.81,4.13,1.38,13.84,21.17,74.29,139.35,0
301,28.41,55.63,4.29,1.87,18.48,38.54,89.18,77.8,0
302,27.03,21.14,4.06,1.18,12.04,14.4,68.48,163.33,0
303,28.62,60.84,4.33,1.98,19.45,42.18,92.3,64.89,0
304,27.53,33.46,4.14,1.43,14.34,23.02,75.88,132.78,0
305,28.07,46.96,4.23,1.7,16.86,32.47,83.98,99.3,0
306,27.45,31.55,4.13,1.39,13.98,21.69,74.73,137.51,0
307,28.4,55.22,4.29,1.86,18.4,38.25,88.93,78.82,0
308,27.75,39.02,4.18,1.54,15.38,26.91,79.21,118.99,0
309,26.82,15.77,4.03,1.08,11.04,10.64,65.26,176.65,0
310,27.68,37.41,4.17,1.51,15.08,25.79,78.25,122.98,0
311,27.34,28.92,4.11,1.34,13.49,19.84,73.15,144.04,0
312,28.53,58.63,4.31,1.93,19.04,40.64,90.98,70.35,0
313,27.33,28.54,4.11,1.33,13.42,19.57,72.92,144.99,0
314,27.06,21.91,4.07,1.2,12.18,14.94,68.95,161.42,0
315,27.69,37.49,4.17,1.51,15.09,25.84,78.29,122.79,0
316,27.3,27.87,4.11,1.32,13.3,19.11,72.52,146.64,0
317,27.65,36.59,4.16,1.49,14.92,25.22,77.76,125.01,0
318,27.35,29.18,4.11,1.34,13.54,20.02,73.31,143.41,0
319,28.31,52.96,4.27,1.82,17.98,36.67,87.58,84.42,0
320,28.44,56.22,4.29,1.88,18.59,38.95,89.53,76.34,0
321,27.58,34.95,4.15,1.46,14.62,24.06,76.77,129.09,0
322,28.32,53.27,4.28,1.83,18.04,36.89,87.76,83.65,0
323,28.6,60.25,4.32,1.96,19.34,41.77,91.95,66.34,0
324,26.78,14.82,4.02,1.06,10.86,9.98,64.69,178.99,0
325,28.07,47.06,4.23,1.7,16.88,32.54,84.03,99.06,0
326,28.17,49.62,4.25,1.75,17.36,34.34,85.57,92.7,0
327,27.76,39.43,4.18,1.55,15.45,27.2,79.46,117.97,0
328,28.58,59.81,4.32,1.96,19.26,41.47,91.69,67.42,0
329,28.27,51.97,4.27,1.8,17.79,35.98,86.98,86.88,0
330,28.38,54.83,4.29,1.86,18.33,37.98,88.7,79.77,0
331,28.64,61.46,4.33,1.99,19.57,42.62,92.67,63.35,0
332,27.05,21.53,4.06,1.19,12.11,14.67,68.72,162.37,0
333,28.05,46.62,4.23,1.69,16.8,32.24,83.77,100.13,0
334,28.08,47.25,4.23,1.7,16.91,32.67,84.15,98.59,0
335,28.08,47.42,4.24,1.71,16.94,32.79,84.25,98.17,0
336,28.07,47.09,4.23,1.7,16.88,32.57,84.06,98.97,0
337,26.74,13.89,4.01,1.04,10.69,9.32,64.14,181.31,0
338,27.17,24.53,4.08,1.25,12.67,16.77,70.52,154.93,0
339,28.46,56.78,4.3,1.9,18.69,39.35,89.87,74.94,0
340,26.98,19.77,4.05,1.16,11.78,13.44,67.66,166.73,0
341,26.87,17.04,4.03,1.1,11.27,11.52,66.02,173.51,0
342,28.23,51.15,4.26,1.78,17.64,35.4,86.49,88.91,0
343,26.92,18.39,4.04,1.13,11.53,12.47,66.83,170.16,0
344,27.02,20.92,4.06,1.18,12.0,14.24,68.35,163.88,0
345,27.78,39.94,4.19,1.56,15.55,27.56,79.76,116.72,0
346,27.72,38.24,4.17,1.52,15.23,26.37,78.75,120.92,0
347,28.09,47.54,4.24,1.71,16.97,32.88,84.32,97.86,0
348,27.38,29.78,4.12,1.36,13.65,20.44,73.67,141.92,0
349,28.16,49.38,4.25,1.75,17.31,34.16,85.43,93.3,0
350,28.3,52.85,4.27,1.82,17.96,36.6,87.51,84.69,0
351,26.81,15.61,4.02,1.07,11.01,10.53,65.17,177.04,0
352,28.47,57.16,4.3,1.9,18.76,39.61,90.1,74.0,0
353,26.91,18.04,4.04,1.12,11.46,12.22,66.62,171.03,0
354,27.39,30.0,4.12,1.36,13.69,20.6,73.8,141.35,0
355,27.15,24.06,4.08,1.24,12.58,16.44,70.24,156.09,0
356,26.81,15.54,4.02,1.07,10.99,10.47,65.12,177.23,0
357,28.1,47.71,4.24,1.71,17.0,33.0,84.43,97.43,0
358,27.02,20.74,4.06,1.17,11.96,14.12,68.24,164.33,0
359,27.35,29.2,4.11,1.34,13.54,20.04,73.32,143.34,0
360,28.32,53.44,4.28,1.83,18.07,37.01,87.86,83.23,0
361,26.93,18.52,4.04,1.13,11.55,12.57,66.91,169.82,0
362,27.72,38.23,4.17,1.52,15.23,26.36,78.74,120.95,0
363,27.47,32.14,4.13,1.4,14.09,22.1,75.09,136.05,0
364,27.55,34.05,4.15,1.44,14.45,23.43,76.23,131.32,0
365,26.91,17.97,4.04,1.12,11.45,12.18,66.58,171.2,0
366,28.19,50.14,4.25,1.76,17.45,34.7,85.88,91.41,0
367,26.97,19.58,4.05,1.15,11.75,13.3,67.55,167.21,0
368,27.12,23.41,4.08,1.23,12.46,15.99,69.85,157.7,0
369,28.5,57.73,4.3,1.91,18.87,40.01,90.44,72.58,0
370,27.85,41.47,4.2,1.59,15.83,28.63,80.68,112.92,0
371,26.67,12.19,4.0,1.0,10.37,8.13,63.12,185.52,0
372,26.78,14.78,4.02,1.06,10.85,9.95,64.67,179.11,0
373,27.72,38.45,4.18,1.53,15.27,26.51,78.87,120.41,0
374,26.68,12.26,4.0,1.01,10.38,8.18,63.16,185.35,0
375,28.05,46.51,4.23,1.69,16.78,32.16,83.71,100.41,0
376,28.25,51.52,4.26,1.79,17.71,35.67,86.71,87.98,0
377,28.08,47.26,4.24,1.71,16.92,32.68,84.16,98.55,0
378,27.61,35.64,4.16,1.47,14.75,24.55,77.19,127.36,0
379,28.55,59.05,4.31,1.94,19.12,40.94,91.23,69.32,0
380,27.72,38.23,4.17,1.52,15.23,26.36,78.74,120.94,0
381,28.33,53.49,4.28,1.83,18.08,37.04,87.9,83.1,0
382,27.39,29.99,4.12,1.36,13.69,20.6,73.8,141.38,0
383,27.33,28.65,4.11,1.33,13.44,19.66,72.99,144.7,0
384,27.1,22.94,4.07,1.22,12.38,15.66,69.56,158.87,0
385,28.0,45.38,4.22,1.67,16.56,31.36,83.03,103.23,0
386,26.67,12.05,4.0,1.0,10.34,8.04,63.03,185.88,0
387,26.97,19.63,4.05,1.15,11.76,13.34,67.58,167.09,0
388,27.05,21.47,4.06,1.19,12.1,14.63,68.68,162.52,0
389,26.81,15.64,4.02,1.07,11.01,10.55,65.19,176.97,0
390,27.42,30.91,4.13,1.38,13.86,21.24,74.35,139.09,0
391,27.16,24.22,4.08,1.24,12.61,16.56,70.33,155.69,0
392,27.33,28.68,4.11,1.33,13.45,19.67,73.01,144.64,0
393,27.92,43.37,4.21,1.63,16.19,29.96,81.82,108.2,0
394,28.61,60.49,4.32,1.97,19.39,41.95,92.1,65.73,0
395,27.35,29.17,4.11,1.34,13.54,20.02,73.3,143.41,0
396,27.09,22.59,4.07,1.21,12.31,15.41,69.35,159.73,0
397,26.97,19.52,4.05,1.15,11.74,13.27,67.51,167.35,0
398,28.64,61.25,4.33,1.98,19.53,42.47,92.55,63.86,0
399,28.14,48.84,4.25,1.74,17.21,33.79,85.1,94.64,0
400,28.49,57.52,4.3,1.91,18.83,39.87,90.31,73.1,0
401,28.39,55.15,4.29,1.86,18.39,38.2,88.89,78.99,0
402,26.78,14.94,4.02,1.06,10.88,10.06,64.76,178.71,0
403,28.19,50.06,4.25,1.76,17.44,34.64,85.84,91.61,0
404,26.77,14.56,4.02,1.05,10.81,9.79,64.54,179.65,0
405,27.0,20.42,4.06,1.17,11.9,13.89,68.05,165.13,0
406,27.02,20.92,4.06,1.18,12.0,14.25,68.35,163.87,0
407,27.06,21.71,4.06,1.19,12.15,14.8,68.83,161.92,0
408,28.57,59.5,4.32,1.95,19.2,41.25,91.5,68.21,0
409,27.7,37.78,4.17,1.52,15.14,26.04,78.47,122.08,0
410,28.45,56.58,4.3,1.89,18.66,39.21,89.75,75.44,0
411,27.78,39.92,4.19,1.56,15.55,27.54,79.75,116.76,0
412,27.56,34.4,4.15,1.45,14.51,23.68,76.44,130.45,0
413,28.06,46.75,4.23,1.7,16.82,32.33,83.85,99.82,0
414,27.07,21.97,4.07,1.2,12.19,14.98,68.98,161.27,0
415,27.64,36.22,4.16,1.48,14.86,24.96,77.53,125.92,0
416,26.79,15.09,4.02,1.06,10.91,10.16,64.86,178.33,0
417,27.57,34.47,4.15,1.45,14.53,23.73,76.48,130.28,0
418,28.56,59.24,4.31,1.94,19.15,41.07,91.35,68.84,0
419,28.2,50.45,4.26,1.77,17.51,34.91,86.07,90.65,0
420,28.09,47.48,4.24,1.71,16.96,32.84,84.29,98.0,0
421,27.41,30.64,4.12,1.37,13.81,21.05,74.18,139.78,0
422,27.23,26.12,4.09,1.28,12.97,17.88,71.47,150.99,0
423,28.38,54.91,4.29,1.86,18.34,38.03,88.74,79.59,0
424,28.17,49.61,4.25,1.75,17.35,34.32,85.56,92.74,0
425,28.2,50.38,4.26,1.77,17.5,34.87,86.03,90.81,0
426,28.08,47.46,4.24,1.71,16.95,32.82,84.27,98.06,0
427,27.65,36.71,4.16,1.49,14.95,25.29,77.82,124.73,0
428,28.19,49.98,4.25,1.76,17.42,34.59,85.79,91.8,0
429,26.69,12.69,4.0,1.01,10.46,8.48,63.41,184.29,0
430,27.76,39.25,4.18,1.55,15.42,27.08,79.35,118.41,0
431,27.68,37.28,4.17,1.51,15.05,25.69,78.17,123.31,0
432,27.77,39.7,4.18,1.55,15.5,27.39,79.62,117.3,0
433,28.62,60.96,4.33,1.98,19.47,42.27,92.37,64.59,0
434,26.76,14.26,4.02,1.05,10.75,9.58,64.35,180.4,0
435,28.12,48.34,4.24,1.73,17.12,33.44,84.8,95.89,0
436,28.19,49.98,4.25,1.76,17.42,34.59,85.79,91.81,0
437,27.49,32.47,4.14,1.41,14.16,22.33,75.28,135.22,0
438,27.53,33.71,4.14,1.43,14.39,23.2,76.02,132.16,0
439,27.14,23.81,4.08,1.24,12.54,16.26,70.08,156.72,0
440,27.4,30.43,4.12,1.37,13.77,20.9,74.06,140.29,0
441,27.11,23.19,4.07,1.22,12.42,15.83,69.71,158.26,0
442,26.87,17.18,4.03,1.1,11.3,11.63,66.11,173.15,0
443,27.09,22.48,4.07,1.21,12.29,15.34,69.29,160.0,0
444,27.84,41.44,4.2,1.59,15.83,28.61,80.67,112.98,0
445,28.66,61.93,4.33,2.0,19.65,42.95,92.96,62.18,0
446,27.98,44.82,4.22,1.66,16.46,30.97,82.69,104.6,0
447,26.9,17.89,4.04,1.12,11.43,12.12,66.53,171.4,0
448,27.35,29.02,4.11,1.34,13.51,19.91,73.21,143.79,0
449,27.65,36.49,4.16,1.49,14.9,25.14,77.69,125.28,0
450,27.17,24.65,4.08,1.25,12.7,16.86,70.59,154.62,0
451,27.96,44.35,4.22,1.65,16.37,30.64,82.41,105.78,0
452,28.02,45.83,4.23,1.68,16.65,31.68,83.3,102.1,0
453,27.34,28.9,4.11,1.34,13.49,19.83,73.14,144.08,0
454,27.93,43.48,4.21,1.63,16.21,30.04,81.89,107.92,0
455,27.81,40.62,4.19,1.57,15.68,28.03,80.17,115.03,0
456,28.1,47.84,4.24,1.72,17.02,33.09,84.5,97.12,0
457,27.31,28.02,4.11,1.32,13.32,19.22,72.61,146.27,0
458,27.42,30.85,4.13,1.38,13.85,21.2,74.31,139.25,0
459,27.6,35.32,4.16,1.47,14.69,24.33,76.99,128.16,0
460,26.98,19.71,4.05,1.15,11.77,13.4,67.63,166.87,0
461,27.1,22.95,4.07,1.22,12.38,15.67,69.57,158.84,0
462,27.04,21.3,4.06,1.19,12.07,14.51,68.58,162.94,0
463,28.17,49.55,4.25,1.75,17.34,34.29,85.53,92.87,0
464,27.2,25.32,4.09,1.27,12.82,17.32,70.99,152.97,0
465,27.99,45.03,4.22,1.66,16.5,31.12,82.82,104.09,0
466,27.99,45.17,4.22,1.66,16.53,31.22,82.9,103.73,0
467,28.28,52.37,4.27,1.81,17.87,36.26,87.22,85.89,0
468,26.73,13.58,4.01,1.03,10.63,9.11,63.95,182.08,0
469,27.61,35.59,4.16,1.47,14.74,24.51,77.16,127.49,0
470,28.53,58.6,4.31,1.93,19.03,40.62,90.96,70.44,0
471,27.18,24.93,4.09,1.26,12.75,17.05,70.76,153.94,0
472,28.0,45.24,4.22,1.66,16.54,31.27,82.95,103.56,0
473,27.1,22.95,4.07,1.22,12.38,15.66,69.57,158.85,0
474,27.41,30.65,4.12,1.37,13.81,21.06,74.19,139.75,0
475,27.79,40.12,4.19,1.56,15.58,27.68,79.87,116.27,0
476,28.42,55.92,4.29,1.88,18.53,38.74,89.35,77.08,0
477,26.94,18.86,4.05,1.14,11.61,12.8,67.11,169.0,0
478,27.42,30.76,4.13,1.38,13.84,21.13,74.26,139.47,0
479,26.74,13.81,4.01,1.04,10.67,9.27,64.09,181.5,0
480,27.56,34.45,4.15,1.45,14.52,23.72,76.47,130.32,0
481,28.63,60.98,4.33,1.98,19.48,42.28,92.39,64.54,0
482,27.17,24.52,4.08,1.25,12.67,16.76,70.51,154.96,0
483,27.39,30.12,4.12,1.36,13.72,20.68,73.87,141.07,0
484,28.6,60.29,4.32,1.97,19.35,41.8,91.97,66.24,0
485,28.15,49.11,4.25,1.74,17.26,33.98,85.27,93.96,0
486,27.82,40.77,4.19,1.58,15.7,28.14,80.26,114.65,0
487,28.53,58.53,4.31,1.93,19.02,40.57,90.92,70.6,0
488,27.16,24.4,4.08,1.25,12.65,16.68,70.44,155.24,0
489,26.82,15.95,4.03,1.08,11.07,10.76,65.37,176.21,0
490,28.41,55.69,4.29,1.87,18.49,38.58,89.22,77.64,0
491,28.37,54.53,4.28,1.85,18.27,37.77,88.52,80.53,0
492,27.83,41.16,4.19,1.58,15.78,28.42,80.5,113.67,0
493,28.35,54.07,4.28,1.84,18.19,37.45,88.24,81.67,0
494,28.26,51.92,4.27,1.8,17.78,35.94,86.95,87.0,0
495,27.69,37.64,4.17,1.51,15.12,25.95,78.38,122.41,0
496,27.67,37.0,4.17,1.5,15.0,25.5,78.0,123.99,0
497,27.59,34.99,4.15,1.46,14.63,24.1,76.8,128.97,0
498,28.26,51.76,4.27,1.8,17.76,35.83,86.86,87.4,0
499,27.08,22.23,4.07,1.2,12.24,15.16,69.14,160.64,0
500,28.64,61.34,4.33,1.99,19.54,42.54,92.6,63.64,0
501,26.73,13.69,4.01,1.03,10.65,9.18,64.01,181.82,0
502,27.95,44.15,4.21,1.64,16.33,30.51,82.29,106.26,0
503,27.9,42.85,4.21,1.62,16.09,29.59,81.51,109.5,0
504,27.62,35.86,4.16,1.48,14.79,24.7,77.32,126.83,0
505,27.61,35.63,4.16,1.47,14.74,24.54,77.18,127.4,0
506,28.1,47.9,4.24,1.72,17.03,33.13,84.54,96.97,0
507,26.87,16.97,4.03,1.1,11.26,11.48,65.98,173.66,0
508,26.88,17.26,4.04,1.11,11.31,11.68,66.15,172.96,0
509,27.36,29.27,4.12,1.35,13.56,20.09,73.36,143.18,0
510,28.13,48.67,4.24,1.73,17.18,33.67,85.0,95.06,0
511,27.53,33.7,4.14,1.43,14.38,23.19,76.02,132.19,0
512,28.41,55.6,4.29,1.87,18.47,38.52,89.16,77.88,0
513,26.86,16.77,4.03,1.1,11.22,11.34,65.86,174.16,0
514,27.05,21.67,4.06,1.19,12.14,14.77,68.8,162.03,0
515,26.95,19.16,4.05,1.14,11.67,13.01,67.3,168.24,0
516,27.1,22.8,4.07,1.22,12.35,15.56,69.48,159.21,0
517,28.0,45.23,4.22,1.66,16.54,31.26,82.94,103.6,0
518,27.45,31.64,4.13,1.39,14.0,21.75,74.78,137.3,0
519,28.02,45.81,4.23,1.68,16.65,31.67,83.29,102.14,0
520,27.27,27.18,4.1,1.3,13.17,18.63,72.11,148.34,0
521,27.9,42.89,4.21,1.62,16.1,29.62,81.53,109.39,0
522,28.46,56.73,4.3,1.89,18.68,39.31,89.84,75.08,0
523,27.98,44.83,4.22,1.66,16.46,30.98,82.7,104.58,0
524,28.11,47.99,4.24,1.72,17.05,33.19,84.59,96.74,0
525,26.98,19.88,4.05,1.16,11.8,13.52,67.73,166.45,0
526,27.48,32.22,4.13,1.4,14.11,22.16,75.13,135.85,0
527,27.63,36.01,4.16,1.48,14.81,24.81,77.41,126.46,0
528,28.11,48.0,4.24,1.72,17.05,33.2,84.6,96.72,0
529,27.36,29.37,4.12,1.35,13.58,20.16,73.42,142.93,0
530,27.4,30.23,4.12,1.36,13.74,20.76,73.94,140.79,0
531,27.42,30.78,4.13,1.38,13.84,21.15,74.27,139.42,0
532,27.42,30.94,4.13,1.38,13.87,21.26,74.36,139.03,0
533,27.86,41.73,4.2,1.59,15.88,28.81,80.84,112.28,0
534,26.99,20.19,4.05,1.16,11.86,13.73,67.91,165.69,0
535,27.31,28.08,4.11,1.32,13.33,19.25,72.65,146.13,0
536,28.34,53.84,4.28,1.84,18.14,37.29,88.11,82.23,0
537,27.67,37.13,4.17,1.5,15.02,25.59,78.08,123.68,0
538,27.21,25.62,4.09,1.27,12.88,17.54,71.17,152.21,0
539,28.22,50.89,4.26,1.78,17.59,35.22,86.33,89.55,0
540,27.43,31.12,4.13,1.38,13.9,21.38,74.47,138.58,0
541,26.7,12.71,4.0,1.01,10.47,8.5,63.43,184.23,0
542,28.16,49.27,4.25,1.75,17.29,34.09,85.36,93.58,0
543,28.42,55.94,4.29,1.88,18.54,38.76,89.37,77.02,0
544,28.05,46.69,4.23,1.69,16.81,32.29,83.82,99.96,0
545,27.06,21.73,4.06,1.19,12.15,14.81,68.84,161.87,0
546,27.04,21.36,4.06,1.19,12.08,14.56,68.62,162.78,0
547,28.18,49.9,4.25,1.76,17.41,34.53,85.74,92.01,0
548,27.91,43.1,4.21,1.62,16.14,29.77,81.66,108.86,0
549,27.29,27.59,4.1,1.31,13.24,18.92,72.36,147.33,0
550,27.84,41.37,4.2,1.59,15.81,28.56,80.62,113.17,0
551,28.25,51.52,4.26,1.79,17.71,35.67,86.71,87.98,0
552,26.95,19.16,4.05,1.14,11.67,13.01,67.29,168.25,0
553,28.18,49.83,4.25,1.76,17.4,34.48,85.7,92.17,0
554,26.67,12.01,4.0,1.0,10.34,8.01,63.01,185.98,0
555,27.09,22.66,4.07,1.21,12.32,15.46,69.39,159.57,0
556,27.71,38.07,4.17,1.52,15.2,26.25,78.64,121.35,0
557,27.11,23.01,4.07,1.22,12.39,15.71,69.61,158.69,0
558,27.37,29.58,4.12,1.35,13.62,20.31,73.55,142.4,0
559,28.63,61.04,4.33,1.98,19.49,42.33,92.42,64.38,0
560,28.31,53.03,4.27,1.82,17.99,36.72,87.62,84.25,0
561,28.27,52.01,4.27,1.8,17.8,36.01,87.01,86.76,0
562,27.05,21.57,4.06,1.19,12.12,14.7,68.74,162.27,0
563,26.75,14.13,4.01,1.04,10.73,9.49,64.28,180.71,0
564,27.43,31.01,4.13,1.38,13.88,21.31,74.41,138.84,0
565,28.51,57.96,4.31,1.92,18.91,40.17,90.58,72.01,0
566,26.86,16.89,4.03,1.1,11.25,11.43,65.94,173.86,0
567,28.13,48.46,4.24,1.73,17.14,33.52,84.88,95.58,0
568,27.1,22.82,4.07,1.22,12.35,15.58,69.49,159.15,0
569,28.59,60.05,4.32,1.96,19.3,41.63,91.83,66.84,0
570,27.95,44.0,4.21,1.64,16.31,30.4,82.2,106.63,0
571,27.63,35.98,4.16,1.48,14.81,24.79,77.39,126.53,0
572,28.41,55.69,4.29,1.87,18.49,38.58,89.21,77.65,0
573,28.34,53.73,4.28,1.83,18.12,37.21,88.04,82.51,0
574,28.18,49.96,4.25,1.76,17.42,34.57,85.77,91.86,0
575,27.85,41.55,4.2,1.59,15.85,28.69,80.73,112.71,0
576,27.04,21.34,4.06,1.19,12.08,14.54,68.6,162.85,0
577,28.37,54.52,4.28,1.85,18.27,37.77,88.51,80.54,0
578,27.27,27.14,4.1,1.3,13.16,18.6,72.08,148.46,0
579,28.34,53.94,4.28,1.84,18.16,37.36,88.16,81.99,0
580,28.36,54.25,4.28,1.85,18.22,37.58,88.35,81.22,0
581,27.76,39.45,4.18,1.55,15.46,27.21,79.47,117.93,0
582,27.64,36.36,4.16,1.49,14.88,25.05,77.62,125.59,0
583,27.7,37.81,4.17,1.52,15.15,26.07,78.49,121.98,0
584,27.37,29.56,4.12,1.35,13.61,20.29,73.53,142.46,0
585,26.99,20.08,4.05,1.16,11.84,13.65,67.85,165.97,0
586,28.53,58.58,4.31,1.93,19.03,40.61,90.95,70.48,0
587,28.19,50.07,4.25,1.76,17.44,34.65,85.84,91.58,0
588,27.55,34.03,4.15,1.44,14.45,23.42,76.22,131.37,0
589,26.9,17.91,4.04,1.12,11.44,12.14,66.55,171.33,0
590,27.23,25.99,4.09,1.28,12.95,17.79,71.39,151.3,0
591,28.06,46.84,4.23,1.7,16.84,32.39,83.9,99.6,0
592,27.01,20.54,4.06,1.17,11.93,13.98,68.12,164.83,0
593,27.79,40.01,4.19,1.56,15.56,27.6,79.8,116.54,0
594,27.45,31.57,4.13,1.39,13.99,21.7,74.74,137.45,0
595,27.12,23.44,4.08,1.23,12.47,16.01,69.87,157.62,0
596,26.98,19.72,4.05,1.15,11.78,13.41,67.63,166.85,0
597,28.23,51.11,4.26,1.78,17.63,35.38,86.47,89.0,0
598,28.49,57.53,4.3,1.91,18.83,39.87,90.32,73.09,0
599,27.49,32.59,4.14,1.41,14.18,22.41,75.35,134.94,0
600,27.01,20.68,4.06,1.17,11.95,14.08,68.21,164.47,0
601,28.31,53.17,4.27,1.82,18.02,36.82,87.7,83.9,0
602,28.08,47.4,4.24,1.71,16.94,32.78,84.24,98.2,0
603,27.67,37.06,4.17,1.5,15.01,25.54,78.03,123.86,0
604,27.93,43.5,4.21,1.63,16.21,30.05,81.9,107.89,0
605,28.21,50.56,4.26,1.77,17.53,35.0,86.14,90.36,0
606,27.98,44.85,4.22,1.66,16.47,30.99,82.71,104.53,0
607,27.99,45.19,4.22,1.66,16.53,31.23,82.91,103.69,0
608,26.89,17.52,4.04,1.11,11.36,11.87,66.31,172.3,0
609,28.37,54.56,4.28,1.85,18.28,37.79,88.53,80.46,0
610,28.23,51.0,4.26,1.78,17.61,35.3,86.4,89.27,0
611,27.12,23.43,4.08,1.23,12.47,16.0,69.86,157.65,0
612,28.32,53.34,4.28,1.83,18.05,36.94,87.81,83.47,0
613,28.63,61.16,4.33,1.98,19.51,42.41,92.49,64.1,0
614,27.09,22.66,4.07,1.21,12.32,15.46,69.39,159.57,0
615,28.01,45.6,4.22,1.67,16.61,31.52,83.16,102.66,0
616,28.13,48.46,4.24,1.73,17.14,33.53,84.88,95.57,0
617,27.51,33.09,4.14,1.42,14.27,22.76,75.65,133.71,0
618,27.87,42.07,4.2,1.6,15.95,29.05,81.04,111.43,0
619,27.41,30.51,4.12,1.37,13.79,20.96,74.11,140.09,0
620,28.2,50.24,4.25,1.76,17.47,34.77,85.95,91.16,0
621,27.19,25.02,4.09,1.26,12.76,17.11,70.81,153.72,0
622,27.35,29.18,4.11,1.34,13.54,20.03,73.31,143.38,0
623,28.46,56.8,4.3,1.9,18.7,39.36,89.88,74.89,0
624,28.23,51.02,4.26,1.78,17.62,35.32,86.41,89.22,0
625,27.04,21.39,4.06,1.19,12.09,14.57,68.63,162.72,0
626,27.14,23.92,4.08,1.24,12.56,16.34,70.15,156.45,0
627,27.53,33.58,4.14,1.43,14.36,23.11,75.95,132.48,0
628,28.23,51.01,4.26,1.78,17.62,35.31,86.41,89.25,0
629,28.59,60.19,4.32,1.96,19.33,41.73,91.91,66.5,0
630,28.04,46.33,4.23,1.69,16.74,32.03,83.6,100.85,0
631,27.53,33.61,4.14,1.43,14.37,23.13,75.97,132.4,0
632,27.88,42.41,4.2,1.61,16.01,29.29,81.25,110.58,0
633,28.66,61.9,4.33,2.0,19.65,42.93,92.94,62.26,0
634,28.3,52.87,4.27,1.82,17.96,36.61,87.52,84.64,0
635,27.54,33.73,4.14,1.43,14.39,23.21,76.04,132.11,0
636,26.93,18.6,4.04,1.13,11.57,12.62,66.96,169.62,0
637,28.42,55.89,4.29,1.88,18.53,38.72,89.33,77.15,0
638,26.95,19.15,4.05,1.14,11.67,13.01,67.29,168.26,0
639,27.48,32.25,4.13,1.4,14.11,22.17,75.15,135.79,0
640,26.89,17.64,4.04,1.11,11.39,11.95,66.38,172.02,0
641,27.14,23.95,4.08,1.24,12.56,16.37,70.17,156.36,0
642,28.24,51.29,4.26,1.79,17.67,35.5,86.57,88.56,0
643,27.52,33.24,4.14,1.42,14.3,22.87,75.74,133.32,0
644,28.47,57.0,4.3,1.9,18.73,39.5,90.0,74.39,0
645,28.41,55.69,4.29,1.87,18.49,38.58,89.21,77.66,0
646,26.68,12.45,4.0,1.01,10.42,8.32,63.27,184.88,0
647,26.67,12.04,4.0,1.0,10.34,8.03,63.03,185.89,0
648,28.36,54.43,4.28,1.85,18.25,37.7,88.46,80.76,0
649,28.46,56.92,4.3,1.9,18.72,39.44,89.95,74.6,0
650,28.6,60.39,4.32,1.97,19.37,41.88,92.04,65.98,0
651,28.58,59.89,4.32,1.96,19.27,41.52,91.73,67.23,0
652,28.38,54.88,4.29,1.86,18.34,38.01,88.73,79.66,0
653,28.31,53.09,4.27,1.82,18.0,36.76,87.65,84.1,0
654,27.84,41.31,4.2,1.59,15.8,28.52,80.59,113.31,0
655,28.54,58.87,4.31,1.94,19.08,40.81,91.12,69.76,0
656,27.05,21.66,4.06,1.19,12.14,14.76,68.8,162.03,0
657,27.83,40.97,4.19,1.58,15.74,28.28,80.38,114.16,0
658,27.7,37.81,4.17,1.52,15.15,26.07,78.49,121.99,0
659,27.17,24.71,4.08,1.25,12.71,16.9,70.62,154.48,0
660,28.44,56.37,4.3,1.89,18.61,39.06,89.62,75.97,0
661,27.58,34.78,4.15,1.46,14.59,23.94,76.67,129.51,0
662,27.17,24.47,4.08,1.25,12.66,16.73,70.48,155.08,0
663,27.8,40.45,4.19,1.57,15.64,27.91,80.07,115.45,0
664,26.93,18.56,4.04,1.13,11.56,12.59,66.93,169.74,0
665,27.13,23.55,4.08,1.23,12.49,16.08,69.93,157.36,0
666,28.47,57.12,4.3,1.9,18.76,39.58,90.07,74.11,0
667,27.67,37.01,4.17,1.5,15.0,25.51,78.01,123.97,0
668,28.33,53.59,4.28,1.83,18.1,37.11,87.95,82.86,0
669,27.6,35.33,4.16,1.47,14.69,24.33,77.0,128.14,0
670,27.14,23.9,4.08,1.24,12.56,16.33,70.14,156.48,0
671,27.01,20.62,4.06,1.17,11.94,14.03,68.17,164.62,0
672,27.96,44.33,4.22,1.65,16.37,30.63,82.4,105.82,0
673,28.4,55.37,4.29,1.87,18.43,38.36,89.02,78.44,0
674,28.65,61.47,4.33,1.99,19.57,42.63,92.68,63.3,0
675,28.17,49.64,4.25,1.75,17.36,34.35,85.58,92.65,0
676,28.2,50.23,4.25,1.76,17.47,34.76,85.94,91.2,0
677,26.67,12.15,4.0,1.0,10.36,8.1,63.09,185.64,0
678,27.0,20.44,4.06,1.17,11.91,13.91,68.06,165.08,0
679,28.08,47.27,4.24,1.71,16.92,32.69,84.16,98.53,0
680,27.44,31.37,4.13,1.39,13.95,21.56,74.62,137.95,0
681,27.28,27.33,4.1,1.31,13.19,18.73,72.2,147.99,0
682,28.21,50.63,4.26,1.77,17.54,35.04,86.18,90.2,0
683,28.29,52.68,4.27,1.81,17.93,36.48,87.41,85.11,0
684,26.89,17.51,4.04,1.11,11.36,11.85,66.3,172.35,0
685,26.84,16.38,4.03,1.09,11.15,11.07,65.63,175.13,0
686,28.44,56.37,4.3,1.89,18.62,39.06,89.62,75.97,0
687,27.53,33.57,4.14,1.43,14.36,23.1,75.94,132.5,0
688,27.1,22.95,4.07,1.22,12.38,15.66,69.57,158.85,0
689,27.98,44.75,4.22,1.66,16.45,30.93,82.65,104.78,0
690,28.2,50.28,4.26,1.77,17.48,34.8,85.97,91.06,0
691,27.62,35.94,4.16,1.48,14.8,24.76,77.36,126.64,0
692,27.63,36.04,4.16,1.48,14.82,24.83,77.42,126.39,0
693,28.04,46.21,4.23,1.68,16.72,31.95,83.53,101.16,0
694,26.91,18.11,4.04,1.12,11.47,12.27,66.66,170.86,0
695,27.79,40.16,4.19,1.56,15.59,27.71,79.89,116.18,0
696,27.14,23.84,4.08,1.24,12.54,16.29,70.11,156.63,0
697,27.99,44.97,4.22,1.66,16.49,31.08,82.78,104.24,0
698,26.7,12.81,4.01,1.02,10.49,8.57,63.49,183.98,0
699,27.69,37.63,4.17,1.51,15.12,25.94,78.38,122.45,0
700,26.88,17.45,4.04,1.11,11.35,11.81,66.27,172.5,0
701,28.54,58.83,4.31,1.94,19.08,40.78,91.1,69.86,0
702,27.24,26.27,4.1,1.29,13.0,17.99,71.56,150.61,0
703,26.79,15.15,4.02,1.06,10.92,10.21,64.89,178.18,0
704,26.97,19.7,4.05,1.15,11.77,13.39,67.62,166.91,0
705,28.03,46.14,4.23,1.68,16.71,31.9,83.48,101.34,0
706,27.86,41.77,4.2,1.6,15.89,28.84,80.86,112.16,0
707,27.22,25.73,4.09,1.27,12.9,17.61,71.24,151.95,0
708,27.66,36.71,4.16,1.49,14.95,25.3,77.83,124.72,0
709,26.78,14.74,4.02,1.05,10.84,9.92,64.64,179.21,0
710,28.64,61.41,4.33,1.99,19.56,42.59,92.65,63.46,0
711,27.99,45.13,4.22,1.66,16.52,31.19,82.88,103.84,0
712,28.06,46.75,4.23,1.69,16.82,32.32,83.85,99.83,0
713,26.68,12.41,4.0,1.01,10.41,8.28,63.24,184.99,0
714,27.78,39.95,4.19,1.56,15.55,27.56,79.77,116.7,0
715,27.08,22.41,4.07,1.21,12.28,15.29,69.25,160.18,0
716,27.96,44.43,4.22,1.65,16.39,30.7,82.46,105.57,0
717,27.93,43.56,4.21,1.63,16.22,30.09,81.93,107.74,0
718,28.48,57.25,4.3,1.9,18.78,39.67,90.15,73.79,0
719,27.46,31.85,4.13,1.4,14.04,21.9,74.91,136.76,0
720,27.11,23.06,4.07,1.22,12.4,15.74,69.64,158.57,0
721,27.25,26.5,4.1,1.29,13.04,18.15,71.7,150.05,0
722,27.42,30.84,4.13,1.38,13.85,21.18,74.3,139.29,0
723,26.96,19.23,4.05,1.14,11.68,13.06,67.34,168.08,0
724,27.38,29.9,4.12,1.36,13.67,20.53,73.74,141.62,0
725,27.74,38.74,4.18,1.53,15.32,26.72,79.04,119.69,0
726,28.17,49.62,4.25,1.75,17.36,34.33,85.57,92.71,0
727,27.55,34.09,4.15,1.44,14.46,23.46,76.26,131.21,0
728,26.92,18.28,4.04,1.13,11.5,12.39,66.77,170.43,0
729,28.38,54.72,4.28,1.85,18.31,37.91,88.63,80.05,0
730,27.58,34.77,4.15,1.46,14.58,23.94,76.66,129.52,0
731,27.15,24.05,4.08,1.24,12.58,16.43,70.23,156.13,0
732,28.41,55.5,4.29,1.87,18.45,38.45,89.1,78.13,0
733,28.25,51.57,4.26,1.79,17.72,35.7,86.74,87.86,0
734,28.17,49.68,4.25,1.75,17.37,34.38,85.61,92.55,0
735,27.37,29.7,4.12,1.35,13.64,20.39,73.62,142.1,0
736,27.81,40.69,4.19,1.57,15.69,28.08,80.21,114.85,0
737,27.09,22.69,4.07,1.21,12.33,15.48,69.41,159.5,0
738,26.92,18.42,4.04,1.13,11.53,12.49,66.85,170.09,0
739,27.44,31.42,4.13,1.39,13.96,21.6,74.65,137.83,0
740,26.68,12.34,4.0,1.01,10.4,8.23,63.2,185.17,0
741,27.61,35.69,4.16,1.47,14.75,24.58,77.21,127.26,0
742,27.57,34.57,4.15,1.45,14.55,23.8,76.54,130.02,0
743,28.39,54.97,4.29,1.86,18.35,38.08,88.78,79.43,0
744,27.8,40.45,4.19,1.57,15.64,27.92,80.07,115.43,0
745,26.73,13.7,4.01,1.03,10.65,9.19,64.02,181.78,0
746,28.46,56.78,4.3,1.9,18.69,39.35,89.87,74.94,0
747,27.82,40.71,4.19,1.57,15.69,28.1,80.23,114.79,0
748,27.05,21.64,4.06,1.19,12.13,14.75,68.78,162.1,0
749,28.14,48.85,4.25,1.74,17.21,33.79,85.11,94.62,0
750,26.67,12.14,4.0,1.0,10.36,8.1,63.08,185.65,0
751,27.51,33.06,4.14,1.42,14.27,22.74,75.64,133.76,0
752,27.81,40.61,4.19,1.57,15.67,28.03,80.16,115.05,0
753,28.05,46.57,4.23,1.69,16.79,32.2,83.74,100.26,0
754,28.51,58.02,4.31,1.92,18.92,40.21,90.61,71.88,0
755,27.83,41.2,4.19,1.58,15.78,28.44,80.52,113.59,0
756,28.39,55.12,4.29,1.86,18.38,38.18,88.87,79.06,0
757,27.22,25.74,4.09,1.27,12.9,17.62,71.24,151.93,0
758,28.05,46.49,4.23,1.69,16.77,32.14,83.7,100.46,0
759,27.78,39.85,4.19,1.56,15.53,27.5,79.71,116.92,0
760,27.72,38.36,4.18,1.53,15.25,26.45,78.82,120.62,0
761,27.71,37.97,4.17,1.52,15.18,26.18,78.58,121.6,0
762,27.16,24.3,4.08,1.25,12.63,16.61,70.38,155.51,0
763,26.97,19.49,4.05,1.15,11.73,13.24,67.49,167.43,0
764,27.55,34.18,4.15,1.44,14.47,23.53,76.31,130.99,0
765,26.88,17.23,4.03,1.1,11.31,11.66,66.14,173.03,0
766,27.7,37.87,4.17,1.52,15.16,26.11,78.52,121.84,0
767,27.34,28.74,4.11,1.33,13.46,19.72,73.04,144.49,0
768,27.87,42.0,4.2,1.6,15.93,29.0,81.0,111.61,0
769,28.41,55.57,4.29,1.87,18.47,38.5,89.14,77.95,0
770,27.9,42.85,4.21,1.62,16.09,29.6,81.51,109.49,0
771,27.03,21.19,4.06,1.18,12.05,14.43,68.51,163.21,0
772,26.89,17.54,4.04,1.11,11.37,11.88,66.32,172.27,0
773,26.89,17.68,4.04,1.11,11.39,11.98,66.41,171.91,0
774,27.24,26.34,4.1,1.29,13.01,18.04,71.61,150.43,0
775,28.56,59.23,4.31,1.94,19.15,41.06,91.34,68.87,0
776,27.13,23.58,4.08,1.23,12.5,16.11,69.95,157.28,0
777,28.41,55.66,4.29,1.87,18.48,38.56,89.2,77.72,0
778,26.75,14.01,4.01,1.04,10.71,9.4,64.2,181.03,0
779,27.5,32.87,4.14,1.42,14.23,22.61,75.52,134.24,0
780,28.38,54.74,4.28,1.85,18.31,37.92,88.64,80.0,0
781,27.41,30.5,4.12,1.37,13.79,20.95,74.1,140.11,0
782,26.76,14.42,4.02,1.05,10.79,9.69,64.45,180.0,0
783,28.35,53.98,4.28,1.84,18.17,37.39,88.19,81.89,0
784,27.53,33.69,4.14,1.43,14.38,23.19,76.02,132.2,0
785,28.13,48.66,4.24,1.73,17.18,33.66,84.99,95.09,0
786,27.05,21.7,4.06,1.19,12.14,14.79,68.82,161.95,0
787,28.67,61.97,4.33,2.0,19.66,42.98,92.98,62.07,0
788,27.61,35.59,4.16,1.47,14.74,24.52,77.16,127.49,0
789,27.66,36.75,4.16,1.49,14.95,25.32,77.85,124.62,0
790,27.23,26.01,4.09,1.28,12.95,17.81,71.41,151.25,0
791,28.4,55.23,4.29,1.86,18.4,38.26,88.94,78.8,0
792,26.73,13.52,4.01,1.03,10.62,9.06,63.91,182.24,0
793,27.28,27.42,4.1,1.31,13.21,18.8,72.25,147.75,0
794,27.95,44.14,4.21,1.64,16.33,30.5,82.28,106.3,0
795,27.42,30.75,4.12,1.37,13.83,21.12,74.25,139.51,0
796,27.46,31.9,4.13,1.4,14.05,21.93,74.94,136.65,0
797,28.67,61.98,4.33,2.0,19.66,42.98,92.99,62.05,0
798,26.93,18.47,4.04,1.13,11.54,12.53,66.88,169.96,0
799,28.45,56.52,4.3,1.89,18.64,39.16,89.71,75.6,0
800,27.25,26.48,4.1,1.29,13.04,18.14,71.69,150.09,0
801,27.63,36.16,4.16,1.48,14.84,24.91,77.5,126.08,0
802,28.11,48.03,4.24,1.72,17.06,33.22,84.62,96.64,0
803,27.61,35.7,4.16,1.47,14.76,24.59,77.22,127.23,0
804,28.09,47.49,4.24,1.71,16.96,32.84,84.29,97.99,0
805,26.98,19.72,4.05,1.15,11.77,13.41,67.63,166.85,0
806,26.77,14.54,4.02,1.05,10.81,9.78,64.53,179.69,0
807,28.61,60.67,4.32,1.97,19.42,42.07,92.2,65.29,0
808,28.51,57.99,4.31,1.92,18.92,40.19,90.59,71.96,0
809,28.01,45.57,4.22,1.67,16.6,31.5,83.14,102.75,0
810,27.43,31.17,4.13,1.38,13.91,21.42,74.5,138.45,0
811,27.68,37.36,4.17,1.51,15.07,25.75,78.21,123.11,0
812,26.69,12.53,4.0,1.01,10.43,8.37,63.32,184.68,0
813,28.55,59.03,4.31,1.94,19.11,40.92,91.22,69.36,0
814,27.47,32.16,4.13,1.4,14.1,22.11,75.1,135.99,0
815,27.07,22.01,4.07,1.2,12.2,15.01,69.01,161.16,0
816,28.28,52.34,4.27,1.81,17.86,36.24,87.2,85.96,0
817,27.65,36.49,4.16,1.49,14.91,25.15,77.7,125.26,0
818,27.66,36.84,4.17,1.5,14.97,25.38,77.9,124.41,0
819,26.97,19.71,4.05,1.15,11.77,13.4,67.62,166.88,0
820,27.52,33.3,4.14,1.43,14.31,22.91,75.78,133.17,0
821,28.01,45.61,4.22,1.67,16.61,31.52,83.16,102.66,0
822,28.42,55.77,4.29,1.88,18.5,38.64,89.26,77.44,0
823,26.85,16.57,4.03,1.09,11.19,11.2,65.74,174.67,0
824,26.76,14.41,4.02,1.05,10.78,9.69,64.44,180.03,0
825,28.46,56.76,4.3,1.9,18.69,39.33,89.86,74.99,0
826,28.06,46.83,4.23,1.7,16.83,32.38,83.9,99.62,0
827,27.45,31.65,4.13,1.39,14.0,21.76,74.79,137.26,0
828,27.34,28.76,4.11,1.34,13.46,19.73,73.05,144.45,0
829,27.86,41.84,4.2,1.6,15.9,28.89,80.9,112.01,0
830,27.05,21.47,4.06,1.19,12.1,14.63,68.68,162.52,0
831,28.2,50.46,4.26,1.77,17.51,34.92,86.07,90.63,0
832,26.96,19.41,4.05,1.15,11.72,13.19,67.45,167.63,0
833,26.87,17.11,4.03,1.1,11.29,11.58,66.07,173.32,0
834,27.46,31.71,4.13,1.39,14.01,21.8,74.83,137.12,0
835,27.31,28.16,4.11,1.32,13.35,19.31,72.7,145.92,0
836,28.27,52.0,4.27,1.8,17.8,36.0,87.0,86.79,0
837,26.83,16.05,4.03,1.08,11.09,10.83,65.43,175.97,0
838,28.1,47.73,4.24,1.71,17.0,33.01,84.44,97.39,0
839,28.05,46.63,4.23,1.69,16.8,32.24,83.78,100.11,0
840,27.31,28.1,4.11,1.32,13.34,19.27,72.66,146.06,0
841,26.75,14.2,4.01,1.04,10.74,9.54,64.32,180.54,0
842,27.72,38.29,4.18,1.53,15.24,26.4,78.77,120.81,0
843,27.65,36.6,4.16,1.49,14.92,25.22,77.76,125.0,0
844,27.2,25.21,4.09,1.26,12.8,17.25,70.93,153.24,0
845,28.45,56.55,4.3,1.89,18.65,39.18,89.73,75.53,0
846,28.04,46.23,4.23,1.68,16.72,31.96,83.54,101.12,0
847,26.74,13.79,4.01,1.04,10.67,9.25,64.07,181.57,0
848,27.22,25.91,4.09,1.28,12.93,17.73,71.34,151.51,0
849,27.94,43.77,4.21,1.64,16.26,30.24,82.06,107.22,0
850,27.08,22.22,4.07,1.2,12.24,15.15,69.13,160.67,0
851,28.64,61.36,4.33,1.99,19.55,42.55,92.62,63.58,0
852,28.37,54.61,4.28,1.85,18.29,37.82,88.56,80.34,0
853,27.44,31.41,4.13,1.39,13.96,21.59,74.65,137.86,0
854,27.23,25.99,4.09,1.28,12.94,17.79,71.39,151.31,0
855,27.96,44.25,4.22,1.65,16.35,30.58,82.35,106.01,0
856,28.32,53.32,4.28,1.83,18.05,36.93,87.79,83.52,0
857,28.1,47.92,4.24,1.72,17.04,33.14,84.55,96.93,0
858,26.72,13.24,4.01,1.02,10.57,8.87,63.75,182.91,0
859,27.57,34.59,4.15,1.45,14.55,23.81,76.55,129.98,0
860,28.15,49.05,4.25,1.74,17.25,33.93,85.23,94.12,0
861,27.32,28.4,4.11,1.33,13.39,19.48,72.84,145.33,0
862,28.14,48.85,4.25,1.74,17.21,33.79,85.11,94.62,0
863,27.11,23.09,4.07,1.22,12.4,15.76,69.65,158.5,0
864,28.67,61.99,4.33,2.0,19.66,42.99,92.99,62.03,0
865,26.74,13.85,4.01,1.04,10.68,9.3,64.11,181.41,0
866,28.03,46.11,4.23,1.68,16.7,31.88,83.47,101.41,0
867,26.67,12.08,4.0,1.0,10.35,8.06,63.05,185.8,0
868,27.92,43.26,4.21,1.63,16.17,29.88,81.76,108.47,0
869,28.2,50.31,4.26,1.77,17.48,34.82,85.99,90.99,0
870,27.72,38.28,4.18,1.53,15.24,26.39,78.77,120.83,0
871,27.28,27.43,4.1,1.31,13.21,18.8,72.26,147.73,0
872,27.44,31.46,4.13,1.39,13.97,21.62,74.67,137.75,0
873,28.23,51.17,4.26,1.78,17.65,35.42,86.5,88.85,0
874,27.52,33.42,4.14,1.43,14.33,23.0,75.85,132.87,0
875,28.34,53.73,4.28,1.83,18.12,37.21,88.04,82.5,0
876,28.46,56.88,4.3,1.9,18.71,39.41,89.93,74.71,0
877,28.11,48.11,4.24,1.72,17.07,33.27,84.66,96.45,0
878,27.95,44.18,4.21,1.64,16.34,30.53,82.31,106.19,0
879,28.38,54.72,4.28,1.85,18.31,37.91,88.63,80.05,0
880,28.13,48.46,4.24,1.73,17.14,33.52,84.88,95.58,0
881,27.9,42.79,4.21,1.62,16.08,29.55,81.47,109.65,0
882,28.52,58.29,4.31,1.93,18.97,40.4,90.78,71.2,0
883,28.11,48.13,4.24,1.72,17.08,33.29,84.68,96.39,0
884,27.1,22.78,4.07,1.22,12.35,15.55,69.47,159.25,0
885,27.37,29.53,4.12,1.35,13.6,20.27,73.52,142.53,0
886,27.11,23.12,4.07,1.22,12.41,15.79,69.67,158.42,0
887,28.34,53.87,4.28,1.84,18.15,37.31,88.12,82.17,0
888,27.48,32.29,4.14,1.41,14.12,22.2,75.17,135.69,0
889,27.41,30.57,4.12,1.37,13.8,21.0,74.14,139.94,0
890,27.33,28.48,4.11,1.33,13.41,19.53,72.89,145.14,0
891,26.89,17.52,4.04,1.11,11.36,11.87,66.31,172.31,0
892,28.33,53.66,4.28,1.83,18.11,37.16,88.0,82.68,0
893,28.37,54.55,4.28,1.85,18.28,37.78,88.53,80.48,0
894,26.86,16.81,4.03,1.1,11.23,11.37,65.89,174.06,0
895,27.09,22.54,4.07,1.21,12.3,15.38,69.32,159.86,0
896,26.93,18.57,4.04,1.13,11.56,12.6,66.94,169.7,0
897,27.68,37.37,4.17,1.51,15.07,25.76,78.22,123.08,0
898,27.98,44.93,4.22,1.66,16.48,31.05,82.76,104.35,0
899,28.21,50.55,4.26,1.77,17.53,34.98,86.13,90.41,0
900,27.16,24.4,4.08,1.25,12.65,16.68,70.44,155.24,0
901,28.1,47.92,4.24,1.72,17.04,33.14,84.55,96.93,0
902,28.02,45.93,4.23,1.68,16.67,31.75,83.36,101.86,0
903,27.6,35.26,4.16,1.47,14.67,24.28,76.96,128.32,0
904,27.43,31.0,4.13,1.38,13.88,21.3,74.4,138.88,0
905,27.02,20.95,4.06,1.18,12.0,14.27,68.37,163.79,0
906,26.74,13.82,4.01,1.04,10.67,9.28,64.09,181.48,0
907,26.74,13.8,4.01,1.04,10.67,9.26,64.08,181.54,0
908,26.85,16.47,4.03,1.09,11.17,11.13,65.68,174.91,0
909,26.78,14.74,4.02,1.05,10.85,9.92,64.65,179.2,0
910,27.11,23.05,4.07,1.22,12.4,15.74,69.63,158.59,0
911,26.82,15.92,4.03,1.08,11.07,10.74,65.35,176.28,0
912,27.31,28.2,4.11,1.32,13.36,19.34,72.72,145.83,0
913,27.74,38.93,4.18,1.54,15.36,26.85,79.16,119.21,0
914,27.18,24.9,4.09,1.26,12.74,17.03,70.74,154.01,0
915,28.02,45.82,4.23,1.68,16.65,31.67,83.29,102.13,0
916,28.61,60.47,4.32,1.97,19.38,41.93,92.08,65.79,0
917,26.81,15.68,4.02,1.07,11.02,10.58,65.21,176.87,0
918,26.76,14.35,4.02,1.05,10.77,9.64,64.41,180.18,0
919,26.67,12.04,4.0,1.0,10.34,8.03,63.03,185.89,0
920,28.02,45.72,4.22,1.67,16.63,31.6,83.23,102.38,0
921,27.01,20.65,4.06,1.17,11.95,14.05,68.19,164.56,0
922,28.62,60.89,4.33,1.98,19.46,42.22,92.34,64.75,0
923,28.52,58.28,4.31,1.93,18.97,40.39,90.77,71.24,0
924,28.0,45.3,4.22,1.67,16.55,31.31,82.98,103.43,0
925,28.02,45.8,4.23,1.68,16.64,31.66,83.28,102.17,0
926,27.49,32.61,4.14,1.41,14.18,22.43,75.37,134.88,0
927,28.63,61.2,4.33,1.98,19.52,42.44,92.52,64.0,0
928,27.19,25.2,4.09,1.26,12.8,17.24,70.92,153.26,0
929,28.16,49.39,4.25,1.75,17.31,34.17,85.43,93.28,0
930,27.94,43.8,4.21,1.64,16.27,30.26,82.08,107.14,0
931,27.88,42.26,4.2,1.61,15.98,29.18,81.16,110.96,0
932,27.88,42.32,4.2,1.61,15.99,29.22,81.19,110.82,0
933,27.1,22.77,4.07,1.22,12.34,15.54,69.46,159.3,0
934,28.08,47.22,4.23,1.7,16.91,32.66,84.13,98.65,0
935,27.92,43.39,4.21,1.63,16.19,29.98,81.84,108.14,0
936,27.91,42.98,4.21,1.62,16.12,29.68,81.59,109.17,0
937,28.64,61.43,4.33,1.99,19.56,42.6,92.66,63.41,0
938,27.21,25.67,4.09,1.27,12.89,17.57,71.2,152.1,0
939,27.31,28.15,4.11,1.32,13.35,19.31,72.69,145.94,0
940,27.6,35.21,4.15,1.46,14.67,24.25,76.93,128.43,0
941,28.49,57.56,4.3,1.91,18.84,39.9,90.34,73.0,0
942,27.72,38.36,4.18,1.53,15.25,26.45,78.82,120.62,0
943,27.92,43.29,4.21,1.63,16.17,29.9,81.77,108.41,0
944,27.68,37.43,4.17,1.51,15.08,25.8,78.26,122.93,0
945,28.3,52.81,4.27,1.82,17.95,36.57,87.49,84.79,0
946,27.71,37.98,4.17,1.52,15.18,26.19,78.59,121.57,0
947,27.34,28.93,4.11,1.34,13.49,19.85,73.16,144.01,0
948,28.45,56.47,4.3,1.89,18.63,39.13,89.68,75.72,0
949,26.76,14.43,4.02,1.05,10.79,9.7,64.46,179.97,0
950,26.88,17.25,4.03,1.1,11.31,11.67,66.15,172.98,0
951,28.66,61.71,4.33,1.99,19.61,42.8,92.83,62.72,0
952,27.82,40.79,4.19,1.58,15.71,28.15,80.28,114.6,0
953,28.16,49.34,4.25,1.75,17.3,34.14,85.41,93.39,0
954,26.89,17.55,4.04,1.11,11.37,11.88,66.33,172.24,0
955,27.41,30.67,4.12,1.37,13.82,21.07,74.2,139.71,0
956,27.99,45.2,4.22,1.66,16.53,31.24,82.92,103.66,0
957,27.79,40.15,4.19,1.56,15.59,27.7,79.89,116.19,0
958,28.06,46.78,4.23,1.7,16.83,32.35,83.87,99.74,0
959,27.98,44.89,4.22,1.66,16.47,31.02,82.73,104.44,0
960,26.71,13.06,4.01,1.02,10.53,8.74,63.64,183.37,0
961,27.33,28.62,4.11,1.33,13.44,19.64,72.97,144.78,0
962,26.7,12.94,4.01,1.02,10.51,8.66,63.57,183.66,0
963,26.78,14.9,4.02,1.06,10.88,10.03,64.74,178.8,0
964,27.66,36.95,4.17,1.5,14.99,25.46,77.97,124.13,0
965,26.87,17.12,4.03,1.1,11.29,11.58,66.07,173.3,0
966,28.33,53.6,4.28,1.83,18.1,37.12,87.96,82.84,0
967,27.89,42.7,4.2,1.61,16.06,29.49,81.42,109.87,0
968,28.3,52.95,4.27,1.82,17.98,36.67,87.57,84.44,0
969,26.74,13.72,4.01,1.03,10.65,9.21,64.03,181.73,0
970,28.6,60.43,4.32,1.97,19.37,41.9,92.06,65.89,0
971,27.97,44.62,4.22,1.65,16.42,30.83,82.57,105.11,0
972,27.81,40.55,4.19,1.57,15.66,27.99,80.13,115.19,0
973,28.44,56.23,4.29,1.88,18.59,38.96,89.54,76.32,0
974,27.26,26.87,4.1,1.3,13.11,18.41,71.92,149.12,0
975,27.04,21.28,4.06,1.19,12.07,14.49,68.57,162.99,0
976,27.03,20.98,4.06,1.18,12.01,14.28,68.39,163.74,0
977,27.79,40.18,4.19,1.56,15.59,27.73,79.91,116.11,0
978,28.42,55.74,4.29,1.87,18.5,38.62,89.25,77.52,0
979,27.69,37.64,4.17,1.51,15.12,25.95,78.38,122.41,0
980,26.91,18.15,4.04,1.12,11.48,12.3,66.69,170.75,0
981,27.66,36.82,4.17,1.5,14.97,25.37,77.89,124.45,0
982,26.94,18.81,4.05,1.14,11.61,12.77,67.09,169.1,0
983,27.03,20.97,4.06,1.18,12.01,14.28,68.38,163.74,0
984,26.7,12.82,4.01,1.02,10.49,8.58,63.49,183.95,0
985,28.53,58.6,4.31,1.93,19.03,40.62,90.96,70.42,0
986,26.7,12.72,4.0,1.01,10.47,8.5,63.43,184.22,0
987,27.24,26.45,4.1,1.29,13.03,18.12,71.67,150.15,0
988,27.51,33.11,4.14,1.42,14.27,22.78,75.67,133.64,0
989,27.11,23.21,4.07,1.22,12.43,15.85,69.72,158.21,0
990,28.1,47.71,4.24,1.71,17.0,33.0,84.43,97.44,0
991,28.62,60.96,4.33,1.98,19.47,42.27,92.37,64.59,0
992,27.89,42.57,4.2,1.61,16.04,29.4,81.34,110.2,0
993,28.57,59.59,4.32,1.95,19.22,41.31,91.55,67.99,0
994,27.3,27.94,4.11,1.32,13.31,19.16,72.57,146.46,0
995,27.61,35.52,4.16,1.47,14.72,24.46,77.11,127.67,0
996,27.12,23.38,4.08,1.23,12.46,15.97,69.83,157.78,0
997,27.65,36.47,4.16,1.49,14.9,25.13,77.68,125.31,0
998,27.9,42.91,4.21,1.62,16.1,29.64,81.55,109.35,0
999,28.44,56.45,4.3,1.89,18.63,39.12,89.67,75.76,0
1000,27.04,21.43,4.06,1.19,12.09,14.6,68.66,162.6,0
1001,27.31,28.04,4.11,1.32,13.33,19.23,72.62,146.22,0
1002,27.8,40.44,4.19,1.57,15.64,27.91,80.06,115.47,0
1003,26.67,12.12,4.0,1.0,10.36,8.09,63.07,185.69,0
1004,28.58,59.72,4.32,1.95,19.24,41.4,91.63,67.66,0
1005,26.68,12.4,4.0,1.01,10.41,8.28,63.24,185.0,0
1006,26.69,12.6,4.0,1.01,10.45,8.42,63.36,184.5,0
1007,26.78,14.9,4.02,1.06,10.87,10.03,64.74,178.81,0
1008,26.98,19.93,4.05,1.16,11.81,13.55,67.76,166.33,0
1009,27.69,37.68,4.17,1.51,15.13,25.98,78.41,122.3,0
1010,27.89,42.57,4.2,1.61,16.04,29.4,81.34,110.19,0
1011,27.9,42.95,4.21,1.62,16.11,29.66,81.57,109.25,0
1012,27.82,40.89,4.19,1.58,15.73,28.22,80.33,114.35,0
1013,27.07,22.04,4.07,1.2,12.21,15.03,69.03,161.09,0
1014,27.51,32.99,4.14,1.42,14.25,22.7,75.6,133.93,0
1015,28.25,51.51,4.26,1.79,17.71,35.66,86.71,88.0,0
1016,27.33,28.7,4.11,1.33,13.45,19.69,73.02,144.57,0
1017,28.05,46.69,4.23,1.69,16.81,32.28,83.81,99.98,0
1018,28.19,50.16,4.25,1.76,17.46,34.71,85.89,91.37,0
1019,26.75,14.19,4.01,1.04,10.74,9.53,64.31,180.57,0
1020,28.61,60.7,4.32,1.97,19.42,42.09,92.22,65.22,0
1021,26.8,15.23,4.02,1.06,10.94,10.26,64.94,177.98,0
1022,28.0,45.44,4.22,1.67,16.58,31.41,83.07,103.06,0
1023,27.03,21.0,4.06,1.18,12.01,14.3,68.4,163.68,0
1024,26.84,16.4,4.03,1.09,11.15,11.08,65.64,175.1,0
1025,27.02,20.83,4.06,1.18,11.98,14.18,68.3,164.1,0
1026,27.45,31.7,4.13,1.39,14.01,21.79,74.82,137.14,0
1027,28.39,55.06,4.29,1.86,18.37,38.15,88.84,79.2,0
1028,28.26,51.79,4.27,1.8,17.76,35.85,86.87,87.32,0
1029,27.91,43.2,4.21,1.62,16.16,29.84,81.72,108.63,0
1030,26.67,12.01,4.0,1.0,10.33,8.0,63.0,185.98,0
1031,28.35,54.01,4.28,1.84,18.17,37.41,88.2,81.82,0
1032,28.62,60.88,4.33,1.98,19.46,42.22,92.33,64.78,0
1033,27.28,27.32,4.1,1.31,13.19,18.72,72.19,148.01,0
1034,27.18,24.88,4.09,1.26,12.74,17.02,70.73,154.05,0
1035,27.68,37.42,4.17,1.51,15.08,25.8,78.25,122.95,0
1036,27.29,27.53,4.1,1.31,13.23,18.87,72.32,147.49,0
1037,28.49,57.5,4.3,1.91,18.83,39.85,90.3,73.16,0
1038,27.63,36.12,4.16,1.48,14.84,24.89,77.47,126.18,0
1039,26.76,14.33,4.02,1.05,10.77,9.63,64.4,180.22,0
1040,28.48,57.4,4.3,1.91,18.81,39.78,90.24,73.42,0
1041,27.84,41.25,4.19,1.58,15.79,28.47,80.55,113.46,0
1042,27.18,24.89,4.09,1.26,12.74,17.02,70.73,154.04,0
1043,28.08,47.41,4.24,1.71,16.94,32.79,84.25,98.18,0
1044,26.72,13.32,4.01,1.03,10.58,8.92,63.79,182.73,0
1045,28.1,47.72,4.24,1.71,17.0,33.0,84.43,97.42,0
1046,28.05,46.62,4.23,1.69,16.8,32.23,83.77,100.14,0
1047,26.71,13.02,4.01,1.02,10.52,8.71,63.61,183.47,0
1048,28.55,59.09,4.31,1.94,19.12,40.96,91.25,69.21,0
1049,27.14,23.8,4.08,1.24,12.54,16.26,70.08,156.75,0
1050,27.05,21.65,4.06,1.19,12.13,14.75,68.79,162.08,0
1051,28.53,58.63,4.31,1.93,19.04,40.64,90.98,70.35,0
1052,27.59,35.04,4.15,1.46,14.63,24.13,76.83,128.85,0
1053,28.13,48.51,4.24,1.73,17.15,33.56,84.91,95.45,0
1054,26.87,17.02,4.03,1.1,11.27,11.51,66.01,173.55,0
1055,27.61,35.68,4.16,1.47,14.75,24.58,77.21,127.26,0
1056,27.6,35.21,4.15,1.46,14.67,24.25,76.93,128.44,0
1057,28.04,46.32,4.23,1.69,16.74,32.02,83.59,100.9,0
1058,28.34,53.93,4.28,1.84,18.16,37.35,88.16,82.02,0
1059,28.19,50.01,4.25,1.76,17.43,34.6,85.8,91.75,0
1060,28.52,58.32,4.31,1.93,18.98,40.42,90.79,71.12,0
1061,27.21,25.67,4.09,1.27,12.89,17.57,71.2,152.09,0
1062,27.81,40.7,4.19,1.57,15.69,28.09,80.22,114.81,0
1063,26.8,15.41,4.02,1.07,10.97,10.39,65.05,177.53,0
1064,27.18,24.82,4.09,1.26,12.73,16.97,70.69,154.22,0
1065,27.68,37.45,4.17,1.51,15.08,25.82,78.27,122.87,0
1066,27.04,21.24,4.06,1.18,12.06,14.47,68.54,163.08,0
1067,28.51,57.99,4.31,1.92,18.92,40.19,90.59,71.95,0
1068,27.9,42.89,4.21,1.62,16.1,29.62,81.53,109.39,0
1069,28.35,54.19,4.28,1.84,18.21,37.53,88.31,81.38,0
1070,27.63,36.02,4.16,1.48,14.82,24.81,77.41,126.44,0
1071,27.57,34.57,4.15,1.45,14.55,23.8,76.54,130.02,0
1072,27.32,28.3,4.11,1.33,13.38,19.41,72.78,145.57,0
1073,26.97,19.54,4.05,1.15,11.74,13.28,67.53,167.3,0
1074,27.91,43.03,4.21,1.62,16.13,29.72,81.62,109.04,0
1075,28.05,46.58,4.23,1.69,16.79,32.21,83.75,100.23,0
1076,28.57,59.58,4.32,1.95,19.21,41.31,91.55,68.0,0
1077,28.09,47.63,4.24,1.71,16.98,32.94,84.38,97.63,0
1078,28.05,46.57,4.23,1.69,16.79,32.2,83.74,100.27,0
1079,27.98,44.71,4.22,1.65,16.44,30.9,82.63,104.88,0
1080,26.8,15.34,4.02,1.07,10.96,10.34,65.01,177.71,0
1081,27.0,20.36,4.06,1.17,11.89,13.85,68.02,165.26,0
1082,27.41,30.65,4.12,1.37,13.82,21.06,74.19,139.74,0
1083,28.3,52.93,4.27,1.82,17.97,36.65,87.56,84.48,0
1084,27.58,34.73,4.15,1.45,14.58,23.91,76.64,129.62,0
1085,27.98,44.92,4.22,1.66,16.48,31.04,82.75,104.37,0
1086,27.9,42.9,4.21,1.62,16.1,29.63,81.54,109.38,0
1087,28.55,58.97,4.31,1.94,19.1,40.88,91.18,69.52,0
1088,27.78,39.72,4.18,1.55,15.51,27.4,79.63,117.26,0
1089,26.97,19.59,4.05,1.15,11.75,13.31,67.55,167.18,0
1090,28.06,46.72,4.23,1.69,16.81,32.3,83.83,99.89,0
1091,26.73,13.54,4.01,1.03,10.62,9.08,63.92,182.19,0
1092,27.93,43.6,4.21,1.63,16.23,30.12,81.96,107.64,0
1093,26.93,18.47,4.04,1.13,11.54,12.53,66.88,169.96,0
1094,28.02,45.82,4.23,1.68,16.65,31.67,83.29,102.13,0
1095,27.27,27.1,4.1,1.3,13.15,18.57,72.06,148.54,0
1096,28.48,57.35,4.3,1.91,18.8,39.75,90.21,73.52,0
1097,27.72,38.24,4.17,1.52,15.23,26.37,78.74,120.93,0
1098,27.15,24.13,4.08,1.24,12.6,16.49,70.28,155.92,0
1099,27.22,25.81,4.09,1.28,12.91,17.67,71.29,151.75,0
1100,27.4,30.22,4.12,1.36,13.73,20.75,73.93,140.82,0
1101,26.9,17.89,4.04,1.12,11.43,12.12,66.54,171.39,0
1102,27.65,36.56,4.16,1.49,14.92,25.2,77.74,125.08,0
1103,28.01,45.54,4.22,1.67,16.59,31.48,83.12,102.82,0
1104,28.43,56.07,4.29,1.88,18.56,38.85,89.44,76.7,0
1105,27.93,43.7,4.21,1.63,16.25,30.19,82.02,107.37,0
1106,27.84,41.44,4.2,1.59,15.83,28.61,80.66,112.99,0
1107,27.49,32.49,4.14,1.41,14.16,22.34,75.29,135.18,0
1108,26.85,16.69,4.03,1.09,11.21,11.29,65.82,174.36,0
1109,27.59,35.11,4.15,1.46,14.65,24.17,76.86,128.7,0
1110,27.5,32.72,4.14,1.41,14.2,22.51,75.43,134.6,0
1111,27.17,24.48,4.08,1.25,12.66,16.74,70.49,155.04,0
1112,27.25,26.54,4.1,1.29,13.05,18.18,71.72,149.95,0
1113,27.59,35.19,4.15,1.46,14.66,24.23,76.91,128.5,0
1114,27.61,35.46,4.16,1.47,14.71,24.42,77.08,127.82,0
1115,27.03,21.07,4.06,1.18,12.03,14.35,68.44,163.49,0
1116,27.39,30.0,4.12,1.36,13.69,20.6,73.8,141.37,0
1117,27.93,43.62,4.21,1.63,16.24,30.13,81.97,107.58,0
1118,27.59,34.98,4.15,1.46,14.62,24.09,76.79,129.01,0
1119,28.61,60.47,4.32,1.97,19.38,41.93,92.08,65.8,0
1120,26.78,14.78,4.02,1.06,10.85,9.95,64.67,179.11,0
1121,28.61,60.67,4.32,1.97,19.42,42.07,92.2,65.29,0
1122,26.95,19.1,4.05,1.14,11.66,12.97,67.26,168.4,0
1123,27.53,33.65,4.14,1.43,14.37,23.16,75.99,132.3,0
1124,26.97,19.49,4.05,1.15,11.73,13.25,67.5,167.41,0
1125,27.64,36.36,4.16,1.49,14.88,25.05,77.61,125.6,0
1126,28.19,49.99,4.25,1.76,17.42,34.59,85.79,91.79,0
1127,27.77,39.67,4.18,1.55,15.5,27.37,79.6,117.38,0
1128,28.25,51.64,4.26,1.79,17.73,35.75,86.78,87.7,0
1129,27.06,21.83,4.07,1.2,12.17,14.88,68.9,161.63,0
1130,27.46,31.87,4.13,1.4,14.04,21.91,74.92,136.71,0
1131,28.23,51.07,4.26,1.78,17.63,35.35,86.44,89.12,0
1132,27.39,30.08,4.12,1.36,13.71,20.65,73.85,141.17,0
1133,28.26,51.92,4.27,1.8,17.78,35.94,86.95,87.01,0
1134,27.15,23.96,4.08,1.24,12.57,16.37,70.18,156.34,0
1135,27.31,27.97,4.11,1.32,13.31,19.18,72.58,146.4,0
1136,26.69,12.64,4.0,1.01,10.45,8.45,63.38,184.41,0
1137,27.5,32.85,4.14,1.42,14.22,22.59,75.51,134.3,0
1138,27.22,25.72,4.09,1.27,12.89,17.6,71.23,151.98,0
1139,28.4,55.44,4.29,1.87,18.44,38.41,89.07,78.26,0
1140,27.41,30.51,4.12,1.37,13.79,20.96,74.11,140.1,0
1141,28.23,51.0,4.26,1.78,17.61,35.3,86.4,89.28,0
1142,27.67,36.98,4.17,1.5,15.0,25.48,77.99,124.06,0
1143,27.95,44.16,4.21,1.64,16.34,30.51,82.29,106.26,0
1144,27.13,23.62,4.08,1.23,12.5,16.13,69.97,157.18,0
1145,27.51,33.02,4.14,1.42,14.26,22.71,75.61,133.87,0
1146,28.08,47.22,4.23,1.7,16.91,32.66,84.13,98.65,0
1147,27.89,42.5,4.2,1.61,16.03,29.35,81.3,110.35,0
1148,28.52,58.44,4.31,1.93,19.0,40.51,90.87,70.82,0
1149,28.06,46.8,4.23,1.7,16.83,32.36,83.88,99.69,0
1150,27.92,43.44,4.21,1.63,16.2,30.01,81.86,108.04,0
1151,28.29,52.52,4.27,1.81,17.9,36.36,87.31,85.51,0
1152,27.19,25.12,4.09,1.26,12.78,17.19,70.87,153.45,0
1153,26.91,18.13,4.04,1.12,11.48,12.29,66.68,170.81,0
1154,28.49,57.64,4.3,1.91,18.85,39.95,90.38,72.81,0
1155,26.8,15.32,4.02,1.07,10.95,10.32,64.99,177.77,0
1156,26.8,15.31,4.02,1.07,10.95,10.31,64.98,177.8,0
1157,27.79,39.98,4.19,1.56,15.56,27.59,79.79,116.6,0
1158,27.11,23.17,4.07,1.22,12.42,15.82,69.7,158.29,0
1159,27.23,25.96,4.09,1.28,12.94,17.77,71.38,151.38,0
1160,26.93,18.46,4.04,1.13,11.54,12.52,66.88,169.98,0
1161,26.71,13.13,4.01,1.02,10.54,8.79,63.68,183.19,0
1162,28.55,59.2,4.31,1.94,19.14,41.04,91.32,68.95,0
1163,26.92,18.35,4.04,1.13,11.52,12.45,66.81,170.25,0
1164,28.1,47.76,4.24,1.72,17.01,33.03,84.45,97.32,0
1165,28.37,54.53,4.28,1.85,18.27,37.77,88.52,80.52,0
1166,26.85,16.68,4.03,1.09,11.21,11.28,65.81,174.39,0
1167,28.5,57.79,4.31,1.92,18.88,40.05,90.47,72.45,0
1168,28.41,55.47,4.29,1.87,18.45,38.43,89.08,78.21,0
1169,27.46,31.92,4.13,1.4,14.05,21.94,74.95,136.6,0
1170,26.98,19.94,4.05,1.16,11.82,13.56,67.77,166.3,0
1171,26.93,18.6,4.04,1.13,11.56,12.62,66.96,169.64,0
1172,26.75,13.97,4.01,1.04,10.7,9.38,64.18,181.12,0
1173,26.7,12.85,4.01,1.02,10.49,8.59,63.51,183.9,0
1174,28.4,55.32,4.29,1.87,18.42,38.33,88.99,78.56,0
1175,28.67,61.99,4.33,2.0,19.67,43.0,93.0,62.01,0
1176,27.69,37.71,4.17,1.51,15.13,25.99,78.42,122.25,0
1177,26.86,16.94,4.03,1.1,11.25,11.46,65.96,173.76,0
1178,28.27,52.2,4.27,1.8,17.84,36.14,87.12,86.31,0
1179,27.34,28.93,4.11,1.34,13.49,19.85,73.16,144.01,0
1180,28.45,56.49,4.3,1.89,18.64,39.14,89.69,75.68,0
1181,27.46,31.88,4.13,1.4,14.04,21.92,74.93,136.7,0
1182,28.22,50.88,4.26,1.78,17.59,35.22,86.33,89.58,0
1183,27.37,29.68,4.12,1.35,13.63,20.38,73.61,142.15,0
1184,27.36,29.38,4.12,1.35,13.58,20.16,73.43,142.9,0
1185,27.26,26.87,4.1,1.3,13.11,18.41,71.92,149.12,0
1186,26.72,13.36,4.01,1.03,10.59,8.95,63.81,182.64,0
1187,26.69,12.5,4.0,1.01,10.43,8.35,63.3,184.76,0
1188,28.13,48.48,4.24,1.73,17.14,33.54,84.89,95.52,0
1189,28.16,49.22,4.25,1.74,17.28,34.06,85.33,93.69,0
1190,27.44,31.44,4.13,1.39,13.96,21.61,74.66,137.79,0
1191,26.88,17.37,4.04,1.11,11.34,11.76,66.22,172.68,0
1192,27.76,39.31,4.18,1.55,15.43,27.12,79.39,118.26,0
1193,26.89,17.5,4.04,1.11,11.36,11.85,66.3,172.35,0
1194,27.85,41.69,4.2,1.59,15.88,28.78,80.81,112.37,0
1195,28.47,57.01,4.3,1.9,18.74,39.51,90.01,74.37,0
1196,27.85,41.69,4.2,1.59,15.87,28.78,80.81,112.38,0
1197,28.59,60.2,4.32,1.96,19.33,41.74,91.92,66.47,0
1198,27.64,36.23,4.16,1.48,14.86,24.96,77.54,125.9,0
1199,26.74,13.8,4.01,1.04,10.67,9.26,64.08,181.54,0
1200,27.51,33.08,4.14,1.42,14.27,22.76,75.65,133.71,0
1201,28.34,53.87,4.28,1.84,18.15,37.31,88.12,82.16,0
1202,28.43,56.15,4.29,1.88,18.57,38.91,89.49,76.5,0
1203,27.49,32.61,4.14,1.41,14.18,22.43,75.37,134.89,0
1204,26.67,12.05,4.0,1.0,10.34,8.03,63.03,185.89,0
1205,26.71,13.2,4.01,1.02,10.56,8.84,63.72,183.02,0
1206,27.2,25.42,4.09,1.27,12.84,17.39,71.05,152.72,0
1207,27.28,27.42,4.1,1.31,13.21,18.79,72.25,147.77,0
1208,26.7,12.92,4.01,1.02,10.5,8.64,63.55,183.73,0
1209,26.93,18.48,4.04,1.13,11.54,12.54,66.89,169.93,0
1210,27.01,20.46,4.06,1.17,11.91,13.92,68.08,165.02,0
1211,26.88,17.43,4.04,1.11,11.35,11.8,66.26,172.54,0
1212,28.15,49.14,4.25,1.74,17.27,34.0,85.29,93.89,0
1213,27.09,22.55,4.07,1.21,12.3,15.38,69.33,159.84,0
1214,27.9,42.74,4.2,1.61,16.07,29.52,81.44,109.77,0
1215,28.43,56.07,4.29,1.88,18.56,38.85,89.44,76.7,0
1216,27.6,35.23,4.15,1.46,14.67,24.26,76.94,128.4,0
1217,27.37,29.52,4.12,1.35,13.6,20.26,73.51,142.56,0
1218,28.66,61.72,4.33,1.99,19.61,42.8,92.83,62.7,0
1219,28.52,58.35,4.31,1.93,18.98,40.44,90.81,71.06,0
1220,27.52,33.41,4.14,1.43,14.33,22.99,75.85,132.9,0
1221,28.32,53.36,4.28,1.83,18.05,36.96,87.82,83.41,0
1222,27.88,42.23,4.2,1.6,15.98,29.16,81.14,111.04,0
1223,27.74,38.87,4.18,1.54,15.35,26.81,79.12,119.37,0
1224,27.0,20.37,4.06,1.17,11.9,13.86,68.02,165.24,0
1225,26.79,15.01,4.02,1.06,10.9,10.11,64.81,178.53,0
1226,27.39,30.06,4.12,1.36,13.7,20.64,73.83,141.22,0
1227,28.38,54.79,4.29,1.86,18.32,37.96,88.68,79.87,0
1228,26.67,12.15,4.0,1.0,10.36,8.1,63.09,185.64,0
1229,28.26,51.88,4.27,1.8,17.78,35.91,86.93,87.1,0
1230,28.27,52.15,4.27,1.8,17.83,36.11,87.09,86.42,0
1231,27.05,21.57,4.06,1.19,12.12,14.7,68.74,162.27,0
1232,27.46,31.86,4.13,1.4,14.04,21.9,74.92,136.74,0
1233,27.17,24.58,4.08,1.25,12.68,16.8,70.55,154.81,0
1234,28.27,52.11,4.27,1.8,17.82,36.08,87.07,86.52,0
1235,27.46,31.82,4.13,1.4,14.03,21.87,74.89,136.85,0
1236,28.39,54.97,4.29,1.86,18.35,38.08,88.78,79.44,0
1237,27.41,30.69,4.12,1.37,13.82,21.08,74.21,139.66,0
1238,27.94,43.82,4.21,1.64,16.27,30.27,82.09,107.09,0
1239,27.0,20.45,4.06,1.17,11.91,13.91,68.07,165.05,0
1240,37.52,52.76,4.91,1.42,22.75,36.65,-25.37,154.38,0
1241,41.95,48.13,5.2,1.13,24.29,33.47,-84.65,200.65,0
1242,37.15,53.15,4.89,1.45,22.62,36.91,-20.42,150.52,0
1243,36.62,53.7,4.85,1.48,22.43,37.3,-13.3,144.97,0
1244,41.39,48.73,5.16,1.17,24.09,33.87,-77.06,194.73,0
1245,40.01,50.16,5.07,1.26,23.61,34.86,-58.68,180.38,0
1246,39.61,50.58,5.05,1.29,23.47,35.15,-53.33,176.21,0
1247,43.48,46.54,5.3,1.03,24.82,32.37,-105.11,216.62,0
1248,42.73,47.33,5.25,1.08,24.56,32.91,-94.99,208.73,0
1249,42.11,47.98,5.21,1.12,24.34,33.36,-86.68,202.24,0
1250,37.77,52.51,4.93,1.41,22.83,36.47,-28.65,156.94,0
1251,37.37,52.92,4.9,1.43,22.69,36.76,-23.3,152.77,0
1252,39.18,51.03,5.02,1.31,23.32,35.46,-47.52,171.67,0
1253,41.33,48.79,5.16,1.17,24.07,33.92,-76.31,194.14,0
1254,38.2,52.06,4.95,1.38,22.98,36.16,-34.4,161.44,0
1255,39.55,50.64,5.04,1.29,23.45,35.19,-52.56,175.61,0
1256,36.88,53.43,4.87,1.46,22.52,37.11,-16.82,147.71,0
1257,43.95,46.05,5.33,1.0,24.98,32.04,-111.32,221.47,0
1258,43.82,46.19,5.32,1.01,24.94,32.13,-109.6,220.13,0
1259,37.34,52.95,4.9,1.43,22.68,36.78,-22.89,152.45,0
1260,40.88,49.25,5.13,1.2,23.92,34.24,-70.35,189.49,0
1261,42.32,47.76,5.22,1.11,24.41,33.21,-89.47,204.42,0
1262,43.18,46.85,5.28,1.05,24.72,32.58,-101.1,213.49,0
1263,42.45,47.62,5.23,1.1,24.46,33.11,-91.22,205.79,0
1264,37.28,53.02,4.89,1.44,22.66,36.82,-22.09,151.83,0
1265,42.22,47.86,5.22,1.12,24.38,33.28,-88.23,203.45,0
1266,42.48,47.59,5.23,1.1,24.47,33.09,-91.67,206.13,0
1267,36.35,53.98,4.83,1.5,22.34,37.49,-9.7,142.15,0
1268,38.08,52.18,4.95,1.39,22.94,36.25,-32.86,160.23,0
1269,39.6,50.59,5.05,1.29,23.47,35.16,-53.13,176.05,0
1270,39.24,50.97,5.02,1.31,23.34,35.42,-48.31,172.29,0
1271,36.49,53.84,4.84,1.49,22.39,37.39,-11.53,143.59,0
1272,40.83,49.31,5.13,1.21,23.9,34.27,-69.62,188.92,0
1273,40.12,50.05,5.08,1.25,23.65,34.79,-60.09,181.48,0
1274,42.01,48.08,5.2,1.13,24.31,33.43,-85.34,201.19,0
1275,37.54,52.74,4.91,1.42,22.75,36.64,-25.6,154.57,0
1276,39.35,50.85,5.03,1.3,23.38,35.33,-49.89,173.53,0
1277,38.71,51.52,4.99,1.35,23.16,35.8,-41.26,166.78,0
1278,43.89,46.12,5.33,1.01,24.96,32.08,-110.52,220.84,0
1279,37.45,52.83,4.91,1.43,22.72,36.7,-24.46,153.68,0
1280,38.26,51.99,4.96,1.37,23.0,36.12,-35.22,162.08,0
1281,42.23,47.84,5.22,1.12,24.39,33.27,-88.36,203.55,0
1282,39.1,51.12,5.01,1.32,23.29,35.52,-46.46,170.85,0
1283,36.83,53.49,4.87,1.47,22.5,37.15,-16.08,147.14,0
1284,42.93,47.12,5.26,1.07,24.63,32.77,-97.68,210.82,0
1285,37.95,52.31,4.94,1.39,22.9,36.34,-31.14,158.89,0
1286,39.89,50.28,5.07,1.27,23.57,34.95,-57.11,179.16,0
1287,37.85,52.42,4.93,1.4,22.86,36.41,-29.76,157.81,0
1288,42.19,47.89,5.22,1.12,24.37,33.3,-87.84,203.14,0
1289,39.2,51.01,5.02,1.31,23.33,35.44,-47.81,171.9,0
1290,38.14,52.11,4.95,1.38,22.96,36.2,-33.72,160.9,0
1291,39.52,50.67,5.04,1.29,23.44,35.21,-52.17,175.3,0
1292,37.55,52.73,4.91,1.42,22.76,36.62,-25.82,154.74,0
1293,37.09,53.21,4.88,1.45,22.6,36.96,-19.63,149.9,0
1294,36.65,53.67,4.85,1.48,22.44,37.27,-13.78,145.34,0
1295,40.03,50.14,5.07,1.26,23.62,34.85,-58.95,180.6,0
1296,41.91,48.18,5.2,1.14,24.27,33.5,-84.12,200.24,0
1297,40.27,49.9,5.09,1.24,23.7,34.68,-62.07,183.03,0
1298,40.33,49.83,5.09,1.24,23.72,34.64,-62.87,183.65,0
1299,38.38,51.87,4.97,1.37,23.04,36.03,-36.84,163.34,0
1300,40.86,49.27,5.13,1.2,23.91,34.25,-70.06,189.27,0
1301,40.27,49.9,5.09,1.24,23.7,34.68,-62.09,183.04,0
1302,43.75,46.26,5.32,1.02,24.91,32.18,-108.63,219.37,0
1303,37.76,52.51,4.93,1.41,22.83,36.48,-28.59,156.9,0
1304,43.26,46.77,5.29,1.05,24.74,32.53,-102.13,214.3,0
1305,38.59,51.65,4.98,1.35,23.12,35.88,-39.66,165.54,0
1306,40.26,49.9,5.09,1.24,23.7,34.68,-62.01,182.98,0
1307,37.56,52.72,4.91,1.42,22.76,36.62,-25.86,154.77,0
1308,38.59,51.65,4.98,1.35,23.12,35.88,-39.66,165.54,0
1309,37.0,53.31,4.88,1.46,22.56,37.02,-18.38,148.93,0
1310,43.11,46.93,5.28,1.06,24.69,32.64,-100.07,212.69,0
1311,42.05,48.03,5.21,1.13,24.32,33.4,-85.97,201.69,0
1312,40.01,50.16,5.07,1.26,23.61,34.86,-58.71,180.41,0
1313,43.79,46.22,5.32,1.01,24.93,32.15,-109.17,219.79,0
1314,42.67,47.39,5.25,1.09,24.54,32.96,-94.16,208.08,0
1315,37.86,52.4,4.93,1.4,22.87,36.4,-29.95,157.96,0
1316,37.24,53.05,4.89,1.44,22.65,36.85,-21.62,151.46,0
1317,37.45,52.84,4.91,1.43,22.72,36.7,-24.41,153.64,0
1318,40.98,49.15,5.14,1.2,23.95,34.17,-71.65,190.51,0
1319,38.46,51.78,4.97,1.36,23.07,35.97,-38.0,164.24,0
1320,41.07,49.06,5.14,1.19,23.98,34.1,-72.83,191.42,0
1321,39.64,50.55,5.05,1.28,23.48,35.13,-53.67,176.47,0
1322,36.6,53.73,4.85,1.48,22.42,37.31,-13.01,144.74,0
1323,37.13,53.16,4.89,1.45,22.61,36.93,-20.21,150.36,0
1324,42.28,47.79,5.22,1.11,24.4,33.23,-89.06,204.09,0
1325,41.21,48.91,5.15,1.18,24.03,34.0,-74.66,192.86,0
1326,42.8,47.25,5.25,1.08,24.58,32.86,-95.94,209.47,0
1327,37.68,52.59,4.92,1.41,22.8,36.53,-27.52,156.07,0
1328,41.91,48.18,5.2,1.14,24.27,33.5,-84.1,200.22,0
1329,39.88,50.3,5.06,1.27,23.57,34.96,-56.87,178.97,0
1330,42.47,47.6,5.23,1.1,24.47,33.1,-91.49,205.99,0
1331,41.06,49.07,5.14,1.19,23.98,34.11,-72.71,191.34,0
1332,38.75,51.48,4.99,1.34,23.17,35.77,-41.79,167.2,0
1333,38.49,51.75,4.97,1.36,23.08,35.95,-38.31,164.49,0
1334,37.46,52.83,4.91,1.43,22.72,36.69,-24.54,153.74,0
1335,43.8,46.21,5.32,1.01,24.93,32.14,-109.32,219.91,0
1336,39.07,51.14,5.01,1.32,23.29,35.54,-46.09,170.56,0
1337,42.12,47.96,5.21,1.12,24.35,33.35,-86.87,202.39,0
1338,38.87,51.35,5.0,1.33,23.22,35.68,-43.46,168.5,0
1339,38.04,52.22,4.94,1.39,22.93,36.28,-32.33,159.82,0
1340,36.56,53.76,4.85,1.49,22.41,37.34,-12.54,144.37,0
1341,39.91,50.27,5.07,1.27,23.58,34.93,-57.32,179.32,0
1342,39.93,50.25,5.07,1.27,23.58,34.92,-57.59,179.53,0
1343,42.93,47.12,5.26,1.07,24.63,32.77,-97.64,210.8,0
1344,40.72,49.43,5.12,1.21,23.86,34.36,-68.09,187.73,0
1345,37.67,52.61,4.92,1.41,22.8,36.54,-27.35,155.93,0
1346,40.61,49.53,5.11,1.22,23.82,34.43,-66.72,186.66,0
1347,38.44,51.81,4.97,1.36,23.06,35.99,-37.62,163.95,0
1348,40.71,49.43,5.12,1.21,23.86,34.36,-68.04,187.69,0
1349,41.4,48.71,5.16,1.17,24.1,33.86,-77.26,194.88,0
1350,43.66,46.36,5.31,1.02,24.88,32.25,-107.41,218.42,0
1351,38.77,51.46,4.99,1.34,23.18,35.75,-42.06,167.41,0
1352,42.45,47.61,5.23,1.1,24.46,33.11,-91.33,205.87,0
1353,42.46,47.61,5.23,1.1,24.46,33.1,-91.41,205.93,0
1354,38.93,51.29,5.0,1.33,23.24,35.64,-44.21,169.09,0
1355,42.55,47.52,5.24,1.09,24.49,33.04,-92.55,206.82,0
1356,41.87,48.22,5.19,1.14,24.26,33.53,-83.53,199.78,0
1357,40.16,50.01,5.08,1.25,23.66,34.76,-60.62,181.9,0
1358,38.11,52.15,4.95,1.38,22.95,36.22,-33.27,160.55,0
1359,39.63,50.56,5.05,1.28,23.48,35.13,-53.63,176.44,0
1360,43.46,46.56,5.3,1.03,24.81,32.38,-104.83,216.41,0
1361,38.34,51.91,4.96,1.37,23.03,36.06,-36.33,162.94,0
1362,43.11,46.93,5.28,1.06,24.69,32.64,-100.12,212.73,0
1363,43.05,46.99,5.27,1.06,24.67,32.68,-99.28,212.07,0
1364,40.93,49.2,5.13,1.2,23.93,34.2,-70.95,189.96,0
1365,39.43,50.77,5.03,1.3,23.41,35.28,-50.83,174.26,0
1366,37.54,52.74,4.91,1.42,22.75,36.63,-25.7,154.64,0
1367,40.81,49.33,5.13,1.21,23.89,34.29,-69.31,188.68,0
1368,42.26,47.82,5.22,1.11,24.39,33.25,-88.67,203.79,0
1369,43.35,46.68,5.29,1.04,24.77,32.47,-103.31,215.22,0
1370,41.51,48.6,5.17,1.16,24.13,33.79,-78.67,195.99,0
1371,37.16,53.14,4.89,1.45,22.62,36.91,-20.54,150.61,0
1372,43.11,46.93,5.28,1.06,24.69,32.64,-100.07,212.69,0
1373,40.48,49.67,5.1,1.23,23.78,34.53,-64.94,185.27,0
1374,42.64,47.42,5.24,1.09,24.53,32.98,-93.81,207.81,0
1375,40.05,50.12,5.08,1.26,23.63,34.83,-59.23,180.81,0
1376,38.99,51.23,5.01,1.33,23.26,35.6,-44.97,169.68,0
1377,41.01,49.12,5.14,1.2,23.96,34.15,-72.02,190.79,0
1378,37.62,52.65,4.92,1.42,22.78,36.57,-26.74,155.46,0
1379,39.2,51.01,5.02,1.31,23.33,35.44,-47.83,171.91,0
1380,43.41,46.61,5.3,1.04,24.8,32.42,-104.15,215.87,0
1381,42.79,47.27,5.25,1.08,24.58,32.87,-95.76,209.33,0
1382,37.74,52.53,4.93,1.41,22.82,36.49,-28.3,156.67,0
1383,40.39,49.77,5.1,1.24,23.74,34.59,-63.73,184.33,0
1384,41.63,48.48,5.18,1.15,24.17,33.7,-80.27,197.23,0
1385,41.37,48.75,5.16,1.17,24.08,33.89,-76.81,194.53,0
1386,36.68,53.64,4.86,1.48,22.45,37.25,-14.11,145.6,0
1387,36.98,53.33,4.88,1.46,22.56,37.04,-18.1,148.71,0
1388,42.06,48.02,5.21,1.13,24.33,33.39,-86.09,201.78,0
1389,39.68,50.5,5.05,1.28,23.5,35.1,-54.3,176.97,0
1390,43.05,46.99,5.27,1.06,24.67,32.68,-99.27,212.07,0
1391,42.88,47.17,5.26,1.07,24.61,32.8,-97.07,210.34,0
1392,37.94,52.32,4.94,1.4,22.89,36.35,-30.99,158.77,0
1393,41.59,48.51,5.18,1.16,24.16,33.73,-79.81,196.88,0
1394,37.95,52.31,4.94,1.39,22.9,36.34,-31.17,158.91,0
1395,37.71,52.56,4.92,1.41,22.81,36.51,-27.9,156.36,0
1396,39.66,50.53,5.05,1.28,23.49,35.11,-53.98,176.71,0
1397,40.03,50.14,5.07,1.26,23.62,34.85,-58.92,180.57,0
1398,38.46,51.78,4.97,1.36,23.07,35.97,-37.95,164.21,0
1399,37.14,53.15,4.89,1.45,22.62,36.92,-20.34,150.46,0
1400,36.36,53.98,4.83,1.5,22.34,37.48,-9.8,142.24,0
1401,38.74,51.49,4.99,1.34,23.17,35.78,-41.62,167.07,0
1402,38.85,51.38,5.0,1.34,23.21,35.7,-43.11,168.23,0
1403,36.41,53.92,4.84,1.49,22.36,37.44,-10.57,142.84,0
1404,41.09,49.04,5.14,1.19,23.99,34.09,-73.1,191.64,0
1405,42.51,47.56,5.24,1.1,24.48,33.07,-92.03,206.41,0
1406,36.6,53.72,4.85,1.48,22.43,37.31,-13.05,144.77,0
1407,43.56,46.46,5.3,1.03,24.85,32.32,-106.06,217.37,0
1408,41.69,48.41,5.18,1.15,24.2,33.66,-81.08,197.87,0
1409,37.75,52.53,4.93,1.41,22.82,36.49,-28.39,156.75,0
1410,42.59,47.47,5.24,1.09,24.51,33.01,-93.17,207.3,0
1411,39.44,50.76,5.04,1.3,23.41,35.27,-51.06,174.44,0
1412,38.14,52.12,4.95,1.38,22.96,36.2,-33.64,160.84,0
1413,42.23,47.84,5.22,1.12,24.39,33.27,-88.38,203.57,0
1414,40.29,49.87,5.09,1.24,23.71,34.66,-62.36,183.26,0
1415,41.89,48.2,5.2,1.14,24.27,33.52,-83.76,199.96,0
1416,43.86,46.15,5.32,1.01,24.95,32.1,-110.12,220.53,0
1417,40.5,49.65,5.11,1.23,23.78,34.51,-65.24,185.5,0
1418,37.27,53.02,4.89,1.44,22.66,36.83,-22.03,151.78,0
1419,39.57,50.63,5.04,1.29,23.46,35.18,-52.72,175.73,0
1420,40.29,49.87,5.09,1.24,23.71,34.66,-62.39,183.28,0
1421,43.51,46.51,5.3,1.03,24.83,32.35,-105.45,216.89,0
1422,37.78,52.49,4.93,1.41,22.84,36.46,-28.85,157.11,0
1423,36.49,53.84,4.84,1.49,22.39,37.39,-11.57,143.61,0
1424,42.63,47.43,5.24,1.09,24.52,32.98,-93.64,207.67,0
1425,38.78,51.45,4.99,1.34,23.18,35.75,-42.2,167.53,0
1426,36.66,53.66,4.85,1.48,22.45,37.27,-13.85,145.39,0
1427,37.56,52.72,4.91,1.42,22.76,36.62,-25.86,154.77,0
1428,37.0,53.31,4.88,1.46,22.56,37.02,-18.38,148.93,0
1429,38.0,52.26,4.94,1.39,22.91,36.31,-31.76,159.37,0
1430,40.62,49.53,5.11,1.22,23.82,34.43,-66.77,186.7,0
1431,40.31,49.85,5.09,1.24,23.72,34.64,-62.73,183.54,0
1432,43.0,47.04,5.27,1.06,24.65,32.71,-98.68,211.61,0
1433,39.74,50.45,5.06,1.28,23.52,35.06,-54.98,177.5,0
1434,43.67,46.34,5.31,1.02,24.89,32.24,-107.61,218.58,0
1435,39.73,50.46,5.05,1.28,23.51,35.06,-54.89,177.43,0
1436,40.27,49.89,5.09,1.24,23.7,34.68,-62.11,183.06,0
1437,42.33,47.74,5.22,1.11,24.42,33.19,-89.73,204.62,0
1438,37.22,53.07,4.89,1.44,22.64,36.86,-21.37,151.26,0
1439,41.54,48.57,5.17,1.16,24.14,33.77,-79.1,196.32,0
1440,43.98,46.02,5.33,1.0,24.99,32.01,-111.76,221.81,0
1441,37.59,52.69,4.92,1.42,22.77,36.6,-26.29,155.1,0
1442,37.19,53.11,4.89,1.44,22.63,36.89,-20.89,150.89,0
1443,41.6,48.5,5.18,1.16,24.17,33.72,-79.96,196.99,0
1444,41.23,48.89,5.15,1.18,24.04,33.99,-75.0,193.12,0
1445,40.32,49.84,5.09,1.24,23.72,34.64,-62.78,183.59,0
1446,38.64,51.59,4.98,1.35,23.14,35.84,-40.36,166.09,0
1447,41.7,48.4,5.18,1.15,24.2,33.65,-81.22,197.98,0
1448,40.8,49.34,5.12,1.21,23.89,34.3,-69.16,188.56,0
1449,40.25,49.91,5.09,1.24,23.7,34.69,-61.9,182.9,0
1450,42.55,47.52,5.24,1.09,24.49,33.04,-92.55,206.82,0
1451,42.23,47.85,5.22,1.12,24.38,33.27,-88.3,203.5,0
1452,36.47,53.86,4.84,1.49,22.38,37.4,-11.35,143.45,0
1453,39.87,50.31,5.06,1.27,23.56,34.96,-56.8,178.92,0
1454,43.21,46.82,5.28,1.05,24.73,32.57,-101.43,213.75,0
1455,38.47,51.77,4.97,1.36,23.08,35.97,-38.06,164.29,0
1456,36.39,53.94,4.84,1.5,22.35,37.46,-10.32,142.64,0
1457,39.78,50.4,5.06,1.28,23.53,35.03,-55.6,177.98,0
1458,38.71,51.52,4.99,1.34,23.16,35.79,-41.28,166.8,0
1459,37.17,53.13,4.89,1.45,22.62,36.9,-20.66,150.71,0
1460,42.63,47.43,5.24,1.09,24.52,32.98,-93.73,207.74,0
1461,36.54,53.78,4.85,1.49,22.41,37.35,-12.26,144.15,0
1462,38.78,51.44,4.99,1.34,23.19,35.74,-42.27,167.58,0
1463,40.71,49.43,5.12,1.21,23.86,34.36,-68.0,187.66,0
1464,43.0,47.05,5.27,1.07,24.65,32.72,-98.57,211.52,0
1465,38.39,51.86,4.97,1.37,23.05,36.03,-36.97,163.44,0
1466,37.49,52.8,4.91,1.42,22.73,36.67,-24.92,154.03,0
1467,36.7,53.62,4.86,1.48,22.46,37.24,-14.37,145.8,0
1468,37.39,52.89,4.9,1.43,22.7,36.74,-23.66,153.05,0
1469,42.4,47.67,5.23,1.1,24.44,33.15,-90.55,205.26,0
1470,42.08,48.0,5.21,1.13,24.33,33.38,-86.31,201.95,0
1471,38.8,51.43,4.99,1.34,23.19,35.73,-42.47,167.73,0
1472,43.51,46.52,5.3,1.03,24.83,32.35,-105.39,216.84,0
1473,38.71,51.52,4.99,1.34,23.16,35.79,-41.33,166.84,0
1474,39.69,50.5,5.05,1.28,23.5,35.09,-54.38,177.03,0
1475,38.65,51.58,4.98,1.35,23.14,35.83,-40.53,166.22,0
1476,39.31,50.9,5.03,1.31,23.37,35.37,-49.26,173.03,0
1477,43.87,46.14,5.32,1.01,24.95,32.1,-110.2,220.6,0
1478,38.22,52.03,4.96,1.38,22.99,36.15,-34.75,161.71,0
1479,43.06,46.98,5.27,1.06,24.67,32.68,-99.42,212.18,0
1480,38.58,51.65,4.98,1.35,23.12,35.88,-39.6,165.49,0
1481,37.36,52.93,4.9,1.43,22.69,36.77,-23.16,152.66,0
1482,43.61,46.41,5.31,1.03,24.86,32.28,-106.77,217.92,0
1483,40.12,50.05,5.08,1.25,23.65,34.79,-60.09,181.48,0
1484,40.81,49.33,5.13,1.21,23.89,34.29,-69.32,188.69,0
1485,38.99,51.23,5.01,1.33,23.26,35.59,-45.0,169.71,0
1486,41.21,48.91,5.15,1.18,24.03,34.0,-74.66,192.85,0
1487,38.01,52.25,4.94,1.39,22.92,36.3,-31.86,159.45,0
1488,42.94,47.11,5.26,1.07,24.63,32.76,-97.77,210.9,0
1489,38.71,51.52,4.99,1.35,23.16,35.8,-41.21,166.75,0
1490,37.75,52.52,4.93,1.41,22.83,36.48,-28.48,156.82,0
1491,43.54,46.48,5.3,1.03,24.84,32.33,-105.9,217.24,0
1492,40.37,49.78,5.1,1.24,23.74,34.6,-63.53,184.17,0
1493,41.33,48.78,5.16,1.17,24.07,33.91,-76.36,194.18,0
1494,43.91,46.1,5.33,1.01,24.97,32.07,-110.78,221.05,0
1495,38.03,52.23,4.94,1.39,22.92,36.28,-32.2,159.72,0
1496,40.93,49.21,5.13,1.2,23.93,34.2,-70.93,189.94,0
1497,36.86,53.45,4.87,1.47,22.52,37.12,-16.51,147.47,0
1498,43.46,46.57,5.3,1.04,24.81,32.39,-104.72,216.32,0
1499,43.69,46.33,5.31,1.02,24.89,32.22,-107.81,218.73,0
1500,41.59,48.52,5.18,1.16,24.16,33.73,-79.76,196.83,0
1501,40.23,49.93,5.09,1.25,23.69,34.7,-61.64,182.7,0
1502,38.77,51.46,4.99,1.34,23.18,35.75,-42.08,167.43,0
1503,36.8,53.51,4.86,1.47,22.5,37.16,-15.75,146.88,0
1504,42.58,47.48,5.24,1.09,24.51,33.02,-93.04,207.2,0
1505,43.82,46.19,5.32,1.01,24.94,32.13,-109.56,220.1,0
1506,39.32,50.89,5.03,1.31,23.37,35.36,-49.38,173.12,0
1507,42.13,47.95,5.21,1.12,24.35,33.34,-87.06,202.54,0
1508,37.38,52.91,4.9,1.43,22.7,36.75,-23.44,152.88,0
1509,41.03,49.1,5.14,1.19,23.97,34.13,-72.34,191.04,0
1510,42.75,47.3,5.25,1.08,24.57,32.9,-95.31,208.97,0
1511,43.77,46.24,5.32,1.01,24.92,32.16,-108.93,219.61,0
1512,40.98,49.15,5.14,1.2,23.95,34.16,-71.67,190.53,0
1513,42.96,47.08,5.27,1.07,24.64,32.75,-98.11,211.16,0
1514,41.57,48.54,5.17,1.16,24.15,33.74,-79.52,196.65,0
1515,41.49,48.62,5.17,1.16,24.13,33.8,-78.48,195.84,0
1516,43.89,46.12,5.33,1.01,24.96,32.08,-110.49,220.82,0
1517,39.12,51.09,5.02,1.32,23.3,35.5,-46.76,171.08,0
1518,41.97,48.12,5.2,1.13,24.29,33.46,-84.82,200.78,0
1519,41.08,49.05,5.14,1.19,23.98,34.09,-72.97,191.54,0
1520,38.32,51.92,4.96,1.37,23.03,36.07,-36.1,162.76,0
1521,39.31,50.89,5.03,1.31,23.37,35.36,-49.36,173.11,0
1522,40.11,50.06,5.08,1.25,23.65,34.79,-59.97,181.4,0
1523,40.46,49.7,5.1,1.23,23.77,34.54,-64.64,185.04,0
1524,41.33,48.78,5.16,1.17,24.07,33.91,-76.37,194.19,0
1525,39.18,51.03,5.02,1.31,23.32,35.45,-47.61,171.75,0
1526,39.02,51.2,5.01,1.32,23.27,35.57,-45.41,170.03,0
1527,41.22,48.9,5.15,1.18,24.03,33.99,-74.82,192.98,0
1528,38.67,51.56,4.99,1.35,23.15,35.82,-40.74,166.39,0
1529,43.32,46.71,5.29,1.04,24.76,32.49,-102.88,214.88,0
1530,36.82,53.5,4.86,1.47,22.5,37.15,-15.96,147.04,0
1531,36.54,53.78,4.85,1.49,22.41,37.35,-12.28,144.17,0
1532,43.81,46.2,5.32,1.01,24.93,32.14,-109.42,219.98,0
1533,43.34,46.68,5.29,1.04,24.77,32.47,-103.24,215.16,0
1534,39.45,50.75,5.04,1.3,23.42,35.27,-51.15,174.5,0
1535,38.83,51.4,5.0,1.34,23.2,35.71,-42.87,168.04,0
1536,43.99,46.01,5.33,1.0,25.0,32.01,-111.87,221.9,0
1537,42.31,47.77,5.22,1.11,24.41,33.22,-89.34,204.31,0
1538,41.83,48.26,5.19,1.14,24.25,33.56,-82.99,199.36,0
1539,39.13,51.08,5.02,1.32,23.31,35.49,-46.96,171.23,0
1540,37.92,52.34,4.94,1.4,22.89,36.36,-30.77,158.6,0
1541,37.93,52.33,4.94,1.4,22.89,36.35,-30.89,158.7,0
1542,36.8,53.52,4.86,1.47,22.49,37.17,-15.7,146.84,0
1543,42.14,47.95,5.21,1.12,24.35,33.34,-87.07,202.54,0
1544,43.03,47.01,5.27,1.06,24.66,32.7,-99.05,211.89,0
1545,40.4,49.76,5.1,1.23,23.75,34.58,-63.83,184.4,0
1546,42.56,47.5,5.24,1.09,24.5,33.03,-92.76,206.98,0
1547,41.28,48.83,5.16,1.18,24.06,33.95,-75.7,193.67,0
1548,41.63,48.47,5.18,1.15,24.18,33.7,-80.29,197.25,0
1549,41.64,48.46,5.18,1.15,24.18,33.69,-80.46,197.39,0
1550,42.94,47.11,5.26,1.07,24.63,32.76,-97.84,210.95,0
1551,38.94,51.28,5.0,1.33,23.24,35.63,-44.4,169.24,0
1552,41.11,49.02,5.14,1.19,23.99,34.07,-73.36,191.84,0
1553,37.75,52.52,4.93,1.41,22.83,36.48,-28.5,156.83,0
1554,37.1,53.2,4.88,1.45,22.6,36.95,-19.79,150.03,0
1555,43.23,46.8,5.28,1.05,24.73,32.55,-101.7,213.96,0
1556,39.42,50.78,5.03,1.3,23.41,35.29,-50.7,174.16,0
1557,37.24,53.06,4.89,1.44,22.65,36.85,-21.57,151.42,0
1558,40.36,49.8,5.1,1.24,23.73,34.61,-63.31,184.0,0
1559,41.4,48.71,5.16,1.17,24.1,33.87,-77.23,194.86,0
1560,43.72,46.29,5.32,1.02,24.9,32.2,-108.28,219.09,0
1561,36.93,53.38,4.87,1.46,22.54,37.07,-17.43,148.19,0
1562,36.79,53.52,4.86,1.47,22.49,37.17,-15.65,146.8,0
1563,38.57,51.66,4.98,1.35,23.11,35.89,-39.45,165.37,0
1564,36.94,53.36,4.87,1.46,22.55,37.06,-17.65,148.36,0
1565,39.47,50.73,5.04,1.3,23.42,35.25,-51.38,174.69,0
1566,43.79,46.21,5.32,1.01,24.93,32.15,-109.25,219.85,0
1567,41.81,48.28,5.19,1.14,24.24,33.57,-82.77,199.19,0
1568,38.84,51.38,5.0,1.34,23.21,35.7,-43.07,168.2,0
1569,40.36,49.8,5.1,1.24,23.73,34.61,-63.35,184.03,0
1570,43.17,46.86,5.28,1.05,24.71,32.59,-100.96,213.38,0
1571,43.39,46.63,5.29,1.04,24.79,32.43,-103.91,215.69,0
1572,42.47,47.6,5.23,1.1,24.47,33.1,-91.5,206.0,0
1573,36.44,53.89,4.84,1.49,22.37,37.43,-10.87,143.07,0
1574,40.42,49.73,5.1,1.23,23.76,34.57,-64.16,184.66,0
1575,42.21,47.87,5.22,1.12,24.38,33.29,-88.03,203.29,0
1576,39.24,50.97,5.02,1.31,23.34,35.42,-48.31,172.29,0
1577,41.67,48.43,5.18,1.15,24.19,33.67,-80.86,197.7,0
1578,38.39,51.85,4.97,1.37,23.05,36.02,-37.04,163.5,0
1579,38.48,51.76,4.97,1.36,23.08,35.96,-38.21,164.41,0
1580,38.01,52.25,4.94,1.39,22.92,36.29,-31.97,159.54,0
1581,41.55,48.56,5.17,1.16,24.15,33.76,-79.23,196.42,0
1582,39.88,50.3,5.06,1.27,23.57,34.96,-56.89,178.99,0
1583,43.84,46.17,5.32,1.01,24.94,32.12,-109.83,220.31,0
1584,36.58,53.74,4.85,1.48,22.42,37.32,-12.79,144.57,0
1585,38.53,51.71,4.98,1.36,23.1,35.93,-38.84,164.9,0
1586,39.15,51.06,5.02,1.32,23.31,35.48,-47.2,171.42,0
1587,40.27,49.9,5.09,1.24,23.7,34.68,-62.07,183.03,0
1588,38.19,52.07,4.95,1.38,22.98,36.17,-34.28,161.34,0
1589,43.33,46.7,5.29,1.04,24.77,32.48,-102.99,214.97,0
1590,37.28,53.02,4.89,1.44,22.66,36.82,-22.11,151.84,0
1591,43.54,46.48,5.3,1.03,24.84,32.33,-105.82,217.18,0
1592,43.64,46.37,5.31,1.02,24.88,32.25,-107.25,218.29,0
1593,36.64,53.68,4.85,1.48,22.44,37.28,-13.55,145.16,0
1594,39.51,50.69,5.04,1.29,23.44,35.22,-51.93,175.12,0
1595,40.84,49.3,5.13,1.21,23.9,34.27,-69.73,189.01,0
1596,36.52,53.8,4.85,1.49,22.4,37.37,-12.0,143.95,0
1597,43.31,46.72,5.29,1.04,24.76,32.49,-102.83,214.84,0
1598,37.11,53.18,4.88,1.45,22.61,36.94,-19.94,150.15,0
1599,37.13,53.17,4.89,1.45,22.61,36.93,-20.18,150.34,0
1600,40.71,49.43,5.12,1.21,23.86,34.36,-68.04,187.69,0
1601,42.82,47.23,5.26,1.08,24.59,32.85,-96.23,209.7,0
1602,43.68,46.34,5.31,1.02,24.89,32.23,-107.69,218.64,0
1603,37.3,52.99,4.9,1.44,22.67,36.81,-22.41,152.08,0
1604,41.91,48.18,5.2,1.14,24.27,33.5,-84.03,200.17,0
1605,40.52,49.63,5.11,1.23,23.79,34.5,-65.47,185.68,0
1606,39.28,50.93,5.03,1.31,23.36,35.39,-48.84,172.7,0
1607,37.61,52.67,4.92,1.42,22.78,36.58,-26.55,155.31,0
1608,40.92,49.21,5.13,1.2,23.93,34.21,-70.83,189.86,0
1609,39.03,51.19,5.01,1.32,23.27,35.57,-45.54,170.13,0
1610,36.97,53.33,4.88,1.46,22.56,37.04,-18.06,148.68,0
1611,40.62,49.52,5.11,1.22,23.83,34.42,-66.84,186.76,0
1612,39.14,51.07,5.02,1.32,23.31,35.48,-47.07,171.32,0
1613,41.8,48.3,5.19,1.14,24.23,33.58,-82.56,199.02,0
1614,39.23,50.98,5.02,1.31,23.34,35.42,-48.23,172.23,0
1615,42.25,47.82,5.22,1.11,24.39,33.25,-88.64,203.77,0
1616,38.69,51.54,4.99,1.35,23.15,35.81,-41.03,166.61,0
1617,42.6,47.46,5.24,1.09,24.51,33.0,-93.3,207.4,0
1618,42.52,47.54,5.24,1.1,24.49,33.06,-92.22,206.56,0
1619,38.81,51.42,4.99,1.34,23.19,35.72,-42.59,167.83,0
1620,41.46,48.65,5.17,1.17,24.12,33.82,-78.1,195.54,0
1621,38.57,51.66,4.98,1.35,23.11,35.89,-39.42,165.35,0
1622,38.84,51.39,5.0,1.34,23.2,35.7,-43.0,168.15,0
1623,41.94,48.15,5.2,1.13,24.28,33.48,-84.42,200.47,0
1624,38.91,51.31,5.0,1.33,23.23,35.65,-43.96,168.9,0
1625,37.93,52.33,4.94,1.4,22.89,36.35,-30.9,158.7,0
1626,40.59,49.56,5.11,1.22,23.81,34.45,-66.43,186.43,0
1627,40.99,49.14,5.14,1.2,23.95,34.16,-71.75,190.59,0
1628,43.07,46.97,5.27,1.06,24.68,32.67,-99.51,212.25,0
1629,38.03,52.23,4.94,1.39,22.92,36.29,-32.13,159.66,0
1630,37.04,53.26,4.88,1.45,22.58,36.99,-18.95,149.38,0
1631,40.72,49.42,5.12,1.21,23.86,34.35,-68.17,187.79,0
1632,43.7,46.31,5.31,1.02,24.9,32.22,-107.97,218.86,0
1633,40.1,50.07,5.08,1.25,23.64,34.8,-59.8,181.26,0
1634,39.94,50.23,5.07,1.26,23.59,34.91,-57.75,179.66,0
1635,41.35,48.76,5.16,1.17,24.08,33.9,-76.61,194.38,0
1636,39.22,50.98,5.02,1.31,23.34,35.43,-48.14,172.16,0
1637,41.95,48.14,5.2,1.13,24.29,33.47,-84.53,200.56,0
1638,37.78,52.49,4.93,1.41,22.84,36.46,-28.87,157.12,0
1639,38.99,51.23,5.01,1.33,23.26,35.59,-45.02,169.72,0
1640,42.06,48.03,5.21,1.13,24.32,33.39,-86.01,201.72,0
1641,40.32,49.84,5.09,1.24,23.72,34.64,-62.78,183.58,0
1642,43.62,46.4,5.31,1.02,24.87,32.27,-106.94,218.05,0
1643,37.59,52.69,4.92,1.42,22.77,36.6,-26.32,155.13,0
1644,39.15,51.06,5.02,1.32,23.31,35.48,-47.21,171.43,0
1645,42.54,47.52,5.24,1.1,24.49,33.05,-92.48,206.77,0
1646,40.48,49.67,5.1,1.23,23.78,34.52,-64.95,185.27,0
1647,40.05,50.12,5.08,1.26,23.63,34.83,-59.24,180.82,0
1648,40.39,49.77,5.1,1.24,23.74,34.59,-63.73,184.33,0
1649,40.8,49.34,5.12,1.21,23.89,34.3,-69.16,188.56,0
1650,39.8,50.38,5.06,1.27,23.54,35.01,-55.89,178.21,0
1651,36.84,53.47,4.87,1.47,22.51,37.14,-16.29,147.3,0
1652,41.81,48.28,5.19,1.14,24.24,33.57,-82.75,199.17,0
1653,42.8,47.25,5.26,1.08,24.58,32.86,-95.99,209.51,0
1654,37.93,52.34,4.94,1.4,22.89,36.36,-30.8,158.62,0
1655,38.82,51.41,5.0,1.34,23.2,35.72,-42.75,167.95,0
1656,41.81,48.28,5.19,1.14,24.24,33.57,-82.74,199.16,0
1657,43.63,46.38,5.31,1.02,24.87,32.26,-107.11,218.18,0
1658,41.46,48.65,5.17,1.17,24.12,33.82,-78.01,195.47,0
1659,38.21,52.04,4.96,1.38,22.99,36.15,-34.64,161.62,0
1660,40.02,50.15,5.07,1.26,23.62,34.85,-58.85,180.52,0
1661,42.13,47.95,5.21,1.12,24.35,33.34,-86.99,202.48,0
1662,39.78,50.4,5.06,1.28,23.53,35.03,-55.62,177.99,0
1663,43.79,46.22,5.32,1.01,24.93,32.15,-109.24,219.85,0
1664,42.11,47.97,5.21,1.12,24.34,33.36,-86.74,202.29,0
1665,41.91,48.18,5.2,1.14,24.27,33.5,-84.12,200.24,0
1666,38.18,52.07,4.95,1.38,22.98,36.17,-34.22,161.29,0
1667,37.13,53.17,4.89,1.45,22.61,36.93,-20.14,150.3,0
1668,38.13,52.13,4.95,1.38,22.96,36.21,-33.5,160.73,0
1669,37.71,52.57,4.92,1.41,22.81,36.51,-27.86,156.33,0
1670,37.92,52.34,4.94,1.4,22.89,36.36,-30.75,158.59,0
1671,40.05,50.12,5.08,1.26,23.63,34.83,-59.17,180.76,0
1672,39.79,50.39,5.06,1.27,23.54,35.02,-55.69,178.05,0
1673,41.65,48.45,5.18,1.15,24.18,33.69,-80.58,197.48,0
1674,41.44,48.67,5.17,1.17,24.11,33.84,-77.75,195.27,0
1675,43.91,46.1,5.33,1.01,24.97,32.07,-110.74,221.02,0
1676,37.54,52.74,4.91,1.42,22.75,36.63,-25.63,154.59,0
1677,43.04,47.0,5.27,1.06,24.67,32.69,-99.13,211.96,0
1678,38.21,52.04,4.96,1.38,22.99,36.15,-34.64,161.62,0
1679,40.26,49.91,5.09,1.24,23.7,34.69,-61.95,182.94,0
1680,37.64,52.64,4.92,1.41,22.79,36.56,-26.96,155.63,0
1681,42.3,47.77,5.22,1.11,24.41,33.22,-89.29,204.27,0
1682,37.66,52.61,4.92,1.41,22.8,36.55,-27.26,155.86,0
1683,37.67,52.6,4.92,1.41,22.8,36.54,-27.42,155.98,0
1684,41.92,48.17,5.2,1.14,24.28,33.49,-84.24,200.34,0
1685,36.89,53.42,4.87,1.46,22.53,37.1,-16.95,147.82,0
1686,40.68,49.46,5.12,1.22,23.85,34.38,-67.63,187.37,0
1687,37.07,53.23,4.88,1.45,22.59,36.97,-19.34,149.68,0
1688,36.89,53.42,4.87,1.46,22.53,37.1,-16.9,147.78,0
1689,42.63,47.43,5.24,1.09,24.52,32.98,-93.71,207.72,0
1690,41.79,48.3,5.19,1.14,24.23,33.58,-82.5,198.98,0
1691,41.13,49.0,5.15,1.19,24.0,34.06,-73.61,192.04,0
1692,41.75,48.35,5.19,1.15,24.22,33.62,-81.87,198.49,0
1693,37.81,52.46,4.93,1.4,22.85,36.44,-29.29,157.45,0
1694,39.69,50.49,5.05,1.28,23.5,35.09,-54.43,177.07,0
1695,41.02,49.11,5.14,1.19,23.96,34.14,-72.16,190.91,0
1696,39.95,50.22,5.07,1.26,23.59,34.9,-57.91,179.78,0
1697,43.88,46.12,5.33,1.01,24.96,32.08,-110.46,220.8,0
1698,39.57,50.62,5.04,1.29,23.46,35.18,-52.77,175.77,0
1699,39.68,50.5,5.05,1.28,23.5,35.1,-54.28,176.95,0
1700,41.02,49.11,5.14,1.19,23.96,34.14,-72.2,190.94,0
1701,38.22,52.03,4.96,1.38,22.99,36.15,-34.73,161.69,0
1702,43.37,46.66,5.29,1.04,24.78,32.45,-103.6,215.44,0
1703,38.18,52.08,4.95,1.38,22.97,36.18,-34.13,161.22,0
1704,43.56,46.46,5.3,1.03,24.85,32.31,-106.14,217.43,0
1705,42.64,47.42,5.24,1.09,24.53,32.98,-93.75,207.76,0
1706,43.64,46.38,5.31,1.02,24.87,32.26,-107.15,218.22,0
1707,38.08,52.17,4.95,1.39,22.94,36.25,-32.88,160.25,0
1708,37.01,53.3,4.88,1.46,22.57,37.02,-18.5,149.03,0
1709,40.82,49.32,5.13,1.21,23.89,34.28,-69.46,188.8,0
1710,40.34,49.82,5.09,1.24,23.73,34.63,-63.0,183.76,0
1711,41.33,48.79,5.16,1.17,24.07,33.92,-76.3,194.14,0
1712,37.4,52.89,4.9,1.43,22.7,36.74,-23.71,153.09,0
1713,41.74,48.36,5.19,1.15,24.21,33.62,-81.81,198.44,0
1714,43.15,46.89,5.28,1.06,24.7,32.61,-100.65,213.14,0
1715,42.04,48.05,5.21,1.13,24.32,33.41,-85.75,201.51,0
1716,38.03,52.23,4.94,1.39,22.92,36.28,-32.2,159.72,0
1717,41.7,48.4,5.18,1.15,24.2,33.65,-81.21,197.97,0
1718,37.96,52.31,4.94,1.39,22.9,36.34,-31.21,158.94,0
1719,40.07,50.1,5.08,1.26,23.63,34.82,-59.41,180.95,0
1720,37.89,52.37,4.93,1.4,22.88,36.38,-30.33,158.26,0
1721,41.5,48.61,5.17,1.16,24.13,33.8,-78.51,195.86,0
1722,36.95,53.36,4.87,1.46,22.55,37.06,-17.71,148.4,0
1723,37.13,53.16,4.89,1.45,22.61,36.93,-20.21,150.36,0
1724,37.46,52.83,4.91,1.43,22.72,36.69,-24.54,153.74,0
1725,41.69,48.41,5.18,1.15,24.2,33.66,-81.12,197.9,0
1726,38.17,52.09,4.95,1.38,22.97,36.18,-34.01,161.13,0
1727,42.32,47.75,5.22,1.11,24.42,33.2,-89.55,204.48,0
1728,39.55,50.65,5.04,1.29,23.45,35.2,-52.45,175.52,0
1729,36.88,53.43,4.87,1.46,22.52,37.11,-16.83,147.72,0
1730,37.61,52.66,4.92,1.42,22.78,36.58,-26.61,155.35,0
1731,41.34,48.78,5.16,1.17,24.07,33.91,-76.41,194.22,0
1732,42.79,47.26,5.25,1.08,24.58,32.86,-95.88,209.42,0
1733,38.72,51.51,4.99,1.34,23.16,35.79,-41.35,166.85,0
1734,40.77,49.37,5.12,1.21,23.88,34.32,-68.84,188.31,0
1735,38.74,51.49,4.99,1.34,23.17,35.77,-41.72,167.15,0
1736,43.06,46.98,5.27,1.06,24.67,32.68,-99.39,212.16,0
1737,40.41,49.75,5.1,1.23,23.75,34.58,-63.98,184.52,0
1738,39.93,50.25,5.07,1.27,23.58,34.92,-57.58,179.53,0
1739,38.4,51.84,4.97,1.36,23.05,36.01,-37.19,163.61,0
1740,37.67,52.6,4.92,1.41,22.8,36.54,-27.39,155.96,0
1741,38.09,52.17,4.95,1.39,22.94,36.24,-32.96,160.31,0
1742,40.59,49.55,5.11,1.22,23.82,34.44,-66.46,186.46,0
1743,40.31,49.85,5.09,1.24,23.72,34.65,-62.69,183.51,0
1744,43.2,46.84,5.28,1.05,24.72,32.58,-101.28,213.64,0
1745,39.84,50.34,5.06,1.27,23.55,34.98,-56.42,178.62,0
1746,39.8,50.38,5.06,1.27,23.54,35.01,-55.84,178.17,0
1747,38.46,51.78,4.97,1.36,23.07,35.97,-37.95,164.2,0
1748,43.37,46.65,5.29,1.04,24.78,32.45,-103.62,215.46,0
1749,36.73,53.59,4.86,1.47,22.47,37.22,-14.77,146.11,0
1750,37.71,52.56,4.92,1.41,22.81,36.51,-27.89,156.35,0
1751,40.09,50.08,5.08,1.25,23.64,34.8,-59.77,181.23,0
1752,38.3,51.95,4.96,1.37,23.02,36.09,-35.74,162.48,0
1753,41.6,48.51,5.18,1.16,24.16,33.72,-79.89,196.94,0
1754,41.34,48.77,5.16,1.17,24.08,33.9,-76.5,194.29,0
1755,38.73,51.49,4.99,1.34,23.17,35.78,-41.6,167.06,0
1756,37.52,52.76,4.91,1.42,22.75,36.65,-25.36,154.38,0
1757,38.24,52.01,4.96,1.38,23.0,36.13,-35.05,161.94,0
1758,40.15,50.02,5.08,1.25,23.66,34.76,-60.55,181.85,0
1759,40.62,49.52,5.11,1.22,23.83,34.42,-66.84,186.75,0
1760,42.69,47.36,5.25,1.09,24.55,32.94,-94.53,208.37,0
1761,38.12,52.14,4.95,1.38,22.95,36.22,-33.35,160.62,0
1762,40.8,49.34,5.12,1.21,23.89,34.3,-69.22,188.61,0
1763,40.3,49.86,5.09,1.24,23.71,34.66,-62.51,183.38,0
1764,37.92,52.35,4.94,1.4,22.88,36.36,-30.66,158.52,0
1765,38.8,51.43,4.99,1.34,23.19,35.73,-42.49,167.74,0
1766,42.43,47.64,5.23,1.1,24.45,33.13,-91.0,205.61,0
1767,42.75,47.3,5.25,1.08,24.57,32.9,-95.31,208.97,0
1768,37.77,52.5,4.93,1.41,22.83,36.47,-28.71,157.0,0
1769,41.09,49.04,5.14,1.19,23.99,34.09,-73.09,191.63,0
1770,41.93,48.16,5.2,1.14,24.28,33.49,-84.31,200.39,0
1771,37.85,52.41,4.93,1.4,22.86,36.41,-29.82,157.86,0
1772,41.62,48.49,5.18,1.16,24.17,33.71,-80.13,197.12,0
1773,37.96,52.31,4.94,1.39,22.9,36.34,-31.18,158.92,0
1774,38.34,51.9,4.96,1.37,23.03,36.06,-36.39,162.99,0
1775,41.79,48.31,5.19,1.14,24.23,33.59,-82.45,198.94,0
1776,41.36,48.76,5.16,1.17,24.08,33.9,-76.67,194.43,0
1777,39.86,50.32,5.06,1.27,23.56,34.97,-56.59,178.75,0
1778,38.91,51.31,5.0,1.33,23.23,35.65,-44.01,168.93,0
1779,38.29,51.96,4.96,1.37,23.01,36.1,-35.6,162.37,0
1780,42.22,47.86,5.22,1.12,24.38,33.28,-88.22,203.44,0
1781,37.72,52.55,4.92,1.41,22.82,36.5,-28.1,156.52,0
1782,36.6,53.72,4.85,1.48,22.43,37.31,-13.08,144.79,0
1783,40.79,49.35,5.12,1.21,23.88,34.3,-69.13,188.54,0
1784,42.69,47.37,5.25,1.09,24.54,32.94,-94.45,208.3,0
1785,39.75,50.44,5.06,1.28,23.52,35.05,-55.15,177.63,0
1786,39.52,50.68,5.04,1.29,23.44,35.21,-52.09,175.24,0
1787,43.21,46.82,5.28,1.05,24.73,32.56,-101.48,213.79,0
1788,38.3,51.95,4.96,1.37,23.02,36.09,-35.75,162.49,0
1789,40.97,49.16,5.14,1.2,23.95,34.18,-71.46,190.36,0
1790,42.84,47.21,5.26,1.08,24.6,32.83,-96.54,209.93,0
1791,41.24,48.88,5.15,1.18,24.04,33.98,-75.09,193.19,0
1792,38.91,51.31,5.0,1.33,23.23,35.65,-43.95,168.89,0
1793,41.62,48.48,5.18,1.16,24.17,33.71,-80.21,197.19,0
1794,40.17,50.0,5.08,1.25,23.67,34.75,-60.8,182.04,0
1795,39.47,50.73,5.04,1.3,23.42,35.25,-51.44,174.73,0
1796,43.99,46.01,5.33,1.0,25.0,32.01,-111.88,221.91,0
1797,39.96,50.22,5.07,1.26,23.59,34.9,-57.97,179.83,0
1798,39.3,50.91,5.03,1.31,23.36,35.37,-49.13,172.93,0
1799,42.15,47.93,5.21,1.12,24.36,33.32,-87.33,202.74,0
1800,39.97,50.21,5.07,1.26,23.6,34.89,-58.12,179.95,0
1801,43.33,46.7,5.29,1.04,24.77,32.48,-103.09,215.04,0
1802,43.27,46.76,5.29,1.05,24.75,32.52,-102.23,214.38,0
1803,38.14,52.11,4.95,1.38,22.96,36.2,-33.71,160.9,0
1804,41.8,48.29,5.19,1.14,24.24,33.58,-82.6,199.05,0
1805,41.63,48.47,5.18,1.15,24.18,33.7,-80.36,197.31,0
1806,40.61,49.54,5.11,1.22,23.82,34.43,-66.7,186.65,0
1807,41.31,48.81,5.16,1.18,24.06,33.93,-75.97,193.88,0
1808,38.22,52.03,4.96,1.38,22.99,36.14,-34.75,161.71,0
1809,40.53,49.62,5.11,1.23,23.79,34.49,-65.64,185.82,0
1810,37.35,52.94,4.9,1.43,22.69,36.77,-23.1,152.61,0
1811,41.02,49.11,5.14,1.19,23.96,34.14,-72.2,190.94,0
1812,42.7,47.35,5.25,1.08,24.55,32.93,-94.68,208.48,0
1813,36.34,53.99,4.83,1.5,22.34,37.5,-9.58,142.06,0
1814,40.39,49.76,5.1,1.24,23.75,34.59,-63.79,184.37,0
1815,37.55,52.73,4.91,1.42,22.76,36.63,-25.72,154.66,0
1816,42.43,47.64,5.23,1.1,24.45,33.13,-91.0,205.61,0
1817,42.18,47.9,5.21,1.12,24.37,33.31,-87.65,203.0,0
1818,36.99,53.32,4.88,1.46,22.56,37.03,-18.24,148.82,0
1819,38.7,51.53,4.99,1.35,23.16,35.8,-41.14,166.69,0
1820,42.57,47.49,5.24,1.09,24.5,33.03,-92.85,207.05,0
1821,41.64,48.46,5.18,1.15,24.18,33.69,-80.47,197.39,0
1822,43.74,46.27,5.32,1.02,24.91,32.18,-108.58,219.33,0
1823,40.2,49.97,5.09,1.25,23.68,34.73,-61.14,182.3,0
1824,37.37,52.92,4.9,1.43,22.69,36.76,-23.36,152.82,0
1825,41.24,48.88,5.15,1.18,24.04,33.98,-75.14,193.23,0
1826,38.68,51.55,4.99,1.35,23.15,35.82,-40.9,166.51,0
1827,38.46,51.78,4.97,1.36,23.07,35.97,-38.0,164.24,0
1828,38.25,52.0,4.96,1.37,23.0,36.12,-35.16,162.02,0
1829,39.61,50.58,5.05,1.29,23.47,35.15,-53.27,176.16,0
1830,37.29,53.0,4.9,1.44,22.67,36.81,-22.33,152.01,0
1831,36.91,53.4,4.87,1.46,22.53,37.09,-17.21,148.02,0
1832,40.44,49.71,5.1,1.23,23.76,34.55,-64.43,184.87,0
1833,38.66,51.58,4.98,1.35,23.14,35.83,-40.56,166.24,0
1834,37.41,52.88,4.9,1.43,22.71,36.73,-23.9,153.24,0
1835,38.56,51.68,4.98,1.35,23.11,35.9,-39.28,165.25,0
1836,39.31,50.9,5.03,1.31,23.37,35.37,-49.27,173.04,0
1837,37.27,53.02,4.89,1.44,22.66,36.83,-22.07,151.81,0
1838,41.23,48.89,5.15,1.18,24.04,33.99,-74.93,193.07,0
1839,41.16,48.96,5.15,1.19,24.01,34.04,-74.03,192.36,0
1840,41.75,48.35,5.19,1.15,24.22,33.62,-81.88,198.49,0
1841,38.58,51.66,4.98,1.35,23.11,35.89,-39.48,165.4,0
1842,43.49,46.53,5.3,1.03,24.82,32.37,-105.19,216.69,0
1843,42.94,47.11,5.26,1.07,24.63,32.76,-97.8,210.92,0
1844,38.99,51.23,5.01,1.33,23.26,35.6,-44.96,169.67,0
1845,42.52,47.54,5.24,1.1,24.49,33.06,-92.25,206.58,0
1846,36.71,53.61,4.86,1.48,22.46,37.23,-14.52,145.91,0
1847,36.34,54.0,4.83,1.5,22.33,37.5,-9.55,142.04,0
1848,41.2,48.92,5.15,1.18,24.03,34.01,-74.6,192.81,0
1849,39.87,50.31,5.06,1.27,23.56,34.96,-56.83,178.94,0
1850,41.85,48.24,5.19,1.14,24.25,33.54,-83.28,199.59,0
1851,37.32,52.97,4.9,1.44,22.68,36.79,-22.68,152.28,0
1852,39.4,50.8,5.03,1.3,23.4,35.3,-50.45,173.96,0
1853,36.57,53.75,4.85,1.48,22.42,37.33,-12.68,144.48,0
1854,37.73,52.55,4.92,1.41,22.82,36.5,-28.12,156.53,0
1855,40.49,49.66,5.1,1.23,23.78,34.52,-65.09,185.38,0
1856,38.28,51.97,4.96,1.37,23.01,36.11,-35.49,162.29,0
1857,43.71,46.3,5.31,1.02,24.9,32.21,-108.16,219.0,0
1858,41.74,48.36,5.19,1.15,24.21,33.62,-81.79,198.42,0
1859,41.48,48.63,5.17,1.16,24.12,33.81,-78.3,195.7,0
1860,39.19,51.02,5.02,1.31,23.33,35.45,-47.74,171.84,0
1861,40.63,49.51,5.11,1.22,23.83,34.42,-66.98,186.86,0
1862,38.87,51.35,5.0,1.33,23.22,35.68,-43.46,168.5,0
1863,38.58,51.65,4.98,1.35,23.12,35.88,-39.6,165.49,0
1864,39.58,50.61,5.05,1.29,23.46,35.17,-52.94,175.9,0
1865,38.04,52.22,4.94,1.39,22.93,36.28,-32.33,159.82,0
1866,37.3,52.99,4.9,1.44,22.67,36.81,-22.38,152.05,0
1867,43.32,46.71,5.29,1.04,24.76,32.49,-102.87,214.87,0
1868,43.21,46.82,5.28,1.05,24.73,32.57,-101.45,213.77,0
1869,43.65,46.37,5.31,1.02,24.88,32.25,-107.31,218.34,0
1870,40.75,49.39,5.12,1.21,23.87,34.33,-68.57,188.1,0
1871,40.48,49.67,5.1,1.23,23.78,34.52,-64.97,185.3,0
1872,38.96,51.26,5.0,1.33,23.25,35.61,-44.66,169.45,0
1873,39.68,50.51,5.05,1.28,23.5,35.1,-54.26,176.94,0
1874,43.22,46.81,5.28,1.05,24.73,32.56,-101.57,213.86,0
1875,42.13,47.95,5.21,1.12,24.35,33.34,-87.01,202.49,0
1876,36.95,53.35,4.87,1.46,22.55,37.06,-17.78,148.46,0
1877,40.97,49.17,5.14,1.2,23.94,34.18,-71.44,190.35,0
1878,40.09,50.08,5.08,1.26,23.64,34.81,-59.69,181.17,0
1879,36.57,53.75,4.85,1.48,22.42,37.33,-12.68,144.48,0
1880,43.75,46.27,5.32,1.02,24.91,32.18,-108.6,219.34,0
1881,37.18,53.12,4.89,1.45,22.63,36.9,-20.75,150.78,0
1882,37.58,52.7,4.91,1.42,22.77,36.61,-26.12,154.97,0
1883,38.55,51.69,4.98,1.36,23.1,35.91,-39.11,165.11,0
1884,40.72,49.42,5.12,1.21,23.86,34.35,-68.12,187.75,0
1885,39.04,51.18,5.01,1.32,23.27,35.56,-45.65,170.22,0
1886,40.09,50.08,5.08,1.25,23.64,34.8,-59.75,181.22,0
1887,41.19,48.94,5.15,1.18,24.02,34.02,-74.39,192.65,0
1888,43.67,46.35,5.31,1.02,24.88,32.24,-107.57,218.54,0
1889,42.41,47.66,5.23,1.1,24.45,33.14,-90.71,205.38,0
1890,43.0,47.04,5.27,1.07,24.65,32.72,-98.62,211.56,0
1891,37.54,52.74,4.91,1.42,22.75,36.64,-25.59,154.56,0
1892,37.78,52.49,4.93,1.41,22.84,36.46,-28.87,157.12,0
1893,36.84,53.47,4.87,1.47,22.51,37.13,-16.3,147.31,0
1894,43.86,46.14,5.32,1.01,24.95,32.1,-110.18,220.58,0
1895,41.1,49.02,5.14,1.19,23.99,34.08,-73.27,191.77,0
1896,41.47,48.64,5.17,1.16,24.12,33.81,-78.18,195.61,0
1897,43.42,46.61,5.3,1.04,24.8,32.42,-104.22,215.93,0
1898,38.52,51.72,4.98,1.36,23.09,35.93,-38.67,164.77,0
1899,40.39,49.77,5.1,1.24,23.74,34.59,-63.67,184.28,0
1900,41.16,48.96,5.15,1.19,24.01,34.04,-74.03,192.36,0
1901,42.75,47.3,5.25,1.08,24.57,32.9,-95.32,208.98,0
1902,38.29,51.95,4.96,1.37,23.02,36.09,-35.72,162.46,0
1903,38.44,51.8,4.97,1.36,23.07,35.99,-37.67,163.99,0
1904,39.65,50.54,5.05,1.28,23.49,35.12,-53.78,176.56,0
1905,43.89,46.11,5.33,1.01,24.96,32.08,-110.56,220.87,0
1906,39.34,50.86,5.03,1.3,23.38,35.34,-49.75,173.41,0
1907,43.76,46.25,5.32,1.02,24.92,32.17,-108.75,219.47,0
1908,36.97,53.34,4.87,1.46,22.55,37.05,-17.95,148.6,0
1909,41.56,48.55,5.17,1.16,24.15,33.75,-79.38,196.54,0
1910,36.64,53.68,4.85,1.48,22.44,37.28,-13.62,145.21,0
1911,42.13,47.95,5.21,1.12,24.35,33.34,-87.02,202.51,0
1912,41.51,48.6,5.17,1.16,24.13,33.79,-78.72,196.03,0
1913,39.58,50.61,5.04,1.29,23.46,35.17,-52.89,175.86,0
1914,39.44,50.75,5.04,1.3,23.42,35.27,-51.09,174.46,0
1915,39.65,50.54,5.05,1.28,23.49,35.12,-53.89,176.64,0
1916,40.7,49.45,5.12,1.22,23.85,34.37,-67.84,187.54,0
1917,37.32,52.97,4.9,1.44,22.68,36.79,-22.65,152.26,0
1918,42.08,48.0,5.21,1.13,24.33,33.38,-86.32,201.96,0
1919,43.61,46.41,5.31,1.03,24.86,32.28,-106.77,217.92,0
1920,39.19,51.02,5.02,1.31,23.33,35.45,-47.67,171.79,0
1921,38.78,51.45,4.99,1.34,23.18,35.74,-42.23,167.54,0
1922,36.83,53.49,4.87,1.47,22.5,37.15,-16.08,147.13,0
1923,42.54,47.52,5.24,1.1,24.49,33.05,-92.51,206.79,0
1924,42.8,47.25,5.26,1.08,24.58,32.86,-95.99,209.51,0
1925,41.98,48.11,5.2,1.13,24.3,33.45,-85.0,200.93,0
1926,39.33,50.88,5.03,1.3,23.37,35.35,-49.52,173.24,0
1927,41.22,48.9,5.15,1.18,24.03,33.99,-74.85,193.01,0
1928,40.09,50.08,5.08,1.26,23.64,34.81,-59.71,181.19,0
1929,38.91,51.31,5.0,1.33,23.23,35.65,-43.91,168.86,0
1930,36.64,53.68,4.85,1.48,22.44,37.28,-13.64,145.23,0
1931,39.81,50.38,5.06,1.27,23.54,35.01,-55.94,178.24,0
1932,39.81,50.37,5.06,1.27,23.54,35.0,-56.01,178.3,0
1933,41.92,48.17,5.2,1.14,24.28,33.49,-84.18,200.28,0
1934,38.94,51.28,5.0,1.33,23.24,35.63,-44.4,169.24,0
1935,42.73,47.33,5.25,1.08,24.56,32.91,-94.99,208.73,0
1936,40.52,49.63,5.11,1.23,23.79,34.49,-65.51,185.72,0
1937,40.91,49.22,5.13,1.2,23.93,34.22,-70.69,189.76,0
1938,39.17,51.04,5.02,1.32,23.32,35.47,-47.37,171.55,0
1939,42.61,47.45,5.24,1.09,24.52,33.0,-93.42,207.5,0
1940,38.2,52.06,4.95,1.38,22.98,36.16,-34.42,161.45,0
1941,38.84,51.38,5.0,1.34,23.21,35.7,-43.05,168.19,0
1942,39.02,51.2,5.01,1.32,23.27,35.57,-45.38,170.0,0
1943,41.66,48.44,5.18,1.15,24.19,33.68,-80.74,197.6,0
1944,40.99,49.14,5.14,1.2,23.95,34.16,-71.74,190.58,0
1945,38.88,51.35,5.0,1.33,23.22,35.68,-43.51,168.54,0
1946,40.98,49.15,5.14,1.2,23.95,34.17,-71.63,190.49,0
1947,40.67,49.47,5.12,1.22,23.84,34.39,-67.48,187.25,0
1948,41.57,48.54,5.17,1.16,24.15,33.75,-79.48,196.62,0
1949,40.86,49.27,5.13,1.2,23.91,34.25,-70.06,189.26,0
1950,39.01,51.21,5.01,1.33,23.26,35.58,-45.24,169.9,0
1951,43.66,46.36,5.31,1.02,24.88,32.25,-107.41,218.42,0
1952,37.66,52.62,4.92,1.41,22.79,36.55,-27.18,155.8,0
1953,39.45,50.75,5.04,1.3,23.42,35.26,-51.17,174.53,0
1954,42.33,47.75,5.22,1.11,24.42,33.2,-89.61,204.53,0
1955,38.77,51.45,4.99,1.34,23.18,35.75,-42.12,167.46,0
1956,41.36,48.76,5.16,1.17,24.08,33.9,-76.68,194.43,0
1957,36.4,53.93,4.84,1.5,22.36,37.45,-10.39,142.69,0
1958,41.98,48.11,5.2,1.13,24.3,33.45,-84.96,200.9,0
1959,38.45,51.79,4.97,1.36,23.07,35.98,-37.81,164.09,0
1960,37.75,52.52,4.93,1.41,22.83,36.48,-28.47,156.81,0
1961,39.04,51.18,5.01,1.32,23.27,35.56,-45.64,170.21,0
1962,42.48,47.59,5.23,1.1,24.47,33.09,-91.66,206.13,0
1963,37.33,52.96,4.9,1.43,22.68,36.78,-22.87,152.43,0
1964,41.0,49.13,5.14,1.2,23.96,34.15,-71.91,190.71,0
1965,39.8,50.38,5.06,1.27,23.54,35.01,-55.88,178.2,0
1966,42.23,47.84,5.22,1.12,24.39,33.27,-88.38,203.56,0
1967,41.44,48.67,5.17,1.17,24.11,33.83,-77.83,195.33,0
1968,39.15,51.06,5.02,1.32,23.31,35.48,-47.11,171.35,0
1969,40.8,49.34,5.12,1.21,23.89,34.3,-69.19,188.59,0
1970,37.94,52.32,4.94,1.4,22.89,36.35,-30.97,158.75,0
1971,37.18,53.12,4.89,1.45,22.63,36.9,-20.77,150.8,0
1972,37.32,52.97,4.9,1.44,22.68,36.79,-22.71,152.31,0
1973,40.45,49.71,5.1,1.23,23.76,34.55,-64.49,184.92,0
1974,39.8,50.38,5.06,1.27,23.54,35.01,-55.9,178.21,0
1975,43.2,46.83,5.28,1.05,24.72,32.57,-101.35,213.68,0
1976,37.12,53.18,4.88,1.45,22.61,36.94,-19.98,150.18,0
1977,42.52,47.55,5.24,1.1,24.48,33.06,-92.19,206.54,0
1978,40.94,49.19,5.13,1.2,23.94,34.2,-71.07,190.06,0
1979,38.62,51.62,4.98,1.35,23.13,35.86,-40.04,165.83,0
1980,37.32,52.97,4.9,1.44,22.68,36.79,-22.75,152.35,0
1981,38.04,52.22,4.94,1.39,22.93,36.28,-32.31,159.8,0
1982,39.55,50.65,5.04,1.29,23.45,35.2,-52.45,175.52,0
1983,41.6,48.51,5.18,1.16,24.16,33.72,-79.87,196.92,0
1984,37.21,53.08,4.89,1.44,22.64,36.87,-21.24,151.16,0
1985,38.49,51.75,4.97,1.36,23.08,35.95,-38.36,164.52,0
1986,39.0,51.21,5.01,1.33,23.26,35.58,-45.19,169.86,0
1987,37.42,52.87,4.9,1.43,22.71,36.72,-24.03,153.34,0
1988,37.09,53.21,4.88,1.45,22.6,36.95,-19.68,149.95,0
1989,40.76,49.38,5.12,1.21,23.87,34.32,-68.74,188.24,0
1990,42.78,47.28,5.25,1.08,24.57,32.88,-95.64,209.23,0
1991,38.81,51.41,5.0,1.34,23.2,35.72,-42.66,167.88,0
1992,36.92,53.39,4.87,1.46,22.54,37.08,-17.35,148.13,0
1993,38.11,52.14,4.95,1.38,22.95,36.22,-33.3,160.58,0
1994,39.57,50.63,5.04,1.29,23.46,35.18,-52.71,175.73,0
1995,41.98,48.11,5.2,1.13,24.3,33.45,-84.99,200.92,0
1996,37.35,52.94,4.9,1.43,22.69,36.77,-23.07,152.59,0
1997,42.27,47.81,5.22,1.11,24.4,33.24,-88.85,203.93,0
1998,38.42,51.82,4.97,1.36,23.06,36.0,-37.45,163.82,0
1999,40.17,50.0,5.08,1.25,23.67,34.75,-60.77,182.02,0
2000,43.68,46.33,5.31,1.02,24.89,32.23,-107.76,218.69,0
2001,40.16,50.01,5.08,1.25,23.66,34.76,-60.66,181.93,0
2002,40.79,49.35,5.12,1.21,23.88,34.3,-69.08,188.5,0
2003,41.18,48.94,5.15,1.18,24.02,34.02,-74.3,192.58,0
2004,37.43,52.86,4.9,1.43,22.71,36.72,-24.1,153.4,0
2005,39.77,50.41,5.06,1.28,23.53,35.03,-55.45,177.86,0
2006,41.27,48.85,5.16,1.18,24.05,33.96,-75.48,193.49,0
2007,37.15,53.15,4.89,1.45,22.62,36.92,-20.36,150.48,0
2008,43.74,46.27,5.32,1.02,24.91,32.19,-108.55,219.3,0
2009,36.39,53.94,4.84,1.5,22.35,37.46,-10.24,142.58,0
2010,37.34,52.95,4.9,1.43,22.68,36.78,-22.99,152.53,0
2011,43.74,46.27,5.32,1.02,24.91,32.19,-108.55,219.3,0
2012,41.49,48.62,5.17,1.16,24.13,33.8,-78.39,195.77,0
2013,37.4,52.89,4.9,1.43,22.7,36.74,-23.71,153.09,0
2014,42.19,47.89,5.22,1.12,24.37,33.3,-87.76,203.08,0
2015,39.37,50.83,5.03,1.3,23.39,35.32,-50.15,173.72,0
2016,43.21,46.82,5.28,1.05,24.73,32.57,-101.45,213.77,0
2017,43.39,46.63,5.29,1.04,24.79,32.44,-103.89,215.67,0
2018,37.12,53.17,4.88,1.45,22.61,36.93,-20.08,150.26,0
2019,43.51,46.51,5.3,1.03,24.83,32.35,-105.41,216.85,0
2020,41.86,48.24,5.19,1.14,24.25,33.54,-83.35,199.64,0
2021,42.54,47.53,5.24,1.1,24.49,33.05,-92.42,206.72,0
2022,40.81,49.33,5.13,1.21,23.89,34.29,-69.32,188.69,0
2023,36.62,53.7,4.85,1.48,22.43,37.3,-13.3,144.96,0
2024,40.63,49.52,5.11,1.22,23.83,34.42,-66.91,186.81,0
2025,38.52,51.72,4.98,1.36,23.09,35.93,-38.75,164.83,0
2026,37.01,53.3,4.88,1.46,22.57,37.02,-18.52,149.04,0
2027,38.08,52.18,4.95,1.39,22.94,36.25,-32.84,160.22,0
2028,43.54,46.48,5.3,1.03,24.84,32.33,-105.9,217.24,0
2029,36.65,53.67,4.85,1.48,22.44,37.27,-13.71,145.29,0
2030,42.55,47.52,5.24,1.09,24.49,33.04,-92.55,206.82,0
2031,39.73,50.46,5.05,1.28,23.51,35.06,-54.91,177.44,0
2032,36.51,53.81,4.84,1.49,22.4,37.37,-11.87,143.85,0
2033,38.95,51.26,5.0,1.33,23.25,35.62,-44.55,169.35,0
2034,43.33,46.7,5.29,1.04,24.77,32.48,-103.06,215.02,0
2035,38.7,51.53,4.99,1.35,23.16,35.8,-41.13,166.69,0
2036,42.74,47.32,5.25,1.08,24.56,32.91,-95.1,208.81,0
2037,39.36,50.84,5.03,1.3,23.39,35.33,-49.93,173.56,0
2038,39.74,50.45,5.06,1.28,23.52,35.06,-55.04,177.55,0
2039,37.49,52.79,4.91,1.42,22.74,36.67,-25.02,154.11,0
2040,39.64,50.55,5.05,1.28,23.48,35.13,-53.66,176.46,0
2041,41.67,48.43,5.18,1.15,24.19,33.67,-80.85,197.69,0
2042,36.99,53.32,4.88,1.46,22.56,37.03,-18.25,148.83,0
2043,43.57,46.45,5.31,1.03,24.85,32.31,-106.24,217.51,0
2044,41.04,49.09,5.14,1.19,23.97,34.12,-72.4,191.09,0
2045,43.79,46.22,5.32,1.01,24.93,32.15,-109.13,219.76,0
2046,42.65,47.4,5.25,1.09,24.53,32.97,-94.01,207.96,0
2047,42.03,48.05,5.21,1.13,24.32,33.41,-85.72,201.49,0
2048,42.93,47.12,5.26,1.07,24.63,32.77,-97.66,210.81,0
2049,38.64,51.59,4.98,1.35,23.14,35.84,-40.39,166.11,0
2050,40.99,49.14,5.14,1.2,23.95,34.16,-71.74,190.58,0
2051,38.03,52.23,4.94,1.39,22.92,36.28,-32.15,159.68,0
2052,42.1,47.98,5.21,1.12,24.34,33.36,-86.57,202.15,0
2053,36.72,53.6,4.86,1.48,22.47,37.23,-14.62,146.0,0
2054,37.69,52.58,4.92,1.41,22.81,36.53,-27.65,156.17,0
2055,41.01,49.12,5.14,1.19,23.96,34.14,-72.08,190.84,0
2056,43.38,46.64,5.29,1.04,24.79,32.44,-103.76,215.57,0
2057,37.1,53.2,4.88,1.45,22.6,36.95,-19.77,150.01,0
2058,41.73,48.37,5.19,1.15,24.21,33.63,-81.6,198.28,0
2059,40.62,49.52,5.11,1.22,23.83,34.42,-66.87,186.78,0
2060,38.67,51.56,4.99,1.35,23.15,35.82,-40.77,166.41,0
2061,40.45,49.71,5.1,1.23,23.76,34.55,-64.52,184.94,0
2062,37.92,52.35,4.94,1.4,22.88,36.36,-30.7,158.54,0
2063,40.78,49.36,5.12,1.21,23.88,34.31,-69.01,188.45,0
2064,39.46,50.73,5.04,1.3,23.42,35.25,-51.37,174.68,0
2065,37.07,53.23,4.88,1.45,22.59,36.97,-19.34,149.68,0
2066,43.7,46.31,5.31,1.02,24.9,32.22,-107.99,218.87,0
2067,41.75,48.35,5.19,1.15,24.22,33.61,-81.91,198.51,0
2068,37.29,53.01,4.9,1.44,22.66,36.82,-22.23,151.94,0
2069,43.08,46.96,5.27,1.06,24.68,32.66,-99.71,212.41,0
2070,36.89,53.42,4.87,1.46,22.53,37.1,-16.97,147.83,0
2071,42.75,47.3,5.25,1.08,24.57,32.9,-95.32,208.98,0
2072,41.42,48.69,5.16,1.17,24.1,33.85,-77.48,195.06,0
2073,43.14,46.9,5.28,1.06,24.7,32.62,-100.44,212.97,0
2074,39.16,51.05,5.02,1.32,23.32,35.47,-47.32,171.52,0
2075,40.36,49.8,5.1,1.24,23.73,34.61,-63.3,183.99,0
2076,40.98,49.15,5.14,1.2,23.95,34.17,-71.59,190.46,0
2077,37.96,52.3,4.94,1.39,22.9,36.33,-31.29,159.0,0
2078,37.28,53.02,4.89,1.44,22.66,36.82,-22.1,151.83,0
2079,40.71,49.44,5.12,1.21,23.85,34.36,-67.97,187.63,0
2080,37.29,53.01,4.9,1.44,22.66,36.82,-22.23,151.93,0
2081,39.34,50.87,5.03,1.3,23.38,35.35,-49.64,173.33,0
2082,38.6,51.63,4.98,1.35,23.12,35.87,-39.86,165.69,0
2083,40.4,49.75,5.1,1.23,23.75,34.58,-63.91,184.46,0
2084,38.58,51.66,4.98,1.35,23.11,35.89,-39.47,165.39,0
2085,36.72,53.59,4.86,1.47,22.47,37.22,-14.69,146.05,0
2086,39.27,50.94,5.02,1.31,23.35,35.4,-48.71,172.6,0
2087,40.31,49.85,5.09,1.24,23.72,34.64,-62.71,183.53,0
2088,39.92,50.26,5.07,1.27,23.58,34.93,-57.44,179.42,0
2089,41.88,48.22,5.19,1.14,24.26,33.52,-83.6,199.83,0
2090,37.26,53.03,4.89,1.44,22.66,36.84,-21.88,151.66,0
2091,41.39,48.73,5.16,1.17,24.09,33.87,-77.07,194.74,0
2092,42.3,47.77,5.22,1.11,24.41,33.22,-89.32,204.3,0
2093,36.5,53.83,4.84,1.49,22.39,37.38,-11.69,143.71,0
2094,42.39,47.68,5.23,1.1,24.44,33.15,-90.49,205.21,0
2095,39.67,50.52,5.05,1.28,23.49,35.11,-54.12,176.82,0
2096,42.91,47.14,5.26,1.07,24.62,32.78,-97.38,210.59,0
2097,40.38,49.78,5.1,1.24,23.74,34.6,-63.58,184.21,0
2098,36.95,53.35,4.87,1.46,22.55,37.06,-17.78,148.47,0
2099,42.36,47.71,5.23,1.11,24.43,33.17,-90.11,204.92,0
2100,40.02,50.16,5.07,1.26,23.61,34.86,-58.74,180.43,0
2101,42.0,48.08,5.2,1.13,24.31,33.43,-85.32,201.18,0
2102,43.97,46.04,5.33,1.0,24.99,32.02,-111.54,221.64,0
2103,43.8,46.2,5.32,1.01,24.93,32.14,-109.38,219.95,0
2104,43.47,46.55,5.3,1.03,24.82,32.38,-104.91,216.47,0
2105,38.76,51.47,4.99,1.34,23.18,35.76,-41.97,167.34,0
2106,42.02,48.07,5.2,1.13,24.31,33.42,-85.52,201.33,0
2107,43.38,46.65,5.29,1.04,24.78,32.45,-103.67,215.5,0
2108,36.45,53.88,4.84,1.49,22.37,37.42,-11.07,143.23,0
2109,39.91,50.27,5.07,1.27,23.58,34.93,-57.32,179.32,0
2110,41.27,48.85,5.16,1.18,24.05,33.96,-75.44,193.47,0
2111,36.65,53.67,4.85,1.48,22.44,37.28,-13.69,145.27,0
2112,41.59,48.51,5.18,1.16,24.16,33.73,-79.78,196.86,0
2113,39.83,50.35,5.06,1.27,23.55,34.99,-56.25,178.49,0
2114,41.91,48.18,5.2,1.14,24.27,33.5,-84.05,200.19,0
2115,42.66,47.4,5.25,1.09,24.53,32.96,-94.09,208.02,0
2116,37.38,52.9,4.9,1.43,22.7,36.75,-23.54,152.96,0
2117,36.85,53.46,4.87,1.47,22.51,37.13,-16.44,147.42,0
2118,37.52,52.76,4.91,1.42,22.75,36.65,-25.38,154.39,0
2119,38.89,51.33,5.0,1.33,23.22,35.66,-43.73,168.71,0
2120,41.2,48.92,5.15,1.18,24.03,34.01,-74.56,192.78,0
2121,40.53,49.62,5.11,1.23,23.79,34.49,-65.56,185.75,0
2122,41.17,48.95,5.15,1.18,24.02,34.03,-74.18,192.49,0
2123,41.63,48.47,5.18,1.15,24.18,33.7,-80.34,197.29,0
2124,37.02,53.29,4.88,1.46,22.57,37.01,-18.63,149.13,0
2125,43.2,46.83,5.28,1.05,24.72,32.57,-101.36,213.7,0
2126,37.23,53.06,4.89,1.44,22.65,36.86,-21.5,151.37,0
2127,39.56,50.63,5.04,1.29,23.46,35.19,-52.62,175.65,0
2128,36.74,53.58,4.86,1.47,22.47,37.21,-14.93,146.24,0
2129,37.69,52.59,4.92,1.41,22.8,36.53,-27.62,156.14,0
2130,37.58,52.7,4.91,1.42,22.77,36.61,-26.13,154.98,0
2131,43.86,46.14,5.32,1.01,24.95,32.1,-110.16,220.57,0
2132,41.94,48.15,5.2,1.13,24.28,33.48,-84.49,200.53,0
2133,39.2,51.01,5.02,1.31,23.33,35.44,-47.83,171.92,0
2134,42.65,47.41,5.25,1.09,24.53,32.97,-93.96,207.92,0
2135,42.53,47.53,5.24,1.1,24.49,33.05,-92.34,206.66,0
2136,39.1,51.11,5.01,1.32,23.3,35.51,-46.54,170.91,0
2137,43.07,46.97,5.27,1.06,24.68,32.66,-99.61,212.33,0
2138,40.75,49.39,5.12,1.21,23.87,34.33,-68.61,188.14,0
2139,40.81,49.33,5.13,1.21,23.89,34.29,-69.37,188.73,0
2140,38.1,52.15,4.95,1.38,22.95,36.23,-33.15,160.46,0
2141,40.1,50.07,5.08,1.25,23.64,34.8,-59.85,181.29,0
2142,39.56,50.63,5.04,1.29,23.46,35.18,-52.67,175.69,0
2143,41.75,48.34,5.19,1.15,24.22,33.61,-81.97,198.56,0
2144,42.54,47.52,5.24,1.09,24.49,33.04,-92.53,206.8,0
2145,40.64,49.5,5.11,1.22,23.83,34.41,-67.13,186.98,0
2146,38.22,52.03,4.96,1.38,22.99,36.15,-34.69,161.66,0
2147,37.38,52.91,4.9,1.43,22.7,36.75,-23.45,152.89,0
2148,42.16,47.92,5.21,1.12,24.36,33.32,-87.37,202.77,0
2149,37.31,52.98,4.9,1.44,22.67,36.8,-22.57,152.2,0
2150,37.65,52.63,4.92,1.41,22.79,36.56,-27.1,155.73,0
2151,40.86,49.28,5.13,1.2,23.91,34.25,-70.0,189.22,0
2152,39.6,50.59,5.05,1.29,23.47,35.16,-53.16,176.08,0
2153,42.61,47.45,5.24,1.09,24.52,33.0,-93.36,207.45,0
2154,38.75,51.48,4.99,1.34,23.17,35.77,-41.77,167.19,0
2155,42.8,47.25,5.26,1.08,24.58,32.86,-95.95,209.47,0
2156,37.57,52.71,4.91,1.42,22.76,36.61,-26.0,154.88,0
2157,38.22,52.03,4.96,1.38,22.99,36.14,-34.78,161.73,0
2158,38.77,51.46,4.99,1.34,23.18,35.75,-42.06,167.41,0
2159,38.53,51.71,4.98,1.36,23.1,35.92,-38.89,164.94,0
2160,38.1,52.16,4.95,1.38,22.95,36.23,-33.13,160.45,0
2161,42.45,47.62,5.23,1.1,24.46,33.11,-91.29,205.83,0
2162,39.9,50.28,5.07,1.27,23.57,34.94,-57.16,179.2,0
2163,39.78,50.4,5.06,1.28,23.53,35.03,-55.6,177.98,0
2164,38.71,51.52,4.99,1.34,23.16,35.79,-41.29,166.81,0
2165,43.95,46.05,5.33,1.0,24.98,32.04,-111.34,221.48,0
2166,39.82,50.36,5.06,1.27,23.55,35.0,-56.18,178.43,0
2167,39.08,51.13,5.01,1.32,23.29,35.53,-46.26,170.69,0
2168,37.3,52.99,4.9,1.44,22.67,36.8,-22.48,152.13,0
2169,41.98,48.1,5.2,1.13,24.3,33.45,-85.05,200.97,0
2170,37.35,52.94,4.9,1.43,22.69,36.77,-23.06,152.58,0
2171,36.44,53.89,4.84,1.49,22.37,37.43,-10.88,143.08,0
2172,39.05,51.16,5.01,1.32,23.28,35.55,-45.87,170.38,0
2173,38.88,51.35,5.0,1.33,23.22,35.67,-43.52,168.55,0
2174,38.89,51.34,5.0,1.33,23.22,35.67,-43.64,168.65,0
2175,40.95,49.19,5.13,1.2,23.94,34.19,-71.18,190.14,0
2176,39.32,50.89,5.03,1.31,23.37,35.36,-49.4,173.14,0
2177,39.25,50.96,5.02,1.31,23.35,35.41,-48.47,172.42,0
2178,38.02,52.24,4.94,1.39,22.92,36.29,-32.08,159.63,0
2179,41.13,48.99,5.15,1.19,24.0,34.06,-73.67,192.09,0
2180,41.71,48.39,5.18,1.15,24.2,33.64,-81.38,198.1,0
2181,40.16,50.01,5.08,1.25,23.66,34.76,-60.63,181.91,0
2182,40.52,49.63,5.11,1.23,23.79,34.5,-65.44,185.66,0
2183,42.5,47.56,5.24,1.1,24.48,33.07,-91.99,206.38,0
2184,38.0,52.27,4.94,1.39,22.91,36.31,-31.72,159.34,0
2185,37.68,52.6,4.92,1.41,22.8,36.53,-27.49,156.04,0
2186,43.61,46.4,5.31,1.03,24.87,32.28,-106.84,217.97,0
2187,37.53,52.75,4.91,1.42,22.75,36.64,-25.52,154.5,0
2188,42.17,47.91,5.21,1.12,24.36,33.32,-87.49,202.87,0
2189,37.25,53.04,4.89,1.44,22.65,36.84,-21.79,151.59,0
2190,37.93,52.34,4.94,1.4,22.89,36.36,-30.81,158.63,0
2191,41.28,48.84,5.16,1.18,24.05,33.95,-75.6,193.59,0
2192,42.18,47.9,5.21,1.12,24.37,33.31,-87.62,202.97,0
2193,42.67,47.39,5.25,1.09,24.54,32.96,-94.18,208.09,0
2194,43.36,46.67,5.29,1.04,24.78,32.46,-103.47,215.35,0
2195,38.13,52.12,4.95,1.38,22.96,36.21,-33.52,160.75,0
2196,38.49,51.75,4.97,1.36,23.08,35.95,-38.35,164.51,0
2197,42.25,47.82,5.22,1.11,24.39,33.25,-88.63,203.76,0
2198,36.96,53.35,4.87,1.46,22.55,37.05,-17.83,148.5,0
2199,36.52,53.81,4.85,1.49,22.4,37.37,-11.96,143.92,0
2200,36.61,53.71,4.85,1.48,22.43,37.3,-13.26,144.93,0
2201,42.93,47.12,5.26,1.07,24.63,32.77,-97.66,210.81,0
2202,36.48,53.84,4.84,1.49,22.39,37.39,-11.52,143.58,0
2203,37.26,53.03,4.89,1.44,22.66,36.84,-21.89,151.67,0
2204,40.02,50.15,5.07,1.26,23.62,34.86,-58.78,180.46,0
2205,43.63,46.39,5.31,1.02,24.87,32.27,-107.05,218.14,0
2206,39.68,50.51,5.05,1.28,23.5,35.1,-54.18,176.87,0
2207,40.26,49.9,5.09,1.24,23.7,34.68,-61.99,182.97,0
2208,41.62,48.48,5.18,1.15,24.17,33.7,-80.23,197.21,0
2209,36.84,53.47,4.87,1.47,22.51,37.14,-16.24,147.26,0
2210,42.26,47.81,5.22,1.11,24.4,33.25,-88.75,203.85,0
2211,38.55,51.68,4.98,1.36,23.11,35.91,-39.18,165.17,0
2212,37.91,52.35,4.94,1.4,22.88,36.37,-30.62,158.48,0
2213,39.69,50.49,5.05,1.28,23.5,35.09,-54.43,177.06,0
2214,41.66,48.44,5.18,1.15,24.19,33.68,-80.75,197.61,0
2215,39.16,51.05,5.02,1.32,23.32,35.47,-47.26,171.47,0
2216,36.57,53.76,4.85,1.48,22.41,37.33,-12.64,144.45,0
2217,38.38,51.86,4.97,1.37,23.05,36.03,-36.86,163.36,0
2218,36.89,53.42,4.87,1.46,22.53,37.1,-16.88,147.76,0
2219,43.63,46.39,5.31,1.02,24.87,32.27,-106.99,218.09,0
2220,43.84,46.17,5.32,1.01,24.94,32.12,-109.81,220.29,0
2221,41.21,48.91,5.15,1.18,24.03,34.0,-74.66,192.86,0
2222,38.91,51.31,5.0,1.33,23.23,35.65,-43.97,168.9,0
2223,39.9,50.28,5.07,1.27,23.57,34.94,-57.17,179.21,0
2224,37.19,53.11,4.89,1.44,22.63,36.89,-20.9,150.89,0
2225,40.87,49.27,5.13,1.2,23.91,34.25,-70.13,189.32,0
2226,40.3,49.86,5.09,1.24,23.71,34.65,-62.6,183.44,0
2227,41.34,48.78,5.16,1.17,24.07,33.91,-76.39,194.21,0
2228,43.87,46.13,5.33,1.01,24.96,32.09,-110.31,220.68,0
2229,43.67,46.34,5.31,1.02,24.89,32.23,-107.65,218.6,0
2230,40.22,49.94,5.09,1.25,23.69,34.71,-61.52,182.6,0
2231,37.71,52.56,4.92,1.41,22.81,36.51,-27.94,156.39,0
2232,37.0,53.3,4.88,1.46,22.57,37.02,-18.41,148.95,0
2233,36.36,53.98,4.83,1.5,22.34,37.48,-9.81,142.24,0
2234,41.01,49.12,5.14,1.2,23.96,34.15,-72.0,190.78,0
2235,39.07,51.15,5.01,1.32,23.28,35.54,-46.05,170.52,0
2236,41.25,48.87,5.15,1.18,24.04,33.97,-75.28,193.34,0
2237,41.15,48.97,5.15,1.19,24.01,34.04,-73.95,192.3,0
2238,42.39,47.68,5.23,1.1,24.44,33.15,-90.5,205.22,0
2239,40.3,49.86,5.09,1.24,23.71,34.66,-62.5,183.37,0
