feature,value,importance,min,max,rule,importance_ratio
la,1317,0.19931124020211888,0.0,9153.0,la > 949.9322361187499,0.4287676303715326
ent,3.68498054991473,0.18057173489447484,0.0,6.569855608330951,2.5737626577140995 < ent <= 4.26863542032997,0.3884543330535027
arexp,1895.49999999996,0.028790985122719496,0.0,4413.603968254571,944.3927787874678 < arexp <= 2837.074883019237,0.06193650922352372
asexp,0.9999999544843092,-0.0220605571707127,0.0,6624.0,7.62507953411864 < asexp <= 773.4853226775799,0.047457698889285464
ns,2,-0.015960730803495665,1.0,11.0,1.5006082876265054 < ns <= 2.4981168822143167,0.03433546807833275
