feature,value,importance,min,max,rule,importance_ratio
ent,2.43737185400122,0.10189304804185156,0.0,6.569855608330951,2.0170526261979376 < ent <= 2.5737626577140995,0.4732960612261105
arexp,24.5,0.03819863180168864,0.0,4413.603968254571,arexp <= 137.43529248710115,0.17743371430541366
ld,52,-0.018809972564081734,0.0,8832.0,32.22303478189448 < ld <= 72.45479791656265,0.08737284925164272
age,35.25,0.018132158003994963,0.0,2414.0,10.136512178163258 < age <= 223.21448330551658,0.08422438164079052
la,241,0.015048896543376399,0.0,9153.0,162.79990743651015 < la <= 283.27934550011827,0.06990254582288821
