feature,value,importance,min,max,rule,importance_ratio
la,998,0.3369933966775731,0.0,9153.0,la > 949.9322361187499,0.5864244637007815
ent,0.9999011708584632,-0.0786767663983821,0.0,6.569855608330951,0.09949585097560232 < ent <= 1.0026032354351537,0.13691063681294194
ld,967,-0.05925754261929527,0.0,8832.0,72.45479791656265 < ld <= 3335.0592083137003,0.10311796312137961
arexp,4107.914826839699,-0.04982327671101936,0.0,4413.603968254571,3042.4822431684215 < arexp <= 4274.926404063527,0.08670077400071381
asexp,599.0,-0.01703596191111449,0.0,6624.0,7.62507953411864 < asexp <= 773.4853226775799,0.029645402330867425
