commit_id,label,pred,score_or_proba,feature,value_actual,min,max,operator,threshold
,True,True,0.5138743925255298,age,134.083333333333,0.0,1802.57575757576,>,114.64500045776369
,True,True,0.5138743925255298,ent,1.90950630680178,0.0,6.08230385583814,<,1.8350000381469729
,True,True,0.5138743925255298,ld,172.0,0.0,8658.0,>,22.06999969482422
