commit_id,label,pred,score_or_proba,feature,value_actual,min,max,operator,threshold
,True,True,0.9071783649355486,ent,5.31473858898538,0.0,6.08230385583814,<,1.9399999976158144
,True,True,0.9071783649355486,age,126.228070175439,0.0,1802.57575757576,>,152.4550018310547
,True,True,0.9071783649355486,ndev,1.54385964912281,0.0,85.0,>,3.264999866485596
,True,True,0.9071783649355486,ld,239.0,0.0,8658.0,>,52.5
