commit_id,label,pred,score_or_proba,feature,value_actual,min,max,operator,threshold
,True,True,0.8829258072087224,la,1903.0,0.0,9967.0,<,436.0
,True,True,0.8829258072087224,ent,1.93551842580305,0.0,6.08230385583814,<,1.409999966621399
,True,True,0.8829258072087224,ndev,7.466666666666669,0.0,85.0,>,9.725000381469728
