commit_id,label,pred,score_or_proba,feature,value_actual,min,max,operator,threshold
,True,True,0.6147370979379756,arexp,82.5,0.0,863.416666666674,>,101.48999786376952
,True,True,0.6147370979379756,la,1495.0,0.0,9967.0,<,652.5
,True,True,0.6147370979379756,ent,0.0,0.0,6.08230385583814,<,0.5099999904632568
,True,True,0.6147370979379756,age,0.0,0.0,1802.57575757576,>,61.74499988555908
