commit_id,label,pred,score_or_proba,feature,value_actual,min,max,operator,threshold
,True,True,0.5336062334476794,la,148.0,0.0,9967.0,>,28.95499992370605
,True,True,0.5336062334476794,ent,1.7520671128356695,0.0,6.08230385583814,<,1.5550000071525574
,True,True,0.5336062334476794,age,12.2222222222222,0.0,1802.57575757576,>,0.6650000065565109
