commit_id,label,pred,score_or_proba,feature,value_actual,min,max,operator,threshold
,True,True,0.7424978924944658,ent,3.554255916766,0.0,6.08230385583814,<,1.5850000381469729
,True,True,0.7424978924944658,age,43.842105263157904,0.0,1802.57575757576,>,38.66999852657318
,True,True,0.7424978924944658,ld,119.0,0.0,8658.0,<,0.135000005364418
,True,True,0.7424978924944658,arexp,84.0,0.0,863.416666666674,>,30.75
,True,True,0.7424978924944658,la,48.0,0.0,9967.0,<,32.5
