commit_id,label,pred,score_or_proba,feature,value_actual,min,max,operator,threshold
,True,True,0.9527166253629661,la,2229.0,0.0,9967.0,<,292.63500213623047
,True,True,0.9527166253629661,ent,3.5355030184898504,0.0,6.08230385583814,<,1.8949999809265137
,True,True,0.9527166253629661,ndev,5.5,0.0,85.0,>,2.25
,True,True,0.9527166253629661,arexp,8.0,0.0,863.416666666674,<,101.75
