commit_id,label,pred,score_or_proba,feature,value_actual,min,max,operator,threshold
,True,True,0.7335835900198651,la,523.0,0.0,9967.0,<,221.0
,True,True,0.7335835900198651,ent,2.32778087961707,0.0,6.08230385583814,<,1.8299999833106997
,True,True,0.7335835900198651,arexp,180.666666666668,0.0,863.416666666674,<,140.43000030517578
