commit_id,label,pred,score_or_proba,feature,value_actual,min,max,operator,threshold
,True,True,0.7949039608365107,ent,3.3260383459170897,0.0,6.08230385583814,<,1.550000011920929
,True,True,0.7949039608365107,asexp,133.0,0.0,1122.0,>,29.5
,True,True,0.7949039608365107,age,17.1764705882353,0.0,1802.57575757576,<,38.52499961853027
