commit_id,label,pred,score_or_proba,feature,value_actual,min,max,operator,threshold
,True,True,0.563145924803185,la,23.0,0.0,9967.0,<,54.54999923706055
,True,True,0.563145924803185,ent,1.86906885665867,0.0,6.08230385583814,<,1.725000023841858
,True,True,0.563145924803185,ndev,5.571428571428571,0.0,85.0,>,5.809999942779541
,True,True,0.563145924803185,nuc,15.857142857142902,0.0,976.0,>,11.414999961853027
