commit_id,label,pred,score_or_proba,feature,value_actual,min,max,operator,threshold
,True,True,0.7030679649028914,ent,2.94766563557629,0.0,6.08230385583814,<,1.5850000381469729
,True,True,0.7030679649028914,la,203.0,0.0,9967.0,<,211.5
,True,True,0.7030679649028914,age,30.3636363636364,0.0,1802.57575757576,>,116.54000091552734
