commit_id,label,pred,score_or_proba,feature,value_actual,min,max,operator,threshold
,True,True,0.9840934937403493,asexp,0.124692915804937,0.0,1122.0,>,10.954999923706056
,True,True,0.9840934937403493,ent,5.896424056883951,0.0,6.08230385583814,<,0.8949999809265137
,True,True,0.9840934937403493,ld,1630.0,0.0,8658.0,>,152.5
