commit_id,label,pred,score_or_proba,feature,value_actual,min,max,operator,threshold
,True,True,0.9130079328774643,ent,3.7411681335670095,0.0,6.08230385583814,<,1.0799999833106997
,True,True,0.9130079328774643,la,1664.0,0.0,9967.0,<,104.5
,True,True,0.9130079328774643,arexp,255.416666666668,0.0,863.416666666674,>,66.5
