commit_id,label,pred,score_or_proba,feature,value_actual,min,max,operator,threshold
,True,True,0.6651864957983714,ent,1.5190234160185805,0.0,6.08230385583814,<,1.5600000023841858
,True,True,0.6651864957983714,la,921.0,0.0,9967.0,<,136.35499572753906
