commit_id,label,pred,score_or_proba,feature,value_actual,min,max,operator,threshold
,True,True,0.9988812922113437,ent,4.19812295810562,0.0,6.08230385583814,<,1.2400000095367432
,True,True,0.9988812922113437,la,6008.0,0.0,9967.0,<,276.0
,True,True,0.9988812922113437,arexp,0.0,0.0,863.416666666674,<,22.25500011444092
,True,True,0.9988812922113437,nuc,49.8611111111111,0.0,976.0,<,11.875
