rule,type,coef,support,importance,Class
la > -1.6649999618530273 & la > 2.8550000190734863,rule,0.03313747522802475,0.8702702702702703,0.011134385319784007,Defect
la > 0.16999995708465576,rule,0.03371226208008534,0.8756756756756757,0.01112340093590626,Defect
la > 0.125,rule,0.03371226208008534,0.8783783783783784,0.011018795114912407,Defect
la > 1.3599999994039536,rule,0.03371226208008534,0.8783783783783784,0.011018795114912407,Defect
la > 1.1200001239776611,rule,0.03371226208008534,0.8810810810810811,0.010912425925754206,Defect
