rule,type,coef,support,importance,Class
la > -0.03999999165534973,rule,0.02006394968268951,0.8216216216216217,0.007681100818920936,Defect
la > -0.044999994337558746 & asexp <= 6.015000104904175,rule,0.019870106651082575,0.8189189189189189,0.0076516868806417735,Defect
la > 0.17000001668930054,rule,0.01819326142950517,0.8054054054054054,0.007202499161216358,Defect
la > -0.11000001430511475,rule,0.02006394968268951,0.8513513513513513,0.007137585564974106,Defect
la > -0.06000000238418579 & asexp <= 6.015000104904175,rule,0.019870106651082575,0.8486486486486486,0.007121267695351119,Defect
