rule,type,coef,support,importance,Class
la > -1.3399999141693115 & nuc <= 46.755001068115234,rule,0.037219410078875824,0.8486486486486486,0.013339102164319973,Defect
la > 2.4549999237060547,rule,0.037538770612358885,0.8567567567567568,0.013150609665705042,Defect
la > 4.570000201463699,rule,0.037538770612358885,0.8621621621621621,0.012940729253306667,Defect
nuc <= 47.17500114440918 & la > 0.6949996948242188,rule,0.037238268328231336,0.8675675675675676,0.01262229451043726,Defect
nuc <= 46.704999923706055 & la > -1.6599998474121094,rule,0.037219410078875824,0.8675675675675676,0.012615902312625632,Defect
