commit_id,label,pred,score_or_proba,feature,value_actual,min,max,operator,threshold
,True,True,0.7930756273406251,la,1531.0,0.0,5443.0,<,145.5
,True,True,0.7930756273406251,ent,4.1344126885283,0.0,6.1766722717358205,<,3.865000009536743
,True,True,0.7930756273406251,ld,83.0,0.0,7734.0,>,4.5
