feature,value,importance,min,max,rule,importance_ratio
ns,1.0,0.18138061843435238,1.0,7.0,ns <= 1.4973267047410423,0.35934581935125354
la,2565.0,0.10083874440472235,0.0,9176.0,la > 135.835850879889,0.1997786838706892
nd,10.0,0.09200454573899863,1.0,40.0,5.487575744339811 < nd <= 12.487685654034399,0.18227663549722858
age,94.4516129032258,0.05377954772001396,0.0,511.03030303030295,84.25039107908812 < age <= 379.6012832253171,0.10654642048639158
nuc,166.612903225806,0.0439144473224112,0.0,2086.0,113.47699669467761 < nuc <= 1752.541484763698,0.08700198064514146
