feature,value,importance,min,max,rule,importance_ratio
ns,1.0,0.20567491734354487,1.0,7.0,ns <= 1.4973267047410423,0.45426927158606334
nd,2.0,-0.06974013058642108,1.0,40.0,1.4991410283510338 < nd <= 2.5030327595863042,0.15403335871477739
la,42.0,-0.06675009703019257,0.0,9176.0,36.91960315163976 < la <= 92.55999249877996,0.14742934310048136
age,99.5,0.06336783940368075,0.0,511.03030303030295,84.25039107908812 < age <= 379.6012832253171,0.13995903156149317
aexp,30.0,-0.039464927011946656,0.0,726.0,6.308411975636886 < aexp <= 54.40945181062462,0.08716524055759794
