feature,value,importance,min,max,rule,importance_ratio
la,846,0.1441839593396603,0.0,9176.0,la > 135.835850879889,0.3633971974225777
aexp,349,0.12829626498237504,0.0,726.0,315.32115273373984 < aexp <= 398.4047669941732,0.3233542992431555
nuc,44.7692307692308,-0.0628012102935801,0.0,2086.0,11.446877959457481 < nuc <= 113.47699669467761,0.15828240478311945
ld,73,0.046047219408212534,0.0,8304.0,29.490716012837936 < ld <= 4621.051880819136,0.11605611719003572
nd,7,0.00787040397950717,1.0,40.0,5.487575744339811 < nd <= 12.487685654034399,0.019836344915447834
