feature,value,importance,min,max,rule,importance_ratio
ns,2.0,-0.17392131025915952,1.0,7.0,1.4973267047410423 < ns <= 2.502438908657955,0.3624793327435726
la,138.0,0.1176885586245457,0.0,9176.0,la > 135.835850879889,0.24528144445445546
nd,2.0,-0.07560856571461183,1.0,40.0,1.4991410283510338 < nd <= 2.5030327595863042,0.15758012867481658
nuc,624.5,0.050938901125834345,0.0,2086.0,113.47699669467761 < nuc <= 1752.541484763698,0.10616467219151962
aexp,271.0,0.03823052643481533,0.0,726.0,185.59410590604568 < aexp <= 289.08422191465564,0.07967842291366108
