feature,value,importance,min,max,rule,importance_ratio
ns,2.0,-0.16718564402525568,1.0,7.0,1.4973267047410423 < ns <= 2.502438908657955,0.38624466322432494
la,1983.0,0.11604489618132217,0.0,9176.0,la > 135.835850879889,0.2680955180439153
nuc,551.285714285714,0.052353916109790566,0.0,2086.0,113.47699669467761 < nuc <= 1752.541484763698,0.12095189640353267
nd,4.0,0.040082777737424025,1.0,40.0,3.5069244908215746 < nd <= 5.487575744339811,0.09260220324867176
aexp,249.0,0.03425278167678805,0.0,726.0,185.59410590604568 < aexp <= 289.08422191465564,0.07913331434874135
