feature,value,importance,min,max,rule,importance_ratio
la,904,0.13958893893544908,0.0,9176.0,la > 135.835850879889,0.2980333865569062
aexp,398,0.12382223081946077,0.0,726.0,315.32115273373984 < aexp <= 398.4047669941732,0.2643702220504746
age,127.142857142857,0.07853225713292075,0.0,511.03030303030295,84.25039107908812 < age <= 379.6012832253171,0.1676725586266226
nuc,234.238095238095,0.07062115635582374,0.0,2086.0,113.47699669467761 < nuc <= 1752.541484763698,0.1507817349412193
ld,304,0.04704022561635092,0.0,8304.0,29.490716012837936 < ld <= 4621.051880819136,0.1004345892429567
