feature,value,importance,min,max,rule,importance_ratio
ns,1.0,0.18061374598266483,1.0,7.0,ns <= 1.4973267047410423,0.3443041830787318
la,904.0,0.10045046244188638,0.0,9176.0,la > 135.835850879889,0.19148882729143998
nd,7.0,0.09104073715415918,1.0,40.0,5.487575744339811 < nd <= 12.487685654034399,0.17355105760198816
age,127.142857142857,0.05375570967154121,0.0,511.03030303030295,84.25039107908812 < age <= 379.6012832253171,0.1024745686081606
aexp,398.0,0.05252241350642782,0.0,726.0,315.32115273373984 < aexp <= 398.4047669941732,0.10012353476899614
