feature,value,importance,min,max,rule,importance_ratio
ns,1.0,0.1898962573621521,1.0,7.0,ns <= 1.4973267047410423,0.40970493554087817
la,246.0,0.10403358265061616,0.0,9176.0,la > 135.835850879889,0.2244545146177928
nd,8.0,0.09542448085353064,1.0,40.0,5.487575744339811 < nd <= 12.487685654034399,0.20588020701512608
nuc,20.3529411764706,-0.03811469459656373,0.0,2086.0,11.446877959457481 < nuc <= 113.47699669467761,0.08223320833050686
age,69.35294117647061,0.019391954714603588,0.0,511.03030303030295,9.569496653858916 < age <= 84.25039107908812,0.041838526291786686
