feature,value,importance,min,max,rule,importance_ratio
aexp,357,0.13418625971941386,0.0,726.0,315.32115273373984 < aexp <= 398.4047669941732,0.46168522027504655
nuc,69.0,-0.06250245207872922,0.0,2086.0,11.446877959457481 < nuc <= 113.47699669467761,0.21504778817174028
la,107,0.039929848249971395,0.0,9176.0,92.55999249877996 < la <= 135.835850879889,0.13738381875599798
ld,5,-0.02676353566503906,0.0,8304.0,1.9137720800673748 < ld <= 15.702244046452648,0.09208341364227568
age,4.5,-0.02120118646395225,0.0,511.03030303030295,2.8241255444833797 < age <= 9.569496653858916,0.07294543020402838
