feature,value,importance,min,max,rule,importance_ratio
la,878,0.14783885220963824,0.0,9176.0,la > 135.835850879889,0.48383166691441276
nuc,13.7857142857143,-0.06354925889483534,0.0,2086.0,11.446877959457481 < nuc <= 113.47699669467761,0.20797742543796088
ld,83,0.04421863890978602,0.0,8304.0,29.490716012837936 < ld <= 4621.051880819136,0.14471417663653569
age,0.0,-0.02786340862076323,0.0,511.03030303030295,age <= 0.8968766560903667,0.09118847473047682
aexp,124,-0.010845165179194679,0.0,726.0,54.40945181062462 < aexp <= 149.15392421287316,0.03549293212295258
