feature,value,importance,min,max,rule,importance_ratio
ns,1.0,0.1921896232343612,1.0,7.0,ns <= 1.4973267047410423,0.39189965255568454
la,328.0,0.10388115169622045,0.0,9176.0,la > 135.835850879889,0.21182718698183348
nd,7.0,0.09405666038497648,1.0,40.0,5.487575744339811 < nd <= 12.487685654034399,0.19179377067861403
nuc,47.6153846153846,-0.039178615394459326,0.0,2086.0,11.446877959457481 < nuc <= 113.47699669467761,0.07989029533596732
aexp,14.0,-0.03906869644383116,0.0,726.0,6.308411975636886 < aexp <= 54.40945181062462,0.0796661562912285
