feature,value,importance,min,max,rule,importance_ratio
ns,1.0,0.19823049877405288,1.0,7.0,ns <= 1.4973267047410423,0.3920422193291918
aexp,409.0,0.07449114191452161,0.0,726.0,aexp > 398.4047669941732,0.14732179345329582
la,51.0,-0.06664603902023657,0.0,9176.0,36.91960315163976 < la <= 92.55999249877996,0.131806463730764
nd,1.0,-0.0660811907541545,1.0,40.0,nd <= 1.4991410283510338,0.13068935829447356
age,131.5,0.06016074395686672,0.0,511.03030303030295,84.25039107908812 < age <= 379.6012832253171,0.1189804380416183
