feature,value,importance,min,max,rule,importance_ratio
la,760,0.1432352281724645,0.0,9176.0,la > 135.835850879889,0.4293453786828275
aexp,291,0.10093824769496401,0.0,726.0,289.08422191465564 < aexp <= 315.32115273373984,0.3025608346013479
ld,279,0.04447170372599957,0.0,8304.0,29.490716012837936 < ld <= 4621.051880819136,0.13330324334680932
nuc,2.6666666666666696,-0.03518789096871613,0.0,2086.0,1.5729955012103574 < nuc <= 11.446877959457481,0.10547515835156664
age,66.5,0.007756559235586928,0.0,511.03030303030295,9.569496653858916 < age <= 84.25039107908812,0.02325016621098983
