feature,value,importance,min,max,rule,importance_ratio
ns,1.0,0.1858617158658231,1.0,7.0,ns <= 1.4973267047410423,0.363717452295115
la,157.0,0.10307332320085417,0.0,9176.0,la > 135.835850879889,0.2017067707546079
nd,6.0,0.09220491631211442,1.0,40.0,5.487575744339811 < nd <= 12.487685654034399,0.1804381127866977
age,297.5,0.05411921293681524,0.0,511.03030303030295,84.25039107908812 < age <= 379.6012832253171,0.10590724484543969
nuc,25.125,-0.037321211993770295,0.0,2086.0,11.446877959457481 < nuc <= 113.47699669467761,0.07303481558697977
