feature,value,importance,min,max,rule,importance_ratio
la,297,0.14365807950550244,0.0,9176.0,la > 135.835850879889,0.40324826355956706
aexp,215,0.09353485071543068,0.0,726.0,185.59410590604568 < aexp <= 289.08422191465564,0.262552348347773
nuc,53.71428571428571,-0.06347271090762673,0.0,2086.0,11.446877959457481 < nuc <= 113.47699669467761,0.17816791471125373
ld,46,0.04371676057989038,0.0,8304.0,29.490716012837936 < ld <= 4621.051880819136,0.12271295741229024
age,56.8571428571429,0.007301813407037576,0.0,511.03030303030295,9.569496653858916 < age <= 84.25039107908812,0.020496191981399067
