feature,value,importance,min,max,rule,importance_ratio
ns,1.0,0.19916665881111043,1.0,7.0,ns <= 1.4973267047410423,0.5174882215112712
nd,1.0,-0.06747024827313981,1.0,40.0,nd <= 1.4991410283510338,0.1753057413937162
aexp,297.0,0.04029957866519272,0.0,726.0,289.08422191465564 < aexp <= 315.32115273373984,0.10470907839490645
nuc,37.5,-0.039979159837522434,0.0,2086.0,11.446877959457481 < nuc <= 113.47699669467761,0.10387654462514993
la,124.0,-0.018403868506372052,0.0,9176.0,92.55999249877996 < la <= 135.835850879889,0.047818170165329334
