feature,value,importance,min,max,rule,importance_ratio
ns,1.0,0.19485316245596135,1.0,7.0,ns <= 1.4973267047410423,0.46887980397652607
nd,1.0,-0.06631371670365624,1.0,40.0,nd <= 1.4991410283510338,0.15957227533318874
la,35.0,-0.049628227423838385,0.0,9176.0,24.555072185608623 < la <= 36.91960315163976,0.1194215852229289
nuc,148.5,0.04614538869039831,0.0,2086.0,113.47699669467761 < nuc <= 1752.541484763698,0.1110407474575356
aexp,0.0,-0.029542207030453498,0.0,726.0,aexp <= 6.308411975636886,0.07108811613259605
