feature,value,importance,min,max,rule,importance_ratio
ns,1.0,0.1964167637734125,1.0,7.0,ns <= 1.4973267047410423,0.45515095990748133
nd,1.0,-0.0682101339496734,1.0,40.0,nd <= 1.4991410283510338,0.15806139631964647
la,46.0,-0.064060863390403,0.0,9176.0,36.91960315163976 < la <= 92.55999249877996,0.1484464100950164
nuc,211.5,0.044650381278802574,0.0,2086.0,113.47699669467761 < nuc <= 1752.541484763698,0.10346705397674899
aexp,248.0,0.03125772807316745,0.0,726.0,185.59410590604568 < aexp <= 289.08422191465564,0.0724326410012616
