feature,value,importance,min,max,rule,importance_ratio
aexp,248,0.09813682593216864,0.0,726.0,185.59410590604568 < aexp <= 289.08422191465564,0.36386572355865143
nuc,211.5,0.06986983031553347,0.0,2086.0,113.47699669467761 < nuc <= 1752.541484763698,0.2590590853249535
la,46,-0.04221996755940135,0.0,9176.0,36.91960315163976 < la <= 92.55999249877996,0.15654061458277369
age,4.0,-0.027029619709688844,0.0,511.03030303030295,2.8241255444833797 < age <= 9.569496653858916,0.1002187714933749
ld,10,-0.02653713940177019,0.0,8304.0,1.9137720800673748 < ld <= 15.702244046452648,0.09839278311564738
