feature,value,importance,min,max,rule,importance_ratio
ns,1.0,0.19761946525917426,1.0,7.0,ns <= 1.4973267047410423,0.4602459983922976
age,88.0,0.058642998782347695,0.0,511.03030303030295,84.25039107908812 < age <= 379.6012832253171,0.1365766549762836
aexp,323.0,0.05745224179406759,0.0,726.0,315.32115273373984 < aexp <= 398.4047669941732,0.13380344061607452
la,4.0,-0.05287437297602076,0.0,9176.0,-0.17398974645368526 < la <= 6.00827573656187,0.12314180967851626
nuc,107.25,-0.037944972379536576,0.0,2086.0,11.446877959457481 < nuc <= 113.47699669467761,0.08837197122198578
