feature,value,importance,min,max,rule,importance_ratio
la,313,0.14748023554609208,0.0,9176.0,la > 135.835850879889,0.31746361406950646
aexp,32,-0.10614389749785264,0.0,726.0,6.308411975636886 < aexp <= 54.40945181062462,0.22848366892226893
age,95.3333333333333,0.08301181774955983,0.0,511.03030303030295,84.25039107908812 < age <= 379.6012832253171,0.1786899212336712
nuc,231.333333333333,0.07373745830436546,0.0,2086.0,113.47699669467761 < nuc <= 1752.541484763698,0.15872608230468538
ld,127,0.04837208195081762,0.0,8304.0,29.490716012837936 < ld <= 4621.051880819136,0.10412497579293307
