feature,value,importance,min,max,rule,importance_ratio
ns,1.0,0.19891014473000032,1.0,7.0,ns <= 1.4973267047410423,0.42730413144785223
nd,1.0,-0.06679327983721838,1.0,40.0,nd <= 1.4991410283510338,0.14348712312354614
la,44.0,-0.06670510058820471,0.0,9176.0,36.91960315163976 < la <= 92.55999249877996,0.14329769408531054
age,97.25,0.06111950942444104,0.0,511.03030303030295,84.25039107908812 < age <= 379.6012832253171,0.13129857667430775
nuc,20.0,-0.03857806308315911,0.0,2086.0,11.446877959457481 < nuc <= 113.47699669467761,0.08287443438878307
