feature,value,importance,min,max,rule,importance_ratio
ns,1.0,0.1942704159444817,1.0,7.0,ns <= 1.4973267047410423,0.41496880867565344
aexp,452.0,0.07170533970814938,0.0,726.0,aexp > 398.4047669941732,0.15316526322194757
nd,1.0,-0.06871751762709931,1.0,40.0,nd <= 1.4991410283510338,0.14678316451957754
age,163.5,0.05666594435086963,0.0,511.03030303030295,84.25039107908812 < age <= 379.6012832253171,0.12104055733571503
la,28.0,-0.04342744160434926,0.0,9176.0,24.555072185608623 < la <= 36.91960315163976,0.09276262481230464
