feature,value,importance,min,max,rule,importance_ratio
aexp,281,0.09666836687179502,0.0,726.0,185.59410590604568 < aexp <= 289.08422191465564,0.33086818253314004
nuc,298.33333333333303,0.07138200425171806,0.0,2086.0,113.47699669467761 < nuc <= 1752.541484763698,0.24432019259890772
ld,38,0.04903556533309279,0.0,8304.0,29.490716012837936 < ld <= 4621.051880819136,0.16783472097716007
la,38,-0.040978408981829244,0.0,9176.0,36.91960315163976 < la <= 92.55999249877996,0.14025737830969295
age,0.666666666666667,-0.02837011223723774,0.0,511.03030303030295,age <= 0.8968766560903667,0.09710278323668287
