feature,value,importance,min,max,rule,importance_ratio
ns,1.0,0.19219100265119518,1.0,7.0,ns <= 1.4973267047410423,0.3918975283152862
la,1240.0,0.103882838338446,0.0,9176.0,la > 135.835850879889,0.21182795769633425
nd,6.0,0.09406151872828339,1.0,40.0,5.487575744339811 < nd <= 12.487685654034399,0.1918012611969014
nuc,99.4782608695652,-0.03917624874910347,0.0,2086.0,11.446877959457481 < nuc <= 113.47699669467761,0.0798844630687658
aexp,26.0,-0.039065945448476996,0.0,726.0,6.308411975636886 < aexp <= 54.40945181062462,0.07965954311786162
