feature,value,importance,min,max,rule,importance_ratio
ns,1.0,0.18825969663560185,1.0,7.0,ns <= 1.4973267047410423,0.4058300723204141
la,509.0,0.10462347476843505,0.0,9176.0,la > 135.835850879889,0.22553607113195312
age,119.710526315789,0.0570326444210499,0.0,511.03030303030295,84.25039107908812 < age <= 379.6012832253171,0.1229448608685481
nuc,55.342105263157904,-0.040024847543641766,0.0,2086.0,11.446877959457481 < nuc <= 113.47699669467761,0.08628127561838381
aexp,289.0,0.036628114752876244,0.0,726.0,289.08422191465564 < aexp <= 315.32115273373984,0.07895896320226571
