feature,value,importance,min,max,rule,importance_ratio
ns,1.0,0.2077241439319438,1.0,7.0,ns <= 1.4973267047410423,0.5185917834109282
nd,2.0,-0.0714263668002813,1.0,40.0,1.4991410283510338 < nd <= 2.5030327595863042,0.17831883304646906
nuc,27.6666666666667,-0.038776961537943036,0.0,2086.0,11.446877959457481 < nuc <= 113.47699669467761,0.0968082633947802
aexp,38.0,-0.038769837354927644,0.0,726.0,6.308411975636886 < aexp <= 54.40945181062462,0.0967904775818007
la,126.0,-0.018975330091622816,0.0,9176.0,92.55999249877996 < la <= 135.835850879889,0.047372684208773205
