feature,value,importance,min,max,rule,importance_ratio
la,1684,0.14315714082662453,0.0,9176.0,la > 135.835850879889,0.3771419647822113
aexp,409,0.11456894571794449,0.0,726.0,aexp > 398.4047669941732,0.30182746764565227
nuc,42.6388888888889,-0.06172628805289898,0.0,2086.0,11.446877959457481 < nuc <= 113.47699669467761,0.1626155245945894
ld,365,0.043645545806427315,0.0,8304.0,29.490716012837936 < ld <= 4621.051880819136,0.11498250666631535
nd,8,0.008351936510132786,1.0,40.0,5.487575744339811 < nd <= 12.487685654034399,0.02200285453439252
