feature,value,importance,min,max,rule,importance_ratio
la,150,0.15234605772344798,0.0,9176.0,la > 135.835850879889,0.5769789417471793
nuc,39.25,-0.06330459491889262,0.0,2086.0,11.446877959457481 < nuc <= 113.47699669467761,0.23975295934694088
ld,14,-0.024712809378019774,0.0,8304.0,1.9137720800673748 < ld <= 15.702244046452648,0.09359461488930287
aexp,65,-0.011151275296299931,0.0,726.0,54.40945181062462 < aexp <= 149.15392421287316,0.042233131042158346
age,35.5,0.00753275432550371,0.0,511.03030303030295,9.569496653858916 < age <= 84.25039107908812,0.028528737035390165
