feature,value,importance,min,max,rule,importance_ratio
ns,1.0,0.19928857230624358,1.0,7.0,ns <= 1.4973267047410423,0.41326266727946015
aexp,425.0,0.07206144998794642,0.0,726.0,aexp > 398.4047669941732,0.14943308934082397
nd,2.0,-0.06843690947001022,1.0,40.0,1.4991410283510338 < nd <= 2.5030327595863042,0.14191691686404487
la,63.0,-0.06298856084604945,0.0,9176.0,36.91960315163976 < la <= 92.55999249877996,0.13061873223383735
nuc,143.5,0.044376808079279545,0.0,2086.0,113.47699669467761 < nuc <= 1752.541484763698,0.09202373151637658
