feature,value,importance,min,max,rule,importance_ratio
ns,1.0,0.1866951124978155,1.0,7.0,ns <= 1.4973267047410423,0.36964559463484814
la,313.0,0.10227105660426396,0.0,9176.0,la > 135.835850879889,0.2024908152475588
nd,7.0,0.09242699193261508,1.0,40.0,5.487575744339811 < nd <= 12.487685654034399,0.18300013286979636
aexp,517.0,0.06506135124481742,0.0,726.0,aexp > 398.4047669941732,0.1288177368270348
nuc,40.5294117647059,-0.03796690917883523,0.0,2086.0,11.446877959457481 < nuc <= 113.47699669467761,0.07517229847150947
