feature,value,importance,min,max,rule,importance_ratio
aexp,433,0.1194912882777688,0.0,726.0,aexp > 398.4047669941732,0.43182210796264514
nuc,134.5,0.06896754814807252,0.0,2086.0,113.47699669467761 < nuc <= 1752.541484763698,0.2492375172413029
la,78,-0.042433030303353825,0.0,9176.0,36.91960315163976 < la <= 92.55999249877996,0.1533460795086776
ld,4,-0.02483374454834166,0.0,8304.0,1.9137720800673748 < ld <= 15.702244046452648,0.08974511928051482
nd,7,0.012849609587677488,1.0,40.0,5.487575744339811 < nd <= 12.487685654034399,0.04643640200572049
