feature,value,importance,min,max,rule,importance_ratio
ns,1.0,0.18868806127015578,1.0,7.0,ns <= 1.4973267047410423,0.380608725661542
la,139.0,0.10549680399590573,0.0,9176.0,la > 135.835850879889,0.21280097882164226
nd,2.0,-0.06551544568333499,1.0,40.0,1.4991410283510338 < nd <= 2.5030327595863042,0.13215330172363227
age,119.333333333333,0.055789346617507875,0.0,511.03030303030295,84.25039107908812 < age <= 379.6012832253171,0.11253447610115562
nuc,133.666666666667,0.04393026856537421,0.0,2086.0,113.47699669467761 < nuc <= 1752.541484763698,0.08861315031848793
