feature,value,importance,min,max,rule,importance_ratio
ns,1.0,0.19922344583711338,1.0,7.0,ns <= 1.4973267047410423,0.43754342168400584
aexp,554.0,0.07480128425059314,0.0,726.0,aexp > 398.4047669941732,0.16428191832462222
nd,1.0,-0.0686052416784919,1.0,40.0,nd <= 1.4991410283510338,0.1506738931421168
la,28.0,-0.04869271826569219,0.0,9176.0,24.555072185608623 < la <= 36.91960315163976,0.1069411206675219
nuc,18.0,-0.03936944699231003,0.0,2086.0,11.446877959457481 < nuc <= 113.47699669467761,0.08646493626511412
