feature,value,importance,min,max,rule,importance_ratio
ns,1.0,0.1954276846513528,1.0,7.0,ns <= 1.4973267047410423,0.46099802613095386
nd,1.0,-0.06674272266775444,1.0,40.0,nd <= 1.4991410283510338,0.1574406587445976
la,7.0,-0.06124758328089615,0.0,9176.0,6.00827573656187 < la <= 12.190541219577483,0.1444780715084263
nuc,748.0,0.04592583213756231,0.0,2086.0,113.47699669467761 < nuc <= 1752.541484763698,0.1083353057250233
aexp,2.0,-0.029443272575662763,0.0,726.0,aexp <= 6.308411975636886,0.06945428721847277
