feature,value,importance,min,max,rule,importance_ratio
ns,1.0,0.19987211912028646,1.0,7.0,ns <= 1.4973267047410423,0.45976488965827683
nd,1.0,-0.06642312933449246,1.0,40.0,nd <= 1.4991410283510338,0.1527928100409616
age,117.0,0.05842444509798742,0.0,511.03030303030295,84.25039107908812 < age <= 379.6012832253171,0.1343934745478759
la,32.0,-0.04841557733899405,0.0,9176.0,24.555072185608623 < la <= 36.91960315163976,0.11137012341180037
nuc,28.0,-0.03951516643857582,0.0,2086.0,11.446877959457481 < nuc <= 113.47699669467761,0.0908965503414042
