feature,value,importance,min,max,rule,importance_ratio
ns,2.0,-0.17840727272431392,1.0,7.0,1.4973267047410423 < ns <= 2.502438908657955,0.4648303420043072
aexp,316.0,0.06982829334307071,0.0,726.0,315.32115273373984 < aexp <= 398.4047669941732,0.18193377983190884
nuc,53.3636363636364,-0.04490044183790544,0.0,2086.0,11.446877959457481 < nuc <= 113.47699669467761,0.11698563302354494
nd,5.0,0.04365200758615643,1.0,40.0,3.5069244908215746 < nd <= 5.487575744339811,0.11373290620726141
la,130.0,-0.018622885281747204,0.0,9176.0,92.55999249877996 < la <= 135.835850879889,0.0485209038983409
