feature,value,importance,min,max,rule,importance_ratio
ns,1.0,0.1886973564611186,1.0,7.0,ns <= 1.4973267047410423,0.3811177643161962
la,1866.0,0.10302841190321146,0.0,9176.0,la > 135.835850879889,0.20808960306601298
nd,10.0,0.09336818723861015,1.0,40.0,5.487575744339811 < nd <= 12.487685654034399,0.18857855481386832
age,103.857142857143,0.0558922784511229,0.0,511.03030303030295,84.25039107908812 < age <= 379.6012832253171,0.11288732712172089
nuc,63.34285714285711,-0.03735667728622915,0.0,2086.0,11.446877959457481 < nuc <= 113.47699669467761,0.0754504122189062
