feature,value,importance,min,max,rule,importance_ratio
ns,1.0,0.19166547573341797,1.0,7.0,ns <= 1.4973267047410423,0.4513246594365176
la,155.0,0.10678511785146183,0.0,9176.0,la > 135.835850879889,0.25145246822767453
nd,1.0,-0.0652891580432108,1.0,40.0,nd <= 1.4991410283510338,0.15373977450030357
nuc,6.5,-0.025677154281355835,0.0,2086.0,1.5729955012103574 < nuc <= 11.446877959457481,0.06046333001280982
age,22.5,0.018696691852895297,0.0,511.03030303030295,9.569496653858916 < age <= 84.25039107908812,0.04402607225327342
