feature,value,importance,min,max,rule,importance_ratio
ns,2.0,-0.17092518097107134,1.0,7.0,1.4973267047410423 < ns <= 2.502438908657955,0.3247551903657871
la,155.0,0.11627025263556472,0.0,9176.0,la > 135.835850879889,0.22091167500317963
nd,8.0,0.10483049432522729,1.0,40.0,5.487575744339811 < nd <= 12.487685654034399,0.19917631180680542
age,131.18181818181802,0.06458812707856286,0.0,511.03030303030295,84.25039107908812 < age <= 379.6012832253171,0.12271643876930194
nuc,27.5454545454545,-0.041567549944430175,0.0,2086.0,11.446877959457481 < nuc <= 113.47699669467761,0.07897769959083736
