feature,value,importance,min,max,rule,importance_ratio
la,242,0.15164435062423431,0.0,9176.0,la > 135.835850879889,0.5620858116898206
nuc,94.6,-0.062175173554365484,0.0,2086.0,11.446877959457481 < nuc <= 113.47699669467761,0.23045885158530913
ld,4,-0.023946746168028818,0.0,8304.0,1.9137720800673748 < ld <= 15.702244046452648,0.08876114541543308
aexp,93,-0.011418223012883056,0.0,726.0,54.40945181062462 < aexp <= 149.15392421287316,0.042322850299614766
nd,8,0.010322003904349602,1.0,40.0,5.487575744339811 < nd <= 12.487685654034399,0.03825959832304263
