feature,value,importance,min,max,rule,importance_ratio
age,99.0,0.08459848455091501,0.0,511.03030303030295,84.25039107908812 < age <= 379.6012832253171,0.33637243050334575
nuc,27.0,-0.06267924847142183,0.0,2086.0,11.446877959457481 < nuc <= 113.47699669467761,0.2492192533043104
la,89,-0.04691991173613811,0.0,9176.0,36.91960315163976 < la <= 92.55999249877996,0.18655848072773226
ld,18,-0.029219684614844928,0.0,8304.0,15.702244046452648 < ld <= 29.490716012837936,0.11618052480031453
nd,3,-0.013655581067461425,1.0,40.0,2.5030327595863042 < nd <= 3.5069244908215746,0.05429601981620593
