feature,value,importance,min,max,rule,importance_ratio
ns,1.0,0.1985484375397766,1.0,7.0,ns <= 1.4973267047410423,0.4715978458904157
age,139.8,0.061644223178697506,0.0,511.03030303030295,84.25039107908812 < age <= 379.6012832253171,0.1464190966339774
la,18.0,-0.059478026756767784,0.0,9176.0,12.190541219577483 < la <= 24.555072185608623,0.14127388582790937
nd,4.0,0.037525233898838085,1.0,40.0,3.5069244908215746 < nd <= 5.487575744339811,0.08913099338634038
aexp,24.0,-0.03725489720209999,0.0,726.0,6.308411975636886 < aexp <= 54.40945181062462,0.08848888204350358
