feature,value,importance,min,max,rule,importance_ratio
nuc,91.53846153846148,-0.06332599943607393,0.0,2086.0,11.446877959457481 < nuc <= 113.47699669467761,0.37354019719595966
la,117,0.04255218942725711,0.0,9176.0,92.55999249877996 < la <= 135.835850879889,0.2510020113590631
ld,24,-0.027484597638517613,0.0,8304.0,15.702244046452648 < ld <= 29.490716012837936,0.1621230160308384
nd,7,0.013636480929377238,1.0,40.0,5.487575744339811 < nd <= 12.487685654034399,0.08043732149163407
aexp,97,-0.013622144254939574,0.0,726.0,54.40945181062462 < aexp <= 149.15392421287316,0.08035275394837745
