feature,value,importance,min,max,rule,importance_ratio
ns,1.0,0.20438426688981462,1.0,7.0,ns <= 1.4973267047410423,0.4886775570027356
la,50.0,-0.0659814983279091,0.0,9176.0,36.91960315163976 < la <= 92.55999249877996,0.1577600756698438
nd,1.0,-0.06509788116211422,1.0,40.0,nd <= 1.4991410283510338,0.1556473696163044
nuc,24.0,-0.03949057610378131,0.0,2086.0,11.446877959457481 < nuc <= 113.47699669467761,0.09442095787847637
age,3.0,-0.024500752433308192,0.0,511.03030303030295,2.8241255444833797 < age <= 9.569496653858916,0.05858067270066639
