feature,value,importance,min,max,rule,importance_ratio
ns,1.0,0.19658794343376168,1.0,7.0,ns <= 1.4973267047410423,0.5466701906314322
la,27.0,-0.052759292413263006,0.0,9176.0,24.555072185608623 < la <= 36.91960315163976,0.14671262101511304
nuc,146.666666666667,0.046710481992740374,0.0,2086.0,113.47699669467761 < nuc <= 1752.541484763698,0.1298921370733058
nd,3.0,-0.024415440668256065,1.0,40.0,2.5030327595863042 < nd <= 3.5069244908215746,0.0678942633578298
age,26.1666666666667,0.018939753042585803,0.0,511.03030303030295,9.569496653858916 < age <= 84.25039107908812,0.05266751472880246
