feature,value,importance,min,max,rule,importance_ratio
ns,1.0,0.19244658398670206,1.0,7.0,ns <= 1.4973267047410423,0.41011306296289834
la,373.0,0.10721559708348619,0.0,9176.0,la > 135.835850879889,0.22848167011549994
nd,1.0,-0.06738944729719201,1.0,40.0,nd <= 1.4991410283510338,0.1436102011784109
nuc,26.1666666666667,-0.04025052898522406,0.0,2086.0,11.446877959457481 < nuc <= 113.47699669467761,0.08577584172212588
aexp,201.0,0.031887611048497175,0.0,726.0,185.59410590604568 < aexp <= 289.08422191465564,0.06795405544102764
