feature,value,importance,min,max,rule,importance_ratio
ns,1.0,0.19944693079659098,1.0,7.0,ns <= 1.4973267047410423,0.4719059821169226
la,63.0,-0.06570477517210314,0.0,9176.0,36.91960315163976 < la <= 92.55999249877996,0.155462289309357
age,102.375,0.06275850122611741,0.0,511.03030303030295,84.25039107908812 < age <= 379.6012832253171,0.14849119030817012
nuc,83.125,-0.039570809649333884,0.0,2086.0,11.446877959457481 < nuc <= 113.47699669467761,0.09362742116987183
nd,4.0,0.03789280401093562,1.0,40.0,3.5069244908215746 < nd <= 5.487575744339811,0.08965713746771922
