feature,value,importance,min,max,rule,importance_ratio
ns,1.0,0.19085340921524455,1.0,7.0,ns <= 1.4973267047410423,0.3739687191003457
la,146.0,0.10489155594363422,0.0,9176.0,la > 135.835850879889,0.20553031241084022
nd,2.0,-0.06548591844259086,1.0,40.0,1.4991410283510338 < nd <= 2.5030327595863042,0.12831672821451112
aexp,598.0,0.06524013964117355,0.0,726.0,aexp > 398.4047669941732,0.12783513564602633
age,373.0,0.056720456644123514,0.0,511.03030303030295,84.25039107908812 < age <= 379.6012832253171,0.111141197871226
