feature,value,importance,min,max,rule,importance_ratio
ns,1.0,0.20435854047091448,1.0,7.0,ns <= 1.4973267047410423,0.5899162480162633
nuc,20.4,-0.040954894347918006,0.0,2086.0,11.446877959457481 < nuc <= 113.47699669467761,0.11822338110241518
aexp,18.0,-0.038943722382878944,0.0,726.0,6.308411975636886 < aexp <= 54.40945181062462,0.11241778561813838
nd,3.0,-0.022699795342281736,1.0,40.0,2.5030327595863042 < nd <= 3.5069244908215746,0.06552688264556174
la,97.0,-0.018615496741820562,0.0,9176.0,92.55999249877996 < la <= 135.835850879889,0.05373684881281839
