feature,value,importance,min,max,rule,importance_ratio
ns,1.0,0.1979044407215456,1.0,7.0,ns <= 1.4973267047410423,0.38762599806818754
aexp,500.0,0.07470269490064015,0.0,726.0,aexp > 398.4047669941732,0.14631660898396132
nd,1.0,-0.06686275033113626,1.0,40.0,nd <= 1.4991410283510338,0.13096088312215975
la,50.0,-0.06659825088738722,0.0,9176.0,36.91960315163976 < la <= 92.55999249877996,0.13044282066485513
age,190.5,0.05949198357180256,0.0,511.03030303030295,84.25039107908812 < age <= 379.6012832253171,0.11652411348122722
