feature,value,importance,min,max,rule,importance_ratio
ns,1.0,0.1947127592912772,1.0,7.0,ns <= 1.4973267047410423,0.4371888028379949
la,173.0,0.10776044663846562,0.0,9176.0,la > 135.835850879889,0.24195466609706112
nd,2.0,-0.06824918032811092,1.0,40.0,1.4991410283510338 < nd <= 2.5030327595863042,0.15323997025631964
nuc,2.5,-0.02824746794764988,0.0,2086.0,1.5729955012103574 < nuc <= 11.446877959457481,0.06342407523876592
age,28.0,0.018872417257688567,0.0,511.03030303030295,9.569496653858916 < age <= 84.25039107908812,0.04237426215713641
