feature,value,importance,min,max,rule,importance_ratio
la,114,0.04298352872649357,0.0,9176.0,92.55999249877996 < la <= 135.835850879889,0.34912755815406055
ld,25,-0.028771873438581903,0.0,8304.0,15.702244046452648 < ld <= 29.490716012837936,0.2336954227524449
age,0.0,-0.02537446449034803,0.0,511.03030303030295,age <= 0.8968766560903667,0.20610045497548435
aexp,141,-0.011852798419039145,0.0,726.0,54.40945181062462 < aexp <= 149.15392421287316,0.09627265820036873
nd,1,0.00796674581139189,1.0,40.0,nd <= 1.4991410283510338,0.06470875225865239
