feature,value,importance,min,max,rule,importance_ratio
la,2016,0.1519856564810124,0.0,9176.0,la > 135.835850879889,0.37751453058794865
aexp,25,-0.11151420137867547,0.0,726.0,6.308411975636886 < aexp <= 54.40945181062462,0.27698818666233804
nuc,52.21875,-0.06572871382847852,0.0,2086.0,11.446877959457481 < nuc <= 113.47699669467761,0.16326240989857907
ld,120,0.046874863693942434,0.0,8304.0,29.490716012837936 < ld <= 4621.051880819136,0.11643165923360349
nd,15,0.009657314669301071,1.0,40.0,nd > 12.487685654034399,0.023987636060754013
