feature,value,importance,min,max,rule,importance_ratio
ns,1.0,0.2065846708008123,1.0,7.0,ns <= 1.4973267047410423,0.49096265519816856
nd,2.0,-0.07176198347349082,1.0,40.0,1.4991410283510338 < nd <= 2.5030327595863042,0.17054728122786547
la,51.0,-0.06522174926990719,0.0,9176.0,36.91960315163976 < la <= 92.55999249877996,0.15500396556091875
nuc,20.0,-0.03783649897641825,0.0,2086.0,11.446877959457481 < nuc <= 113.47699669467761,0.0899210378430075
aexp,114.0,-0.016751954001472433,0.0,726.0,54.40945181062462 < aexp <= 149.15392421287316,0.0398121689496051
