feature,value,importance,min,max,rule,importance_ratio
ns,2.0,-0.1669844644238699,1.0,7.0,1.4973267047410423 < ns <= 2.502438908657955,0.3073215691583368
la,1510.0,0.11293017641174213,0.0,9176.0,la > 135.835850879889,0.20783896957077216
nd,8.0,0.10363874056268989,1.0,40.0,5.487575744339811 < nd <= 12.487685654034399,0.19073882402898978
age,141.2,0.06478125628356564,0.0,511.03030303030295,84.25039107908812 < age <= 379.6012832253171,0.11922472789191924
aexp,352.0,0.063973657388912,0.0,726.0,315.32115273373984 < aexp <= 398.4047669941732,0.11773840663196365
