feature,value,importance,min,max,rule,importance_ratio
ns,2.0,-0.1825379431659373,1.0,7.0,1.4973267047410423 < ns <= 2.502438908657955,0.5563503680554491
nuc,28.142857142857103,-0.04616920669286716,0.0,2086.0,11.446877959457481 < nuc <= 113.47699669467761,0.14071734725889012
nd,5.0,0.04396785576807707,1.0,40.0,3.5069244908215746 < nd <= 5.487575744339811,0.1340079345418156
aexp,56.0,-0.019498771443852148,0.0,726.0,54.40945181062462 < aexp <= 149.15392421287316,0.05942955465184926
age,57.1428571428571,0.018122954080255417,0.0,511.03030303030295,9.569496653858916 < age <= 84.25039107908812,0.0552362538874252
