feature,value,importance,min,max,rule,importance_ratio
ns,1.0,0.19723797445554397,1.0,7.0,ns <= 1.4973267047410423,0.470998910257224
la,88.0,-0.06458541423148928,0.0,9176.0,36.91960315163976 < la <= 92.55999249877996,0.15422820988459923
age,147.0,0.06130487429720953,0.0,511.03030303030295,84.25039107908812 < age <= 379.6012832253171,0.14639436988311752
nuc,166.5,0.04498271432288463,0.0,2086.0,113.47699669467761 < nuc <= 1752.541484763698,0.10741749647842808
nd,3.0,-0.02305327674813032,1.0,40.0,2.5030327595863042 < nd <= 3.5069244908215746,0.05505059690559189
