feature,value,importance,min,max,rule,importance_ratio
la,1963,0.14716518588368416,0.0,9176.0,la > 135.835850879889,0.5283945823376794
nuc,12.5,-0.06405647501898608,0.0,2086.0,11.446877959457481 < nuc <= 113.47699669467761,0.22999389536621165
ld,1202,0.04441325501964755,0.0,8304.0,29.490716012837936 < ld <= 4621.051880819136,0.15946518325952333
aexp,85,-0.01024108389027961,0.0,726.0,54.40945181062462 < aexp <= 149.15392421287316,0.03677047130675607
age,10.0,0.00681804169317908,0.0,511.03030303030295,9.569496653858916 < age <= 84.25039107908812,0.024480085226649094
