feature,value,importance,min,max,rule,importance_ratio
ns,1.0,0.19712572091220595,1.0,7.0,ns <= 1.4973267047410423,0.41288148446092654
nd,2.0,-0.06945681259249528,1.0,40.0,1.4991410283510338 < nd <= 2.5030327595863042,0.14547787958064548
la,47.0,-0.06341054245632417,0.0,9176.0,36.91960315163976 < la <= 92.55999249877996,0.1328139158030017
age,148.166666666667,0.060096135681149965,0.0,511.03030303030295,84.25039107908812 < age <= 379.6012832253171,0.12587186286790678
nuc,205.333333333333,0.04355441710610642,0.0,2086.0,113.47699669467761 < nuc <= 1752.541484763698,0.0912250938456104
