feature,value,importance,min,max,rule,importance_ratio
ns,1.0,0.18761486874947003,1.0,7.0,ns <= 1.4973267047410423,0.4168767976881768
la,1402.0,0.10377787088033588,0.0,9176.0,la > 135.835850879889,0.2305925259114823
nd,12.0,0.09658227873869187,1.0,40.0,5.487575744339811 < nd <= 12.487685654034399,0.21460405213286957
nuc,5.32142857142857,-0.025792215323393843,0.0,2086.0,1.5729955012103574 < nuc <= 11.446877959457481,0.05730982944458511
age,53.3928571428571,0.019215321058180943,0.0,511.03030303030295,9.569496653858916 < age <= 84.25039107908812,0.04269609100108857
