feature,value,importance,min,max,rule,importance_ratio
ns,1.0,0.2015000112392988,1.0,7.0,ns <= 1.4973267047410423,0.5821392545742969
la,67.0,-0.06644648130709509,0.0,9176.0,36.91960315163976 < la <= 92.55999249877996,0.1919657714125887
nd,3.0,-0.02236235879826479,1.0,40.0,2.5030327595863042 < nd <= 3.5069244908215746,0.06460548960409147
nuc,8.5,-0.022135864261106093,0.0,2086.0,1.5729955012103574 < nuc <= 11.446877959457481,0.06395114045435307
age,58.0,0.01575280817386938,0.0,511.03030303030295,9.569496653858916 < age <= 84.25039107908812,0.045510310155256764
