feature,value,importance,min,max,rule,importance_ratio
ns,2.0,-0.17109474211255324,1.0,7.0,1.4973267047410423 < ns <= 2.502438908657955,0.3894116841721893
la,145.0,0.11834849245892626,0.0,9176.0,la > 135.835850879889,0.26936120419967463
nuc,60.8571428571429,-0.045668442208274616,0.0,2086.0,11.446877959457481 < nuc <= 113.47699669467761,0.10394138811200623
nd,4.0,0.03933329298945721,1.0,40.0,3.5069244908215746 < nd <= 5.487575744339811,0.08952258659700157
aexp,227.0,0.03445342130546722,0.0,726.0,185.59410590604568 < aexp <= 289.08422191465564,0.07841599718610875
