feature,value,importance,min,max,rule,importance_ratio
ns,1.0,0.1951918170809289,1.0,7.0,ns <= 1.4973267047410423,0.5471916336292527
nuc,174.2,0.04668719286487874,0.0,2086.0,113.47699669467761 < nuc <= 1752.541484763698,0.13088069835788743
nd,4.0,0.03850821799173392,1.0,40.0,3.5069244908215746 < nd <= 5.487575744339811,0.10795214177606544
aexp,42.0,-0.03624189816657922,0.0,726.0,6.308411975636886 < aexp <= 54.40945181062462,0.10159884650990887
la,135.0,-0.02004146647896402,0.0,9176.0,92.55999249877996 < la <= 135.835850879889,0.05618331212318894
