feature,value,importance,min,max,rule,importance_ratio
ns,1.0,0.20157578313546126,1.0,7.0,ns <= 1.4973267047410423,0.4296057621339276
la,42.0,-0.06779712312943134,0.0,9176.0,36.91960315163976 < la <= 92.55999249877996,0.14449173556197495
nd,1.0,-0.06608389743491598,1.0,40.0,nd <= 1.4991410283510338,0.14084044561656972
age,106.5,0.06303464917927876,0.0,511.03030303030295,84.25039107908812 < age <= 379.6012832253171,0.13434177499045455
aexp,31.0,-0.039628752683920576,0.0,726.0,6.308411975636886 < aexp <= 54.40945181062462,0.08445826296381943
