feature,value,importance,min,max,rule,importance_ratio
ns,1.0,0.20256485961914292,1.0,7.0,ns <= 1.4973267047410423,0.46745175490078167
nd,2.0,-0.07197141606616615,1.0,40.0,1.4991410283510338 < nd <= 2.5030327595863042,0.1660858887670777
la,37.0,-0.05401902137245934,0.0,9176.0,24.555072185608623 < la <= 36.91960315163976,0.12465778312218492
nuc,14.0,-0.039324255139943705,0.0,2086.0,11.446877959457481 < nuc <= 113.47699669467761,0.09074719134352562
aexp,260.0,0.03648987610162104,0.0,726.0,185.59410590604568 < aexp <= 289.08422191465564,0.08420639518564796
