feature,value,importance,min,max,rule,importance_ratio
la,15,-0.1378104481291924,0.0,9176.0,12.190541219577483 < la <= 24.555072185608623,0.37831333520078997
age,196.8,0.08233435839034804,0.0,511.03030303030295,84.25039107908812 < age <= 379.6012832253171,0.22602194642796164
nuc,85.2,-0.06149708791966137,0.0,2086.0,11.446877959457481 < nuc <= 113.47699669467761,0.168820062280133
aexp,184,0.05417850806522362,0.0,726.0,149.15392421287316 < aexp <= 185.59410590604568,0.1487293043495726
ld,15,-0.026828511714093565,0.0,8304.0,15.702244046452648 < ld <= 29.490716012837936,0.07364886975418093
