commit_id,label,pred,score_or_proba,feature,value_actual,min,max,operator,threshold
,True,True,0.9954340766888313,age,293.142857142857,0.0,511.03030303030295,<,64.25
,True,True,0.9954340766888313,la,150.0,0.0,9176.0,<,59.5
,True,True,0.9954340766888313,aexp,555.0,0.0,726.0,<,128.0
