rule,type,coef,support,importance,Class
asexp > -223.0449981689453 & nd > -1.3299999833106995 & age > -13.450000286102295,rule,0.571636931786678,0.884514435695538,0.18269917763927185,Defect
asexp > -38.69500160217285 & la > 0.15000000596046448 & asexp > -166.43499755859375,rule,0.47795141134538455,0.8398950131233596,0.1752664052827203,Defect
aexp > -535.7950134277344 & la > 15.735000133514404 & age <= 427.81500244140625,rule,0.43161023374810137,0.8110236220472441,0.16897102780489215,Defect
nuc > -64.54999923706055 & asexp > -474.6699981689453 & la > 0.1850000061094761,rule,0.49235302992561597,0.868766404199475,0.1662457831924468,Defect
nd > 2.0399999618530273,rule,0.4130718781867097,0.8293963254593176,0.15538205943621405,Defect
