rule,type,coef,support,importance,Class
la > 0.05000000074505806 & ld > -2.534999966621399 & age <= 622.3300170898438,rule,0.5825754070416574,0.84251968503937,0.21220485361690533,Defect
la > 0.20499999821186066 & ld > -2.244999945163727,rule,0.4820767465852018,0.8372703412073491,0.17794360877149545,Defect
ld <= 192.0999984741211 & nd > 0.9950000047683716,rule,0.37472995821093613,0.8267716535433071,0.14181451487034438,Defect
la > 8.65500020980835 & la > -440.44000244140625,rule,0.33223061033887186,0.7742782152230971,0.13889125494394003,Defect
asexp > -349.77500915527344 & age > -33.454999923706055 & la > -0.3450000062584877,rule,0.31911077747754846,0.8031496062992126,0.12688428633933319,Defect
