rule,type,coef,support,importance,Class
age > -3.950000047683716 & asexp > 0.17000000178813934,rule,0.1730566199248146,0.7874015748031497,0.07080539959746032,Defect
nuc > 0.03500000014901161 & age > -202.6449966430664 & la > -3.9450000524520874,rule,0.11720692893135462,0.7769028871391076,0.048795933342955525,Defect
asexp > 0.9699999988079071 & nd > 0.3449999988079071,rule,0.10537515937476297,0.8188976377952756,0.04058028671710146,Defect
la > 0.07500000298023224 & age > -0.24499999731779099 & nd <= 7.230000019073486,rule,0.08955935821598701,0.8136482939632546,0.034873538688943356,Defect
la > -0.11999999731779099 & asexp > 0.27000000327825546 & aexp > -671.39501953125,rule,0.08246923566886825,0.7795275590551181,0.03418887902597325,Defect
