rule,type,coef,support,importance,Class
la > 1.7999999523162842 & ld > -0.09000000357627869,rule,0.5523884361899981,0.8241469816272966,0.21029155291674784,Defect
age > -16.65999984741211 & asexp > -16.05999994277954,rule,0.4601582848896632,0.8057742782152231,0.1820402057056638,Defect
ld > -1.175000011920929,rule,0.4336090809392815,0.8792650918635171,0.14127805673614055,Defect
ld > -1.175000011920929 & la > -6.2900002002716064,rule,0.35245042706579116,0.8136482939632546,0.13724075126321536,Defect
la > -0.8949999809265137 & nd > 0.4099999889731407 & asexp > -11.800000190734863,rule,0.335598139673361,0.7952755905511811,0.13541388080738248,Defect
