rule,type,coef,support,importance,Class
la > 0.2849999964237213 & ld > -72.96999931335449 & nuc > -0.14499999955296516,rule,0.021846881942900562,0.7585301837270341,0.009349907647420039,Defect
asexp > -1.8349999785423279 & la > 0.3399999961256981 & ld > -238.94499969482422,rule,0.02118088008941404,0.7480314960629921,0.009195536496524732,Defect
nuc > -0.1850000023841858 & la > 0.07000000029802322,rule,0.020427326313577552,0.7427821522309711,0.008928794065322434,Defect
nuc > -0.1850000023841858 & la > -0.4949999898672104,rule,0.020130542135512925,0.7480314960629921,0.008739539344942253,Defect
nuc > -0.034999996423721313 & la > -0.3149999976158142,rule,0.019933849153607464,0.7427821522309711,0.008713094963556755,Defect
