rule,type,coef,support,importance,Class
nuc > 0.009999999776482582 & nd > 0.24499999731779099 & la > -0.20000000298023224,rule,0.4601210949911324,0.7349081364829396,0.20308921996392185,Defect
la > -0.26499998569488525 & nuc > 0.054999999701976776,rule,0.3740084022100862,0.7454068241469817,0.16293013612078544,Defect
age > -123.7249984741211 & la > -0.28999999910593033,rule,0.41753710669073696,0.8293963254593176,0.15706170997029237,Defect
nuc > 0.03500000014901161 & la > -0.22999999672174454 & nd > -0.4900000048801303,rule,0.32918418549060646,0.7690288713910761,0.13873598868201278,Defect
la > -0.17499999701976776 & nuc > -21.375 & asexp <= 951.0899963378906,rule,0.3441806321760192,0.7979002624671916,0.13821131742155046,Defect
