rule,type,coef,support,importance,Class
la > -0.8500000238418579 & nd <= 12.389999866485596 & ld > -29.500000953674316,rule,0.635943527536884,0.8372703412073491,0.23473873624142513,Defect
asexp > -0.1399999987334013,rule,0.7436824654346647,0.9028871391076115,0.22021284586359036,Defect
asexp > -9.994999885559082,rule,0.5900927965560613,0.8976377952755905,0.17887131260562147,Defect
nd > -2.324999988079071 & nuc > -10.640000343322754 & la > -31.460000038146973,rule,0.4978158331794798,0.8556430446194225,0.17495802778129857,Defect
nd <= 10.769999980926514 & la > 34.95500183105469,rule,0.37982281629317727,0.7506561679790026,0.1643239603194378,Defect
