feature,value,importance,min,max,rule,importance_ratio
ns,1.0,0.35211488762631277,1.0,6.0,ns <= 1.4968350645973174,0.36556694255396494
nd,2.0,-0.21164732507237388,1.0,35.0,1.4827649840212431 < nd <= 2.5091144786496407,0.21973301398305053
aexp,290.0,0.21148280804785138,0.0,418.0,aexp > 173.5744038495336,0.21956221181658095
age,1.0,0.10502345330499503,0.0,536.25,age <= 91.7448502777025,0.10903572689011491
la,124.0,-0.03580106398890762,0.0,8385.0,70.36227779601131 < la <= 363.9600190460562,0.03716879337545454
