feature,value,importance,min,max,rule,importance_ratio
ns,2.0,-0.2978101347271657,1.0,6.0,1.4968350645973174 < ns <= 2.497149685556895,0.3326216267572535
nd,16.0,0.2603235238556359,1.0,35.0,nd > 15.509541410609344,0.2907531473613876
aexp,322.0,0.19614636596673515,0.0,418.0,aexp > 173.5744038495336,0.21907422119851624
age,10.2068965517241,0.05701965024111786,0.0,536.25,age <= 91.7448502777025,0.06368476626124772
la,170.0,-0.04479186688687575,0.0,8385.0,70.36227779601131 < la <= 363.9600190460562,0.05002765820262037
