feature,value,importance,min,max,rule,importance_ratio
ns,1.0,0.3614743316679936,1.0,6.0,ns <= 1.4968350645973174,0.3845849130442619
aexp,299.0,0.20604515030376627,0.0,418.0,aexp > 173.5744038495336,0.21921848737394656
nd,2.0,-0.2000410624531718,1.0,35.0,1.4827649840212431 < nd <= 2.5091144786496407,0.21283053281773806
age,36.0,0.10258103089102268,0.0,536.25,age <= 91.7448502777025,0.10913946963584044
la,15.0,-0.03128455056724344,0.0,8385.0,8.552227006528142 < la <= 31.73099605258426,0.03328470407293779
