feature,value,importance,min,max,rule,importance_ratio
ns,1,0.37566572822775846,1.0,6.0,ns <= 1.4968350645973174,0.42109830293026446
nd,2,-0.2173926003024599,1.0,35.0,1.4827649840212431 < nd <= 2.5091144786496407,0.24368380764684
age,57.0,0.09692608850204158,0.0,536.25,age <= 91.7448502777025,0.10864821651532923
aexp,92,0.07388051958323094,0.0,418.0,77.34852688871881 < aexp <= 157.78734591064995,0.0828155433897946
nuc,633.0,-0.06290878384206973,0.0,593.0,nuc > 569.9225409414807,0.07051689873408304
