feature,value,importance,min,max,rule,importance_ratio
nd,12.0,0.31161903265497176,1.0,35.0,8.51515966943804 < nd <= 15.509541410609344,0.335321465898498
ns,1.0,0.29869359258015715,1.0,6.0,ns <= 1.4968350645973174,0.3214128882473091
aexp,436.0,0.15822713028198424,0.0,418.0,aexp > 173.5744038495336,0.17026223597135948
la,311.0,-0.059722626597861164,0.0,8385.0,70.36227779601131 < la <= 363.9600190460562,0.06426526174438377
age,29.4545454545455,0.048296047698796335,0.0,536.25,age <= 91.7448502777025,0.05196955196698505
