feature,value,importance,min,max,rule,importance_ratio
ns,1.0,0.35990237674548814,1.0,6.0,ns <= 1.4968350645973174,0.528105081328364
aexp,439.0,0.11850666470494774,0.0,418.0,aexp > 173.5744038495336,0.17389152127277294
age,29.5,0.092526830785908,0.0,536.25,age <= 91.7448502777025,0.13576984386463986
la,320.0,-0.05659778465629979,0.0,8385.0,70.36227779601131 < la <= 363.9600190460562,0.08304912554122258
nd,4.0,0.04536508162911977,1.0,35.0,3.497451029032542 < nd <= 4.485787579415443,0.06656674607113305
