feature,value,importance,min,max,rule,importance_ratio
ns,1.0,0.3600159308211541,1.0,6.0,ns <= 1.4968350645973174,0.39563192450967705
nd,2.0,-0.20917319786347863,1.0,35.0,1.4827649840212431 < nd <= 2.5091144786496407,0.22986648017996236
la,607.0,0.13989774697038904,0.0,8385.0,363.9600190460562 < la <= 3755.7865561189433,0.1537376825026063
age,0.0,0.09598520783649447,0.0,536.25,age <= 91.7448502777025,0.10548092250861664
aexp,101.0,0.08143936381907092,0.0,418.0,77.34852688871881 < aexp <= 157.78734591064995,0.08949607359066786
