feature,value,importance,min,max,rule,importance_ratio
ns,1.0,0.3585718697494096,1.0,6.0,ns <= 1.4968350645973174,0.46017556956402594
nd,2.0,-0.20774722142658497,1.0,35.0,1.4827649840212431 < nd <= 2.5091144786496407,0.26661376424239136
age,93.3333333333333,-0.08119324688052001,0.0,536.25,91.7448502777025 < age <= 94.40011386408017,0.10419988788888365
aexp,122.0,0.06835346073872685,0.0,418.0,77.34852688871881 < aexp <= 157.78734591064995,0.08772186381797928
la,32.0,-0.038228140727558875,0.0,8385.0,8.552227006528142 < la <= 31.73099605258426,0.04906033606309439
