feature,value,importance,min,max,rule,importance_ratio
ns,1,0.38241889978425786,1.0,6.0,ns <= 1.4968350645973174,0.5049873887938013
nd,2,-0.2345005612282546,1.0,35.0,1.4827649840212431 < nd <= 2.5091144786496407,0.30965997274753926
aexp,122,0.06998475167071366,0.0,418.0,77.34852688871881 < aexp <= 157.78734591064995,0.09241545598691442
la,32,-0.04392588066931258,0.0,8385.0,8.552227006528142 < la <= 31.73099605258426,0.05800449661922642
ld,0,-0.017551046431463505,0.0,6893.0,ld <= -1.0011954097309967,0.023176305127763367
