feature,value,importance,min,max,rule,importance_ratio
ns,1,0.38246846715258964,1.0,6.0,ns <= 1.4968350645973174,0.5103737868508083
nd,7,0.18555547986002022,1.0,35.0,4.485787579415443 < nd <= 8.51515966943804,0.24760904770038158
la,575,0.1430091086087574,0.0,8385.0,363.9600190460562 < la <= 3755.7865561189433,0.1908342950680185
ld,25,-0.016361954284844722,0.0,6893.0,19.414412417987634 < ld <= 56.843026768805146,0.02183372823073649
aexp,53,-0.00808155854634043,0.0,418.0,46.526175674707815 < aexp <= 72.83793890618061,0.010784197896520242
