feature,value,importance,min,max,rule,importance_ratio
ns,1.0,0.32201390069057745,1.0,6.0,ns <= 1.4968350645973174,0.4312428893334511
nd,7.0,0.217946289087581,1.0,35.0,4.485787579415443 < nd <= 8.51515966943804,0.29187493839262774
la,575.0,0.12144959900604538,0.0,8385.0,363.9600190460562 < la <= 3755.7865561189433,0.16264600960218292
age,93.1764705882353,-0.04114085682193363,0.0,536.25,91.7448502777025 < age <= 94.40011386408017,0.055096074820050855
ld,25.0,-0.02854460305796602,0.0,6893.0,19.414412417987634 < ld <= 56.843026768805146,0.03822709849231651
