feature,value,importance,min,max,rule,importance_ratio
ns,1.0,0.3590869057634003,1.0,6.0,ns <= 1.4968350645973174,0.45636611104356467
aexp,366.0,0.20931464354499935,0.0,418.0,aexp > 173.5744038495336,0.26601947418835
age,30.3333333333333,0.09894345681476521,0.0,536.25,age <= 91.7448502777025,0.1257479453442204
nd,3.0,-0.05170365501020607,1.0,35.0,2.5091144786496407 < nd <= 3.497451029032542,0.06571054411906893
la,53.0,-0.03677554821017531,0.0,8385.0,39.45725240126967 < la <= 70.36227779601131,0.04673830665724999
