feature,value,importance,min,max,rule,importance_ratio
nd,20,0.5311485445216148,1.0,35.0,nd > 15.509541410609344,0.40439833696357386
ns,2,-0.274328133263184,1.0,6.0,1.4968350645973174 < ns <= 2.497149685556895,0.2088640588742849
aexp,248,0.25763486201737007,0.0,418.0,aexp > 173.5744038495336,0.19615437304361183
age,231.308823529412,-0.13320730720257046,0.0,536.25,age > 172.46486330358397,0.10141948812574263
la,88,-0.07658657997485686,0.0,8385.0,70.36227779601131 < la <= 363.9600190460562,0.058310402795991284
