feature,value,importance,min,max,rule,importance_ratio
ns,1,0.3887034723696956,1.0,6.0,ns <= 1.4968350645973174,0.6997342285211756
age,119.4,-0.06029700677884927,0.0,536.25,98.64853560228445 < age <= 151.75380732983808,0.10854515722052907
la,269,-0.0410995016849842,0.0,8385.0,70.36227779601131 < la <= 363.9600190460562,0.07398629070335334
nd,4,0.029947911935624245,1.0,35.0,3.497451029032542 < nd <= 4.485787579415443,0.053911478913065386
ld,18,-0.021573608492132246,0.0,6893.0,2.401405894888768 < ld <= 19.414412417987634,0.03883626817797615
