feature,value,importance,min,max,rule,importance_ratio
ns,1.0,0.343920095718063,1.0,6.0,ns <= 1.4968350645973174,0.5207268940078273
nd,6.0,0.15430918144426256,1.0,35.0,4.485787579415443 < nd <= 8.51515966943804,0.23363839964801714
la,277.0,-0.11880333183373867,0.0,8385.0,70.36227779601131 < la <= 363.9600190460562,0.179879253215487
nuc,238.14285714285705,0.02061773643250529,0.0,593.0,122.26403089809419 < nuc <= 329.2334199571145,0.031217163485473605
ld,59.0,-0.008095681440584044,0.0,6893.0,56.843026768805146 < ld <= 5592.8753493851755,0.012257611881127228
