feature,value,importance,min,max,rule,importance_ratio
nd,11,0.38367257451377196,1.0,35.0,8.51515966943804 < nd <= 15.509541410609344,0.35229945466103363
ns,2,-0.28271655108550714,1.0,6.0,1.4968350645973174 < ns <= 2.497149685556895,0.2595986614297271
la,555,0.16231609291634175,0.0,8385.0,363.9600190460562 < la <= 3755.7865561189433,0.14904341570310556
aexp,5,-0.11224662202748159,0.0,418.0,aexp <= 36.753235045875066,0.10306815330217323
age,83.3333333333333,0.10719555626589793,0.0,536.25,age <= 91.7448502777025,0.09843011599779178
