feature,value,importance,min,max,rule,importance_ratio
ns,1.0,0.3637389983805069,1.0,6.0,ns <= 1.4968350645973174,0.4504133462382432
nd,5.0,0.19051411875174099,1.0,35.0,4.485787579415443 < nd <= 8.51515966943804,0.23591119488055515
age,8.6,0.09693956895214768,0.0,536.25,age <= 91.7448502777025,0.12003902751432241
aexp,89.0,0.05331777402303794,0.0,418.0,77.34852688871881 < aexp <= 157.78734591064995,0.06602271716426979
la,114.0,-0.044971383605372894,0.0,8385.0,70.36227779601131 < la <= 363.9600190460562,0.05568748873462889
