feature,value,importance,min,max,rule,importance_ratio
ns,1,0.38105032231559455,1.0,6.0,ns <= 1.4968350645973174,0.5266372686836233
nd,5,0.16001493647695358,1.0,35.0,4.485787579415443 < nd <= 8.51515966943804,0.22115144420482113
age,89.5,0.07004281048629758,0.0,536.25,age <= 91.7448502777025,0.09680389241313284
aexp,95,0.06352875136857784,0.0,418.0,77.34852688871881 < aexp <= 157.78734591064995,0.0878010229733366
ld,9,-0.027136420180208353,0.0,6893.0,2.401405894888768 < ld <= 19.414412417987634,0.037504364564530955
