feature,value,importance,min,max,rule,importance_ratio
ns,1.0,0.30307658059925435,1.0,6.0,ns <= 1.4968350645973174,0.41801497121863856
nd,5.0,0.1869810742278608,1.0,35.0,4.485787579415443 < nd <= 8.51515966943804,0.25789154743413933
age,89.5,0.14632299684041683,0.0,536.25,age <= 91.7448502777025,0.2018143506566349
aexp,95.0,0.07504481331184586,0.0,418.0,77.34852688871881 < aexp <= 157.78734591064995,0.10350471624905395
ld,9.0,-0.01191059367018447,0.0,6893.0,2.401405894888768 < ld <= 19.414412417987634,0.016427552602034698
