feature,value,importance,min,max,rule,importance_ratio
ns,1.0,0.3573859576765144,1.0,6.0,ns <= 1.4968350645973174,0.38129311202905974
nd,2.0,-0.21474268958250073,1.0,35.0,1.4827649840212431 < nd <= 2.5091144786496407,0.22910779407431314
aexp,13.0,-0.11616628090994313,0.0,418.0,aexp <= 36.753235045875066,0.123937165995442
age,18.0,0.11577148183347444,0.0,536.25,age <= 91.7448502777025,0.12351595703280782
nuc,830.0,-0.06924186424944007,0.0,593.0,nuc > 569.9225409414807,0.07387376402253554
