feature,value,importance,min,max,rule,importance_ratio
ns,1.0,0.3611384592802444,1.0,6.0,ns <= 1.4968350645973174,0.40713499889914323
nd,2.0,-0.2135397987457377,1.0,35.0,1.4827649840212431 < nd <= 2.5091144786496407,0.24073737784821161
aexp,17.0,-0.11691383654946082,0.0,418.0,aexp <= 36.753235045875066,0.13180461258467582
age,31.3333333333333,0.10131871408761016,0.0,536.25,age <= 91.7448502777025,0.11422321131550088
la,6.0,-0.052764531574472355,0.0,8385.0,0.8259706578427313 < la <= 8.552227006528142,0.05948490655717257
