feature,value,importance,min,max,rule,importance_ratio
ns,1.0,0.3249923229979997,1.0,6.0,ns <= 1.4968350645973174,0.4895388652548747
age,16.571428571428598,0.14570175068119393,0.0,536.25,age <= 91.7448502777025,0.2194718602462476
aexp,110.0,0.07523697864496671,0.0,418.0,77.34852688871881 < aexp <= 157.78734591064995,0.11333013903620408
la,69.0,-0.04063667213622189,0.0,8385.0,39.45725240126967 < la <= 70.36227779601131,0.0612113854930133
nuc,273.0,-0.03333430717589994,0.0,593.0,122.26403089809419 < nuc <= 329.2334199571145,0.05021176733780239
