feature,value,importance,min,max,rule,importance_ratio
ns,1,0.37782716724567733,1.0,6.0,ns <= 1.4968350645973174,0.4489699578611712
aexp,196,0.2089846626270877,0.0,418.0,aexp > 173.5744038495336,0.24833533241484534
age,90.0,0.10180947876675867,0.0,536.25,age <= 91.7448502777025,0.12097964718894205
la,11,-0.06073549560357194,0.0,8385.0,8.552227006528142 < la <= 31.73099605258426,0.0721716574819039
nd,3,-0.060677467066945046,1.0,35.0,2.5091144786496407 < nd <= 3.497451029032542,0.07210270248897936
