{
    "675": {
        "la": [
            190.0,
            162.0,
            142.0,
            119.0,
            93.0,
            74.0,
            57.0,
            39.0,
            23.5,
            7.5
        ],
        "ent": [
            2.50032053327114,
            2.17829387149189,
            1.91765949623364,
            1.63408087812576,
            1.406578532636205,
            1.1822871138837199,
            0.932093607293195,
            0.691529767954865,
            0.4744138086027045,
            0.210994720318174
        ],
        "arexp": [
            13.333333333333302,
            28.5,
            42.0,
            62.3333333333334,
            76.0,
            93.0,
            103.333333333333,
            121.727380952381,
            132.275,
            161.75
        ],
        "ns": [
            2,
            1
        ],
        "nuc": [
            3.58409090909091,
            3.42261904761905,
            3.125,
            2.81818181818182,
            2.5,
            2.3,
            1.94444444444444,
            1.4,
            0.833333333333333,
            0.25
        ],
        "ndev": [
            0.138888888888889,
            0.129032258064516,
            0.115384615384615,
            0.1052631578947369,
            0.1,
            0.0909090909090909,
            0.075,
            0.0555555555555556,
            0.0487804878048781,
            0.0
        ],
        "age": [
            13.5,
            12.266666666666652,
            11.19047619047615,
            8.679487179487179,
            7.416666666666665,
            5.75,
            4.333333333333335,
            2.7279411764705905,
            1.416666666666665,
            0.3192090395480225
        ]
    },
    "678": {
        "la": [
            190.0,
            162.0,
            142.0,
            119.0,
            93.0,
            74.0,
            57.0,
            39.0,
            23.5,
            7.5
        ],
        "ent": [
            2.50032053327114,
            2.17829387149189,
            1.91765949623364,
            1.63408087812576,
            1.406578532636205,
            1.1822871138837199,
            0.932093607293195,
            0.691529767954865,
            0.4744138086027045,
            0.210994720318174
        ],
        "arexp": [
            13.333333333333302,
            28.5,
            42.0,
            62.3333333333334,
            76.0,
            93.0,
            103.333333333333,
            121.727380952381,
            132.275,
            161.75
        ],
        "ns": [
            2,
            1
        ],
        "nuc": [
            3.58409090909091,
            3.42261904761905,
            3.125,
            2.81818181818182,
            2.5,
            2.3,
            1.94444444444444,
            1.4,
            0.833333333333333,
            0.25
        ],
        "ndev": [
            0.138888888888889,
            0.129032258064516,
            0.115384615384615,
            0.1052631578947369,
            0.1,
            0.0909090909090909,
            0.075,
            0.0555555555555556,
            0.0487804878048781,
            0.0
        ],
        "age": [
            13.5,
            12.266666666666652,
            11.19047619047615,
            8.679487179487179,
            7.416666666666665,
            5.75,
            4.333333333333335,
            2.7279411764705905,
            1.416666666666665,
            0.3192090395480225
        ]
    },
    "681": {
        "la": [
            190.0,
            162.0,
            142.0,
            119.0,
            93.0,
            74.0,
            57.0,
            39.0,
            23.5,
            7.5
        ],
        "ent": [
            2.50032053327114,
            2.17829387149189,
            1.91765949623364,
            1.63408087812576,
            1.406578532636205,
            1.1822871138837199,
            0.932093607293195,
            0.691529767954865,
            0.4744138086027045,
            0.210994720318174
        ],
        "arexp": [
            13.333333333333302,
            28.5,
            42.0,
            62.3333333333334,
            76.0,
            93.0,
            103.333333333333,
            121.727380952381,
            132.275,
            161.75
        ],
        "ns": [
            2,
            1
        ],
        "nuc": [
            3.58409090909091,
            3.42261904761905,
            3.125,
            2.81818181818182,
            2.5,
            2.3,
            1.94444444444444,
            1.4,
            0.833333333333333,
            0.25
        ],
        "ndev": [
            0.138888888888889,
            0.129032258064516,
            0.115384615384615,
            0.1052631578947369,
            0.1,
            0.0909090909090909,
            0.075,
            0.0555555555555556,
            0.0487804878048781,
            0.0
        ],
        "age": [
            13.5,
            12.266666666666652,
            11.19047619047615,
            8.679487179487179,
            7.416666666666665,
            5.75,
            4.333333333333335,
            2.7279411764705905,
            1.416666666666665,
            0.3192090395480225
        ]
    },
    "700": {
        "la": [
            190.0,
            162.0,
            142.0,
            119.0,
            93.0,
            74.0,
            57.0,
            39.0,
            23.5,
            7.5
        ],
        "ent": [
            2.50032053327114,
            2.17829387149189,
            1.91765949623364,
            1.63408087812576,
            1.406578532636205,
            1.1822871138837199,
            0.932093607293195,
            0.691529767954865,
            0.4744138086027045,
            0.210994720318174
        ],
        "arexp": [
            13.333333333333302,
            28.5,
            42.0,
            62.3333333333334,
            76.0,
            93.0,
            103.333333333333,
            121.727380952381,
            132.275,
            161.75
        ],
        "ns": [
            2,
            1
        ],
        "nuc": [
            3.58409090909091,
            3.42261904761905,
            3.125,
            2.81818181818182,
            2.5,
            2.3,
            1.94444444444444,
            1.4,
            0.833333333333333,
            0.25
        ],
        "ndev": [
            0.138888888888889,
            0.129032258064516,
            0.115384615384615,
            0.1052631578947369,
            0.1,
            0.0909090909090909,
            0.075,
            0.0555555555555556,
            0.0487804878048781,
            0.0
        ],
        "age": [
            13.5,
            12.266666666666652,
            11.19047619047615,
            8.679487179487179,
            7.416666666666665,
            5.75,
            4.333333333333335,
            2.7279411764705905,
            1.416666666666665,
            0.3192090395480225
        ]
    },
    "718": {
        "la": [
            190.0,
            162.0,
            142.0,
            119.0,
            93.0,
            74.0,
            57.0,
            39.0,
            23.5,
            7.5
        ],
        "ent": [
            2.50032053327114,
            2.17829387149189,
            1.91765949623364,
            1.63408087812576,
            1.406578532636205,
            1.1822871138837199,
            0.932093607293195,
            0.691529767954865,
            0.4744138086027045,
            0.210994720318174
        ],
        "arexp": [
            13.333333333333302,
            28.5,
            42.0,
            62.3333333333334,
            76.0,
            93.0,
            103.333333333333,
            121.727380952381,
            132.275,
            161.75
        ],
        "ns": [
            2,
            1
        ],