feature,value,importance,min,max,rule,importance_ratio
la,1126,0.25431575378175375,0.0,9734.0,212.59109949217347 < la <= 2794.191375994233,0.34597396903733485
ent,2.8364041766352304,0.19424613053696146,0.0,5.3975361829742,2.6237759038271724 < ent <= 4.405102779089878,0.26425458805705515
ld,519,0.09202931421287587,0.0,4567.0,ld > 470.40204550359016,0.12519769865824593
age,7.17647058823529,0.07394198540341457,0.0,2052.0,4.556105824340847 < age <= 14.488469387226687,0.10059149615431898
ns,3,0.048512678483441284,1.0,5.0,2.499534091869607 < ns <= 3.498030327070497,0.06599718528625613
