feature,value,importance,min,max,rule,importance_ratio
la,1535,0.2659550671973434,0.0,9734.0,212.59109949217347 < la <= 2794.191375994233,0.39116680451130004
ent,3.84248505701486,0.18234466145733444,0.0,5.3975361829742,2.6237759038271724 < ent <= 4.405102779089878,0.26819259092752795
ndev,0.8461538461538459,0.07444825197797501,0.0,21.0,0.1498366008418297 < ndev <= 0.972243783513671,0.10949851467228391
ns,2,0.04456060740420989,1.0,5.0,1.5010378566687175 < ns <= 2.499534091869607,0.06553975673061165
arexp,26.3333333333333,-0.035965062627733094,0.0,193.5,arexp > 25.250687967841692,0.052897426510396875
