feature,value,importance,min,max,rule,importance_ratio
la,1392.0,0.3989984320529107,0.0,5443.0,la > 634.8693949676458,0.5067975677181064
ent,4.26896364435338,0.2553236390325407,0.0,6.1766722717358205,ent > 3.2367409858111866,0.32430553317429617
ns,3.0,0.040939273839892154,1.0,17.0,2.4933277552071154 < ns <= 3.505300715827059,0.05200001488590183
ndev,5.75,0.03906367542485427,0.0,69.0,1.3178935157767122 < ndev <= 19.676973226328325,0.04961767791814381
age,119.1875,-0.018900398485214923,0.0,719.0,4.711007645331282 < age <= 231.9953250592234,0.024006801059157267
