feature,value,importance,min,max,rule,importance_ratio
ent,4.13032460939885,0.26460412848731063,0.0,6.1766722717358205,ent > 3.2367409858111866,0.6251561838458299
la,141,-0.05082748977831666,0.0,5443.0,100.89045653715445 < la <= 232.12256852430914,0.12008550178686717
ld,114,-0.034783366347021165,0.0,7734.0,100.73397805831269 < ld <= 4104.509049685157,0.08217950600819149
age,38.71875,-0.022837278537854357,0.0,719.0,4.711007645331282 < age <= 231.9953250592234,0.053955567442455714
ns,3,-0.015597401972540325,1.0,17.0,2.4933277552071154 < ns <= 3.505300715827059,0.03685056749040989
