feature,value,importance,min,max,rule,importance_ratio
ent,4.13032460939885,0.25513638486290874,0.0,6.1766722717358205,ent > 3.2367409858111866,0.6224892037569079
aexp,34.0,-0.032982360157277506,0.0,1586.0,25.247947355628696 < aexp <= 131.9212898998478,0.08047132565337223
la,141.0,-0.031408156636007815,0.0,5443.0,100.89045653715445 < la <= 232.12256852430914,0.07663053792318224
age,38.71875,-0.026928075362508772,0.0,719.0,4.711007645331282 < age <= 231.9953250592234,0.06569990477885378
asexp,0.0059687017530225,0.01892998772492827,0.0,601.0,asexp <= 0.2486852207514758,0.046185936954269875
