feature,value,importance,min,max,rule,importance_ratio
la,1061,0.36536894319162594,0.0,8960.0,la > 476.1618029404084,0.5532124290761214
nuc,3.11764705882353,-0.0697230979697135,0.0,258.0,2.691750895275984 < nuc <= 12.62508428119034,0.10556913801594738
asexp,0.1274378598992619,0.05827869457203445,0.0,1051.0,0.4721763844552811 < asexp <= 0.4721763844552811,0.088240937792765
nd,3,0.0509203913012025,1.0,32.0,2.4981375058546607 < nd <= 3.5021749794480725,0.07709958354744607
aexp,175,-0.04575931832376305,0.0,1406.0,0.37596446854337273 < aexp <= 288.3855622881154,0.06928509966288954
