feature,value,importance,min,max,rule,importance_ratio
la,512,0.3128177400947877,0.0,8960.0,la > 476.1618029404084,0.46434219014610006
ns,2,-0.09370734642584473,1.0,22.0,1.5032147725771707 < ns <= 5.499821160683655,0.13909784802796446
asexp,0.0019646288184294,0.08640618347338262,0.0,1051.0,asexp <= 0.4721763844552811,0.12826010591355452
aexp,210,-0.07250846015439978,0.0,1406.0,0.37596446854337273 < aexp <= 288.3855622881154,0.10763052371011048
nuc,3.0,-0.059090397950108356,0.0,258.0,2.691750895275984 < nuc <= 12.62508428119034,0.08771294362156004
