feature,value,importance,min,max,rule,importance_ratio
la,202,0.13356524950273718,0.0,8960.0,143.122304060467 < la <= 476.1618029404084,0.43236908524544854
nuc,3.0,-0.05623902328079026,0.0,258.0,2.691750895275984 < nuc <= 12.62508428119034,0.18205345433442593
asexp,151.0,0.04044103143762651,0.0,1051.0,0.4721763844552811 < asexp <= 271.98033519339464,0.13091318164093774
age,0.0,0.03022145478264284,0.0,1848.0,age <= 0.41177186484198103,0.09783100625204305
ns,1,0.018499692322501104,1.0,22.0,ns <= 1.5032147725771707,0.05988604877826497
