feature,value,importance,min,max,rule,importance_ratio
la,1929,0.38684430388981783,0.0,8960.0,la > 476.1618029404084,0.4728023704987775
nd,4,0.19454265321640812,1.0,32.0,3.5021749794480725 < nd <= 9.505482373642016,0.23777066555964455
ld,329,-0.0689433757496646,0.0,6029.0,41.046938775510206 < ld <= 2168.054608676072,0.08426281880555649
aexp,28,-0.06468756639168248,0.0,1406.0,0.37596446854337273 < aexp <= 288.3855622881154,0.07906135472139633
ns,1,0.04726605698363941,1.0,22.0,ns <= 1.5032147725771707,0.057768729075974946
