feature,value,importance,min,max,rule,importance_ratio
la,1919,0.3161591831888058,0.0,8960.0,la > 476.1618029404084,0.3774145731470956
nd,10,0.23613334240549147,1.0,32.0,nd > 9.505482373642016,0.2818838400671861
nuc,7.3953488372092995,-0.08836078329490497,0.0,258.0,2.691750895275984 < nuc <= 12.62508428119034,0.10548055879267068
asexp,1.01648000075358,0.0677389853883543,0.0,1051.0,0.4721763844552811 < asexp <= 271.98033519339464,0.08086331700982291
aexp,35,-0.055068506511671805,0.0,1406.0,0.37596446854337273 < aexp <= 288.3855622881154,0.06573795095661972
