feature,value,importance,min,max,rule,importance_ratio
la,895,0.42295714726704836,0.0,8960.0,la > 476.1618029404084,0.5461806120398708
nd,5,0.19158934055371526,1.0,32.0,3.5021749794480725 < nd <= 9.505482373642016,0.24740658470980728
nuc,7.78571428571429,-0.05898939190343301,0.0,258.0,2.691750895275984 < nuc <= 12.62508428119034,0.07617523993118472
age,170.357142857143,0.042627070294543636,0.0,1848.0,69.01912192572016 < age <= 536.7965087044349,0.055045953220978446
asexp,0.0005588683215173,0.02522442689270287,0.0,1051.0,asexp <= 0.4721763844552811,0.03257325950780728
