feature,value,importance,min,max,rule,importance_ratio
la,2228,0.2700919599290125,0.0,8960.0,la > 476.1618029404084,0.47963526265684214
nd,24,0.08827180233680484,1.0,32.0,nd > 9.505482373642016,0.1567550145148115
age,123.22641509433998,0.07792796923993059,0.0,1848.0,69.01912192572016 < age <= 536.7965087044349,0.13838620744035518
asexp,0.146309499019801,0.050800448451281635,0.0,1051.0,0.4721763844552811 < asexp <= 0.4721763844552811,0.09021255739126703
aexp,660,0.036636903085378765,0.0,1406.0,288.3855622881154 < aexp <= 796.002478445111,0.06506062097852673
