commit_id,label,pred,score_or_proba,feature,value_actual,min,max,operator,threshold
,True,True,0.5704598282442703,ent,1.9972411622683304,0.0,6.08230385583814,<,1.6600000262260437
,True,True,0.5704598282442703,la,102.0,0.0,9967.0,<,333.5
,True,True,0.5704598282442703,arexp,157.333333333334,0.0,863.416666666674,<,146.5
