commit_id,label,pred,score_or_proba,feature,value_actual,min,max,operator,threshold
,True,True,0.5626490151949098,la,206.0,0.0,9967.0,<,47.3799991607666
,True,True,0.5626490151949098,asexp,0.489785633150941,0.0,1122.0,>,0.4449999928474426
,True,True,0.5626490151949098,ndev,8.09090909090909,0.0,85.0,>,7.765000104904175
,True,True,0.5626490151949098,ent,1.8057970548519704,0.0,6.08230385583814,<,1.5050000548362732
,True,True,0.5626490151949098,age,63.2727272727273,0.0,1802.57575757576,<,0.3549999892711639
