commit_id,label,pred,score_or_proba,feature,value_actual,min,max,operator,threshold
,True,True,0.8700465037796423,la,1013.0,0.0,9967.0,<,139.50499725341797
,True,True,0.8700465037796423,arexp,173.0,0.0,863.416666666674,<,112.5
,True,True,0.8700465037796423,ent,3.23088828298468,0.0,6.08230385583814,<,1.9749999642372127
,True,True,0.8700465037796423,age,25.1818181818182,0.0,1802.57575757576,>,26.55500030517578
