commit_id,label,pred,score_or_proba,feature,value_actual,min,max,operator,threshold
,True,True,0.9446828025253279,ent,3.99079757260298,0.0,6.08230385583814,<,1.425000011920929
,True,True,0.9446828025253279,la,2233.0,0.0,9967.0,<,448.9400024414063
,True,True,0.9446828025253279,asexp,240.0,0.0,1122.0,>,387.5
,True,True,0.9446828025253279,ld,2138.0,0.0,8658.0,>,3842.5
