commit_id,label,pred,score_or_proba,feature,value_actual,min,max,operator,threshold
,True,True,0.5870800002487402,arexp,208.5,0.0,863.416666666674,<,203.0
,True,True,0.5870800002487402,ent,1.75682897922074,0.0,6.08230385583814,<,1.840000033378601
