commit_id,label,pred,score_or_proba,feature,value_actual,min,max,operator,threshold
,True,True,0.7624308112970757,ent,3.00794849646734,0.0,6.08230385583814,<,1.6850000023841858
,True,True,0.7624308112970757,ndev,2.96551724137931,0.0,85.0,>,2.10999995470047
,True,True,0.7624308112970757,ld,100.0,0.0,8658.0,>,4.0
,True,True,0.7624308112970757,asexp,266.0,0.0,1122.0,>,448.5
