commit_id,label,pred,score_or_proba,feature,value_actual,min,max,operator,threshold
,True,True,0.5142143013103829,ent,1.4508749578622202,0.0,6.08230385583814,<,1.5999999642372131
,True,True,0.5142143013103829,la,272.0,0.0,9967.0,<,243.4199981689453
,True,True,0.5142143013103829,arexp,44.5,0.0,863.416666666674,>,38.93499946594238
