commit_id,label,pred,score_or_proba,feature,value_actual,min,max,operator,threshold
,True,True,0.5341908418475527,ent,1.49174957744252,0.0,6.08230385583814,<,1.5149999856948853
,True,True,0.5341908418475527,la,331.0,0.0,9967.0,<,439.0
,True,True,0.5341908418475527,ndev,16.5,0.0,85.0,<,17.354999542236328
