commit_id,label,pred,score_or_proba,feature,value_actual,min,max,operator,threshold
,True,True,0.5928493699700722,ent,1.99525839799132,0.0,6.08230385583814,<,1.3799999952316284
,True,True,0.5928493699700722,asexp,299.0,0.0,1122.0,>,109.0
