commit_id,label,pred,score_or_proba,feature,value_actual,min,max,operator,threshold
,True,True,0.8864522368738984,ent,4.59095012987409,0.0,6.08230385583814,<,1.9049999713897705
,True,True,0.8864522368738984,age,68.1739130434783,0.0,1802.57575757576,>,123.53499984741212
,True,True,0.8864522368738984,la,501.0,0.0,9967.0,<,57.0
