commit_id,label,pred,score_or_proba,feature,value_actual,min,max,operator,threshold
,True,True,0.7214021974335154,ent,2.2206167163266604,0.0,6.08230385583814,<,1.5950000286102295
,True,True,0.7214021974335154,la,943.0,0.0,9967.0,>,358.01000213623047
,True,True,0.7214021974335154,ndev,5.90909090909091,0.0,85.0,>,8.875
