commit_id,label,pred,score_or_proba,feature,value_actual,min,max,operator,threshold
,True,True,0.5765749420868871,ndev,17.6666666666667,0.0,85.0,>,15.49500036239624
,True,True,0.5765749420868871,la,20.0,0.0,9967.0,<,243.83999633789065
,True,True,0.5765749420868871,ent,2.47460175271458,0.0,6.08230385583814,<,1.7599999904632568
