commit_id,label,pred,score_or_proba,feature,value_actual,min,max,operator,threshold
,True,True,0.9888825964731529,ent,4.25758288743415,0.0,6.08230385583814,<,1.8050000071525572
,True,True,0.9888825964731529,arexp,217.583333333335,0.0,863.416666666674,<,51.09499931335449
,True,True,0.9888825964731529,nuc,48.9310344827586,0.0,976.0,<,13.695000171661375
,True,True,0.9888825964731529,asexp,0.195242362152385,0.0,1122.0,>,1.0149999856948853
,True,True,0.9888825964731529,la,3310.0,0.0,9967.0,<,59.0
