commit_id,label,pred,score_or_proba,feature,value_actual,min,max,operator,threshold
,True,True,0.6109963072035778,arexp,85.1666666666667,0.0,863.416666666674,<,-7.755000114440918
,True,True,0.6109963072035778,ndev,3.1666666666666696,0.0,85.0,<,4.5350000858306885
,True,True,0.6109963072035778,ent,2.15123856779174,0.0,6.08230385583814,<,1.524999976158142
