commit_id,label,pred,score_or_proba,feature,value_actual,min,max,operator,threshold
,True,True,0.7091807782530304,asexp,0.4979423868312759,0.0,1122.0,>,0.2450000047683715
,True,True,0.7091807782530304,arexp,5.0,0.0,863.416666666674,<,62.5
,True,True,0.7091807782530304,ent,2.904814726460529,0.0,6.08230385583814,<,1.840000033378601
,True,True,0.7091807782530304,ndev,7.53846153846154,0.0,85.0,>,5.875
