commit_id,label,pred,score_or_proba,feature,value_actual,min,max,operator,threshold
,True,True,0.5873867351264574,la,208.0,0.0,9967.0,<,35.70500183105469
,True,True,0.5873867351264574,ent,2.89944551972333,0.0,6.08230385583814,<,2.1850000619888306
,True,True,0.5873867351264574,age,279.2,0.0,1802.57575757576,>,320.1999969482422
