feature,value,importance,min,max,rule,importance_ratio
ent,5.899905482864798,0.3151076087148502,0.0,6.569855608330951,ent > 4.26863542032997,0.789690982813382
ld,133,-0.026489745046193627,0.0,8832.0,72.45479791656265 < ld <= 3335.0592083137003,0.06638593363492691
ns,1,0.017667332886727796,1.0,11.0,ns <= 1.5006082876265054,0.04427609199255032
arexp,171.97380952380902,0.01551222714374736,0.0,4413.603968254571,137.43529248710115 < arexp <= 944.3927787874678,0.038875182826370674
age,704.0921052631578,-0.008751833469212206,0.0,2414.0,223.21448330551658 < age <= 814.8863495609354,0.02193296443049529
