feature,value,importance,min,max,rule,importance_ratio
ent,5.76085844291973,0.31456857481808376,0.0,6.569855608330951,ent > 4.26863542032997,0.6997419621215012
ns,7,-0.07346080594399795,1.0,11.0,3.501821182358574 < ns <= 8.997412010926206,0.16340986546417383
ld,1235,-0.025240126775163966,0.0,8832.0,72.45479791656265 < ld <= 3335.0592083137003,0.056145391649698104
arexp,82.7499999999998,0.023102900932104885,0.0,4413.603968254571,arexp <= 137.43529248710115,0.05139124033059766
la,112,0.005534195905111463,0.0,9153.0,94.52822586713222 < la <= 162.79990743651015,0.012310540249123612
