feature,value,importance,min,max,rule,importance_ratio
ns,2.0,-0.42006022951098954,1.0,6.0,1.4968350645973174 < ns <= 2.497149685556895,0.4187523958344125
aexp,321.0,0.17825762239739232,0.0,418.0,aexp > 173.5744038495336,0.17770262741024662
nd,10.0,0.15705304840674789,1.0,35.0,8.51515966943804 < nd <= 15.509541410609344,0.15656407265687852
la,365.0,0.1217628386036617,0.0,8385.0,363.9600190460562 < la <= 3755.7865561189433,0.12138373691848939
ld,149.0,0.06973707065786786,0.0,6893.0,56.843026768805146 < ld <= 5592.8753493851755,0.06951994824754501
