feature,value,importance,min,max,rule,importance_ratio
ns,1.0,0.49424722614877226,1.0,6.0,ns <= 1.4968350645973174,0.555703491623799
nd,2.0,-0.09889661156869733,1.0,35.0,1.4827649840212431 < nd <= 2.5091144786496407,0.11119372947567166
la,10.0,-0.07496339411951207,0.0,8385.0,8.552227006528142 < la <= 31.73099605258426,0.0842845799677682
aexp,24.0,-0.0660269972485573,0.0,418.0,aexp <= 36.753235045875066,0.07423700320659736
nuc,630.0,0.06359459395866865,0.0,593.0,nuc > 569.9225409414807,0.07150214718775656
