feature,value,importance,min,max,rule,importance_ratio
ns,2,-0.46194465027467124,1.0,6.0,1.4968350645973174 < ns <= 2.497149685556895,0.5543937502731262
nd,11,0.19843347227480698,1.0,35.0,8.51515966943804 < nd <= 15.509541410609344,0.23814601339952046
ld,69,0.098811161607889,0.0,6893.0,56.843026768805146 < ld <= 5592.8753493851755,0.11858626443680924
aexp,45,-0.03393480773750825,0.0,418.0,37.50499970963143 < aexp <= 46.526175674707815,0.04072618941513531
age,30.9545454545455,0.02977074200717901,0.0,536.25,age <= 91.7448502777025,0.03572876815427996
