feature,value,importance,min,max,rule,importance_ratio
ns,2.0,-0.430285768761775,1.0,6.0,1.4968350645973174 < ns <= 2.497149685556895,0.6511635312345293
nd,6.0,0.10309593264718196,1.0,35.0,4.485787579415443 < nd <= 8.51515966943804,0.15601796859710595
age,33.375,0.051988359864029145,0.0,536.25,age <= 91.7448502777025,0.07867544420437281
ld,13.0,0.03208767189142541,0.0,6893.0,2.401405894888768 < ld <= 19.414412417987634,0.04855917451800161
aexp,95.0,0.028734142869116214,0.0,418.0,77.34852688871881 < aexp <= 157.78734591064995,0.043484184920859426
