feature,value,importance,min,max,rule,importance_ratio
ns,1.0,0.4312490824389954,1.0,6.0,ns <= 1.4968350645973174,0.6260222366411975
age,214.4,-0.12671689717590637,0.0,536.25,age > 172.46486330358397,0.1839484386648295
ld,178.0,0.061536404096870854,0.0,6893.0,56.843026768805146 < ld <= 5592.8753493851755,0.08932925053360348
nd,4.0,0.031841111283666096,1.0,35.0,3.497451029032542 < nd <= 4.485787579415443,0.04622211272939156
nuc,272.2,0.024809481424384872,0.0,593.0,122.26403089809419 < nuc <= 329.2334199571145,0.036014655297031774
