feature,value,importance,min,max,rule,importance_ratio
ns,2.0,-0.4186200519442418,1.0,6.0,1.4968350645973174 < ns <= 2.497149685556895,0.5573198414643166
aexp,534.0,0.13062003537827457,0.0,418.0,aexp > 173.5744038495336,0.17389787486524808
nd,6.0,0.11426648955946686,1.0,35.0,4.485787579415443 < nd <= 8.51515966943804,0.15212597091371136
age,65.14285714285711,0.04237265481600955,0.0,536.25,age <= 91.7448502777025,0.05641182536479661
ld,16.0,0.022170944312838923,0.0,6893.0,2.401405894888768 < ld <= 19.414412417987634,0.02951675896115789
