feature,value,importance,min,max,rule,importance_ratio
ns,1.0,0.46967891161318065,1.0,6.0,ns <= 1.4968350645973174,0.7675027609068238
age,70.8333333333333,0.04005145684065581,0.0,536.25,age <= 91.7448502777025,0.0654481241194419
ld,16.0,0.02849913947706552,0.0,6893.0,2.401405894888768 < ld <= 19.414412417987634,0.04657047121189636
aexp,45.0,-0.02606743527631234,0.0,418.0,37.50499970963143 < aexp <= 46.526175674707815,0.042596821040172504
nd,3.0,-0.019699269706913398,1.0,35.0,2.5091144786496407 < nd <= 3.497451029032542,0.032190595562349066
