feature,value,importance,min,max,rule,importance_ratio
ns,1.0,0.4716461214154014,1.0,6.0,ns <= 1.4968350645973174,0.6980424744596914
la,57.0,-0.05756697666699431,0.0,8385.0,39.45725240126967 < la <= 70.36227779601131,0.08519988401303925
age,85.8,0.046007076126839554,0.0,536.25,age <= 91.7448502777025,0.06809107889164501
nd,4.0,0.04306521257906197,1.0,35.0,3.497451029032542 < nd <= 4.485787579415443,0.06373708207672203
ld,18.0,0.03585426385333559,0.0,6893.0,2.401405894888768 < ld <= 19.414412417987634,0.053064782945749824
