feature,value,importance,min,max,rule,importance_ratio
ns,1.0,0.45789004286208596,1.0,6.0,ns <= 1.4968350645973174,0.5840171193957688
la,691.0,0.13001656520829122,0.0,8385.0,363.9600190460562 < la <= 3755.7865561189433,0.16582998706863925
nd,5.0,0.10890117796588865,1.0,35.0,4.485787579415443 < nd <= 8.51515966943804,0.13889830811105952
age,65.5714285714286,0.05329186222657183,0.0,536.25,age <= 91.7448502777025,0.06797125281488782
nuc,232.42857142857105,0.023785227957484233,0.0,593.0,122.26403089809419 < nuc <= 329.2334199571145,0.03033693466901952
