feature,value,importance,min,max,rule,importance_ratio
ns,1.0,0.4731265680684124,1.0,6.0,ns <= 1.4968350645973174,0.6130575761789209
nd,5.0,0.0957768953951624,1.0,35.0,4.485787579415443 < nd <= 8.51515966943804,0.1241036866405906
age,8.6,0.08717149007510866,0.0,536.25,age <= 91.7448502777025,0.11295316311559062
nuc,344.4,-0.040835380508407834,0.0,593.0,332.72166808732266 < nuc <= 569.9225409414807,0.05291277448027092
aexp,89.0,0.03450237649730933,0.0,418.0,77.34852688871881 < aexp <= 157.78734591064995,0.04470673332552005
