feature,value,importance,min,max,rule,importance_ratio
ns,2.0,-0.42559767752376254,1.0,6.0,1.4968350645973174 < ns <= 2.497149685556895,0.5961319731818239
nd,6.0,0.11011169145085932,1.0,35.0,4.485787579415443 < nd <= 8.51515966943804,0.1542327492877918
ld,39.0,0.0626582443142789,0.0,6893.0,19.414412417987634 < ld <= 56.843026768805146,0.08776500622960838
age,12.0,0.04844724704201335,0.0,536.25,age <= 91.7448502777025,0.06785975229568816
aexp,108.0,0.03301156566936587,0.0,418.0,77.34852688871881 < aexp <= 157.78734591064995,0.046239091093728237
