feature,value,importance,min,max,rule,importance_ratio
ns,1.0,0.47531582273976064,1.0,6.0,ns <= 1.4968350645973174,0.5853013979964298
age,243.0,-0.13578269166463908,0.0,536.25,age > 172.46486330358397,0.16720209059512833
nd,2.0,-0.10323439919524999,1.0,35.0,1.4827649840212431 < nd <= 2.5091144786496407,0.12712229486074472
ld,20.0,0.049144385666456174,0.0,6893.0,19.414412417987634 < ld <= 56.843026768805146,0.060516137393560286
nuc,205.5,0.033765112652973446,0.0,593.0,122.26403089809419 < nuc <= 329.2334199571145,0.04157818169270703
