feature,value,importance,min,max,rule,importance_ratio
ns,1,0.48027594851764904,1.0,6.0,ns <= 1.4968350645973174,0.5645534402345068
nd,2,-0.10008184180539985,1.0,35.0,1.4827649840212431 < nd <= 2.5091144786496407,0.11764392589434003
la,5,-0.07177701730831776,0.0,8385.0,0.8259706578427313 < la <= 8.552227006528142,0.08437224927929832
aexp,13,-0.0662122622123735,0.0,418.0,aexp <= 36.753235045875066,0.0778310063893009
age,18.0,0.05519057928350576,0.0,536.25,age <= 91.7448502777025,0.06487526910145384
