feature,value,importance,min,max,rule,importance_ratio
ns,1.0,0.3491858657578944,1.0,6.0,ns <= 1.4968350645973174,0.37462528444790305
age,214.818181818182,-0.17959372509997723,0.0,536.25,age > 172.46486330358397,0.1926777597501207
nd,12.0,0.09654036016126001,1.0,35.0,8.51515966943804 < nd <= 15.509541410609344,0.1035736650096565
aexp,96.0,0.09419562269299617,0.0,418.0,77.34852688871881 < aexp <= 157.78734591064995,0.10105810516848862
nuc,107.545454545455,-0.0922982712378845,0.0,593.0,49.010820163721846 < nuc <= 122.26403089809419,0.09902252498535007
