feature,value,importance,min,max,rule,importance_ratio
ns,2,-0.45169360745463677,1.0,6.0,1.4968350645973174 < ns <= 2.497149685556895,0.6357027049811159
aexp,286,0.14372255378401763,0.0,418.0,aexp > 173.5744038495336,0.20227166092110263
age,11.8,0.03816688565578061,0.0,536.25,age <= 91.7448502777025,0.05371515569770682
nd,3,-0.029252764672998775,1.0,35.0,2.5091144786496407 < nd <= 3.497451029032542,0.04116963650557959
nuc,482.2,0.017130115877072354,0.0,593.0,332.72166808732266 < nuc <= 569.9225409414807,0.024108512540303096
