feature,value,importance,min,max,rule,importance_ratio
ns,1,0.4769794337819928,1.0,6.0,ns <= 1.4968350645973174,0.7338205011764596
aexp,28,-0.06837403957502491,0.0,418.0,aexp <= 36.753235045875066,0.10519168843522173
la,60,-0.05650497344769473,0.0,8385.0,39.45725240126967 < la <= 70.36227779601131,0.08693143770492537
ld,7,0.02667997257015244,0.0,6893.0,2.401405894888768 < ld <= 19.414412417987634,0.04104644656807546
age,146.666666666667,-0.013401831843137433,0.0,536.25,98.64853560228445 < age <= 151.75380732983808,0.02061837107280541
