feature,value,importance,min,max,rule,importance_ratio
ns,1.0,0.48070190858185957,1.0,6.0,ns <= 1.4968350645973174,0.652386830129247
nd,2.0,-0.09758514650566252,1.0,35.0,1.4827649840212431 < nd <= 2.5091144786496407,0.1324381352766899
age,0.0,0.04541234342777511,0.0,536.25,age <= 91.7448502777025,0.06163157301577847
la,65.0,-0.04139074314695049,0.0,8385.0,39.45725240126967 < la <= 70.36227779601131,0.05617363949728219
ld,10.0,0.03128790843576816,0.0,6893.0,2.401405894888768 < ld <= 19.414412417987634,0.04246253039852234
