feature,value,importance,min,max,rule,importance_ratio
ns,1.0,0.46571187251549473,1.0,6.0,ns <= 1.4968350645973174,0.5012079261896389
aexp,193.0,0.1520307565386412,0.0,418.0,aexp > 173.5744038495336,0.16361837586444403
nd,2.0,-0.11811203816864524,1.0,35.0,1.4827649840212431 < nd <= 2.5091144786496407,0.1271144095785717
ld,77.0,0.06603843168600461,0.0,6893.0,56.843026768805146 < ld <= 5592.8753493851755,0.07107180930427595
age,155.333333333333,-0.055895353525804437,0.0,536.25,151.75380732983808 < age <= 170.87170515175734,0.060155636730891096
