feature,value,importance,min,max,rule,importance_ratio
ns,1.0,0.42679442164745807,1.0,6.0,ns <= 1.4968350645973174,0.5101276302202769
age,362.0,-0.16423139998821087,0.0,536.25,age > 172.46486330358397,0.1962981956520223
la,381.0,0.15241014268370828,0.0,8385.0,363.9600190460562 < la <= 3755.7865561189433,0.18216879360479674
ld,58.0,0.036801728856621856,0.0,6893.0,19.414412417987634 < ld <= 56.843026768805146,0.04398740418670489
nuc,401.2,-0.02846468269611184,0.0,593.0,332.72166808732266 < nuc <= 569.9225409414807,0.034022518552817495
