feature,value,importance,min,max,rule,importance_ratio
ns,1,0.46646835657319113,1.0,6.0,ns <= 1.4968350645973174,0.6099012765733539
nd,6,0.09791538032397433,1.0,35.0,4.485787579415443 < nd <= 8.51515966943804,0.12802307940986185
aexp,0,-0.0800437518091796,0.0,418.0,aexp <= 36.753235045875066,0.10465615882023807
ld,576,0.06935282489219848,0.0,6893.0,56.843026768805146 < ld <= 5592.8753493851755,0.0906779116732719
age,99.1666666666667,-0.030215239232012338,0.0,536.25,98.64853560228445 < age <= 151.75380732983808,0.039506030194530715
