feature,value,importance,min,max,rule,importance_ratio
ns,1.0,0.4832555209164719,1.0,6.0,ns <= 1.4968350645973174,0.5560459423648425
aexp,286.0,0.11451558879944489,0.0,418.0,aexp > 173.5744038495336,0.13176451325107194
nd,1.0,-0.10590354826867505,1.0,35.0,nd <= 1.4827649840212431,0.12185528307086707
la,16.0,-0.07174445633818276,0.0,8385.0,8.552227006528142 < la <= 31.73099605258426,0.08255097377545213
age,57.0,0.045729398267909595,0.0,536.25,age <= 91.7448502777025,0.05261739442817875
