feature,value,importance,min,max,rule,importance_ratio
ns,1,0.42040913811502206,1.0,6.0,ns <= 1.4968350645973174,0.5364670188096824
ld,0,-0.19694162254835265,0.0,6893.0,ld <= -1.0011954097309967,0.25130920227321596
age,0.0,0.08488153913474696,0.0,536.25,age <= 91.7448502777025,0.10831388312767026
aexp,127,0.04150624431584821,0.0,418.0,77.34852688871881 < aexp <= 157.78734591064995,0.052964431862604605
nd,3,-0.028165837587590857,1.0,35.0,2.5091144786496407 < nd <= 3.497451029032542,0.035941280892801436
