feature,value,importance,min,max,rule,importance_ratio
ns,1.0,0.4580365657784348,1.0,6.0,ns <= 1.4968350645973174,0.6318931943294476
nd,1.0,-0.14669535583673246,1.0,35.0,nd <= 1.4827649840212431,0.20237641253691396
age,32.0,0.05828900235881792,0.0,536.25,age <= 91.7448502777025,0.08041371944223126
ld,2.0,-0.02876069683345345,0.0,6893.0,2.401405894888768 < ld <= 2.401405894888768,0.03967737501992986
la,101.0,0.015165762576859065,0.0,8385.0,70.36227779601131 < la <= 363.9600190460562,0.020922220790051738
