feature,value,importance,min,max,rule,importance_ratio
ns,1.0,0.4571703441067161,1.0,6.0,ns <= 1.4968350645973174,0.5689618007047643
age,241.0,-0.12098829642937288,0.0,536.25,age > 172.46486330358397,0.15057345667327274
la,14.0,-0.08424726541246755,0.0,8385.0,8.552227006528142 < la <= 31.73099605258426,0.10484817410278205
aexp,1.0,-0.08161371626103196,0.0,418.0,aexp <= 36.753235045875066,0.1015706455256101
ld,10.0,0.03326568074671037,0.0,6893.0,2.401405894888768 < ld <= 19.414412417987634,0.04140010799760031
