feature,value,importance,min,max,rule,importance_ratio
la,463,0.38402928698291355,0.0,9389.0,la > 259.02565808320827,0.7869677739885621
nuc,54.5,-0.06147837557639887,0.0,1520.0,48.480082529455615 < nuc <= 193.0959914371757,0.12598388199997887
nd,3,0.013616836918173687,1.0,33.0,2.4996932323495513 < nd <= 3.4887902283506924,0.02790415262973733
ld,72,0.008420836763985258,0.0,9950.0,24.882467942900547 < ld <= 1866.9949643956745,0.017256306713840226
age,69.1,-0.007081450254226971,0.0,1019.0,21.355116215938807 < age <= 151.08747456179282,0.014511583704884696
