feature,value,importance,min,max,rule,importance_ratio
la,585,0.3954280474001368,0.0,9389.0,la > 259.02565808320827,0.850079774539937
aexp,182,-0.027602553873302405,0.0,4144.0,82.00568065157063 < aexp <= 400.33772908055585,0.059339171633416246
nuc,4.875,-0.02290653254220207,0.0,1520.0,0.2747795602155918 < nuc <= 7.886143186937701,0.04924380085579162
ndev,0.625,-0.008551565672034377,0.0,67.0,ndev <= 2.0201095271822833,0.018383908441098436
asexp,0.757164004342913,0.004509139415753789,0.0,2327.0,-0.8058376987231384 < asexp <= -0.8058376987231384,0.009693617443464628
