feature,value,importance,min,max,rule,importance_ratio
la,1831,0.34468229711061915,0.0,9389.0,la > 259.02565808320827,0.7295910198709286
aexp,184,-0.03520821568532546,0.0,4144.0,82.00568065157063 < aexp <= 400.33772908055585,0.07452543459592961
nuc,20.3243243243243,-0.032906583853218103,0.0,1520.0,7.886143186937701 < nuc <= 23.10887044038192,0.06965355713128664
asexp,0.02111121102101,0.02777245049696153,0.0,2327.0,-0.8058376987231384 < asexp <= -0.8058376987231384,0.05878610724208494
age,22.054054054054102,-0.011167434198303527,0.0,1019.0,21.355116215938807 < age <= 151.08747456179282,0.023638172817059187
