feature,value,importance,min,max,rule,importance_ratio
la,1290,0.37511917013937196,0.0,9389.0,la > 259.02565808320827,0.7677750641883465
nuc,10.4038461538462,-0.03577687117118235,0.0,1520.0,7.886143186937701 < nuc <= 23.10887044038192,0.07322630179019386
aexp,213,-0.027158707159033197,0.0,4144.0,82.00568065157063 < aexp <= 400.33772908055585,0.055587076833615134
ndev,0.6923076923076921,0.017572594364519283,0.0,67.0,ndev <= 2.0201095271822833,0.03596670295778757
asexp,0.0900127172227891,0.016239562992367725,0.0,2327.0,-0.8058376987231384 < asexp <= -0.8058376987231384,0.033238321342583844
