feature,value,importance,min,max,rule,importance_ratio
la,254,0.1359091037315396,0.0,9389.0,77.73891199130318 < la <= 259.02565808320827,0.6790798603318383
aexp,101,-0.02403349527917166,0.0,4144.0,82.00568065157063 < aexp <= 400.33772908055585,0.12008513167524001
nuc,80.6666666666667,-0.02129882246786463,0.0,1520.0,48.480082529455615 < nuc <= 193.0959914371757,0.10642113728657937
age,15.0,-0.005967310504157005,0.0,1019.0,1.9558850614185843 < age <= 21.355116215938807,0.029816107033742895
nd,1,0.00527967541868931,1.0,33.0,nd <= 1.5105962363484104,0.026380287614897666
