feature,value,importance,min,max,rule,importance_ratio
la,171,0.1539125262020296,0.0,9389.0,77.73891199130318 < la <= 259.02565808320827,0.654862611738526
asexp,1.0981509385721,0.021498380327555723,0.0,2327.0,-0.8058376987231384 < asexp <= -0.8058376987231384,0.09147069336625337
aexp,126,-0.016638161380264492,0.0,4144.0,82.00568065157063 < aexp <= 400.33772908055585,0.07079157288150212
nd,1,0.012763859299687,1.0,33.0,nd <= 1.5105962363484104,0.0543073032657811
age,55.8181818181818,-0.01141855324552771,0.0,1019.0,21.355116215938807 < age <= 151.08747456179282,0.04858333356718755
