feature,value,importance,min,max,rule,importance_ratio
la,504,0.36704567380873626,0.0,9389.0,la > 259.02565808320827,0.6561278979344128
asexp,0.416580199231674,0.0613891307300941,0.0,2327.0,-0.8058376987231384 < asexp <= -0.8058376987231384,0.1097387169394797
ndev,10.7777777777778,0.038812961109260094,0.0,67.0,3.000808789151475 < ndev <= 10.846402884905007,0.06938173748507155
nd,7,0.03107268663458995,1.0,33.0,4.503916092667653 < nd <= 23.50498996321589,0.05554528501363573
aexp,309,0.01924709843005096,0.0,4144.0,82.00568065157063 < aexp <= 400.33772908055585,0.0344059585369931
