feature,value,importance,min,max,rule,importance_ratio
la,458,0.38648595286429405,0.0,9389.0,la > 259.02565808320827,0.866727057699377
nuc,185.0,-0.023955293801745874,0.0,1520.0,48.480082529455615 < nuc <= 193.0959914371757,0.053721748899892584
ld,11,0.015381940733361365,0.0,9950.0,6.085401652566119 < ld <= 13.60422816869989,0.03449528795219554
aexp,0,0.013153175443946225,0.0,4144.0,aexp <= 82.00568065157063,0.02949709547642509
age,19.625,-0.0026000675073609434,0.0,1019.0,1.9558850614185843 < age <= 21.355116215938807,0.005830868738626543
