feature,value,importance,min,max,rule,importance_ratio
la,112,0.1444132081367198,0.0,9389.0,77.73891199130318 < la <= 259.02565808320827,0.6352649628162919
nd,5,0.03036687257676213,1.0,33.0,4.503916092667653 < nd <= 23.50498996321589,0.13358203468522464
nuc,89.7272727272727,-0.026796337751038284,0.0,1520.0,48.480082529455615 < nuc <= 193.0959914371757,0.11787546807290801
aexp,380,-0.01086499590664345,0.0,4144.0,82.00568065157063 < aexp <= 400.33772908055585,0.047794459452064564
age,19.72727272727269,-0.006157924677061326,0.0,1019.0,1.9558850614185843 < age <= 21.355116215938807,0.027088337981491118
