feature,value,importance,min,max,rule,importance_ratio
la,155,0.1475494650286329,0.0,9389.0,77.73891199130318 < la <= 259.02565808320827,0.3954365057039204
nuc,66.5,0.055182840159697974,0.0,1520.0,48.480082529455615 < nuc <= 193.0959914371757,0.14789148495614252
nd,4,0.050743950557907175,1.0,33.0,3.4887902283506924 < nd <= 4.503916092667653,0.13599514230930881
age,24.4,-0.04302888480294166,0.0,1019.0,21.355116215938807 < age <= 151.08747456179282,0.11531856010125059
asexp,1.0,0.040773286344187434,0.0,2327.0,-0.8058376987231384 < asexp <= -0.8058376987231384,0.1092734960095046
