feature,value,importance,min,max,rule,importance_ratio
la,361,0.3894118745236181,0.0,9389.0,la > 259.02565808320827,0.7916853248660153
aexp,459,-0.03490390876332666,0.0,4144.0,400.33772908055585 < aexp <= 698.7740244827294,0.07096063103415218
nuc,7.875,-0.02487848542295318,0.0,1520.0,0.2747795602155918 < nuc <= 7.886143186937701,0.05057866260072289
asexp,0.3893342034887369,0.02109880970881034,0.0,2327.0,-0.8058376987231384 < asexp <= -0.8058376987231384,0.04289447526231681
age,4.75,-0.011334002329086277,0.0,1019.0,1.9558850614185843 < age <= 21.355116215938807,0.023042346427960884
