feature,value,importance,min,max,rule,importance_ratio
la,380,0.37840557091905563,0.0,9389.0,la > 259.02565808320827,0.7401624701974916
aexp,488,-0.04690850433329871,0.0,4144.0,400.33772908055585 < aexp <= 698.7740244827294,0.09175317994467638
nd,3,-0.026889454517373058,1.0,33.0,2.4996932323495513 < nd <= 3.4887902283506924,0.05259585642331698
ld,558,0.024773037547988923,0.0,9950.0,24.882467942900547 < ld <= 1866.9949643956745,0.048456138267945696
ndev,12.833333333333302,-0.014534524144549102,0.0,67.0,10.846402884905007 < ndev <= 15.443430675385592,0.02842957429999296
