feature,value,importance,min,max,rule,importance_ratio
la,178,0.13182363250818763,0.0,9389.0,77.73891199130318 < la <= 259.02565808320827,0.5503680133009511
aexp,490,-0.06019412160237098,0.0,4144.0,400.33772908055585 < aexp <= 698.7740244827294,0.2513124429084074
nuc,105.0,-0.02644614977906282,0.0,1520.0,48.480082529455615 < nuc <= 193.0959914371757,0.11041354752880267
nd,2,-0.00732624874894162,1.0,33.0,1.5105962363484104 < nd <= 2.4996932323495513,0.03058733014850839
ndev,10.75,-0.00715248288607424,0.0,67.0,3.000808789151475 < ndev <= 10.846402884905007,0.029861851940191638
