feature,value,importance,min,max,rule,importance_ratio
la,335,0.39270539121606596,0.0,9389.0,la > 259.02565808320827,0.9327861596206758
nuc,59.0555555555556,-0.00807425633480771,0.0,1520.0,48.480082529455615 < nuc <= 193.0959914371757,0.019178638049800405
asexp,0.3763823265423629,-0.00712925554663098,0.0,2327.0,-0.8058376987231384 < asexp <= -0.8058376987231384,0.016933994416790304
aexp,11,0.004878185618622085,0.0,4144.0,aexp <= 82.00568065157063,0.01158706789081929
ld,305,-0.003438587373526999,0.0,9950.0,24.882467942900547 < ld <= 1866.9949643956745,0.00816761567937745
