feature,value,importance,min,max,rule,importance_ratio
la,751,0.3968078853248449,0.0,9389.0,la > 259.02565808320827,0.796570333461298
aexp,771,-0.03422524167094544,0.0,4144.0,698.7740244827294 < aexp <= 1186.219973639613,0.06870531856568311
asexp,0.0003248470032455,0.027072542495897838,0.0,2327.0,-0.8058376987231384 < asexp <= -0.8058376987231384,0.054346662455934475
nuc,64.6666666666667,-0.01273921366004021,0.0,1520.0,48.480082529455615 < nuc <= 193.0959914371757,0.0255732812993512
ndev,10.2222222222222,-0.010104664354491345,0.0,67.0,3.000808789151475 < ndev <= 10.846402884905007,0.020284566290264934
