feature,value,importance,min,max,rule,importance_ratio
la,489,0.39047199200738514,0.0,9292.0,480.69791970095315 < la <= 1397.941566989266,0.6791385662559312
ld,367,0.11309035261720216,0.0,3456.0,ld > 193.112153175861,0.1966953366846648
aexp,167,-0.04953414982702859,0.0,1247.0,80.770405947798 < aexp <= 166.80503056010588,0.08615355821371798
asexp,47.0,-0.015346404091856242,0.0,318.0,37.52909305809869 < asexp <= 172.9435351135221,0.02669163239736355
nuc,7.846153846153848,-0.003749133296358022,0.0,125.0,1.300976592648274 < nuc <= 10.97910124158328,0.006520777581258128
