feature,value,importance,min,max,rule,importance_ratio
la,217,0.3066475926639936,0.0,9292.0,65.15107396812635 < la <= 480.69791970095315,0.7846418520956676
aexp,105,-0.043331686148664804,0.0,1247.0,80.770405947798 < aexp <= 166.80503056010588,0.11087598692278526
ld,47,0.017486474026952588,0.0,3456.0,19.498528902884395 < ld <= 134.4589017322878,0.04474393308596788
asexp,14.0,0.012534322342258408,0.0,318.0,5.512500169025703 < asexp <= 37.52909305809869,0.03207249667917761
nuc,2.28571428571429,-0.006669331637520801,0.0,125.0,1.300976592648274 < nuc <= 10.97910124158328,0.017065311626426515
