feature,value,importance,min,max,rule,importance_ratio
la,141,0.3074035762528634,0.0,9292.0,65.15107396812635 < la <= 480.69791970095315,0.7429870622148113
aexp,107,-0.04052590881833225,0.0,1247.0,80.770405947798 < aexp <= 166.80503056010588,0.09795014847761557
ld,8,-0.03856576847316603,0.0,3456.0,0.7294884409409761 < ld <= 14.806268787398544,0.09321253633160134
asexp,0.0086405169152738,-0.013045616004062056,0.0,318.0,0.2638783839317753 < asexp <= 0.2638783839317753,0.03153094062141805
nuc,38.454545454545496,0.012696387601420344,0.0,125.0,28.93046147751111 < nuc <= 95.74074131209468,0.030686863958148198
