feature,value,importance,min,max,rule,importance_ratio
la,544,0.39234035287116403,0.0,9292.0,480.69791970095315 < la <= 1397.941566989266,0.8329425687574923
ld,90,0.03259045844975595,0.0,3456.0,19.498528902884395 < ld <= 134.4589017322878,0.0691898755238113
aexp,0,0.027197733994922545,0.0,1247.0,aexp <= 9.074885437541383,0.05774106653146862
age,49.6666666666667,-0.008507891556611231,0.0,403.0,14.27436946001454 < age <= 197.77682519321624,0.018062340506180403
nuc,33.0,0.007286159587362416,0.0,125.0,28.93046147751111 < nuc <= 95.74074131209468,0.015468591080835347
