feature,value,importance,min,max,rule,importance_ratio
la,189,0.3086191493059102,0.0,9292.0,65.15107396812635 < la <= 480.69791970095315,0.5867216313491428
ld,264,0.11806134538866493,0.0,3456.0,ld > 193.112153175861,0.22444862971562063
aexp,290,-0.07342307318002289,0.0,1247.0,166.80503056010588 < aexp <= 797.7256110503639,0.1395859763457184
nuc,52.125,0.013519656684662132,0.0,125.0,28.93046147751111 < nuc <= 95.74074131209468,0.02570247194040011
asexp,0.253907366434888,0.008321154788638778,0.0,318.0,0.2638783839317753 < asexp <= 0.7887405624411663,0.015819502850937896
