feature,value,importance,min,max,rule,importance_ratio
la,468,0.3084263131499851,0.0,9292.0,65.15107396812635 < la <= 480.69791970095315,0.7879652490020893
aexp,1269,0.04341609048148879,0.0,1247.0,aexp > 1238.6530621884417,0.11091910478567807
ld,111,0.018583764689192244,0.0,3456.0,19.498528902884395 < ld <= 134.4589017322878,0.04747766369594627
asexp,3.46869601181963e-19,0.010756929299590205,0.0,318.0,asexp <= 0.2638783839317753,0.02748172290321941
nuc,11.0,-0.006094418178908678,0.0,125.0,1.300976592648274 < nuc <= 10.97910124158328,0.015569974198444515
