feature,value,importance,min,max,rule,importance_ratio
la,6929,0.32599530608566873,0.0,9292.0,la > 1397.941566989266,0.7683793091919218
ld,2,-0.04563323075779242,0.0,3456.0,0.7294884409409761 < ld <= 14.806268787398544,0.10755869692385596
aexp,8,0.02445571608909095,0.0,1247.0,aexp <= 9.074885437541383,0.057642750933939176
asexp,0.0046296296296296,-0.0164879469869756,0.0,318.0,0.2638783839317753 < asexp <= 0.2638783839317753,0.038862514518893214
age,6.43103448275862,0.006105731097498148,0.0,403.0,1.6057898801073094 < age <= 14.27436946001454,0.01439136501423849
