commit_id,label,pred,score_or_proba,feature,value_actual,min,max,operator,threshold
,True,True,0.9719356497564002,aexp,28.0,0.0,4144.0,<,0.5
,True,True,0.9719356497564002,nuc,30.9622641509434,0.0,1520.0,>,13.269999980926514
,True,True,0.9719356497564002,nd,23.0,1.0,33.0,<,3.5
,True,True,0.9719356497564002,la,317.0,0.0,9389.0,<,35.5
