commit_id,label,pred,score_or_proba,feature,value_actual,min,max,operator,threshold
,True,True,0.6534333414610521,nd,5.0,1.0,33.0,>,1.2350000143051147
,True,True,0.6534333414610521,la,300.0,0.0,9389.0,<,41.5
,True,True,0.6534333414610521,asexp,0.0,0.0,2327.0,>,0.824999988079071
,True,True,0.6534333414610521,age,69.9411764705882,0.0,1019.0,<,3.75
