commit_id,label,pred,score_or_proba,feature,value_actual,min,max,operator,threshold
,True,True,0.6494411122118333,asexp,1.4999618530273402,0.0,2327.0,>,84.06999969482422
,True,True,0.6494411122118333,ndev,7.428571428571429,0.0,67.0,>,7.164999961853027
,True,True,0.6494411122118333,la,296.0,0.0,9389.0,<,147.0
,True,True,0.6494411122118333,nd,6.0,1.0,33.0,<,3.5
