commit_id,label,pred,score_or_proba,feature,value_actual,min,max,operator,threshold
,True,True,0.6161593857887028,nd,6.0,1.0,33.0,<,3.4350000619888306
,True,True,0.6161593857887028,la,107.0,0.0,9389.0,<,130.81999969482422
,True,True,0.6161593857887028,aexp,30.0,0.0,4144.0,<,175.76499938964844
,True,True,0.6161593857887028,ndev,1.5,0.0,67.0,>,3.375
