commit_id,label,pred,score_or_proba,feature,value_actual,min,max,operator,threshold
,True,True,0.613405149992621,la,415.0,0.0,9389.0,<,198.1999969482422
,True,True,0.613405149992621,nd,4.0,1.0,33.0,<,3.534999966621399
,True,True,0.613405149992621,ndev,7.153846153846152,0.0,67.0,>,6.875
,True,True,0.613405149992621,asexp,24.0,0.0,2327.0,>,0.7549999952316284
