rule,type,coef,support,importance,Class
nuc > 0.699999988079071 & ld > -0.029999999329447746 & arexp > 0.8450000286102295,rule,0.33781951080659123,0.7023498694516971,0.1544594629185847,Defect
la > 0.4350000023841858 & nuc > 0.6899999976158142 & age > -2.0949999690055847,rule,0.32214894323772486,0.6710182767624021,0.15135953028162272,Defect
nuc > 0.6699999868869781 & arexp > 0.6650000065565109 & ld > -0.125,rule,0.33886162421324906,0.7258485639686684,0.15116131512033806,Defect
ld > -0.029999999329447746 & arexp > 0.7400000095367432 & nuc > -0.07000000774860382,rule,0.34642943273834653,0.7467362924281984,0.15065546575238611,Defect
arexp > 1.2649999856948853 & ld > -0.2600000035017729 & nuc > 0.6649999916553497,rule,0.3351852303045747,0.7467362924281984,0.14576557940155324,Defect
