rule,type,coef,support,importance,Class
ld > 1.1200000047683716 & arexp > 1.9149999916553497 & nd > -0.4949999898672104,rule,1.2909763529918403,0.7127937336814621,0.5841134134998179,Defect
age > -128.47500228881836 & la > 19.020000457763672,rule,1.087587814710225,0.6240208877284595,0.5267999871279648,Defect
la > 70.15999984741211 & nuc > -44.130001068115234,rule,1.0165571715826152,0.28720626631853785,0.45995008207140603,Defect
arexp > -146.98999786376953 & age > 10.865000247955322,rule,0.840276542417628,0.6005221932114883,0.41155994373591714,Defect
ld > -2.3949999809265137 & nuc > 1.9150000214576721 & arexp > -0.695000022649765,rule,0.9307776708971421,0.7389033942558747,0.4088277812478844,Defect
