rule,type,coef,support,importance,Class
nuc > -0.20000000298023224 & age > -0.1550000011920929 & ld > -0.16500000655651093,rule,0.9593144377250018,0.7258485639686684,0.4279364249555207,Defect
la > 0.3149999976158142 & nuc > 2.3600000143051147,rule,0.8662559349417704,0.6762402088772846,0.4053294633904283,Defect
age > -0.3699999898672104 & arexp > -1.8499999940395355,rule,0.9161952519018228,0.7467362924281984,0.3984356101164357,Defect
ld > 0.1850000023841858 & nuc > -0.20000000298023224 & arexp > 90.90999984741211,rule,0.7504078171423471,0.40992167101827676,0.3690647961945503,Defect
nuc > -0.05000000074505806 & ld > -0.5649999976158142 & arexp > 0.05999999865889549,rule,0.7027662746981581,0.762402088772846,0.2991054040928439,Defect
