feature,value,importance,min,max,rule,importance_ratio
ns,1.0,0.28054393566931823,1.0,7.0,ns <= 1.4973267047410423,0.601857939249261
nd,3.0,-0.05203151535929765,1.0,40.0,2.5030327595863042 < nd <= 3.5069244908215746,0.11162451448273451
la,47.0,-0.044549392712114735,0.0,9176.0,36.91960315163976 < la <= 92.55999249877996,0.09557292916901132
aexp,45.0,-0.04024548153633809,0.0,726.0,6.308411975636886 < aexp <= 54.40945181062462,0.08633964061196309
nuc,1215.0,-0.020859551635225296,0.0,2086.0,113.47699669467761 < nuc <= 1752.541484763698,0.04475051913308306
