feature,value,importance,min,max,rule,importance_ratio
ns,1.0,0.32980920765693056,1.0,7.0,ns <= 1.4973267047410423,0.48043242396656816
nd,2.0,-0.1494594213856921,1.0,40.0,1.4991410283510338 < nd <= 2.5030327595863042,0.21771724510390542
age,99.6666666666667,0.0697865946754244,0.0,511.03030303030295,84.25039107908812 < age <= 379.6012832253171,0.10165799517387124
la,51.0,-0.047526177976826116,0.0,9176.0,36.91960315163976 < la <= 92.55999249877996,0.06923128996151083
ld,1.0,-0.04698996146693828,0.0,8304.0,1.9137720800673748 < ld <= 1.9137720800673748,0.06845018442644561
