feature,value,importance,min,max,rule,importance_ratio
ns,1.0,0.2855985411040493,1.0,7.0,ns <= 1.4973267047410423,0.41989975194868695
nd,7.0,0.1968980297571535,1.0,40.0,5.487575744339811 < nd <= 12.487685654034399,0.2894882919730773
la,161.0,0.12159735352222018,0.0,9176.0,la > 135.835850879889,0.17877786904729087
aexp,106.0,-0.027495910748114038,0.0,726.0,54.40945181062462 < aexp <= 149.15392421287316,0.04042571806601089
nuc,303.769230769231,-0.02602618375541363,0.0,2086.0,113.47699669467761 < nuc <= 1752.541484763698,0.03826485969018902
