feature,value,importance,min,max,rule,importance_ratio
ns,1,0.4207272021861476,1.0,7.0,ns <= 1.4973267047410423,0.4796070346757136
nd,7,0.3205681900966049,1.0,40.0,5.487575744339811 < nd <= 12.487685654034399,0.3654309924927769
la,161,0.06731275615058123,0.0,9176.0,la > 135.835850879889,0.0767330260688635
aexp,106,-0.03218848503580211,0.0,726.0,54.40945181062462 < aexp <= 149.15392421287316,0.03669319164177618
nuc,303.769230769231,-0.031225949324487114,0.0,2086.0,113.47699669467761 < nuc <= 1752.541484763698,0.03559595120694208
