feature,value,importance,min,max,rule,importance_ratio
ns,2.0,-0.2697392934361624,1.0,7.0,1.4973267047410423 < ns <= 2.502438908657955,0.5209778124428381
la,194.0,0.09186246465579263,0.0,9176.0,la > 135.835850879889,0.1774243020819239
nd,5.0,0.0671921828287703,1.0,40.0,3.5069244908215746 < nd <= 5.487575744339811,0.12977581418510153
aexp,108.0,-0.04286661445071134,0.0,726.0,54.40945181062462 < aexp <= 149.15392421287316,0.08279311011336754
age,20.5,0.03634996214173613,0.0,511.03030303030295,9.569496653858916 < age <= 84.25039107908812,0.07020676712591563
