feature,value,importance,min,max,rule,importance_ratio
nd,11,0.34622594266774653,1.0,40.0,5.487575744339811 < nd <= 12.487685654034399,0.3798703260516831
ns,2,-0.343461900363256,1.0,7.0,1.4973267047410423 < ns <= 2.502438908657955,0.3768376889149707
aexp,331,0.09021572803229187,0.0,726.0,315.32115273373984 < aexp <= 398.4047669941732,0.0989824094594319
la,1128,0.06690674621834466,0.0,9176.0,la > 135.835850879889,0.07340838559116869
nuc,86.46153846153852,0.0490397005786533,0.0,2086.0,11.446877959457481 < nuc <= 113.47699669467761,0.05380511611796484
