feature,value,importance,min,max,rule,importance_ratio
ns,1.0,0.30718476578874865,1.0,7.0,ns <= 1.4973267047410423,0.5612131853604584
nd,4.0,0.06864062923808228,1.0,40.0,3.5069244908215746 < nd <= 5.487575744339811,0.12540343946073818
aexp,7.0,-0.06204392636051234,0.0,726.0,6.308411975636886 < aexp <= 54.40945181062462,0.11335155067227036
la,47.0,-0.054030015032955514,0.0,9176.0,36.91960315163976 < la <= 92.55999249877996,0.09871048378281604
nuc,1.75,0.03850718908841881,0.0,2086.0,1.5729955012103574 < nuc <= 1.5729955012103574,0.07035095699521357
