feature,value,importance,min,max,rule,importance_ratio
ns,1.0,0.26098383719748297,1.0,7.0,ns <= 1.4973267047410423,0.36114741554120294
nd,19.0,0.18731102254502197,1.0,40.0,nd > 12.487685654034399,0.25919954438913084
la,314.0,0.10058733289250409,0.0,9176.0,la > 135.835850879889,0.13919197334363062
age,396.184210526316,-0.08925756850213293,0.0,511.03030303030295,age > 379.6012832253171,0.1235139330013195
nuc,6.09210526315789,0.03129758485893894,0.0,2086.0,1.5729955012103574 < nuc <= 11.446877959457481,0.043309355881431165
