feature,value,importance,min,max,rule,importance_ratio
ns,2.0,-0.21492506123047092,1.0,7.0,1.4973267047410423 < ns <= 2.502438908657955,0.3480851664262651
nd,2.0,-0.1853654342343808,1.0,40.0,1.4991410283510338 < nd <= 2.5030327595863042,0.3002114209285316
la,617.0,0.09653135349195324,0.0,9176.0,la > 135.835850879889,0.15633882830242685
age,132.571428571429,0.09381103873624316,0.0,511.03030303030295,84.25039107908812 < age <= 379.6012832253171,0.1519331009802986
ld,256.0,0.012754012619310064,0.0,8304.0,29.490716012837936 < ld <= 4621.051880819136,0.0206559559866061
