feature,value,importance,min,max,rule,importance_ratio
ns,2.0,-0.22873424173475512,1.0,7.0,1.4973267047410423 < ns <= 2.502438908657955,0.5272164277387948
la,1012.0,0.08674892427856562,0.0,9176.0,la > 135.835850879889,0.19995020256461798
aexp,274.0,0.05305846648429219,0.0,726.0,185.59410590604568 < aexp <= 289.08422191465564,0.12229605392263702
nuc,16.9166666666667,0.038747224192679064,0.0,2086.0,11.446877959457481 < nuc <= 113.47699669467761,0.08930964148055888
age,22.6666666666667,0.015579964004117756,0.0,511.03030303030295,9.569496653858916 < age <= 84.25039107908812,0.03591072724509307
