feature,value,importance,min,max,rule,importance_ratio
ns,1.0,0.2866747333823987,1.0,7.0,ns <= 1.4973267047410423,0.5473368031498396
nd,4.0,0.08004587059283216,1.0,40.0,3.5069244908215746 < nd <= 5.487575744339811,0.152828435204944
la,204.0,0.07399073557874286,0.0,9176.0,la > 135.835850879889,0.14126760386780815
aexp,23.0,-0.046985709997006665,0.0,726.0,6.308411975636886 < aexp <= 54.40945181062462,0.089707969726034
ld,26.0,0.02727785321695207,0.0,8304.0,15.702244046452648 < ld <= 29.490716012837936,0.052080533224536346
