feature,value,importance,min,max,rule,importance_ratio
ns,1,0.4413532102935425,1.0,7.0,ns <= 1.4973267047410423,0.48356684326794297
nd,6,0.2618836762063998,1.0,40.0,5.487575744339811 < nd <= 12.487685654034399,0.28693178083446175
age,297.5,0.0719793481235373,0.0,511.03030303030295,84.25039107908812 < age <= 379.6012832253171,0.07886387895407708
la,157,0.06481004833802946,0.0,9176.0,la > 135.835850879889,0.07100886490894578
nuc,25.125,0.03432791028428047,0.0,2086.0,11.446877959457481 < nuc <= 113.47699669467761,0.03761123477750205
