feature,value,importance,min,max,rule,importance_ratio
ns,4.0,-0.6426160154746577,1.0,7.0,2.502438908657955 < ns <= 5.49780640377458,0.5886078328951004
nd,12.0,0.21153944903950528,1.0,40.0,5.487575744339811 < nd <= 12.487685654034399,0.19376077419887627
la,505.0,0.08456950973288259,0.0,9176.0,la > 135.835850879889,0.07746192851434806
age,189.6,0.0754685459577826,0.0,511.03030303030295,84.25039107908812 < age <= 379.6012832253171,0.06912584843554449
aexp,266.0,0.04951630474812045,0.0,726.0,185.59410590604568 < aexp <= 289.08422191465564,0.04535474393559359
