feature,value,importance,min,max,rule,importance_ratio
ns,1.0,0.3768523295593808,1.0,7.0,ns <= 1.4973267047410423,0.5366536830862779
nd,2.0,-0.13863289216017208,1.0,40.0,1.4991410283510338 < nd <= 2.5030327595863042,0.19741911178218213
age,269.5,0.09150635260415209,0.0,511.03030303030295,84.25039107908812 < age <= 379.6012832253171,0.13030892288294052
aexp,0.0,-0.045086905359961814,0.0,726.0,aexp <= 6.308411975636886,0.06420566339254477
nuc,42.0,-0.0375992610774633,0.0,2086.0,11.446877959457481 < nuc <= 113.47699669467761,0.05354294071137961
