feature,value,importance,min,max,rule,importance_ratio
ns,1.0,0.3195196998163577,1.0,7.0,ns <= 1.4973267047410423,0.4973278750846201
nd,1.0,-0.19899312891177767,1.0,40.0,nd <= 1.4991410283510338,0.3097299791374798
age,273.0,0.059726240832331655,0.0,511.03030303030295,84.25039107908812 < age <= 379.6012832253171,0.09296304564947865
aexp,239.0,0.04030021646116767,0.0,726.0,185.59410590604568 < aexp <= 289.08422191465564,0.06272671459569482
nuc,32.0,0.015795946812083784,0.0,2086.0,11.446877959457481 < nuc <= 113.47699669467761,0.02458616688585514
