feature,value,importance,min,max,rule,importance_ratio
ns,1.0,0.31476568573912567,1.0,7.0,ns <= 1.4973267047410423,0.5762745010300274
nd,1.0,-0.18141396891081613,1.0,40.0,nd <= 1.4991410283510338,0.33213354933676786
la,46.0,-0.03822128574856388,0.0,9176.0,36.91960315163976 < la <= 92.55999249877996,0.06997571009609546
nuc,211.5,-0.008250718272149845,0.0,2086.0,113.47699669467761 < nuc <= 1752.541484763698,0.015105453900598005
age,4.0,-0.0031863564256659803,0.0,511.03030303030295,2.8241255444833797 < age <= 9.569496653858916,0.005833596362299543
