feature,value,importance,min,max,rule,importance_ratio
ns,1.0,0.2938908142754526,1.0,7.0,ns <= 1.4973267047410423,0.4493860591323748
nd,1.0,-0.20910892261957975,1.0,40.0,nd <= 1.4991410283510338,0.319746756621507
la,230.0,0.08423530019362988,0.0,9176.0,la > 135.835850879889,0.128803513941639
aexp,254.0,-0.020999151895199346,0.0,726.0,185.59410590604568 < aexp <= 289.08422191465564,0.032109632751097454
age,5.35294117647059,-0.017208832979465013,0.0,511.03030303030295,2.8241255444833797 < age <= 9.569496653858916,0.026313886856160113
