feature,value,importance,min,max,rule,importance_ratio
ns,1.0,0.3026133323953261,1.0,7.0,ns <= 1.4973267047410423,0.40859284709231636
nd,1.0,-0.1865272528834159,1.0,40.0,nd <= 1.4991410283510338,0.25185176314829316
aexp,441.0,0.1472242048752353,0.0,726.0,aexp > 398.4047669941732,0.1987842259120635
age,154.0,0.054709450795069024,0.0,511.03030303030295,84.25039107908812 < age <= 379.6012832253171,0.0738694825051915
la,29.0,-0.02276641613762938,0.0,9176.0,24.555072185608623 < la <= 36.91960315163976,0.030739540502499413
