feature,value,importance,min,max,rule,importance_ratio
ns,2.0,-0.23129892672048125,1.0,7.0,1.4973267047410423 < ns <= 2.502438908657955,0.3578113141080801
aexp,448.0,0.11880862621828733,0.0,726.0,aexp > 398.4047669941732,0.18379277101408523
nd,5.0,0.09452438862391492,1.0,40.0,3.5069244908215746 < nd <= 5.487575744339811,0.14622590856056475
la,340.0,0.08688009754228833,0.0,9176.0,la > 135.835850879889,0.13440045880114185
age,142.272727272727,0.06947939519777634,0.0,511.03030303030295,84.25039107908812 < age <= 379.6012832253171,0.10748218356064518
