feature,value,importance,min,max,rule,importance_ratio
ns,1.0,0.31295874814654234,1.0,7.0,ns <= 1.4973267047410423,0.4204063705937838
nd,1.0,-0.23145695001136363,1.0,40.0,nd <= 1.4991410283510338,0.3109226915025263
la,199.0,0.07689089195926975,0.0,9176.0,la > 135.835850879889,0.10328971793170336
aexp,395.0,0.07131451602714096,0.0,726.0,315.32115273373984 < aexp <= 398.4047669941732,0.09579881384106245
nuc,85.0,0.040408350436606,0.0,2086.0,11.446877959457481 < nuc <= 113.47699669467761,0.05428168424542873
