feature,value,importance,min,max,rule,importance_ratio
nd,6,0.3794779484951376,1.0,40.0,5.487575744339811 < nd <= 12.487685654034399,0.40492601810976986
ns,2,-0.34561293575512037,1.0,7.0,1.4973267047410423 < ns <= 2.502438908657955,0.36878999277171914
la,221,0.06516076842775156,0.0,9176.0,la > 135.835850879889,0.06953049736106164
aexp,24,-0.05153237820028803,0.0,726.0,6.308411975636886 < aexp <= 54.40945181062462,0.054988177287030725
age,192.333333333333,0.0498945728190899,0.0,511.03030303030295,84.25039107908812 < age <= 379.6012832253171,0.0532405394754602
