feature,value,importance,min,max,rule,importance_ratio
ns,1,0.41362976372240584,1.0,7.0,ns <= 1.4973267047410423,0.48038989135642035
nd,1,-0.27238596120160374,1.0,40.0,nd <= 1.4991410283510338,0.3163492422089559
la,1343,0.07110477595458355,0.0,9176.0,la > 135.835850879889,0.08258113557483025
aexp,69,-0.04606916088926704,0.0,726.0,54.40945181062462 < aexp <= 149.15392421287316,0.0535047550623776
nuc,11.1538461538462,0.04564998195062017,0.0,2086.0,1.5729955012103574 < nuc <= 11.446877959457481,0.05301792035545692
