feature,value,importance,min,max,rule,importance_ratio
ns,1.0,0.30986623391005463,1.0,7.0,ns <= 1.4973267047410423,0.635451853480406
la,218.0,0.06885925724531387,0.0,9176.0,la > 135.835850879889,0.1412117160804301
nd,3.0,-0.03785232217794897,1.0,40.0,2.5030327595863042 < nd <= 3.5069244908215746,0.07762487697674458
nuc,7.625,-0.030457308476670407,0.0,2086.0,1.5729955012103574 < nuc <= 11.446877959457481,0.062459703593075754
ld,35.0,0.019799403310262278,0.0,8304.0,29.490716012837936 < ld <= 4621.051880819136,0.04060322214702594
