feature,value,importance,min,max,rule,importance_ratio
ns,1,0.39433861614417853,1.0,7.0,ns <= 1.4973267047410423,0.5006887498002499
nd,1,-0.22634872412283943,1.0,40.0,nd <= 1.4991410283510338,0.2873932581294808
la,662,0.06053165165984367,0.0,9176.0,la > 135.835850879889,0.07685657897077541
nuc,44.6666666666667,0.04767484430068746,0.0,2086.0,11.446877959457481 < nuc <= 113.47699669467761,0.06053238818768209
age,0.0,-0.036683998608917794,0.0,511.03030303030295,age <= 0.8968766560903667,0.04657739478006814
