feature,value,importance,min,max,rule,importance_ratio
ns,2.0,-0.21077247146926684,1.0,7.0,1.4973267047410423 < ns <= 2.502438908657955,0.3310424895699413
nd,7.0,0.1925392264064831,1.0,40.0,5.487575744339811 < nd <= 12.487685654034399,0.30240507408372164
la,366.0,0.08318073293206071,0.0,9176.0,la > 135.835850879889,0.1306449401201661
aexp,39.0,-0.07153722408214405,0.0,726.0,6.308411975636886 < aexp <= 54.40945181062462,0.11235746581132074
nuc,29.0,0.03363286896513158,0.0,2086.0,11.446877959457481 < nuc <= 113.47699669467761,0.05282430194030453
