feature,value,importance,min,max,rule,importance_ratio
ns,1,0.391475641439649,1.0,7.0,ns <= 1.4973267047410423,0.5783743263323189
nd,4,0.0880348678393423,1.0,40.0,3.5069244908215746 < nd <= 5.487575744339811,0.1300645608321555
nuc,126.333333333333,-0.07429823602166037,0.0,2086.0,113.47699669467761 < nuc <= 1752.541484763698,0.10976977277226622
ld,15,0.03970427234674169,0.0,8304.0,15.702244046452648 < ld <= 29.490716012837936,0.05865992501247827
aexp,296,0.035725957910816716,0.0,726.0,289.08422191465564 < aexp <= 315.32115273373984,0.05278227979461873
