feature,value,importance,min,max,rule,importance_ratio
ns,2.0,-0.23567484359151575,1.0,7.0,1.4973267047410423 < ns <= 2.502438908657955,0.31118771168717063
nd,12.0,0.2169282483078915,1.0,40.0,5.487575744339811 < nd <= 12.487685654034399,0.28643449662469317
aexp,480.0,0.10764559833629178,0.0,726.0,aexp > 398.4047669941732,0.1421364576251823
la,216.0,0.08192563977178331,0.0,9176.0,la > 135.835850879889,0.10817553532899213
age,115.557692307692,0.06683583845387381,0.0,511.03030303030295,84.25039107908812 < age <= 379.6012832253171,0.08825079210916315
