feature,value,importance,min,max,rule,importance_ratio
ns,1.0,0.31087827252008327,1.0,7.0,ns <= 1.4973267047410423,0.4109170395139713
nd,1.0,-0.20363880399922207,1.0,40.0,nd <= 1.4991410283510338,0.2691685520226262
age,398.333333333333,0.1315652554839295,0.0,511.03030303030295,age > 379.6012832253171,0.1739021670704345
aexp,224.0,0.04345707857166237,0.0,726.0,185.59410590604568 < aexp <= 289.08422191465564,0.05744130629598739
la,33.0,-0.024951866863885206,0.0,9176.0,24.555072185608623 < la <= 36.91960315163976,0.032981228243900824
