feature,value,importance,min,max,rule,importance_ratio
ns,1,0.43230122980332625,1.0,7.0,ns <= 1.4973267047410423,0.41894821341462146
nd,1,-0.28333629884368317,1.0,40.0,nd <= 1.4991410283510338,0.27458454432358637
age,398.333333333333,0.2111563141885371,0.0,511.03030303030295,age > 379.6012832253171,0.20463407106371231
aexp,224,0.05003049885088508,0.0,726.0,185.59410590604568 < aexp <= 289.08422191465564,0.04848514569194339
nuc,3.3333333333333304,0.02892785162049386,0.0,2086.0,1.5729955012103574 < nuc <= 11.446877959457481,0.02803432171553798
