feature,value,importance,min,max,rule,importance_ratio
ns,1.0,0.31887549350364724,1.0,7.0,ns <= 1.4973267047410423,0.45201131102320324
nd,1.0,-0.2112175001839711,1.0,40.0,nd <= 1.4991410283510338,0.2994043164628092
age,173.0,0.0810103008973327,0.0,511.03030303030295,84.25039107908812 < age <= 379.6012832253171,0.11483344772798824
la,39.0,-0.05147505373625944,0.0,9176.0,36.91960315163976 < la <= 92.55999249877996,0.07296674406887382
nuc,48.2,0.019388925585062795,0.0,2086.0,11.446877959457481 < nuc <= 113.47699669467761,0.027484124216448514
