feature,value,importance,min,max,rule,importance_ratio
ns,1.0,0.32827761319894905,1.0,7.0,ns <= 1.4973267047410423,0.5127327804950755
la,2438.0,0.12093958416086925,0.0,9176.0,la > 135.835850879889,0.18889405419534472
aexp,1.0,-0.12092269381419385,0.0,726.0,aexp <= 6.308411975636886,0.18886767336989027
nd,5.0,0.046179573940398656,1.0,40.0,3.5069244908215746 < nd <= 5.487575744339811,0.07212731053393177
nuc,2.76190476190476,0.02280041747663756,0.0,2086.0,1.5729955012103574 < nuc <= 11.446877959457481,0.035611692601651694
