feature,value,importance,min,max,rule,importance_ratio
ns,1.0,0.2622906099960689,1.0,7.0,ns <= 1.4973267047410423,0.5406146794286851
la,722.0,0.06954653905870072,0.0,9176.0,la > 135.835850879889,0.14334436112355498
nuc,4.75,0.06863193313686773,0.0,2086.0,1.5729955012103574 < nuc <= 11.446877959457481,0.14145924069456697
nd,3.0,-0.03978371366641621,1.0,40.0,2.5030327595863042 < nd <= 3.5069244908215746,0.08199935030298855
aexp,89.0,0.02806643615466027,0.0,726.0,54.40945181062462 < aexp <= 149.15392421287316,0.05784853443546732
