feature,value,importance,min,max,rule,importance_ratio
ns,1.0,0.3834587262359334,1.0,7.0,ns <= 1.4973267047410423,0.6125088367504793
aexp,35.0,-0.06953274043181142,0.0,726.0,6.308411975636886 < aexp <= 54.40945181062462,0.11106649828007183
la,195.0,0.05079368862446471,0.0,9176.0,la > 135.835850879889,0.08113411171791847
nuc,39.4,0.05007623053276306,0.0,2086.0,11.446877959457481 < nuc <= 113.47699669467761,0.07998809679871433
ld,12.0,-0.041953505425716374,0.0,8304.0,1.9137720800673748 < ld <= 15.702244046452648,0.06701345163833812
