feature,value,importance,min,max,rule,importance_ratio
ns,1.0,0.26357952514434735,1.0,7.0,ns <= 1.4973267047410423,0.4077109644155513
nd,2.0,-0.15948379635968674,1.0,40.0,1.4991410283510338 < nd <= 2.5030327595863042,0.24669326036175135
la,139.0,0.0940859365499324,0.0,9176.0,la > 135.835850879889,0.14553432368354793
age,119.333333333333,0.05723160716113194,0.0,511.03030303030295,84.25039107908812 < age <= 379.6012832253171,0.0885271863887698
aexp,308.0,0.03318869689400712,0.0,726.0,289.08422191465564 < aexp <= 315.32115273373984,0.05133705135457957
