feature,value,importance,min,max,rule,importance_ratio
ns,2,-0.36343906467066245,1.0,7.0,1.4973267047410423 < ns <= 2.502438908657955,0.5652341725099398
nd,5,0.10579054392987022,1.0,40.0,3.5069244908215746 < nd <= 5.487575744339811,0.16452945313339487
aexp,316,0.09817804491677078,0.0,726.0,315.32115273373984 < aexp <= 398.4047669941732,0.15269020689193455
nuc,53.3636363636364,0.04592003598720182,0.0,2086.0,11.446877959457481 < nuc <= 113.47699669467761,0.07141657588837577
la,130,-0.02349055347679026,0.0,9176.0,92.55999249877996 < la <= 135.835850879889,0.03653339678354568
