feature,value,importance,min,max,rule,importance_ratio
ns,2.0,-0.21870559327682512,1.0,7.0,1.4973267047410423 < ns <= 2.502438908657955,0.3944572321387586
nd,13.0,0.15028227774341138,1.0,40.0,nd > 12.487685654034399,0.2710489952725674
nuc,54.8048780487805,0.08180683164253766,0.0,2086.0,11.446877959457481 < nuc <= 113.47699669467761,0.14754673575683167
age,175.829268292683,0.07407023514712838,0.0,511.03030303030295,84.25039107908812 < age <= 379.6012832253171,0.13359301653991698
la,1054.0,0.016631959039212527,0.0,9176.0,la > 135.835850879889,0.029997387946768008
