feature,value,importance,min,max,rule,importance_ratio
ns,1,0.43671546544816625,1.0,7.0,ns <= 1.4973267047410423,0.7405725565422144
nd,3,-0.052831933434145745,1.0,40.0,2.5030327595863042 < nd <= 3.5069244908215746,0.08959123984821935
aexp,107,-0.03257577890616199,0.0,726.0,54.40945181062462 < aexp <= 149.15392421287316,0.055241295018332005
age,80.5,0.02548397889085122,0.0,511.03030303030295,9.569496653858916 < age <= 84.25039107908812,0.043215175305728944
ld,8,0.024403212337402096,0.0,8304.0,1.9137720800673748 < ld <= 15.702244046452648,0.041382434968283456
