feature,value,importance,min,max,rule,importance_ratio
ns,1,0.41069518144540423,1.0,7.0,ns <= 1.4973267047410423,0.4704168966530454
nd,1,-0.11594360718722722,1.0,40.0,nd <= 1.4991410283510338,0.13280368103618884
ld,27,0.09111788071643391,0.0,8304.0,15.702244046452648 < ld <= 29.490716012837936,0.10436789281377351
la,50,-0.08754319787881414,0.0,9176.0,36.91960315163976 < la <= 92.55999249877996,0.10027339333346845
aexp,500,0.07721480847988944,0.0,726.0,aexp > 398.4047669941732,0.08844308923453358
