feature,value,importance,min,max,rule,importance_ratio
ns,2.0,-0.2468423103098131,1.0,7.0,1.4973267047410423 < ns <= 2.502438908657955,0.40809289354180545
nd,8.0,0.21402699716804902,1.0,40.0,5.487575744339811 < nd <= 12.487685654034399,0.35384086488555544
la,421.0,0.08797084771901983,0.0,9176.0,la > 135.835850879889,0.14543810478812044
aexp,99.0,-0.020220929396443897,0.0,726.0,54.40945181062462 < aexp <= 149.15392421287316,0.03343032066561925
nuc,80.304347826087,0.01916460596296073,0.0,2086.0,11.446877959457481 < nuc <= 113.47699669467761,0.03168395033735132
