feature,value,importance,min,max,rule,importance_ratio
ns,1,0.4232449572316898,1.0,7.0,ns <= 1.4973267047410423,0.45819940967848477
nd,10,0.3268505542565977,1.0,40.0,5.487575744339811 < nd <= 12.487685654034399,0.353844100099878
la,199,0.06159922104282089,0.0,9176.0,la > 135.835850879889,0.0666865044372506
aexp,1,-0.059031677173569774,0.0,726.0,aexp <= 6.308411975636886,0.0639069153007155
nuc,123.733333333333,-0.04111246698555863,0.0,2086.0,113.47699669467761 < nuc <= 1752.541484763698,0.044507814638644706
