feature,value,importance,min,max,rule,importance_ratio
ns,2.0,-0.24797388024266576,1.0,7.0,1.4973267047410423 < ns <= 2.502438908657955,0.4005025410722273
nd,8.0,0.21985989921905943,1.0,40.0,5.487575744339811 < nd <= 12.487685654034399,0.3550956585868945
la,925.0,0.0903304389632407,0.0,9176.0,la > 135.835850879889,0.14589266541114926
nuc,21.2352941176471,0.026834350204463727,0.0,2086.0,11.446877959457481 < nuc <= 113.47699669467761,0.0433401511255645
aexp,72.0,-0.02387957860639646,0.0,726.0,54.40945181062462 < aexp <= 149.15392421287316,0.03856790038626919
