feature,value,importance,min,max,rule,importance_ratio
ns,1.0,0.31218083788203405,1.0,7.0,ns <= 1.4973267047410423,0.5244047449674356
nd,2.0,-0.16050353199959347,1.0,40.0,1.4991410283510338 < nd <= 2.5030327595863042,0.26961556748856225
aexp,114.0,-0.039349652510241515,0.0,726.0,54.40945181062462 < aexp <= 149.15392421287316,0.06609997150750156
ld,0.0,0.03788937879481044,0.0,8304.0,ld <= 1.9137720800673748,0.06364698794028899
la,51.0,-0.027134562719132737,0.0,9176.0,36.91960315163976 < la <= 92.55999249877996,0.04558093167751279
