feature,value,importance,min,max,rule,importance_ratio
ns,1.0,0.32907953717135713,1.0,7.0,ns <= 1.4973267047410423,0.5570801225269275
la,602.0,0.09967198792839958,0.0,9176.0,la > 135.835850879889,0.168729066914733
age,289.25,0.04371879971318577,0.0,511.03030303030295,84.25039107908812 < age <= 379.6012832253171,0.07400908154392398
aexp,80.0,-0.0371977973204,0.0,726.0,54.40945181062462 < aexp <= 149.15392421287316,0.0629700456828766
nd,3.0,-0.03566304117320772,1.0,40.0,2.5030327595863042 < nd <= 3.5069244908215746,0.060371943868719656
