feature,value,importance,min,max,rule,importance_ratio
ns,1.0,0.3329161105995677,1.0,7.0,ns <= 1.4973267047410423,0.4454054533443827
nd,1.0,-0.21323433665078245,1.0,40.0,nd <= 1.4991410283510338,0.28528429042825
aexp,517.0,0.11745673568208627,0.0,726.0,aexp > 398.4047669941732,0.15714430434325427
nuc,7.0,0.04130837030710039,0.0,2086.0,1.5729955012103574 < nuc <= 11.446877959457481,0.055266095024406964
la,9.0,-0.033956289133234584,0.0,9176.0,6.00827573656187 < la <= 12.190541219577483,0.04542981211706167
