feature,value,importance,min,max,rule,importance_ratio
ns,1.0,0.32865270048390505,1.0,7.0,ns <= 1.4973267047410423,0.5125082615116553
nd,1.0,-0.18039899937224638,1.0,40.0,nd <= 1.4991410283510338,0.28131817389779823
la,668.0,0.06033292054615705,0.0,9176.0,la > 135.835850879889,0.09408448546293342
aexp,152.0,0.02972259452691348,0.0,726.0,149.15392421287316 < aexp <= 185.59410590604568,0.046350068708321084
nuc,5.8,0.024936872132742923,0.0,2086.0,1.5729955012103574 < nuc <= 11.446877959457481,0.03888710777508553
