feature,value,importance,min,max,rule,importance_ratio
ns,1.0,0.3104274063792433,1.0,7.0,ns <= 1.4973267047410423,0.4851889866643649
aexp,609.0,0.10551307665315458,0.0,726.0,aexp > 398.4047669941732,0.16491386291660423
nd,4.0,0.0825405701405093,1.0,40.0,3.5069244908215746 < nd <= 5.487575744339811,0.1290085049264208
age,328.0,0.07346957150107954,0.0,511.03030303030295,84.25039107908812 < age <= 379.6012832253171,0.1148307984886008
la,118.0,-0.04150012246712331,0.0,9176.0,92.55999249877996 < la <= 135.835850879889,0.06486348161435064
