feature,value,importance,min,max,rule,importance_ratio
ns,1.0,0.29892574615667544,1.0,7.0,ns <= 1.4973267047410423,0.5279205330600184
nd,4.0,0.09634236443033069,1.0,40.0,3.5069244908215746 < nd <= 5.487575744339811,0.1701463090424636
age,101.0,0.06231656929607252,0.0,511.03030303030295,84.25039107908812 < age <= 379.6012832253171,0.11005474404339634
la,68.0,-0.05541175193836661,0.0,9176.0,36.91960315163976 < la <= 92.55999249877996,0.09786042854187502
aexp,83.0,-0.03729291815370288,0.0,726.0,54.40945181062462 < aexp <= 149.15392421287316,0.06586149732565218
