feature,value,importance,min,max,rule,importance_ratio
ns,1.0,0.3207103712141023,1.0,7.0,ns <= 1.4973267047410423,0.4504263878240608
nd,1.0,-0.21467409302081392,1.0,40.0,nd <= 1.4991410283510338,0.30150218065202306
age,107.0,0.0825991198385575,0.0,511.03030303030295,84.25039107908812 < age <= 379.6012832253171,0.11600754614041058
la,6.0,-0.06881394403668671,0.0,9176.0,-0.17398974645368526 < la <= 6.00827573656187,0.09664675366447559
aexp,126.0,-0.019465297093006654,0.0,726.0,54.40945181062462 < aexp <= 149.15392421287316,0.02733832218875136
