feature,value,importance,min,max,rule,importance_ratio
ns,1,0.41605149349570625,1.0,7.0,ns <= 1.4973267047410423,0.4907190489145742
nd,2,-0.24750157956435448,1.0,40.0,1.4991410283510338 < nd <= 2.5030327595863042,0.29191997055029983
aexp,22,-0.0887947332014859,0.0,726.0,6.308411975636886 < aexp <= 54.40945181062462,0.10473046655631392
nuc,26.5,0.03760011120426124,0.0,2086.0,11.446877959457481 < nuc <= 113.47699669467761,0.044348094160675616
la,47,-0.036177880200213085,0.0,9176.0,36.91960315163976 < la <= 92.55999249877996,0.04267061948132915
