feature,value,importance,min,max,rule,importance_ratio
ns,1.0,0.3262676681352951,1.0,7.0,ns <= 1.4973267047410423,0.5349409606581096
nd,1.0,-0.2179399978962374,1.0,40.0,nd <= 1.4991410283510338,0.3573294053522174
aexp,58.0,-0.023297389800071736,0.0,726.0,54.40945181062462 < aexp <= 149.15392421287316,0.03819786420059506
nuc,146.0,-0.022751194251746192,0.0,2086.0,113.47699669467761 < nuc <= 1752.541484763698,0.037302334548520284
ld,0.0,0.012116000407094792,0.0,8304.0,ld <= 1.9137720800673748,0.019865115456115873
