feature,value,importance,min,max,rule,importance_ratio
nd,7.0,0.2319941689845448,1.0,40.0,5.487575744339811 < nd <= 12.487685654034399,0.3375578920980946
ns,2.0,-0.22426848437841537,1.0,7.0,1.4973267047410423 < ns <= 2.502438908657955,0.32631680866020235
aexp,28.0,-0.07251811728382972,0.0,726.0,6.308411975636886 < aexp <= 54.40945181062462,0.10551585376649156
la,77.0,-0.06981501788313244,0.0,9176.0,36.91960315163976 < la <= 92.55999249877996,0.10158276984535308
age,96.7777777777778,0.05855793352251471,0.0,511.03030303030295,84.25039107908812 < age <= 379.6012832253171,0.08520340270620015
