feature,value,importance,min,max,rule,importance_ratio
ns,2.0,-0.24372435516157392,1.0,7.0,1.4973267047410423 < ns <= 2.502438908657955,0.3549518523766197
nd,7.0,0.2233771418416361,1.0,40.0,5.487575744339811 < nd <= 12.487685654034399,0.3253188636922256
age,262.214285714286,0.09508879783832941,0.0,511.03030303030295,84.25039107908812 < age <= 379.6012832253171,0.13848408752832894
la,501.0,0.08159902333605656,0.0,9176.0,la > 135.835850879889,0.1188380392515765
nuc,98.2857142857143,0.026732777842342355,0.0,2086.0,11.446877959457481 < nuc <= 113.47699669467761,0.03893270743509225
