feature,value,importance,min,max,rule,importance_ratio
ns,1.0,0.3117487254810098,1.0,7.0,ns <= 1.4973267047410423,0.4829969530384077
nd,2.0,-0.18739451888578193,1.0,40.0,1.4991410283510338 < nd <= 2.5030327595863042,0.29033312485328666
aexp,0.0,-0.050881773615991936,0.0,726.0,aexp <= 6.308411975636886,0.07883189124123999
la,44.0,-0.04225282113213321,0.0,9176.0,36.91960315163976 < la <= 92.55999249877996,0.06546292637639135
nuc,2.6666666666666696,0.02928994746209909,0.0,2086.0,1.5729955012103574 < nuc <= 11.446877959457481,0.04537935273679464
