feature,value,importance,min,max,rule,importance_ratio
ns,2.0,-0.2242412320014229,1.0,7.0,1.4973267047410423 < ns <= 2.502438908657955,0.34340288549924286
nd,6.0,0.22013606425179794,1.0,40.0,5.487575744339811 < nd <= 12.487685654034399,0.33711623411895303
la,437.0,0.0837989250724509,0.0,9176.0,la > 135.835850879889,0.1283296225889086
age,226.636363636364,0.07741137933811797,0.0,511.03030303030295,84.25039107908812 < age <= 379.6012832253171,0.11854773895916473
aexp,174.0,0.026965248568914465,0.0,726.0,149.15392421287316 < aexp <= 185.59410590604568,0.04129456516146325
