feature,value,importance,min,max,rule,importance_ratio
ns,1,0.3279266475335454,1.0,7.0,ns <= 1.4973267047410423,0.4839231071992256
nd,4,0.10610862147549921,1.0,40.0,3.5069244908215746 < nd <= 5.487575744339811,0.1565850600774899
age,106.888888888889,0.0922142613977015,0.0,511.03030303030295,84.25039107908812 < age <= 379.6012832253171,0.1360810786171088
aexp,8,-0.08647761140637167,0.0,726.0,6.308411975636886 < aexp <= 54.40945181062462,0.12761547355085762
nuc,129.444444444444,-0.04064543572324179,0.0,2086.0,113.47699669467761 < nuc <= 1752.541484763698,0.05998068682919554
