feature,value,importance,min,max,rule,importance_ratio
ns,1.0,0.3453748205679058,1.0,7.0,ns <= 1.4973267047410423,0.5008857244886981
nd,2.0,-0.16241915941497975,1.0,40.0,1.4991410283510338 < nd <= 2.5030327595863042,0.23555115627898582
age,196.8,0.07481836940528515,0.0,511.03030303030295,84.25039107908812 < age <= 379.6012832253171,0.10850661638566399
la,15.0,-0.0545471853536857,0.0,9176.0,12.190541219577483 < la <= 24.555072185608623,0.07910798595501048
nuc,85.2,0.02343426225625191,0.0,2086.0,11.446877959457481 < nuc <= 113.47699669467761,0.03398593854867612
