feature,value,importance,min,max,rule,importance_ratio
ns,1,0.41027455938736235,1.0,7.0,ns <= 1.4973267047410423,0.46595376598843996
nd,2,-0.23141523622394095,1.0,40.0,1.4991410283510338 < nd <= 2.5030327595863042,0.2628210752006262
la,23,-0.06394989362146562,0.0,9176.0,12.190541219577483 < la <= 24.555072185608623,0.07262866557452911
nuc,18.0,0.05983131541917506,0.0,2086.0,11.446877959457481 < nuc <= 113.47699669467761,0.06795114663028648
ld,0,0.0433789830435715,0.0,8304.0,ld <= 1.9137720800673748,0.04926603429684513
