feature,value,importance,min,max,rule,importance_ratio
la,215,0.11218243375777226,0.0,8960.0,143.122304060467 < la <= 476.1618029404084,0.30911285918504694
aexp,2,-0.07454239701762472,0.0,1406.0,0.37596446854337273 < aexp <= 288.3855622881154,0.20539769641990396
nd,3,0.05879001154234488,1.0,32.0,2.4981375058546607 < nd <= 3.5021749794480725,0.1619928178650081
asexp,0.75,0.03813019219714618,0.0,1051.0,0.4721763844552811 < asexp <= 0.4721763844552811,0.10506576062331706
ld,63,-0.0362225365631741,0.0,6029.0,41.046938775510206 < ld <= 2168.054608676072,0.09980931478233245
