feature,value,importance,min,max,rule,importance_ratio
la,227,0.11187493963580641,0.0,8960.0,143.122304060467 < la <= 476.1618029404084,0.32200499981258585
aexp,195,-0.07412264295161955,0.0,1406.0,0.37596446854337273 < aexp <= 288.3855622881154,0.21334412968126004
nd,3,0.05725489667291331,1.0,32.0,2.4981375058546607 < nd <= 3.5021749794480725,0.16479439499541304
asexp,0.527503408288304,0.03805256378387251,0.0,1051.0,0.4721763844552811 < asexp <= 0.4721763844552811,0.10952511647365018
ns,3,-0.03121650870731462,1.0,22.0,1.5032147725771707 < ns <= 5.499821160683655,0.08984918260667604
