feature,value,importance,min,max,rule,importance_ratio
la,248,0.1130441064039211,0.0,8960.0,143.122304060467 < la <= 476.1618029404084,0.3397619276451116
nuc,12.555555555555598,-0.053686581388687746,0.0,258.0,2.691750895275984 < nuc <= 12.62508428119034,0.1613587559896357
asexp,0.2231457196213299,0.04271249363732225,0.0,1051.0,0.4721763844552811 < asexp <= 0.4721763844552811,0.1283753716526596
ld,101,-0.03289356524620162,0.0,6029.0,41.046938775510206 < ld <= 2168.054608676072,0.09886389915133212
age,356.777777777778,0.032117129177111035,0.0,1848.0,69.01912192572016 < age <= 536.7965087044349,0.09653026651961572
