feature,value,importance,min,max,rule,importance_ratio
nd,8,0.1957021863872424,1.0,32.0,3.5021749794480725 < nd <= 9.505482373642016,0.38294571533125293
nuc,72.5,0.16225481700290634,0.0,258.0,nuc > 28.879629821777467,0.3174966417604111
asexp,0.255878687444241,0.040158152670151194,0.0,1051.0,0.4721763844552811 < asexp <= 0.4721763844552811,0.07858058606572221
ld,160,-0.03303167366427892,0.0,6029.0,41.046938775510206 < ld <= 2168.054608676072,0.06463564936840376
ns,4,-0.029612498726903136,1.0,22.0,1.5032147725771707 < ns <= 5.499821160683655,0.057945083379298296
