feature,value,importance,min,max,rule,importance_ratio
nd,6,0.1993547590244048,1.0,32.0,3.5021749794480725 < nd <= 9.505482373642016,0.4987000082342573
nuc,4.57142857142857,-0.04804271945199521,0.0,258.0,2.691750895275984 < nuc <= 12.62508428119034,0.12018225551050477
asexp,0.0541104400761637,0.034953589778819426,0.0,1051.0,asexp <= 0.4721763844552811,0.0874388732720455
ld,51,-0.03458549047511904,0.0,6029.0,41.046938775510206 < ld <= 2168.054608676072,0.0865180468684785
ns,3,-0.03148857586539851,1.0,22.0,1.5032147725771707 < ns <= 5.499821160683655,0.07877089626657412
