feature,value,importance,min,max,rule,importance_ratio
la,969,0.46504579159035375,0.0,8960.0,la > 476.1618029404084,0.5420614386664011
nd,6,0.20546080914114298,1.0,32.0,3.5021749794480725 < nd <= 9.505482373642016,0.2394869146363886
nuc,6.117647058823531,-0.05000803180541691,0.0,258.0,2.691750895275984 < nuc <= 12.62508428119034,0.05828979888758488
asexp,190.0,0.04490378443459307,0.0,1051.0,0.4721763844552811 < asexp <= 271.98033519339464,0.052340243546645085
ld,96,-0.03166296925820281,0.0,6029.0,41.046938775510206 < ld <= 2168.054608676072,0.03690663366688438
