feature,value,importance,min,max,rule,importance_ratio
la,374.0,0.1264293182061708,0.0,9292.0,65.15107396812635 < la <= 480.69791970095315,0.280376227958287
age,39.3333333333333,0.11460137455313067,0.0,403.0,14.27436946001454 < age <= 197.77682519321624,0.25414596528666017
ld,360.0,0.10063862441494643,0.0,3456.0,ld > 193.112153175861,0.2231814447845076
nuc,80.0,0.04604291899769243,0.0,125.0,28.93046147751111 < nuc <= 95.74074131209468,0.10210717051966095
aexp,138.0,-0.044416006714060034,0.0,1247.0,80.770405947798 < aexp <= 166.80503056010588,0.09849924527118334
