feature,value,importance,min,max,rule,importance_ratio
la,131,0.30742580144772835,0.0,9292.0,65.15107396812635 < la <= 480.69791970095315,0.7791030902225808
aexp,132,-0.042658717927295406,0.0,1247.0,80.770405947798 < aexp <= 166.80503056010588,0.10810913984960467
ld,45,0.020037247473885647,0.0,3456.0,19.498528902884395 < ld <= 134.4589017322878,0.05077999749189323
nuc,31.6,0.013588040528506772,0.0,125.0,28.93046147751111 < nuc <= 95.74074131209468,0.03443590068229624
asexp,0.984005906256675,0.006195623623730774,0.0,318.0,0.2638783839317753 < asexp <= 0.7887405624411663,0.015701445644357902
