feature,value,importance,min,max,rule,importance_ratio
la,141.0,0.1259848557646112,0.0,9292.0,65.15107396812635 < la <= 480.69791970095315,0.3349363519902408
age,123.545454545455,0.11541731793202598,0.0,403.0,14.27436946001454 < age <= 197.77682519321624,0.30684208185210593
nuc,38.454545454545496,0.04590445557671926,0.0,125.0,28.93046147751111 < nuc <= 95.74074131209468,0.12203904030886886
aexp,107.0,-0.04332340145398992,0.0,1247.0,80.770405947798 < aexp <= 166.80503056010588,0.11517719293118453
ld,8.0,-0.0382418642116871,0.0,3456.0,0.7294884409409761 < ld <= 14.806268787398544,0.10166769977734516
