feature,value,importance,min,max,rule,importance_ratio
la,749,0.3932346642479581,0.0,9292.0,480.69791970095315 < la <= 1397.941566989266,0.7700489293787478
aexp,331,-0.0624266804753298,0.0,1247.0,166.80503056010588 < aexp <= 797.7256110503639,0.12224659429918634
ld,103,0.03616297618047869,0.0,3456.0,19.498528902884395 < ld <= 134.4589017322878,0.07081588583799774
nuc,30.357142857142897,0.00753691953913943,0.0,125.0,28.93046147751111 < nuc <= 95.74074131209468,0.014759118026961225
asexp,0.0277777777777781,0.006476167509979547,0.0,318.0,0.2638783839317753 < asexp <= 0.7887405624411663,0.012681908058829216
