feature,value,importance,min,max,rule,importance_ratio
la,572,0.3932893593978961,0.0,9292.0,480.69791970095315 < la <= 1397.941566989266,0.7754414825538368
aexp,335,-0.06194596883604716,0.0,1247.0,166.80503056010588 < aexp <= 797.7256110503639,0.12213774099049562
ld,96,0.03577121289184582,0.0,3456.0,19.498528902884395 < ld <= 134.4589017322878,0.07052945037737075
nuc,13.6153846153846,0.006116159646006354,0.0,125.0,10.97910124158328 < nuc <= 27.993868769549657,0.012059120823141416
age,10.5769230769231,0.005052646005425548,0.0,403.0,1.6057898801073094 < age <= 14.27436946001454,0.009962210305575503
