feature,value,importance,min,max,rule,importance_ratio
la,780.0,0.3439145771933925,0.0,9292.0,480.69791970095315 < la <= 1397.941566989266,0.47306384911926386
age,67.6842105263158,0.11175757913301985,0.0,403.0,14.27436946001454 < age <= 197.77682519321624,0.15372558786069632
ld,368.0,0.10111882460752392,0.0,3456.0,ld > 193.112153175861,0.13909169183122966
nuc,19.8947368421053,0.08071732948470133,0.0,125.0,10.97910124158328 < nuc <= 27.993868769549657,0.11102888074205851
aexp,357.0,-0.06920593377084157,0.0,1247.0,166.80503056010588 < aexp <= 797.7256110503639,0.09519464303810893
