feature,value,importance,min,max,rule,importance_ratio
la,984.0,0.3432253761719807,0.0,9292.0,480.69791970095315 < la <= 1397.941566989266,0.47329006904161564
age,105.133333333333,0.11162010270364311,0.0,403.0,14.27436946001454 < age <= 197.77682519321624,0.15391835739024287
ld,324.0,0.10034585805782789,0.0,3456.0,ld > 193.112153175861,0.13837175624343187
nuc,19.2222222222222,0.08054107257549056,0.0,125.0,10.97910124158328 < nuc <= 27.993868769549657,0.11106197981363472
aexp,369.0,-0.0694597387964256,0.0,1247.0,166.80503056010588 < aexp <= 797.7256110503639,0.09578139278985104
