feature,value,importance,min,max,rule,importance_ratio
ns,1,0.37346750905942566,1.0,6.0,ns <= 1.4968350645973174,0.4276381136728038
nd,6,0.2010112110289375,1.0,35.0,4.485787579415443 < nd <= 8.51515966943804,0.23016742561619427
age,288.7,-0.1858096399541919,0.0,536.25,age > 172.46486330358397,0.212760901563702
aexp,143,0.06905408916993777,0.0,418.0,77.34852688871881 < aexp <= 157.78734591064995,0.07907022623841416
la,359,-0.027647398287629653,0.0,8385.0,70.36227779601131 < la <= 363.9600190460562,0.03165758992384362
