feature,value,importance,min,max,rule,importance_ratio
ns,1,0.37255302631736187,1.0,6.0,ns <= 1.4968350645973174,0.46792766783558465
nd,5,0.2003354723825299,1.0,35.0,4.485787579415443 < nd <= 8.51515966943804,0.2516219269598476
age,8.6,0.09783946792719077,0.0,536.25,age <= 91.7448502777025,0.12288665187340425
aexp,89,0.06921605302340776,0.0,418.0,77.34852688871881 < aexp <= 157.78734591064995,0.08693556079299522
la,114,-0.02730595717033922,0.0,8385.0,70.36227779601131 < la <= 363.9600190460562,0.03429636039475045
