feature,value,importance,min,max,rule,importance_ratio
la,853,0.3195207541527013,0.0,5956.0,165.96883678608913 < la <= 871.1234134540887,0.5945482910663256
ns,4,0.176142309941194,1.0,9.0,2.4958440955958925 < ns <= 6.503048404494037,0.3277568295609463
asexp,0.352798461914062,0.02134349395558403,0.0,197.0,-0.15854614248820553 < asexp <= 1.1438006319502207,0.03971490956926202
nuc,48.8181818181818,-0.014833718989122524,0.0,209.0,9.185789996399661 < nuc <= 67.67536906540971,0.027601844827037623
age,25.6818181818182,0.004935245558963358,0.0,829.533333333333,6.825997486629916 < age <= 98.2860137036514,0.009183258911789002
