feature,value,importance,min,max,rule,importance_ratio
la,299,0.3235079066428959,0.0,5956.0,165.96883678608913 < la <= 871.1234134540887,0.6086008326897873
ns,1,-0.12190298894463397,1.0,9.0,ns <= 1.4964454190361633,0.22933059457175203
age,124.0,-0.05074178389375425,0.0,829.533333333333,98.2860137036514 < age <= 143.09528339386998,0.09545822929141759
nuc,24.25,-0.01662828555295801,0.0,209.0,9.185789996399661 < nuc <= 67.67536906540971,0.03128204357893716
asexp,3.0,-0.012759391945127055,0.0,197.0,1.1438006319502207 < asexp <= 115.31620119105196,0.024003668544000992
