feature,value,importance,min,max,rule,importance_ratio
la,2542,0.40219123888938524,0.0,9967.0,la > 1199.5431080984263,0.5503628543910947
ent,1.9222284863089296,0.16526440973782183,0.0,6.08230385583814,1.596054196840603 < ent <= 3.4251727475658535,0.22614961112462853
arexp,44.50000000000011,-0.07837543155778257,0.0,863.416666666674,-0.02556803069123248 < arexp <= 97.64182103961909,0.10724979078457376
ld,365,-0.03796194290986623,0.0,8658.0,35.06259046661786 < ld <= 6168.514134615445,0.051947534500750084
asexp,1.00000002235653,0.023234636463002622,0.0,1122.0,1.5309165943878895 < asexp <= 1.5309165943878895,0.03179452859248999
