feature,value,importance,min,max,rule,importance_ratio
la,155.0,-0.04508294725187086,0.0,9967.0,104.87903696289698 < la <= 229.98350223552893,0.2914880464664032
ld,72.0,-0.037432117848105025,0.0,8658.0,35.06259046661786 < ld <= 6168.514134615445,0.24202088753617432
age,3.3333333333333304,0.027620066056405056,0.0,1802.57575757576,2.1794390140157773 < age <= 11.310905131690312,0.17858014146846674
asexp,61.0,-0.014589374552113388,0.0,1122.0,23.865449598761593 < asexp <= 381.21797766874084,0.09432897684358271
arexp,105.0,-0.011619278238800589,0.0,863.416666666674,97.64182103961909 < arexp <= 214.01147610211652,0.07512553907036376
