feature,value,importance,min,max,rule,importance_ratio
ent,1.73685364816106,0.14955440448144294,0.0,6.08230385583814,1.596054196840603 < ent <= 3.4251727475658535,0.5069262744465678
la,266.0,0.0689269293739046,0.0,9967.0,229.98350223552893 < la <= 1199.5431080984263,0.23363318277189693
ld,111.0,-0.039801166948178604,0.0,8658.0,35.06259046661786 < ld <= 6168.514134615445,0.13490914794267772
ndev,1.16666666666667,0.010133173960263708,0.0,85.0,0.9878832845357923 < ndev <= 3.937158674468902,0.034347180491316374
age,27.8333333333333,-0.008337122805667977,0.0,1802.57575757576,11.310905131690312 < age <= 252.15332398535617,0.028259325548684825
