feature,value,importance,min,max,rule,importance_ratio
ent,2.6407427468216698,0.1610862179247159,0.0,6.08230385583814,1.596054196840603 < ent <= 3.4251727475658535,0.4205768403964669
arexp,51.5,-0.08272059006867115,0.0,863.416666666674,-0.02556803069123248 < arexp <= 97.64182103961909,0.2159735628225653
la,275,0.05422409923141197,0.0,9967.0,229.98350223552893 < la <= 1199.5431080984263,0.14157263496464922
ld,72,-0.037149144919112295,0.0,8658.0,35.06259046661786 < ld <= 6168.514134615445,0.0969919723412506
nuc,12.076923076923098,-0.014380273625388938,0.0,976.0,5.747578514292009 < nuc <= 12.104132594966572,0.037545173779108036
