feature,value,importance,min,max,rule,importance_ratio
ent,2.94927563759364,0.1499377773505453,0.0,6.08230385583814,1.596054196840603 < ent <= 3.4251727475658535,0.4947832027782026
la,378.0,0.06977294739850927,0.0,9967.0,229.98350223552893 < la <= 1199.5431080984263,0.23024539239632738
ld,448.0,-0.040233726829582706,0.0,8658.0,35.06259046661786 < ld <= 6168.514134615445,0.13276822274017674
asexp,74.0,-0.013658442950169403,0.0,1122.0,23.865449598761593 < asexp <= 381.21797766874084,0.04507181757168819
ndev,3.3333333333333304,0.010542176857333972,0.0,85.0,0.9878832845357923 < ndev <= 3.937158674468902,0.03478837769837715
