feature,value,importance,min,max,rule,importance_ratio
ent,0.888206942588996,-0.12420467010180827,0.0,6.08230385583814,0.008277677113822879 < ent <= 0.9990502254233335,0.3705467569497383
arexp,4.0,-0.06934173697863029,0.0,863.416666666674,-0.02556803069123248 < arexp <= 97.64182103961909,0.20687109218704908
la,219.0,-0.04510594218955803,0.0,9967.0,104.87903696289698 < la <= 229.98350223552893,0.1345670865982983
ndev,10.5555555555556,-0.03832384448698026,0.0,85.0,10.553100765399932 < ndev <= 52.00237651581121,0.11433367422381564
age,0.444444444444444,0.032202927131946904,0.0,1802.57575757576,-0.10342751540286343 < age <= 2.1794390140157773,0.09607279825509506
