feature,value,importance,min,max,rule,importance_ratio
ent,2.13375451616864,0.15020889561532297,0.0,6.08230385583814,1.596054196840603 < ent <= 3.4251727475658535,0.44582919699104007
la,358.0,0.07017136941376792,0.0,9967.0,229.98350223552893 < la <= 1199.5431080984263,0.208272919851695
arexp,65.8333333333333,-0.06989408024034131,0.0,863.416666666674,-0.02556803069123248 < arexp <= 97.64182103961909,0.2074499086111378
ld,20.0,0.018279116155585043,0.0,8658.0,14.111432331182087 < ld <= 35.06259046661786,0.05425353567754413
asexp,0.376722736114439,0.009061545688550159,0.0,1122.0,-0.3302944893099209 < asexp <= 1.5309165943878895,0.02689522229209322
