feature,value,importance,min,max,rule,importance_ratio
la,1495.0,0.3081336204624856,0.0,9967.0,la > 1199.5431080984263,0.4404800615629109
ent,0.0,-0.22225420597341503,0.0,6.08230385583814,ent <= 0.008277677113822879,0.31771458818043713
arexp,82.5,-0.06390129387716711,0.0,863.416666666674,-0.02556803069123248 < arexp <= 97.64182103961909,0.09134753234235626
age,0.0,0.03875989171740504,0.0,1802.57575757576,age <= -0.10342751540286343,0.05540764900704147
asexp,16.0,0.023477280385419935,0.0,1122.0,1.5309165943878895 < asexp <= 23.865449598761593,0.033561004780906456
