feature,value,importance,min,max,rule,importance_ratio
ent,0.0,-0.22037250098103855,0.0,6.08230385583814,ent <= 0.008277677113822879,0.48023583416237714
arexp,85.5,-0.06728374364990966,0.0,863.416666666674,-0.02556803069123248 < arexp <= 97.64182103961909,0.14662475859482182
la,566.0,0.06655036099782613,0.0,9967.0,229.98350223552893 < la <= 1199.5431080984263,0.14502657085308604
age,0.0,0.04709430575011327,0.0,1802.57575757576,age <= -0.10342751540286343,0.10262792819213708
asexp,17.0,0.027554662523898273,0.0,1122.0,1.5309165943878895 < asexp <= 23.865449598761593,0.0600471305780827
