feature,value,importance,min,max,rule,importance_ratio
la,1440,0.3992647564782824,0.0,9967.0,la > 1199.5431080984263,0.6465199488192328
arexp,60.16666666666679,-0.07716490558607303,0.0,863.416666666674,-0.02556803069123248 < arexp <= 97.64182103961909,0.12495130111205421
age,0.0,0.05212655345830228,0.0,1802.57575757576,age <= -0.10342751540286343,0.08440729147056011
ndev,12.8,-0.042917822755396226,0.0,85.0,10.553100765399932 < ndev <= 52.00237651581121,0.06949581229256571
ent,1.34804418764432,-0.02841514629360466,0.0,6.08230385583814,1.0371568618967764 < ent <= 1.596054196840603,0.04601197233002349
