feature,value,importance,min,max,rule,importance_ratio
ent,2.2211137639441203,0.15085714049815963,0.0,6.08230385583814,1.596054196840603 < ent <= 3.4251727475658535,0.40832996892894147
la,819.0,0.07049126513311546,0.0,9967.0,229.98350223552893 < la <= 1199.5431080984263,0.19080101880837358
arexp,73.6666666666666,-0.07001052365137883,0.0,863.416666666674,-0.02556803069123248 < arexp <= 97.64182103961909,0.18949978007580748
ld,56.0,-0.04027484748520701,0.0,8658.0,35.06259046661786 < ld <= 6168.514134615445,0.10901325033701709
asexp,110.0,-0.01409554257370233,0.0,1122.0,23.865449598761593 < asexp <= 381.21797766874084,0.03815286728987588
