feature,value,importance,min,max,rule,importance_ratio
la,155.0,-0.04571789134083968,0.0,9967.0,104.87903696289698 < la <= 229.98350223552893,0.34713319899858813
age,2.0,0.03298473553793425,0.0,1802.57575757576,-0.10342751540286343 < age <= 2.1794390140157773,0.2504511128923654
asexp,146.0,-0.013548057437213915,0.0,1122.0,23.865449598761593 < asexp <= 381.21797766874084,0.10286958519881513
ld,19.0,0.013496324029330136,0.0,8658.0,14.111432331182087 < ld <= 35.06259046661786,0.10247677654454213
arexp,118.583333333333,-0.010547838574375917,0.0,863.416666666674,97.64182103961909 < arexp <= 214.01147610211652,0.0800891038378449
