feature,value,importance,min,max,rule,importance_ratio
ent,3.9407838161120097,0.3295925887034596,0.0,6.08230385583814,ent > 3.4251727475658535,0.471667543777827
age,380.65,-0.1565676958273833,0.0,1802.57575757576,252.15332398535617 < age <= 957.5590815757139,0.22405813436629823
arexp,0.0,-0.0751438667811053,0.0,863.416666666674,arexp <= -0.02556803069123248,0.10753555841178462
la,214,-0.053815227973276036,0.0,9967.0,104.87903696289698 < la <= 229.98350223552893,0.07701294648599143
ld,193,-0.03201750369859431,0.0,8658.0,35.06259046661786 < ld <= 6168.514134615445,0.045819044010727644
