feature,value,importance,min,max,rule,importance_ratio
ent,0.7723256385966679,-0.12437705719563143,0.0,6.08230385583814,0.008277677113822879 < ent <= 0.9990502254233335,0.43466419484074875
la,128.0,-0.04589661966707875,0.0,9967.0,104.87903696289698 < la <= 229.98350223552893,0.16039627953348587
ndev,21.6666666666667,-0.04095590425369754,0.0,85.0,10.553100765399932 < ndev <= 52.00237651581121,0.14312981467641214
ld,87.0,-0.038009773637288094,0.0,8658.0,35.06259046661786 < ld <= 6168.514134615445,0.13283388453341893
asexp,230.0,-0.012581927686019475,0.0,1122.0,23.865449598761593 < asexp <= 381.21797766874084,0.04397043627255291
