feature,value,importance,min,max,rule,importance_ratio
ent,3.1693332100328098,0.16007974234522365,0.0,6.08230385583814,1.596054196840603 < ent <= 3.4251727475658535,0.5063490972328115
la,843,0.054231982369229485,0.0,9967.0,229.98350223552893 < la <= 1199.5431080984263,0.17154147621367932
ld,313,-0.036532003280073534,0.0,8658.0,35.06259046661786 < ld <= 6168.514134615445,0.11555457680009984
ndev,0.7857142857142858,0.02397380854983024,0.0,85.0,0.03136153644937778 < ndev <= 0.9878832845357923,0.07583168325108812
age,39.0714285714286,-0.012741382732301564,0.0,1802.57575757576,11.310905131690312 < age <= 252.15332398535617,0.04030233650729716
