feature,value,importance,min,max,rule,importance_ratio
la,12.0,-0.07565724498045001,0.0,9967.0,11.050688008423094 < la <= 21.47606011447573,0.34131284546887075
arexp,2.0,-0.0695298582787716,0.0,863.416666666674,-0.02556803069123248 < arexp <= 97.64182103961909,0.313670340233868
ndev,23.6666666666667,-0.03673934372384743,0.0,85.0,10.553100765399932 < ndev <= 52.00237651581121,0.16574235488333633
ld,28.0,0.014038871735787727,0.0,8658.0,14.111432331182087 < ld <= 35.06259046661786,0.0633336207332475
age,17.3333333333333,-0.010279133357020933,0.0,1802.57575757576,11.310905131690312 < age <= 252.15332398535617,0.046372297272328354
