feature,value,importance,min,max,rule,importance_ratio
la,3106.0,0.3083320515030555,0.0,9967.0,la > 1199.5431080984263,0.4993798746803926
ent,2.27234123119594,0.15516577055847422,0.0,6.08230385583814,1.596054196840603 < ent <= 3.4251727475658535,0.25130914116273617
arexp,49.0,-0.06646416301879089,0.0,863.416666666674,-0.02556803069123248 < arexp <= 97.64182103961909,0.10764649746032669
ld,57.0,-0.040115228603339624,0.0,8658.0,35.06259046661786 < ld <= 6168.514134615445,0.06497131172401817
ndev,1.0,0.018253768731698598,0.0,85.0,0.9878832845357923 < ndev <= 0.9878832845357923,0.029564116663331
