feature,value,importance,min,max,rule,importance_ratio
la,2229.0,0.3005557129278061,0.0,9967.0,la > 1199.5431080984263,0.43926185093242337
ent,3.5355030184898504,0.24546409315106546,0.0,6.08230385583814,ent > 3.4251727475658535,0.35874550792812593
arexp,8.0,-0.0646412497297236,0.0,863.416666666674,-0.02556803069123248 < arexp <= 97.64182103961909,0.0944731169015702
ld,158.0,-0.03679696289610656,0.0,8658.0,35.06259046661786 < ld <= 6168.514134615445,0.05377872166521742
asexp,0.2009429536274959,0.011077138558811274,0.0,1122.0,-0.3302944893099209 < asexp <= 1.5309165943878895,0.01618922608051413
