feature,value,importance,min,max,rule,importance_ratio
ent,3.40828297275435,0.15005724670026668,0.0,6.08230385583814,1.596054196840603 < ent <= 3.4251727475658535,0.5165961765371534
la,485.0,0.06934035466674707,0.0,9967.0,229.98350223552893 < la <= 1199.5431080984263,0.23871530957863452
ld,140.0,-0.039409969098888255,0.0,8658.0,35.06259046661786 < ld <= 6168.514134615445,0.13567514932883848
age,46.9565217391304,-0.008375719061587385,0.0,1802.57575757576,11.310905131690312 < age <= 252.15332398535617,0.028834758321323428
asexp,0.248640656385311,0.008165945131363216,0.0,1122.0,-0.3302944893099209 < asexp <= 1.5309165943878895,0.028112577869036183
