feature,value,importance,min,max,rule,importance_ratio
la,1489,0.40449606748006234,0.0,9967.0,la > 1199.5431080984263,0.5192154349555241
ent,2.7972162126623195,0.16635611075316778,0.0,6.08230385583814,1.596054196840603 < ent <= 3.4251727475658535,0.21353646511402186
arexp,49.5,-0.07850001864763788,0.0,863.416666666674,-0.02556803069123248 < arexp <= 97.64182103961909,0.10076345508144909
age,1.55555555555556,0.04477558592526605,0.0,1802.57575757576,-0.10342751540286343 < age <= 2.1794390140157773,0.05747441617024216
ld,122,-0.03690985774201454,0.0,8658.0,35.06259046661786 < ld <= 6168.514134615445,0.047377884193178725
