feature,value,importance,min,max,rule,importance_ratio
la,4939.0,0.29963358176561034,0.0,9967.0,la > 1199.5431080984263,0.4372267283758966
ent,4.22266085733392,0.2451726551761095,0.0,6.08230385583814,ent > 3.4251727475658535,0.35775708876896434
arexp,30.0,-0.06389010393606145,0.0,863.416666666674,-0.02556803069123248 < arexp <= 97.64182103961909,0.09322873943219087
ld,2186.0,-0.03750658265829059,0.0,8658.0,35.06259046661786 < ld <= 6168.514134615445,0.05472978139370449
ndev,1.7391304347826102,0.014143523578259298,0.0,85.0,0.9878832845357923 < ndev <= 3.937158674468902,0.02063829596599446
