feature,value,importance,min,max,rule,importance_ratio
arexp,384.773809523806,0.0841322541659841,0.0,863.416666666674,218.16753521149144 < arexp <= 822.8741356255406,0.3862672693484285
la,66.0,-0.05153830607361765,0.0,9967.0,42.326804326581055 < la <= 104.87903696289698,0.23662221999453728
ld,139.0,-0.03957853269320585,0.0,8658.0,35.06259046661786 < ld <= 6168.514134615445,0.18171261307299244
age,23.5,-0.01237734986353448,0.0,1802.57575757576,11.310905131690312 < age <= 252.15332398535617,0.05682678041795082
ndev,6.5,-0.011442932995324895,0.0,85.0,4.096578965816638 < ndev <= 10.553100765399932,0.05253669386678888
