feature,value,importance,min,max,rule,importance_ratio
ent,1.993988380992629,0.15108336961194607,0.0,6.08230385583814,1.596054196840603 < ent <= 3.4251727475658535,0.4296537819814419
arexp,30.5,-0.0698553305459493,0.0,863.416666666674,-0.02556803069123248 < arexp <= 97.64182103961909,0.1986559277683578
la,208.0,-0.03956090364171438,0.0,9967.0,104.87903696289698 < la <= 229.98350223552893,0.11250405595217806
ld,40.0,-0.03955168092229295,0.0,8658.0,35.06259046661786 < ld <= 6168.514134615445,0.11247782820593605
asexp,1.26367569578724,0.02232317269309322,0.0,1122.0,1.5309165943878895 < asexp <= 1.5309165943878895,0.06348306632323071
