feature,value,importance,min,max,rule,importance_ratio
la,4603,0.3916329208507518,0.0,9967.0,la > 1199.5431080984263,0.4456237239865618
ent,5.4779437699796105,0.31960807608762604,0.0,6.08230385583814,ent > 3.4251727475658535,0.3636694810358533
arexp,91.5,-0.07462906083493497,0.0,863.416666666674,-0.02556803069123248 < arexp <= 97.64182103961909,0.08491747816970976
ld,4536,-0.03339123276182779,0.0,8658.0,35.06259046661786 < ld <= 6168.514134615445,0.037994572722599096
age,4.523809523809518,0.023598087822624486,0.0,1802.57575757576,2.1794390140157773 < age <= 11.310905131690312,0.026851337603682638
