feature,value,importance,min,max,rule,importance_ratio
ent,2.35536068056318,0.14907068038684376,0.0,6.08230385583814,1.596054196840603 < ent <= 3.4251727475658535,0.4496070227065807
la,1179.0,0.06883441046117927,0.0,9967.0,229.98350223552893 < la <= 1199.5431080984263,0.2076091305607597
ndev,10.6363636363636,-0.04045548210266655,0.0,85.0,10.553100765399932 < ndev <= 52.00237651581121,0.1220164073387066
age,0.272727272727273,0.03858336103257295,0.0,1802.57575757576,-0.10342751540286343 < age <= -0.10342751540286343,0.11636996648067367
ld,21.0,0.01742883106539107,0.0,8658.0,14.111432331182087 < ld <= 35.06259046661786,0.05256650619847858
