feature,value,importance,min,max,rule,importance_ratio
la,1197,0.4055376688235529,0.0,9967.0,la > 1199.5431080984263,0.6201545753996546
ent,2.55491701558693,0.16561615328544776,0.0,6.08230385583814,1.596054196840603 < ent <= 3.4251727475658535,0.2532628239394167
ld,89,-0.037203045063630355,0.0,8658.0,35.06259046661786 < ld <= 6168.514134615445,0.05689148108470346
arexp,123.333333333333,-0.014838528785215114,0.0,863.416666666674,97.64182103961909 < arexp <= 214.01147610211652,0.022691311376932647
asexp,0.0123463099785629,0.013227273528173168,0.0,1122.0,-0.3302944893099209 < asexp <= 1.5309165943878895,0.020227354520125675
