feature,value,importance,min,max,rule,importance_ratio
ent,2.62532532867638,0.15015775511079857,0.0,6.08230385583814,1.596054196840603 < ent <= 3.4251727475658535,0.5169148222214244
la,487.0,0.0695106175257982,0.0,9967.0,229.98350223552893 < la <= 1199.5431080984263,0.2392887964683312
ld,80.0,-0.03954190835426246,0.0,8658.0,35.06259046661786 < ld <= 6168.514134615445,0.1361221637347821
age,14.2857142857143,-0.008211380149037488,0.0,1802.57575757576,11.310905131690312 < age <= 252.15332398535617,0.02826749845054788
asexp,0.458841882541748,0.007993253014724486,0.0,1122.0,-0.3302944893099209 < asexp <= 1.5309165943878895,0.027516600511431278
