feature,value,importance,min,max,rule,importance_ratio
la,5088,0.4040800590671092,0.0,9967.0,la > 1199.5431080984263,0.5574811345730885
ent,3.33807414255828,0.16630111507516526,0.0,6.08230385583814,1.596054196840603 < ent <= 3.4251727475658535,0.22943407434385607
arexp,82.9999999999999,-0.07858907549015103,0.0,863.416666666674,-0.02556803069123248 < arexp <= 97.64182103961909,0.10842387785838067
ld,1232,-0.03757789896497226,0.0,8658.0,35.06259046661786 < ld <= 6168.514134615445,0.05184361187787898
asexp,0.1406599964393819,0.014346822600692548,0.0,1122.0,-0.3302944893099209 < asexp <= 1.5309165943878895,0.019793312640613618
