feature,value,importance,min,max,rule,importance_ratio
ent,2.6762557720875897,0.15102771261961914,0.0,6.08230385583814,1.596054196840603 < ent <= 3.4251727475658535,0.41880151373538366
arexp,36.0,-0.06979822345261352,0.0,863.416666666674,-0.02556803069123248 < arexp <= 97.64182103961909,0.1935512438807723
la,302.0,0.06979218006565628,0.0,9967.0,229.98350223552893 < la <= 1199.5431080984263,0.1935344855020491
ld,168.0,-0.03959502283779546,0.0,8658.0,35.06259046661786 < ld <= 6168.514134615445,0.10979743527348962
asexp,0.0516287967215651,0.009484441712573986,0.0,1122.0,-0.3302944893099209 < asexp <= 1.5309165943878895,0.026300461532945227
