feature,value,importance,min,max,rule,importance_ratio
la,192.0,-0.044152003188126475,0.0,9967.0,104.87903696289698 < la <= 229.98350223552893,0.3657833580551299
age,7.75,0.02661653665235753,0.0,1802.57575757576,2.1794390140157773 < age <= 11.310905131690312,0.22050836776336785
ld,0.0,0.01915491850728818,0.0,8658.0,ld <= -1.6019362703947877,0.15869156343856342
arexp,194.583333333335,-0.012595748932873786,0.0,863.416666666674,97.64182103961909 < arexp <= 214.01147610211652,0.10435121872624137
nuc,13.0,0.008497634770578036,0.0,976.0,12.104132594966572 < nuc <= 255.46934596936424,0.07039982690397978
