feature,value,importance,min,max,rule,importance_ratio
la,5535.0,0.30667702805689484,0.0,9967.0,la > 1199.5431080984263,0.49475407270745214
ent,3.05797709131961,0.15409280794998187,0.0,6.08230385583814,1.596054196840603 < ent <= 3.4251727475658535,0.2485939191181841
arexp,7.0,-0.06586199443841595,0.0,863.416666666674,-0.02556803069123248 < arexp <= 97.64182103961909,0.10625344255976218
ld,304.0,-0.03961718406145722,0.0,8658.0,35.06259046661786 < ld <= 6168.514134615445,0.0639133726050403
asexp,6.0,0.020951362399765704,0.0,1122.0,1.5309165943878895 < asexp <= 23.865449598761593,0.03380028801547796
