feature,value,importance,min,max,rule,importance_ratio
ent,2.83051771600725,0.15016105589351672,0.0,6.08230385583814,1.596054196840603 < ent <= 3.4251727475658535,0.41791412180675397
arexp,249.333333333335,0.08404262546430358,0.0,863.416666666674,218.16753521149144 < arexp <= 822.8741356255406,0.2338995274524092
ld,117.0,-0.04026478421228779,0.0,8658.0,35.06259046661786 < ld <= 6168.514134615445,0.11206115882502413
la,141.0,-0.040100216403675275,0.0,9967.0,104.87903696289698 < la <= 229.98350223552893,0.11160314918461023
asexp,0.969844333798136,0.022454982976336236,0.0,1122.0,1.5309165943878895 < asexp <= 1.5309165943878895,0.06249459578518013
