feature,value,importance,min,max,rule,importance_ratio
ent,5.79720185322832,0.252418770166727,0.0,6.08230385583814,ent > 3.4251727475658535,0.602521484145672
la,327.0,0.07279092262675319,0.0,9967.0,229.98350223552893 < la <= 1199.5431080984263,0.17375132088804282
ld,327.0,-0.037396429462928094,0.0,8658.0,35.06259046661786 < ld <= 6168.514134615445,0.08926496300916724
asexp,264.0,-0.016223333374393235,0.0,1122.0,23.865449598761593 < asexp <= 381.21797766874084,0.03872496049352007
ndev,1.07142857142857,0.016213467482328162,0.0,85.0,0.9878832845357923 < ndev <= 3.937158674468902,0.03870141069203129
