feature,value,importance,min,max,rule,importance_ratio
ent,2.94766563557629,0.1517658593486235,0.0,6.08230385583814,1.596054196840603 < ent <= 3.4251727475658535,0.45047006804965883
arexp,23.5,-0.0697098305543823,0.0,863.416666666674,-0.02556803069123248 < arexp <= 97.64182103961909,0.20691209635909197
ld,73.0,-0.039291419508957814,0.0,8658.0,35.06259046661786 < ld <= 6168.514134615445,0.11662444041060578
la,203.0,-0.03865904721928743,0.0,9967.0,104.87903696289698 < la <= 229.98350223552893,0.11474743862915657
ndev,1.72727272727273,0.01167277059175072,0.0,85.0,0.9878832845357923 < ndev <= 3.937158674468902,0.03464701340184317
