feature,value,importance,min,max,rule,importance_ratio
ent,2.4329611306192,0.15130007206056947,0.0,6.08230385583814,1.596054196840603 < ent <= 3.4251727475658535,0.39264743611143055
arexp,24.5,-0.06873237924659015,0.0,863.416666666674,-0.02556803069123248 < arexp <= 97.64182103961909,0.1783713128583856
la,90.0,-0.05289678748507539,0.0,9967.0,42.326804326581055 < la <= 104.87903696289698,0.13727546657235798
ld,37.0,-0.03894801066416777,0.0,8658.0,35.06259046661786 < ld <= 6168.514134615445,0.10107620122483484
age,8.571428571428571,0.027254546858019247,0.0,1802.57575757576,2.1794390140157773 < age <= 11.310905131690312,0.07072982716026754
