feature,value,importance,min,max,rule,importance_ratio
ent,1.61198649472181,0.15075087229526835,0.0,6.08230385583814,1.596054196840603 < ent <= 3.4251727475658535,0.435546913502837
arexp,14.5,-0.0698413176485337,0.0,863.416666666674,-0.02556803069123248 < arexp <= 97.64182103961909,0.20178437360687063
la,78.0,-0.05429093111756142,0.0,9967.0,42.326804326581055 < la <= 104.87903696289698,0.15685645541827617
asexp,1.00283050537109,0.02197335446819029,0.0,1122.0,1.5309165943878895 < asexp <= 1.5309165943878895,0.06348505034968506
ld,14.0,0.01864410386969971,0.0,8658.0,3.6358532634641847 < ld <= 14.111432331182087,0.05386623488034626
