feature,value,importance,min,max,rule,importance_ratio
la,1404.0,0.3037493779597762,0.0,9967.0,la > 1199.5431080984263,0.5552011671938428
ent,0.102460827765925,-0.1199922499229482,0.0,6.08230385583814,0.008277677113822879 < ent <= 0.9990502254233335,0.21932501610014235
arexp,83.6666666666665,-0.06731657813105701,0.0,863.416666666674,-0.02556803069123248 < arexp <= 97.64182103961909,0.12304302646113609
ld,7.0,0.02103023870918423,0.0,8658.0,3.6358532634641847 < ld <= 14.111432331182087,0.03843962794633412
ndev,2.3333333333333304,0.013780087017945006,0.0,85.0,0.9878832845357923 < ndev <= 3.937158674468902,0.02518760844148603
