feature,value,importance,min,max,rule,importance_ratio
ent,3.3490249894670496,0.15080196489459372,0.0,6.08230385583814,1.596054196840603 < ent <= 3.4251727475658535,0.415432001378967
la,968.0,0.06985346045489371,0.0,9967.0,229.98350223552893 < la <= 1199.5431080984263,0.1924335859967523
arexp,42.5,-0.06980226035542918,0.0,863.416666666674,-0.02556803069123248 < arexp <= 97.64182103961909,0.19229253902958432
ld,250.0,-0.03965958665172952,0.0,8658.0,35.06259046661786 < ld <= 6168.514134615445,0.10925495213611254
ndev,2.2,0.010965367445323797,0.0,85.0,0.9878832845357923 < ndev <= 3.937158674468902,0.030207594091036585
