feature,value,importance,min,max,rule,importance_ratio
ent,3.1762475431685,0.15019097632059164,0.0,6.08230385583814,1.596054196840603 < ent <= 3.4251727475658535,0.41470730489942764
arexp,228.0,0.08299342573847204,0.0,863.416666666674,218.16753521149144 < arexp <= 822.8741356255406,0.22916143669580583
ld,333.0,-0.03897825868851655,0.0,8658.0,35.06259046661786 < ld <= 6168.514134615445,0.10762676298130694
la,193.0,-0.038644810495307,0.0,9967.0,104.87903696289698 < la <= 229.98350223552893,0.10670604587221548
age,2.2083333333333304,0.02686222616430823,0.0,1802.57575757576,2.1794390140157773 < age <= 11.310905131690312,0.07417197550151243
