feature,value,importance,min,max,rule,importance_ratio
ent,2.9510798597890098,0.1509356810942175,0.0,6.08230385583814,1.596054196840603 < ent <= 3.4251727475658535,0.40976320002279504
la,629.0,0.07028193211578636,0.0,9967.0,229.98350223552893 < la <= 1199.5431080984263,0.19080279228059072
arexp,47.5,-0.06950075787591957,0.0,863.416666666674,-0.02556803069123248 < arexp <= 97.64182103961909,0.18868204486034768
ld,364.0,-0.03936894222831012,0.0,8658.0,35.06259046661786 < ld <= 6168.514134615445,0.10687959024688783
ndev,1.48484848484848,0.011172662395166915,0.0,85.0,0.9878832845357923 < ndev <= 3.937158674468902,0.030331766899837003
