feature,value,importance,min,max,rule,importance_ratio
la,2129.0,0.3010702333379586,0.0,9967.0,la > 1199.5431080984263,0.47305687957201126
ent,5.896424056883951,0.24562369282188495,0.0,6.08230385583814,ent > 3.4251727475658535,0.3859364520598241
ld,1630.0,-0.03717364121188018,0.0,8658.0,35.06259046661786 < ld <= 6168.514134615445,0.05840911776316888
arexp,109.0,-0.015654122488072374,0.0,863.416666666674,97.64182103961909 < arexp <= 214.01147610211652,0.024596554280850967
ndev,0.702127659574468,0.011613910440015491,0.0,85.0,0.03136153644937778 < ndev <= 0.9878832845357923,0.0182483674040779
