feature,value,importance,min,max,rule,importance_ratio
ent,2.80085766289836,0.15109346795045783,0.0,6.08230385583814,1.596054196840603 < ent <= 3.4251727475658535,0.5712417521409823
la,126.0,-0.04002308305100301,0.0,9967.0,104.87903696289698 < la <= 229.98350223552893,0.15131597942828032
ld,128.0,-0.03945654776571716,0.0,8658.0,35.06259046661786 < ld <= 6168.514134615445,0.14917406943437841
age,69.6666666666667,-0.009384580655999727,0.0,1802.57575757576,11.310905131690312 < age <= 252.15332398535617,0.03548045041099613
arexp,112.0,-0.008200054534918443,0.0,863.416666666674,97.64182103961909 < arexp <= 214.01147610211652,0.03100209151142344
