feature,value,importance,min,max,rule,importance_ratio
ent,3.65290603991894,0.32772743751066535,0.0,6.08230385583814,ent > 3.4251727475658535,0.5796519870274182
arexp,232.250000000001,0.09709638835745524,0.0,863.416666666674,218.16753521149144 < arexp <= 822.8741356255406,0.17173452083258423
la,1105,0.05481089618454099,0.0,9967.0,229.98350223552893 < la <= 1199.5431080984263,0.09694411040298931
ld,1141,-0.03461772918248617,0.0,8658.0,35.06259046661786 < ld <= 6168.514134615445,0.061228427071664177
ndev,2.17142857142857,0.02003790983670283,0.0,85.0,0.9878832845357923 < ndev <= 3.937158674468902,0.03544107976111415
