feature,value,importance,min,max,rule,importance_ratio
ent,2.2669329431762795,0.16070934271035656,0.0,6.08230385583814,1.596054196840603 < ent <= 3.4251727475658535,0.384705752055978
arexp,14.7,-0.08213294574205551,0.0,863.416666666674,-0.02556803069123248 < arexp <= 97.64182103961909,0.19660970623977359
la,65,-0.06312771002203187,0.0,9967.0,42.326804326581055 < la <= 104.87903696289698,0.15111500520145202
ndev,16.5,-0.052565832495857806,0.0,85.0,10.553100765399932 < ndev <= 52.00237651581121,0.12583200068967962
asexp,0.9296875,0.022944946382102125,0.0,1122.0,1.5309165943878895 < asexp <= 1.5309165943878895,0.054925573740411106
