feature,value,importance,min,max,rule,importance_ratio
ent,2.3044921587437,0.15288474711221547,0.0,6.08230385583814,1.596054196840603 < ent <= 3.4251727475658535,0.38511978205302355
la,36.0,-0.07693175384906706,0.0,9967.0,21.47606011447573 < la <= 42.326804326581055,0.19379264992055112
arexp,57.0,-0.06990487921439852,0.0,863.416666666674,-0.02556803069123248 < arexp <= 97.64182103961909,0.1760918100465043
ld,59.0,-0.03995816827076712,0.0,8658.0,35.06259046661786 < ld <= 6168.514134615445,0.10065543715999854
ndev,11.0,-0.03806238600408929,0.0,85.0,10.553100765399932 < ndev <= 52.00237651581121,0.0958799231394464
