feature,value,importance,min,max,rule,importance_ratio
la,3449.0,0.3011082948841807,0.0,9967.0,la > 1199.5431080984263,0.4660793678088284
ent,3.93279928101924,0.24529552352704137,0.0,6.08230385583814,ent > 3.4251727475658535,0.3796879211706679
ld,363.0,-0.03709485048471241,0.0,8658.0,35.06259046661786 < ld <= 6168.514134615445,0.0574183599609168
asexp,0.99902343735448,0.020053033605215556,0.0,1122.0,1.5309165943878895 < asexp <= 1.5309165943878895,0.03103968035474762
arexp,108.333333333333,-0.01616962663354988,0.0,863.416666666674,97.64182103961909 < arexp <= 214.01147610211652,0.0250286341728597
