feature,value,importance,min,max,rule,importance_ratio
ent,1.7618497150173995,0.16010446217568033,0.0,6.08230385583814,1.596054196840603 < ent <= 3.4251727475658535,0.4541737023922427
ndev,12.875,-0.05373195134545742,0.0,85.0,10.553100765399932 < ndev <= 52.00237651581121,0.15242323010678166
la,1032,0.053001702939237984,0.0,9967.0,229.98350223552893 < la <= 1199.5431080984263,0.15035170993918764
ld,253,-0.0364335118086256,0.0,8658.0,35.06259046661786 < ld <= 6168.514134615445,0.10335216598222004
asexp,0.884651142650928,0.023081595721092717,0.0,1122.0,1.5309165943878895 < asexp <= 1.5309165943878895,0.06547633740692825
