feature,value,importance,min,max,rule,importance_ratio
ent,1.99525839799132,0.1608469894975259,0.0,6.08230385583814,1.596054196840603 < ent <= 3.4251727475658535,0.3643533691224019
arexp,245.500000000001,0.0951552820078041,0.0,863.416666666674,218.16753521149144 < arexp <= 822.8741356255406,0.21554738262520592
la,308,0.051538426241542756,0.0,9967.0,229.98350223552893 < la <= 1199.5431080984263,0.11674573020629243
ndev,12.4285714285714,-0.04906136486583958,0.0,85.0,10.553100765399932 < ndev <= 52.00237651581121,0.11113464814265016
ld,245,-0.036689058758241994,0.0,8658.0,35.06259046661786 < ld <= 6168.514134615445,0.08310868739449336
