feature,value,importance,min,max,rule,importance_ratio
ent,2.50715965827623,0.1527041001414421,0.0,6.08230385583814,1.596054196840603 < ent <= 3.4251727475658535,0.41436281745254366
arexp,95.98333333333348,-0.06953099099464834,0.0,863.416666666674,-0.02556803069123248 < arexp <= 97.64182103961909,0.18867245412614134
la,86.0,-0.05359763804735936,0.0,9967.0,42.326804326581055 < la <= 104.87903696289698,0.14543727568241144
ld,202.0,-0.04092241197982672,0.0,8658.0,35.06259046661786 < ld <= 6168.514134615445,0.11104302968426234
asexp,9.7347829709461e-13,0.020512065094793853,0.0,1122.0,asexp <= -0.3302944893099209,0.05565952110373041
