feature,value,importance,min,max,rule,importance_ratio
ent,4.59095012987409,0.25196359608910573,0.0,6.08230385583814,ent > 3.4251727475658535,0.5352169101762316
la,501.0,0.07275724405178804,0.0,9967.0,229.98350223552893 < la <= 1199.5431080984263,0.15454973638558775
arexp,65.0,-0.06726424683817114,0.0,863.416666666674,-0.02556803069123248 < arexp <= 97.64182103961909,0.1428816024094439
ld,128.0,-0.03685571949263667,0.0,8658.0,35.06259046661786 < ld <= 6168.514134615445,0.07828831075341126
ndev,2.1956521739130404,0.016853279213074782,0.0,85.0,0.9878832845357923 < ndev <= 3.937158674468902,0.035799457408796705
