feature,value,importance,min,max,rule,importance_ratio
la,1609.0,0.2995185210080424,0.0,9967.0,la > 1199.5431080984263,0.43722295613262435
ent,3.56286271980411,0.24504722570841883,0.0,6.08230385583814,ent > 3.4251727475658535,0.35770833822145004
arexp,28.5,-0.06391359271634675,0.0,863.416666666674,-0.02556803069123248 < arexp <= 97.64182103961909,0.09329803663042045
ld,418.0,-0.03754033406520041,0.0,8658.0,35.06259046661786 < ld <= 6168.514134615445,0.054799602304902086
ndev,1.92682926829268,0.014113902473905553,0.0,85.0,0.9878832845357923 < ndev <= 3.937158674468902,0.020602806602543454
