feature,value,importance,min,max,rule,importance_ratio
ent,2.2206167163266604,0.15111129828225026,0.0,6.08230385583814,1.596054196840603 < ent <= 3.4251727475658535,0.41871435239924193
arexp,1.0,-0.0701221295952941,0.0,863.416666666674,-0.02556803069123248 < arexp <= 97.64182103961909,0.194301434876879
la,943.0,0.07011858048781006,0.0,9967.0,229.98350223552893 < la <= 1199.5431080984263,0.19429160065363646
ld,125.0,-0.039651458496273974,0.0,8658.0,35.06259046661786 < ld <= 6168.514134615445,0.1098702410387731
asexp,0.666666666666667,0.009441232429537809,0.0,1122.0,-0.3302944893099209 < asexp <= 1.5309165943878895,0.026160714437121552
