feature,value,importance,min,max,rule,importance_ratio
ent,1.69996031317553,0.15184274760020874,0.0,6.08230385583814,1.596054196840603 < ent <= 3.4251727475658535,0.42386789986917567
arexp,68.5,-0.06919842867501039,0.0,863.416666666674,-0.02556803069123248 < arexp <= 97.64182103961909,0.19316689865195297
la,64.0,-0.054893142315787465,0.0,9967.0,42.326804326581055 < la <= 104.87903696289698,0.15323379824418182
ndev,17.8,-0.0398787165752899,0.0,85.0,10.553100765399932 < ndev <= 52.00237651581121,0.11132114053119899
ld,15.0,0.018467432642485633,0.0,8658.0,3.6358532634641847 < ld <= 14.111432331182087,0.05155170078162551
