feature,value,importance,min,max,rule,importance_ratio
ent,1.8762029604104296,0.1508295114046644,0.0,6.08230385583814,1.596054196840603 < ent <= 3.4251727475658535,0.34514772989290493
la,613.0,0.06926831736313731,0.0,9967.0,229.98350223552893 < la <= 1199.5431080984263,0.15850878431373597
arexp,3.0,-0.06794357549763896,0.0,863.416666666674,-0.02556803069123248 < arexp <= 97.64182103961909,0.15547733746150738
ld,85.0,-0.038419368945402065,0.0,8658.0,35.06259046661786 < ld <= 6168.514134615445,0.0879162032146808
nuc,310.0,0.03811898398408208,0.0,976.0,255.46934596936424 < nuc <= 470.68410555791735,0.0872288232283106
