feature,value,importance,min,max,rule,importance_ratio
la,313.0,0.07361065808926023,0.0,9967.0,229.98350223552893 < la <= 1199.5431080984263,0.38310410238524634
arexp,88.6666666666666,-0.07049768803584033,0.0,863.416666666674,-0.02556803069123248 < arexp <= 97.64182103961909,0.36690275832687036
asexp,103.0,-0.014127251157406866,0.0,1122.0,23.865449598761593 < asexp <= 381.21797766874084,0.07352478587090541
ndev,8.5,-0.011079697832635422,0.0,85.0,4.096578965816638 < ndev <= 10.553100765399932,0.05766390089495545
age,64.75,-0.010974710525713503,0.0,1802.57575757576,11.310905131690312 < age <= 252.15332398535617,0.057117498118181
