feature,value,importance,min,max,rule,importance_ratio
ent,2.26008423189289,0.1501919075036934,0.0,6.08230385583814,1.596054196840603 < ent <= 3.4251727475658535,0.44684358943200164
la,397.0,0.07126775892364975,0.0,9967.0,229.98350223552893 < la <= 1199.5431080984263,0.21203233741095603
arexp,97.4999999999999,-0.06956591337945223,0.0,863.416666666674,-0.02556803069123248 < arexp <= 97.64182103961909,0.20696909010111425
asexp,86.0,-0.013130970158667241,0.0,1122.0,23.865449598761593 < asexp <= 381.21797766874084,0.03906661774223143
ndev,2.05,0.011264197644759685,0.0,85.0,0.9878832845357923 < ndev <= 3.937158674468902,0.03351268780930917
