feature,value,importance,min,max,rule,importance_ratio
la,8904.0,0.3035320475707844,0.0,9967.0,la > 1199.5431080984263,0.6228971370676912
arexp,256.416666666668,0.08301640510542363,0.0,863.416666666674,218.16753521149144 < arexp <= 822.8741356255406,0.17036316752602867
ld,77.0,-0.03970689073887211,0.0,8658.0,35.06259046661786 < ld <= 6168.514134615445,0.08148499890225
asexp,1.0,0.024774196278988206,0.0,1122.0,1.5309165943878895 < asexp <= 1.5309165943878895,0.05084068077436231
ndev,3.5833333333333304,0.012352443444306938,0.0,85.0,0.9878832845357923 < ndev <= 3.937158674468902,0.025349223315389895
