feature,value,importance,min,max,rule,importance_ratio
arexp,257.75000000000097,0.0822176958534688,0.0,863.416666666674,218.16753521149144 < arexp <= 822.8741356255406,0.30027229776241754
nuc,353.0,0.044795417085895343,0.0,976.0,255.46934596936424 < nuc <= 470.68410555791735,0.1636000945779382
la,113.0,-0.04390156715788933,0.0,9967.0,104.87903696289698 < la <= 229.98350223552893,0.16033561034554758
ndev,27.0,-0.03524861919945058,0.0,85.0,10.553100765399932 < ndev <= 52.00237651581121,0.12873364754510985
age,9.0,0.026179070544922838,0.0,1802.57575757576,2.1794390140157773 < age <= 11.310905131690312,0.09561019175018333
