feature,value,importance,min,max,rule,importance_ratio
ent,3.47809765468405,0.3307120843416158,0.0,6.08230385583814,ent > 3.4251727475658535,0.5750606001912482
arexp,93.8333333333333,-0.07866818204614018,0.0,863.416666666674,-0.02556803069123248 < arexp <= 97.64182103961909,0.13679261849009794
la,81,-0.06505794993560081,0.0,9967.0,42.326804326581055 < la <= 104.87903696289698,0.11312638850696792
ld,53,-0.0348797702594629,0.0,8658.0,35.06259046661786 < ld <= 6168.514134615445,0.06065088809763686
ndev,2.8333333333333304,0.02071024644809963,0.0,85.0,0.9878832845357923 < ndev <= 3.937158674468902,0.03601213054026331
