feature,value,importance,min,max,rule,importance_ratio
la,35.0,-0.07678139072512882,0.0,9967.0,21.47606011447573 < la <= 42.326804326581055,0.3175397199939564
arexp,24.4166666666667,-0.07005440820840135,0.0,863.416666666674,-0.02556803069123248 < arexp <= 97.64182103961909,0.28971938326141544
ndev,17.5,-0.03586631776595072,0.0,85.0,10.553100765399932 < ndev <= 52.00237651581121,0.14832995851020578
asexp,1.4141581216827,0.023142216106398824,0.0,1122.0,1.5309165943878895 < asexp <= 1.5309165943878895,0.09570773273400073
ld,9.0,0.019506891951715226,0.0,8658.0,3.6358532634641847 < ld <= 14.111432331182087,0.08067336303499369
