feature,value,importance,min,max,rule,importance_ratio
ent,2.6661509023469,0.15007335040110903,0.0,6.08230385583814,1.596054196840603 < ent <= 3.4251727475658535,0.37679422953253316
la,270.0,0.070592446973016,0.0,9967.0,229.98350223552893 < la <= 1199.5431080984263,0.17723884085296734
arexp,44.0,-0.06988734745670408,0.0,863.416666666674,-0.02556803069123248 < arexp <= 97.64182103961909,0.17546852368284738
age,0.0,0.04248821635013408,0.0,1802.57575757576,age <= -0.10342751540286343,0.10667659981649906
ld,116.0,-0.04081577606681396,0.0,8658.0,35.06259046661786 < ld <= 6168.514134615445,0.1024775475110198
