feature,value,importance,min,max,rule,importance_ratio
ent,2.3443980582284905,0.16106088071437685,0.0,6.08230385583814,1.596054196840603 < ent <= 3.4251727475658535,0.44424869774312975
arexp,0.0,-0.06275625456168336,0.0,863.416666666674,arexp <= -0.02556803069123248,0.17309842241397586
la,214,-0.052620102795185086,0.0,9967.0,104.87903696289698 < la <= 229.98350223552893,0.1451402229901251
ld,58,-0.037642653771515024,0.0,8658.0,35.06259046661786 < ld <= 6168.514134615445,0.1038284395529096
asexp,0.0,0.02413530598718895,0.0,1122.0,asexp <= -0.3302944893099209,0.06657158589275965
