feature,value,importance,min,max,rule,importance_ratio
ent,2.74419985626863,0.15049907429298523,0.0,6.08230385583814,1.596054196840603 < ent <= 3.4251727475658535,0.40355005394650584
arexp,94.1666666666666,-0.07048876247626908,0.0,863.416666666674,-0.02556803069123248 < arexp <= 97.64182103961909,0.18900942768952753
la,251.0,0.06989240757501156,0.0,9967.0,229.98350223552893 < la <= 1199.5431080984263,0.18741035438157327
ld,64.0,-0.039727920831820314,0.0,8658.0,35.06259046661786 < ld <= 6168.514134615445,0.10652693161190337
asexp,0.9999999999999428,0.02227632367122562,0.0,1122.0,1.5309165943878895 < asexp <= 1.5309165943878895,0.059732006070365114
