feature,value,importance,min,max,rule,importance_ratio
ent,2.15123856779174,0.15157927088010215,0.0,6.08230385583814,1.596054196840603 < ent <= 3.4251727475658535,0.45318371076975167
arexp,85.1666666666667,-0.07005227782056693,0.0,863.416666666674,-0.02556803069123248 < arexp <= 97.64182103961909,0.20943860612516954
ld,130.0,-0.03976992407335693,0.0,8658.0,35.06259046661786 < ld <= 6168.514134615445,0.1189020217866813
la,168.0,-0.038935070466687205,0.0,9967.0,104.87903696289698 < la <= 229.98350223552893,0.11640602049822438
ndev,3.1666666666666696,0.011373474276262953,0.0,85.0,0.9878832845357923 < ndev <= 3.937158674468902,0.03400381362790791
