feature,value,importance,min,max,rule,importance_ratio
ent,1.6818514056397098,0.14969896733526847,0.0,6.08230385583814,1.596054196840603 < ent <= 3.4251727475658535,0.44208427511586174
arexp,54.0833333333333,-0.07042609869320415,0.0,863.416666666674,-0.02556803069123248 < arexp <= 97.64182103961909,0.20797919547630833
la,483.0,0.07017403654711357,0.0,9967.0,229.98350223552893 < la <= 1199.5431080984263,0.20723481685351505
ld,9.0,0.019103439326007863,0.0,8658.0,3.6358532634641847 < ld <= 14.111432331182087,0.05641542007262963
asexp,0.005707996024337,0.008991683990334998,0.0,1122.0,-0.3302944893099209 < asexp <= 1.5309165943878895,0.02655383780995284
