feature,value,importance,min,max,rule,importance_ratio
la,1607.0,0.3004404175855399,0.0,9967.0,la > 1199.5431080984263,0.47105435487181074
ent,4.12407248889006,0.2459015938290535,0.0,6.08230385583814,ent > 3.4251727475658535,0.38554405420540805
ld,207.0,-0.03786162287895769,0.0,8658.0,35.06259046661786 < ld <= 6168.514134615445,0.059362460227473705
arexp,110.416666666667,-0.016492669125126338,0.0,863.416666666674,97.64182103961909 < arexp <= 214.01147610211652,0.025858516897576483
ndev,3.45,0.01308852130720826,0.0,85.0,0.9878832845357923 < ndev <= 3.937158674468902,0.020521223509608364
