feature,value,importance,min,max,rule,importance_ratio
ent,2.65484281965907,0.1494818087839087,0.0,6.08230385583814,1.596054196840603 < ent <= 3.4251727475658535,0.376361561930236
la,422.0,0.0698124806812199,0.0,9967.0,229.98350223552893 < la <= 1199.5431080984263,0.17577211892981018
arexp,20.0,-0.06837051796810127,0.0,863.416666666674,-0.02556803069123248 < arexp <= 97.64182103961909,0.17214158125188433
age,0.0,0.042527945346709756,0.0,1802.57575757576,age <= -0.10342751540286343,0.10707579782841364
ndev,11.5,-0.03657219980313149,0.0,85.0,10.553100765399932 < ndev <= 52.00237651581121,0.09208057055978662
