feature,value,importance,min,max,rule,importance_ratio
ent,4.76874169405266,0.25260179448050113,0.0,6.08230385583814,ent > 3.4251727475658535,0.6122625550089712
arexp,11.0,-0.06748120868533088,0.0,863.416666666674,-0.02556803069123248 < arexp <= 97.64182103961909,0.1635626434473471
la,174.0,-0.0425035981459877,0.0,9967.0,104.87903696289698 < la <= 229.98350223552893,0.10302128554334478
ndev,2.0208333333333304,0.017913798098119382,0.0,85.0,0.9878832845357923 < ndev <= 3.937158674468902,0.043419912419965255
age,242.333333333333,-0.00938734290045712,0.0,1802.57575757576,11.310905131690312 < age <= 252.15332398535617,0.022753276795992303
