feature,value,importance,min,max,rule,importance_ratio
ent,3.966561910884201,0.2515983334753001,0.0,6.08230385583814,ent > 3.4251727475658535,0.5614387771358761
la,1091.0,0.07326851902494601,0.0,9967.0,229.98350223552893 < la <= 1199.5431080984263,0.16349785451961565
arexp,10.0,-0.06692814951653936,0.0,863.416666666674,-0.02556803069123248 < arexp <= 97.64182103961909,0.14934939314382165
ndev,1.5,0.017975972989345623,0.0,85.0,0.9878832845357923 < ndev <= 3.937158674468902,0.04011317624230821
ld,23.0,0.014333644982326055,0.0,8658.0,14.111432331182087 < ld <= 35.06259046661786,0.03198536333535358
