feature,value,importance,min,max,rule,importance_ratio
arexp,5.0,-0.08154861149015151,0.0,863.416666666674,-0.02556803069123248 < arexp <= 97.64182103961909,0.29028024114438866
la,683,0.05525028752053674,0.0,9967.0,229.98350223552893 < la <= 1199.5431080984263,0.1966687904513874
ld,225,-0.035892568822302184,0.0,8658.0,35.06259046661786 < ld <= 6168.514134615445,0.1277631015739332
asexp,2.0,0.033654358509201815,0.0,1122.0,1.5309165943878895 < asexp <= 23.865449598761593,0.11979597353157412
ent,1.5505204037991205,-0.020826798019998035,0.0,6.08230385583814,1.0371568618967764 < ent <= 1.596054196840603,0.0741350200946171
