feature,value,importance,min,max,rule,importance_ratio
ent,3.74963575434418,0.25032341331744334,0.0,6.08230385583814,ent > 3.4251727475658535,0.5187778611663748
la,267.0,0.07251718716714704,0.0,9967.0,229.98350223552893 < la <= 1199.5431080984263,0.15028682598166188
arexp,94.5833333333332,-0.06741405802196856,0.0,863.416666666674,-0.02556803069123248 < arexp <= 97.64182103961909,0.13971094581085963
ld,276.0,-0.036663189341284826,0.0,8658.0,35.06259046661786 < ld <= 6168.514134615445,0.07598190955429975
asexp,0.9999999999999428,0.022038877824857216,0.0,1122.0,1.5309165943878895 < asexp <= 1.5309165943878895,0.04567404122916602
