feature,value,importance,min,max,rule,importance_ratio
ent,2.44323403507657,0.15214564216139528,0.0,6.08230385583814,1.596054196840603 < ent <= 3.4251727475658535,0.40518490603157636
la,29.0,-0.07665293965579983,0.0,9967.0,21.47606011447573 < la <= 42.326804326581055,0.2041373890849436
arexp,3.0,-0.0695666710308502,0.0,863.416666666674,-0.02556803069123248 < arexp <= 97.64182103961909,0.18526567481087375
ndev,20.8333333333333,-0.03893528383722509,0.0,85.0,10.553100765399932 < ndev <= 52.00237651581121,0.10369005052516533
ld,26.0,0.01978489443154936,0.0,8658.0,14.111432331182087 < ld <= 35.06259046661786,0.05268991262061967
