feature,value,importance,min,max,rule,importance_ratio
ns,1.0,0.35409746413370674,1.0,6.0,ns <= 1.4968350645973174,0.449197357141167
nd,2.0,-0.20728615729236477,1.0,35.0,1.4827649840212431 < nd <= 2.5091144786496407,0.26295696371471156
age,0.75,0.10260165290619014,0.0,536.25,age <= 91.7448502777025,0.1301573605914699
aexp,112.0,0.07367833690115116,0.0,418.0,77.34852688871881 < aexp <= 157.78734591064995,0.09346611474759552
la,76.0,-0.024928686199269027,0.0,8385.0,70.36227779601131 < la <= 363.9600190460562,0.03162377902114774
