feature,value,importance,min,max,rule,importance_ratio
ns,1.0,0.35191948436991505,1.0,6.0,ns <= 1.4968350645973174,0.3822880361749795
nd,6.0,0.1915747061689733,1.0,35.0,4.485787579415443 < nd <= 8.51515966943804,0.2081064602980431
la,698.0,0.13217812498104947,0.0,8385.0,363.9600190460562 < la <= 3755.7865561189433,0.1435843085379791
aexp,5.0,-0.122162879667683,0.0,418.0,aexp <= 36.753235045875066,0.13270480730913256
age,56.71428571428571,0.09498005016401075,0.0,536.25,age <= 91.7448502777025,0.10317626180320909
