feature,value,importance,min,max,rule,importance_ratio
ns,1,0.374330852362436,1.0,6.0,ns <= 1.4968350645973174,0.40942330790426995
aexp,398,0.23580605999033716,0.0,418.0,aexp > 173.5744038495336,0.2579122092016073
nd,6,0.19688475179435821,1.0,35.0,4.485787579415443 < nd <= 8.51515966943804,0.21534213877062303
age,131.615384615385,-0.05927876159351275,0.0,536.25,98.64853560228445 < age <= 151.75380732983808,0.06483597733639569
la,190,-0.027810718768263444,0.0,8385.0,70.36227779601131 < la <= 363.9600190460562,0.030417894761913034
