feature,value,importance,min,max,rule,importance_ratio
nd,12,0.41369187871351126,1.0,35.0,8.51515966943804 < nd <= 15.509541410609344,0.3756723650452288
ns,2,-0.29148036673686223,1.0,6.0,1.4968350645973174 < ns <= 2.497149685556895,0.26469245438612793
aexp,428,0.23177428121907045,0.0,418.0,aexp > 173.5744038495336,0.21047353564928076
age,46.5,0.10077216009959782,0.0,536.25,age <= 91.7448502777025,0.09151089896436954
la,282,-0.03458363691957837,0.0,8385.0,70.36227779601131 < la <= 363.9600190460562,0.03140529786044159
