feature,value,importance,min,max,rule,importance_ratio
ns,1.0,0.34754702793560377,1.0,6.0,ns <= 1.4968350645973174,0.4080845940322207
nd,5.0,0.18965773447028933,1.0,35.0,4.485787579415443 < nd <= 8.51515966943804,0.22269331444468385
la,1258.0,0.13201657438587444,0.0,8385.0,363.9600190460562 < la <= 3755.7865561189433,0.1550119144559804
age,56.6428571428571,0.09417599994479195,0.0,536.25,age <= 91.7448502777025,0.1105800700795226
aexp,93.0,0.06647999804098306,0.0,418.0,77.34852688871881 < aexp <= 157.78734591064995,0.07805983314823271
