feature,value,importance,min,max,rule,importance_ratio
ns,1.0,0.3554694352109645,1.0,6.0,ns <= 1.4968350645973174,0.36690267480354744
aexp,604.0,0.21954453788370626,0.0,418.0,aexp > 173.5744038495336,0.22660591940973707
nd,2.0,-0.20550767857866947,1.0,35.0,1.4827649840212431 < nd <= 2.5091144786496407,0.2121175816942805
age,112.0,-0.06968237539154197,0.0,536.25,98.64853560228445 < age <= 151.75380732983808,0.07192362376430003
la,19.0,-0.058488614663879085,0.0,8385.0,8.552227006528142 < la <= 31.73099605258426,0.06036982941443427
