feature,value,importance,min,max,rule,importance_ratio
ns,1.0,0.35047190931157873,1.0,6.0,ns <= 1.4968350645973174,0.5470893484234843
age,11.25,0.09807387974978883,0.0,536.25,age <= 91.7448502777025,0.15309408127763607
aexp,114.0,0.06372736780056096,0.0,418.0,77.34852688871881 < aexp <= 157.78734591064995,0.09947891172001783
la,23.0,-0.05876519685320935,0.0,8385.0,8.552227006528142 < la <= 31.73099605258426,0.0917329246716263
nd,4.0,0.03694261128675902,1.0,35.0,3.497451029032542 < nd <= 4.485787579415443,0.05766770060868708
