feature,value,importance,min,max,rule,importance_ratio
ns,1.0,0.349640465562155,1.0,6.0,ns <= 1.4968350645973174,0.4748347496384587
nd,7.0,0.1956747744350332,1.0,35.0,4.485787579415443 < nd <= 8.51515966943804,0.26573921408105394
age,36.7,0.09694086734929692,0.0,536.25,age <= 91.7448502777025,0.13165207409139434
aexp,125.0,0.06754340761723668,0.0,418.0,77.34852688871881 < aexp <= 157.78734591064995,0.09172839017387009
la,224.0,-0.024922738982555315,0.0,8385.0,70.36227779601131 < la <= 363.9600190460562,0.03384671881745497
