feature,value,importance,min,max,rule,importance_ratio
ns,1.0,0.35189120249549877,1.0,6.0,ns <= 1.4968350645973174,0.3800859680708965
aexp,551.0,0.21543829152959515,0.0,418.0,aexp > 173.5744038495336,0.23269996810054844
nd,6.0,0.19284044336194459,1.0,35.0,4.485787579415443 < nd <= 8.51515966943804,0.20829150055089302
age,6.0,0.09655717547318407,0.0,536.25,age <= 91.7448502777025,0.10429367728903663
la,51.0,-0.05141185016502999,0.0,8385.0,39.45725240126967 < la <= 70.36227779601131,0.0555311491214142
