feature,value,importance,min,max,rule,importance_ratio
ns,1.0,0.35399262173164614,1.0,6.0,ns <= 1.4968350645973174,0.42695468226678307
nd,2.0,-0.2076542971694816,1.0,35.0,1.4827649840212431 < nd <= 2.5091144786496407,0.25045430053211265
age,51.5,0.1028161260851639,0.0,536.25,age <= 91.7448502777025,0.12400774408758897
aexp,124.0,0.07125226535140367,0.0,418.0,77.34852688871881 < aexp <= 157.78734591064995,0.08593819883895466
la,7.0,-0.04873730267129684,0.0,8385.0,0.8259706578427313 < la <= 8.552227006528142,0.05878263641420789
