feature,value,importance,min,max,rule,importance_ratio
nd,18.0,0.3853556502058112,1.0,35.0,nd > 15.509541410609344,0.3826143897743461
ns,2.0,-0.26822716508310807,1.0,6.0,1.4968350645973174 < ns <= 2.497149685556895,0.2663191081650541
age,479.333333333333,-0.1653087542187575,0.0,536.25,age > 172.46486330358397,0.16413281623348946
aexp,10.0,-0.12308853197296972,0.0,418.0,aexp <= 36.753235045875066,0.12221293115568724
la,49.0,-0.05906635671801733,0.0,8385.0,39.45725240126967 < la <= 70.36227779601131,0.058646183129241795
