feature,value,importance,min,max,rule,importance_ratio
ns,1.0,0.35397832354027636,1.0,6.0,ns <= 1.4968350645973174,0.4295268152199714
nd,2.0,-0.2069526765668585,1.0,35.0,1.4827649840212431 < nd <= 2.5091144786496407,0.25112194209512734
age,10.0,0.10177200559901117,0.0,536.25,age <= 91.7448502777025,0.12349288794379672
aexp,79.0,0.073288210697346,0.0,418.0,77.34852688871881 < aexp <= 157.78734591064995,0.08892988536463164
la,65.0,-0.053343645586306054,0.0,8385.0,39.45725240126967 < la <= 70.36227779601131,0.06472861380818956
