feature,value,importance,min,max,rule,importance_ratio
ns,2.0,-0.2587385846783998,1.0,6.0,1.4968350645973174 < ns <= 2.497149685556895,0.30655536451774995
nd,7.0,0.19273062938208474,1.0,35.0,4.485787579415443 < nd <= 8.51515966943804,0.22834865707175966
age,235.6,-0.1807473478782898,0.0,536.25,age > 172.46486330358397,0.21415077764036095
la,733.0,0.1392984650161533,0.0,8385.0,363.9600190460562 < la <= 3755.7865561189433,0.1650418385524811
aexp,116.0,0.07017565875449307,0.0,418.0,77.34852688871881 < aexp <= 157.78734591064995,0.08314463293712528
