feature,value,importance,min,max,rule,importance_ratio
ns,1.0,0.3584392054083467,1.0,6.0,ns <= 1.4968350645973174,0.3978724581377023
nd,2.0,-0.208405640757479,1.0,35.0,1.4827649840212431 < nd <= 2.5091144786496407,0.23133313356020016
aexp,17.0,-0.1259517465985573,0.0,418.0,aexp <= 36.753235045875066,0.1398081746354023
age,31.3333333333333,0.1015431888511677,0.0,536.25,age <= 91.7448502777025,0.11271433912852387
la,6.0,-0.04819266781710049,0.0,8385.0,0.8259706578427313 < la <= 8.552227006528142,0.053494525485177316
