feature,value,importance,min,max,rule,importance_ratio
ns,1.0,0.3572910418159363,1.0,6.0,ns <= 1.4968350645973174,0.5388280637890415
aexp,28.0,-0.12333382502139706,0.0,418.0,aexp <= 36.753235045875066,0.18599885907638136
la,60.0,-0.05973873115665124,0.0,8385.0,39.45725240126967 < la <= 70.36227779601131,0.090091553034053
nd,3.0,-0.05338409702486898,1.0,35.0,2.5091144786496407 < nd <= 3.497451029032542,0.08050817476653982
age,146.666666666667,-0.05217520054080419,0.0,536.25,98.64853560228445 < age <= 151.75380732983808,0.07868504662842775
