feature,value,importance,min,max,rule,importance_ratio
ns,2.0,-0.2617272317722955,1.0,6.0,1.4968350645973174 < ns <= 2.497149685556895,0.31962265193187506
aexp,252.0,0.22293807276267652,0.0,418.0,aexp > 173.5744038495336,0.2722531299111483
nd,5.0,0.1958861170791684,1.0,35.0,4.485787579415443 < nd <= 8.51515966943804,0.23921714142436803
age,36.0,0.09754998112074134,0.0,536.25,age <= 91.7448502777025,0.11912854253103397
la,216.0,-0.02569382236475388,0.0,8385.0,70.36227779601131 < la <= 363.9600190460562,0.031377429038923765
