feature,value,importance,min,max,rule,importance_ratio
ns,1.0,0.35251666365377127,1.0,6.0,ns <= 1.4968350645973174,0.3836540419898612
aexp,202.0,0.21898738478537272,0.0,418.0,aexp > 173.5744038495336,0.23833028046644078
nd,1.0,-0.2056146710288724,1.0,35.0,nd <= 1.4827649840212431,0.22377637078206414
age,9.5,0.09681739296072621,0.0,536.25,age <= 91.7448502777025,0.10536915832377551
la,346.0,-0.027821010353369438,0.0,8385.0,70.36227779601131 < la <= 363.9600190460562,0.030278407164307037
