feature,value,importance,min,max,rule,importance_ratio
ns,1,0.37649257083682447,1.0,6.0,ns <= 1.4968350645973174,0.347486159156015
aexp,181,0.23301119261457723,0.0,418.0,aexp > 173.5744038495336,0.21505912900760593
nd,2,-0.21445490473967554,1.0,35.0,1.4827649840212431 < nd <= 2.5091144786496407,0.1979324877368076
age,267.0,-0.1839256908434415,0.0,536.25,age > 172.46486330358397,0.16975535995105742
la,21,-0.059143789479682025,0.0,8385.0,8.552227006528142 < la <= 31.73099605258426,0.05458712823614763
