feature,value,importance,min,max,rule,importance_ratio
ns,1.0,0.35092629519068164,1.0,6.0,ns <= 1.4968350645973174,0.46592100783284535
nd,1.0,-0.20396469554674554,1.0,35.0,nd <= 1.4827649840212431,0.2708016977178134
age,32.0,0.0978611807323901,0.0,536.25,age <= 91.7448502777025,0.12992922040730034
aexp,148.0,0.06406878847887523,0.0,418.0,77.34852688871881 < aexp <= 157.78734591064995,0.08506343043483505
la,101.0,-0.02808716608328431,0.0,8385.0,70.36227779601131 < la <= 363.9600190460562,0.03729102352270759
