,nuc,arexp,ent,ndev,age,asexp,la,ld,target
0,0.0,7.0,4.94,0.0,0.0,1.0,3725.0,0.0,True
1,3.38,24.0,2.71,0.25,0.0,0.93,470.0,0.0,True
2,0.0,55.0,1.73,0.0,0.0,37.0,451.0,0.0,True
3,5.43,1.0,2.59,0.1,31.37,0.5,1220.0,204.0,True
4,29.75,21.0,0.27,1.0,5.25,1.96,509.0,1.0,False
5,28.6,1.0,1.97,1.2,26.0,1.0,28.0,1.0,False
6,105.5,27.0,0.54,4.0,7.5,1.0,13.0,3.0,True
7,43.33,40.0,2.13,1.5,6.0,1.0,63.0,2.0,True
8,25.0,39.0,0.0,7.0,3.0,33.0,9.0,7.0,True
9,10.67,2.0,1.53,2.0,13.33,0.0,17.0,16.0,True
10,10.33,5.0,2.77,0.67,36.83,0.06,137.0,56.0,True
11,33.67,52.0,2.26,0.75,15.5,1.0,490.0,81.0,True
12,152.0,133.0,1.51,2.67,37.33,2.0,14.0,1.0,True
13,87.17,212.5,2.27,1.67,18.33,0.93,14.0,0.0,True
14,103.0,203.0,1.83,1.38,2.38,2.0,175.0,97.0,True
15,33.37,226.0,5.72,0.13,3.99,0.62,1014.0,1024.0,True
16,98.12,231.0,1.4,1.38,11.38,0.67,929.0,0.0,True
17,167.0,236.0,1.48,2.5,9.75,1.0,55.0,16.0,True
18,101.44,27.0,2.91,1.22,48.89,0.3,56.0,1.0,True
19,349.5,247.5,0.54,5.0,7.0,2.0,10.0,14.0,True
20,160.4,40.0,2.28,2.4,109.6,0.65,13.0,8.0,True
21,155.6,30.0,0.93,2.2,45.8,1.98,486.0,32.0,True
22,145.0,33.0,1.25,1.83,4.33,0.94,663.0,4.0,True
23,111.4,258.0,2.66,1.2,10.5,2.0,35.0,21.0,True
24,302.0,290.0,1.37,4.0,1.33,2.0,21.0,14.0,True
25,217.6,300.0,1.72,2.8,18.4,0.5,142.0,34.0,True
26,151.1,62.0,1.74,1.4,10.8,0.67,452.0,224.0,True
27,14.08,17.0,3.01,1.08,108.5,0.21,45.0,10.0,True
28,3.0,2.0,0.0,2.0,39.0,1.0,1.0,1.0,True
29,11.25,3.0,1.89,0.8,49.15,0.62,4636.0,26.0,True
30,45.25,10.0,2.54,1.33,42.83,1.0,355.0,43.0,True
31,24.0,37.0,0.0,5.0,39.0,17.0,48.0,21.0,True
32,56.9,71.5,2.09,1.5,21.5,0.99,686.0,45.0,True
33,87.0,64.0,0.0,13.0,1.0,19.0,5.0,3.0,True
34,2.86,1.0,2.2,1.0,13.86,1.0,1050.0,34.0,False
35,75.0,34.0,0.0,12.0,5.0,17.0,2.0,1.0,True
36,19.67,245.33,2.56,1.67,29.89,0.5,121.0,2.0,True
37,3.5,11.0,1.55,1.25,756.75,0.49,29.0,5.0,True
38,25.4,80.0,2.09,3.0,81.8,0.24,161.0,61.0,True
39,35.96,47.0,2.37,0.71,18.89,0.17,2570.0,122.0,True
40,6.48,192.5,3.05,0.52,517.28,108.0,243.0,66.0,True
41,0.0,0.0,2.88,0.0,0.0,0.0,168.0,33.0,True
42,2.0,258.0,0.0,2.0,6.0,2.0,14.0,6.0,True
43,0.0,276.0,1.7,0.0,0.0,188.0,1326.0,0.0,True
44,36.0,279.0,0.0,9.0,2.0,190.0,23.0,13.0,True
45,2.83,14.6,4.82,0.37,18.4,1.37,5807.0,304.0,True
46,3.67,22.6,1.33,0.67,0.0,19.0,211.0,8.0,True
47,38.33,327.5,1.16,6.0,278.0,0.72,15.0,2.0,True
48,2.83,343.0,3.18,0.08,2.54,240.0,127.0,109.0,True
49,2.8,24.6,1.52,0.8,44.2,21.0,478.0,82.0,True
50,6.0,392.0,0.9,1.5,44.5,18.0,22.0,0.0,True
51,4.0,395.5,0.0,1.0,10.0,283.0,11.0,1.0,False
52,3.86,2.0,2.09,1.14,29.43,1.5,53.0,11.0,False
53,53.08,465.5,2.95,1.83,45.67,0.53,178.0,24.0,True
54,0.0,3.0,0.97,0.0,0.0,3.0,396.0,0.0,True
55,0.19,20.0,5.14,0.06,0.91,20.0,133.0,133.0,True
56,50.77,522.5,5.7,0.26,96.49,0.51,2445.0,437.0,True
57,2.0,562.5,2.27,0.43,294.86,1.22,167.0,39.0,True
58,5.09,617.5,2.85,0.18,11.36,0.72,1624.0,54.0,True
59,3.4,620.5,2.17,1.0,93.8,1.07,31.0,8.0,True
60,61.6,65.0,1.73,4.6,56.4,0.01,105.0,30.0,True
61,8.36,30.53,3.12,0.36,0.0,25.0,14.0,1929.0,True
62,5.0,93.0,0.0,3.0,6.0,11.0,13.0,16.0,True
63,24.0,686.0,0.0,4.0,11.0,519.0,8.0,1.0,True
64,111.25,689.0,1.51,5.75,35.25,0.73,151.0,11.0,True
65,23.51,4.0,5.66,0.2,5.85,3.0,2130.0,734.0,True
66,0.67,39.0,0.62,0.33,258.67,0.73,0.0,123.0,True
67,10.4,699.5,1.19,2.0,59.2,545.0,276.0,17.0,True
68,0.5,13.0,3.79,0.15,9.75,1.0,1854.0,4.0,True
69,57.62,55.0,3.07,1.29,76.33,0.73,842.0,101.0,True
70,30.52,111.0,4.1,0.7,20.85,0.0,1217.0,954.0,True
71,1.67,742.17,2.42,0.33,2.0,593.0,178.0,5.0,True
72,58.22,126.0,1.9,2.89,67.11,0.0,228.0,117.0,True
73,76.0,129.0,1.44,5.2,74.0,0.0,73.0,5.0,True
74,77.64,788.17,1.56,2.55,12.73,1.25,864.0,0.0,True
75,19.0,31.0,0.0,5.0,9.0,25.0,24.0,0.0,True
76,129.0,801.83,0.0,23.0,5.0,654.0,8.0,1.0,True
77,12.08,794.17,3.33,1.83,26.83,1.25,186.0,49.0,True
78,39.0,814.83,3.05,2.33,37.67,695.0,345.0,60.0,True
79,12.5,12.0,1.75,1.0,43.75,11.0,15.0,21.0,True
80,39.5,188.0,2.39,4.17,35.83,0.38,77.0,51.0,True
81,44.8,821.0,1.62,2.9,13.7,0.72,4446.0,162.0,True
82,5.5,149.0,0.92,1.5,4.0,79.0,8.0,10.0,True
83,6.0,823.0,0.0,3.0,135.0,106.0,1.0,0.0,True
84,1.0,842.17,0.0,1.0,32.0,802.0,4.0,0.0,True
85,4.17,27.0,1.92,1.17,60.5,3.0,208.0,66.0,True
86,4.0,852.67,1.33,1.0,35.5,851.0,191.0,1.0,True
87,6.88,17.0,2.56,1.75,2.0,1.52,890.0,2.0,True
88,15.5,214.5,0.31,4.0,2.0,0.01,108.0,0.0,True
89,39.0,856.0,1.91,4.6,29.6,875.0,119.0,8.0,True
90,8.46,1.0,2.95,0.62,108.0,1.0,132.0,26.0,False
91,5.67,3.0,1.33,3.0,245.0,0.48,15.0,2.0,True
92,12.5,25.0,0.89,2.0,73.0,0.36,44.0,66.0,True
93,10.5,850.17,2.1,1.62,239.38,883.0,316.0,274.0,True
94,30.0,198.0,0.0,8.0,90.0,160.0,38.0,24.0,True
95,11.33,43.0,1.5,1.0,19.33,30.0,40.0,16.0,True
96,27.0,848.17,0.0,5.0,1.0,158.0,106.0,54.0,True
97,3.0,246.0,0.0,1.0,496.0,205.0,23.0,1.0,False
98,2.0,315.0,0.65,1.5,167.0,34.0,167.0,7.0,True
99,132.0,270.0,0.82,14.5,23.5,226.0,26.0,17.0,True
100,4.0,66.0,0.94,2.33,384.33,49.0,73.0,9.0,True
101,4.88,74.0,3.24,0.88,49.69,0.0,0.0,4194.0,True
102,4.0,850.42,0.0,2.0,1.0,923.0,4.0,2.0,True
103,105.67,8.0,2.31,5.33,97.67,8.0,21.0,22.0,True
104,177.14,27.0,2.25,5.29,12.29,0.54,141.0,0.0,True
105,4.4,67.5,1.56,1.4,34.2,1.0,427.0,4.0,True
106,250.0,319.5,1.0,17.0,4.5,1.64,45.0,8.0,True
107,9.65,92.0,2.86,0.88,4.41,0.5,341.0,330.0,True
108,4.0,101.0,0.42,1.0,3.0,0.97,1155.0,15.0,True
109,6.69,82.0,3.4,1.08,0.08,1.0,1451.0,107.0,True
110,4.4,109.0,1.91,0.4,0.4,0.97,44.0,173.0,True
111,12.0,5.0,0.0,4.0,4.0,4.0,3.0,0.0,True
112,6.0,101.0,0.0,3.0,0.0,14.0,16.0,0.0,True
113,28.14,37.0,1.77,2.0,0.0,1.49,478.0,74.0,True
114,30.0,378.5,0.0,4.0,7.0,312.0,5.0,0.0,True
115,3.25,22.0,2.11,0.5,14.0,1.43,391.0,65.0,True
116,10.5,106.0,1.0,2.5,1.0,72.0,13.0,6.0,True
117,3.0,1.0,0.0,1.0,4.0,1.0,3.0,0.0,False
118,124.0,35.0,0.99,15.5,66.5,0.27,30.0,0.0,True
119,14.74,90.0,4.45,0.79,299.45,0.2,344.0,137.0,True
120,4.6,1.0,1.18,2.2,75.0,0.0,491.0,23.0,True
121,86.0,111.0,0.0,21.0,2.0,0.0,1.0,0.0,True
122,4.0,26.0,2.55,0.31,5.85,25.0,1052.0,520.0,True
123,31.6,101.5,1.38,3.0,47.8,1.12,654.0,1.0,True
124,108.0,203.0,0.0,27.0,8.0,112.0,21.0,6.0,True
125,40.14,10.0,2.09,3.43,0.0,6.0,656.0,0.0,True
126,1.0,11.0,0.0,1.0,3.0,7.0,21.0,12.0,True
127,4.57,31.0,1.56,0.43,1.71,28.0,414.0,70.0,True
128,10.0,1.0,0.0,6.0,152.0,1.0,9.0,0.0,False
129,18.67,7.0,1.03,4.33,14.67,0.0,106.0,67.0,True
130,288.0,4.0,0.26,21.0,30.0,0.0,464.0,17.0,True
131,182.0,5.0,0.0,34.0,16.0,1.0,5.0,2.0,True
132,12.83,48.0,1.2,1.17,13.33,0.0,353.0,16.0,True
133,47.5,49.5,0.74,8.0,25.75,10.0,1330.0,817.0,True
134,17.5,21.0,2.42,1.5,106.07,15.0,327.0,836.0,True
135,10.5,221.0,0.92,4.0,56.5,1.72,5.0,1.0,True
136,12.5,46.0,1.91,1.0,34.5,43.0,187.0,45.0,True
137,24.08,23.0,2.81,2.08,10.92,16.0,977.0,1.0,True
138,39.8,7.0,1.99,3.2,26.7,0.31,76.0,350.0,True
139,28.67,36.0,1.47,6.0,12.0,15.0,95.0,63.0,True
140,39.0,24.0,0.0,10.0,5.0,15.0,3.0,1.0,True
141,5.0,0.0,0.33,3.0,435.0,0.0,199.0,191.0,True
142,12.0,9.0,0.0,6.0,130.0,4.0,15.0,0.0,True
143,18.78,266.0,1.31,2.78,719.78,198.0,80.0,39.0,True
144,41.0,268.0,0.0,9.0,29.0,27.0,22.0,12.0,True
145,134.5,42.0,0.38,18.5,93.5,29.0,73.0,36.0,True
146,6.0,48.0,0.0,5.0,182.0,16.0,20.0,24.0,True
147,67.0,48.0,0.84,8.67,13.0,34.0,85.0,0.0,True
148,4.67,689.08,0.79,2.67,104.0,1048.0,93.0,0.0,True
149,97.91,38.0,1.58,5.55,5.36,0.05,5181.0,2.0,True
150,15.5,15.0,0.95,3.5,19.0,15.0,200.0,4.0,True
151,87.67,341.0,2.47,5.67,47.22,252.0,118.0,119.0,True
152,41.14,353.5,2.06,5.0,56.43,0.97,283.0,26.0,True
153,12.67,12.0,0.8,4.0,161.67,1.0,185.0,2.0,True
154,3.88,1.0,1.75,0.88,978.38,1.0,155.0,68.0,False
155,43.56,1.0,2.43,5.33,26.0,0.5,518.0,77.0,True
156,8.07,353.33,3.77,0.59,15.1,0.97,227.0,206.0,True
157,25.22,8.0,3.46,2.3,78.39,0.33,902.0,126.0,True
158,76.0,85.0,1.89,5.3,7.6,83.0,655.0,25.0,True
159,53.57,56.0,2.66,7.43,50.86,0.5,30.0,26.0,True
160,18.67,23.0,2.03,3.67,46.33,23.0,985.0,19.0,True
161,147.2,177.0,0.94,12.6,23.6,0.0,117.0,16.0,True
162,26.5,81.0,1.35,3.5,27.0,0.06,120.0,0.0,True
163,10.2,125.5,0.46,1.2,0.4,0.0,71.0,175.0,True
164,2.28,8.0,3.91,0.1,80.66,4.0,589.0,172.0,True
165,11.86,88.5,3.14,1.62,58.57,86.0,1499.0,207.0,True
166,10.0,0.0,0.0,2.0,222.0,0.0,8.0,2.0,True
167,13.0,355.5,0.0,6.0,4.0,37.0,39.0,10.0,True
168,22.2,19.0,1.25,3.0,7.4,0.62,83.0,57.0,True
169,148.0,1.0,0.0,40.0,38.0,1.0,5.0,0.0,False
170,12.38,49.5,2.79,2.62,57.5,0.13,23.0,7.0,True
171,508.0,6.0,0.65,36.0,3.0,1.03,6.0,6.0,True
172,34.5,8.0,0.65,11.5,1.0,4.0,3.0,3.0,True
173,120.0,181.0,1.08,18.67,28.0,153.0,38.0,21.0,True
174,18.0,376.17,0.0,6.0,39.0,47.0,1.0,0.0,True
175,40.47,41.13,2.27,3.53,10.27,0.73,1036.0,2.0,True
176,56.25,190.5,1.62,5.75,0.0,0.16,43.0,197.0,True
177,28.19,27.5,2.96,2.25,415.38,0.61,153.0,150.0,True
178,97.36,10.0,1.76,6.73,47.18,0.5,490.0,2.0,True
179,4.0,109.5,0.0,1.0,140.0,121.0,10.0,1.0,False
180,2.67,49.5,0.86,1.0,2.67,13.0,605.0,729.0,True
181,47.58,372.83,2.25,5.17,10.75,337.0,753.0,174.0,True
182,17.0,379.67,0.0,7.0,0.0,344.0,5.0,1.0,True
183,133.5,382.33,0.23,22.5,0.0,0.98,21.0,6.0,True
184,43.0,8.0,0.0,12.0,42.0,4.0,4.0,0.0,True
185,142.14,515.65,2.23,10.29,118.29,1.25,308.0,339.0,True
186,49.0,115.5,0.0,14.0,15.0,131.0,68.0,3.0,True
187,252.57,54.0,0.97,11.43,20.43,0.04,537.0,18.0,True
188,200.0,19.0,0.3,28.0,3.5,21.0,19.0,0.0,True
189,56.14,42.5,1.92,7.43,16.71,35.0,99.0,73.0,True
190,9.5,195.0,1.0,2.0,20.0,7.0,105.0,16.0,True
191,46.0,182.25,0.0,13.0,21.0,344.0,10.0,2.0,True
192,79.43,397.67,2.1,5.36,29.0,0.49,482.0,78.0,True
193,8.0,38.0,0.0,4.0,83.0,4.0,68.0,8.0,True
194,25.85,131.5,2.7,3.69,85.46,154.0,168.0,13.0,True
195,27.0,406.83,0.0,9.0,23.0,385.0,1.0,1.0,True
196,47.25,36.5,3.16,4.25,7.7,0.5,9549.0,281.0,True
197,31.0,51.5,0.0,10.0,42.0,41.0,3.0,0.0,True
198,32.0,52.5,0.0,10.0,0.0,42.0,5.0,4.0,True
199,77.2,132.83,1.19,8.8,1.4,1.12,507.0,0.0,True
200,10.0,130.75,0.0,1.0,6.0,54.0,194.0,118.0,True
201,87.0,6.0,0.65,22.0,11.0,0.58,22.0,8.0,True
202,25.0,23.0,0.66,5.0,167.0,9.0,39.0,13.0,True
203,34.0,24.0,0.58,3.33,75.33,0.91,213.0,174.0,True
204,46.75,101.67,1.47,9.25,17.25,103.0,61.0,1.0,True
205,1.0,0.0,0.0,1.0,46.0,0.0,18.0,0.0,True
206,14.8,18.0,1.92,4.6,70.0,0.08,118.0,5.0,True
207,485.5,58.0,0.67,41.0,51.5,0.0,19.0,4.0,True
208,10.0,68.17,0.0,3.0,1.0,43.0,4.0,2.0,True
209,3.5,24.5,1.6,1.75,142.25,22.0,497.0,10.0,True
210,239.38,26.5,1.47,13.0,15.38,0.04,2957.0,30.0,True
211,161.67,46.5,2.37,10.67,149.33,0.91,73.0,15.0,True
212,4.82,11.82,1.59,1.64,676.57,0.44,39.39,5.0,True
213,7.83,13.68,1.69,2.53,493.77,0.33,63.08,5.0,True
214,10.59,15.39,1.78,3.35,325.66,0.23,84.87,5.0,True
215,4.04,11.33,1.56,1.41,723.97,0.47,33.25,5.0,True
216,7.9,13.72,1.69,2.55,489.62,0.33,63.62,5.0,True
217,10.33,15.23,1.77,3.28,341.43,0.24,82.82,5.0,True
218,9.52,14.73,1.74,3.04,390.8,0.27,76.43,5.0,True
219,10.91,15.59,1.79,3.45,306.46,0.22,87.36,5.0,True
220,13.7,17.32,1.88,4.27,136.9,0.12,109.33,5.0,True
221,6.4,12.8,1.64,2.11,580.37,0.39,51.86,5.0,True
222,6.32,12.75,1.64,2.09,585.16,0.39,51.24,5.0,True
223,14.64,17.9,1.91,4.55,79.62,0.09,116.75,5.0,True
224,11.27,15.82,1.8,3.55,284.27,0.21,90.23,5.0,True
225,14.52,17.83,1.91,4.52,87.05,0.09,115.79,5.0,True
226,12.83,16.78,1.85,4.02,189.68,0.15,102.49,5.0,True
227,14.65,17.91,1.91,4.56,79.22,0.09,116.8,5.0,True
228,13.63,17.27,1.88,4.25,141.33,0.13,108.76,5.0,True
229,5.46,12.21,1.61,1.83,637.66,0.42,44.43,5.0,True
230,5.99,12.55,1.63,1.99,605.17,0.4,48.64,5.0,True
231,4.43,11.58,1.58,1.53,700.21,0.46,36.33,5.0,True
232,7.07,13.21,1.66,2.31,539.65,0.36,57.14,5.0,True
233,9.62,14.79,1.75,3.06,384.93,0.27,77.19,5.0,True
234,4.4,11.56,1.57,1.52,702.24,0.46,36.06,5.0,True
235,4.02,11.32,1.56,1.4,725.2,0.47,33.09,5.0,True
236,13.04,16.91,1.86,4.08,176.69,0.15,104.17,5.0,True
237,4.51,11.63,1.58,1.55,695.14,0.45,36.98,5.0,True
238,12.62,16.65,1.84,3.95,202.64,0.16,100.81,5.0,True
239,8.28,13.96,1.7,2.67,465.96,0.32,66.68,5.0,True
240,9.96,15.0,1.76,3.17,363.91,0.26,79.91,5.0,True
241,12.01,16.27,1.82,3.77,239.59,0.18,96.02,5.0,True
242,10.95,15.61,1.79,3.46,304.19,0.22,87.65,5.0,True
243,9.9,14.97,1.75,3.15,367.72,0.26,79.42,5.0,True
244,10.36,15.25,1.77,3.28,339.78,0.24,83.04,5.0,True
245,5.94,12.51,1.62,1.97,608.7,0.4,48.19,5.0,True
246,11.46,15.93,1.81,3.61,272.99,0.2,91.69,5.0,True
247,8.84,14.31,1.72,2.83,432.03,0.3,71.08,5.0,True
248,5.46,12.21,1.61,1.83,637.67,0.42,44.43,5.0,True
249,12.34,16.48,1.83,3.87,219.24,0.17,98.66,5.0,True
250,9.79,14.9,1.75,3.11,374.51,0.26,78.54,5.0,True
251,11.38,15.88,1.8,3.59,277.86,0.21,91.06,5.0,True
252,7.62,13.55,1.68,2.47,506.51,0.34,61.43,5.0,True
253,8.88,14.33,1.72,2.85,429.67,0.3,71.39,5.0,True
254,10.11,15.1,1.76,3.21,354.84,0.25,81.09,5.0,True
255,4.37,11.54,1.57,1.51,703.93,0.46,35.85,5.0,True
256,11.8,16.14,1.82,3.71,252.31,0.19,94.37,5.0,True
257,11.27,15.82,1.8,3.55,284.24,0.21,90.24,5.0,True
258,6.27,12.71,1.64,2.07,588.5,0.39,50.8,5.0,True
259,5.55,12.27,1.61,1.86,631.91,0.42,45.18,5.0,True
260,14.38,17.74,1.9,4.48,95.31,0.1,114.72,5.0,True
261,10.11,15.1,1.76,3.21,354.88,0.25,81.08,5.0,True
262,12.26,16.42,1.83,3.85,224.67,0.17,97.96,5.0,True
263,6.09,12.61,1.63,2.02,599.08,0.4,49.43,5.0,True
264,9.84,14.93,1.75,3.13,371.46,0.26,78.93,5.0,True
265,11.63,16.04,1.81,3.66,262.38,0.2,93.07,5.0,True
266,12.04,16.29,1.82,3.78,237.95,0.18,96.23,5.0,True
267,8.64,14.18,1.71,2.77,444.42,0.31,69.48,5.0,True
268,6.83,13.06,1.65,2.24,554.2,0.37,55.25,5.0,True
269,8.52,14.11,1.71,2.74,451.57,0.31,68.55,5.0,True
270,10.01,15.03,1.76,3.18,361.23,0.26,80.26,5.0,True
271,13.75,17.35,1.88,4.29,133.88,0.12,109.72,5.0,True
272,4.81,11.81,1.59,1.64,677.14,0.44,39.32,5.0,True
273,13.81,17.38,1.88,4.31,130.4,0.12,110.17,5.0,True
274,13.49,17.19,1.87,4.21,149.59,0.13,107.69,5.0,True
275,12.88,16.81,1.85,4.03,186.69,0.15,102.88,5.0,True
276,4.74,11.77,1.59,1.62,681.31,0.45,38.78,5.0,True
277,9.33,14.61,1.74,2.98,402.69,0.28,74.88,5.0,True
278,8.64,14.19,1.71,2.77,444.16,0.31,69.51,5.0,True
279,11.86,16.18,1.82,3.73,248.76,0.19,94.83,5.0,True
280,8.8,14.28,1.72,2.82,434.85,0.3,70.72,5.0,True
281,5.52,12.25,1.61,1.85,634.14,0.42,44.89,5.0,True
282,12.87,16.8,1.85,4.03,187.38,0.15,102.79,5.0,True
283,3.81,11.19,1.56,1.34,737.83,0.48,31.45,5.0,True
284,11.0,15.65,1.79,3.47,300.94,0.22,88.07,5.0,True
285,9.98,15.02,1.76,3.17,362.83,0.26,80.05,5.0,True
286,6.29,12.73,1.64,2.08,586.95,0.39,51.01,5.0,True
287,8.05,13.82,1.69,2.6,480.33,0.33,64.82,5.0,True
288,6.95,13.14,1.66,2.27,546.93,0.37,56.19,5.0,True
289,9.03,14.43,1.73,2.89,420.49,0.29,72.58,5.0,True
290,3.78,11.18,1.55,1.33,739.53,0.48,31.23,5.0,True
291,14.42,17.77,1.9,4.49,93.01,0.1,115.02,5.0,True
292,11.22,15.78,1.8,3.54,287.75,0.21,89.78,5.0,True
293,3.94,11.27,1.56,1.38,730.11,0.47,32.45,5.0,True
294,10.19,15.14,1.76,3.23,350.15,0.25,81.69,5.0,True
295,12.19,16.38,1.83,3.83,228.69,0.18,97.43,5.0,True
296,12.41,16.52,1.84,3.89,215.53,0.17,99.14,5.0,True
297,3.76,11.16,1.55,1.33,740.79,0.48,31.07,5.0,True
298,8.72,14.23,1.72,2.8,439.63,0.3,70.1,5.0,True
299,6.94,13.13,1.66,2.27,547.58,0.37,56.11,5.0,True
300,5.02,11.94,1.59,1.7,664.53,0.44,40.95,5.0,True
301,5.42,12.19,1.61,1.82,639.84,0.42,44.15,5.0,True
302,5.35,12.15,1.61,1.8,644.27,0.42,43.58,5.0,True
303,13.56,17.23,1.87,4.23,145.52,0.13,108.21,5.0,True
304,12.26,16.42,1.83,3.85,224.6,0.17,97.96,5.0,True
305,9.19,14.52,1.73,2.94,411.08,0.29,73.8,5.0,True
306,6.43,12.82,1.64,2.12,578.5,0.38,52.1,5.0,True
307,6.78,13.03,1.65,2.22,557.2,0.37,54.86,5.0,True
308,7.46,13.45,1.67,2.42,516.14,0.35,60.18,5.0,True
309,7.23,13.31,1.67,2.35,530.29,0.36,58.35,5.0,True
310,9.52,14.73,1.74,3.03,391.11,0.27,76.39,5.0,True
311,8.94,14.37,1.72,2.86,426.09,0.29,71.85,5.0,True
312,7.99,13.78,1.69,2.58,483.64,0.33,64.39,5.0,True
313,11.31,15.84,1.8,3.56,282.36,0.21,90.48,5.0,True
314,5.93,12.51,1.62,1.97,608.93,0.4,48.16,5.0,True
315,11.2,15.77,1.8,3.53,288.63,0.21,89.67,5.0,True
316,10.08,15.07,1.76,3.2,357.09,0.25,80.79,5.0,True
317,12.84,16.78,1.85,4.02,189.34,0.15,102.53,5.0,True
318,10.73,15.48,1.78,3.39,317.6,0.23,85.91,5.0,True
319,8.11,13.86,1.7,2.62,476.54,0.32,65.31,5.0,True
320,13.16,16.98,1.86,4.11,169.76,0.14,105.07,5.0,True
321,4.21,11.44,1.57,1.46,713.34,0.46,34.63,5.0,True
322,6.07,12.59,1.63,2.01,600.67,0.4,49.23,5.0,True
323,14.06,17.54,1.89,4.38,115.14,0.11,112.15,5.0,True
324,13.35,17.1,1.87,4.17,157.85,0.14,106.62,5.0,True
325,5.76,12.4,1.62,1.92,619.69,0.41,46.76,5.0,True
326,12.04,16.29,1.82,3.78,237.77,0.18,96.26,5.0,True
327,14.13,17.58,1.89,4.4,110.76,0.11,112.72,5.0,True
328,7.81,13.67,1.69,2.53,494.86,0.34,62.94,5.0,True
329,13.72,17.33,1.88,4.28,135.76,0.12,109.48,5.0,True
330,14.04,17.53,1.89,4.38,116.03,0.11,112.04,5.0,True
331,12.45,16.54,1.84,3.9,213.04,0.17,99.46,5.0,True
332,6.91,13.11,1.66,2.26,549.5,0.37,55.86,5.0,True
333,13.31,17.08,1.87,4.16,160.42,0.14,106.28,5.0,True
334,5.2,12.05,1.6,1.75,653.7,0.43,42.35,5.0,True
335,11.42,15.9,1.8,3.6,275.69,0.21,91.34,5.0,True
336,12.94,16.85,1.85,4.05,183.01,0.15,103.35,5.0,True
337,5.59,12.3,1.61,1.87,629.51,0.42,45.49,5.0,True
338,8.07,13.83,1.69,2.61,478.86,0.33,65.01,5.0,True
339,12.64,16.66,1.84,3.96,201.34,0.16,100.98,5.0,True
340,7.21,13.3,1.67,2.35,531.3,0.36,58.22,5.0,True
341,10.91,15.59,1.79,3.45,306.14,0.22,87.4,5.0,True
342,12.74,16.73,1.85,3.99,194.89,0.16,101.81,5.0,True
343,12.99,16.88,1.86,4.06,180.08,0.15,103.73,5.0,True
344,8.1,13.85,1.7,2.61,477.01,0.32,65.25,5.0,True
345,8.62,14.17,1.71,2.77,445.54,0.31,69.33,5.0,True
346,4.26,11.47,1.57,1.47,710.8,0.46,34.96,5.0,True
347,14.14,17.59,1.89,4.4,110.28,0.11,112.78,5.0,True
348,5.3,12.12,1.6,1.78,647.13,0.43,43.21,5.0,True
349,4.81,11.81,1.59,1.64,677.28,0.44,39.3,5.0,True
350,6.41,12.8,1.64,2.11,579.87,0.39,51.92,5.0,True
351,9.89,14.96,1.75,3.14,368.69,0.26,79.29,5.0,True
352,6.31,12.74,1.64,2.08,586.15,0.39,51.11,5.0,True
353,7.92,13.74,1.69,2.56,487.88,0.33,63.84,5.0,True
354,7.59,13.53,1.68,2.46,508.24,0.34,61.21,5.0,True
355,5.92,12.5,1.62,1.97,609.88,0.4,48.03,5.0,True
356,3.79,11.18,1.55,1.34,738.84,0.48,31.32,5.0,True
357,7.68,13.59,1.68,2.49,502.8,0.34,61.91,5.0,True
358,4.96,11.91,1.59,1.68,667.95,0.44,40.51,5.0,True
359,8.92,14.36,1.72,2.86,427.42,0.3,71.68,5.0,True
360,10.85,15.55,1.79,3.43,310.13,0.23,86.88,5.0,True
361,13.8,17.38,1.88,4.3,131.0,0.12,110.1,5.0,True
362,5.05,11.96,1.6,1.71,662.3,0.43,41.24,5.0,True
363,11.59,16.01,1.81,3.65,265.04,0.2,92.72,5.0,True
364,8.85,14.31,1.72,2.84,431.78,0.3,71.12,5.0,True
365,5.79,12.42,1.62,1.93,617.69,0.41,47.02,5.0,True
366,12.61,16.64,1.84,3.95,203.38,0.16,100.71,5.0,True
367,6.29,12.73,1.64,2.08,587.2,0.39,50.97,5.0,True
368,6.15,12.64,1.63,2.04,595.62,0.4,49.88,5.0,True
369,13.61,17.26,1.88,4.25,142.59,0.13,108.59,5.0,True
370,10.95,15.61,1.79,3.46,304.13,0.22,87.66,5.0,True
371,11.63,16.04,1.81,3.66,262.41,0.2,93.07,5.0,True
372,8.29,13.97,1.7,2.67,465.52,0.32,66.74,5.0,True
373,5.12,12.0,1.6,1.73,658.49,0.43,41.73,5.0,True
374,4.72,11.76,1.59,1.61,682.35,0.45,38.64,5.0,True
375,12.46,16.55,1.84,3.9,212.51,0.17,99.53,5.0,True
376,3.55,11.03,1.55,1.26,753.88,0.49,29.37,5.0,True
377,12.18,16.37,1.83,3.82,229.43,0.18,97.34,5.0,True
378,7.59,13.53,1.68,2.46,508.14,0.34,61.22,5.0,True
379,10.13,15.1,1.76,3.21,354.05,0.25,81.19,5.0,True
380,13.19,17.0,1.86,4.12,167.77,0.14,105.33,5.0,True
381,12.64,16.66,1.84,3.96,201.16,0.16,101.0,5.0,True
382,14.79,17.99,1.91,4.6,70.86,0.08,117.89,5.0,True
383,4.02,11.32,1.56,1.41,724.87,0.47,33.13,5.0,True
384,10.06,15.07,1.76,3.2,357.87,0.25,80.69,5.0,True
385,7.88,13.71,1.69,2.55,490.77,0.33,63.47,5.0,True
386,7.81,13.67,1.69,2.53,494.88,0.34,62.94,5.0,True
387,10.63,15.42,1.78,3.36,323.45,0.23,85.15,5.0,True
388,4.08,11.36,1.56,1.42,721.67,0.47,33.55,5.0,True
389,13.88,17.43,1.89,4.33,126.18,0.12,110.72,5.0,True
390,4.68,11.73,1.58,1.6,684.74,0.45,38.33,5.0,True
391,6.22,12.69,1.63,2.06,591.16,0.39,50.46,5.0,True
392,8.5,14.1,1.71,2.73,452.63,0.31,68.41,5.0,True
393,7.97,13.77,1.69,2.58,484.97,0.33,64.22,5.0,True
394,12.58,16.62,1.84,3.94,204.92,0.16,100.52,5.0,True
395,13.31,17.07,1.87,4.16,160.85,0.14,106.23,5.0,True
396,4.13,11.39,1.57,1.44,718.26,0.47,33.99,5.0,True
397,4.54,11.64,1.58,1.56,693.65,0.45,37.18,5.0,True
398,9.2,14.53,1.73,2.94,410.5,0.29,73.87,5.0,True
399,13.86,17.42,1.88,4.32,127.14,0.12,110.59,5.0,True
400,11.99,16.26,1.82,3.77,240.96,0.18,95.84,5.0,True
401,7.49,13.47,1.68,2.43,514.05,0.35,60.45,5.0,True
402,14.8,18.0,1.92,4.6,70.26,0.08,117.97,5.0,True
403,9.32,14.61,1.74,2.98,402.95,0.28,74.85,5.0,True
404,14.15,17.6,1.89,4.41,109.44,0.11,112.89,5.0,True
405,5.34,12.14,1.61,1.79,645.13,0.42,43.47,5.0,True
406,3.78,11.17,1.55,1.33,739.99,0.48,31.17,5.0,True
407,6.77,13.02,1.65,2.22,558.29,0.37,54.72,5.0,True
408,12.44,16.54,1.84,3.9,213.48,0.17,99.41,5.0,True
409,12.86,16.8,1.85,4.02,188.08,0.15,102.7,5.0,True
410,5.46,12.21,1.61,1.83,637.84,0.42,44.41,5.0,True
411,8.01,13.8,1.69,2.59,482.37,0.33,64.56,5.0,True
412,7.13,13.25,1.66,2.33,536.19,0.36,57.58,5.0,True
413,8.95,14.37,1.72,2.86,425.82,0.29,71.89,5.0,True
414,5.89,12.48,1.62,1.96,611.8,0.4,47.78,5.0,True
415,11.66,16.05,1.81,3.67,261.02,0.2,93.25,5.0,True
416,13.39,17.13,1.87,4.18,155.5,0.13,106.92,5.0,True
417,9.51,14.72,1.74,3.03,391.5,0.27,76.34,5.0,True
418,12.4,16.51,1.84,3.89,215.89,0.17,99.09,5.0,True
419,9.33,14.61,1.74,2.98,402.19,0.28,74.95,5.0,True
420,3.8,11.19,1.56,1.34,738.26,0.48,31.4,5.0,True
421,10.54,15.36,1.78,3.34,328.94,0.24,84.44,5.0,True
422,7.36,13.39,1.67,2.4,521.98,0.35,59.42,5.0,True
423,13.63,17.28,1.88,4.25,140.93,0.13,108.81,5.0,True
424,5.67,12.35,1.62,1.89,624.59,0.41,46.13,5.0,True
425,5.67,12.34,1.62,1.89,625.06,0.41,46.07,5.0,True
426,12.34,16.47,1.83,3.87,219.64,0.17,98.61,5.0,True
427,11.15,15.74,1.8,3.52,292.01,0.21,89.23,5.0,True
428,7.39,13.41,1.67,2.4,520.1,0.35,59.67,5.0,True
429,9.82,14.92,1.75,3.12,372.61,0.26,78.78,5.0,True
430,10.89,15.58,1.79,3.44,307.78,0.22,87.19,5.0,True
431,6.46,12.83,1.64,2.13,577.1,0.38,52.28,5.0,True
432,8.91,14.35,1.72,2.85,428.03,0.3,71.6,5.0,True
433,8.66,14.2,1.71,2.78,443.0,0.3,69.66,5.0,True
434,5.35,12.15,1.61,1.8,644.23,0.42,43.58,5.0,True
435,10.77,15.5,1.78,3.41,314.79,0.23,86.28,5.0,True
436,6.13,12.63,1.63,2.03,596.83,0.4,49.72,5.0,True
437,5.68,12.35,1.62,1.9,624.06,0.41,46.2,5.0,True
438,4.18,11.42,1.57,1.45,715.13,0.47,34.39,5.0,True
439,13.78,17.37,1.88,4.3,131.72,0.12,110.0,5.0,True
440,10.17,15.13,1.76,3.23,351.14,0.25,81.57,5.0,True
441,4.65,11.72,1.58,1.59,686.59,0.45,38.09,5.0,True
442,4.42,11.57,1.58,1.52,700.63,0.46,36.27,5.0,True
443,11.23,15.79,1.8,3.54,286.99,0.21,89.88,5.0,True
444,5.31,12.12,1.6,1.79,646.5,0.43,43.29,5.0,True
445,7.76,13.64,1.68,2.51,498.13,0.34,62.52,5.0,True
446,12.68,16.69,1.85,3.97,198.93,0.16,101.29,5.0,True
447,6.9,13.11,1.66,2.26,549.96,0.37,55.8,5.0,True
448,7.31,13.36,1.67,2.38,525.39,0.35,58.98,5.0,True
449,13.82,17.39,1.88,4.31,129.8,0.12,110.25,5.0,True
450,3.74,11.15,1.55,1.32,742.22,0.48,30.88,5.0,True
451,6.07,12.59,1.63,2.01,600.34,0.4,49.27,5.0,True
452,12.41,16.52,1.84,3.89,215.53,0.17,99.14,5.0,True
453,10.19,15.15,1.76,3.23,349.96,0.25,81.72,5.0,True
454,13.8,17.38,1.88,4.3,130.97,0.12,110.1,5.0,True
455,8.78,14.27,1.72,2.81,436.08,0.3,70.56,5.0,True
456,6.21,12.68,1.63,2.05,592.35,0.39,50.31,5.0,True
457,9.99,15.02,1.76,3.17,362.3,0.26,80.12,5.0,True
458,12.3,16.45,1.83,3.86,221.93,0.17,98.31,5.0,True
459,7.27,13.34,1.67,2.37,527.35,0.35,58.73,5.0,True
460,4.48,11.61,1.58,1.54,697.05,0.46,36.74,5.0,True
461,10.83,15.54,1.79,3.42,311.03,0.23,86.76,5.0,True
462,6.05,12.58,1.63,2.01,601.53,0.4,49.12,5.0,True
463,12.41,16.52,1.84,3.89,215.47,0.17,99.15,5.0,True
464,7.16,13.27,1.67,2.34,534.12,0.36,57.85,5.0,True
465,13.15,16.98,1.86,4.11,170.33,0.14,105.0,5.0,True
466,13.37,17.11,1.87,4.18,156.93,0.13,106.73,5.0,True
467,10.82,15.53,1.78,3.42,312.09,0.23,86.63,5.0,True
468,14.18,17.62,1.9,4.42,107.38,0.11,113.16,5.0,True
469,8.05,13.82,1.69,2.6,480.44,0.33,64.81,5.0,True
470,8.37,14.02,1.7,2.69,460.72,0.31,67.36,5.0,True
471,8.85,14.32,1.72,2.84,431.42,0.3,71.16,5.0,True
472,9.19,14.52,1.73,2.94,411.23,0.29,73.78,5.0,True
473,14.44,17.78,1.9,4.49,92.05,0.1,115.14,5.0,True
474,14.38,17.74,1.9,4.48,95.46,0.1,114.7,5.0,True
475,5.57,12.28,1.61,1.86,630.69,0.42,45.34,5.0,True
476,7.58,13.53,1.68,2.46,508.88,0.34,61.12,5.0,True
477,8.23,13.93,1.7,2.65,469.01,0.32,66.29,5.0,True
478,13.11,16.95,1.86,4.1,172.69,0.14,104.69,5.0,True
479,9.08,14.45,1.73,2.9,417.81,0.29,72.92,5.0,True
480,12.09,16.32,1.83,3.8,234.49,0.18,96.68,5.0,True
481,4.03,11.33,1.56,1.41,724.47,0.47,33.18,5.0,True
482,14.5,17.81,1.91,4.51,88.29,0.09,115.63,5.0,True
483,12.81,16.77,1.85,4.01,190.84,0.15,102.34,5.0,True
484,13.37,17.11,1.87,4.18,157.04,0.13,106.72,5.0,True
485,9.47,14.7,1.74,3.02,393.86,0.28,76.03,5.0,True
486,9.76,14.88,1.75,3.1,376.57,0.27,78.27,5.0,True
487,11.33,15.85,1.8,3.57,280.68,0.21,90.7,5.0,True
488,10.29,15.21,1.77,3.26,344.21,0.25,82.46,5.0,True
489,14.33,17.71,1.9,4.46,98.7,0.1,114.28,5.0,True
490,6.46,12.84,1.64,2.13,576.68,0.38,52.34,5.0,True
491,6.69,12.98,1.65,2.2,562.71,0.38,54.15,5.0,True
492,7.22,13.3,1.67,2.35,530.64,0.36,58.3,5.0,True
493,9.64,14.8,1.75,3.07,383.61,0.27,77.36,5.0,True
494,9.68,14.83,1.75,3.08,381.01,0.27,77.69,5.0,True
495,7.13,13.25,1.66,2.33,536.33,0.36,57.57,5.0,True
496,8.71,14.23,1.72,2.8,439.81,0.3,70.07,5.0,True
497,13.85,17.41,1.88,4.32,127.99,0.12,110.49,5.0,True
498,6.19,12.67,1.63,2.05,593.19,0.39,50.2,5.0,True
499,7.82,13.67,1.69,2.53,494.39,0.33,63.0,5.0,True
500,7.82,13.67,1.69,2.53,494.47,0.34,62.99,5.0,True
501,8.85,14.31,1.72,2.84,431.54,0.3,71.15,5.0,True
502,7.55,13.51,1.68,2.45,510.32,0.34,60.94,5.0,True
503,8.15,13.88,1.7,2.63,473.98,0.32,65.65,5.0,True
504,5.04,11.95,1.6,1.71,663.3,0.44,41.11,5.0,True
505,6.39,12.79,1.64,2.11,580.9,0.39,51.79,5.0,True
506,3.58,11.05,1.55,1.27,751.89,0.49,29.63,5.0,True
507,5.62,12.31,1.61,1.88,628.07,0.41,45.68,5.0,True
508,5.44,12.2,1.61,1.82,638.95,0.42,44.27,5.0,True
509,11.47,15.94,1.81,3.61,272.5,0.2,91.76,5.0,True
510,11.49,15.95,1.81,3.62,271.43,0.2,91.9,5.0,True
511,3.51,11.0,1.55,1.25,756.37,0.49,29.05,5.0,True
512,4.5,11.62,1.58,1.55,696.03,0.45,36.87,5.0,True
513,9.59,14.77,1.74,3.05,386.84,0.27,76.94,5.0,True
514,7.52,13.49,1.68,2.44,512.21,0.35,60.69,5.0,True
515,8.25,13.94,1.7,2.66,468.0,0.32,66.42,5.0,True
516,3.55,11.03,1.55,1.26,753.88,0.49,29.37,5.0,True
517,9.1,14.47,1.73,2.91,416.67,0.29,73.07,5.0,True
518,4.56,11.66,1.58,1.56,692.18,0.45,37.37,5.0,True
519,6.02,12.56,1.63,2.0,603.81,0.4,48.82,5.0,True
520,13.95,17.48,1.89,4.35,121.39,0.11,111.34,5.0,True
521,9.38,14.64,1.74,2.99,399.31,0.28,75.32,5.0,True
522,11.64,16.04,1.81,3.66,262.15,0.2,93.1,5.0,True
523,10.21,15.16,1.76,3.24,349.0,0.25,81.84,5.0,True
524,9.4,14.66,1.74,3.0,398.07,0.28,75.48,5.0,True
525,10.19,15.14,1.76,3.23,350.2,0.25,81.69,5.0,True
526,13.21,17.02,1.86,4.13,166.41,0.14,105.51,5.0,True
527,12.5,16.57,1.84,3.92,210.0,0.17,99.86,5.0,True
528,10.86,15.56,1.79,3.43,309.64,0.23,86.94,5.0,True
529,7.14,13.25,1.66,2.33,535.62,0.36,57.66,5.0,True
530,11.6,16.02,1.81,3.65,264.69,0.2,92.77,5.0,True
531,13.88,17.43,1.89,4.33,125.92,0.12,110.75,5.0,True
532,9.07,14.45,1.73,2.9,418.01,0.29,72.9,5.0,True
533,4.96,11.9,1.59,1.68,668.28,0.44,40.47,5.0,True
534,4.44,11.58,1.58,1.53,699.89,0.46,36.37,5.0,True
535,6.33,12.76,1.64,2.09,584.55,0.39,51.32,5.0,True
536,3.83,11.2,1.56,1.35,736.9,0.48,31.57,5.0,True
537,5.58,12.29,1.61,1.87,630.53,0.42,45.36,5.0,True
538,6.19,12.67,1.63,2.05,593.29,0.39,50.18,5.0,True
539,14.51,17.82,1.91,4.51,87.47,0.09,115.74,5.0,True
540,13.17,16.99,1.86,4.12,168.99,0.14,105.17,5.0,True
541,5.36,12.15,1.61,1.8,643.44,0.42,43.68,5.0,True
542,14.48,17.8,1.9,4.5,89.66,0.09,115.45,5.0,True
543,8.68,14.21,1.71,2.79,441.87,0.3,69.81,5.0,True
544,5.22,12.07,1.6,1.76,652.11,0.43,42.56,5.0,True
545,7.94,13.75,1.69,2.57,487.14,0.33,63.94,5.0,True
546,11.83,16.16,1.82,3.72,250.48,0.19,94.61,5.0,True
547,12.11,16.33,1.83,3.8,233.51,0.18,96.81,5.0,True
548,9.57,14.76,1.74,3.05,387.64,0.27,76.83,5.0,True
549,5.17,12.04,1.6,1.75,655.11,0.43,42.17,5.0,True
550,10.96,15.62,1.79,3.46,303.4,0.22,87.75,5.0,True
551,10.07,15.07,1.76,3.2,357.75,0.25,80.71,5.0,True
552,4.56,11.66,1.58,1.56,692.3,0.45,37.35,5.0,True
553,9.0,14.41,1.73,2.88,422.2,0.29,72.36,5.0,True
554,13.5,17.19,1.87,4.21,149.2,0.13,107.74,5.0,True
555,6.75,13.01,1.65,2.21,559.49,0.37,54.56,5.0,True
556,9.28,14.58,1.73,2.96,405.48,0.28,74.52,5.0,True
557,13.71,17.32,1.88,4.28,136.25,0.12,109.41,5.0,True
558,8.14,13.87,1.7,2.62,475.0,0.32,65.51,5.0,True
559,11.28,15.82,1.8,3.56,283.64,0.21,90.31,5.0,True
560,5.7,12.36,1.62,1.9,622.91,0.41,46.34,5.0,True
561,5.78,12.41,1.62,1.93,618.13,0.41,46.96,5.0,True
562,5.04,11.96,1.6,1.71,662.98,0.44,41.15,5.0,True
563,8.36,14.01,1.7,2.69,461.28,0.32,67.29,5.0,True
564,14.55,17.84,1.91,4.52,85.45,0.09,116.0,5.0,True
565,5.94,12.51,1.63,1.97,608.31,0.4,48.24,5.0,True
566,7.87,13.7,1.69,2.54,491.37,0.33,63.39,5.0,True
567,12.71,16.71,1.85,3.98,196.82,0.16,101.57,5.0,True
568,13.55,17.22,1.87,4.23,146.15,0.13,108.13,5.0,True
569,6.94,13.13,1.66,2.27,547.4,0.37,56.13,5.0,True
570,14.72,17.95,1.91,4.58,74.98,0.09,117.35,5.0,True
571,11.17,15.75,1.8,3.52,290.45,0.21,89.43,5.0,True
572,10.62,15.41,1.78,3.36,323.84,0.23,85.1,5.0,True
573,6.77,13.02,1.65,2.22,558.31,0.37,54.72,5.0,True
574,7.82,13.67,1.69,2.53,494.37,0.33,63.0,5.0,True
575,3.64,11.09,1.55,1.29,747.98,0.49,30.14,5.0,True
576,10.06,15.06,1.76,3.2,358.01,0.25,80.68,5.0,True
577,3.78,11.18,1.55,1.33,739.58,0.48,31.23,5.0,True
578,5.58,12.29,1.61,1.87,630.4,0.42,45.37,5.0,True
579,13.16,16.98,1.86,4.11,169.82,0.14,105.06,5.0,True
580,4.84,11.83,1.59,1.65,675.41,0.44,39.54,5.0,True
581,5.25,12.08,1.6,1.77,650.67,0.43,42.75,5.0,True
582,6.34,12.76,1.64,2.09,583.96,0.39,51.39,5.0,True
583,8.27,13.95,1.7,2.66,467.13,0.32,66.53,5.0,True
584,8.91,14.35,1.72,2.85,427.82,0.3,71.63,5.0,True
585,7.39,13.41,1.67,2.4,520.18,0.35,59.66,5.0,True
586,8.34,14.0,1.7,2.68,462.82,0.32,67.09,5.0,True
587,10.27,15.19,1.77,3.26,345.23,0.25,82.33,5.0,True
588,14.21,17.64,1.9,4.43,105.67,0.1,113.38,5.0,True
589,7.48,13.46,1.68,2.43,515.06,0.35,60.32,5.0,True
590,3.94,11.27,1.56,1.38,730.08,0.47,32.46,5.0,True
591,9.41,14.66,1.74,3.0,397.34,0.28,75.58,5.0,True
592,8.26,13.95,1.7,2.66,467.62,0.32,66.47,5.0,True
593,10.88,15.57,1.79,3.44,307.96,0.22,87.16,5.0,True
594,8.64,14.18,1.71,2.77,444.51,0.31,69.46,5.0,True
595,6.16,12.65,1.63,2.04,595.31,0.39,49.92,5.0,True
596,4.36,11.54,1.57,1.51,704.24,0.46,35.81,5.0,True
597,6.32,12.75,1.64,2.09,585.35,0.39,51.21,5.0,True
598,9.96,15.0,1.76,3.17,363.98,0.26,79.9,5.0,True
599,8.66,14.19,1.71,2.78,443.42,0.3,69.61,5.0,True
600,8.87,14.33,1.72,2.84,430.15,0.3,71.33,5.0,True
601,13.73,17.34,1.88,4.28,135.23,0.12,109.55,5.0,True
602,12.98,16.87,1.86,4.06,180.71,0.15,103.65,5.0,True
603,4.63,11.7,1.58,1.58,688.36,0.45,37.86,5.0,True
604,11.56,15.99,1.81,3.64,266.71,0.2,92.51,5.0,True
605,5.9,12.49,1.62,1.96,610.97,0.4,47.89,5.0,True
606,6.19,12.67,1.63,2.05,593.01,0.39,50.22,5.0,True
607,11.84,16.16,1.82,3.72,250.09,0.19,94.66,5.0,True
608,12.78,16.75,1.85,4.0,192.6,0.16,102.11,5.0,True
609,13.04,16.91,1.86,4.08,177.04,0.15,104.13,5.0,True
610,6.43,12.81,1.64,2.12,578.89,0.39,52.05,5.0,True
611,12.58,16.62,1.84,3.94,205.05,0.16,100.5,5.0,True
612,7.83,13.68,1.69,2.53,493.86,0.33,63.07,5.0,True
613,10.15,15.12,1.76,3.22,352.37,0.25,81.41,5.0,True
614,10.35,15.24,1.77,3.28,340.49,0.24,82.95,5.0,True
615,12.13,16.35,1.83,3.81,232.17,0.18,96.98,5.0,True
616,11.91,16.21,1.82,3.74,245.86,0.19,95.21,5.0,True
617,10.06,15.07,1.76,3.2,357.88,0.25,80.69,5.0,True
618,12.64,16.66,1.84,3.96,201.53,0.16,100.95,5.0,True
619,5.83,12.45,1.62,1.94,614.86,0.41,47.39,5.0,True
620,5.72,12.37,1.62,1.91,622.08,0.41,46.45,5.0,True
621,6.2,12.68,1.63,2.05,592.39,0.39,50.3,5.0,True
622,13.4,17.13,1.87,4.19,155.0,0.13,106.98,5.0,True
623,11.25,15.8,1.8,3.55,285.8,0.21,90.03,5.0,True
624,9.13,14.49,1.73,2.92,414.58,0.29,73.34,5.0,True
625,4.94,11.89,1.59,1.68,669.14,0.44,40.35,5.0,True
626,4.15,11.41,1.57,1.44,717.01,0.47,34.15,5.0,True
627,11.86,16.18,1.82,3.73,248.95,0.19,94.81,5.0,True
628,4.42,11.57,1.58,1.52,700.9,0.46,36.24,5.0,True
629,10.03,15.04,1.76,3.19,359.95,0.26,80.42,5.0,True
630,8.59,14.15,1.71,2.76,447.42,0.31,69.09,5.0,True
631,5.79,12.42,1.62,1.93,617.76,0.41,47.01,5.0,True
632,13.34,17.09,1.87,4.17,158.84,0.14,106.49,5.0,True
633,6.21,12.68,1.63,2.05,592.26,0.39,50.32,5.0,True
634,14.73,17.96,1.91,4.58,74.39,0.09,117.43,5.0,True
635,5.4,12.17,1.61,1.81,641.51,0.42,43.93,5.0,True
636,6.58,12.91,1.65,2.16,569.74,0.38,53.24,5.0,True
637,5.07,11.97,1.6,1.72,661.24,0.43,41.38,5.0,True
638,5.13,12.01,1.6,1.73,657.48,0.43,41.86,5.0,True
639,9.09,14.46,1.73,2.91,417.29,0.29,72.99,5.0,True
640,8.13,13.87,1.7,2.62,475.28,0.32,65.48,5.0,True
641,12.67,16.68,1.85,3.97,199.43,0.16,101.23,5.0,True
642,5.11,12.0,1.6,1.73,659.12,0.43,41.65,5.0,True
643,14.8,18.0,1.92,4.6,70.21,0.08,117.97,5.0,True
644,11.05,15.67,1.79,3.49,298.13,0.22,88.44,5.0,True
645,14.57,17.86,1.91,4.53,83.8,0.09,116.21,5.0,True
646,9.0,14.41,1.73,2.88,422.61,0.29,72.3,5.0,True
647,6.45,12.83,1.64,2.12,577.45,0.38,52.24,5.0,True
648,11.35,15.86,1.8,3.58,279.96,0.21,90.79,5.0,True
649,11.04,15.67,1.79,3.49,298.37,0.22,88.4,5.0,True
650,12.64,16.66,1.84,3.96,201.44,0.16,100.97,5.0,True
651,4.09,11.36,1.56,1.42,721.07,0.47,33.62,5.0,True
652,12.93,16.84,1.85,4.05,183.71,0.15,103.26,5.0,True
653,13.11,16.95,1.86,4.1,172.58,0.14,104.71,5.0,True
654,14.1,17.57,1.89,4.39,112.64,0.11,112.47,5.0,True
655,12.62,16.65,1.84,3.95,202.47,0.16,100.83,5.0,True
656,4.79,11.8,1.59,1.63,678.09,0.44,39.19,5.0,True
657,11.21,15.78,1.8,3.54,288.1,0.21,89.73,5.0,True
658,14.02,17.51,1.89,4.37,117.63,0.11,111.83,5.0,True
659,14.42,17.76,1.9,4.49,93.16,0.1,115.0,5.0,True
660,12.06,16.3,1.83,3.79,236.69,0.18,96.4,5.0,True
661,7.23,13.31,1.67,2.35,530.23,0.36,58.36,5.0,True
662,12.21,16.4,1.83,3.83,227.39,0.18,97.6,5.0,True
663,5.44,12.2,1.61,1.83,638.7,0.42,44.3,5.0,True
664,9.33,14.61,1.74,2.98,402.73,0.28,74.88,5.0,True
665,3.83,11.21,1.56,1.35,736.44,0.48,31.63,5.0,True
666,10.71,15.46,1.78,3.39,318.82,0.23,85.75,5.0,True
667,4.59,11.68,1.58,1.57,690.51,0.45,37.58,5.0,True
668,6.89,13.1,1.66,2.26,550.63,0.37,55.71,5.0,True
669,8.02,13.8,1.69,2.59,481.86,0.33,64.63,5.0,True
670,12.54,16.6,1.84,3.93,207.62,0.16,100.17,5.0,True
671,7.22,13.31,1.67,2.35,530.44,0.36,58.33,5.0,True
672,13.74,17.34,1.88,4.29,134.34,0.12,109.66,5.0,True
673,12.44,16.54,1.84,3.9,213.23,0.17,99.44,5.0,True
674,13.74,17.35,1.88,4.29,134.22,0.12,109.68,5.0,True
675,7.14,13.25,1.66,2.33,535.54,0.36,57.67,5.0,True
676,7.92,13.74,1.69,2.56,488.15,0.33,63.81,5.0,True
677,11.31,15.84,1.8,3.56,282.19,0.21,90.5,5.0,True
678,10.65,15.43,1.78,3.37,322.36,0.23,85.29,5.0,True
679,9.62,14.79,1.75,3.06,384.8,0.27,77.2,5.0,True
680,13.26,17.05,1.86,4.14,163.61,0.14,105.87,5.0,True
681,14.14,17.59,1.89,4.4,110.12,0.11,112.8,5.0,True
682,6.15,12.64,1.63,2.03,595.94,0.4,49.84,5.0,True
683,3.53,11.02,1.55,1.26,755.21,0.49,29.2,5.0,True
684,14.67,17.92,1.91,4.56,77.9,0.09,116.98,5.0,True
685,8.06,13.83,1.69,2.6,479.35,0.33,64.95,5.0,True
686,9.38,14.64,1.74,2.99,399.21,0.28,75.34,5.0,True
687,10.3,15.21,1.77,3.27,343.62,0.25,82.54,5.0,True
688,5.72,12.38,1.62,1.91,621.8,0.41,46.49,5.0,True
689,12.63,16.66,1.84,3.96,201.7,0.16,100.93,5.0,True
690,13.98,17.49,1.89,4.36,119.93,0.11,111.53,5.0,True
691,12.45,16.54,1.84,3.9,212.85,0.17,99.49,5.0,True
692,6.98,13.16,1.66,2.28,545.05,0.37,56.44,5.0,True
693,13.08,16.93,1.86,4.09,174.82,0.15,104.42,5.0,True
694,11.03,15.66,1.79,3.48,299.42,0.22,88.27,5.0,True
695,13.62,17.27,1.88,4.25,141.78,0.13,108.7,5.0,True
696,4.28,11.48,1.57,1.48,709.54,0.46,35.12,5.0,True
697,11.97,16.24,1.82,3.76,242.23,0.19,95.68,5.0,True
698,9.65,14.81,1.75,3.07,382.72,0.27,77.47,5.0,True
699,8.98,14.39,1.72,2.87,423.75,0.29,72.16,5.0,True
700,9.43,14.67,1.74,3.01,396.39,0.28,75.7,5.0,True
701,6.66,12.96,1.65,2.19,564.48,0.38,53.92,5.0,True
702,9.01,14.41,1.73,2.88,422.09,0.29,72.37,5.0,True
703,13.0,16.88,1.86,4.07,179.59,0.15,103.8,5.0,True
704,11.7,16.08,1.81,3.68,258.36,0.19,93.59,5.0,True
705,14.4,17.75,1.9,4.48,94.28,0.1,114.85,5.0,True
706,5.71,12.37,1.62,1.9,622.66,0.41,46.38,5.0,True
707,8.28,13.96,1.7,2.67,466.02,0.32,66.68,5.0,True
708,6.65,12.95,1.65,2.19,565.03,0.38,53.85,5.0,True
709,12.67,16.68,1.85,3.97,199.52,0.16,101.22,5.0,True
710,14.04,17.53,1.89,4.38,115.9,0.11,112.05,5.0,True
711,9.45,14.68,1.74,3.01,395.36,0.28,75.83,5.0,True
712,7.02,13.18,1.66,2.29,543.09,0.36,56.69,5.0,True
713,5.52,12.25,1.61,1.85,634.08,0.42,44.9,5.0,True
714,11.02,15.66,1.79,3.48,299.61,0.22,88.24,5.0,True
715,7.97,13.77,1.69,2.58,485.04,0.33,64.21,5.0,True
716,4.0,11.31,1.56,1.4,726.61,0.47,32.91,5.0,True
717,5.16,12.03,1.6,1.74,656.04,0.43,42.05,5.0,True
718,11.77,16.12,1.82,3.7,254.08,0.19,94.14,5.0,True
719,11.96,16.24,1.82,3.76,242.3,0.19,95.67,5.0,True
720,7.43,13.44,1.67,2.42,517.64,0.35,59.99,5.0,True
721,7.46,13.46,1.68,2.43,515.84,0.35,60.22,5.0,True
722,4.81,11.81,1.59,1.64,676.89,0.44,39.35,5.0,True
723,12.66,16.67,1.85,3.96,200.26,0.16,101.12,5.0,True
724,10.26,15.19,1.77,3.25,346.02,0.25,82.23,5.0,True
725,10.59,15.39,1.78,3.35,326.05,0.24,84.82,5.0,True
726,10.23,15.17,1.77,3.25,347.47,0.25,82.04,5.0,True
727,5.58,12.29,1.61,1.87,630.63,0.42,45.34,5.0,True
728,11.22,15.78,1.8,3.54,287.66,0.21,89.79,5.0,True
729,10.76,15.5,1.78,3.4,315.46,0.23,86.19,5.0,True
730,6.39,12.79,1.64,2.11,581.11,0.39,51.76,5.0,True
731,4.24,11.46,1.57,1.47,711.75,0.46,34.83,5.0,True
732,4.87,11.85,1.59,1.66,673.42,0.44,39.8,5.0,True
733,4.93,11.88,1.59,1.67,670.03,0.44,40.24,5.0,True
734,13.64,17.28,1.88,4.25,140.74,0.13,108.83,5.0,True
735,14.21,17.63,1.9,4.42,105.93,0.1,113.34,5.0,True
736,5.57,12.28,1.61,1.86,630.8,0.42,45.32,5.0,True
737,5.7,12.36,1.62,1.9,623.01,0.41,46.33,5.0,True
738,4.44,11.58,1.58,1.53,699.89,0.46,36.37,5.0,True
739,5.62,12.32,1.61,1.88,627.61,0.41,45.74,5.0,True
740,5.31,12.12,1.6,1.79,646.56,0.43,43.28,5.0,True
741,11.49,15.95,1.81,3.62,271.41,0.2,91.9,5.0,True
742,9.33,14.61,1.74,2.98,402.33,0.28,74.93,5.0,True
743,3.98,11.3,1.56,1.39,727.59,0.47,32.78,5.0,True
744,3.7,11.13,1.55,1.31,744.46,0.48,30.59,5.0,True
745,6.82,13.06,1.65,2.23,554.88,0.37,55.16,5.0,True
746,11.41,15.9,1.8,3.6,276.02,0.21,91.3,5.0,True
747,12.93,16.84,1.85,4.05,183.55,0.15,103.28,5.0,True
748,11.24,15.79,1.8,3.54,286.65,0.21,89.92,5.0,True
749,10.73,15.48,1.78,3.39,317.08,0.23,85.98,5.0,True
750,4.12,11.38,1.57,1.43,719.08,0.47,33.88,5.0,True
751,11.06,15.68,1.79,3.49,297.24,0.22,88.55,5.0,True
752,9.38,14.64,1.74,2.99,399.47,0.28,75.3,5.0,True
753,12.32,16.46,1.83,3.86,220.89,0.17,98.44,5.0,True
754,11.31,15.84,1.8,3.57,281.98,0.21,90.53,5.0,True
755,11.06,15.69,1.79,3.49,297.0,0.22,88.58,5.0,True
756,13.07,16.93,1.86,4.09,174.84,0.15,104.41,5.0,True
757,13.34,17.1,1.87,4.17,158.74,0.14,106.5,5.0,True
758,4.68,11.73,1.58,1.6,685.1,0.45,38.29,5.0,True
759,5.36,12.16,1.61,1.8,643.41,0.42,43.69,5.0,True
760,8.95,14.38,1.72,2.87,425.63,0.29,71.91,5.0,True
761,8.12,13.86,1.7,2.62,476.21,0.32,65.36,5.0,True
762,5.37,12.16,1.61,1.8,643.18,0.42,43.72,5.0,True
763,6.41,12.8,1.64,2.11,579.74,0.39,51.94,5.0,True
764,4.8,11.81,1.59,1.64,677.51,0.44,39.27,5.0,True
765,8.79,14.28,1.72,2.82,435.29,0.3,70.66,5.0,True
766,14.73,17.96,1.91,4.58,74.01,0.09,117.48,5.0,True
767,7.26,13.33,1.67,2.36,528.28,0.36,58.61,5.0,True
768,6.6,12.92,1.65,2.17,568.5,0.38,53.4,5.0,True
769,6.6,12.92,1.65,2.17,568.4,0.38,53.41,5.0,True
770,10.82,15.53,1.78,3.42,312.05,0.23,86.63,5.0,True
771,7.03,13.19,1.66,2.3,542.37,0.36,56.78,5.0,True
772,8.14,13.87,1.7,2.62,475.0,0.32,65.51,5.0,True
773,4.72,11.75,1.58,1.61,682.84,0.45,38.58,5.0,True
774,7.63,13.56,1.68,2.47,505.99,0.34,61.5,5.0,True
775,9.9,14.96,1.75,3.15,367.96,0.26,79.39,5.0,True
776,10.33,15.23,1.77,3.27,341.78,0.24,82.78,5.0,True
777,10.73,15.48,1.78,3.39,317.25,0.23,85.96,5.0,True
778,4.36,11.53,1.57,1.5,704.57,0.46,35.76,5.0,True
779,14.22,17.64,1.9,4.43,105.12,0.1,113.45,5.0,True
780,5.84,12.45,1.62,1.94,614.4,0.41,47.45,5.0,True
781,12.89,16.82,1.85,4.03,185.97,0.15,102.97,5.0,True
782,12.56,16.61,1.84,3.94,206.03,0.16,100.37,5.0,True
783,11.32,15.84,1.8,3.57,281.73,0.21,90.56,5.0,True
784,12.89,16.82,1.85,4.03,185.99,0.15,102.97,5.0,True
785,8.48,14.08,1.71,2.73,454.18,0.31,68.21,5.0,True
786,4.61,11.69,1.58,1.58,689.26,0.45,37.75,5.0,True
787,11.43,15.91,1.8,3.6,274.99,0.2,91.43,5.0,True
788,9.09,14.46,1.73,2.91,417.03,0.29,73.03,5.0,True
789,11.31,15.84,1.8,3.57,282.14,0.21,90.51,5.0,True
790,8.33,13.99,1.7,2.68,463.37,0.32,67.02,5.0,True
791,14.21,17.63,1.9,4.42,105.96,0.1,113.34,5.0,True
792,8.77,14.27,1.72,2.81,436.39,0.3,70.52,5.0,True
793,12.94,16.85,1.85,4.05,183.05,0.15,103.35,5.0,True
794,3.87,11.23,1.56,1.36,734.09,0.48,31.94,5.0,True
795,13.26,17.05,1.86,4.14,163.59,0.14,105.87,5.0,True
796,9.99,15.02,1.76,3.17,362.37,0.26,80.11,5.0,True
797,10.98,15.63,1.79,3.47,302.07,0.22,87.92,5.0,True
798,9.0,14.41,1.73,2.88,422.48,0.29,72.32,5.0,True
799,7.2,13.29,1.67,2.35,531.88,0.36,58.14,5.0,True
800,13.01,16.89,1.86,4.07,179.08,0.15,103.86,5.0,True
801,9.77,14.89,1.75,3.11,375.41,0.26,78.42,5.0,True
802,11.74,16.1,1.82,3.69,256.17,0.19,93.87,5.0,True
803,13.51,17.2,1.87,4.22,148.64,0.13,107.81,5.0,True
804,11.78,16.13,1.82,3.71,253.34,0.19,94.24,5.0,True
805,11.36,15.87,1.8,3.58,279.05,0.21,90.91,5.0,True
806,11.55,15.99,1.81,3.64,267.45,0.2,92.41,5.0,True
807,5.62,12.31,1.61,1.88,628.1,0.41,45.67,5.0,True
808,6.79,13.04,1.65,2.22,557.08,0.37,54.88,5.0,True
809,7.41,13.42,1.67,2.41,518.94,0.35,59.82,5.0,True
810,14.15,17.6,1.89,4.41,109.22,0.11,112.92,5.0,True
811,12.11,16.33,1.83,3.8,233.77,0.18,96.78,5.0,True
812,6.39,12.79,1.64,2.11,581.36,0.39,51.73,5.0,True
813,7.13,13.25,1.66,2.33,536.19,0.36,57.58,5.0,True
814,4.5,11.62,1.58,1.55,695.77,0.45,36.9,5.0,True
815,3.56,11.04,1.55,1.27,753.21,0.49,29.46,5.0,True
816,9.94,14.99,1.76,3.16,365.25,0.26,79.74,5.0,True
817,13.99,17.5,1.89,4.36,119.42,0.11,111.59,5.0,True
818,3.51,11.01,1.55,1.25,755.88,0.49,29.11,5.0,True
819,9.51,14.72,1.74,3.03,391.7,0.27,76.31,5.0,True
820,10.4,15.27,1.77,3.3,337.35,0.24,83.35,5.0,True
821,11.4,15.89,1.8,3.59,276.68,0.21,91.21,5.0,True
822,7.58,13.53,1.68,2.46,508.51,0.34,61.17,5.0,True
823,3.79,11.18,1.55,1.33,739.41,0.48,31.25,5.0,True
824,6.05,12.58,1.63,2.01,601.63,0.4,49.1,5.0,True
825,12.69,16.7,1.85,3.98,198.03,0.16,101.41,5.0,True
826,7.9,13.73,1.69,2.55,489.29,0.33,63.66,5.0,True
827,10.37,15.26,1.77,3.29,339.29,0.24,83.1,5.0,True
828,11.62,16.03,1.81,3.66,263.35,0.2,92.94,5.0,True
829,10.96,15.62,1.79,3.46,303.53,0.22,87.74,5.0,True
830,12.89,16.82,1.85,4.03,185.86,0.15,102.99,5.0,True
831,12.83,16.78,1.85,4.02,189.45,0.15,102.52,5.0,True
832,9.29,14.58,1.73,2.97,405.12,0.28,74.57,5.0,True
833,12.43,16.53,1.84,3.9,213.88,0.17,99.35,5.0,True
834,10.96,15.62,1.79,3.46,303.65,0.22,87.72,5.0,True
835,10.14,15.11,1.76,3.22,353.4,0.25,81.27,5.0,True
836,13.02,16.9,1.86,4.07,178.27,0.15,103.97,5.0,True
837,4.09,11.37,1.56,1.42,720.88,0.47,33.65,5.0,True
838,11.04,15.67,1.79,3.48,298.72,0.22,88.36,5.0,True
839,9.56,14.75,1.74,3.05,388.52,0.27,76.72,5.0,True
840,11.31,15.84,1.8,3.57,281.87,0.21,90.54,5.0,True
841,10.56,15.38,1.78,3.34,327.47,0.24,84.63,5.0,True
842,12.64,16.66,1.84,3.96,201.13,0.16,101.01,5.0,True
843,14.38,17.74,1.9,4.48,95.34,0.1,114.72,5.0,True
844,5.64,12.33,1.62,1.89,626.49,0.41,45.88,5.0,True
845,14.66,17.91,1.91,4.56,78.42,0.09,116.91,5.0,True
846,3.55,11.03,1.55,1.26,753.91,0.49,29.37,5.0,True
847,14.05,17.54,1.89,4.38,115.57,0.11,112.09,5.0,True
848,9.26,14.57,1.73,2.96,406.4,0.28,74.4,5.0,True
849,9.5,14.72,1.74,3.03,392.23,0.27,76.24,5.0,True
850,5.5,12.24,1.61,1.84,635.01,0.42,44.78,5.0,True
851,12.41,16.52,1.84,3.89,215.44,0.17,99.15,5.0,True
852,3.78,11.17,1.55,1.33,739.86,0.48,31.19,5.0,True
853,11.99,16.26,1.82,3.77,240.59,0.18,95.89,5.0,True
854,10.31,15.22,1.77,3.27,343.03,0.25,82.62,5.0,True
855,9.71,14.85,1.75,3.09,379.29,0.27,77.92,5.0,True
856,13.79,17.37,1.88,4.3,131.35,0.12,110.05,5.0,True
857,9.33,14.61,1.74,2.98,402.37,0.28,74.93,5.0,True
858,6.05,12.58,1.63,2.01,601.78,0.4,49.08,5.0,True
859,13.35,17.1,1.87,4.17,158.33,0.14,106.55,5.0,True
860,12.13,16.35,1.83,3.81,232.05,0.18,97.0,5.0,True
861,14.5,17.82,1.91,4.51,87.99,0.09,115.67,5.0,True
862,6.26,12.71,1.64,2.07,589.22,0.39,50.71,5.0,True
863,10.89,15.58,1.79,3.44,307.59,0.22,87.21,5.0,True
864,9.46,14.69,1.74,3.02,394.48,0.28,75.95,5.0,True
865,12.56,16.61,1.84,3.94,206.23,0.16,100.35,5.0,True
866,11.72,16.1,1.81,3.69,256.88,0.19,93.78,5.0,True
867,5.15,12.02,1.6,1.74,656.66,0.43,41.97,5.0,True
868,3.62,11.07,1.55,1.29,749.4,0.49,29.95,5.0,True
869,8.75,14.25,1.72,2.81,437.71,0.3,70.35,5.0,True
870,4.22,11.44,1.57,1.46,713.26,0.46,34.64,5.0,True
871,11.59,16.01,1.81,3.65,265.08,0.2,92.72,5.0,True
872,13.66,17.29,1.88,4.26,139.54,0.12,108.99,5.0,True
873,7.12,13.24,1.66,2.32,537.01,0.36,57.48,5.0,True
874,8.86,14.32,1.72,2.84,430.74,0.3,71.25,5.0,True
875,12.39,16.51,1.84,3.89,216.21,0.17,99.05,5.0,True
876,14.4,17.75,1.9,4.48,94.12,0.1,114.87,5.0,True
877,7.7,13.6,1.68,2.5,501.39,0.34,62.09,5.0,True
878,10.5,15.34,1.77,3.33,331.33,0.24,84.13,5.0,True
879,6.67,12.96,1.65,2.19,564.33,0.38,53.94,5.0,True
880,8.91,14.35,1.72,2.85,428.03,0.3,71.6,5.0,True
881,6.05,12.58,1.63,2.01,601.82,0.4,49.08,5.0,True
882,13.8,17.38,1.88,4.3,130.52,0.12,110.16,5.0,True
883,11.08,15.7,1.79,3.5,296.09,0.22,88.7,5.0,True
884,12.9,16.82,1.85,4.04,185.49,0.15,103.03,5.0,True
885,10.55,15.37,1.78,3.34,328.42,0.24,84.51,5.0,True
886,5.9,12.49,1.62,1.96,610.88,0.4,47.9,5.0,True
887,5.91,12.49,1.62,1.97,610.1,0.4,48.0,5.0,True
888,5.48,12.22,1.61,1.84,636.66,0.42,44.56,5.0,True
889,11.08,15.7,1.79,3.5,296.07,0.22,88.7,5.0,True
890,13.43,17.15,1.87,4.19,153.5,0.13,107.18,5.0,True
891,8.92,14.36,1.72,2.86,427.28,0.3,71.7,5.0,True
892,5.62,12.31,1.61,1.88,627.79,0.41,45.71,5.0,True
893,11.8,16.14,1.82,3.71,252.44,0.19,94.36,5.0,True
894,11.37,15.88,1.8,3.58,278.46,0.21,90.99,5.0,True
895,4.89,11.86,1.59,1.66,672.45,0.44,39.93,5.0,True
896,10.34,15.24,1.77,3.28,340.84,0.24,82.9,5.0,True
897,5.92,12.5,1.62,1.97,609.53,0.4,48.08,5.0,True
898,12.37,16.49,1.84,3.88,217.96,0.17,98.83,5.0,True
899,13.96,17.48,1.89,4.35,120.97,0.11,111.39,5.0,True
900,11.35,15.86,1.8,3.58,279.64,0.21,90.83,5.0,True
901,6.72,12.99,1.65,2.2,561.19,0.37,54.34,5.0,True
902,11.64,16.04,1.81,3.66,262.05,0.2,93.11,5.0,True
903,13.22,17.02,1.86,4.13,166.32,0.14,105.52,5.0,True
904,8.33,13.99,1.7,2.68,463.01,0.32,67.07,5.0,True
905,5.81,12.43,1.62,1.94,616.3,0.41,47.2,5.0,True
906,11.51,15.96,1.81,3.63,269.83,0.2,92.1,5.0,True
907,8.24,13.93,1.7,2.65,468.83,0.32,66.31,5.0,True
908,10.78,15.51,1.78,3.41,314.28,0.23,86.34,5.0,True
909,10.43,15.29,1.77,3.3,335.65,0.24,83.57,5.0,True
910,8.11,13.86,1.7,2.62,476.6,0.32,65.31,5.0,True
911,10.75,15.49,1.78,3.4,316.12,0.23,86.1,5.0,True
912,6.61,12.93,1.65,2.17,567.86,0.38,53.48,5.0,True
913,7.28,13.34,1.67,2.37,527.12,0.35,58.76,5.0,True
914,8.39,14.03,1.71,2.7,459.65,0.31,67.5,5.0,True
915,12.44,16.54,1.84,3.9,213.69,0.17,99.38,5.0,True
916,8.6,14.16,1.71,2.76,446.88,0.31,69.16,5.0,True
917,14.54,17.84,1.91,4.52,85.51,0.09,115.99,5.0,True
918,8.78,14.27,1.72,2.81,435.99,0.3,70.57,5.0,True
919,4.44,11.58,1.58,1.53,699.62,0.46,36.4,5.0,True
920,5.85,12.45,1.62,1.95,614.22,0.41,47.47,5.0,True
921,13.25,17.04,1.86,4.14,164.3,0.14,105.78,5.0,True
922,4.23,11.45,1.57,1.47,712.12,0.46,34.78,5.0,True
923,12.85,16.79,1.85,4.02,188.43,0.15,102.65,5.0,True
924,8.93,14.36,1.72,2.86,427.02,0.29,71.73,5.0,True
925,13.95,17.47,1.89,4.35,121.6,0.11,111.31,5.0,True
926,11.96,16.24,1.82,3.76,242.63,0.19,95.63,5.0,True
927,9.96,15.0,1.76,3.16,364.31,0.26,79.86,5.0,True
928,12.06,16.3,1.83,3.79,236.43,0.18,96.43,5.0,True
929,3.67,11.11,1.55,1.3,746.29,0.48,30.36,5.0,True
930,12.08,16.32,1.83,3.79,235.04,0.18,96.61,5.0,True
931,6.38,12.78,1.64,2.1,581.69,0.39,51.69,5.0,True
932,10.63,15.42,1.78,3.37,323.15,0.23,85.19,5.0,True
933,10.39,15.27,1.77,3.29,337.95,0.24,83.27,5.0,True
934,11.23,15.79,1.8,3.54,286.8,0.21,89.9,5.0,True
935,14.36,17.73,1.9,4.47,96.85,0.1,114.52,5.0,True
936,13.37,17.12,1.87,4.18,156.67,0.13,106.77,5.0,True
937,9.88,14.95,1.75,3.14,368.78,0.26,79.28,5.0,True
938,12.44,16.54,1.84,3.9,213.72,0.17,99.37,5.0,True
939,11.66,16.06,1.81,3.67,260.55,0.2,93.31,5.0,True
940,9.18,14.52,1.73,2.93,411.47,0.29,73.75,5.0,True
941,10.64,15.42,1.78,3.37,322.99,0.23,85.21,5.0,True
942,5.35,12.15,1.61,1.8,644.11,0.42,43.6,5.0,True
943,10.62,15.41,1.78,3.36,324.23,0.23,85.05,5.0,True
944,6.59,12.92,1.65,2.17,568.76,0.38,53.36,5.0,True
945,4.5,11.62,1.58,1.55,695.76,0.45,36.9,5.0,True
946,10.17,15.13,1.76,3.23,351.48,0.25,81.52,5.0,True
947,9.59,14.78,1.74,3.06,386.37,0.27,77.0,5.0,True
948,5.49,12.23,1.61,1.84,635.59,0.42,44.7,5.0,True
949,5.62,12.31,1.61,1.88,628.11,0.41,45.67,5.0,True
950,8.72,14.23,1.72,2.8,439.51,0.3,70.11,5.0,True
951,5.92,12.5,1.62,1.97,609.76,0.4,48.05,5.0,True
952,6.83,13.06,1.65,2.24,554.21,0.37,55.25,5.0,True
953,12.14,16.35,1.83,3.81,231.96,0.18,97.01,5.0,True
954,13.77,17.36,1.88,4.3,132.49,0.12,109.9,5.0,True
955,8.3,13.97,1.7,2.67,464.91,0.32,66.82,5.0,True
956,14.17,17.61,1.89,4.41,108.33,0.11,113.03,5.0,True
957,4.38,11.55,1.57,1.51,703.18,0.46,35.94,5.0,True
958,5.14,12.02,1.6,1.74,657.01,0.43,41.93,5.0,True
959,8.71,14.23,1.72,2.8,439.82,0.3,70.07,5.0,True
960,3.58,11.05,1.55,1.27,752.18,0.49,29.59,5.0,True
961,8.38,14.02,1.71,2.7,460.06,0.31,67.45,5.0,True
962,5.2,12.05,1.6,1.75,653.66,0.43,42.36,5.0,True
963,8.07,13.83,1.69,2.6,479.11,0.33,64.98,5.0,True
964,14.04,17.53,1.89,4.37,116.27,0.11,112.0,5.0,True
965,5.29,12.11,1.6,1.78,647.82,0.43,43.12,5.0,True
966,10.71,15.47,1.78,3.39,318.57,0.23,85.79,5.0,True
967,6.27,12.72,1.64,2.07,588.11,0.39,50.86,5.0,True
968,13.53,17.21,1.87,4.22,147.41,0.13,107.97,5.0,True
969,14.78,17.99,1.91,4.59,71.46,0.08,117.81,5.0,True
970,3.75,11.15,1.55,1.32,741.85,0.48,30.93,5.0,True
971,7.12,13.24,1.66,2.32,536.93,0.36,57.49,5.0,True
972,11.18,15.76,1.8,3.53,290.15,0.21,89.47,5.0,True
973,12.14,16.35,1.83,3.81,231.58,0.18,97.06,5.0,True
974,11.3,15.83,1.8,3.56,282.65,0.21,90.44,5.0,True
975,5.63,12.32,1.61,1.88,627.3,0.41,45.78,5.0,True
976,9.97,15.01,1.76,3.17,363.32,0.26,79.99,5.0,True
977,9.42,14.67,1.74,3.0,397.13,0.28,75.61,5.0,True
978,8.4,14.04,1.71,2.7,458.85,0.31,67.61,5.0,True
979,13.7,17.32,1.88,4.27,137.09,0.12,109.31,5.0,True
980,14.67,17.92,1.91,4.56,77.66,0.09,117.01,5.0,True
981,12.48,16.56,1.84,3.91,211.05,0.17,99.72,5.0,True
982,6.47,12.84,1.64,2.13,576.1,0.38,52.41,5.0,True
983,10.85,15.55,1.79,3.43,310.13,0.23,86.88,5.0,True
984,9.0,14.41,1.73,2.88,422.29,0.29,72.34,5.0,True
985,13.8,17.38,1.88,4.3,131.03,0.12,110.09,5.0,True
986,11.52,15.97,1.81,3.63,269.38,0.2,92.16,5.0,True
987,4.7,11.74,1.58,1.6,683.98,0.45,38.43,5.0,True
988,8.44,14.06,1.71,2.71,456.79,0.31,67.87,5.0,True
989,3.73,11.14,1.55,1.32,743.06,0.48,30.77,5.0,True
990,7.73,13.62,1.68,2.5,499.49,0.34,62.34,5.0,True
991,5.76,12.4,1.62,1.92,619.7,0.41,46.76,5.0,True
992,13.18,17.0,1.86,4.12,168.51,0.14,105.23,5.0,True
993,13.74,17.34,1.88,4.29,134.48,0.12,109.64,5.0,True
994,7.42,13.43,1.67,2.41,518.8,0.35,59.84,5.0,True
995,5.81,12.43,1.62,1.94,616.22,0.41,47.21,5.0,True
996,13.92,17.45,1.89,4.34,123.57,0.11,111.06,5.0,True
997,7.88,13.71,1.69,2.55,490.57,0.33,63.5,5.0,True
998,14.58,17.87,1.91,4.54,83.17,0.09,116.29,5.0,True
999,3.75,11.15,1.55,1.32,741.84,0.48,30.93,5.0,True
1000,4.21,11.44,1.57,1.46,713.37,0.46,34.62,5.0,True
1001,8.31,13.98,1.7,2.68,464.59,0.32,66.86,5.0,True
1002,13.58,17.24,1.88,4.24,144.12,0.13,108.39,5.0,True
1003,5.17,12.03,1.6,1.75,655.25,0.43,42.15,5.0,True
1004,11.91,16.21,1.82,3.74,245.76,0.19,95.22,5.0,True
1005,13.35,17.1,1.87,4.17,158.03,0.14,106.59,5.0,True
1006,6.94,13.13,1.66,2.27,547.73,0.37,56.09,5.0,True
1007,7.82,13.67,1.69,2.53,494.47,0.34,62.99,5.0,True
1008,6.12,12.62,1.63,2.03,597.58,0.4,49.63,5.0,True
1009,9.49,14.71,1.74,3.02,393.0,0.27,76.14,5.0,True
1010,10.7,15.46,1.78,3.39,318.91,0.23,85.74,5.0,True
1011,9.75,14.87,1.75,3.1,377.06,0.27,78.21,5.0,True
1012,6.8,13.05,1.65,2.23,556.04,0.37,55.01,5.0,True
1013,9.18,14.52,1.73,2.93,411.54,0.29,73.74,5.0,True
1014,7.55,13.51,1.68,2.45,510.56,0.34,60.91,5.0,True
1015,5.54,12.27,1.61,1.86,632.62,0.42,45.09,5.0,True
1016,5.28,12.1,1.6,1.78,648.56,0.43,43.02,5.0,True
1017,4.5,11.62,1.58,1.55,695.84,0.45,36.89,5.0,True
1018,12.4,16.51,1.84,3.89,215.99,0.17,99.08,5.0,True
1019,14.19,17.62,1.9,4.42,107.0,0.11,113.2,5.0,True
1020,6.97,13.15,1.66,2.28,545.98,0.37,56.32,5.0,True
1021,9.99,15.02,1.76,3.17,362.41,0.26,80.1,5.0,True
1022,9.32,14.6,1.74,2.97,403.16,0.28,74.82,5.0,True
1023,9.76,14.88,1.75,3.11,376.13,0.26,78.33,5.0,True
1024,6.51,12.86,1.64,2.14,574.08,0.38,52.67,5.0,True
1025,13.66,17.3,1.88,4.26,139.05,0.12,109.05,5.0,True
1026,11.58,16.0,1.81,3.64,265.82,0.2,92.62,5.0,True
1027,4.55,11.65,1.58,1.56,693.06,0.45,37.25,5.0,True
1028,10.16,15.13,1.76,3.23,351.8,0.25,81.48,5.0,True
1029,12.23,16.41,1.83,3.84,226.27,0.18,97.75,5.0,True
1030,4.84,11.83,1.59,1.65,675.49,0.44,39.53,5.0,True
1031,14.0,17.5,1.89,4.36,118.69,0.11,111.69,5.0,True
1032,8.47,14.08,1.71,2.72,454.49,0.31,68.17,5.0,True
1033,8.17,13.89,1.7,2.63,473.15,0.32,65.75,5.0,True
1034,11.95,16.23,1.82,3.75,243.46,0.19,95.52,5.0,True
1035,10.8,15.52,1.78,3.41,313.3,0.23,86.47,5.0,True
1036,4.66,11.72,1.58,1.59,686.5,0.45,38.1,5.0,True
1037,11.24,15.8,1.8,3.55,286.12,0.21,89.99,5.0,True
1038,13.2,17.01,1.86,4.13,167.12,0.14,105.41,5.0,True
1039,12.37,16.5,1.84,3.88,217.6,0.17,98.87,5.0,True
1040,9.86,14.94,1.75,3.14,370.03,0.26,79.12,5.0,True
1041,4.48,11.61,1.58,1.54,697.33,0.46,36.7,5.0,True
1042,7.17,13.27,1.67,2.34,533.74,0.36,57.9,5.0,True
1043,7.01,13.18,1.66,2.29,543.27,0.36,56.67,5.0,True
1044,8.67,14.2,1.71,2.78,442.71,0.3,69.7,5.0,True
1045,12.96,16.86,1.86,4.06,181.52,0.15,103.55,5.0,True
1046,8.09,13.85,1.7,2.61,477.59,0.33,65.18,5.0,True
1047,7.84,13.69,1.69,2.54,493.07,0.33,63.17,5.0,True
1048,7.99,13.78,1.69,2.58,483.8,0.33,64.37,5.0,True
1049,13.93,17.46,1.89,4.34,123.08,0.11,111.12,5.0,True
1050,12.65,16.67,1.84,3.96,200.63,0.16,101.07,5.0,True
1051,12.71,16.7,1.85,3.98,197.12,0.16,101.53,5.0,True
1052,7.27,13.33,1.67,2.37,527.88,0.35,58.66,5.0,True
1053,4.57,11.66,1.58,1.57,691.96,0.45,37.4,5.0,True
1054,7.69,13.6,1.68,2.49,501.89,0.34,62.03,5.0,True
1055,8.15,13.88,1.7,2.63,473.86,0.32,65.66,5.0,True
1056,14.23,17.65,1.9,4.43,104.78,0.1,113.49,5.0,True
1057,8.99,14.4,1.72,2.88,423.16,0.29,72.23,5.0,True
1058,5.25,12.08,1.6,1.77,650.53,0.43,42.77,5.0,True
1059,3.63,11.08,1.55,1.29,748.82,0.49,30.03,5.0,True
1060,12.25,16.42,1.83,3.84,225.16,0.18,97.89,5.0,True
1061,3.5,11.0,1.55,1.25,756.59,0.49,29.02,5.0,True
1062,14.76,17.97,1.91,4.59,72.62,0.08,117.66,5.0,True
1063,11.07,15.69,1.79,3.49,296.66,0.22,88.63,5.0,True
1064,13.58,17.25,1.88,4.24,143.94,0.13,108.42,5.0,True
1065,10.59,15.4,1.78,3.35,325.56,0.23,84.88,5.0,True
1066,6.34,12.76,1.64,2.09,583.89,0.39,51.4,5.0,True
1067,12.49,16.57,1.84,3.92,210.24,0.17,99.83,5.0,True
1068,10.39,15.27,1.77,3.29,337.93,0.24,83.28,5.0,True
1069,12.75,16.73,1.85,3.99,194.75,0.16,101.83,5.0,True
1070,9.06,14.44,1.73,2.9,419.01,0.29,72.77,5.0,True
1071,4.93,11.89,1.59,1.67,669.65,0.44,40.29,5.0,True
1072,5.87,12.47,1.62,1.95,612.54,0.41,47.69,5.0,True
1073,7.22,13.3,1.67,2.35,530.85,0.36,58.28,5.0,True
1074,8.96,14.38,1.72,2.87,425.02,0.29,71.99,5.0,True
1075,10.56,15.37,1.78,3.34,327.65,0.24,84.61,5.0,True
1076,7.52,13.49,1.68,2.44,512.28,0.35,60.68,5.0,True
1077,12.82,16.77,1.85,4.01,190.41,0.15,102.4,5.0,True
1078,12.14,16.35,1.83,3.81,231.75,0.18,97.04,5.0,True
1079,10.11,15.09,1.76,3.21,355.2,0.25,81.04,5.0,True
1080,8.78,14.27,1.72,2.81,435.94,0.3,70.58,5.0,True
1081,8.15,13.88,1.7,2.63,474.34,0.32,65.6,5.0,True
1082,12.53,16.59,1.84,3.93,208.15,0.17,100.1,5.0,True
1083,3.51,11.0,1.55,1.25,756.29,0.49,29.06,5.0,True
1084,12.46,16.55,1.84,3.91,212.39,0.17,99.55,5.0,True
1085,6.08,12.6,1.63,2.02,599.66,0.4,49.36,5.0,True
1086,11.17,15.75,1.8,3.52,290.52,0.21,89.42,5.0,True
1087,8.89,14.34,1.72,2.85,429.21,0.3,71.45,5.0,True
1088,13.07,16.93,1.86,4.09,174.99,0.15,104.39,5.0,True
1089,4.11,11.38,1.57,1.43,719.5,0.47,33.83,5.0,True
1090,11.14,15.73,1.8,3.51,292.47,0.22,89.17,5.0,True
1091,7.12,13.24,1.66,2.32,537.01,0.36,57.48,5.0,True
1092,8.57,14.14,1.71,2.75,448.91,0.31,68.89,5.0,True
1093,5.24,12.08,1.6,1.77,651.05,0.43,42.7,5.0,True
1094,9.53,14.74,1.74,3.04,390.01,0.27,76.53,5.0,True
1095,11.02,15.66,1.79,3.48,299.5,0.22,88.26,5.0,True
1096,13.39,17.13,1.87,4.18,155.46,0.13,106.92,5.0,True
1097,4.29,11.49,1.57,1.49,708.52,0.46,35.25,5.0,True
1098,12.51,16.58,1.84,3.92,208.93,0.17,100.0,5.0,True
1099,5.71,12.37,1.62,1.91,622.19,0.41,46.44,5.0,True
1100,12.0,16.27,1.82,3.77,240.0,0.18,95.97,5.0,True
1101,4.67,11.72,1.58,1.6,685.69,0.45,38.21,5.0,True
1102,5.53,12.26,1.61,1.85,633.1,0.42,45.02,5.0,True
1103,14.0,17.5,1.89,4.36,118.85,0.11,111.67,5.0,True
1104,10.47,15.32,1.77,3.32,333.18,0.24,83.89,5.0,True
1105,7.34,13.38,1.67,2.39,523.29,0.35,59.26,5.0,True
1106,13.96,17.48,1.89,4.35,120.99,0.11,111.39,5.0,True
1107,12.17,16.37,1.83,3.82,229.55,0.18,97.32,5.0,True
1108,11.11,15.71,1.79,3.51,294.35,0.22,88.93,5.0,True
1109,11.19,15.76,1.8,3.53,289.52,0.21,89.55,5.0,True
1110,10.71,15.47,1.78,3.39,318.33,0.23,85.82,5.0,True
1111,9.6,14.78,1.74,3.06,386.28,0.27,77.01,5.0,True
1112,3.7,11.12,1.55,1.31,744.79,0.48,30.55,5.0,True
1113,7.74,13.63,1.68,2.51,499.19,0.34,62.38,5.0,True
1114,13.89,17.44,1.89,4.33,125.22,0.12,110.84,5.0,True
1115,4.83,11.83,1.59,1.65,675.76,0.44,39.5,5.0,True
1116,9.73,14.86,1.75,3.1,378.06,0.27,78.08,5.0,True
1117,5.13,12.01,1.6,1.73,657.4,0.43,41.88,5.0,True
1118,4.0,11.31,1.56,1.4,726.55,0.47,32.91,5.0,True
1119,5.7,12.37,1.62,1.9,622.75,0.41,46.37,5.0,True
1120,6.86,13.08,1.66,2.25,552.36,0.37,55.49,5.0,True
1121,12.31,16.46,1.83,3.86,221.55,0.17,98.36,5.0,True
1122,9.91,14.97,1.76,3.15,367.23,0.26,79.48,5.0,True
1123,7.0,13.17,1.66,2.29,544.12,0.36,56.56,5.0,True
1124,4.59,11.68,1.58,1.57,690.49,0.45,37.59,5.0,True
1125,8.42,14.05,1.71,2.71,457.57,0.31,67.77,5.0,True
1126,9.32,14.6,1.74,2.97,403.29,0.28,74.81,5.0,True
1127,12.13,16.34,1.83,3.81,232.45,0.18,96.95,5.0,True
1128,14.22,17.64,1.9,4.43,105.14,0.1,113.45,5.0,True
1129,9.53,14.74,1.74,3.04,390.28,0.27,76.49,5.0,True
1130,4.3,11.49,1.57,1.49,708.32,0.46,35.28,5.0,True
1131,10.33,15.23,1.77,3.28,341.37,0.24,82.83,5.0,True
1132,13.02,16.9,1.86,4.07,178.4,0.15,103.95,5.0,True
1133,11.96,16.24,1.82,3.76,242.51,0.19,95.64,5.0,True
1134,8.22,13.92,1.7,2.65,469.92,0.32,66.17,5.0,True
1135,14.73,17.96,1.91,4.58,74.36,0.09,117.43,5.0,True
1136,4.62,11.69,1.58,1.58,688.6,0.45,37.83,5.0,True
1137,14.11,17.57,1.89,4.39,112.19,0.11,112.53,5.0,True
1138,7.49,13.47,1.68,2.43,514.39,0.35,60.41,5.0,True
1139,6.47,12.84,1.64,2.13,576.09,0.38,52.41,5.0,True
1140,12.22,16.4,1.83,3.84,226.71,0.18,97.69,5.0,True
1141,5.1,11.99,1.6,1.72,659.71,0.43,41.58,5.0,True
1142,10.12,15.1,1.76,3.21,354.64,0.25,81.11,5.0,True
1143,5.65,12.33,1.62,1.89,625.87,0.41,45.96,5.0,True
1144,8.93,14.36,1.72,2.86,426.64,0.29,71.78,5.0,True
1145,11.8,16.14,1.82,3.71,252.04,0.19,94.41,5.0,True
1146,8.35,14.0,1.7,2.69,462.21,0.32,67.17,5.0,True
1147,12.07,16.31,1.83,3.79,235.71,0.18,96.52,5.0,True
1148,13.04,16.91,1.86,4.08,177.16,0.15,104.11,5.0,True
1149,6.36,12.77,1.64,2.1,583.14,0.39,51.5,5.0,True
1150,4.49,11.62,1.58,1.54,696.39,0.45,36.82,5.0,True
1151,6.64,12.95,1.65,2.18,565.63,0.38,53.77,5.0,True
1152,9.81,14.91,1.75,3.12,373.54,0.26,78.66,5.0,True
1153,6.95,13.14,1.66,2.27,547.0,0.37,56.18,5.0,True
1154,4.27,11.48,1.57,1.48,710.03,0.46,35.06,5.0,True
1155,14.21,17.63,1.9,4.42,105.96,0.1,113.34,5.0,True
1156,11.42,15.91,1.8,3.6,275.52,0.21,91.37,5.0,True
1157,4.04,11.33,1.56,1.41,723.95,0.47,33.25,5.0,True
1158,8.53,14.12,1.71,2.74,451.05,0.31,68.62,5.0,True
1159,3.66,11.1,1.55,1.3,747.04,0.48,30.26,5.0,True
1160,3.73,11.14,1.55,1.32,742.88,0.48,30.8,5.0,True
1161,14.12,17.58,1.89,4.4,111.33,0.11,112.64,5.0,True
1162,11.57,16.0,1.81,3.64,266.59,0.2,92.52,5.0,True
1163,9.1,14.47,1.73,2.91,416.69,0.29,73.07,5.0,True
1164,11.14,15.73,1.8,3.52,292.29,0.22,89.19,5.0,True
1165,8.86,14.32,1.72,2.84,431.07,0.3,71.21,5.0,True
1166,5.72,12.37,1.62,1.91,621.88,0.41,46.48,5.0,True
1167,13.5,17.19,1.87,4.21,149.28,0.13,107.73,5.0,True
1168,3.56,11.04,1.55,1.27,753.13,0.49,29.47,5.0,True
1169,5.65,12.33,1.62,1.89,626.15,0.41,45.93,5.0,True
1170,13.85,17.41,1.88,4.32,127.68,0.12,110.52,5.0,True
1171,3.84,11.21,1.56,1.35,736.24,0.48,31.66,5.0,True
1172,3.57,11.04,1.55,1.27,752.74,0.49,29.52,5.0,True
1173,7.14,13.26,1.66,2.33,535.5,0.36,57.67,5.0,True
1174,11.58,16.01,1.81,3.65,265.6,0.2,92.65,5.0,True
1175,7.45,13.45,1.67,2.42,516.78,0.35,60.1,5.0,True
1176,14.12,17.58,1.89,4.4,111.18,0.11,112.66,5.0,True
1177,7.13,13.25,1.66,2.33,536.32,0.36,57.57,5.0,True
1178,4.01,11.32,1.56,1.4,725.83,0.47,33.01,5.0,True
1179,13.52,17.21,1.87,4.22,147.82,0.13,107.91,5.0,True
1180,14.67,17.92,1.91,4.56,77.83,0.09,116.99,5.0,True
1181,13.66,17.29,1.88,4.26,139.28,0.12,109.02,5.0,True
1182,8.86,14.32,1.72,2.84,431.12,0.3,71.2,5.0,True
1183,11.11,15.71,1.79,3.51,294.25,0.22,88.94,5.0,True
1184,14.5,17.82,1.91,4.51,88.08,0.09,115.66,5.0,True
1185,5.66,12.34,1.62,1.89,625.18,0.41,46.05,5.0,True
1186,7.64,13.56,1.68,2.48,505.28,0.34,61.59,5.0,True
1187,5.3,12.12,1.6,1.78,647.36,0.43,43.18,5.0,True
1188,5.56,12.28,1.61,1.86,631.42,0.42,45.24,5.0,True
1189,12.92,16.83,1.85,4.04,184.33,0.15,103.18,5.0,True
1190,11.26,15.8,1.8,3.55,285.35,0.21,90.09,5.0,True
1191,7.35,13.39,1.67,2.39,522.76,0.35,59.32,5.0,True
1192,6.49,12.85,1.64,2.14,575.1,0.38,52.54,5.0,True
1193,11.84,16.17,1.82,3.72,249.92,0.19,94.68,5.0,True
1194,6.44,12.82,1.64,2.12,578.31,0.38,52.13,5.0,True
1195,13.9,17.44,1.89,4.33,124.8,0.12,110.9,5.0,True
1196,5.85,12.46,1.62,1.95,613.72,0.41,47.54,5.0,True
1197,14.18,17.61,1.89,4.42,107.85,0.11,113.09,5.0,True
1198,6.96,13.15,1.66,2.28,546.27,0.37,56.28,5.0,True
1199,4.44,11.58,1.58,1.53,699.72,0.46,36.39,5.0,True
1200,11.67,16.06,1.81,3.67,260.09,0.2,93.37,5.0,True
1201,10.1,15.09,1.76,3.21,355.46,0.25,81.01,5.0,True
1202,14.17,17.61,1.89,4.41,108.02,0.11,113.07,5.0,True
1203,5.72,12.37,1.62,1.91,622.01,0.41,46.46,5.0,True
1204,10.22,15.16,1.77,3.24,348.37,0.25,81.92,5.0,True
1205,9.19,14.53,1.73,2.94,410.91,0.29,73.82,5.0,True
1206,6.22,12.68,1.63,2.05,591.73,0.39,50.39,5.0,True
1207,12.85,16.79,1.85,4.02,188.74,0.15,102.61,5.0,True
1208,12.56,16.62,1.84,3.94,205.88,0.16,100.39,5.0,True
1209,4.27,11.47,1.57,1.48,710.18,0.46,35.04,5.0,True
1210,14.2,17.63,1.9,4.42,106.74,0.1,113.24,5.0,True
1211,12.33,16.47,1.83,3.87,220.1,0.17,98.55,5.0,True
1212,-11.98,-619.45,1.64,2.07,618.55,-659.63,50.11,2.74,False
1213,-19.13,-789.54,1.56,1.4,764.91,-835.66,31.99,2.13,False
1214,-13.34,-651.92,1.62,1.94,646.49,-693.23,46.65,2.62,False
1215,-8.89,-545.84,1.67,2.36,555.2,-583.45,57.95,3.0,False
1216,-3.19,-410.18,1.73,2.9,438.47,-443.05,72.39,3.48,False
1217,-17.86,-759.32,1.58,1.52,738.91,-804.38,35.21,2.24,False
1218,-20.33,-818.23,1.55,1.28,789.6,-865.35,28.93,2.03,False
1219,-5.99,-476.89,1.7,2.64,495.87,-512.09,65.29,3.24,False
1220,-16.06,-716.46,1.59,1.69,702.03,-760.03,39.77,2.39,False
1221,-10.43,-582.61,1.65,2.22,586.84,-621.5,54.03,2.87,False
1222,-7.2,-505.69,1.69,2.52,520.65,-541.9,62.22,3.14,False
1223,-9.99,-571.98,1.66,2.26,577.7,-610.5,55.16,2.91,False
1224,-11.8,-615.19,1.64,2.09,614.88,-655.22,50.56,2.75,False
1225,-3.64,-420.87,1.72,2.86,447.66,-454.11,71.26,3.44,False
1226,-7.69,-517.31,1.68,2.48,530.65,-553.92,60.98,3.1,False
1227,-16.9,-736.63,1.59,1.61,719.38,-780.9,37.63,2.32,False
1228,-3.0,-405.64,1.73,2.92,434.55,-438.35,72.88,3.5,False
1229,-20.56,-823.78,1.55,1.26,794.38,-871.1,28.34,2.01,False
1230,-9.47,-559.73,1.66,2.31,567.16,-597.82,56.47,2.95,False
1231,-11.37,-605.03,1.64,2.13,606.14,-644.7,51.64,2.79,False
1232,-19.36,-795.15,1.56,1.38,769.74,-841.46,31.39,2.11,False
1233,-13.77,-662.13,1.62,1.9,655.27,-703.8,45.56,2.59,False
1234,-18.64,-778.04,1.57,1.44,755.02,-823.76,33.21,2.17,False
1235,-3.31,-413.04,1.73,2.89,440.93,-446.01,72.09,3.47,False
1236,-15.91,-712.9,1.6,1.7,698.97,-756.35,40.15,2.41,False
1237,-17.84,-759.01,1.58,1.52,738.64,-804.06,35.24,2.24,False
1238,-12.19,-624.49,1.63,2.05,622.89,-664.85,49.57,2.72,False
1239,-3.67,-421.54,1.72,2.86,448.24,-454.81,71.18,3.44,False
1240,-6.86,-497.56,1.69,2.56,513.65,-533.48,63.09,3.17,False
1241,-12.45,-630.58,1.63,2.03,628.12,-671.15,48.92,2.7,False
1242,-14.95,-690.09,1.61,1.79,679.33,-732.74,42.58,2.49,False
1243,-17.65,-754.39,1.58,1.54,734.67,-799.28,35.73,2.26,False
1244,-11.7,-612.89,1.64,2.1,612.9,-652.84,50.8,2.76,False
1245,-7.01,-501.23,1.69,2.54,516.81,-537.28,62.7,3.16,False
1246,-18.62,-777.41,1.57,1.45,754.48,-823.1,33.28,2.18,False
1247,-11.53,-608.68,1.64,2.12,609.28,-648.48,51.25,2.78,False
1248,-9.23,-554.08,1.67,2.33,562.3,-591.98,57.07,2.97,False
1249,-15.79,-710.1,1.6,1.71,696.55,-753.44,40.45,2.42,False
1250,-4.34,-437.68,1.72,2.79,462.13,-471.51,69.47,3.38,False
1251,-10.14,-575.55,1.66,2.25,580.77,-614.2,54.78,2.89,False
1252,-14.34,-675.56,1.61,1.85,666.83,-717.69,44.13,2.54,False
1253,-16.04,-716.19,1.59,1.69,701.8,-759.75,39.8,2.39,False
1254,-16.73,-732.51,1.59,1.62,715.84,-776.64,38.06,2.34,False
1255,-4.57,-443.09,1.71,2.77,466.78,-477.11,68.89,3.36,False
1256,-10.07,-573.87,1.66,2.25,579.32,-612.45,54.96,2.9,False
1257,-11.4,-605.53,1.64,2.13,606.57,-645.22,51.59,2.79,False
1258,-14.38,-676.45,1.61,1.85,667.6,-718.62,44.03,2.53,False
1259,-20.34,-818.39,1.55,1.28,789.74,-865.51,28.92,2.03,False
1260,-7.31,-508.2,1.69,2.51,522.82,-544.5,61.95,3.13,False
1261,-17.5,-750.75,1.58,1.55,731.54,-795.52,36.12,2.27,False
1262,-6.66,-492.85,1.69,2.57,509.6,-528.61,63.59,3.19,False
1263,-13.97,-666.72,1.62,1.89,659.22,-708.55,45.07,2.57,False
1264,-3.4,-415.15,1.73,2.88,442.74,-448.19,71.87,3.46,False
1265,-7.83,-520.76,1.68,2.46,533.62,-557.49,60.62,3.09,False
1266,-6.9,-498.53,1.69,2.55,514.49,-534.49,62.98,3.17,False
1267,-13.91,-665.44,1.62,1.89,658.13,-707.23,45.21,2.57,False
1268,-20.08,-812.22,1.55,1.31,784.43,-859.13,29.57,2.05,False
1269,-18.33,-770.66,1.57,1.47,748.66,-816.11,34.0,2.2,False
1270,-16.07,-716.72,1.59,1.69,702.25,-760.3,39.75,2.39,False
1271,-12.83,-639.74,1.63,1.99,636.01,-680.62,47.95,2.66,False
1272,-5.45,-463.93,1.7,2.69,484.72,-498.68,66.67,3.29,False
1273,-20.06,-811.84,1.55,1.31,784.1,-858.74,29.61,2.05,False
1274,-4.67,-445.41,1.71,2.76,468.78,-479.51,68.64,3.35,False
1275,-8.94,-547.15,1.67,2.36,556.33,-584.8,57.81,2.99,False
1276,-15.12,-694.14,1.6,1.78,682.82,-736.93,42.15,2.47,False
1277,-13.8,-662.88,1.62,1.9,655.92,-704.57,45.48,2.58,False
1278,-10.88,-593.33,1.65,2.18,596.07,-632.59,52.89,2.83,False
1279,-7.89,-521.97,1.68,2.46,534.66,-558.75,60.49,3.08,False
1280,-6.6,-491.3,1.69,2.58,508.27,-527.01,63.75,3.19,False
1281,-6.8,-496.07,1.69,2.56,512.37,-531.94,63.25,3.17,False
1282,-6.71,-493.9,1.69,2.57,510.5,-529.69,63.48,3.18,False
1283,-11.89,-617.32,1.64,2.08,616.72,-657.43,50.33,2.74,False
1284,-13.85,-664.04,1.62,1.9,656.92,-705.78,45.36,2.58,False
1285,-15.46,-702.28,1.6,1.74,689.82,-745.35,41.28,2.44,False
1286,-13.36,-652.19,1.62,1.94,646.72,-693.52,46.62,2.62,False
1287,-3.74,-423.32,1.72,2.85,449.77,-456.65,71.0,3.43,False
1288,-7.52,-513.2,1.68,2.49,527.11,-549.67,61.42,3.11,False
1289,-8.92,-546.63,1.67,2.36,555.88,-584.26,57.86,3.0,False
1290,-12.43,-630.13,1.63,2.03,627.74,-670.69,48.97,2.7,False
1291,-17.02,-739.31,1.58,1.6,721.69,-783.67,37.34,2.31,False
1292,-20.69,-826.8,1.55,1.25,796.97,-874.21,28.02,2.0,False
1293,-3.9,-427.19,1.72,2.84,453.1,-460.66,70.58,3.42,False
1294,-13.58,-657.52,1.62,1.92,651.31,-699.03,46.05,2.6,False
1295,-18.95,-785.4,1.56,1.41,761.35,-831.37,32.43,2.15,False
1296,-11.62,-610.9,1.64,2.11,611.19,-650.78,51.02,2.77,False
1297,-18.56,-776.18,1.57,1.45,753.41,-821.83,33.41,2.18,False
1298,-10.38,-581.27,1.65,2.22,585.69,-620.11,54.17,2.87,False
1299,-19.16,-790.4,1.56,1.4,765.65,-836.54,31.9,2.13,False
1300,-4.51,-441.58,1.71,2.78,465.48,-475.54,69.05,3.37,False
1301,-19.95,-809.2,1.55,1.32,781.83,-856.0,29.9,2.06,False
1302,-10.8,-591.4,1.65,2.18,594.41,-630.6,53.09,2.84,False
1303,-14.35,-675.79,1.61,1.85,667.02,-717.93,44.11,2.54,False
1304,-17.25,-744.97,1.58,1.58,726.56,-789.54,36.74,2.29,False
1305,-10.08,-574.27,1.66,2.25,579.67,-612.87,54.92,2.9,False
1306,-19.3,-793.63,1.56,1.38,768.44,-839.89,31.55,2.12,False
1307,-13.18,-648.1,1.62,1.96,643.2,-689.28,47.05,2.64,False
1308,-19.73,-804.0,1.56,1.34,777.36,-850.63,30.45,2.08,False
1309,-11.92,-618.08,1.64,2.08,617.36,-658.21,50.25,2.74,False
1310,-11.73,-613.49,1.64,2.1,613.41,-653.46,50.74,2.76,False
1311,-11.81,-615.4,1.64,2.09,615.06,-655.44,50.54,2.75,False
1312,-3.86,-426.27,1.72,2.84,452.31,-459.7,70.68,3.42,False
1313,-17.89,-760.1,1.58,1.52,739.58,-805.19,35.13,2.24,False
1314,-19.85,-806.68,1.56,1.33,779.66,-853.4,30.16,2.07,False
1315,-15.34,-699.44,1.6,1.76,687.38,-742.41,41.59,2.45,False
1316,-11.92,-618.02,1.64,2.08,617.32,-658.15,50.26,2.74,False
1317,-7.14,-504.27,1.69,2.53,519.43,-540.43,62.37,3.15,False
1318,-11.51,-608.32,1.64,2.12,608.97,-648.11,51.29,2.78,False
1319,-9.29,-555.32,1.66,2.33,563.36,-593.25,56.94,2.96,False
1320,-10.01,-572.66,1.66,2.26,578.28,-611.2,55.09,2.9,False
1321,-8.7,-541.39,1.67,2.38,551.37,-578.84,58.42,3.01,False
1322,-5.89,-474.55,1.7,2.65,493.86,-509.67,65.54,3.25,False
1323,-9.73,-565.79,1.66,2.29,572.37,-604.09,55.82,2.93,False
1324,-20.34,-818.54,1.55,1.28,789.87,-865.67,28.9,2.03,False
1325,-10.52,-584.8,1.65,2.21,588.73,-623.77,53.8,2.86,False
1326,-8.05,-525.89,1.68,2.44,538.04,-562.8,60.07,3.07,False
1327,-17.45,-749.68,1.58,1.56,730.61,-794.4,36.24,2.27,False
1328,-4.33,-437.4,1.72,2.79,461.89,-471.22,69.5,3.38,False
1329,-9.01,-548.76,1.67,2.35,557.71,-586.46,57.64,2.99,False
1330,-15.14,-694.62,1.6,1.77,683.23,-737.42,42.1,2.47,False
1331,-14.17,-671.54,1.61,1.87,663.37,-713.54,44.56,2.55,False
1332,-6.16,-480.83,1.7,2.62,499.26,-516.17,64.87,3.23,False
1333,-17.39,-748.26,1.58,1.56,729.39,-792.93,36.39,2.28,False
1334,-6.88,-498.02,1.69,2.55,514.05,-533.95,63.04,3.17,False
1335,-3.53,-418.35,1.72,2.87,445.5,-451.51,71.52,3.45,False
1336,-20.69,-826.87,1.55,1.25,797.04,-874.3,28.01,2.0,False
1337,-3.52,-418.11,1.72,2.87,445.29,-451.26,71.55,3.45,False
1338,-5.63,-468.3,1.7,2.67,488.47,-503.2,66.2,3.27,False
1339,-3.67,-421.6,1.72,2.86,448.29,-454.87,71.18,3.44,False
1340,-15.95,-713.9,1.6,1.7,699.82,-757.37,40.05,2.4,False
1341,-19.25,-792.4,1.56,1.39,767.38,-838.62,31.68,2.12,False
1342,-18.96,-785.54,1.56,1.41,761.47,-831.51,32.42,2.15,False
1343,-19.76,-804.73,1.56,1.34,777.99,-851.38,30.37,2.08,False
1344,-3.52,-417.96,1.72,2.87,445.16,-451.1,71.57,3.45,False
1345,-14.3,-674.61,1.61,1.85,666.01,-716.71,44.23,2.54,False
1346,-8.72,-541.78,1.67,2.38,551.71,-579.25,58.38,3.01,False
1347,-7.07,-502.54,1.69,2.54,517.94,-538.64,62.56,3.15,False
1348,-16.84,-735.1,1.59,1.61,718.06,-779.31,37.79,2.33,False
1349,-5.81,-472.49,1.7,2.66,492.08,-507.54,65.76,3.26,False
1350,-9.5,-560.52,1.66,2.31,567.84,-598.64,56.38,2.95,False
1351,-16.39,-724.3,1.59,1.66,708.77,-768.14,38.94,2.36,False
1352,-7.25,-506.89,1.69,2.52,521.68,-543.13,62.09,3.14,False
1353,-19.89,-807.81,1.55,1.33,780.64,-854.57,30.04,2.07,False
1354,-18.7,-779.4,1.57,1.44,756.19,-825.17,33.07,2.17,False
1355,-9.58,-562.21,1.66,2.3,569.29,-600.39,56.2,2.94,False
1356,-8.46,-535.67,1.67,2.4,546.45,-572.92,59.03,3.03,False
1357,-18.11,-765.43,1.57,1.49,744.17,-810.71,34.56,2.22,False
1358,-7.73,-518.23,1.68,2.47,531.45,-554.88,60.89,3.1,False
1359,-20.13,-813.38,1.55,1.3,785.43,-860.33,29.45,2.05,False
1360,-16.12,-718.02,1.59,1.68,703.37,-761.64,39.61,2.39,False
1361,-10.54,-585.19,1.65,2.21,589.07,-624.18,53.75,2.86,False
1362,-10.88,-593.28,1.65,2.18,596.03,-632.55,52.89,2.83,False
1363,-8.25,-530.6,1.68,2.43,542.09,-567.67,59.57,3.05,False
1364,-15.76,-709.37,1.6,1.72,695.92,-752.69,40.53,2.42,False
1365,-11.38,-605.06,1.64,2.13,606.16,-644.74,51.64,2.79,False
1366,-8.14,-528.07,1.68,2.44,539.91,-565.05,59.84,3.06,False
1367,-11.16,-599.96,1.65,2.15,601.77,-639.45,52.18,2.81,False
1368,-7.8,-520.02,1.68,2.47,532.98,-556.73,60.7,3.09,False
1369,-16.83,-734.98,1.59,1.61,717.96,-779.19,37.8,2.33,False
1370,-19.93,-808.78,1.55,1.32,781.47,-855.57,29.94,2.06,False
1371,-18.63,-777.68,1.57,1.45,754.7,-823.38,33.25,2.18,False
1372,-7.86,-521.46,1.68,2.46,534.22,-558.22,60.54,3.08,False
1373,-8.44,-535.22,1.67,2.41,546.06,-572.46,59.08,3.04,False
1374,-7.67,-516.87,1.68,2.48,530.27,-553.46,61.03,3.1,False
1375,-16.83,-734.78,1.59,1.62,717.79,-778.99,37.82,2.33,False
1376,-10.96,-595.14,1.65,2.17,597.62,-634.47,52.7,2.82,False
1377,-8.23,-530.06,1.68,2.43,541.63,-567.12,59.63,3.05,False
1378,-20.45,-821.06,1.55,1.27,792.04,-868.28,28.63,2.02,False
1379,-10.24,-578.03,1.65,2.24,582.91,-616.77,54.52,2.88,False
1380,-13.85,-664.02,1.62,1.9,656.9,-705.76,45.36,2.58,False
1381,-6.05,-478.2,1.7,2.63,497.0,-513.45,65.15,3.24,False
1382,-5.08,-455.28,1.71,2.72,477.27,-489.73,67.59,3.32,False
1383,-12.18,-624.09,1.63,2.05,622.54,-664.43,49.61,2.72,False
1384,-11.97,-619.28,1.64,2.07,618.4,-659.45,50.12,2.74,False
1385,-4.73,-446.83,1.71,2.76,470.0,-480.98,68.49,3.35,False
1386,-7.2,-505.58,1.69,2.52,520.55,-541.78,62.23,3.14,False
1387,-7.19,-505.48,1.69,2.52,520.47,-541.68,62.24,3.14,False
1388,-15.77,-709.68,1.6,1.72,696.19,-753.01,40.5,2.42,False
1389,-8.29,-531.64,1.68,2.42,542.98,-568.75,59.46,3.05,False
1390,-11.58,-609.95,1.64,2.11,610.37,-649.8,51.12,2.77,False
1391,-3.3,-412.85,1.73,2.89,440.76,-445.81,72.11,3.47,False
1392,-16.53,-727.65,1.59,1.64,711.66,-771.61,38.58,2.35,False
1393,-15.43,-701.45,1.6,1.75,689.11,-744.49,41.37,2.45,False
1394,-4.28,-436.12,1.72,2.8,460.79,-469.9,69.63,3.39,False
1395,-16.43,-725.24,1.59,1.65,709.58,-769.12,38.84,2.36,False
1396,-5.57,-466.94,1.7,2.68,487.31,-501.79,66.35,3.28,False
1397,-20.54,-823.31,1.55,1.26,793.97,-870.61,28.39,2.01,False
1398,-15.93,-713.41,1.6,1.7,699.4,-756.87,40.1,2.4,False
1399,-19.7,-803.09,1.56,1.34,776.57,-849.68,30.55,2.08,False
1400,-12.13,-622.92,1.64,2.06,621.53,-663.22,49.74,2.72,False
1401,-18.87,-783.53,1.57,1.42,759.75,-829.44,32.63,2.15,False
1402,-10.78,-590.84,1.65,2.19,593.93,-630.02,53.15,2.84,False
1403,-13.55,-656.92,1.62,1.92,650.79,-698.41,46.11,2.6,False
1404,-6.09,-479.2,1.7,2.63,497.86,-514.48,65.04,3.23,False
1405,-12.02,-620.36,1.64,2.07,619.33,-660.57,50.01,2.73,False
1406,-7.93,-523.11,1.68,2.45,535.64,-559.92,60.37,3.08,False
1407,-13.62,-658.48,1.62,1.92,652.13,-700.02,45.95,2.6,False
1408,-4.38,-438.59,1.72,2.79,462.91,-472.45,69.37,3.38,False
1409,-9.74,-566.08,1.66,2.28,572.62,-604.4,55.79,2.93,False
1410,-15.69,-707.66,1.6,1.72,694.46,-750.92,40.71,2.42,False
1411,-7.98,-524.25,1.68,2.45,536.62,-561.1,60.25,3.07,False
1412,-15.01,-691.63,1.61,1.79,680.66,-734.33,42.42,2.48,False
1413,-14.05,-668.65,1.62,1.88,660.89,-710.55,44.87,2.56,False
1414,-7.94,-523.29,1.68,2.45,535.79,-560.1,60.35,3.08,False
1415,-13.79,-662.48,1.62,1.9,655.58,-704.16,45.52,2.58,False
1416,-13.08,-645.62,1.63,1.97,641.07,-686.71,47.32,2.64,False
1417,-14.68,-683.69,1.61,1.82,673.83,-726.12,43.26,2.51,False
1418,-8.79,-543.56,1.67,2.37,553.24,-581.08,58.19,3.01,False
1419,-8.37,-533.41,1.67,2.41,544.5,-570.58,59.27,3.04,False
1420,-10.73,-589.72,1.65,2.19,592.96,-628.86,53.27,2.84,False
1421,-6.25,-483.08,1.7,2.61,501.19,-518.49,64.63,3.22,False
1422,-19.25,-792.37,1.56,1.39,767.35,-838.58,31.69,2.12,False
1423,-16.48,-726.58,1.59,1.65,710.74,-770.5,38.7,2.36,False
1424,-9.11,-551.2,1.67,2.34,559.81,-588.99,57.38,2.98,False
1425,-4.11,-432.16,1.72,2.82,457.38,-465.8,70.05,3.4,False
1426,-11.18,-600.29,1.65,2.15,602.06,-639.8,52.15,2.8,False
1427,-20.2,-815.14,1.55,1.3,786.94,-862.15,29.26,2.04,False
1428,-10.56,-585.73,1.65,2.21,589.53,-624.73,53.7,2.86,False
1429,-7.1,-503.19,1.69,2.53,518.5,-539.31,62.49,3.15,False
1430,-6.58,-490.94,1.69,2.58,507.96,-526.63,63.79,3.19,False
1431,-12.5,-631.86,1.63,2.02,629.22,-672.47,48.78,2.69,False
1432,-6.74,-494.82,1.69,2.57,511.3,-530.64,63.38,3.18,False
1433,-8.68,-541.0,1.67,2.38,551.04,-578.44,58.46,3.02,False
1434,-14.86,-687.88,1.61,1.8,677.43,-730.44,42.82,2.49,False
1435,-15.21,-696.35,1.6,1.77,684.72,-739.22,41.91,2.46,False
1436,-3.25,-411.58,1.73,2.9,439.67,-444.5,72.25,3.47,False
1437,-11.16,-600.03,1.65,2.15,601.83,-639.53,52.17,2.81,False
1438,-7.35,-509.21,1.69,2.51,523.68,-545.54,61.85,3.13,False
1439,-8.53,-537.21,1.67,2.4,547.77,-574.51,58.87,3.03,False
1440,-18.41,-772.42,1.57,1.47,750.19,-817.94,33.81,2.19,False
1441,-10.5,-584.26,1.65,2.21,588.27,-623.21,53.85,2.86,False
1442,-9.57,-562.19,1.66,2.3,569.27,-600.37,56.2,2.94,False
1443,-9.18,-552.75,1.67,2.34,561.15,-590.6,57.21,2.97,False
1444,-11.43,-606.34,1.64,2.12,607.26,-646.06,51.5,2.78,False
1445,-10.65,-587.68,1.65,2.2,591.21,-626.75,53.49,2.85,False
1446,-14.8,-686.58,1.61,1.81,676.31,-729.1,42.96,2.5,False
1447,-9.33,-556.35,1.66,2.32,564.25,-594.33,56.83,2.96,False
1448,-10.44,-582.69,1.65,2.22,586.92,-621.59,54.02,2.87,False
1449,-20.38,-819.34,1.55,1.28,790.56,-866.5,28.82,2.03,False
1450,-6.42,-487.12,1.69,2.6,504.67,-522.67,64.2,3.21,False
1451,-15.08,-693.35,1.6,1.78,682.14,-736.11,42.24,2.47,False
1452,-12.94,-642.31,1.63,1.98,638.22,-683.29,47.67,2.66,False
1453,-11.29,-603.12,1.64,2.14,604.49,-642.72,51.85,2.79,False
1454,-7.96,-523.81,1.68,2.45,536.24,-560.65,60.29,3.08,False
1455,-14.52,-679.91,1.61,1.83,670.58,-722.2,43.67,2.52,False
1456,-6.47,-488.32,1.69,2.59,505.7,-523.92,64.07,3.2,False
1457,-3.34,-413.73,1.73,2.89,441.52,-446.73,72.02,3.47,False
1458,-11.97,-619.14,1.64,2.07,618.28,-659.31,50.14,2.74,False
1459,-15.54,-704.24,1.6,1.74,691.51,-747.37,41.08,2.44,False
1460,-9.15,-552.01,1.67,2.34,560.52,-589.84,57.29,2.98,False
1461,-19.39,-795.72,1.56,1.37,770.23,-842.05,31.33,2.11,False
1462,-17.97,-762.06,1.57,1.51,741.27,-807.22,34.92,2.23,False
1463,-4.56,-442.88,1.71,2.77,466.6,-476.89,68.91,3.36,False
1464,-4.01,-429.81,1.72,2.82,455.35,-463.37,70.3,3.41,False
1465,-18.1,-765.21,1.57,1.49,743.98,-810.48,34.58,2.22,False
1466,-17.42,-749.03,1.58,1.56,730.05,-793.73,36.3,2.28,False
1467,-17.11,-741.66,1.58,1.59,723.72,-786.11,37.09,2.3,False
1468,-17.02,-739.3,1.58,1.6,721.68,-783.67,37.34,2.31,False
1469,-8.9,-546.23,1.67,2.36,555.54,-583.85,57.9,3.0,False
1470,-4.55,-442.5,1.71,2.77,466.27,-476.5,68.95,3.37,False
1471,-12.4,-629.53,1.63,2.03,627.22,-670.06,49.03,2.7,False
1472,-11.52,-608.57,1.64,2.12,609.19,-648.37,51.26,2.78,False
1473,-17.4,-748.56,1.58,1.56,729.65,-793.25,36.35,2.28,False
1474,-16.56,-728.37,1.59,1.64,712.27,-772.35,38.51,2.35,False
1475,-14.14,-670.93,1.61,1.87,662.85,-712.9,44.62,2.55,False
1476,-14.93,-689.55,1.61,1.79,678.87,-732.17,42.64,2.49,False
1477,-16.82,-734.75,1.59,1.62,717.77,-778.95,37.83,2.33,False
1478,-13.8,-662.87,1.62,1.9,655.91,-704.57,45.48,2.58,False
1479,-18.45,-773.4,1.57,1.46,751.02,-818.95,33.71,2.19,False
1480,-4.68,-445.56,1.71,2.76,468.91,-479.67,68.63,3.35,False
1481,-10.22,-577.48,1.66,2.24,582.43,-616.19,54.58,2.89,False
1482,-8.88,-545.59,1.67,2.37,554.98,-583.18,57.97,3.0,False
1483,-18.32,-770.37,1.57,1.47,748.42,-815.82,34.03,2.2,False
1484,-11.67,-612.09,1.64,2.1,612.21,-652.01,50.89,2.76,False
1485,-10.66,-588.08,1.65,2.2,591.55,-627.16,53.45,2.85,False
1486,-3.74,-423.35,1.72,2.85,449.8,-456.68,70.99,3.43,False
1487,-13.91,-665.47,1.62,1.89,658.15,-707.26,45.2,2.57,False
1488,-4.65,-445.03,1.71,2.76,468.45,-479.11,68.68,3.36,False
1489,-20.18,-814.61,1.55,1.3,786.49,-861.6,29.32,2.04,False
1490,-11.65,-611.63,1.64,2.1,611.82,-651.53,50.94,2.76,False
1491,-11.15,-599.74,1.65,2.15,601.59,-639.23,52.2,2.81,False
1492,-17.95,-761.6,1.57,1.51,740.87,-806.75,34.97,2.23,False
1493,-7.83,-520.6,1.68,2.46,533.48,-557.33,60.63,3.09,False
1494,-18.62,-777.57,1.57,1.45,754.62,-823.27,33.26,2.18,False
1495,-17.7,-755.5,1.58,1.53,735.62,-800.43,35.62,2.25,False
1496,-6.25,-483.1,1.7,2.61,501.21,-518.52,64.63,3.22,False
1497,-19.27,-792.97,1.56,1.38,767.87,-839.21,31.62,2.12,False
1498,-13.37,-652.47,1.62,1.94,646.96,-693.8,46.59,2.62,False
1499,-4.87,-450.22,1.71,2.74,472.92,-484.49,68.13,3.34,False
1500,-6.1,-479.53,1.7,2.63,498.14,-514.83,65.01,3.23,False
1501,-19.86,-807.06,1.55,1.33,779.99,-853.79,30.12,2.07,False
1502,-16.17,-719.15,1.59,1.68,704.35,-762.81,39.49,2.38,False
1503,-10.21,-577.39,1.66,2.24,582.35,-616.1,54.59,2.89,False
1504,-17.48,-750.38,1.58,1.55,731.21,-795.13,36.16,2.27,False
1505,-2.96,-404.72,1.73,2.92,433.77,-437.4,72.98,3.5,False
1506,-13.83,-663.53,1.62,1.9,656.48,-705.25,45.41,2.58,False
1507,-9.3,-555.71,1.66,2.33,563.7,-593.66,56.89,2.96,False
1508,-19.69,-802.91,1.56,1.35,776.42,-849.49,30.57,2.09,False
1509,-14.74,-685.22,1.61,1.81,675.14,-727.7,43.1,2.5,False
1510,-18.43,-773.03,1.57,1.46,750.71,-818.58,33.75,2.19,False
1511,-4.61,-444.02,1.71,2.77,467.58,-478.07,68.79,3.36,False
1512,-5.69,-469.74,1.7,2.67,489.72,-504.69,66.05,3.27,False
1513,-6.81,-496.48,1.69,2.56,512.72,-532.36,63.2,3.17,False
1514,-6.58,-490.9,1.69,2.58,507.92,-526.59,63.8,3.19,False
1515,-17.24,-744.71,1.58,1.58,726.33,-789.26,36.77,2.29,False
1516,-19.87,-807.32,1.55,1.33,780.22,-854.06,30.1,2.07,False
1517,-17.21,-744.04,1.58,1.58,725.76,-788.57,36.84,2.29,False
1518,-9.35,-556.83,1.66,2.32,564.66,-594.82,56.78,2.96,False
1519,-8.65,-540.29,1.67,2.39,550.43,-577.7,58.54,3.02,False
1520,-15.9,-712.68,1.6,1.7,698.77,-756.11,40.18,2.41,False
1521,-17.98,-762.35,1.57,1.51,741.51,-807.51,34.89,2.23,False
1522,-6.45,-487.72,1.69,2.6,505.19,-523.3,64.14,3.2,False
1523,-12.25,-625.87,1.63,2.05,624.07,-666.27,49.42,2.71,False
1524,-16.45,-725.78,1.59,1.65,710.05,-769.67,38.78,2.36,False
1525,-6.58,-490.98,1.69,2.58,507.99,-526.67,63.79,3.19,False
1526,-19.88,-807.37,1.55,1.33,780.26,-854.11,30.09,2.07,False
1527,-12.02,-620.27,1.64,2.07,619.26,-660.48,50.02,2.73,False
1528,-6.41,-486.97,1.69,2.6,504.54,-522.52,64.22,3.21,False
1529,-4.57,-443.05,1.71,2.77,466.75,-477.07,68.89,3.36,False
1530,-16.98,-738.5,1.58,1.6,720.99,-782.83,37.43,2.31,False
1531,-3.34,-413.73,1.73,2.89,441.51,-446.72,72.02,3.47,False
1532,-20.01,-810.58,1.55,1.32,783.02,-857.43,29.75,2.06,False
1533,-17.64,-754.13,1.58,1.54,734.45,-799.02,35.76,2.26,False
1534,-5.07,-454.91,1.71,2.73,476.96,-489.35,67.63,3.32,False
1535,-20.14,-813.6,1.55,1.3,785.62,-860.56,29.43,2.05,False
1536,-18.27,-769.04,1.57,1.48,747.28,-814.45,34.17,2.21,False
1537,-5.19,-457.84,1.71,2.71,479.47,-492.37,67.32,3.31,False
1538,-18.29,-769.55,1.57,1.48,747.72,-814.97,34.12,2.2,False
1539,-11.14,-599.52,1.65,2.15,601.4,-639.01,52.23,2.81,False
1540,-8.88,-545.77,1.67,2.36,555.14,-583.37,57.95,3.0,False
1541,-15.67,-707.28,1.6,1.72,694.13,-750.53,40.75,2.43,False
1542,-17.19,-743.36,1.58,1.58,725.18,-787.87,36.91,2.3,False
1543,-13.51,-655.77,1.62,1.93,649.8,-697.22,46.24,2.61,False
1544,-3.87,-426.42,1.72,2.84,452.44,-459.86,70.67,3.42,False
1545,-5.05,-454.5,1.71,2.73,476.6,-488.92,67.67,3.32,False
1546,-12.28,-626.5,1.63,2.04,624.61,-666.92,49.36,2.71,False
1547,-17.82,-758.4,1.58,1.52,738.12,-803.43,35.31,2.24,False
1548,-14.27,-673.88,1.61,1.86,665.39,-715.96,44.31,2.54,False
1549,-15.69,-707.85,1.6,1.72,694.61,-751.11,40.69,2.42,False
1550,-4.32,-437.11,1.72,2.8,461.64,-470.92,69.53,3.38,False
1551,-5.95,-475.96,1.7,2.64,495.07,-511.13,65.39,3.25,False
1552,-6.77,-495.45,1.69,2.56,511.84,-531.3,63.31,3.18,False
1553,-13.1,-646.08,1.63,1.97,641.46,-687.19,47.27,2.64,False
1554,-14.65,-683.09,1.61,1.82,673.31,-725.49,43.33,2.51,False
1555,-4.32,-437.16,1.72,2.8,461.68,-470.97,69.52,3.38,False
1556,-11.31,-603.43,1.64,2.14,604.76,-643.05,51.81,2.79,False
1557,-4.76,-447.67,1.71,2.75,470.73,-481.85,68.4,3.35,False
1558,-5.68,-469.54,1.7,2.67,489.54,-504.48,66.07,3.27,False
1559,-8.86,-545.09,1.67,2.37,554.56,-582.67,58.03,3.0,False
1560,-4.24,-435.21,1.72,2.8,460.0,-468.96,69.73,3.39,False
1561,-13.94,-666.04,1.62,1.89,658.64,-707.84,45.14,2.57,False
1562,-6.11,-479.62,1.7,2.63,498.22,-514.91,65.0,3.23,False
1563,-10.92,-594.18,1.65,2.17,596.8,-633.47,52.8,2.83,False
1564,-16.05,-716.2,1.59,1.69,701.81,-759.76,39.8,2.39,False
1565,-11.77,-614.47,1.64,2.09,614.26,-654.48,50.64,2.75,False
1566,-16.37,-723.95,1.59,1.66,708.47,-767.78,38.98,2.37,False
1567,-13.98,-667.13,1.62,1.88,659.58,-708.98,45.03,2.57,False
1568,-13.51,-655.89,1.62,1.93,649.91,-697.34,46.22,2.61,False
1569,-6.94,-499.5,1.69,2.55,515.33,-535.49,62.88,3.16,False
1570,-7.05,-502.17,1.69,2.54,517.63,-538.26,62.6,3.15,False
1571,-6.97,-500.3,1.69,2.55,516.02,-536.32,62.8,3.16,False
1572,-15.49,-702.88,1.6,1.74,690.34,-745.97,41.22,2.44,False
1573,-3.68,-421.96,1.72,2.86,448.6,-455.24,71.14,3.44,False
1574,-18.06,-764.1,1.57,1.5,743.02,-809.33,34.7,2.22,False
1575,-8.55,-537.9,1.67,2.4,548.37,-575.23,58.79,3.03,False
1576,-12.41,-629.65,1.63,2.03,627.33,-670.19,49.02,2.7,False
1577,-20.47,-821.53,1.55,1.27,792.44,-868.76,28.58,2.02,False
1578,-12.65,-635.3,1.63,2.01,632.19,-676.04,48.42,2.68,False
1579,-13.89,-664.87,1.62,1.89,657.64,-706.64,45.27,2.58,False
1580,-8.25,-530.69,1.68,2.42,542.17,-567.77,59.56,3.05,False
1581,-7.95,-523.46,1.68,2.45,535.94,-560.28,60.33,3.08,False
1582,-8.36,-533.25,1.67,2.41,544.36,-570.41,59.29,3.04,False
1583,-8.74,-542.23,1.67,2.38,552.1,-579.71,58.33,3.01,False
1584,-14.19,-671.96,1.61,1.86,663.74,-713.98,44.51,2.55,False
1585,-9.42,-558.53,1.66,2.31,566.12,-596.58,56.59,2.95,False
1586,-6.06,-478.45,1.7,2.63,497.21,-513.71,65.12,3.24,False
1587,-7.58,-514.75,1.68,2.49,528.45,-551.27,61.26,3.11,False
1588,-17.75,-756.72,1.58,1.53,736.67,-801.69,35.49,2.25,False
1589,-19.74,-804.17,1.56,1.34,777.5,-850.8,30.43,2.08,False
1590,-19.74,-804.25,1.56,1.34,777.57,-850.88,30.42,2.08,False
1591,-10.14,-575.75,1.66,2.25,580.94,-614.41,54.76,2.89,False
1592,-19.98,-809.82,1.55,1.32,782.37,-856.65,29.83,2.06,False
1593,-16.28,-721.7,1.59,1.67,706.53,-765.45,39.22,2.37,False
1594,-14.41,-677.23,1.61,1.84,668.26,-719.42,43.95,2.53,False
1595,-15.93,-713.38,1.6,1.7,699.38,-756.84,40.1,2.4,False
1596,-10.64,-587.51,1.65,2.2,591.06,-626.57,53.51,2.85,False
1597,-8.05,-525.9,1.68,2.44,538.05,-562.81,60.07,3.07,False
1598,-12.21,-625.0,1.63,2.05,623.32,-665.37,49.51,2.72,False
1599,-3.82,-425.33,1.72,2.84,451.5,-458.73,70.78,3.43,False
1600,-13.19,-648.3,1.62,1.96,643.38,-689.49,47.03,2.63,False
1601,-10.55,-585.43,1.65,2.21,589.27,-624.42,53.73,2.86,False
1602,-13.07,-645.3,1.63,1.97,640.79,-686.38,47.35,2.65,False
1603,-13.03,-644.46,1.63,1.97,640.07,-685.51,47.44,2.65,False
1604,-13.42,-653.62,1.62,1.94,647.95,-694.99,46.47,2.62,False
1605,-11.36,-604.6,1.64,2.13,605.76,-644.26,51.69,2.79,False
1606,-11.99,-619.65,1.64,2.07,618.72,-659.83,50.08,2.74,False
1607,-3.95,-428.39,1.72,2.83,454.13,-461.89,70.46,3.42,False
1608,-16.23,-720.59,1.59,1.67,705.58,-764.3,39.33,2.38,False
1609,-20.43,-820.66,1.55,1.28,791.69,-867.86,28.68,2.02,False
1610,-9.78,-567.03,1.66,2.28,573.44,-605.38,55.69,2.92,False
1611,-4.72,-446.69,1.71,2.76,469.88,-480.84,68.51,3.35,False
1612,-14.3,-674.6,1.61,1.85,666.0,-716.7,44.23,2.54,False
1613,-14.49,-679.21,1.61,1.84,669.97,-721.48,43.74,2.52,False
1614,-8.45,-535.52,1.67,2.41,546.32,-572.77,59.05,3.03,False
1615,-11.18,-600.32,1.65,2.15,602.09,-639.83,52.14,2.8,False
1616,-14.09,-669.77,1.61,1.87,661.85,-711.71,44.75,2.56,False
1617,-15.29,-698.26,1.6,1.76,686.36,-741.19,41.71,2.46,False
1618,-12.6,-634.11,1.63,2.01,631.16,-674.8,48.54,2.68,False
1619,-5.1,-455.65,1.71,2.72,477.59,-490.1,67.55,3.32,False
1620,-20.61,-824.88,1.55,1.26,795.33,-872.23,28.23,2.01,False
1621,-13.74,-661.27,1.62,1.91,654.53,-702.91,45.65,2.59,False
1622,-8.83,-544.43,1.67,2.37,553.99,-581.99,58.1,3.0,False
1623,-6.77,-495.36,1.69,2.56,511.77,-531.21,63.32,3.18,False
1624,-6.09,-479.24,1.7,2.63,497.89,-514.52,65.04,3.23,False
1625,-18.23,-768.29,1.57,1.48,746.63,-813.67,34.25,2.21,False
1626,-8.94,-547.07,1.67,2.36,556.26,-584.72,57.82,2.99,False
1627,-19.65,-802.02,1.56,1.35,775.65,-848.57,30.66,2.09,False
1628,-4.17,-433.56,1.72,2.81,458.59,-467.25,69.9,3.4,False
1629,-11.99,-619.6,1.64,2.07,618.68,-659.78,50.09,2.74,False
1630,-12.76,-638.01,1.63,2.0,634.52,-678.84,48.13,2.67,False
1631,-17.76,-757.06,1.58,1.53,736.96,-802.04,35.45,2.25,False
1632,-19.75,-804.43,1.56,1.34,777.72,-851.06,30.4,2.08,False
1633,-8.99,-548.28,1.67,2.35,557.3,-585.97,57.69,2.99,False
1634,-20.64,-825.52,1.55,1.26,795.88,-872.9,28.16,2.01,False
1635,-3.9,-427.07,1.72,2.84,453.0,-460.53,70.6,3.42,False
1636,-13.51,-655.83,1.62,1.93,649.85,-697.28,46.23,2.61,False
1637,-7.13,-503.9,1.69,2.53,519.11,-540.04,62.41,3.15,False
1638,-5.9,-474.69,1.7,2.65,493.98,-509.81,65.52,3.25,False
1639,-19.84,-806.61,1.56,1.33,779.6,-853.32,30.17,2.07,False
1640,-13.82,-663.22,1.62,1.9,656.21,-704.93,45.44,2.58,False
1641,-9.03,-549.21,1.67,2.35,558.1,-586.94,57.59,2.99,False
1642,-6.93,-499.34,1.69,2.55,515.18,-535.32,62.9,3.16,False
1643,-20.21,-815.4,1.55,1.3,787.16,-862.42,29.24,2.04,False
1644,-9.96,-571.43,1.66,2.26,577.23,-609.94,55.22,2.91,False
1645,-19.21,-791.62,1.56,1.39,766.7,-837.81,31.77,2.13,False
1646,-5.6,-467.61,1.7,2.67,487.88,-502.49,66.28,3.28,False
1647,-6.35,-485.45,1.7,2.6,503.24,-520.95,64.38,3.21,False
1648,-5.08,-455.23,1.71,2.72,477.23,-489.67,67.6,3.32,False
1649,-11.8,-615.19,1.64,2.09,614.88,-655.22,50.56,2.75,False
1650,-19.49,-798.14,1.56,1.36,772.32,-844.56,31.07,2.1,False
1651,-14.67,-683.54,1.61,1.82,673.7,-725.95,43.28,2.51,False
1652,-10.21,-577.42,1.66,2.24,582.38,-616.13,54.58,2.89,False
1653,-7.21,-505.79,1.69,2.52,520.74,-542.0,62.21,3.14,False
1654,-15.13,-694.45,1.6,1.78,683.09,-737.25,42.12,2.47,False
1655,-14.38,-676.59,1.61,1.85,667.72,-718.77,44.02,2.53,False
1656,-17.96,-761.69,1.57,1.51,740.95,-806.83,34.96,2.23,False
1657,-19.81,-805.7,1.56,1.33,778.82,-852.39,30.27,2.08,False
1658,-9.74,-566.16,1.66,2.28,572.69,-604.47,55.78,2.93,False
1659,-14.3,-674.77,1.61,1.85,666.15,-716.88,44.21,2.54,False
1660,-18.76,-780.78,1.57,1.43,757.38,-826.59,32.92,2.16,False
1661,-11.32,-603.84,1.64,2.13,605.12,-643.48,51.77,2.79,False
1662,-14.19,-671.96,1.61,1.86,663.73,-713.97,44.51,2.55,False
1663,-4.79,-448.26,1.71,2.75,471.23,-482.46,68.34,3.34,False
1664,-10.02,-572.7,1.66,2.26,578.32,-611.24,55.09,2.9,False
1665,-3.16,-409.61,1.73,2.9,437.97,-442.46,72.46,3.48,False
1666,-13.0,-643.77,1.63,1.98,639.47,-684.79,47.52,2.65,False
1667,-4.62,-444.33,1.71,2.77,467.85,-478.39,68.76,3.36,False
1668,-10.47,-583.51,1.65,2.22,587.62,-622.43,53.93,2.86,False
1669,-14.84,-687.43,1.61,1.8,677.05,-729.98,42.87,2.5,False
1670,-15.14,-694.7,1.6,1.77,683.3,-737.5,42.09,2.47,False
1671,-6.56,-490.49,1.69,2.58,507.57,-526.17,63.84,3.19,False
1672,-7.35,-509.26,1.68,2.51,523.72,-545.59,61.84,3.13,False
1673,-12.66,-635.52,1.63,2.01,632.37,-676.26,48.39,2.68,False
1674,-6.25,-483.08,1.7,2.61,501.2,-518.5,64.63,3.22,False
1675,-16.8,-734.1,1.59,1.62,717.2,-778.28,37.9,2.33,False
1676,-18.23,-768.24,1.57,1.48,746.59,-813.62,34.26,2.21,False
1677,-4.13,-432.67,1.72,2.81,457.82,-466.33,70.0,3.4,False
1678,-5.76,-471.4,1.7,2.66,491.14,-506.4,65.87,3.26,False
1679,-14.67,-683.45,1.61,1.82,673.62,-725.86,43.29,2.51,False
1680,-9.59,-562.52,1.66,2.3,569.55,-600.71,56.17,2.94,False
1681,-5.97,-476.3,1.7,2.64,495.36,-511.48,65.35,3.25,False
1682,-20.25,-816.37,1.55,1.29,788.01,-863.43,29.13,2.04,False
1683,-8.81,-543.9,1.67,2.37,553.53,-581.44,58.15,3.01,False
1684,-11.46,-607.08,1.64,2.12,607.9,-646.83,51.42,2.78,False
1685,-18.45,-773.5,1.57,1.46,751.12,-819.06,33.7,2.19,False
1686,-18.42,-772.82,1.57,1.46,750.53,-818.36,33.77,2.19,False
1687,-19.07,-788.3,1.56,1.4,763.84,-834.37,32.12,2.14,False
1688,-7.61,-515.39,1.68,2.49,529.0,-551.93,61.19,3.11,False
1689,-14.51,-679.54,1.61,1.83,670.26,-721.82,43.71,2.52,False
1690,-20.38,-819.42,1.55,1.28,790.63,-866.58,28.81,2.03,False
1691,-5.24,-458.92,1.71,2.71,480.4,-493.49,67.2,3.31,False
1692,-15.16,-695.01,1.6,1.77,683.57,-737.83,42.06,2.47,False
1693,-5.16,-457.08,1.71,2.72,478.82,-491.59,67.4,3.31,False
1694,-19.86,-807.1,1.55,1.33,780.03,-853.83,30.12,2.07,False
1695,-6.69,-493.44,1.69,2.57,510.11,-529.22,63.53,3.18,False
1696,-9.93,-570.74,1.66,2.27,576.63,-609.22,55.29,2.91,False
1697,-6.57,-490.57,1.69,2.58,507.64,-526.24,63.83,3.19,False
1698,-12.69,-636.4,1.63,2.01,633.13,-677.17,48.3,2.68,False
1699,-13.01,-643.89,1.63,1.98,639.58,-684.93,47.5,2.65,False
1700,-8.91,-546.29,1.67,2.36,555.59,-583.91,57.9,3.0,False
1701,-5.82,-472.7,1.7,2.65,492.26,-507.75,65.74,3.26,False
1702,-8.07,-526.43,1.68,2.44,538.5,-563.36,60.01,3.07,False
1703,-13.64,-659.02,1.62,1.92,652.6,-700.58,45.89,2.6,False
1704,-10.24,-577.96,1.65,2.24,582.84,-616.69,54.52,2.88,False
1705,-17.01,-739.28,1.58,1.6,721.67,-783.65,37.34,2.31,False
1706,-17.87,-759.61,1.58,1.52,739.16,-804.68,35.18,2.24,False
1707,-17.63,-753.99,1.58,1.54,734.32,-798.86,35.78,2.26,False
1708,-11.66,-611.91,1.64,2.1,612.05,-651.82,50.91,2.76,False
1709,-6.92,-499.0,1.69,2.55,514.9,-534.98,62.93,3.16,False
1710,-13.68,-659.84,1.62,1.91,653.3,-701.43,45.8,2.59,False
1711,-9.34,-556.69,1.66,2.32,564.54,-594.67,56.79,2.96,False
1712,-12.33,-627.68,1.63,2.04,625.63,-668.14,49.23,2.71,False
1713,-8.8,-543.86,1.67,2.37,553.5,-581.4,58.16,3.01,False
1714,-17.99,-762.38,1.57,1.51,741.54,-807.55,34.88,2.23,False
1715,-6.68,-493.32,1.69,2.57,510.01,-529.1,63.54,3.18,False
1716,-8.57,-538.2,1.67,2.39,548.63,-575.54,58.76,3.03,False
1717,-3.73,-423.19,1.72,2.85,449.65,-456.51,71.01,3.43,False
1718,-12.6,-634.23,1.63,2.01,631.27,-674.93,48.53,2.68,False
1719,-7.0,-500.91,1.69,2.54,516.54,-536.95,62.73,3.16,False
1720,-19.78,-805.02,1.56,1.34,778.23,-851.68,30.34,2.08,False
1721,-4.09,-431.7,1.72,2.82,456.98,-465.32,70.1,3.4,False
1722,-9.91,-570.26,1.66,2.27,576.22,-608.72,55.35,2.91,False
1723,-6.07,-478.87,1.7,2.63,497.58,-514.14,65.08,3.24,False
1724,-16.09,-717.24,1.59,1.69,702.7,-760.84,39.69,2.39,False
1725,-13.93,-665.81,1.62,1.89,658.44,-707.61,45.17,2.57,False
1726,-12.52,-632.4,1.63,2.02,629.69,-673.03,48.73,2.69,False
1727,-7.74,-518.57,1.68,2.47,531.74,-555.23,60.85,3.1,False
1728,-19.25,-792.39,1.56,1.39,767.37,-838.61,31.69,2.12,False
1729,-12.02,-620.4,1.64,2.07,619.37,-660.61,50.0,2.73,False
1730,-16.6,-729.44,1.59,1.64,713.2,-773.46,38.39,2.35,False
1731,-20.42,-820.24,1.55,1.28,791.33,-867.43,28.72,2.02,False
1732,-18.11,-765.43,1.57,1.49,744.17,-810.7,34.56,2.22,False
1733,-3.18,-409.93,1.73,2.9,438.25,-442.79,72.42,3.48,False
1734,-11.33,-604.07,1.64,2.13,605.31,-643.71,51.74,2.79,False
1735,-14.99,-691.08,1.61,1.79,680.19,-733.76,42.48,2.48,False
1736,-14.05,-668.65,1.62,1.88,660.88,-710.55,44.87,2.56,False
1737,-18.27,-769.25,1.57,1.48,747.46,-814.66,34.15,2.21,False
1738,-14.94,-689.92,1.61,1.79,679.19,-732.56,42.6,2.49,False
1739,-11.78,-614.73,1.64,2.09,614.48,-654.74,50.61,2.75,False
1740,-5.38,-462.37,1.71,2.7,483.38,-497.06,66.84,3.29,False
1741,-6.22,-482.43,1.7,2.62,500.64,-517.82,64.7,3.22,False
1742,-6.64,-492.36,1.69,2.58,509.18,-528.1,63.64,3.19,False
1743,-17.89,-760.02,1.58,1.52,739.51,-805.11,35.13,2.24,False
1744,-14.41,-677.38,1.61,1.84,668.4,-719.58,43.94,2.53,False
1745,-4.7,-446.11,1.71,2.76,469.38,-480.23,68.57,3.35,False
1746,-4.64,-444.74,1.71,2.77,468.2,-478.82,68.71,3.36,False
1747,-7.5,-512.92,1.68,2.5,526.87,-549.37,61.45,3.12,False
1748,-15.78,-709.93,1.6,1.71,696.4,-753.26,40.47,2.42,False
1749,-12.16,-623.76,1.63,2.06,622.25,-664.09,49.65,2.72,False
1750,-5.72,-470.52,1.7,2.66,490.39,-505.5,65.97,3.27,False
1751,-15.21,-696.29,1.6,1.77,684.67,-739.15,41.92,2.46,False
1752,-18.87,-783.4,1.57,1.42,759.63,-829.3,32.64,2.15,False
1753,-9.35,-556.89,1.66,2.32,564.71,-594.88,56.77,2.96,False
1754,-12.48,-631.4,1.63,2.03,628.83,-671.99,48.83,2.69,False
1755,-5.67,-469.17,1.7,2.67,489.23,-504.1,66.11,3.27,False
1756,-12.76,-638.11,1.63,2.0,634.6,-678.94,48.12,2.67,False
1757,-20.3,-817.45,1.55,1.29,788.93,-864.54,29.02,2.03,False
1758,-6.41,-486.78,1.69,2.6,504.38,-522.33,64.24,3.21,False
1759,-14.11,-670.16,1.61,1.87,662.19,-712.11,44.7,2.56,False
1760,-13.55,-656.87,1.62,1.92,650.75,-698.35,46.12,2.6,False
1761,-6.44,-487.46,1.69,2.6,504.96,-523.02,64.16,3.21,False
1762,-19.26,-792.76,1.56,1.39,767.69,-838.99,31.65,2.12,False
1763,-15.34,-699.39,1.6,1.76,687.34,-742.36,41.59,2.45,False
1764,-14.71,-684.45,1.61,1.82,674.48,-726.9,43.18,2.51,False
1765,-10.05,-573.39,1.66,2.26,578.91,-611.96,55.01,2.9,False
1766,-9.21,-553.56,1.67,2.33,561.85,-591.44,57.12,2.97,False
1767,-10.55,-585.5,1.65,2.21,589.33,-624.49,53.72,2.86,False
1768,-13.76,-661.77,1.62,1.91,654.97,-703.43,45.6,2.59,False
1769,-4.01,-429.78,1.72,2.82,455.33,-463.34,70.31,3.41,False
1770,-17.95,-761.47,1.57,1.51,740.76,-806.61,34.98,2.23,False
1771,-8.48,-536.03,1.67,2.4,546.76,-573.3,58.99,3.03,False
1772,-14.37,-676.29,1.61,1.85,667.46,-718.46,44.05,2.54,False
1773,-9.9,-569.9,1.66,2.27,575.91,-608.35,55.38,2.91,False
1774,-6.49,-488.77,1.69,2.59,506.1,-524.39,64.02,3.2,False
1775,-15.3,-698.35,1.6,1.76,686.44,-741.29,41.7,2.46,False
1776,-18.12,-765.52,1.57,1.49,744.25,-810.8,34.55,2.22,False
1777,-8.98,-548.06,1.67,2.36,557.12,-585.75,57.71,2.99,False
1778,-4.11,-432.06,1.72,2.82,457.29,-465.7,70.06,3.4,False
1779,-3.65,-421.06,1.72,2.86,447.82,-454.31,71.24,3.44,False
1780,-4.45,-440.17,1.72,2.78,464.27,-474.08,69.2,3.37,False
1781,-5.62,-468.0,1.7,2.67,488.22,-502.89,66.24,3.27,False
1782,-10.38,-581.37,1.65,2.22,585.78,-620.22,54.16,2.87,False
1783,-18.95,-785.38,1.56,1.41,761.34,-831.36,32.43,2.15,False
1784,-11.07,-597.75,1.65,2.16,599.87,-637.17,52.42,2.81,False
1785,-7.58,-514.71,1.68,2.49,528.41,-551.23,61.26,3.11,False
1786,-17.88,-759.99,1.58,1.52,739.49,-805.08,35.14,2.24,False
1787,-15.39,-700.72,1.6,1.75,688.48,-743.73,41.45,2.45,False
1788,-20.27,-816.67,1.55,1.29,788.26,-863.74,29.1,2.04,False
1789,-11.72,-613.14,1.64,2.1,613.11,-653.09,50.78,2.76,False
1790,-15.34,-699.4,1.6,1.76,687.34,-742.37,41.59,2.45,False
1791,-3.24,-411.46,1.73,2.9,439.57,-444.38,72.26,3.48,False
1792,-4.09,-431.6,1.72,2.82,456.89,-465.22,70.11,3.4,False
1793,-16.82,-734.73,1.59,1.62,717.75,-778.93,37.83,2.33,False
1794,-15.01,-691.61,1.61,1.79,680.64,-734.31,42.42,2.48,False
1795,-6.1,-479.46,1.7,2.63,498.08,-514.75,65.02,3.23,False
1796,-8.15,-528.19,1.68,2.43,540.02,-565.18,59.83,3.06,False
1797,-3.55,-418.78,1.72,2.87,445.86,-451.95,71.48,3.45,False
1798,-14.67,-683.52,1.61,1.82,673.68,-725.94,43.28,2.51,False
1799,-15.47,-702.48,1.6,1.74,690.0,-745.56,41.26,2.44,False
1800,-14.08,-669.54,1.61,1.87,661.65,-711.46,44.77,2.56,False
1801,-3.5,-417.5,1.73,2.87,444.76,-450.63,71.62,3.45,False
1802,-4.52,-441.82,1.71,2.78,465.69,-475.8,69.02,3.37,False
1803,-14.01,-667.77,1.62,1.88,660.13,-709.63,44.96,2.57,False
1804,-10.45,-583.0,1.65,2.22,587.18,-621.9,53.99,2.87,False
1805,-18.22,-767.96,1.57,1.48,746.34,-813.32,34.29,2.21,False
1806,-13.03,-644.36,1.63,1.97,639.98,-685.41,47.45,2.65,False
1807,-13.02,-644.28,1.63,1.97,639.91,-685.32,47.46,2.65,False
1808,-11.13,-599.26,1.65,2.15,601.18,-638.74,52.26,2.81,False
1809,-14.88,-688.51,1.61,1.8,677.97,-731.1,42.75,2.49,False
1810,-16.1,-717.49,1.59,1.68,702.92,-761.1,39.66,2.39,False
1811,-8.93,-546.85,1.67,2.36,556.07,-584.49,57.84,2.99,False
1812,-17.93,-760.96,1.58,1.51,740.32,-806.08,35.03,2.23,False
1813,-12.4,-629.43,1.63,2.03,627.13,-669.95,49.04,2.7,False
1814,-7.95,-523.56,1.68,2.45,536.03,-560.39,60.32,3.08,False
1815,-6.48,-488.58,1.69,2.59,505.93,-524.19,64.04,3.2,False
1816,-12.11,-622.62,1.64,2.06,621.27,-662.91,49.77,2.73,False
1817,-19.66,-802.34,1.56,1.35,775.93,-848.91,30.63,2.09,False
1818,-16.93,-737.25,1.59,1.61,719.91,-781.54,37.56,2.32,False
1819,-6.07,-478.85,1.7,2.63,497.56,-514.12,65.08,3.24,False
1820,-13.61,-658.27,1.62,1.92,651.95,-699.81,45.97,2.6,False
1821,-11.59,-610.14,1.64,2.11,610.53,-649.99,51.1,2.77,False
1822,-8.3,-531.92,1.68,2.42,543.22,-569.04,59.43,3.05,False
1823,-17.77,-757.22,1.58,1.53,737.1,-802.21,35.43,2.25,False
1824,-16.38,-724.29,1.59,1.66,708.76,-768.13,38.94,2.36,False
1825,-13.25,-649.79,1.62,1.95,644.65,-691.02,46.87,2.63,False
1826,-7.75,-518.85,1.68,2.47,531.98,-555.52,60.82,3.09,False
1827,-3.36,-414.2,1.73,2.89,441.92,-447.21,71.97,3.47,False
1828,-14.32,-675.21,1.61,1.85,666.53,-717.33,44.17,2.54,False
1829,-13.47,-654.82,1.62,1.93,648.99,-696.24,46.34,2.61,False
1830,-16.74,-732.7,1.59,1.62,716.0,-776.83,38.04,2.33,False
1831,-7.79,-519.7,1.68,2.47,532.71,-556.39,60.73,3.09,False
1832,-11.28,-602.82,1.64,2.14,604.24,-642.42,51.88,2.8,False
1833,-5.01,-453.64,1.71,2.73,475.86,-488.02,67.77,3.33,False
1834,-15.4,-700.95,1.6,1.75,688.68,-743.97,41.43,2.45,False
1835,-12.68,-636.2,1.63,2.01,632.96,-676.96,48.32,2.68,False
1836,-12.14,-623.2,1.64,2.06,621.77,-663.5,49.71,2.72,False
1837,-10.6,-586.56,1.65,2.2,590.24,-625.59,53.61,2.85,False
1838,-11.58,-609.87,1.64,2.11,610.31,-649.72,51.13,2.77,False
1839,-11.53,-608.7,1.64,2.12,609.3,-648.5,51.25,2.78,False
1840,-3.97,-428.85,1.72,2.83,454.53,-462.37,70.41,3.41,False
1841,-9.69,-564.84,1.66,2.29,571.55,-603.11,55.92,2.93,False
1842,-5.66,-469.02,1.7,2.67,489.1,-503.94,66.13,3.27,False
1843,-8.2,-529.51,1.68,2.43,541.15,-566.55,59.69,3.06,False
1844,-13.41,-653.36,1.62,1.94,647.73,-694.73,46.49,2.62,False
1845,-11.24,-601.93,1.64,2.14,603.47,-641.49,51.97,2.8,False
1846,-6.97,-500.3,1.69,2.55,516.02,-536.32,62.8,3.16,False
1847,-7.18,-505.27,1.69,2.53,520.29,-541.46,62.27,3.14,False
1848,-12.77,-638.17,1.63,2.0,634.65,-679.0,48.11,2.67,False
1849,-10.87,-593.13,1.65,2.18,595.89,-632.38,52.91,2.83,False
1850,-7.06,-502.42,1.69,2.54,517.83,-538.51,62.57,3.15,False
1851,-15.41,-701.11,1.6,1.75,688.81,-744.14,41.41,2.45,False
1852,-16.19,-719.66,1.59,1.68,704.78,-763.34,39.43,2.38,False
1853,-14.26,-673.8,1.61,1.86,665.32,-715.88,44.32,2.54,False
1854,-12.31,-627.33,1.63,2.04,625.33,-667.79,49.27,2.71,False
1855,-8.58,-538.45,1.67,2.39,548.85,-575.8,58.73,3.02,False
1856,-20.49,-822.1,1.55,1.27,792.93,-869.36,28.52,2.02,False
1857,-10.91,-594.03,1.65,2.17,596.67,-633.32,52.81,2.83,False
1858,-16.06,-716.65,1.59,1.69,702.19,-760.22,39.75,2.39,False
1859,-18.01,-762.99,1.57,1.5,742.07,-808.18,34.82,2.23,False
1860,-5.98,-476.52,1.7,2.64,495.55,-511.71,65.33,3.24,False
1861,-7.48,-512.42,1.68,2.5,526.45,-548.86,61.51,3.12,False
1862,-19.67,-802.57,1.56,1.35,776.13,-849.14,30.6,2.09,False
1863,-12.57,-633.45,1.63,2.02,630.6,-674.12,48.61,2.69,False
1864,-13.59,-657.81,1.62,1.92,651.56,-699.33,46.02,2.6,False
1865,-10.81,-591.68,1.65,2.18,594.65,-630.89,53.06,2.84,False
1866,-13.83,-663.59,1.62,1.9,656.53,-705.31,45.4,2.58,False
1867,-9.1,-550.95,1.67,2.34,559.6,-588.73,57.4,2.98,False
1868,-20.18,-814.66,1.55,1.3,786.53,-861.66,29.31,2.04,False
1869,-14.35,-675.94,1.61,1.85,667.16,-718.09,44.09,2.54,False
1870,-12.49,-631.66,1.63,2.02,629.06,-672.27,48.81,2.69,False
1871,-3.31,-413.04,1.73,2.89,440.92,-446.0,72.09,3.47,False
1872,-10.4,-581.91,1.65,2.22,586.24,-620.78,54.1,2.87,False
1873,-9.63,-563.51,1.66,2.29,570.41,-601.74,56.06,2.94,False
1874,-7.91,-522.66,1.68,2.46,535.26,-559.46,60.41,3.08,False
1875,-9.72,-565.57,1.66,2.29,572.18,-603.86,55.84,2.93,False
1876,-4.85,-449.66,1.71,2.75,472.43,-483.9,68.19,3.34,False
1877,-14.95,-690.04,1.61,1.79,679.29,-732.68,42.59,2.49,False
1878,-5.73,-470.63,1.7,2.66,490.48,-505.61,65.96,3.27,False
1879,-3.38,-414.64,1.73,2.88,442.3,-447.66,71.92,3.46,False
1880,-5.09,-455.43,1.71,2.72,477.4,-489.88,67.58,3.32,False
1881,-3.09,-407.86,1.73,2.91,436.47,-440.65,72.64,3.49,False
1882,-19.89,-807.66,1.55,1.33,780.51,-854.41,30.06,2.07,False
1883,-15.28,-697.88,1.6,1.76,686.04,-740.8,41.75,2.46,False
1884,-14.86,-687.97,1.61,1.8,677.51,-730.54,42.81,2.49,False
1885,-3.74,-423.24,1.72,2.85,449.7,-456.56,71.0,3.43,False
1886,-3.39,-415.03,1.73,2.88,442.63,-448.07,71.88,3.46,False
1887,-17.04,-739.76,1.58,1.6,722.08,-784.14,37.29,2.31,False
1888,-11.13,-599.24,1.65,2.15,601.15,-638.71,52.26,2.81,False
1889,-14.89,-688.66,1.61,1.8,678.1,-731.25,42.73,2.49,False
1890,-13.56,-657.1,1.62,1.92,650.94,-698.59,46.1,2.6,False
1891,-20.28,-816.92,1.55,1.29,788.47,-863.99,29.07,2.04,False
1892,-6.68,-493.33,1.69,2.57,510.01,-529.1,63.54,3.18,False
1893,-8.44,-535.07,1.67,2.41,545.93,-572.3,59.09,3.04,False
1894,-6.2,-481.94,1.7,2.62,500.21,-517.31,64.75,3.23,False
1895,-15.58,-705.07,1.6,1.73,692.22,-748.24,40.99,2.43,False
1896,-6.05,-478.3,1.7,2.63,497.08,-513.55,65.14,3.24,False
1897,-16.56,-728.44,1.59,1.64,712.34,-772.43,38.5,2.35,False
1898,-18.24,-768.49,1.57,1.48,746.8,-813.87,34.23,2.21,False
1899,-8.67,-540.57,1.67,2.39,550.67,-578.0,58.51,3.02,False
1900,-19.39,-795.82,1.56,1.37,770.32,-842.15,31.32,2.11,False
1901,-15.47,-702.58,1.6,1.74,690.08,-745.66,41.25,2.44,False
1902,-5.93,-475.52,1.7,2.64,494.69,-510.67,65.44,3.25,False
1903,-3.8,-424.83,1.72,2.84,451.07,-458.21,70.83,3.43,False
1904,-5.08,-455.16,1.71,2.72,477.17,-489.6,67.6,3.32,False
1905,-7.4,-510.42,1.68,2.51,524.72,-546.79,61.72,3.12,False
1906,-7.7,-517.48,1.68,2.48,530.8,-554.1,60.97,3.1,False
1907,-14.08,-669.48,1.61,1.87,661.6,-711.4,44.78,2.56,False
1908,-17.78,-757.53,1.58,1.53,737.37,-802.53,35.4,2.25,False
1909,-3.36,-414.14,1.73,2.89,441.87,-447.15,71.97,3.47,False
1910,-11.74,-613.69,1.64,2.1,613.59,-653.67,50.72,2.76,False
1911,-5.38,-462.28,1.71,2.7,483.3,-496.97,66.85,3.29,False
1912,-16.01,-715.34,1.59,1.69,701.06,-758.86,39.89,2.4,False
1913,-10.45,-583.04,1.65,2.22,587.21,-621.94,53.98,2.87,False
1914,-20.08,-812.14,1.55,1.31,784.36,-859.05,29.58,2.05,False
1915,-4.7,-446.14,1.71,2.76,469.41,-480.27,68.56,3.35,False
1916,-6.09,-479.13,1.7,2.63,497.8,-514.41,65.05,3.24,False
1917,-10.77,-590.72,1.65,2.19,593.82,-629.89,53.17,2.84,False
1918,-13.95,-666.29,1.62,1.89,658.86,-708.11,45.12,2.57,False
1919,-8.11,-527.3,1.68,2.44,539.25,-564.26,59.92,3.06,False
1920,-19.07,-788.31,1.56,1.4,763.85,-834.38,32.12,2.14,False
1921,-6.63,-492.0,1.69,2.58,508.87,-527.73,63.68,3.19,False
1922,-20.36,-818.98,1.55,1.28,790.25,-866.13,28.85,2.03,False
1923,-3.21,-410.8,1.73,2.9,439.0,-443.69,72.33,3.48,False
1924,-6.36,-485.74,1.7,2.6,503.48,-521.25,64.35,3.21,False
1925,-5.64,-468.52,1.7,2.67,488.67,-503.43,66.18,3.27,False
1926,-5.11,-455.92,1.71,2.72,477.82,-490.39,67.52,3.32,False
1927,-12.4,-629.55,1.63,2.03,627.24,-670.09,49.03,2.7,False
1928,-19.55,-799.62,1.56,1.36,773.59,-846.09,30.92,2.1,False
1929,-15.21,-696.29,1.6,1.77,684.67,-739.15,41.92,2.46,False
1930,-9.47,-559.76,1.66,2.31,567.18,-597.85,56.46,2.95,False
1931,-19.25,-792.41,1.56,1.39,767.38,-838.62,31.68,2.12,False
1932,-17.57,-752.38,1.58,1.55,732.94,-797.2,35.95,2.26,False
1933,-5.04,-454.24,1.71,2.73,476.38,-488.65,67.7,3.32,False
1934,-16.96,-737.98,1.59,1.6,720.54,-782.3,37.48,2.32,False
1935,-13.83,-663.48,1.62,1.9,656.43,-705.19,45.42,2.58,False
1936,-15.46,-702.35,1.6,1.74,689.88,-745.42,41.28,2.44,False
1937,-16.89,-736.28,1.59,1.61,719.09,-780.54,37.66,2.32,False
1938,-18.21,-767.64,1.57,1.49,746.07,-812.99,34.32,2.21,False
1939,-11.28,-602.84,1.64,2.14,604.25,-642.44,51.88,2.8,False
1940,-12.79,-638.76,1.63,2.0,635.16,-679.61,48.05,2.67,False
1941,-9.75,-566.41,1.66,2.28,572.91,-604.74,55.75,2.93,False
1942,-5.91,-475.07,1.7,2.65,494.3,-510.21,65.48,3.25,False
1943,-19.27,-792.98,1.56,1.38,767.88,-839.22,31.62,2.12,False
1944,-4.01,-429.82,1.72,2.82,455.36,-463.38,70.3,3.41,False
1945,-20.45,-821.03,1.55,1.27,792.01,-868.24,28.64,2.02,False
1946,-9.42,-558.53,1.66,2.31,566.13,-596.58,56.59,2.95,False
1947,-4.97,-452.46,1.71,2.73,474.85,-486.81,67.89,3.33,False
1948,-4.52,-441.89,1.71,2.78,465.75,-475.87,69.02,3.37,False
1949,-11.77,-614.49,1.64,2.09,614.27,-654.49,50.63,2.75,False
1950,-11.64,-611.36,1.64,2.1,611.58,-651.25,50.97,2.77,False
1951,-11.46,-607.03,1.64,2.12,607.86,-646.77,51.43,2.78,False
1952,-18.38,-771.82,1.57,1.47,749.67,-817.32,33.88,2.2,False
1953,-11.93,-618.16,1.64,2.08,617.44,-658.3,50.24,2.74,False
1954,-5.65,-468.75,1.7,2.67,488.87,-503.67,66.16,3.27,False
1955,-18.47,-773.95,1.57,1.46,751.49,-819.52,33.65,2.19,False
1956,-18.01,-762.94,1.57,1.5,742.03,-808.13,34.82,2.23,False
1957,-15.17,-695.33,1.6,1.77,683.84,-738.16,42.02,2.47,False
1958,-12.56,-633.29,1.63,2.02,630.46,-673.95,48.63,2.69,False
1959,-14.33,-675.36,1.61,1.85,666.66,-717.49,44.15,2.54,False
1960,-15.3,-698.36,1.6,1.76,686.45,-741.29,41.7,2.46,False
1961,-14.02,-667.94,1.62,1.88,660.27,-709.81,44.94,2.56,False
1962,-17.48,-750.42,1.58,1.55,731.25,-795.17,36.16,2.27,False
1963,-12.14,-623.35,1.64,2.06,621.9,-663.66,49.69,2.72,False
1964,-15.05,-692.62,1.6,1.78,681.51,-735.36,42.31,2.48,False
1965,-6.3,-484.31,1.7,2.61,502.26,-519.77,64.5,3.22,False
1966,-11.87,-616.88,1.64,2.08,616.33,-656.97,50.38,2.75,False
1967,-15.17,-695.36,1.6,1.77,683.87,-738.19,42.02,2.47,False
1968,-12.42,-629.8,1.63,2.03,627.45,-670.34,49.0,2.7,False
1969,-11.56,-609.38,1.64,2.11,609.88,-649.21,51.18,2.77,False
1970,-16.04,-716.03,1.59,1.69,701.66,-759.58,39.82,2.39,False
1971,-7.08,-502.91,1.69,2.53,518.26,-539.02,62.52,3.15,False
1972,-20.25,-816.33,1.55,1.29,787.97,-863.38,29.14,2.04,False
1973,-6.64,-492.32,1.69,2.58,509.15,-528.06,63.65,3.19,False
1974,-14.18,-671.85,1.61,1.87,663.64,-713.86,44.52,2.55,False
1975,-13.0,-643.71,1.63,1.98,639.42,-684.74,47.52,2.65,False
1976,-3.83,-425.52,1.72,2.84,451.66,-458.92,70.76,3.43,False
1977,-8.58,-538.6,1.67,2.39,548.97,-575.95,58.72,3.02,False
1978,-18.74,-780.45,1.57,1.43,757.09,-826.25,32.96,2.17,False
1979,-16.47,-726.26,1.59,1.65,710.46,-770.17,38.73,2.36,False
1980,-4.19,-434.02,1.72,2.81,458.98,-467.72,69.86,3.4,False
1981,-2.96,-404.8,1.73,2.92,433.84,-437.48,72.97,3.5,False
1982,-14.37,-676.38,1.61,1.85,667.53,-718.54,44.04,2.53,False
1983,-8.91,-546.31,1.67,2.36,555.6,-583.93,57.9,3.0,False
1984,-17.86,-759.32,1.58,1.52,738.91,-804.39,35.21,2.24,False
1985,-10.24,-577.92,1.65,2.24,582.81,-616.65,54.53,2.88,False
1986,-9.62,-563.3,1.66,2.3,570.23,-601.52,56.09,2.94,False
1987,-9.21,-553.43,1.67,2.33,561.73,-591.3,57.14,2.97,False
1988,-17.47,-750.15,1.58,1.55,731.02,-794.9,36.18,2.27,False
1989,-16.03,-715.9,1.59,1.69,701.54,-759.45,39.83,2.39,False
1990,-7.28,-507.67,1.69,2.52,522.35,-543.94,62.01,3.13,False
1991,-16.47,-726.23,1.59,1.65,710.44,-770.14,38.73,2.36,False
1992,-18.73,-780.07,1.57,1.44,756.77,-825.86,33.0,2.17,False
1993,-14.23,-673.04,1.61,1.86,664.66,-715.09,44.4,2.55,False
1994,-14.01,-667.87,1.62,1.88,660.21,-709.74,44.95,2.56,False
1995,-12.01,-620.23,1.64,2.07,619.22,-660.44,50.02,2.73,False
1996,-14.45,-678.13,1.61,1.84,669.04,-720.36,43.86,2.53,False
1997,-7.43,-511.12,1.68,2.5,525.32,-547.51,61.64,3.12,False
1998,-12.08,-621.8,1.64,2.06,620.57,-662.06,49.86,2.73,False
1999,-18.73,-780.1,1.57,1.44,756.79,-825.89,33.0,2.17,False
2000,-7.9,-522.43,1.68,2.46,535.06,-559.22,60.44,3.08,False
2001,-18.85,-782.91,1.57,1.42,759.21,-828.79,32.7,2.16,False
2002,-14.18,-671.78,1.61,1.87,663.58,-713.79,44.53,2.55,False
2003,-9.31,-555.95,1.66,2.32,563.9,-593.91,56.87,2.96,False
2004,-8.5,-536.49,1.67,2.4,547.16,-573.77,58.94,3.03,False
2005,-3.79,-424.61,1.72,2.85,450.88,-457.99,70.86,3.43,False
2006,-6.25,-483.15,1.7,2.61,501.25,-518.57,64.62,3.22,False
2007,-16.54,-727.97,1.59,1.64,711.93,-771.94,38.55,2.35,False
2008,-9.4,-558.08,1.66,2.32,565.73,-596.11,56.64,2.95,False
2009,-11.83,-615.84,1.64,2.09,615.44,-655.9,50.49,2.75,False
2010,-9.76,-566.6,1.66,2.28,573.07,-604.93,55.73,2.92,False
2011,-18.45,-773.53,1.57,1.46,751.14,-819.09,33.69,2.19,False
2012,-14.92,-689.38,1.61,1.8,678.72,-732.0,42.66,2.49,False
2013,-16.54,-727.95,1.59,1.64,711.91,-771.92,38.55,2.35,False
2014,-4.1,-431.83,1.72,2.82,457.1,-465.46,70.09,3.4,False
2015,-12.79,-638.79,1.63,2.0,635.19,-679.65,48.05,2.67,False
2016,-19.31,-793.97,1.56,1.38,768.72,-840.24,31.52,2.12,False
2017,-8.18,-528.89,1.68,2.43,540.62,-565.91,59.75,3.06,False
2018,-6.06,-478.6,1.7,2.63,497.34,-513.86,65.11,3.24,False
2019,-9.21,-553.53,1.67,2.33,561.82,-591.41,57.13,2.97,False
2020,-6.24,-482.76,1.7,2.61,500.92,-518.16,64.66,3.22,False
2021,-15.68,-707.52,1.6,1.72,694.34,-750.78,40.73,2.42,False
2022,-18.33,-770.65,1.57,1.47,748.66,-816.1,34.0,2.2,False
2023,-4.21,-434.51,1.72,2.81,459.4,-468.23,69.8,3.39,False
2024,-12.62,-634.67,1.63,2.01,631.64,-675.37,48.49,2.68,False
2025,-13.29,-650.57,1.62,1.95,645.33,-691.84,46.79,2.63,False
2026,-18.29,-769.75,1.57,1.48,747.89,-815.18,34.1,2.2,False
2027,-15.45,-702.08,1.6,1.75,689.65,-745.14,41.31,2.44,False
2028,-17.27,-745.45,1.58,1.57,726.97,-790.03,36.69,2.29,False
2029,-9.18,-552.88,1.67,2.34,561.26,-590.73,57.2,2.97,False
2030,-16.41,-724.81,1.59,1.66,709.21,-768.67,38.88,2.36,False
2031,-8.91,-546.35,1.67,2.36,555.64,-583.98,57.89,3.0,False
2032,-16.51,-727.27,1.59,1.65,711.33,-771.22,38.62,2.35,False
2033,-7.75,-518.79,1.68,2.47,531.92,-555.45,60.83,3.09,False
2034,-7.82,-520.33,1.68,2.47,533.25,-557.04,60.66,3.09,False
2035,-13.37,-652.43,1.62,1.94,646.93,-693.76,46.59,2.62,False
2036,-9.33,-556.42,1.66,2.32,564.31,-594.4,56.82,2.96,False
2037,-3.59,-419.65,1.72,2.86,446.61,-452.85,71.39,3.45,False
2038,-11.91,-617.83,1.64,2.08,617.16,-657.95,50.28,2.74,False
2039,-18.05,-763.95,1.57,1.5,742.9,-809.18,34.71,2.22,False
2040,-12.29,-626.73,1.63,2.04,624.81,-667.16,49.33,2.71,False
2041,-8.79,-543.45,1.67,2.37,553.14,-580.97,58.2,3.01,False
2042,-16.06,-716.48,1.59,1.69,702.04,-760.04,39.77,2.39,False
2043,-9.86,-568.89,1.66,2.27,575.04,-607.3,55.49,2.92,False
2044,-6.95,-499.68,1.69,2.55,515.48,-535.67,62.86,3.16,False
2045,-9.55,-561.51,1.66,2.3,568.69,-599.66,56.28,2.94,False
2046,-17.52,-751.27,1.58,1.55,731.98,-796.05,36.07,2.27,False
2047,-14.03,-668.25,1.62,1.88,660.54,-710.13,44.91,2.56,False
2048,-13.86,-664.2,1.62,1.9,657.05,-705.94,45.34,2.58,False
2049,-5.5,-465.09,1.7,2.68,485.72,-499.88,66.55,3.28,False
2050,-3.01,-405.94,1.73,2.92,434.82,-438.67,72.85,3.49,False
2051,-13.38,-652.83,1.62,1.94,647.27,-694.17,46.55,2.62,False
2052,-7.57,-514.52,1.68,2.49,528.25,-551.03,61.28,3.11,False
2053,-12.69,-636.27,1.63,2.01,633.02,-677.03,48.31,2.68,False
2054,-8.04,-525.76,1.68,2.44,537.93,-562.67,60.08,3.07,False
2055,-20.49,-822.11,1.55,1.27,792.94,-869.36,28.52,2.02,False
2056,-16.67,-731.08,1.59,1.63,714.61,-775.16,38.22,2.34,False
2057,-10.28,-578.99,1.65,2.23,583.73,-617.75,54.42,2.88,False
2058,-16.82,-734.68,1.59,1.62,717.71,-778.88,37.83,2.33,False
2059,-4.73,-446.81,1.71,2.76,469.98,-480.96,68.49,3.35,False
2060,-13.63,-658.77,1.62,1.92,652.38,-700.32,45.92,2.6,False
2061,-11.02,-596.57,1.65,2.16,598.86,-635.95,52.54,2.82,False
2062,-13.19,-648.33,1.62,1.96,643.4,-689.52,47.03,2.63,False
2063,-8.12,-527.59,1.68,2.44,539.49,-564.56,59.89,3.06,False
2064,-18.97,-785.79,1.56,1.41,761.69,-831.78,32.39,2.15,False
2065,-17.12,-741.75,1.58,1.59,723.79,-786.19,37.08,2.3,False
2066,-18.04,-763.63,1.57,1.5,742.62,-808.84,34.75,2.22,False
2067,-13.21,-648.81,1.62,1.96,643.82,-690.02,46.98,2.63,False
2068,-18.79,-781.53,1.57,1.43,758.02,-827.37,32.84,2.16,False
2069,-14.88,-688.53,1.61,1.8,677.99,-731.12,42.75,2.49,False
2070,-14.57,-681.03,1.61,1.83,671.54,-723.36,43.55,2.52,False
2071,-8.67,-540.58,1.67,2.39,550.68,-578.01,58.51,3.02,False
2072,-7.3,-508.01,1.69,2.51,522.65,-544.3,61.98,3.13,False
2073,-10.77,-590.59,1.65,2.19,593.71,-629.76,53.18,2.84,False
2074,-11.74,-613.68,1.64,2.1,613.58,-653.65,50.72,2.76,False
2075,-19.55,-799.71,1.56,1.36,773.67,-846.19,30.91,2.1,False
2076,-17.87,-759.66,1.58,1.52,739.21,-804.74,35.17,2.24,False
2077,-9.71,-565.29,1.66,2.29,571.94,-603.58,55.87,2.93,False
2078,-8.45,-535.42,1.67,2.41,546.23,-572.66,59.06,3.04,False
2079,-4.54,-442.38,1.71,2.77,466.17,-476.37,68.97,3.37,False
2080,-4.76,-447.58,1.71,2.75,470.65,-481.76,68.41,3.35,False
2081,-15.74,-708.9,1.6,1.72,695.52,-752.2,40.58,2.42,False
2082,-4.45,-440.32,1.72,2.78,464.4,-474.24,69.18,3.37,False
2083,-5.19,-457.87,1.71,2.71,479.5,-492.41,67.32,3.31,False
2084,-4.81,-448.84,1.71,2.75,471.73,-483.06,68.28,3.34,False
2085,-10.34,-580.32,1.65,2.23,584.87,-619.13,54.27,2.88,False
2086,-15.51,-703.44,1.6,1.74,690.82,-746.55,41.16,2.44,False
2087,-5.42,-463.27,1.71,2.69,484.14,-497.99,66.74,3.29,False
2088,-13.86,-664.13,1.62,1.9,657.0,-705.87,45.35,2.58,False
2089,-11.22,-601.43,1.64,2.14,603.04,-640.98,52.03,2.8,False
2090,-7.98,-524.13,1.68,2.45,536.52,-560.98,60.26,3.08,False
2091,-11.4,-605.57,1.64,2.13,606.6,-645.26,51.58,2.79,False
2092,-15.86,-711.79,1.6,1.71,698.01,-755.19,40.27,2.41,False
2093,-8.78,-543.34,1.67,2.37,553.05,-580.86,58.21,3.01,False
2094,-10.93,-594.5,1.65,2.17,597.08,-633.81,52.76,2.83,False
2095,-15.49,-702.89,1.6,1.74,690.35,-745.98,41.22,2.44,False
2096,-8.39,-533.94,1.67,2.41,544.96,-571.13,59.21,3.04,False
2097,-13.53,-656.23,1.62,1.93,650.19,-697.69,46.19,2.61,False
2098,-20.3,-817.38,1.55,1.29,788.87,-864.47,29.02,2.03,False
2099,-5.31,-460.74,1.71,2.7,481.97,-495.38,67.01,3.3,False
2100,-8.12,-527.53,1.68,2.44,539.45,-564.5,59.9,3.06,False
2101,-12.6,-634.19,1.63,2.01,631.23,-674.89,48.54,2.68,False
2102,-8.99,-548.23,1.67,2.36,557.26,-585.92,57.69,2.99,False
2103,-7.96,-523.65,1.68,2.45,536.11,-560.49,60.31,3.08,False
2104,-6.71,-494.11,1.69,2.57,510.69,-529.91,63.46,3.18,False
2105,-18.23,-768.18,1.57,1.48,746.53,-813.55,34.26,2.21,False
2106,-6.56,-490.39,1.69,2.58,507.49,-526.06,63.85,3.2,False
2107,-8.82,-544.28,1.67,2.37,553.86,-581.84,58.11,3.0,False
2108,-20.0,-810.23,1.55,1.32,782.72,-857.08,29.79,2.06,False
2109,-17.09,-740.96,1.58,1.59,723.11,-785.38,37.16,2.31,False
2110,-15.44,-701.86,1.6,1.75,689.47,-744.92,41.33,2.44,False
2111,-15.72,-708.48,1.6,1.72,695.16,-751.76,40.62,2.42,False
2112,-12.22,-625.16,1.63,2.05,623.46,-665.53,49.5,2.72,False
2113,-16.91,-736.88,1.59,1.61,719.6,-781.16,37.6,2.32,False
2114,-13.64,-659.04,1.62,1.92,652.61,-700.6,45.89,2.6,False
2115,-11.71,-612.91,1.64,2.1,612.92,-652.86,50.8,2.76,False
2116,-4.88,-450.32,1.71,2.74,473.01,-484.6,68.12,3.34,False
2117,-7.07,-502.66,1.69,2.54,518.04,-538.76,62.55,3.15,False
2118,-5.93,-475.49,1.7,2.64,494.66,-510.64,65.44,3.25,False
2119,-14.51,-679.57,1.61,1.83,670.29,-721.85,43.7,2.52,False
2120,-5.16,-457.12,1.71,2.72,478.86,-491.63,67.4,3.31,False
2121,-16.43,-725.43,1.59,1.65,709.74,-769.31,38.82,2.36,False
2122,-18.55,-775.74,1.57,1.45,753.04,-821.37,33.46,2.18,False
2123,-7.68,-517.13,1.68,2.48,530.5,-553.73,61.0,3.1,False
2124,-14.0,-667.43,1.62,1.88,659.83,-709.28,45.0,2.57,False
2125,-7.81,-520.28,1.68,2.47,533.2,-556.99,60.67,3.09,False
2126,-10.65,-587.82,1.65,2.2,591.33,-626.89,53.47,2.85,False
2127,-8.1,-526.99,1.68,2.44,538.98,-563.94,59.95,3.07,False
2128,-11.81,-615.41,1.64,2.09,615.07,-655.45,50.54,2.75,False
2129,-15.18,-695.71,1.6,1.77,684.17,-738.55,41.98,2.47,False
2130,-17.11,-741.59,1.58,1.59,723.65,-786.03,37.1,2.3,False
2131,-20.0,-810.45,1.55,1.32,782.91,-857.3,29.76,2.06,False
2132,-5.26,-459.57,1.71,2.71,480.96,-494.16,67.13,3.3,False
2133,-16.27,-721.57,1.59,1.67,706.42,-765.31,39.23,2.37,False
2134,-9.06,-549.93,1.67,2.35,558.72,-587.68,57.51,2.98,False
2135,-5.11,-455.89,1.71,2.72,477.8,-490.36,67.53,3.32,False
2136,-14.31,-675.0,1.61,1.85,666.35,-717.12,44.19,2.54,False
2137,-11.89,-617.26,1.64,2.08,616.67,-657.37,50.34,2.74,False
2138,-13.43,-653.95,1.62,1.94,648.24,-695.34,46.43,2.61,False
2139,-12.9,-641.4,1.63,1.99,637.44,-682.35,47.77,2.66,False
2140,-4.24,-435.2,1.72,2.8,459.99,-468.94,69.73,3.39,False
2141,-3.93,-427.85,1.72,2.83,453.67,-461.34,70.51,3.42,False
2142,-5.01,-453.58,1.71,2.73,475.81,-487.96,67.77,3.33,False
2143,-6.47,-488.22,1.69,2.59,505.62,-523.81,64.08,3.2,False
2144,-17.88,-759.94,1.58,1.52,739.44,-805.02,35.14,2.24,False
2145,-15.53,-703.95,1.6,1.74,691.26,-747.08,41.11,2.44,False
2146,-19.02,-786.92,1.56,1.41,762.66,-832.94,32.27,2.14,False
2147,-3.82,-425.19,1.72,2.84,451.38,-458.59,70.8,3.43,False
2148,-12.82,-639.53,1.63,1.99,635.82,-680.41,47.97,2.67,False
2149,-9.31,-555.89,1.66,2.32,563.86,-593.85,56.88,2.96,False
2150,-7.72,-518.11,1.68,2.47,531.34,-554.75,60.9,3.1,False
2151,-19.98,-809.77,1.55,1.32,782.32,-856.59,29.84,2.06,False
2152,-9.42,-558.57,1.66,2.31,566.16,-596.62,56.59,2.95,False
2153,-3.53,-418.4,1.72,2.87,445.54,-451.56,71.52,3.45,False
2154,-8.11,-527.21,1.68,2.44,539.17,-564.17,59.93,3.06,False
2155,-19.82,-806.01,1.56,1.33,779.09,-852.71,30.24,2.07,False
2156,-15.06,-692.87,1.6,1.78,681.72,-735.61,42.29,2.48,False
2157,-3.32,-413.21,1.73,2.89,441.07,-446.19,72.07,3.47,False
2158,-19.56,-799.94,1.56,1.36,773.87,-846.42,30.88,2.1,False
2159,-6.68,-493.29,1.69,2.57,509.98,-529.06,63.54,3.18,False
2160,-11.59,-610.13,1.64,2.11,610.53,-649.99,51.1,2.77,False
2161,-6.15,-480.63,1.7,2.62,499.09,-515.96,64.89,3.23,False
2162,-20.58,-824.07,1.55,1.26,794.63,-871.4,28.31,2.01,False
2163,-13.6,-658.08,1.62,1.92,651.79,-699.61,45.99,2.6,False
2164,-15.12,-694.1,1.6,1.78,682.79,-736.89,42.15,2.47,False
2165,-19.3,-793.63,1.56,1.38,768.44,-839.89,31.55,2.12,False
2166,-12.93,-642.01,1.63,1.98,637.96,-682.98,47.7,2.66,False
2167,-8.49,-536.44,1.67,2.4,547.11,-573.72,58.95,3.03,False
2168,-10.41,-582.13,1.65,2.22,586.43,-621.0,54.08,2.87,False
2169,-17.52,-751.4,1.58,1.55,732.09,-796.18,36.05,2.27,False
2170,-11.38,-605.11,1.64,2.13,606.21,-644.79,51.63,2.79,False
2171,-9.22,-553.67,1.67,2.33,561.94,-591.55,57.11,2.97,False
2172,-6.62,-491.77,1.69,2.58,508.67,-527.49,63.71,3.19,False
2173,-16.89,-736.21,1.59,1.61,719.02,-780.46,37.67,2.32,False
2174,-9.73,-565.92,1.66,2.29,572.48,-604.23,55.81,2.93,False
2175,-8.89,-545.79,1.67,2.36,555.16,-583.39,57.95,3.0,False
2176,-8.62,-539.43,1.67,2.39,549.68,-576.81,58.63,3.02,False
2177,-19.14,-789.88,1.56,1.4,765.21,-836.01,31.95,2.13,False
2178,-5.44,-463.78,1.7,2.69,484.59,-498.52,66.69,3.29,False
2179,-14.52,-679.88,1.61,1.83,670.55,-722.16,43.67,2.52,False
2180,-10.26,-578.5,1.65,2.24,583.31,-617.25,54.47,2.88,False
2181,-12.93,-642.04,1.63,1.98,637.99,-683.01,47.7,2.66,False
2182,-11.07,-597.67,1.65,2.16,599.8,-637.08,52.43,2.81,False
2183,-8.16,-528.56,1.68,2.43,540.33,-565.57,59.79,3.06,False
2184,-13.75,-661.62,1.62,1.91,654.84,-703.28,45.61,2.59,False
2185,-3.36,-414.21,1.73,2.89,441.93,-447.22,71.97,3.47,False
2186,-9.68,-564.68,1.66,2.29,571.42,-602.95,55.94,2.93,False
2187,-17.1,-741.24,1.58,1.59,723.35,-785.67,37.13,2.3,False
2188,-19.58,-800.26,1.56,1.36,774.14,-846.75,30.85,2.09,False
2189,-15.53,-703.98,1.6,1.74,691.29,-747.11,41.1,2.44,False
2190,-13.72,-660.75,1.62,1.91,654.09,-702.37,45.71,2.59,False
2191,-14.21,-672.58,1.61,1.86,664.26,-714.61,44.45,2.55,False
2192,-13.47,-654.99,1.62,1.93,649.13,-696.41,46.32,2.61,False
2193,-20.11,-812.94,1.55,1.31,785.05,-859.87,29.5,2.05,False
2194,-13.56,-656.97,1.62,1.92,650.83,-698.46,46.11,2.6,False
2195,-3.64,-421.0,1.72,2.86,447.77,-454.25,71.24,3.44,False
2196,-4.87,-450.13,1.71,2.74,472.85,-484.4,68.14,3.34,False
2197,-20.47,-821.48,1.55,1.27,792.4,-868.72,28.59,2.02,False
2198,-7.47,-512.14,1.68,2.5,526.2,-548.57,61.54,3.12,False
2199,-6.65,-492.57,1.69,2.58,509.36,-528.31,63.62,3.19,False
2200,-13.32,-651.25,1.62,1.95,645.91,-692.54,46.72,2.62,False
2201,-10.18,-576.63,1.66,2.24,581.7,-615.32,54.67,2.89,False
2202,-10.47,-583.61,1.65,2.21,587.71,-622.54,53.92,2.86,False
2203,-13.03,-644.49,1.63,1.97,640.09,-685.54,47.44,2.65,False
2204,-8.69,-541.16,1.67,2.38,551.17,-578.6,58.44,3.01,False
2205,-7.62,-515.71,1.68,2.48,529.27,-552.27,61.16,3.11,False
2206,-3.42,-415.76,1.73,2.88,443.26,-448.82,71.8,3.46,False
2207,-14.32,-675.13,1.61,1.85,666.46,-717.25,44.18,2.54,False
2208,-17.46,-749.88,1.58,1.56,730.79,-794.61,36.21,2.27,False
2209,-19.01,-786.81,1.56,1.41,762.56,-832.83,32.28,2.14,False
2210,-6.21,-482.03,1.7,2.62,500.29,-517.41,64.74,3.22,False
2211,-13.14,-647.05,1.62,1.96,642.3,-688.2,47.17,2.64,False
