,nuc,arexp,ent,ndev,age,asexp,la,ld,target
0,9.0,34.0,1.18,0.5,0.75,0.93,273.0,1.0,True
1,29.75,21.0,0.27,1.0,5.25,1.96,509.0,1.0,False
2,28.6,1.0,1.97,1.2,26.0,1.0,28.0,1.0,False
3,18.54,5.0,3.29,0.36,37.54,0.68,1147.0,349.0,True
4,140.0,161.0,0.92,4.5,30.5,0.57,6.0,3.0,True
5,19.79,180.0,3.38,0.32,40.25,0.57,2026.0,532.0,True
6,15.57,74.0,4.15,0.35,11.3,2.0,843.0,28.0,True
7,36.42,13.0,2.11,0.75,26.17,1.15,1769.0,202.0,True
8,41.97,99.0,4.8,0.25,0.19,2.0,474.0,477.0,True
9,113.0,235.5,0.45,2.0,14.0,0.06,695.0,8.0,True
10,84.0,154.0,2.41,1.67,26.83,2.0,10.0,4.0,True
11,36.89,175.0,4.51,0.36,66.32,1.0,323.0,288.0,True
12,2.97,215.0,4.19,0.09,181.73,30.0,1105.0,983.0,True
13,53.38,232.0,2.36,0.85,17.69,0.57,1951.0,1.0,True
14,164.2,221.0,0.2,2.4,1.0,2.0,2335.0,7.0,True
15,80.67,235.0,2.08,1.33,19.33,0.67,459.0,3.0,True
16,115.29,39.0,2.48,1.57,26.86,0.5,431.0,239.0,True
17,143.71,246.5,2.53,1.86,12.29,0.4,72.0,40.0,True
18,304.33,274.0,0.6,4.0,0.0,1.0,197.0,8.0,True
19,33.62,50.0,4.3,0.33,30.03,1.98,735.0,414.0,True
20,277.75,297.0,0.46,3.25,2.25,2.0,737.0,0.0,True
21,70.17,6.0,2.68,0.83,61.61,1.69,247.0,27.0,True
22,395.0,305.0,1.35,4.67,0.0,1.0,33.0,0.0,True
23,57.0,64.5,0.0,11.0,12.0,9.0,1.0,3.0,True
24,12.88,13.0,2.63,1.5,61.38,13.0,134.0,18.0,True
25,21.8,70.5,2.02,2.6,9.8,0.49,313.0,150.0,True
26,101.0,11.0,0.0,13.0,36.0,6.0,5.0,0.0,True
27,24.0,37.0,0.0,5.0,39.0,17.0,48.0,21.0,True
28,5.38,111.0,3.47,0.56,164.44,0.44,422.0,38.0,True
29,59.71,135.5,1.9,2.43,6.0,0.0,215.0,44.0,True
30,2.86,1.0,2.2,1.0,13.86,1.0,1050.0,34.0,False
31,26.67,250.17,0.59,4.67,13.33,382.0,351.0,1.0,True
32,52.8,56.0,1.86,3.4,126.6,0.68,52.0,13.0,True
33,16.33,12.0,1.77,2.5,8.5,9.0,14.0,0.0,True
34,0.67,6.0,1.11,0.67,32.33,1.12,69.0,4.0,True
35,35.5,279.83,2.94,2.25,2.75,463.0,47.0,1.0,True
36,20.78,322.92,2.21,1.56,215.22,531.0,409.0,23.0,True
37,42.6,68.0,2.59,0.72,18.48,0.35,2916.0,564.0,True
38,2.0,76.5,0.0,2.0,382.0,21.0,8.0,0.0,True
39,103.0,224.0,1.26,6.0,4.33,143.0,87.0,9.0,True
40,36.0,279.0,0.0,9.0,2.0,190.0,23.0,13.0,True
41,1.22,17.6,2.6,0.11,24.0,14.0,357.0,157.0,True
42,23.33,387.0,0.83,5.67,3.33,278.0,157.0,0.0,True
43,6.0,392.0,0.9,1.5,44.5,18.0,22.0,0.0,True
44,4.0,395.5,0.0,1.0,10.0,283.0,11.0,1.0,False
45,3.86,2.0,2.09,1.14,29.43,1.5,53.0,11.0,False
46,132.33,8.0,0.77,6.33,51.67,0.49,75.0,6.0,True
47,1.11,580.0,3.41,0.16,3.79,0.72,1636.0,14.0,True
48,14.0,43.0,1.57,3.33,24.33,33.0,7.0,8.0,True
49,2.0,598.0,0.0,2.0,297.0,438.0,2.0,2.0,True
50,0.67,603.5,0.66,0.33,12.0,1.04,127.0,0.0,True
51,9.0,623.5,0.52,0.5,10.5,456.0,34.0,0.0,True
52,23.0,64.0,0.0,7.0,1.0,6.0,54.0,1.0,True
53,1.0,130.0,0.0,1.0,14.0,100.0,14.0,0.0,True
54,4.67,3.0,3.87,0.44,56.5,1.0,2838.0,35.0,True
55,2.62,135.0,0.81,0.38,29.12,0.05,579.0,388.0,True
56,3.5,16.0,4.34,0.23,65.68,1.0,83.0,58.0,True
57,2.5,716.0,1.82,0.5,41.25,6.0,55.0,15.0,True
58,38.4,89.0,2.57,2.4,144.9,19.0,158.0,39.0,True
59,14.2,170.0,2.16,2.6,34.8,125.0,11.0,5.0,True
60,61.05,172.0,4.07,1.25,22.35,0.03,25.0,29.0,True
61,39.33,5.0,1.15,6.67,0.33,2.0,108.0,5.0,True
62,25.17,107.0,2.33,3.0,0.17,0.0,129.0,6.0,True
63,158.0,122.0,0.0,22.0,8.0,57.0,3.0,0.0,True
64,16.36,745.83,3.27,1.91,205.36,0.52,169.0,116.0,True
65,1.8,747.83,1.89,0.6,42.2,601.0,20.0,3.0,True
66,12.33,759.0,1.06,3.67,1.67,608.0,153.0,2.0,True
67,15.0,228.0,0.0,6.0,39.0,164.0,6.0,0.0,True
68,3.75,792.17,1.39,1.75,5.0,0.72,55.0,3.0,True
69,43.0,233.0,0.0,13.0,3.0,169.0,2.0,23.0,True
70,12.0,30.0,1.17,3.5,81.5,24.0,27.0,10.0,True
71,36.75,27.0,1.86,4.75,16.25,23.0,69.0,45.0,True
72,52.8,790.67,2.57,2.6,139.1,672.0,23.0,0.0,True
73,174.0,791.67,0.0,25.0,7.0,673.0,2.0,2.0,True
74,54.67,65.0,1.29,8.67,16.67,0.87,108.0,7.0,True
75,14.0,185.0,0.0,5.0,45.0,35.0,3.0,1.0,True
76,73.43,815.83,1.09,4.0,276.14,696.0,100.0,129.0,True
77,61.33,73.0,0.58,7.67,11.33,50.0,107.0,0.0,True
78,104.0,136.0,0.49,11.0,59.5,65.0,32.0,5.0,True
79,75.33,822.67,1.1,8.0,54.33,741.0,116.0,1.0,True
80,14.62,203.0,3.24,0.67,76.26,0.0,913.0,621.0,True
81,7.0,290.0,0.0,3.0,2.0,222.0,2.0,1.0,True
82,4.0,188.5,0.0,1.0,171.0,112.0,16.0,10.0,True
83,26.25,834.67,1.81,1.75,4.94,0.72,4016.0,55.0,True
84,240.0,848.17,0.18,14.5,1.5,818.0,108.0,108.0,True
85,13.0,0.0,0.0,4.0,0.0,0.0,4.0,0.0,True
86,43.47,219.0,3.17,2.06,66.94,0.25,591.0,237.0,True
87,10.4,130.0,1.4,2.2,34.8,1.0,239.0,54.0,True
88,8.33,137.0,1.49,1.0,4.33,103.0,101.0,42.0,True
89,31.67,257.0,1.72,4.33,159.33,0.94,180.0,70.0,True
90,45.1,81.5,4.43,0.92,86.58,0.27,531.0,156.0,True
91,19.14,850.0,1.78,2.43,3.86,0.38,2061.0,0.0,True
92,6.67,147.0,1.58,1.0,0.0,113.0,11.0,19.0,True
93,3.0,148.0,0.0,2.0,287.0,114.0,7.0,5.0,True
94,13.33,356.5,1.23,2.33,17.0,290.0,16.0,26.0,True
95,27.5,52.0,1.92,3.75,94.75,0.97,15.0,2.0,True
96,8.46,1.0,2.95,0.62,108.0,1.0,132.0,26.0,False
97,10.0,190.0,0.0,3.0,0.0,151.0,15.0,19.0,True
98,26.8,387.5,2.24,4.0,12.2,0.53,19.0,1.0,True
99,17.67,390.0,1.05,2.0,0.0,327.0,76.0,38.0,True
100,23.5,848.17,3.21,2.7,24.8,0.72,56.0,55.0,True
101,6.0,56.0,0.0,3.0,7.0,42.0,4.0,0.0,True
102,4.0,855.5,0.0,4.0,16.0,900.0,4.0,3.0,True
103,266.5,63.0,0.14,15.0,10.0,28.0,9.0,44.0,True
104,7.16,234.5,3.1,0.74,78.53,1.0,5311.0,89.0,True
105,3.0,246.0,0.0,1.0,496.0,205.0,23.0,1.0,False
106,23.8,265.5,1.5,3.6,12.0,0.5,11.0,172.0,True
107,19.0,276.0,0.0,9.0,0.0,232.0,4.0,3.0,True
108,1.07,323.0,3.12,0.17,145.87,210.0,5629.0,4.0,True
109,19.0,296.5,0.78,1.5,0.0,250.0,6.0,20.0,True
110,122.5,305.0,0.21,14.5,4.0,258.0,17.0,14.0,True
111,21.5,849.67,0.97,5.5,27.5,924.0,18.0,5.0,True
112,56.2,81.0,2.16,3.4,6.3,0.15,109.0,62.0,True
113,2.33,71.5,1.53,0.33,3.33,1.0,6.0,9.0,True
114,34.31,88.0,3.31,2.12,47.75,0.15,215.0,58.0,True
115,12.0,327.0,1.69,0.5,17.67,273.0,158.0,157.0,True
116,65.0,849.75,4.08,1.58,70.42,1.25,1180.0,2476.0,True
117,26.67,98.0,1.45,4.67,0.0,0.5,10.0,4.0,True
118,6.69,82.0,3.4,1.08,0.08,1.0,1451.0,107.0,True
119,6.0,17.0,1.23,1.0,34.0,17.0,59.0,93.0,True
120,20.11,365.5,5.52,0.45,143.17,352.0,863.0,700.0,True
121,15.75,144.0,1.71,0.5,6.75,0.0,58.0,18.0,True
122,0.0,16.5,3.81,0.0,0.0,0.0,553.0,0.0,True
123,40.0,0.0,0.0,5.0,3.0,0.0,13.0,0.0,True
124,9.44,21.0,2.78,1.11,161.56,13.0,112.0,23.0,True
125,3.0,1.0,0.0,1.0,4.0,1.0,3.0,0.0,False
126,28.5,154.0,1.8,3.75,4.0,122.0,12.0,14.0,True
127,7.57,89.0,3.74,0.86,293.93,74.0,157.0,41.0,True
128,13.0,158.0,1.31,0.4,6.8,0.97,207.0,5.0,True
129,36.71,26.0,1.47,4.29,114.86,0.51,194.0,38.0,True
130,36.75,3.0,1.91,4.0,15.25,0.75,49.0,6.0,True
131,17.5,94.67,0.39,4.5,22.5,33.0,12.0,1.0,True
132,28.33,33.0,2.4,5.17,38.33,32.0,46.0,6.0,True
133,7.83,43.5,1.52,1.67,79.83,0.18,37.0,26.0,True
134,314.0,21.0,0.72,21.0,4.0,0.84,7.0,3.0,True
135,179.0,100.83,0.0,33.0,16.0,20.0,2.0,0.0,True
136,89.0,389.0,0.0,22.0,38.0,2.0,1.0,1.0,True
137,10.0,1.0,0.0,6.0,152.0,1.0,9.0,0.0,False
138,5.0,13.0,0.0,3.0,27.0,13.0,1.0,1.0,True
139,5.0,11.0,0.0,3.0,86.0,11.0,23.0,4.0,True
140,2.5,34.0,0.87,0.5,2.0,31.0,438.0,49.0,True
141,110.83,8.0,1.97,7.17,76.5,1.5,96.0,29.0,True
142,15.48,804.5,3.21,1.33,56.1,1021.0,631.0,748.0,True
143,252.0,25.0,0.0,39.0,22.0,12.0,1.0,1.0,True
144,139.6,52.5,2.03,10.6,61.0,0.1,239.0,132.0,True
145,4.5,21.0,2.52,1.5,145.83,13.0,10.0,10.0,True
146,15.51,39.91,4.01,0.63,65.83,59.0,1468.0,1134.0,True
147,71.0,79.0,0.0,21.0,2.0,6.0,3.0,1.0,True
148,39.0,24.0,0.0,10.0,5.0,15.0,3.0,1.0,True
149,2.0,113.0,0.45,0.5,82.5,105.0,32.0,0.0,True
150,28.0,109.0,0.0,8.0,22.0,13.0,6.0,2.0,True
151,51.5,68.0,1.15,7.17,40.33,0.51,464.0,240.0,True
152,35.14,15.0,2.14,4.86,8.57,1.71,320.0,2.0,True
153,16.62,35.0,4.09,1.1,110.52,0.82,116.0,42.0,True
154,228.33,319.67,1.38,19.67,25.0,1.64,22.0,2.0,True
155,38.5,34.0,0.5,9.5,31.0,0.0,9.0,0.0,True
156,22.0,39.0,0.0,12.0,11.0,3.0,3.0,0.0,True
157,14.0,21.0,0.0,7.0,25.0,3.0,59.0,26.0,True
158,51.0,354.5,0.0,13.0,45.0,44.0,195.0,111.0,True
159,33.0,157.0,0.59,4.5,1.5,17.0,20.0,1.0,True
160,22.92,79.0,3.54,2.08,15.92,77.0,751.0,646.0,True
161,218.0,51.0,0.0,43.0,2.0,33.0,4.0,3.0,True
162,3.88,1.0,1.75,0.88,978.38,1.0,155.0,68.0,False
163,25.22,8.0,3.46,2.3,78.39,0.33,902.0,126.0,True
164,15.2,65.0,1.93,2.0,23.0,1.0,50.0,17.0,True
165,251.0,64.0,0.0,45.0,5.0,45.0,27.0,12.0,True
166,147.2,177.0,0.94,12.6,23.6,0.0,117.0,16.0,True
167,60.33,62.5,2.22,8.5,327.0,47.0,46.0,17.0,True
168,24.0,359.0,0.76,3.5,5.5,132.0,5.0,4.0,True
169,50.05,361.0,3.6,3.15,10.7,0.49,624.0,207.0,True
170,72.5,174.5,1.33,8.25,10.25,0.46,525.0,5.0,True
171,94.75,98.5,1.6,13.5,37.25,0.5,16.0,8.0,True
172,93.0,1.0,1.67,13.0,7.5,0.0,39.0,7.0,True
173,0.0,147.17,1.26,0.0,0.0,71.0,507.0,0.0,True
174,148.0,1.0,0.0,40.0,38.0,1.0,5.0,0.0,False
175,150.0,1.0,0.68,24.0,9.0,1.0,110.0,13.0,True
176,30.0,74.5,0.0,14.0,202.0,49.0,18.0,10.0,True
177,83.0,173.5,2.1,9.0,26.5,0.5,156.0,29.0,True
178,152.5,1.0,0.71,24.5,2.5,1.0,83.0,10.0,True
179,36.25,89.5,1.26,6.25,53.25,66.0,154.0,16.0,True
180,46.0,38.5,0.0,9.0,2.0,1.0,10.0,11.0,True
181,8.67,51.0,0.73,3.67,56.33,0.09,68.0,3.0,True
182,14.2,1.0,1.78,3.4,175.8,1.0,911.0,3.0,True
183,38.0,97.5,0.94,5.5,62.0,46.0,15.0,2.0,True
184,6.65,101.0,3.04,0.21,0.0,14.0,166.0,1873.0,True
185,221.0,75.5,0.0,32.0,8.0,54.0,9.0,14.0,True
186,4.0,109.5,0.0,1.0,140.0,121.0,10.0,1.0,False
187,223.75,35.5,2.43,10.12,11.5,0.62,236.0,40.0,True
188,16.75,50.0,1.58,6.0,83.0,0.5,248.0,72.0,True
189,38.33,395.83,2.65,3.22,73.67,0.33,1464.0,772.0,True
190,68.91,58.17,2.15,6.27,73.0,0.03,516.0,75.0,True
191,9.5,195.0,1.0,2.0,20.0,7.0,105.0,16.0,True
192,179.2,34.0,1.08,14.8,89.4,0.08,197.0,191.0,True
193,0.0,2.0,0.0,0.0,0.0,2.0,73.0,0.0,True
194,54.0,123.5,1.33,6.5,198.17,0.5,384.0,37.0,True
195,56.33,6.0,0.78,15.0,17.67,1.0,60.0,16.0,True
196,45.5,104.33,0.82,16.5,45.5,95.0,111.0,36.0,True
197,24.6,203.0,1.75,2.0,2.4,53.0,82.0,55.0,True
198,54.25,140.0,1.59,11.5,146.0,1.0,46.0,1.0,True
199,12.0,110.67,0.88,4.5,27.5,49.0,263.0,6.0,True
200,1.0,118.5,0.0,1.0,13.0,77.0,18.0,0.0,True
201,7.44,12.0,2.58,2.22,162.0,0.5,232.0,41.0,True
202,42.0,14.33,0.0,18.0,6.0,6.0,1.0,1.0,True
203,3.0,48.67,0.63,2.0,373.0,33.0,390.0,368.0,True
204,73.86,52.17,1.86,9.14,27.86,0.45,210.0,69.0,True
205,49.91,104.33,4.04,2.73,165.24,0.51,637.0,382.0,True
206,10.0,55.17,0.0,4.0,8.0,20.0,53.0,0.0,True
207,155.64,64.5,2.03,8.45,27.0,0.6,1377.0,48.0,True
208,33.53,62.5,3.5,1.91,22.6,0.33,3352.0,1193.0,True
209,12.0,25.0,0.0,7.0,386.0,0.0,1.0,1.0,True
210,50.0,16.0,1.49,8.83,27.5,0.67,86.0,44.0,True
211,490.0,23.0,0.97,42.0,6.0,1.11,3.0,2.0,True
212,26.85,61.8,1.34,2.3,13.42,9.84,1532.92,291.54,True
213,14.6,56.98,0.37,3.54,9.48,17.23,456.71,79.53,True
214,41.19,67.45,2.48,0.86,18.03,1.2,2792.26,539.62,True
215,36.06,65.42,2.07,1.38,16.38,4.29,2341.53,450.83,True
216,41.24,67.46,2.48,0.86,18.04,1.17,2796.37,540.43,True
217,15.22,57.22,0.41,3.47,9.68,16.85,511.37,90.3,True
218,35.98,65.4,2.06,1.39,16.35,4.34,2334.89,449.52,True
219,22.91,60.25,1.03,2.7,12.15,12.22,1186.46,223.29,True
220,15.25,57.23,0.42,3.47,9.69,16.83,514.29,90.87,True
221,18.49,58.51,0.67,3.15,10.73,14.88,798.63,146.89,True
222,21.69,59.77,0.93,2.82,11.76,12.95,1079.69,202.25,True
223,10.09,55.2,0.01,3.99,8.03,19.94,61.04,1.58,True
224,15.72,57.42,0.45,3.42,9.84,16.55,555.32,98.96,True
225,29.71,62.93,1.57,2.02,14.34,8.12,1784.07,341.01,True
226,41.65,67.62,2.51,0.82,18.17,0.92,2832.32,547.52,True
227,23.06,60.31,1.04,2.69,12.2,12.13,1200.04,225.96,True
228,40.81,67.3,2.45,0.9,17.9,1.43,2758.83,533.04,True
229,40.84,67.31,2.45,0.9,17.91,1.41,2761.12,533.49,True
230,34.32,64.74,1.93,1.55,15.82,5.34,2188.79,420.74,True
231,28.95,62.63,1.51,2.09,14.09,8.58,1717.45,327.89,True
232,15.44,57.31,0.43,3.45,9.75,16.72,530.61,94.09,True
233,27.05,61.88,1.36,2.28,13.48,9.72,1550.76,295.05,True
234,20.0,59.1,0.79,2.99,11.22,13.97,931.57,173.07,True
235,36.61,65.64,2.11,1.32,16.56,3.96,2390.23,460.42,True
236,32.53,64.04,1.79,1.73,15.24,6.42,2031.55,389.77,True
237,35.81,65.33,2.05,1.4,16.3,4.44,2320.03,446.6,True
238,40.37,67.12,2.41,0.94,17.76,1.69,2720.55,525.5,True
239,30.72,63.32,1.65,1.92,14.66,7.51,1872.81,358.5,True
240,36.97,65.78,2.14,1.29,16.67,3.75,2421.24,466.53,True
241,38.78,66.5,2.29,1.1,17.25,2.65,2580.41,497.89,True
242,37.66,66.05,2.2,1.22,16.89,3.33,2481.82,478.47,True
243,26.99,61.85,1.35,2.29,13.46,9.76,1544.77,293.87,True
244,31.06,63.46,1.67,1.88,14.77,7.31,1902.11,364.27,True
245,40.11,67.02,2.39,0.97,17.68,1.85,2697.04,520.87,True
246,18.63,58.56,0.69,3.13,10.77,14.8,810.94,149.31,True
247,31.31,63.55,1.69,1.86,14.85,7.16,1924.35,368.65,True
248,11.53,55.77,0.12,3.85,8.49,19.08,187.46,26.49,True
249,27.14,61.91,1.36,2.28,13.51,9.67,1558.39,296.56,True
250,34.34,64.75,1.93,1.55,15.83,5.33,2190.96,421.17,True
251,30.73,63.33,1.65,1.91,14.66,7.51,1873.22,358.58,True
252,22.53,60.1,1.0,2.74,12.03,12.45,1153.0,216.7,True
253,35.41,65.17,2.02,1.44,16.17,4.69,2284.14,439.53,True
254,13.47,56.53,0.28,3.65,9.12,17.91,357.92,60.07,True
255,39.31,66.71,2.33,1.05,17.42,2.33,2627.44,507.15,True
256,25.52,61.28,1.23,2.44,12.99,10.65,1415.78,268.46,True
257,36.63,65.65,2.12,1.32,16.56,3.95,2391.61,460.7,True
258,29.27,62.75,1.53,2.06,14.19,8.39,1744.97,333.31,True
259,15.6,57.37,0.44,3.44,9.8,16.63,544.64,96.85,True
260,39.56,66.8,2.35,1.03,17.5,2.18,2649.08,511.42,True
261,24.35,60.82,1.14,2.56,12.61,11.35,1313.51,248.32,True
262,30.97,63.42,1.67,1.89,14.74,7.36,1894.23,362.71,True
263,40.3,67.1,2.41,0.95,17.74,1.73,2714.45,524.29,True
264,32.48,64.02,1.79,1.74,15.23,6.45,2027.62,388.99,True
265,27.19,61.94,1.37,2.27,13.53,9.64,1563.02,297.47,True
266,33.33,64.35,1.85,1.65,15.5,5.94,2101.92,403.63,True
267,39.79,66.89,2.37,1.0,17.58,2.04,2669.46,515.43,True
268,36.07,65.43,2.07,1.38,16.38,4.29,2342.46,451.02,True
269,33.05,64.24,1.83,1.68,15.41,6.11,2077.42,398.8,True
270,21.69,59.77,0.93,2.82,11.76,12.95,1079.87,202.29,True
271,11.49,55.75,0.12,3.85,8.48,19.1,184.01,25.81,True
272,25.43,61.24,1.23,2.45,12.96,10.7,1408.49,267.03,True
273,11.65,55.82,0.13,3.83,8.53,19.0,198.18,28.6,True
274,39.74,66.87,2.36,1.01,17.56,2.07,2664.89,514.53,True
275,41.73,67.66,2.52,0.81,18.2,0.88,2839.3,548.89,True
276,21.23,59.59,0.89,2.87,11.61,13.23,1039.25,194.29,True
277,31.79,63.75,1.73,1.81,15.01,6.86,1966.76,377.0,True
278,12.62,56.2,0.21,3.74,8.84,18.42,283.45,45.4,True
279,25.61,61.31,1.24,2.43,13.02,10.59,1424.23,270.13,True
280,22.78,60.2,1.02,2.71,12.11,12.3,1175.02,221.03,True
281,27.12,61.91,1.36,2.28,13.5,9.68,1556.49,296.18,True
282,42.45,67.94,2.58,0.74,18.43,0.44,2902.41,561.32,True
283,21.69,59.77,0.93,2.82,11.76,12.95,1079.59,202.24,True
284,26.47,61.65,1.31,2.34,13.29,10.07,1499.3,284.92,True
285,39.72,66.87,2.36,1.01,17.55,2.09,2663.03,514.17,True
286,15.41,57.3,0.43,3.46,9.74,16.74,528.02,93.58,True
287,22.76,60.19,1.01,2.72,12.1,12.31,1173.72,220.78,True
288,31.23,63.52,1.69,1.86,14.82,7.21,1917.13,367.23,True
289,37.61,66.04,2.19,1.22,16.88,3.36,2477.91,477.7,True
290,29.76,62.94,1.57,2.01,14.35,8.09,1788.03,341.79,True
291,36.52,65.61,2.11,1.33,16.53,4.01,2382.01,458.81,True
292,17.4,58.08,0.59,3.26,10.38,15.54,702.69,127.99,True
293,19.13,58.76,0.73,3.08,10.93,14.5,854.53,157.9,True
294,28.15,62.31,1.44,2.17,13.83,9.06,1646.83,313.98,True
295,41.78,67.68,2.53,0.8,18.22,0.84,2844.39,549.89,True
296,14.29,56.86,0.34,3.57,9.38,17.41,429.94,74.26,True
297,38.68,66.46,2.28,1.11,17.22,2.71,2571.76,496.19,True
298,33.77,64.53,1.89,1.61,15.64,5.67,2140.83,411.29,True
299,25.97,61.46,1.27,2.39,13.14,10.37,1455.88,276.36,True
300,12.23,56.04,0.18,3.78,8.72,18.66,248.9,38.59,True
301,39.23,66.68,2.32,1.06,17.4,2.38,2620.42,505.77,True
302,14.96,57.12,0.39,3.5,9.59,17.01,488.25,85.74,True
303,39.85,66.92,2.37,1.0,17.6,2.01,2674.41,516.41,True
304,38.0,66.19,2.23,1.18,17.0,3.12,2512.25,484.46,True
305,33.13,64.27,1.84,1.67,15.44,6.06,2084.29,400.16,True
306,12.83,56.28,0.22,3.72,8.91,18.29,301.58,48.97,True
307,36.3,65.52,2.09,1.35,16.46,4.14,2363.13,455.09,True
308,40.24,67.07,2.4,0.96,17.72,1.77,2708.85,523.19,True
309,42.32,67.89,2.57,0.75,18.39,0.52,2891.27,559.13,True
310,41.63,67.62,2.51,0.82,18.17,0.93,2831.05,547.27,True
311,22.67,60.15,1.01,2.73,12.07,12.36,1165.84,219.22,True
312,12.94,56.32,0.23,3.7,8.94,18.23,311.11,50.85,True
313,20.55,59.32,0.84,2.94,11.39,13.64,979.61,182.54,True
314,24.19,60.75,1.13,2.57,12.56,11.45,1299.22,245.5,True
315,19.85,59.04,0.78,3.01,11.17,14.07,917.7,170.34,True
316,40.8,67.29,2.45,0.9,17.9,1.44,2757.62,532.8,True
317,18.42,58.48,0.67,3.15,10.71,14.93,792.29,145.64,True
318,38.2,66.27,2.24,1.16,17.06,3.0,2529.41,487.84,True
319,16.65,57.78,0.53,3.33,10.14,15.99,636.93,115.03,True
320,13.23,56.44,0.26,3.68,9.04,18.05,336.54,55.86,True
321,39.2,66.66,2.32,1.06,17.39,2.4,2617.51,505.2,True
322,32.52,64.03,1.79,1.73,15.24,6.42,2030.92,389.64,True
323,13.88,56.69,0.31,3.61,9.25,17.66,393.6,67.1,True
324,25.6,61.31,1.24,2.43,13.02,10.59,1423.43,269.97,True
325,37.24,65.89,2.16,1.26,16.76,3.58,2444.88,471.19,True
326,23.23,60.37,1.05,2.67,12.25,12.03,1214.5,228.81,True
327,33.68,64.49,1.88,1.62,15.61,5.73,2132.2,409.59,True
328,33.27,64.33,1.85,1.66,15.48,5.97,2096.41,402.54,True
329,26.36,61.61,1.3,2.35,13.26,10.14,1490.12,283.11,True
330,30.5,63.24,1.63,1.94,14.59,7.64,1853.18,354.63,True
331,10.36,55.31,0.03,3.96,8.12,19.78,84.96,6.3,True
332,16.77,57.83,0.54,3.32,10.18,15.92,647.23,117.06,True
333,40.75,67.27,2.44,0.91,17.89,1.46,2753.6,532.01,True
334,31.55,63.65,1.71,1.83,14.93,7.01,1945.34,372.78,True
335,21.88,59.84,0.94,2.8,11.82,12.84,1096.2,205.51,True
336,22.32,60.02,0.98,2.76,11.96,12.57,1134.99,213.15,True
337,23.85,60.62,1.1,2.61,12.45,11.65,1269.27,239.6,True
338,16.74,57.82,0.54,3.32,10.17,15.94,645.08,116.64,True
339,16.52,57.73,0.52,3.34,10.1,16.07,625.38,112.76,True
340,18.04,58.33,0.64,3.19,10.58,15.15,759.12,139.1,True
341,10.7,55.44,0.06,3.93,8.23,19.58,114.89,12.19,True
342,41.13,67.42,2.47,0.87,18.01,1.24,2786.49,538.49,True
343,33.24,64.32,1.85,1.66,15.47,5.99,2094.09,402.09,True
344,42.59,67.99,2.59,0.72,18.48,0.36,2914.85,563.77,True
345,41.22,67.45,2.48,0.86,18.03,1.18,2794.4,540.05,True
346,33.25,64.32,1.85,1.66,15.48,5.98,2095.29,402.32,True
347,27.81,62.18,1.42,2.21,13.73,9.26,1617.5,308.2,True
348,35.16,65.07,2.0,1.47,16.09,4.83,2262.83,435.33,True
349,17.36,58.06,0.58,3.26,10.36,15.57,698.95,127.25,True
350,31.8,63.75,1.73,1.81,15.01,6.86,1967.18,377.09,True
351,36.94,65.77,2.14,1.29,16.66,3.76,2418.75,466.04,True
352,28.97,62.64,1.51,2.09,14.1,8.56,1719.15,328.22,True
353,13.0,56.35,0.24,3.7,8.97,18.19,316.65,51.94,True
354,33.8,64.54,1.89,1.6,15.65,5.65,2143.57,411.84,True
355,11.56,55.78,0.12,3.84,8.5,19.06,189.96,26.98,True
356,35.93,65.38,2.06,1.39,16.34,4.37,2330.61,448.68,True
357,16.6,57.77,0.52,3.34,10.12,16.02,632.89,114.24,True
358,11.5,55.76,0.12,3.85,8.48,19.1,184.65,25.93,True
359,11.16,55.62,0.09,3.88,8.37,19.3,154.94,20.08,True
360,23.68,60.55,1.09,2.62,12.4,11.75,1254.48,236.69,True
361,26.11,61.51,1.28,2.38,13.18,10.29,1467.44,278.64,True
362,11.19,55.63,0.09,3.88,8.38,19.29,157.1,20.51,True
363,24.16,60.74,1.13,2.57,12.55,11.46,1296.97,245.06,True
364,25.61,61.31,1.24,2.43,13.02,10.59,1423.51,269.99,True
365,17.42,58.09,0.59,3.25,10.38,15.53,704.4,128.32,True
366,34.87,64.96,1.98,1.5,15.99,5.01,2236.89,430.22,True
367,39.26,66.69,2.33,1.06,17.41,2.36,2623.06,506.29,True
368,17.18,57.99,0.57,3.28,10.31,15.67,683.51,124.21,True
369,41.64,67.62,2.51,0.82,18.17,0.93,2831.9,547.43,True
370,15.32,57.26,0.42,3.46,9.71,16.79,520.48,92.09,True
371,29.94,63.02,1.58,1.99,14.41,7.98,1804.03,344.95,True
372,38.35,66.33,2.25,1.15,17.11,2.91,2542.97,490.52,True
373,12.74,56.25,0.22,3.72,8.88,18.35,293.71,47.42,True
374,21.01,59.5,0.88,2.89,11.54,13.36,1020.13,190.52,True
375,37.48,65.98,2.18,1.24,16.83,3.44,2466.15,475.38,True
376,28.65,62.51,1.48,2.12,13.99,8.76,1690.49,322.58,True
377,13.32,56.47,0.26,3.67,9.07,18.0,344.85,57.49,True
378,40.45,67.16,2.42,0.94,17.79,1.64,2727.55,526.88,True
379,32.68,64.09,1.8,1.72,15.29,6.33,2044.54,392.32,True
380,39.33,66.71,2.33,1.05,17.43,2.32,2628.78,507.42,True
381,20.37,59.25,0.82,2.96,11.33,13.75,963.33,179.33,True
382,41.85,67.71,2.53,0.8,18.24,0.8,2850.47,551.09,True
383,26.01,61.47,1.27,2.39,13.15,10.35,1458.7,276.92,True
384,15.57,57.36,0.44,3.44,9.79,16.64,542.46,96.42,True
385,38.21,66.27,2.24,1.16,17.07,2.99,2530.57,488.07,True
386,34.28,64.72,1.93,1.56,15.81,5.36,2185.3,420.05,True
387,35.86,65.35,2.05,1.4,16.31,4.41,2324.14,447.41,True
388,37.6,66.03,2.19,1.22,16.87,3.36,2476.99,477.52,True
389,20.27,59.21,0.82,2.97,11.3,13.81,954.71,177.63,True
390,10.65,55.42,0.05,3.93,8.21,19.61,110.3,11.29,True
391,22.51,60.09,0.99,2.74,12.02,12.46,1151.79,216.46,True
392,17.43,58.09,0.59,3.25,10.39,15.52,705.22,128.48,True
393,28.04,62.27,1.43,2.18,13.8,9.12,1637.59,312.16,True
394,39.57,66.81,2.35,1.02,17.51,2.17,2650.08,511.62,True
395,34.61,64.86,1.96,1.52,15.91,5.17,2214.38,425.78,True
396,20.24,59.2,0.81,2.97,11.29,13.83,952.55,177.21,True
397,14.54,56.95,0.36,3.54,9.46,17.26,451.48,78.5,True
398,14.05,56.76,0.32,3.59,9.3,17.56,408.92,70.11,True
399,22.61,60.13,1.0,2.73,12.05,12.4,1160.38,218.15,True
400,36.69,65.67,2.12,1.31,16.58,3.91,2396.77,461.71,True
401,11.47,55.75,0.12,3.85,8.47,19.11,182.31,25.47,True
402,30.02,63.05,1.59,1.99,14.43,7.94,1810.76,346.27,True
403,20.33,59.23,0.82,2.96,11.32,13.78,959.78,178.63,True
404,20.58,59.33,0.84,2.94,11.4,13.62,982.52,183.11,True
405,39.32,66.71,2.33,1.05,17.43,2.33,2628.09,507.28,True
406,33.71,64.5,1.88,1.61,15.62,5.71,2135.03,410.15,True
407,11.93,55.93,0.15,3.81,8.62,18.84,222.49,33.39,True
408,29.93,63.01,1.58,1.99,14.41,7.98,1803.55,344.85,True
409,13.03,56.36,0.24,3.7,8.97,18.18,318.79,52.36,True
410,31.31,63.55,1.69,1.86,14.85,7.16,1924.28,368.63,True
411,18.7,58.59,0.69,3.12,10.8,14.76,816.79,150.46,True
412,23.28,60.39,1.05,2.66,12.27,12.0,1218.97,229.69,True
413,35.13,65.06,2.0,1.47,16.08,4.85,2260.2,434.81,True
414,14.05,56.76,0.32,3.59,9.3,17.56,408.88,70.11,True
415,20.08,59.13,0.8,2.99,11.24,13.93,938.07,174.35,True
416,11.54,55.77,0.12,3.84,8.5,19.07,188.33,26.66,True
417,23.55,60.5,1.08,2.64,12.36,11.83,1243.03,234.43,True
418,37.24,65.89,2.16,1.26,16.76,3.58,2445.65,471.34,True
419,28.42,62.42,1.46,2.15,13.92,8.89,1671.03,318.75,True
420,42.0,67.76,2.54,0.78,18.29,0.71,2863.39,553.64,True
421,19.78,59.02,0.78,3.02,11.15,14.1,912.23,169.27,True
422,12.99,56.35,0.24,3.7,8.96,18.2,315.93,51.8,True
423,22.71,60.17,1.01,2.72,12.08,12.34,1168.86,219.82,True
424,26.84,61.8,1.34,2.31,13.41,9.85,1531.97,291.35,True
425,30.67,63.3,1.64,1.92,14.64,7.54,1867.87,357.52,True
426,16.0,57.53,0.48,3.4,9.93,16.38,580.04,103.82,True
427,18.37,58.46,0.66,3.16,10.69,14.96,787.79,144.75,True
428,39.72,66.87,2.36,1.01,17.55,2.08,2663.18,514.2,True
429,14.88,57.09,0.39,3.51,9.57,17.06,481.35,84.38,True
430,29.46,62.83,1.55,2.04,14.25,8.27,1761.65,336.6,True
431,27.08,61.89,1.36,2.28,13.49,9.71,1552.8,295.45,True
432,10.65,55.42,0.05,3.93,8.21,19.61,110.1,11.25,True
433,17.43,58.09,0.59,3.25,10.39,15.52,705.68,128.58,True
434,41.22,67.46,2.48,0.86,18.04,1.18,2795.21,540.2,True
435,25.95,61.45,1.27,2.4,13.13,10.39,1453.76,275.94,True
436,40.58,67.21,2.43,0.92,17.83,1.57,2738.85,529.1,True
437,23.22,60.37,1.05,2.67,12.25,12.03,1213.78,228.67,True
438,37.31,65.92,2.17,1.25,16.78,3.54,2451.7,472.53,True
439,32.49,64.02,1.79,1.74,15.23,6.44,2028.37,389.14,True
440,16.58,57.76,0.52,3.34,10.12,16.03,630.86,113.84,True
441,27.64,62.11,1.4,2.22,13.67,9.36,1602.6,305.26,True
442,10.26,55.27,0.02,3.97,8.08,19.84,75.91,4.51,True
443,10.03,55.18,0.0,4.0,8.01,19.98,56.03,0.6,True
444,21.05,59.52,0.88,2.89,11.55,13.34,1023.43,191.17,True
445,15.85,57.47,0.46,3.41,9.88,16.47,566.62,101.18,True
446,28.17,62.32,1.44,2.17,13.84,9.05,1648.42,314.29,True
447,13.11,56.39,0.25,3.69,9.0,18.13,325.85,53.75,True
448,26.18,61.54,1.29,2.37,13.2,10.25,1473.88,279.91,True
449,39.27,66.69,2.33,1.06,17.41,2.36,2623.58,506.4,True
450,24.36,60.82,1.14,2.56,12.62,11.35,1313.78,248.37,True
451,40.22,67.06,2.4,0.96,17.71,1.79,2706.75,522.78,True
452,40.49,67.17,2.42,0.93,17.8,1.62,2730.53,527.46,True
453,30.92,63.4,1.66,1.9,14.72,7.39,1889.92,361.87,True
454,14.21,56.82,0.33,3.58,9.35,17.46,422.91,72.87,True
455,16.47,57.71,0.51,3.35,10.08,16.1,621.5,111.99,True
456,29.3,62.76,1.53,2.06,14.2,8.37,1747.71,333.85,True
457,42.14,67.82,2.55,0.77,18.33,0.63,2875.53,556.03,True
458,14.06,56.76,0.32,3.59,9.31,17.55,409.51,70.23,True
459,22.61,60.13,1.0,2.73,12.05,12.4,1160.71,218.21,True
460,24.56,60.9,1.16,2.54,12.68,11.23,1331.41,251.84,True
461,32.58,64.06,1.79,1.73,15.26,6.39,2036.42,390.73,True
462,26.19,61.54,1.29,2.37,13.2,10.24,1474.49,280.03,True
463,33.86,64.56,1.9,1.6,15.67,5.62,2148.51,412.81,True
464,33.52,64.42,1.87,1.63,15.56,5.82,2118.42,406.88,True
465,16.12,57.57,0.49,3.38,9.97,16.31,590.22,105.83,True
466,36.34,65.53,2.09,1.35,16.47,4.12,2366.05,455.66,True
467,38.49,66.38,2.26,1.13,17.16,2.83,2554.88,492.86,True
468,21.08,59.53,0.88,2.88,11.56,13.32,1026.36,191.75,True
469,32.89,64.18,1.82,1.7,15.36,6.2,2063.2,396.0,True
470,27.12,61.91,1.36,2.28,13.5,9.68,1556.38,296.16,True
471,15.25,57.23,0.42,3.47,9.69,16.84,513.74,90.76,True
472,25.19,61.15,1.21,2.47,12.88,10.84,1387.43,262.88,True
473,11.33,55.69,0.11,3.87,8.43,19.2,169.52,22.95,True
474,13.64,56.6,0.29,3.63,9.17,17.81,372.75,62.99,True
475,39.81,66.9,2.37,1.0,17.58,2.03,2671.21,515.78,True
476,12.79,56.27,0.22,3.72,8.9,18.32,298.44,48.35,True
477,35.01,65.01,1.99,1.48,16.04,4.92,2249.37,432.68,True
478,16.4,57.69,0.51,3.36,10.06,16.14,614.9,110.69,True
479,10.35,55.31,0.03,3.96,8.11,19.79,84.14,6.13,True
480,32.69,64.1,1.8,1.72,15.29,6.32,2045.51,392.52,True
481,38.47,66.38,2.26,1.14,17.15,2.84,2553.73,492.63,True
482,11.57,55.79,0.12,3.84,8.51,19.05,191.04,27.19,True
483,37.85,66.13,2.21,1.2,16.95,3.21,2499.28,481.91,True
484,42.28,67.87,2.56,0.75,18.38,0.54,2887.73,558.43,True
485,35.28,65.12,2.01,1.46,16.13,4.76,2273.4,437.41,True
486,32.77,64.13,1.81,1.71,15.32,6.28,2052.58,393.91,True
487,28.78,62.56,1.49,2.11,14.04,8.68,1701.98,324.84,True
488,23.46,60.47,1.07,2.65,12.33,11.88,1235.36,232.92,True
489,29.79,62.96,1.57,2.01,14.36,8.07,1791.42,342.46,True
490,16.11,57.57,0.49,3.38,9.97,16.31,589.96,105.78,True
491,35.34,65.14,2.01,1.45,16.15,4.73,2278.42,438.4,True
492,22.94,60.26,1.03,2.7,12.16,12.2,1189.6,223.9,True
493,29.53,62.85,1.55,2.04,14.28,8.23,1768.06,337.86,True
494,24.05,60.7,1.12,2.59,12.52,11.53,1287.15,243.12,True
495,11.61,55.8,0.13,3.84,8.52,19.03,194.41,27.86,True
496,35.92,65.37,2.06,1.39,16.33,4.37,2329.77,448.51,True
497,25.75,61.37,1.25,2.41,13.06,10.5,1436.61,272.57,True
498,31.91,63.79,1.74,1.8,15.04,6.8,1976.87,378.99,True
499,30.49,63.23,1.63,1.94,14.59,7.65,1852.1,354.42,True
500,19.46,58.89,0.75,3.05,11.04,14.3,883.52,163.61,True
501,18.46,58.5,0.67,3.15,10.72,14.9,795.83,146.33,True
502,19.09,58.75,0.72,3.09,10.92,14.52,851.46,157.29,True
503,37.0,65.79,2.15,1.28,16.68,3.73,2423.84,467.05,True
504,22.46,60.07,0.99,2.75,12.0,12.49,1147.06,215.53,True
505,37.71,66.08,2.2,1.21,16.91,3.3,2486.61,479.41,True
506,32.36,63.97,1.78,1.75,15.19,6.52,2016.87,386.87,True
507,22.23,59.98,0.97,2.77,11.93,12.63,1127.41,211.65,True
508,26.09,61.5,1.28,2.38,13.17,10.3,1465.72,278.3,True
509,34.67,64.88,1.96,1.52,15.93,5.13,2219.64,426.82,True
510,27.43,62.03,1.39,2.25,13.6,9.49,1584.18,301.64,True
511,17.92,58.29,0.63,3.2,10.55,15.22,748.82,137.07,True
512,17.15,57.98,0.57,3.28,10.3,15.69,680.87,123.69,True
513,14.5,56.94,0.36,3.55,9.45,17.29,447.96,77.81,True
514,42.56,67.99,2.59,0.72,18.47,0.37,2912.73,563.36,True
515,13.87,56.69,0.31,3.61,9.24,17.67,392.8,66.94,True
516,23.21,60.37,1.05,2.67,12.25,12.04,1213.37,228.59,True
517,40.85,67.31,2.45,0.9,17.92,1.41,2762.05,533.67,True
518,32.83,64.15,1.81,1.7,15.34,6.24,2057.91,394.96,True
519,12.51,56.16,0.2,3.75,8.81,18.49,273.61,43.46,True
520,17.59,58.16,0.6,3.24,10.44,15.42,719.73,131.34,True
521,25.51,61.27,1.23,2.44,12.99,10.65,1414.88,268.29,True
522,34.8,64.93,1.97,1.5,15.97,5.05,2231.15,429.09,True
523,21.54,59.71,0.92,2.84,11.71,13.04,1066.51,199.66,True
524,14.19,56.82,0.33,3.58,9.35,17.47,421.31,72.56,True
525,14.15,56.8,0.33,3.58,9.33,17.5,417.38,71.78,True
526,38.58,66.42,2.27,1.12,17.19,2.77,2562.72,494.41,True
527,28.67,62.52,1.48,2.12,14.0,8.75,1692.58,322.99,True
528,22.16,59.95,0.97,2.78,11.91,12.67,1120.53,210.3,True
529,24.01,60.68,1.11,2.59,12.5,11.55,1283.44,242.39,True
530,21.3,59.61,0.9,2.86,11.63,13.19,1045.34,195.49,True
531,22.79,60.2,1.02,2.71,12.11,12.29,1176.0,221.23,True
532,38.15,66.25,2.24,1.17,17.05,3.03,2525.48,487.07,True
533,32.43,64.0,1.78,1.74,15.21,6.48,2023.01,388.08,True
534,13.6,56.58,0.29,3.64,9.16,17.83,369.36,62.32,True
535,40.28,67.08,2.41,0.95,17.73,1.75,2711.86,523.79,True
536,37.3,65.91,2.17,1.25,16.78,3.54,2450.73,472.34,True
537,33.08,64.25,1.83,1.68,15.42,6.09,2080.13,399.34,True
538,42.03,67.77,2.54,0.78,18.3,0.69,2865.79,554.11,True
539,32.27,63.93,1.77,1.76,15.16,6.58,2008.47,385.22,True
540,12.63,56.2,0.21,3.73,8.85,18.41,284.38,45.58,True
541,15.85,57.47,0.46,3.41,9.88,16.48,566.38,101.13,True
542,24.83,61.01,1.18,2.51,12.77,11.06,1355.67,256.62,True
543,18.14,58.37,0.65,3.18,10.62,15.09,767.72,140.8,True
544,22.02,59.9,0.96,2.79,11.87,12.75,1108.9,208.01,True
545,23.42,60.45,1.07,2.65,12.32,11.91,1231.91,232.24,True
546,17.6,58.16,0.6,3.23,10.44,15.42,720.85,131.56,True
547,31.2,63.51,1.68,1.87,14.82,7.22,1915.01,366.81,True
548,34.69,64.88,1.96,1.52,15.94,5.12,2220.96,427.08,True
549,25.78,61.38,1.25,2.41,13.07,10.49,1438.5,272.94,True
550,36.24,65.49,2.08,1.36,16.43,4.19,2357.07,453.89,True
551,24.47,60.86,1.15,2.54,12.65,11.28,1323.37,250.26,True
552,25.84,61.4,1.26,2.41,13.09,10.45,1444.38,274.1,True
553,42.12,67.81,2.55,0.77,18.33,0.64,2874.1,555.74,True
554,23.19,60.36,1.05,2.67,12.24,12.05,1211.36,228.19,True
555,35.91,65.36,2.06,1.39,16.33,4.38,2328.08,448.18,True
556,28.85,62.59,1.5,2.1,14.06,8.64,1708.63,326.15,True
557,37.46,65.98,2.18,1.24,16.83,3.45,2464.4,475.04,True
558,25.36,61.21,1.22,2.45,12.94,10.74,1402.23,265.79,True
559,40.65,67.23,2.44,0.92,17.85,1.53,2744.45,530.21,True
560,12.74,56.25,0.22,3.72,8.88,18.35,294.06,47.49,True
561,36.64,65.65,2.12,1.32,16.56,3.94,2392.36,460.84,True
562,24.83,61.01,1.18,2.51,12.77,11.06,1355.7,256.63,True
563,24.63,60.93,1.16,2.53,12.7,11.18,1338.26,253.19,True
564,39.33,66.71,2.33,1.05,17.43,2.32,2628.76,507.41,True
565,25.1,61.11,1.2,2.48,12.86,10.9,1379.41,261.3,True
566,40.23,67.07,2.4,0.96,17.72,1.78,2707.6,522.95,True
567,23.03,60.3,1.04,2.69,12.19,12.14,1197.75,225.51,True
568,41.13,67.42,2.47,0.87,18.01,1.24,2786.76,538.54,True
569,22.96,60.27,1.03,2.7,12.17,12.19,1191.33,224.25,True
570,38.95,66.56,2.3,1.09,17.31,2.55,2595.08,500.78,True
571,12.67,56.22,0.21,3.73,8.86,18.39,287.91,46.28,True
572,24.21,60.76,1.13,2.57,12.57,11.43,1301.24,245.9,True
573,16.15,57.59,0.49,3.38,9.98,16.29,593.49,106.48,True
574,30.46,63.22,1.63,1.94,14.58,7.67,1849.46,353.9,True
575,37.57,66.02,2.19,1.23,16.86,3.38,2474.26,476.98,True
576,31.87,63.78,1.74,1.8,15.03,6.81,1974.08,378.45,True
577,20.01,59.11,0.8,2.99,11.22,13.97,931.9,173.14,True
578,19.69,58.98,0.77,3.03,11.11,14.16,903.9,167.62,True
579,19.0,58.71,0.71,3.09,10.89,14.58,843.12,155.65,True
580,39.83,66.91,2.37,1.0,17.59,2.02,2672.67,516.06,True
581,18.4,58.48,0.67,3.15,10.7,14.93,791.07,145.4,True
582,16.14,57.58,0.49,3.38,9.97,16.3,591.97,106.18,True
583,30.82,63.36,1.65,1.91,14.69,7.45,1881.03,360.12,True
584,29.34,62.78,1.54,2.05,14.22,8.34,1751.58,334.61,True
585,11.81,55.88,0.14,3.82,8.58,18.91,212.36,31.39,True
586,12.01,55.96,0.16,3.8,8.64,18.79,229.19,34.71,True
587,13.93,56.71,0.31,3.61,9.26,17.63,397.73,67.91,True
588,17.69,58.2,0.61,3.23,10.47,15.36,728.74,133.12,True
589,12.96,56.33,0.24,3.7,8.95,18.22,312.97,51.21,True
590,11.01,55.56,0.08,3.9,8.32,19.39,141.51,17.44,True
591,33.74,64.51,1.89,1.61,15.63,5.69,2137.62,410.66,True
592,34.55,64.83,1.95,1.53,15.89,5.2,2208.74,424.67,True
593,14.21,56.83,0.33,3.58,9.35,17.46,423.07,72.9,True
594,15.91,57.49,0.47,3.41,9.9,16.44,571.96,102.23,True
595,12.28,56.06,0.18,3.77,8.73,18.63,253.15,39.43,True
596,22.02,59.9,0.95,2.79,11.86,12.76,1108.49,207.93,True
597,41.29,67.48,2.49,0.85,18.06,1.14,2800.79,541.3,True
598,36.98,65.79,2.14,1.29,16.67,3.74,2422.59,466.8,True
599,38.15,66.25,2.24,1.17,17.05,3.03,2525.15,487.0,True
600,25.69,61.34,1.25,2.42,13.04,10.54,1431.22,271.5,True
601,36.07,65.43,2.07,1.38,16.38,4.28,2342.76,451.07,True
602,18.14,58.37,0.65,3.18,10.62,15.1,767.46,140.75,True
603,19.53,58.92,0.76,3.04,11.06,14.25,890.12,164.91,True
604,33.97,64.6,1.9,1.59,15.71,5.55,2158.37,414.75,True
605,40.7,67.25,2.44,0.91,17.87,1.5,2748.84,531.07,True
606,38.18,66.26,2.24,1.16,17.06,3.01,2527.77,487.52,True
607,18.25,58.42,0.66,3.17,10.65,15.03,777.8,142.78,True
608,23.55,60.5,1.08,2.64,12.36,11.83,1243.1,234.45,True
609,18.05,58.33,0.64,3.19,10.59,15.15,759.6,139.2,True
610,31.74,63.72,1.73,1.81,14.99,6.9,1962.22,376.11,True
611,28.54,62.46,1.47,2.13,13.96,8.83,1681.07,320.72,True
612,24.07,60.71,1.12,2.58,12.52,11.52,1288.7,243.43,True
613,22.05,59.91,0.96,2.79,11.87,12.74,1111.46,208.51,True
614,18.0,58.31,0.64,3.2,10.57,15.18,755.27,138.35,True
615,29.64,62.9,1.56,2.02,14.31,8.16,1777.67,339.75,True
616,18.58,58.55,0.68,3.14,10.76,14.83,806.69,148.47,True
617,21.91,59.86,0.95,2.8,11.83,12.82,1099.21,206.1,True
618,28.1,62.29,1.44,2.18,13.82,9.09,1642.7,313.16,True
619,26.25,61.56,1.29,2.37,13.22,10.2,1480.1,281.13,True
620,20.96,59.48,0.87,2.9,11.52,13.39,1015.44,189.6,True
621,42.21,67.84,2.56,0.76,18.35,0.59,2881.4,557.18,True
622,17.71,58.2,0.61,3.22,10.48,15.35,730.39,133.44,True
623,41.12,67.42,2.47,0.87,18.0,1.24,2786.07,538.4,True
624,17.92,58.28,0.63,3.2,10.55,15.23,748.3,136.97,True
625,19.74,59.0,0.77,3.02,11.13,14.13,908.58,168.55,True
626,13.84,56.68,0.3,3.61,9.23,17.69,389.87,66.36,True
627,28.96,62.63,1.51,2.09,14.09,8.57,1718.05,328.01,True
628,31.85,63.77,1.74,1.8,15.02,6.83,1971.99,378.03,True
629,19.88,59.06,0.79,3.01,11.18,14.04,921.09,171.01,True
630,33.13,64.27,1.84,1.67,15.44,6.06,2084.59,400.22,True
631,14.49,56.93,0.36,3.55,9.44,17.3,446.96,77.61,True
632,32.0,63.83,1.75,1.79,15.07,6.74,1984.78,380.55,True
633,13.43,56.52,0.27,3.65,9.1,17.93,354.55,59.41,True
634,42.12,67.81,2.55,0.77,18.33,0.64,2873.94,555.71,True
635,29.34,62.78,1.54,2.05,14.22,8.34,1751.67,334.63,True
636,14.4,56.9,0.35,3.56,9.42,17.35,439.58,76.16,True
637,41.18,67.44,2.48,0.86,18.02,1.2,2791.57,539.49,True
638,36.73,65.69,2.12,1.31,16.59,3.89,2400.83,462.51,True
639,21.91,59.86,0.95,2.8,11.83,12.82,1099.04,206.07,True
640,11.76,55.86,0.14,3.82,8.57,18.94,207.4,30.42,True
641,36.38,65.55,2.1,1.35,16.48,4.1,2369.91,456.42,True
642,23.78,60.59,1.09,2.61,12.43,11.7,1262.79,238.32,True
643,14.44,56.91,0.35,3.55,9.43,17.33,442.57,76.74,True
644,12.99,56.34,0.24,3.7,8.96,18.2,315.82,51.78,True
645,24.01,60.68,1.11,2.59,12.5,11.56,1283.08,242.32,True
646,16.22,57.62,0.49,3.37,10.0,16.25,599.2,107.6,True
647,42.51,67.96,2.58,0.73,18.45,0.4,2908.0,562.42,True
648,30.84,63.37,1.66,1.9,14.7,7.44,1883.2,360.54,True
649,32.81,64.15,1.81,1.7,15.33,6.25,2056.48,394.68,True
650,27.12,61.91,1.36,2.28,13.5,9.68,1556.38,296.16,True
651,18.63,58.57,0.69,3.13,10.78,14.8,811.33,149.39,True
652,19.25,58.81,0.73,3.07,10.97,14.43,865.23,160.01,True
653,33.6,64.46,1.88,1.63,15.59,5.77,2125.69,408.31,True
654,26.14,61.52,1.28,2.38,13.19,10.27,1470.22,279.19,True
655,22.29,60.0,0.98,2.76,11.95,12.59,1132.37,212.63,True
656,21.61,59.74,0.92,2.83,11.73,13.0,1072.65,200.87,True
657,29.88,62.99,1.58,2.0,14.39,8.02,1798.81,343.92,True
658,34.51,64.81,1.95,1.53,15.88,5.23,2205.16,423.97,True
659,27.55,62.08,1.39,2.23,13.64,9.42,1594.64,303.7,True
660,28.94,62.62,1.5,2.09,14.09,8.59,1715.99,327.6,True
661,11.28,55.67,0.1,3.87,8.41,19.23,165.43,22.15,True
662,36.66,65.66,2.12,1.32,16.57,3.93,2394.68,461.3,True
663,18.53,58.52,0.68,3.14,10.74,14.86,802.06,147.56,True
664,19.01,58.71,0.72,3.09,10.9,14.57,844.2,155.86,True
665,20.29,59.22,0.82,2.96,11.31,13.8,956.83,178.05,True
666,42.42,67.93,2.58,0.74,18.42,0.46,2900.1,560.87,True
667,27.49,62.05,1.39,2.24,13.62,9.46,1588.79,302.54,True
668,42.3,67.88,2.57,0.75,18.39,0.53,2890.06,558.89,True
669,27.1,61.9,1.36,2.28,13.5,9.69,1555.18,295.92,True
670,37.08,65.83,2.15,1.28,16.7,3.68,2430.97,468.45,True
671,17.72,58.21,0.61,3.22,10.48,15.34,731.31,133.63,True
672,20.36,59.25,0.82,2.96,11.33,13.75,963.08,179.28,True
673,13.42,56.51,0.27,3.66,9.1,17.94,353.13,59.13,True
674,32.49,64.02,1.79,1.74,15.23,6.44,2027.96,389.06,True
675,34.46,64.8,1.94,1.54,15.86,5.25,2201.56,423.26,True
676,31.18,63.5,1.68,1.87,14.81,7.23,1913.2,366.45,True
677,37.21,65.88,2.16,1.26,16.75,3.6,2442.91,470.8,True
678,10.58,55.4,0.05,3.94,8.19,19.65,104.01,10.05,True
679,29.81,62.96,1.57,2.01,14.37,8.06,1792.46,342.67,True
680,16.52,57.73,0.52,3.34,10.1,16.07,625.82,112.84,True
681,24.41,60.84,1.15,2.55,12.63,11.31,1318.67,249.33,True
682,23.39,60.44,1.06,2.65,12.3,11.93,1229.06,231.68,True
683,38.45,66.36,2.26,1.14,17.14,2.85,2551.21,492.14,True
684,18.19,58.39,0.65,3.18,10.63,15.07,771.98,141.64,True
685,17.24,58.02,0.58,3.27,10.33,15.64,688.7,125.23,True
686,36.58,65.63,2.11,1.33,16.54,3.98,2386.93,459.78,True
687,16.3,57.65,0.5,3.37,10.03,16.2,606.41,109.02,True
688,32.92,64.19,1.82,1.69,15.37,6.19,2065.67,396.49,True
689,35.51,65.21,2.03,1.43,16.2,4.62,2293.13,441.3,True
690,13.18,56.42,0.25,3.68,9.02,18.08,332.56,55.07,True
691,17.15,57.98,0.57,3.28,10.3,15.69,680.94,123.7,True
692,23.39,60.44,1.06,2.65,12.31,11.93,1229.34,231.73,True
693,19.21,58.79,0.73,3.07,10.96,14.45,861.67,159.31,True
694,27.58,62.09,1.4,2.23,13.65,9.4,1597.27,304.22,True
695,12.43,56.12,0.19,3.76,8.78,18.54,266.27,42.01,True
696,35.62,65.25,2.04,1.42,16.24,4.56,2303.23,443.29,True
697,39.05,66.6,2.31,1.08,17.34,2.49,2603.83,502.5,True
698,29.82,62.97,1.58,2.01,14.37,8.05,1793.84,342.94,True
699,41.79,67.68,2.53,0.8,18.22,0.84,2845.17,550.05,True
700,33.98,64.61,1.91,1.59,15.71,5.55,2158.95,414.86,True
701,13.98,56.73,0.32,3.6,9.28,17.6,402.2,68.79,True
702,22.67,60.15,1.01,2.73,12.07,12.36,1165.41,219.14,True
703,36.15,65.46,2.08,1.37,16.41,4.24,2349.4,452.38,True
704,11.56,55.78,0.12,3.84,8.5,19.06,189.72,26.93,True
705,26.69,61.74,1.33,2.32,13.37,9.94,1518.94,288.78,True
706,20.91,59.46,0.87,2.9,11.51,13.42,1011.13,188.75,True
707,15.53,57.34,0.44,3.44,9.78,16.67,538.47,95.64,True
708,11.96,55.94,0.16,3.8,8.63,18.82,224.94,33.87,True
709,21.4,59.65,0.91,2.85,11.66,13.13,1053.83,197.16,True
710,38.45,66.37,2.26,1.14,17.15,2.85,2551.81,492.26,True
711,14.07,56.77,0.32,3.59,9.31,17.55,410.42,70.41,True
712,20.73,59.39,0.85,2.92,11.45,13.53,995.45,185.66,True
713,37.57,66.02,2.19,1.23,16.86,3.38,2473.98,476.92,True
714,24.79,60.99,1.18,2.51,12.76,11.08,1352.11,255.92,True
715,13.24,56.44,0.26,3.67,9.04,18.05,337.14,55.97,True
716,17.91,58.28,0.63,3.2,10.54,15.23,747.77,136.87,True
717,10.2,55.25,0.02,3.98,8.07,19.88,70.96,3.54,True
718,39.96,66.96,2.38,0.99,17.63,1.94,2684.56,518.41,True
719,40.98,67.36,2.46,0.88,17.96,1.33,2773.52,535.93,True
720,12.31,56.08,0.18,3.77,8.74,18.61,255.87,39.96,True
721,31.73,63.72,1.73,1.81,14.99,6.9,1961.6,375.99,True
722,22.09,59.93,0.96,2.78,11.89,12.71,1114.98,209.21,True
723,18.64,58.57,0.69,3.13,10.78,14.79,811.36,149.39,True
724,18.88,58.66,0.71,3.11,10.85,14.65,832.45,153.55,True
725,39.41,66.74,2.34,1.04,17.45,2.27,2635.82,508.81,True
726,11.61,55.8,0.13,3.84,8.52,19.03,194.41,27.86,True
727,13.08,56.38,0.24,3.69,8.99,18.14,323.69,53.32,True
728,29.18,62.72,1.52,2.07,14.17,8.44,1737.35,331.81,True
729,14.46,56.92,0.35,3.55,9.43,17.31,444.78,77.18,True
730,40.36,67.12,2.41,0.95,17.76,1.7,2718.93,525.18,True
731,13.77,56.65,0.3,3.62,9.21,17.73,383.84,65.18,True
732,21.23,59.59,0.89,2.87,11.61,13.23,1039.29,194.3,True
733,16.08,57.56,0.48,3.39,9.95,16.34,586.93,105.18,True
734,40.6,67.21,2.43,0.92,17.84,1.56,2740.14,529.36,True
735,30.08,63.07,1.6,1.98,14.46,7.9,1816.54,347.41,True
736,15.22,57.22,0.41,3.47,9.68,16.85,511.29,90.28,True
737,39.34,66.72,2.33,1.05,17.43,2.31,2630.12,507.68,True
738,39.55,66.8,2.35,1.03,17.5,2.19,2648.43,511.29,True
739,29.86,62.99,1.58,2.0,14.38,8.03,1797.28,343.62,True
740,32.93,64.2,1.82,1.69,15.37,6.18,2067.17,396.78,True
741,12.41,56.12,0.19,3.76,8.78,18.55,264.96,41.75,True
742,16.87,57.87,0.55,3.31,10.21,15.86,656.16,118.82,True
743,11.11,55.6,0.09,3.89,8.36,19.33,150.11,19.13,True
744,42.0,67.76,2.54,0.78,18.29,0.71,2863.07,553.57,True
745,41.91,67.73,2.54,0.79,18.26,0.76,2855.59,552.1,True
746,35.33,65.14,2.01,1.45,16.14,4.73,2277.9,438.3,True
747,26.34,61.6,1.3,2.36,13.25,10.15,1488.06,282.7,True
748,33.24,64.32,1.85,1.66,15.47,5.99,2094.05,402.08,True
749,16.96,57.91,0.55,3.3,10.24,15.8,664.67,120.5,True
750,31.91,63.79,1.74,1.8,15.04,6.79,1976.92,379.01,True
751,27.1,61.9,1.36,2.28,13.5,9.69,1554.56,295.8,True
752,26.05,61.48,1.28,2.39,13.16,10.33,1462.24,277.62,True
753,31.2,63.51,1.68,1.87,14.81,7.22,1914.53,366.71,True
754,25.48,61.26,1.23,2.44,12.98,10.67,1412.15,267.75,True
755,37.04,65.81,2.15,1.28,16.69,3.7,2427.86,467.84,True
756,41.74,67.66,2.52,0.81,18.2,0.87,2840.54,549.13,True
757,34.09,64.65,1.91,1.58,15.74,5.48,2168.8,416.8,True
758,36.44,65.58,2.1,1.34,16.5,4.06,2375.2,457.46,True
759,16.17,57.6,0.49,3.38,9.98,16.28,595.1,106.79,True
760,16.18,57.6,0.49,3.38,9.99,16.27,595.94,106.96,True
761,15.21,57.22,0.41,3.48,9.68,16.86,510.96,90.22,True
762,36.77,65.7,2.13,1.31,16.6,3.87,2403.58,463.06,True
763,39.81,66.9,2.37,1.0,17.58,2.03,2671.1,515.76,True
764,14.28,56.85,0.34,3.57,9.38,17.42,429.23,74.12,True
765,39.69,66.85,2.36,1.01,17.54,2.11,2660.04,513.58,True
766,16.1,57.57,0.48,3.39,9.96,16.33,588.3,105.45,True
767,42.07,67.79,2.55,0.77,18.31,0.67,2869.63,554.86,True
768,37.08,65.83,2.15,1.28,16.7,3.68,2430.87,468.43,True
769,14.15,56.8,0.33,3.58,9.33,17.5,417.14,71.73,True
770,18.4,58.48,0.67,3.15,10.7,14.93,791.12,145.41,True
771,23.1,60.32,1.04,2.68,12.21,12.1,1203.28,226.6,True
772,37.26,65.9,2.17,1.26,16.76,3.57,2446.81,471.57,True
773,18.78,58.62,0.7,3.12,10.82,14.71,823.84,151.85,True
774,12.33,56.08,0.19,3.77,8.75,18.6,257.51,40.29,True
775,37.42,65.96,2.18,1.24,16.81,3.47,2460.92,474.35,True
776,18.51,58.52,0.68,3.14,10.74,14.87,800.48,147.25,True
777,27.49,62.05,1.39,2.24,13.62,9.46,1588.93,302.57,True
778,33.05,64.24,1.83,1.68,15.41,6.11,2077.1,398.74,True
779,17.93,58.29,0.63,3.2,10.55,15.22,749.07,137.12,True
780,35.52,65.21,2.03,1.43,16.21,4.61,2294.66,441.6,True
781,36.65,65.66,2.12,1.32,16.57,3.93,2393.69,461.11,True
782,35.95,65.38,2.06,1.39,16.34,4.36,2332.1,448.97,True
783,34.51,64.82,1.95,1.53,15.88,5.22,2205.92,424.12,True
784,28.05,62.27,1.43,2.18,13.8,9.12,1638.12,312.26,True
785,23.56,60.51,1.08,2.64,12.36,11.82,1244.13,234.65,True
786,41.6,67.61,2.51,0.82,18.16,0.95,2828.1,546.68,True
787,28.03,62.26,1.43,2.19,13.8,9.13,1636.26,311.9,True
788,30.4,63.2,1.62,1.95,14.56,7.7,1844.95,353.01,True
789,27.8,62.17,1.41,2.21,13.72,9.27,1615.9,307.88,True
790,23.13,60.34,1.04,2.68,12.22,12.08,1206.4,227.21,True
791,11.81,55.88,0.14,3.82,8.58,18.91,212.06,31.33,True
792,29.56,62.87,1.55,2.03,14.29,8.21,1770.63,338.37,True
793,24.75,60.97,1.17,2.52,12.74,11.11,1348.11,255.13,True
794,15.92,57.5,0.47,3.4,9.9,16.43,573.32,102.5,True
795,25.52,61.28,1.23,2.44,12.99,10.65,1415.95,268.5,True
796,26.03,61.48,1.27,2.39,13.15,10.34,1460.79,277.33,True
797,38.93,66.55,2.3,1.09,17.3,2.56,2593.38,500.44,True
798,22.97,60.27,1.03,2.69,12.17,12.18,1192.35,224.45,True
799,42.47,67.95,2.58,0.73,18.44,0.43,2904.18,561.67,True
800,26.39,61.62,1.3,2.35,13.27,10.12,1492.26,283.53,True
801,36.04,65.42,2.07,1.38,16.37,4.3,2339.85,450.5,True
802,34.01,64.62,1.91,1.58,15.72,5.53,2161.57,415.38,True
803,17.15,57.98,0.57,3.28,10.3,15.69,681.14,123.74,True
804,17.97,58.3,0.63,3.2,10.56,15.2,752.68,137.83,True
805,39.88,66.93,2.37,0.99,17.61,1.99,2677.37,516.99,True
806,12.9,56.31,0.23,3.71,8.93,18.25,307.28,50.09,True
807,13.09,56.38,0.25,3.69,8.99,18.14,324.06,53.4,True
808,23.14,60.34,1.04,2.68,12.22,12.08,1206.61,227.26,True
809,26.29,61.58,1.29,2.36,13.24,10.18,1483.57,281.82,True
810,16.17,57.59,0.49,3.38,9.98,16.28,594.69,106.71,True
811,21.76,59.8,0.93,2.82,11.78,12.91,1085.74,203.45,True
812,21.16,59.56,0.89,2.88,11.59,13.27,1033.35,193.13,True
813,39.72,66.87,2.36,1.01,17.56,2.08,2663.42,514.24,True
814,22.94,60.26,1.03,2.7,12.16,12.2,1189.4,223.87,True
815,11.83,55.89,0.15,3.82,8.59,18.9,213.42,31.6,True
816,18.02,58.32,0.64,3.19,10.58,15.16,757.46,138.78,True
817,22.58,60.12,1.0,2.73,12.04,12.42,1157.43,217.57,True
818,24.34,60.81,1.14,2.56,12.61,11.36,1312.1,248.04,True
819,37.43,65.97,2.18,1.24,16.82,3.46,2462.39,474.64,True
820,31.45,63.61,1.7,1.84,14.9,7.07,1937.11,371.16,True
821,20.74,59.39,0.85,2.92,11.45,13.53,995.89,185.75,True
822,24.73,60.97,1.17,2.52,12.74,11.12,1346.85,254.88,True
823,42.01,67.77,2.54,0.78,18.29,0.71,2863.86,553.73,True
824,42.07,67.79,2.55,0.77,18.31,0.67,2869.15,554.77,True
825,10.94,55.54,0.07,3.91,8.3,19.43,135.49,16.25,True
826,27.78,62.16,1.41,2.21,13.71,9.29,1614.09,307.53,True
827,33.35,64.36,1.86,1.65,15.51,5.92,2104.05,404.05,True
828,23.26,60.39,1.05,2.67,12.26,12.0,1217.93,229.49,True
829,34.17,64.68,1.92,1.57,15.77,5.43,2175.93,418.21,True
830,33.49,64.42,1.87,1.64,15.55,5.84,2116.35,406.47,True
831,12.8,56.27,0.22,3.72,8.9,18.31,298.85,48.43,True
832,31.77,63.74,1.73,1.81,15.0,6.88,1965.22,376.7,True
833,11.53,55.77,0.12,3.85,8.49,19.08,187.1,26.42,True
834,34.95,64.99,1.98,1.49,16.02,4.96,2244.06,431.63,True
835,26.68,61.73,1.33,2.32,13.36,9.94,1518.04,288.61,True
836,29.3,62.76,1.53,2.06,14.2,8.37,1747.57,333.82,True
837,16.1,57.57,0.48,3.39,9.96,16.32,588.61,105.51,True
838,22.75,60.19,1.01,2.72,12.1,12.32,1172.55,220.55,True
839,41.2,67.45,2.48,0.86,18.03,1.2,2792.74,539.72,True
840,16.1,57.57,0.48,3.39,9.96,16.33,588.3,105.45,True
841,11.28,55.67,0.1,3.87,8.41,19.23,165.52,22.17,True
842,34.42,64.78,1.94,1.54,15.85,5.28,2198.03,422.56,True
843,13.23,56.44,0.26,3.67,9.04,18.05,336.96,55.94,True
844,10.57,55.39,0.05,3.94,8.18,19.66,102.86,9.82,True
845,20.81,59.42,0.86,2.91,11.47,13.49,1002.09,186.97,True
846,33.57,64.45,1.87,1.63,15.58,5.79,2123.29,407.84,True
847,25.28,61.18,1.21,2.46,12.91,10.79,1395.32,264.43,True
848,13.08,56.38,0.24,3.69,8.99,18.14,323.44,53.28,True
849,42.26,67.86,2.56,0.75,18.37,0.56,2885.77,558.04,True
850,39.56,66.8,2.35,1.03,17.5,2.18,2649.07,511.42,True
851,13.9,56.7,0.31,3.61,9.25,17.65,395.09,67.39,True
852,35.53,65.22,2.03,1.43,16.21,4.61,2294.85,441.64,True
853,41.14,67.43,2.47,0.87,18.01,1.23,2788.21,538.83,True
854,38.88,66.54,2.29,1.09,17.28,2.59,2589.41,499.66,True
855,41.37,67.52,2.49,0.84,18.09,1.09,2808.28,542.78,True
856,14.13,56.79,0.33,3.58,9.33,17.51,415.64,71.44,True
857,36.28,65.51,2.09,1.36,16.45,4.16,2360.68,454.6,True
858,31.98,63.82,1.75,1.79,15.07,6.75,1983.7,380.34,True
859,11.45,55.74,0.12,3.85,8.47,19.12,180.56,25.13,True
860,11.91,55.92,0.15,3.81,8.61,18.85,220.75,33.05,True
861,33.58,64.45,1.87,1.63,15.58,5.79,2123.74,407.93,True
862,24.72,60.96,1.17,2.52,12.73,11.13,1345.6,254.64,True
863,28.51,62.45,1.47,2.14,13.95,8.84,1678.6,320.24,True
864,26.89,61.82,1.34,2.3,13.43,9.82,1536.37,292.22,True
865,11.97,55.94,0.16,3.8,8.63,18.81,225.85,34.05,True
866,23.02,60.29,1.03,2.69,12.18,12.15,1196.12,225.19,True
867,26.15,61.53,1.28,2.37,13.19,10.26,1471.73,279.48,True
868,42.16,67.83,2.56,0.76,18.34,0.61,2877.73,556.46,True
869,20.81,59.42,0.86,2.91,11.47,13.49,1001.99,186.95,True
870,28.7,62.53,1.49,2.12,14.01,8.73,1695.61,323.59,True
871,15.89,57.48,0.47,3.41,9.89,16.45,570.13,101.87,True
872,21.7,59.77,0.93,2.82,11.76,12.95,1080.27,202.37,True
873,10.94,55.54,0.07,3.91,8.3,19.43,135.54,16.26,True
874,15.85,57.47,0.47,3.41,9.88,16.47,567.16,101.29,True
875,21.37,59.64,0.9,2.86,11.65,13.15,1051.31,196.66,True
876,31.09,63.47,1.68,1.88,14.78,7.29,1905.38,364.91,True
877,16.69,57.8,0.53,3.33,10.15,15.97,640.62,115.76,True
878,12.46,56.14,0.2,3.75,8.79,18.52,269.03,42.56,True
879,41.9,67.72,2.53,0.79,18.25,0.77,2854.31,551.85,True
880,24.68,60.94,1.17,2.52,12.72,11.15,1341.98,253.92,True
881,40.24,67.07,2.4,0.96,17.72,1.77,2708.57,523.14,True
882,37.56,66.02,2.19,1.23,16.86,3.39,2473.36,476.8,True
883,16.58,57.76,0.52,3.34,10.11,16.04,630.6,113.79,True
884,37.63,66.04,2.2,1.22,16.88,3.34,2479.86,478.08,True
885,41.82,67.69,2.53,0.8,18.23,0.82,2847.16,550.44,True
886,41.02,67.38,2.46,0.88,17.97,1.3,2777.24,536.67,True
887,35.26,65.11,2.01,1.46,16.12,4.77,2271.78,437.09,True
888,15.39,57.29,0.43,3.46,9.73,16.75,526.1,93.2,True
889,24.16,60.74,1.12,2.58,12.55,11.47,1296.33,244.93,True
890,26.06,61.49,1.28,2.38,13.16,10.32,1463.12,277.79,True
891,31.5,63.63,1.71,1.84,14.91,7.04,1940.78,371.88,True
892,11.13,55.61,0.09,3.89,8.36,19.32,151.9,19.48,True
893,18.49,58.51,0.67,3.15,10.73,14.88,798.71,146.9,True
894,17.48,58.11,0.59,3.25,10.4,15.49,709.64,129.36,True
895,17.4,58.08,0.59,3.26,10.38,15.54,702.75,128.0,True
896,26.24,61.56,1.29,2.37,13.22,10.21,1479.35,280.99,True
897,19.52,58.91,0.76,3.04,11.06,14.26,889.12,164.71,True
898,17.16,57.99,0.57,3.28,10.3,15.68,681.78,123.87,True
899,34.47,64.8,1.94,1.54,15.87,5.25,2202.01,423.35,True
900,38.89,66.54,2.3,1.09,17.29,2.59,2589.79,499.74,True
901,35.54,65.22,2.03,1.43,16.21,4.61,2295.77,441.82,True
902,11.67,55.82,0.13,3.83,8.54,19.0,199.35,28.83,True
903,15.44,57.31,0.43,3.45,9.75,16.72,530.54,94.07,True
904,35.04,65.02,1.99,1.48,16.05,4.91,2251.66,433.13,True
905,41.89,67.72,2.53,0.79,18.25,0.78,2853.68,551.72,True
906,34.33,64.74,1.93,1.55,15.82,5.33,2189.74,420.93,True
907,35.18,65.08,2.0,1.47,16.09,4.82,2264.28,435.61,True
908,14.8,57.06,0.38,3.52,9.54,17.1,474.89,83.11,True
909,20.32,59.23,0.82,2.96,11.32,13.78,958.99,178.48,True
910,35.49,65.2,2.03,1.44,16.2,4.63,2291.86,441.05,True
911,29.35,62.78,1.54,2.05,14.22,8.34,1752.21,334.74,True
912,41.55,67.59,2.51,0.83,18.14,0.98,2823.97,545.87,True
913,37.91,66.15,2.22,1.19,16.97,3.18,2503.73,482.78,True
914,22.07,59.92,0.96,2.79,11.88,12.72,1113.06,208.83,True
915,11.16,55.62,0.09,3.88,8.37,19.3,154.53,20.0,True
916,19.27,58.82,0.74,3.07,10.98,14.41,866.99,160.35,True
917,24.94,61.05,1.19,2.5,12.8,11.0,1364.75,258.41,True
918,39.88,66.93,2.37,0.99,17.6,1.99,2676.82,516.88,True
919,21.38,59.65,0.9,2.85,11.66,13.14,1052.53,196.9,True
920,31.17,63.5,1.68,1.87,14.81,7.24,1912.36,366.29,True
921,14.93,57.11,0.39,3.5,9.58,17.03,485.78,85.26,True
922,33.12,64.27,1.84,1.67,15.43,6.06,2083.29,399.96,True
923,25.96,61.45,1.27,2.39,13.13,10.38,1454.46,276.08,True
924,16.18,57.6,0.49,3.38,9.99,16.27,595.81,106.93,True
925,21.36,59.64,0.9,2.86,11.65,13.15,1050.52,196.51,True
926,16.18,57.6,0.49,3.38,9.99,16.28,595.59,106.89,True
927,11.15,55.62,0.09,3.88,8.37,19.31,154.01,19.9,True
928,20.9,59.46,0.87,2.9,11.5,13.43,1010.47,188.62,True
929,25.17,61.14,1.21,2.47,12.88,10.86,1385.06,262.41,True
930,14.49,56.93,0.36,3.55,9.44,17.29,447.31,77.68,True
931,13.44,56.52,0.27,3.65,9.11,17.93,355.2,59.53,True
932,31.18,63.5,1.68,1.87,14.81,7.24,1912.69,366.35,True
933,10.81,55.48,0.06,3.92,8.26,19.51,123.94,13.98,True
934,18.44,58.49,0.67,3.15,10.71,14.91,794.49,146.07,True
935,33.97,64.6,1.9,1.59,15.71,5.55,2158.31,414.74,True
936,29.04,62.66,1.51,2.08,14.12,8.52,1725.02,329.38,True
937,11.63,55.81,0.13,3.84,8.52,19.02,196.37,28.24,True
938,27.18,61.93,1.37,2.27,13.52,9.64,1561.77,297.22,True
939,29.66,62.91,1.56,2.02,14.32,8.15,1779.68,340.15,True
940,35.75,65.3,2.05,1.41,16.28,4.48,2314.29,445.47,True
941,23.64,60.54,1.08,2.63,12.39,11.78,1250.93,235.99,True
942,10.43,55.34,0.03,3.96,8.14,19.74,91.02,7.49,True
943,29.3,62.76,1.53,2.06,14.2,8.37,1747.54,333.82,True
944,18.35,58.45,0.66,3.16,10.68,14.97,786.12,144.42,True
945,33.86,64.56,1.9,1.6,15.67,5.62,2148.39,412.78,True
946,18.37,58.46,0.67,3.16,10.69,14.95,788.37,144.87,True
947,33.56,64.44,1.87,1.63,15.57,5.8,2122.22,407.63,True
948,34.61,64.85,1.96,1.52,15.91,5.17,2213.99,425.71,True
949,13.25,56.45,0.26,3.67,9.05,18.04,338.56,56.25,True
950,36.43,65.57,2.1,1.34,16.5,4.07,2374.24,457.27,True
951,11.47,55.75,0.12,3.85,8.47,19.11,182.46,25.5,True
952,29.79,62.96,1.57,2.01,14.36,8.07,1791.1,342.4,True
953,18.06,58.34,0.64,3.19,10.59,15.14,761.16,139.5,True
954,30.6,63.28,1.64,1.93,14.62,7.58,1862.23,356.41,True
955,37.05,65.81,2.15,1.28,16.69,3.7,2428.32,467.93,True
956,15.32,57.26,0.42,3.46,9.71,16.79,520.18,92.03,True
957,27.48,62.05,1.39,2.24,13.62,9.47,1587.76,302.34,True
958,22.82,60.21,1.02,2.71,12.12,12.27,1179.02,221.82,True
959,14.58,56.97,0.36,3.54,9.47,17.24,455.35,79.26,True
960,19.89,59.06,0.79,3.01,11.18,14.04,921.2,171.03,True
961,15.8,57.45,0.46,3.42,9.86,16.51,561.94,100.26,True
962,23.06,60.31,1.04,2.69,12.2,12.13,1200.31,226.02,True
963,15.04,57.15,0.4,3.49,9.62,16.96,495.58,87.19,True
964,37.84,66.13,2.21,1.2,16.95,3.22,2498.29,481.71,True
965,20.92,59.46,0.87,2.9,11.51,13.42,1011.65,188.85,True
966,21.89,59.85,0.94,2.8,11.82,12.83,1097.36,205.73,True
967,31.93,63.8,1.74,1.79,15.05,6.78,1978.84,379.38,True
968,14.4,56.9,0.35,3.56,9.41,17.35,439.3,76.1,True
969,39.79,66.89,2.37,1.0,17.58,2.04,2669.23,515.39,True
970,16.43,57.7,0.51,3.35,10.07,16.13,617.33,111.17,True
971,14.07,56.77,0.32,3.59,9.31,17.55,410.15,70.36,True
972,36.61,65.64,2.11,1.32,16.56,3.96,2390.2,460.42,True
973,30.62,63.28,1.64,1.93,14.63,7.57,1863.93,356.75,True
974,36.2,65.48,2.08,1.36,16.42,4.21,2354.15,453.32,True
975,40.95,67.35,2.46,0.89,17.95,1.34,2771.26,535.49,True
976,14.53,56.95,0.36,3.54,9.46,17.27,450.84,78.37,True
977,27.65,62.11,1.4,2.22,13.67,9.36,1603.0,305.34,True
978,24.13,60.73,1.12,2.58,12.54,11.48,1293.75,244.42,True
979,17.75,58.22,0.62,3.22,10.49,15.33,733.89,134.13,True
980,13.51,56.55,0.28,3.65,9.13,17.88,361.64,60.8,True
981,29.47,62.83,1.55,2.04,14.26,8.26,1762.74,336.81,True
982,28.18,62.32,1.44,2.17,13.84,9.04,1649.65,314.53,True
983,23.65,60.54,1.09,2.63,12.39,11.77,1252.2,236.24,True
984,27.56,62.08,1.4,2.23,13.65,9.41,1595.19,303.81,True
985,31.94,63.8,1.74,1.79,15.05,6.77,1979.84,379.58,True
986,31.02,63.44,1.67,1.89,14.76,7.33,1898.6,363.58,True
987,20.14,59.16,0.81,2.98,11.26,13.89,943.73,175.47,True
988,18.82,58.64,0.7,3.11,10.83,14.68,827.45,152.56,True
989,37.52,66.0,2.19,1.23,16.85,3.41,2469.71,476.08,True
990,32.54,64.04,1.79,1.73,15.25,6.41,2032.41,389.94,True
991,35.02,65.01,1.99,1.48,16.04,4.92,2250.06,432.81,True
992,23.51,60.48,1.07,2.64,12.34,11.86,1239.13,233.66,True
993,41.99,67.76,2.54,0.78,18.28,0.72,2862.08,553.38,True
994,19.39,58.86,0.75,3.06,11.02,14.34,877.58,162.44,True
995,21.34,59.63,0.9,2.86,11.65,13.17,1048.81,196.17,True
996,38.4,66.35,2.26,1.14,17.13,2.88,2546.8,491.27,True
997,38.49,66.38,2.26,1.13,17.16,2.83,2554.92,492.87,True
998,30.5,63.24,1.63,1.94,14.59,7.64,1853.15,354.62,True
999,20.17,59.17,0.81,2.98,11.27,13.87,946.21,175.96,True
1000,19.9,59.06,0.79,3.0,11.18,14.04,922.04,171.2,True
1001,11.67,55.83,0.13,3.83,8.54,18.99,199.87,28.93,True
1002,35.2,65.09,2.0,1.46,16.1,4.81,2265.77,435.91,True
1003,39.29,66.7,2.33,1.05,17.42,2.34,2625.55,506.78,True
1004,27.53,62.07,1.39,2.24,13.63,9.44,1592.11,303.2,True
1005,37.74,66.09,2.2,1.21,16.92,3.28,2489.04,479.89,True
1006,11.28,55.67,0.1,3.87,8.41,19.23,165.4,22.14,True
1007,42.08,67.8,2.55,0.77,18.31,0.66,2870.55,555.05,True
1008,26.52,61.67,1.31,2.34,13.31,10.04,1504.19,285.88,True
1009,39.07,66.61,2.31,1.08,17.34,2.48,2605.83,502.9,True
1010,28.32,62.38,1.46,2.16,13.89,8.96,1661.67,316.9,True
1011,16.32,57.65,0.5,3.36,10.03,16.19,608.05,109.34,True
1012,35.87,65.35,2.06,1.4,16.32,4.4,2325.37,447.65,True
1013,21.49,59.69,0.91,2.84,11.7,13.07,1062.49,198.87,True
1014,36.11,65.45,2.07,1.37,16.39,4.26,2346.18,451.75,True
1015,30.81,63.36,1.65,1.91,14.69,7.46,1880.5,360.01,True
1016,35.85,65.34,2.05,1.4,16.31,4.42,2323.0,447.18,True
1017,28.66,62.51,1.48,2.12,14.0,8.75,1691.38,322.75,True
1018,11.09,55.6,0.09,3.89,8.35,19.34,149.15,18.94,True
1019,28.56,62.47,1.48,2.13,13.97,8.81,1683.27,321.16,True
1020,31.34,63.57,1.7,1.85,14.86,7.13,1927.55,369.28,True
1021,23.56,60.51,1.08,2.64,12.36,11.82,1244.14,234.65,True
1022,14.65,57.0,0.37,3.53,9.49,17.2,460.95,80.36,True
1023,18.12,58.36,0.65,3.18,10.61,15.11,766.17,140.49,True
1024,23.78,60.59,1.09,2.61,12.43,11.69,1263.05,238.38,True
1025,22.71,60.17,1.01,2.72,12.08,12.34,1168.86,219.82,True
1026,40.54,67.19,2.43,0.93,17.82,1.59,2735.11,528.37,True
1027,22.13,59.94,0.96,2.78,11.9,12.69,1118.7,209.94,True
1028,40.61,67.22,2.43,0.92,17.84,1.55,2740.99,529.52,True
1029,34.13,64.66,1.92,1.57,15.76,5.46,2171.93,417.42,True
1030,37.32,65.92,2.17,1.25,16.78,3.53,2452.71,472.73,True
1031,12.63,56.2,0.21,3.74,8.84,18.42,283.8,45.47,True
1032,31.28,63.54,1.69,1.86,14.84,7.17,1921.77,368.14,True
1033,40.55,67.19,2.43,0.93,17.82,1.59,2735.55,528.45,True
1034,12.87,56.3,0.23,3.71,8.92,18.27,304.81,49.61,True
1035,21.32,59.62,0.9,2.86,11.64,13.17,1047.56,195.92,True
1036,17.85,58.26,0.62,3.21,10.52,15.27,742.45,135.82,True
1037,34.79,64.93,1.97,1.51,15.97,5.06,2230.05,428.87,True
1038,20.88,59.45,0.86,2.91,11.5,13.44,1008.07,188.15,True
1039,11.13,55.61,0.09,3.89,8.36,19.32,151.81,19.46,True
1040,17.59,58.15,0.6,3.24,10.44,15.43,719.37,131.27,True
1041,38.82,66.51,2.29,1.1,17.27,2.63,2584.1,498.62,True
1042,12.04,55.97,0.16,3.79,8.66,18.77,231.98,35.26,True
1043,38.36,66.33,2.25,1.15,17.12,2.91,2543.2,490.56,True
1044,32.9,64.18,1.82,1.7,15.36,6.2,2063.74,396.11,True
1045,16.65,57.78,0.53,3.33,10.14,15.99,636.83,115.01,True
1046,39.33,66.71,2.33,1.05,17.43,2.32,2628.47,507.36,True
1047,26.51,61.67,1.31,2.34,13.31,10.05,1502.87,285.62,True
1048,29.82,62.97,1.57,2.01,14.37,8.05,1793.55,342.88,True
1049,37.71,66.07,2.2,1.21,16.91,3.3,2486.39,479.37,True
1050,40.33,67.11,2.41,0.95,17.75,1.72,2716.89,524.78,True
1051,20.31,59.22,0.82,2.96,11.31,13.79,958.05,178.29,True
1052,40.88,67.32,2.45,0.89,17.93,1.39,2764.72,534.2,True
1053,13.04,56.36,0.24,3.69,8.98,18.17,320.32,52.66,True
1054,39.63,66.83,2.35,1.02,17.53,2.14,2655.43,512.67,True
1055,19.39,58.86,0.75,3.05,11.02,14.34,878.05,162.53,True
1056,17.15,57.98,0.57,3.28,10.3,15.69,681.29,123.77,True
1057,22.15,59.95,0.97,2.78,11.91,12.68,1119.81,210.16,True
1058,19.8,59.03,0.78,3.01,11.15,14.09,913.78,169.57,True
1059,40.03,66.99,2.39,0.98,17.65,1.9,2690.16,519.51,True
1060,32.08,63.86,1.75,1.78,15.1,6.69,1992.33,382.04,True
1061,26.56,61.69,1.32,2.33,13.32,10.02,1507.55,286.54,True
1062,26.02,61.47,1.27,2.39,13.15,10.34,1460.05,277.18,True
1063,39.01,66.59,2.31,1.08,17.33,2.51,2601.05,501.96,True
1064,36.82,65.73,2.13,1.3,16.62,3.83,2408.49,464.02,True
1065,18.32,58.44,0.66,3.16,10.67,14.98,783.67,143.94,True
1066,32.6,64.06,1.8,1.73,15.26,6.38,2037.45,390.93,True
1067,40.71,67.26,2.44,0.91,17.87,1.49,2749.91,531.28,True
1068,42.34,67.9,2.57,0.75,18.4,0.5,2893.44,559.56,True
1069,24.67,60.94,1.17,2.52,12.72,11.16,1341.58,253.84,True
1070,16.6,57.77,0.52,3.34,10.12,16.02,632.99,114.26,True
1071,22.08,59.92,0.96,2.79,11.88,12.72,1113.47,208.91,True
1072,21.33,59.63,0.9,2.86,11.64,13.17,1048.08,196.03,True
1073,17.36,58.06,0.58,3.26,10.37,15.56,699.16,127.29,True
1074,20.49,59.3,0.83,2.94,11.37,13.67,974.55,181.54,True
1075,22.5,60.09,0.99,2.74,12.02,12.47,1150.44,216.19,True
1076,11.28,55.67,0.1,3.87,8.41,19.23,165.78,22.22,True
1077,10.08,55.2,0.01,3.99,8.03,19.95,60.46,1.47,True
1078,16.82,57.85,0.54,3.31,10.19,15.89,652.27,118.05,True
1079,11.43,55.73,0.11,3.86,8.46,19.14,178.15,24.65,True
1080,28.76,62.55,1.49,2.11,14.03,8.69,1700.46,324.54,True
1081,20.9,59.46,0.87,2.9,11.51,13.43,1010.69,188.66,True
1082,32.19,63.9,1.76,1.77,15.13,6.63,2001.36,383.82,True
1083,31.57,63.66,1.71,1.83,14.94,7.0,1947.62,373.23,True
1084,20.84,59.43,0.86,2.91,11.48,13.47,1004.66,187.47,True
1085,26.08,61.5,1.28,2.38,13.17,10.31,1464.85,278.13,True
1086,12.17,56.02,0.17,3.78,8.7,18.69,243.52,37.53,True
1087,19.12,58.76,0.72,3.08,10.93,14.5,853.7,157.74,True
1088,40.11,67.02,2.39,0.97,17.68,1.85,2697.67,520.99,True
1089,17.46,58.1,0.59,3.25,10.4,15.51,707.83,129.0,True
1090,25.84,61.4,1.26,2.41,13.09,10.45,1444.27,274.08,True
1091,17.65,58.18,0.61,3.23,10.46,15.39,725.09,132.4,True
1092,35.54,65.22,2.03,1.43,16.21,4.61,2295.65,441.79,True
1093,22.52,60.1,0.99,2.74,12.03,12.45,1152.63,216.62,True
1094,28.61,62.49,1.48,2.13,13.98,8.78,1686.98,321.89,True
1095,30.48,63.23,1.63,1.94,14.58,7.65,1851.61,354.32,True
1096,10.36,55.31,0.03,3.96,8.12,19.78,85.05,6.31,True
1097,38.43,66.36,2.26,1.14,17.14,2.87,2549.35,491.77,True
1098,39.93,66.95,2.38,0.99,17.62,1.96,2681.39,517.78,True
1099,26.86,61.8,1.34,2.3,13.42,9.84,1533.67,291.69,True
1100,23.37,60.43,1.06,2.65,12.3,11.94,1227.14,231.3,True
1101,16.63,57.78,0.53,3.33,10.13,16.0,635.57,114.76,True
1102,17.52,58.13,0.6,3.24,10.42,15.47,713.2,130.06,True
1103,30.82,63.36,1.65,1.91,14.69,7.45,1881.35,360.18,True
1104,39.75,66.88,2.36,1.01,17.56,2.07,2665.46,514.64,True
1105,32.65,64.08,1.8,1.72,15.28,6.35,2042.01,391.83,True
1106,29.12,62.69,1.52,2.08,14.15,8.48,1732.08,330.77,True
1107,37.06,65.82,2.15,1.28,16.7,3.69,2429.29,468.12,True
1108,11.39,55.72,0.11,3.86,8.45,19.16,175.38,24.11,True
1109,14.67,57.0,0.37,3.53,9.5,17.19,462.96,80.76,True
1110,20.0,59.1,0.79,2.99,11.21,13.98,930.8,172.92,True
1111,27.41,62.02,1.38,2.25,13.6,9.5,1582.08,301.22,True
1112,13.39,56.5,0.27,3.66,9.09,17.96,350.32,58.57,True
1113,12.73,56.24,0.22,3.73,8.88,18.36,292.44,47.17,True
1114,35.01,65.01,1.99,1.48,16.04,4.92,2249.59,432.72,True
1115,11.67,55.82,0.13,3.83,8.54,18.99,199.48,28.86,True
1116,21.38,59.65,0.9,2.85,11.66,13.14,1052.63,196.92,True
1117,39.26,66.68,2.32,1.06,17.4,2.37,2622.31,506.14,True
1118,41.62,67.61,2.51,0.82,18.16,0.94,2829.62,546.98,True
1119,34.98,65.0,1.99,1.49,16.03,4.94,2246.89,432.19,True
1120,17.57,58.15,0.6,3.24,10.43,15.44,717.45,130.89,True
1121,36.61,65.64,2.11,1.32,16.55,3.96,2389.99,460.38,True
1122,39.72,66.87,2.36,1.01,17.56,2.08,2663.48,514.25,True
1123,16.02,57.54,0.48,3.39,9.93,16.37,581.61,104.13,True
1124,38.21,66.27,2.24,1.16,17.07,2.99,2530.8,488.12,True
1125,25.66,61.33,1.24,2.42,13.03,10.56,1427.96,270.86,True
1126,10.56,55.39,0.04,3.94,8.18,19.66,101.96,9.64,True
1127,39.83,66.91,2.37,1.0,17.59,2.02,2672.41,516.01,True
1128,26.69,61.74,1.33,2.32,13.37,9.94,1518.78,288.75,True
1129,16.83,57.85,0.54,3.31,10.2,15.88,652.72,118.14,True
1130,13.9,56.7,0.31,3.61,9.26,17.65,395.88,67.55,True
1131,14.71,57.02,0.37,3.53,9.51,17.16,466.83,81.52,True
1132,14.52,56.95,0.36,3.55,9.45,17.28,449.76,78.16,True
1133,12.57,56.18,0.2,3.74,8.83,18.45,278.91,44.5,True
1134,14.17,56.81,0.33,3.58,9.34,17.49,419.27,72.15,True
1135,25.92,61.43,1.26,2.4,13.12,10.41,1450.74,275.35,True
1136,17.17,57.99,0.57,3.28,10.3,15.68,682.26,123.96,True
1137,26.46,61.65,1.31,2.34,13.29,10.08,1498.47,284.75,True
1138,38.39,66.34,2.26,1.14,17.13,2.89,2546.23,491.16,True
1139,17.36,58.06,0.58,3.26,10.37,15.56,699.52,127.36,True
1140,33.94,64.59,1.9,1.59,15.69,5.57,2155.11,414.11,True
1141,32.85,64.16,1.82,1.7,15.34,6.23,2059.52,395.28,True
1142,37.98,66.18,2.22,1.18,17.0,3.13,2510.37,484.09,True
1143,28.44,62.43,1.47,2.14,13.93,8.89,1672.27,318.99,True
1144,28.49,62.45,1.47,2.14,13.94,8.85,1677.08,319.94,True
1145,11.57,55.78,0.12,3.84,8.5,19.05,190.72,27.13,True
1146,21.42,59.66,0.91,2.85,11.67,13.11,1056.21,197.63,True
1147,19.65,58.96,0.77,3.03,11.1,14.18,900.23,166.9,True
1148,15.02,57.14,0.4,3.5,9.61,16.98,493.64,86.81,True
1149,11.45,55.74,0.12,3.85,8.47,19.13,180.29,25.08,True
1150,36.35,65.54,2.09,1.35,16.47,4.11,2367.53,455.95,True
1151,25.74,61.36,1.25,2.42,13.06,10.51,1435.23,272.29,True
1152,42.18,67.83,2.56,0.76,18.34,0.6,2878.83,556.68,True
1153,23.59,60.52,1.08,2.63,12.37,11.81,1246.67,235.15,True
1154,28.29,62.37,1.45,2.16,13.88,8.98,1659.02,316.38,True
1155,11.69,55.83,0.13,3.83,8.54,18.98,201.19,29.19,True
1156,22.61,60.13,1.0,2.73,12.05,12.4,1160.42,218.16,True
1157,30.43,63.21,1.62,1.94,14.57,7.69,1846.78,353.37,True
1158,13.07,56.38,0.24,3.69,8.99,18.15,322.75,53.14,True
1159,36.59,65.63,2.11,1.33,16.55,3.98,2387.76,459.94,True
1160,21.38,59.65,0.9,2.86,11.66,13.14,1052.31,196.86,True
1161,24.32,60.8,1.14,2.56,12.6,11.37,1310.62,247.75,True
1162,24.4,60.83,1.14,2.55,12.63,11.32,1317.48,249.1,True
1163,24.46,60.86,1.15,2.55,12.65,11.29,1322.69,250.12,True
1164,34.41,64.78,1.94,1.54,15.85,5.29,2196.69,422.3,True
1165,17.58,58.15,0.6,3.24,10.44,15.43,718.76,131.15,True
1166,17.51,58.12,0.6,3.24,10.41,15.47,712.51,129.92,True
1167,13.37,56.49,0.27,3.66,9.08,17.97,348.67,58.25,True
1168,31.87,63.78,1.74,1.8,15.03,6.82,1973.95,378.42,True
1169,15.29,57.25,0.42,3.47,9.7,16.81,517.24,91.45,True
1170,35.76,65.31,2.05,1.41,16.28,4.47,2315.15,445.63,True
1171,25.17,61.14,1.21,2.47,12.88,10.85,1385.53,262.5,True
1172,12.72,56.24,0.22,3.73,8.87,18.36,291.71,47.02,True
1173,15.42,57.3,0.43,3.45,9.74,16.73,529.3,93.83,True
1174,15.58,57.36,0.44,3.44,9.79,16.63,543.33,96.59,True
1175,17.43,58.09,0.59,3.25,10.39,15.52,705.24,128.49,True
1176,30.04,63.05,1.59,1.98,14.44,7.92,1812.79,346.67,True
1177,23.95,60.66,1.11,2.6,12.49,11.59,1278.45,241.41,True
1178,22.77,60.19,1.01,2.72,12.1,12.3,1174.25,220.88,True
1179,13.59,56.58,0.29,3.64,9.15,17.84,368.07,62.07,True
1180,10.16,55.23,0.01,3.98,8.05,19.9,67.44,2.84,True
1181,12.75,56.25,0.22,3.72,8.88,18.34,294.69,47.61,True
1182,38.86,66.53,2.29,1.1,17.28,2.61,2587.16,499.22,True
1183,10.92,55.53,0.07,3.91,8.3,19.45,133.77,15.91,True
1184,32.5,64.02,1.79,1.74,15.23,6.44,2028.67,389.2,True
1185,17.0,57.92,0.56,3.3,10.25,15.78,667.52,121.06,True
1186,33.12,64.27,1.84,1.67,15.43,6.07,2083.09,399.92,True
1187,27.8,62.18,1.41,2.21,13.72,9.27,1616.67,308.04,True
1188,17.67,58.19,0.61,3.23,10.47,15.38,726.76,132.73,True
1189,21.52,59.7,0.92,2.84,11.7,13.06,1064.53,199.27,True
1190,30.83,63.37,1.65,1.9,14.7,7.45,1882.0,360.31,True
1191,20.56,59.32,0.84,2.94,11.39,13.64,980.29,182.67,True
1192,32.73,64.12,1.81,1.71,15.31,6.3,2049.37,393.28,True
1193,38.63,66.44,2.27,1.12,17.2,2.74,2567.07,495.26,True
1194,42.42,67.93,2.58,0.74,18.42,0.46,2900.43,560.93,True
1195,10.22,55.25,0.02,3.98,8.07,19.87,72.38,3.82,True
1196,35.4,65.16,2.02,1.44,16.16,4.69,2283.36,439.37,True
1197,18.65,58.57,0.69,3.13,10.78,14.79,812.29,149.58,True
1198,12.15,56.01,0.17,3.78,8.69,18.71,241.6,37.15,True
1199,37.05,65.82,2.15,1.28,16.7,3.69,2428.65,467.99,True
1200,21.08,59.53,0.88,2.89,11.56,13.32,1026.07,191.69,True
1201,10.35,55.3,0.03,3.96,8.11,19.79,83.75,6.06,True
1202,12.9,56.31,0.23,3.71,8.93,18.25,307.45,50.13,True
1203,14.27,56.85,0.34,3.57,9.37,17.43,427.87,73.85,True
1204,38.01,66.19,2.23,1.18,17.0,3.12,2513.01,484.61,True
1205,35.81,65.33,2.05,1.4,16.3,4.44,2319.63,446.52,True
1206,11.6,55.8,0.13,3.84,8.52,19.03,193.74,27.72,True
1207,30.98,63.43,1.67,1.89,14.75,7.35,1895.88,363.04,True
1208,21.88,59.84,0.94,2.81,11.82,12.84,1096.02,205.47,True
1209,38.43,66.36,2.26,1.14,17.14,2.86,2550.14,491.93,True
1210,31.63,63.68,1.72,1.82,14.95,6.96,1952.27,374.15,True
1211,34.71,64.89,1.96,1.51,15.94,5.1,2223.24,427.53,True
1212,20.04,-118.45,0.8,0.68,-121.39,19.46,2566.3,453.79,True
1213,19.22,-104.24,0.74,0.95,-110.8,19.5,2360.62,416.65,True
1214,17.48,-74.21,0.6,1.53,-88.42,19.6,1925.95,338.17,True
1215,16.6,-58.85,0.53,1.82,-76.97,19.64,1703.52,298.01,True
1216,17.44,-73.36,0.59,1.54,-87.79,19.6,1913.61,335.94,True
1217,18.14,-85.56,0.65,1.31,-96.88,19.56,2090.17,367.82,True
1218,18.3,-88.38,0.66,1.26,-98.98,19.55,2131.0,375.19,True
1219,16.49,-57.02,0.52,1.86,-75.61,19.65,1677.04,293.23,True
1220,20.78,-131.15,0.86,0.44,-130.85,19.42,2750.18,486.99,True
1221,20.73,-130.33,0.86,0.45,-130.24,19.42,2738.28,484.84,True
1222,19.65,-111.63,0.77,0.81,-116.31,19.48,2467.64,435.98,True
1223,18.21,-86.84,0.66,1.29,-97.83,19.56,2108.72,371.17,True
1224,16.28,-53.42,0.5,1.92,-72.92,19.66,1624.87,283.81,True
1225,18.67,-94.62,0.69,1.14,-103.63,19.53,2221.41,391.52,True
1226,17.1,-67.61,0.57,1.65,-83.5,19.62,1830.39,320.92,True
1227,18.06,-84.14,0.64,1.34,-95.82,19.56,2069.6,364.11,True
1228,20.25,-122.07,0.82,0.61,-124.09,19.45,2618.77,463.26,True
1229,18.3,-88.28,0.66,1.26,-98.91,19.55,2129.6,374.94,True
1230,17.82,-79.97,0.62,1.42,-92.71,19.58,2009.21,353.21,True
1231,19.08,-101.82,0.72,1.0,-108.99,19.51,2325.54,410.32,True
1232,19.91,-116.19,0.79,0.72,-119.71,19.46,2533.62,447.89,True
1233,16.28,-53.37,0.5,1.93,-72.89,19.66,1624.17,283.68,True
1234,20.84,-132.22,0.86,0.42,-131.65,19.41,2765.62,489.78,True
1235,18.32,-88.64,0.66,1.25,-99.17,19.55,2134.78,375.88,True
1236,18.62,-93.84,0.69,1.15,-103.05,19.53,2210.06,389.47,True
1237,20.66,-129.12,0.85,0.48,-129.34,19.42,2720.81,481.69,True
1238,18.28,-88.03,0.66,1.26,-98.72,19.55,2125.88,374.27,True
1239,17.43,-73.25,0.59,1.54,-87.71,19.6,1912.03,335.66,True
1240,17.88,-81.0,0.63,1.4,-93.48,19.57,2024.16,355.9,True
1241,17.05,-66.7,0.56,1.67,-82.82,19.62,1817.19,318.53,True
1242,16.84,-62.99,0.55,1.74,-80.06,19.63,1763.53,308.85,True
1243,15.55,-40.69,0.44,2.17,-63.44,19.7,1440.63,250.54,True
1244,20.16,-120.53,0.81,0.64,-122.94,19.45,2596.36,459.22,True
1245,15.54,-40.65,0.44,2.17,-63.41,19.7,1440.06,250.44,True
1246,16.33,-54.29,0.51,1.91,-73.58,19.66,1637.56,286.1,True
1247,16.87,-63.57,0.55,1.73,-80.49,19.63,1771.86,310.35,True
1248,19.33,-106.13,0.74,0.92,-112.21,19.5,2388.02,421.6,True
1249,19.42,-107.59,0.75,0.89,-113.3,19.49,2409.16,425.42,True
1250,19.59,-110.57,0.76,0.83,-115.52,19.48,2452.23,433.19,True
1251,18.99,-100.32,0.72,1.03,-107.87,19.51,2303.78,406.39,True
1252,18.27,-87.71,0.66,1.27,-98.48,19.55,2121.3,373.44,True
1253,16.52,-57.51,0.52,1.85,-75.97,19.65,1684.13,294.51,True
1254,20.14,-120.11,0.81,0.65,-122.62,19.45,2590.31,458.13,True
1255,16.36,-54.84,0.51,1.9,-73.98,19.66,1645.41,287.52,True
1256,15.66,-42.64,0.45,2.13,-64.89,19.69,1468.94,255.66,True
1257,16.05,-49.44,0.48,2.0,-69.96,19.67,1567.28,273.41,True
1258,18.59,-93.29,0.69,1.16,-102.64,19.54,2202.09,388.03,True
1259,20.31,-123.08,0.82,0.59,-124.84,19.44,2633.39,465.9,True
1260,18.77,-96.48,0.7,1.1,-105.02,19.53,2248.27,396.37,True
1261,19.87,-115.5,0.79,0.74,-119.19,19.47,2523.63,446.09,True
1262,16.67,-60.15,0.53,1.8,-77.94,19.64,1722.32,301.41,True
1263,19.67,-111.91,0.77,0.81,-116.52,19.48,2471.67,436.7,True
1264,20.73,-130.3,0.86,0.45,-130.22,19.42,2737.85,484.76,True
1265,16.34,-54.39,0.51,1.91,-73.65,19.66,1638.98,286.36,True
1266,20.59,-127.9,0.84,0.5,-128.43,19.43,2703.1,478.49,True
1267,16.58,-58.54,0.52,1.83,-76.74,19.64,1698.97,297.19,True
1268,16.05,-49.43,0.48,2.0,-69.95,19.67,1567.15,273.39,True
1269,16.74,-61.35,0.54,1.77,-78.84,19.64,1739.78,304.56,True
1270,18.39,-89.84,0.67,1.23,-100.06,19.55,2152.1,379.0,True
1271,19.84,-114.98,0.79,0.75,-118.8,19.47,2516.1,444.73,True
1272,19.91,-116.21,0.79,0.72,-119.72,19.46,2533.89,447.94,True
1273,18.78,-96.58,0.7,1.1,-105.09,19.53,2249.73,396.63,True
1274,17.9,-81.38,0.63,1.39,-93.77,19.57,2029.74,356.91,True
1275,15.75,-44.2,0.46,2.1,-66.05,19.69,1491.45,259.72,True
1276,19.01,-100.56,0.72,1.02,-108.06,19.51,2307.39,407.04,True
1277,19.87,-115.47,0.79,0.74,-119.17,19.47,2523.18,446.01,True
1278,19.85,-115.06,0.79,0.75,-118.86,19.47,2517.21,444.93,True
1279,20.58,-127.7,0.84,0.5,-128.29,19.43,2700.26,477.98,True
1280,20.52,-126.67,0.84,0.52,-127.51,19.43,2685.3,475.28,True
1281,18.81,-97.19,0.7,1.09,-105.55,19.52,2258.57,398.23,True
1282,19.2,-103.94,0.73,0.96,-110.58,19.5,2356.29,415.87,True
1283,18.22,-86.89,0.66,1.28,-97.87,19.56,2109.5,371.31,True
1284,16.46,-56.56,0.52,1.86,-75.27,19.65,1670.41,292.03,True
1285,18.39,-89.94,0.67,1.23,-100.14,19.55,2153.55,379.27,True
1286,16.84,-63.12,0.55,1.74,-80.16,19.63,1765.38,309.18,True
1287,18.05,-83.91,0.64,1.34,-95.65,19.56,2066.34,363.52,True
1288,17.45,-73.69,0.59,1.54,-88.03,19.6,1918.36,336.8,True
1289,18.92,-99.08,0.71,1.05,-106.95,19.52,2285.92,403.17,True
1290,17.86,-80.65,0.63,1.4,-93.22,19.58,2019.1,354.99,True
1291,20.77,-130.96,0.86,0.44,-130.72,19.42,2747.46,486.5,True
1292,17.1,-67.58,0.57,1.65,-83.48,19.62,1829.9,320.83,True
1293,17.54,-75.13,0.6,1.51,-89.1,19.59,1939.16,340.56,True
1294,20.26,-122.2,0.82,0.61,-124.18,19.45,2620.53,463.58,True
1295,15.63,-42.16,0.45,2.14,-64.53,19.7,1461.9,254.38,True
1296,15.55,-40.7,0.44,2.17,-63.44,19.7,1440.76,250.57,True
1297,20.92,-133.6,0.87,0.39,-132.68,19.41,2785.55,493.38,True
1298,19.3,-105.66,0.74,0.93,-111.85,19.5,2381.12,420.35,True
1299,19.01,-100.65,0.72,1.02,-108.12,19.51,2308.62,407.27,True
1300,18.49,-91.53,0.68,1.2,-101.33,19.54,2176.65,383.44,True
1301,17.54,-75.19,0.6,1.51,-89.15,19.59,1940.04,340.72,True
1302,19.82,-114.63,0.78,0.75,-118.54,19.47,2511.02,443.81,True
1303,17.05,-66.76,0.56,1.67,-82.87,19.62,1818.05,318.69,True
1304,18.86,-97.95,0.71,1.07,-106.11,19.52,2269.57,400.21,True
1305,20.86,-132.57,0.87,0.41,-131.92,19.41,2770.78,490.71,True
1306,16.37,-54.96,0.51,1.89,-74.07,19.66,1647.25,287.85,True
1307,18.39,-89.94,0.67,1.23,-100.14,19.55,2153.6,379.28,True
1308,15.88,-46.52,0.47,2.06,-67.78,19.68,1525.06,265.79,True
1309,20.48,-126.06,0.84,0.54,-127.06,19.43,2676.5,473.69,True
1310,16.03,-49.06,0.48,2.01,-69.68,19.67,1561.87,272.44,True
1311,17.13,-68.07,0.57,1.64,-83.84,19.61,1837.02,322.11,True
1312,17.57,-75.66,0.6,1.5,-89.5,19.59,1946.91,341.96,True
1313,16.77,-61.93,0.54,1.76,-79.27,19.63,1748.1,306.06,True
1314,16.43,-55.98,0.51,1.88,-74.83,19.65,1662.01,290.52,True
1315,17.0,-65.76,0.56,1.69,-82.12,19.62,1803.54,316.07,True
1316,17.59,-76.05,0.61,1.49,-89.79,19.59,1952.47,342.96,True
1317,17.36,-72.02,0.59,1.57,-86.79,19.6,1894.21,332.44,True
1318,17.47,-73.92,0.6,1.53,-88.2,19.6,1921.66,337.4,True
1319,15.58,-41.22,0.44,2.16,-63.83,19.7,1448.35,251.94,True
1320,15.76,-44.45,0.46,2.1,-66.24,19.69,1495.09,260.38,True
1321,15.6,-41.62,0.45,2.15,-64.13,19.7,1454.08,252.97,True
1322,19.83,-114.68,0.78,0.75,-118.58,19.47,2511.79,443.95,True
1323,15.57,-41.05,0.44,2.16,-63.7,19.7,1445.78,251.47,True
1324,20.68,-129.5,0.85,0.47,-129.63,19.42,2726.31,482.68,True
1325,19.18,-103.55,0.73,0.97,-110.29,19.5,2350.64,414.85,True
1326,19.13,-102.73,0.73,0.98,-109.67,19.51,2338.71,412.7,True
1327,17.22,-69.56,0.58,1.62,-84.95,19.61,1858.58,326.01,True
1328,20.12,-119.86,0.81,0.65,-122.44,19.45,2586.7,457.47,True
1329,19.45,-108.2,0.75,0.88,-113.75,19.49,2417.87,426.99,True
1330,20.27,-122.35,0.82,0.61,-124.3,19.44,2622.82,463.99,True
1331,15.98,-48.28,0.48,2.02,-69.1,19.68,1550.55,270.39,True
1332,19.27,-105.12,0.74,0.94,-111.46,19.5,2373.38,418.96,True
1333,19.34,-106.3,0.75,0.91,-112.34,19.49,2390.48,422.04,True
1334,16.59,-58.7,0.53,1.82,-76.86,19.64,1701.32,297.61,True
1335,17.38,-72.49,0.59,1.56,-87.14,19.6,1900.99,333.67,True
1336,18.99,-100.29,0.72,1.03,-107.86,19.51,2303.43,406.33,True
1337,16.33,-54.3,0.51,1.91,-73.58,19.66,1637.7,286.13,True
1338,16.2,-52.09,0.5,1.95,-71.93,19.66,1605.67,280.34,True
1339,19.69,-112.42,0.77,0.8,-116.89,19.48,2478.95,438.02,True
1340,16.57,-58.41,0.52,1.83,-76.64,19.64,1697.18,296.87,True
1341,17.85,-80.51,0.63,1.41,-93.11,19.58,2017.06,354.62,True
1342,20.15,-120.37,0.81,0.64,-122.82,19.45,2594.04,458.8,True
1343,19.55,-109.89,0.76,0.84,-115.01,19.48,2442.33,431.41,True
1344,19.43,-107.84,0.75,0.88,-113.48,19.49,2412.72,426.06,True
1345,16.84,-63.03,0.55,1.74,-80.09,19.63,1764.02,308.93,True
1346,16.12,-50.67,0.49,1.98,-70.88,19.67,1585.11,276.63,True
1347,20.11,-119.64,0.81,0.66,-122.28,19.45,2583.53,456.9,True
1348,16.17,-51.57,0.49,1.96,-71.54,19.67,1598.1,278.98,True
1349,18.39,-89.87,0.67,1.23,-100.09,19.55,2152.58,379.09,True
1350,17.45,-73.53,0.59,1.54,-87.91,19.6,1916.07,336.39,True
1351,19.92,-116.25,0.79,0.72,-119.75,19.46,2534.45,448.04,True
1352,18.44,-90.7,0.67,1.21,-100.71,19.54,2164.64,381.27,True
1353,20.72,-130.13,0.86,0.46,-130.1,19.42,2735.44,484.33,True
1354,18.88,-98.33,0.71,1.07,-106.39,19.52,2275.06,401.21,True
1355,15.73,-43.95,0.46,2.11,-65.87,19.69,1487.8,259.06,True
1356,15.82,-45.38,0.46,2.08,-66.93,19.69,1508.56,262.81,True
1357,19.79,-114.08,0.78,0.76,-118.13,19.47,2503.07,442.37,True
1358,20.02,-118.03,0.8,0.69,-121.07,19.46,2560.21,452.69,True
1359,15.92,-47.13,0.47,2.04,-68.24,19.68,1533.89,267.38,True
1360,19.06,-101.37,0.72,1.01,-108.66,19.51,2319.12,409.16,True
1361,17.92,-81.69,0.63,1.38,-93.99,19.57,2034.18,357.71,True
1362,19.84,-115.0,0.79,0.75,-118.82,19.47,2516.4,444.78,True
1363,19.91,-116.21,0.79,0.72,-119.72,19.46,2533.85,447.93,True
1364,20.83,-132.01,0.86,0.42,-131.49,19.41,2762.57,489.23,True
1365,18.66,-94.52,0.69,1.14,-103.56,19.53,2219.92,391.25,True
1366,16.66,-60.01,0.53,1.8,-77.84,19.64,1720.32,301.04,True
1367,18.1,-84.84,0.65,1.32,-96.34,19.56,2079.8,365.95,True
1368,17.28,-70.6,0.58,1.6,-85.73,19.61,1873.65,328.73,True
1369,17.95,-82.2,0.63,1.37,-94.38,19.57,2041.6,359.05,True
1370,20.61,-128.16,0.85,0.5,-128.62,19.43,2706.84,479.17,True
1371,20.41,-124.81,0.83,0.56,-126.13,19.44,2658.39,470.42,True
1372,15.6,-41.68,0.45,2.15,-64.17,19.7,1454.94,253.13,True
1373,16.23,-52.6,0.5,1.94,-72.32,19.66,1613.1,281.69,True
1374,16.07,-49.81,0.48,1.99,-70.24,19.67,1572.71,274.39,True
1375,17.15,-68.38,0.57,1.64,-84.07,19.61,1841.46,322.92,True
1376,15.97,-48.02,0.48,2.03,-68.9,19.68,1546.8,269.71,True
1377,16.41,-55.59,0.51,1.88,-74.54,19.65,1656.35,289.49,True
1378,18.26,-87.65,0.66,1.27,-98.43,19.55,2120.41,373.28,True
1379,18.2,-86.57,0.65,1.29,-97.63,19.56,2104.86,370.47,True
1380,20.92,-133.52,0.87,0.39,-132.62,19.41,2784.52,493.19,True
1381,19.44,-108.02,0.75,0.88,-113.61,19.49,2415.3,426.53,True
1382,17.58,-75.79,0.6,1.5,-89.6,19.59,1948.78,342.29,True
1383,19.03,-100.91,0.72,1.02,-108.32,19.51,2312.4,407.95,True
1384,19.13,-102.6,0.73,0.98,-109.58,19.51,2336.89,412.37,True
1385,19.89,-115.74,0.79,0.73,-119.37,19.47,2527.11,446.71,True
1386,20.16,-120.42,0.81,0.64,-122.85,19.45,2594.77,458.93,True
1387,17.18,-68.94,0.57,1.63,-84.49,19.61,1849.64,324.39,True
1388,20.23,-121.63,0.82,0.62,-123.76,19.45,2612.38,462.11,True
1389,15.67,-42.79,0.45,2.13,-65.0,19.69,1470.97,256.02,True
1390,18.42,-90.43,0.67,1.22,-100.51,19.54,2160.75,380.57,True
1391,17.5,-74.42,0.6,1.52,-88.58,19.59,1928.96,338.71,True
1392,16.5,-57.15,0.52,1.85,-75.7,19.65,1678.92,293.57,True
1393,19.07,-101.7,0.72,1.0,-108.91,19.51,2323.83,410.01,True
1394,19.19,-103.61,0.73,0.96,-110.33,19.5,2351.55,415.02,True
1395,19.85,-115.07,0.79,0.75,-118.87,19.47,2517.34,444.95,True
1396,16.71,-60.9,0.54,1.78,-78.5,19.64,1733.27,303.38,True
1397,20.29,-122.79,0.82,0.6,-124.63,19.44,2629.21,465.15,True
1398,20.03,-118.3,0.8,0.68,-121.27,19.46,2564.08,453.39,True
1399,19.9,-115.94,0.79,0.73,-119.52,19.46,2530.03,447.24,True
1400,15.65,-42.42,0.45,2.13,-64.73,19.69,1465.67,255.07,True
1401,17.27,-70.46,0.58,1.6,-85.62,19.61,1871.58,328.35,True
1402,17.63,-76.69,0.61,1.48,-90.27,19.59,1961.79,344.64,True
1403,19.41,-107.42,0.75,0.89,-113.17,19.49,2406.69,424.97,True
1404,17.72,-78.26,0.62,1.45,-91.44,19.58,1984.52,348.75,True
1405,18.58,-93.09,0.68,1.17,-102.49,19.54,2199.2,387.51,True
1406,16.08,-49.96,0.49,1.99,-70.34,19.67,1574.77,274.76,True
1407,17.95,-82.26,0.63,1.37,-94.42,19.57,2042.36,359.19,True
1408,20.28,-122.54,0.82,0.6,-124.43,19.44,2625.46,464.47,True
1409,15.47,-39.35,0.44,2.19,-62.44,19.7,1421.28,247.05,True
1410,18.83,-97.43,0.7,1.08,-105.73,19.52,2262.06,398.86,True
1411,15.87,-46.29,0.47,2.06,-67.61,19.68,1521.77,265.2,True
1412,17.94,-82.1,0.63,1.38,-94.3,19.57,2040.07,358.78,True
1413,15.54,-40.66,0.44,2.17,-63.42,19.7,1440.23,250.47,True
1414,17.99,-82.91,0.64,1.36,-94.9,19.57,2051.77,360.89,True
1415,20.46,-125.65,0.83,0.54,-126.76,19.43,2670.6,472.62,True
1416,18.09,-84.74,0.65,1.33,-96.27,19.56,2078.32,365.68,True
1417,15.9,-46.75,0.47,2.05,-67.96,19.68,1528.4,266.39,True
1418,16.69,-60.44,0.53,1.79,-78.16,19.64,1726.57,302.17,True
1419,19.58,-110.44,0.76,0.83,-115.42,19.48,2450.33,432.85,True
1420,20.63,-128.56,0.85,0.49,-128.92,19.43,2712.6,480.2,True
1421,19.88,-115.62,0.79,0.73,-119.28,19.47,2525.39,446.4,True
1422,18.28,-87.97,0.66,1.26,-98.67,19.55,2125.05,374.12,True
1423,20.36,-123.94,0.83,0.58,-125.48,19.44,2645.71,468.13,True
1424,16.91,-64.26,0.55,1.72,-81.0,19.63,1781.79,312.14,True
1425,15.7,-43.34,0.45,2.12,-65.41,19.69,1478.96,257.46,True
1426,20.39,-124.51,0.83,0.56,-125.91,19.44,2654.05,469.63,True
1427,16.04,-49.18,0.48,2.01,-69.76,19.67,1563.47,272.72,True
1428,17.86,-80.69,0.63,1.4,-93.25,19.57,2019.73,355.1,True
1429,17.43,-73.33,0.59,1.54,-87.77,19.6,1913.19,335.87,True
1430,16.4,-55.39,0.51,1.89,-74.39,19.65,1653.42,288.96,True
1431,20.71,-129.95,0.85,0.46,-129.96,19.42,2732.77,483.85,True
1432,16.81,-62.53,0.54,1.75,-79.71,19.63,1756.79,307.63,True
1433,19.08,-101.78,0.72,1.0,-108.96,19.51,2324.96,410.22,True
1434,18.36,-89.32,0.67,1.24,-99.68,19.55,2144.56,377.64,True
1435,20.76,-130.77,0.86,0.45,-130.57,19.42,2744.66,485.99,True
1436,17.51,-74.57,0.6,1.52,-88.69,19.59,1931.1,339.1,True
1437,15.55,-40.76,0.44,2.17,-63.49,19.7,1441.69,250.74,True
1438,17.88,-81.02,0.63,1.4,-93.5,19.57,2024.49,355.96,True
1439,20.58,-127.78,0.84,0.5,-128.34,19.43,2701.32,478.17,True
1440,19.91,-116.15,0.79,0.72,-119.68,19.46,2533.03,447.78,True
1441,16.3,-53.76,0.5,1.92,-73.18,19.66,1629.85,284.71,True
1442,20.93,-133.74,0.87,0.39,-132.79,19.41,2787.68,493.76,True
1443,16.0,-48.6,0.48,2.02,-69.33,19.68,1555.1,271.21,True
1444,20.56,-127.32,0.84,0.51,-128.0,19.43,2694.75,476.98,True
1445,19.19,-103.78,0.73,0.96,-110.46,19.5,2353.98,415.45,True
1446,15.72,-43.75,0.46,2.11,-65.72,19.69,1484.94,258.54,True
1447,17.77,-79.07,0.62,1.43,-92.04,19.58,1996.22,350.86,True
1448,20.37,-124.07,0.83,0.57,-125.58,19.44,2647.65,468.48,True
1449,17.98,-82.74,0.64,1.36,-94.77,19.57,2049.31,360.44,True
1450,17.45,-73.57,0.59,1.54,-87.94,19.6,1916.57,336.48,True
1451,16.25,-52.89,0.5,1.93,-72.53,19.66,1617.25,282.43,True
1452,18.29,-88.1,0.66,1.26,-98.77,19.55,2126.91,374.46,True
1453,20.65,-128.93,0.85,0.48,-129.2,19.42,2718.09,481.2,True
1454,20.9,-133.24,0.87,0.4,-132.41,19.41,2780.44,492.45,True
1455,20.51,-126.51,0.84,0.53,-127.4,19.43,2682.99,474.86,True
1456,18.64,-94.24,0.69,1.14,-103.35,19.53,2215.87,390.52,True
1457,18.05,-84.04,0.64,1.34,-95.74,19.56,2068.12,363.84,True
1458,16.46,-56.42,0.52,1.87,-75.16,19.65,1668.34,291.66,True
1459,19.28,-105.31,0.74,0.93,-111.6,19.5,2376.14,419.46,True
1460,20.55,-127.24,0.84,0.51,-127.94,19.43,2693.5,476.76,True
1461,19.0,-100.49,0.72,1.02,-108.0,19.51,2306.31,406.85,True
1462,15.99,-48.4,0.48,2.02,-69.18,19.68,1552.27,270.7,True
1463,18.88,-98.27,0.71,1.07,-106.35,19.52,2274.11,401.03,True
1464,18.14,-85.49,0.65,1.31,-96.83,19.56,2089.19,367.64,True
1465,19.37,-106.84,0.75,0.9,-112.73,19.49,2398.19,423.44,True
1466,16.04,-49.31,0.48,2.0,-69.86,19.67,1565.48,273.09,True
1467,17.25,-70.13,0.58,1.6,-85.38,19.61,1866.87,327.5,True
1468,20.07,-118.97,0.8,0.67,-121.78,19.46,2573.83,455.15,True
1469,16.33,-54.22,0.5,1.91,-73.52,19.66,1636.55,285.92,True
1470,16.19,-51.79,0.49,1.96,-71.71,19.67,1601.26,279.55,True
1471,17.72,-78.31,0.62,1.45,-91.47,19.58,1985.24,348.88,True
1472,19.16,-103.13,0.73,0.97,-109.97,19.5,2344.47,413.74,True
1473,19.49,-108.8,0.76,0.87,-114.2,19.49,2426.65,428.58,True
1474,20.73,-130.25,0.86,0.46,-130.18,19.42,2737.16,484.64,True
1475,20.33,-123.45,0.82,0.59,-125.11,19.44,2638.64,466.85,True
1476,19.23,-104.45,0.74,0.95,-110.95,19.5,2363.59,417.19,True
1477,16.88,-63.76,0.55,1.73,-80.63,19.63,1774.61,310.85,True
1478,15.91,-46.96,0.47,2.05,-68.11,19.68,1531.44,266.94,True
1479,20.53,-126.87,0.84,0.52,-127.66,19.43,2688.17,475.79,True
1480,15.49,-39.82,0.44,2.18,-62.79,19.7,1428.08,248.28,True
1481,15.7,-43.31,0.45,2.12,-65.39,19.69,1478.62,257.4,True
1482,20.93,-133.77,0.87,0.39,-132.81,19.41,2788.09,493.83,True
1483,18.51,-91.88,0.68,1.19,-101.59,19.54,2181.69,384.35,True
1484,17.96,-82.38,0.63,1.37,-94.51,19.57,2044.18,359.52,True
1485,20.69,-129.68,0.85,0.47,-129.75,19.42,2728.81,483.13,True
1486,20.35,-123.68,0.83,0.58,-125.29,19.44,2642.05,467.47,True
1487,19.62,-111.13,0.77,0.82,-115.93,19.48,2460.29,434.65,True
1488,19.71,-112.67,0.77,0.79,-117.08,19.47,2482.66,438.69,True
1489,19.97,-117.1,0.8,0.71,-120.39,19.46,2546.83,450.28,True
1490,18.13,-85.45,0.65,1.31,-96.8,19.56,2088.66,367.55,True
1491,16.45,-56.41,0.51,1.87,-75.15,19.65,1668.22,291.64,True
1492,19.61,-111.03,0.77,0.82,-115.86,19.48,2458.91,434.4,True
1493,16.21,-52.21,0.5,1.95,-72.02,19.66,1607.36,280.65,True
1494,17.57,-75.74,0.6,1.5,-89.56,19.59,1947.97,342.15,True
1495,19.61,-111.0,0.77,0.82,-115.84,19.48,2458.49,434.32,True
1496,17.11,-67.76,0.57,1.65,-83.61,19.62,1832.5,321.3,True
1497,18.96,-99.69,0.71,1.04,-107.4,19.52,2294.67,404.75,True
1498,15.94,-47.53,0.47,2.04,-68.53,19.68,1539.65,268.42,True
1499,20.65,-128.99,0.85,0.48,-129.24,19.42,2718.82,481.33,True
1500,19.2,-103.94,0.73,0.96,-110.57,19.5,2356.19,415.85,True
1501,16.91,-64.21,0.55,1.72,-80.97,19.63,1781.18,312.03,True
1502,20.11,-119.61,0.81,0.66,-122.25,19.45,2583.09,456.82,True
1503,18.69,-95.12,0.69,1.13,-104.0,19.53,2228.58,392.81,True
1504,15.58,-41.28,0.45,2.16,-63.88,19.7,1449.2,252.09,True
1505,17.05,-66.71,0.56,1.67,-82.83,19.62,1817.33,318.56,True
1506,15.59,-41.51,0.45,2.15,-64.05,19.7,1452.55,252.7,True
1507,17.26,-70.4,0.58,1.6,-85.58,19.61,1870.78,328.21,True
1508,18.26,-87.54,0.66,1.27,-98.36,19.55,2118.92,373.01,True
1509,16.37,-54.97,0.51,1.89,-74.08,19.66,1647.29,287.86,True
1510,19.48,-108.65,0.76,0.87,-114.08,19.49,2424.42,428.17,True
1511,16.07,-49.71,0.48,1.99,-70.16,19.67,1571.18,274.12,True
1512,20.77,-131.03,0.86,0.44,-130.76,19.42,2748.43,486.67,True
1513,17.59,-76.04,0.61,1.49,-89.78,19.59,1952.36,342.94,True
1514,19.19,-103.7,0.73,0.96,-110.4,19.5,2352.78,415.24,True
1515,18.99,-100.26,0.72,1.03,-107.83,19.51,2302.95,406.24,True
1516,20.1,-119.49,0.81,0.66,-122.16,19.45,2581.38,456.51,True
1517,18.22,-86.92,0.66,1.28,-97.89,19.56,2109.81,371.37,True
1518,17.33,-71.48,0.58,1.58,-86.38,19.6,1886.3,331.01,True
1519,17.85,-80.58,0.63,1.4,-93.17,19.58,2018.08,354.81,True
1520,20.21,-121.38,0.81,0.62,-123.57,19.45,2608.66,461.44,True
1521,20.93,-133.83,0.87,0.39,-132.85,19.41,2788.99,494.0,True
1522,18.87,-98.15,0.71,1.07,-106.26,19.52,2272.49,400.74,True
1523,17.94,-82.17,0.63,1.37,-94.35,19.57,2041.09,358.96,True
1524,15.65,-42.55,0.45,2.13,-64.83,19.69,1467.61,255.42,True
1525,15.89,-46.58,0.47,2.05,-67.83,19.68,1525.92,265.94,True
1526,15.99,-48.32,0.48,2.02,-69.12,19.68,1551.04,270.48,True
1527,19.01,-100.6,0.72,1.02,-108.08,19.51,2307.85,407.13,True
1528,17.39,-72.66,0.59,1.56,-87.26,19.6,1903.42,334.1,True
1529,19.67,-111.99,0.77,0.8,-116.58,19.48,2472.83,436.91,True
1530,17.57,-75.64,0.6,1.5,-89.48,19.59,1946.51,341.88,True
1531,19.31,-105.74,0.74,0.92,-111.92,19.5,2382.3,420.57,True
1532,16.18,-51.63,0.49,1.96,-71.59,19.67,1598.94,279.13,True
1533,17.71,-78.04,0.61,1.45,-91.27,19.58,1981.32,348.17,True
1534,18.63,-94.02,0.69,1.15,-103.18,19.53,2212.59,389.93,True
1535,18.45,-90.86,0.67,1.21,-100.83,19.54,2166.96,381.69,True
1536,18.58,-93.2,0.68,1.16,-102.57,19.54,2200.85,387.81,True
1537,18.26,-87.65,0.66,1.27,-98.44,19.55,2120.45,373.29,True
1538,17.48,-74.06,0.6,1.53,-88.31,19.6,1923.74,337.77,True
1539,15.6,-41.6,0.45,2.15,-64.12,19.7,1453.84,252.93,True
1540,17.28,-70.74,0.58,1.59,-85.83,19.61,1875.61,329.08,True
1541,19.9,-115.95,0.79,0.73,-119.52,19.46,2530.06,447.25,True
1542,19.1,-102.2,0.73,0.99,-109.28,19.51,2331.07,411.32,True
1543,20.14,-120.15,0.81,0.65,-122.66,19.45,2590.99,458.25,True
1544,17.68,-77.54,0.61,1.46,-90.9,19.58,1974.12,346.87,True
1545,17.62,-76.52,0.61,1.48,-90.14,19.59,1959.34,344.2,True
1546,15.74,-44.08,0.46,2.1,-65.96,19.69,1489.68,259.4,True
1547,18.44,-90.79,0.67,1.21,-100.77,19.54,2165.85,381.49,True
1548,17.98,-82.78,0.64,1.36,-94.81,19.57,2049.97,360.56,True
1549,15.71,-43.54,0.46,2.11,-65.56,19.69,1481.87,257.99,True
1550,16.83,-62.94,0.55,1.74,-80.02,19.63,1762.77,308.71,True
1551,16.76,-61.74,0.54,1.77,-79.12,19.63,1745.33,305.56,True
1552,19.58,-110.39,0.76,0.83,-115.38,19.48,2449.64,432.73,True
1553,16.56,-58.24,0.52,1.83,-76.52,19.65,1694.69,296.42,True
1554,18.61,-93.62,0.69,1.16,-102.88,19.53,2206.86,388.89,True
1555,16.27,-53.23,0.5,1.93,-72.78,19.66,1622.12,283.31,True
1556,17.36,-72.01,0.59,1.57,-86.78,19.6,1894.06,332.41,True
1557,18.56,-92.83,0.68,1.17,-102.29,19.54,2195.4,386.82,True
1558,16.35,-54.58,0.51,1.9,-73.79,19.66,1641.68,286.84,True
1559,20.93,-133.71,0.87,0.39,-132.76,19.41,2787.17,493.67,True
1560,19.67,-112.07,0.77,0.8,-116.64,19.48,2474.0,437.13,True
1561,16.82,-62.79,0.54,1.74,-79.9,19.63,1760.5,308.3,True
1562,19.85,-115.12,0.79,0.74,-118.91,19.47,2518.16,445.1,True
1563,18.15,-85.79,0.65,1.31,-97.05,19.56,2093.51,368.43,True
1564,20.04,-118.38,0.8,0.68,-121.34,19.46,2565.28,453.61,True
1565,18.37,-89.45,0.67,1.24,-99.78,19.55,2146.55,378.0,True
1566,16.59,-58.79,0.53,1.82,-76.93,19.64,1702.63,297.85,True
1567,15.81,-45.3,0.46,2.08,-66.88,19.69,1507.42,262.6,True
1568,15.6,-41.61,0.45,2.15,-64.12,19.7,1453.98,252.95,True
1569,16.69,-60.48,0.53,1.79,-78.18,19.64,1727.07,302.26,True
1570,16.96,-65.1,0.56,1.7,-81.63,19.62,1793.94,314.34,True
1571,20.36,-123.87,0.83,0.58,-125.43,19.44,2644.84,467.97,True
1572,16.32,-54.12,0.5,1.91,-73.45,19.66,1635.05,285.65,True
1573,17.99,-82.9,0.64,1.36,-94.9,19.57,2051.75,360.88,True
1574,20.0,-117.72,0.8,0.69,-120.85,19.46,2555.79,451.89,True
1575,17.13,-68.13,0.57,1.64,-83.88,19.61,1837.81,322.26,True
1576,15.47,-39.39,0.44,2.19,-62.47,19.7,1421.78,247.14,True
1577,18.8,-96.95,0.7,1.09,-105.36,19.52,2255.02,397.59,True
1578,18.61,-93.69,0.69,1.15,-102.93,19.53,2207.83,389.07,True
1579,15.72,-43.8,0.46,2.11,-65.75,19.69,1485.61,258.66,True
1580,20.85,-132.31,0.87,0.42,-131.72,19.41,2766.97,490.02,True
1581,18.78,-96.66,0.7,1.1,-105.15,19.53,2250.83,396.83,True
1582,20.9,-133.19,0.87,0.4,-132.37,19.41,2779.63,492.31,True
1583,15.56,-41.0,0.44,2.16,-63.67,19.7,1445.09,251.35,True
1584,18.5,-91.81,0.68,1.19,-101.54,19.54,2180.68,384.16,True
1585,15.94,-47.53,0.47,2.04,-68.53,19.68,1539.61,268.42,True
1586,18.17,-86.14,0.65,1.3,-97.31,19.56,2098.64,369.35,True
1587,15.66,-42.65,0.45,2.13,-64.9,19.69,1468.98,255.66,True
1588,17.06,-66.84,0.56,1.67,-82.93,19.62,1819.2,318.9,True
1589,20.24,-121.83,0.82,0.62,-123.9,19.45,2615.17,462.61,True
1590,18.19,-86.49,0.65,1.29,-97.57,19.56,2103.69,370.26,True
1591,19.67,-112.05,0.77,0.8,-116.62,19.48,2473.72,437.07,True
1592,16.76,-61.68,0.54,1.77,-79.08,19.63,1744.55,305.42,True
1593,19.65,-111.61,0.77,0.81,-116.29,19.48,2467.33,435.92,True
1594,17.12,-67.95,0.57,1.65,-83.76,19.61,1835.31,321.81,True
1595,19.29,-105.4,0.74,0.93,-111.66,19.5,2377.39,419.68,True
1596,16.85,-63.17,0.55,1.74,-80.19,19.63,1766.05,309.3,True
1597,18.18,-86.2,0.65,1.3,-97.35,19.56,2099.39,369.49,True
1598,17.3,-71.07,0.58,1.59,-86.08,19.61,1880.38,329.94,True
1599,18.84,-97.59,0.71,1.08,-105.84,19.52,2264.36,399.27,True
1600,19.42,-107.63,0.75,0.89,-113.32,19.49,2409.65,425.51,True
1601,20.45,-125.46,0.83,0.55,-126.62,19.43,2667.83,472.12,True
1602,20.51,-126.48,0.84,0.53,-127.38,19.43,2682.6,474.79,True
1603,15.87,-46.32,0.47,2.06,-67.63,19.68,1522.11,265.26,True
1604,17.45,-73.53,0.59,1.54,-87.92,19.6,1916.11,336.39,True
1605,17.3,-71.0,0.58,1.59,-86.03,19.61,1879.44,329.77,True
1606,18.88,-98.42,0.71,1.06,-106.46,19.52,2276.42,401.45,True
1607,20.47,-125.83,0.84,0.54,-126.89,19.43,2673.1,473.07,True
1608,20.15,-120.22,0.81,0.65,-122.71,19.45,2591.96,458.42,True
1609,18.95,-99.58,0.71,1.04,-107.33,19.52,2293.21,404.48,True
1610,20.87,-132.78,0.87,0.41,-132.07,19.41,2773.73,491.24,True
1611,18.94,-99.35,0.71,1.05,-107.15,19.52,2289.81,403.87,True
1612,18.25,-87.42,0.66,1.27,-98.27,19.55,2117.18,372.7,True
1613,19.3,-105.61,0.74,0.93,-111.82,19.5,2380.43,420.23,True
1614,20.32,-123.25,0.82,0.59,-124.97,19.44,2635.79,466.34,True
1615,20.34,-123.5,0.82,0.58,-125.15,19.44,2639.36,466.98,True
1616,17.73,-78.52,0.62,1.44,-91.63,19.58,1988.33,349.43,True
1617,17.56,-75.46,0.6,1.5,-89.35,19.59,1943.91,341.41,True
1618,16.88,-63.82,0.55,1.73,-80.68,19.63,1775.52,311.01,True
1619,16.59,-58.69,0.53,1.82,-76.85,19.64,1701.21,297.59,True
1620,17.63,-76.73,0.61,1.48,-90.29,19.59,1962.32,344.74,True
1621,20.85,-132.34,0.87,0.42,-131.74,19.41,2767.36,490.09,True
1622,17.96,-82.47,0.64,1.37,-94.58,19.57,2045.52,359.76,True
1623,18.89,-98.44,0.71,1.06,-106.47,19.52,2276.59,401.48,True
1624,15.69,-43.27,0.45,2.12,-65.36,19.69,1478.0,257.29,True
1625,20.58,-127.78,0.84,0.5,-128.34,19.43,2701.36,478.18,True
1626,16.37,-54.87,0.51,1.9,-74.01,19.66,1645.93,287.61,True
1627,17.98,-82.76,0.64,1.36,-94.79,19.57,2049.68,360.51,True
1628,17.04,-66.52,0.56,1.67,-82.69,19.62,1814.53,318.05,True
1629,18.79,-96.75,0.7,1.1,-105.22,19.52,2252.16,397.07,True
1630,17.53,-75.04,0.6,1.51,-89.04,19.59,1937.91,340.33,True
1631,18.36,-89.36,0.67,1.24,-99.71,19.55,2145.22,377.76,True
1632,19.39,-107.11,0.75,0.9,-112.94,19.49,2402.19,424.16,True
1633,18.41,-90.2,0.67,1.22,-100.33,19.55,2157.34,379.95,True
1634,15.69,-43.12,0.45,2.12,-65.25,19.69,1475.86,256.9,True
1635,17.04,-66.49,0.56,1.67,-82.67,19.62,1814.18,317.99,True
1636,20.64,-128.82,0.85,0.48,-129.12,19.42,2716.47,480.9,True
1637,15.87,-46.37,0.47,2.06,-67.67,19.68,1522.88,265.39,True
1638,20.56,-127.46,0.84,0.51,-128.1,19.43,2696.71,477.34,True
1639,20.21,-121.38,0.81,0.62,-123.57,19.45,2608.76,461.46,True
1640,19.41,-107.42,0.75,0.89,-113.16,19.49,2406.56,424.95,True
1641,17.86,-80.73,0.63,1.4,-93.28,19.57,2020.32,355.21,True
1642,17.65,-77.13,0.61,1.47,-90.59,19.59,1968.09,345.78,True
1643,17.49,-74.24,0.6,1.53,-88.44,19.6,1926.37,338.25,True
1644,17.56,-75.46,0.6,1.5,-89.35,19.59,1944.04,341.44,True
1645,19.14,-102.82,0.73,0.98,-109.74,19.51,2340.0,412.93,True
1646,17.72,-78.22,0.62,1.45,-91.41,19.58,1983.9,348.63,True
1647,16.18,-51.63,0.49,1.96,-71.59,19.67,1598.98,279.13,True
1648,17.82,-79.97,0.62,1.42,-92.71,19.58,2009.21,353.2,True
1649,20.37,-124.05,0.83,0.57,-125.56,19.44,2647.39,468.43,True
1650,15.89,-46.68,0.47,2.05,-67.9,19.68,1527.33,266.2,True
1651,17.1,-67.58,0.57,1.65,-83.48,19.62,1829.93,320.83,True
1652,16.54,-57.82,0.52,1.84,-76.2,19.65,1688.61,295.32,True
1653,16.5,-57.27,0.52,1.85,-75.79,19.65,1680.64,293.88,True
1654,16.92,-64.51,0.55,1.71,-81.19,19.63,1785.39,312.79,True
1655,15.97,-48.09,0.48,2.03,-68.96,19.68,1547.83,269.9,True
1656,15.86,-46.15,0.47,2.06,-67.51,19.68,1519.7,264.82,True
1657,17.18,-68.92,0.57,1.63,-84.47,19.61,1849.24,324.32,True
1658,20.13,-120.01,0.81,0.65,-122.55,19.45,2588.87,457.87,True
1659,20.36,-123.86,0.83,0.58,-125.42,19.44,2644.61,467.93,True
1660,20.38,-124.31,0.83,0.57,-125.76,19.44,2651.2,469.12,True
1661,17.47,-73.89,0.6,1.53,-88.18,19.6,1921.22,337.32,True
1662,19.76,-113.63,0.78,0.77,-117.79,19.47,2496.47,441.18,True
1663,17.86,-80.77,0.63,1.4,-93.3,19.57,2020.79,355.3,True
1664,16.52,-57.61,0.52,1.84,-76.05,19.65,1685.64,294.78,True
1665,19.71,-112.71,0.77,0.79,-117.11,19.47,2483.23,438.79,True
1666,18.33,-88.77,0.66,1.25,-99.27,19.55,2136.67,376.22,True
1667,17.01,-66.05,0.56,1.68,-82.34,19.62,1807.71,316.82,True
1668,20.65,-128.99,0.85,0.48,-129.25,19.42,2718.93,481.35,True
1669,20.9,-133.21,0.87,0.4,-132.39,19.41,2780.04,492.38,True
1670,20.47,-125.88,0.84,0.54,-126.93,19.43,2673.9,473.22,True
1671,16.41,-55.69,0.51,1.88,-74.62,19.65,1657.8,289.75,True
1672,16.02,-48.97,0.48,2.01,-69.61,19.67,1560.53,272.19,True
1673,18.84,-97.67,0.71,1.08,-105.9,19.52,2265.46,399.47,True
1674,17.76,-79.04,0.62,1.43,-92.02,19.58,1995.78,350.78,True
1675,20.89,-133.11,0.87,0.4,-132.31,19.41,2778.46,492.1,True
1676,15.95,-47.71,0.47,2.03,-68.67,19.68,1542.32,268.91,True
1677,15.58,-41.3,0.45,2.16,-63.89,19.7,1449.48,252.14,True
1678,18.69,-95.06,0.69,1.13,-103.96,19.53,2227.78,392.67,True
1679,19.95,-116.91,0.79,0.71,-120.24,19.46,2544.08,449.78,True
1680,19.52,-109.39,0.76,0.85,-114.64,19.49,2435.2,430.12,True
1681,18.98,-100.05,0.72,1.03,-107.67,19.51,2299.9,405.69,True
1682,20.14,-120.2,0.81,0.65,-122.7,19.45,2591.68,458.37,True
1683,16.61,-59.09,0.53,1.82,-77.15,19.64,1707.01,298.64,True
1684,18.99,-100.21,0.72,1.03,-107.8,19.51,2302.3,406.12,True
1685,20.86,-132.63,0.87,0.41,-131.95,19.41,2771.53,490.84,True
1686,15.85,-45.9,0.47,2.07,-67.32,19.68,1516.02,264.16,True
1687,19.15,-103.08,0.73,0.97,-109.93,19.5,2343.79,413.61,True
1688,16.86,-63.44,0.55,1.73,-80.39,19.63,1769.95,310.0,True
1689,17.8,-79.63,0.62,1.42,-92.45,19.58,2004.28,352.31,True
1690,18.67,-94.67,0.69,1.14,-103.66,19.53,2222.02,391.63,True
1691,15.65,-42.46,0.45,2.13,-64.76,19.69,1466.26,255.17,True
1692,18.95,-99.6,0.71,1.04,-107.34,19.52,2293.4,404.52,True
1693,15.61,-41.8,0.45,2.15,-64.26,19.7,1456.7,253.45,True
1694,18.58,-93.12,0.68,1.16,-102.51,19.54,2199.69,387.6,True
1695,17.79,-79.53,0.62,1.42,-92.38,19.58,2002.92,352.07,True
1696,20.32,-123.21,0.82,0.59,-124.94,19.44,2635.23,466.24,True
1697,17.43,-73.26,0.59,1.54,-87.71,19.6,1912.15,335.68,True
1698,15.49,-39.7,0.44,2.19,-62.7,19.7,1426.25,247.95,True
1699,15.75,-44.26,0.46,2.1,-66.1,19.69,1492.29,259.87,True
1700,19.36,-106.7,0.75,0.91,-112.64,19.49,2396.27,423.09,True
1701,19.05,-101.29,0.72,1.01,-108.6,19.51,2317.87,408.93,True
1702,18.62,-93.87,0.69,1.15,-103.07,19.53,2210.51,389.55,True
1703,17.2,-69.3,0.57,1.62,-84.76,19.61,1854.84,325.33,True
1704,17.88,-81.1,0.63,1.39,-93.55,19.57,2025.6,356.16,True
1705,18.56,-92.74,0.68,1.17,-102.23,19.54,2194.19,386.6,True
1706,16.39,-55.29,0.51,1.89,-74.32,19.65,1652.03,288.71,True
1707,17.86,-80.71,0.63,1.4,-93.26,19.57,2019.97,355.15,True
1708,18.25,-87.52,0.66,1.27,-98.34,19.55,2118.59,372.95,True
1709,16.66,-59.88,0.53,1.8,-77.74,19.64,1718.46,300.71,True
1710,20.17,-120.68,0.81,0.64,-123.05,19.45,2598.56,459.62,True
1711,18.73,-95.79,0.7,1.11,-104.5,19.53,2238.27,394.56,True
1712,15.88,-46.51,0.47,2.06,-67.77,19.68,1524.83,265.75,True
1713,19.07,-101.6,0.72,1.0,-108.83,19.51,2322.35,409.74,True
1714,16.78,-62.07,0.54,1.76,-79.37,19.63,1750.09,306.42,True
1715,16.43,-55.98,0.51,1.88,-74.83,19.65,1661.92,290.5,True
1716,17.77,-79.07,0.62,1.43,-92.04,19.58,1996.19,350.85,True
1717,20.3,-122.96,0.82,0.59,-124.75,19.44,2631.54,465.57,True
1718,16.34,-54.45,0.51,1.9,-73.69,19.66,1639.78,286.5,True
1719,19.11,-102.33,0.73,0.99,-109.38,19.51,2333.0,411.67,True
1720,15.93,-47.39,0.47,2.04,-68.43,19.68,1537.61,268.06,True
1721,17.1,-67.65,0.57,1.65,-83.53,19.62,1830.92,321.01,True
1722,20.0,-117.75,0.8,0.69,-120.86,19.46,2556.12,451.95,True
1723,16.53,-57.76,0.52,1.84,-76.16,19.65,1687.8,295.17,True
1724,19.24,-104.64,0.74,0.94,-111.09,19.5,2366.35,417.69,True
1725,15.91,-47.04,0.47,2.05,-68.17,19.68,1532.55,267.14,True
1726,17.52,-74.77,0.6,1.52,-88.84,19.59,1934.04,339.63,True
1727,19.24,-104.49,0.74,0.95,-110.99,19.5,2364.25,417.31,True
1728,19.5,-109.12,0.76,0.86,-114.44,19.49,2431.24,429.4,True
1729,19.92,-116.28,0.79,0.72,-119.77,19.46,2534.83,448.11,True
1730,16.09,-50.03,0.49,1.99,-70.4,19.67,1575.8,274.95,True
1731,17.24,-69.95,0.58,1.61,-85.24,19.61,1864.18,327.02,True
1732,15.61,-41.83,0.45,2.15,-64.29,19.7,1457.18,253.53,True
1733,17.93,-81.83,0.63,1.38,-94.1,19.57,2036.24,358.09,True
1734,16.57,-58.35,0.52,1.83,-76.6,19.64,1696.22,296.69,True
1735,16.37,-54.98,0.51,1.89,-74.09,19.66,1647.49,287.89,True
1736,16.24,-52.68,0.5,1.94,-72.38,19.66,1614.27,281.9,True
1737,17.68,-77.66,0.61,1.46,-90.99,19.58,1975.86,347.18,True
1738,20.87,-132.77,0.87,0.41,-132.06,19.41,2773.62,491.22,True
1739,18.09,-84.71,0.65,1.33,-96.24,19.56,2077.9,365.61,True
1740,18.02,-83.39,0.64,1.35,-95.26,19.57,2058.71,362.14,True
1741,18.68,-94.87,0.69,1.13,-103.82,19.53,2224.98,392.16,True
1742,20.77,-130.97,0.86,0.44,-130.72,19.42,2747.52,486.51,True
1743,20.36,-123.93,0.83,0.58,-125.47,19.44,2645.68,468.12,True
1744,19.89,-115.83,0.79,0.73,-119.43,19.47,2528.33,446.93,True
1745,20.15,-120.34,0.81,0.64,-122.8,19.45,2593.67,458.73,True
1746,19.95,-116.89,0.79,0.71,-120.23,19.46,2543.77,449.72,True
1747,17.45,-73.63,0.59,1.54,-87.99,19.6,1917.53,336.65,True
1748,17.39,-72.53,0.59,1.56,-87.17,19.6,1901.54,333.76,True
1749,16.0,-48.5,0.48,2.02,-69.26,19.68,1553.72,270.96,True
1750,16.97,-65.3,0.56,1.7,-81.78,19.62,1796.89,314.87,True
1751,19.9,-115.97,0.79,0.73,-119.54,19.46,2530.47,447.32,True
1752,18.9,-98.7,0.71,1.06,-106.67,19.52,2280.46,402.18,True
1753,16.27,-53.24,0.5,1.93,-72.79,19.66,1622.27,283.34,True
1754,20.5,-126.3,0.84,0.53,-127.24,19.43,2679.92,474.3,True
1755,20.77,-131.0,0.86,0.44,-130.74,19.42,2748.0,486.6,True
1756,15.48,-39.59,0.44,2.19,-62.62,19.7,1424.78,247.68,True
1757,15.61,-41.88,0.45,2.14,-64.33,19.7,1457.94,253.67,True
1758,19.87,-115.43,0.79,0.74,-119.14,19.47,2522.66,445.91,True
1759,17.24,-69.91,0.58,1.61,-85.22,19.61,1863.67,326.93,True
1760,18.45,-90.86,0.67,1.21,-100.83,19.54,2166.97,381.69,True
1761,20.36,-123.97,0.83,0.58,-125.5,19.44,2646.18,468.21,True
1762,18.69,-95.06,0.69,1.13,-103.96,19.53,2227.71,392.66,True
1763,17.04,-66.56,0.56,1.67,-82.72,19.62,1815.19,318.17,True
1764,20.3,-122.84,0.82,0.6,-124.66,19.44,2629.8,465.26,True
1765,20.56,-127.32,0.84,0.51,-128.0,19.43,2694.67,476.97,True
1766,18.92,-99.02,0.71,1.05,-106.91,19.52,2284.97,403.0,True
1767,15.48,-39.52,0.44,2.19,-62.56,19.7,1423.64,247.48,True
1768,16.87,-63.54,0.55,1.73,-80.47,19.63,1771.41,310.27,True
1769,15.93,-47.36,0.47,2.04,-68.41,19.68,1537.16,267.97,True
1770,16.56,-58.22,0.52,1.83,-76.5,19.65,1694.35,296.36,True
1771,16.75,-61.54,0.54,1.77,-78.97,19.63,1742.44,305.04,True
1772,20.49,-126.1,0.84,0.53,-127.09,19.43,2677.03,473.78,True
1773,15.47,-39.43,0.44,2.19,-62.5,19.7,1422.34,247.24,True
1774,16.58,-58.59,0.53,1.83,-76.78,19.64,1699.76,297.33,True
1775,16.61,-59.1,0.53,1.82,-77.16,19.64,1707.12,298.66,True
1776,18.87,-98.24,0.71,1.07,-106.32,19.52,2273.69,400.96,True
1777,17.31,-71.18,0.58,1.58,-86.16,19.6,1882.04,330.24,True
1778,18.16,-85.82,0.65,1.3,-97.07,19.56,2094.01,368.52,True
1779,18.11,-85.1,0.65,1.32,-96.54,19.56,2083.6,366.64,True
1780,17.73,-78.44,0.62,1.45,-91.57,19.58,1987.12,349.22,True
1781,19.59,-110.64,0.77,0.83,-115.57,19.48,2453.31,433.39,True
1782,17.67,-77.51,0.61,1.46,-90.87,19.58,1973.58,346.77,True
1783,18.65,-94.28,0.69,1.14,-103.38,19.53,2216.48,390.63,True
1784,16.29,-53.53,0.5,1.92,-73.01,19.66,1626.56,284.11,True
1785,16.49,-57.06,0.52,1.85,-75.64,19.65,1677.63,293.34,True
1786,16.99,-65.74,0.56,1.69,-82.1,19.62,1803.21,316.01,True
1787,18.86,-98.07,0.71,1.07,-106.2,19.52,2271.32,400.53,True
1788,18.92,-99.06,0.71,1.05,-106.94,19.52,2285.67,403.12,True
1789,16.88,-63.69,0.55,1.73,-80.58,19.63,1773.65,310.67,True
1790,15.96,-47.79,0.48,2.03,-68.73,19.68,1543.39,269.1,True
1791,17.38,-72.43,0.59,1.56,-87.1,19.6,1900.18,333.52,True
1792,15.82,-45.46,0.46,2.08,-66.99,19.69,1509.66,263.01,True
1793,16.29,-53.54,0.5,1.92,-73.02,19.66,1626.68,284.14,True
1794,20.8,-131.49,0.86,0.43,-131.1,19.42,2755.02,487.87,True
1795,16.59,-58.69,0.53,1.82,-76.85,19.64,1701.21,297.59,True
1796,16.2,-52.04,0.49,1.95,-71.9,19.66,1604.98,280.22,True
1797,16.58,-58.56,0.52,1.83,-76.75,19.64,1699.26,297.24,True
1798,17.65,-77.16,0.61,1.47,-90.61,19.59,1968.52,345.86,True
1799,17.63,-76.66,0.61,1.48,-90.24,19.59,1961.34,344.56,True
1800,20.55,-127.2,0.84,0.51,-127.91,19.43,2692.95,476.66,True
1801,16.69,-60.42,0.53,1.79,-78.14,19.64,1726.24,302.11,True
1802,20.8,-131.61,0.86,0.43,-131.2,19.42,2756.86,488.2,True
1803,18.19,-86.38,0.65,1.29,-97.49,19.56,2102.03,369.96,True
1804,18.53,-92.24,0.68,1.18,-101.86,19.54,2186.91,385.29,True
1805,18.51,-91.97,0.68,1.19,-101.65,19.54,2182.96,384.58,True
1806,19.09,-101.99,0.73,1.0,-109.12,19.51,2328.04,410.77,True
1807,18.08,-84.58,0.64,1.33,-96.15,19.56,2075.98,365.26,True
1808,20.3,-122.86,0.82,0.6,-124.68,19.44,2630.15,465.32,True
1809,18.62,-93.87,0.69,1.15,-103.07,19.53,2210.48,389.55,True
1810,19.82,-114.62,0.78,0.75,-118.54,19.47,2510.93,443.79,True
1811,19.89,-115.83,0.79,0.73,-119.44,19.47,2528.42,446.95,True
1812,17.17,-68.73,0.57,1.63,-84.34,19.61,1846.61,323.85,True
1813,20.88,-132.86,0.87,0.41,-132.13,19.41,2774.92,491.46,True
1814,16.91,-64.31,0.55,1.72,-81.04,19.63,1782.58,312.28,True
1815,18.79,-96.83,0.7,1.09,-105.27,19.52,2253.28,397.27,True
1816,16.4,-55.41,0.51,1.89,-74.41,19.65,1653.68,289.01,True
1817,17.3,-71.01,0.58,1.59,-86.03,19.61,1879.52,329.79,True
1818,17.89,-81.25,0.63,1.39,-93.67,19.57,2027.81,356.56,True
1819,17.87,-80.89,0.63,1.4,-93.4,19.57,2022.61,355.62,True
1820,16.02,-48.82,0.48,2.01,-69.5,19.67,1558.36,271.8,True
1821,20.49,-126.14,0.84,0.53,-127.12,19.43,2677.57,473.88,True
1822,20.87,-132.68,0.87,0.41,-131.99,19.41,2772.32,490.99,True
1823,17.89,-81.17,0.63,1.39,-93.6,19.57,2026.6,356.34,True
1824,19.32,-105.98,0.74,0.92,-112.09,19.5,2385.73,421.19,True
1825,17.69,-77.79,0.61,1.46,-91.09,19.58,1977.69,347.51,True
1826,16.75,-61.44,0.54,1.77,-78.9,19.64,1741.08,304.79,True
1827,15.71,-43.6,0.46,2.11,-65.6,19.69,1482.73,258.15,True
1828,16.22,-52.27,0.5,1.95,-72.07,19.66,1608.29,280.82,True
1829,15.47,-39.35,0.44,2.19,-62.44,19.7,1421.23,247.04,True
1830,16.06,-49.54,0.48,2.0,-70.03,19.67,1568.73,273.67,True
1831,16.58,-58.57,0.52,1.83,-76.77,19.64,1699.52,297.29,True
1832,19.52,-109.37,0.76,0.85,-114.62,19.49,2434.83,430.05,True
1833,20.03,-118.15,0.8,0.69,-121.17,19.46,2562.02,453.02,True
1834,18.34,-89.02,0.67,1.24,-99.46,19.55,2140.35,376.88,True
1835,15.88,-46.56,0.47,2.06,-67.81,19.68,1525.55,265.88,True
1836,20.43,-125.1,0.83,0.55,-126.35,19.44,2662.63,471.18,True
1837,20.19,-120.93,0.81,0.63,-123.24,19.45,2602.25,460.28,True
1838,19.6,-110.78,0.77,0.83,-115.67,19.48,2455.21,433.73,True
1839,20.18,-120.85,0.81,0.63,-123.18,19.45,2601.04,460.06,True
1840,17.91,-81.59,0.63,1.39,-93.92,19.57,2032.71,357.45,True
1841,20.1,-119.4,0.81,0.66,-122.09,19.45,2579.99,456.26,True
1842,16.6,-58.92,0.53,1.82,-77.02,19.64,1704.48,298.18,True
1843,18.61,-93.7,0.69,1.15,-102.94,19.53,2207.96,389.09,True
1844,16.69,-60.46,0.53,1.79,-78.17,19.64,1726.89,302.23,True
1845,16.07,-49.73,0.48,1.99,-70.18,19.67,1571.52,274.18,True
1846,15.99,-48.45,0.48,2.02,-69.22,19.68,1552.98,270.83,True
1847,15.86,-46.14,0.47,2.06,-67.5,19.68,1519.55,264.79,True
1848,17.76,-79.05,0.62,1.43,-92.02,19.58,1995.9,350.8,True
1849,18.13,-85.4,0.65,1.31,-96.76,19.56,2087.9,367.41,True
1850,18.41,-90.16,0.67,1.22,-100.31,19.55,2156.83,379.86,True
1851,18.18,-86.15,0.65,1.3,-97.32,19.56,2098.76,369.37,True
1852,20.73,-130.37,0.86,0.45,-130.28,19.42,2738.93,484.96,True
1853,20.83,-132.09,0.86,0.42,-131.55,19.41,2763.72,489.44,True
1854,19.68,-112.19,0.77,0.8,-116.72,19.48,2475.64,437.42,True
1855,17.79,-79.44,0.62,1.43,-92.32,19.58,2001.59,351.83,True
1856,15.47,-39.34,0.44,2.19,-62.43,19.7,1421.16,247.03,True
1857,19.63,-111.23,0.77,0.82,-116.01,19.48,2461.83,434.93,True
1858,17.95,-82.35,0.63,1.37,-94.48,19.57,2043.68,359.43,True
1859,18.77,-96.46,0.7,1.1,-105.0,19.53,2248.03,396.33,True
1860,17.4,-72.72,0.59,1.56,-87.31,19.6,1904.29,334.26,True
1861,19.61,-110.98,0.77,0.82,-115.82,19.48,2458.13,434.26,True
1862,20.91,-133.46,0.87,0.39,-132.57,19.41,2783.53,493.01,True
1863,17.83,-80.22,0.62,1.41,-92.9,19.58,2012.84,353.86,True
1864,15.55,-40.76,0.44,2.17,-63.49,19.7,1441.65,250.73,True
1865,19.8,-114.22,0.78,0.76,-118.23,19.47,2505.04,442.73,True
1866,18.24,-87.22,0.66,1.28,-98.12,19.55,2114.27,372.17,True
1867,17.09,-67.46,0.57,1.66,-83.39,19.62,1828.12,320.51,True
1868,19.2,-103.88,0.73,0.96,-110.53,19.5,2355.43,415.72,True
1869,17.08,-67.25,0.56,1.66,-83.23,19.62,1825.16,319.97,True
1870,19.21,-104.06,0.73,0.96,-110.66,19.5,2357.94,416.17,True
1871,18.98,-100.08,0.72,1.03,-107.7,19.51,2300.4,405.78,True
1872,18.43,-90.57,0.67,1.21,-100.61,19.54,2162.69,380.92,True
1873,16.36,-54.84,0.51,1.9,-73.98,19.66,1645.43,287.52,True
1874,19.47,-108.51,0.76,0.87,-113.98,19.49,2422.48,427.82,True
1875,17.1,-67.65,0.57,1.65,-83.53,19.62,1830.85,321.0,True
1876,17.85,-80.49,0.63,1.41,-93.1,19.58,2016.79,354.57,True
1877,18.58,-93.16,0.68,1.16,-102.54,19.54,2200.17,387.68,True
1878,15.74,-44.12,0.46,2.1,-65.99,19.69,1490.23,259.5,True
1879,17.25,-70.15,0.58,1.6,-85.4,19.61,1867.18,327.56,True
1880,16.27,-53.22,0.5,1.93,-72.77,19.66,1622.01,283.29,True
1881,16.5,-57.18,0.52,1.85,-75.73,19.65,1679.4,293.66,True
1882,16.65,-59.74,0.53,1.8,-77.64,19.64,1716.43,300.34,True
1883,18.32,-88.64,0.66,1.25,-99.17,19.55,2134.8,375.88,True
1884,15.98,-48.28,0.48,2.02,-69.1,19.68,1550.57,270.39,True
1885,20.21,-121.32,0.81,0.63,-123.53,19.45,2607.84,461.29,True
1886,19.25,-104.7,0.74,0.94,-111.14,19.5,2367.24,417.85,True
1887,16.61,-59.04,0.53,1.82,-77.11,19.64,1706.31,298.51,True
1888,19.43,-107.77,0.75,0.89,-113.43,19.49,2411.64,425.87,True
1889,16.48,-56.81,0.52,1.86,-75.45,19.65,1674.04,292.69,True
1890,19.34,-106.26,0.75,0.91,-112.3,19.49,2389.86,421.93,True
1891,17.83,-80.24,0.62,1.41,-92.91,19.58,2013.2,353.92,True
1892,15.71,-43.59,0.46,2.11,-65.6,19.69,1482.62,258.13,True
1893,19.24,-104.49,0.74,0.95,-110.99,19.5,2364.25,417.31,True
1894,19.39,-107.22,0.75,0.9,-113.02,19.49,2403.78,424.45,True
1895,19.98,-117.43,0.8,0.7,-120.63,19.46,2551.47,451.11,True
1896,16.48,-56.77,0.52,1.86,-75.43,19.65,1673.49,292.59,True
1897,16.48,-56.84,0.52,1.86,-75.47,19.65,1674.43,292.76,True
1898,15.75,-44.27,0.46,2.1,-66.11,19.69,1492.46,259.9,True
1899,20.43,-125.11,0.83,0.55,-126.36,19.44,2662.78,471.21,True
1900,15.52,-40.19,0.44,2.18,-63.07,19.7,1433.45,249.25,True
1901,16.77,-61.82,0.54,1.76,-79.18,19.63,1746.51,305.77,True
1902,17.18,-68.97,0.57,1.63,-84.51,19.61,1850.01,324.46,True
1903,16.42,-55.85,0.51,1.88,-74.74,19.65,1660.12,290.18,True
1904,15.55,-40.74,0.44,2.17,-63.48,19.7,1441.43,250.69,True
1905,16.94,-64.73,0.55,1.71,-81.35,19.62,1788.59,313.37,True
1906,17.89,-81.29,0.63,1.39,-93.7,19.57,2028.41,356.67,True
1907,18.02,-83.45,0.64,1.35,-95.31,19.57,2059.68,362.32,True
1908,19.06,-101.5,0.72,1.0,-108.76,19.51,2320.92,409.49,True
1909,19.2,-103.92,0.73,0.96,-110.56,19.5,2355.93,415.81,True
1910,20.65,-128.94,0.85,0.48,-129.21,19.42,2718.19,481.21,True
1911,15.78,-44.71,0.46,2.09,-66.44,19.69,1498.87,261.06,True
1912,17.59,-76.1,0.61,1.49,-89.82,19.59,1953.19,343.09,True
1913,17.47,-74.05,0.6,1.53,-88.3,19.6,1923.57,337.74,True
1914,17.77,-79.19,0.62,1.43,-92.13,19.58,1997.96,351.17,True
1915,17.56,-75.51,0.6,1.5,-89.39,19.59,1944.7,341.56,True
1916,17.45,-73.55,0.59,1.54,-87.93,19.6,1916.34,336.44,True
1917,16.97,-65.34,0.56,1.7,-81.81,19.62,1797.46,314.97,True
1918,20.34,-123.6,0.83,0.58,-125.23,19.44,2640.87,467.25,True
1919,20.64,-128.73,0.85,0.48,-129.05,19.42,2715.09,480.65,True
1920,18.91,-98.8,0.71,1.06,-106.74,19.52,2281.85,402.43,True
1921,20.38,-124.21,0.83,0.57,-125.68,19.44,2649.63,468.84,True
1922,18.26,-87.66,0.66,1.27,-98.44,19.55,2120.63,373.32,True
1923,18.2,-86.55,0.65,1.29,-97.62,19.56,2104.55,370.42,True
1924,16.28,-53.43,0.5,1.92,-72.93,19.66,1625.01,283.84,True
1925,16.15,-51.06,0.49,1.97,-71.17,19.67,1590.77,277.65,True
1926,20.34,-123.51,0.82,0.58,-125.16,19.44,2639.55,467.02,True
1927,19.5,-109.1,0.76,0.86,-114.42,19.49,2430.89,429.34,True
1928,17.47,-74.02,0.6,1.53,-88.28,19.6,1923.11,337.66,True
1929,16.02,-48.82,0.48,2.01,-69.5,19.67,1558.34,271.8,True
1930,17.5,-74.52,0.6,1.52,-88.65,19.59,1930.35,338.97,True
1931,17.58,-75.81,0.6,1.5,-89.61,19.59,1949.02,342.34,True
1932,15.93,-47.33,0.47,2.04,-68.39,19.68,1536.78,267.91,True
1933,15.62,-41.99,0.45,2.14,-64.4,19.7,1459.41,253.93,True
1934,18.08,-84.52,0.64,1.33,-96.1,19.56,2075.13,365.11,True
1935,20.89,-133.11,0.87,0.4,-132.32,19.41,2778.56,492.12,True
1936,16.14,-51.03,0.49,1.97,-71.14,19.67,1590.28,277.57,True
1937,15.71,-43.6,0.46,2.11,-65.6,19.69,1482.71,258.14,True
1938,20.68,-129.51,0.85,0.47,-129.63,19.42,2726.47,482.71,True
1939,18.59,-93.26,0.69,1.16,-102.62,19.54,2201.7,387.96,True
1940,17.87,-80.8,0.63,1.4,-93.33,19.57,2021.21,355.37,True
1941,20.33,-123.42,0.82,0.59,-125.09,19.44,2638.21,466.77,True
1942,17.37,-72.23,0.59,1.56,-86.94,19.6,1897.19,332.98,True
1943,15.84,-45.84,0.47,2.07,-67.27,19.68,1515.17,264.0,True
1944,17.27,-70.57,0.58,1.6,-85.71,19.61,1873.23,328.65,True
1945,17.2,-69.24,0.57,1.62,-84.72,19.61,1853.98,325.18,True
1946,20.74,-130.55,0.86,0.45,-130.41,19.42,2741.49,485.42,True
1947,18.27,-87.75,0.66,1.27,-98.51,19.55,2121.86,373.54,True
1948,17.26,-70.42,0.58,1.6,-85.59,19.61,1870.99,328.25,True
1949,16.04,-49.17,0.48,2.01,-69.76,19.67,1563.4,272.71,True
1950,16.55,-58.12,0.52,1.83,-76.43,19.65,1692.96,296.1,True
1951,19.34,-106.34,0.75,0.91,-112.36,19.49,2390.98,422.14,True
1952,18.0,-83.15,0.64,1.36,-95.08,19.57,2055.27,361.52,True
1953,17.07,-66.99,0.56,1.66,-83.04,19.62,1821.37,319.29,True
1954,20.47,-125.87,0.84,0.54,-126.92,19.43,2673.79,473.2,True
1955,19.39,-107.23,0.75,0.9,-113.03,19.49,2403.87,424.46,True
1956,17.57,-75.78,0.6,1.5,-89.59,19.59,1948.6,342.26,True
1957,16.36,-54.8,0.51,1.9,-73.95,19.66,1644.86,287.42,True
1958,20.23,-121.69,0.82,0.62,-123.8,19.45,2613.17,462.25,True
1959,18.38,-89.64,0.67,1.23,-99.92,19.55,2149.3,378.5,True
1960,19.34,-106.37,0.75,0.91,-112.39,19.49,2391.5,422.23,True
1961,17.2,-69.36,0.57,1.62,-84.81,19.61,1855.7,325.49,True
1962,19.03,-100.87,0.72,1.02,-108.29,19.51,2311.78,407.83,True
1963,17.99,-82.89,0.64,1.36,-94.88,19.57,2051.47,360.83,True
1964,18.02,-83.51,0.64,1.35,-95.35,19.57,2060.45,362.46,True
1965,17.7,-77.95,0.61,1.46,-91.2,19.58,1979.99,347.93,True
1966,20.76,-130.91,0.86,0.44,-130.67,19.42,2746.64,486.35,True
1967,16.13,-50.82,0.49,1.97,-70.99,19.67,1587.28,277.02,True
1968,16.47,-56.6,0.52,1.86,-75.29,19.65,1670.93,292.13,True
1969,18.5,-91.73,0.68,1.19,-101.48,19.54,2179.5,383.95,True
1970,18.46,-91.09,0.67,1.2,-101.0,19.54,2170.19,382.27,True
1971,20.59,-127.95,0.85,0.5,-128.47,19.43,2703.88,478.63,True
1972,16.82,-62.72,0.54,1.75,-79.86,19.63,1759.6,308.14,True
1973,16.89,-64.0,0.55,1.72,-80.81,19.63,1778.05,311.47,True
1974,20.56,-127.42,0.84,0.51,-128.08,19.43,2696.22,477.25,True
1975,16.55,-58.1,0.52,1.83,-76.41,19.65,1692.65,296.05,True
1976,19.41,-107.5,0.75,0.89,-113.23,19.49,2407.75,425.16,True
1977,20.12,-119.76,0.81,0.66,-122.37,19.45,2585.3,457.22,True
1978,18.2,-86.59,0.65,1.29,-97.65,19.56,2105.14,370.53,True
1979,20.48,-126.01,0.84,0.54,-127.02,19.43,2675.69,473.54,True
1980,15.49,-39.71,0.44,2.19,-62.71,19.7,1426.49,247.99,True
1981,16.15,-51.2,0.49,1.97,-71.27,19.67,1592.78,278.02,True
1982,16.61,-59.05,0.53,1.82,-77.12,19.64,1706.45,298.54,True
1983,16.66,-60.03,0.53,1.8,-77.85,19.64,1720.65,301.1,True
1984,19.65,-111.59,0.77,0.81,-116.28,19.48,2467.02,435.86,True
1985,20.16,-120.42,0.81,0.64,-122.85,19.45,2594.76,458.93,True
1986,17.88,-81.04,0.63,1.4,-93.51,19.57,2024.79,356.02,True
1987,19.57,-110.32,0.76,0.84,-115.33,19.48,2448.68,432.55,True
1988,15.61,-41.74,0.45,2.15,-64.22,19.7,1455.88,253.3,True
1989,20.1,-119.43,0.81,0.66,-122.12,19.45,2580.48,456.35,True
1990,16.21,-52.17,0.5,1.95,-71.99,19.66,1606.8,280.55,True
1991,18.54,-92.41,0.68,1.18,-101.98,19.54,2189.28,385.72,True
1992,18.98,-100.0,0.72,1.03,-107.64,19.51,2299.21,405.57,True
1993,15.83,-45.56,0.46,2.07,-67.07,19.68,1511.12,263.27,True
1994,16.79,-62.25,0.54,1.76,-79.51,19.63,1752.76,306.9,True
1995,18.15,-85.76,0.65,1.31,-97.03,19.56,2093.06,368.34,True
1996,18.71,-95.32,0.69,1.12,-104.15,19.53,2231.5,393.34,True
1997,18.4,-90.07,0.67,1.22,-100.24,19.55,2155.51,379.62,True
1998,17.86,-80.77,0.63,1.4,-93.3,19.57,2020.78,355.29,True
1999,16.08,-50.01,0.49,1.99,-70.38,19.67,1575.5,274.9,True
2000,17.21,-69.5,0.58,1.62,-84.91,19.61,1857.74,325.85,True
2001,15.54,-40.54,0.44,2.17,-63.33,19.7,1438.48,250.16,True
2002,19.69,-112.31,0.77,0.8,-116.81,19.48,2477.45,437.75,True
2003,17.34,-71.77,0.59,1.57,-86.6,19.6,1890.56,331.78,True
2004,19.01,-100.51,0.72,1.02,-108.02,19.51,2306.59,406.9,True
2005,20.89,-133.1,0.87,0.4,-132.31,19.41,2778.41,492.09,True
2006,17.02,-66.11,0.56,1.68,-82.38,19.62,1808.56,316.98,True
2007,19.2,-103.8,0.73,0.96,-110.47,19.5,2354.19,415.49,True
2008,19.14,-102.91,0.73,0.98,-109.81,19.51,2341.3,413.17,True
2009,18.06,-84.13,0.64,1.34,-95.81,19.56,2069.46,364.08,True
2010,17.83,-80.17,0.62,1.41,-92.86,19.58,2012.15,353.74,True
2011,17.99,-82.97,0.64,1.36,-94.95,19.57,2052.76,361.07,True
2012,19.24,-104.5,0.74,0.95,-111.0,19.5,2364.42,417.34,True
2013,18.87,-98.15,0.71,1.07,-106.26,19.52,2272.44,400.73,True
2014,20.12,-119.77,0.81,0.66,-122.38,19.45,2585.48,457.25,True
2015,18.53,-92.26,0.68,1.18,-101.87,19.54,2187.22,385.35,True
2016,16.79,-62.17,0.54,1.76,-79.45,19.63,1751.61,306.69,True
2017,19.66,-111.85,0.77,0.81,-116.47,19.48,2470.72,436.53,True
2018,16.63,-59.48,0.53,1.81,-77.44,19.64,1712.67,299.66,True
2019,20.48,-125.97,0.84,0.54,-126.99,19.43,2675.12,473.44,True
2020,20.77,-130.96,0.86,0.44,-130.71,19.42,2747.43,486.49,True
2021,17.2,-69.26,0.57,1.62,-84.73,19.61,1854.29,325.23,True
2022,20.51,-126.53,0.84,0.53,-127.41,19.43,2683.3,474.92,True
2023,18.1,-84.78,0.65,1.32,-96.3,19.56,2078.92,365.79,True
2024,19.2,-103.94,0.73,0.96,-110.57,19.5,2356.21,415.86,True
2025,19.29,-105.37,0.74,0.93,-111.64,19.5,2376.92,419.6,True
2026,16.0,-48.55,0.48,2.02,-69.29,19.68,1554.39,271.08,True
2027,18.03,-83.72,0.64,1.34,-95.5,19.57,2063.53,363.01,True
2028,17.27,-70.49,0.58,1.6,-85.65,19.61,1872.07,328.44,True
2029,20.85,-132.35,0.87,0.41,-131.75,19.41,2767.59,490.13,True
2030,19.55,-109.89,0.76,0.84,-115.01,19.48,2442.35,431.41,True
2031,18.02,-83.44,0.64,1.35,-95.3,19.57,2059.56,362.3,True
2032,16.58,-58.5,0.52,1.83,-76.71,19.64,1698.46,297.1,True
2033,19.38,-106.91,0.75,0.9,-112.79,19.49,2399.2,423.62,True
2034,20.0,-117.7,0.8,0.7,-120.83,19.46,2555.45,451.83,True
2035,20.04,-118.32,0.8,0.68,-121.29,19.46,2564.46,453.46,True
2036,16.91,-64.28,0.55,1.72,-81.02,19.63,1782.17,312.21,True
2037,19.99,-117.52,0.8,0.7,-120.7,19.46,2552.91,451.37,True
2038,15.56,-40.98,0.44,2.16,-63.66,19.7,1444.89,251.31,True
2039,19.14,-102.86,0.73,0.98,-109.77,19.51,2340.58,413.04,True
2040,19.62,-111.18,0.77,0.82,-115.97,19.48,2461.12,434.8,True
2041,15.78,-44.71,0.46,2.09,-66.43,19.69,1498.81,261.05,True
2042,20.16,-120.52,0.81,0.64,-122.93,19.45,2596.33,459.21,True
2043,18.91,-98.83,0.71,1.06,-106.76,19.52,2282.25,402.5,True
2044,19.13,-102.71,0.73,0.98,-109.66,19.51,2338.48,412.66,True
2045,17.99,-82.91,0.64,1.36,-94.91,19.57,2051.89,360.91,True
2046,18.19,-86.49,0.65,1.29,-97.57,19.56,2103.64,370.25,True
2047,19.3,-105.56,0.74,0.93,-111.79,19.5,2379.78,420.11,True
2048,16.32,-54.15,0.5,1.91,-73.47,19.66,1635.44,285.72,True
2049,18.16,-85.97,0.65,1.3,-97.19,19.56,2096.19,368.91,True
2050,19.68,-112.15,0.77,0.8,-116.69,19.48,2475.04,437.31,True
2051,20.88,-132.88,0.87,0.4,-132.14,19.41,2775.23,491.51,True
2052,18.98,-100.0,0.72,1.03,-107.64,19.51,2299.28,405.58,True
2053,16.43,-55.98,0.51,1.88,-74.83,19.65,1661.91,290.5,True
2054,18.68,-94.89,0.69,1.13,-103.83,19.53,2225.3,392.22,True
2055,19.72,-112.87,0.78,0.79,-117.23,19.47,2485.57,439.21,True
2056,16.63,-59.39,0.53,1.81,-77.37,19.64,1711.29,299.41,True
2057,19.29,-105.43,0.74,0.93,-111.69,19.5,2377.88,419.77,True
2058,17.27,-70.44,0.58,1.6,-85.61,19.61,1871.28,328.3,True
2059,15.57,-41.06,0.44,2.16,-63.71,19.7,1445.99,251.51,True
2060,19.04,-101.18,0.72,1.01,-108.51,19.51,2316.24,408.64,True
2061,18.75,-96.12,0.7,1.11,-104.75,19.53,2243.09,395.43,True
2062,18.17,-86.06,0.65,1.3,-97.25,19.56,2097.47,369.14,True
2063,15.48,-39.53,0.44,2.19,-62.57,19.7,1423.82,247.51,True
2064,17.23,-69.8,0.58,1.61,-85.13,19.61,1862.0,326.62,True
2065,16.85,-63.26,0.55,1.74,-80.26,19.63,1767.43,309.55,True
2066,17.68,-77.63,0.61,1.46,-90.97,19.58,1975.45,347.11,True
2067,20.52,-126.68,0.84,0.52,-127.52,19.43,2685.46,475.3,True
2068,18.04,-83.75,0.64,1.34,-95.53,19.57,2064.06,363.11,True
2069,16.5,-57.19,0.52,1.85,-75.74,19.65,1679.55,293.68,True
2070,19.42,-107.69,0.75,0.89,-113.37,19.49,2410.53,425.67,True
2071,15.48,-39.6,0.44,2.19,-62.62,19.7,1424.8,247.69,True
2072,20.06,-118.79,0.8,0.67,-121.64,19.46,2571.28,454.69,True
2073,17.33,-71.46,0.58,1.58,-86.37,19.6,1886.14,330.98,True
2074,19.84,-114.98,0.79,0.75,-118.81,19.47,2516.14,444.73,True
2075,17.12,-67.83,0.57,1.65,-83.66,19.62,1833.54,321.49,True
2076,17.01,-66.04,0.56,1.68,-82.33,19.62,1807.65,316.81,True
2077,16.1,-50.2,0.49,1.99,-70.52,19.67,1578.25,275.39,True
2078,18.16,-85.86,0.65,1.3,-97.1,19.56,2094.59,368.62,True
2079,19.98,-117.33,0.8,0.7,-120.55,19.46,2550.04,450.85,True
2080,15.93,-47.33,0.47,2.04,-68.38,19.68,1536.72,267.89,True
2081,16.18,-51.71,0.49,1.96,-71.65,19.67,1600.17,279.35,True
2082,19.38,-106.99,0.75,0.9,-112.85,19.49,2400.42,423.84,True
2083,16.35,-54.57,0.51,1.9,-73.79,19.66,1641.63,286.84,True
2084,18.13,-85.34,0.65,1.31,-96.71,19.56,2086.98,367.25,True
2085,20.81,-131.7,0.86,0.43,-131.26,19.42,2758.12,488.42,True
2086,20.83,-132.01,0.86,0.42,-131.49,19.41,2762.59,489.23,True
2087,15.67,-42.91,0.45,2.13,-65.09,19.69,1472.72,256.34,True
2088,19.11,-102.26,0.73,0.99,-109.33,19.51,2331.99,411.49,True
2089,17.14,-68.3,0.57,1.64,-84.01,19.61,1840.33,322.71,True
2090,20.9,-133.21,0.87,0.4,-132.39,19.41,2779.94,492.36,True
2091,19.68,-112.09,0.77,0.8,-116.65,19.48,2474.29,437.18,True
2092,18.33,-88.91,0.66,1.25,-99.38,19.55,2138.75,376.59,True
2093,17.58,-75.81,0.6,1.5,-89.61,19.59,1949.03,342.34,True
2094,15.49,-39.8,0.44,2.18,-62.77,19.7,1427.75,248.22,True
2095,18.64,-94.19,0.69,1.14,-103.31,19.53,2215.18,390.39,True
2096,19.56,-110.1,0.76,0.84,-115.16,19.48,2445.41,431.96,True
2097,19.09,-102.01,0.73,0.99,-109.14,19.51,2328.38,410.83,True
2098,18.31,-88.54,0.66,1.25,-99.1,19.55,2133.36,375.62,True
2099,16.79,-62.16,0.54,1.76,-79.44,19.63,1751.49,306.67,True
2100,20.83,-132.1,0.86,0.42,-131.56,19.41,2763.97,489.48,True
2101,17.38,-72.39,0.59,1.56,-87.06,19.6,1899.51,333.4,True
2102,16.85,-63.26,0.55,1.74,-80.26,19.63,1767.34,309.53,True
2103,17.39,-72.54,0.59,1.56,-87.17,19.6,1901.72,333.8,True
2104,16.36,-54.74,0.51,1.9,-73.91,19.66,1644.04,287.27,True
2105,20.63,-128.64,0.85,0.49,-128.99,19.42,2713.87,480.44,True
2106,15.9,-46.75,0.47,2.05,-67.95,19.68,1528.31,266.38,True
2107,17.53,-74.92,0.6,1.51,-88.94,19.59,1936.09,340.0,True
2108,19.85,-115.18,0.79,0.74,-118.95,19.47,2518.95,445.24,True
2109,18.23,-87.18,0.66,1.28,-98.08,19.55,2113.6,372.05,True
2110,20.33,-123.45,0.82,0.59,-125.12,19.44,2638.69,466.86,True
2111,15.76,-44.45,0.46,2.1,-66.24,19.69,1495.03,260.37,True
2112,16.24,-52.73,0.5,1.94,-72.41,19.66,1614.9,282.01,True
2113,17.74,-78.68,0.62,1.44,-91.75,19.58,1990.66,349.86,True
2114,20.84,-132.14,0.86,0.42,-131.59,19.41,2764.45,489.57,True
2115,19.0,-100.47,0.72,1.02,-107.99,19.51,2305.95,406.78,True
2116,16.45,-56.29,0.51,1.87,-75.06,19.65,1666.42,291.31,True
2117,18.49,-91.63,0.68,1.19,-101.4,19.54,2178.04,383.69,True
2118,19.18,-103.55,0.73,0.97,-110.29,19.5,2350.66,414.85,True
2119,18.69,-95.01,0.69,1.13,-103.92,19.53,2227.04,392.54,True
2120,18.88,-98.27,0.71,1.07,-106.35,19.52,2274.11,401.03,True
2121,17.25,-70.22,0.58,1.6,-85.45,19.61,1868.16,327.74,True
2122,18.93,-99.22,0.71,1.05,-107.06,19.52,2287.9,403.52,True
2123,17.75,-78.81,0.62,1.44,-91.84,19.58,1992.41,350.17,True
2124,15.6,-41.58,0.45,2.15,-64.1,19.7,1453.47,252.86,True
2125,19.6,-110.72,0.77,0.83,-115.63,19.48,2454.4,433.59,True
2126,17.55,-75.31,0.6,1.51,-89.24,19.59,1941.85,341.04,True
2127,20.13,-119.87,0.81,0.65,-122.45,19.45,2586.88,457.51,True
2128,17.7,-77.92,0.61,1.46,-91.19,19.58,1979.63,347.86,True
2129,17.76,-79.06,0.62,1.43,-92.03,19.58,1996.07,350.83,True
2130,15.67,-42.91,0.45,2.12,-65.09,19.69,1472.78,256.35,True
2131,19.91,-116.15,0.79,0.72,-119.67,19.46,2532.98,447.77,True
2132,20.69,-129.62,0.85,0.47,-129.71,19.42,2727.94,482.98,True
2133,19.56,-110.04,0.76,0.84,-115.12,19.48,2444.58,431.81,True
2134,19.22,-104.24,0.74,0.95,-110.8,19.5,2360.64,416.66,True
2135,16.86,-63.38,0.55,1.73,-80.35,19.63,1769.11,309.85,True
2136,19.34,-106.23,0.74,0.91,-112.28,19.5,2389.39,421.85,True
2137,15.96,-47.79,0.48,2.03,-68.73,19.68,1543.43,269.11,True
2138,16.06,-49.54,0.48,2.0,-70.04,19.67,1568.82,273.69,True
2139,20.36,-123.94,0.83,0.58,-125.48,19.44,2645.76,468.14,True
2140,20.9,-133.2,0.87,0.4,-132.38,19.41,2779.85,492.35,True
2141,16.38,-55.06,0.51,1.89,-74.15,19.66,1648.69,288.11,True
2142,17.68,-77.67,0.61,1.46,-91.0,19.58,1976.0,347.21,True
2143,19.62,-111.14,0.77,0.82,-115.94,19.48,2460.49,434.69,True
2144,16.74,-61.33,0.54,1.77,-78.82,19.64,1739.43,304.49,True
2145,17.58,-75.83,0.6,1.5,-89.63,19.59,1949.4,342.41,True
2146,19.77,-113.68,0.78,0.77,-117.84,19.47,2497.31,441.33,True
2147,16.4,-55.45,0.51,1.89,-74.44,19.65,1654.35,289.13,True
2148,20.28,-122.5,0.82,0.6,-124.41,19.44,2624.9,464.37,True
2149,15.96,-47.93,0.48,2.03,-68.83,19.68,1545.45,269.47,True
2150,20.35,-123.73,0.83,0.58,-125.32,19.44,2642.73,467.59,True
2151,18.13,-85.32,0.65,1.31,-96.7,19.56,2086.7,367.2,True
2152,18.98,-99.99,0.72,1.03,-107.63,19.51,2299.07,405.54,True
2153,19.8,-114.28,0.78,0.76,-118.28,19.47,2506.0,442.9,True
2154,16.05,-49.5,0.48,2.0,-70.0,19.67,1568.17,273.57,True
2155,18.45,-90.93,0.67,1.21,-100.88,19.54,2167.98,381.87,True
2156,18.87,-98.17,0.71,1.07,-106.28,19.52,2272.77,400.79,True
2157,20.43,-125.2,0.83,0.55,-126.42,19.44,2664.01,471.43,True
2158,20.16,-120.48,0.81,0.64,-122.9,19.45,2595.64,459.09,True
2159,17.43,-73.2,0.59,1.55,-87.67,19.6,1911.26,335.52,True
2160,18.46,-91.05,0.67,1.2,-100.97,19.54,2169.66,382.17,True
2161,17.51,-74.69,0.6,1.52,-88.78,19.59,1932.86,339.42,True
2162,15.89,-46.7,0.47,2.05,-67.91,19.68,1527.57,266.24,True
2163,16.12,-50.69,0.49,1.98,-70.89,19.67,1585.43,276.69,True
2164,16.72,-61.07,0.54,1.78,-78.63,19.64,1735.67,303.82,True
2165,16.42,-55.76,0.51,1.88,-74.67,19.65,1658.84,289.94,True
2166,17.81,-79.81,0.62,1.42,-92.59,19.58,2006.96,352.8,True
2167,16.98,-65.51,0.56,1.69,-81.93,19.62,1799.9,315.41,True
2168,19.72,-112.83,0.78,0.79,-117.2,19.47,2484.89,439.09,True
2169,19.23,-104.35,0.74,0.95,-110.88,19.5,2362.18,416.93,True
2170,19.77,-113.73,0.78,0.77,-117.87,19.47,2497.94,441.45,True
2171,20.66,-129.03,0.85,0.48,-129.28,19.42,2719.53,481.46,True
2172,18.67,-94.63,0.69,1.14,-103.64,19.53,2221.54,391.54,True
2173,17.82,-79.98,0.62,1.42,-92.72,19.58,2009.44,353.25,True
2174,20.48,-126.01,0.84,0.54,-127.02,19.43,2675.68,473.54,True
2175,18.1,-84.84,0.65,1.32,-96.34,19.56,2079.72,365.93,True
2176,20.59,-127.92,0.84,0.5,-128.45,19.43,2703.38,478.54,True
2177,16.49,-57.05,0.52,1.85,-75.63,19.65,1677.46,293.31,True
2178,17.61,-76.33,0.61,1.49,-90.0,19.59,1956.62,343.71,True
2179,16.25,-52.85,0.5,1.93,-72.5,19.66,1616.68,282.33,True
2180,20.69,-129.62,0.85,0.47,-129.71,19.42,2727.97,482.98,True
2181,18.18,-86.32,0.65,1.3,-97.44,19.56,2101.16,369.81,True
2182,16.62,-59.35,0.53,1.81,-77.35,19.64,1710.8,299.32,True
2183,20.1,-119.39,0.81,0.66,-122.09,19.45,2579.94,456.25,True
2184,16.38,-55.05,0.51,1.89,-74.14,19.66,1648.55,288.09,True
2185,16.65,-59.73,0.53,1.8,-77.63,19.64,1716.31,300.32,True
2186,16.42,-55.8,0.51,1.88,-74.7,19.65,1659.35,290.03,True
2187,19.85,-115.07,0.79,0.75,-118.87,19.47,2517.4,444.96,True
2188,17.45,-73.62,0.59,1.54,-87.98,19.6,1917.41,336.63,True
2189,20.67,-129.24,0.85,0.47,-129.43,19.42,2722.48,481.99,True
2190,16.24,-52.65,0.5,1.94,-72.35,19.66,1613.85,281.82,True
2191,20.05,-118.62,0.8,0.68,-121.52,19.46,2568.78,454.24,True
2192,17.07,-67.12,0.56,1.66,-83.14,19.62,1823.28,319.63,True
2193,18.92,-99.0,0.71,1.05,-106.89,19.52,2284.73,402.95,True
2194,17.42,-73.13,0.59,1.55,-87.61,19.6,1910.21,335.33,True
2195,18.9,-98.68,0.71,1.06,-106.66,19.52,2280.12,402.12,True
2196,19.26,-104.9,0.74,0.94,-111.29,19.5,2370.15,418.37,True
2197,17.85,-80.48,0.63,1.41,-93.09,19.58,2016.62,354.54,True
2198,19.73,-113.06,0.78,0.78,-117.37,19.47,2488.31,439.71,True
2199,17.01,-66.04,0.56,1.68,-82.33,19.62,1807.57,316.8,True
2200,17.95,-82.33,0.63,1.37,-94.47,19.57,2043.48,359.39,True
2201,16.71,-60.86,0.54,1.78,-78.47,19.64,1732.56,303.25,True
2202,17.11,-67.67,0.57,1.65,-83.54,19.62,1831.14,321.05,True
2203,18.37,-89.51,0.67,1.23,-99.82,19.55,2147.3,378.14,True
2204,16.2,-52.05,0.49,1.95,-71.9,19.66,1605.04,280.23,True
2205,18.36,-89.38,0.67,1.24,-99.73,19.55,2145.51,377.81,True
2206,19.7,-112.6,0.77,0.79,-117.03,19.48,2481.61,438.5,True
2207,18.71,-95.32,0.69,1.12,-104.15,19.53,2231.45,393.33,True
2208,17.73,-78.49,0.62,1.44,-91.61,19.58,1987.82,349.34,True
2209,19.05,-101.34,0.72,1.01,-108.64,19.51,2318.65,409.08,True
2210,15.93,-47.42,0.47,2.04,-68.45,19.68,1538.04,268.13,True
2211,17.56,-75.58,0.6,1.5,-89.44,19.59,1945.75,341.75,True
