,nuc,arexp,ent,ndev,age,asexp,la,ld,target
0,0.0,13.0,0.0,0.0,0.0,11.0,52.0,0.0,True
1,13.0,20.0,0.92,1.0,1.5,0.93,4.0,2.0,True
2,28.0,32.0,1.32,1.0,9.67,0.56,17.0,8.0,True
3,11.79,79.0,3.18,0.36,18.86,0.93,61.0,10.0,True
4,29.75,21.0,0.27,1.0,5.25,1.96,509.0,1.0,False
5,66.0,100.0,0.99,2.5,3.0,0.93,6.0,1.0,True
6,28.6,1.0,1.97,1.2,26.0,1.0,28.0,1.0,False
7,20.24,28.0,2.09,0.59,1.65,2.0,746.0,78.0,True
8,24.29,4.0,2.92,0.71,38.57,0.65,276.0,216.0,True
9,51.2,35.0,2.15,1.6,29.8,2.0,15.0,0.0,True
10,109.5,218.0,0.15,2.25,0.75,0.93,2050.0,3.0,True
11,113.75,130.0,1.42,2.25,23.5,1.0,209.0,5.0,True
12,265.5,184.0,1.0,5.0,56.0,2.0,5.0,1.0,True
13,153.25,206.0,1.65,2.75,4.0,2.0,22.0,8.0,True
14,66.6,248.0,3.01,1.1,0.6,0.93,759.0,18.0,True
15,67.26,219.5,4.11,0.48,24.87,2.0,1206.0,600.0,True
16,110.67,223.0,1.31,1.83,9.33,0.67,282.0,9.0,True
17,96.1,240.5,1.83,1.2,16.4,2.0,221.0,8.0,True
18,63.0,250.5,2.15,0.85,13.92,0.67,322.0,2.0,True
19,63.75,17.0,2.94,0.92,72.67,0.5,697.0,599.0,True
20,394.5,31.0,0.47,6.0,0.0,1.98,24.0,6.0,True
21,298.0,303.5,0.99,3.5,4.5,0.67,44.0,23.0,True
22,14.08,17.0,3.01,1.08,108.5,0.21,45.0,10.0,True
23,30.88,68.5,2.7,1.88,4.5,0.5,140.0,8.0,True
24,72.0,7.0,0.0,11.0,2.0,6.0,3.0,2.0,True
25,7.75,93.0,0.66,1.75,14.5,57.0,588.0,5.0,True
26,58.2,80.0,1.67,3.2,40.2,0.49,96.0,2.0,True
27,11.0,113.0,0.34,2.0,4.0,0.44,880.0,4.0,True
28,45.5,115.5,0.99,7.5,74.0,80.0,16.0,2.0,True
29,2.86,1.0,2.2,1.0,13.86,1.0,1050.0,34.0,False
30,21.71,246.17,2.24,1.86,14.86,0.5,159.0,3.0,True
31,51.0,247.33,0.0,13.0,3.0,10.0,15.0,2.0,True
32,22.0,55.0,0.0,6.0,199.0,27.0,8.0,9.0,True
33,72.67,78.0,1.35,6.0,102.67,0.73,8.0,3.0,True
34,41.5,27.0,1.52,3.0,0.33,0.54,354.0,13.0,True
35,5.0,158.0,0.82,2.67,283.33,78.0,8.0,4.0,True
36,37.77,314.83,2.1,1.46,79.69,1.0,4660.0,106.0,True
37,14.0,323.75,1.06,3.0,321.67,1.0,66.0,2.0,True
38,26.0,354.92,1.62,1.12,9.31,1.0,1736.0,6.0,True
39,6.48,192.5,3.05,0.52,517.28,108.0,243.0,66.0,True
40,1.0,2.0,0.0,1.0,23.0,0.0,13.0,11.0,True
41,0.71,110.67,2.07,0.14,105.0,85.0,446.0,123.0,True
42,0.0,249.5,2.4,0.0,0.0,164.0,761.0,0.0,True
43,87.56,379.78,1.24,2.11,12.78,0.5,1426.0,129.0,True
44,104.67,374.0,1.5,6.33,120.0,1.25,9.0,7.0,True
45,4.0,395.5,0.0,1.0,10.0,283.0,11.0,1.0,False
46,3.86,2.0,2.09,1.14,29.43,1.5,53.0,11.0,False
47,19.0,425.0,0.0,2.0,0.0,303.0,25.0,0.0,True
48,1.0,3.0,2.0,0.2,0.0,3.0,0.0,8.0,True
49,10.5,453.5,1.14,2.75,97.25,331.0,459.0,9.0,True
50,0.0,11.0,0.0,0.0,0.0,6.0,192.0,0.0,True
51,96.0,475.5,0.0,13.0,7.0,346.0,97.0,0.0,True
52,10.0,39.0,0.0,1.0,3.0,31.0,6.0,3.0,True
53,34.5,528.5,1.0,8.5,70.0,1.25,44.0,6.0,True
54,2.0,554.0,0.0,2.0,11.0,31.0,14.0,3.0,True
55,14.0,43.0,1.57,3.33,24.33,33.0,7.0,8.0,True
56,33.73,597.0,3.55,1.67,94.53,0.43,261.0,147.0,True
57,9.44,611.5,5.03,0.24,388.69,0.77,772.0,1222.0,True
58,20.75,52.0,1.74,3.5,159.0,0.0,27.0,56.0,True
59,3.0,64.0,0.0,1.0,1.0,2.0,1.0,0.0,True
60,24.0,127.0,0.0,1.0,36.0,97.0,17.0,3.0,True
61,3.0,7.0,1.16,1.0,91.75,0.74,359.0,4.0,True
62,3.5,16.0,4.34,0.23,65.68,1.0,83.0,58.0,True
63,61.05,172.0,4.07,1.25,22.35,0.03,25.0,29.0,True
64,45.5,92.0,2.38,2.5,10.2,20.0,72.0,18.0,True
65,33.62,11.0,2.47,1.92,6.77,10.0,643.0,9.0,True
66,10.2,738.5,5.26,0.39,18.33,589.0,1296.0,219.0,True
67,13.0,57.0,1.0,3.5,11.0,0.0,59.0,7.0,True
68,5.23,224.0,0.9,0.23,12.0,160.0,845.0,562.0,True
69,12.0,50.0,1.12,2.5,86.25,1.0,570.0,461.0,True
70,45.19,781.0,3.95,0.81,149.72,624.0,822.0,380.0,True
71,93.0,789.17,1.74,6.75,10.25,1.07,25.0,39.0,True
72,43.0,233.0,0.0,13.0,3.0,169.0,2.0,23.0,True
73,20.0,172.0,0.0,6.0,8.0,34.0,20.0,4.0,True
74,75.33,45.0,0.47,7.67,17.33,31.0,1428.0,108.0,True
75,54.67,65.0,1.29,8.67,16.67,0.87,108.0,7.0,True
76,14.0,185.0,0.0,5.0,45.0,35.0,3.0,1.0,True
77,11.25,821.0,1.98,1.62,106.25,1.25,225.0,127.0,True
78,3.5,70.5,1.57,1.0,34.5,2.0,338.0,174.0,True
79,13.0,264.0,0.76,4.0,31.5,197.0,14.0,4.0,True
80,55.58,5.0,3.03,2.67,44.58,0.47,147.0,221.0,True
81,20.33,206.0,4.35,0.67,104.46,0.0,118.0,142.0,True
82,46.53,52.0,3.29,1.94,117.76,0.0,665.0,174.0,True
83,5.0,54.0,0.72,2.5,24.5,47.0,35.0,0.0,True
84,24.5,19.0,1.23,1.25,0.0,18.0,30.0,39.0,True
85,148.0,832.83,0.0,28.0,2.0,785.0,1.0,1.0,True
86,65.1,830.17,2.37,2.8,7.6,786.0,105.0,112.0,True
87,7.75,34.0,1.77,2.5,873.0,3.0,10.0,15.0,True
88,117.75,21.0,1.36,8.0,28.5,1.03,395.0,34.0,True
89,6.33,857.0,1.12,1.67,78.67,836.0,44.0,14.0,True
90,12.0,243.0,0.0,6.0,3.0,12.0,1.0,1.0,True
91,77.43,851.17,2.25,4.14,5.57,849.0,391.0,161.0,True
92,12.0,361.5,0.25,2.5,0.0,296.0,25.0,22.0,True
93,8.46,1.0,2.95,0.62,108.0,1.0,132.0,26.0,False
94,41.33,216.0,2.63,1.67,18.38,0.16,396.0,363.0,True
95,22.2,385.5,0.07,2.4,9.6,0.23,1651.0,2.0,True
96,110.8,18.0,1.89,7.0,7.0,0.46,578.0,35.0,True
97,23.5,848.17,3.21,2.7,24.8,0.72,56.0,55.0,True
98,2.25,66.0,2.0,1.0,50.5,0.5,4.0,4.0,True
99,1.14,209.5,2.6,0.21,14.21,1.0,453.0,14.0,True
100,3.67,312.5,1.4,1.0,3.0,0.0,18.0,13.0,True
101,9.5,66.0,0.96,3.5,65.0,30.0,320.0,17.0,True
102,3.0,246.0,0.0,1.0,496.0,205.0,23.0,1.0,False
103,3.35,87.5,4.1,0.4,117.93,0.22,384.0,576.0,True
104,17.4,852.75,1.99,2.8,2.2,914.0,30.0,81.0,True
105,18.0,274.0,0.0,9.0,56.0,230.0,3.0,2.0,True
106,21.0,280.5,0.0,9.0,0.0,238.0,3.0,4.0,True
107,15.31,67.0,4.28,0.54,74.86,64.0,1330.0,791.0,True
108,177.14,27.0,2.25,5.29,12.29,0.54,141.0,0.0,True
109,5.33,100.0,1.18,0.67,4.0,18.0,121.0,166.0,True
110,90.92,851.92,2.51,2.77,12.85,1.25,1008.0,127.0,True
111,2.0,856.08,0.0,1.0,3.0,952.0,35.0,0.0,True
112,13.75,0.0,0.82,3.0,1.25,0.0,165.0,0.0,True
113,8.86,93.0,4.37,0.48,5.45,1.0,1445.0,715.0,True
114,6.33,33.5,0.27,2.67,95.33,30.0,866.0,3.0,True
115,10.0,350.5,0.94,4.0,38.0,0.0,121.0,12.0,True
116,25.0,363.5,0.75,5.5,293.0,301.0,13.0,1.0,True
117,24.09,85.0,3.02,2.09,1.45,68.0,1050.0,0.0,True
118,5.5,100.0,3.2,0.5,196.14,0.4,758.0,195.0,True
119,3.0,1.0,0.0,1.0,4.0,1.0,3.0,0.0,False
120,7.43,24.0,0.58,1.57,21.14,16.0,352.0,331.0,True
121,6.25,71.83,2.0,1.75,192.0,69.0,27.0,0.0,True
122,1.0,162.0,0.0,1.0,0.0,30.0,118.0,0.0,True
123,14.41,847.0,4.21,0.49,78.11,994.0,652.0,194.0,True
124,5.33,846.0,1.67,1.33,7.5,1006.0,912.0,9.0,True
125,149.4,42.0,0.69,8.4,12.0,0.06,97.0,22.0,True
126,28.33,33.0,2.4,5.17,38.33,32.0,46.0,6.0,True
127,46.5,9.0,1.92,4.0,0.0,5.0,226.0,0.0,True
128,15.27,838.83,3.51,0.92,113.24,1.22,396.0,212.0,True
129,16.0,389.0,0.0,8.0,5.0,11.0,20.0,0.0,True
130,10.0,1.0,0.0,6.0,152.0,1.0,9.0,0.0,False
131,3.5,3.0,3.34,0.31,0.0,1.0,150.0,92.0,True
132,19.29,18.0,2.63,1.43,7.0,18.0,107.0,65.0,True
133,25.74,111.0,4.13,1.39,83.35,95.0,80.0,76.0,True
134,16.92,22.0,1.98,2.08,50.08,22.0,154.0,10.0,True
135,3.0,9.0,0.0,3.0,61.0,4.0,6.0,3.0,True
136,36.0,14.0,0.0,10.0,14.0,8.0,3.0,0.0,True
137,11.25,32.0,0.72,1.75,8.25,30.0,2798.0,9.0,True
138,16.09,26.0,2.27,1.82,120.18,16.0,3566.0,15.0,True
139,12.0,9.0,0.0,6.0,130.0,4.0,15.0,0.0,True
140,10.2,108.17,1.9,1.2,1.2,0.0,1431.0,297.0,True
141,24.33,314.0,1.56,4.67,21.67,233.0,142.0,33.0,True
142,86.33,139.0,2.72,5.33,42.67,0.25,109.0,173.0,True
143,13.71,142.0,4.07,1.21,39.71,103.0,673.0,577.0,True
144,5.0,55.0,0.0,1.0,236.0,50.0,3.0,1.0,True
145,15.67,42.0,1.09,3.0,150.33,1.0,26.0,2.0,True
146,93.29,43.0,2.22,7.14,0.71,1.0,80.0,3.0,True
147,57.69,63.0,3.13,3.75,7.31,0.29,837.0,219.0,True
148,3.88,1.0,1.75,0.88,978.38,1.0,155.0,68.0,False
149,30.1,115.0,2.74,2.8,17.9,121.0,503.0,0.0,True
150,0.0,131.5,0.0,0.0,0.0,34.0,183.0,0.0,True
151,52.8,129.0,1.45,6.2,25.4,0.93,288.0,0.0,True
152,250.33,78.0,0.97,17.0,13.0,74.0,24.0,14.0,True
153,109.0,71.0,0.62,14.67,45.0,0.11,265.0,22.0,True
154,6.0,16.0,0.76,3.33,47.67,13.0,2263.0,1.0,True
155,95.6,591.45,2.41,6.6,58.5,1.09,164.0,277.0,True
156,77.5,0.0,1.19,7.5,10.5,0.0,91.0,0.0,True
157,183.0,58.0,1.49,17.67,6.33,0.82,16.0,4.0,True
158,7.75,79.0,2.51,0.75,0.0,7.0,51.0,9.0,True
159,13.0,355.5,0.0,6.0,4.0,37.0,39.0,10.0,True
160,12.79,358.5,1.64,1.0,15.57,0.2,1457.0,185.0,True
161,1.67,111.0,0.54,1.0,61.33,112.0,1539.0,0.0,True
162,148.0,1.0,0.0,40.0,38.0,1.0,5.0,0.0,False
163,37.0,171.0,0.0,7.0,2.0,32.0,20.0,5.0,True
164,50.47,100.5,3.09,3.47,23.82,103.0,1548.0,62.0,True
165,124.0,48.5,0.0,31.0,6.0,16.0,4.0,2.0,True
166,4.5,92.5,0.88,1.5,92.5,9.0,364.0,25.0,True
167,140.5,12.5,0.63,24.5,54.5,0.2,25.0,0.0,True
168,4.0,57.0,0.0,4.0,4.0,6.0,3.0,0.0,True
169,164.8,382.83,2.12,13.6,42.2,0.31,33.0,7.0,True
170,48.0,2.0,0.0,10.0,39.0,0.0,8.0,0.0,True
171,221.33,533.4,1.55,23.33,14.33,1110.0,15.0,2.0,True
172,4.0,109.5,0.0,1.0,140.0,121.0,10.0,1.0,False
173,52.36,368.83,2.27,5.73,52.36,334.0,1094.0,138.0,True
174,52.21,109.5,3.16,2.59,17.28,1.0,8177.0,81.0,True
175,14.5,1.0,2.03,2.0,409.17,0.0,80.0,69.0,True
176,66.33,190.0,1.12,12.33,115.33,0.84,51.0,37.0,True
177,5.06,34.0,2.69,1.0,83.29,0.96,5284.0,280.0,True
178,2.0,129.0,0.99,0.5,65.0,6.0,12.0,15.0,True
179,193.4,194.5,1.73,14.2,51.0,0.0,72.0,41.0,True
180,25.71,98.67,1.88,4.86,16.0,84.0,244.0,162.0,True
181,302.5,45.5,1.0,35.0,5.5,49.0,2.0,2.0,True
182,98.0,1.0,0.99,14.67,62.67,0.5,65.0,38.0,True
183,1.0,142.5,0.0,1.0,0.0,2.0,0.0,73.0,True
184,168.2,2.0,1.28,14.6,27.2,1.5,185.0,8.0,True
185,44.0,7.0,0.94,11.5,150.5,0.09,14.0,3.0,True
186,40.31,183.83,2.42,3.69,404.38,0.0,9.0,246.0,True
187,56.33,6.0,0.78,15.0,17.67,1.0,60.0,16.0,True
188,48.67,406.5,1.11,9.0,19.67,27.0,30.0,35.0,True
189,73.0,27.5,0.0,18.0,24.0,20.0,11.0,0.0,True
190,123.67,410.5,1.24,18.0,46.0,1.72,29.0,8.0,True
191,65.5,60.5,1.88,10.0,69.5,56.0,32.0,0.0,True
192,85.75,0.0,0.55,10.0,8.75,0.0,542.0,0.0,True
193,40.22,7.0,1.84,4.78,93.11,0.5,532.0,232.0,True
194,12.0,110.67,0.88,4.5,27.5,49.0,263.0,6.0,True
195,51.18,134.33,2.8,3.55,30.68,1.28,639.0,377.0,True
196,47.0,71.0,1.68,7.75,3.0,79.0,54.0,33.0,True
197,48.67,136.5,1.32,7.5,85.67,1.0,900.0,386.0,True
198,23.0,145.83,0.0,8.0,2.0,175.0,6.0,1.0,True
199,8.08,21.5,3.53,1.67,11.75,0.0,16.0,48.0,True
200,149.12,82.05,2.5,10.88,9.75,0.0,234.0,16.0,True
201,28.27,3.0,2.67,4.36,33.27,0.38,151.0,42.0,True
202,20.0,3.0,0.0,7.0,169.0,1.0,2.0,2.0,True
203,148.5,132.25,1.98,12.0,24.67,180.0,89.0,85.0,True
204,134.0,7.0,0.0,36.0,8.0,2.0,42.0,74.0,True
205,34.9,143.17,4.96,1.23,73.0,0.2,1853.0,673.0,True
206,23.5,2.0,1.09,5.0,28.75,2.0,490.0,8.0,True
207,15.0,133.5,0.26,2.5,57.5,0.13,100.0,11.0,True
208,42.55,75.5,1.85,5.45,142.36,0.0,297.0,51.0,True
209,44.44,69.17,3.42,4.22,11.56,0.79,503.0,27.0,True
210,487.0,416.18,0.97,41.5,135.5,1.25,4.0,1.0,True
211,79.5,79.0,1.36,12.33,51.17,0.0,549.0,253.0,True
212,15.26,281.09,1.06,3.27,282.83,1.13,122.21,2.8,True
213,19.3,144.19,1.08,4.12,158.19,1.56,302.63,5.35,True
214,19.18,148.27,1.08,4.09,161.91,1.54,297.25,5.27,True
215,19.57,135.16,1.08,4.17,149.98,1.59,314.52,5.52,True
216,15.03,288.98,1.06,3.22,290.01,1.11,111.82,2.65,True
217,21.67,64.1,1.08,4.61,85.28,1.81,408.17,6.84,True
218,15.07,287.35,1.06,3.23,288.53,1.11,113.97,2.68,True
219,18.8,161.26,1.07,4.01,173.74,1.5,280.13,5.03,True
220,20.25,111.93,1.08,4.32,128.83,1.66,345.13,5.95,True
221,19.12,150.34,1.08,4.08,163.8,1.54,294.51,5.23,True
222,21.29,76.91,1.08,4.53,96.95,1.77,391.28,6.6,True
223,19.46,138.93,1.08,4.15,153.41,1.57,309.56,5.45,True
224,23.04,17.68,1.09,4.9,43.02,1.95,469.34,7.71,True
225,19.06,152.48,1.08,4.06,165.75,1.53,291.69,5.19,True
226,18.42,174.19,1.07,3.93,185.51,1.46,263.09,4.79,True
227,16.55,237.41,1.07,3.54,243.07,1.27,179.78,3.61,True
228,15.96,257.26,1.07,3.41,261.14,1.21,153.62,3.24,True
229,15.51,272.51,1.07,3.32,275.02,1.16,133.52,2.96,True
230,16.84,227.72,1.07,3.6,234.25,1.3,192.54,3.79,True
231,14.34,312.08,1.06,3.07,311.04,1.04,81.39,2.22,True
232,16.29,246.19,1.07,3.48,251.06,1.24,168.2,3.45,True
233,14.45,308.53,1.06,3.09,307.81,1.05,86.06,2.28,True
234,20.88,90.87,1.08,4.45,109.65,1.72,372.89,6.34,True
235,17.36,209.84,1.07,3.71,217.97,1.35,216.11,4.12,True
236,21.46,71.0,1.08,4.57,91.57,1.79,399.07,6.71,True
237,15.7,266.11,1.07,3.36,269.19,1.18,141.96,3.07,True
238,20.73,95.75,1.08,4.42,114.1,1.71,366.46,6.25,True
239,19.77,128.19,1.08,4.22,143.63,1.61,323.71,5.65,True
240,15.69,266.51,1.07,3.36,269.56,1.18,141.42,3.07,True
241,18.26,179.54,1.07,3.9,190.38,1.45,256.04,4.69,True
242,17.01,221.67,1.07,3.63,228.73,1.32,200.53,3.9,True
243,17.61,201.42,1.07,3.76,210.3,1.38,227.21,4.28,True
244,21.7,63.05,1.08,4.62,84.33,1.81,409.55,6.86,True
245,20.56,101.74,1.08,4.38,119.55,1.69,358.57,6.14,True
246,21.76,61.08,1.08,4.63,82.54,1.82,412.15,6.9,True
247,14.69,300.43,1.06,3.14,300.43,1.07,96.74,2.43,True
248,14.83,295.76,1.06,3.17,296.18,1.09,102.89,2.52,True
249,20.05,118.9,1.08,4.27,135.17,1.64,335.95,5.82,True
250,14.27,314.48,1.06,3.06,313.23,1.03,78.21,2.17,True
251,16.61,235.2,1.07,3.55,241.05,1.27,182.69,3.65,True
252,14.69,300.46,1.06,3.14,300.47,1.07,96.69,2.43,True
253,14.04,322.35,1.06,3.01,320.39,1.0,67.85,2.03,True
254,18.06,186.08,1.07,3.86,196.33,1.43,247.43,4.57,True
255,20.77,94.3,1.08,4.43,112.78,1.71,368.36,6.28,True
256,19.64,132.67,1.08,4.19,147.71,1.59,317.8,5.56,True
257,15.39,276.7,1.06,3.29,278.84,1.15,128.0,2.88,True
258,15.99,256.49,1.07,3.42,260.43,1.21,154.64,3.25,True
259,22.12,48.9,1.08,4.71,71.45,1.85,428.2,7.13,True
260,14.53,305.71,1.06,3.11,305.25,1.06,89.77,2.34,True
261,16.02,255.4,1.07,3.42,259.44,1.21,156.07,3.27,True
262,17.87,192.7,1.07,3.81,202.36,1.41,238.7,4.44,True
263,14.86,294.51,1.06,3.18,295.04,1.09,104.54,2.55,True
264,16.34,244.44,1.07,3.49,249.47,1.25,170.51,3.48,True
265,21.5,69.69,1.08,4.58,90.38,1.79,400.8,6.74,True
266,22.78,26.34,1.09,4.85,50.91,1.92,457.92,7.55,True
267,18.93,156.75,1.08,4.04,169.63,1.52,286.07,5.11,True
268,16.61,235.43,1.07,3.55,241.26,1.27,182.39,3.65,True
269,22.06,50.61,1.08,4.7,73.0,1.85,425.94,7.09,True
270,20.42,106.17,1.08,4.35,123.59,1.68,352.72,6.06,True
271,19.07,152.04,1.08,4.07,165.35,1.53,292.27,5.2,True
272,14.9,293.44,1.06,3.19,294.07,1.09,105.95,2.57,True
273,23.46,3.23,1.09,4.99,29.87,2.0,488.38,7.98,True
274,15.63,268.38,1.07,3.34,271.26,1.17,138.97,3.03,True
275,20.31,110.11,1.08,4.33,127.17,1.66,347.54,5.98,True
276,14.34,312.14,1.06,3.07,311.1,1.04,81.3,2.22,True
277,15.32,279.19,1.06,3.28,281.1,1.14,124.71,2.83,True
278,22.24,44.74,1.08,4.73,67.66,1.87,433.68,7.2,True
279,15.57,270.43,1.07,3.33,273.13,1.16,136.26,2.99,True
280,16.62,235.05,1.07,3.55,240.92,1.28,182.89,3.65,True
281,21.17,80.78,1.08,4.51,100.47,1.75,386.19,6.53,True
282,18.0,188.23,1.07,3.84,198.29,1.42,244.58,4.53,True
283,19.26,145.52,1.08,4.11,159.41,1.55,300.87,5.32,True
284,21.99,53.12,1.08,4.68,75.29,1.84,422.63,7.05,True
285,16.19,249.52,1.07,3.46,254.09,1.23,163.82,3.38,True
286,21.81,59.15,1.08,4.64,80.78,1.82,414.69,6.93,True
287,20.68,97.61,1.08,4.41,115.79,1.7,364.01,6.22,True
288,18.93,156.62,1.08,4.04,169.51,1.52,286.25,5.12,True
289,16.45,240.84,1.07,3.52,246.19,1.26,175.26,3.55,True
290,14.14,319.14,1.06,3.03,317.47,1.01,72.08,2.09,True
291,20.86,91.49,1.08,4.44,110.22,1.72,372.07,6.33,True
292,15.4,276.36,1.06,3.29,278.53,1.15,128.45,2.88,True
293,18.09,185.28,1.07,3.86,195.6,1.43,248.48,4.58,True
294,22.88,23.07,1.09,4.87,47.93,1.93,462.24,7.61,True
295,15.83,261.88,1.07,3.38,265.34,1.19,147.53,3.15,True
296,16.5,239.05,1.07,3.53,244.56,1.26,177.62,3.58,True
297,21.85,57.95,1.08,4.65,79.69,1.83,416.27,6.96,True
298,15.68,266.83,1.07,3.35,269.85,1.18,141.01,3.06,True
299,17.11,218.44,1.07,3.65,225.79,1.33,204.78,3.96,True
300,20.4,106.96,1.08,4.35,124.3,1.67,351.68,6.04,True
301,14.43,309.14,1.06,3.09,308.37,1.04,85.25,2.27,True
302,18.54,170.12,1.07,3.95,181.81,1.48,268.45,4.86,True
303,21.75,61.2,1.08,4.63,82.64,1.82,411.99,6.9,True
304,22.6,32.63,1.09,4.81,56.64,1.9,449.63,7.43,True
305,15.69,266.63,1.07,3.36,269.66,1.18,141.28,3.07,True
306,14.5,306.94,1.06,3.1,306.36,1.05,88.15,2.31,True
307,22.99,19.26,1.09,4.89,44.46,1.95,467.26,7.68,True
308,20.85,91.6,1.08,4.44,110.32,1.72,371.93,6.33,True
309,22.96,20.26,1.09,4.89,45.37,1.94,465.94,7.66,True
310,16.91,225.32,1.07,3.61,232.06,1.31,195.71,3.84,True
311,21.83,58.57,1.08,4.65,80.25,1.82,415.45,6.95,True
312,20.89,90.34,1.08,4.45,109.18,1.73,373.58,6.35,True
313,14.82,296.06,1.06,3.17,296.46,1.09,102.48,2.52,True
314,19.65,132.34,1.08,4.19,147.41,1.59,318.24,5.57,True
315,20.02,119.92,1.08,4.27,136.1,1.63,334.6,5.8,True
316,15.5,273.1,1.07,3.31,275.56,1.16,132.75,2.94,True
317,18.38,175.29,1.07,3.92,186.51,1.46,261.64,4.77,True
318,22.05,51.19,1.08,4.69,73.54,1.85,425.17,7.08,True
319,21.86,57.43,1.08,4.66,79.21,1.83,416.95,6.97,True
320,18.47,172.52,1.07,3.94,183.99,1.47,265.29,4.82,True
321,22.96,20.31,1.09,4.89,45.42,1.94,465.87,7.66,True
322,21.68,63.69,1.08,4.62,84.91,1.81,408.71,6.85,True
323,15.36,277.54,1.06,3.29,279.6,1.14,126.9,2.86,True
324,15.52,272.2,1.07,3.32,274.74,1.16,133.93,2.96,True
325,19.55,135.88,1.08,4.17,150.63,1.58,313.57,5.5,True
326,16.09,252.83,1.07,3.44,257.1,1.22,159.46,3.32,True
327,18.93,156.66,1.08,4.04,169.55,1.52,286.19,5.12,True
328,17.5,205.16,1.07,3.74,213.7,1.37,222.28,4.21,True
329,17.17,216.34,1.07,3.67,223.88,1.33,207.55,4.0,True
330,21.6,66.22,1.08,4.6,87.22,1.8,405.37,6.8,True
331,18.8,161.32,1.07,4.01,173.79,1.5,280.05,5.03,True
332,20.98,87.24,1.08,4.47,106.36,1.73,377.67,6.41,True
333,18.53,170.3,1.07,3.95,181.97,1.48,268.22,4.86,True
334,17.55,203.46,1.07,3.75,212.16,1.37,224.52,4.24,True
335,18.88,158.43,1.07,4.03,171.16,1.51,283.85,5.08,True
336,15.81,262.38,1.07,3.38,265.8,1.19,146.87,3.14,True
337,22.58,33.12,1.09,4.81,57.08,1.9,448.99,7.42,True
338,19.46,138.79,1.08,4.15,153.28,1.57,309.74,5.45,True
339,20.71,96.58,1.08,4.41,114.86,1.71,365.36,6.24,True
340,17.18,215.99,1.07,3.67,223.57,1.33,208.0,4.01,True
341,19.81,127.14,1.08,4.22,142.67,1.61,325.1,5.67,True
342,15.74,264.97,1.07,3.37,268.15,1.18,143.46,3.1,True
343,14.57,304.54,1.06,3.12,304.18,1.06,91.31,2.36,True
344,19.03,153.29,1.08,4.06,166.49,1.53,290.62,5.18,True
345,22.41,38.76,1.09,4.77,62.21,1.89,441.56,7.31,True
346,14.33,312.55,1.06,3.07,311.47,1.03,80.75,2.21,True
347,14.91,293.09,1.06,3.19,293.75,1.09,106.41,2.57,True
348,18.6,168.07,1.07,3.97,179.94,1.48,271.16,4.9,True
349,16.13,251.69,1.07,3.45,256.06,1.22,160.96,3.34,True
350,20.47,104.65,1.08,4.36,122.2,1.68,354.73,6.09,True
351,18.36,176.04,1.07,3.92,187.19,1.46,260.66,4.75,True
352,15.51,272.54,1.07,3.32,275.05,1.16,133.48,2.95,True
353,17.38,209.18,1.07,3.71,217.36,1.36,216.98,4.14,True
354,17.01,221.66,1.07,3.63,228.72,1.32,200.54,3.9,True
355,20.73,95.94,1.08,4.42,114.27,1.71,366.21,6.25,True
356,15.5,272.89,1.07,3.32,275.36,1.16,133.03,2.95,True
357,17.81,194.65,1.07,3.8,204.13,1.4,236.13,4.41,True
358,15.73,265.03,1.07,3.36,268.21,1.18,143.38,3.09,True
359,15.42,275.79,1.06,3.3,278.0,1.15,129.21,2.89,True
360,17.84,193.61,1.07,3.81,203.19,1.4,237.5,4.43,True
361,14.14,319.17,1.06,3.03,317.5,1.01,72.04,2.09,True
362,22.51,35.48,1.09,4.79,59.23,1.9,445.88,7.38,True
363,19.63,133.2,1.08,4.18,148.19,1.59,317.11,5.55,True
364,19.28,145.03,1.08,4.11,158.96,1.56,301.52,5.33,True
365,16.08,253.47,1.07,3.44,257.68,1.22,158.62,3.31,True
366,19.77,128.39,1.08,4.21,143.81,1.61,323.44,5.64,True
367,17.94,190.19,1.07,3.83,200.08,1.41,242.0,4.49,True
368,22.03,51.89,1.08,4.69,74.17,1.84,424.26,7.07,True
369,19.93,123.04,1.08,4.25,138.94,1.62,330.5,5.74,True
370,21.89,56.42,1.08,4.66,78.29,1.83,418.29,6.99,True
371,19.08,151.65,1.08,4.07,164.99,1.53,292.8,5.21,True
372,18.12,184.2,1.07,3.87,194.62,1.43,249.9,4.6,True
373,16.98,222.74,1.07,3.63,229.71,1.31,199.11,3.88,True
374,14.46,308.25,1.06,3.1,307.56,1.05,86.43,2.29,True
375,15.14,285.23,1.06,3.24,286.6,1.12,116.76,2.72,True
376,21.63,65.25,1.08,4.61,86.33,1.8,406.65,6.82,True
377,22.62,31.79,1.09,4.81,55.87,1.91,450.74,7.44,True
378,17.85,193.33,1.07,3.81,202.93,1.4,237.87,4.43,True
379,19.2,147.75,1.08,4.09,161.44,1.55,297.93,5.28,True
380,18.48,171.99,1.07,3.94,183.51,1.47,265.99,4.83,True
381,20.07,118.02,1.08,4.28,134.38,1.64,337.1,5.84,True
382,16.11,252.28,1.07,3.44,256.6,1.22,160.19,3.33,True
383,16.68,232.92,1.07,3.56,238.98,1.28,185.7,3.69,True
384,21.7,62.91,1.08,4.62,84.2,1.81,409.73,6.86,True
385,16.63,234.78,1.07,3.55,240.67,1.28,183.24,3.66,True
386,22.2,46.12,1.08,4.73,68.91,1.86,431.86,7.18,True
387,20.87,91.16,1.08,4.45,109.92,1.72,372.5,6.34,True
388,20.72,96.3,1.08,4.41,114.6,1.71,365.73,6.24,True
389,14.63,302.31,1.06,3.13,302.14,1.07,94.26,2.4,True
390,20.75,94.98,1.08,4.42,113.39,1.71,367.48,6.27,True
391,14.66,301.24,1.06,3.14,301.18,1.07,95.66,2.42,True
392,17.61,201.44,1.07,3.76,210.32,1.38,227.18,4.28,True
393,20.03,119.4,1.08,4.27,135.63,1.63,335.29,5.81,True
394,18.0,188.15,1.07,3.84,198.22,1.42,244.69,4.53,True
395,21.9,56.34,1.08,4.66,78.22,1.83,418.39,6.99,True
396,22.32,41.97,1.08,4.75,65.13,1.88,437.33,7.25,True
397,21.86,57.7,1.08,4.65,79.46,1.83,416.6,6.96,True
398,16.37,243.61,1.07,3.5,248.71,1.25,171.61,3.49,True
399,20.03,119.66,1.08,4.27,135.86,1.63,334.95,5.81,True
400,18.17,182.65,1.07,3.88,193.22,1.44,251.93,4.63,True
401,18.99,154.81,1.08,4.05,167.87,1.52,288.63,5.15,True
402,18.49,171.63,1.07,3.95,183.17,1.47,266.47,4.84,True
403,15.47,274.03,1.06,3.31,276.41,1.15,131.52,2.93,True
404,21.35,74.96,1.08,4.55,95.17,1.77,393.86,6.64,True
405,22.31,42.42,1.08,4.75,65.55,1.87,436.74,7.25,True
406,21.86,57.6,1.08,4.65,79.37,1.83,416.73,6.96,True
407,14.75,298.32,1.06,3.16,298.51,1.08,99.52,2.47,True
408,20.57,101.34,1.08,4.38,119.19,1.69,359.09,6.15,True
409,20.87,91.23,1.08,4.45,109.99,1.72,372.41,6.34,True
410,17.16,216.83,1.07,3.66,224.33,1.33,206.9,3.99,True
411,17.52,204.64,1.07,3.74,213.23,1.37,222.96,4.22,True
412,19.9,123.95,1.08,4.24,139.77,1.62,329.3,5.73,True
413,18.22,180.93,1.07,3.89,191.64,1.44,254.21,4.66,True
414,18.52,170.64,1.07,3.95,182.28,1.48,267.77,4.86,True
415,16.2,249.28,1.07,3.46,253.87,1.23,164.13,3.39,True
416,22.38,40.07,1.09,4.76,63.41,1.88,439.84,7.29,True
417,17.31,211.8,1.07,3.7,219.75,1.35,213.52,4.09,True
418,23.38,6.23,1.09,4.97,32.6,1.99,484.43,7.92,True
419,14.97,291.0,1.06,3.2,291.85,1.1,109.16,2.61,True
420,16.07,253.55,1.07,3.44,257.75,1.22,158.51,3.31,True
421,18.7,164.42,1.07,3.99,176.62,1.49,275.96,4.97,True
422,14.84,295.35,1.06,3.18,295.81,1.09,103.42,2.53,True
423,14.36,311.41,1.06,3.08,310.43,1.04,82.27,2.23,True
424,20.27,111.49,1.08,4.32,128.43,1.66,345.71,5.96,True
425,19.32,143.6,1.08,4.12,157.66,1.56,303.4,5.36,True
426,19.9,123.8,1.08,4.24,139.63,1.62,329.49,5.73,True
427,19.64,132.59,1.08,4.19,147.64,1.59,317.9,5.56,True
428,22.78,26.42,1.09,4.85,50.98,1.92,457.83,7.54,True
429,19.41,140.66,1.08,4.14,154.99,1.57,307.27,5.41,True
430,23.33,7.68,1.09,4.96,33.92,1.98,482.52,7.89,True
431,15.17,284.06,1.06,3.25,285.54,1.12,118.3,2.74,True
432,23.42,4.58,1.09,4.98,31.1,1.99,486.6,7.95,True
433,21.43,72.02,1.08,4.56,92.5,1.78,397.73,6.69,True
434,19.32,143.52,1.08,4.12,157.59,1.56,303.5,5.36,True
435,23.13,14.57,1.09,4.92,40.19,1.96,473.44,7.77,True
436,20.44,105.59,1.08,4.36,123.06,1.68,353.49,6.07,True
437,21.24,78.45,1.08,4.52,98.35,1.76,389.25,6.57,True
438,18.03,187.14,1.07,3.85,197.3,1.42,246.02,4.55,True
439,20.65,98.4,1.08,4.4,116.51,1.7,362.97,6.2,True
440,14.57,304.54,1.06,3.12,304.18,1.06,91.31,2.36,True
441,19.34,142.84,1.08,4.12,156.97,1.56,304.4,5.37,True
442,14.8,296.52,1.06,3.17,296.88,1.08,101.88,2.51,True
443,19.19,147.91,1.08,4.09,161.59,1.55,297.72,5.28,True
444,22.88,22.96,1.09,4.87,47.83,1.93,462.38,7.61,True
445,18.43,173.72,1.07,3.93,185.08,1.47,263.7,4.8,True
446,15.93,258.38,1.07,3.41,262.16,1.2,152.14,3.22,True
447,19.61,133.6,1.08,4.18,148.56,1.59,316.58,5.55,True
448,16.15,251.0,1.07,3.45,255.44,1.23,161.87,3.36,True
449,17.88,192.42,1.07,3.82,202.11,1.41,239.06,4.45,True
450,18.98,154.97,1.08,4.05,168.01,1.52,288.42,5.15,True
451,18.23,180.65,1.07,3.89,191.39,1.44,254.58,4.67,True
452,21.15,81.51,1.08,4.51,101.14,1.75,385.22,6.52,True
453,20.43,105.95,1.08,4.35,123.39,1.68,353.01,6.06,True
454,14.17,318.02,1.06,3.04,316.45,1.02,73.55,2.11,True
455,17.96,189.54,1.07,3.83,199.48,1.42,242.86,4.5,True
456,20.02,119.71,1.08,4.27,135.91,1.63,334.88,5.8,True
457,18.79,161.61,1.07,4.01,174.06,1.5,279.66,5.02,True
458,20.58,100.89,1.08,4.39,118.78,1.69,359.69,6.16,True
459,14.38,310.95,1.06,3.08,310.01,1.04,82.87,2.24,True
460,17.85,193.3,1.07,3.81,202.91,1.4,237.91,4.43,True
461,22.45,37.59,1.09,4.78,61.15,1.89,443.1,7.34,True
462,22.85,24.06,1.09,4.86,48.83,1.93,460.94,7.59,True
463,19.44,139.54,1.08,4.15,153.97,1.57,308.75,5.44,True
464,22.81,25.46,1.09,4.85,50.1,1.93,459.09,7.56,True
465,21.35,74.87,1.08,4.55,95.09,1.77,393.98,6.64,True
466,22.5,35.97,1.09,4.79,59.67,1.89,445.24,7.37,True
467,15.66,267.46,1.07,3.35,270.42,1.17,140.18,3.05,True
468,23.44,4.13,1.09,4.99,30.69,1.99,487.19,7.96,True
469,14.13,319.49,1.06,3.03,317.79,1.01,71.61,2.08,True
470,14.22,316.28,1.06,3.05,314.86,1.02,75.85,2.14,True
471,15.18,283.7,1.06,3.25,285.21,1.12,118.77,2.75,True
472,22.34,41.36,1.08,4.76,64.58,1.88,438.13,7.27,True
473,14.52,306.23,1.06,3.11,305.72,1.05,89.09,2.33,True
474,15.6,269.52,1.07,3.34,272.3,1.17,137.46,3.01,True
475,17.91,191.31,1.07,3.82,201.1,1.41,240.53,4.47,True
476,15.7,266.17,1.07,3.36,269.25,1.18,141.88,3.07,True
477,22.98,19.5,1.09,4.89,44.68,1.95,466.94,7.67,True
478,22.84,24.19,1.09,4.86,48.95,1.93,460.76,7.59,True
479,23.04,17.7,1.09,4.9,43.05,1.95,469.31,7.71,True
480,18.81,160.86,1.07,4.01,173.37,1.51,280.66,5.04,True
481,16.96,223.38,1.07,3.62,230.29,1.31,198.27,3.87,True
482,14.44,308.85,1.06,3.09,308.1,1.05,85.64,2.28,True
483,14.38,310.87,1.06,3.08,309.94,1.04,82.98,2.24,True
484,17.49,205.53,1.07,3.73,214.04,1.37,221.79,4.2,True
485,17.84,193.85,1.07,3.81,203.4,1.4,237.19,4.42,True
486,22.96,20.42,1.09,4.89,45.52,1.94,465.72,7.66,True
487,14.19,317.2,1.06,3.04,315.7,1.02,74.63,2.12,True
488,23.02,18.14,1.09,4.9,43.44,1.95,468.73,7.7,True
489,20.0,120.61,1.08,4.26,136.73,1.63,333.7,5.79,True
490,16.49,239.32,1.07,3.52,244.8,1.26,177.27,3.57,True
491,22.24,44.78,1.08,4.73,67.7,1.87,433.62,7.2,True
492,15.21,282.8,1.06,3.25,284.39,1.13,119.96,2.76,True
493,20.33,109.25,1.08,4.33,126.39,1.67,348.67,6.0,True
494,14.43,309.03,1.06,3.09,308.27,1.04,85.4,2.27,True
495,21.04,85.29,1.08,4.48,104.58,1.74,380.24,6.45,True
496,18.99,154.79,1.08,4.05,167.85,1.52,288.65,5.15,True
497,18.0,188.18,1.07,3.84,198.24,1.42,244.66,4.53,True
498,17.6,201.85,1.07,3.76,210.69,1.38,226.64,4.27,True
499,23.21,11.95,1.09,4.94,37.81,1.97,476.89,7.81,True
500,16.63,234.51,1.07,3.55,240.42,1.28,183.6,3.66,True
501,17.24,213.95,1.07,3.68,221.71,1.34,210.69,4.05,True
502,15.17,284.21,1.06,3.25,285.67,1.12,118.1,2.74,True
503,15.07,287.49,1.06,3.23,288.66,1.11,113.78,2.68,True
504,19.6,134.21,1.08,4.18,149.11,1.59,315.78,5.53,True
505,21.82,58.8,1.08,4.65,80.46,1.82,415.15,6.94,True
506,20.5,103.55,1.08,4.37,121.2,1.68,356.18,6.11,True
507,17.02,221.62,1.07,3.63,228.69,1.32,200.59,3.9,True
508,16.01,255.61,1.07,3.42,259.64,1.21,155.79,3.27,True
509,20.52,103.03,1.08,4.37,120.73,1.69,356.86,6.12,True
510,22.16,47.46,1.08,4.72,70.14,1.86,430.09,7.15,True
511,15.71,265.75,1.07,3.36,268.86,1.18,142.44,3.08,True
512,14.25,315.38,1.06,3.05,314.04,1.03,77.03,2.16,True
513,14.43,309.15,1.06,3.09,308.37,1.04,85.24,2.27,True
514,21.23,78.84,1.08,4.52,98.71,1.76,388.74,6.57,True
515,23.08,16.21,1.09,4.91,41.69,1.96,471.28,7.74,True
516,14.5,306.77,1.06,3.11,306.21,1.05,88.38,2.32,True
517,14.01,323.4,1.06,3.0,321.34,1.0,66.47,2.01,True
518,19.09,151.37,1.08,4.07,164.73,1.54,293.16,5.21,True
519,21.44,71.6,1.08,4.57,92.11,1.78,398.28,6.7,True
520,14.75,298.18,1.06,3.16,298.39,1.08,99.7,2.48,True
521,14.82,295.9,1.06,3.17,296.31,1.09,102.7,2.52,True
522,21.17,80.8,1.08,4.51,100.49,1.75,386.16,6.53,True
523,19.33,143.36,1.08,4.12,157.44,1.56,303.72,5.36,True
524,15.7,266.03,1.07,3.36,269.12,1.18,142.06,3.08,True
525,18.45,173.04,1.07,3.94,184.46,1.47,264.61,4.81,True
526,14.46,308.22,1.06,3.1,307.53,1.05,86.46,2.29,True
527,21.82,58.84,1.08,4.65,80.49,1.82,415.1,6.94,True
528,19.14,149.67,1.08,4.08,163.19,1.54,295.39,5.25,True
529,14.28,314.27,1.06,3.06,313.03,1.03,78.5,2.18,True
530,20.94,88.62,1.08,4.46,107.6,1.73,375.86,6.38,True
531,14.7,299.95,1.06,3.15,300.0,1.07,97.37,2.44,True
532,22.88,22.92,1.09,4.87,47.8,1.93,462.43,7.61,True
533,15.28,280.55,1.06,3.27,282.34,1.13,122.92,2.81,True
534,16.36,243.81,1.07,3.5,248.89,1.25,171.34,3.49,True
535,19.97,121.53,1.08,4.26,137.57,1.63,332.48,5.77,True
536,18.22,180.83,1.07,3.89,191.56,1.44,254.33,4.67,True
537,18.97,155.45,1.08,4.05,168.45,1.52,287.79,5.14,True
538,14.34,312.08,1.06,3.07,311.05,1.04,81.37,2.22,True
539,16.04,254.81,1.07,3.43,258.91,1.21,156.84,3.29,True
540,15.17,284.17,1.06,3.25,285.64,1.12,118.15,2.74,True
541,22.84,24.35,1.09,4.86,49.1,1.93,460.55,7.58,True
542,20.6,100.18,1.08,4.39,118.13,1.69,360.62,6.17,True
543,16.35,244.24,1.07,3.49,249.28,1.25,170.78,3.48,True
544,16.92,224.84,1.07,3.61,231.62,1.31,196.35,3.84,True
545,17.54,203.98,1.07,3.74,212.63,1.37,223.83,4.23,True
546,18.15,183.22,1.07,3.87,193.73,1.44,251.19,4.62,True
547,20.56,101.44,1.08,4.38,119.28,1.69,358.95,6.15,True
548,14.62,302.66,1.06,3.13,302.47,1.06,93.79,2.39,True
549,14.94,291.9,1.06,3.2,292.67,1.1,107.97,2.59,True
550,21.32,75.95,1.08,4.54,96.07,1.77,392.55,6.62,True
551,17.3,212.02,1.07,3.69,219.95,1.35,213.24,4.08,True
552,14.08,320.93,1.06,3.02,319.1,1.01,69.72,2.05,True
553,19.63,133.19,1.08,4.18,148.19,1.59,317.11,5.55,True
554,14.52,306.25,1.06,3.11,305.74,1.05,89.06,2.33,True
555,16.16,250.55,1.07,3.45,255.03,1.23,162.46,3.36,True
556,19.2,147.76,1.08,4.09,161.45,1.55,297.92,5.28,True
557,17.79,195.31,1.07,3.8,204.74,1.4,235.25,4.4,True
558,20.85,91.61,1.08,4.44,110.33,1.72,371.92,6.33,True
559,23.22,11.57,1.09,4.94,37.46,1.97,477.39,7.82,True
560,15.59,269.76,1.07,3.34,272.52,1.17,137.14,3.01,True
561,14.05,321.97,1.06,3.01,320.04,1.0,68.35,2.03,True
562,18.2,181.49,1.07,3.88,192.15,1.44,253.47,4.65,True
563,17.61,201.55,1.07,3.76,210.41,1.38,227.04,4.28,True
564,19.91,123.63,1.08,4.24,139.48,1.62,329.72,5.73,True
565,14.0,323.61,1.06,3.0,321.54,1.0,66.19,2.0,True
566,23.04,17.6,1.09,4.9,42.95,1.95,469.45,7.71,True
567,15.91,258.94,1.07,3.4,262.66,1.2,151.41,3.21,True
568,17.38,209.17,1.07,3.71,217.36,1.36,216.99,4.14,True
569,17.75,196.83,1.07,3.79,206.12,1.39,233.26,4.37,True
570,21.03,85.57,1.08,4.48,104.83,1.74,379.87,6.44,True
571,23.23,11.13,1.09,4.94,37.06,1.97,477.97,7.83,True
572,21.13,82.26,1.08,4.5,101.82,1.75,384.23,6.5,True
573,20.52,102.91,1.08,4.37,120.62,1.69,357.02,6.12,True
574,16.35,244.15,1.07,3.49,249.2,1.25,170.9,3.48,True
575,20.4,106.83,1.08,4.35,124.19,1.67,351.85,6.05,True
576,22.99,19.19,1.09,4.89,44.4,1.95,467.35,7.68,True
577,19.84,125.98,1.08,4.23,141.62,1.61,326.61,5.69,True
578,16.67,233.33,1.07,3.56,239.35,1.28,185.16,3.69,True
579,22.86,23.54,1.09,4.87,48.36,1.93,461.61,7.6,True
580,17.4,208.75,1.07,3.71,216.97,1.36,217.55,4.14,True
581,19.24,146.15,1.08,4.1,159.98,1.55,300.04,5.31,True
582,15.29,280.23,1.06,3.27,282.05,1.13,123.35,2.81,True
583,19.99,120.76,1.08,4.26,136.87,1.63,333.49,5.79,True
584,22.8,25.77,1.09,4.85,50.39,1.93,458.68,7.56,True
585,18.49,171.75,1.07,3.94,183.28,1.47,266.31,4.83,True
586,22.14,48.16,1.08,4.71,70.77,1.86,429.17,7.14,True
587,18.5,171.29,1.07,3.95,182.87,1.47,266.91,4.84,True
588,21.78,60.33,1.08,4.64,81.86,1.82,413.13,6.91,True
589,20.79,93.65,1.08,4.43,112.19,1.71,369.22,6.29,True
590,21.23,79.02,1.08,4.52,98.87,1.76,388.51,6.56,True
591,20.26,111.57,1.08,4.32,128.5,1.66,345.6,5.96,True
592,17.85,193.22,1.07,3.81,202.83,1.41,238.01,4.43,True
593,15.3,279.64,1.06,3.27,281.51,1.14,124.13,2.82,True
594,16.34,244.4,1.07,3.49,249.43,1.25,170.56,3.48,True
595,15.9,259.24,1.07,3.4,262.94,1.2,151.01,3.2,True
596,18.56,169.3,1.07,3.96,181.06,1.48,269.53,4.88,True
597,14.1,320.25,1.06,3.02,318.48,1.01,70.61,2.07,True
598,17.92,190.94,1.07,3.83,200.76,1.41,241.01,4.48,True
599,16.85,227.13,1.07,3.6,233.71,1.3,193.32,3.8,True
600,21.11,82.95,1.08,4.5,102.45,1.75,383.32,6.49,True
601,19.49,137.87,1.08,4.16,152.45,1.58,310.95,5.47,True
602,17.52,204.46,1.07,3.74,213.07,1.37,223.2,4.22,True
603,18.61,167.57,1.07,3.97,179.49,1.48,271.81,4.91,True
604,20.97,87.82,1.08,4.47,106.88,1.73,376.9,6.4,True
605,22.59,32.97,1.09,4.81,56.94,1.9,449.19,7.42,True
606,20.46,104.84,1.08,4.36,122.37,1.68,354.48,6.08,True
607,14.14,319.06,1.06,3.03,317.4,1.01,72.18,2.09,True
608,19.65,132.25,1.08,4.19,147.33,1.59,318.35,5.57,True
609,20.51,103.2,1.08,4.37,120.88,1.69,356.63,6.11,True
610,19.51,137.09,1.08,4.16,151.73,1.58,311.98,5.48,True
611,22.57,33.54,1.09,4.8,57.46,1.9,448.44,7.41,True
612,23.25,10.46,1.09,4.95,36.46,1.97,478.85,7.84,True
613,14.7,299.91,1.06,3.15,299.97,1.07,97.41,2.44,True
614,21.43,72.04,1.08,4.56,92.51,1.78,397.71,6.69,True
615,15.7,266.34,1.07,3.36,269.4,1.18,141.65,3.07,True
616,17.78,195.65,1.07,3.8,205.04,1.4,234.81,4.39,True
617,17.11,218.33,1.07,3.66,225.69,1.33,204.93,3.97,True
618,16.94,224.14,1.07,3.62,230.98,1.31,197.26,3.86,True
619,20.14,115.87,1.08,4.29,132.42,1.65,339.94,5.88,True
620,20.24,112.57,1.08,4.31,129.41,1.66,344.3,5.94,True
621,22.3,42.74,1.08,4.75,65.84,1.87,436.31,7.24,True
622,22.13,48.33,1.08,4.71,70.93,1.86,428.95,7.14,True
623,20.79,93.67,1.08,4.43,112.21,1.71,369.19,6.29,True
624,16.13,251.64,1.07,3.45,256.02,1.22,161.02,3.34,True
625,14.41,309.91,1.06,3.09,309.07,1.04,84.24,2.26,True
626,16.9,225.61,1.07,3.61,232.32,1.3,195.33,3.83,True
627,19.86,125.29,1.08,4.23,140.99,1.62,327.53,5.7,True
628,14.93,292.4,1.06,3.19,293.13,1.1,107.31,2.58,True
629,21.22,79.08,1.08,4.52,98.92,1.76,388.43,6.56,True
630,14.55,305.03,1.06,3.12,304.62,1.06,90.67,2.35,True
631,14.85,295.09,1.06,3.18,295.58,1.09,103.77,2.53,True
632,23.1,15.42,1.09,4.92,40.96,1.96,472.32,7.75,True
633,15.76,264.29,1.07,3.37,267.54,1.18,144.35,3.11,True
634,20.35,108.62,1.08,4.34,125.81,1.67,349.5,6.01,True
635,16.46,240.31,1.07,3.52,245.7,1.26,175.96,3.56,True
636,14.53,305.68,1.06,3.11,305.22,1.06,89.81,2.34,True
637,21.39,73.56,1.08,4.56,93.9,1.78,395.7,6.67,True
638,22.09,49.63,1.08,4.7,72.11,1.85,427.23,7.11,True
639,15.07,287.5,1.06,3.23,288.67,1.11,113.77,2.68,True
640,17.49,205.53,1.07,3.73,214.04,1.37,221.79,4.2,True
641,18.22,180.81,1.07,3.89,191.54,1.44,254.36,4.67,True
642,20.62,99.51,1.08,4.39,117.52,1.7,361.5,6.18,True
643,17.68,199.1,1.07,3.77,208.19,1.39,230.26,4.32,True
644,17.72,197.7,1.07,3.78,206.91,1.39,232.11,4.35,True
645,20.09,117.55,1.08,4.28,133.95,1.64,337.73,5.85,True
646,23.27,9.71,1.09,4.95,35.77,1.98,479.84,7.86,True
647,18.58,168.62,1.07,3.96,180.44,1.48,270.43,4.89,True
648,14.12,319.71,1.06,3.03,317.99,1.01,71.33,2.08,True
649,17.86,193.12,1.07,3.81,202.74,1.41,238.14,4.44,True
650,17.67,199.51,1.07,3.77,208.56,1.39,229.73,4.32,True
651,18.31,177.66,1.07,3.91,188.67,1.45,258.52,4.72,True
652,18.37,175.87,1.07,3.92,187.04,1.46,260.87,4.76,True
653,16.57,236.81,1.07,3.54,242.51,1.27,180.57,3.62,True
654,18.62,167.34,1.07,3.97,179.27,1.49,272.12,4.92,True
655,22.54,34.49,1.09,4.8,58.33,1.9,447.19,7.39,True
656,15.33,278.7,1.06,3.28,280.65,1.14,125.37,2.84,True
657,19.13,150.09,1.08,4.08,163.57,1.54,294.85,5.24,True
658,17.08,219.42,1.07,3.65,226.69,1.32,203.48,3.95,True
659,21.69,63.36,1.08,4.62,84.61,1.81,409.14,6.86,True
660,17.34,210.67,1.07,3.7,218.72,1.35,215.01,4.11,True
661,19.39,141.14,1.08,4.14,155.42,1.57,306.65,5.41,True
662,14.09,320.75,1.06,3.02,318.93,1.01,69.96,2.06,True
663,14.72,299.3,1.06,3.15,299.41,1.08,98.22,2.46,True
664,17.34,210.47,1.07,3.7,218.54,1.35,215.28,4.11,True
665,20.88,90.57,1.08,4.45,109.38,1.72,373.28,6.35,True
666,21.34,75.15,1.08,4.55,95.34,1.77,393.61,6.64,True
667,18.07,185.9,1.07,3.86,196.17,1.43,247.66,4.57,True
668,15.24,281.85,1.06,3.26,283.52,1.13,121.21,2.78,True
669,19.48,138.21,1.08,4.15,152.75,1.58,310.51,5.46,True
670,18.13,183.89,1.07,3.87,194.34,1.43,250.31,4.61,True
671,17.66,199.74,1.07,3.77,208.77,1.38,229.42,4.31,True
672,15.25,281.45,1.06,3.26,283.16,1.13,121.74,2.79,True
673,20.59,100.49,1.08,4.39,118.42,1.69,360.21,6.16,True
674,18.51,170.94,1.07,3.95,182.55,1.47,267.37,4.85,True
675,21.38,73.96,1.08,4.55,94.26,1.78,395.17,6.66,True
676,15.32,278.95,1.06,3.28,280.89,1.14,125.03,2.84,True
677,22.71,28.67,1.09,4.83,53.03,1.92,454.85,7.5,True
678,17.55,203.36,1.07,3.75,212.07,1.37,224.64,4.24,True
679,14.66,301.25,1.06,3.14,301.18,1.07,95.65,2.42,True
680,21.14,81.95,1.08,4.5,101.53,1.75,384.64,6.51,True
681,15.04,288.39,1.06,3.22,289.48,1.11,112.59,2.66,True
682,14.08,321.02,1.06,3.02,319.18,1.01,69.6,2.05,True
683,16.91,225.26,1.07,3.61,232.0,1.31,195.79,3.84,True
684,19.37,141.72,1.08,4.13,155.95,1.57,305.88,5.39,True
685,18.29,178.53,1.07,3.9,189.46,1.45,257.37,4.71,True
686,22.24,44.56,1.08,4.74,67.5,1.87,433.91,7.21,True
687,18.44,173.22,1.07,3.94,184.63,1.47,264.37,4.81,True
688,20.62,99.66,1.08,4.39,117.66,1.7,361.31,6.18,True
689,23.48,2.84,1.09,4.99,29.52,2.0,488.89,7.98,True
690,16.49,239.56,1.07,3.52,245.03,1.26,176.94,3.57,True
691,16.65,233.94,1.07,3.56,239.9,1.28,184.36,3.67,True
692,18.44,173.54,1.07,3.93,184.92,1.47,263.94,4.8,True
693,15.39,276.71,1.06,3.29,278.84,1.15,127.99,2.88,True
694,17.36,209.94,1.07,3.71,218.05,1.35,215.98,4.12,True
695,17.01,221.74,1.07,3.63,228.8,1.32,200.43,3.9,True
696,17.93,190.7,1.07,3.83,200.54,1.41,241.33,4.48,True
697,15.27,280.6,1.06,3.27,282.38,1.13,122.86,2.8,True
698,20.48,104.18,1.08,4.36,121.77,1.68,355.35,6.09,True
699,20.5,103.6,1.08,4.37,121.25,1.68,356.11,6.11,True
700,21.06,84.75,1.08,4.49,104.08,1.74,380.96,6.46,True
701,21.29,76.96,1.08,4.53,96.99,1.77,391.22,6.6,True
702,18.48,171.94,1.07,3.94,183.46,1.47,266.05,4.83,True
703,20.55,101.79,1.08,4.38,119.59,1.69,358.5,6.14,True
704,19.43,139.83,1.08,4.14,154.23,1.57,308.37,5.43,True
705,14.95,291.66,1.06,3.2,292.45,1.1,108.29,2.6,True
706,16.66,233.53,1.07,3.56,239.53,1.28,184.89,3.68,True
707,22.51,35.66,1.09,4.79,59.39,1.9,445.65,7.37,True
708,21.79,59.81,1.08,4.64,81.38,1.82,413.82,6.92,True
709,20.34,109.14,1.08,4.33,126.29,1.67,348.81,6.0,True
710,18.22,180.77,1.07,3.89,191.5,1.44,254.42,4.67,True
711,16.12,251.92,1.07,3.45,256.27,1.22,160.66,3.34,True
712,21.32,75.7,1.08,4.54,95.85,1.77,392.87,6.63,True
713,20.35,108.77,1.08,4.34,125.96,1.67,349.29,6.01,True
714,19.69,131.01,1.08,4.2,146.2,1.6,319.99,5.59,True
715,18.56,169.46,1.07,3.96,181.21,1.48,269.32,4.88,True
716,22.3,42.72,1.08,4.75,65.82,1.87,436.34,7.24,True
717,19.98,121.34,1.08,4.26,137.39,1.63,332.74,5.77,True
718,23.49,2.32,1.09,5.0,29.04,2.0,489.58,7.99,True
719,20.75,94.99,1.08,4.42,113.4,1.71,367.46,6.27,True
720,17.45,206.8,1.07,3.73,215.2,1.36,220.11,4.18,True
721,17.43,207.48,1.07,3.72,215.81,1.36,219.22,4.17,True
722,17.77,196.21,1.07,3.79,205.55,1.4,234.08,4.38,True
723,20.6,100.16,1.08,4.39,118.11,1.69,360.65,6.17,True
724,14.88,293.87,1.06,3.19,294.46,1.09,105.38,2.56,True
725,18.57,169.04,1.07,3.96,180.82,1.48,269.87,4.88,True
726,21.24,78.49,1.08,4.52,98.39,1.76,389.2,6.57,True
727,15.95,257.6,1.07,3.41,261.44,1.2,153.17,3.23,True
728,15.77,263.92,1.07,3.37,267.2,1.19,144.85,3.12,True
729,15.73,265.17,1.07,3.36,268.34,1.18,143.2,3.09,True
730,21.77,60.72,1.08,4.63,82.21,1.82,412.62,6.9,True
731,22.41,39.04,1.09,4.77,62.47,1.88,441.18,7.31,True
732,15.02,289.22,1.06,3.21,290.24,1.11,111.5,2.64,True
733,18.49,171.54,1.07,3.95,183.09,1.47,266.59,4.84,True
734,20.75,95.13,1.08,4.42,113.53,1.71,367.28,6.26,True
735,22.23,45.15,1.08,4.73,68.03,1.87,433.14,7.2,True
736,15.86,260.7,1.07,3.39,264.27,1.2,149.08,3.18,True
737,19.99,120.98,1.08,4.26,137.07,1.63,333.2,5.78,True
738,22.14,48.21,1.08,4.71,70.82,1.86,429.1,7.14,True
739,18.74,163.16,1.07,4.0,175.46,1.5,277.63,4.99,True
740,15.48,273.7,1.06,3.31,276.1,1.15,131.95,2.93,True
741,17.41,208.31,1.07,3.72,216.57,1.36,218.12,4.15,True
742,15.78,263.53,1.07,3.37,266.85,1.19,145.35,3.12,True
743,15.25,281.25,1.06,3.26,282.97,1.13,122.01,2.79,True
744,18.17,182.57,1.07,3.88,193.14,1.44,252.05,4.63,True
745,14.74,298.78,1.06,3.16,298.94,1.08,98.9,2.47,True
746,22.73,28.17,1.09,4.84,52.57,1.92,455.52,7.51,True
747,23.38,6.0,1.09,4.98,32.39,1.99,484.73,7.93,True
748,16.66,233.6,1.07,3.56,239.59,1.28,184.8,3.68,True
749,16.96,223.55,1.07,3.62,230.45,1.31,198.04,3.87,True
750,22.53,34.87,1.09,4.8,58.67,1.9,446.69,7.39,True
751,16.24,248.01,1.07,3.47,252.72,1.23,165.81,3.41,True
752,19.71,130.33,1.08,4.2,145.58,1.6,320.89,5.61,True
753,15.87,260.45,1.07,3.39,264.04,1.2,149.42,3.18,True
754,21.09,83.57,1.08,4.49,103.01,1.75,382.51,6.48,True
755,21.07,84.39,1.08,4.49,103.76,1.74,381.42,6.46,True
756,20.29,110.69,1.08,4.32,127.7,1.66,346.77,5.97,True
757,23.49,2.39,1.09,5.0,29.11,2.0,489.48,7.99,True
758,19.94,122.45,1.08,4.25,138.41,1.63,331.27,5.75,True
759,17.09,218.99,1.07,3.65,226.29,1.33,204.06,3.95,True
760,23.38,6.2,1.09,4.97,32.57,1.99,484.46,7.92,True
761,19.17,148.63,1.08,4.09,162.24,1.54,296.78,5.27,True
762,19.0,154.37,1.08,4.05,167.46,1.53,289.21,5.16,True
763,20.21,113.42,1.08,4.31,130.19,1.65,343.17,5.92,True
764,22.3,42.8,1.08,4.75,65.9,1.87,436.23,7.24,True
765,18.08,185.49,1.07,3.86,195.8,1.43,248.2,4.58,True
766,16.01,255.59,1.07,3.42,259.61,1.21,155.82,3.27,True
767,19.5,137.62,1.08,4.16,152.22,1.58,311.28,5.47,True
768,21.58,67.03,1.08,4.6,87.95,1.8,404.31,6.79,True
769,15.59,269.75,1.07,3.34,272.51,1.17,137.16,3.01,True
770,21.34,75.17,1.08,4.55,95.36,1.77,393.58,6.64,True
771,15.82,262.24,1.07,3.38,265.67,1.19,147.06,3.15,True
772,22.69,29.47,1.09,4.83,53.75,1.91,453.81,7.49,True
773,20.93,89.21,1.08,4.46,108.14,1.73,375.08,6.37,True
774,18.88,158.55,1.07,4.03,171.27,1.51,283.7,5.08,True
775,15.66,267.5,1.07,3.35,270.46,1.17,140.13,3.05,True
776,21.64,64.95,1.08,4.61,86.06,1.8,407.04,6.83,True
777,16.29,246.27,1.07,3.48,251.13,1.24,168.11,3.44,True
778,14.98,290.42,1.06,3.21,291.33,1.1,109.92,2.62,True
779,17.08,219.45,1.07,3.65,226.71,1.32,203.45,3.95,True
780,19.73,129.62,1.08,4.21,144.93,1.6,321.82,5.62,True
781,17.47,206.19,1.07,3.73,214.65,1.36,220.91,4.19,True
782,18.73,163.55,1.07,4.0,175.82,1.5,277.12,4.99,True
783,14.64,302.12,1.06,3.13,301.97,1.07,94.51,2.4,True
784,16.19,249.52,1.07,3.46,254.09,1.23,163.82,3.38,True
785,19.27,145.23,1.08,4.11,159.15,1.55,301.25,5.33,True
786,20.84,91.97,1.08,4.44,110.66,1.72,371.43,6.32,True
787,15.9,259.25,1.07,3.4,262.94,1.2,151.0,3.2,True
788,18.09,185.26,1.07,3.86,195.59,1.43,248.5,4.58,True
789,22.92,21.55,1.09,4.88,46.55,1.94,464.23,7.64,True
790,23.24,10.86,1.09,4.94,36.82,1.97,478.32,7.83,True
791,16.12,252.01,1.07,3.45,256.36,1.22,160.53,3.34,True
792,16.97,223.16,1.07,3.63,230.09,1.31,198.55,3.88,True
793,19.88,124.74,1.08,4.24,140.49,1.62,328.26,5.71,True
794,21.78,60.42,1.08,4.64,81.94,1.82,413.01,6.91,True
795,22.93,21.22,1.09,4.88,46.25,1.94,464.68,7.64,True
796,20.24,112.3,1.08,4.31,129.16,1.66,344.65,5.94,True
797,21.36,74.32,1.08,4.55,94.59,1.78,394.7,6.65,True
798,18.4,174.75,1.07,3.93,186.02,1.46,262.36,4.78,True
799,19.13,149.84,1.08,4.08,163.35,1.54,295.17,5.24,True
800,23.06,16.96,1.09,4.91,42.37,1.95,470.28,7.72,True
801,20.26,111.64,1.08,4.32,128.57,1.66,345.51,5.96,True
802,17.58,202.44,1.07,3.75,211.22,1.38,225.87,4.26,True
803,18.14,183.57,1.07,3.87,194.05,1.44,250.73,4.61,True
804,20.68,97.61,1.08,4.41,115.8,1.7,364.0,6.22,True
805,21.36,74.41,1.08,4.55,94.67,1.77,394.58,6.65,True
806,15.14,285.28,1.06,3.24,286.64,1.12,116.7,2.72,True
807,20.98,87.3,1.08,4.47,106.4,1.73,377.59,6.41,True
808,16.89,225.76,1.07,3.61,232.46,1.3,195.13,3.83,True
809,15.32,278.98,1.06,3.28,280.91,1.14,125.0,2.83,True
810,19.52,136.86,1.08,4.16,151.52,1.58,312.29,5.49,True
811,20.96,88.07,1.08,4.46,107.11,1.73,376.57,6.39,True
812,20.21,113.28,1.08,4.31,130.05,1.65,343.36,5.92,True
813,16.07,253.57,1.07,3.44,257.78,1.22,158.48,3.31,True
814,16.31,245.6,1.07,3.49,250.52,1.24,168.98,3.46,True
815,14.2,316.88,1.06,3.04,315.41,1.02,75.05,2.13,True
816,18.9,157.83,1.07,4.03,170.61,1.52,284.65,5.09,True
817,20.67,98.01,1.08,4.4,116.15,1.7,363.48,6.21,True
818,19.5,137.34,1.08,4.16,151.96,1.58,311.65,5.48,True
819,21.55,68.14,1.08,4.59,88.96,1.79,402.84,6.77,True
820,17.4,208.74,1.07,3.71,216.96,1.36,217.56,4.14,True
821,22.75,27.32,1.09,4.84,51.8,1.92,456.63,7.53,True
822,15.09,286.67,1.06,3.23,287.91,1.11,114.87,2.69,True
823,19.97,121.7,1.08,4.26,137.72,1.63,332.26,5.77,True
824,18.98,154.95,1.08,4.05,168.0,1.52,288.44,5.15,True
825,17.24,214.04,1.07,3.68,221.79,1.34,210.57,4.05,True
826,15.79,263.24,1.07,3.38,266.58,1.19,145.74,3.13,True
827,16.33,244.8,1.07,3.49,249.8,1.24,170.03,3.47,True
828,23.39,5.58,1.09,4.98,32.01,1.99,485.28,7.93,True
829,21.04,85.27,1.08,4.48,104.56,1.74,380.27,6.45,True
830,20.55,102.01,1.08,4.38,119.79,1.69,358.21,6.14,True
831,18.13,184.03,1.07,3.87,194.47,1.43,250.12,4.61,True
832,14.22,316.17,1.06,3.05,314.77,1.02,75.99,2.14,True
833,18.18,182.33,1.07,3.88,192.92,1.44,252.36,4.64,True
834,17.38,209.15,1.07,3.71,217.34,1.36,217.02,4.14,True
835,21.15,81.45,1.08,4.51,101.08,1.75,385.3,6.52,True
836,19.6,134.15,1.08,4.18,149.06,1.59,315.85,5.54,True
837,22.84,24.41,1.09,4.86,49.15,1.93,460.47,7.58,True
838,17.27,213.17,1.07,3.69,220.99,1.34,211.73,4.06,True
839,18.17,182.35,1.07,3.88,192.94,1.44,252.33,4.64,True
840,19.62,133.29,1.08,4.18,148.27,1.59,316.99,5.55,True
841,18.18,182.35,1.07,3.88,192.94,1.44,252.34,4.64,True
842,22.22,45.42,1.08,4.73,68.28,1.86,432.78,7.19,True
843,18.05,186.48,1.07,3.85,196.7,1.43,246.89,4.56,True
844,15.28,280.29,1.06,3.27,282.1,1.13,123.27,2.81,True
845,18.23,180.61,1.07,3.89,191.35,1.44,254.63,4.67,True
846,18.63,166.92,1.07,3.97,178.89,1.49,272.67,4.92,True
847,16.72,231.63,1.07,3.57,237.81,1.29,187.39,3.72,True
848,16.99,222.58,1.07,3.63,229.56,1.31,199.32,3.89,True
849,17.97,189.37,1.07,3.84,199.33,1.42,243.08,4.51,True
850,17.68,199.23,1.07,3.77,208.3,1.39,230.09,4.32,True
851,22.29,43.07,1.08,4.74,66.14,1.87,435.87,7.23,True
852,19.39,141.05,1.08,4.14,155.34,1.57,306.76,5.41,True
853,14.54,305.48,1.06,3.11,305.03,1.06,90.08,2.34,True
854,22.71,28.63,1.09,4.83,52.99,1.92,454.91,7.5,True
855,22.25,44.18,1.08,4.74,67.15,1.87,434.42,7.21,True
856,18.68,165.18,1.07,3.99,177.31,1.49,274.96,4.96,True
857,18.8,161.35,1.07,4.01,173.82,1.5,280.01,5.03,True
858,14.79,296.93,1.06,3.17,297.25,1.08,101.35,2.5,True
859,16.11,252.32,1.07,3.44,256.64,1.22,160.13,3.33,True
860,18.01,188.09,1.07,3.84,198.17,1.42,244.77,4.53,True
861,19.25,145.9,1.08,4.11,159.75,1.55,300.37,5.32,True
862,18.49,171.63,1.07,3.95,183.17,1.47,266.47,4.84,True
863,14.21,316.6,1.06,3.04,315.15,1.02,75.43,2.13,True
864,14.46,308.31,1.06,3.1,307.61,1.05,86.35,2.29,True
865,14.27,314.67,1.06,3.06,313.4,1.03,77.97,2.17,True
866,18.02,187.58,1.07,3.85,197.7,1.42,245.45,4.54,True
867,14.24,315.71,1.06,3.05,314.35,1.02,76.6,2.15,True
868,22.27,43.62,1.08,4.74,66.64,1.87,435.16,7.22,True
869,22.65,30.72,1.09,4.82,54.9,1.91,452.15,7.46,True
870,22.16,47.4,1.08,4.72,70.08,1.86,430.17,7.15,True
871,14.23,316.11,1.06,3.05,314.71,1.02,76.07,2.14,True
872,21.85,57.87,1.08,4.65,79.62,1.83,416.37,6.96,True
873,17.01,221.83,1.07,3.63,228.88,1.32,200.3,3.9,True
874,17.9,191.51,1.07,3.82,201.27,1.41,240.27,4.47,True
875,15.85,261.03,1.07,3.39,264.57,1.19,148.65,3.17,True
876,15.57,270.61,1.07,3.33,273.29,1.16,136.03,2.99,True
877,14.91,292.76,1.06,3.19,293.46,1.1,106.83,2.58,True
878,21.75,61.4,1.08,4.63,82.82,1.82,411.73,6.89,True
879,17.37,209.69,1.07,3.71,217.82,1.35,216.31,4.13,True
880,14.58,303.96,1.06,3.12,303.65,1.06,92.09,2.37,True
881,21.6,66.46,1.08,4.6,87.44,1.8,405.05,6.8,True
882,14.68,300.82,1.06,3.14,300.79,1.07,96.22,2.43,True
883,17.11,218.46,1.07,3.65,225.81,1.33,204.76,3.96,True
884,14.03,322.84,1.06,3.01,320.84,1.0,67.19,2.02,True
885,19.03,153.54,1.08,4.06,166.71,1.53,290.3,5.17,True
886,18.83,160.01,1.07,4.02,172.6,1.51,281.77,5.05,True
887,20.39,107.42,1.08,4.34,124.72,1.67,351.08,6.03,True
888,19.64,132.79,1.08,4.19,147.82,1.59,317.65,5.56,True
889,22.37,40.11,1.09,4.76,63.45,1.88,439.77,7.29,True
890,18.06,186.3,1.07,3.85,196.53,1.43,247.13,4.56,True
891,21.45,71.45,1.08,4.57,91.97,1.78,398.48,6.7,True
892,15.41,276.14,1.06,3.3,278.33,1.15,128.73,2.89,True
893,18.11,184.42,1.07,3.87,194.82,1.43,249.61,4.6,True
894,21.75,61.38,1.08,4.63,82.81,1.82,411.75,6.89,True
895,15.07,287.63,1.06,3.22,288.79,1.11,113.59,2.67,True
896,20.03,119.6,1.08,4.27,135.81,1.63,335.03,5.81,True
897,17.78,195.87,1.07,3.79,205.25,1.4,234.52,4.38,True
898,21.68,63.64,1.08,4.62,84.86,1.81,408.77,6.85,True
899,19.26,145.74,1.08,4.11,159.61,1.55,300.59,5.32,True
900,22.29,43.07,1.08,4.74,66.14,1.87,435.88,7.23,True
901,23.0,19.01,1.09,4.89,44.24,1.95,467.58,7.68,True
902,19.48,138.11,1.08,4.15,152.66,1.58,310.64,5.46,True
903,22.17,47.2,1.08,4.72,69.9,1.86,430.43,7.16,True
904,20.48,104.33,1.08,4.36,121.91,1.68,355.16,6.09,True
905,22.82,24.86,1.09,4.86,49.56,1.93,459.87,7.57,True
906,17.76,196.35,1.07,3.79,205.69,1.4,233.88,4.38,True
907,22.95,20.73,1.09,4.88,45.8,1.94,465.32,7.65,True
908,23.23,11.08,1.09,4.94,37.01,1.97,478.04,7.83,True
909,14.55,305.04,1.06,3.12,304.63,1.06,90.66,2.35,True
910,22.13,48.42,1.08,4.71,71.01,1.86,428.83,7.13,True
911,15.95,257.55,1.07,3.41,261.4,1.21,153.24,3.23,True
912,22.71,28.66,1.09,4.83,53.02,1.92,454.87,7.5,True
913,19.09,151.32,1.08,4.07,164.69,1.54,293.23,5.22,True
914,16.0,255.97,1.07,3.42,259.96,1.21,155.32,3.26,True
915,16.46,240.43,1.07,3.52,245.82,1.26,175.79,3.55,True
916,15.02,289.36,1.06,3.21,290.36,1.11,111.31,2.64,True
917,21.31,76.19,1.08,4.54,96.3,1.77,392.23,6.62,True
918,23.44,3.88,1.09,4.99,30.46,1.99,487.53,7.96,True
919,14.63,302.57,1.06,3.13,302.38,1.07,93.91,2.4,True
920,17.04,220.87,1.07,3.64,228.01,1.32,201.58,3.92,True
921,18.62,167.24,1.07,3.97,179.19,1.49,272.24,4.92,True
922,19.23,146.68,1.08,4.1,160.46,1.55,299.35,5.3,True
923,18.4,174.64,1.07,3.93,185.92,1.46,262.5,4.78,True
924,16.14,251.17,1.07,3.45,255.59,1.22,161.65,3.35,True
925,18.95,155.95,1.08,4.04,168.91,1.52,287.12,5.13,True
926,20.98,87.32,1.08,4.47,106.42,1.73,377.57,6.41,True
927,21.42,72.34,1.08,4.56,92.79,1.78,397.3,6.69,True
928,18.1,184.81,1.07,3.86,195.17,1.43,249.1,4.59,True
929,17.4,208.63,1.07,3.72,216.87,1.36,217.7,4.15,True
930,22.24,44.52,1.08,4.74,67.46,1.87,433.96,7.21,True
931,21.33,75.41,1.08,4.54,95.58,1.77,393.26,6.63,True
932,20.44,105.79,1.08,4.35,123.24,1.68,353.22,6.06,True
933,19.69,131.07,1.08,4.2,146.26,1.6,319.91,5.59,True
934,16.03,254.9,1.07,3.43,258.99,1.21,156.73,3.28,True
935,23.34,7.41,1.09,4.97,33.67,1.98,482.87,7.9,True
936,16.64,234.33,1.07,3.56,240.26,1.28,183.84,3.67,True
937,15.59,269.97,1.07,3.33,272.71,1.17,136.87,3.0,True
938,19.35,142.46,1.08,4.13,156.62,1.56,304.91,5.38,True
939,19.57,135.24,1.08,4.17,150.05,1.59,314.42,5.52,True
940,16.23,248.28,1.07,3.47,252.96,1.23,165.45,3.41,True
941,14.17,318.12,1.06,3.03,316.54,1.02,73.41,2.1,True
942,22.43,38.13,1.09,4.78,61.64,1.89,442.39,7.33,True
943,22.73,28.11,1.09,4.84,52.52,1.92,455.59,7.51,True
944,18.32,177.57,1.07,3.91,188.59,1.45,258.63,4.73,True
945,17.11,218.52,1.07,3.65,225.87,1.33,204.67,3.96,True
946,14.66,301.4,1.06,3.14,301.32,1.07,95.45,2.42,True
947,22.16,47.33,1.08,4.72,70.02,1.86,430.26,7.15,True
948,22.93,21.43,1.09,4.88,46.44,1.94,464.4,7.64,True
949,18.48,172.13,1.07,3.94,183.63,1.47,265.81,4.83,True
950,14.14,319.11,1.06,3.03,317.44,1.01,72.12,2.09,True
951,21.52,69.08,1.08,4.58,89.82,1.79,401.6,6.75,True
952,19.62,133.24,1.08,4.18,148.23,1.59,317.05,5.55,True
953,16.22,248.46,1.07,3.47,253.13,1.23,165.21,3.4,True
954,15.21,282.77,1.06,3.25,284.36,1.13,120.01,2.76,True
955,23.43,4.43,1.09,4.98,30.96,1.99,486.8,7.95,True
956,17.8,195.18,1.07,3.8,204.62,1.4,235.43,4.4,True
957,18.89,158.05,1.07,4.03,170.82,1.51,284.36,5.09,True
958,23.4,5.4,1.09,4.98,31.85,1.99,485.52,7.94,True
959,21.54,68.34,1.08,4.59,89.15,1.79,402.57,6.76,True
960,19.18,148.16,1.08,4.09,161.82,1.55,297.38,5.27,True
961,21.35,74.91,1.08,4.55,95.13,1.77,393.92,6.64,True
962,20.4,106.94,1.08,4.35,124.29,1.67,351.71,6.04,True
963,22.1,49.54,1.08,4.7,72.03,1.85,427.35,7.11,True
964,15.28,280.49,1.06,3.27,282.29,1.13,123.0,2.81,True
965,23.13,14.38,1.09,4.92,40.02,1.96,473.69,7.77,True
966,22.33,41.67,1.08,4.75,64.87,1.88,437.72,7.26,True
967,16.16,250.43,1.07,3.46,254.92,1.23,162.62,3.37,True
968,19.57,135.03,1.08,4.17,149.85,1.59,314.7,5.52,True
969,21.83,58.68,1.08,4.65,80.35,1.82,415.31,6.94,True
970,18.44,173.23,1.07,3.94,184.63,1.47,264.36,4.81,True
971,20.12,116.6,1.08,4.29,133.08,1.64,338.98,5.86,True
972,14.05,322.03,1.06,3.01,320.1,1.0,68.27,2.03,True
973,14.55,305.16,1.06,3.12,304.74,1.06,90.5,2.35,True
974,21.47,70.88,1.08,4.57,91.46,1.79,399.23,6.72,True
975,16.56,237.09,1.07,3.54,242.77,1.27,180.2,3.62,True
976,19.51,137.28,1.08,4.16,151.91,1.58,311.73,5.48,True
977,15.43,275.16,1.06,3.3,277.43,1.15,130.04,2.91,True
978,16.77,229.94,1.07,3.58,236.26,1.29,189.62,3.75,True
979,19.98,121.28,1.08,4.26,137.34,1.63,332.81,5.78,True
980,14.91,292.91,1.06,3.19,293.59,1.1,106.64,2.58,True
981,18.36,176.18,1.07,3.92,187.32,1.46,260.47,4.75,True
982,18.1,184.92,1.07,3.86,195.28,1.43,248.94,4.59,True
983,15.67,267.14,1.07,3.35,270.13,1.18,140.6,3.06,True
984,14.23,316.06,1.06,3.05,314.66,1.02,76.14,2.14,True
985,15.96,257.44,1.07,3.41,261.3,1.21,153.39,3.24,True
986,16.93,224.63,1.07,3.62,231.43,1.31,196.62,3.85,True
987,18.32,177.44,1.07,3.91,188.46,1.45,258.81,4.73,True
988,18.86,159.26,1.07,4.02,171.91,1.51,282.77,5.07,True
989,18.99,154.9,1.08,4.05,167.94,1.52,288.52,5.15,True
990,19.8,127.15,1.08,4.22,142.69,1.61,325.07,5.67,True
991,16.52,238.38,1.07,3.53,243.95,1.26,178.49,3.59,True
992,22.75,27.31,1.09,4.84,51.79,1.92,456.65,7.53,True
993,18.5,171.27,1.07,3.95,182.85,1.47,266.93,4.84,True
994,15.88,260.22,1.07,3.39,263.83,1.2,149.72,3.18,True
995,23.36,6.7,1.09,4.97,33.03,1.99,483.81,7.91,True
996,20.42,106.24,1.08,4.35,123.65,1.68,352.63,6.06,True
997,22.96,20.13,1.09,4.89,45.26,1.94,466.11,7.66,True
998,21.56,67.85,1.08,4.59,88.69,1.8,403.23,6.77,True
999,21.86,57.71,1.08,4.65,79.47,1.83,416.58,6.96,True
1000,16.81,228.72,1.07,3.59,235.15,1.29,191.23,3.77,True
1001,17.82,194.51,1.07,3.8,204.01,1.4,236.31,4.41,True
1002,15.98,256.61,1.07,3.42,260.54,1.21,154.48,3.25,True
1003,22.52,35.17,1.09,4.79,58.95,1.9,446.28,7.38,True
1004,19.8,127.17,1.08,4.22,142.7,1.61,325.05,5.67,True
1005,23.04,17.42,1.09,4.9,42.79,1.95,469.68,7.71,True
1006,18.8,161.12,1.07,4.01,173.61,1.51,280.31,5.03,True
1007,14.9,293.21,1.06,3.19,293.86,1.09,106.25,2.57,True
1008,14.3,313.44,1.06,3.06,312.28,1.03,79.58,2.19,True
1009,15.34,278.22,1.06,3.28,280.22,1.14,126.0,2.85,True
1010,15.63,268.42,1.07,3.34,271.3,1.17,138.91,3.03,True
1011,21.83,58.72,1.08,4.65,80.39,1.82,415.26,6.94,True
1012,22.83,24.81,1.09,4.86,49.52,1.93,459.94,7.57,True
1013,23.29,9.17,1.09,4.96,35.28,1.98,480.55,7.87,True
1014,19.99,120.87,1.08,4.26,136.97,1.63,333.35,5.78,True
1015,15.85,260.96,1.07,3.39,264.5,1.19,148.75,3.17,True
1016,15.81,262.48,1.07,3.38,265.89,1.19,146.74,3.14,True
1017,14.51,306.38,1.06,3.11,305.85,1.05,88.89,2.32,True
1018,21.56,67.61,1.08,4.59,88.48,1.8,403.54,6.78,True
1019,16.88,226.2,1.07,3.61,232.86,1.3,194.55,3.82,True
1020,18.34,176.75,1.07,3.91,187.84,1.46,259.71,4.74,True
1021,16.2,249.33,1.07,3.46,253.91,1.23,164.08,3.39,True
1022,19.87,124.83,1.08,4.24,140.57,1.62,328.14,5.71,True
1023,18.37,175.88,1.07,3.92,187.05,1.46,260.86,4.76,True
1024,17.16,216.59,1.07,3.67,224.11,1.33,207.21,4.0,True
1025,18.3,177.96,1.07,3.91,188.94,1.45,258.13,4.72,True
1026,17.0,222.25,1.07,3.63,229.26,1.31,199.75,3.89,True
1027,23.22,11.59,1.09,4.94,37.48,1.97,477.36,7.82,True
1028,20.67,97.94,1.08,4.4,116.09,1.7,363.57,6.21,True
1029,19.0,154.28,1.08,4.05,167.38,1.53,289.33,5.16,True
1030,17.61,201.32,1.07,3.76,210.21,1.38,227.34,4.28,True
1031,21.19,80.38,1.08,4.51,100.1,1.76,386.72,6.54,True
1032,21.92,55.4,1.08,4.67,77.36,1.83,419.63,7.0,True
1033,14.9,293.22,1.06,3.19,293.87,1.09,106.23,2.57,True
1034,16.61,235.28,1.07,3.55,241.13,1.27,182.58,3.65,True
1035,16.33,244.68,1.07,3.49,249.68,1.25,170.19,3.47,True
1036,15.97,256.88,1.07,3.42,260.79,1.21,154.12,3.25,True
1037,18.61,167.73,1.07,3.97,179.63,1.48,271.6,4.91,True
1038,19.18,148.41,1.08,4.09,162.04,1.54,297.06,5.27,True
1039,21.46,71.22,1.08,4.57,91.77,1.78,398.78,6.71,True
1040,22.71,28.9,1.09,4.83,53.24,1.92,454.55,7.5,True
1041,15.43,275.24,1.06,3.3,277.5,1.15,129.93,2.9,True
1042,17.16,216.6,1.07,3.67,224.12,1.33,207.2,4.0,True
1043,19.94,122.49,1.08,4.25,138.44,1.63,331.22,5.75,True
1044,22.95,20.6,1.09,4.88,45.68,1.94,465.49,7.65,True
1045,15.24,281.64,1.06,3.26,283.33,1.13,121.5,2.79,True
1046,14.13,319.26,1.06,3.03,317.58,1.01,71.92,2.08,True
1047,14.26,315.03,1.06,3.05,313.73,1.03,77.49,2.16,True
1048,23.19,12.4,1.09,4.94,38.22,1.97,476.3,7.81,True
1049,23.31,8.35,1.09,4.96,34.53,1.98,481.63,7.88,True
1050,15.11,286.01,1.06,3.23,287.31,1.12,115.73,2.7,True
1051,15.78,263.61,1.07,3.37,266.91,1.19,145.26,3.12,True
1052,21.74,61.58,1.08,4.63,82.99,1.81,411.49,6.89,True
1053,19.71,130.37,1.08,4.2,145.61,1.6,320.84,5.61,True
1054,23.29,9.19,1.09,4.96,35.3,1.98,480.52,7.87,True
1055,23.3,8.69,1.09,4.96,34.84,1.98,481.18,7.88,True
1056,17.34,210.78,1.07,3.7,218.82,1.35,214.87,4.11,True
1057,21.9,56.05,1.08,4.66,77.96,1.83,418.77,6.99,True
1058,19.99,120.83,1.08,4.26,136.93,1.63,333.41,5.78,True
1059,22.97,20.01,1.09,4.89,45.14,1.94,466.27,7.66,True
1060,17.27,213.12,1.07,3.69,220.95,1.34,211.78,4.06,True
1061,14.05,322.04,1.06,3.01,320.11,1.0,68.26,2.03,True
1062,22.15,47.88,1.08,4.71,70.52,1.86,429.53,7.14,True
1063,16.31,245.36,1.07,3.49,250.31,1.24,169.3,3.46,True
1064,17.46,206.43,1.07,3.73,214.86,1.36,220.6,4.19,True
1065,14.72,299.2,1.06,3.15,299.32,1.08,98.35,2.46,True
1066,20.83,92.32,1.08,4.44,110.98,1.72,370.97,6.32,True
1067,20.04,119.12,1.08,4.27,135.38,1.64,335.66,5.82,True
1068,21.79,59.9,1.08,4.64,81.46,1.82,413.7,6.92,True
1069,21.88,56.95,1.08,4.66,78.78,1.83,417.58,6.98,True
1070,19.5,137.31,1.08,4.16,151.94,1.58,311.69,5.48,True
1071,21.27,77.44,1.08,4.53,97.43,1.77,390.58,6.59,True
1072,21.4,73.29,1.08,4.56,93.65,1.78,396.05,6.67,True
1073,19.7,130.85,1.08,4.2,146.05,1.6,320.2,5.6,True
1074,15.24,281.7,1.06,3.26,283.39,1.13,121.41,2.78,True
1075,19.28,145.01,1.08,4.11,158.95,1.56,301.54,5.33,True
1076,23.18,12.87,1.09,4.93,38.64,1.97,475.68,7.8,True
1077,17.97,189.31,1.07,3.84,199.27,1.42,243.17,4.51,True
1078,15.03,288.89,1.06,3.22,289.93,1.11,111.94,2.65,True
1079,18.64,166.64,1.07,3.98,178.64,1.49,273.04,4.93,True
1080,21.97,53.66,1.08,4.68,75.78,1.84,421.92,7.04,True
1081,14.94,292.02,1.06,3.2,292.78,1.1,107.81,2.59,True
1082,19.22,146.8,1.08,4.1,160.57,1.55,299.18,5.3,True
1083,23.03,17.9,1.09,4.9,43.23,1.95,469.04,7.7,True
1084,21.12,82.74,1.08,4.5,102.25,1.75,383.6,6.49,True
1085,20.42,106.31,1.08,4.35,123.71,1.68,352.55,6.05,True
1086,19.26,145.53,1.08,4.11,159.42,1.55,300.85,5.32,True
1087,19.28,144.76,1.08,4.11,158.71,1.56,301.88,5.34,True
1088,23.37,6.46,1.09,4.97,32.81,1.99,484.12,7.92,True
1089,22.47,37.04,1.09,4.78,60.65,1.89,443.83,7.35,True
1090,15.12,285.67,1.06,3.24,287.0,1.12,116.19,2.71,True
1091,17.69,198.92,1.07,3.78,208.02,1.39,230.51,4.33,True
1092,16.27,246.85,1.07,3.48,251.65,1.24,167.34,3.43,True
1093,17.09,218.99,1.07,3.65,226.29,1.33,204.06,3.95,True
1094,23.43,4.44,1.09,4.98,30.97,1.99,486.79,7.95,True
1095,21.72,62.18,1.08,4.63,83.54,1.81,410.69,6.88,True
1096,18.94,156.52,1.08,4.04,169.42,1.52,286.37,5.12,True
1097,16.82,228.34,1.07,3.59,234.81,1.3,191.73,3.78,True
1098,21.55,68.09,1.08,4.59,88.91,1.79,402.91,6.77,True
1099,17.45,206.76,1.07,3.73,215.16,1.36,220.16,4.18,True
1100,14.88,294.09,1.06,3.18,294.66,1.09,105.09,2.55,True
1101,16.95,223.84,1.07,3.62,230.71,1.31,197.66,3.86,True
1102,14.91,292.99,1.06,3.19,293.66,1.09,106.54,2.57,True
1103,20.0,120.41,1.08,4.26,136.55,1.63,333.96,5.79,True
1104,23.05,17.24,1.09,4.91,42.62,1.95,469.92,7.72,True
1105,17.87,192.79,1.07,3.81,202.44,1.41,238.58,4.44,True
1106,16.19,249.65,1.07,3.46,254.21,1.23,163.65,3.38,True
1107,20.84,92.02,1.08,4.44,110.7,1.72,371.38,6.32,True
1108,18.71,164.19,1.07,3.99,176.4,1.5,276.27,4.98,True
1109,21.42,72.42,1.08,4.56,92.86,1.78,397.2,6.69,True
1110,19.36,142.31,1.08,4.13,156.49,1.56,305.1,5.38,True
1111,23.32,7.96,1.09,4.96,34.17,1.98,482.15,7.89,True
1112,17.51,204.83,1.07,3.74,213.4,1.37,222.71,4.22,True
1113,21.58,67.01,1.08,4.6,87.94,1.8,404.33,6.79,True
1114,22.3,42.62,1.08,4.75,65.73,1.87,436.48,7.24,True
1115,18.43,173.79,1.07,3.93,185.14,1.47,263.62,4.8,True
1116,18.94,156.57,1.08,4.04,169.47,1.52,286.31,5.12,True
1117,22.69,29.59,1.09,4.83,53.87,1.91,453.64,7.49,True
1118,17.93,190.59,1.07,3.83,200.44,1.41,241.48,4.48,True
1119,19.51,137.0,1.08,4.16,151.66,1.58,312.09,5.48,True
1120,17.21,214.99,1.07,3.68,222.65,1.34,209.33,4.03,True
1121,23.26,10.02,1.09,4.95,36.05,1.98,479.43,7.85,True
1122,16.47,239.97,1.07,3.52,245.4,1.26,176.4,3.56,True
1123,21.58,67.12,1.08,4.6,88.04,1.8,404.18,6.79,True
1124,22.61,32.27,1.09,4.81,56.31,1.91,450.11,7.44,True
1125,21.11,83.03,1.08,4.5,102.52,1.75,383.22,6.49,True
1126,15.93,258.52,1.07,3.41,262.28,1.2,151.96,3.22,True
1127,16.25,247.38,1.07,3.47,252.14,1.24,166.64,3.42,True
1128,23.37,6.57,1.09,4.97,32.91,1.99,483.98,7.91,True
1129,20.48,104.4,1.08,4.36,121.98,1.68,355.05,6.09,True
1130,19.95,122.32,1.08,4.25,138.29,1.63,331.44,5.76,True
1131,20.35,108.56,1.08,4.34,125.76,1.67,349.58,6.01,True
1132,19.08,151.67,1.08,4.07,165.01,1.53,292.76,5.21,True
1133,16.52,238.4,1.07,3.53,243.97,1.26,178.47,3.59,True
1134,14.57,304.39,1.06,3.12,304.04,1.06,91.51,2.36,True
1135,17.14,217.36,1.07,3.66,224.81,1.33,206.2,3.98,True
1136,16.05,254.23,1.07,3.43,258.38,1.22,157.61,3.3,True
1137,22.5,35.84,1.09,4.79,59.55,1.89,445.41,7.37,True
1138,20.98,87.5,1.08,4.47,106.59,1.73,377.33,6.41,True
1139,21.1,83.12,1.08,4.5,102.6,1.75,383.09,6.49,True
1140,18.31,177.82,1.07,3.91,188.81,1.45,258.31,4.72,True
1141,17.86,193.1,1.07,3.81,202.73,1.41,238.17,4.44,True
1142,20.15,115.31,1.08,4.3,131.9,1.65,340.69,5.89,True
1143,22.04,51.6,1.08,4.69,73.91,1.85,424.64,7.08,True
1144,14.22,316.19,1.06,3.05,314.79,1.02,75.96,2.14,True
1145,19.49,137.83,1.08,4.16,152.41,1.58,311.0,5.47,True
1146,17.13,217.67,1.07,3.66,225.09,1.33,205.79,3.98,True
1147,23.42,4.65,1.09,4.98,31.16,1.99,486.51,7.95,True
1148,15.75,264.51,1.07,3.37,267.73,1.18,144.07,3.1,True
1149,17.85,193.19,1.07,3.81,202.81,1.41,238.05,4.43,True
1150,16.98,222.89,1.07,3.63,229.84,1.31,198.91,3.88,True
1151,22.54,34.57,1.09,4.8,58.4,1.9,447.08,7.39,True
1152,20.13,115.98,1.08,4.29,132.51,1.65,339.8,5.87,True
1153,21.5,69.6,1.08,4.58,90.3,1.79,400.91,6.74,True
1154,15.19,283.34,1.06,3.25,284.88,1.12,119.25,2.75,True
1155,16.95,223.83,1.07,3.62,230.7,1.31,197.68,3.86,True
1156,21.63,65.39,1.08,4.61,86.45,1.8,406.47,6.82,True
1157,16.38,243.03,1.07,3.5,248.18,1.25,172.37,3.51,True
1158,18.93,156.77,1.08,4.04,169.65,1.52,286.04,5.11,True
1159,21.93,55.31,1.08,4.67,77.28,1.83,419.75,7.01,True
1160,20.74,95.46,1.08,4.42,113.83,1.71,366.84,6.26,True
1161,17.89,192.08,1.07,3.82,201.8,1.41,239.51,4.46,True
1162,18.81,160.77,1.07,4.01,173.29,1.51,280.78,5.04,True
1163,14.51,306.42,1.06,3.11,305.89,1.05,88.84,2.32,True
1164,17.64,200.49,1.07,3.77,209.45,1.38,228.43,4.3,True
1165,21.67,64.01,1.08,4.61,85.2,1.81,408.29,6.84,True
1166,20.03,119.56,1.08,4.27,135.77,1.63,335.09,5.81,True
1167,18.13,183.8,1.07,3.87,194.26,1.43,250.42,4.61,True
1168,16.77,230.0,1.07,3.58,236.32,1.29,189.54,3.75,True
1169,18.37,175.6,1.07,3.92,186.79,1.46,261.23,4.76,True
1170,17.96,189.78,1.07,3.83,199.7,1.42,242.54,4.5,True
1171,20.22,113.12,1.08,4.31,129.91,1.65,343.56,5.93,True
1172,21.75,61.2,1.08,4.63,82.65,1.82,411.98,6.9,True
1173,21.76,61.09,1.08,4.63,82.55,1.82,412.13,6.9,True
1174,22.86,23.74,1.09,4.86,48.54,1.93,461.36,7.59,True
1175,19.54,136.04,1.08,4.17,150.78,1.58,313.36,5.5,True
1176,16.63,234.8,1.07,3.55,240.68,1.28,183.22,3.66,True
1177,19.22,147.06,1.08,4.1,160.81,1.55,298.84,5.29,True
1178,14.34,312.22,1.06,3.07,311.17,1.04,81.2,2.22,True
1179,16.33,244.91,1.07,3.49,249.89,1.24,169.9,3.47,True
1180,21.82,58.74,1.08,4.65,80.41,1.82,415.23,6.94,True
1181,19.45,139.05,1.08,4.15,153.52,1.57,309.4,5.44,True
1182,21.91,55.7,1.08,4.67,77.63,1.83,419.24,7.0,True
1183,20.16,115.1,1.08,4.3,131.71,1.65,340.96,5.89,True
1184,16.4,242.34,1.07,3.51,247.56,1.25,173.28,3.52,True
1185,22.1,49.4,1.08,4.71,71.9,1.85,427.53,7.12,True
1186,15.84,261.46,1.07,3.39,264.96,1.19,148.08,3.16,True
1187,18.93,156.91,1.08,4.04,169.78,1.52,285.86,5.11,True
1188,22.9,22.29,1.09,4.87,47.22,1.94,463.26,7.62,True
1189,18.61,167.7,1.07,3.97,179.6,1.48,271.65,4.91,True
1190,19.62,133.25,1.08,4.18,148.24,1.59,317.03,5.55,True
1191,16.64,234.43,1.07,3.56,240.35,1.28,183.71,3.67,True
1192,14.33,312.61,1.06,3.07,311.53,1.03,80.67,2.21,True
1193,21.66,64.27,1.08,4.61,85.44,1.81,407.94,6.84,True
1194,20.63,99.04,1.08,4.4,117.09,1.7,362.13,6.19,True
1195,16.71,231.81,1.07,3.57,237.96,1.29,187.16,3.71,True
1196,22.1,49.46,1.08,4.7,71.96,1.85,427.45,7.11,True
1197,22.74,27.68,1.09,4.84,52.13,1.92,456.16,7.52,True
1198,18.46,172.76,1.07,3.94,184.2,1.47,264.98,4.82,True
1199,17.04,220.86,1.07,3.64,228.0,1.32,201.58,3.92,True
1200,15.72,265.66,1.07,3.36,268.78,1.18,142.56,3.08,True
1201,15.97,257.05,1.07,3.41,260.94,1.21,153.9,3.24,True
1202,16.52,238.46,1.07,3.53,244.02,1.26,178.39,3.59,True
1203,19.5,137.36,1.08,4.16,151.98,1.58,311.62,5.48,True
1204,22.04,51.45,1.08,4.69,73.76,1.85,424.84,7.08,True
1205,22.58,33.11,1.09,4.81,57.07,1.9,449.0,7.42,True
1206,23.43,4.3,1.09,4.99,30.85,1.99,486.97,7.96,True
1207,23.22,11.57,1.09,4.94,37.46,1.97,477.39,7.82,True
1208,15.23,282.26,1.06,3.26,283.89,1.13,120.68,2.77,True
1209,17.62,201.11,1.07,3.76,210.02,1.38,227.62,4.29,True
1210,22.73,28.16,1.09,4.84,52.57,1.92,455.52,7.51,True
1211,16.88,226.2,1.07,3.61,232.86,1.3,194.55,3.82,True
1212,27.72,-291.29,1.05,5.73,162.4,-457.26,502.1,1.4,True
1213,28.22,-326.35,1.05,5.82,178.38,-512.15,503.55,0.61,True
1214,29.07,-385.58,1.04,5.97,205.37,-604.9,505.99,-0.72,False
1215,30.41,-478.37,1.03,6.2,247.65,-750.19,509.82,-2.81,False
1216,30.19,-463.47,1.03,6.16,240.86,-726.87,509.2,-2.47,False
1217,28.56,-350.03,1.05,5.88,189.17,-549.23,504.52,0.08,True
1218,27.89,-303.46,1.05,5.76,167.95,-476.31,502.6,1.13,True
1219,27.48,-275.03,1.06,5.69,154.99,-431.8,501.43,1.77,True
1220,30.14,-459.57,1.03,6.15,239.08,-720.76,509.04,-2.39,False
1221,28.73,-361.58,1.05,5.91,194.43,-567.32,505.0,-0.18,False
1222,30.96,-517.12,1.03,6.3,265.31,-810.87,511.42,-3.68,False
1223,30.79,-504.9,1.03,6.27,259.74,-791.73,510.91,-3.41,False
1224,27.82,-298.14,1.05,5.75,165.52,-467.98,502.38,1.25,True
1225,28.15,-321.24,1.05,5.81,176.05,-504.15,503.34,0.73,True
1226,30.62,-493.09,1.03,6.24,254.36,-773.24,510.43,-3.14,False
1227,29.03,-382.34,1.04,5.96,203.89,-599.82,505.86,-0.65,False
1228,30.24,-467.02,1.03,6.17,242.48,-732.43,509.35,-2.55,False
1229,30.66,-496.21,1.03,6.25,255.78,-778.13,510.55,-3.21,False
1230,28.54,-348.39,1.05,5.88,188.42,-546.67,504.46,0.11,True
1231,27.93,-306.16,1.05,5.77,169.18,-480.54,502.71,1.07,True
1232,27.41,-269.95,1.06,5.68,152.68,-423.84,501.22,1.88,True
1233,30.9,-512.54,1.03,6.29,263.22,-803.7,511.23,-3.58,False
1234,30.87,-510.73,1.03,6.28,262.4,-800.87,511.15,-3.54,False
1235,30.29,-470.36,1.03,6.18,244.0,-737.66,509.49,-2.63,False
1236,29.47,-413.53,1.04,6.04,218.11,-648.67,507.14,-1.35,False
1237,29.31,-401.89,1.04,6.01,212.8,-630.43,506.66,-1.09,False
1238,28.0,-311.03,1.05,5.78,171.39,-488.16,502.91,0.96,True
1239,30.79,-505.25,1.03,6.27,259.9,-792.29,510.93,-3.41,False
1240,27.64,-286.11,1.05,5.72,160.04,-449.14,501.89,1.52,True
1241,29.22,-395.61,1.04,5.99,209.94,-620.61,506.4,-0.95,False
1242,28.02,-312.43,1.05,5.79,172.04,-490.36,502.97,0.92,True
1243,30.05,-453.52,1.03,6.14,236.33,-711.29,508.79,-2.25,False
1244,28.97,-378.73,1.04,5.95,202.25,-594.17,505.71,-0.57,False
1245,29.27,-399.25,1.04,6.0,211.6,-626.31,506.55,-1.03,False
1246,29.8,-436.0,1.04,6.1,228.35,-683.86,508.07,-1.86,False
1247,28.09,-317.43,1.05,5.8,174.31,-498.18,503.18,0.81,True
1248,29.12,-388.91,1.04,5.98,206.89,-610.11,506.13,-0.8,False
1249,30.96,-516.97,1.03,6.3,265.24,-810.64,511.41,-3.68,False
1250,27.93,-306.1,1.05,5.77,169.15,-480.45,502.71,1.07,True
1251,29.89,-442.63,1.04,6.11,231.37,-694.23,508.34,-2.01,False
1252,31.0,-519.9,1.03,6.3,266.58,-815.23,511.53,-3.74,False
1253,28.13,-320.04,1.05,5.81,175.5,-502.28,503.29,0.75,True
1254,29.43,-410.72,1.04,6.03,216.82,-644.26,507.03,-1.29,False
1255,28.79,-365.82,1.04,5.92,196.36,-573.96,505.17,-0.28,False
1256,31.07,-524.75,1.03,6.32,268.79,-822.83,511.73,-3.85,False
1257,27.89,-303.18,1.05,5.76,167.82,-475.87,502.59,1.13,True
1258,28.66,-356.56,1.05,5.9,192.14,-559.46,504.79,-0.07,True
1259,30.94,-515.72,1.03,6.29,264.67,-808.68,511.36,-3.65,False
1260,29.06,-384.4,1.04,5.97,204.83,-603.05,505.94,-0.7,False
1261,28.31,-332.53,1.05,5.84,181.19,-521.83,503.8,0.47,True
1262,30.78,-504.56,1.03,6.27,259.59,-791.22,510.9,-3.4,False
1263,30.62,-493.47,1.03,6.24,254.53,-773.84,510.44,-3.15,False
1264,30.08,-455.55,1.03,6.14,237.25,-714.47,508.88,-2.3,False
1265,30.2,-464.35,1.03,6.17,241.26,-728.24,509.24,-2.49,False
1266,27.86,-301.17,1.05,5.76,166.91,-472.73,502.51,1.18,True
1267,28.42,-340.34,1.05,5.86,184.75,-534.07,504.12,0.3,True
1268,29.21,-395.09,1.04,5.99,209.7,-619.79,506.38,-0.94,False
1269,29.84,-439.0,1.04,6.1,229.71,-688.54,508.19,-1.92,False
1270,30.31,-471.76,1.03,6.18,244.64,-739.85,509.55,-2.66,False
1271,30.92,-514.16,1.03,6.29,263.96,-806.24,511.3,-3.62,False
1272,30.08,-455.91,1.03,6.14,237.42,-715.02,508.89,-2.3,False
1273,30.5,-484.76,1.03,6.22,250.56,-760.2,510.08,-2.95,False
1274,28.93,-375.87,1.04,5.94,200.94,-589.69,505.59,-0.5,False
1275,30.78,-504.42,1.03,6.27,259.53,-790.99,510.89,-3.4,False
1276,29.11,-388.37,1.04,5.98,206.64,-609.27,506.11,-0.78,False
1277,28.2,-324.65,1.05,5.82,177.6,-509.5,503.48,0.65,True
1278,30.2,-464.01,1.03,6.17,241.11,-727.72,509.23,-2.49,False
1279,28.58,-351.66,1.05,5.88,189.91,-551.78,504.59,0.04,True
1280,27.78,-295.49,1.05,5.74,164.32,-463.84,502.27,1.31,True
1281,30.64,-494.52,1.03,6.24,255.01,-775.49,510.48,-3.17,False
1282,31.13,-528.39,1.03,6.33,270.44,-828.51,511.88,-3.94,False
1283,30.24,-467.12,1.03,6.17,242.53,-732.59,509.35,-2.56,False
1284,30.18,-462.36,1.03,6.16,240.36,-725.12,509.16,-2.45,False
1285,30.08,-455.39,1.03,6.14,237.18,-714.22,508.87,-2.29,False
1286,28.66,-357.1,1.05,5.9,192.39,-560.31,504.82,-0.08,True
1287,28.16,-322.21,1.05,5.81,176.49,-505.67,503.38,0.7,True
1288,28.55,-348.94,1.05,5.88,188.67,-547.52,504.48,0.1,True
1289,28.79,-366.15,1.04,5.92,196.51,-574.47,505.19,-0.28,False
1290,30.51,-485.82,1.03,6.22,251.05,-761.86,510.13,-2.98,False
1291,30.13,-459.24,1.03,6.15,238.93,-720.24,509.03,-2.38,False
1292,30.03,-452.46,1.03,6.14,235.84,-709.62,508.75,-2.23,False
1293,28.97,-378.42,1.04,5.95,202.11,-593.7,505.69,-0.56,False
1294,30.95,-516.19,1.03,6.3,264.89,-809.42,511.38,-3.66,False
1295,29.64,-424.96,1.04,6.07,223.32,-666.57,507.62,-1.61,False
1296,30.13,-459.48,1.03,6.15,239.05,-720.63,509.04,-2.39,False
1297,27.71,-290.69,1.05,5.73,162.13,-456.32,502.08,1.41,True
1298,28.26,-328.88,1.05,5.83,179.53,-516.11,503.65,0.55,True
1299,29.43,-410.67,1.04,6.03,216.8,-644.19,507.03,-1.29,False
1300,29.66,-426.27,1.04,6.07,223.91,-668.62,507.67,-1.64,False
1301,30.13,-459.39,1.03,6.15,239.0,-720.47,509.04,-2.38,False
1302,29.71,-430.24,1.04,6.08,225.72,-674.84,507.83,-1.73,False
1303,28.9,-373.31,1.04,5.94,199.78,-585.69,505.48,-0.45,False
1304,27.58,-281.79,1.05,5.71,158.07,-442.39,501.71,1.61,True
1305,27.62,-284.63,1.05,5.72,159.36,-446.82,501.83,1.55,True
1306,28.23,-327.23,1.05,5.82,178.78,-513.54,503.58,0.59,True
1307,30.11,-457.43,1.03,6.15,238.11,-717.41,508.95,-2.34,False
1308,29.54,-418.43,1.04,6.05,220.34,-656.34,507.35,-1.46,False
1309,29.12,-388.7,1.04,5.98,206.79,-609.79,506.12,-0.79,False
1310,30.76,-503.2,1.03,6.26,258.97,-789.08,510.84,-3.37,False
1311,31.12,-528.31,1.03,6.33,270.41,-828.4,511.88,-3.93,False
1312,30.19,-463.35,1.03,6.16,240.81,-726.67,509.2,-2.47,False
1313,31.12,-527.7,1.03,6.32,270.13,-827.45,511.85,-3.92,False
1314,30.45,-481.44,1.03,6.21,249.05,-755.0,509.94,-2.88,False
1315,28.12,-319.2,1.05,5.8,175.12,-500.95,503.25,0.77,True
1316,27.36,-266.7,1.06,5.67,151.19,-418.74,501.09,1.95,True
1317,27.67,-287.95,1.05,5.72,160.88,-452.02,501.96,1.48,True
1318,30.41,-478.64,1.03,6.2,247.78,-750.62,509.83,-2.82,False
1319,29.72,-430.3,1.04,6.08,225.75,-674.92,507.83,-1.73,False
1320,31.08,-525.05,1.03,6.32,268.92,-823.29,511.74,-3.86,False
1321,29.97,-448.31,1.03,6.13,233.95,-703.12,508.58,-2.13,False
1322,29.25,-397.82,1.04,6.0,210.95,-624.06,506.5,-1.0,False
1323,28.19,-323.95,1.05,5.82,177.28,-508.4,503.45,0.66,True
1324,29.98,-448.86,1.03,6.13,234.2,-703.98,508.6,-2.15,False
1325,30.3,-471.17,1.03,6.18,244.37,-738.92,509.52,-2.65,False
1326,27.97,-308.7,1.05,5.78,170.33,-484.51,502.82,1.01,True
1327,30.99,-519.2,1.03,6.3,266.26,-814.14,511.5,-3.73,False
1328,29.52,-416.93,1.04,6.05,219.65,-653.98,507.28,-1.43,False
1329,30.25,-467.67,1.03,6.17,242.78,-733.44,509.38,-2.57,False
1330,29.92,-444.75,1.04,6.12,232.33,-697.56,508.43,-2.05,False
1331,27.7,-290.02,1.05,5.73,161.82,-455.26,502.05,1.43,True
1332,27.7,-290.13,1.05,5.73,161.87,-455.44,502.05,1.43,True
1333,30.16,-461.08,1.03,6.16,239.77,-723.12,509.1,-2.42,False
1334,29.92,-444.73,1.04,6.12,232.32,-697.52,508.43,-2.05,False
1335,29.32,-402.97,1.04,6.01,213.29,-632.14,506.71,-1.11,False
1336,30.83,-507.7,1.03,6.27,261.02,-796.12,511.03,-3.47,False
1337,30.74,-501.46,1.03,6.26,258.17,-786.35,510.77,-3.33,False
1338,27.88,-302.71,1.05,5.76,167.61,-475.14,502.57,1.14,True
1339,28.45,-342.12,1.05,5.86,185.57,-536.85,504.2,0.26,True
1340,30.95,-516.14,1.03,6.3,264.86,-809.34,511.38,-3.66,False
1341,28.14,-320.69,1.05,5.81,175.8,-503.3,503.31,0.74,True
1342,31.14,-529.59,1.02,6.33,270.99,-830.4,511.93,-3.96,False
1343,31.07,-524.54,1.03,6.32,268.69,-822.5,511.72,-3.85,False
1344,30.16,-461.34,1.03,6.16,239.89,-723.53,509.12,-2.43,False
1345,29.72,-430.95,1.04,6.08,226.05,-675.95,507.86,-1.74,False
1346,28.87,-371.6,1.04,5.93,199.0,-583.01,505.41,-0.41,False
1347,28.99,-380.17,1.04,5.96,202.9,-596.42,505.77,-0.6,False
1348,28.89,-372.68,1.04,5.94,199.49,-584.71,505.46,-0.43,False
1349,28.36,-335.94,1.05,5.84,182.75,-527.17,503.94,0.4,True
1350,27.59,-282.27,1.05,5.71,158.29,-443.13,501.73,1.6,True
1351,29.03,-382.76,1.04,5.96,204.08,-600.48,505.87,-0.66,False
1352,29.62,-423.5,1.04,6.06,222.65,-664.27,507.55,-1.58,False
1353,29.62,-423.85,1.04,6.06,222.81,-664.82,507.57,-1.58,False
1354,30.24,-466.94,1.03,6.17,242.44,-732.29,509.35,-2.55,False
1355,30.17,-461.76,1.03,6.16,240.08,-724.19,509.13,-2.44,False
1356,30.89,-512.02,1.03,6.29,262.99,-802.89,511.21,-3.57,False
1357,30.16,-461.2,1.03,6.16,239.83,-723.31,509.11,-2.42,False
1358,28.52,-346.91,1.05,5.87,187.75,-544.34,504.39,0.15,True
1359,29.88,-441.43,1.04,6.11,230.82,-692.35,508.29,-1.98,False
1360,27.69,-289.39,1.05,5.73,161.54,-454.28,502.02,1.44,True
1361,29.74,-431.81,1.04,6.08,226.44,-677.29,507.9,-1.76,False
1362,30.34,-474.05,1.03,6.19,245.69,-743.44,509.64,-2.71,False
1363,29.06,-384.96,1.04,5.97,205.09,-603.93,505.96,-0.71,False
1364,30.04,-452.91,1.03,6.14,236.05,-710.33,508.77,-2.24,False
1365,29.41,-409.35,1.04,6.03,216.2,-642.12,506.97,-1.26,False
1366,28.96,-377.97,1.04,5.95,201.9,-592.99,505.68,-0.55,False
1367,31.16,-531.13,1.02,6.33,271.7,-832.82,512.0,-4.0,False
1368,29.28,-400.04,1.04,6.01,211.96,-627.55,506.59,-1.05,False
1369,28.72,-360.99,1.05,5.91,194.16,-566.39,504.98,-0.17,False
1370,31.16,-530.63,1.02,6.33,271.47,-832.04,511.97,-3.99,False
1371,29.35,-404.67,1.04,6.02,214.07,-634.8,506.78,-1.15,False
1372,27.58,-281.52,1.05,5.71,157.95,-441.96,501.7,1.62,True
1373,30.11,-457.51,1.03,6.15,238.15,-717.53,508.96,-2.34,False
1374,29.32,-402.96,1.04,6.01,213.29,-632.11,506.71,-1.11,False
1375,30.76,-502.89,1.03,6.26,258.83,-788.6,510.83,-3.36,False
1376,28.66,-356.9,1.05,5.9,192.3,-559.99,504.81,-0.08,True
1377,29.18,-393.0,1.04,5.99,208.75,-616.52,506.3,-0.89,False
1378,27.85,-300.24,1.05,5.76,166.48,-471.26,502.47,1.2,True
1379,29.2,-394.59,1.04,5.99,209.47,-619.0,506.36,-0.92,False
1380,30.15,-460.51,1.03,6.16,239.51,-722.23,509.08,-2.41,False
1381,30.15,-460.55,1.03,6.16,239.53,-722.3,509.08,-2.41,False
1382,28.33,-333.91,1.05,5.84,181.82,-523.99,503.86,0.44,True
1383,27.84,-300.04,1.05,5.76,166.39,-470.96,502.46,1.2,True
1384,27.76,-294.13,1.05,5.74,163.69,-461.7,502.22,1.34,True
1385,29.16,-391.77,1.04,5.98,208.19,-614.59,506.25,-0.86,False
1386,30.79,-505.16,1.03,6.27,259.86,-792.14,510.92,-3.41,False
1387,27.34,-265.12,1.06,5.67,150.48,-416.28,501.02,1.99,True
1388,28.92,-375.19,1.04,5.94,200.63,-588.63,505.56,-0.49,False
1389,30.67,-496.7,1.03,6.25,256.0,-778.89,510.57,-3.22,False
1390,28.83,-368.45,1.04,5.93,197.56,-578.08,505.28,-0.34,False
1391,30.53,-487.3,1.03,6.22,251.72,-764.19,510.19,-3.01,False
1392,27.62,-284.88,1.05,5.72,159.48,-447.22,501.84,1.54,True
1393,30.74,-501.32,1.03,6.26,258.11,-786.13,510.77,-3.33,False
1394,30.67,-496.59,1.03,6.25,255.95,-778.72,510.57,-3.22,False
1395,30.32,-472.42,1.03,6.19,244.94,-740.88,509.57,-2.68,False
1396,30.26,-468.25,1.03,6.18,243.04,-734.35,509.4,-2.58,False
1397,27.79,-296.39,1.05,5.75,164.73,-465.25,502.31,1.29,True
1398,28.52,-347.06,1.05,5.87,187.81,-544.58,504.4,0.15,True
1399,28.38,-337.77,1.05,5.85,183.58,-530.04,504.02,0.35,True
1400,30.96,-516.87,1.03,6.3,265.2,-810.48,511.41,-3.68,False
1401,28.45,-342.62,1.05,5.86,185.79,-537.63,504.22,0.24,True
1402,29.93,-445.42,1.04,6.12,232.64,-698.6,508.46,-2.07,False
1403,29.21,-395.01,1.04,5.99,209.66,-619.66,506.38,-0.93,False
1404,31.13,-528.52,1.03,6.33,270.5,-828.72,511.89,-3.94,False
1405,28.65,-356.22,1.05,5.9,191.99,-558.93,504.78,-0.06,True
1406,31.06,-523.75,1.03,6.31,268.33,-821.26,511.69,-3.83,False
1407,30.28,-469.9,1.03,6.18,243.79,-736.94,509.47,-2.62,False
1408,28.21,-325.63,1.05,5.82,178.05,-511.03,503.52,0.63,True
1409,28.17,-323.04,1.05,5.81,176.87,-506.97,503.41,0.69,True
1410,27.94,-307.06,1.05,5.77,169.59,-481.95,502.75,1.05,True
1411,30.66,-495.94,1.03,6.25,255.66,-777.7,510.54,-3.21,False
1412,31.1,-526.37,1.03,6.32,269.52,-825.35,511.8,-3.89,False
1413,28.77,-364.46,1.04,5.92,195.74,-571.83,505.12,-0.25,False
1414,30.45,-481.16,1.03,6.21,248.93,-754.57,509.93,-2.87,False
1415,29.85,-439.61,1.04,6.1,229.99,-689.5,508.22,-1.94,False
1416,28.16,-321.96,1.05,5.81,176.38,-505.28,503.37,0.71,True
1417,29.47,-413.17,1.04,6.04,217.94,-648.1,507.13,-1.34,False
1418,30.97,-517.28,1.03,6.3,265.38,-811.12,511.42,-3.69,False
1419,29.88,-442.05,1.04,6.11,231.1,-693.33,508.32,-1.99,False
1420,30.67,-497.05,1.03,6.25,256.17,-779.45,510.59,-3.23,False
1421,28.23,-327.24,1.05,5.82,178.78,-513.54,503.58,0.59,True
1422,29.17,-392.34,1.04,5.99,208.45,-615.48,506.27,-0.87,False
1423,30.39,-477.2,1.03,6.2,247.12,-748.37,509.77,-2.78,False
1424,29.09,-387.15,1.04,5.97,206.09,-607.36,506.06,-0.76,False
1425,29.28,-400.25,1.04,6.01,212.05,-627.87,506.6,-1.05,False
1426,30.28,-469.67,1.03,6.18,243.69,-736.57,509.46,-2.61,False
1427,27.9,-304.12,1.05,5.77,168.25,-477.35,502.63,1.11,True
1428,29.57,-420.09,1.04,6.06,221.1,-658.94,507.41,-1.5,False
1429,30.95,-516.04,1.03,6.3,264.82,-809.18,511.37,-3.66,False
1430,29.69,-428.64,1.04,6.08,224.99,-672.33,507.77,-1.69,False
1431,30.78,-504.48,1.03,6.27,259.55,-791.08,510.9,-3.4,False
1432,28.11,-318.63,1.05,5.8,174.86,-500.07,503.23,0.78,True
1433,29.5,-415.53,1.04,6.04,219.02,-651.8,507.23,-1.4,False
1434,30.14,-459.97,1.03,6.16,239.27,-721.38,509.06,-2.4,False
1435,30.8,-505.77,1.03,6.27,260.14,-793.1,510.95,-3.43,False
1436,29.95,-446.53,1.03,6.12,233.14,-700.33,508.5,-2.09,False
1437,27.87,-301.97,1.05,5.76,167.27,-473.98,502.54,1.16,True
1438,29.22,-395.89,1.04,5.99,210.07,-621.04,506.42,-0.95,False
1439,27.99,-310.65,1.05,5.78,171.22,-487.56,502.9,0.96,True
1440,28.78,-365.47,1.04,5.92,196.2,-573.41,505.16,-0.27,False
1441,27.57,-281.38,1.05,5.71,157.89,-441.74,501.69,1.62,True
1442,28.17,-322.52,1.05,5.81,176.63,-506.16,503.39,0.7,True
1443,30.24,-466.96,1.03,6.17,242.46,-732.34,509.35,-2.55,False
1444,27.34,-264.82,1.06,5.67,150.34,-415.81,501.01,2.0,True
1445,27.64,-285.67,1.05,5.72,159.84,-448.45,501.87,1.53,True
1446,31.04,-522.3,1.03,6.31,267.67,-818.99,511.63,-3.8,False
1447,28.41,-339.24,1.05,5.85,184.25,-532.34,504.08,0.32,True
1448,30.39,-477.37,1.03,6.2,247.2,-748.63,509.78,-2.79,False
1449,30.06,-454.34,1.03,6.14,236.7,-712.56,508.83,-2.27,False
1450,30.79,-505.18,1.03,6.27,259.87,-792.19,510.92,-3.41,False
1451,28.03,-312.86,1.05,5.79,172.23,-491.04,502.99,0.91,True
1452,30.21,-464.51,1.03,6.17,241.34,-728.5,509.25,-2.5,False
1453,27.56,-280.64,1.05,5.71,157.55,-440.57,501.66,1.64,True
1454,28.52,-346.98,1.05,5.87,187.78,-544.46,504.4,0.15,True
1455,28.9,-373.32,1.04,5.94,199.78,-585.71,505.48,-0.45,False
1456,27.65,-286.66,1.05,5.72,160.29,-450.0,501.91,1.5,True
1457,30.41,-478.3,1.03,6.2,247.62,-750.09,509.82,-2.81,False
1458,27.98,-309.46,1.05,5.78,170.68,-485.7,502.85,0.99,True
1459,27.69,-289.71,1.05,5.73,161.68,-454.79,502.04,1.44,True
1460,31.05,-522.86,1.03,6.31,267.93,-819.87,511.65,-3.81,False
1461,28.63,-355.15,1.05,5.89,191.5,-557.25,504.73,-0.04,True
1462,29.62,-423.96,1.04,6.07,222.86,-665.0,507.57,-1.59,False
1463,28.26,-329.1,1.05,5.83,179.63,-516.46,503.66,0.55,True
1464,31.02,-521.02,1.03,6.31,267.09,-816.99,511.58,-3.77,False
1465,28.18,-323.18,1.05,5.81,176.93,-507.19,503.42,0.68,True
1466,30.96,-516.59,1.03,6.3,265.07,-810.04,511.4,-3.67,False
1467,27.92,-305.4,1.05,5.77,168.83,-479.36,502.68,1.08,True
1468,28.13,-320.2,1.05,5.81,175.57,-502.52,503.29,0.75,True
1469,28.18,-323.47,1.05,5.81,177.07,-507.65,503.43,0.68,True
1470,29.55,-418.92,1.04,6.05,220.56,-657.11,507.37,-1.47,False
1471,29.24,-397.11,1.04,6.0,210.62,-622.96,506.47,-0.98,False
1472,27.83,-299.05,1.05,5.75,165.94,-469.4,502.42,1.23,True
1473,30.53,-486.78,1.03,6.22,251.48,-763.36,510.17,-3.0,False
1474,29.96,-447.24,1.03,6.12,233.47,-701.45,508.53,-2.11,False
1475,28.26,-329.14,1.05,5.83,179.65,-516.52,503.66,0.55,True
1476,29.71,-430.03,1.04,6.08,225.62,-674.5,507.82,-1.72,False
1477,28.43,-340.82,1.05,5.86,184.97,-534.81,504.14,0.29,True
1478,27.87,-302.27,1.05,5.76,167.4,-474.44,502.55,1.15,True
1479,28.18,-323.62,1.05,5.81,177.13,-507.88,503.43,0.67,True
1480,29.73,-431.13,1.04,6.08,226.13,-676.22,507.87,-1.75,False
1481,29.45,-412.12,1.04,6.04,217.46,-646.45,507.08,-1.32,False
1482,31.01,-520.18,1.03,6.31,266.71,-815.67,511.54,-3.75,False
1483,28.45,-342.5,1.05,5.86,185.74,-537.45,504.21,0.25,True
1484,30.75,-502.2,1.03,6.26,258.51,-787.52,510.8,-3.35,False
1485,28.91,-374.02,1.04,5.94,200.1,-586.8,505.51,-0.46,False
1486,31.08,-525.07,1.03,6.32,268.93,-823.32,511.74,-3.86,False
1487,30.68,-497.57,1.03,6.25,256.4,-780.27,510.61,-3.24,False
1488,30.41,-478.47,1.03,6.2,247.7,-750.35,509.82,-2.81,False
1489,31.02,-520.89,1.03,6.31,267.03,-816.78,511.57,-3.77,False
1490,30.11,-457.84,1.03,6.15,238.3,-718.05,508.97,-2.35,False
1491,29.43,-410.27,1.04,6.03,216.62,-643.56,507.01,-1.28,False
1492,31.05,-523.22,1.03,6.31,268.09,-820.43,511.67,-3.82,False
1493,29.06,-384.71,1.04,5.97,204.97,-603.53,505.95,-0.7,False
1494,27.65,-286.34,1.05,5.72,160.15,-449.5,501.9,1.51,True
1495,27.4,-269.35,1.06,5.68,152.4,-422.9,501.19,1.89,True
1496,29.82,-437.59,1.04,6.1,229.07,-686.35,508.14,-1.89,False
1497,29.27,-399.16,1.04,6.0,211.56,-626.17,506.55,-1.03,False
1498,28.6,-352.4,1.05,5.89,190.25,-552.94,504.62,0.02,True
1499,30.22,-465.65,1.03,6.17,241.85,-730.27,509.29,-2.52,False
1500,29.41,-409.2,1.04,6.03,216.13,-641.89,506.96,-1.25,False
1501,27.94,-306.89,1.05,5.77,169.51,-481.68,502.74,1.05,True
1502,28.02,-312.51,1.05,5.79,172.07,-490.48,502.98,0.92,True
1503,28.72,-360.95,1.05,5.91,194.15,-566.34,504.97,-0.17,False
1504,30.09,-456.16,1.03,6.15,237.53,-715.43,508.9,-2.31,False
1505,27.71,-291.11,1.05,5.73,162.32,-456.98,502.09,1.4,True
1506,29.84,-439.09,1.04,6.1,229.75,-688.69,508.2,-1.93,False
1507,29.54,-417.79,1.04,6.05,220.05,-655.34,507.32,-1.45,False
1508,31.01,-520.64,1.03,6.31,266.92,-816.39,511.56,-3.76,False
1509,30.04,-452.71,1.03,6.14,235.96,-710.02,508.76,-2.23,False
1510,30.21,-464.42,1.03,6.17,241.3,-728.36,509.24,-2.5,False
1511,28.44,-341.89,1.05,5.86,185.46,-536.48,504.19,0.26,True
1512,27.44,-272.33,1.06,5.69,153.76,-427.57,501.32,1.83,True
1513,30.92,-513.85,1.03,6.29,263.82,-805.76,511.28,-3.61,False
1514,30.5,-484.97,1.03,6.22,250.66,-760.53,510.09,-2.96,False
1515,30.86,-510.05,1.03,6.28,262.09,-799.81,511.13,-3.52,False
1516,28.31,-332.55,1.05,5.84,181.2,-521.86,503.8,0.47,True
1517,28.33,-333.96,1.05,5.84,181.85,-524.07,503.86,0.44,True
1518,29.31,-402.05,1.04,6.01,212.88,-630.69,506.67,-1.09,False
1519,27.82,-298.19,1.05,5.75,165.55,-468.06,502.38,1.24,True
1520,27.49,-275.37,1.06,5.69,155.14,-432.32,501.44,1.76,True
1521,28.37,-337.08,1.05,5.85,183.27,-528.95,503.99,0.37,True
1522,30.77,-503.77,1.03,6.26,259.23,-789.97,510.87,-3.38,False
1523,27.53,-278.35,1.05,5.7,156.51,-437.0,501.57,1.69,True
1524,28.3,-331.64,1.05,5.83,180.79,-520.43,503.76,0.49,True
1525,27.35,-265.62,1.06,5.67,150.7,-417.06,501.04,1.98,True
1526,31.15,-530.36,1.02,6.33,271.35,-831.61,511.96,-3.98,False
1527,27.96,-308.33,1.05,5.78,170.17,-483.94,502.8,1.02,True
1528,27.67,-288.07,1.05,5.73,160.93,-452.21,501.97,1.47,True
1529,27.85,-300.55,1.05,5.76,166.62,-471.75,502.48,1.19,True
1530,30.52,-486.37,1.03,6.22,251.3,-762.73,510.15,-2.99,False
1531,29.78,-434.91,1.04,6.09,227.85,-682.14,508.03,-1.83,False
1532,31.04,-522.58,1.03,6.31,267.8,-819.43,511.64,-3.8,False
1533,30.92,-514.21,1.03,6.29,263.99,-806.32,511.3,-3.62,False
1534,28.06,-314.86,1.05,5.79,173.14,-494.16,503.07,0.87,True
1535,28.87,-371.66,1.04,5.93,199.03,-583.11,505.42,-0.41,False
1536,29.79,-435.39,1.04,6.09,228.07,-682.89,508.05,-1.84,False
1537,29.79,-435.76,1.04,6.09,228.24,-683.48,508.06,-1.85,False
1538,30.56,-488.98,1.03,6.23,252.49,-766.81,510.26,-3.05,False
1539,29.63,-424.46,1.04,6.07,223.09,-665.79,507.59,-1.6,False
1540,30.93,-514.94,1.03,6.29,264.32,-807.47,511.33,-3.63,False
1541,31.1,-526.68,1.03,6.32,269.67,-825.84,511.81,-3.9,False
1542,29.18,-393.04,1.04,5.99,208.77,-616.58,506.3,-0.89,False
1543,30.85,-509.45,1.03,6.28,261.81,-798.86,511.1,-3.51,False
1544,28.27,-330.11,1.05,5.83,180.09,-518.04,503.7,0.53,True
1545,30.7,-498.67,1.03,6.25,256.9,-781.98,510.66,-3.27,False
1546,28.53,-347.94,1.05,5.87,188.22,-545.96,504.44,0.13,True
1547,29.72,-430.38,1.04,6.08,225.78,-675.05,507.84,-1.73,False
1548,29.29,-400.69,1.04,6.01,212.25,-628.56,506.61,-1.06,False
1549,28.86,-370.56,1.04,5.93,198.52,-581.38,505.37,-0.38,False
1550,30.35,-474.66,1.03,6.19,245.96,-744.39,509.67,-2.73,False
1551,28.59,-352.15,1.05,5.89,190.13,-552.55,504.61,0.03,True
1552,27.66,-287.58,1.05,5.72,160.71,-451.44,501.95,1.48,True
1553,31.03,-521.86,1.03,6.31,267.47,-818.3,511.61,-3.79,False
1554,30.98,-518.58,1.03,6.3,265.98,-813.16,511.48,-3.71,False
1555,27.94,-307.09,1.05,5.77,169.6,-482.0,502.75,1.04,True
1556,28.28,-330.21,1.05,5.83,180.14,-518.2,503.71,0.52,True
1557,28.78,-365.05,1.04,5.92,196.01,-572.75,505.14,-0.26,False
1558,27.77,-294.99,1.05,5.74,164.09,-463.06,502.25,1.32,True
1559,28.28,-330.52,1.05,5.83,180.28,-518.68,503.72,0.52,True
1560,29.23,-396.6,1.04,6.0,210.39,-622.16,506.44,-0.97,False
1561,29.54,-417.79,1.04,6.05,220.04,-655.33,507.32,-1.45,False
1562,28.96,-377.58,1.04,5.95,201.73,-592.38,505.66,-0.54,False
1563,29.42,-409.55,1.04,6.03,216.29,-642.44,506.98,-1.26,False
1564,30.39,-476.97,1.03,6.2,247.01,-748.0,509.76,-2.78,False
1565,28.15,-321.23,1.05,5.81,176.05,-504.14,503.34,0.73,True
1566,28.52,-347.35,1.05,5.87,187.95,-545.03,504.41,0.14,True
1567,30.76,-502.99,1.03,6.26,258.87,-788.74,510.83,-3.36,False
1568,28.69,-359.26,1.05,5.9,193.37,-563.68,504.9,-0.13,True
1569,30.06,-454.22,1.03,6.14,236.65,-712.38,508.82,-2.27,False
1570,30.03,-452.15,1.03,6.14,235.7,-709.14,508.74,-2.22,False
1571,27.51,-277.2,1.06,5.7,155.98,-435.19,501.52,1.72,True
1572,30.81,-506.62,1.03,6.27,260.53,-794.44,510.98,-3.45,False
1573,30.39,-476.9,1.03,6.2,246.98,-747.89,509.76,-2.78,False
1574,30.14,-460.03,1.03,6.16,239.3,-721.49,509.06,-2.4,False
1575,30.16,-461.14,1.03,6.16,239.8,-723.21,509.11,-2.42,False
1576,30.34,-473.49,1.03,6.19,245.43,-742.56,509.62,-2.7,False
1577,29.94,-445.9,1.03,6.12,232.86,-699.36,508.48,-2.08,False
1578,30.86,-510.24,1.03,6.28,262.18,-800.11,511.13,-3.53,False
1579,30.12,-458.36,1.03,6.15,238.53,-718.86,508.99,-2.36,False
1580,28.16,-322.45,1.05,5.81,176.6,-506.04,503.39,0.7,True
1581,28.53,-347.72,1.05,5.87,188.11,-545.61,504.43,0.13,True
1582,30.26,-467.98,1.03,6.18,242.92,-733.93,509.39,-2.58,False
1583,29.6,-422.48,1.04,6.06,222.18,-662.67,507.51,-1.55,False
1584,28.14,-320.55,1.05,5.81,175.74,-503.07,503.31,0.74,True
1585,28.23,-327.16,1.05,5.82,178.75,-513.42,503.58,0.59,True
1586,30.77,-503.57,1.03,6.26,259.13,-789.65,510.86,-3.38,False
1587,30.61,-492.67,1.03,6.24,254.17,-772.59,510.41,-3.13,False
1588,29.67,-426.95,1.04,6.07,224.22,-669.68,507.7,-1.65,False
1589,30.86,-510.27,1.03,6.28,262.19,-800.14,511.13,-3.53,False
1590,29.28,-399.68,1.04,6.0,211.79,-626.97,506.57,-1.04,False
1591,29.22,-395.77,1.04,5.99,210.01,-620.85,506.41,-0.95,False
1592,30.86,-509.66,1.03,6.28,261.91,-799.19,511.11,-3.51,False
1593,27.83,-299.05,1.05,5.75,165.94,-469.41,502.42,1.23,True
1594,29.4,-408.15,1.04,6.03,215.66,-640.25,506.92,-1.23,False
1595,30.12,-458.49,1.03,6.15,238.59,-719.07,509.0,-2.36,False
1596,30.18,-462.64,1.03,6.16,240.48,-725.56,509.17,-2.46,False
1597,30.34,-474.09,1.03,6.19,245.7,-743.5,509.64,-2.71,False
1598,28.92,-374.97,1.04,5.94,200.54,-588.29,505.55,-0.48,False
1599,30.59,-491.26,1.03,6.23,253.53,-770.38,510.35,-3.1,False
1600,28.14,-320.75,1.05,5.81,175.83,-503.39,503.32,0.74,True
1601,30.71,-499.63,1.03,6.25,257.34,-783.49,510.7,-3.29,False
1602,29.9,-442.85,1.04,6.11,231.46,-694.57,508.35,-2.01,False
1603,28.7,-359.57,1.05,5.9,193.52,-564.17,504.92,-0.14,True
1604,28.1,-317.74,1.05,5.8,174.45,-498.66,503.19,0.8,True
1605,29.29,-400.78,1.04,6.01,212.29,-628.7,506.62,-1.06,False
1606,29.28,-399.85,1.04,6.0,211.87,-627.25,506.58,-1.04,False
1607,28.39,-337.99,1.05,5.85,183.68,-530.38,504.03,0.35,True
1608,27.71,-290.78,1.05,5.73,162.17,-456.45,502.08,1.41,True
1609,30.65,-495.21,1.03,6.24,255.33,-776.57,510.51,-3.19,False
1610,28.27,-329.68,1.05,5.83,179.89,-517.36,503.68,0.54,True
1611,29.46,-412.56,1.04,6.04,217.66,-647.14,507.1,-1.33,False
1612,28.07,-315.61,1.05,5.79,173.48,-495.33,503.1,0.85,True
1613,29.46,-412.47,1.04,6.04,217.62,-647.01,507.1,-1.33,False
1614,29.44,-410.95,1.04,6.03,216.93,-644.62,507.04,-1.29,False
1615,27.5,-275.96,1.06,5.7,155.42,-433.26,501.47,1.74,True
1616,30.62,-493.21,1.03,6.24,254.42,-773.44,510.43,-3.14,False
1617,28.45,-342.56,1.05,5.86,185.77,-537.54,504.22,0.25,True
1618,29.36,-405.64,1.04,6.02,214.51,-636.31,506.82,-1.17,False
1619,27.6,-282.93,1.05,5.71,158.59,-444.16,501.76,1.59,True
1620,30.47,-482.62,1.03,6.21,249.59,-756.85,509.99,-2.91,False
1621,30.48,-483.46,1.03,6.21,249.97,-758.17,510.03,-2.92,False
1622,28.74,-362.53,1.04,5.91,194.86,-568.8,505.04,-0.2,False
1623,30.17,-461.87,1.03,6.16,240.13,-724.36,509.14,-2.44,False
1624,27.82,-298.45,1.05,5.75,165.66,-468.46,502.4,1.24,True
1625,31.1,-526.34,1.03,6.32,269.51,-825.32,511.8,-3.89,False
1626,30.55,-488.15,1.03,6.23,252.11,-765.51,510.22,-3.03,False
1627,30.38,-476.78,1.03,6.2,246.93,-747.7,509.75,-2.77,False
1628,30.16,-460.96,1.03,6.16,239.72,-722.94,509.1,-2.42,False
1629,30.26,-468.32,1.03,6.18,243.07,-734.45,509.4,-2.58,False
1630,27.76,-294.12,1.05,5.74,163.69,-461.68,502.22,1.34,True
1631,30.42,-479.02,1.03,6.2,247.95,-751.22,509.85,-2.82,False
1632,27.93,-306.13,1.05,5.77,169.16,-480.49,502.71,1.07,True
1633,30.95,-516.27,1.03,6.3,264.92,-809.55,511.38,-3.66,False
1634,28.75,-363.4,1.04,5.91,195.26,-570.18,505.08,-0.22,False
1635,28.87,-371.82,1.04,5.93,199.1,-583.36,505.42,-0.41,False
1636,30.44,-480.85,1.03,6.21,248.78,-754.08,509.92,-2.87,False
1637,27.34,-265.34,1.06,5.67,150.57,-416.62,501.03,1.98,True
1638,29.28,-400.03,1.04,6.01,211.95,-627.53,506.59,-1.05,False
1639,29.94,-446.12,1.03,6.12,232.96,-699.7,508.49,-2.08,False
1640,27.69,-289.19,1.05,5.73,161.44,-453.97,502.01,1.45,True
1641,28.65,-356.19,1.05,5.9,191.97,-558.87,504.78,-0.06,True
1642,29.17,-392.16,1.04,5.99,208.37,-615.21,506.26,-0.87,False
1643,27.53,-278.54,1.05,5.7,156.59,-437.29,501.57,1.69,True
1644,30.5,-484.54,1.03,6.22,250.47,-759.87,510.07,-2.95,False
1645,27.51,-277.24,1.06,5.7,156.0,-435.26,501.52,1.72,True
1646,27.99,-310.43,1.05,5.78,171.12,-487.23,502.89,0.97,True
1647,28.47,-343.62,1.05,5.86,186.25,-539.2,504.26,0.22,True
1648,30.52,-485.96,1.03,6.22,251.11,-762.08,510.13,-2.98,False
1649,30.7,-498.65,1.03,6.25,256.89,-781.95,510.66,-3.27,False
1650,29.08,-386.01,1.04,5.97,205.57,-605.58,506.01,-0.73,False
1651,30.71,-499.42,1.03,6.25,257.24,-783.16,510.69,-3.28,False
1652,27.41,-270.14,1.06,5.68,152.76,-424.13,501.23,1.88,True
1653,28.51,-346.68,1.05,5.87,187.64,-543.98,504.39,0.15,True
1654,28.2,-324.82,1.05,5.82,177.68,-509.76,503.48,0.65,True
1655,28.35,-335.13,1.05,5.84,182.38,-525.91,503.91,0.41,True
1656,28.0,-310.74,1.05,5.78,171.27,-487.72,502.9,0.96,True
1657,30.62,-493.52,1.03,6.24,254.56,-773.92,510.44,-3.15,False
1658,30.56,-488.87,1.03,6.23,252.44,-766.64,510.25,-3.05,False
1659,29.2,-394.48,1.04,5.99,209.42,-618.83,506.36,-0.92,False
1660,27.71,-290.61,1.05,5.73,162.09,-456.19,502.07,1.42,True
1661,27.97,-308.72,1.05,5.78,170.34,-484.54,502.82,1.01,True
1662,28.89,-373.09,1.04,5.94,199.68,-585.35,505.48,-0.44,False
1663,30.14,-460.07,1.03,6.16,239.31,-721.54,509.06,-2.4,False
1664,30.66,-495.99,1.03,6.25,255.68,-777.79,510.55,-3.21,False
1665,30.07,-454.89,1.03,6.14,236.95,-713.42,508.85,-2.28,False
1666,27.88,-302.84,1.05,5.76,167.66,-475.34,502.58,1.14,True
1667,27.77,-295.24,1.05,5.74,164.2,-463.43,502.26,1.31,True
1668,30.02,-451.57,1.03,6.13,235.44,-708.23,508.71,-2.21,False
1669,30.17,-462.25,1.03,6.16,240.31,-724.95,509.15,-2.45,False
1670,28.79,-365.74,1.04,5.92,196.33,-573.83,505.17,-0.28,False
1671,28.67,-357.86,1.05,5.9,192.74,-561.5,504.85,-0.1,True
1672,28.2,-324.57,1.05,5.82,177.57,-509.37,503.47,0.65,True
1673,29.53,-417.28,1.04,6.05,219.82,-654.54,507.3,-1.44,False
1674,29.07,-385.73,1.04,5.97,205.44,-605.14,506.0,-0.73,False
1675,29.06,-384.43,1.04,5.97,204.85,-603.1,505.94,-0.7,False
1676,29.55,-418.57,1.04,6.05,220.4,-656.56,507.35,-1.46,False
1677,28.52,-347.18,1.05,5.87,187.87,-544.77,504.41,0.14,True
1678,27.66,-287.33,1.05,5.72,160.6,-451.05,501.94,1.49,True
1679,27.74,-292.99,1.05,5.74,163.17,-459.91,502.17,1.36,True
1680,27.73,-292.24,1.05,5.74,162.83,-458.74,502.14,1.38,True
1681,28.9,-373.68,1.04,5.94,199.95,-586.27,505.5,-0.45,False
1682,29.26,-398.88,1.04,6.0,211.43,-625.73,506.54,-1.02,False
1683,30.99,-519.25,1.03,6.3,266.28,-814.22,511.51,-3.73,False
1684,30.99,-518.66,1.03,6.3,266.01,-813.28,511.48,-3.72,False
1685,28.85,-369.86,1.04,5.93,198.2,-580.28,505.34,-0.37,False
1686,28.23,-327.34,1.05,5.82,178.83,-513.7,503.59,0.59,True
1687,30.67,-496.85,1.03,6.25,256.08,-779.14,510.58,-3.23,False
1688,28.35,-335.27,1.05,5.84,182.44,-526.12,503.91,0.41,True
1689,27.41,-269.97,1.06,5.68,152.69,-423.87,501.22,1.88,True
1690,30.56,-488.92,1.03,6.23,252.46,-766.72,510.25,-3.05,False
1691,27.68,-288.67,1.05,5.73,161.21,-453.15,501.99,1.46,True
1692,28.09,-317.2,1.05,5.8,174.21,-497.82,503.17,0.82,True
1693,30.06,-454.15,1.03,6.14,236.62,-712.27,508.82,-2.26,False
1694,28.16,-322.16,1.05,5.81,176.47,-505.59,503.37,0.71,True
1695,28.84,-369.44,1.04,5.93,198.01,-579.62,505.32,-0.36,False
1696,27.57,-281.22,1.05,5.71,157.81,-441.49,501.68,1.63,True
1697,29.01,-381.01,1.04,5.96,203.29,-597.75,505.8,-0.62,False
1698,30.17,-462.04,1.03,6.16,240.21,-724.62,509.14,-2.44,False
1699,30.42,-479.43,1.03,6.2,248.14,-751.86,509.86,-2.83,False
1700,28.75,-363.43,1.04,5.91,195.28,-570.22,505.08,-0.22,False
1701,28.01,-311.65,1.05,5.78,171.68,-489.14,502.94,0.94,True
1702,27.85,-300.46,1.05,5.76,166.58,-471.62,502.48,1.19,True
1703,28.6,-352.82,1.05,5.89,190.44,-553.61,504.64,0.02,True
1704,29.87,-441.24,1.04,6.11,230.73,-692.05,508.29,-1.97,False
1705,29.47,-413.17,1.04,6.04,217.94,-648.11,507.13,-1.34,False
1706,30.14,-459.67,1.03,6.15,239.13,-720.92,509.05,-2.39,False
1707,30.48,-483.4,1.03,6.21,249.95,-758.08,510.03,-2.92,False
1708,30.57,-489.48,1.03,6.23,252.72,-767.59,510.28,-3.06,False
1709,28.82,-368.11,1.04,5.93,197.41,-577.54,505.27,-0.33,False
1710,30.57,-489.97,1.03,6.23,252.94,-768.36,510.3,-3.07,False
1711,30.98,-517.96,1.03,6.3,265.69,-812.19,511.45,-3.7,False
1712,29.62,-423.51,1.04,6.06,222.65,-664.3,507.56,-1.58,False
1713,31.08,-525.17,1.03,6.32,268.98,-823.49,511.75,-3.86,False
1714,28.68,-358.16,1.05,5.9,192.88,-561.97,504.86,-0.1,True
1715,29.87,-440.85,1.04,6.11,230.56,-691.45,508.27,-1.97,False
1716,28.39,-337.79,1.05,5.85,183.59,-530.06,504.02,0.35,True
1717,29.41,-409.32,1.04,6.03,216.19,-642.07,506.97,-1.26,False
1718,27.36,-266.79,1.06,5.67,151.24,-418.9,501.09,1.95,True
1719,29.02,-382.2,1.04,5.96,203.83,-599.61,505.85,-0.65,False
1720,27.74,-292.67,1.05,5.74,163.03,-459.42,502.16,1.37,True
1721,30.35,-474.47,1.03,6.19,245.87,-744.09,509.66,-2.72,False
1722,28.89,-372.97,1.04,5.94,199.62,-585.16,505.47,-0.44,False
1723,28.74,-362.23,1.04,5.91,194.73,-568.33,505.03,-0.2,False
1724,30.29,-470.18,1.03,6.18,243.92,-737.37,509.48,-2.63,False
1725,27.73,-292.23,1.05,5.74,162.83,-458.73,502.14,1.38,True
1726,28.57,-350.69,1.05,5.88,189.47,-550.27,504.55,0.06,True
1727,30.37,-476.03,1.03,6.2,246.59,-746.53,509.72,-2.76,False
1728,30.19,-463.1,1.03,6.16,240.69,-726.29,509.19,-2.47,False
1729,27.57,-281.35,1.05,5.71,157.87,-441.68,501.69,1.62,True
1730,30.75,-502.09,1.03,6.26,258.46,-787.34,510.8,-3.34,False
1731,30.35,-474.22,1.03,6.19,245.76,-743.7,509.65,-2.72,False
1732,30.27,-468.63,1.03,6.18,243.21,-734.95,509.42,-2.59,False
1733,27.48,-274.67,1.06,5.69,154.83,-431.23,501.41,1.77,True
1734,30.5,-485.05,1.03,6.22,250.7,-760.66,510.09,-2.96,False
1735,30.19,-463.28,1.03,6.16,240.78,-726.57,509.2,-2.47,False
1736,29.38,-407.03,1.04,6.02,215.14,-638.49,506.88,-1.2,False
1737,28.55,-348.96,1.05,5.88,188.68,-547.55,504.48,0.1,True
1738,27.8,-297.06,1.05,5.75,165.03,-466.29,502.34,1.27,True
1739,30.25,-467.16,1.03,6.17,242.55,-732.65,509.36,-2.56,False
1740,30.82,-507.1,1.03,6.27,260.74,-795.18,511.0,-3.46,False
1741,30.75,-502.43,1.03,6.26,258.61,-787.86,510.81,-3.35,False
1742,28.94,-376.7,1.04,5.95,201.32,-590.99,505.62,-0.52,False
1743,27.53,-278.49,1.05,5.7,156.57,-437.21,501.57,1.69,True
1744,29.41,-408.78,1.04,6.03,215.94,-641.23,506.95,-1.24,False
1745,27.78,-295.81,1.05,5.74,164.46,-464.33,502.29,1.3,True
1746,28.39,-337.94,1.05,5.85,183.66,-530.31,504.02,0.35,True
1747,28.76,-363.99,1.04,5.92,195.53,-571.09,505.1,-0.24,False
1748,27.83,-298.93,1.05,5.75,165.88,-469.22,502.42,1.23,True
1749,29.97,-447.81,1.03,6.12,233.73,-702.35,508.56,-2.12,False
1750,28.59,-352.09,1.05,5.89,190.11,-552.45,504.61,0.03,True
1751,29.63,-424.29,1.04,6.07,223.01,-665.51,507.59,-1.59,False
1752,27.62,-284.75,1.05,5.72,159.42,-447.01,501.83,1.55,True
1753,27.86,-301.02,1.05,5.76,166.84,-472.49,502.5,1.18,True
1754,29.62,-423.69,1.04,6.06,222.74,-664.58,507.56,-1.58,False
1755,28.69,-358.77,1.05,5.9,193.15,-562.92,504.88,-0.12,True
1756,30.16,-460.91,1.03,6.16,239.7,-722.86,509.1,-2.42,False
1757,30.24,-466.88,1.03,6.17,242.42,-732.21,509.34,-2.55,False
1758,29.14,-389.95,1.04,5.98,207.36,-611.74,506.17,-0.82,False
1759,30.29,-470.08,1.03,6.18,243.88,-737.22,509.48,-2.62,False
1760,27.45,-272.68,1.06,5.69,153.92,-428.12,501.33,1.82,True
1761,28.24,-327.81,1.05,5.82,179.04,-514.44,503.61,0.58,True
1762,30.03,-452.52,1.03,6.14,235.87,-709.71,508.75,-2.23,False
1763,29.48,-413.72,1.04,6.04,218.19,-648.97,507.15,-1.36,False
1764,30.74,-501.77,1.03,6.26,258.32,-786.84,510.78,-3.34,False
1765,29.79,-435.73,1.04,6.09,228.22,-683.44,508.06,-1.85,False
1766,29.95,-446.28,1.03,6.12,233.03,-699.96,508.49,-2.09,False
1767,28.87,-371.54,1.04,5.93,198.97,-582.91,505.41,-0.41,False
1768,28.11,-318.33,1.05,5.8,174.73,-499.6,503.22,0.79,True
1769,29.07,-385.58,1.04,5.97,205.37,-604.9,505.99,-0.72,False
1770,31.1,-526.9,1.03,6.32,269.77,-826.19,511.82,-3.9,False
1771,28.74,-362.36,1.04,5.91,194.79,-568.54,505.03,-0.2,False
1772,31.14,-529.35,1.03,6.33,270.89,-830.03,511.92,-3.96,False
1773,30.03,-452.47,1.03,6.14,235.85,-709.64,508.75,-2.23,False
1774,28.78,-365.36,1.04,5.92,196.16,-573.25,505.16,-0.27,False
1775,27.38,-267.67,1.06,5.67,151.64,-420.27,501.13,1.93,True
1776,27.53,-278.52,1.05,5.7,156.58,-437.27,501.57,1.69,True
1777,30.0,-450.08,1.03,6.13,234.76,-705.91,508.65,-2.17,False
1778,28.34,-334.47,1.05,5.84,182.08,-524.87,503.88,0.43,True
1779,28.72,-360.89,1.05,5.91,194.12,-566.24,504.97,-0.17,False
1780,30.07,-455.12,1.03,6.14,237.06,-713.79,508.86,-2.29,False
1781,28.36,-336.25,1.05,5.85,182.89,-527.65,503.95,0.39,True
1782,29.45,-411.71,1.04,6.03,217.28,-645.82,507.07,-1.31,False
1783,31.16,-530.85,1.02,6.33,271.57,-832.37,511.98,-3.99,False
1784,28.53,-347.65,1.05,5.87,188.08,-545.51,504.43,0.13,True
1785,27.37,-267.16,1.06,5.67,151.4,-419.47,501.1,1.94,True
1786,30.66,-496.06,1.03,6.25,255.72,-777.9,510.55,-3.21,False
1787,30.36,-475.26,1.03,6.19,246.24,-745.33,509.69,-2.74,False
1788,29.37,-406.57,1.04,6.02,214.94,-637.78,506.86,-1.19,False
1789,28.37,-336.65,1.05,5.85,183.07,-528.29,503.97,0.38,True
1790,29.49,-414.36,1.04,6.04,218.48,-649.96,507.18,-1.37,False
1791,28.57,-350.72,1.05,5.88,189.48,-550.31,504.55,0.06,True
1792,28.5,-346.06,1.05,5.87,187.36,-543.01,504.36,0.17,True
1793,31.11,-527.48,1.03,6.32,270.03,-827.1,511.84,-3.92,False
1794,31.08,-524.91,1.03,6.32,268.86,-823.07,511.74,-3.86,False
1795,29.93,-445.21,1.04,6.12,232.54,-698.27,508.45,-2.06,False
1796,30.84,-508.66,1.03,6.28,261.46,-797.63,511.07,-3.49,False
1797,30.29,-470.59,1.03,6.18,244.11,-738.01,509.5,-2.63,False
1798,29.73,-431.34,1.04,6.08,226.22,-676.56,507.88,-1.75,False
1799,29.45,-411.88,1.04,6.03,217.35,-646.08,507.08,-1.31,False
1800,30.33,-472.87,1.03,6.19,245.15,-741.59,509.59,-2.69,False
1801,29.61,-423.12,1.04,6.06,222.47,-663.68,507.54,-1.57,False
1802,27.47,-273.93,1.06,5.69,154.49,-430.07,501.38,1.79,True
1803,27.73,-292.45,1.05,5.74,162.93,-459.06,502.15,1.37,True
1804,27.64,-285.61,1.05,5.72,159.81,-448.36,501.87,1.53,True
1805,27.86,-301.43,1.05,5.76,167.02,-473.13,502.52,1.17,True
1806,29.47,-413.58,1.04,6.04,218.13,-648.74,507.15,-1.35,False
1807,29.7,-429.31,1.04,6.08,225.3,-673.38,507.79,-1.71,False
1808,30.38,-476.78,1.03,6.2,246.93,-747.71,509.75,-2.77,False
1809,28.62,-353.85,1.05,5.89,190.91,-555.22,504.68,-0.01,True
1810,28.88,-371.88,1.04,5.93,199.12,-583.44,505.42,-0.41,False
1811,29.94,-446.27,1.03,6.12,233.03,-699.94,508.49,-2.09,False
1812,30.57,-490.04,1.03,6.23,252.97,-768.48,510.3,-3.07,False
1813,27.65,-286.98,1.05,5.72,160.43,-450.5,501.92,1.5,True
1814,28.03,-313.2,1.05,5.79,172.38,-491.56,503.0,0.91,True
1815,29.96,-447.43,1.03,6.12,233.55,-701.75,508.54,-2.11,False
1816,28.49,-345.35,1.05,5.87,187.04,-541.9,504.33,0.18,True
1817,28.68,-358.34,1.05,5.9,192.95,-562.24,504.87,-0.11,True
1818,27.99,-310.05,1.05,5.78,170.95,-486.62,502.87,0.98,True
1819,30.04,-452.92,1.03,6.14,236.06,-710.35,508.77,-2.24,False
1820,27.64,-285.62,1.05,5.72,159.82,-448.37,501.87,1.53,True
1821,28.13,-319.81,1.05,5.8,175.4,-501.92,503.28,0.76,True
1822,30.59,-491.36,1.03,6.23,253.57,-770.54,510.35,-3.1,False
1823,29.03,-382.97,1.04,5.96,204.18,-600.81,505.88,-0.66,False
1824,27.78,-295.42,1.05,5.74,164.28,-463.71,502.27,1.31,True
1825,30.63,-494.16,1.03,6.24,254.85,-774.92,510.47,-3.17,False
1826,30.62,-493.27,1.03,6.24,254.44,-773.52,510.43,-3.15,False
1827,29.14,-390.04,1.04,5.98,207.4,-611.88,506.17,-0.82,False
1828,30.0,-450.29,1.03,6.13,234.86,-706.23,508.66,-2.18,False
1829,27.99,-310.27,1.05,5.78,171.05,-486.97,502.88,0.97,True
1830,29.85,-439.77,1.04,6.1,230.06,-689.75,508.23,-1.94,False
1831,30.84,-508.64,1.03,6.28,261.45,-797.59,511.07,-3.49,False
1832,30.83,-507.59,1.03,6.27,260.97,-795.95,511.02,-3.47,False
1833,28.68,-358.11,1.05,5.9,192.85,-561.88,504.86,-0.1,True
1834,30.96,-516.8,1.03,6.3,265.17,-810.38,511.4,-3.67,False
1835,27.46,-273.17,1.06,5.69,154.15,-428.89,501.35,1.81,True
1836,29.15,-390.89,1.04,5.98,207.79,-613.21,506.21,-0.84,False
1837,30.41,-478.95,1.03,6.2,247.92,-751.11,509.84,-2.82,False
1838,30.09,-456.07,1.03,6.15,237.49,-715.27,508.9,-2.31,False
1839,30.96,-517.09,1.03,6.3,265.3,-810.82,511.42,-3.68,False
1840,30.04,-452.92,1.03,6.14,236.06,-710.35,508.77,-2.24,False
1841,28.46,-343.0,1.05,5.86,185.96,-538.22,504.23,0.24,True
1842,27.36,-266.69,1.06,5.67,151.19,-418.74,501.09,1.95,True
1843,27.94,-307.08,1.05,5.77,169.6,-481.99,502.75,1.04,True
1844,27.63,-285.21,1.05,5.72,159.63,-447.74,501.85,1.54,True
1845,29.72,-430.52,1.04,6.08,225.85,-675.28,507.84,-1.73,False
1846,29.23,-396.36,1.04,6.0,210.28,-621.78,506.43,-0.96,False
1847,29.78,-435.03,1.04,6.09,227.9,-682.33,508.03,-1.83,False
1848,29.47,-413.52,1.04,6.04,218.1,-648.65,507.14,-1.35,False
1849,28.02,-312.3,1.05,5.79,171.97,-490.15,502.97,0.93,True
1850,29.31,-402.11,1.04,6.01,212.9,-630.79,506.67,-1.09,False
1851,30.1,-457.06,1.03,6.15,237.94,-716.82,508.94,-2.33,False
1852,30.22,-465.22,1.03,6.17,241.66,-729.61,509.28,-2.51,False
1853,30.75,-502.34,1.03,6.26,258.58,-787.73,510.81,-3.35,False
1854,28.78,-364.94,1.04,5.92,195.96,-572.57,505.14,-0.26,False
1855,27.74,-292.94,1.05,5.74,163.15,-459.83,502.17,1.36,True
1856,30.25,-467.59,1.03,6.17,242.74,-733.32,509.37,-2.57,False
1857,30.9,-513.03,1.03,6.29,263.45,-804.47,511.25,-3.59,False
1858,27.84,-299.54,1.05,5.75,166.16,-470.17,502.44,1.21,True
1859,30.09,-456.27,1.03,6.15,237.58,-715.6,508.91,-2.31,False
1860,28.57,-350.79,1.05,5.88,189.52,-550.42,504.55,0.06,True
1861,31.0,-519.61,1.03,6.3,266.45,-814.77,511.52,-3.74,False
1862,30.52,-486.15,1.03,6.22,251.2,-762.38,510.14,-2.99,False
1863,28.45,-342.44,1.05,5.86,185.71,-537.35,504.21,0.25,True
1864,29.2,-394.32,1.04,5.99,209.35,-618.58,506.35,-0.92,False
1865,31.13,-528.42,1.03,6.33,270.46,-828.56,511.88,-3.94,False
1866,28.23,-326.83,1.05,5.82,178.6,-512.91,503.57,0.6,True
1867,30.75,-501.96,1.03,6.26,258.4,-787.14,510.79,-3.34,False
1868,29.71,-429.92,1.04,6.08,225.57,-674.33,507.82,-1.72,False
1869,27.88,-302.98,1.05,5.76,167.73,-475.55,502.58,1.14,True
1870,28.35,-335.02,1.05,5.84,182.33,-525.72,503.9,0.42,True
1871,28.69,-359.04,1.05,5.9,193.28,-563.35,504.9,-0.12,True
1872,29.63,-424.67,1.04,6.07,223.18,-666.1,507.6,-1.6,False
1873,28.68,-358.15,1.05,5.9,192.87,-561.95,504.86,-0.1,True
1874,28.78,-365.09,1.04,5.92,196.03,-572.82,505.14,-0.26,False
1875,29.85,-439.64,1.04,6.1,230.01,-689.56,508.22,-1.94,False
1876,27.91,-304.99,1.05,5.77,168.65,-478.71,502.67,1.09,True
1877,28.47,-343.51,1.05,5.86,186.2,-539.02,504.25,0.22,True
1878,29.77,-434.07,1.04,6.09,227.47,-680.83,507.99,-1.81,False
1879,28.89,-372.92,1.04,5.94,199.6,-585.07,505.47,-0.44,False
1880,29.54,-417.99,1.04,6.05,220.14,-655.65,507.33,-1.45,False
1881,29.92,-444.68,1.04,6.12,232.3,-697.45,508.43,-2.05,False
1882,30.1,-457.29,1.03,6.15,238.05,-717.19,508.95,-2.34,False
1883,29.88,-441.91,1.04,6.11,231.04,-693.1,508.31,-1.99,False
1884,28.03,-313.35,1.05,5.79,172.45,-491.79,503.01,0.9,True
1885,27.46,-273.53,1.06,5.69,154.31,-429.44,501.37,1.8,True
1886,29.18,-392.74,1.04,5.99,208.63,-616.11,506.29,-0.88,False
1887,29.35,-404.92,1.04,6.02,214.18,-635.18,506.79,-1.16,False
1888,28.5,-345.88,1.05,5.87,187.28,-542.74,504.35,0.17,True
1889,27.4,-269.21,1.06,5.68,152.34,-422.68,501.19,1.9,True
1890,30.65,-495.35,1.03,6.24,255.39,-776.79,510.52,-3.19,False
1891,28.86,-370.63,1.04,5.93,198.56,-581.49,505.37,-0.39,False
1892,31.08,-525.53,1.03,6.32,269.14,-824.04,511.76,-3.87,False
1893,29.86,-440.3,1.04,6.11,230.31,-690.59,508.25,-1.95,False
1894,30.28,-469.32,1.03,6.18,243.53,-736.03,509.45,-2.61,False
1895,30.41,-478.73,1.03,6.2,247.82,-750.76,509.83,-2.82,False
1896,30.98,-518.4,1.03,6.3,265.9,-812.88,511.47,-3.71,False
1897,29.64,-425.35,1.04,6.07,223.49,-667.17,507.63,-1.62,False
1898,30.15,-460.42,1.03,6.16,239.48,-722.1,509.08,-2.41,False
1899,30.25,-467.63,1.03,6.17,242.76,-733.37,509.38,-2.57,False
1900,30.2,-464.18,1.03,6.17,241.19,-727.98,509.23,-2.49,False
1901,29.48,-413.69,1.04,6.04,218.18,-648.92,507.15,-1.35,False
1902,30.42,-479.04,1.03,6.2,247.96,-751.24,509.85,-2.83,False
1903,29.92,-444.34,1.04,6.12,232.15,-696.92,508.41,-2.04,False
1904,29.24,-396.91,1.04,6.0,210.53,-622.65,506.46,-0.98,False
1905,29.75,-432.69,1.04,6.09,226.84,-678.67,507.93,-1.78,False
1906,28.31,-332.75,1.05,5.84,181.3,-522.18,503.81,0.47,True
1907,27.62,-284.82,1.05,5.72,159.45,-447.12,501.83,1.55,True
1908,30.25,-467.45,1.03,6.17,242.68,-733.1,509.37,-2.56,False
1909,27.79,-296.11,1.05,5.75,164.6,-464.8,502.3,1.29,True
1910,28.24,-328.02,1.05,5.83,179.14,-514.76,503.62,0.57,True
1911,30.1,-457.29,1.03,6.15,238.04,-717.18,508.95,-2.34,False
1912,29.56,-419.54,1.04,6.05,220.84,-658.07,507.39,-1.49,False
1913,30.52,-486.61,1.03,6.22,251.41,-763.09,510.16,-3.0,False
1914,29.5,-415.1,1.04,6.04,218.82,-651.12,507.21,-1.39,False
1915,27.91,-304.77,1.05,5.77,168.54,-478.36,502.66,1.1,True
1916,29.2,-394.48,1.04,5.99,209.42,-618.83,506.36,-0.92,False
1917,30.37,-475.89,1.03,6.19,246.52,-746.31,509.72,-2.75,False
1918,30.37,-475.93,1.03,6.2,246.54,-746.38,509.72,-2.76,False
1919,29.25,-397.95,1.04,6.0,211.01,-624.27,506.5,-1.0,False
1920,27.62,-284.67,1.05,5.72,159.39,-446.89,501.83,1.55,True
1921,31.1,-526.42,1.03,6.32,269.55,-825.44,511.8,-3.89,False
1922,28.05,-314.77,1.05,5.79,173.1,-494.02,503.07,0.87,True
1923,30.02,-451.75,1.03,6.13,235.52,-708.51,508.72,-2.21,False
1924,29.88,-441.59,1.04,6.11,230.89,-692.61,508.3,-1.98,False
1925,29.03,-382.38,1.04,5.96,203.91,-599.9,505.86,-0.65,False
1926,31.14,-529.21,1.03,6.33,270.82,-829.81,511.92,-3.95,False
1927,29.59,-421.78,1.04,6.06,221.87,-661.59,507.48,-1.54,False
1928,30.67,-496.4,1.03,6.25,255.87,-778.43,510.56,-3.22,False
1929,28.04,-314.02,1.05,5.79,172.76,-492.85,503.04,0.89,True
1930,29.3,-401.55,1.04,6.01,212.65,-629.91,506.65,-1.08,False
1931,29.92,-444.88,1.04,6.12,232.39,-697.75,508.44,-2.06,False
1932,27.64,-285.72,1.05,5.72,159.86,-448.53,501.87,1.53,True
1933,29.67,-427.33,1.04,6.07,224.39,-670.27,507.71,-1.66,False
1934,28.11,-318.51,1.05,5.8,174.81,-499.88,503.22,0.79,True
1935,29.33,-403.35,1.04,6.01,213.47,-632.73,506.72,-1.12,False
1936,30.74,-501.35,1.03,6.26,258.12,-786.18,510.77,-3.33,False
1937,30.89,-511.81,1.03,6.28,262.89,-802.55,511.2,-3.56,False
1938,27.76,-294.38,1.05,5.74,163.81,-462.1,502.23,1.33,True
1939,28.86,-370.58,1.04,5.93,198.53,-581.41,505.37,-0.38,False
1940,28.37,-336.59,1.05,5.85,183.05,-528.19,503.97,0.38,True
1941,30.8,-505.96,1.03,6.27,260.23,-793.4,510.96,-3.43,False
1942,28.0,-311.31,1.05,5.78,171.53,-488.61,502.93,0.95,True
1943,30.83,-507.52,1.03,6.27,260.94,-795.85,511.02,-3.47,False
1944,31.11,-527.33,1.03,6.32,269.96,-826.86,511.84,-3.91,False
1945,27.83,-298.92,1.05,5.75,165.88,-469.2,502.41,1.23,True
1946,28.96,-377.63,1.04,5.95,201.75,-592.46,505.66,-0.54,False
1947,30.72,-500.32,1.03,6.26,257.66,-784.57,510.72,-3.3,False
1948,29.76,-433.53,1.04,6.09,227.22,-679.98,507.97,-1.8,False
1949,29.7,-429.54,1.04,6.08,225.4,-673.73,507.8,-1.71,False
1950,28.05,-314.16,1.05,5.79,172.82,-493.07,503.04,0.89,True
1951,29.45,-411.51,1.04,6.03,217.19,-645.51,507.06,-1.31,False
1952,28.79,-365.87,1.04,5.92,196.39,-574.04,505.18,-0.28,False
1953,28.22,-326.23,1.05,5.82,178.32,-511.97,503.54,0.61,True
1954,29.07,-385.23,1.04,5.97,205.21,-604.35,505.98,-0.71,False
1955,29.63,-424.7,1.04,6.07,223.2,-666.16,507.6,-1.6,False
1956,28.06,-315.46,1.05,5.79,173.42,-495.11,503.1,0.86,True
1957,29.95,-446.91,1.03,6.12,233.32,-700.94,508.52,-2.1,False
1958,30.52,-486.38,1.03,6.22,251.3,-762.73,510.15,-2.99,False
1959,29.55,-418.85,1.04,6.05,220.53,-657.0,507.36,-1.47,False
1960,27.71,-290.53,1.05,5.73,162.05,-456.06,502.07,1.42,True
1961,28.18,-323.35,1.05,5.81,177.01,-507.46,503.42,0.68,True
1962,30.71,-499.16,1.03,6.25,257.13,-782.75,510.68,-3.28,False
1963,28.23,-327.14,1.05,5.82,178.74,-513.39,503.58,0.59,True
1964,27.61,-284.2,1.05,5.72,159.17,-446.15,501.81,1.56,True
1965,27.5,-276.08,1.06,5.7,155.47,-433.44,501.47,1.74,True
1966,28.23,-326.97,1.05,5.82,178.66,-513.13,503.57,0.6,True
1967,28.07,-315.56,1.05,5.79,173.46,-495.26,503.1,0.85,True
1968,29.07,-385.28,1.04,5.97,205.23,-604.44,505.98,-0.72,False
1969,29.17,-392.1,1.04,5.99,208.34,-615.12,506.26,-0.87,False
1970,29.8,-436.18,1.04,6.1,228.43,-684.14,508.08,-1.86,False
1971,30.1,-457.15,1.03,6.15,237.98,-716.97,508.94,-2.33,False
1972,28.17,-322.86,1.05,5.81,176.79,-506.68,503.4,0.69,True
1973,27.98,-309.61,1.05,5.78,170.75,-485.95,502.86,0.99,True
1974,28.17,-322.75,1.05,5.81,176.74,-506.51,503.4,0.69,True
1975,29.61,-422.66,1.04,6.06,222.27,-662.97,507.52,-1.56,False
1976,30.81,-506.67,1.03,6.27,260.55,-794.51,510.99,-3.45,False
1977,28.01,-311.42,1.05,5.78,171.58,-488.78,502.93,0.95,True
1978,29.28,-400.19,1.04,6.01,212.03,-627.78,506.59,-1.05,False
1979,28.73,-361.94,1.04,5.91,194.6,-567.89,505.02,-0.19,False
1980,30.49,-484.43,1.03,6.22,250.41,-759.69,510.07,-2.95,False
1981,27.73,-292.22,1.05,5.74,162.82,-458.7,502.14,1.38,True
1982,28.37,-336.8,1.05,5.85,183.14,-528.51,503.98,0.38,True
1983,28.87,-371.31,1.04,5.93,198.87,-582.56,505.4,-0.4,False
1984,27.35,-266.1,1.06,5.67,150.92,-417.81,501.06,1.97,True
1985,31.03,-521.76,1.03,6.31,267.42,-818.14,511.61,-3.79,False
1986,29.77,-434.24,1.04,6.09,227.54,-681.1,508.0,-1.82,False
1987,30.53,-486.87,1.03,6.22,251.53,-763.5,510.17,-3.0,False
1988,27.46,-273.62,1.06,5.69,154.35,-429.59,501.37,1.8,True
1989,30.62,-493.51,1.03,6.24,254.55,-773.9,510.44,-3.15,False
1990,27.43,-271.14,1.06,5.68,153.22,-425.71,501.27,1.85,True
1991,29.01,-381.53,1.04,5.96,203.52,-598.56,505.82,-0.63,False
1992,28.99,-379.81,1.04,5.95,202.74,-595.87,505.75,-0.59,False
1993,29.12,-388.87,1.04,5.98,206.87,-610.05,506.13,-0.8,False
1994,29.49,-414.41,1.04,6.04,218.51,-650.04,507.18,-1.37,False
1995,27.47,-274.06,1.06,5.69,154.55,-430.27,501.39,1.79,True
1996,29.68,-428.04,1.04,6.08,224.72,-671.38,507.74,-1.68,False
1997,28.57,-350.55,1.05,5.88,189.41,-550.05,504.55,0.07,True
1998,30.97,-517.28,1.03,6.3,265.38,-811.13,511.42,-3.69,False
1999,27.51,-277.18,1.06,5.7,155.97,-435.15,501.52,1.72,True
2000,30.72,-500.15,1.03,6.26,257.58,-784.31,510.72,-3.3,False
2001,30.02,-451.63,1.03,6.13,235.47,-708.33,508.72,-2.21,False
2002,28.12,-319.67,1.05,5.8,175.33,-501.69,503.27,0.76,True
2003,29.73,-431.02,1.04,6.08,226.08,-676.05,507.86,-1.74,False
2004,29.66,-426.68,1.04,6.07,224.1,-669.25,507.69,-1.65,False
2005,29.65,-425.43,1.04,6.07,223.53,-667.3,507.63,-1.62,False
2006,28.44,-341.79,1.05,5.86,185.42,-536.34,504.18,0.26,True
2007,30.0,-449.93,1.03,6.13,234.69,-705.66,508.64,-2.17,False
2008,31.09,-526.2,1.03,6.32,269.45,-825.09,511.79,-3.89,False
2009,29.95,-446.8,1.03,6.12,233.27,-700.76,508.52,-2.1,False
2010,29.59,-421.52,1.04,6.06,221.75,-661.18,507.47,-1.53,False
2011,28.41,-339.32,1.05,5.85,184.29,-532.46,504.08,0.32,True
2012,29.36,-405.36,1.04,6.02,214.38,-635.88,506.81,-1.17,False
2013,30.83,-507.57,1.03,6.27,260.96,-795.92,511.02,-3.47,False
2014,28.93,-375.54,1.04,5.94,200.79,-589.18,505.58,-0.5,False
2015,29.87,-441.04,1.04,6.11,230.64,-691.74,508.28,-1.97,False
2016,29.93,-445.5,1.04,6.12,232.67,-698.73,508.46,-2.07,False
2017,28.56,-349.72,1.05,5.88,189.03,-548.74,504.51,0.09,True
2018,28.99,-379.7,1.04,5.95,202.69,-595.69,505.75,-0.59,False
2019,30.15,-460.45,1.03,6.16,239.49,-722.14,509.08,-2.41,False
2020,27.69,-289.66,1.05,5.73,161.66,-454.7,502.03,1.44,True
2021,27.84,-300.16,1.05,5.76,166.44,-471.14,502.47,1.2,True
2022,30.98,-518.47,1.03,6.3,265.93,-812.99,511.47,-3.71,False
2023,30.66,-495.93,1.03,6.25,255.65,-777.69,510.54,-3.21,False
2024,29.83,-438.3,1.04,6.1,229.39,-687.45,508.17,-1.91,False
2025,28.01,-311.83,1.05,5.78,171.76,-489.43,502.95,0.94,True
2026,30.14,-460.02,1.03,6.16,239.29,-721.47,509.06,-2.4,False
2027,29.23,-396.37,1.04,6.0,210.29,-621.8,506.44,-0.96,False
2028,30.55,-488.12,1.03,6.23,252.09,-765.46,510.22,-3.03,False
2029,30.47,-483.13,1.03,6.21,249.82,-757.65,510.01,-2.92,False
2030,29.15,-390.87,1.04,5.98,207.78,-613.18,506.21,-0.84,False
2031,29.41,-408.93,1.04,6.03,216.01,-641.46,506.95,-1.25,False
2032,27.66,-287.17,1.05,5.72,160.52,-450.8,501.93,1.49,True
2033,28.47,-344.02,1.05,5.87,186.43,-539.82,504.28,0.21,True
2034,28.47,-343.55,1.05,5.86,186.21,-539.08,504.26,0.22,True
2035,29.03,-382.66,1.04,5.96,204.04,-600.32,505.87,-0.66,False
2036,30.1,-457.13,1.03,6.15,237.98,-716.94,508.94,-2.33,False
2037,30.37,-475.58,1.03,6.19,246.38,-745.83,509.7,-2.75,False
2038,31.06,-523.68,1.03,6.31,268.3,-821.14,511.69,-3.83,False
2039,30.26,-468.03,1.03,6.18,242.94,-734.0,509.39,-2.58,False
2040,30.44,-480.39,1.03,6.21,248.57,-753.36,509.9,-2.86,False
2041,30.78,-504.32,1.03,6.27,259.48,-790.84,510.89,-3.39,False
2042,28.46,-343.0,1.05,5.86,185.96,-538.22,504.23,0.24,True
2043,27.81,-297.49,1.05,5.75,165.23,-466.97,502.36,1.26,True
2044,31.06,-524.11,1.03,6.32,268.5,-821.82,511.71,-3.84,False
2045,27.59,-282.55,1.05,5.71,158.42,-443.56,501.74,1.6,True
2046,30.13,-459.32,1.03,6.15,238.97,-720.37,509.03,-2.38,False
2047,30.23,-465.87,1.03,6.17,241.96,-730.62,509.3,-2.53,False
2048,30.65,-494.98,1.03,6.24,255.22,-776.21,510.5,-3.18,False
2049,27.71,-290.66,1.05,5.73,162.11,-456.27,502.07,1.41,True
2050,27.92,-305.76,1.05,5.77,169.0,-479.92,502.7,1.07,True
2051,28.63,-355.12,1.05,5.89,191.49,-557.2,504.73,-0.04,True
2052,30.0,-449.79,1.03,6.13,234.63,-705.44,508.64,-2.17,False
2053,29.39,-407.34,1.04,6.02,215.28,-638.97,506.89,-1.21,False
2054,30.35,-474.69,1.03,6.19,245.98,-744.44,509.67,-2.73,False
2055,27.71,-291.12,1.05,5.73,162.32,-456.98,502.09,1.4,True
2056,28.34,-334.59,1.05,5.84,182.13,-525.05,503.89,0.43,True
2057,27.6,-283.52,1.05,5.71,158.86,-445.08,501.78,1.57,True
2058,27.64,-286.27,1.05,5.72,160.11,-449.39,501.89,1.51,True
2059,29.86,-440.5,1.04,6.11,230.39,-690.89,508.26,-1.96,False
2060,31.15,-530.07,1.02,6.33,271.21,-831.15,511.95,-3.97,False
2061,27.92,-305.62,1.05,5.77,168.93,-479.69,502.69,1.08,True
2062,27.37,-267.33,1.06,5.67,151.48,-419.74,501.11,1.94,True
2063,27.43,-271.07,1.06,5.68,153.19,-425.6,501.27,1.85,True
2064,28.53,-347.58,1.05,5.87,188.05,-545.39,504.42,0.13,True
2065,28.41,-339.25,1.05,5.85,184.25,-532.35,504.08,0.32,True
2066,29.48,-413.94,1.04,6.04,218.29,-649.31,507.16,-1.36,False
2067,28.75,-363.24,1.04,5.91,195.19,-569.92,505.07,-0.22,False
2068,27.94,-306.7,1.05,5.77,169.42,-481.38,502.74,1.05,True
2069,28.16,-321.8,1.05,5.81,176.31,-505.04,503.36,0.71,True
2070,27.94,-306.97,1.05,5.77,169.55,-481.81,502.75,1.05,True
2071,27.82,-298.51,1.05,5.75,165.69,-468.56,502.4,1.24,True
2072,27.91,-304.79,1.05,5.77,168.55,-478.39,502.66,1.1,True
2073,29.18,-392.89,1.04,5.99,208.7,-616.34,506.29,-0.89,False
2074,30.71,-499.25,1.03,6.25,257.17,-782.89,510.68,-3.28,False
2075,27.8,-296.84,1.05,5.75,164.93,-465.94,502.33,1.28,True
2076,28.14,-320.84,1.05,5.81,175.87,-503.53,503.32,0.73,True
2077,27.53,-278.64,1.05,5.7,156.63,-437.44,501.58,1.68,True
2078,28.89,-373.02,1.04,5.94,199.65,-585.24,505.47,-0.44,False
2079,28.74,-362.19,1.04,5.91,194.71,-568.28,505.03,-0.2,False
2080,28.41,-339.43,1.05,5.85,184.34,-532.64,504.09,0.32,True
2081,28.64,-355.54,1.05,5.89,191.68,-557.86,504.75,-0.05,True
2082,27.83,-299.49,1.05,5.75,166.14,-470.1,502.44,1.22,True
2083,28.47,-343.96,1.05,5.87,186.4,-539.73,504.27,0.21,True
2084,28.35,-335.18,1.05,5.84,182.4,-525.98,503.91,0.41,True
2085,28.99,-379.54,1.04,5.95,202.62,-595.45,505.74,-0.59,False
2086,28.84,-369.61,1.04,5.93,198.09,-579.89,505.33,-0.36,False
2087,29.1,-387.41,1.04,5.97,206.2,-607.76,506.07,-0.76,False
2088,29.63,-424.44,1.04,6.07,223.08,-665.75,507.59,-1.6,False
2089,30.65,-495.31,1.03,6.24,255.37,-776.72,510.52,-3.19,False
2090,27.93,-306.24,1.05,5.77,169.21,-480.67,502.72,1.06,True
2091,28.58,-351.25,1.05,5.88,189.72,-551.14,504.57,0.05,True
2092,29.24,-397.54,1.04,6.0,210.82,-623.63,506.48,-0.99,False
2093,30.01,-450.47,1.03,6.13,234.94,-706.5,508.67,-2.18,False
2094,31.05,-522.93,1.03,6.31,267.96,-819.98,511.66,-3.81,False
2095,29.63,-424.13,1.04,6.07,222.94,-665.26,507.58,-1.59,False
2096,30.36,-475.17,1.03,6.19,246.19,-745.18,509.69,-2.74,False
2097,29.34,-403.94,1.04,6.02,213.74,-633.65,506.75,-1.14,False
2098,29.36,-405.26,1.04,6.02,214.34,-635.72,506.8,-1.16,False
2099,29.24,-397.58,1.04,6.0,210.84,-623.69,506.49,-0.99,False
2100,30.48,-483.42,1.03,6.21,249.95,-758.1,510.03,-2.92,False
2101,30.82,-507.38,1.03,6.27,260.87,-795.63,511.02,-3.46,False
2102,30.26,-468.12,1.03,6.18,242.98,-734.14,509.4,-2.58,False
2103,30.63,-493.96,1.03,6.24,254.76,-774.6,510.46,-3.16,False
2104,30.16,-460.94,1.03,6.16,239.71,-722.91,509.1,-2.42,False
2105,30.96,-517.09,1.03,6.3,265.3,-810.83,511.42,-3.68,False
2106,29.19,-393.45,1.04,5.99,208.95,-617.22,506.31,-0.9,False
2107,28.2,-324.93,1.05,5.82,177.73,-509.93,503.49,0.64,True
2108,30.37,-475.63,1.03,6.19,246.4,-745.91,509.71,-2.75,False
2109,29.47,-413.32,1.04,6.04,218.01,-648.34,507.13,-1.35,False
2110,28.62,-354.1,1.05,5.89,191.02,-555.61,504.69,-0.01,True
2111,29.38,-406.84,1.04,6.02,215.06,-638.19,506.87,-1.2,False
2112,30.62,-492.95,1.03,6.24,254.3,-773.03,510.42,-3.14,False
2113,29.09,-387.06,1.04,5.97,206.04,-607.22,506.05,-0.76,False
2114,30.31,-471.98,1.03,6.19,244.74,-740.19,509.55,-2.67,False
2115,30.84,-508.46,1.03,6.28,261.36,-797.31,511.06,-3.49,False
2116,27.72,-291.5,1.05,5.73,162.5,-457.58,502.11,1.4,True
2117,27.5,-275.99,1.06,5.7,155.43,-433.29,501.47,1.74,True
2118,27.83,-298.9,1.05,5.75,165.87,-469.17,502.41,1.23,True
2119,30.56,-488.72,1.03,6.23,252.37,-766.4,510.25,-3.04,False
2120,28.01,-311.66,1.05,5.78,171.68,-489.15,502.94,0.94,True
2121,27.48,-275.16,1.06,5.69,155.05,-432.0,501.43,1.76,True
2122,30.81,-506.74,1.03,6.27,260.58,-794.62,510.99,-3.45,False
2123,30.14,-459.89,1.03,6.15,239.23,-721.25,509.06,-2.39,False
2124,30.08,-455.34,1.03,6.14,237.16,-714.13,508.87,-2.29,False
2125,29.41,-408.8,1.04,6.03,215.95,-641.26,506.95,-1.24,False
2126,28.41,-339.28,1.05,5.85,184.27,-532.41,504.08,0.32,True
2127,29.7,-429.45,1.04,6.08,225.36,-673.6,507.8,-1.71,False
2128,28.78,-365.23,1.04,5.92,196.1,-573.04,505.15,-0.26,False
2129,28.69,-359.32,1.05,5.9,193.4,-563.78,504.91,-0.13,True
2130,30.43,-480.01,1.03,6.21,248.4,-752.76,509.89,-2.85,False
2131,29.93,-445.32,1.04,6.12,232.59,-698.45,508.45,-2.07,False
2132,28.1,-317.77,1.05,5.8,174.47,-498.72,503.19,0.8,True
2133,30.92,-513.99,1.03,6.29,263.88,-805.97,511.29,-3.61,False
2134,27.77,-294.91,1.05,5.74,164.05,-462.92,502.25,1.32,True
2135,27.93,-306.46,1.05,5.77,169.31,-481.0,502.73,1.06,True
2136,27.38,-268.01,1.06,5.68,151.79,-420.79,501.14,1.92,True
2137,27.61,-284.18,1.05,5.72,159.16,-446.12,501.81,1.56,True
2138,28.62,-354.45,1.05,5.89,191.18,-556.16,504.71,-0.02,True
2139,28.38,-337.35,1.05,5.85,183.39,-529.38,504.0,0.36,True
2140,30.0,-450.19,1.03,6.13,234.81,-706.07,508.66,-2.18,False
2141,28.83,-368.61,1.04,5.93,197.64,-578.33,505.29,-0.34,False
2142,29.45,-411.92,1.04,6.03,217.37,-646.15,507.08,-1.31,False
2143,27.8,-296.91,1.05,5.75,164.96,-466.06,502.33,1.27,True
2144,30.56,-488.94,1.03,6.23,252.47,-766.75,510.25,-3.05,False
2145,30.27,-468.65,1.03,6.18,243.22,-734.97,509.42,-2.59,False
2146,28.55,-349.44,1.05,5.88,188.9,-548.3,504.5,0.09,True
2147,29.53,-417.19,1.04,6.05,219.77,-654.4,507.29,-1.43,False
2148,27.74,-292.71,1.05,5.74,163.05,-459.48,502.16,1.37,True
2149,29.32,-402.56,1.04,6.01,213.11,-631.49,506.69,-1.1,False
2150,28.79,-365.76,1.04,5.92,196.34,-573.86,505.17,-0.28,False
2151,28.15,-321.62,1.05,5.81,176.22,-504.75,503.35,0.72,True
2152,28.11,-318.97,1.05,5.8,175.01,-500.6,503.24,0.78,True
2153,30.05,-453.85,1.03,6.14,236.48,-711.81,508.81,-2.26,False
2154,27.81,-297.46,1.05,5.75,165.21,-466.91,502.35,1.26,True
2155,30.13,-458.85,1.03,6.15,238.76,-719.63,509.01,-2.37,False
2156,28.98,-379.14,1.04,5.95,202.44,-594.82,505.72,-0.58,False
2157,27.74,-292.96,1.05,5.74,163.16,-459.88,502.17,1.36,True
2158,28.18,-323.5,1.05,5.81,177.08,-507.69,503.43,0.68,True
2159,31.16,-530.76,1.02,6.33,271.53,-832.23,511.98,-3.99,False
2160,27.99,-310.24,1.05,5.78,171.04,-486.93,502.88,0.97,True
2161,29.15,-391.05,1.04,5.98,207.86,-613.47,506.22,-0.85,False
2162,30.89,-512.04,1.03,6.29,262.99,-802.91,511.21,-3.57,False
2163,28.03,-313.37,1.05,5.79,172.46,-491.83,503.01,0.9,True
2164,29.82,-437.6,1.04,6.1,229.08,-686.36,508.14,-1.89,False
2165,28.3,-331.93,1.05,5.83,180.92,-520.89,503.78,0.49,True
2166,28.56,-350.2,1.05,5.88,189.25,-549.51,504.53,0.07,True
2167,28.41,-339.24,1.05,5.85,184.25,-532.34,504.08,0.32,True
2168,30.06,-454.62,1.03,6.14,236.83,-713.01,508.84,-2.28,False
2169,28.58,-351.63,1.05,5.88,189.9,-551.74,504.59,0.04,True
2170,27.51,-277.11,1.06,5.7,155.94,-435.05,501.52,1.72,True
2171,30.29,-470.32,1.03,6.18,243.99,-737.6,509.49,-2.63,False
2172,30.49,-484.33,1.03,6.22,250.37,-759.54,510.06,-2.94,False
2173,29.25,-397.73,1.04,6.0,210.91,-623.93,506.49,-1.0,False
2174,27.61,-284.18,1.05,5.72,159.16,-446.12,501.81,1.56,True
2175,29.8,-436.1,1.04,6.1,228.39,-684.01,508.07,-1.86,False
2176,29.0,-380.55,1.04,5.96,203.08,-597.02,505.78,-0.61,False
2177,30.26,-468.25,1.03,6.18,243.04,-734.36,509.4,-2.58,False
2178,30.99,-519.17,1.03,6.3,266.25,-814.09,511.5,-3.73,False
2179,28.83,-368.7,1.04,5.93,197.68,-578.47,505.29,-0.34,False
2180,29.98,-448.77,1.03,6.13,234.17,-703.85,508.6,-2.14,False
2181,27.84,-299.92,1.05,5.75,166.34,-470.77,502.46,1.21,True
2182,30.0,-450.0,1.03,6.13,234.73,-705.78,508.65,-2.17,False
2183,29.08,-386.13,1.04,5.97,205.62,-605.75,506.01,-0.73,False
2184,28.29,-331.16,1.05,5.83,180.57,-519.68,503.74,0.5,True
2185,30.03,-452.06,1.03,6.14,235.66,-709.0,508.73,-2.22,False
2186,28.12,-319.03,1.05,5.8,175.04,-500.69,503.24,0.78,True
2187,28.9,-373.54,1.04,5.94,199.88,-586.04,505.49,-0.45,False
2188,28.69,-358.96,1.05,5.9,193.24,-563.21,504.89,-0.12,True
2189,30.17,-461.8,1.03,6.16,240.1,-724.25,509.13,-2.44,False
2190,29.06,-384.57,1.04,5.97,204.91,-603.32,505.95,-0.7,False
2191,30.39,-477.31,1.03,6.2,247.17,-748.53,509.77,-2.79,False
2192,27.38,-267.6,1.06,5.67,151.61,-420.16,501.12,1.93,True
2193,29.61,-422.92,1.04,6.06,222.39,-663.37,507.53,-1.56,False
2194,30.39,-477.46,1.03,6.2,247.24,-748.78,509.78,-2.79,False
2195,29.86,-440.21,1.04,6.11,230.27,-690.45,508.24,-1.95,False
2196,27.79,-296.27,1.05,5.75,164.67,-465.05,502.31,1.29,True
2197,28.33,-333.89,1.05,5.84,181.81,-523.96,503.86,0.44,True
2198,29.33,-403.37,1.04,6.01,213.48,-632.76,506.72,-1.12,False
2199,29.75,-432.98,1.04,6.09,226.97,-679.13,507.95,-1.79,False
2200,30.5,-484.89,1.03,6.22,250.62,-760.41,510.09,-2.96,False
2201,28.62,-354.27,1.05,5.89,191.1,-555.88,504.7,-0.02,True
2202,27.78,-295.47,1.05,5.74,164.31,-463.8,502.27,1.31,True
2203,30.47,-482.83,1.03,6.21,249.69,-757.19,510.0,-2.91,False
2204,28.28,-330.3,1.05,5.83,180.18,-518.34,503.71,0.52,True
2205,28.5,-346.09,1.05,5.87,187.37,-543.07,504.36,0.17,True
2206,30.46,-482.31,1.03,6.21,249.45,-756.36,509.98,-2.9,False
2207,28.26,-329.13,1.05,5.83,179.64,-516.5,503.66,0.55,True
2208,29.98,-449.04,1.03,6.13,234.29,-704.27,508.61,-2.15,False
2209,27.4,-269.25,1.06,5.68,152.36,-422.74,501.19,1.9,True
2210,27.93,-305.78,1.05,5.77,169.0,-479.94,502.7,1.07,True
2211,30.87,-510.38,1.03,6.28,262.24,-800.32,511.14,-3.53,False
