commit_id,label,pred,score_or_proba,feature,value_actual,min,max,operator,threshold
,True,True,0.7907180327536601,ld,125.0,0.0,7734.0,<,61.5
,True,True,0.7907180327536601,ent,5.08693922083041,0.0,6.1766722717358205,<,2.825000047683716
,True,True,0.7907180327536601,ndev,8.2,0.0,69.0,<,14.55999994277954
,True,True,0.7907180327536601,asexp,0.125248503236982,0.0,601.0,<,0.7700000107288361
,True,True,0.7907180327536601,la,177.0,0.0,5443.0,<,153.0
