commit_id,label,pred,score_or_proba,feature,value_actual,operator,threshold
,True,True,0.6133333333333333,la,68.0,>,28.65999984741211
,True,True,0.6133333333333333,ent,1.57589181810863,<,1.1050000190734863
