commit_id,label,pred,score_or_proba,feature,value_actual,operator,threshold
,True,True,0.7733333333333333,asexp,1.0,>,1.0000000298023224
,True,True,0.7733333333333333,age,1.33333333333333,>,3.7350000143051143
