commit_id,label,pred,score_or_proba,feature,value_actual,operator,threshold
,True,True,0.6566666666666666,ndev,26.1666666666667,>,22.34500026702881
,True,True,0.6566666666666666,ld,30.0,<,8.345000267028809
