commit_id,label,pred,score_or_proba,feature,value_actual,operator,threshold
,True,True,0.7366666666666667,ndev,32.0,<,34.48500061035156
,True,True,0.7366666666666667,arexp,72.5,<,113.75
,True,True,0.7366666666666667,nuc,1088.33333333333,<,1376.3500366210938
