commit_id,label,pred,score_or_proba,feature,value_actual,operator,threshold
,True,True,0.8966666666666666,ld,1546.0,<,713.8699951171875
,True,True,0.8966666666666666,asexp,1.48236532994587,>,0.3299999982118606
