commit_id,label,pred,score_or_proba,feature,value_actual,operator,threshold
,True,True,0.8166666666666667,arexp,56.1666666666667,<,154.5250015258789
,True,True,0.8166666666666667,ent,1.44708722858132,>,1.6349999904632568
