commit_id,label,pred,score_or_proba,feature,value_actual,operator,threshold
,True,True,0.7833333333333333,ent,2.4279817732782205,>,1.9900000095367432
,True,True,0.7833333333333333,arexp,67.8333333333333,>,374.6900024414063
,True,True,0.7833333333333333,ndev,17.0,>,4.494999885559082
