commit_id,label,pred,score_or_proba,feature,value_actual,operator,threshold
,True,True,0.6166666666666667,age,165.666666666667,>,42.959999084472656
,True,True,0.6166666666666667,arexp,210.5,>,200.41500091552732
,True,True,0.6166666666666667,ent,2.57572537634485,>,0.4899999797344208
