commit_id,label,pred,score_or_proba,feature,value_actual,operator,threshold
,True,True,0.7949766674801585,nuc,272.08333333333303,<,159.5749969482422
,True,True,0.7949766674801585,ent,3.96420173507846,<,4.259999990463257
