commit_id,label,pred,score_or_proba,feature,value_actual,operator,threshold
,True,True,0.5945256241787122,ent,1.30627611175356,>,0.6050000190734863
,True,True,0.5945256241787122,ndev,51.3333333333333,>,35.665000915527344
