commit_id,label,pred,score_or_proba,feature,value_actual,operator,threshold
,True,True,0.7333333333333333,asexp,0.0783229020262264,<,0.9350000023841858
,True,True,0.7333333333333333,ndev,27.7272727272727,>,17.550000190734863
,True,True,0.7333333333333333,arexp,36.0,>,4.6600000858306885
