feature,value,importance,min,max,rule,importance_ratio
la,1692,0.23190892768134283,0.0,9153.0,la > 949.9322361187499,0.5863564635641869
arexp,4070.63315295846,-0.05745978907336968,0.0,4413.603968254571,3042.4822431684215 < arexp <= 4274.926404063527,0.14528081801361237
nuc,12.3636363636364,0.02724386198055821,0.0,1956.5,7.524991100135782 < nuc <= 240.31096810349047,0.06888313755087955
age,117.818181818182,0.026617238222875712,0.0,2414.0,10.136512178163258 < age <= 223.21448330551658,0.06729878763294593
ent,4.85192091680891,0.025232798847232417,0.0,6.569855608330951,ent > 4.26863542032997,0.0637983834680979
