feature,value,importance,min,max,rule,importance_ratio
la,271,0.08903902122215353,0.0,9153.0,162.79990743651015 < la <= 283.27934550011827,0.33513683856911064
ent,2.08342037442265,0.048158486335015536,0.0,6.569855608330951,2.0170526261979376 < ent <= 2.5737626577140995,0.18126527716788465
arexp,12.5,0.030788689697990774,0.0,4413.603968254571,arexp <= 137.43529248710115,0.1158865403891331
ld,31,0.03012157141072677,0.0,8832.0,14.980850581322407 < ld <= 32.22303478189448,0.11337555238997851
age,25.75,0.028795049338969852,0.0,2414.0,10.136512178163258 < age <= 223.21448330551658,0.1083826132570161
