feature,value,importance,min,max,rule,importance_ratio
la,207.0,0.17749478560283033,0.0,8960.0,143.122304060467 < la <= 476.1618029404084,0.3458875028927566
nd,5.0,0.09999148258908384,1.0,32.0,3.5021749794480725 < nd <= 9.505482373642016,0.19485532550051013
aexp,1.0,0.06767046856166065,0.0,1406.0,0.37596446854337273 < aexp <= 0.37596446854337273,0.13187074375666816
age,96.8181818181818,0.05750597877863322,0.0,1848.0,69.01912192572016 < age <= 536.7965087044349,0.11206300699815107
nuc,2.81818181818182,-0.056315386282072846,0.0,258.0,2.691750895275984 < nuc <= 12.62508428119034,0.10974287649854526
