feature,value,importance,min,max,rule,importance_ratio
la,189,0.18296671487668834,0.0,8960.0,143.122304060467 < la <= 476.1618029404084,0.6059313930699265
age,330.352941176471,0.049579167829010645,0.0,1848.0,69.01912192572016 < age <= 536.7965087044349,0.16419147193043734
ns,1,-0.039794880942076984,1.0,22.0,ns <= 1.5032147725771707,0.1317888210570741
nuc,7.23529411764706,0.010086260026268189,0.0,258.0,2.691750895275984 < nuc <= 12.62508428119034,0.033402696182751816
asexp,53.0,-0.009296663199702824,0.0,1051.0,0.4721763844552811 < asexp <= 271.98033519339464,0.030787786113416017
