feature,value,importance,min,max,rule,importance_ratio
la,577,0.3881464832292348,0.0,8960.0,la > 476.1618029404084,0.6640489658715779
ns,1,-0.07178715529591304,1.0,22.0,ns <= 1.5032147725771707,0.12281493790827408
age,40.1,-0.040011824893337745,0.0,1848.0,5.089545732629134 < age <= 69.01912192572016,0.06845305082247459
aexp,185,-0.02703621631805994,0.0,1406.0,0.37596446854337273 < aexp <= 288.3855622881154,0.04625411349272726
nuc,7.1,0.02638675169889925,0.0,258.0,2.691750895275984 < nuc <= 12.62508428119034,0.0451429960992737
