feature,value,importance,min,max,rule,importance_ratio
la,1038.0,0.29941095856322,0.0,8960.0,la > 476.1618029404084,0.5843260889882106
nd,3.0,0.05902488135317835,1.0,32.0,2.4981375058546607 < nd <= 3.5021749794480725,0.11519210332047157
ld,240.0,0.05375706379912974,0.0,6029.0,41.046938775510206 < ld <= 2168.054608676072,0.10491150689998108
nuc,7.21428571428571,-0.047677083926590716,0.0,258.0,2.691750895275984 < nuc <= 12.62508428119034,0.0930459062650009
ns,1.0,-0.0289137762529857,1.0,22.0,ns <= 1.5032147725771707,0.05642770684433708
