feature,value,importance,min,max,rule,importance_ratio
la,1840,0.48758991934398543,0.0,8960.0,la > 476.1618029404084,0.7958030953691697
ld,26,0.031041251092252434,0.0,6029.0,22.18677224437222 < ld <= 41.046938775510206,0.05066290898011532
nd,5,0.024022502023933235,1.0,32.0,3.5021749794480725 < nd <= 9.505482373642016,0.03920749939801648
ns,3,-0.018136932921055407,1.0,22.0,1.5032147725771707 < ns <= 5.499821160683655,0.029601570472371438
asexp,0.354067572588633,-0.015756823625470456,0.0,1051.0,0.4721763844552811 < asexp <= 0.4721763844552811,0.025716957051134588
