feature,value,importance,min,max,rule,importance_ratio
la,743.0,0.3953668477935732,0.0,8960.0,la > 476.1618029404084,0.5651307484289121
ns,6.0,0.08422404581939422,1.0,22.0,5.499821160683655 < ns <= 7.501460420169374,0.1203884400405687
nd,7.0,0.07632561040409913,1.0,32.0,3.5021749794480725 < nd <= 9.505482373642016,0.10909854878495773
nuc,1.69230769230769,-0.06233949460078322,0.0,258.0,0.8856902796551935 < nuc <= 2.0897306900690538,0.08910702917310565
age,182.846153846154,0.05101903538376349,0.0,1848.0,69.01912192572016 < age <= 536.7965087044349,0.07292575442643395
