feature,value,importance,min,max,rule,importance_ratio
la,969.0,0.4155442354475255,0.0,8960.0,la > 476.1618029404084,0.48807705665538836
nd,6.0,0.12666794691311195,1.0,32.0,3.5021749794480725 < nd <= 9.505482373642016,0.1487777074692201
ns,1.0,-0.08745504763264465,1.0,22.0,ns <= 1.5032147725771707,0.1027202367329872
age,172.70588235294102,0.07529624105430249,0.0,1848.0,69.01912192572016 < age <= 536.7965087044349,0.08843912290449611
ld,96.0,0.06347058195020143,0.0,6029.0,41.046938775510206 < ld <= 2168.054608676072,0.07454930710107485
