feature,value,importance,min,max,rule,importance_ratio
la,269.0,0.15170257888146035,0.0,8960.0,143.122304060467 < la <= 476.1618029404084,0.6099143268017876
nd,3.0,0.02648736980997133,1.0,32.0,2.4981375058546607 < nd <= 3.5021749794480725,0.10649144164531385
ns,2.0,0.025348857111372754,1.0,22.0,1.5032147725771707 < ns <= 5.499821160683655,0.10191409555640106
asexp,3.24845932482276e-05,-0.019706516275245844,0.0,1051.0,asexp <= 0.4721763844552811,0.07922928335329653
age,53.4,-0.015617028480920135,0.0,1848.0,5.089545732629134 < age <= 69.01912192572016,0.06278765649743881
