feature,value,importance,min,max,rule,importance_ratio
la,556,0.4903373010022658,0.0,8960.0,la > 476.1618029404084,0.8373838169889732
age,115.0,0.05682894907719654,0.0,1848.0,69.01912192572016 < age <= 536.7965087044349,0.09705083051292263
ns,6,-0.011987418213866173,1.0,22.0,5.499821160683655 < ns <= 7.501460420169374,0.020471765046738737
asexp,0.537988683212231,-0.010332857200341019,0.0,1051.0,0.4721763844552811 < asexp <= 0.4721763844552811,0.017646153749954208
nuc,4.769230769230768,-0.007701934515149544,0.0,258.0,2.691750895275984 < nuc <= 12.62508428119034,0.013153140316496623
