feature,value,importance,min,max,rule,importance_ratio
la,1213.0,0.2515066154492809,0.0,8960.0,la > 476.1618029404084,0.564204413914472
nuc,7.428571428571429,-0.05571263980222998,0.0,258.0,2.691750895275984 < nuc <= 12.62508428119034,0.12498008146264497
ld,53.0,0.05490341434516722,0.0,6029.0,41.046938775510206 < ld <= 2168.054608676072,0.12316474720628288
ns,2.0,0.04753923834919211,1.0,22.0,1.5032147725771707 < ns <= 5.499821160683655,0.1066447022191957
age,6.0,-0.020630202744029207,0.0,1848.0,5.089545732629134 < age <= 69.01912192572016,0.046279702930832035
