feature,value,importance,min,max,rule,importance_ratio
nuc,80.0,0.1105764206584358,0.0,125.0,28.93046147751111 < nuc <= 95.74074131209468,0.29229920703142565
la,374.0,0.10275700836007723,0.0,9292.0,65.15107396812635 < la <= 480.69791970095315,0.2716292667254169
ld,360.0,0.09338708071298495,0.0,3456.0,ld > 193.112153175861,0.24686067316018498
asexp,0.111263527200178,0.040914569784526504,0.0,318.0,0.2638783839317753 < asexp <= 0.7887405624411663,0.10815412755121279
age,39.3333333333333,0.015969646275323927,0.0,403.0,14.27436946001454 < age <= 197.77682519321624,0.04221437911495132
