feature,value,importance,min,max,rule,importance_ratio
la,658.0,0.4738426920032741,0.0,9292.0,480.69791970095315 < la <= 1397.941566989266,0.6631581355971913
ld,541.0,0.08550431725026512,0.0,3456.0,ld > 193.112153175861,0.1196660507171118
nuc,5.344262295081969,-0.049725212451924974,0.0,125.0,1.300976592648274 < nuc <= 10.97910124158328,0.06959203916890831
age,392.016393442623,0.04660123782525415,0.0,403.0,age > 244.2282836528761,0.06521993588645093
asexp,0.6250003632286519,0.03925556516604082,0.0,318.0,0.2638783839317753 < asexp <= 0.7887405624411663,0.0549394299978901
