feature,value,importance,min,max,rule,importance_ratio
nuc,36.26315789473679,0.1096008083084094,0.0,125.0,28.93046147751111 < nuc <= 95.74074131209468,0.28441345838940857
la,377.0,0.10212192020870872,0.0,9292.0,65.15107396812635 < la <= 480.69791970095315,0.2650057873861277
ld,237.0,0.0922509765281947,0.0,3456.0,ld > 193.112153175861,0.239390746100646
asexp,0.111263527200178,0.04082569656625542,0.0,318.0,0.2638783839317753 < asexp <= 0.7887405624411663,0.10594244450179291
aexp,283.0,0.02466558807016545,0.0,1247.0,166.80503056010588 < aexp <= 797.7256110503639,0.0640070571970958
