feature,value,importance,min,max,rule,importance_ratio
nuc,52.125,0.11138073511982924,0.0,125.0,28.93046147751111 < nuc <= 95.74074131209468,0.2971569914992819
la,189.0,0.10245756283555622,0.0,9292.0,65.15107396812635 < la <= 480.69791970095315,0.27335051340617506
ld,264.0,0.08946439702678562,0.0,3456.0,ld > 193.112153175861,0.23868554142846518
asexp,0.253907366434888,0.03981056282892973,0.0,318.0,0.2638783839317753 < asexp <= 0.7887405624411663,0.10621214761610774
aexp,290.0,0.024340208540650495,0.0,1247.0,166.80503056010588 < aexp <= 797.7256110503639,0.06493818822997831
