feature,value,importance,min,max,rule,importance_ratio
la,853.0,0.47070010415996766,0.0,9292.0,480.69791970095315 < la <= 1397.941566989266,0.6292139732305834
nuc,38.723404255319096,0.11169294501869682,0.0,125.0,28.93046147751111 < nuc <= 95.74074131209468,0.1493068752182707
ld,837.0,0.08886466459009165,0.0,3456.0,ld > 193.112153175861,0.11879089932712654
asexp,1.3107241942966996e-12,0.04506844385036683,0.0,318.0,asexp <= 0.2638783839317753,0.06024577936522272
aexp,128.0,-0.01827970401709777,0.0,1247.0,80.770405947798 < aexp <= 166.80503056010588,0.024435612170946606
