feature,value,importance,min,max,rule,importance_ratio
la,780.0,0.47114508462216853,0.0,9292.0,480.69791970095315 < la <= 1397.941566989266,0.7211310815255128
ld,368.0,0.08813322315209854,0.0,3456.0,ld > 193.112153175861,0.1348960407407628
asexp,0.166598664176263,0.03835453069132526,0.0,318.0,0.2638783839317753 < asexp <= 0.7887405624411663,0.05870515283210375
aexp,357.0,0.029066338916980218,0.0,1247.0,166.80503056010588 < aexp <= 797.7256110503639,0.04448871717721153
age,67.6842105263158,0.015346979030251206,0.0,403.0,14.27436946001454 < age <= 197.77682519321624,0.023489969326772595
