feature,value,importance,min,max,rule,importance_ratio
la,438,0.34879202154563993,0.0,5956.0,165.96883678608913 < la <= 871.1234134540887,0.5819372741629776
asexp,57.0,0.07437546636090557,0.0,197.0,1.1438006319502207 < asexp <= 115.31620119105196,0.12409072881560203
age,131.0,-0.05226306727106222,0.0,829.533333333333,98.2860137036514 < age <= 143.09528339386998,0.08719759922357795
aexp,71,0.04920029200926531,0.0,403.0,6.128482956425856 < aexp <= 259.48003416260264,0.08208755376059516
nuc,10.2,0.0427048670580799,0.0,209.0,9.185789996399661 < nuc <= 67.67536906540971,0.07125035090867035
