feature,value,importance,min,max,rule,importance_ratio
la,183.0,0.36273935970165283,0.0,5956.0,165.96883678608913 < la <= 871.1234134540887,0.5956972123249247
asexp,59.0,0.09076351443548884,0.0,197.0,1.1438006319502207 < asexp <= 115.31620119105196,0.14905350380092044
aexp,73.0,0.05870782720156294,0.0,403.0,6.128482956425856 < aexp <= 259.48003416260264,0.09641106781019956
nuc,20.3703703703704,0.050069762440172395,0.0,209.0,9.185789996399661 < nuc <= 67.67536906540971,0.08222547983740626
ns,1.0,-0.039769389805499135,1.0,9.0,ns <= 1.4964454190361633,0.06531001946544805
