feature,value,importance,min,max,rule,importance_ratio
la,170.0,0.33550624688638286,0.0,5956.0,165.96883678608913 < la <= 871.1234134540887,0.549144994614158
nuc,71.0,-0.08048428323430667,0.0,209.0,70.07905039701288 < nuc <= 135.51259775732092,0.13173388481852896
asexp,61.0,0.06651585159239305,0.0,197.0,1.1438006319502207 < asexp <= 115.31620119105196,0.10887084012128813
ns,1.0,-0.05488214791861967,1.0,9.0,ns <= 1.4964454190361633,0.08982919722919483
aexp,75.0,0.04191803243032014,0.0,403.0,6.128482956425856 < aexp <= 259.48003416260264,0.06860998239767357
