feature,value,importance,min,max,rule,importance_ratio
la,113.0,0.14311198892748905,0.0,5956.0,105.26016462261896 < la <= 165.96883678608913,0.30829528028857056
asexp,3.0,0.1379826575189663,0.0,197.0,1.1438006319502207 < asexp <= 115.31620119105196,0.2972455514983102
aexp,5.0,0.06707640433592375,0.0,403.0,2.3611736448098384 < aexp <= 6.128482956425856,0.14449759961040554
nuc,8.25,-0.054024994128157935,0.0,209.0,nuc <= 8.651638589376741,0.11638193859333333
age,61.5,0.0437908262404233,0.0,829.533333333333,6.825997486629916 < age <= 98.2860137036514,0.09433524857725044
