feature,value,importance,min,max,rule,importance_ratio
la,1023.0,0.3334151246772636,0.0,5956.0,la > 871.1234134540887,0.6312980239990931
ns,3.0,0.06594001243676238,1.0,9.0,2.4958440955958925 < ns <= 6.503048404494037,0.1248527630355649
aexp,69.0,0.05948225652135391,0.0,403.0,6.128482956425856 < aexp <= 259.48003416260264,0.11262545765218729
nuc,64.2173913043478,0.04113905973345512,0.0,209.0,9.185789996399661 < nuc <= 67.67536906540971,0.07789390821442212
age,18.0869565217391,0.022099857729118412,0.0,829.533333333333,6.825997486629916 < age <= 98.2860137036514,0.04184452198609253
