feature,value,importance,min,max,rule,importance_ratio
la,1023,0.2906972868608596,0.0,5956.0,la > 871.1234134540887,0.5419149875427695
aexp,69,0.10118015884587751,0.0,403.0,6.128482956425856 < aexp <= 259.48003416260264,0.18861904461730897
nuc,64.2173913043478,0.05539223464401627,0.0,209.0,9.185789996399661 < nuc <= 67.67536906540971,0.10326165225424379
ns,3,0.0535670348078292,1.0,9.0,2.4958440955958925 < ns <= 6.503048404494037,0.09985913289408269
age,18.0869565217391,0.02622215034517447,0.0,829.533333333333,6.825997486629916 < age <= 98.2860137036514,0.048883071565960154
