feature,value,importance,min,max,rule,importance_ratio
la,418.0,0.36138699117082457,0.0,5956.0,165.96883678608913 < la <= 871.1234134540887,0.5707571953129752
aexp,82.0,0.07900949003789932,0.0,403.0,6.128482956425856 < aexp <= 259.48003416260264,0.12478378037637701
asexp,66.0,0.07064591944155242,0.0,197.0,1.1438006319502207 < asexp <= 115.31620119105196,0.1115747600934178
ns,1.0,-0.05481164685022189,1.0,9.0,ns <= 1.4964454190361633,0.0865668731609937
nuc,21.466666666666697,0.037024062621930226,0.0,209.0,9.185789996399661 < nuc <= 67.67536906540971,0.058474019977094456
