feature,value,importance,min,max,rule,importance_ratio
la,114.0,0.1349481673324047,0.0,5956.0,105.26016462261896 < la <= 165.96883678608913,0.6401200048891952
nuc,24.5,0.038158026328013905,0.0,209.0,9.185789996399661 < nuc <= 67.67536906540971,0.18100072407419074
ns,1.0,-0.024848410992524165,1.0,9.0,ns <= 1.4964454190361633,0.11786721732088205
aexp,14.0,0.0064633635802743335,0.0,403.0,6.128482956425856 < aexp <= 259.48003416260264,0.03065864774891514
asexp,13.0,0.006061436826451143,0.0,197.0,1.1438006319502207 < asexp <= 115.31620119105196,0.028752127929430202
