feature,value,importance,min,max,rule,importance_ratio
la,228.0,0.3669290796538627,0.0,5956.0,165.96883678608913 < la <= 871.1234134540887,0.6472137668321241
aexp,20.0,0.058126509850339375,0.0,403.0,6.128482956425856 < aexp <= 259.48003416260264,0.10252738057319213
nuc,47.4444444444444,0.05742292026390748,0.0,209.0,9.185789996399661 < nuc <= 67.67536906540971,0.10128634274929436
asexp,1.69622898101807,0.05399326286841285,0.0,197.0,1.1438006319502207 < asexp <= 115.31620119105196,0.09523688631489108
age,61.6666666666667,0.030036826705778077,0.0,829.533333333333,6.825997486629916 < age <= 98.2860137036514,0.052980940551970016
