feature,value,importance,min,max,rule,importance_ratio
asexp,18.0,0.05622425286789227,0.0,197.0,1.1438006319502207 < asexp <= 115.31620119105196,0.30199994201493274
aexp,19,0.05405886559988904,0.0,403.0,6.128482956425856 < aexp <= 259.48003416260264,0.29036889676274596
nuc,44.0,0.025884412800004423,0.0,209.0,9.185789996399661 < nuc <= 67.67536906540971,0.13903414924978025
ns,1,-0.021338022213494928,1.0,9.0,ns <= 1.4964454190361633,0.1146139102342578
age,13.5,0.021139135747598785,0.0,829.533333333333,6.825997486629916 < age <= 98.2860137036514,0.1135456221182855
