feature,value,importance,min,max,rule,importance_ratio
la,383,0.33377571641059994,0.0,5956.0,165.96883678608913 < la <= 871.1234134540887,0.6937026259693201
aexp,0,-0.09335986416058928,0.0,403.0,aexp <= 0.47751898900183676,0.19403443613216387
age,11.0,-0.019948851602193035,0.0,829.533333333333,6.825997486629916 < age <= 98.2860137036514,0.04146068770470357
ns,1,-0.01793078628654513,1.0,9.0,ns <= 1.4964454190361633,0.03726644246752041
nuc,67.5,0.011977631068681596,0.0,209.0,9.185789996399661 < nuc <= 67.67536906540971,0.02489370471461975
