feature,value,importance,min,max,rule,importance_ratio
la,302.0,0.3502828928733756,0.0,5956.0,165.96883678608913 < la <= 871.1234134540887,0.6569539198063026
nuc,57.952380952380885,0.05492620725394991,0.0,209.0,9.185789996399661 < nuc <= 67.67536906540971,0.10301384363814715
aexp,372.0,-0.044795249288472096,0.0,403.0,aexp > 312.2223645252268,0.08401327957343427
asexp,1.15951012159542,0.04333525110574247,0.0,197.0,1.1438006319502207 < asexp <= 115.31620119105196,0.08127505984141603
age,89.90476190476191,0.032532115804851644,0.0,829.533333333333,6.825997486629916 < age <= 98.2860137036514,0.061013830342310484
