feature,value,importance,min,max,rule,importance_ratio
la,2102,0.2877581555141977,0.0,5956.0,la > 871.1234134540887,0.5452036591158803
aexp,2,-0.08824303085967156,0.0,403.0,1.4193463169058447 < aexp <= 2.3611736448098384,0.16719047712201074
nuc,44.58928571428571,0.08418065641316223,0.0,209.0,9.185789996399661 < nuc <= 67.67536906540971,0.15949366168691717
age,51.53571428571429,0.032992313176350936,0.0,829.533333333333,6.825997486629916 < age <= 98.2860137036514,0.06250919225660702
ns,6,0.02057084704466852,1.0,9.0,2.4958440955958925 < ns <= 6.503048404494037,0.03897474620597858
