feature,value,importance,min,max,rule,importance_ratio
la,87,0.10664837477668734,0.0,5956.0,63.23108389406272 < la <= 105.26016462261896,0.4850425383377103
aexp,36,0.05155242688088242,0.0,403.0,6.128482956425856 < aexp <= 259.48003416260264,0.23446320719027386
age,58.8,0.038914870830743555,0.0,829.533333333333,6.825997486629916 < age <= 98.2860137036514,0.17698692330146987
nuc,71.7,0.009416363996306347,0.0,209.0,70.07905039701288 < nuc <= 135.51259775732092,0.04282612936431402
asexp,0.161784052834264,0.009131145741182308,0.0,197.0,-0.15854614248820553 < asexp <= 1.1438006319502207,0.0415289414162061
