commit_id,label,pred,score_or_proba,feature,value_actual,min,max,operator,threshold
,True,True,0.6541529552657329,aexp,13.0,0.0,418.0,<,42.88999938964844
,True,True,0.6541529552657329,la,312.0,0.0,8385.0,<,243.2249984741211
,True,True,0.6541529552657329,ld,64.0,0.0,6893.0,<,2.0
