commit_id,label,pred,score_or_proba,feature,value_actual,min,max,operator,threshold
,True,True,0.9766662478326533,nd,9.0,1.0,33.0,<,5.5
,True,True,0.9766662478326533,ns,2.0,1.0,7.0,>,1.5
,True,True,0.9766662478326533,la,1470.0,0.0,5213.0,<,379.5
,True,True,0.9766662478326533,age,51.9090909090909,0.0,2713.05714285714,<,4.115000009536743
,True,True,0.9766662478326533,arexp,3.0,0.0,907.416666666682,<,324.0
