,nuc,arexp,nd,ns,age,la,ld,target
0,79.0,332.0,1.0,1.0,1.0,2.0,0.0,1
1,77.0,342.0,1.0,1.0,0.0,16.0,19.0,1
2,107.0,0.0,1.0,1.0,7.0,2.0,0.0,0
3,109.0,520.0,1.0,1.0,0.0,0.0,2.0,0
4,112.0,560.0,1.0,1.0,0.0,4.0,2.0,1
5,125.0,770.0,1.0,1.0,0.0,2.0,2.0,1
6,64.5,85.0,2.0,1.0,10.0,2.0,5.0,1
7,79.67,2.0,3.0,1.0,0.0,16.0,16.0,1
8,115.0,53.0,1.0,1.0,0.0,5.0,4.0,1
9,145.0,515.0,1.0,1.0,0.0,76.0,35.0,1
10,102.0,279.0,2.0,1.0,1.5,3.0,3.0,1
11,74.0,281.0,1.0,1.0,0.0,2.0,2.0,1
12,97.5,323.0,2.0,1.0,1.5,160.0,192.0,1
13,138.0,380.0,1.0,1.0,3.0,3.0,3.0,1
14,105.0,553.0,2.0,1.0,1.0,0.0,8.0,0
15,101.0,432.0,1.0,1.0,0.0,7.0,2.0,1
16,105.0,437.0,1.0,1.0,0.0,14.0,5.0,1
17,79.0,447.0,1.0,1.0,0.0,0.0,6.0,0
18,101.0,454.0,1.0,1.0,0.0,8.0,6.0,1
19,170.0,460.0,1.0,1.0,0.0,12.0,54.0,1
20,104.0,462.0,1.0,1.0,0.0,9.0,1.0,1
21,78.0,320.0,1.0,1.0,0.0,0.0,1.0,0
22,78.0,320.0,1.0,1.0,0.0,0.0,1.0,0
23,138.0,463.0,1.0,1.0,0.0,36.0,20.0,1
24,70.0,477.0,2.0,1.0,1.0,34.0,2.0,1
25,108.0,814.0,1.0,1.0,0.0,29.0,4.0,1
26,111.0,826.0,1.0,1.0,0.0,0.0,2.0,0
27,125.5,568.0,1.0,1.0,0.0,0.0,111.0,0
28,121.0,605.0,1.0,1.0,4.0,28.0,0.0,1
29,94.0,393.0,1.0,1.0,7.0,65.0,107.0,1
30,95.0,394.0,1.0,1.0,0.0,0.0,5.0,0
31,38.95,10.0,7.0,1.0,13.4,131.0,112.0,1
32,97.8,662.0,3.0,1.0,0.0,121.0,123.0,1
33,97.25,669.0,1.0,1.0,0.0,0.0,34.0,0
34,79.0,670.0,2.0,1.0,3.2,1.0,23.0,1
35,81.0,672.0,1.0,1.0,10.4,0.0,269.0,0
36,85.67,673.0,3.0,1.0,0.0,0.0,134.0,0
37,70.0,676.0,6.0,1.0,3.33,8.0,294.0,1
38,105.0,677.0,1.0,1.0,0.0,0.0,33.0,0
39,149.0,686.0,2.0,1.0,0.0,17.0,4.0,1
40,98.0,200.0,1.0,1.0,4.0,6.0,4.0,1
41,244.0,689.0,1.0,1.0,0.0,26.0,26.0,1
42,118.25,691.0,3.0,1.0,0.0,0.0,52.0,0
43,120.25,693.0,3.0,1.0,0.0,6.0,6.0,1
44,123.25,697.0,3.0,1.0,0.0,9.0,20.0,1
45,125.25,699.0,3.0,1.0,0.0,17.0,42.0,1
46,85.5,700.0,4.0,1.0,1.0,10.0,22.0,1
47,158.5,703.0,2.0,1.0,1.0,18.0,36.0,1
48,209.0,740.0,1.0,1.0,0.0,2.0,4.0,1
49,210.0,741.0,1.0,1.0,0.0,70.0,70.0,1
50,212.0,750.0,1.0,1.0,0.0,1.0,1.0,1
51,177.5,30.0,2.0,1.0,1.0,4.0,1.0,1
52,89.5,760.0,2.0,1.0,7.5,1.0,79.0,1
53,183.0,767.0,1.0,1.0,2.5,5.0,3.0,1
54,146.5,777.0,1.0,1.0,0.0,99.0,32.0,1
55,59.33,39.0,3.0,1.0,4.5,7.0,13.0,1
56,135.0,41.0,1.0,1.0,0.0,3.0,1.0,1
57,123.5,233.0,2.0,1.0,12.0,111.0,4.0,1
58,88.0,30.0,1.0,1.0,0.5,60.0,34.0,1
59,104.0,241.0,1.0,1.0,4.0,1.0,9.0,1
60,100.0,437.0,1.0,1.0,4.0,1.0,1.0,1
61,78.67,20.0,1.0,1.0,0.0,14.0,14.0,1
62,70.0,28.0,1.0,1.0,0.0,24.0,30.0,1
63,118.0,498.0,1.0,1.0,0.0,0.0,2.0,0
64,118.0,498.0,1.0,1.0,0.0,0.0,2.0,0
65,123.0,1018.5,1.0,1.0,0.0,0.0,26.0,0
66,166.0,859.5,1.0,1.0,0.0,1.0,1.0,1
67,154.0,1176.0,1.0,1.0,5.0,0.0,3.0,0
68,73.33,577.0,3.0,1.0,23.0,13.0,4.0,1
69,59.62,38.0,7.0,1.0,24.94,795.0,140.0,1
70,152.0,614.0,1.0,1.0,1.0,3.0,0.0,1
71,98.0,627.0,2.0,1.0,2.0,3.0,3.0,1
72,116.0,629.0,1.0,1.0,4.0,24.0,12.0,1
73,111.0,848.5,1.0,1.0,12.0,0.0,3.0,0
74,177.0,867.0,1.0,1.0,0.0,1.0,1.0,1
75,183.0,1110.5,1.0,1.0,6.0,2.0,2.0,1
76,116.0,836.0,1.0,1.0,3.0,0.0,1.0,1
77,185.0,1023.0,1.0,1.0,6.0,6.0,4.0,1
78,254.0,644.0,1.0,1.0,8.0,23.0,6.0,1
79,58.78,102.0,5.0,1.0,0.44,114.0,163.0,1
80,115.5,653.0,2.0,1.0,5.5,17.0,16.0,1
81,166.5,81.0,2.0,1.0,2.0,0.0,9.0,0
82,110.0,162.0,1.0,1.0,0.0,5.0,7.0,1
83,99.4,804.5,5.0,1.0,0.0,1.0,735.0,1
84,118.0,805.5,1.0,1.0,20.5,46.0,8.0,1
85,68.83,487.0,4.0,1.0,25.83,0.0,138.0,0
86,90.0,509.0,1.0,1.0,3.0,30.0,1.0,1
87,83.25,793.5,4.0,1.0,22.5,18.0,18.0,1
88,269.0,98.0,1.0,1.0,9.0,3.0,0.0,1
89,86.4,798.5,5.0,1.0,0.2,50.0,36.0,1
90,235.0,808.5,1.0,1.0,0.0,6.0,3.0,1
91,99.67,829.0,2.0,1.0,0.67,0.0,10.0,0
92,181.0,980.0,1.0,1.0,25.0,0.0,2.0,0
93,175.0,77.0,1.0,1.0,4.0,0.0,2.0,0
94,115.0,835.0,1.0,1.0,14.0,26.0,1.0,1
95,58.78,829.0,6.0,1.0,30.33,379.0,115.0,1
96,45.71,591.0,6.0,1.0,30.65,284.0,171.0,1
97,96.0,212.0,1.0,1.0,29.0,1.0,1.0,1
98,91.88,839.0,5.0,1.0,30.5,72.0,56.0,1
99,91.88,839.0,5.0,1.0,30.5,72.0,56.0,1
100,180.0,610.0,1.0,1.0,0.0,11.0,4.0,1
101,140.0,955.5,1.0,1.0,4.0,1.0,2.0,1
102,108.0,553.5,1.0,1.0,25.0,1.0,1.0,1
103,179.0,55.33,1.0,1.0,1.0,14.0,0.0,1
104,88.0,812.17,2.0,1.0,3.0,24.0,5.0,1
105,117.0,565.0,3.0,1.0,19.75,81.0,9.0,1
106,118.86,571.5,5.0,1.0,26.36,158.0,280.0,1
107,83.33,0.0,3.0,1.0,7.0,80.0,1.0,1
108,201.0,730.67,1.0,1.0,0.0,2.0,2.0,1
109,73.0,28.0,3.0,1.0,10.33,57.0,11.0,1
110,74.67,745.5,3.0,1.0,8.67,198.0,182.0,1
111,67.75,32.0,4.0,1.0,29.75,15.0,4.0,1
112,169.33,36.0,2.0,1.0,2.67,16.0,103.0,1
113,98.0,56.0,1.0,1.0,0.0,6.0,2.0,1
114,99.0,61.0,3.0,1.0,0.0,22.0,18.0,1
115,162.0,64.0,1.0,1.0,0.0,1.0,0.0,1
116,69.33,68.0,4.0,1.0,0.33,25.0,52.0,1
117,86.0,746.67,6.0,1.0,8.5,307.0,167.0,1
118,169.25,86.0,4.0,1.0,0.25,55.0,11.0,1
119,77.0,88.0,1.0,1.0,1.0,1.0,1.0,1
120,122.67,94.0,4.0,1.0,2.83,83.0,18.0,1
121,62.5,4.0,2.0,1.0,0.0,24.0,2.0,1
122,107.33,740.17,3.0,1.0,1.0,23.0,31.0,1
123,86.4,738.17,5.0,1.0,21.0,16.0,2.0,1
124,67.0,10.0,3.0,1.0,3.0,245.0,1.0,1
125,85.0,305.5,3.0,1.0,43.25,140.0,38.0,1
126,76.25,8.0,1.0,1.0,3.0,113.0,17.0,1
127,80.5,17.0,1.0,1.0,1.0,51.0,22.0,1
128,89.5,749.0,7.0,1.0,11.11,219.0,150.0,1
129,152.0,19.0,2.0,1.0,3.75,164.0,108.0,1
130,147.0,110.0,1.0,1.0,0.0,22.0,21.0,1
131,238.5,111.0,2.0,1.0,0.0,6.0,29.0,1
132,86.75,122.0,6.0,1.0,0.62,18.0,8.0,1
133,118.33,0.0,3.0,1.0,2.0,29.0,7.0,0
134,100.67,128.0,3.0,1.0,2.0,29.0,4.0,1
135,118.0,103.0,1.0,1.0,23.0,3.0,2.0,1
136,76.0,66.0,1.0,1.0,0.0,23.0,6.0,1
137,119.0,226.0,1.0,1.0,5.0,3.0,2.0,1
138,171.0,227.0,2.0,1.0,0.0,12.0,5.0,1
139,69.44,801.83,8.0,1.0,17.78,40.0,84.0,1
140,159.0,157.0,1.0,1.0,5.0,54.0,47.0,1
141,88.0,292.0,1.0,1.0,13.0,1.0,4.0,1
142,64.5,85.0,2.0,1.0,0.0,66.0,20.0,1
143,65.5,86.0,2.0,1.0,1.0,165.0,86.0,1
144,162.0,817.67,1.0,1.0,0.0,8.0,4.0,1
145,94.0,169.0,1.0,1.0,1.0,2.0,0.0,1
146,93.0,92.0,1.0,1.0,0.0,0.0,4.0,0
147,65.75,22.0,3.0,1.0,29.5,42.0,16.0,1
148,65.75,22.0,3.0,1.0,29.5,42.0,16.0,1
149,65.75,22.0,3.0,1.0,29.5,42.0,16.0,1
150,74.5,94.0,2.0,1.0,1.0,304.0,171.0,1
151,77.0,100.0,2.0,1.0,0.0,8.0,4.0,1
152,78.5,102.0,2.0,1.0,0.0,123.0,7.0,1
153,58.0,105.0,2.0,1.0,2.0,331.0,84.0,1
154,165.0,866.0,1.0,1.0,5.0,31.0,32.0,1
155,55.67,125.0,3.0,1.0,0.0,38.0,30.0,1
156,220.5,879.0,2.0,1.0,7.5,13.0,0.0,1
157,140.0,880.0,1.0,1.0,0.0,1.0,1.0,1
158,105.0,894.17,1.0,1.0,13.0,0.0,2.0,0
159,267.5,3.0,2.0,1.0,0.0,47.0,31.0,1
160,153.75,12.0,4.0,1.0,16.75,103.0,66.0,1
161,125.4,13.0,4.0,1.0,8.8,225.0,3.0,1
162,189.5,16.0,1.0,1.0,0.0,62.0,29.0,1
163,221.5,29.0,2.0,1.0,0.5,23.0,10.0,1
164,97.0,30.0,1.0,1.0,9.0,89.0,23.0,1
165,59.62,15.0,5.0,1.0,41.38,338.0,10.0,1
166,174.0,35.0,5.0,1.0,6.88,132.0,34.0,1
167,71.6,208.0,3.0,1.0,3.0,305.0,6.0,1
168,112.0,218.0,1.0,1.0,0.0,1.0,1.0,1
169,106.0,220.0,1.0,1.0,0.0,0.0,2.0,0
170,107.0,221.0,1.0,1.0,0.0,1.0,1.0,1
171,86.3,48.0,8.0,1.0,31.6,284.0,110.0,1
172,154.5,49.0,4.0,1.0,1.33,746.0,636.0,1
173,158.5,54.0,4.0,1.0,0.33,75.0,48.0,1
174,126.0,231.0,1.0,1.0,0.0,67.0,40.0,1
175,59.94,65.0,8.0,1.0,0.0,172.0,172.0,1
176,112.25,21.0,3.0,1.0,48.0,147.0,4.0,1
177,87.93,77.0,8.0,1.0,9.27,54.0,74.0,1
178,111.0,86.0,2.0,1.0,0.0,3.0,15.0,1
179,218.0,87.0,3.0,1.0,0.0,48.0,30.0,1
180,142.5,73.0,2.0,1.0,4.0,2.0,2.0,1
181,97.83,24.0,4.0,1.0,75.67,229.0,21.0,1
182,85.0,250.0,6.0,1.0,32.11,59.0,34.0,1
183,84.92,64.0,7.0,1.0,25.69,249.0,48.0,1
184,118.0,257.5,1.0,1.0,13.0,10.0,15.0,1
185,223.0,874.67,1.0,1.0,0.0,2.0,0.0,1
186,67.5,107.0,2.0,1.0,43.5,78.0,49.0,1
187,121.0,265.5,1.0,1.0,1.0,7.0,3.0,1
188,255.0,111.0,2.0,1.0,2.0,4.0,6.0,1
189,147.89,890.67,5.0,1.0,12.44,72.0,18.0,1
190,51.36,85.5,7.0,1.0,40.0,758.0,39.0,1
191,122.0,80.0,1.0,1.0,0.0,2.0,0.0,1
192,77.25,0.0,4.0,1.0,26.12,18.0,18.0,0
193,284.0,2.0,1.0,1.0,5.0,1.0,1.0,1
194,90.0,142.0,1.0,1.0,0.0,1.0,1.0,1
195,134.0,144.0,2.0,1.0,6.0,35.0,11.0,1
196,155.73,148.0,8.0,1.0,41.91,102.0,69.0,1
197,94.69,6.0,8.0,1.0,14.08,215.0,13.0,1
198,251.5,149.0,2.0,1.0,48.5,8.0,1.0,1
199,109.5,150.0,2.0,1.0,2.0,38.0,16.0,1
200,227.0,9.0,1.0,1.0,3.0,1.0,0.0,1
201,168.25,86.0,2.0,1.0,1.75,82.0,27.0,1
202,90.67,15.5,3.0,1.0,19.0,118.0,52.0,1
203,85.0,8.0,2.0,1.0,39.5,29.0,3.0,1
204,55.83,0.0,4.0,1.0,7.83,447.0,6.0,0
205,111.78,88.0,5.0,1.0,3.11,77.0,42.0,1
206,47.86,167.5,6.0,1.0,16.36,821.0,38.0,1
207,56.75,36.0,2.0,1.0,7.75,130.0,11.0,1
208,56.67,90.0,3.0,1.0,2.33,31.0,8.0,1
209,162.5,163.0,2.0,1.0,23.0,21.0,9.0,1
210,69.5,134.0,2.0,1.0,0.0,15.0,14.0,1
211,103.0,23.0,2.0,1.0,45.0,0.0,10.0,0
212,189.0,244.0,1.0,1.0,8.0,0.0,5.0,0
213,190.0,171.5,1.0,1.0,0.0,0.0,5.0,0
214,170.5,11.0,2.0,1.0,16.5,33.0,6.0,1
215,75.73,106.0,4.0,1.0,59.73,0.0,541.0,0
216,79.0,108.0,3.0,1.0,5.67,15.0,22.0,1
217,167.0,111.0,1.0,1.0,0.0,0.0,6.0,0
218,93.81,90.5,8.0,1.0,38.38,929.0,94.0,1
219,90.0,118.0,2.0,1.0,63.5,0.0,90.0,0
220,77.43,282.0,3.0,1.0,9.71,12.0,10.0,1
221,120.0,284.0,1.0,1.0,9.0,16.0,1.0,1
222,153.5,879.58,2.0,1.0,4.5,3.0,3.0,1
223,153.5,879.58,2.0,1.0,4.5,3.0,3.0,1
224,81.0,97.0,1.0,1.0,0.0,0.0,1.0,0
225,119.0,7.0,1.0,1.0,3.0,4.0,2.0,1
226,162.0,883.42,1.0,1.0,0.0,59.0,42.0,1
227,109.0,192.0,1.0,1.0,1.0,0.0,2.0,0
228,139.0,300.0,1.0,1.0,0.0,2.0,2.0,1
229,141.8,301.0,3.0,1.0,5.2,104.0,30.0,1
230,163.0,886.17,1.0,1.0,6.0,2.0,2.0,1
231,134.0,153.0,1.0,1.0,1.0,14.0,4.0,1
232,143.0,326.0,1.0,1.0,0.0,0.0,1.0,0
233,242.0,329.0,1.0,1.0,14.0,5.0,1.0,1
234,115.5,901.42,2.0,1.0,0.0,6.0,2.0,1
235,89.0,218.0,1.0,1.0,1.0,5.0,1.0,1
236,245.0,103.0,1.0,1.0,0.0,5.0,0.0,1
237,206.0,139.0,1.0,1.0,0.0,0.0,24.0,0
238,207.0,104.0,2.0,1.0,1.5,2.0,2.0,1
239,142.5,8.0,2.0,1.0,4.0,3.0,2.0,1
240,91.97,482.4,2.24,1.0,4.01,16.04,4.93,1
241,73.04,28.97,3.0,1.0,10.32,56.91,10.99,1
242,75.12,78.86,2.92,1.0,9.63,52.42,10.32,1
243,91.67,475.41,2.25,1.0,4.11,16.67,5.02,1
244,94.07,532.85,2.16,1.0,3.31,11.49,4.26,1
245,85.25,321.44,2.51,1.0,6.25,30.55,7.08,1
246,77.45,134.63,2.82,1.0,8.85,47.39,9.58,1
247,85.91,337.4,2.48,1.0,6.03,29.11,6.87,1
248,75.37,84.78,2.91,1.0,9.54,51.88,10.24,1
249,79.8,191.04,2.73,1.0,8.07,42.3,8.82,1
250,97.0,602.99,2.04,1.0,2.33,5.16,3.32,1
251,89.97,434.65,2.32,1.0,4.68,20.34,5.57,1
252,77.9,145.5,2.8,1.0,8.7,46.41,9.43,1
253,73.19,32.54,2.99,1.0,10.27,56.59,10.94,1
254,95.63,570.29,2.09,1.0,2.79,8.11,3.76,1
255,96.0,579.16,2.08,1.0,2.67,7.31,3.64,1
256,87.8,382.68,2.41,1.0,5.4,25.03,6.26,1
257,73.81,47.51,2.97,1.0,10.06,55.24,10.74,1
258,85.19,320.17,2.51,1.0,6.27,30.66,7.1,1
259,91.03,460.0,2.28,1.0,4.32,18.06,5.23,1
260,73.86,48.7,2.97,1.0,10.05,55.13,10.72,1
261,95.01,555.45,2.12,1.0,3.0,9.45,3.96,1
262,76.85,120.18,2.85,1.0,9.05,48.69,9.77,1
263,78.46,158.71,2.78,1.0,8.51,45.22,9.25,1
264,79.9,193.37,2.72,1.0,8.03,42.09,8.79,1
265,92.73,500.73,2.21,1.0,3.76,14.38,4.69,1
266,94.4,540.82,2.14,1.0,3.2,10.77,4.15,1
267,73.83,47.83,2.97,1.0,10.06,55.21,10.74,1
268,82.28,250.42,2.63,1.0,7.24,36.95,8.03,1
269,81.25,225.64,2.67,1.0,7.58,39.18,8.36,1
270,78.29,154.67,2.79,1.0,8.57,45.58,9.31,1
271,78.05,149.08,2.8,1.0,8.65,46.08,9.38,1
272,91.4,468.79,2.26,1.0,4.2,17.26,5.11,1
273,79.36,180.31,2.75,1.0,8.21,43.27,8.97,1
274,84.96,314.46,2.52,1.0,6.35,31.18,7.17,1
275,95.63,570.28,2.09,1.0,2.79,8.11,3.76,1
276,92.78,501.9,2.21,1.0,3.74,14.28,4.67,1
277,92.28,489.93,2.23,1.0,3.91,15.36,4.83,1
278,82.2,248.55,2.63,1.0,7.27,37.12,8.05,1
279,77.33,131.8,2.83,1.0,8.89,47.64,9.61,1
280,82.21,248.77,2.63,1.0,7.26,37.1,8.05,1
281,85.13,318.52,2.51,1.0,6.29,30.81,7.12,1
282,96.98,602.48,2.04,1.0,2.34,5.21,3.33,1
283,74.1,54.41,2.96,1.0,9.97,54.62,10.65,1
284,97.54,616.0,2.02,1.0,2.15,3.99,3.15,1
285,79.92,193.89,2.72,1.0,8.03,42.04,8.78,1
286,81.61,234.37,2.66,1.0,7.46,38.4,8.24,1
287,92.4,492.87,2.22,1.0,3.87,15.09,4.79,1
288,93.03,507.94,2.2,1.0,3.66,13.73,4.59,1
289,89.48,422.87,2.34,1.0,4.84,21.4,5.73,1
290,79.17,175.74,2.75,1.0,8.28,43.68,9.03,1
291,86.66,355.22,2.45,1.0,5.78,27.5,6.63,1
292,91.06,460.71,2.28,1.0,4.31,17.99,5.22,1
293,79.2,176.64,2.75,1.0,8.27,43.6,9.01,1
294,77.44,134.49,2.82,1.0,8.85,47.4,9.58,1
295,83.19,272.06,2.59,1.0,6.94,35.0,7.74,1
296,75.68,92.3,2.89,1.0,9.44,51.2,10.14,1
297,78.37,156.69,2.79,1.0,8.54,45.4,9.28,1
298,96.79,597.89,2.05,1.0,2.4,5.62,3.39,1
299,87.02,363.84,2.44,1.0,5.66,26.72,6.51,1
300,95.77,573.47,2.09,1.0,2.74,7.83,3.71,1
301,93.82,526.73,2.17,1.0,3.39,12.04,4.34,1
302,90.63,450.33,2.29,1.0,4.46,18.93,5.36,1
303,90.31,442.84,2.31,1.0,4.56,19.6,5.46,1
304,96.75,597.02,2.05,1.0,2.42,5.7,3.4,1
305,87.69,380.05,2.41,1.0,5.44,25.26,6.3,1
306,76.8,119.03,2.85,1.0,9.07,48.79,9.78,1
307,81.81,239.14,2.65,1.0,7.4,37.97,8.18,1
308,73.78,46.61,2.97,1.0,10.07,55.32,10.75,1
309,87.82,382.97,2.41,1.0,5.39,25.0,6.26,1
310,82.59,257.89,2.62,1.0,7.14,36.28,7.93,1
311,89.72,428.69,2.33,1.0,4.76,20.88,5.65,1
312,94.55,544.24,2.14,1.0,3.15,10.46,4.11,1
313,77.43,134.11,2.82,1.0,8.86,47.43,9.58,1
314,78.89,169.18,2.76,1.0,8.37,44.27,9.11,1
315,91.96,482.25,2.24,1.0,4.01,16.05,4.93,1
316,76.14,103.34,2.87,1.0,9.29,50.21,9.99,1
317,84.99,315.37,2.52,1.0,6.34,31.09,7.16,1
318,97.58,616.93,2.02,1.0,2.14,3.91,3.13,1
319,82.44,254.21,2.62,1.0,7.19,36.61,7.98,1
320,74.23,57.58,2.95,1.0,9.92,54.33,10.6,1
321,82.71,260.68,2.61,1.0,7.1,36.02,7.89,1
322,74.09,54.02,2.96,1.0,9.97,54.65,10.65,1
323,96.8,598.2,2.05,1.0,2.4,5.6,3.38,1
324,79.53,184.49,2.74,1.0,8.16,42.89,8.91,1
325,87.66,379.27,2.41,1.0,5.45,25.33,6.31,1
326,92.77,501.75,2.21,1.0,3.74,14.29,4.67,1
327,76.64,115.15,2.85,1.0,9.12,49.14,9.84,1
328,87.76,381.72,2.41,1.0,5.41,25.11,6.28,1
329,87.61,378.07,2.42,1.0,5.46,25.44,6.32,1
330,97.29,610.08,2.03,1.0,2.24,4.53,3.23,1
331,75.69,92.44,2.89,1.0,9.44,51.19,10.14,1
332,74.4,61.43,2.94,1.0,9.87,53.99,10.55,1
333,93.4,516.83,2.18,1.0,3.53,12.93,4.47,1
334,73.15,31.5,2.99,1.0,10.28,56.68,10.95,1
335,84.95,314.27,2.52,1.0,6.35,31.19,7.18,1
336,80.9,217.21,2.68,1.0,7.7,39.94,8.47,1
337,83.83,287.55,2.57,1.0,6.72,33.6,7.53,1
338,90.31,442.77,2.31,1.0,4.56,19.61,5.46,1
339,89.14,414.64,2.35,1.0,4.95,22.14,5.84,1
340,87.41,373.29,2.42,1.0,5.53,25.87,6.39,1
341,81.8,238.8,2.65,1.0,7.4,38.0,8.18,1
342,84.02,292.0,2.56,1.0,6.66,33.2,7.47,1
343,96.1,581.51,2.08,1.0,2.63,7.1,3.61,1
344,85.12,318.44,2.52,1.0,6.29,30.82,7.12,1
345,74.09,54.24,2.96,1.0,9.97,54.63,10.65,1
346,96.37,587.93,2.07,1.0,2.54,6.52,3.52,1
347,86.63,354.67,2.45,1.0,5.79,27.55,6.64,1
348,88.68,403.59,2.37,1.0,5.11,23.14,5.98,1
349,87.32,371.18,2.43,1.0,5.56,26.06,6.42,1
350,83.59,281.74,2.58,1.0,6.8,34.13,7.61,1
351,84.7,308.22,2.53,1.0,6.43,31.74,7.26,1
352,90.16,439.19,2.31,1.0,4.61,19.93,5.51,1
353,82.93,265.95,2.6,1.0,7.02,35.55,7.82,1
354,89.52,423.71,2.34,1.0,4.83,21.33,5.72,1
355,77.19,128.42,2.83,1.0,8.94,47.95,9.66,1
356,75.61,90.51,2.9,1.0,9.46,51.36,10.17,1
357,95.97,578.38,2.08,1.0,2.68,7.38,3.65,1
358,92.67,499.26,2.21,1.0,3.78,14.52,4.71,1
359,97.28,609.65,2.03,1.0,2.24,4.56,3.23,1
360,90.96,458.21,2.28,1.0,4.35,18.22,5.25,1
361,84.77,310.04,2.53,1.0,6.41,31.57,7.23,1
362,88.9,409.04,2.36,1.0,5.03,22.65,5.91,1
363,97.35,611.43,2.03,1.0,2.22,4.4,3.21,1
364,92.8,502.44,2.21,1.0,3.73,14.23,4.66,1
365,91.8,478.39,2.25,1.0,4.07,16.4,4.98,1
366,86.97,362.82,2.44,1.0,5.68,26.82,6.53,1
367,84.83,311.43,2.53,1.0,6.39,31.45,7.21,1
368,83.08,269.47,2.6,1.0,6.97,35.23,7.77,1
369,87.71,380.42,2.41,1.0,5.43,25.23,6.29,1
370,78.5,159.86,2.78,1.0,8.5,45.11,9.24,1
371,80.33,203.54,2.71,1.0,7.89,41.17,8.66,1
372,73.59,42.22,2.98,1.0,10.14,55.72,10.81,1
373,77.7,140.55,2.81,1.0,8.77,46.85,9.5,1
374,93.94,529.62,2.16,1.0,3.35,11.78,4.3,1
375,77.9,145.4,2.8,1.0,8.7,46.42,9.43,1
376,81.35,228.18,2.67,1.0,7.55,38.95,8.33,1
377,87.54,376.43,2.42,1.0,5.49,25.59,6.35,1
378,85.23,321.09,2.51,1.0,6.26,30.58,7.09,1
379,86.74,357.16,2.45,1.0,5.75,27.33,6.6,1
380,94.45,541.88,2.14,1.0,3.18,10.67,4.14,1
381,88.35,395.73,2.39,1.0,5.22,23.85,6.09,1
382,74.33,59.87,2.95,1.0,9.89,54.13,10.57,1
383,90.53,448.11,2.3,1.0,4.49,19.13,5.39,1
384,81.09,221.85,2.68,1.0,7.64,39.52,8.41,1
385,89.16,415.3,2.35,1.0,4.95,22.08,5.83,1
386,84.05,292.86,2.56,1.0,6.65,33.12,7.46,1
387,76.56,113.37,2.86,1.0,9.15,49.3,9.86,1
388,92.23,488.74,2.23,1.0,3.92,15.46,4.85,1
389,89.18,415.73,2.35,1.0,4.94,22.05,5.82,1
390,82.23,249.2,2.63,1.0,7.26,37.06,8.05,1
391,94.74,548.97,2.13,1.0,3.09,10.03,4.04,1
392,73.79,46.84,2.97,1.0,10.07,55.3,10.75,1
393,89.33,419.36,2.35,1.0,4.89,21.72,5.77,1
394,94.57,544.77,2.14,1.0,3.14,10.41,4.1,1
395,73.44,38.47,2.98,1.0,10.19,56.06,10.86,1
396,95.65,570.77,2.09,1.0,2.78,8.07,3.75,1
397,94.3,538.37,2.15,1.0,3.23,10.99,4.18,1
398,80.68,212.06,2.69,1.0,7.77,40.41,8.54,1
399,76.42,109.9,2.86,1.0,9.19,49.62,9.91,1
400,89.56,424.87,2.34,1.0,4.81,21.22,5.7,1
401,82.58,257.43,2.62,1.0,7.14,36.32,7.94,1
402,86.94,361.99,2.44,1.0,5.69,26.89,6.54,1
403,79.96,194.79,2.72,1.0,8.01,41.96,8.77,1
404,91.53,471.96,2.26,1.0,4.16,16.98,5.07,1
405,97.28,609.7,2.03,1.0,2.24,4.56,3.23,1
406,81.89,240.99,2.64,1.0,7.37,37.8,8.16,1
407,80.32,203.46,2.71,1.0,7.89,41.18,8.66,1
408,96.29,586.05,2.07,1.0,2.57,6.69,3.55,1
409,90.71,452.4,2.29,1.0,4.43,18.74,5.33,1
410,94.12,534.01,2.16,1.0,3.29,11.38,4.24,1
411,78.99,171.46,2.76,1.0,8.34,44.07,9.08,1
412,80.65,211.28,2.69,1.0,7.78,40.48,8.55,1
413,88.98,410.82,2.36,1.0,5.01,22.49,5.89,1
414,85.08,317.46,2.52,1.0,6.31,30.91,7.13,1
415,86.94,361.92,2.44,1.0,5.69,26.9,6.54,1
416,77.01,124.07,2.84,1.0,9.0,48.34,9.72,1
417,95.84,575.34,2.09,1.0,2.72,7.66,3.69,1
418,91.66,475.13,2.25,1.0,4.11,16.69,5.03,1
419,75.48,87.44,2.9,1.0,9.51,51.64,10.21,1
420,94.7,547.97,2.13,1.0,3.1,10.12,4.06,1
421,85.63,330.5,2.49,1.0,6.12,29.73,6.96,1
422,97.43,613.25,2.02,1.0,2.19,4.24,3.18,1
423,85.69,332.05,2.49,1.0,6.1,29.59,6.94,1
424,95.72,572.35,2.09,1.0,2.76,7.93,3.73,1
425,84.01,291.82,2.56,1.0,6.66,33.22,7.48,1
426,94.86,551.66,2.13,1.0,3.05,9.79,4.01,1
427,88.77,405.87,2.37,1.0,5.08,22.94,5.95,1
428,77.11,126.39,2.84,1.0,8.96,48.13,9.69,1
429,84.87,312.38,2.53,1.0,6.38,31.36,7.2,1
430,87.57,377.08,2.42,1.0,5.48,25.53,6.34,1
431,91.04,460.29,2.28,1.0,4.32,18.03,5.23,1
432,73.23,33.53,2.99,1.0,10.26,56.5,10.93,1
433,85.63,330.52,2.49,1.0,6.12,29.73,6.96,1
434,79.35,180.26,2.75,1.0,8.22,43.27,8.97,1
435,95.98,578.5,2.08,1.0,2.67,7.37,3.65,1
436,95.76,573.24,2.09,1.0,2.75,7.85,3.72,1
437,95.77,573.66,2.09,1.0,2.74,7.81,3.71,1
438,94.94,553.57,2.12,1.0,3.02,9.62,3.98,1
439,88.51,399.7,2.38,1.0,5.16,23.49,6.04,1
440,80.76,213.95,2.69,1.0,7.75,40.24,8.52,1
441,75.43,86.2,2.9,1.0,9.52,51.75,10.22,1
442,80.99,219.46,2.68,1.0,7.67,39.74,8.44,1
443,86.61,354.07,2.46,1.0,5.8,27.6,6.65,1
444,88.11,389.95,2.4,1.0,5.3,24.37,6.17,1
445,81.73,237.19,2.65,1.0,7.42,38.14,8.21,1
446,83.4,277.3,2.58,1.0,6.87,34.53,7.67,1
447,81.6,234.15,2.66,1.0,7.47,38.42,8.25,1
448,84.43,301.95,2.54,1.0,6.52,32.3,7.34,1
449,75.47,87.08,2.9,1.0,9.51,51.67,10.21,1
450,77.51,136.04,2.82,1.0,8.83,47.26,9.56,1
451,89.46,422.46,2.34,1.0,4.85,21.44,5.73,1
452,76.45,110.71,2.86,1.0,9.18,49.54,9.9,1
453,79.88,192.8,2.72,1.0,8.04,42.14,8.8,1
454,75.1,78.36,2.92,1.0,9.63,52.46,10.33,1
455,84.14,294.99,2.55,1.0,6.62,32.93,7.43,1
456,82.69,260.22,2.61,1.0,7.1,36.07,7.9,1
457,83.54,280.47,2.58,1.0,6.82,34.24,7.63,1
458,80.41,205.59,2.7,1.0,7.86,40.99,8.63,1
459,89.83,431.32,2.33,1.0,4.72,20.64,5.61,1
460,86.87,360.42,2.45,1.0,5.71,27.03,6.56,1
461,89.16,415.08,2.35,1.0,4.95,22.1,5.83,1
462,79.22,177.05,2.75,1.0,8.26,43.56,9.01,1
463,83.83,287.59,2.57,1.0,6.72,33.6,7.53,1
464,90.72,452.61,2.29,1.0,4.43,18.72,5.33,1
465,93.13,510.25,2.19,1.0,3.62,13.53,4.56,1
466,85.4,325.12,2.5,1.0,6.2,30.21,7.03,1
467,77.44,134.37,2.82,1.0,8.85,47.41,9.58,1
468,93.47,518.55,2.18,1.0,3.51,12.78,4.45,1
469,90.09,437.41,2.32,1.0,4.64,20.09,5.53,1
470,83.6,282.07,2.58,1.0,6.8,34.1,7.61,1
471,86.01,339.63,2.48,1.0,6.0,28.91,6.84,1
472,85.8,334.67,2.49,1.0,6.07,29.35,6.9,1
473,96.31,586.6,2.07,1.0,2.56,6.64,3.54,1
474,74.36,60.57,2.95,1.0,9.88,54.06,10.57,1
475,95.99,578.86,2.08,1.0,2.67,7.34,3.64,1
476,73.26,34.23,2.99,1.0,10.25,56.44,10.92,1
477,85.12,318.51,2.52,1.0,6.29,30.81,7.12,1
478,92.75,501.3,2.21,1.0,3.75,14.33,4.68,1
479,97.54,616.06,2.02,1.0,2.15,3.99,3.15,1
480,79.87,192.71,2.73,1.0,8.04,42.15,8.8,1
481,96.93,601.39,2.04,1.0,2.36,5.31,3.34,1
482,89.74,429.13,2.33,1.0,4.75,20.84,5.64,1
483,93.66,523.0,2.17,1.0,3.45,12.38,4.39,1
484,95.9,576.59,2.08,1.0,2.7,7.54,3.67,1
485,73.96,50.93,2.96,1.0,10.01,54.93,10.69,1
486,85.37,324.3,2.51,1.0,6.21,30.29,7.04,1
487,81.61,234.23,2.66,1.0,7.46,38.41,8.25,1
488,73.5,39.94,2.98,1.0,10.17,55.92,10.84,1
489,79.06,173.21,2.76,1.0,8.31,43.91,9.06,1
490,97.05,604.14,2.04,1.0,2.32,5.06,3.31,1
491,87.91,385.14,2.4,1.0,5.36,24.8,6.23,1
492,76.57,113.58,2.86,1.0,9.14,49.28,9.86,1
493,84.0,291.59,2.56,1.0,6.67,33.24,7.48,1
494,92.71,500.15,2.21,1.0,3.76,14.44,4.69,1
495,75.23,81.45,2.91,1.0,9.59,52.18,10.29,1
496,78.36,156.4,2.79,1.0,8.55,45.42,9.29,1
497,93.76,525.46,2.17,1.0,3.41,12.15,4.36,1
498,96.2,583.78,2.07,1.0,2.6,6.9,3.58,1
499,85.81,334.89,2.49,1.0,6.06,29.33,6.9,1
500,83.95,290.26,2.56,1.0,6.68,33.36,7.5,1
501,91.0,459.16,2.28,1.0,4.33,18.13,5.24,1
502,77.28,130.58,2.83,1.0,8.91,47.75,9.63,1
503,95.67,571.17,2.09,1.0,2.78,8.03,3.75,1
504,86.65,355.07,2.45,1.0,5.78,27.51,6.63,1
505,88.02,387.81,2.4,1.0,5.33,24.56,6.19,1
506,91.7,475.94,2.25,1.0,4.1,16.62,5.02,1
507,76.23,105.47,2.87,1.0,9.26,50.02,9.97,1
508,79.15,175.42,2.75,1.0,8.28,43.71,9.03,1
509,88.56,400.77,2.38,1.0,5.15,23.39,6.02,1
510,94.97,554.49,2.12,1.0,3.01,9.54,3.97,1
511,96.94,601.61,2.04,1.0,2.35,5.29,3.34,1
512,92.83,503.09,2.21,1.0,3.72,14.17,4.65,1
513,84.62,306.43,2.54,1.0,6.46,31.9,7.28,1
514,95.31,562.6,2.11,1.0,2.9,8.81,3.86,1
515,78.66,163.49,2.77,1.0,8.45,44.79,9.19,1
516,76.48,111.48,2.86,1.0,9.17,49.47,9.89,1
517,93.77,525.67,2.17,1.0,3.41,12.14,4.35,1
518,92.87,504.12,2.21,1.0,3.71,14.08,4.64,1
519,89.65,427.0,2.33,1.0,4.78,21.03,5.67,1
520,74.89,73.19,2.92,1.0,9.7,52.93,10.4,1
521,82.52,256.12,2.62,1.0,7.16,36.44,7.95,1
522,96.32,586.79,2.07,1.0,2.56,6.62,3.54,1
523,88.04,388.32,2.4,1.0,5.32,24.52,6.19,1
524,97.31,610.57,2.03,1.0,2.23,4.48,3.22,1
525,90.02,435.84,2.32,1.0,4.66,20.23,5.55,1
526,73.07,29.78,3.0,1.0,10.31,56.84,10.98,1
527,93.07,508.86,2.2,1.0,3.64,13.65,4.58,1
528,96.39,588.5,2.06,1.0,2.54,6.47,3.51,1
529,82.84,263.81,2.61,1.0,7.05,35.74,7.85,1
530,73.6,42.35,2.98,1.0,10.13,55.71,10.81,1
531,86.65,355.06,2.45,1.0,5.78,27.52,6.63,1
532,90.3,442.56,2.31,1.0,4.57,19.63,5.46,1
533,87.59,377.6,2.42,1.0,5.47,25.48,6.33,1
534,85.44,326.09,2.5,1.0,6.19,30.13,7.02,1
535,73.42,38.1,2.98,1.0,10.19,56.09,10.87,1
536,76.87,120.69,2.85,1.0,9.04,48.64,9.76,1
537,94.31,538.51,2.15,1.0,3.23,10.98,4.18,1
538,94.03,531.77,2.16,1.0,3.32,11.58,4.27,1
539,73.27,34.49,2.99,1.0,10.24,56.42,10.91,1
540,74.0,51.9,2.96,1.0,10.0,54.85,10.68,1
541,89.03,412.19,2.36,1.0,4.99,22.36,5.87,1
542,95.18,559.38,2.11,1.0,2.94,9.1,3.9,1
543,81.55,232.76,2.66,1.0,7.48,38.54,8.27,1
544,95.19,559.62,2.11,1.0,2.94,9.07,3.9,1
545,94.94,553.59,2.12,1.0,3.02,9.62,3.98,1
546,83.99,291.38,2.56,1.0,6.67,33.26,7.48,1
547,75.17,79.95,2.91,1.0,9.61,52.32,10.31,1
548,84.1,293.93,2.56,1.0,6.63,33.03,7.45,1
549,78.52,160.3,2.78,1.0,8.49,45.07,9.23,1
550,88.9,408.88,2.36,1.0,5.03,22.66,5.91,1
551,87.52,375.96,2.42,1.0,5.49,25.63,6.35,1
552,85.23,321.07,2.51,1.0,6.26,30.58,7.09,1
553,97.39,612.36,2.02,1.0,2.2,4.32,3.2,1
554,85.05,316.73,2.52,1.0,6.32,30.97,7.14,1
555,76.48,111.44,2.86,1.0,9.17,49.48,9.89,1
556,95.92,577.28,2.08,1.0,2.69,7.48,3.66,1
557,82.34,251.75,2.63,1.0,7.22,36.83,8.01,1
558,81.16,223.4,2.67,1.0,7.61,39.38,8.39,1
559,87.69,380.0,2.41,1.0,5.44,25.27,6.3,1
560,90.05,436.6,2.32,1.0,4.65,20.16,5.54,1
561,95.74,572.89,2.09,1.0,2.75,7.88,3.72,1
562,87.26,369.66,2.43,1.0,5.58,26.2,6.44,1
563,86.57,353.2,2.46,1.0,5.81,27.68,6.66,1
564,79.0,171.81,2.76,1.0,8.33,44.04,9.08,1
565,87.0,363.5,2.44,1.0,5.67,26.76,6.52,1
566,81.12,222.59,2.68,1.0,7.63,39.46,8.4,1
567,75.49,87.6,2.9,1.0,9.5,51.63,10.2,1
568,74.95,74.78,2.92,1.0,9.68,52.78,10.38,1
569,95.75,573.13,2.09,1.0,2.75,7.86,3.72,1
570,73.27,34.53,2.99,1.0,10.24,56.41,10.91,1
571,91.46,470.25,2.26,1.0,4.18,17.13,5.09,1
572,88.03,388.23,2.4,1.0,5.32,24.52,6.19,1
573,95.36,563.68,2.11,1.0,2.88,8.71,3.85,1
574,82.93,265.91,2.6,1.0,7.02,35.55,7.82,1
575,93.63,522.4,2.17,1.0,3.46,12.43,4.4,1
576,81.42,229.83,2.66,1.0,7.53,38.81,8.3,1
577,79.55,184.97,2.74,1.0,8.15,42.85,8.9,1
578,78.96,170.91,2.76,1.0,8.35,44.12,9.09,1
579,74.82,71.64,2.93,1.0,9.73,53.07,10.42,1
580,90.24,441.05,2.31,1.0,4.59,19.76,5.48,1
581,97.88,624.22,2.0,1.0,2.04,3.25,3.04,1
582,81.19,224.22,2.67,1.0,7.6,39.31,8.38,1
583,73.46,38.9,2.98,1.0,10.18,56.02,10.85,1
584,79.14,175.0,2.75,1.0,8.29,43.75,9.04,1
585,75.64,91.22,2.89,1.0,9.45,51.3,10.16,1
586,83.77,286.03,2.57,1.0,6.74,33.74,7.55,1
587,80.19,200.2,2.71,1.0,7.94,41.48,8.7,1
588,93.95,529.89,2.16,1.0,3.35,11.75,4.3,1
589,87.44,374.05,2.42,1.0,5.52,25.8,6.38,1
590,93.3,514.44,2.19,1.0,3.57,13.15,4.5,1
591,88.12,390.31,2.4,1.0,5.29,24.34,6.16,1
592,74.96,75.06,2.92,1.0,9.68,52.76,10.37,1
593,94.51,543.32,2.14,1.0,3.16,10.54,4.12,1
594,73.48,39.42,2.98,1.0,10.17,55.97,10.85,1
595,77.05,124.98,2.84,1.0,8.98,48.26,9.7,1
596,79.78,190.51,2.73,1.0,8.07,42.35,8.83,1
597,92.24,488.94,2.23,1.0,3.92,15.45,4.84,1
598,95.77,573.56,2.09,1.0,2.74,7.82,3.71,1
599,82.46,254.61,2.62,1.0,7.18,36.57,7.97,1
600,90.85,455.69,2.29,1.0,4.38,18.44,5.29,1
601,76.53,112.48,2.86,1.0,9.16,49.38,9.87,1
602,74.88,73.05,2.92,1.0,9.71,52.94,10.4,1
603,95.21,560.04,2.11,1.0,2.93,9.04,3.89,1
604,92.24,488.97,2.23,1.0,3.92,15.44,4.84,1
605,77.28,130.52,2.83,1.0,8.91,47.76,9.63,1
606,82.43,253.85,2.62,1.0,7.19,36.64,7.98,1
607,82.33,251.64,2.63,1.0,7.22,36.84,8.01,1
608,88.6,401.81,2.38,1.0,5.13,23.3,6.01,1
609,92.28,490.03,2.23,1.0,3.91,15.35,4.83,1
610,95.75,572.97,2.09,1.0,2.75,7.87,3.72,1
611,81.05,220.82,2.68,1.0,7.65,39.62,8.42,1
612,94.99,554.78,2.12,1.0,3.0,9.51,3.96,1
613,84.73,308.96,2.53,1.0,6.42,31.67,7.25,1
614,97.06,604.52,2.04,1.0,2.31,5.03,3.3,1
615,95.12,557.95,2.12,1.0,2.96,9.23,3.92,1
616,82.76,261.74,2.61,1.0,7.08,35.93,7.88,1
617,85.45,326.24,2.5,1.0,6.18,30.11,7.02,1
618,77.74,141.52,2.81,1.0,8.75,46.77,9.48,1
619,87.65,379.0,2.41,1.0,5.45,25.36,6.31,1
620,82.54,256.66,2.62,1.0,7.15,36.39,7.95,1
621,81.65,235.31,2.65,1.0,7.45,38.31,8.23,1
622,91.73,476.75,2.25,1.0,4.09,16.55,5.01,1
623,85.3,322.73,2.51,1.0,6.23,30.43,7.06,1
624,81.58,233.67,2.66,1.0,7.47,38.46,8.25,1
625,83.46,278.59,2.58,1.0,6.85,34.41,7.65,1
626,78.39,157.06,2.78,1.0,8.54,45.37,9.28,1
627,82.88,264.82,2.6,1.0,7.04,35.65,7.84,1
628,84.93,313.75,2.52,1.0,6.36,31.24,7.18,1
629,92.51,495.44,2.22,1.0,3.83,14.86,4.76,1
630,76.29,106.86,2.87,1.0,9.24,49.89,9.95,1
631,91.08,461.25,2.28,1.0,4.31,17.94,5.21,1
632,79.93,194.14,2.72,1.0,8.02,42.02,8.78,1
633,92.7,499.93,2.21,1.0,3.77,14.46,4.7,1
634,74.2,56.87,2.95,1.0,9.93,54.4,10.61,1
635,84.38,300.58,2.54,1.0,6.54,32.43,7.36,1
636,90.87,456.27,2.29,1.0,4.38,18.39,5.28,1
637,95.6,569.49,2.1,1.0,2.8,8.18,3.77,1
638,86.32,347.05,2.47,1.0,5.89,28.24,6.74,1
639,94.89,552.38,2.12,1.0,3.04,9.73,4.0,1
640,83.92,289.57,2.56,1.0,6.69,33.42,7.51,1
641,86.44,350.1,2.46,1.0,5.85,27.96,6.7,1
642,76.97,123.14,2.84,1.0,9.01,48.42,9.73,1
643,93.74,525.0,2.17,1.0,3.42,12.2,4.36,1
644,77.96,146.92,2.8,1.0,8.68,46.28,9.41,1
645,92.59,497.4,2.22,1.0,3.8,14.68,4.73,1
646,76.95,122.69,2.84,1.0,9.02,48.46,9.74,1
647,91.76,477.51,2.25,1.0,4.08,16.48,5.0,1
648,91.51,471.4,2.26,1.0,4.16,17.03,5.08,1
649,81.57,233.32,2.66,1.0,7.48,38.49,8.26,1
650,84.79,310.54,2.53,1.0,6.4,31.53,7.23,1
651,85.1,317.83,2.52,1.0,6.3,30.87,7.13,1
652,90.5,447.29,2.3,1.0,4.5,19.2,5.4,1
653,76.8,118.98,2.85,1.0,9.07,48.8,9.78,1
654,86.48,350.99,2.46,1.0,5.84,27.88,6.69,1
655,97.29,609.97,2.03,1.0,2.24,4.54,3.23,1
656,80.07,197.45,2.72,1.0,7.98,41.72,8.74,1
657,74.28,58.72,2.95,1.0,9.91,54.23,10.59,1
658,91.73,476.68,2.25,1.0,4.09,16.55,5.01,1
659,90.11,437.98,2.32,1.0,4.63,20.04,5.52,1
660,92.22,488.42,2.23,1.0,3.93,15.49,4.85,1
661,78.86,168.46,2.77,1.0,8.38,44.34,9.12,1
662,79.99,195.39,2.72,1.0,8.0,41.91,8.76,1
663,95.88,576.32,2.08,1.0,2.71,7.57,3.68,1
664,85.03,316.35,2.52,1.0,6.32,31.01,7.15,1
665,81.5,231.65,2.66,1.0,7.5,38.64,8.28,1
666,85.49,327.17,2.5,1.0,6.17,30.03,7.0,1
667,96.24,584.92,2.07,1.0,2.59,6.79,3.56,1
668,85.28,322.15,2.51,1.0,6.24,30.48,7.07,1
669,73.91,49.83,2.96,1.0,10.03,55.03,10.71,1
670,87.3,370.74,2.43,1.0,5.57,26.1,6.42,1
671,95.81,574.52,2.09,1.0,2.73,7.73,3.7,1
672,88.76,405.61,2.37,1.0,5.08,22.96,5.96,1
673,91.53,471.92,2.26,1.0,4.16,16.98,5.07,1
674,97.1,605.43,2.04,1.0,2.3,4.94,3.29,1
675,76.22,105.17,2.87,1.0,9.26,50.04,9.97,1
676,96.86,599.6,2.05,1.0,2.38,5.47,3.37,1
677,83.95,290.27,2.56,1.0,6.68,33.36,7.5,1
678,96.06,580.47,2.08,1.0,2.65,7.2,3.62,1
679,93.87,528.06,2.17,1.0,3.38,11.92,4.32,1
680,76.74,117.68,2.85,1.0,9.09,48.92,9.8,1
681,83.32,275.35,2.59,1.0,6.89,34.7,7.7,1
682,94.57,544.77,2.14,1.0,3.14,10.41,4.1,1
683,89.24,417.14,2.35,1.0,4.92,21.92,5.8,1
684,86.65,354.95,2.45,1.0,5.78,27.53,6.63,1
685,97.1,605.54,2.04,1.0,2.3,4.93,3.29,1
686,89.89,432.75,2.32,1.0,4.7,20.51,5.59,1
687,93.71,524.17,2.17,1.0,3.43,12.27,4.37,1
688,81.26,225.99,2.67,1.0,7.58,39.15,8.36,1
689,81.92,241.83,2.64,1.0,7.36,37.72,8.14,1
690,77.25,129.93,2.83,1.0,8.92,47.81,9.64,1
691,87.3,370.55,2.43,1.0,5.57,26.12,6.42,1
692,78.45,158.62,2.78,1.0,8.52,45.22,9.26,1
693,74.74,69.67,2.93,1.0,9.75,53.24,10.44,1
694,74.06,53.31,2.96,1.0,9.98,54.72,10.66,1
695,82.95,266.39,2.6,1.0,7.02,35.51,7.82,1
696,78.0,147.71,2.8,1.0,8.67,46.21,9.4,1
697,94.85,551.55,2.13,1.0,3.05,9.8,4.01,1
698,79.72,189.01,2.73,1.0,8.09,42.48,8.85,1
699,97.45,613.8,2.02,1.0,2.18,4.19,3.18,1
700,76.54,112.74,2.86,1.0,9.15,49.36,9.87,1
701,86.78,358.16,2.45,1.0,5.74,27.24,6.59,1
702,81.33,227.53,2.67,1.0,7.56,39.01,8.34,1
703,73.08,29.92,3.0,1.0,10.31,56.83,10.97,1
704,74.12,54.84,2.96,1.0,9.96,54.58,10.64,1
705,92.21,488.24,2.23,1.0,3.93,15.51,4.85,1
706,91.98,482.79,2.24,1.0,4.01,16.0,4.93,1
707,96.93,601.3,2.04,1.0,2.36,5.32,3.34,1
708,75.0,75.84,2.92,1.0,9.67,52.69,10.36,1
709,93.42,517.14,2.18,1.0,3.53,12.9,4.47,1
710,81.39,228.96,2.66,1.0,7.54,38.88,8.32,1
711,93.63,522.36,2.17,1.0,3.46,12.43,4.4,1
712,90.87,456.21,2.29,1.0,4.38,18.4,5.28,1
713,97.81,622.35,2.01,1.0,2.06,3.42,3.06,1
714,82.47,254.89,2.62,1.0,7.18,36.55,7.97,1
715,85.13,318.73,2.51,1.0,6.29,30.79,7.12,1
716,91.86,479.86,2.25,1.0,4.05,16.27,4.97,1
717,81.13,222.84,2.67,1.0,7.62,39.43,8.4,1
718,74.33,59.77,2.95,1.0,9.89,54.14,10.58,1
719,89.06,412.72,2.36,1.0,4.98,22.32,5.86,1
720,85.48,326.95,2.5,1.0,6.17,30.05,7.01,1
721,80.55,209.01,2.7,1.0,7.82,40.68,8.58,1
722,94.36,539.76,2.15,1.0,3.21,10.86,4.17,1
723,87.15,367.15,2.43,1.0,5.62,26.43,6.47,1
724,78.73,165.37,2.77,1.0,8.42,44.62,9.17,1
725,79.57,185.31,2.74,1.0,8.14,42.82,8.9,1
726,80.01,195.96,2.72,1.0,8.0,41.86,8.76,1
727,92.05,484.55,2.24,1.0,3.98,15.84,4.9,1
728,96.34,587.13,2.07,1.0,2.55,6.59,3.53,1
729,73.06,29.39,3.0,1.0,10.31,56.87,10.98,1
730,77.57,137.4,2.82,1.0,8.81,47.14,9.54,1
731,79.42,181.89,2.74,1.0,8.19,43.13,8.94,1
732,86.68,355.8,2.45,1.0,5.77,27.45,6.62,1
733,95.43,565.34,2.1,1.0,2.86,8.56,3.82,1
734,73.89,49.29,2.96,1.0,10.04,55.08,10.72,1
735,75.19,80.4,2.91,1.0,9.6,52.28,10.3,1
736,86.39,348.92,2.46,1.0,5.87,28.07,6.71,1
737,86.4,349.08,2.46,1.0,5.87,28.05,6.71,1
738,84.35,300.05,2.55,1.0,6.55,32.48,7.37,1
739,91.57,472.92,2.26,1.0,4.14,16.89,5.06,1
740,80.32,203.32,2.71,1.0,7.89,41.19,8.66,1
741,86.96,362.54,2.44,1.0,5.68,26.84,6.53,1
742,75.01,76.11,2.92,1.0,9.66,52.66,10.36,1
743,90.42,445.4,2.3,1.0,4.53,19.37,5.43,1
744,90.71,452.31,2.29,1.0,4.43,18.75,5.33,1
745,93.61,521.84,2.18,1.0,3.46,12.48,4.4,1
746,86.61,354.03,2.46,1.0,5.8,27.61,6.65,1
747,86.68,355.81,2.45,1.0,5.77,27.45,6.62,1
748,93.89,528.61,2.16,1.0,3.37,11.87,4.31,1
749,88.75,405.31,2.37,1.0,5.08,22.99,5.96,1
750,89.83,431.29,2.33,1.0,4.72,20.64,5.61,1
751,85.19,320.18,2.51,1.0,6.27,30.66,7.1,1
752,95.87,575.92,2.09,1.0,2.71,7.6,3.68,1
753,82.04,244.63,2.64,1.0,7.32,37.47,8.11,1
754,97.6,617.51,2.02,1.0,2.13,3.86,3.13,1
755,92.01,483.47,2.24,1.0,4.0,15.94,4.92,1
756,82.07,245.28,2.64,1.0,7.31,37.41,8.1,1
757,88.23,392.94,2.39,1.0,5.26,24.1,6.13,1
758,87.66,379.15,2.41,1.0,5.45,25.34,6.31,1
759,74.15,55.66,2.95,1.0,9.95,54.51,10.63,1
760,94.52,543.62,2.14,1.0,3.16,10.52,4.11,1
761,91.92,481.37,2.24,1.0,4.03,16.13,4.94,1
762,97.13,606.06,2.03,1.0,2.29,4.89,3.28,1
763,94.33,539.01,2.15,1.0,3.22,10.93,4.18,1
764,94.56,544.48,2.14,1.0,3.15,10.44,4.1,1
765,88.51,399.69,2.38,1.0,5.16,23.49,6.04,1
766,78.53,160.38,2.78,1.0,8.49,45.07,9.23,1
767,89.88,432.55,2.32,1.0,4.71,20.53,5.6,1
768,78.99,171.47,2.76,1.0,8.34,44.07,9.08,1
769,76.9,121.53,2.84,1.0,9.03,48.57,9.75,1
770,78.75,165.72,2.77,1.0,8.42,44.58,9.16,1
771,84.81,311.08,2.53,1.0,6.4,31.48,7.22,1
772,91.2,464.07,2.27,1.0,4.27,17.69,5.18,1
773,96.21,584.05,2.07,1.0,2.6,6.87,3.57,1
774,88.82,406.99,2.37,1.0,5.06,22.83,5.94,1
775,82.93,265.91,2.6,1.0,7.02,35.55,7.82,1
776,79.19,176.37,2.75,1.0,8.27,43.62,9.02,1
777,75.8,95.05,2.89,1.0,9.4,50.96,10.1,1
778,78.94,170.42,2.76,1.0,8.35,44.16,9.1,1
779,91.55,472.38,2.26,1.0,4.15,16.94,5.07,1
780,77.19,128.4,2.83,1.0,8.94,47.95,9.66,1
781,73.6,42.46,2.98,1.0,10.13,55.7,10.81,1
782,93.95,529.9,2.16,1.0,3.35,11.75,4.3,1
783,90.26,441.63,2.31,1.0,4.58,19.71,5.48,1
784,76.64,115.11,2.85,1.0,9.12,49.15,9.84,1
785,85.43,325.91,2.5,1.0,6.19,30.14,7.02,1
786,83.8,286.89,2.57,1.0,6.73,33.66,7.54,1
787,78.35,156.21,2.79,1.0,8.55,45.44,9.29,1
788,82.72,260.83,2.61,1.0,7.09,36.01,7.89,1
789,96.03,579.84,2.08,1.0,2.66,7.25,3.63,1
790,78.72,165.13,2.77,1.0,8.43,44.64,9.17,1
791,91.88,480.37,2.24,1.0,4.04,16.22,4.96,1
792,77.81,143.33,2.81,1.0,8.73,46.6,9.46,1
793,90.43,445.74,2.3,1.0,4.52,19.34,5.42,1
794,83.06,268.96,2.6,1.0,6.98,35.28,7.78,1
795,73.42,38.15,2.98,1.0,10.19,56.09,10.86,1
796,76.26,106.1,2.87,1.0,9.25,49.96,9.96,1
797,93.04,508.17,2.2,1.0,3.65,13.71,4.59,1
798,89.19,416.0,2.35,1.0,4.94,22.02,5.82,1
799,80.75,213.66,2.69,1.0,7.75,40.26,8.52,1
800,84.56,305.05,2.54,1.0,6.48,32.02,7.3,1
801,90.54,448.15,2.3,1.0,4.49,19.12,5.39,1
802,73.8,47.28,2.97,1.0,10.07,55.26,10.74,1
803,80.87,216.48,2.69,1.0,7.71,40.01,8.48,1
804,92.5,495.29,2.22,1.0,3.83,14.87,4.76,1
805,86.46,350.43,2.46,1.0,5.85,27.93,6.69,1
806,75.65,91.42,2.89,1.0,9.45,51.28,10.15,1
807,82.32,251.4,2.63,1.0,7.23,36.86,8.02,1
808,76.58,113.68,2.86,1.0,9.14,49.28,9.86,1
809,77.36,132.38,2.83,1.0,8.88,47.59,9.61,1
810,75.12,78.77,2.92,1.0,9.63,52.42,10.32,1
811,89.73,428.85,2.33,1.0,4.76,20.86,5.65,1
812,90.25,441.38,2.31,1.0,4.58,19.73,5.48,1
813,87.76,381.66,2.41,1.0,5.41,25.12,6.28,1
814,75.89,97.32,2.88,1.0,9.37,50.75,10.07,1
815,88.77,405.96,2.37,1.0,5.08,22.93,5.95,1
816,85.26,321.65,2.51,1.0,6.25,30.53,7.08,1
817,96.73,596.52,2.05,1.0,2.42,5.75,3.41,1
818,92.51,495.38,2.22,1.0,3.83,14.87,4.76,1
819,95.74,572.78,2.09,1.0,2.75,7.89,3.72,1
820,82.59,257.69,2.62,1.0,7.14,36.29,7.93,1
821,76.67,115.93,2.85,1.0,9.11,49.07,9.83,1
822,86.64,354.9,2.45,1.0,5.79,27.53,6.63,1
823,87.32,371.0,2.43,1.0,5.56,26.08,6.42,1
824,97.56,616.45,2.02,1.0,2.15,3.95,3.14,1
825,88.57,401.12,2.38,1.0,5.14,23.36,6.02,1
826,81.62,234.62,2.66,1.0,7.46,38.37,8.24,1
827,97.67,618.99,2.01,1.0,2.11,3.72,3.11,1
828,87.29,370.51,2.43,1.0,5.57,26.12,6.43,1
829,74.04,52.93,2.96,1.0,9.99,54.75,10.67,1
830,81.28,226.3,2.67,1.0,7.57,39.12,8.35,1
831,85.59,329.68,2.5,1.0,6.14,29.8,6.97,1
832,74.79,70.84,2.93,1.0,9.74,53.14,10.43,1
833,87.34,371.58,2.43,1.0,5.55,26.03,6.41,1
834,89.63,426.42,2.33,1.0,4.79,21.08,5.68,1
835,95.07,556.75,2.12,1.0,2.98,9.33,3.94,1
836,78.02,148.38,2.8,1.0,8.66,46.15,9.39,1
837,93.34,515.26,2.19,1.0,3.55,13.07,4.49,1
838,93.13,510.25,2.19,1.0,3.62,13.53,4.56,1
839,79.43,182.16,2.74,1.0,8.19,43.1,8.94,1
840,80.73,213.11,2.69,1.0,7.76,40.31,8.53,1
841,90.82,454.98,2.29,1.0,4.39,18.51,5.3,1
842,81.73,237.2,2.65,1.0,7.42,38.14,8.21,1
843,83.27,274.09,2.59,1.0,6.91,34.81,7.71,1
844,79.84,191.96,2.73,1.0,8.05,42.22,8.81,1
845,73.29,35.01,2.99,1.0,10.24,56.37,10.91,1
846,75.43,86.3,2.9,1.0,9.52,51.74,10.22,1
847,77.13,126.92,2.83,1.0,8.96,48.08,9.68,1
848,93.9,528.87,2.16,1.0,3.37,11.85,4.31,1
849,97.74,620.76,2.01,1.0,2.09,3.56,3.08,1
850,87.16,367.17,2.43,1.0,5.61,26.42,6.47,1
851,90.64,450.75,2.29,1.0,4.45,18.89,5.35,1
852,95.77,573.53,2.09,1.0,2.74,7.82,3.71,1
853,92.45,493.96,2.22,1.0,3.85,14.99,4.78,1
854,77.18,128.19,2.83,1.0,8.94,47.97,9.66,1
855,73.93,50.23,2.96,1.0,10.02,55.0,10.7,1
856,95.99,578.86,2.08,1.0,2.67,7.34,3.64,1
857,78.49,159.47,2.78,1.0,8.5,45.15,9.24,1
858,90.39,444.78,2.3,1.0,4.54,19.43,5.43,1
859,91.88,480.37,2.24,1.0,4.04,16.22,4.96,1
860,76.76,118.17,2.85,1.0,9.08,48.87,9.8,1
861,96.23,584.65,2.07,1.0,2.59,6.82,3.57,1
862,95.53,567.82,2.1,1.0,2.82,8.34,3.79,1
863,97.69,619.6,2.01,1.0,2.1,3.67,3.1,1
864,80.36,204.26,2.71,1.0,7.88,41.11,8.65,1
865,88.9,408.91,2.36,1.0,5.03,22.66,5.91,1
866,80.43,206.06,2.7,1.0,7.86,40.95,8.62,1
867,76.54,112.78,2.86,1.0,9.15,49.36,9.87,1
868,96.54,591.98,2.06,1.0,2.49,6.16,3.47,1
869,87.19,368.0,2.43,1.0,5.6,26.35,6.46,1
870,75.54,88.78,2.9,1.0,9.49,51.52,10.19,1
871,87.45,374.27,2.42,1.0,5.52,25.78,6.38,1
872,87.22,368.76,2.43,1.0,5.59,26.28,6.45,1
873,84.54,304.59,2.54,1.0,6.49,32.07,7.31,1
874,81.39,228.98,2.66,1.0,7.54,38.88,8.32,1
875,80.1,198.03,2.72,1.0,7.97,41.67,8.73,1
876,80.66,211.63,2.69,1.0,7.78,40.45,8.55,1
877,85.12,318.29,2.52,1.0,6.29,30.83,7.12,1
878,74.93,74.16,2.92,1.0,9.69,52.84,10.38,1
879,73.6,42.5,2.98,1.0,10.13,55.69,10.81,1
880,85.99,339.27,2.48,1.0,6.0,28.94,6.84,1
881,90.54,448.37,2.3,1.0,4.49,19.1,5.39,1
882,80.59,209.77,2.7,1.0,7.8,40.61,8.57,1
883,83.13,270.74,2.59,1.0,6.96,35.12,7.76,1
884,89.5,423.39,2.34,1.0,4.83,21.36,5.72,1
885,82.51,255.91,2.62,1.0,7.16,36.45,7.96,1
886,84.02,292.08,2.56,1.0,6.66,33.19,7.47,1
887,82.52,255.99,2.62,1.0,7.16,36.45,7.96,1
888,97.89,624.37,2.0,1.0,2.04,3.24,3.04,1
889,77.61,138.51,2.82,1.0,8.8,47.04,9.52,1
890,95.04,556.05,2.12,1.0,2.99,9.4,3.95,1
891,92.0,483.21,2.24,1.0,4.0,15.96,4.92,1
892,75.53,88.7,2.9,1.0,9.49,51.53,10.19,1
893,85.1,317.85,2.52,1.0,6.3,30.87,7.13,1
894,95.1,557.45,2.12,1.0,2.97,9.27,3.93,1
895,79.59,185.81,2.74,1.0,8.14,42.77,8.89,1
896,95.12,558.06,2.12,1.0,2.96,9.21,3.92,1
897,92.44,493.73,2.22,1.0,3.85,15.01,4.78,1
898,79.12,174.64,2.76,1.0,8.29,43.78,9.04,1
899,74.38,61.04,2.94,1.0,9.87,54.02,10.56,1
900,80.54,208.65,2.7,1.0,7.82,40.71,8.59,1
901,94.58,544.98,2.14,1.0,3.14,10.39,4.1,1
902,74.91,73.74,2.92,1.0,9.7,52.88,10.39,1
903,92.81,502.56,2.21,1.0,3.73,14.22,4.66,1
904,79.09,173.93,2.76,1.0,8.3,43.84,9.05,1
905,83.73,285.17,2.57,1.0,6.76,33.82,7.57,1
906,75.88,97.11,2.88,1.0,9.37,50.77,10.08,1
907,73.0,28.05,3.0,1.0,10.33,57.0,11.0,1
908,94.5,543.03,2.14,1.0,3.17,10.57,4.12,1
909,80.34,203.96,2.71,1.0,7.89,41.14,8.65,1
910,85.69,331.96,2.49,1.0,6.1,29.6,6.94,1
911,80.0,195.73,2.72,1.0,8.0,41.88,8.76,1
912,90.86,455.96,2.29,1.0,4.38,18.42,5.28,1
913,84.61,306.07,2.54,1.0,6.46,31.93,7.29,1
914,83.55,280.89,2.58,1.0,6.82,34.2,7.62,1
915,76.95,122.69,2.84,1.0,9.02,48.46,9.74,1
916,81.77,238.23,2.65,1.0,7.41,38.05,8.19,1
917,94.24,536.83,2.15,1.0,3.25,11.13,4.2,1
918,80.55,208.87,2.7,1.0,7.82,40.69,8.58,1
919,80.78,214.36,2.69,1.0,7.74,40.2,8.51,1
920,78.27,154.29,2.79,1.0,8.58,45.62,9.31,1
921,81.51,231.79,2.66,1.0,7.5,38.63,8.28,1
922,79.61,186.27,2.74,1.0,8.13,42.73,8.89,1
923,87.22,368.71,2.43,1.0,5.59,26.28,6.45,1
924,90.3,442.44,2.31,1.0,4.57,19.64,5.46,1
925,79.97,195.11,2.72,1.0,8.01,41.94,8.77,1
926,89.25,417.26,2.35,1.0,4.92,21.91,5.8,1
927,78.12,150.6,2.8,1.0,8.63,45.95,9.36,1
928,88.74,405.09,2.37,1.0,5.09,23.01,5.96,1
929,91.36,467.97,2.27,1.0,4.21,17.34,5.12,1
930,85.1,317.98,2.52,1.0,6.3,30.86,7.13,1
931,88.1,389.79,2.4,1.0,5.3,24.38,6.17,1
932,92.14,486.57,2.23,1.0,3.95,15.66,4.88,1
933,85.46,326.51,2.5,1.0,6.18,30.09,7.01,1
934,74.02,52.39,2.96,1.0,9.99,54.8,10.67,1
935,81.67,235.79,2.65,1.0,7.44,38.27,8.22,1
936,83.5,279.68,2.58,1.0,6.83,34.31,7.64,1
937,86.36,348.09,2.47,1.0,5.88,28.14,6.73,1
938,85.75,333.43,2.49,1.0,6.08,29.47,6.92,1
939,95.9,576.78,2.08,1.0,2.7,7.53,3.67,1
940,97.62,617.89,2.02,1.0,2.13,3.82,3.12,1
941,96.67,595.13,2.05,1.0,2.44,5.87,3.43,1
942,97.37,611.95,2.03,1.0,2.21,4.36,3.2,1
943,78.9,169.39,2.76,1.0,8.37,44.25,9.11,1
944,87.07,365.15,2.44,1.0,5.64,26.61,6.5,1
945,83.48,279.13,2.58,1.0,6.84,34.36,7.65,1
946,90.44,445.82,2.3,1.0,4.52,19.33,5.42,1
947,85.13,318.75,2.51,1.0,6.29,30.79,7.12,1
948,86.16,343.3,2.47,1.0,5.95,28.58,6.79,1
949,75.94,98.35,2.88,1.0,9.35,50.66,10.06,1
950,76.3,107.09,2.87,1.0,9.23,49.87,9.94,1
951,90.93,457.71,2.28,1.0,4.36,18.26,5.26,1
952,83.05,268.89,2.6,1.0,6.98,35.28,7.78,1
953,93.19,511.78,2.19,1.0,3.6,13.39,4.54,1
954,84.08,293.52,2.56,1.0,6.64,33.06,7.45,1
955,81.11,222.27,2.68,1.0,7.63,39.49,8.41,1
956,84.17,295.54,2.55,1.0,6.61,32.88,7.43,1
957,94.58,544.94,2.14,1.0,3.14,10.4,4.1,1
958,94.72,548.46,2.13,1.0,3.09,10.08,4.05,1
959,85.19,320.05,2.51,1.0,6.27,30.67,7.1,1
960,88.56,400.72,2.38,1.0,5.15,23.4,6.02,1
961,93.6,521.68,2.18,1.0,3.47,12.49,4.41,1
962,82.77,262.16,2.61,1.0,7.08,35.89,7.87,1
963,85.2,320.24,2.51,1.0,6.27,30.65,7.1,1
964,73.05,29.27,3.0,1.0,10.32,56.89,10.98,1
965,80.69,212.32,2.69,1.0,7.77,40.38,8.54,1
966,91.47,470.43,2.26,1.0,4.18,17.11,5.09,1
967,81.97,242.91,2.64,1.0,7.34,37.63,8.13,1
968,89.14,414.71,2.35,1.0,4.95,22.14,5.84,1
969,83.71,284.58,2.57,1.0,6.76,33.87,7.57,1
970,86.27,346.03,2.47,1.0,5.91,28.33,6.75,1
971,83.71,284.71,2.57,1.0,6.76,33.86,7.57,1
972,89.57,425.06,2.34,1.0,4.81,21.21,5.7,1
973,86.14,342.89,2.47,1.0,5.95,28.61,6.79,1
974,79.56,185.21,2.74,1.0,8.15,42.83,8.9,1
975,82.39,253.02,2.62,1.0,7.2,36.71,7.99,1
976,74.6,66.31,2.94,1.0,9.8,53.55,10.49,1
977,75.57,89.51,2.9,1.0,9.48,51.45,10.18,1
978,96.82,598.79,2.05,1.0,2.39,5.54,3.38,1
979,76.73,117.43,2.85,1.0,9.09,48.94,9.81,1
980,85.41,325.28,2.5,1.0,6.2,30.2,7.03,1
981,96.73,596.59,2.05,1.0,2.42,5.74,3.41,1
982,82.13,246.79,2.63,1.0,7.29,37.28,8.08,1
983,76.28,106.62,2.87,1.0,9.24,49.91,9.95,1
984,75.12,78.86,2.92,1.0,9.63,52.42,10.32,1
985,96.74,596.88,2.05,1.0,2.42,5.72,3.4,1
986,96.36,587.64,2.07,1.0,2.55,6.55,3.53,1
987,97.85,623.45,2.01,1.0,2.05,3.32,3.05,1
988,90.09,437.39,2.32,1.0,4.64,20.09,5.53,1
989,81.54,232.53,2.66,1.0,7.49,38.56,8.27,1
990,84.59,305.63,2.54,1.0,6.47,31.97,7.29,1
991,97.3,610.17,2.03,1.0,2.23,4.52,3.22,1
992,75.3,83.13,2.91,1.0,9.57,52.03,10.26,1
993,87.12,366.26,2.44,1.0,5.63,26.51,6.48,1
994,89.71,428.42,2.33,1.0,4.76,20.9,5.65,1
995,80.14,199.07,2.71,1.0,7.95,41.58,8.72,1
996,85.73,333.07,2.49,1.0,6.09,29.5,6.93,1
997,82.51,255.86,2.62,1.0,7.16,36.46,7.96,1
998,87.18,367.77,2.43,1.0,5.61,26.37,6.46,1
999,91.11,462.0,2.28,1.0,4.3,17.87,5.2,1
1000,79.59,185.93,2.74,1.0,8.14,42.76,8.89,1
1001,86.2,344.27,2.47,1.0,5.93,28.49,6.78,1
1002,80.15,199.39,2.71,1.0,7.95,41.55,8.71,1
1003,88.77,405.86,2.37,1.0,5.08,22.94,5.95,1
1004,83.59,281.68,2.58,1.0,6.8,34.13,7.61,1
1005,86.12,342.24,2.48,1.0,5.96,28.67,6.8,1
1006,95.02,555.7,2.12,1.0,2.99,9.43,3.95,1
1007,82.16,247.37,2.63,1.0,7.28,37.22,8.07,1
1008,96.06,580.51,2.08,1.0,2.65,7.19,3.62,1
1009,87.87,384.27,2.41,1.0,5.38,24.88,6.24,1
1010,76.94,122.49,2.84,1.0,9.02,48.48,9.74,1
1011,81.09,221.88,2.68,1.0,7.64,39.52,8.41,1
1012,97.59,617.19,2.02,1.0,2.14,3.88,3.13,1
1013,96.79,598.03,2.05,1.0,2.4,5.61,3.39,1
1014,92.75,501.17,2.21,1.0,3.75,14.34,4.68,1
1015,88.5,399.34,2.38,1.0,5.17,23.52,6.04,1
1016,81.68,236.03,2.65,1.0,7.44,38.25,8.22,1
1017,82.48,255.04,2.62,1.0,7.17,36.53,7.97,1
1018,96.56,592.45,2.06,1.0,2.48,6.11,3.46,1
1019,86.27,345.9,2.47,1.0,5.91,28.34,6.75,1
1020,90.87,456.27,2.29,1.0,4.38,18.39,5.28,1
1021,94.78,549.79,2.13,1.0,3.07,9.96,4.03,1
1022,73.3,35.11,2.99,1.0,10.23,56.36,10.91,1
1023,89.7,428.21,2.33,1.0,4.77,20.92,5.65,1
1024,80.41,205.54,2.7,1.0,7.86,40.99,8.63,1
1025,89.92,433.46,2.32,1.0,4.69,20.45,5.58,1
1026,88.46,398.52,2.38,1.0,5.18,23.6,6.05,1
1027,89.75,429.35,2.33,1.0,4.75,20.82,5.64,1
1028,92.39,492.61,2.22,1.0,3.87,15.12,4.79,1
1029,77.59,137.94,2.82,1.0,8.8,47.09,9.53,1
1030,92.03,483.99,2.24,1.0,3.99,15.89,4.91,1
1031,96.71,596.07,2.05,1.0,2.43,5.79,3.41,1
1032,97.01,603.35,2.04,1.0,2.33,5.13,3.32,1
1033,93.13,510.24,2.19,1.0,3.62,13.53,4.56,1
1034,86.86,360.01,2.45,1.0,5.71,27.07,6.57,1
1035,85.31,322.96,2.51,1.0,6.23,30.41,7.06,1
1036,86.19,344.05,2.47,1.0,5.94,28.51,6.78,1
1037,84.17,295.74,2.55,1.0,6.61,32.86,7.42,1
1038,92.06,484.68,2.24,1.0,3.98,15.83,4.9,1
1039,92.09,485.34,2.24,1.0,3.97,15.77,4.89,1
1040,92.1,485.62,2.24,1.0,3.97,15.75,4.89,1
1041,92.25,489.24,2.23,1.0,3.92,15.42,4.84,1
1042,92.39,492.47,2.22,1.0,3.87,15.13,4.8,1
1043,81.31,227.15,2.67,1.0,7.56,39.05,8.34,1
1044,81.64,234.93,2.65,1.0,7.45,38.35,8.24,1
1045,90.4,444.81,2.3,1.0,4.53,19.42,5.43,1
1046,75.74,93.75,2.89,1.0,9.42,51.07,10.12,1
1047,90.64,450.6,2.29,1.0,4.45,18.9,5.36,1
1048,93.19,511.69,2.19,1.0,3.6,13.4,4.54,1
1049,95.69,571.7,2.09,1.0,2.77,7.99,3.74,1
1050,96.62,593.98,2.06,1.0,2.46,5.98,3.44,1
1051,93.94,529.79,2.16,1.0,3.35,11.76,4.3,1
1052,91.66,474.99,2.25,1.0,4.11,16.7,5.03,1
1053,79.51,184.09,2.74,1.0,8.16,42.93,8.92,1
1054,78.23,153.37,2.79,1.0,8.59,45.7,9.33,1
1055,91.56,472.78,2.26,1.0,4.15,16.9,5.06,1
1056,92.13,486.31,2.23,1.0,3.96,15.68,4.88,1
1057,85.87,336.28,2.49,1.0,6.04,29.21,6.88,1
1058,83.4,277.23,2.58,1.0,6.87,34.53,7.67,1
1059,85.38,324.59,2.5,1.0,6.21,30.26,7.04,1
1060,96.55,592.3,2.06,1.0,2.48,6.13,3.46,1
1061,85.5,327.58,2.5,1.0,6.17,29.99,7.0,1
1062,97.31,610.44,2.03,1.0,2.23,4.49,3.22,1
1063,73.52,40.53,2.98,1.0,10.16,55.87,10.83,1
1064,78.35,156.1,2.79,1.0,8.55,45.45,9.29,1
1065,93.75,525.23,2.17,1.0,3.42,12.17,4.36,1
1066,79.86,192.41,2.73,1.0,8.05,42.18,8.8,1
1067,91.74,477.13,2.25,1.0,4.09,16.51,5.0,1
1068,91.2,464.12,2.27,1.0,4.27,17.68,5.18,1
1069,85.64,330.82,2.49,1.0,6.12,29.7,6.96,1
1070,91.39,468.55,2.26,1.0,4.2,17.28,5.12,1
1071,85.8,334.66,2.49,1.0,6.07,29.35,6.9,1
1072,89.38,420.36,2.34,1.0,4.87,21.63,5.76,1
1073,80.89,217.0,2.68,1.0,7.7,39.96,8.48,1
1074,82.4,253.27,2.62,1.0,7.2,36.69,7.99,1
1075,80.3,202.96,2.71,1.0,7.9,41.23,8.66,1
1076,82.4,253.29,2.62,1.0,7.2,36.69,7.99,1
1077,94.77,549.6,2.13,1.0,3.08,9.98,4.03,1
1078,79.12,174.66,2.76,1.0,8.29,43.78,9.04,1
1079,95.07,556.83,2.12,1.0,2.98,9.33,3.94,1
1080,83.99,291.39,2.56,1.0,6.67,33.26,7.48,1
1081,78.07,149.46,2.8,1.0,8.64,46.05,9.38,1
1082,83.06,269.03,2.6,1.0,6.98,35.27,7.78,1
1083,88.04,388.46,2.4,1.0,5.32,24.5,6.19,1
1084,82.7,260.51,2.61,1.0,7.1,36.04,7.89,1
1085,92.28,489.87,2.23,1.0,3.91,15.36,4.83,1
1086,87.08,365.31,2.44,1.0,5.64,26.59,6.49,1
1087,90.48,446.83,2.3,1.0,4.51,19.24,5.41,1
1088,87.38,372.51,2.42,1.0,5.54,25.94,6.4,1
1089,80.63,210.76,2.69,1.0,7.79,40.52,8.56,1
1090,85.37,324.33,2.51,1.0,6.21,30.29,7.04,1
1091,75.34,83.95,2.91,1.0,9.55,51.96,10.25,1
1092,96.23,584.59,2.07,1.0,2.59,6.82,3.57,1
1093,93.53,519.87,2.18,1.0,3.49,12.66,4.43,1
1094,78.33,155.71,2.79,1.0,8.56,45.49,9.29,1
1095,86.98,362.85,2.44,1.0,5.67,26.81,6.53,1
1096,74.32,59.68,2.95,1.0,9.89,54.14,10.58,1
1097,90.81,454.81,2.29,1.0,4.4,18.52,5.3,1
1098,92.18,487.5,2.23,1.0,3.94,15.58,4.86,1
1099,84.97,314.85,2.52,1.0,6.34,31.14,7.17,1
1100,91.5,471.37,2.26,1.0,4.17,17.03,5.08,1
1101,90.05,436.49,2.32,1.0,4.65,20.17,5.54,1
1102,73.65,43.56,2.97,1.0,10.12,55.6,10.79,1
1103,82.27,250.18,2.63,1.0,7.24,36.97,8.03,1
1104,87.74,381.21,2.41,1.0,5.42,25.16,6.28,1
1105,91.6,473.7,2.26,1.0,4.13,16.82,5.05,1
1106,97.42,613.03,2.02,1.0,2.19,4.26,3.19,1
1107,84.03,292.34,2.56,1.0,6.66,33.17,7.47,1
1108,77.13,126.85,2.83,1.0,8.96,48.09,9.68,1
1109,92.52,495.78,2.22,1.0,3.83,14.83,4.75,1
1110,77.63,138.98,2.81,1.0,8.79,47.0,9.52,1
1111,82.31,251.09,2.63,1.0,7.23,36.89,8.02,1
1112,89.46,422.37,2.34,1.0,4.85,21.45,5.73,1
1113,84.09,293.6,2.56,1.0,6.64,33.06,7.45,1
1114,81.8,238.81,2.65,1.0,7.4,38.0,8.18,1
1115,81.88,240.87,2.64,1.0,7.37,37.81,8.16,1
1116,97.72,620.27,2.01,1.0,2.09,3.61,3.09,1
1117,91.22,464.63,2.27,1.0,4.26,17.64,5.17,1
1118,89.6,425.76,2.34,1.0,4.8,21.14,5.69,1
1119,90.39,444.77,2.3,1.0,4.54,19.43,5.43,1
1120,97.55,616.31,2.02,1.0,2.15,3.96,3.14,1
1121,88.72,404.6,2.37,1.0,5.09,23.05,5.97,1
1122,85.25,321.44,2.51,1.0,6.25,30.55,7.08,1
1123,84.56,304.96,2.54,1.0,6.48,32.03,7.3,1
1124,94.71,548.11,2.13,1.0,3.1,10.11,4.05,1
1125,96.81,598.37,2.05,1.0,2.4,5.58,3.38,1
1126,76.56,113.37,2.86,1.0,9.15,49.3,9.86,1
1127,84.02,291.93,2.56,1.0,6.66,33.21,7.48,1
1128,81.72,236.82,2.65,1.0,7.43,38.17,8.21,1
1129,79.48,183.29,2.74,1.0,8.17,43.0,8.93,1
1130,74.73,69.51,2.93,1.0,9.76,53.26,10.45,1
1131,95.16,559.06,2.11,1.0,2.95,9.12,3.91,1
1132,73.56,41.33,2.98,1.0,10.15,55.8,10.82,1
1133,89.06,412.75,2.36,1.0,4.98,22.31,5.86,1
1134,95.61,569.64,2.1,1.0,2.8,8.17,3.77,1
1135,91.2,464.01,2.27,1.0,4.27,17.69,5.18,1
1136,94.68,547.45,2.13,1.0,3.11,10.17,4.06,1
1137,95.3,562.29,2.11,1.0,2.9,8.83,3.86,1
1138,94.06,532.71,2.16,1.0,3.31,11.5,4.26,1
1139,88.07,388.97,2.4,1.0,5.31,24.46,6.18,1
1140,95.77,573.51,2.09,1.0,2.74,7.82,3.71,1
1141,77.9,145.33,2.8,1.0,8.7,46.42,9.43,1
1142,96.69,595.65,2.05,1.0,2.44,5.83,3.42,1
1143,77.99,147.64,2.8,1.0,8.67,46.21,9.4,1
1144,82.96,266.65,2.6,1.0,7.01,35.49,7.81,1
1145,75.83,95.78,2.89,1.0,9.39,50.89,10.09,1
1146,73.67,43.95,2.97,1.0,10.11,55.56,10.79,1
1147,82.72,260.95,2.61,1.0,7.09,36.0,7.89,1
1148,93.1,509.62,2.2,1.0,3.63,13.58,4.57,1
1149,89.54,424.25,2.34,1.0,4.82,21.28,5.71,1
1150,79.64,187.03,2.73,1.0,8.12,42.66,8.88,1
1151,88.58,401.19,2.38,1.0,5.14,23.36,6.02,1
1152,75.19,80.52,2.91,1.0,9.6,52.27,10.3,1
1153,96.47,590.31,2.06,1.0,2.51,6.31,3.49,1
1154,94.32,538.83,2.15,1.0,3.23,10.95,4.18,1
1155,96.8,598.33,2.05,1.0,2.4,5.58,3.38,1
1156,81.75,237.77,2.65,1.0,7.42,38.09,8.2,1
1157,84.14,294.83,2.55,1.0,6.62,32.95,7.44,1
1158,91.32,466.89,2.27,1.0,4.23,17.43,5.14,1
1159,77.22,129.15,2.83,1.0,8.93,47.88,9.65,1
1160,78.65,163.37,2.77,1.0,8.45,44.8,9.19,1
1161,97.48,614.49,2.02,1.0,2.17,4.13,3.17,1
1162,86.87,360.31,2.45,1.0,5.71,27.04,6.56,1
1163,97.72,620.39,2.01,1.0,2.09,3.6,3.09,1
1164,95.64,570.36,2.09,1.0,2.79,8.11,3.76,1
1165,79.0,171.72,2.76,1.0,8.33,44.04,9.08,1
1166,81.21,224.81,2.67,1.0,7.6,39.26,8.37,1
1167,77.02,124.36,2.84,1.0,8.99,48.31,9.71,1
1168,82.13,246.87,2.63,1.0,7.29,37.27,8.08,1
1169,83.43,277.86,2.58,1.0,6.86,34.48,7.66,1
1170,75.34,84.04,2.91,1.0,9.55,51.95,10.25,1
1171,74.48,63.34,2.94,1.0,9.84,53.81,10.53,1
1172,86.2,344.16,2.47,1.0,5.93,28.5,6.78,1
1173,90.23,440.75,2.31,1.0,4.59,19.79,5.49,1
1174,88.68,403.75,2.37,1.0,5.11,23.13,5.98,1
1175,94.19,535.82,2.15,1.0,3.27,11.22,4.22,1
1176,87.19,368.01,2.43,1.0,5.6,26.35,6.46,1
1177,88.7,404.08,2.37,1.0,5.1,23.1,5.98,1
1178,75.4,85.44,2.9,1.0,9.53,51.82,10.23,1
1179,95.16,558.97,2.11,1.0,2.95,9.13,3.91,1
1180,85.51,327.65,2.5,1.0,6.16,29.99,7.0,1
1181,90.59,449.36,2.3,1.0,4.47,19.01,5.37,1
1182,80.98,219.12,2.68,1.0,7.67,39.77,8.45,1
1183,76.86,120.49,2.85,1.0,9.05,48.66,9.76,1
1184,96.75,596.96,2.05,1.0,2.42,5.71,3.4,1
1185,89.17,415.4,2.35,1.0,4.94,22.08,5.83,1
1186,79.83,191.6,2.73,1.0,8.06,42.25,8.81,1
1187,79.06,173.27,2.76,1.0,8.31,43.9,9.06,1
1188,92.59,497.49,2.22,1.0,3.8,14.68,4.73,1
1189,82.53,256.29,2.62,1.0,7.16,36.42,7.95,1
1190,91.84,479.5,2.25,1.0,4.05,16.3,4.97,1
1191,76.36,108.47,2.87,1.0,9.21,49.75,9.93,1
1192,86.66,355.2,2.45,1.0,5.78,27.5,6.63,1
1193,86.09,341.68,2.48,1.0,5.97,28.72,6.81,1
1194,90.43,445.56,2.3,1.0,4.52,19.36,5.42,1
1195,77.9,145.3,2.8,1.0,8.7,46.43,9.43,1
1196,92.35,491.71,2.23,1.0,3.88,15.2,4.81,1
1197,88.34,395.47,2.39,1.0,5.22,23.87,6.09,1
1198,92.07,484.97,2.24,1.0,3.98,15.8,4.9,1
1199,84.36,300.3,2.55,1.0,6.55,32.45,7.36,1
1200,85.37,324.39,2.51,1.0,6.21,30.28,7.04,1
1201,77.93,146.18,2.8,1.0,8.69,46.35,9.42,1
1202,74.92,73.93,2.92,1.0,9.69,52.86,10.39,1
1203,76.16,103.83,2.87,1.0,9.28,50.16,9.99,1
1204,85.05,316.65,2.52,1.0,6.32,30.98,7.14,1
1205,79.07,173.38,2.76,1.0,8.31,43.89,9.06,1
1206,91.57,472.93,2.26,1.0,4.14,16.89,5.06,1
1207,75.44,86.35,2.9,1.0,9.52,51.74,10.22,1
1208,80.61,210.41,2.7,1.0,7.8,40.56,8.56,1
1209,93.63,522.38,2.17,1.0,3.46,12.43,4.4,1
1210,83.97,290.81,2.56,1.0,6.68,33.31,7.49,1
1211,96.65,594.77,2.05,1.0,2.45,5.91,3.43,1
1212,91.09,461.33,2.28,1.0,4.3,17.94,5.21,1
1213,90.45,446.2,2.3,1.0,4.52,19.3,5.41,1
1214,90.38,444.33,2.3,1.0,4.54,19.47,5.44,1
1215,92.75,501.18,2.21,1.0,3.75,14.34,4.68,1
1216,81.79,238.58,2.65,1.0,7.4,38.02,8.19,1
1217,89.14,414.71,2.35,1.0,4.95,22.14,5.84,1
1218,80.92,217.83,2.68,1.0,7.69,39.89,8.46,1
1219,95.33,563.0,2.11,1.0,2.89,8.77,3.85,1
1220,83.36,276.34,2.59,1.0,6.88,34.61,7.68,1
1221,82.65,259.14,2.61,1.0,7.12,36.16,7.91,1
1222,95.4,564.67,2.1,1.0,2.87,8.62,3.83,1
1223,80.92,217.76,2.68,1.0,7.69,39.89,8.47,1
1224,76.56,113.32,2.86,1.0,9.15,49.31,9.86,1
1225,75.48,87.39,2.9,1.0,9.51,51.65,10.21,1
1226,96.9,600.65,2.04,1.0,2.37,5.38,3.35,1
1227,95.21,560.18,2.11,1.0,2.93,9.02,3.89,1
1228,95.35,563.49,2.11,1.0,2.88,8.73,3.85,1
1229,96.96,602.02,2.04,1.0,2.35,5.25,3.33,1
1230,89.75,429.31,2.33,1.0,4.75,20.82,5.64,1
1231,90.08,437.3,2.32,1.0,4.64,20.1,5.53,1
1232,80.52,208.09,2.7,1.0,7.83,40.77,8.59,1
1233,83.16,271.4,2.59,1.0,6.95,35.06,7.75,1
1234,97.07,604.68,2.04,1.0,2.31,5.01,3.3,1
1235,88.18,391.78,2.39,1.0,5.27,24.21,6.14,1
1236,77.55,136.96,2.82,1.0,8.82,47.18,9.54,1
1237,95.57,568.83,2.1,1.0,2.81,8.24,3.78,1
1238,90.83,455.1,2.29,1.0,4.39,18.5,5.3,1
1239,81.87,240.62,2.65,1.0,7.38,37.83,8.16,1
1240,97.96,-15.68,-0.57,1.0,9.14,52.54,-248.38,1
1241,97.59,-15.04,-0.51,1.0,9.16,52.61,-244.59,1
1242,94.51,-9.64,-0.07,1.0,9.31,53.16,-212.55,1
1243,100.03,-19.3,-0.86,1.0,9.05,52.17,-269.88,1
1244,87.93,1.88,0.87,1.0,9.62,54.33,-144.12,1
1245,87.27,3.03,0.96,1.0,9.65,54.45,-137.29,1
1246,87.04,3.44,0.99,1.0,9.66,54.49,-134.87,1
1247,98.04,-15.83,-0.58,1.0,9.14,52.53,-249.28,1
1248,90.16,-2.02,0.55,1.0,9.52,53.94,-167.31,1
1249,88.81,0.34,0.74,1.0,9.58,54.18,-153.29,1
1250,98.25,-16.19,-0.61,1.0,9.13,52.49,-251.42,1
1251,93.39,-7.69,0.09,1.0,9.36,53.36,-200.95,1
1252,90.81,-3.17,0.46,1.0,9.49,53.82,-174.11,1
1253,90.58,-2.76,0.49,1.0,9.5,53.86,-171.7,1
1254,94.64,-9.87,-0.09,1.0,9.3,53.14,-213.92,1
1255,92.98,-6.96,0.15,1.0,9.38,53.43,-196.62,1
1256,91.24,-3.92,0.39,1.0,9.46,53.74,-178.59,1
1257,95.69,-11.7,-0.24,1.0,9.25,52.95,-224.79,1
1258,99.09,-17.65,-0.73,1.0,9.09,52.34,-260.12,1
1259,87.16,3.23,0.98,1.0,9.66,54.47,-136.12,1
1260,88.33,1.16,0.81,1.0,9.6,54.26,-148.37,1
1261,92.47,-6.06,0.22,1.0,9.41,53.52,-191.3,1
1262,99.08,-17.64,-0.73,1.0,9.09,52.34,-260.02,1
1263,99.64,-18.61,-0.81,1.0,9.06,52.24,-265.82,1
1264,89.26,-0.46,0.68,1.0,9.56,54.1,-157.99,1
1265,90.47,-2.57,0.5,1.0,9.5,53.88,-170.54,1
1266,88.1,1.58,0.84,1.0,9.61,54.3,-145.91,1
1267,92.24,-5.67,0.25,1.0,9.42,53.56,-188.97,1
1268,100.53,-20.18,-0.93,1.0,9.02,52.08,-275.16,1
1269,91.77,-4.86,0.32,1.0,9.44,53.65,-184.13,1
1270,92.99,-6.98,0.14,1.0,9.38,53.43,-196.75,1
1271,95.51,-11.39,-0.22,1.0,9.26,52.98,-222.93,1
1272,87.35,2.89,0.95,1.0,9.65,54.44,-138.14,1
1273,98.03,-15.81,-0.58,1.0,9.14,52.53,-249.17,1
1274,92.96,-6.93,0.15,1.0,9.38,53.44,-196.43,1
1275,93.85,-8.49,0.02,1.0,9.34,53.28,-205.72,1
1276,94.21,-9.11,-0.03,1.0,9.32,53.21,-209.42,1
1277,99.48,-18.33,-0.78,1.0,9.07,52.27,-264.16,1
1278,87.74,2.21,0.89,1.0,9.63,54.37,-142.17,1
1279,88.88,0.21,0.73,1.0,9.58,54.16,-154.02,1
1280,90.75,-3.06,0.46,1.0,9.49,53.83,-173.43,1
1281,93.12,-7.22,0.13,1.0,9.38,53.41,-198.16,1
1282,94.59,-9.78,-0.08,1.0,9.31,53.14,-213.38,1
1283,89.99,-1.74,0.57,1.0,9.52,53.97,-165.61,1
1284,88.71,0.5,0.76,1.0,9.59,54.19,-152.29,1
1285,89.64,-1.13,0.62,1.0,9.54,54.03,-161.97,1
1286,93.08,-7.13,0.13,1.0,9.38,53.42,-197.65,1
1287,91.52,-4.42,0.35,1.0,9.45,53.69,-181.51,1
1288,94.48,-9.58,-0.07,1.0,9.31,53.16,-212.2,1
1289,100.8,-20.65,-0.97,1.0,9.01,52.04,-277.91,1
1290,98.49,-16.61,-0.64,1.0,9.12,52.45,-253.96,1
1291,100.71,-20.49,-0.96,1.0,9.01,52.05,-276.99,1
1292,95.78,-11.86,-0.25,1.0,9.25,52.93,-225.73,1
1293,91.68,-4.7,0.33,1.0,9.44,53.66,-183.18,1
1294,88.96,0.07,0.72,1.0,9.57,54.15,-154.88,1
1295,94.83,-10.19,-0.12,1.0,9.29,53.1,-215.83,1
1296,95.24,-10.91,-0.18,1.0,9.27,53.03,-220.1,1
1297,100.75,-20.57,-0.96,1.0,9.01,52.04,-277.43,1
1298,93.48,-7.84,0.07,1.0,9.36,53.34,-201.85,1
1299,91.28,-4.0,0.39,1.0,9.46,53.74,-179.02,1
1300,89.58,-1.01,0.63,1.0,9.54,54.04,-161.29,1
1301,87.62,2.42,0.91,1.0,9.64,54.39,-140.91,1
1302,99.18,-17.82,-0.74,1.0,9.09,52.32,-261.12,1
1303,93.71,-8.24,0.04,1.0,9.35,53.3,-204.2,1
1304,87.11,3.3,0.98,1.0,9.66,54.48,-135.66,1
1305,93.36,-7.63,0.09,1.0,9.36,53.36,-200.62,1
1306,100.16,-19.53,-0.88,1.0,9.04,52.15,-271.25,1
1307,90.41,-2.46,0.51,1.0,9.5,53.89,-169.91,1
1308,89.15,-0.25,0.69,1.0,9.56,54.12,-156.79,1
1309,96.45,-13.03,-0.35,1.0,9.22,52.81,-232.69,1
1310,96.68,-13.45,-0.38,1.0,9.21,52.77,-235.14,1
1311,94.67,-9.92,-0.1,1.0,9.3,53.13,-214.21,1
1312,97.89,-15.56,-0.56,1.0,9.15,52.55,-247.7,1
1313,98.21,-16.11,-0.6,1.0,9.13,52.5,-250.97,1
1314,89.86,-1.51,0.59,1.0,9.53,53.99,-164.25,1
1315,89.85,-1.49,0.59,1.0,9.53,53.99,-164.14,1
1316,100.57,-20.25,-0.94,1.0,9.02,52.08,-275.52,1
1317,88.3,1.23,0.81,1.0,9.6,54.27,-147.99,1
1318,87.18,3.19,0.97,1.0,9.66,54.47,-136.33,1
1319,99.06,-17.61,-0.72,1.0,9.09,52.35,-259.89,1
1320,96.33,-12.83,-0.33,1.0,9.22,52.83,-231.5,1
1321,93.19,-7.33,0.12,1.0,9.37,53.4,-198.79,1
1322,88.27,1.28,0.82,1.0,9.61,54.27,-147.71,1
1323,92.06,-5.35,0.28,1.0,9.43,53.6,-187.07,1
1324,96.18,-12.57,-0.31,1.0,9.23,52.86,-229.93,1
1325,98.49,-16.61,-0.64,1.0,9.12,52.45,-253.95,1
1326,99.95,-19.17,-0.85,1.0,9.05,52.19,-269.11,1
1327,92.63,-6.35,0.2,1.0,9.4,53.49,-193.0,1
1328,100.01,-19.28,-0.86,1.0,9.05,52.18,-269.76,1
1329,89.74,-1.3,0.61,1.0,9.54,54.01,-163.01,1
1330,95.8,-11.91,-0.26,1.0,9.25,52.93,-226.0,1
1331,87.53,2.58,0.92,1.0,9.64,54.41,-139.97,1
1332,96.06,-12.35,-0.29,1.0,9.24,52.88,-228.65,1
1333,94.63,-9.86,-0.09,1.0,9.3,53.14,-213.81,1
1334,99.17,-17.79,-0.74,1.0,9.09,52.33,-260.96,1
1335,99.5,-18.37,-0.79,1.0,9.07,52.27,-264.36,1
1336,90.81,-3.16,0.46,1.0,9.49,53.82,-174.05,1
1337,99.51,-18.4,-0.79,1.0,9.07,52.27,-264.54,1
1338,91.2,-3.85,0.4,1.0,9.47,53.75,-178.14,1
1339,90.23,-2.16,0.54,1.0,9.51,53.92,-168.11,1
1340,91.22,-3.89,0.4,1.0,9.47,53.75,-178.4,1
1341,93.52,-7.9,0.07,1.0,9.36,53.34,-202.22,1
1342,88.29,1.24,0.82,1.0,9.61,54.27,-147.89,1
1343,98.45,-16.53,-0.64,1.0,9.12,52.46,-253.45,1
1344,93.43,-7.76,0.08,1.0,9.36,53.35,-201.36,1
1345,88.81,0.32,0.74,1.0,9.58,54.18,-153.36,1
1346,93.93,-8.64,0.01,1.0,9.34,53.26,-206.57,1
1347,87.83,2.05,0.88,1.0,9.63,54.35,-143.13,1
1348,90.57,-2.75,0.49,1.0,9.5,53.86,-171.62,1
1349,95.47,-11.32,-0.21,1.0,9.26,52.99,-222.53,1
1350,99.25,-17.93,-0.75,1.0,9.08,52.31,-261.76,1
1351,91.28,-4.0,0.39,1.0,9.46,53.74,-179.02,1
1352,87.01,3.49,1.0,1.0,9.67,54.5,-134.59,1
1353,100.45,-20.04,-0.92,1.0,9.03,52.1,-274.27,1
1354,89.54,-0.95,0.64,1.0,9.55,54.05,-160.91,1
1355,94.82,-10.18,-0.12,1.0,9.29,53.1,-215.75,1
1356,98.22,-16.13,-0.6,1.0,9.13,52.5,-251.07,1
1357,94.93,-10.38,-0.13,1.0,9.29,53.08,-216.96,1
1358,97.46,-14.8,-0.49,1.0,9.17,52.63,-243.21,1
1359,90.93,-3.37,0.44,1.0,9.48,53.8,-175.32,1
1360,92.13,-5.48,0.27,1.0,9.42,53.58,-187.83,1
1361,97.09,-14.16,-0.44,1.0,9.19,52.7,-239.35,1
1362,94.39,-9.43,-0.06,1.0,9.31,53.18,-211.3,1
1363,100.75,-20.56,-0.96,1.0,9.01,52.04,-277.4,1
1364,94.17,-9.05,-0.02,1.0,9.33,53.22,-209.0,1
1365,90.6,-2.8,0.49,1.0,9.5,53.86,-171.91,1
1366,95.91,-12.1,-0.27,1.0,9.24,52.91,-227.14,1
1367,92.93,-6.88,0.15,1.0,9.38,53.44,-196.15,1
1368,95.94,-12.15,-0.28,1.0,9.24,52.9,-227.46,1
1369,90.31,-2.29,0.53,1.0,9.51,53.91,-168.89,1
1370,90.77,-3.11,0.46,1.0,9.49,53.83,-173.73,1
1371,97.09,-14.16,-0.44,1.0,9.19,52.7,-239.37,1
1372,87.24,3.07,0.97,1.0,9.66,54.46,-137.04,1
1373,95.41,-11.21,-0.2,1.0,9.27,53.0,-221.86,1
1374,100.44,-20.01,-0.92,1.0,9.03,52.1,-274.14,1
1375,94.89,-10.31,-0.13,1.0,9.29,53.09,-216.54,1
1376,87.5,2.62,0.93,1.0,9.64,54.41,-139.73,1
1377,94.13,-8.97,-0.02,1.0,9.33,53.23,-208.56,1
1378,91.66,-4.66,0.33,1.0,9.44,53.67,-182.96,1
1379,87.95,1.84,0.86,1.0,9.62,54.33,-144.37,1
1380,88.31,1.21,0.81,1.0,9.6,54.27,-148.11,1
1381,97.83,-15.45,-0.55,1.0,9.15,52.57,-247.04,1
1382,96.54,-13.19,-0.36,1.0,9.21,52.8,-233.62,1
1383,89.71,-1.25,0.61,1.0,9.54,54.02,-162.7,1
1384,90.64,-2.87,0.48,1.0,9.49,53.85,-172.3,1
1385,91.81,-4.92,0.31,1.0,9.44,53.64,-184.5,1
1386,99.28,-17.99,-0.75,1.0,9.08,52.31,-262.12,1
1387,87.03,3.45,1.0,1.0,9.67,54.49,-134.81,1
1388,95.08,-10.64,-0.15,1.0,9.28,53.06,-218.47,1
1389,90.36,-2.38,0.52,1.0,9.51,53.9,-169.43,1
1390,87.95,1.83,0.86,1.0,9.62,54.33,-144.4,1
1391,98.29,-16.27,-0.61,1.0,9.13,52.48,-251.88,1
1392,94.22,-9.13,-0.03,1.0,9.32,53.21,-209.49,1
1393,93.63,-8.1,0.05,1.0,9.35,53.32,-203.4,1
1394,98.57,-16.76,-0.65,1.0,9.12,52.43,-254.79,1
1395,96.85,-13.74,-0.41,1.0,9.2,52.74,-236.89,1
1396,95.3,-11.03,-0.19,1.0,9.27,53.02,-220.77,1
1397,92.84,-6.72,0.17,1.0,9.39,53.46,-195.17,1
1398,92.27,-5.72,0.25,1.0,9.42,53.56,-189.25,1
1399,94.32,-9.3,-0.05,1.0,9.32,53.19,-210.52,1
1400,87.28,3.01,0.96,1.0,9.65,54.45,-137.44,1
1401,88.27,1.27,0.82,1.0,9.61,54.27,-147.72,1
1402,92.9,-6.83,0.16,1.0,9.39,53.45,-195.86,1
1403,99.57,-18.5,-0.8,1.0,9.07,52.25,-265.17,1
1404,98.88,-17.29,-0.7,1.0,9.1,52.38,-257.98,1
1405,94.8,-10.15,-0.11,1.0,9.3,53.11,-215.58,1
1406,98.44,-16.52,-0.63,1.0,9.12,52.46,-253.41,1
1407,95.04,-10.57,-0.15,1.0,9.28,53.06,-218.06,1
1408,94.64,-9.87,-0.09,1.0,9.3,53.14,-213.9,1
1409,91.04,-3.57,0.42,1.0,9.47,53.78,-176.49,1
1410,97.23,-14.4,-0.46,1.0,9.18,52.67,-240.78,1
1411,94.78,-10.11,-0.11,1.0,9.3,53.11,-215.31,1
1412,87.16,3.21,0.98,1.0,9.66,54.47,-136.21,1
1413,97.61,-15.06,-0.52,1.0,9.16,52.61,-244.75,1
1414,93.81,-8.41,0.03,1.0,9.34,53.28,-205.25,1
1415,91.22,-3.88,0.4,1.0,9.47,53.75,-178.32,1
1416,93.98,-8.71,0.0,1.0,9.33,53.25,-207.03,1
1417,95.05,-10.59,-0.15,1.0,9.28,53.06,-218.19,1
1418,100.59,-20.29,-0.94,1.0,9.02,52.07,-275.78,1
1419,93.46,-7.81,0.08,1.0,9.36,53.35,-201.68,1
1420,95.67,-11.68,-0.24,1.0,9.25,52.95,-224.65,1
1421,94.78,-10.12,-0.11,1.0,9.3,53.11,-215.39,1
1422,99.51,-18.39,-0.79,1.0,9.07,52.27,-264.51,1
1423,96.41,-12.96,-0.34,1.0,9.22,52.82,-232.27,1
1424,95.67,-11.67,-0.24,1.0,9.25,52.95,-224.56,1
1425,96.04,-12.32,-0.29,1.0,9.24,52.89,-228.43,1
1426,98.57,-16.76,-0.65,1.0,9.12,52.43,-254.8,1
1427,89.96,-1.68,0.58,1.0,9.53,53.97,-165.26,1
1428,87.34,2.9,0.95,1.0,9.65,54.44,-138.08,1
1429,87.42,2.76,0.94,1.0,9.65,54.42,-138.87,1
1430,91.15,-3.76,0.41,1.0,9.47,53.76,-177.62,1
1431,92.74,-6.55,0.18,1.0,9.39,53.47,-194.2,1
1432,93.02,-7.03,0.14,1.0,9.38,53.43,-197.02,1
1433,91.88,-5.04,0.3,1.0,9.43,53.63,-185.24,1
1434,92.9,-6.82,0.16,1.0,9.39,53.45,-195.77,1
1435,89.22,-0.39,0.68,1.0,9.56,54.1,-157.61,1
1436,100.07,-19.38,-0.87,1.0,9.04,52.17,-270.38,1
1437,96.42,-12.98,-0.35,1.0,9.22,52.82,-232.35,1
1438,94.52,-9.67,-0.07,1.0,9.31,53.16,-212.69,1
1439,88.92,0.14,0.73,1.0,9.58,54.16,-154.45,1
1440,87.42,2.76,0.94,1.0,9.65,54.42,-138.91,1
1441,92.91,-6.84,0.16,1.0,9.39,53.44,-195.93,1
1442,94.5,-9.63,-0.07,1.0,9.31,53.16,-212.45,1
1443,89.24,-0.42,0.68,1.0,9.56,54.1,-157.81,1
1444,89.66,-1.16,0.62,1.0,9.54,54.02,-162.19,1
1445,90.25,-2.18,0.54,1.0,9.51,53.92,-168.25,1
1446,98.09,-15.91,-0.58,1.0,9.14,52.52,-249.79,1
1447,97.78,-15.36,-0.54,1.0,9.15,52.58,-246.49,1
1448,96.33,-12.83,-0.33,1.0,9.22,52.83,-231.47,1
1449,94.7,-9.97,-0.1,1.0,9.3,53.13,-214.52,1
1450,100.8,-20.65,-0.97,1.0,9.01,52.04,-277.92,1
1451,91.63,-4.6,0.34,1.0,9.45,53.67,-182.6,1
1452,97.17,-14.29,-0.45,1.0,9.18,52.68,-240.16,1
1453,97.61,-15.07,-0.52,1.0,9.16,52.6,-244.81,1
1454,99.52,-18.41,-0.79,1.0,9.07,52.26,-264.62,1
1455,92.41,-5.97,0.23,1.0,9.41,53.53,-190.74,1
1456,87.17,3.19,0.98,1.0,9.66,54.47,-136.31,1
1457,92.68,-6.43,0.19,1.0,9.4,53.49,-193.49,1
1458,100.55,-20.22,-0.94,1.0,9.02,52.08,-275.34,1
1459,88.72,0.48,0.75,1.0,9.58,54.19,-152.42,1
1460,100.34,-19.85,-0.91,1.0,9.03,52.12,-273.16,1
1461,87.6,2.45,0.91,1.0,9.64,54.39,-140.71,1
1462,97.53,-14.92,-0.5,1.0,9.17,52.62,-243.91,1
1463,88.36,1.12,0.81,1.0,9.6,54.26,-148.63,1
1464,88.07,1.62,0.85,1.0,9.62,54.31,-145.65,1
1465,93.65,-8.14,0.05,1.0,9.35,53.31,-203.6,1
1466,95.6,-11.55,-0.23,1.0,9.26,52.96,-223.89,1
1467,94.46,-9.55,-0.07,1.0,9.31,53.17,-212.0,1
1468,91.56,-4.48,0.35,1.0,9.45,53.69,-181.87,1
1469,99.52,-18.41,-0.79,1.0,9.07,52.26,-264.61,1
1470,97.12,-14.21,-0.45,1.0,9.18,52.69,-239.67,1
1471,89.86,-1.5,0.59,1.0,9.53,53.99,-164.22,1
1472,98.34,-16.35,-0.62,1.0,9.13,52.47,-252.38,1
1473,87.61,2.44,0.91,1.0,9.64,54.39,-140.8,1
1474,90.06,-1.86,0.56,1.0,9.52,53.95,-166.33,1
1475,96.18,-12.56,-0.31,1.0,9.23,52.86,-229.88,1
1476,94.9,-10.33,-0.13,1.0,9.29,53.09,-216.62,1
1477,87.29,3.0,0.96,1.0,9.65,54.45,-137.47,1
1478,99.13,-17.73,-0.73,1.0,9.09,52.33,-260.6,1
1479,95.65,-11.64,-0.24,1.0,9.25,52.95,-224.43,1
1480,96.53,-13.19,-0.36,1.0,9.21,52.8,-233.59,1
1481,94.43,-9.5,-0.06,1.0,9.31,53.17,-211.72,1
1482,95.68,-11.68,-0.24,1.0,9.25,52.95,-224.66,1
1483,88.62,0.67,0.77,1.0,9.59,54.21,-151.29,1
1484,92.94,-6.9,0.15,1.0,9.38,53.44,-196.27,1
1485,89.92,-1.61,0.58,1.0,9.53,53.98,-164.85,1
1486,92.65,-6.38,0.19,1.0,9.4,53.49,-193.2,1
1487,94.58,-9.76,-0.08,1.0,9.31,53.15,-213.25,1
1488,99.84,-18.97,-0.83,1.0,9.06,52.21,-267.97,1
1489,94.27,-9.22,-0.04,1.0,9.32,53.2,-210.04,1
1490,99.29,-18.0,-0.76,1.0,9.08,52.31,-262.21,1
1491,89.16,-0.27,0.69,1.0,9.56,54.11,-156.92,1
1492,94.21,-9.12,-0.03,1.0,9.32,53.21,-209.42,1
1493,88.08,1.61,0.85,1.0,9.62,54.31,-145.72,1
1494,97.42,-14.74,-0.49,1.0,9.17,52.64,-242.84,1
1495,94.5,-9.62,-0.07,1.0,9.31,53.16,-212.44,1
1496,90.91,-3.35,0.44,1.0,9.48,53.8,-175.17,1
1497,91.77,-4.85,0.32,1.0,9.44,53.65,-184.08,1
1498,89.79,-1.38,0.6,1.0,9.53,54.0,-163.5,1
1499,89.02,-0.03,0.71,1.0,9.57,54.14,-155.47,1
1500,100.79,-20.63,-0.97,1.0,9.01,52.04,-277.78,1
1501,97.52,-14.92,-0.5,1.0,9.17,52.62,-243.87,1
1502,93.31,-7.54,0.1,1.0,9.37,53.37,-200.04,1
1503,97.01,-14.01,-0.43,1.0,9.19,52.71,-238.49,1
1504,95.11,-10.69,-0.16,1.0,9.28,53.05,-218.75,1
1505,93.53,-7.93,0.07,1.0,9.36,53.33,-202.36,1
1506,97.46,-14.8,-0.49,1.0,9.17,52.63,-243.16,1
1507,95.03,-10.56,-0.15,1.0,9.28,53.07,-217.98,1
1508,96.13,-12.48,-0.3,1.0,9.23,52.87,-229.39,1
1509,96.55,-13.21,-0.36,1.0,9.21,52.79,-233.74,1
1510,97.93,-15.62,-0.56,1.0,9.15,52.55,-248.06,1
1511,92.5,-6.12,0.21,1.0,9.4,53.52,-191.64,1
1512,93.16,-7.28,0.12,1.0,9.37,53.4,-198.52,1
1513,94.44,-9.52,-0.06,1.0,9.31,53.17,-211.82,1
1514,89.22,-0.39,0.68,1.0,9.56,54.1,-157.6,1
1515,99.97,-19.2,-0.85,1.0,9.05,52.18,-269.34,1
1516,88.82,0.32,0.74,1.0,9.58,54.18,-153.39,1
1517,91.09,-3.66,0.42,1.0,9.47,53.77,-177.0,1
1518,96.93,-13.88,-0.42,1.0,9.19,52.73,-237.69,1
1519,94.96,-10.42,-0.14,1.0,9.29,53.08,-217.2,1
1520,100.79,-20.64,-0.97,1.0,9.01,52.04,-277.86,1
1521,90.67,-2.93,0.48,1.0,9.49,53.84,-172.68,1
1522,96.36,-12.87,-0.34,1.0,9.22,52.83,-231.74,1
1523,100.82,-20.68,-0.97,1.0,9.01,52.03,-278.11,1
1524,96.54,-13.19,-0.36,1.0,9.21,52.8,-233.6,1
1525,100.13,-19.48,-0.88,1.0,9.04,52.16,-270.95,1
1526,94.16,-9.03,-0.02,1.0,9.33,53.22,-208.91,1
1527,94.97,-10.44,-0.14,1.0,9.29,53.08,-217.3,1
1528,93.49,-7.87,0.07,1.0,9.36,53.34,-202.0,1
1529,100.43,-20.0,-0.92,1.0,9.03,52.1,-274.09,1
1530,87.72,2.24,0.9,1.0,9.63,54.37,-141.97,1
1531,97.15,-14.27,-0.45,1.0,9.18,52.69,-240.04,1
1532,96.26,-12.7,-0.32,1.0,9.23,52.85,-230.72,1
1533,97.05,-14.09,-0.44,1.0,9.19,52.7,-238.98,1
1534,99.93,-19.13,-0.85,1.0,9.05,52.19,-268.92,1
1535,97.38,-14.66,-0.48,1.0,9.17,52.65,-242.34,1
1536,94.06,-8.85,-0.01,1.0,9.33,53.24,-207.83,1
1537,100.92,-20.86,-0.99,1.0,9.0,52.01,-279.14,1
1538,94.46,-9.55,-0.07,1.0,9.31,53.17,-211.99,1
1539,96.12,-12.46,-0.3,1.0,9.23,52.87,-229.28,1
1540,91.9,-5.08,0.3,1.0,9.43,53.62,-185.45,1
1541,99.72,-18.76,-0.82,1.0,9.06,52.23,-266.67,1
1542,92.93,-6.87,0.15,1.0,9.38,53.44,-196.08,1
1543,95.33,-11.07,-0.19,1.0,9.27,53.01,-221.05,1
1544,90.83,-3.21,0.45,1.0,9.48,53.82,-174.32,1
1545,87.7,2.27,0.9,1.0,9.63,54.37,-141.83,1
1546,88.22,1.37,0.83,1.0,9.61,54.28,-147.15,1
1547,94.34,-9.35,-0.05,1.0,9.32,53.19,-210.82,1
1548,99.26,-17.95,-0.75,1.0,9.08,52.31,-261.88,1
1549,94.53,-9.67,-0.08,1.0,9.31,53.16,-212.71,1
1550,100.07,-19.37,-0.87,1.0,9.04,52.17,-270.34,1
1551,87.85,2.01,0.88,1.0,9.63,54.35,-143.34,1
1552,97.26,-14.45,-0.47,1.0,9.18,52.67,-241.1,1
1553,93.73,-8.28,0.04,1.0,9.35,53.3,-204.43,1
1554,88.87,0.22,0.73,1.0,9.58,54.17,-153.97,1
1555,88.61,0.68,0.77,1.0,9.59,54.21,-151.25,1
1556,100.05,-19.34,-0.86,1.0,9.05,52.17,-270.15,1
1557,87.96,1.82,0.86,1.0,9.62,54.33,-144.49,1
1558,89.73,-1.28,0.61,1.0,9.54,54.01,-162.89,1
1559,94.73,-10.04,-0.1,1.0,9.3,53.12,-214.89,1
1560,98.28,-16.24,-0.61,1.0,9.13,52.49,-251.74,1
1561,89.9,-1.58,0.59,1.0,9.53,53.98,-164.66,1
1562,91.6,-4.54,0.34,1.0,9.45,53.68,-182.27,1
1563,90.64,-2.87,0.48,1.0,9.49,53.85,-172.33,1
1564,90.74,-3.04,0.47,1.0,9.49,53.83,-173.34,1
1565,89.27,-0.48,0.68,1.0,9.56,54.09,-158.14,1
1566,100.68,-20.44,-0.95,1.0,9.02,52.06,-276.66,1
1567,94.29,-9.25,-0.04,1.0,9.32,53.2,-210.24,1
1568,89.92,-1.6,0.58,1.0,9.53,53.98,-164.82,1
1569,97.08,-14.14,-0.44,1.0,9.19,52.7,-239.28,1
1570,89.75,-1.32,0.61,1.0,9.54,54.01,-163.1,1
1571,88.47,0.93,0.79,1.0,9.6,54.24,-149.76,1
1572,100.84,-20.72,-0.98,1.0,9.01,52.03,-278.34,1
1573,93.92,-8.62,0.01,1.0,9.34,53.26,-206.47,1
1574,94.28,-9.24,-0.04,1.0,9.32,53.2,-210.16,1
1575,92.13,-5.48,0.27,1.0,9.42,53.58,-187.84,1
1576,97.75,-15.31,-0.54,1.0,9.15,52.58,-246.18,1
1577,94.62,-9.84,-0.09,1.0,9.3,53.14,-213.7,1
1578,90.84,-3.23,0.45,1.0,9.48,53.81,-174.45,1
1579,97.57,-15.01,-0.51,1.0,9.16,52.61,-244.4,1
1580,87.46,2.69,0.93,1.0,9.64,54.42,-139.3,1
1581,94.96,-10.44,-0.14,1.0,9.29,53.08,-217.28,1
1582,99.35,-18.11,-0.76,1.0,9.08,52.29,-262.85,1
1583,96.32,-12.81,-0.33,1.0,9.22,52.84,-231.38,1
1584,87.45,2.72,0.94,1.0,9.65,54.42,-139.13,1
1585,97.49,-14.86,-0.5,1.0,9.17,52.63,-243.55,1
1586,90.26,-2.2,0.53,1.0,9.51,53.92,-168.37,1
1587,97.54,-14.94,-0.51,1.0,9.16,52.62,-244.01,1
1588,90.79,-3.13,0.46,1.0,9.49,53.82,-173.88,1
1589,93.64,-8.13,0.05,1.0,9.35,53.31,-203.54,1
1590,100.67,-20.42,-0.95,1.0,9.02,52.06,-276.55,1
1591,98.79,-17.14,-0.68,1.0,9.11,52.39,-257.06,1
1592,95.87,-12.03,-0.27,1.0,9.24,52.92,-226.73,1
1593,91.16,-3.78,0.41,1.0,9.47,53.76,-177.73,1
1594,95.48,-11.35,-0.21,1.0,9.26,52.99,-222.67,1
1595,97.06,-14.11,-0.44,1.0,9.19,52.7,-239.09,1
1596,96.81,-13.66,-0.4,1.0,9.2,52.75,-236.43,1
1597,99.11,-17.69,-0.73,1.0,9.09,52.34,-260.36,1
1598,87.18,3.18,0.97,1.0,9.66,54.47,-136.37,1
1599,92.84,-6.72,0.17,1.0,9.39,53.46,-195.18,1
1600,99.17,-17.81,-0.74,1.0,9.09,52.33,-261.03,1
1601,99.7,-18.73,-0.81,1.0,9.06,52.23,-266.49,1
1602,98.47,-16.57,-0.64,1.0,9.12,52.45,-253.72,1
1603,95.4,-11.21,-0.2,1.0,9.27,53.0,-221.83,1
1604,90.41,-2.46,0.51,1.0,9.5,53.89,-169.89,1
1605,93.51,-7.9,0.07,1.0,9.36,53.34,-202.21,1
1606,87.33,2.92,0.95,1.0,9.65,54.44,-137.94,1
1607,97.44,-14.77,-0.49,1.0,9.17,52.64,-243.01,1
1608,97.41,-14.71,-0.49,1.0,9.17,52.64,-242.65,1
1609,98.8,-17.15,-0.69,1.0,9.1,52.39,-257.13,1
1610,88.61,0.69,0.77,1.0,9.59,54.21,-151.18,1
1611,97.38,-14.67,-0.48,1.0,9.17,52.65,-242.42,1
1612,89.29,-0.51,0.67,1.0,9.56,54.09,-158.32,1
1613,97.1,-14.17,-0.44,1.0,9.19,52.7,-239.45,1
1614,99.63,-18.6,-0.8,1.0,9.07,52.24,-265.78,1
1615,98.1,-15.92,-0.59,1.0,9.14,52.52,-249.81,1
1616,95.62,-11.59,-0.23,1.0,9.26,52.96,-224.13,1
1617,91.61,-4.57,0.34,1.0,9.45,53.68,-182.44,1
1618,94.7,-9.98,-0.1,1.0,9.3,53.12,-214.53,1
1619,90.56,-2.73,0.49,1.0,9.5,53.86,-171.48,1
1620,97.51,-14.9,-0.5,1.0,9.17,52.62,-243.75,1
1621,94.16,-9.03,-0.02,1.0,9.33,53.22,-208.91,1
1622,100.46,-20.06,-0.92,1.0,9.03,52.1,-274.44,1
1623,90.92,-3.35,0.44,1.0,9.48,53.8,-175.21,1
1624,90.91,-3.35,0.44,1.0,9.48,53.8,-175.16,1
1625,100.51,-20.15,-0.93,1.0,9.02,52.09,-274.92,1
1626,90.1,-1.92,0.56,1.0,9.52,53.95,-166.7,1
1627,100.86,-20.75,-0.98,1.0,9.01,52.03,-278.53,1
1628,93.9,-8.57,0.01,1.0,9.34,53.27,-206.16,1
1629,90.57,-2.75,0.49,1.0,9.5,53.86,-171.63,1
1630,96.04,-12.32,-0.29,1.0,9.24,52.89,-228.44,1
1631,93.53,-7.93,0.07,1.0,9.36,53.33,-202.38,1
1632,89.02,-0.03,0.71,1.0,9.57,54.14,-155.45,1
1633,87.92,1.89,0.87,1.0,9.62,54.34,-144.04,1
1634,92.23,-5.66,0.25,1.0,9.42,53.57,-188.89,1
1635,87.09,3.35,0.99,1.0,9.66,54.48,-135.41,1
1636,94.38,-9.41,-0.05,1.0,9.32,53.18,-211.17,1
1637,94.66,-9.91,-0.09,1.0,9.3,53.13,-214.15,1
1638,90.65,-2.89,0.48,1.0,9.49,53.85,-172.42,1
1639,96.89,-13.8,-0.41,1.0,9.2,52.73,-237.24,1
1640,90.27,-2.23,0.53,1.0,9.51,53.92,-168.51,1
1641,90.26,-2.2,0.53,1.0,9.51,53.92,-168.35,1
1642,94.27,-9.23,-0.04,1.0,9.32,53.2,-210.1,1
1643,100.03,-19.31,-0.86,1.0,9.05,52.17,-269.94,1
1644,95.62,-11.58,-0.23,1.0,9.26,52.96,-224.06,1
1645,96.43,-12.99,-0.35,1.0,9.22,52.82,-232.46,1
1646,90.84,-3.23,0.45,1.0,9.48,53.81,-174.46,1
1647,97.4,-14.69,-0.49,1.0,9.17,52.64,-242.54,1
1648,90.2,-2.1,0.54,1.0,9.51,53.93,-167.78,1
1649,88.46,0.94,0.79,1.0,9.6,54.24,-149.69,1
1650,100.16,-19.52,-0.88,1.0,9.04,52.15,-271.22,1
1651,99.14,-17.75,-0.73,1.0,9.09,52.33,-260.67,1
1652,93.09,-7.16,0.13,1.0,9.38,53.41,-197.83,1
1653,93.71,-8.25,0.04,1.0,9.35,53.3,-204.26,1
1654,88.84,0.28,0.74,1.0,9.58,54.17,-153.61,1
1655,99.54,-18.45,-0.79,1.0,9.07,52.26,-264.86,1
1656,93.52,-7.92,0.07,1.0,9.36,53.33,-202.31,1
1657,89.89,-1.56,0.59,1.0,9.53,53.98,-164.55,1
1658,87.21,3.13,0.97,1.0,9.66,54.46,-136.71,1
1659,100.29,-19.76,-0.9,1.0,9.03,52.13,-272.63,1
1660,100.54,-20.19,-0.93,1.0,9.02,52.08,-275.19,1
1661,99.27,-17.97,-0.75,1.0,9.08,52.31,-262.0,1
1662,90.55,-2.7,0.49,1.0,9.5,53.87,-171.35,1
1663,90.97,-3.45,0.43,1.0,9.48,53.79,-175.77,1
1664,98.66,-16.9,-0.67,1.0,9.11,52.42,-255.67,1
1665,88.65,0.61,0.76,1.0,9.59,54.2,-151.69,1
1666,99.47,-18.33,-0.78,1.0,9.07,52.27,-264.14,1
1667,99.59,-18.54,-0.8,1.0,9.07,52.25,-265.38,1
1668,90.84,-3.22,0.45,1.0,9.48,53.81,-174.41,1
1669,91.56,-4.47,0.35,1.0,9.45,53.69,-181.85,1
1670,95.19,-10.82,-0.17,1.0,9.28,53.04,-219.57,1
1671,98.34,-16.34,-0.62,1.0,9.13,52.48,-252.32,1
1672,91.47,-4.32,0.36,1.0,9.45,53.7,-180.93,1
1673,100.19,-19.58,-0.88,1.0,9.04,52.15,-271.54,1
1674,89.06,-0.1,0.71,1.0,9.57,54.13,-155.9,1
1675,87.66,2.34,0.91,1.0,9.64,54.38,-141.39,1
1676,90.63,-2.85,0.48,1.0,9.49,53.85,-172.21,1
1677,98.54,-16.7,-0.65,1.0,9.12,52.44,-254.46,1
1678,89.89,-1.56,0.59,1.0,9.53,53.98,-164.58,1
1679,92.1,-5.43,0.27,1.0,9.42,53.59,-187.53,1
1680,90.07,-1.88,0.56,1.0,9.52,53.95,-166.43,1
1681,91.81,-4.91,0.31,1.0,9.44,53.64,-184.46,1
1682,95.65,-11.63,-0.24,1.0,9.25,52.96,-224.36,1
1683,88.5,0.87,0.79,1.0,9.6,54.23,-150.12,1
1684,92.22,-5.64,0.25,1.0,9.42,53.57,-188.76,1
1685,90.59,-2.79,0.49,1.0,9.5,53.86,-171.85,1
1686,96.75,-13.57,-0.39,1.0,9.2,52.76,-235.88,1
1687,93.6,-8.05,0.06,1.0,9.35,53.32,-203.11,1
1688,90.62,-2.83,0.48,1.0,9.49,53.85,-172.07,1
1689,93.1,-7.18,0.13,1.0,9.38,53.41,-197.93,1
1690,91.08,-3.64,0.42,1.0,9.47,53.77,-176.92,1
1691,87.02,3.46,1.0,1.0,9.67,54.5,-134.74,1
1692,94.04,-8.81,-0.01,1.0,9.33,53.24,-207.63,1
1693,98.17,-16.05,-0.6,1.0,9.13,52.51,-250.58,1
1694,90.18,-2.07,0.55,1.0,9.52,53.93,-167.58,1
1695,97.6,-15.04,-0.51,1.0,9.16,52.61,-244.62,1
1696,95.4,-11.2,-0.2,1.0,9.27,53.0,-221.8,1
1697,99.54,-18.44,-0.79,1.0,9.07,52.26,-264.82,1
1698,90.08,-1.89,0.56,1.0,9.52,53.95,-166.51,1
1699,93.67,-8.17,0.05,1.0,9.35,53.31,-203.83,1
1700,95.21,-10.87,-0.17,1.0,9.28,53.03,-219.84,1
1701,100.66,-20.4,-0.95,1.0,9.02,52.06,-276.43,1
1702,89.36,-0.63,0.66,1.0,9.55,54.08,-159.01,1
1703,93.91,-8.59,0.01,1.0,9.34,53.27,-206.3,1
1704,93.52,-7.91,0.07,1.0,9.36,53.34,-202.23,1
1705,89.49,-0.86,0.64,1.0,9.55,54.06,-160.38,1
1706,90.27,-2.23,0.53,1.0,9.51,53.92,-168.53,1
1707,89.92,-1.62,0.58,1.0,9.53,53.98,-164.88,1
1708,99.69,-18.7,-0.81,1.0,9.06,52.23,-266.37,1
1709,97.49,-14.86,-0.5,1.0,9.17,52.63,-243.56,1
1710,93.98,-8.71,0.0,1.0,9.33,53.25,-207.03,1
1711,97.1,-14.18,-0.44,1.0,9.19,52.7,-239.51,1
1712,92.09,-5.41,0.27,1.0,9.42,53.59,-187.41,1
1713,97.78,-15.37,-0.54,1.0,9.15,52.57,-246.58,1
1714,92.68,-6.44,0.19,1.0,9.4,53.49,-193.53,1
1715,99.13,-17.72,-0.73,1.0,9.09,52.33,-260.54,1
1716,100.75,-20.57,-0.96,1.0,9.01,52.04,-277.44,1
1717,87.05,3.41,0.99,1.0,9.66,54.49,-135.03,1
1718,88.42,1.02,0.8,1.0,9.6,54.25,-149.21,1
1719,97.59,-15.03,-0.51,1.0,9.16,52.61,-244.54,1
1720,97.92,-15.61,-0.56,1.0,9.15,52.55,-247.98,1
1721,93.15,-7.27,0.12,1.0,9.37,53.4,-198.46,1
1722,94.84,-10.23,-0.12,1.0,9.29,53.1,-216.03,1
1723,100.35,-19.87,-0.91,1.0,9.03,52.12,-273.29,1
1724,100.86,-20.76,-0.98,1.0,9.01,52.02,-278.57,1
1725,98.56,-16.73,-0.65,1.0,9.12,52.44,-254.67,1
1726,94.31,-9.29,-0.04,1.0,9.32,53.2,-210.45,1
1727,98.45,-16.54,-0.64,1.0,9.12,52.46,-253.51,1
1728,98.46,-16.55,-0.64,1.0,9.12,52.45,-253.55,1
1729,95.79,-11.89,-0.26,1.0,9.25,52.93,-225.9,1
1730,87.05,3.41,0.99,1.0,9.66,54.49,-135.01,1
1731,99.56,-18.48,-0.79,1.0,9.07,52.26,-265.03,1
1732,91.3,-4.02,0.39,1.0,9.46,53.73,-179.18,1
1733,91.75,-4.81,0.32,1.0,9.44,53.65,-183.86,1
1734,90.62,-2.83,0.48,1.0,9.49,53.85,-172.12,1
1735,88.63,0.66,0.77,1.0,9.59,54.21,-151.39,1
1736,96.61,-13.32,-0.37,1.0,9.21,52.78,-234.41,1
1737,92.69,-6.46,0.19,1.0,9.4,53.48,-193.67,1
1738,95.77,-11.84,-0.25,1.0,9.25,52.93,-225.6,1
1739,94.66,-9.9,-0.09,1.0,9.3,53.13,-214.08,1
1740,92.14,-5.49,0.27,1.0,9.42,53.58,-187.92,1
1741,88.94,0.1,0.72,1.0,9.57,54.15,-154.71,1
1742,90.58,-2.77,0.49,1.0,9.5,53.86,-171.71,1
1743,90.44,-2.51,0.51,1.0,9.5,53.89,-170.2,1
1744,97.04,-14.06,-0.43,1.0,9.19,52.71,-238.8,1
1745,98.9,-17.33,-0.7,1.0,9.1,52.37,-258.22,1
1746,98.55,-16.72,-0.65,1.0,9.12,52.44,-254.58,1
1747,94.15,-9.02,-0.02,1.0,9.33,53.22,-208.83,1
1748,87.15,3.23,0.98,1.0,9.66,54.47,-136.1,1
1749,91.94,-5.15,0.29,1.0,9.43,53.62,-185.89,1
1750,99.33,-18.08,-0.76,1.0,9.08,52.3,-262.69,1
1751,97.48,-14.83,-0.5,1.0,9.17,52.63,-243.38,1
1752,87.11,3.31,0.98,1.0,9.66,54.48,-135.62,1
1753,100.37,-19.9,-0.91,1.0,9.03,52.11,-273.5,1
1754,100.67,-20.43,-0.95,1.0,9.02,52.06,-276.62,1
1755,96.55,-13.21,-0.36,1.0,9.21,52.79,-233.74,1
1756,91.57,-4.5,0.35,1.0,9.45,53.68,-181.99,1
1757,88.09,1.59,0.84,1.0,9.61,54.31,-145.83,1
1758,88.96,0.07,0.72,1.0,9.57,54.15,-154.87,1
1759,100.68,-20.44,-0.95,1.0,9.02,52.06,-276.69,1
1760,98.32,-16.31,-0.62,1.0,9.13,52.48,-252.12,1
1761,93.88,-8.53,0.02,1.0,9.34,53.27,-205.97,1
1762,93.14,-7.24,0.12,1.0,9.37,53.4,-198.3,1
1763,87.64,2.39,0.91,1.0,9.64,54.39,-141.11,1
1764,94.96,-10.43,-0.14,1.0,9.29,53.08,-217.26,1
1765,100.59,-20.28,-0.94,1.0,9.02,52.07,-275.74,1
1766,91.1,-3.68,0.41,1.0,9.47,53.77,-177.14,1
1767,96.54,-13.2,-0.36,1.0,9.21,52.8,-233.65,1
1768,88.17,1.46,0.83,1.0,9.61,54.29,-146.62,1
1769,91.16,-3.77,0.41,1.0,9.47,53.76,-177.69,1
1770,97.68,-15.19,-0.53,1.0,9.16,52.59,-245.51,1
1771,95.66,-11.65,-0.24,1.0,9.25,52.95,-224.47,1
1772,94.54,-9.69,-0.08,1.0,9.31,53.15,-212.85,1
1773,96.47,-13.07,-0.35,1.0,9.22,52.81,-232.89,1
1774,99.5,-18.37,-0.79,1.0,9.07,52.27,-264.4,1
1775,93.88,-8.55,0.02,1.0,9.34,53.27,-206.04,1
1776,100.76,-20.58,-0.97,1.0,9.01,52.04,-277.52,1
1777,88.12,1.54,0.84,1.0,9.61,54.3,-146.15,1
1778,96.74,-13.55,-0.39,1.0,9.2,52.76,-235.75,1
1779,92.84,-6.72,0.17,1.0,9.39,53.46,-195.19,1
1780,89.44,-0.77,0.65,1.0,9.55,54.06,-159.86,1
1781,90.07,-1.86,0.56,1.0,9.52,53.95,-166.36,1
1782,98.32,-16.31,-0.62,1.0,9.13,52.48,-252.17,1
1783,90.08,-1.89,0.56,1.0,9.52,53.95,-166.53,1
1784,88.92,0.14,0.73,1.0,9.58,54.16,-154.48,1
1785,87.47,2.69,0.93,1.0,9.64,54.42,-139.33,1
1786,94.77,-10.1,-0.11,1.0,9.3,53.11,-215.25,1
1787,96.49,-13.11,-0.36,1.0,9.21,52.8,-233.15,1
1788,95.29,-11.0,-0.18,1.0,9.27,53.02,-220.61,1
1789,99.33,-18.07,-0.76,1.0,9.08,52.3,-262.62,1
1790,97.74,-15.3,-0.53,1.0,9.16,52.58,-246.15,1
1791,96.17,-12.54,-0.31,1.0,9.23,52.86,-229.77,1
1792,99.05,-17.58,-0.72,1.0,9.09,52.35,-259.7,1
1793,87.87,1.97,0.88,1.0,9.63,54.34,-143.57,1
1794,94.37,-9.4,-0.05,1.0,9.32,53.18,-211.1,1
1795,94.79,-10.14,-0.11,1.0,9.3,53.11,-215.49,1
1796,92.05,-5.34,0.28,1.0,9.43,53.6,-187.02,1
1797,99.48,-18.33,-0.78,1.0,9.07,52.27,-264.17,1
1798,99.66,-18.66,-0.81,1.0,9.06,52.24,-266.1,1
1799,92.36,-5.88,0.23,1.0,9.41,53.54,-190.22,1
1800,100.0,-19.24,-0.86,1.0,9.05,52.18,-269.57,1
1801,99.6,-18.54,-0.8,1.0,9.07,52.25,-265.42,1
1802,90.84,-3.22,0.45,1.0,9.48,53.81,-174.42,1
1803,99.62,-18.58,-0.8,1.0,9.07,52.25,-265.62,1
1804,99.01,-17.51,-0.72,1.0,9.09,52.36,-259.27,1
1805,93.3,-7.52,0.1,1.0,9.37,53.38,-199.94,1
1806,88.21,1.38,0.83,1.0,9.61,54.28,-147.11,1
1807,89.46,-0.8,0.65,1.0,9.55,54.06,-160.02,1
1808,89.83,-1.46,0.6,1.0,9.53,53.99,-163.96,1
1809,95.0,-10.5,-0.14,1.0,9.29,53.07,-217.62,1
1810,96.35,-12.86,-0.34,1.0,9.22,52.83,-231.63,1
1811,95.59,-11.54,-0.23,1.0,9.26,52.97,-223.81,1
1812,92.1,-5.43,0.27,1.0,9.42,53.59,-187.52,1
1813,93.18,-7.32,0.12,1.0,9.37,53.4,-198.74,1
1814,92.31,-5.79,0.24,1.0,9.41,53.55,-189.67,1
1815,90.31,-2.29,0.53,1.0,9.51,53.91,-168.87,1
1816,100.18,-19.56,-0.88,1.0,9.04,52.15,-271.43,1
1817,95.84,-11.97,-0.26,1.0,9.25,52.92,-226.39,1
1818,92.05,-5.33,0.28,1.0,9.43,53.6,-186.96,1
1819,90.37,-2.4,0.52,1.0,9.51,53.9,-169.56,1
1820,96.59,-13.28,-0.37,1.0,9.21,52.79,-234.17,1
1821,91.25,-3.93,0.39,1.0,9.46,53.74,-178.65,1
1822,96.5,-13.13,-0.36,1.0,9.21,52.8,-233.25,1
1823,98.98,-17.47,-0.71,1.0,9.1,52.36,-259.03,1
1824,100.73,-20.54,-0.96,1.0,9.01,52.05,-277.24,1
1825,94.79,-10.12,-0.11,1.0,9.3,53.11,-215.41,1
1826,87.35,2.89,0.95,1.0,9.65,54.44,-138.14,1
1827,90.32,-2.32,0.53,1.0,9.51,53.91,-169.05,1
1828,92.34,-5.84,0.24,1.0,9.41,53.55,-189.98,1
1829,97.95,-15.66,-0.56,1.0,9.15,52.55,-248.27,1
1830,98.7,-16.98,-0.67,1.0,9.11,52.41,-256.13,1
1831,88.07,1.62,0.85,1.0,9.62,54.31,-145.65,1
1832,97.15,-14.26,-0.45,1.0,9.18,52.69,-239.98,1
1833,90.73,-3.03,0.47,1.0,9.49,53.83,-173.27,1
1834,100.74,-20.55,-0.96,1.0,9.01,52.05,-277.35,1
1835,99.02,-17.54,-0.72,1.0,9.09,52.35,-259.46,1
1836,93.07,-7.13,0.13,1.0,9.38,53.42,-197.62,1
1837,91.81,-4.92,0.31,1.0,9.44,53.64,-184.5,1
1838,91.6,-4.55,0.34,1.0,9.45,53.68,-182.31,1
1839,94.1,-8.93,-0.01,1.0,9.33,53.23,-208.3,1
1840,88.08,1.62,0.85,1.0,9.62,54.31,-145.68,1
1841,98.14,-15.99,-0.59,1.0,9.14,52.51,-250.24,1
1842,91.17,-3.8,0.4,1.0,9.47,53.76,-177.83,1
1843,94.95,-10.41,-0.14,1.0,9.29,53.08,-217.11,1
1844,97.85,-15.49,-0.55,1.0,9.15,52.56,-247.26,1
1845,95.16,-10.77,-0.17,1.0,9.28,53.04,-219.27,1
1846,94.52,-9.67,-0.07,1.0,9.31,53.16,-212.7,1
1847,98.95,-17.41,-0.71,1.0,9.1,52.37,-258.68,1
1848,90.09,-1.91,0.56,1.0,9.52,53.95,-166.6,1
1849,95.9,-12.08,-0.27,1.0,9.24,52.91,-227.01,1
1850,92.52,-6.15,0.21,1.0,9.4,53.52,-191.83,1
1851,96.21,-12.62,-0.32,1.0,9.23,52.86,-230.22,1
1852,99.2,-17.84,-0.74,1.0,9.09,52.32,-261.24,1
1853,100.22,-19.63,-0.89,1.0,9.04,52.14,-271.86,1
1854,94.68,-9.94,-0.1,1.0,9.3,53.13,-214.33,1
1855,100.97,-20.95,-1.0,1.0,9.0,52.01,-279.69,1
1856,95.94,-12.15,-0.28,1.0,9.24,52.9,-227.43,1
1857,88.32,1.2,0.81,1.0,9.6,54.27,-148.17,1
1858,90.11,-1.94,0.56,1.0,9.52,53.94,-166.82,1
1859,98.73,-17.03,-0.68,1.0,9.11,52.4,-256.43,1
1860,100.46,-20.05,-0.92,1.0,9.03,52.1,-274.37,1
1861,96.91,-13.84,-0.42,1.0,9.19,52.73,-237.49,1
1862,95.36,-11.13,-0.19,1.0,9.27,53.01,-221.4,1
1863,90.14,-2.0,0.55,1.0,9.52,53.94,-167.18,1
1864,95.93,-12.12,-0.28,1.0,9.24,52.91,-227.26,1
1865,96.35,-12.86,-0.34,1.0,9.22,52.83,-231.63,1
1866,94.77,-10.11,-0.11,1.0,9.3,53.11,-215.3,1
1867,89.33,-0.57,0.67,1.0,9.56,54.08,-158.7,1
1868,89.06,-0.11,0.71,1.0,9.57,54.13,-155.94,1
1869,91.02,-3.53,0.43,1.0,9.48,53.78,-176.27,1
1870,94.0,-8.74,0.0,1.0,9.33,53.25,-207.21,1
1871,93.59,-8.04,0.06,1.0,9.35,53.32,-203.02,1
1872,96.57,-13.25,-0.37,1.0,9.21,52.79,-233.98,1
1873,97.6,-15.06,-0.51,1.0,9.16,52.61,-244.7,1
1874,94.19,-9.08,-0.03,1.0,9.32,53.22,-209.22,1
1875,93.56,-7.98,0.06,1.0,9.35,53.33,-202.67,1
1876,87.45,2.71,0.94,1.0,9.65,54.42,-139.18,1
1877,96.03,-12.31,-0.29,1.0,9.24,52.89,-228.36,1
1878,89.42,-0.73,0.65,1.0,9.55,54.07,-159.6,1
1879,95.06,-10.61,-0.15,1.0,9.28,53.06,-218.32,1
1880,99.34,-18.09,-0.76,1.0,9.08,52.3,-262.74,1
1881,99.41,-18.22,-0.77,1.0,9.08,52.28,-263.48,1
1882,94.1,-8.93,-0.01,1.0,9.33,53.23,-208.31,1
1883,91.69,-4.7,0.33,1.0,9.44,53.66,-183.2,1
1884,88.64,0.63,0.77,1.0,9.59,54.21,-151.52,1
1885,90.75,-3.06,0.46,1.0,9.49,53.83,-173.46,1
1886,94.22,-9.14,-0.03,1.0,9.32,53.21,-209.57,1
1887,90.86,-3.25,0.45,1.0,9.48,53.81,-174.57,1
1888,99.24,-17.91,-0.75,1.0,9.08,52.32,-261.66,1
1889,94.9,-10.32,-0.13,1.0,9.29,53.09,-216.6,1
1890,95.06,-10.61,-0.15,1.0,9.28,53.06,-218.28,1
1891,95.4,-11.2,-0.2,1.0,9.27,53.0,-221.78,1
1892,94.52,-9.67,-0.07,1.0,9.31,53.16,-212.69,1
1893,97.78,-15.36,-0.54,1.0,9.15,52.58,-246.5,1
1894,99.88,-19.03,-0.84,1.0,9.05,52.2,-268.33,1
1895,100.39,-19.93,-0.91,1.0,9.03,52.11,-273.66,1
1896,88.98,0.03,0.72,1.0,9.57,54.15,-155.1,1
1897,94.27,-9.23,-0.04,1.0,9.32,53.2,-210.08,1
1898,91.81,-4.91,0.31,1.0,9.44,53.64,-184.47,1
1899,94.51,-9.65,-0.07,1.0,9.31,53.16,-212.58,1
1900,93.4,-7.7,0.09,1.0,9.36,53.36,-201.01,1
1901,95.9,-12.07,-0.27,1.0,9.24,52.91,-226.95,1
1902,95.16,-10.78,-0.17,1.0,9.28,53.04,-219.28,1
1903,97.97,-15.71,-0.57,1.0,9.14,52.54,-248.56,1
1904,96.8,-13.65,-0.4,1.0,9.2,52.75,-236.34,1
1905,94.15,-9.02,-0.02,1.0,9.33,53.22,-208.84,1
1906,99.27,-17.97,-0.75,1.0,9.08,52.31,-261.99,1
1907,94.37,-9.39,-0.05,1.0,9.32,53.18,-211.07,1
1908,96.37,-12.89,-0.34,1.0,9.22,52.83,-231.84,1
1909,99.53,-18.43,-0.79,1.0,9.07,52.26,-264.76,1
1910,88.19,1.42,0.83,1.0,9.61,54.29,-146.88,1
1911,98.78,-17.11,-0.68,1.0,9.11,52.4,-256.91,1
1912,93.17,-7.29,0.12,1.0,9.37,53.4,-198.59,1
1913,90.51,-2.64,0.5,1.0,9.5,53.87,-170.94,1
1914,97.95,-15.67,-0.56,1.0,9.15,52.54,-248.33,1
1915,92.48,-6.1,0.22,1.0,9.41,53.52,-191.5,1
1916,91.7,-4.73,0.33,1.0,9.44,53.66,-183.4,1
1917,90.14,-2.0,0.55,1.0,9.52,53.94,-167.17,1
1918,100.27,-19.72,-0.9,1.0,9.03,52.13,-272.42,1
1919,93.69,-8.21,0.04,1.0,9.35,53.31,-204.04,1
1920,98.94,-17.39,-0.71,1.0,9.1,52.37,-258.57,1
1921,94.62,-9.83,-0.09,1.0,9.3,53.14,-213.67,1
1922,98.66,-16.91,-0.67,1.0,9.11,52.42,-255.71,1
1923,87.6,2.44,0.91,1.0,9.64,54.39,-140.78,1
1924,88.69,0.55,0.76,1.0,9.59,54.2,-152.04,1
1925,100.84,-20.72,-0.98,1.0,9.01,52.03,-278.36,1
1926,100.25,-19.69,-0.89,1.0,9.04,52.13,-272.23,1
1927,88.74,0.45,0.75,1.0,9.58,54.19,-152.6,1
1928,87.72,2.24,0.9,1.0,9.63,54.37,-141.97,1
1929,93.38,-7.66,0.09,1.0,9.36,53.36,-200.76,1
1930,95.97,-12.19,-0.28,1.0,9.24,52.9,-227.69,1
1931,96.59,-13.29,-0.37,1.0,9.21,52.79,-234.18,1
1932,87.29,3.0,0.96,1.0,9.65,54.45,-137.5,1
1933,100.11,-19.45,-0.87,1.0,9.04,52.16,-270.77,1
1934,95.42,-11.23,-0.2,1.0,9.27,53.0,-221.98,1
1935,88.92,0.13,0.73,1.0,9.58,54.16,-154.5,1
1936,100.3,-19.77,-0.9,1.0,9.03,52.13,-272.72,1
1937,100.73,-20.52,-0.96,1.0,9.01,52.05,-277.17,1
1938,99.26,-17.96,-0.75,1.0,9.08,52.31,-261.92,1
1939,87.89,1.94,0.87,1.0,9.62,54.34,-143.78,1
1940,89.78,-1.36,0.6,1.0,9.53,54.0,-163.39,1
1941,89.46,-0.8,0.65,1.0,9.55,54.06,-160.02,1
1942,90.33,-2.32,0.52,1.0,9.51,53.91,-169.06,1
1943,96.41,-12.97,-0.34,1.0,9.22,52.82,-232.34,1
1944,95.02,-10.53,-0.15,1.0,9.28,53.07,-217.83,1
1945,94.71,-10.0,-0.1,1.0,9.3,53.12,-214.65,1
1946,93.77,-8.34,0.03,1.0,9.34,53.29,-204.84,1
1947,93.82,-8.43,0.03,1.0,9.34,53.28,-205.34,1
1948,97.61,-15.07,-0.52,1.0,9.16,52.61,-244.77,1
1949,95.65,-11.64,-0.24,1.0,9.25,52.96,-224.4,1
1950,90.0,-1.74,0.57,1.0,9.52,53.97,-165.63,1
1951,94.93,-10.37,-0.13,1.0,9.29,53.08,-216.89,1
1952,94.66,-9.9,-0.09,1.0,9.3,53.13,-214.1,1
1953,95.59,-11.54,-0.23,1.0,9.26,52.97,-223.82,1
1954,95.5,-11.37,-0.21,1.0,9.26,52.98,-222.79,1
1955,91.31,-4.05,0.38,1.0,9.46,53.73,-179.32,1
1956,90.55,-2.71,0.49,1.0,9.5,53.87,-171.38,1
1957,90.37,-2.41,0.52,1.0,9.51,53.9,-169.57,1
1958,91.22,-3.89,0.4,1.0,9.47,53.75,-178.41,1
1959,95.58,-11.52,-0.23,1.0,9.26,52.97,-223.7,1
1960,99.9,-19.08,-0.84,1.0,9.05,52.2,-268.62,1
1961,94.47,-9.57,-0.07,1.0,9.31,53.17,-212.13,1
1962,99.17,-17.8,-0.74,1.0,9.09,52.33,-260.97,1
1963,95.03,-10.56,-0.15,1.0,9.28,53.07,-217.98,1
1964,93.27,-7.48,0.1,1.0,9.37,53.38,-199.68,1
1965,91.81,-4.91,0.31,1.0,9.44,53.64,-184.47,1
1966,91.76,-4.84,0.32,1.0,9.44,53.65,-184.02,1
1967,90.92,-3.35,0.44,1.0,9.48,53.8,-175.2,1
1968,95.89,-12.06,-0.27,1.0,9.24,52.91,-226.92,1
1969,100.76,-20.58,-0.97,1.0,9.01,52.04,-277.48,1
1970,93.68,-8.19,0.05,1.0,9.35,53.31,-203.95,1
1971,98.46,-16.56,-0.64,1.0,9.12,52.45,-253.65,1
1972,91.13,-3.73,0.41,1.0,9.47,53.76,-177.41,1
1973,97.3,-14.53,-0.47,1.0,9.18,52.66,-241.56,1
1974,98.41,-16.47,-0.63,1.0,9.12,52.46,-253.08,1
1975,92.44,-6.02,0.22,1.0,9.41,53.53,-191.03,1
1976,89.92,-1.61,0.58,1.0,9.53,53.98,-164.86,1
1977,100.69,-20.45,-0.96,1.0,9.01,52.06,-276.74,1
1978,88.52,0.84,0.78,1.0,9.59,54.23,-150.31,1
1979,90.5,-2.63,0.5,1.0,9.5,53.87,-170.91,1
1980,87.4,2.79,0.94,1.0,9.65,54.43,-138.71,1
1981,96.91,-13.84,-0.42,1.0,9.19,52.73,-237.47,1
1982,97.01,-14.02,-0.43,1.0,9.19,52.71,-238.54,1
1983,94.45,-9.54,-0.06,1.0,9.31,53.17,-211.92,1
1984,91.22,-3.89,0.4,1.0,9.47,53.75,-178.41,1
1985,93.42,-7.73,0.08,1.0,9.36,53.35,-201.18,1
1986,94.97,-10.45,-0.14,1.0,9.29,53.08,-217.37,1
1987,92.75,-6.56,0.18,1.0,9.39,53.47,-194.22,1
1988,92.12,-5.47,0.27,1.0,9.42,53.59,-187.75,1
1989,87.1,3.33,0.99,1.0,9.66,54.48,-135.53,1
1990,90.17,-2.05,0.55,1.0,9.52,53.93,-167.46,1
1991,92.66,-6.4,0.19,1.0,9.4,53.49,-193.28,1
1992,91.96,-5.18,0.29,1.0,9.43,53.61,-186.05,1
1993,99.62,-18.59,-0.8,1.0,9.07,52.25,-265.7,1
1994,93.98,-8.72,0.0,1.0,9.33,53.25,-207.06,1
1995,94.17,-9.05,-0.02,1.0,9.33,53.22,-209.01,1
1996,92.23,-5.66,0.25,1.0,9.42,53.57,-188.9,1
1997,96.04,-12.32,-0.29,1.0,9.24,52.89,-228.47,1
1998,87.71,2.26,0.9,1.0,9.63,54.37,-141.85,1
1999,95.02,-10.54,-0.15,1.0,9.28,53.07,-217.87,1
2000,90.7,-2.98,0.47,1.0,9.49,53.84,-172.96,1
2001,98.32,-16.31,-0.62,1.0,9.13,52.48,-252.12,1
2002,100.91,-20.85,-0.99,1.0,9.0,52.02,-279.11,1
2003,89.25,-0.44,0.68,1.0,9.56,54.1,-157.91,1
2004,98.71,-16.99,-0.67,1.0,9.11,52.41,-256.17,1
2005,93.87,-8.52,0.02,1.0,9.34,53.27,-205.9,1
2006,93.65,-8.13,0.05,1.0,9.35,53.31,-203.6,1
2007,94.02,-8.79,-0.0,1.0,9.33,53.25,-207.48,1
2008,93.15,-7.26,0.12,1.0,9.37,53.4,-198.41,1
2009,98.47,-16.58,-0.64,1.0,9.12,52.45,-253.72,1
2010,90.62,-2.83,0.48,1.0,9.49,53.85,-172.1,1
2011,97.26,-14.46,-0.47,1.0,9.18,52.67,-241.18,1
2012,100.88,-20.78,-0.98,1.0,9.01,52.02,-278.72,1
2013,89.62,-1.09,0.63,1.0,9.54,54.03,-161.77,1
2014,90.06,-1.85,0.56,1.0,9.52,53.95,-166.28,1
2015,98.55,-16.71,-0.65,1.0,9.12,52.44,-254.53,1
2016,92.02,-5.28,0.28,1.0,9.43,53.6,-186.66,1
2017,92.41,-5.97,0.23,1.0,9.41,53.53,-190.76,1
2018,92.05,-5.34,0.28,1.0,9.43,53.6,-187.0,1
2019,87.62,2.41,0.91,1.0,9.64,54.39,-140.97,1
2020,89.41,-0.71,0.66,1.0,9.55,54.07,-159.53,1
2021,98.83,-17.2,-0.69,1.0,9.1,52.39,-257.43,1
2022,91.98,-5.21,0.29,1.0,9.43,53.61,-186.24,1
2023,99.05,-17.58,-0.72,1.0,9.09,52.35,-259.71,1
2024,95.92,-12.11,-0.27,1.0,9.24,52.91,-227.18,1
2025,100.71,-20.49,-0.96,1.0,9.01,52.05,-276.97,1
2026,95.53,-11.43,-0.22,1.0,9.26,52.98,-223.19,1
2027,95.78,-11.87,-0.25,1.0,9.25,52.93,-225.79,1
2028,96.92,-13.86,-0.42,1.0,9.19,52.73,-237.57,1
2029,92.84,-6.72,0.17,1.0,9.39,53.46,-195.2,1
2030,98.84,-17.22,-0.69,1.0,9.1,52.39,-257.56,1
2031,89.54,-0.95,0.64,1.0,9.55,54.05,-160.95,1
2032,93.93,-8.63,0.01,1.0,9.34,53.26,-206.52,1
2033,100.18,-19.56,-0.88,1.0,9.04,52.15,-271.45,1
2034,92.79,-6.64,0.17,1.0,9.39,53.47,-194.71,1
2035,93.89,-8.56,0.02,1.0,9.34,53.27,-206.14,1
2036,98.9,-17.33,-0.7,1.0,9.1,52.37,-258.2,1
2037,91.24,-3.93,0.39,1.0,9.46,53.74,-178.6,1
2038,99.65,-18.63,-0.81,1.0,9.06,52.24,-265.93,1
2039,96.99,-13.98,-0.43,1.0,9.19,52.72,-238.32,1
2040,97.64,-15.12,-0.52,1.0,9.16,52.6,-245.05,1
2041,89.43,-0.75,0.65,1.0,9.55,54.07,-159.77,1
2042,100.73,-20.52,-0.96,1.0,9.01,52.05,-277.17,1
2043,93.8,-8.4,0.03,1.0,9.34,53.29,-205.18,1
2044,96.26,-12.7,-0.32,1.0,9.23,52.85,-230.69,1
2045,97.57,-15.0,-0.51,1.0,9.16,52.61,-244.37,1
2046,89.45,-0.78,0.65,1.0,9.55,54.06,-159.94,1
2047,90.49,-2.61,0.5,1.0,9.5,53.88,-170.78,1
2048,95.19,-10.83,-0.17,1.0,9.28,53.04,-219.57,1
2049,88.15,1.49,0.84,1.0,9.61,54.29,-146.46,1
2050,87.62,2.41,0.91,1.0,9.64,54.39,-140.98,1
2051,93.58,-8.02,0.06,1.0,9.35,53.32,-202.93,1
2052,88.42,1.01,0.8,1.0,9.6,54.25,-149.26,1
2053,87.05,3.41,0.99,1.0,9.66,54.49,-135.01,1
2054,100.89,-20.81,-0.98,1.0,9.01,52.02,-278.9,1
2055,95.01,-10.52,-0.14,1.0,9.29,53.07,-217.79,1
2056,90.15,-2.0,0.55,1.0,9.52,53.94,-167.19,1
2057,100.83,-20.7,-0.98,1.0,9.01,52.03,-278.22,1
2058,94.54,-9.69,-0.08,1.0,9.31,53.15,-212.85,1
2059,97.49,-14.86,-0.5,1.0,9.17,52.63,-243.56,1
2060,89.24,-0.42,0.68,1.0,9.56,54.1,-157.78,1
2061,99.23,-17.9,-0.75,1.0,9.08,52.32,-261.57,1
2062,94.95,-10.41,-0.14,1.0,9.29,53.08,-217.12,1
2063,93.14,-7.25,0.12,1.0,9.37,53.4,-198.35,1
2064,90.6,-2.81,0.49,1.0,9.5,53.86,-171.95,1
2065,95.25,-10.94,-0.18,1.0,9.27,53.03,-220.24,1
2066,97.78,-15.36,-0.54,1.0,9.15,52.58,-246.49,1
2067,97.75,-15.32,-0.54,1.0,9.15,52.58,-246.25,1
2068,93.11,-7.19,0.13,1.0,9.38,53.41,-198.01,1
2069,100.48,-20.09,-0.93,1.0,9.02,52.09,-274.6,1
2070,88.23,1.34,0.82,1.0,9.61,54.28,-147.33,1
2071,97.51,-14.89,-0.5,1.0,9.17,52.62,-243.73,1
2072,96.82,-13.69,-0.4,1.0,9.2,52.75,-236.6,1
2073,89.68,-1.2,0.62,1.0,9.54,54.02,-162.39,1
2074,89.74,-1.29,0.61,1.0,9.54,54.01,-162.93,1
2075,91.56,-4.47,0.35,1.0,9.45,53.69,-181.86,1
2076,97.08,-14.14,-0.44,1.0,9.19,52.7,-239.26,1
2077,95.12,-10.72,-0.16,1.0,9.28,53.05,-218.92,1
2078,95.99,-12.24,-0.28,1.0,9.24,52.89,-227.95,1
2079,90.5,-2.62,0.5,1.0,9.5,53.88,-170.87,1
2080,99.25,-17.94,-0.75,1.0,9.08,52.31,-261.85,1
2081,92.04,-5.32,0.28,1.0,9.43,53.6,-186.89,1
2082,88.94,0.11,0.72,1.0,9.57,54.15,-154.63,1
2083,95.82,-11.94,-0.26,1.0,9.25,52.92,-226.21,1
2084,100.65,-20.39,-0.95,1.0,9.02,52.06,-276.38,1
2085,96.1,-12.43,-0.3,1.0,9.23,52.87,-229.08,1
2086,91.5,-4.38,0.36,1.0,9.45,53.7,-181.28,1
2087,98.16,-16.03,-0.59,1.0,9.14,52.51,-250.48,1
2088,94.29,-9.27,-0.04,1.0,9.32,53.2,-210.31,1
2089,97.01,-14.02,-0.43,1.0,9.19,52.71,-238.56,1
2090,98.93,-17.38,-0.7,1.0,9.1,52.37,-258.51,1
2091,100.85,-20.74,-0.98,1.0,9.01,52.03,-278.47,1
2092,92.44,-6.01,0.22,1.0,9.41,53.53,-190.99,1
2093,90.11,-1.94,0.56,1.0,9.52,53.94,-166.81,1
2094,95.4,-11.2,-0.2,1.0,9.27,53.0,-221.77,1
2095,100.48,-20.09,-0.93,1.0,9.02,52.09,-274.6,1
2096,91.83,-4.95,0.31,1.0,9.44,53.64,-184.71,1
2097,89.65,-1.13,0.62,1.0,9.54,54.03,-162.01,1
2098,89.17,-0.3,0.69,1.0,9.56,54.11,-157.05,1
2099,92.95,-6.92,0.15,1.0,9.38,53.44,-196.38,1
2100,93.59,-8.04,0.06,1.0,9.35,53.32,-203.03,1
2101,91.22,-3.88,0.4,1.0,9.47,53.75,-178.34,1
2102,92.36,-5.89,0.23,1.0,9.41,53.54,-190.24,1
2103,91.5,-4.37,0.36,1.0,9.45,53.7,-181.24,1
2104,99.53,-18.43,-0.79,1.0,9.07,52.26,-264.76,1
2105,98.3,-16.28,-0.61,1.0,9.13,52.48,-251.96,1
2106,89.77,-1.35,0.6,1.0,9.53,54.0,-163.31,1
2107,87.57,2.5,0.92,1.0,9.64,54.4,-140.42,1
2108,100.65,-20.38,-0.95,1.0,9.02,52.06,-276.34,1
2109,99.09,-17.66,-0.73,1.0,9.09,52.34,-260.16,1
2110,100.58,-20.27,-0.94,1.0,9.02,52.07,-275.66,1
2111,88.61,0.68,0.77,1.0,9.59,54.21,-151.26,1
2112,88.55,0.79,0.78,1.0,9.59,54.22,-150.59,1
2113,99.78,-18.87,-0.83,1.0,9.06,52.22,-267.35,1
2114,100.8,-20.65,-0.97,1.0,9.01,52.04,-277.93,1
2115,95.55,-11.46,-0.22,1.0,9.26,52.97,-223.36,1
2116,88.16,1.47,0.83,1.0,9.61,54.29,-146.56,1
2117,100.8,-20.64,-0.97,1.0,9.01,52.04,-277.89,1
2118,94.91,-10.33,-0.13,1.0,9.29,53.09,-216.66,1
2119,89.68,-1.19,0.62,1.0,9.54,54.02,-162.37,1
2120,93.92,-8.6,0.01,1.0,9.34,53.27,-206.37,1
2121,90.38,-2.41,0.52,1.0,9.51,53.9,-169.62,1
2122,96.98,-13.96,-0.43,1.0,9.19,52.72,-238.17,1
2123,96.44,-13.02,-0.35,1.0,9.22,52.81,-232.61,1
2124,88.27,1.28,0.82,1.0,9.61,54.27,-147.69,1
2125,97.73,-15.27,-0.53,1.0,9.16,52.58,-245.96,1
2126,93.92,-8.62,0.01,1.0,9.34,53.26,-206.45,1
2127,93.77,-8.35,0.03,1.0,9.34,53.29,-204.87,1
2128,93.94,-8.65,0.01,1.0,9.34,53.26,-206.63,1
2129,99.79,-18.88,-0.83,1.0,9.06,52.22,-267.39,1
2130,98.04,-15.82,-0.58,1.0,9.14,52.53,-249.26,1
2131,93.87,-8.53,0.02,1.0,9.34,53.27,-205.92,1
2132,98.92,-17.36,-0.7,1.0,9.1,52.37,-258.36,1
2133,90.52,-2.66,0.5,1.0,9.5,53.87,-171.1,1
2134,99.84,-18.97,-0.83,1.0,9.06,52.21,-267.97,1
2135,94.64,-9.87,-0.09,1.0,9.3,53.14,-213.9,1
2136,88.9,0.17,0.73,1.0,9.58,54.16,-154.25,1
2137,88.5,0.88,0.79,1.0,9.6,54.23,-150.08,1
2138,98.85,-17.23,-0.69,1.0,9.1,52.38,-257.63,1
2139,97.61,-15.07,-0.52,1.0,9.16,52.61,-244.76,1
2140,91.14,-3.74,0.41,1.0,9.47,53.76,-177.51,1
2141,99.22,-17.89,-0.75,1.0,9.08,52.32,-261.51,1
2142,92.79,-6.64,0.17,1.0,9.39,53.47,-194.72,1
2143,89.82,-1.44,0.6,1.0,9.53,54.0,-163.84,1
2144,90.72,-3.01,0.47,1.0,9.49,53.84,-173.18,1
2145,92.75,-6.57,0.18,1.0,9.39,53.47,-194.28,1
2146,92.41,-5.96,0.23,1.0,9.41,53.53,-190.69,1
2147,98.18,-16.07,-0.6,1.0,9.13,52.5,-250.71,1
2148,93.79,-8.38,0.03,1.0,9.34,53.29,-205.04,1
2149,91.44,-4.27,0.37,1.0,9.46,53.71,-180.62,1
2150,98.0,-15.75,-0.57,1.0,9.14,52.54,-248.84,1
2151,100.38,-19.92,-0.91,1.0,9.03,52.11,-273.57,1
2152,95.18,-10.81,-0.17,1.0,9.28,53.04,-219.51,1
2153,95.28,-10.99,-0.18,1.0,9.27,53.02,-220.58,1
2154,95.43,-11.25,-0.2,1.0,9.27,52.99,-222.11,1
2155,96.74,-13.54,-0.39,1.0,9.2,52.76,-235.69,1
2156,98.62,-16.83,-0.66,1.0,9.11,52.43,-255.23,1
2157,99.02,-17.53,-0.72,1.0,9.09,52.35,-259.39,1
2158,88.66,0.59,0.76,1.0,9.59,54.2,-151.8,1
2159,92.45,-6.04,0.22,1.0,9.41,53.53,-191.13,1
2160,88.11,1.56,0.84,1.0,9.61,54.3,-146.04,1
2161,92.0,-5.25,0.29,1.0,9.43,53.61,-186.45,1
2162,95.64,-11.63,-0.23,1.0,9.26,52.96,-224.34,1
2163,88.47,0.92,0.79,1.0,9.6,54.24,-149.8,1
2164,90.16,-2.03,0.55,1.0,9.52,53.94,-167.37,1
2165,99.17,-17.8,-0.74,1.0,9.09,52.33,-260.97,1
2166,90.54,-2.69,0.49,1.0,9.5,53.87,-171.28,1
2167,90.85,-3.23,0.45,1.0,9.48,53.81,-174.47,1
2168,92.72,-6.51,0.18,1.0,9.39,53.48,-193.97,1
2169,99.58,-18.51,-0.8,1.0,9.07,52.25,-265.2,1
2170,88.7,0.53,0.76,1.0,9.59,54.2,-152.15,1
2171,100.15,-19.52,-0.88,1.0,9.04,52.15,-271.2,1
2172,97.05,-14.08,-0.44,1.0,9.19,52.71,-238.92,1
2173,90.51,-2.64,0.5,1.0,9.5,53.87,-170.95,1
2174,99.34,-18.09,-0.76,1.0,9.08,52.3,-262.71,1
2175,99.66,-18.66,-0.81,1.0,9.06,52.24,-266.12,1
2176,99.59,-18.54,-0.8,1.0,9.07,52.25,-265.4,1
2177,91.28,-3.99,0.39,1.0,9.46,53.74,-178.99,1
2178,88.25,1.31,0.82,1.0,9.61,54.28,-147.48,1
2179,100.94,-20.9,-0.99,1.0,9.0,52.01,-279.41,1
2180,88.89,0.19,0.73,1.0,9.58,54.16,-154.16,1
2181,97.97,-15.69,-0.57,1.0,9.14,52.54,-248.49,1
2182,94.36,-9.38,-0.05,1.0,9.32,53.19,-211.02,1
2183,99.37,-18.15,-0.77,1.0,9.08,52.29,-263.1,1
2184,88.95,0.09,0.72,1.0,9.57,54.15,-154.74,1
2185,92.48,-6.09,0.22,1.0,9.41,53.52,-191.48,1
2186,96.78,-13.61,-0.4,1.0,9.2,52.75,-236.12,1
2187,90.93,-3.37,0.44,1.0,9.48,53.8,-175.3,1
2188,96.92,-13.85,-0.42,1.0,9.19,52.73,-237.55,1
2189,96.17,-12.55,-0.31,1.0,9.23,52.86,-229.84,1
2190,99.32,-18.05,-0.76,1.0,9.08,52.3,-262.51,1
2191,87.08,3.36,0.99,1.0,9.66,54.49,-135.3,1
2192,92.96,-6.94,0.15,1.0,9.38,53.43,-196.48,1
2193,91.24,-3.93,0.39,1.0,9.46,53.74,-178.61,1
2194,89.48,-0.84,0.65,1.0,9.55,54.06,-160.3,1
2195,88.54,0.81,0.78,1.0,9.59,54.23,-150.48,1
2196,93.97,-8.69,0.0,1.0,9.33,53.26,-206.91,1
2197,99.52,-18.41,-0.79,1.0,9.07,52.26,-264.6,1
2198,94.56,-9.74,-0.08,1.0,9.31,53.15,-213.11,1
2199,100.34,-19.84,-0.91,1.0,9.03,52.12,-273.11,1
2200,100.16,-19.53,-0.88,1.0,9.04,52.15,-271.27,1
2201,93.68,-8.19,0.05,1.0,9.35,53.31,-203.9,1
2202,99.05,-17.59,-0.72,1.0,9.09,52.35,-259.77,1
2203,99.93,-19.13,-0.85,1.0,9.05,52.19,-268.91,1
2204,89.23,-0.4,0.68,1.0,9.56,54.1,-157.67,1
2205,93.93,-8.63,0.01,1.0,9.34,53.26,-206.56,1
2206,100.7,-20.47,-0.96,1.0,9.01,52.05,-276.86,1
2207,98.07,-15.88,-0.58,1.0,9.14,52.52,-249.59,1
2208,99.41,-18.21,-0.77,1.0,9.08,52.28,-263.44,1
2209,99.55,-18.46,-0.79,1.0,9.07,52.26,-264.93,1
2210,93.12,-7.21,0.13,1.0,9.38,53.41,-198.13,1
2211,92.75,-6.56,0.18,1.0,9.39,53.47,-194.25,1
2212,99.01,-17.53,-0.72,1.0,9.09,52.35,-259.37,1
2213,97.65,-15.14,-0.52,1.0,9.16,52.6,-245.18,1
2214,96.01,-12.27,-0.29,1.0,9.24,52.89,-228.15,1
2215,94.98,-10.46,-0.14,1.0,9.29,53.08,-217.43,1
2216,88.68,0.55,0.76,1.0,9.59,54.2,-152.0,1
2217,88.03,1.7,0.85,1.0,9.62,54.32,-145.18,1
2218,95.77,-11.86,-0.25,1.0,9.25,52.93,-225.69,1
2219,95.15,-10.77,-0.16,1.0,9.28,53.04,-219.23,1
2220,93.04,-7.08,0.14,1.0,9.38,53.42,-197.32,1
2221,93.42,-7.74,0.08,1.0,9.36,53.35,-201.26,1
2222,91.3,-4.02,0.39,1.0,9.46,53.73,-179.16,1
2223,87.61,2.44,0.91,1.0,9.64,54.39,-140.82,1
2224,91.83,-4.95,0.31,1.0,9.44,53.64,-184.7,1
2225,92.18,-5.57,0.26,1.0,9.42,53.57,-188.37,1
2226,89.86,-1.5,0.59,1.0,9.53,53.99,-164.21,1
2227,91.36,-4.14,0.38,1.0,9.46,53.72,-179.85,1
2228,90.83,-3.21,0.45,1.0,9.48,53.82,-174.35,1
2229,92.54,-6.2,0.21,1.0,9.4,53.51,-192.09,1
2230,92.24,-5.66,0.25,1.0,9.42,53.57,-188.91,1
2231,92.86,-6.76,0.16,1.0,9.39,53.45,-195.45,1
2232,99.42,-18.24,-0.77,1.0,9.08,52.28,-263.63,1
2233,100.6,-20.3,-0.94,1.0,9.02,52.07,-275.87,1
2234,89.92,-1.61,0.58,1.0,9.53,53.98,-164.82,1
2235,93.81,-8.42,0.03,1.0,9.34,53.28,-205.31,1
2236,99.4,-18.19,-0.77,1.0,9.08,52.29,-263.34,1
2237,88.19,1.42,0.83,1.0,9.61,54.29,-146.83,1
2238,93.15,-7.27,0.12,1.0,9.37,53.4,-198.45,1
2239,91.52,-4.41,0.35,1.0,9.45,53.69,-181.47,1
