feature,value,importance,min,max,rule,importance_ratio
ent,2.00841282054601,0.15068850630005623,0.0,6.08230385583814,1.596054196840603 < ent <= 3.4251727475658535,0.4143214899173721
la,13.0,-0.05871941170657448,0.0,9967.0,11.050688008423094 < la <= 21.47606011447573,0.16145036368530544
arexp,22.0,-0.05131337169905277,0.0,863.416666666674,-0.02556803069123248 < arexp <= 97.64182103961909,0.1410872875247787
nuc,85.2,0.04641456675085793,0.0,976.0,12.104132594966572 < nuc <= 255.46934596936424,0.12761791142711462
asexp,10.0,0.024242700669735166,0.0,1122.0,1.5309165943878895 < asexp <= 23.865449598761593,0.06665585921400696
