feature,value,importance,min,max,rule,importance_ratio
ld,2.0,0.06401473721379072,0.0,8658.0,-1.6019362703947877 < ld <= 3.6358532634641847,0.28368810431804276
la,445.0,0.046260904210353886,0.0,9967.0,229.98350223552893 < la <= 1199.5431080984263,0.2050101084636901
ndev,8.444444444444441,0.031400734507167676,0.0,85.0,4.096578965816638 < ndev <= 10.553100765399932,0.1391556887405841
asexp,208.0,0.030285538140698964,0.0,1122.0,23.865449598761593 < asexp <= 381.21797766874084,0.1342135776437393
nuc,118.222222222222,-0.029862625798014197,0.0,976.0,12.104132594966572 < nuc <= 255.46934596936424,0.13233939669711978
