feature,value,importance,min,max,rule,importance_ratio
ent,3.95788361042762,0.24899138482072308,0.0,6.08230385583814,ent > 3.4251727475658535,0.5711218406809273
la,1085.0,0.07816142082997513,0.0,9967.0,229.98350223552893 < la <= 1199.5431080984263,0.1792820846664759
ld,454.0,-0.029841399495195837,0.0,8658.0,35.06259046661786 < ld <= 6168.514134615445,0.06844845262603108
asexp,0.4589942991605539,0.025721356749746165,0.0,1122.0,-0.3302944893099209 < asexp <= 1.5309165943878895,0.05899814012562253
ndev,0.3823529411764711,0.025629623693858634,0.0,85.0,0.03136153644937778 < ndev <= 0.9878832845357923,0.05878772822013634
