feature,value,importance,min,max,rule,importance_ratio
ent,0.467153264542024,-0.10827588717831421,0.0,6.08230385583814,0.008277677113822879 < ent <= 0.9990502254233335,0.32438565504892675
la,555.0,0.08114376603076262,0.0,9967.0,229.98350223552893 < la <= 1199.5431080984263,0.24310005101761567
arexp,75.9999999999999,-0.06818635393745386,0.0,863.416666666674,-0.02556803069123248 < arexp <= 97.64182103961909,0.20428070980358518
ndev,17.8,-0.030343760438925338,0.0,85.0,10.553100765399932 < ndev <= 52.00237651581121,0.09090741127263562
ld,302.0,-0.020956585562771662,0.0,8658.0,35.06259046661786 < ld <= 6168.514134615445,0.06278420720001351
