feature,value,importance,min,max,rule,importance_ratio
la,2309.0,0.2866534457277533,0.0,9967.0,la > 1199.5431080984263,0.44627860704464944
ent,3.6330787948134704,0.21509992899844463,0.0,6.08230385583814,ent > 3.4251727475658535,0.33487996784800145
arexp,82.0833333333336,-0.0640817663763935,0.0,863.416666666674,-0.02556803069123248 < arexp <= 97.64182103961909,0.09976618757472937
age,32.113636363636395,-0.03866228647210035,0.0,1802.57575757576,11.310905131690312 < age <= 252.15332398535617,0.060191676078148806
ld,1720.0,-0.019846439136287107,0.0,8658.0,35.06259046661786 < ld <= 6168.514134615445,0.030898080398274807
