feature,value,importance,min,max,rule,importance_ratio
ent,0.783687769077269,-0.1260038112198532,0.0,6.08230385583814,0.008277677113822879 < ent <= 0.9990502254233335,0.41877874297285556
arexp,18.0,-0.0678846370757617,0.0,863.416666666674,-0.02556803069123248 < arexp <= 97.64182103961909,0.2256173262263734
la,144.0,-0.04913238211608521,0.0,9967.0,104.87903696289698 < la <= 229.98350223552893,0.1632934513856536
ndev,22.75,-0.028877538364274105,0.0,85.0,10.553100765399932 < ndev <= 52.00237651581121,0.09597566215866728
asexp,0.0005281341741324,0.011883300555548216,0.0,1122.0,-0.3302944893099209 < asexp <= 1.5309165943878895,0.03949462814531933
