feature,value,importance,min,max,rule,importance_ratio
ent,2.21240087451065,0.15681099619933933,0.0,6.08230385583814,1.596054196840603 < ent <= 3.4251727475658535,0.4722425296396303
la,830.0,0.07554124303592606,0.0,9967.0,229.98350223552893 < la <= 1199.5431080984263,0.2274954471818994
ld,139.0,-0.03395963018276481,0.0,8658.0,35.06259046661786 < ld <= 6168.514134615445,0.1022707721513905
asexp,0.4399988638917371,0.031424521999264404,0.0,1122.0,-0.3302944893099209 < asexp <= 1.5309165943878895,0.09463619338776548
arexp,118.0,-0.026305157153283548,0.0,863.416666666674,97.64182103961909 < arexp <= 214.01147610211652,0.07921902326826094
