feature,value,importance,min,max,rule,importance_ratio
ent,1.67213978715076,0.15074399729157345,0.0,6.08230385583814,1.596054196840603 < ent <= 3.4251727475658535,0.3916488381219059
la,454.0,0.06860036415474041,0.0,9967.0,229.98350223552893 < la <= 1199.5431080984263,0.17823099691310623
arexp,66.8333333333333,-0.06454038161614759,0.0,863.416666666674,-0.02556803069123248 < arexp <= 97.64182103961909,0.16768273315067256
ndev,11.0,-0.04159010972854464,0.0,85.0,10.553100765399932 < ndev <= 52.00237651581121,0.10805550101634208
age,10.4,0.03321785009040115,0.0,1802.57575757576,2.1794390140157773 < age <= 11.310905131690312,0.08630348555537805
