feature,value,importance,min,max,rule,importance_ratio
ent,4.20078358171917,0.23679225259923603,0.0,6.08230385583814,ent > 3.4251727475658535,0.5100281902761912
la,403.0,0.07702761223039878,0.0,9967.0,229.98350223552893 < la <= 1199.5431080984263,0.16591021554095073
ndev,3.17647058823529,0.046701543537108633,0.0,85.0,0.9878832845357923 < ndev <= 3.937158674468902,0.10059072233942301
arexp,8.0,-0.031116505290872176,0.0,863.416666666674,-0.02556803069123248 < arexp <= 97.64182103961909,0.06702201912020776
ld,145.0,-0.030973316445720583,0.0,8658.0,35.06259046661786 < ld <= 6168.514134615445,0.06671360384581107
