feature,value,importance,min,max,rule,importance_ratio
ent,3.6580290444502,0.2846809755913288,0.0,6.08230385583814,ent > 3.4251727475658535,0.4819184482110168
age,26.3333333333333,-0.06899555841428723,0.0,1802.57575757576,11.310905131690312 < age <= 252.15332398535617,0.11679822431196785
asexp,0.0873819539169745,0.06187916406128152,0.0,1122.0,-0.3302944893099209 < asexp <= 1.5309165943878895,0.1047513296561712
ld,40,-0.059214132205861796,0.0,8658.0,35.06259046661786 < ld <= 6168.514134615445,0.10023986550395997
arexp,21.0,-0.05821323118081479,0.0,863.416666666674,-0.02556803069123248 < arexp <= 97.64182103961909,0.09854550335769591
