feature,value,importance,min,max,rule,importance_ratio
ent,4.06224556078866,0.22415585331737609,0.0,6.08230385583814,ent > 3.4251727475658535,0.5232988873407574
la,415.0,0.06952731078819653,0.0,9967.0,229.98350223552893 < la <= 1199.5431080984263,0.16231369307025767
ndev,2.4,-0.04115233791050397,0.0,85.0,0.9878832845357923 < ndev <= 3.937158674468902,0.09607142673872907
age,13.542857142857098,0.027047081820127137,0.0,1802.57575757576,11.310905131690312 < age <= 252.15332398535617,0.06314226290690306
ld,93.0,0.026189507758041672,0.0,8658.0,35.06259046661786 < ld <= 6168.514134615445,0.061140229295645
