feature,value,importance,min,max,rule,importance_ratio
ent,1.8057970548519704,0.13615615904708575,0.0,6.08230385583814,1.596054196840603 < ent <= 3.4251727475658535,0.49656529663444576
la,206.0,-0.04676488493143092,0.0,9967.0,104.87903696289698 < la <= 229.98350223552893,0.17055283521930953
ld,119.0,-0.042738660004844234,0.0,8658.0,35.06259046661786 < ld <= 6168.514134615445,0.15586908099930308
ndev,8.09090909090909,0.013837300368324982,0.0,85.0,4.096578965816638 < ndev <= 10.553100765399932,0.05046501906418377
nuc,122.454545454545,0.012380481498994074,0.0,976.0,12.104132594966572 < nuc <= 255.46934596936424,0.04515196015407019
