feature,value,importance,min,max,rule,importance_ratio
ent,2.47964727005367,0.13713354752607052,0.0,6.08230385583814,1.596054196840603 < ent <= 3.4251727475658535,0.4537208469134027
la,59.0,-0.04729444242636222,0.0,9967.0,42.326804326581055 < la <= 104.87903696289698,0.1564786652070439
ndev,8.428571428571429,0.0380327876345717,0.0,85.0,4.096578965816638 < ndev <= 10.553100765399932,0.1258355007023709
ld,32.0,0.03628460623660662,0.0,8658.0,14.111432331182087 < ld <= 35.06259046661786,0.12005145763812962
asexp,0.152319920297676,0.013892883199664877,0.0,1122.0,-0.3302944893099209 < asexp <= 1.5309165943878895,0.045966073547558245
