feature,value,importance,min,max,rule,importance_ratio
ent,1.9536277014624093,0.16943844724771345,0.0,6.08230385583814,1.596054196840603 < ent <= 3.4251727475658535,0.4211322826069951
la,1059.0,0.07604000398434825,0.0,9967.0,229.98350223552893 < la <= 1199.5431080984263,0.18899429832803621
arexp,70.5,-0.06589267254282012,0.0,863.416666666674,-0.02556803069123248 < arexp <= 97.64182103961909,0.16377352393028133
nuc,0.0,-0.04565963500158427,0.0,976.0,nuc <= 1.2071827423816117,0.1134851423839339
ld,0.0,0.015198981786244304,0.0,8658.0,ld <= -1.6019362703947877,0.03777644328613018
