feature,value,importance,min,max,rule,importance_ratio
ent,1.65525847572371,0.163901072875519,0.0,6.08230385583814,1.596054196840603 < ent <= 3.4251727475658535,0.4129978121656313
ndev,17.0,-0.07181506488411682,0.0,85.0,10.553100765399932 < ndev <= 52.00237651581121,0.1809595517425266
ld,11,0.06814141545355949,0.0,8658.0,3.6358532634641847 < ld <= 14.111432331182087,0.1717026924013068
age,2.5,0.028849490113836376,0.0,1802.57575757576,2.1794390140157773 < age <= 11.310905131690312,0.07269492560404146
asexp,0.5,0.026769284145599353,0.0,1122.0,-0.3302944893099209 < asexp <= 1.5309165943878895,0.06745322401744923
