feature,value,importance,min,max,rule,importance_ratio
ent,1.95350123377252,0.18728747992284175,0.0,6.08230385583814,1.596054196840603 < ent <= 3.4251727475658535,0.4902023221561538
la,41,-0.0764303908504046,0.0,9967.0,21.47606011447573 < la <= 42.326804326581055,0.20004730211333976
ld,37,-0.03914443349558554,0.0,8658.0,35.06259046661786 < ld <= 6168.514134615445,0.10245581929410588
arexp,5.0,-0.03719042168423613,0.0,863.416666666674,-0.02556803069123248 < arexp <= 97.64182103961909,0.09734142975862466
ndev,6.375,0.019200805230541323,0.0,85.0,4.096578965816638 < ndev <= 10.553100765399932,0.05025578493104306
