feature,value,importance,min,max,rule,importance_ratio
ent,1.7520671128356695,0.16096399198698338,0.0,6.08230385583814,1.596054196840603 < ent <= 3.4251727475658535,0.4205877708875481
ld,96.0,-0.07111461407614345,0.0,8658.0,35.06259046661786 < ld <= 6168.514134615445,0.18581756480189768
arexp,29.5,-0.06164017469745388,0.0,863.416666666674,-0.02556803069123248 < arexp <= 97.64182103961909,0.16106151042288794
la,148.0,-0.053816299491878127,0.0,9967.0,104.87903696289698 < la <= 229.98350223552893,0.1406182659941491
nuc,25.88888888888889,-0.02234854703710401,0.0,976.0,12.104132594966572 < nuc <= 255.46934596936424,0.058395206684928654
