feature,value,importance,min,max,rule,importance_ratio
la,1440.0,0.2908445806975767,0.0,9967.0,la > 1199.5431080984263,0.536242147257982
arexp,60.16666666666679,-0.07250199418057719,0.0,863.416666666674,-0.02556803069123248 < arexp <= 97.64182103961909,0.13367491650224295
ld,1.0,-0.05325562553916442,0.0,8658.0,-1.6019362703947877 < ld <= 3.6358532634641847,0.0981895929578395
ent,1.34804418764432,-0.04725959800022806,0.0,6.08230385583814,1.0371568618967764 < ent <= 1.596054196840603,0.08713446972059219
asexp,0.0539245456454391,0.024718399311472433,0.0,1122.0,-0.3302944893099209 < asexp <= 1.5309165943878895,0.04557433214596129
