feature,value,importance,min,max,rule,importance_ratio
ent,3.554255916766,0.1980877207599522,0.0,6.08230385583814,ent > 3.4251727475658535,0.4443992158775719
ld,119.0,-0.0662324731467523,0.0,8658.0,35.06259046661786 < ld <= 6168.514134615445,0.1485890140950106
arexp,84.0,-0.05514887565896481,0.0,863.416666666674,-0.02556803069123248 < arexp <= 97.64182103961909,0.12372355542963333
age,43.842105263157904,-0.038835773949323714,0.0,1802.57575757576,11.310905131690312 < age <= 252.15332398535617,0.0871259835029981
nuc,20.6842105263158,-0.028923391452990617,0.0,976.0,12.104132594966572 < nuc <= 255.46934596936424,0.0648880830821681
