feature,value,importance,min,max,rule,importance_ratio
ent,0.982474086838641,-0.12006955100125664,0.0,6.08230385583814,0.008277677113822879 < ent <= 0.9990502254233335,0.427206562883374
la,33.0,-0.08283036308675194,0.0,9967.0,21.47606011447573 < la <= 42.326804326581055,0.29470981128515134
asexp,0.909782448125224,0.025429703119013547,0.0,1122.0,1.5309165943878895 < asexp <= 1.5309165943878895,0.09047869317429774
ld,12.0,0.018874124080534176,0.0,8658.0,3.6358532634641847 < ld <= 14.111432331182087,0.0671539920707702
ndev,5.5,-0.014542159487158672,0.0,85.0,4.096578965816638 < ndev <= 10.553100765399932,0.05174089450326907
