feature,value,importance,min,max,rule,importance_ratio
la,3106.0,0.2968898703041527,0.0,9967.0,la > 1199.5431080984263,0.5020650309757023
ent,2.27234123119594,0.1535105840224697,0.0,6.08230385583814,1.596054196840603 < ent <= 3.4251727475658535,0.25959894166608544
arexp,49.0,-0.0703394225377225,0.0,863.416666666674,-0.02556803069123248 < arexp <= 97.64182103961909,0.11894971128195041
ld,57.0,-0.0255719212971325,0.0,8658.0,35.06259046661786 < ld <= 6168.514134615445,0.04324420851745534
ndev,1.0,0.020800865848315746,0.0,85.0,0.9878832845357923 < ndev <= 0.9878832845357923,0.035175963887744674
