feature,value,importance,min,max,rule,importance_ratio
la,4939.0,0.21653001387992324,0.0,9967.0,la > 1199.5431080984263,0.35550567917696235
ent,4.22266085733392,0.20746160798193242,0.0,6.08230385583814,ent > 3.4251727475658535,0.34061688967360326
arexp,30.0,-0.07402889094433733,0.0,863.416666666674,-0.02556803069123248 < arexp <= 97.64182103961909,0.12154292461496079
ndev,1.7391304347826102,0.04183908626218496,0.0,85.0,0.9878832845357923 < ndev <= 3.937158674468902,0.0686927068966521
asexp,0.579919489016072,-0.02612571004578325,0.0,1122.0,-0.3302944893099209 < asexp <= 1.5309165943878895,0.04289399943860501
