feature,value,importance,min,max,rule,importance_ratio
la,68.0,-0.07302928937261667,0.0,9967.0,42.326804326581055 < la <= 104.87903696289698,0.41262788884492246
ndev,12.5,-0.02975997350994244,0.0,85.0,10.553100765399932 < ndev <= 52.00237651581121,0.16814890500759608
arexp,120.0,-0.01941364907661343,0.0,863.416666666674,97.64182103961909 < arexp <= 214.01147610211652,0.109690414655231
ent,1.42198498830798,-0.018281372007993197,0.0,6.08230385583814,1.0371568618967764 < ent <= 1.596054196840603,0.10329285690236219
age,19.0,-0.01258817278938648,0.0,1802.57575757576,11.310905131690312 < age <= 252.15332398535617,0.07112531433788385
