feature,value,importance,min,max,rule,importance_ratio
ent,1.993988380992629,0.12918355479863086,0.0,6.08230385583814,1.596054196840603 < ent <= 3.4251727475658535,0.37812491943869647
arexp,30.5,-0.07941405443263047,0.0,863.416666666674,-0.02556803069123248 < arexp <= 97.64182103961909,0.23244779864934406
la,208.0,-0.054177023313530866,0.0,9967.0,104.87903696289698 < la <= 229.98350223552893,0.15857809926186017
ld,40.0,-0.030926154346060136,0.0,8658.0,35.06259046661786 < ld <= 6168.514134615445,0.09052196805453304
ndev,1.8333333333333304,0.023940670689477996,0.0,85.0,0.9878832845357923 < ndev <= 3.937158674468902,0.07007520570151683
