feature,value,importance,min,max,rule,importance_ratio
la,5664.0,0.27166412984201965,0.0,9967.0,la > 1199.5431080984263,0.422663116842673
ent,3.71706158431688,0.23701214268977666,0.0,6.08230385583814,ent > 3.4251727475658535,0.36875052667820624
ld,724.0,-0.05667479067226221,0.0,8658.0,35.06259046661786 < ld <= 6168.514134615445,0.08817632156985362
arexp,83.8333333333332,-0.03937600787926816,0.0,863.416666666674,-0.02556803069123248 < arexp <= 97.64182103961909,0.061262361831690405
asexp,124.0,-0.020853543711124755,0.0,1122.0,23.865449598761593 < asexp <= 381.21797766874084,0.032444562288309886
