feature,value,importance,min,max,rule,importance_ratio
ent,2.35536068056318,0.1550944670777413,0.0,6.08230385583814,1.596054196840603 < ent <= 3.4251727475658535,0.4588739363026277
la,1179.0,0.06297569067931731,0.0,9967.0,229.98350223552893 < la <= 1199.5431080984263,0.18632452606391126
ndev,10.6363636363636,-0.0379207159285891,0.0,85.0,10.553100765399932 < ndev <= 52.00237651581121,0.11219502870365612
age,0.272727272727273,0.033845743095313824,0.0,1802.57575757576,-0.10342751540286343 < age <= -0.10342751540286343,0.10013851334521971
asexp,0.4124385330698211,0.02021238197555348,0.0,1122.0,-0.3302944893099209 < asexp <= 1.5309165943878895,0.059801844991191296
