feature,value,importance,min,max,rule,importance_ratio
arexp,34.0,-0.06935789598049776,0.0,863.416666666674,-0.02556803069123248 < arexp <= 97.64182103961909,0.32170054011995436
la,102.0,-0.048485915897400284,0.0,9967.0,42.326804326581055 < la <= 104.87903696289698,0.22489069358145217
ld,81.0,-0.03943487313324239,0.0,8658.0,35.06259046661786 < ld <= 6168.514134615445,0.18290952756255902
age,1.0,0.030835186953741545,0.0,1802.57575757576,-0.10342751540286343 < age <= 2.1794390140157773,0.14302187454630505
ent,1.14520104842206,-0.011021198255959408,0.0,6.08230385583814,1.0371568618967764 < ent <= 1.596054196840603,0.0511192760620677
