feature,value,importance,min,max,rule,importance_ratio
ndev,15.25,-0.09177297446211985,0.0,85.0,10.553100765399932 < ndev <= 52.00237651581121,0.27167962681426916
asexp,0.0539245456454391,0.08167183237858054,0.0,1122.0,-0.3302944893099209 < asexp <= 1.5309165943878895,0.241776765675268
arexp,60.16666666666679,-0.07864043730363741,0.0,863.416666666674,-0.02556803069123248 < arexp <= 97.64182103961909,0.23280279171927404
age,3.75,0.03949598627369506,0.0,1802.57575757576,2.1794390140157773 < age <= 11.310905131690312,0.11692172858500935
ld,9.0,-0.030712990507252718,0.0,8658.0,3.6358532634641847 < ld <= 14.111432331182087,0.09092103474105781
