feature,value,importance,min,max,rule,importance_ratio
ent,0.997920504545018,-0.14259364837412847,0.0,6.08230385583814,0.008277677113822879 < ent <= 0.9990502254233335,0.380152751847468
arexp,90.95000000000022,-0.07431864604142692,0.0,863.416666666674,-0.02556803069123248 < arexp <= 97.64182103961909,0.1981325124110673
ndev,10.6666666666667,-0.06065819598404252,0.0,85.0,10.553100765399932 < ndev <= 52.00237651581121,0.1617139359877728
la,649,0.0456055641607842,0.0,9967.0,229.98350223552893 < la <= 1199.5431080984263,0.12158382167058666
age,8.0,0.025478337586484046,0.0,1802.57575757576,2.1794390140157773 < age <= 11.310905131690312,0.06792490588772962
