feature,value,importance,min,max,rule,importance_ratio
la,5753.0,0.27727126301457944,0.0,9967.0,la > 1199.5431080984263,0.4654903634867109
ent,3.8083001521180897,0.20524626691730516,0.0,6.08230385583814,ent > 3.4251727475658535,0.34457288632397215
arexp,190.500000000002,0.03712752172143779,0.0,863.416666666674,97.64182103961909 < arexp <= 214.01147610211652,0.06233066994960846
ld,3536.0,-0.02408924106940371,0.0,8658.0,35.06259046661786 < ld <= 6168.514134615445,0.040441657961958075
ndev,1.55714285714286,0.021766320697219923,0.0,85.0,0.9878832845357923 < ndev <= 3.937158674468902,0.03654187752080337
