feature,value,importance,min,max,rule,importance_ratio
ent,3.3260383459170897,0.15439492290353932,0.0,6.08230385583814,1.596054196840603 < ent <= 3.4251727475658535,0.514446674250828
la,382.0,0.06145751370660184,0.0,9967.0,229.98350223552893 < la <= 1199.5431080984263,0.20477754669328715
ld,153.0,-0.03741336420746786,0.0,8658.0,35.06259046661786 < ld <= 6168.514134615445,0.1246620058944023
asexp,133.0,-0.017207001516070578,0.0,1122.0,23.865449598761593 < asexp <= 381.21797766874084,0.05733404011802866
arexp,207.5,-0.012407867208479873,0.0,863.416666666674,97.64182103961909 < arexp <= 214.01147610211652,0.041343237846858304
