feature,value,importance,min,max,rule,importance_ratio
ent,3.3260383459170897,0.1612157734472099,0.0,6.08230385583814,1.596054196840603 < ent <= 3.4251727475658535,0.5526976029719192
la,382,0.048521371244482525,0.0,9967.0,229.98350223552893 < la <= 1199.5431080984263,0.16634628861869735
ld,153,-0.03512303804530192,0.0,8658.0,35.06259046661786 < ld <= 6168.514134615445,0.12041265269298534
asexp,133.0,-0.01638149180984364,0.0,1122.0,23.865449598761593 < asexp <= 381.21797766874084,0.05616082758409147
age,17.1764705882353,-0.009595447660728309,0.0,1802.57575757576,11.310905131690312 < age <= 252.15332398535617,0.032896166473832276
