feature,value,importance,min,max,rule,importance_ratio
ent,0.900542448536056,-0.12322289987162313,0.0,6.08230385583814,0.008277677113822879 < ent <= 0.9990502254233335,0.42019564844073914
la,820.0,0.06747998248698404,0.0,9967.0,229.98350223552893 < la <= 1199.5431080984263,0.23010978501097404
arexp,77.0,-0.06477070074321173,0.0,863.416666666674,-0.02556803069123248 < arexp <= 97.64182103961909,0.22087101202057122
asexp,86.0,-0.008969259901527051,0.0,1122.0,23.865449598761593 < asexp <= 381.21797766874084,0.030585580961673197
ndev,3.0,0.008809660164198306,0.0,85.0,0.9878832845357923 < ndev <= 3.937158674468902,0.030041338656162684
