feature,value,importance,min,max,rule,importance_ratio
ent,1.80121287314948,0.1519704115894023,0.0,6.08230385583814,1.596054196840603 < ent <= 3.4251727475658535,0.4032766235148139
arexp,9.7,-0.06747596369753044,0.0,863.416666666674,-0.02556803069123248 < arexp <= 97.64182103961909,0.17905774238388542
la,1087.0,0.06417113418685233,0.0,9967.0,229.98350223552893 < la <= 1199.5431080984263,0.17028787414164318
ld,1071.0,-0.035630513234466574,0.0,8658.0,35.06259046661786 < ld <= 6168.514134615445,0.09455099134769727
age,2.5,0.02525572838469116,0.0,1802.57575757576,2.1794390140157773 < age <= 11.310905131690312,0.06701992026516136
