feature,value,importance,min,max,rule,importance_ratio
la,315.0,0.06273690652643894,0.0,9967.0,229.98350223552893 < la <= 1199.5431080984263,0.2613314505848086
nuc,279.6,0.040637699603669766,0.0,976.0,255.46934596936424 < nuc <= 470.68410555791735,0.16927689893956152
age,1.0,-0.03608541541661779,0.0,1802.57575757576,-0.10342751540286343 < age <= 2.1794390140157773,0.1503142962875607
arexp,142.216666666666,-0.03497413649993851,0.0,863.416666666674,97.64182103961909 < arexp <= 214.01147610211652,0.14568524861244583
asexp,0.536982553534852,0.026576505922377862,0.0,1122.0,-0.3302944893099209 < asexp <= 1.5309165943878895,0.11070480246334502
