feature,value,importance,min,max,rule,importance_ratio
la,1408.0,0.32445803525031086,0.0,9967.0,la > 1199.5431080984263,0.5286229747757141
ent,2.02248491187397,0.16354485208329594,0.0,6.08230385583814,1.596054196840603 < ent <= 3.4251727475658535,0.2664553095466703
ld,448.0,-0.05020659434114692,0.0,8658.0,35.06259046661786 < ld <= 6168.514134615445,0.0817990506337728
arexp,130.0,-0.03617137055903208,0.0,863.416666666674,97.64182103961909 < arexp <= 214.01147610211652,0.05893217436232965
nuc,52.375,-0.02986607573818478,0.0,976.0,12.104132594966572 < nuc <= 255.46934596936424,0.04865927820038752
