feature,value,importance,min,max,rule,importance_ratio
ent,0.8702953403306609,-0.10056319931226178,0.0,6.08230385583814,0.008277677113822879 < ent <= 0.9990502254233335,0.32367013372138576
age,0.666666666666667,0.06451685409923082,0.0,1802.57575757576,-0.10342751540286343 < age <= 2.1794390140157773,0.20765229165730198
la,77.0,-0.04191183043408332,0.0,9967.0,42.326804326581055 < la <= 104.87903696289698,0.13489634233875974
asexp,237.0,-0.03646502528188816,0.0,1122.0,23.865449598761593 < asexp <= 381.21797766874084,0.11736539499398507
ndev,27.0,-0.026331556154397074,0.0,85.0,10.553100765399932 < ndev <= 52.00237651581121,0.0847500711977318
