feature,value,importance,min,max,rule,importance_ratio
la,331.0,0.0766583865012164,0.0,9967.0,229.98350223552893 < la <= 1199.5431080984263,0.27284087032897797
arexp,52.0,-0.06898930497961085,0.0,863.416666666674,-0.02556803069123248 < arexp <= 97.64182103961909,0.24554524133807118
ent,1.49174957744252,-0.04783064902136114,0.0,6.08230385583814,1.0371568618967764 < ent <= 1.596054196840603,0.1702378109299362
ndev,16.5,-0.03914979718555473,0.0,85.0,10.553100765399932 < ndev <= 52.00237651581121,0.1393411109316817
age,4.0,0.03823194547578658,0.0,1802.57575757576,2.1794390140157773 < age <= 11.310905131690312,0.1360743129888094
