feature,value,importance,min,max,rule,importance_ratio
ent,1.9948882676498705,0.15142048515638978,0.0,6.08230385583814,1.596054196840603 < ent <= 3.4251727475658535,0.2807775765203568
la,36,-0.12319806143394929,0.0,9967.0,21.47606011447573 < la <= 42.326804326581055,0.22844500257480913
ld,2,0.1136139400286646,0.0,8658.0,-1.6019362703947877 < ld <= 3.6358532634641847,0.2106732567078388
asexp,13.0,0.06818449783601303,0.0,1122.0,1.5309165943878895 < asexp <= 23.865449598761593,0.12643387081265975
arexp,15.0,-0.04232387878113232,0.0,863.416666666674,-0.02556803069123248 < arexp <= 97.64182103961909,0.07848076897147764
