feature,value,importance,min,max,rule,importance_ratio
ent,1.98246725470496,0.16164109515307454,0.0,6.08230385583814,1.596054196840603 < ent <= 3.4251727475658535,0.4103425014908144
arexp,266.5,0.07464915756377814,0.0,863.416666666674,218.16753521149144 < arexp <= 822.8741356255406,0.1895045441253312
ndev,3.81818181818182,0.05316637109187947,0.0,85.0,0.9878832845357923 < ndev <= 3.937158674468902,0.13496828692215018
age,42.0,-0.04420868624274615,0.0,1802.57575757576,11.310905131690312 < age <= 252.15332398535617,0.11222828503662212
asexp,172.0,-0.02407305014614748,0.0,1122.0,23.865449598761593 < asexp <= 381.21797766874084,0.061111907254335886
