feature,value,importance,min,max,rule,importance_ratio
ent,3.11279258182292,0.13677670731588742,0.0,6.08230385583814,1.596054196840603 < ent <= 3.4251727475658535,0.4241188653537119
arexp,51.5,-0.06910533755074061,0.0,863.416666666674,-0.02556803069123248 < arexp <= 97.64182103961909,0.21428266498780504
la,190.0,-0.04075493019427659,0.0,9967.0,104.87903696289698 < la <= 229.98350223552893,0.12637337958170436
age,30.9090909090909,-0.024092495476140695,0.0,1802.57575757576,11.310905131690312 < age <= 252.15332398535617,0.07470630084171749
ndev,6.454545454545452,-0.023277396525641803,0.0,85.0,4.096578965816638 < ndev <= 10.553100765399932,0.07217883217530052
