feature,value,importance,min,max,rule,importance_ratio
ent,2.2669329431762795,0.16513097610635455,0.0,6.08230385583814,1.596054196840603 < ent <= 3.4251727475658535,0.37107585312539926
la,65.0,-0.10054137216851597,0.0,9967.0,42.326804326581055 < la <= 104.87903696289698,0.22593262833861874
arexp,14.7,-0.06423159379643174,0.0,863.416666666674,-0.02556803069123248 < arexp <= 97.64182103961909,0.14433871843804721
ld,15.0,0.045164688733996934,0.0,8658.0,3.6358532634641847 < ld <= 14.111432331182087,0.10149231717928471
asexp,0.9296875,0.03986072913431588,0.0,1122.0,1.5309165943878895 < asexp <= 1.5309165943878895,0.0895734671863756
