feature,value,importance,min,max,rule,importance_ratio
ent,4.26798892622664,0.1877408565794303,0.0,6.08230385583814,ent > 3.4251727475658535,0.43109629839831415
arexp,241.916666666668,0.0937016321621714,0.0,863.416666666674,218.16753521149144 < arexp <= 822.8741356255406,0.215160554367143
ld,351.0,-0.061135269141038534,0.0,8658.0,35.06259046661786 < ld <= 6168.514134615445,0.1403806753014143
ndev,2.73809523809524,0.03690507897760677,0.0,85.0,0.9878832845357923 < ndev <= 3.937158674468902,0.08474257137850327
asexp,1.0,0.03540574522258223,0.0,1122.0,1.5309165943878895 < asexp <= 1.5309165943878895,0.08129975534138106
