feature,value,importance,min,max,rule,importance_ratio
ent,2.56807132383961,0.15599059611722427,0.0,6.08230385583814,1.596054196840603 < ent <= 3.4251727475658535,0.4024057372821857
arexp,290.0,0.0686701391675463,0.0,863.416666666674,218.16753521149144 < arexp <= 822.8741356255406,0.17714694775716383
la,159.0,-0.0445009477764721,0.0,9967.0,104.87903696289698 < la <= 229.98350223552893,0.11479818107939126
asexp,184.0,-0.04044728353098284,0.0,1122.0,23.865449598761593 < asexp <= 381.21797766874084,0.10434102667391218
ld,167.0,-0.03224443091848371,0.0,8658.0,35.06259046661786 < ld <= 6168.514134615445,0.08318029624841099
