feature,value,importance,min,max,rule,importance_ratio
la,123.0,-0.07878885198120616,0.0,9967.0,104.87903696289698 < la <= 229.98350223552893,0.2559638515689067
arexp,24.5,-0.07235338294044628,0.0,863.416666666674,-0.02556803069123248 < arexp <= 97.64182103961909,0.23505673843165373
ndev,3.8,0.04685262280705379,0.0,85.0,0.9878832845357923 < ndev <= 3.937158674468902,0.1522116072037619
ld,3.0,0.03874645935426369,0.0,8658.0,3.6358532634641847 < ld <= 3.6358532634641847,0.1258768559458277
ent,1.52635295944087,-0.02521748194973216,0.0,6.08230385583814,1.0371568618967764 < ent <= 1.596054196840603,0.081924836374853
