feature,value,importance,min,max,rule,importance_ratio
ent,2.88535299209746,0.13861789093243326,0.0,6.08230385583814,1.596054196840603 < ent <= 3.4251727475658535,0.37715137565047174
la,491.0,0.085039212282656,0.0,9967.0,229.98350223552893 < la <= 1199.5431080984263,0.23137457712633522
arexp,36.5,-0.04788120523830948,0.0,863.416666666674,-0.02556803069123248 < arexp <= 97.64182103961909,0.13027512034671815
asexp,1.28238309778681,0.04603238374499753,0.0,1122.0,1.5309165943878895 < asexp <= 1.5309165943878895,0.12524484925512697
ld,143.0,-0.02519105649398233,0.0,8658.0,35.06259046661786 < ld <= 6168.514134615445,0.06853979343420537
