feature,value,importance,min,max,rule,importance_ratio
arexp,87.9166666666665,-0.07042308973768514,0.0,863.416666666674,-0.02556803069123248 < arexp <= 97.64182103961909,0.3158920356932827
la,1079,0.052490982933069204,0.0,9967.0,229.98350223552893 < la <= 1199.5431080984263,0.23545521101150194
ld,592,-0.02972517905727624,0.0,8658.0,35.06259046661786 < ld <= 6168.514134615445,0.13333620207131486
ent,1.25067713448827,-0.02253926862738521,0.0,6.08230385583814,1.0371568618967764 < ent <= 1.596054196840603,0.10110285527464412
age,67.14285714285711,-0.02089370839216551,0.0,1802.57575757576,11.310905131690312 < age <= 252.15332398535617,0.09372147830729273
