feature,value,importance,min,max,rule,importance_ratio
la,1507,0.3454830021898659,0.0,9967.0,la > 1199.5431080984263,0.3926285452082663
ent,4.97393408725578,0.262900645901535,0.0,6.08230385583814,ent > 3.4251727475658535,0.2987767776717007
arexp,30.5,-0.0820137937456906,0.0,863.416666666674,-0.02556803069123248 < arexp <= 97.64182103961909,0.09320561741467309
ld,928,-0.06411948207101868,0.0,8658.0,35.06259046661786 < ld <= 6168.514134615445,0.07286939966793551
asexp,0.500771640967118,0.05360944618151791,0.0,1122.0,-0.3302944893099209 < asexp <= 1.5309165943878895,0.06092513591190405
