feature,value,importance,min,max,rule,importance_ratio
la,3603.0,0.2492336080469906,0.0,9967.0,la > 1199.5431080984263,0.4978430736661856
ent,4.736863136944192,0.17846050889030135,0.0,6.08230385583814,ent > 3.4251727475658535,0.3564741086492169
arexp,274.5,0.040628878071166837,0.0,863.416666666674,218.16753521149144 < arexp <= 822.8741356255406,0.08115601141056712
ndev,2.5098039215686296,-0.013806034109353573,0.0,85.0,0.9878832845357923 < ndev <= 3.937158674468902,0.027577494504051392
age,24.058823529411807,0.00864532670504406,0.0,1802.57575757576,11.310905131690312 < age <= 252.15332398535617,0.01726900337965661
