feature,value,importance,min,max,rule,importance_ratio
ent,2.75968928696044,0.15313491215778632,0.0,6.08230385583814,1.596054196840603 < ent <= 3.4251727475658535,0.41495420981477643
la,773.0,0.07059578108389294,0.0,9967.0,229.98350223552893 < la <= 1199.5431080984263,0.19129548019552803
arexp,93.3333333333333,-0.06505199231533874,0.0,863.416666666674,-0.02556803069123248 < arexp <= 97.64182103961909,0.17627331147240138
ld,619.0,-0.034333122527962806,0.0,8658.0,35.06259046661786 < ld <= 6168.514134615445,0.09303347961818983
age,45.4285714285714,-0.019760888768347893,0.0,1802.57575757576,11.310905131690312 < age <= 252.15332398535617,0.05354666593375232
