feature,value,importance,min,max,rule,importance_ratio
ent,0.961236604722876,-0.10273423271547572,0.0,6.08230385583814,0.008277677113822879 < ent <= 0.9990502254233335,0.3877753633104926
la,12.0,-0.0898752390635227,0.0,9967.0,11.050688008423094 < la <= 21.47606011447573,0.33923846569231186
ld,1.0,0.024359266298588374,0.0,8658.0,-1.6019362703947877 < ld <= 3.6358532634641847,0.0919452366483604
age,29.0,-0.019227541734803812,0.0,1802.57575757576,11.310905131690312 < age <= 252.15332398535617,0.07257529242886974
nuc,11.0,0.012938077352119852,0.0,976.0,5.747578514292009 < nuc <= 12.104132594966572,0.04883540289488889
