feature,value,importance,min,max,rule,importance_ratio
ent,1.97051578041269,0.14789960232384614,0.0,6.08230385583814,1.596054196840603 < ent <= 3.4251727475658535,0.5780861829691251
la,211.0,-0.047876717992787074,0.0,9967.0,104.87903696289698 < la <= 229.98350223552893,0.18713281660445083
ld,179.0,-0.029784842188778464,0.0,8658.0,35.06259046661786 < ld <= 6168.514134615445,0.1164182016767504
arexp,121.35,-0.019637706271416384,0.0,863.416666666674,97.64182103961909 < arexp <= 214.01147610211652,0.07675670848562921
ndev,5.5,-0.008540119216444242,0.0,85.0,4.096578965816638 < ndev <= 10.553100765399932,0.03338024472253457
