feature,value,importance,min,max,rule,importance_ratio
ent,0.98223072818351,-0.12570862750918643,0.0,6.08230385583814,0.008277677113822879 < ent <= 0.9990502254233335,0.41754074789952156
la,392.0,0.06510195803823166,0.0,9967.0,229.98350223552893 < la <= 1199.5431080984263,0.2162359162422649
arexp,44.5,-0.06498987312239313,0.0,863.416666666674,-0.02556803069123248 < arexp <= 97.64182103961909,0.21586362660300323
ld,26.0,0.01686946037020006,0.0,8658.0,14.111432331182087 < ld <= 35.06259046661786,0.05603185110838905
nuc,28.0,0.012332194625859121,0.0,976.0,12.104132594966572 < nuc <= 255.46934596936424,0.0409613394828242
