feature,value,importance,min,max,rule,importance_ratio
la,2830,0.39638088765297175,0.0,9967.0,la > 1199.5431080984263,0.5807828191172427
ent,2.7787128837442405,0.14338602719052213,0.0,6.08230385583814,1.596054196840603 < ent <= 3.4251727475658535,0.2100912119825531
arexp,18.5,-0.04572741433528417,0.0,863.416666666674,-0.02556803069123248 < arexp <= 97.64182103961909,0.06700044688289715
asexp,19.0,0.03243274086394812,0.0,1122.0,1.5309165943878895 < asexp <= 23.865449598761593,0.04752090541548482
ndev,5.18181818181818,0.028478449644949333,0.0,85.0,4.096578965816638 < ndev <= 10.553100765399932,0.04172702262921054
