feature,value,importance,min,max,rule,importance_ratio
la,1700.0,0.29924349296766467,0.0,9967.0,la > 1199.5431080984263,0.3634626457644597
ent,5.4140817808871615,0.2589852546583812,0.0,6.08230385583814,ent > 3.4251727475658535,0.3145647878207635
age,394.755102040816,-0.08301126056628831,0.0,1802.57575757576,252.15332398535617 < age <= 957.5590815757139,0.10082589296912915
arexp,31.0,-0.07533825140961208,0.0,863.416666666674,-0.02556803069123248 < arexp <= 97.64182103961909,0.091506217605756
ld,1213.0,-0.04909788837912126,0.0,8658.0,35.06259046661786 < ld <= 6168.514134615445,0.059634541205050816
