feature,value,importance,min,max,rule,importance_ratio
la,2182.0,0.215603768880262,0.0,9967.0,la > 1199.5431080984263,0.35481173194708515
ent,4.6577553666262,0.2065601857482201,0.0,6.08230385583814,ent > 3.4251727475658535,0.3399290171840178
arexp,36.5,-0.0741580881197808,0.0,863.416666666674,-0.02556803069123248 < arexp <= 97.64182103961909,0.12203942361636887
ndev,2.18181818181818,0.0415161220468647,0.0,85.0,0.9878832845357923 < ndev <= 3.937158674468902,0.06832165895650613
asexp,0.161043557562948,-0.026501437858066468,0.0,1122.0,-0.3302944893099209 < asexp <= 1.5309165943878895,0.04361250786265563
