feature,value,importance,min,max,rule,importance_ratio
ent,4.76874169405266,0.24217500739553136,0.0,6.08230385583814,ent > 3.4251727475658535,0.5956730475650659
la,174.0,-0.06224237025774278,0.0,9967.0,104.87903696289698 < la <= 229.98350223552893,0.1530963197971476
arexp,11.0,-0.05873347573108457,0.0,863.416666666674,-0.02556803069123248 < arexp <= 97.64182103961909,0.14446556174016473
ld,2.0,0.02834635377385843,0.0,8658.0,-1.6019362703947877 < ld <= 3.6358532634641847,0.0697229624205364
nuc,40.9791666666667,-0.00881529097915112,0.0,976.0,12.104132594966572 < nuc <= 255.46934596936424,0.021682795839240154
