feature,value,importance,min,max,rule,importance_ratio
ent,2.51532096701114,0.11744781586411993,0.0,6.08230385583814,1.596054196840603 < ent <= 3.4251727475658535,0.2767521635718937
la,388,0.0940095388504175,0.0,9967.0,229.98350223552893 < la <= 1199.5431080984263,0.22152258074641037
age,221.27272727272705,-0.0805016182590115,0.0,1802.57575757576,11.310905131690312 < age <= 252.15332398535617,0.18969273170644194
asexp,2.3841857910156202e-07,-0.05602534740511699,0.0,1122.0,asexp <= -0.3302944893099209,0.13201723672044802
ld,65,-0.0409480818015634,0.0,8658.0,35.06259046661786 < ld <= 6168.514134615445,0.09648940807730769
