feature,value,importance,min,max,rule,importance_ratio
ent,3.966561910884201,0.29752027412644916,0.0,6.08230385583814,ent > 3.4251727475658535,0.5675682613118895
arexp,10.0,-0.08363613270827194,0.0,863.416666666674,-0.02556803069123248 < arexp <= 97.64182103961909,0.15954951158692957
la,1091,0.061787909278828435,0.0,9967.0,229.98350223552893 < la <= 1199.5431080984263,0.1178704756926138
ld,23,0.035786322443535565,0.0,8658.0,14.111432331182087 < ld <= 35.06259046661786,0.06826822430054522
nuc,11.6363636363636,0.024883357473664578,0.0,976.0,5.747578514292009 < nuc <= 12.104132594966572,0.0474690472049229
