feature,value,importance,min,max,rule,importance_ratio
ent,0.928362072394868,-0.11554399482440122,0.0,6.08230385583814,0.008277677113822879 < ent <= 0.9990502254233335,0.3906492385912802
arexp,13.0,-0.06556963109101674,0.0,863.416666666674,-0.02556803069123248 < arexp <= 97.64182103961909,0.22168808079853028
la,213.0,-0.03866557063862993,0.0,9967.0,104.87903696289698 < la <= 229.98350223552893,0.1307266184853101
nuc,4.0,-0.026469148613787487,0.0,976.0,1.2071827423816117 < nuc <= 5.747578514292009,0.08949104423687305
ld,11.0,0.022771278468359392,0.0,8658.0,3.6358532634641847 < ld <= 14.111432331182087,0.07698870554833881
