feature,value,importance,min,max,rule,importance_ratio
la,1559,0.3726631673670117,0.0,9967.0,la > 1199.5431080984263,0.3778185738810506
ent,4.04656709562871,0.2928635565095849,0.0,6.08230385583814,ent > 3.4251727475658535,0.29691501857819114
age,312.256097560976,-0.1684300928987603,0.0,1802.57575757576,252.15332398535617 < age <= 957.5590815757139,0.17076014768851977
arexp,236.71666666666692,0.07154428287287579,0.0,863.416666666674,218.16753521149144 < arexp <= 822.8741356255406,0.07253402345972004
asexp,389.0,-0.05579124927381668,0.0,1122.0,381.21797766874084 < asexp <= 630.6202628842473,0.056563063059345255
