feature,value,importance,min,max,rule,importance_ratio
la,529,0.11161352381513442,0.0,5443.0,232.12256852430914 < la <= 634.8693949676458,0.38763693157122403
ent,2.90607017735039,0.07483900313734282,0.0,6.1766722717358205,1.859443113064771 < ent <= 3.211235469649216,0.25991797899024016
ld,111,-0.03514083225324131,0.0,7734.0,100.73397805831269 < ld <= 4104.509049685157,0.12204510638036571
asexp,0.666666666666667,0.02770138972599035,0.0,601.0,0.2486852207514758 < asexp <= 1.223116260852592,0.09620771163382516
age,19.7692307692308,-0.019001152505007838,0.0,719.0,4.711007645331282 < age <= 231.9953250592234,0.06599154118239005
