feature,value,importance,min,max,rule,importance_ratio
ent,3.4248851249389,0.2835224457640868,0.0,6.1766722717358205,ent > 3.2367409858111866,0.4768559899097161
age,240.82142857142892,-0.1287567062171972,0.0,719.0,231.9953250592234 < age <= 316.8222355470293,0.2165557172563488
la,163,-0.05343452528522518,0.0,5443.0,100.89045653715445 < la <= 232.12256852430914,0.08987145050040825
aexp,479,0.034085662601419396,0.0,1586.0,152.66332872789042 < aexp <= 1468.301220106593,0.05732862644339988
ld,784,-0.033683437557667346,0.0,7734.0,100.73397805831269 < ld <= 4104.509049685157,0.056652124726267905
