feature,value,importance,min,max,rule,importance_ratio
la,1217,0.4064862205675481,0.0,5443.0,la > 634.8693949676458,0.6897880603484409
ent,2.41440971961,0.08637698512549372,0.0,6.1766722717358205,1.859443113064771 < ent <= 3.211235469649216,0.1465776944302578
ndev,16.2307692307692,-0.03991878255545257,0.0,69.0,1.3178935157767122 < ndev <= 19.676973226328325,0.06774030261579575
ns,1,0.027448180851426873,1.0,17.0,ns <= 1.4982210105975038,0.046578276142211036
age,6.76923076923077,-0.014020059495945994,0.0,719.0,4.711007645331282 < age <= 231.9953250592234,0.023791383708347043
