feature,value,importance,min,max,rule,importance_ratio
la,301,0.09005974600354276,0.0,5443.0,232.12256852430914 < la <= 634.8693949676458,0.3434568295381845
ent,1.85319012529263,-0.07084416527813917,0.0,6.1766722717358205,1.42584933831127 < ent <= 1.859443113064771,0.2701752278620867
asexp,0.499999914257387,0.04867739253068501,0.0,601.0,0.2486852207514758 < asexp <= 1.223116260852592,0.18563879702833166
ld,95,-0.02198316610227818,0.0,7734.0,12.389426610235802 < ld <= 100.73397805831269,0.08383621837444159
ndev,8.16666666666667,0.014823389145132327,0.0,69.0,1.3178935157767122 < ndev <= 19.676973226328325,0.05653129688593184
