feature,value,importance,min,max,rule,importance_ratio
la,1041.0,0.4316682963671717,0.0,9094.0,la > 471.1648215786653,0.7947469983898121
age,16.3846153846154,0.028833579262354775,0.0,575.0,7.346025962989069 < age <= 349.3395012011218,0.05308566963208165
nuc,45.53846153846151,0.024336547356360972,0.0,480.0,17.02187028864449 < nuc <= 98.64471611143634,0.044806158166843565
ns,1.0,-0.022913314525531664,1.0,8.0,ns <= 1.4995095840290027,0.042185835966138514
ld,85.0,-0.019063846032414396,0.0,9176.0,71.3286997568262 < ld <= 106.9077758780692,0.03509855724762254
