feature,value,importance,min,max,rule,importance_ratio
la,268.0,0.21637800446669195,0.0,9094.0,198.10918576028968 < la <= 295.36187796957415,0.8214017939788295
arexp,118.0,-0.014595755146017221,0.0,2143.5,18.99314235170766 < arexp <= 741.0350150255845,0.05540757015004173
ns,1.0,0.010817298786759917,1.0,8.0,ns <= 1.4995095840290027,0.04106401041709105
nd,3.0,-0.007385337419011834,1.0,46.0,2.4949232752530253 < nd <= 4.49814249084984,0.028035795135771837
age,26.1666666666667,0.006795912017058932,0.0,575.0,7.346025962989069 < age <= 349.3395012011218,0.02579825216658647
