feature,value,importance,min,max,rule,importance_ratio
la,788.0,0.449921265889679,0.0,9094.0,la > 471.1648215786653,0.6605292894185042
nd,8.0,0.10327937932675721,1.0,46.0,6.501361706446655 < nd <= 43.480788426363866,0.1516244290062396
nuc,83.8,0.03905419854409796,0.0,480.0,17.02187028864449 < nuc <= 98.64471611143634,0.05733545837654962
ns,1.0,-0.02785266189367185,1.0,8.0,ns <= 1.4995095840290027,0.040890485433404684
age,33.7,0.026264346921291797,0.0,575.0,7.346025962989069 < age <= 349.3395012011218,0.03855868064972901
