feature,value,importance,min,max,rule,importance_ratio
la,643.0,0.4159303302525765,0.0,9094.0,la > 471.1648215786653,0.7077879243850467
nd,13.0,0.07105615537575725,1.0,46.0,6.501361706446655 < nd <= 43.480788426363866,0.12091613683870572
ld,33.0,0.0321897386582992,0.0,9176.0,14.995162564858127 < ld <= 35.749623635583205,0.054777222660389424
arexp,108.5,-0.031236171684932625,0.0,2143.5,18.99314235170766 < arexp <= 741.0350150255845,0.053154539389295895
nuc,15.7301587301587,-0.024295281114454868,0.0,480.0,4.283044640000675 < nuc <= 17.02187028864449,0.04134323789733945
