feature,value,importance,min,max,rule,importance_ratio
la,1408.0,0.36044048354668007,0.0,9094.0,la > 471.1648215786653,0.5939902895661994
ld,149.0,0.06809835864728844,0.0,9176.0,106.9077758780692 < ld <= 326.31207862573433,0.1122231425667455
nd,12.0,0.06390107856859098,1.0,46.0,6.501361706446655 < nd <= 43.480788426363866,0.10530620697503895
ns,1.0,0.047918971556823405,1.0,8.0,ns <= 1.4995095840290027,0.07896838754258789
nuc,5.8444444444444414,-0.031905275724874706,0.0,480.0,4.283044640000675 < nuc <= 17.02187028864449,0.052578511104048584
