feature,value,importance,min,max,rule,importance_ratio
la,542.0,0.3990152698242431,0.0,9094.0,la > 471.1648215786653,0.6674627181550912
nd,9.0,0.05305949045010341,1.0,46.0,6.501361706446655 < nd <= 43.480788426363866,0.08875658251211715
nuc,30.3636363636364,0.03941485354089617,0.0,480.0,17.02187028864449 < nuc <= 98.64471611143634,0.06593217671012794
age,48.2727272727273,0.03661470769909797,0.0,575.0,7.346025962989069 < age <= 349.3395012011218,0.06124816309926902
arexp,469.333333333333,-0.026846327382452254,0.0,2143.5,18.99314235170766 < arexp <= 741.0350150255845,0.044907861934872575
