feature,value,importance,min,max,rule,importance_ratio
la,1103,0.42381240698327194,0.0,9094.0,la > 471.1648215786653,0.7407133753809857
ld,212,0.03291922854529312,0.0,9176.0,106.9077758780692 < ld <= 326.31207862573433,0.0575342120451056
age,76.02857142857141,0.03142255931036826,0.0,575.0,7.346025962989069 < age <= 349.3395012011218,0.054918425195633246
arexp,105.0,-0.030608399612992703,0.0,2143.5,18.99314235170766 < arexp <= 741.0350150255845,0.053495486726618545
nd,3,0.018679584207230728,1.0,46.0,2.4949232752530253 < nd <= 4.49814249084984,0.03264703354802293
