feature,value,importance,min,max,rule,importance_ratio
la,316.0,0.33268895179926194,0.0,9094.0,295.36187796957415 < la <= 471.1648215786653,0.719357788418619
arexp,30.0,-0.034448241060021846,0.0,2143.5,18.99314235170766 < arexp <= 741.0350150255845,0.07448582337895283
ns,1.0,-0.0307580049978222,1.0,8.0,ns <= 1.4995095840290027,0.06650659822557801
age,19.0,0.025426259182262354,0.0,575.0,7.346025962989069 < age <= 349.3395012011218,0.05497801316873014
ld,65.0,0.019853972644139982,0.0,9176.0,35.749623635583205 < ld <= 71.3286997568262,0.04292931813747108
