feature,value,importance,min,max,rule,importance_ratio
la,1164.0,0.4177743176457104,0.0,9094.0,la > 471.1648215786653,0.6758091204219969
nd,8.0,0.08094691033791782,1.0,46.0,6.501361706446655 < nd <= 43.480788426363866,0.13094309048154143
arexp,459.833333333332,-0.03719252840791551,0.0,2143.5,18.99314235170766 < arexp <= 741.0350150255845,0.06016418158796218
age,19.9393939393939,0.02645875426579769,0.0,575.0,7.346025962989069 < age <= 349.3395012011218,0.04280078188768504
ld,156.0,0.02333503107516582,0.0,9176.0,106.9077758780692 < ld <= 326.31207862573433,0.037747717271843895
