feature,value,importance,min,max,rule,importance_ratio
la,348.0,0.3306541652591948,0.0,9094.0,295.36187796957415 < la <= 471.1648215786653,0.6637518829087018
ld,619.0,0.056174109176768565,0.0,9176.0,ld > 326.31207862573433,0.11276334809685959
nuc,76.0833333333333,0.04386071865983952,0.0,480.0,17.02187028864449 < nuc <= 98.64471611143634,0.08804557043270984
arexp,335.5,-0.03764355054073319,0.0,2143.5,18.99314235170766 < arexp <= 741.0350150255845,0.07556528898159927
age,170.416666666667,0.02045191383843694,0.0,575.0,7.346025962989069 < age <= 349.3395012011218,0.041054968440236705
