feature,value,importance,min,max,rule,importance_ratio
la,439.0,0.3043638085118536,0.0,9094.0,295.36187796957415 < la <= 471.1648215786653,0.5337109850627416
nd,10.0,0.11267984102547407,1.0,46.0,6.501361706446655 < nd <= 43.480788426363866,0.19758745050687185
nuc,38.85,0.04989745971218884,0.0,480.0,17.02187028864449 < nuc <= 98.64471611143634,0.08749667874550736
ns,1.0,-0.03701517156887616,1.0,8.0,ns <= 1.4995095840290027,0.06490720357615022
arexp,78.5,-0.0367037083195667,0.0,2143.5,18.99314235170766 < arexp <= 741.0350150255845,0.0643610435106268
