feature,value,importance,min,max,rule,importance_ratio
la,2032.0,0.3999149445944822,0.0,9094.0,la > 471.1648215786653,0.6655318084602924
nd,12.0,0.06478072979155913,1.0,46.0,6.501361706446655 < nd <= 43.480788426363866,0.10780701455223574
nuc,26.7714285714286,0.04428525444610693,0.0,480.0,17.02187028864449 < nuc <= 98.64471611143634,0.0736987848991938
ld,127.0,0.038233691210512885,0.0,9176.0,106.9077758780692 < ld <= 326.31207862573433,0.06362787387514929
arexp,36.0,-0.02881911276072781,0.0,2143.5,18.99314235170766 < arexp <= 741.0350150255845,0.047960288789199966
