feature,value,importance,min,max,rule,importance_ratio
la,894,0.3869741375840902,0.0,9094.0,la > 471.1648215786653,0.5576108288626073
ns,1,-0.0903643439216058,1.0,8.0,ns <= 1.4995095840290027,0.13021060536068224
nd,16,0.08683350336143521,1.0,46.0,6.501361706446655 < nd <= 43.480788426363866,0.12512283659238668
age,180.514285714286,0.06303502839426667,0.0,575.0,7.346025962989069 < age <= 349.3395012011218,0.0908303967023302
nuc,42.4,0.03809358340446604,0.0,480.0,17.021870288644497 < nuc <= 98.64471611143635,0.0548909928428883
