feature,value,importance,min,max,rule,importance_ratio
la,405.0,0.2880254863022765,0.0,9094.0,295.36187796957415 < la <= 471.1648215786653,0.6940878881660133
nd,5.0,0.03039829229177527,1.0,46.0,4.49814249084984 < nd <= 6.501361706446655,0.0732542344482268
ns,1.0,-0.025306275749807452,1.0,8.0,ns <= 1.4995095840290027,0.06098342100912832
arexp,0.0,0.020146161926371448,0.0,2143.5,arexp <= 3.296579902275539,0.04854850577858457
age,68.3333333333333,0.019569418821843897,0.0,575.0,7.346025962989069 < age <= 349.3395012011218,0.047158662092961136
