feature,value,importance,min,max,rule,importance_ratio
la,3361.0,0.4255746038431839,0.0,9094.0,la > 471.1648215786653,0.6998777923155383
nd,15.0,0.07857734189486457,1.0,46.0,6.501361706446655 < nd <= 43.480788426363866,0.12922419729647566
ld,37.0,0.05988181529738891,0.0,9176.0,35.749623635583205 < ld <= 71.3286997568262,0.09847850955323076
nuc,15.9795918367347,-0.012849671725851167,0.0,480.0,4.283044640000675 < nuc <= 17.02187028864449,0.02113189978503024
age,23.6938775510204,0.012745561607412614,0.0,575.0,7.346025962989069 < age <= 349.3395012011218,0.020960685715411244
