feature,value,importance,min,max,rule,importance_ratio
la,779,0.4172729925234879,0.0,9094.0,la > 471.1648215786653,0.7929632215829332
arexp,112.5,-0.03408086823834925,0.0,2143.5,18.99314235170766 < arexp <= 741.0350150255845,0.06476545464682497
ld,234,0.021799165184090617,0.0,9176.0,106.9077758780692 < ld <= 326.31207862573433,0.041425964684790866
age,60.5333333333333,0.021137075793592537,0.0,575.0,7.346025962989069 < age <= 349.3395012011218,0.04016776550710101
nuc,10.8,-0.017829320753043203,0.0,480.0,4.2830446400006785 < nuc <= 17.021870288644497,0.033881885183769174
