feature,value,importance,min,max,rule,importance_ratio
la,7776.0,0.27849961004879514,0.0,9094.0,la > 471.1648215786653,0.5113202467065898
ns,3.0,0.14753274513958994,1.0,8.0,2.4998972545934754 < ns <= 4.500672595722421,0.27086745158766484
nd,8.0,0.07420245264128937,1.0,46.0,6.501361706446655 < nd <= 43.480788426363866,0.13623436091752714
nuc,6.0,-0.0193287150618045,0.0,480.0,4.283044640000675 < nuc <= 17.02187028864449,0.035487171246637125
age,41.6769230769231,-0.016294409446340734,0.0,575.0,7.346025962989069 < age <= 349.3395012011218,0.029916241019444744
