feature,value,importance,min,max,rule,importance_ratio
la,728.0,0.44172555259906615,0.0,9094.0,la > 471.1648215786653,0.7839408221986213
nuc,1.8125,-0.047927077396711495,0.0,480.0,nuc <= 1.924002853214784,0.08505732176661586
nd,6.0,0.025751956046807946,1.0,46.0,4.49814249084984 < nd <= 6.501361706446655,0.04570260759825479
ld,3108.0,0.022102839258922088,0.0,9176.0,ld > 326.31207862573433,0.039226433425938914
age,63.53125,0.01961232510876551,0.0,575.0,7.346025962989069 < age <= 349.3395012011218,0.03480645885330384
