feature,value,importance,min,max,rule,importance_ratio
la,895.0,0.366200757057995,0.0,9094.0,la > 471.1648215786653,0.5665571172856281
nd,7.0,0.08477616978535767,1.0,46.0,6.501361706446655 < nd <= 43.480788426363866,0.1311590471684979
nuc,81.6153846153846,0.06515204980920476,0.0,480.0,17.02187028864449 < nuc <= 98.64471611143634,0.1007981464093667
ns,1.0,-0.051788415222505005,1.0,8.0,ns <= 1.4995095840290027,0.08012297809806779
arexp,288.16666666666697,-0.04125100837963194,0.0,2143.5,18.99314235170766 < arexp <= 741.0350150255845,0.06382032790005485
