feature,value,importance,min,max,rule,importance_ratio
la,346.0,0.30160615024061194,0.0,9094.0,295.36187796957415 < la <= 471.1648215786653,0.6495987028342466
nuc,40.6,0.04610597354624312,0.0,480.0,17.02187028864449 < nuc <= 98.64471611143634,0.09930295050235595
ld,83.0,0.03836810638497249,0.0,9176.0,71.3286997568262 < ld <= 106.9077758780692,0.08263714820802234
ns,1.0,-0.024113767672035002,1.0,8.0,ns <= 1.4995095840290027,0.05193618295815208
age,75.0,0.020949992774490302,0.0,575.0,7.346025962989069 < age <= 349.3395012011218,0.045122051124749395
