feature,value,importance,min,max,rule,importance_ratio
la,1059,0.3592164403332587,0.0,9094.0,la > 471.1648215786653,0.660939709755575
ld,10,0.051150177449646506,0.0,9176.0,6.100393534547379 < ld <= 9.065316544650969,0.09411368646198741
age,21.4285714285714,0.04326022557013622,0.0,575.0,7.346025962989069 < age <= 349.3395012011218,0.07959658223259572
nd,4,0.03940899034438479,1.0,46.0,2.4949232752530253 < nd <= 4.49814249084984,0.07251050819336995
arexp,66.0,-0.03826932621929958,0.0,2143.5,18.99314235170766 < arexp <= 741.0350150255845,0.070413585025394
