feature,value,importance,min,max,rule,importance_ratio
la,282,0.2337695153247491,0.0,9094.0,198.10918576028968 < la <= 295.36187796957415,0.6924185999661455
nuc,39.7142857142857,0.04199168772517957,0.0,480.0,17.021870288644497 < nuc <= 98.64471611143635,0.12437817473545562
age,74.61904761904759,0.01774494672429067,0.0,575.0,7.346025962989069 < age <= 349.3395012011218,0.052560023278648484
ns,1,-0.01652062908855027,1.0,8.0,ns <= 1.4995095840290027,0.0489336295545756
ld,109,0.010670598003241057,0.0,9176.0,106.9077758780692 < ld <= 326.31207862573433,0.031606005256680704
