feature,value,importance,min,max,rule,importance_ratio
la,723.0,0.3929944838295437,0.0,9094.0,la > 471.1648215786653,0.6777597728797017
nd,5.0,0.06265116988948727,1.0,46.0,4.49814249084984 < nd <= 6.501361706446655,0.10804844450021348
arexp,27.0,-0.0535337484305406,0.0,2143.5,18.99314235170766 < arexp <= 741.0350150255845,0.09232450497554458
age,12.8,0.028688184065998698,0.0,575.0,7.346025962989069 < age <= 349.3395012011218,0.04947575072156943
nuc,1.3,-0.02570882052863175,0.0,480.0,nuc <= 1.924002853214784,0.04433752909887681
