feature,value,importance,min,max,rule,importance_ratio
la,349.0,0.35044114668532583,0.0,9094.0,295.36187796957415 < la <= 471.1648215786653,0.6392926257880364
ns,1.0,-0.04703200553695042,1.0,8.0,ns <= 1.4995095840290027,0.0857981849454253
nuc,83.2222222222222,0.04210701707327623,0.0,480.0,17.02187028864449 < nuc <= 98.64471611143634,0.07681376962576757
nd,5.0,0.03188613462500193,1.0,46.0,4.49814249084984 < nd <= 6.501361706446655,0.0581683142047026
arexp,64.5,-0.028330172400884198,0.0,2143.5,18.99314235170766 < arexp <= 741.0350150255845,0.05168134642434497
