feature,value,importance,min,max,rule,importance_ratio
la,1561,0.4109410706866704,0.0,9094.0,la > 471.1648215786653,0.6750449867813609
nd,14,0.07980915000072837,1.0,46.0,6.501361706446655 < nd <= 43.480788426363866,0.13110095449269693
arexp,28.0,-0.029303475465141077,0.0,2143.5,18.99314235170766 < arexp <= 741.0350150255845,0.048136255096041754
nuc,3.06451612903226,-0.028678453523402522,0.0,480.0,2.867619567929143 < nuc <= 4.2830446400006785,0.04710954358313809
ld,324,0.02720169769510164,0.0,9176.0,106.9077758780692 < ld <= 326.31207862573433,0.044683705209453715
