feature,value,importance,min,max,rule,importance_ratio
la,1398,0.44550803689289736,0.0,9094.0,la > 471.1648215786653,0.6820690056542412
nd,22,0.07522720097673995,1.0,46.0,6.501361706446655 < nd <= 43.480788426363866,0.11517220323612709
ld,1245,0.056791330197644124,0.0,9176.0,ld > 326.31207862573433,0.08694704227524647
age,29.048387096774203,0.022866003937713295,0.0,575.0,7.346025962989069 < age <= 349.3395012011218,0.03500765705115996
nuc,3.80645161290323,-0.021673109543158344,0.0,480.0,2.867619567929143 < nuc <= 4.2830446400006785,0.03318134590485798
