feature,value,importance,min,max,rule,importance_ratio
la,1001.0,0.3272706895703292,0.0,9094.0,la > 471.1648215786653,0.6220107811752263
nd,5.0,0.07255874959533916,1.0,46.0,4.49814249084984 < nd <= 6.501361706446655,0.13790518355355436
ld,14.0,0.07022117481936427,0.0,9176.0,9.065316544650969 < ld <= 14.995162564858127,0.13346238815880454
ns,1.0,0.03763304001975304,1.0,8.0,ns <= 1.4995095840290027,0.07152536834697146
arexp,1.0,0.009362697175648554,0.0,2143.5,arexp <= 3.296579902275539,0.01779474535827857
