feature,value,importance,min,max,rule,importance_ratio
la,1292.0,0.4089259130289558,0.0,9094.0,la > 471.1648215786653,0.579617165611064
nd,21.0,0.0791639129299521,1.0,46.0,6.501361706446655 < nd <= 43.480788426363866,0.112208009737673
age,25.612903225806487,0.06317867267511454,0.0,575.0,7.346025962989069 < age <= 349.3395012011218,0.08955031221126372
nuc,42.3548387096774,0.05735209441073065,0.0,480.0,17.02187028864449 < nuc <= 98.64471611143634,0.0812916407228318
arexp,7.0,0.04691166110151061,0.0,2143.5,3.296579902275539 < arexp <= 18.99314235170766,0.06649322817514629
