feature,value,importance,min,max,rule,importance_ratio
la,1698.0,0.3831857766042972,0.0,9094.0,la > 471.1648215786653,0.6112156384949473
nd,13.0,0.08027158892923877,1.0,46.0,6.501361706446655 < nd <= 43.480788426363866,0.12804037486770956
nuc,54.8571428571429,0.04817865367835768,0.0,480.0,17.02187028864449 < nuc <= 98.64471611143634,0.07684926833871969
ld,649.0,0.04441970354844473,0.0,9176.0,ld > 326.31207862573433,0.07085340616427895
ns,1.0,-0.03627196924594103,1.0,8.0,ns <= 1.4995095840290027,0.05785704009838845
