feature,value,importance,min,max,rule,importance_ratio
la,1698,0.4061571910874698,0.0,9094.0,la > 471.1648215786653,0.6210118538516302
nd,13,0.07403035272118982,1.0,46.0,6.501361706446655 < nd <= 43.480788426363866,0.11319195521710039
ld,649,0.04851050693766344,0.0,9176.0,ld > 326.31207862573433,0.07417226754986324
ns,1,0.040458996687883976,1.0,8.0,ns <= 1.4995095840290027,0.06186155776498064
nuc,54.8571428571429,0.03489188546231843,0.0,480.0,17.021870288644497 < nuc <= 98.64471611143635,0.053349478849105604
