feature,value,importance,min,max,rule,importance_ratio
la,191,0.12210321759449327,0.0,9094.0,89.63502906531855 < la <= 198.10918576028968,0.35600854714462
nd,12,0.0940780171583114,1.0,46.0,6.501361706446655 < nd <= 43.480788426363866,0.2742972615022027
nuc,25.0,0.059913867595101936,0.0,480.0,17.021870288644497 < nuc <= 98.64471611143635,0.1746870342695156
age,72.5416666666667,0.0464513879825761,0.0,575.0,7.346025962989069 < age <= 349.3395012011218,0.1354353429362355
ns,1,-0.013531664329527963,1.0,8.0,ns <= 1.4995095840290027,0.039453408790606576
