feature,value,importance,min,max,rule,importance_ratio
la,398.0,0.33824671478848456,0.0,9094.0,295.36187796957415 < la <= 471.1648215786653,0.7129059477434048
nuc,29.6666666666667,0.04824726606180518,0.0,480.0,17.02187028864449 < nuc <= 98.64471611143634,0.1016883873043027
arexp,27.0,-0.038731325409938885,0.0,2143.5,18.99314235170766 < arexp <= 741.0350150255845,0.08163210769392734
ld,98.0,0.02136546309801333,0.0,9176.0,71.3286997568262 < ld <= 106.9077758780692,0.04503093467852503
age,44.0,0.019797952174145525,0.0,575.0,7.346025962989069 < age <= 349.3395012011218,0.041727169078090695
