feature,value,importance,min,max,rule,importance_ratio
la,1015,0.3405026037398797,0.0,9094.0,la > 471.1648215786653,0.711121458571049
ns,1,-0.06458701303977568,1.0,8.0,ns <= 1.4995095840290027,0.13488651896676646
ld,67,0.04128900422811044,0.0,9176.0,35.749623635583205 < ld <= 71.3286997568262,0.08622987485896069
age,9.63636363636364,0.01466741681338612,0.0,575.0,7.346025962989069 < age <= 349.3395012011218,0.030632114771647095
arexp,1.0,0.006762454746487027,0.0,2143.5,arexp <= 3.296579902275539,0.01412302469944181
