feature,value,importance,min,max,rule,importance_ratio
la,1646.0,0.4048367913899849,0.0,9094.0,la > 471.1648215786653,0.6348713677744986
nd,13.0,0.07062974911495518,1.0,46.0,6.501361706446655 < nd <= 43.480788426363866,0.11076267369925255
arexp,6.66666666666667,0.058472538991424496,0.0,2143.5,3.296579902275539 < arexp <= 18.99314235170766,0.0916975472492882
nuc,61.5757575757576,0.05353637129741131,0.0,480.0,17.02187028864449 < nuc <= 98.64471611143634,0.08395657211532717
age,44.3939393939394,0.033746896575254766,0.0,575.0,7.346025962989069 < age <= 349.3395012011218,0.05292240933269722
