feature,value,importance,min,max,rule,importance_ratio
la,322.0,0.34521266587239074,0.0,9094.0,295.36187796957415 < la <= 471.1648215786653,0.6887426059909667
ns,1.0,-0.04339783209388915,1.0,8.0,ns <= 1.4995095840290027,0.08658412313803271
nuc,59.0,0.043105955347876,0.0,480.0,17.02187028864449 < nuc <= 98.64471611143634,0.08600179238788702
arexp,1.0,0.04123960592767611,0.0,2143.5,arexp <= 3.296579902275539,0.08227819099536637
age,9.0,0.015142037005136643,0.0,575.0,7.346025962989069 < age <= 349.3395012011218,0.03021026473803998
