feature,value,importance,min,max,rule,importance_ratio
la,305.0,0.35409141309444014,0.0,9094.0,295.36187796957415 < la <= 471.1648215786653,0.6813236303890389
arexp,2.0,0.06788898828825242,0.0,2143.5,arexp <= 3.296579902275539,0.13062833565990634
nuc,65.4,0.03125734322337468,0.0,480.0,17.02187028864449 < nuc <= 98.64471611143634,0.06014369672270443
age,4.6,0.022171227733309866,0.0,575.0,0.035001551722574575 < age <= 7.346025962989069,0.04266068255490832
ld,99.0,0.021147320305211114,0.0,9176.0,71.3286997568262 < ld <= 106.9077758780692,0.04069053501589279
