feature,value,importance,min,max,rule,importance_ratio
la,1129,0.4280754963656733,0.0,9094.0,la > 471.1648215786653,0.667445003628907
nd,10,0.06841053421653434,1.0,46.0,6.501361706446655 < nd <= 43.480788426363866,0.10666405726574461
ld,313,0.05683856423397186,0.0,9176.0,106.9077758780692 < ld <= 326.31207862573433,0.08862132038269893
arexp,60.5,-0.03267997860030789,0.0,2143.5,18.99314235170766 < arexp <= 741.0350150255845,0.05095383552821404
ns,1,-0.02620727781070211,1.0,8.0,ns <= 1.4995095840290027,0.04086175635366382
