feature,value,importance,min,max,rule,importance_ratio
la,564,0.37698251313642833,0.0,9094.0,la > 471.1648215786653,0.6540207956882076
ld,32,0.07548447504285041,0.0,9176.0,14.995162564858127 < ld <= 35.749623635583205,0.1309567810424285
nuc,18.125,0.05648878034282558,0.0,480.0,17.021870288644497 < nuc <= 98.64471611143635,0.0980014610224135
age,80.5,0.04308873958202598,0.0,575.0,7.346025962989069 < age <= 349.3395012011218,0.07475394949271834
ns,1,-0.019482072864857092,1.0,8.0,ns <= 1.4995095840290027,0.03379912954243136
