feature,value,importance,min,max,rule,importance_ratio
la,449,0.30622162258660357,0.0,9094.0,295.36187796957415 < la <= 471.1648215786653,0.6334191789071054
ns,1,-0.05407337725849938,1.0,8.0,ns <= 1.4995095840290027,0.1118507371703517
nd,6,0.03676973831575253,1.0,46.0,4.49814249084984 < nd <= 6.501361706446655,0.07605817399784104
nuc,79.5454545454545,0.034391636259899605,0.0,480.0,17.021870288644497 < nuc <= 98.64471611143635,0.07113907181670866
arexp,22.5,-0.03374746902774319,0.0,2143.5,18.99314235170766 < arexp <= 741.0350150255845,0.06980661241745123
