feature,value,importance,min,max,rule,importance_ratio
la,648,0.3772398844368487,0.0,9094.0,la > 471.1648215786653,0.6066332545859817
nd,11,0.13178545218751211,1.0,46.0,6.501361706446655 < nd <= 43.480788426363866,0.21192201849743414
arexp,259.833333333334,-0.04605601368584653,0.0,2143.5,18.99314235170766 < arexp <= 741.0350150255845,0.07406191823330045
ld,847,0.024444760240119184,0.0,9176.0,ld > 326.31207862573433,0.0393092169566708
ns,1,0.019166997523797843,1.0,8.0,ns <= 1.4995095840290027,0.0308221335235018
