feature,value,importance,min,max,rule,importance_ratio
la,1316.0,0.43489329059358045,0.0,9094.0,la > 471.1648215786653,0.7118900537174642
nd,10.0,0.07914719033532801,1.0,46.0,6.501361706446655 < nd <= 43.480788426363866,0.12955844295160235
nuc,28.125,0.05778348759151479,0.0,480.0,17.02187028864449 < nuc <= 98.64471611143634,0.0945875481991469
ld,90.0,0.0194315218572292,0.0,9176.0,71.3286997568262 < ld <= 106.9077758780692,0.03180804909607674
age,20.1875,0.01041483448793417,0.0,575.0,7.346025962989069 < age <= 349.3395012011218,0.017048359318108545
