feature,value,importance,min,max,rule,importance_ratio
la,380.0,0.2972610615155489,0.0,9094.0,295.36187796957415 < la <= 471.1648215786653,0.5948634411514192
nd,10.0,0.08901448416956127,1.0,46.0,6.501361706446655 < nd <= 43.480788426363866,0.17813117565905623
age,59.31578947368421,0.027178665108201588,0.0,575.0,7.346025962989069 < age <= 349.3395012011218,0.05438853703118168
ld,12.0,0.025371776435238358,0.0,9176.0,9.065316544650969 < ld <= 14.995162564858127,0.05077268499763102
arexp,16.0,0.023194796422696215,0.0,2143.5,3.296579902275539 < arexp <= 18.99314235170766,0.04641622534234938
