feature,value,importance,min,max,rule,importance_ratio
la,671,0.4254623067553574,0.0,9094.0,la > 471.1648215786653,0.6746015629832445
nd,9,0.08647497834571255,1.0,46.0,6.501361706446655 < nd <= 43.480788426363866,0.1371123942702248
nuc,21.846153846153804,0.038060716019036774,0.0,480.0,17.021870288644497 < nuc <= 98.64471611143635,0.06034804518997571
age,90.92307692307692,0.0324501223891996,0.0,575.0,7.346025962989069 < age <= 349.3395012011218,0.05145203919401251
arexp,19.0,0.02128829211243726,0.0,2143.5,3.296579902275539 < arexp <= 18.99314235170766,0.03375414203390702
