feature,value,importance,min,max,rule,importance_ratio
la,607,0.3954281780826516,0.0,9094.0,la > 471.1648215786653,0.5198759269095754
ld,344,0.10313617890804805,0.0,9176.0,ld > 326.31207862573433,0.13559483005919257
nd,7,0.09574261797975143,1.0,46.0,6.501361706446655 < nd <= 43.480788426363866,0.12587439395016745
nuc,42.6451612903226,0.07990884396630807,0.0,480.0,17.021870288644497 < nuc <= 98.64471611143635,0.10505747093363152
ns,1,0.0404959707893924,1.0,8.0,ns <= 1.4995095840290027,0.05324071858591228
