feature,value,importance,min,max,rule,importance_ratio
la,714,0.4158438039733949,0.0,9094.0,la > 471.1648215786653,0.7376422010594581
arexp,405.5,-0.0385930775357242,0.0,2143.5,18.99314235170766 < arexp <= 741.0350150255845,0.06845811428978574
ld,31,0.032686445864411245,0.0,9176.0,14.995162564858127 < ld <= 35.749623635583205,0.05798066880365906
nd,6,0.032090526194439174,1.0,46.0,4.49814249084984 < nd <= 6.501361706446655,0.056923600036942634
nuc,26.25,0.024523409515949408,0.0,480.0,17.021870288644497 < nuc <= 98.64471611143635,0.04350071252711204
