feature,value,importance,min,max,rule,importance_ratio
la,111.0,0.11120580160859841,0.0,9094.0,89.63502906531855 < la <= 198.10918576028968,0.3798678500594334
nd,35.0,0.07562510806080575,1.0,46.0,6.501361706446655 < nd <= 43.480788426363866,0.25832777421703684
age,162.122448979592,0.02736123878672107,0.0,575.0,7.346025962989069 < age <= 349.3395012011218,0.09346324384636132
ld,273.0,0.023871183401206846,0.0,9176.0,106.9077758780692 < ld <= 326.31207862573433,0.08154156515058789
arexp,0.0,0.02102297595741742,0.0,2143.5,arexp <= 3.296579902275539,0.07181237456389902
