feature,value,importance,min,max,rule,importance_ratio
la,655.0,0.40700253073760756,0.0,9094.0,la > 471.1648215786653,0.6103505583713639
nd,12.0,0.09061579128820774,1.0,46.0,6.501361706446655 < nd <= 43.480788426363866,0.13588956980141473
nuc,48.864864864864906,0.04867065913725097,0.0,480.0,17.02187028864449 < nuc <= 98.64471611143634,0.07298766404937877
ld,409.0,0.0386943969936246,0.0,9176.0,ld > 326.31207862573433,0.05802702692806559
arexp,203.0,-0.032377649529147526,0.0,2143.5,18.99314235170766 < arexp <= 741.0350150255845,0.0485542840066707
