feature,value,importance,min,max,rule,importance_ratio
la,389.0,0.35288197048273723,0.0,9094.0,295.36187796957415 < la <= 471.1648215786653,0.5175841964850556
nd,6.0,0.14647258812720143,1.0,46.0,4.49814249084984 < nd <= 6.501361706446655,0.21483641323243158
nuc,55.4444444444444,0.06051553718706548,0.0,480.0,17.02187028864449 < nuc <= 98.64471611143634,0.08876023234335527
arexp,110.0,-0.03533820724085165,0.0,2143.5,18.99314235170766 < arexp <= 741.0350150255845,0.051831771328406065
age,33.4444444444444,0.03228915887734418,0.0,575.0,7.346025962989069 < age <= 349.3395012011218,0.047359626590857656
