feature,value,importance,min,max,rule,importance_ratio
la,432,0.33359564069857023,0.0,9094.0,295.36187796957415 < la <= 471.1648215786653,0.7343753852896782
arexp,112.0,-0.04441953567268804,0.0,2143.5,18.99314235170766 < arexp <= 741.0350150255845,0.09778489178008822
nuc,170.0,0.03533626704950623,0.0,480.0,98.64471611143635 < nuc <= 253.39785732459083,0.07778904027294538
ns,1,-0.026275131632214278,1.0,8.0,ns <= 1.4995095840290027,0.05784191266869595
nd,3,0.008563632255793789,1.0,46.0,2.4949232752530253 < nd <= 4.49814249084984,0.01885192721391168
