feature,value,importance,min,max,rule,importance_ratio
la,338.0,0.29543403259944384,0.0,9094.0,295.36187796957415 < la <= 471.1648215786653,0.6803176491255396
nd,10.0,0.07490555119321393,1.0,46.0,6.501361706446655 < nd <= 43.480788426363866,0.17249051521194309
ns,1.0,-0.03164289139012417,1.0,8.0,ns <= 1.4995095840290027,0.07286641045600573
ld,145.0,0.016887628906238093,0.0,9176.0,106.9077758780692 < ld <= 326.31207862573433,0.038888383629022825
arexp,219.5,-0.010180544831422961,0.0,2143.5,18.99314235170766 < arexp <= 741.0350150255845,0.02344348843493351
