feature,value,importance,min,max,rule,importance_ratio
la,4031.0,0.4234413936382857,0.0,9094.0,la > 471.1648215786653,0.5681643432474812
nd,47.0,0.1804615004746121,1.0,46.0,nd > 43.480788426363866,0.24213926989433215
nuc,41.80821917808221,0.04672046958234944,0.0,480.0,17.02187028864449 < nuc <= 98.64471611143634,0.06268849790142345
arexp,288.0,-0.03970937490671681,0.0,2143.5,18.99314235170766 < arexp <= 741.0350150255845,0.0532811653598404
ld,516.0,0.026488553030312667,0.0,9176.0,ld > 326.31207862573433,0.03554175751863229
