feature,value,importance,min,max,rule,importance_ratio
la,1528,0.4331998725106821,0.0,9094.0,la > 471.1648215786653,0.7477570003980385
nd,8,0.06925520752800703,1.0,46.0,6.501361706446655 < nd <= 43.480788426363866,0.11954312438494363
age,20.5238095238095,0.02580502276928985,0.0,575.0,7.346025962989069 < age <= 349.3395012011218,0.044542687211182076
ns,1,-0.017681621621774155,1.0,8.0,ns <= 1.4995095840290027,0.030520683834561652
ld,80,0.01474994844615971,0.0,9176.0,71.3286997568262 < ld <= 106.9077758780692,0.0254602503509604
