feature,value,importance,min,max,rule,importance_ratio
la,1402,0.40922550327358553,0.0,9094.0,la > 471.1648215786653,0.6321330909574367
nd,9,0.07496150019287438,1.0,46.0,6.501361706446655 < nd <= 43.480788426363866,0.11579347924473991
nuc,29.0,0.05743988547964985,0.0,480.0,17.021870288644497 < nuc <= 98.64471611143635,0.08872773583766021
age,100.65,0.041981059715840735,0.0,575.0,7.346025962989069 < age <= 349.3395012011218,0.06484839490099313
arexp,2.0,0.02492472698466966,0.0,2143.5,arexp <= 3.296579902275539,0.03850137536407657
