feature,value,importance,min,max,rule,importance_ratio
la,642,0.3486015654873447,0.0,9094.0,la > 471.1648215786653,0.5853446254453825
nuc,49.4,0.08074311382607875,0.0,480.0,17.021870288644497 < nuc <= 98.64471611143635,0.13557755443165306
ld,30,-0.05311904456919488,0.0,9176.0,14.995162564858127 < ld <= 35.749623635583205,0.08919336665601038
age,35.6,0.04557948882889782,0.0,575.0,7.346025962989069 < age <= 349.3395012011218,0.07653353128017361
arexp,25.0,-0.02721230985702723,0.0,2143.5,18.99314235170766 < arexp <= 741.0350150255845,0.04569279342878782
