feature,value,importance,min,max,rule,importance_ratio
la,768,0.4662548817487409,0.0,9094.0,la > 471.1648215786653,0.6714018838344175
nd,9,0.05142434352952398,1.0,46.0,6.501361706446655 < nd <= 43.480788426363866,0.07405048713093473
age,28.3333333333333,0.04415066037028979,0.0,575.0,7.346025962989069 < age <= 349.3395012011218,0.06357646365860527
nuc,34.75,0.04208258449750309,0.0,480.0,17.021870288644497 < nuc <= 98.64471611143635,0.06059845722638575
arexp,356.0,-0.039743842042962364,0.0,2143.5,18.99314235170766 < arexp <= 741.0350150255845,0.05723069390368803
