feature,value,importance,min,max,rule,importance_ratio
la,231,0.21531116479152673,0.0,9094.0,198.10918576028968 < la <= 295.36187796957415,0.49434930345826034
ld,551,0.046095434070555406,0.0,9176.0,ld > 326.31207862573433,0.10583401816365998
nuc,28.1176470588235,0.04542324615842003,0.0,480.0,17.021870288644497 < nuc <= 98.64471611143635,0.10429069073575381
nd,5,0.043806603747456214,1.0,46.0,4.49814249084984 < nd <= 6.501361706446655,0.10057891828505508
arexp,327.0,-0.03338257494572469,0.0,2143.5,18.99314235170766 < arexp <= 741.0350150255845,0.07664559656272693
