feature,value,importance,min,max,rule,importance_ratio
la,221,0.24670485140629286,0.0,9094.0,198.10918576028968 < la <= 295.36187796957415,0.6157468451674584
ld,355,0.041314002214820726,0.0,9176.0,ld > 326.31207862573433,0.10311498286315564
nuc,79.61904761904759,0.03936639903775397,0.0,480.0,17.021870288644497 < nuc <= 98.64471611143635,0.09825399004083782
age,27.142857142857103,0.0273265523075018,0.0,575.0,7.346025962989069 < age <= 349.3395012011218,0.06820392171752226
nd,6,0.026197870747888166,1.0,46.0,4.49814249084984 < nd <= 6.501361706446655,0.06538686276805625
