feature,value,importance,min,max,rule,importance_ratio
la,393,0.36079420910855464,0.0,9094.0,295.36187796957415 < la <= 471.1648215786653,0.6210268265571205
arexp,182.500000000001,-0.07214679356569347,0.0,2143.5,18.99314235170766 < arexp <= 741.0350150255845,0.12418462692369175
nuc,17.461538461538506,0.05770440933179126,0.0,480.0,17.021870288644497 < nuc <= 98.64471611143635,0.09932528100774808
nd,7,0.04586612695287337,1.0,46.0,6.501361706446655 < nd <= 43.480788426363866,0.07894831610071311
age,23.076923076923105,0.022039638028955685,0.0,575.0,7.346025962989069 < age <= 349.3395012011218,0.03793632524592936
