feature,value,importance,min,max,rule,importance_ratio
la,752,0.4031517804853824,0.0,9094.0,la > 471.1648215786653,0.771683964384581
nd,5,0.04622440695142924,1.0,46.0,4.49814249084984 < nd <= 6.501361706446655,0.08847941478680496
arexp,251.333333333334,-0.026460775624589192,0.0,2143.5,18.99314235170766 < arexp <= 741.0350150255845,0.05064930188349805
ld,258,0.016100595918618,0.0,9176.0,106.9077758780692 < ld <= 326.31207862573433,0.030818595598100886
nuc,162.125,0.015650376216215726,0.0,480.0,98.64471611143635 < nuc <= 253.39785732459083,0.029956817623623035
