feature,value,importance,min,max,rule,importance_ratio
la,327,0.3186045627381179,0.0,9094.0,295.36187796957415 < la <= 471.1648215786653,0.760486964093615
nuc,59.0,0.047376386770339965,0.0,480.0,17.021870288644497 < nuc <= 98.64471611143635,0.11308414491952981
age,6.75,0.014778733426312184,0.0,575.0,0.035001551722574575 < age <= 7.346025962989069,0.03527581030207369
arexp,13.5,0.012634989084052632,0.0,2143.5,3.296579902275539 < arexp <= 18.99314235170766,0.030158841440651975
nd,3,-0.010426029009976905,1.0,46.0,2.4949232752530253 < nd <= 4.49814249084984,0.024886207156633058
