feature,value,importance,min,max,rule,importance_ratio
la,1696,0.39192101462645806,0.0,9094.0,la > 471.1648215786653,0.6241690607541533
nd,8,0.06915519222775358,1.0,46.0,6.501361706446655 < nd <= 43.480788426363866,0.11013579208098911
age,29.5,0.06182678535293392,0.0,575.0,7.346025962989069 < age <= 349.3395012011218,0.09846465257794376
nuc,47.1818181818182,0.04935729697311042,0.0,480.0,17.021870288644497 < nuc <= 98.64471611143635,0.07860588369427636
ns,1,0.03654498092510312,1.0,8.0,ns <= 1.4995095840290027,0.058201131268861984
