feature,value,importance,min,max,rule,importance_ratio
la,1589,0.35787958386231483,0.0,9094.0,la > 471.1648215786653,0.5265215203131245
ld,862,0.09947777092171153,0.0,9176.0,ld > 326.31207862573433,0.1463542195332693
nd,7,0.0740430489258029,1.0,46.0,6.501361706446655 < nd <= 43.480788426363866,0.10893401145797522
nuc,20.4375,0.053003948893975035,0.0,480.0,17.021870288644497 < nuc <= 98.64471611143635,0.07798075389791356
arexp,209.0,-0.044386946183767886,0.0,2143.5,18.99314235170766 < arexp <= 741.0350150255845,0.06530320096640548
