feature,value,importance,min,max,rule,importance_ratio
la,1236,0.4294121860543646,0.0,9094.0,la > 471.1648215786653,0.7510222889154023
nuc,25.0909090909091,0.05006737814416494,0.0,480.0,17.021870288644497 < nuc <= 98.64471611143635,0.08756555625336462
arexp,1.0,0.037433493037347866,0.0,2143.5,arexp <= 3.296579902275539,0.06546946858058786
ld,115,0.02344266304824645,0.0,9176.0,106.9077758780692 < ld <= 326.31207862573433,0.04100014632220431
age,3.45454545454545,0.016600571546110405,0.0,575.0,0.035001551722574575 < age <= 7.346025962989069,0.029033640974234796
