feature,value,importance,min,max,rule,importance_ratio
la,324,0.2822922288408565,0.0,9094.0,295.36187796957415 < la <= 471.1648215786653,0.5427145088634453
nd,7,0.07342069457389543,1.0,46.0,6.501361706446655 < nd <= 43.480788426363866,0.14115328771075844
arexp,24.0,-0.04571645750440021,0.0,2143.5,18.99314235170766 < arexp <= 741.0350150255845,0.08789113637082951
nuc,43.7272727272727,0.0408280483664144,0.0,480.0,17.021870288644497 < nuc <= 98.64471611143635,0.07849303648214573
ns,1,0.032461239387277685,1.0,8.0,ns <= 1.4995095840290027,0.062407618032931766
