feature,value,importance,min,max,rule,importance_ratio
la,284,0.2528440607784261,0.0,9094.0,198.10918576028968 < la <= 295.36187796957415,0.6225317897822183
nd,8,0.06384577149063214,1.0,46.0,6.501361706446655 < nd <= 43.480788426363866,0.157195792037687
nuc,25.0,0.03909545743047394,0.0,480.0,17.021870288644497 < nuc <= 98.64471611143635,0.09625761036908692
ns,1,-0.02537566927613398,1.0,8.0,ns <= 1.4995095840290027,0.06247787969691249
age,6.571428571428571,0.018973398068240825,0.0,575.0,0.035001551722574575 < age <= 7.346025962989069,0.04671473564104483
