feature,value,importance,min,max,rule,importance_ratio
la,827,0.41595722942720964,0.0,9094.0,la > 471.1648215786653,0.6608615071054535
nd,7,0.08038516107993188,1.0,46.0,6.501361706446655 < nd <= 43.480788426363866,0.12771375262151743
nuc,50.63636363636361,0.04775915217575507,0.0,480.0,17.021870288644497 < nuc <= 98.64471611143635,0.07587843906069533
arexp,26.3333333333333,-0.03615849447151156,0.0,2143.5,18.99314235170766 < arexp <= 741.0350150255845,0.057447630334524505
age,145.090909090909,0.02438117189953583,0.0,575.0,7.346025962989069 < age <= 349.3395012011218,0.03873614128239115
