feature,value,importance,min,max,rule,importance_ratio
la,483,0.3890853150387852,0.0,9094.0,la > 471.1648215786653,0.6296987405646163
nd,7,0.09309208945530513,1.0,46.0,6.501361706446655 < nd <= 43.480788426363866,0.15066097131085715
nuc,179.8,0.0522028489677333,0.0,480.0,98.64471611143635 < nuc <= 253.39785732459083,0.08448550222356696
age,10.7,0.03902957923155099,0.0,575.0,7.346025962989069 < age <= 349.3395012011218,0.06316577865300484
ns,1,-0.02473633502859028,1.0,8.0,ns <= 1.4995095840290027,0.04003347957795579
