feature,value,importance,min,max,rule,importance_ratio
la,382,0.3162124965696428,0.0,9094.0,295.36187796957415 < la <= 471.1648215786653,0.7070449561911594
nuc,134.166666666667,0.058781997455653344,0.0,480.0,98.64471611143635 < nuc <= 253.39785732459083,0.131435396344963
nd,5,0.025941056217471604,1.0,46.0,4.49814249084984 < nd <= 6.501361706446655,0.05800369421135472
arexp,12.0,0.02496478516554721,0.0,2143.5,3.296579902275539 < arexp <= 18.99314235170766,0.055820771238269264
ns,1,-0.012647183545116257,1.0,8.0,ns <= 1.4995095840290027,0.028278854987088903
