feature,value,importance,min,max,rule,importance_ratio
la,1198,0.39255294366760063,0.0,9094.0,la > 471.1648215786653,0.6643914720694131
nd,8,0.05443465638755112,1.0,46.0,6.501361706446655 < nd <= 43.480788426363866,0.0921300478631533
ns,1,-0.04144811629679943,1.0,8.0,ns <= 1.4995095840290027,0.0701504738281947
ld,974,0.0374594613806756,0.0,9176.0,ld > 326.31207862573433,0.06339971993869041
age,12.0,0.03609617045094108,0.0,575.0,7.346025962989069 < age <= 349.3395012011218,0.06109236526901772
