feature,value,importance,min,max,rule,importance_ratio
la,520,0.4151700711454408,0.0,9094.0,la > 471.1648215786653,0.783689298178164
arexp,0.0,0.04063021272037129,0.0,2143.5,arexp <= 3.296579902275539,0.07669498623493673
ns,1,-0.02219854138449937,1.0,8.0,ns <= 1.4995095840290027,0.041902729814314754
ld,125,0.018798066728810615,0.0,9176.0,106.9077758780692 < ld <= 326.31207862573433,0.03548387695953903
nuc,9.4,-0.01865835448025536,0.0,480.0,4.2830446400006785 < nuc <= 17.021870288644497,0.03522015131641865
