feature,value,importance,min,max,rule,importance_ratio
la,602,0.3851553811817504,0.0,9094.0,la > 471.1648215786653,0.6558779907583583
arexp,0.0,0.07120678250136332,0.0,2143.5,arexp <= 3.296579902275539,0.12125745534715252
ns,1,-0.04687800840252545,1.0,8.0,ns <= 1.4995095840290027,0.07982818224547414
ld,424,0.04450197641427278,0.0,9176.0,ld > 326.31207862573433,0.07578205654511072
nd,5,0.025196997407824204,1.0,46.0,4.49814249084984 < nd <= 6.501361706446655,0.042907763568773294
