feature,value,importance,min,max,rule,importance_ratio
la,338,0.34442682387099344,0.0,9094.0,295.36187796957415 < la <= 471.1648215786653,0.7357540271130035
arexp,58.66666666666679,-0.040450163029763966,0.0,2143.5,18.99314235170766 < arexp <= 741.0350150255845,0.08640839877695942
age,66.28571428571429,0.02855670441775282,0.0,575.0,7.346025962989069 < age <= 349.3395012011218,0.06100195693325845
nuc,196.714285714286,0.023682991976402796,0.0,480.0,98.64471611143635 < nuc <= 253.39785732459083,0.05059088175794886
ld,98,0.016165589648868564,0.0,9176.0,71.3286997568262 < ld <= 106.9077758780692,0.034532437256589055
