feature,value,importance,min,max,rule,importance_ratio
la,976,0.42300097158017685,0.0,9094.0,la > 471.1648215786653,0.6824531015523103
nuc,61.28571428571429,0.07739405103806143,0.0,480.0,17.021870288644497 < nuc <= 98.64471611143635,0.1248645126636821
ns,1,0.053168494127597735,1.0,8.0,ns <= 1.4995095840290027,0.08577995361735784
nd,4,-0.03543764197800587,1.0,46.0,2.4949232752530253 < nd <= 4.49814249084984,0.057173695344589645
age,9.428571428571429,0.020726616833848837,0.0,575.0,7.346025962989069 < age <= 349.3395012011218,0.03343950698294174
