feature,value,importance,min,max,rule,importance_ratio
la,4031,0.23983171772069695,0.0,9094.0,la > 471.1648215786653,0.3840723454138086
nd,47,0.21998746611557368,1.0,46.0,nd > 43.480788426363866,0.35229327828542556
nuc,41.80821917808221,0.07047283432988866,0.0,480.0,17.021870288644497 < nuc <= 98.64471611143635,0.11285691078008449
ld,516,0.060994396663288486,0.0,9176.0,ld > 326.31207862573433,0.09767791018722188
arexp,288.0,-0.019368651726264233,0.0,2143.5,18.99314235170766 < arexp <= 741.0350150255845,0.03101742991589119
