,nuc,arexp,ent,ndev,age,asexp,la,ld,target
0,1506.0,988.83,0.81,16.5,106.0,1.66,3.0,1.0,0
1,1547.0,1028.75,0.25,19.0,52.0,1.66,20.0,4.0,0
2,1600.5,2422.97,0.23,20.5,112.5,0.12,15.0,40.0,0
3,1597.5,0.0,0.34,21.0,71.5,0.0,12.0,4.0,0
4,1722.0,0.0,0.37,22.5,8.5,0.0,8.0,6.0,0
5,1607.5,952.75,0.63,22.5,36.5,0.2,18.0,1.0,0
6,1607.5,952.75,0.67,22.5,36.5,0.2,16.0,1.0,0
7,1627.5,1100.75,0.41,22.5,35.5,1.66,10.0,2.0,0
8,1626.0,656.5,0.08,23.0,159.5,0.94,124.0,166.0,0
9,1620.5,55.0,0.47,23.0,17.5,0.57,7.0,3.0,0
10,1631.5,663.5,0.72,23.0,32.0,0.94,5.0,0.0,0
11,1631.5,138.0,0.34,23.5,2.0,1.67,14.0,2.0,0
12,1736.0,678.0,0.29,23.5,4.5,0.94,10.0,10.0,0
13,1649.0,2390.78,0.24,23.5,40.5,0.12,14.0,12.0,0
14,1647.0,1002.17,0.72,23.5,3.0,0.2,5.0,0.0,1
15,1800.0,1002.17,0.72,24.0,99.0,0.2,5.0,0.0,0
16,1765.0,700.5,0.92,23.5,3.0,0.94,2.0,1.0,1
17,1760.5,1026.17,0.92,24.0,4.0,0.2,3.0,0.0,0
18,1760.5,1026.17,0.92,24.0,4.0,0.2,3.0,0.0,0
19,1685.0,1058.25,0.29,25.0,10.5,0.2,20.0,0.0,0
20,1695.0,102.0,0.54,26.5,3.5,1.13,6.0,2.0,0
21,1695.0,707.0,0.92,26.0,7.5,0.94,2.0,1.0,0
22,1726.0,0.0,0.97,26.0,24.5,0.0,4.0,1.0,0
23,1695.5,710.5,0.97,26.5,29.5,0.94,4.0,1.0,0
24,1717.5,130.0,0.72,27.5,6.0,1.13,5.0,0.0,0
25,1920.5,145.0,0.92,27.5,4.0,1.13,4.0,2.0,0
26,1704.5,2402.57,0.44,27.0,30.5,0.12,6.0,5.0,0
27,1714.0,1134.0,0.92,27.0,46.0,0.2,2.0,1.0,0
28,1725.5,1108.92,0.65,27.5,22.5,1.66,5.0,1.0,0
29,1723.0,1114.92,0.65,27.5,321.0,1.66,6.0,0.0,0
30,1721.0,1167.15,0.29,27.5,6.5,0.2,12.0,8.0,0
31,1774.5,1125.92,0.06,27.5,0.5,1.66,79.0,61.0,0
32,1154.33,1133.83,1.13,18.33,200.33,1.66,40.0,6.0,0
33,1158.67,1135.83,1.04,18.33,73.67,1.26,157.0,11.0,0
34,1756.0,1148.83,0.72,27.5,0.0,1.66,10.0,0.0,1
35,1974.0,1151.83,0.81,27.5,2.5,1.66,4.0,0.0,1
36,1833.5,244.67,0.92,27.5,3.0,1.0,2.0,1.0,1
37,1747.0,4.0,0.41,27.5,6.0,1.88,11.0,1.0,0
38,1983.5,3.0,0.18,27.5,1.0,1.62,14.0,24.0,0
39,1758.0,4.0,0.5,28.0,0.5,1.75,7.0,2.0,0
40,1170.33,180.0,1.21,18.67,164.0,0.93,35.0,7.0,0
41,1793.0,0.0,0.22,28.0,3.5,0.0,13.0,15.0,0
42,1751.0,201.5,0.72,28.5,0.0,1.13,5.0,0.0,1
43,1839.5,202.5,0.76,28.5,7.5,1.13,9.0,0.0,0
44,1755.0,255.67,0.13,28.5,38.0,1.0,35.0,22.0,0
45,1956.0,2397.77,0.81,29.0,1.0,0.12,3.0,1.0,1
46,1761.5,184.0,0.39,29.5,151.5,1.67,11.0,2.0,0
47,1987.5,1169.83,0.5,30.5,3.5,1.66,19.0,8.0,0
48,1851.5,1174.83,0.86,30.0,1.0,1.66,7.0,0.0,1
49,1967.0,764.0,0.86,30.0,0.5,0.94,7.0,0.0,1
50,1793.0,768.5,0.72,30.0,3.0,0.94,5.0,0.0,1
51,1812.0,237.5,0.92,30.0,2.5,1.13,2.0,1.0,1
52,2184.5,250.33,0.59,31.5,0.0,1.0,4.0,3.0,0
53,1777.5,56.0,0.21,30.0,3.0,1.07,7.0,23.0,0
54,1822.0,158.0,0.92,30.0,3.0,1.34,2.0,1.0,1
55,1790.5,1172.17,0.19,30.0,1.5,1.66,13.0,21.0,0
56,1890.0,255.33,0.92,31.5,2.5,1.0,1.0,2.0,1
57,1781.5,205.0,0.34,30.0,4.0,1.67,12.0,4.0,0
58,1796.5,1240.13,0.1,30.5,3.0,0.2,51.0,23.0,0
59,825.0,507.5,0.0,25.0,1.0,315.0,0.0,3.0,0
60,2196.5,1242.93,0.5,31.5,0.0,0.2,9.0,0.0,1
61,1836.5,205.5,0.35,30.0,6.5,1.67,12.0,3.0,0
62,828.0,1254.78,0.0,26.0,0.0,689.0,0.0,3.0,0
63,1212.33,0.0,0.87,20.67,74.33,0.0,87.0,7.0,0
64,1846.0,2.0,0.4,31.5,0.0,1.5,20.0,5.0,0
65,1291.0,114.5,1.27,21.33,70.67,1.53,19.0,2.0,0
66,1801.0,2.0,0.11,32.0,6.0,1.25,34.0,34.0,0
67,2215.5,1252.17,0.92,34.0,7.5,0.2,2.0,1.0,0
68,2216.5,1254.17,0.32,34.0,0.0,0.2,16.0,1.0,1
69,1846.0,207.5,0.81,32.5,5.5,1.67,4.0,0.0,0
70,1811.5,263.33,0.65,33.5,15.0,1.0,5.0,1.0,0
71,1300.0,0.0,1.38,22.67,35.67,0.0,4.0,3.0,0
72,1221.67,0.0,1.14,22.67,15.33,0.0,17.0,3.0,0
73,1821.5,0.0,0.5,35.5,15.5,0.0,18.0,0.0,0
74,1820.0,2253.52,0.81,36.0,28.0,0.12,3.0,1.0,0
75,1825.0,768.5,0.59,36.0,133.0,0.94,7.0,0.0,0
76,1832.5,771.5,0.05,36.0,7.5,0.94,78.0,109.0,0
77,1831.5,87.5,0.32,37.5,21.0,1.03,15.0,2.0,0
78,1944.5,93.5,0.41,38.5,0.0,1.03,11.0,1.0,1
79,1838.0,279.5,0.52,38.0,13.0,1.13,16.0,1.0,0
80,1402.67,26.58,0.7,26.67,1.33,0.04,157.0,0.0,1
81,1847.0,1231.15,0.74,38.5,4.5,0.2,6.0,13.0,0
82,1844.5,295.5,0.25,39.0,3.5,1.13,33.0,15.0,0
83,1901.0,40.0,0.47,39.5,8.0,1.38,8.0,2.0,0
84,1358.33,1230.1,1.52,26.33,11.33,0.2,4.0,1.0,0
85,1287.0,301.5,0.42,26.0,11.33,0.69,30.0,0.0,0
86,1977.5,2190.17,0.59,39.0,0.5,0.12,7.0,0.0,1
87,1262.67,3.0,0.98,26.67,1.0,1.5,80.0,20.0,1
88,1870.0,0.0,0.41,39.0,122.5,0.0,11.0,1.0,0
89,1248.0,281.33,1.36,26.33,4.67,1.0,10.0,0.0,0
90,1526.67,3.0,1.15,27.67,4.67,1.25,8.0,6.0,0
91,1915.5,96.5,0.32,40.0,0.0,1.03,17.0,0.0,1
92,1263.67,229.5,0.96,26.33,38.33,0.93,60.0,11.0,0
93,1878.5,4.0,0.59,39.5,0.0,1.38,5.0,2.0,1
94,1249.0,237.5,0.88,26.33,4.67,0.93,79.0,44.0,0
95,2296.5,0.0,0.65,41.5,2.0,0.0,4.0,2.0,1
96,1375.67,1234.37,1.52,27.0,11.67,0.2,4.0,1.0,0
97,2299.5,2124.38,0.65,40.5,2.0,0.12,4.0,2.0,0
98,1605.0,2.0,0.96,27.0,0.67,1.5,38.0,12.0,1
99,859.0,485.83,0.0,27.0,1.0,336.0,2.0,2.0,1
100,2107.5,2113.73,1.0,40.5,6.0,0.12,3.0,1.0,0
101,1546.67,245.0,1.22,27.0,2.33,1.67,12.0,5.0,0
102,1877.5,2105.3,0.92,40.0,31.0,0.12,2.0,1.0,0
103,2112.5,14.0,0.32,40.5,0.5,2.0,16.0,1.0,1
104,1893.5,35.0,0.81,40.0,16.5,0.96,4.0,0.0,0
105,1882.5,94.0,0.06,40.0,47.5,1.07,83.0,74.0,0
106,1344.67,248.0,0.98,26.67,10.33,0.93,81.0,10.0,0
107,971.5,16.0,1.27,20.0,57.25,1.39,50.0,0.0,0
108,1905.5,1086.75,0.72,40.0,17.5,1.66,3.0,2.0,0
109,1264.0,42.0,1.22,26.67,1.67,0.03,8.0,1.0,1
110,2134.5,62.0,0.18,40.5,0.5,1.38,24.0,12.0,0
111,1257.67,252.0,0.77,26.67,0.0,1.25,241.0,0.0,1
112,1265.33,43.83,1.35,27.0,38.0,0.03,11.0,0.0,0
113,1912.5,68.0,0.65,40.5,0.0,1.38,6.0,0.0,1
114,1274.0,114.0,0.87,27.0,40.67,0.51,62.0,32.0,0
115,1282.67,261.5,1.33,27.0,14.67,0.93,9.0,3.0,0
116,1931.0,1071.0,0.18,40.5,144.0,1.66,34.0,3.0,0
117,1587.67,18.0,1.08,28.0,7.0,2.0,61.0,0.0,0
118,1291.0,21.0,0.72,27.67,18.0,1.39,21.0,0.0,0
119,2020.0,6.0,0.24,42.0,3.5,1.7,26.0,0.0,0
120,1374.67,1.0,1.06,29.67,0.0,0.5,46.0,80.0,0
121,1375.67,1198.02,1.19,30.0,1.0,0.2,24.0,3.0,1
122,1943.5,776.5,0.23,42.5,2.0,0.94,20.0,35.0,0
123,1297.67,132.0,1.3,29.0,5.0,1.07,8.0,0.0,0
124,1298.67,134.0,1.3,29.0,0.0,1.07,8.0,0.0,1
125,1983.5,1.0,0.92,44.0,4.0,1.0,3.0,0.0,0
126,1949.0,281.0,0.14,44.0,0.5,1.67,30.0,22.0,0
127,1287.33,8.0,1.08,29.33,32.33,1.41,30.0,22.0,0
128,1943.0,0.0,0.54,44.5,23.5,0.0,3.0,5.0,0
129,1942.5,1.0,0.92,45.5,3.0,1.0,3.0,0.0,0
130,1419.33,377.5,1.2,30.0,28.67,0.58,12.0,2.0,0
131,505.0,53.05,0.0,26.0,9.0,43.0,2.0,1.0,0
132,1994.5,768.33,0.92,46.0,2.0,0.94,1.0,2.0,1
133,1023.5,22.0,1.5,22.75,24.5,1.39,303.0,12.0,0
134,1936.0,146.0,0.92,45.5,86.0,1.07,2.0,1.0,0
135,1946.5,159.0,0.92,45.5,0.0,1.07,3.0,0.0,1
136,506.0,56.05,0.0,26.0,6.0,44.0,1.0,2.0,0
137,1253.0,276.0,1.47,23.25,11.25,1.67,42.0,28.0,0
138,2054.5,33.0,0.47,45.5,0.0,1.87,6.0,4.0,0
139,2380.0,185.0,0.39,46.0,0.5,1.07,12.0,1.0,1
140,1988.0,193.0,0.39,45.5,20.5,1.07,11.0,2.0,0
141,1405.67,1.0,0.98,33.33,13.33,1.0,39.0,0.0,0
142,980.75,25.0,1.88,23.5,22.5,2.0,25.0,5.0,0
143,2000.0,281.33,0.2,47.0,67.5,1.67,23.0,9.0,0
144,877.0,84.0,0.0,29.0,5.0,25.0,4.0,0.0,0
145,2008.5,1.0,0.81,47.0,24.5,0.0,8.0,0.0,0
146,870.0,26.0,0.0,37.0,54.0,24.0,28.0,6.0,0
147,807.2,221.0,1.81,19.0,267.2,0.51,388.0,149.0,0
148,1339.33,230.0,1.06,31.67,0.0,1.07,40.0,48.0,1
149,1023.75,3.0,1.44,24.25,29.0,1.25,65.0,3.0,0
150,1969.5,64.62,0.81,48.0,44.5,0.03,4.0,0.0,0
151,1981.0,89.0,0.19,48.0,0.5,1.38,27.0,8.0,0
152,1418.0,249.0,1.18,32.0,0.67,0.51,15.0,7.0,0
153,2034.5,751.33,0.92,48.0,28.0,0.94,4.0,2.0,0
154,1992.5,26.5,0.32,48.0,32.0,2.0,15.0,2.0,0
155,1003.0,92.0,0.48,24.0,0.0,1.15,134.0,1.0,1
156,2007.5,1148.02,0.92,49.0,0.0,0.2,2.0,1.0,1
157,2000.0,424.5,0.34,49.0,1.0,1.13,14.0,2.0,1
158,1992.5,8.5,0.59,49.0,8.0,1.68,7.0,0.0,0
159,2114.5,1.0,0.35,50.0,8.5,1.0,4.0,11.0,0
160,2435.5,56.0,0.65,50.5,3.5,1.87,6.0,0.0,0
161,2053.0,282.33,0.81,50.0,9.0,1.67,4.0,0.0,0
162,1334.0,1.0,1.06,33.33,12.67,0.33,20.0,6.0,0
163,1476.33,7.0,0.2,33.67,29.33,1.16,77.0,0.0,0
164,1030.5,438.5,1.79,25.25,9.25,1.13,5.0,6.0,0
165,1337.0,2.0,1.07,33.67,0.0,0.67,67.0,8.0,0
166,1343.0,4.0,0.74,33.67,14.0,1.0,28.0,24.0,0
167,2147.0,262.0,0.24,50.5,3.5,1.07,18.0,7.0,0
168,2030.5,30.5,0.81,50.5,3.0,2.0,3.0,1.0,1
169,1298.0,269.0,0.93,25.75,6.25,1.07,18.0,11.0,0
170,2171.0,11.0,0.97,51.0,81.0,1.97,5.0,0.0,0
171,2069.5,292.5,0.41,51.0,0.0,1.67,8.0,4.0,0
172,1707.33,1124.42,1.52,35.33,8.67,0.05,3.0,2.0,0
173,2453.5,1125.42,0.16,53.5,1.5,0.2,24.0,20.0,0
174,2453.5,1125.42,0.21,53.5,1.5,0.2,32.0,27.0,0
175,2453.5,1125.42,0.38,53.5,1.5,0.2,34.0,34.0,0
176,1349.0,26.0,1.14,34.0,111.67,1.39,59.0,26.0,0
177,874.33,1130.42,1.3,17.83,197.5,0.2,102.0,15.0,0
178,1083.25,2.0,1.58,25.75,27.25,1.3,56.0,1.0,0
179,518.0,522.0,0.0,29.0,3.0,395.0,0.0,5.0,0
180,2021.0,0.0,0.81,51.0,23.0,0.0,4.0,0.0,0
181,2019.5,1143.82,0.47,51.5,267.5,0.2,4.0,6.0,0
182,1023.25,6.0,1.13,26.0,40.75,1.02,39.0,6.0,0
183,1373.0,298.83,1.19,34.67,21.67,1.67,12.0,0.0,0
184,1357.67,4.0,0.61,34.67,2.33,1.0,79.0,5.0,0
185,1446.33,1137.27,0.95,35.0,109.67,0.2,35.0,0.0,0
186,890.0,33.5,0.0,39.0,2.0,33.0,9.0,13.0,0
187,1410.33,0.5,1.52,35.0,17.33,1.0,3.0,2.0,0
188,1066.0,16.0,1.28,26.0,1.5,1.16,256.0,46.0,0
189,1368.0,1.5,1.3,35.0,74.67,1.5,5.0,3.0,0
190,2035.0,296.58,0.54,52.0,15.5,1.0,8.0,0.0,0
191,2036.5,90.12,0.06,52.0,13.5,0.15,139.0,3.0,0
192,1701.33,309.0,0.61,36.67,3.67,1.67,17.0,1.0,0
193,2079.5,287.5,0.39,52.5,50.5,1.07,4.0,9.0,0
194,2095.5,310.0,0.92,52.5,6.0,1.67,3.0,0.0,0
195,854.8,461.0,2.19,21.0,65.2,1.13,35.0,0.0,0
196,2075.5,1113.93,0.21,53.0,60.5,0.2,30.0,0.0,0
197,1663.0,94.12,0.9,36.67,46.33,0.96,35.0,0.0,0
198,1025.5,69.0,1.27,26.25,27.5,1.08,39.0,6.0,0
199,1394.67,3.0,0.67,35.0,12.0,1.38,5.0,11.0,0
200,1378.33,296.92,1.27,35.33,13.33,1.0,14.0,7.0,0
201,521.0,1107.53,0.0,29.0,15.0,759.0,2.0,0.0,0
202,2085.0,1110.53,0.21,53.0,2.5,0.2,30.0,0.0,0
203,2175.0,312.5,0.92,52.5,1.5,1.67,2.0,1.0,1
204,1678.0,293.5,0.72,35.33,2.0,0.51,52.0,4.0,0
205,2071.5,29.0,0.72,53.0,56.5,1.98,5.0,0.0,0
206,2132.5,1106.77,0.3,53.0,2.5,0.2,10.0,9.0,0
207,1404.0,902.38,0.94,35.33,127.67,1.26,48.0,14.0,0
208,1044.75,0.0,0.72,26.5,157.75,0.0,5.0,20.0,0
209,1111.5,308.33,1.13,26.75,4.25,0.93,84.0,40.0,0
210,1162.25,17.5,1.63,27.0,149.25,1.0,8.0,3.0,0
211,1769.33,1089.58,0.87,37.67,15.33,0.2,26.0,45.0,0
212,2525.0,306.5,0.2,54.5,2.5,1.07,19.0,14.0,0
213,2525.0,306.5,0.2,54.5,2.5,1.07,19.0,14.0,0
214,1157.0,909.38,1.98,27.25,4.5,0.88,10.0,1.0,0
215,757.5,19.5,1.57,19.17,178.5,1.69,65.0,4.0,0
216,1735.33,312.83,0.61,38.0,5.0,1.67,1.0,17.0,0
217,2087.0,57.0,0.59,54.5,25.5,2.0,4.0,3.0,0
218,525.0,492.17,0.0,30.0,21.0,425.0,13.0,13.0,0
219,1775.0,316.83,0.43,36.67,4.67,1.67,20.0,23.0,0
220,2540.0,314.92,0.34,57.5,2.5,1.0,16.0,0.0,0
221,926.4,24.0,1.8,22.2,29.0,1.16,96.0,18.0,0
222,2107.5,14.0,0.12,55.5,3.0,1.02,30.0,32.0,0
223,1371.25,321.5,1.55,28.0,4.5,1.07,34.0,17.0,0
224,857.2,89.5,2.02,22.4,220.4,0.63,111.0,144.0,0
225,1408.0,103.0,0.59,37.0,4.67,0.96,4.0,3.0,0
226,2241.5,139.52,0.81,55.5,1.5,0.96,4.0,0.0,1
227,2108.0,324.17,0.72,55.5,35.5,1.67,5.0,0.0,0
228,2099.0,326.17,0.44,55.5,38.5,1.67,11.0,0.0,0
229,1204.5,905.15,1.87,27.75,16.5,0.88,11.0,0.0,0
230,1745.67,327.5,0.99,37.67,11.67,1.07,19.0,1.0,0
231,1407.67,32.0,1.07,37.33,14.33,1.39,35.0,3.0,0
232,788.17,113.0,1.79,19.17,108.5,1.87,40.0,3.0,0
233,1099.4,31.0,1.41,22.8,21.8,1.0,22.0,2.0,0
234,1302.69,158.07,1.45,25.11,12.82,1.47,45.04,10.11,0
235,1126.8,95.4,1.62,23.75,20.38,1.32,68.86,13.8,0
236,1483.2,222.39,1.28,26.51,5.06,1.62,20.6,6.33,0
237,1518.13,234.83,1.25,26.78,3.56,1.65,15.86,5.6,0
238,1281.67,150.58,1.47,24.95,13.73,1.45,47.89,10.55,0
239,1186.01,116.5,1.56,24.21,17.84,1.37,60.84,12.56,0
240,1358.28,177.88,1.4,25.54,10.43,1.52,37.51,8.95,0
241,1178.64,113.87,1.57,24.15,18.16,1.37,61.84,12.71,0
242,1268.29,145.81,1.48,24.85,14.3,1.44,49.7,10.83,0
243,1451.67,211.15,1.31,26.26,6.42,1.59,24.86,6.99,0
244,1493.18,225.94,1.27,26.59,4.63,1.63,19.24,6.12,0
245,1074.82,76.88,1.66,23.35,22.62,1.28,75.9,14.89,0
246,1166.21,109.44,1.58,24.06,18.69,1.36,63.52,12.97,0
247,1066.98,74.09,1.67,23.29,22.96,1.27,76.96,15.05,0
248,1240.42,135.88,1.51,24.63,15.5,1.42,53.47,11.42,0
249,1131.38,97.04,1.61,23.79,20.19,1.33,68.24,13.7,0
250,1040.09,64.51,1.7,23.08,24.11,1.25,80.6,15.62,0
251,1208.78,124.61,1.54,24.39,16.86,1.39,57.76,12.08,0
252,1535.5,241.02,1.23,26.91,2.81,1.66,13.51,5.23,0
253,1447.13,209.53,1.31,26.23,6.61,1.59,25.48,7.09,0
254,1156.63,106.03,1.59,23.98,19.1,1.35,64.82,13.17,0
255,1263.05,143.95,1.49,24.81,14.53,1.44,50.41,10.94,0
256,1189.46,117.73,1.56,24.24,17.69,1.38,60.37,12.49,0
257,1066.65,73.97,1.67,23.29,22.97,1.27,77.01,15.06,0
258,1194.65,119.58,1.55,24.28,17.47,1.38,59.67,12.38,0
259,1456.09,212.73,1.31,26.3,6.23,1.6,24.27,6.9,0
260,1543.09,243.73,1.22,26.97,2.49,1.67,12.48,5.07,0
261,936.91,27.75,1.79,22.28,28.55,1.17,94.58,17.78,0
262,1476.07,219.85,1.29,26.45,5.37,1.61,21.56,6.48,0
263,1310.34,160.8,1.44,25.17,12.49,1.48,44.0,9.95,0
264,1131.05,96.92,1.61,23.78,20.2,1.33,68.28,13.71,0
265,1429.47,203.24,1.33,26.09,7.37,1.58,27.87,7.46,0
266,1390.88,189.49,1.37,25.79,9.03,1.54,33.1,8.27,0
267,1531.73,239.68,1.24,26.88,2.98,1.66,14.02,5.31,0
268,1320.05,164.26,1.43,25.25,12.08,1.48,42.69,9.75,0
269,1214.44,126.63,1.53,24.43,16.62,1.4,56.99,11.96,0
270,1068.04,74.47,1.67,23.3,22.91,1.27,76.82,15.03,0
271,994.92,48.41,1.74,22.73,26.05,1.21,86.72,16.56,0
272,1386.65,187.99,1.37,25.76,9.21,1.54,33.67,8.35,0
273,1513.46,233.17,1.25,26.74,3.76,1.65,16.5,5.7,0
274,1463.16,215.25,1.3,26.35,5.92,1.6,23.31,6.75,0
275,1172.07,111.53,1.57,24.1,18.44,1.36,62.73,12.85,0
276,1040.04,64.49,1.7,23.08,24.11,1.25,80.61,15.62,0
277,1440.27,207.09,1.32,26.18,6.91,1.58,26.41,7.23,0
278,1208.63,124.56,1.54,24.38,16.87,1.39,57.78,12.08,0
279,1311.71,161.28,1.44,25.18,12.43,1.48,43.82,9.92,0
280,1405.32,194.64,1.35,25.91,8.41,1.56,31.14,7.96,0
281,1021.85,58.01,1.71,22.94,24.9,1.24,83.07,16.0,0
282,1214.04,126.49,1.53,24.43,16.63,1.4,57.05,11.97,0
283,1473.9,219.07,1.29,26.44,5.46,1.61,21.85,6.53,0
284,1309.01,160.32,1.44,25.16,12.55,1.48,44.18,9.98,0
285,1425.12,201.69,1.34,26.06,7.56,1.57,28.46,7.55,0
286,1224.58,130.24,1.52,24.51,16.18,1.41,55.62,11.75,0
287,1168.73,110.34,1.58,24.08,18.58,1.36,63.18,12.92,0
288,1346.43,173.66,1.41,25.45,10.94,1.51,39.12,9.2,0
289,1179.36,114.13,1.57,24.16,18.12,1.37,61.74,12.7,0
290,1180.05,114.37,1.57,24.16,18.1,1.37,61.65,12.68,0
291,1373.81,183.41,1.38,25.66,9.76,1.53,35.41,8.62,0
292,1286.43,152.28,1.47,24.99,13.52,1.46,47.24,10.45,0
293,1043.6,65.76,1.69,23.11,23.96,1.25,80.13,15.54,0
294,1195.47,119.87,1.55,24.28,17.43,1.38,59.56,12.36,0
295,1532.86,240.08,1.23,26.89,2.93,1.66,13.87,5.29,0
296,1539.25,242.36,1.23,26.94,2.65,1.67,13.0,5.16,0
297,1102.64,86.8,1.64,23.56,21.42,1.3,72.13,14.31,0
298,1368.96,181.68,1.39,25.62,9.97,1.53,36.07,8.72,0
299,1215.56,127.03,1.53,24.44,16.57,1.4,56.84,11.94,0
300,963.23,37.12,1.77,22.49,27.42,1.19,91.01,17.23,0
301,947.91,31.66,1.78,22.37,28.08,1.17,93.09,17.55,0
302,1237.16,134.72,1.51,24.6,15.64,1.42,53.91,11.49,0
303,1054.85,69.77,1.68,23.19,23.48,1.26,78.61,15.31,0
304,1297.1,156.08,1.46,25.07,13.06,1.47,45.8,10.23,0
305,1437.82,206.22,1.32,26.16,7.01,1.58,26.74,7.28,0
306,1505.9,230.48,1.26,26.68,4.09,1.64,17.52,5.85,0
307,1154.51,105.27,1.59,23.97,19.19,1.35,65.11,13.22,0
308,1319.79,164.16,1.43,25.24,12.09,1.48,42.72,9.76,0
309,1278.58,149.48,1.47,24.93,13.86,1.45,48.31,10.62,0
310,1388.2,188.54,1.37,25.77,9.15,1.54,33.46,8.32,0
311,1134.32,98.08,1.61,23.81,20.06,1.33,67.84,13.64,0
312,1353.05,176.01,1.4,25.5,10.66,1.51,38.22,9.06,0
313,1183.5,115.6,1.56,24.19,17.95,1.37,61.18,12.61,0
314,1249.91,139.27,1.5,24.7,15.09,1.43,52.19,11.22,0
315,1543.44,243.85,1.22,26.98,2.47,1.67,12.44,5.07,0
316,1169.96,110.78,1.58,24.08,18.53,1.36,63.02,12.9,0
317,1375.17,183.89,1.38,25.67,9.71,1.53,35.23,8.59,0
318,1386.43,187.91,1.37,25.76,9.22,1.54,33.7,8.36,0
319,1014.98,55.56,1.72,22.89,25.19,1.23,84.0,16.14,0
320,1140.19,100.17,1.6,23.85,19.81,1.33,67.05,13.52,0
321,1298.58,156.61,1.45,25.08,13.0,1.47,45.6,10.2,0
322,1423.17,201.0,1.34,26.04,7.64,1.57,28.72,7.59,0
323,1466.16,216.32,1.3,26.38,5.79,1.61,22.9,6.69,0
324,1375.77,184.11,1.38,25.68,9.68,1.53,35.14,8.58,0
325,1062.31,72.43,1.68,23.25,23.16,1.27,77.59,15.15,0
326,1368.57,181.54,1.39,25.62,9.99,1.52,36.12,8.73,0
327,1528.84,238.65,1.24,26.86,3.1,1.66,14.41,5.37,0
328,1215.92,127.15,1.53,24.44,16.55,1.4,56.79,11.93,0
329,1304.95,158.88,1.45,25.13,12.73,1.47,44.73,10.07,0
330,1525.73,237.54,1.24,26.84,3.23,1.66,14.84,5.44,0
331,1186.49,116.67,1.56,24.21,17.82,1.37,60.78,12.55,0
332,1360.19,178.56,1.4,25.56,10.35,1.52,37.25,8.91,0
333,1183.76,115.7,1.56,24.19,17.94,1.37,61.15,12.61,0
334,1254.12,140.77,1.5,24.74,14.91,1.43,51.62,11.13,0
335,1510.2,232.01,1.26,26.72,3.9,1.64,16.94,5.76,0
336,1355.43,176.86,1.4,25.52,10.56,1.51,37.9,9.01,0
337,1420.44,200.03,1.34,26.02,7.76,1.57,29.09,7.65,0
338,1407.54,195.43,1.35,25.92,8.31,1.56,30.84,7.92,0
339,983.71,44.42,1.75,22.64,26.54,1.2,88.24,16.8,0
340,1393.4,190.39,1.37,25.81,8.92,1.55,32.76,8.21,0
341,1329.86,167.75,1.42,25.32,11.65,1.49,41.36,9.54,0
342,1097.65,85.01,1.64,23.53,21.64,1.3,72.81,14.41,0
343,928.13,24.62,1.8,22.21,28.93,1.16,95.77,17.96,0
344,1083.37,79.93,1.66,23.41,22.25,1.29,74.74,14.71,0
345,1092.68,83.25,1.65,23.49,21.85,1.3,73.48,14.51,0
346,1047.6,67.18,1.69,23.14,23.79,1.26,79.59,15.46,0
347,1247.33,138.35,1.5,24.68,15.2,1.42,52.54,11.27,0
348,1189.5,117.74,1.56,24.24,17.69,1.38,60.37,12.49,0
349,1534.41,240.63,1.23,26.91,2.86,1.66,13.66,5.26,0
350,1217.62,127.76,1.53,24.45,16.48,1.4,56.56,11.9,0
351,1443.55,208.26,1.32,26.2,6.77,1.59,25.96,7.16,0
352,1393.7,190.5,1.36,25.82,8.91,1.55,32.72,8.21,0
353,1343.03,172.44,1.41,25.42,11.09,1.5,39.58,9.27,0
354,1131.79,97.18,1.61,23.79,20.17,1.33,68.19,13.7,0
355,985.85,45.18,1.75,22.66,26.44,1.21,87.95,16.75,0
356,1330.82,168.1,1.42,25.33,11.61,1.49,41.23,9.52,0
357,1208.44,124.49,1.54,24.38,16.87,1.39,57.8,12.09,0
358,1486.79,223.67,1.28,26.54,4.91,1.62,20.11,6.25,0
359,1147.35,102.72,1.6,23.91,19.5,1.34,66.08,13.37,0
360,983.72,44.42,1.75,22.64,26.54,1.2,88.24,16.8,0
361,1001.55,50.78,1.73,22.78,25.77,1.22,85.82,16.42,0
362,1183.25,115.52,1.56,24.19,17.96,1.37,61.22,12.62,0
363,1056.15,70.23,1.68,23.2,23.42,1.26,78.43,15.28,0
364,1350.15,174.98,1.41,25.48,10.78,1.51,38.61,9.12,0
365,1200.69,121.73,1.55,24.32,17.21,1.39,58.85,12.25,0
366,1006.62,52.58,1.73,22.82,25.55,1.22,85.14,16.32,0
367,1108.77,88.98,1.63,23.61,21.16,1.31,71.3,14.18,0
368,949.54,32.25,1.78,22.38,28.0,1.18,92.87,17.51,0
369,1493.91,226.2,1.27,26.59,4.6,1.63,19.15,6.11,0
370,1187.36,116.98,1.56,24.22,17.78,1.37,60.66,12.53,0
371,1363.5,179.74,1.39,25.58,10.21,1.52,36.81,8.84,0
372,934.81,27.0,1.8,22.27,28.64,1.16,94.86,17.82,0
373,1273.25,147.58,1.48,24.88,14.09,1.45,49.03,10.73,0
374,1241.06,136.11,1.51,24.64,15.47,1.42,53.39,11.41,0
375,941.31,29.31,1.79,22.32,28.36,1.17,93.98,17.69,0
376,1323.5,165.49,1.43,25.27,11.93,1.49,42.22,9.68,0
377,1396.82,191.61,1.36,25.84,8.78,1.55,32.29,8.14,0
378,1187.22,116.93,1.56,24.22,17.79,1.37,60.68,12.53,0
379,1470.97,218.03,1.29,26.41,5.59,1.61,22.25,6.59,0
380,1483.56,222.51,1.28,26.51,5.05,1.62,20.55,6.32,0
381,1415.23,198.17,1.34,25.98,7.98,1.56,29.8,7.75,0
382,1019.69,57.24,1.72,22.92,24.99,1.23,83.37,16.04,0
383,1223.84,129.98,1.52,24.5,16.21,1.4,55.72,11.77,0
384,1353.29,176.1,1.4,25.5,10.65,1.51,38.19,9.05,0
385,1512.26,232.74,1.25,26.73,3.81,1.64,16.66,5.72,0
386,1034.81,62.63,1.7,23.04,24.34,1.25,81.32,15.73,0
387,942.09,29.59,1.79,22.32,28.33,1.17,93.88,17.67,0
388,1189.51,117.75,1.56,24.24,17.69,1.38,60.37,12.49,0
389,1203.42,122.7,1.54,24.34,17.09,1.39,58.48,12.19,0
390,1149.89,103.63,1.59,23.93,19.39,1.34,65.73,13.32,0
391,1436.09,205.6,1.32,26.14,7.09,1.58,26.97,7.32,0
392,1083.35,79.92,1.66,23.41,22.25,1.29,74.74,14.71,0
393,1381.34,186.09,1.38,25.72,9.44,1.54,34.39,8.47,0
394,1495.92,226.92,1.27,26.61,4.52,1.63,18.87,6.06,0
395,1427.51,202.54,1.33,26.08,7.46,1.57,28.14,7.5,0
396,1263.23,144.01,1.49,24.81,14.52,1.44,50.38,10.94,0
397,1099.38,85.63,1.64,23.54,21.56,1.3,72.57,14.37,0
398,1238.22,135.1,1.51,24.61,15.59,1.42,53.77,11.46,0
399,1091.28,82.75,1.65,23.48,21.91,1.29,73.67,14.54,0
400,1301.43,157.62,1.45,25.1,12.88,1.47,45.21,10.14,0
401,1273.83,147.79,1.48,24.89,14.06,1.45,48.95,10.72,0
402,1389.66,189.06,1.37,25.79,9.08,1.54,33.26,8.29,0
403,1292.53,154.45,1.46,25.03,13.26,1.46,46.42,10.33,0
404,1426.92,202.33,1.33,26.07,7.48,1.57,28.22,7.51,0
405,958.85,35.56,1.77,22.45,27.6,1.18,91.61,17.32,0
406,1231.51,132.71,1.52,24.56,15.88,1.41,54.68,11.61,0
407,1253.45,140.53,1.5,24.73,14.94,1.43,51.71,11.15,0
408,1524.6,237.14,1.24,26.83,3.28,1.65,14.99,5.46,0
409,986.91,45.56,1.75,22.67,26.4,1.21,87.8,16.73,0
410,1130.35,96.67,1.61,23.78,20.23,1.33,68.38,13.73,0
411,1380.89,185.93,1.38,25.72,9.46,1.54,34.45,8.47,0
412,1225.48,130.56,1.52,24.51,16.14,1.41,55.5,11.73,0
413,1136.22,98.76,1.61,23.82,19.98,1.33,67.59,13.6,0
414,1270.15,146.48,1.48,24.86,14.22,1.44,49.45,10.8,0
415,1501.5,228.91,1.26,26.65,4.28,1.64,18.12,5.95,0
416,1157.95,106.5,1.59,23.99,19.05,1.35,64.64,13.15,0
417,1253.56,140.57,1.5,24.73,14.93,1.43,51.69,11.14,0
418,1402.32,193.57,1.36,25.88,8.54,1.55,31.55,8.03,0
419,1025.74,59.4,1.71,22.97,24.73,1.24,82.55,15.92,0
420,1417.65,199.03,1.34,26.0,7.88,1.57,29.47,7.7,0
421,1113.61,90.7,1.63,23.65,20.95,1.31,70.65,14.08,0
422,1167.45,109.89,1.58,24.07,18.64,1.36,63.36,12.95,0
423,931.65,25.87,1.8,22.24,28.77,1.16,95.29,17.89,0
424,1156.01,105.81,1.59,23.98,19.13,1.35,64.91,13.19,0
425,1001.47,50.75,1.73,22.78,25.77,1.22,85.83,16.43,0
426,1490.59,225.02,1.27,26.57,4.74,1.63,19.59,6.18,0
427,1014.26,55.3,1.72,22.88,25.22,1.23,84.1,16.16,0
428,1270.08,146.45,1.48,24.86,14.22,1.44,49.46,10.8,0
429,1446.16,209.19,1.32,26.22,6.65,1.59,25.61,7.11,0
430,1352.33,175.76,1.4,25.5,10.69,1.51,38.32,9.07,0
431,1262.68,143.82,1.49,24.8,14.54,1.44,50.46,10.95,0
432,1117.93,92.24,1.62,23.68,20.77,1.32,70.06,13.99,0
433,1236.23,134.39,1.51,24.6,15.68,1.41,54.04,11.51,0
434,1312.38,161.52,1.44,25.19,12.41,1.48,43.73,9.91,0
435,950.19,32.47,1.78,22.38,27.98,1.18,92.78,17.5,0
436,1031.46,61.43,1.71,23.01,24.48,1.24,81.77,15.8,0
437,1353.09,176.03,1.4,25.5,10.66,1.51,38.22,9.06,0
438,1397.0,191.67,1.36,25.84,8.77,1.55,32.27,8.14,0
439,1270.01,146.43,1.48,24.86,14.23,1.44,49.47,10.8,0
440,1332.81,168.8,1.42,25.35,11.53,1.5,40.96,9.48,0
441,1286.47,152.29,1.47,24.99,13.52,1.46,47.24,10.45,0
442,1060.67,71.84,1.68,23.24,23.23,1.27,77.82,15.19,0
443,1428.88,203.03,1.33,26.09,7.4,1.57,27.95,7.47,0
444,1250.29,139.4,1.5,24.71,15.08,1.43,52.14,11.21,0
445,1187.71,117.1,1.56,24.22,17.77,1.37,60.61,12.52,0
446,1452.77,211.55,1.31,26.27,6.37,1.59,24.72,6.97,0
447,1299.75,157.02,1.45,25.09,12.95,1.47,45.44,10.18,0
448,1204.33,123.02,1.54,24.35,17.05,1.39,58.36,12.18,0
449,1469.39,217.47,1.29,26.4,5.66,1.61,22.46,6.62,0
450,1454.46,212.15,1.31,26.29,6.3,1.6,24.49,6.93,0
451,980.54,43.29,1.75,22.62,26.67,1.2,88.67,16.87,0
452,1385.74,187.66,1.37,25.75,9.25,1.54,33.79,8.37,0
453,1420.2,199.94,1.34,26.02,7.77,1.57,29.13,7.65,0
454,1167.23,109.81,1.58,24.06,18.65,1.36,63.39,12.95,0
455,1010.51,53.97,1.73,22.85,25.38,1.23,84.61,16.24,0
456,1242.86,136.75,1.51,24.65,15.39,1.42,53.14,11.37,0
457,1395.06,190.98,1.36,25.83,8.85,1.55,32.53,8.18,0
458,1411.22,196.74,1.35,25.95,8.16,1.56,30.34,7.84,0
459,1384.69,187.29,1.37,25.75,9.3,1.54,33.94,8.39,0
460,1094.54,83.91,1.65,23.5,21.77,1.3,73.23,14.48,0
461,1442.21,207.78,1.32,26.19,6.82,1.59,26.15,7.19,0
462,1035.33,62.81,1.7,23.04,24.32,1.25,81.25,15.72,0
463,1108.72,88.96,1.63,23.61,21.16,1.31,71.31,14.18,0
464,1158.47,106.69,1.59,24.0,19.02,1.35,64.57,13.14,0
465,1137.58,99.24,1.61,23.83,19.92,1.33,67.4,13.57,0
466,1058.77,71.16,1.68,23.22,23.31,1.27,78.07,15.23,0
467,1491.01,225.17,1.27,26.57,4.73,1.63,19.54,6.17,0
468,1174.53,112.41,1.57,24.12,18.33,1.36,62.4,12.8,0
469,1545.83,244.7,1.22,26.99,2.37,1.67,12.11,5.02,0
470,1301.47,157.64,1.45,25.1,12.88,1.47,45.21,10.14,0
471,1124.02,94.41,1.62,23.73,20.5,1.32,69.24,13.86,0
472,1186.95,116.83,1.56,24.22,17.8,1.37,60.72,12.54,0
473,1468.04,216.98,1.29,26.39,5.71,1.61,22.65,6.65,0
474,1128.25,95.92,1.61,23.76,20.32,1.32,68.66,13.77,0
475,1173.48,112.03,1.57,24.11,18.38,1.36,62.54,12.82,0
476,1154.69,105.34,1.59,23.97,19.19,1.35,65.08,13.22,0
477,1298.14,156.45,1.45,25.08,13.02,1.47,45.66,10.21,0
478,1043.95,65.88,1.69,23.11,23.95,1.25,80.08,15.54,0
479,1226.49,130.92,1.52,24.52,16.1,1.41,55.36,11.71,0
480,1074.91,76.91,1.66,23.35,22.62,1.28,75.89,14.89,0
481,1123.28,94.15,1.62,23.72,20.54,1.32,69.34,13.87,0
482,959.76,35.89,1.77,22.46,27.57,1.18,91.48,17.3,0
483,1239.54,135.57,1.51,24.62,15.54,1.42,53.59,11.44,0
484,1143.59,101.38,1.6,23.88,19.66,1.34,66.59,13.45,0
485,1504.38,229.93,1.26,26.67,4.15,1.64,17.73,5.89,0
486,1503.85,229.74,1.26,26.67,4.17,1.64,17.8,5.9,0
487,1305.89,159.21,1.45,25.14,12.68,1.47,44.61,10.05,0
488,1264.41,144.43,1.49,24.82,14.47,1.44,50.23,10.92,0
489,1074.46,76.75,1.66,23.35,22.63,1.28,75.95,14.9,0
490,1446.82,209.42,1.31,26.23,6.63,1.59,25.52,7.09,0
491,994.04,48.1,1.74,22.72,26.09,1.21,86.84,16.58,0
492,1372.53,182.95,1.38,25.65,9.82,1.53,35.58,8.65,0
493,1446.69,209.38,1.32,26.23,6.63,1.59,25.54,7.1,0
494,1268.07,145.74,1.48,24.84,14.31,1.44,49.73,10.84,0
495,1499.89,228.33,1.27,26.64,4.34,1.63,18.33,5.98,0
496,1459.85,214.07,1.3,26.33,6.07,1.6,23.76,6.82,0
497,1277.35,149.04,1.47,24.92,13.91,1.45,48.47,10.64,0
498,1121.06,93.36,1.62,23.71,20.63,1.32,69.64,13.92,0
499,949.98,32.4,1.78,22.38,27.99,1.18,92.81,17.51,0
500,993.3,47.84,1.74,22.72,26.12,1.21,86.94,16.6,0
501,1181.4,114.86,1.56,24.17,18.04,1.37,61.47,12.66,0
502,1502.8,229.37,1.26,26.66,4.22,1.64,17.94,5.92,0
503,1479.34,221.01,1.28,26.48,5.23,1.62,21.12,6.41,0
504,1520.88,235.81,1.25,26.8,3.44,1.65,15.49,5.54,0
505,1111.12,89.82,1.63,23.63,21.06,1.31,70.98,14.13,0
506,1339.01,171.01,1.42,25.39,11.26,1.5,40.12,9.35,0
507,1254.8,141.01,1.5,24.74,14.88,1.43,51.53,11.12,0
508,1123.36,94.18,1.62,23.72,20.53,1.32,69.33,13.87,0
509,1074.65,76.82,1.66,23.35,22.63,1.28,75.92,14.89,0
510,944.47,30.44,1.79,22.34,28.22,1.17,93.55,17.62,0
511,1447.26,209.58,1.31,26.23,6.61,1.59,25.46,7.08,0
512,1414.41,197.88,1.35,25.98,8.02,1.56,29.91,7.77,0
513,1477.75,220.44,1.29,26.47,5.3,1.62,21.33,6.44,0
514,1384.79,187.32,1.37,25.75,9.29,1.54,33.92,8.39,0
515,1220.42,128.76,1.53,24.48,16.36,1.4,56.18,11.84,0
516,1396.59,191.53,1.36,25.84,8.79,1.55,32.32,8.15,0
517,1057.27,70.63,1.68,23.21,23.37,1.27,78.28,15.26,0
518,1397.73,191.94,1.36,25.85,8.74,1.55,32.17,8.12,0
519,1475.51,219.65,1.29,26.45,5.39,1.61,21.64,6.49,0
520,1050.13,68.09,1.69,23.16,23.68,1.26,79.24,15.41,0
521,1335.18,169.65,1.42,25.36,11.43,1.5,40.64,9.43,0
522,1476.05,219.84,1.29,26.45,5.37,1.61,21.56,6.48,0
523,1056.3,70.28,1.68,23.21,23.42,1.27,78.41,15.28,0
524,1256.73,141.7,1.49,24.76,14.8,1.43,51.27,11.08,0
525,1328.22,167.17,1.43,25.31,11.72,1.49,41.58,9.58,0
526,1122.87,94.0,1.62,23.72,20.55,1.32,69.39,13.88,0
527,1295.11,155.37,1.46,25.05,13.15,1.46,46.07,10.27,0
528,1459.06,213.78,1.3,26.32,6.1,1.6,23.86,6.84,0
529,1051.26,68.49,1.69,23.17,23.63,1.26,79.09,15.38,0
530,1295.16,155.39,1.46,25.05,13.15,1.46,46.06,10.27,0
531,951.89,33.08,1.78,22.4,27.9,1.18,92.55,17.47,0
532,1135.26,98.42,1.61,23.82,20.02,1.33,67.72,13.62,0
533,1035.11,62.73,1.7,23.04,24.33,1.25,81.28,15.72,0
534,1150.21,103.74,1.59,23.93,19.38,1.34,65.69,13.31,0
535,1103.74,87.19,1.64,23.57,21.38,1.3,71.98,14.28,0
536,1301.97,157.82,1.45,25.11,12.85,1.47,45.14,10.13,0
537,1329.09,167.48,1.43,25.32,11.69,1.49,41.47,9.56,0
538,1506.06,230.53,1.26,26.69,4.08,1.64,17.5,5.85,0
539,1509.4,231.72,1.26,26.71,3.94,1.64,17.05,5.78,0
540,1266.7,145.25,1.48,24.83,14.37,1.44,49.91,10.87,0
541,982.89,44.13,1.75,22.64,26.57,1.2,88.35,16.82,0
542,1152.75,104.65,1.59,23.95,19.27,1.35,65.35,13.26,0
543,1418.94,199.49,1.34,26.01,7.82,1.57,29.3,7.68,0
544,1008.33,53.19,1.73,22.83,25.48,1.23,84.9,16.28,0
545,1251.77,139.93,1.5,24.72,15.01,1.43,51.94,11.18,0
546,1105.31,87.75,1.64,23.58,21.31,1.31,71.77,14.25,0
547,1444.63,208.65,1.32,26.21,6.72,1.59,25.82,7.14,0
548,1024.46,58.94,1.71,22.96,24.78,1.24,82.72,15.94,0
549,1251.68,139.9,1.5,24.72,15.02,1.43,51.95,11.18,0
550,1298.1,156.44,1.45,25.08,13.02,1.47,45.66,10.21,0
551,1167.31,109.84,1.58,24.06,18.64,1.36,63.37,12.95,0
552,962.65,36.92,1.77,22.48,27.44,1.19,91.09,17.24,0
553,1468.01,216.97,1.29,26.39,5.72,1.61,22.65,6.65,0
554,1292.62,154.48,1.46,25.03,13.26,1.46,46.41,10.32,0
555,1287.24,152.57,1.46,24.99,13.49,1.46,47.13,10.44,0
556,1107.1,88.38,1.63,23.6,21.23,1.31,71.53,14.21,0
557,1081.23,79.16,1.66,23.4,22.34,1.29,75.03,14.76,0
558,995.28,48.54,1.74,22.73,26.04,1.21,86.67,16.56,0
559,1101.62,86.43,1.64,23.56,21.47,1.3,72.27,14.33,0
560,1023.14,58.47,1.71,22.95,24.84,1.24,82.9,15.97,0
561,1182.13,115.12,1.56,24.18,18.01,1.37,61.37,12.64,0
562,1382.98,186.68,1.37,25.73,9.37,1.54,34.17,8.43,0
563,935.04,27.08,1.8,22.27,28.63,1.16,94.83,17.82,0
564,1109.63,89.28,1.63,23.62,21.12,1.31,71.19,14.16,0
565,1200.65,121.71,1.55,24.32,17.21,1.39,58.86,12.25,0
566,1500.4,228.51,1.26,26.64,4.32,1.63,18.27,5.97,0
567,1499.35,228.14,1.27,26.63,4.37,1.63,18.41,5.99,0
568,1005.74,52.27,1.73,22.81,25.59,1.22,85.26,16.34,0
569,1244.41,137.3,1.51,24.66,15.33,1.42,52.93,11.34,0
570,1434.94,205.19,1.33,26.14,7.14,1.58,27.13,7.34,0
571,1157.85,106.46,1.59,23.99,19.05,1.35,64.66,13.15,0
572,1205.67,123.5,1.54,24.36,16.99,1.39,58.18,12.15,0
573,1111.27,89.87,1.63,23.63,21.05,1.31,70.96,14.13,0
574,1102.34,86.69,1.64,23.56,21.44,1.3,72.17,14.31,0
575,930.83,25.58,1.8,22.23,28.81,1.16,95.4,17.91,0
576,971.13,39.94,1.76,22.55,27.08,1.19,89.94,17.06,0
577,1394.94,190.94,1.36,25.83,8.86,1.55,32.55,8.18,0
578,1253.54,140.56,1.5,24.73,14.94,1.43,51.7,11.14,0
579,1008.5,53.25,1.73,22.84,25.47,1.23,84.88,16.28,0
580,1374.66,183.72,1.38,25.67,9.73,1.53,35.29,8.6,0
581,1183.64,115.65,1.56,24.19,17.94,1.37,61.16,12.61,0
582,986.79,45.52,1.75,22.67,26.4,1.21,87.82,16.73,0
583,1014.07,55.24,1.72,22.88,25.23,1.23,84.13,16.16,0
584,1098.69,85.39,1.64,23.53,21.59,1.3,72.67,14.39,0
585,934.78,26.99,1.8,22.26,28.64,1.16,94.87,17.82,0
586,1344.17,172.85,1.41,25.43,11.04,1.5,39.42,9.24,0
587,1244.76,137.43,1.5,24.66,15.31,1.42,52.89,11.33,0
588,1113.76,90.76,1.63,23.65,20.94,1.31,70.63,14.07,0
589,1544.44,244.2,1.22,26.98,2.43,1.67,12.3,5.05,0
590,1198.06,120.79,1.55,24.3,17.32,1.38,59.21,12.31,0
591,1290.41,153.7,1.46,25.02,13.35,1.46,46.7,10.37,0
592,1353.31,176.11,1.4,25.5,10.65,1.51,38.19,9.05,0
593,1347.27,173.96,1.41,25.46,10.91,1.51,39.0,9.18,0
594,1431.73,204.05,1.33,26.11,7.27,1.58,27.57,7.41,0
595,1335.45,169.74,1.42,25.37,11.41,1.5,40.6,9.43,0
596,928.19,24.64,1.8,22.21,28.92,1.16,95.76,17.96,0
597,1298.13,156.45,1.45,25.08,13.02,1.47,45.66,10.21,0
598,1484.52,222.86,1.28,26.52,5.01,1.62,20.42,6.3,0
599,952.96,33.46,1.78,22.41,27.86,1.18,92.4,17.44,0
600,985.92,45.21,1.75,22.66,26.44,1.21,87.94,16.75,0
601,1262.64,143.8,1.49,24.8,14.54,1.44,50.46,10.95,0
602,1376.15,184.25,1.38,25.68,9.66,1.53,35.09,8.57,0
603,942.95,29.9,1.79,22.33,28.29,1.17,93.76,17.65,0
604,1173.09,111.89,1.57,24.11,18.39,1.36,62.59,12.83,0
605,1428.79,203.0,1.33,26.09,7.4,1.57,27.96,7.47,0
606,1279.97,149.98,1.47,24.94,13.8,1.45,48.12,10.59,0
607,1491.63,225.39,1.27,26.57,4.7,1.63,19.45,6.15,0
608,993.31,47.84,1.74,22.72,26.12,1.21,86.94,16.6,0
609,949.16,32.11,1.78,22.38,28.02,1.18,92.92,17.52,0
610,1147.06,102.62,1.6,23.91,19.51,1.34,66.12,13.38,0
611,1333.44,169.03,1.42,25.35,11.5,1.5,40.88,9.47,0
612,1131.84,97.2,1.61,23.79,20.17,1.33,68.18,13.69,0
613,1117.45,92.07,1.62,23.68,20.79,1.32,70.13,14.0,0
614,1388.44,188.62,1.37,25.78,9.14,1.54,33.43,8.32,0
615,1216.35,127.31,1.53,24.44,16.53,1.4,56.73,11.92,0
616,1328.52,167.28,1.43,25.31,11.71,1.49,41.54,9.57,0
617,1134.68,98.21,1.61,23.81,20.05,1.33,67.79,13.63,0
618,1184.46,115.95,1.56,24.2,17.91,1.37,61.05,12.59,0
619,1066.18,73.8,1.67,23.28,22.99,1.27,77.07,15.07,0
620,1315.35,162.58,1.44,25.21,12.28,1.48,43.33,9.85,0
621,1417.67,199.04,1.34,26.0,7.88,1.57,29.47,7.7,0
622,1319.18,163.95,1.43,25.24,12.11,1.48,42.81,9.77,0
623,1180.61,114.57,1.57,24.17,18.07,1.37,61.57,12.67,0
624,1295.21,155.41,1.46,25.05,13.14,1.46,46.05,10.27,0
625,1391.16,189.59,1.37,25.8,9.02,1.54,33.06,8.26,0
626,1235.89,134.27,1.51,24.6,15.69,1.41,54.09,11.51,0
627,1434.23,204.94,1.33,26.13,7.17,1.58,27.23,7.36,0
628,1153.57,104.94,1.59,23.96,19.23,1.35,65.24,13.24,0
629,1130.99,96.89,1.61,23.78,20.2,1.33,68.29,13.71,0
630,1111.68,90.01,1.63,23.63,21.03,1.31,70.91,14.12,0
631,1206.0,123.62,1.54,24.36,16.98,1.39,58.13,12.14,0
632,1406.57,195.08,1.35,25.92,8.36,1.56,30.97,7.94,0
633,1429.23,203.16,1.33,26.09,7.38,1.58,27.9,7.46,0
634,929.86,25.23,1.8,22.23,28.85,1.16,95.53,17.93,0
635,1035.97,63.04,1.7,23.05,24.29,1.25,81.16,15.7,0
636,1540.34,242.75,1.23,26.95,2.61,1.67,12.86,5.13,0
637,1368.24,181.43,1.39,25.62,10.0,1.52,36.16,8.74,0
638,956.46,34.71,1.78,22.43,27.71,1.18,91.93,17.37,0
639,1028.54,60.39,1.71,22.99,24.61,1.24,82.17,15.86,0
640,1498.78,227.94,1.27,26.63,4.39,1.63,18.49,6.0,0
641,1266.51,145.18,1.48,24.83,14.38,1.44,49.94,10.87,0
642,1457.25,213.14,1.31,26.31,6.18,1.6,24.11,6.87,0
643,1080.5,78.91,1.66,23.39,22.37,1.29,75.13,14.77,0
644,1152.92,104.71,1.59,23.95,19.26,1.35,65.32,13.25,0
645,997.0,49.16,1.74,22.75,25.96,1.22,86.44,16.52,0
646,1126.1,95.15,1.62,23.75,20.41,1.32,68.95,13.81,0
647,1365.1,180.31,1.39,25.59,10.14,1.52,36.59,8.81,0
648,1110.83,89.71,1.63,23.63,21.07,1.31,71.02,14.13,0
649,1060.74,71.86,1.68,23.24,23.22,1.27,77.81,15.18,0
650,1015.5,55.75,1.72,22.89,25.17,1.23,83.93,16.13,0
651,1107.51,88.53,1.63,23.6,21.21,1.31,71.47,14.2,0
652,1143.52,101.36,1.6,23.88,19.67,1.34,66.6,13.45,0
653,970.37,39.67,1.76,22.54,27.11,1.19,90.05,17.08,0
654,1404.23,194.25,1.35,25.9,8.46,1.55,31.29,7.99,0
655,1497.03,227.31,1.27,26.62,4.47,1.63,18.72,6.04,0
656,1016.56,56.12,1.72,22.9,25.12,1.23,83.79,16.11,0
657,1083.58,80.0,1.66,23.42,22.24,1.29,74.71,14.71,0
658,1327.57,166.93,1.43,25.3,11.75,1.49,41.67,9.59,0
659,1372.68,183.01,1.38,25.65,9.81,1.53,35.56,8.65,0
660,1389.39,188.96,1.37,25.78,9.1,1.54,33.3,8.3,0
661,1003.94,51.63,1.73,22.8,25.67,1.22,85.5,16.37,0
662,1525.31,237.39,1.24,26.83,3.25,1.66,14.89,5.45,0
663,1097.25,84.87,1.64,23.52,21.65,1.3,72.86,14.42,0
664,1275.17,148.27,1.48,24.9,14.01,1.45,48.77,10.69,0
665,1106.22,88.07,1.64,23.59,21.27,1.31,71.65,14.23,0
666,1035.87,63.0,1.7,23.05,24.29,1.25,81.18,15.71,0
667,1357.24,177.51,1.4,25.53,10.48,1.52,37.65,8.97,0
668,1134.01,97.97,1.61,23.81,20.07,1.33,67.88,13.65,0
669,1219.9,128.57,1.53,24.47,16.38,1.4,56.25,11.85,0
670,1411.54,196.85,1.35,25.95,8.14,1.56,30.3,7.83,0
671,957.55,35.1,1.77,22.44,27.66,1.18,91.78,17.35,0
672,1468.39,217.11,1.29,26.39,5.7,1.61,22.6,6.64,0
673,1040.82,64.77,1.7,23.09,24.08,1.25,80.5,15.6,0
674,1039.7,64.37,1.7,23.08,24.13,1.25,80.66,15.63,0
675,1230.04,132.18,1.52,24.55,15.95,1.41,54.88,11.64,0
676,1068.24,74.54,1.67,23.3,22.9,1.28,76.79,15.03,0
677,1041.37,64.96,1.7,23.09,24.06,1.25,80.43,15.59,0
678,1172.84,111.81,1.57,24.11,18.41,1.36,62.63,12.83,0
679,1171.29,111.25,1.57,24.1,18.47,1.36,62.84,12.87,0
680,950.86,32.71,1.78,22.39,27.95,1.18,92.69,17.49,0
681,1217.32,127.66,1.53,24.45,16.49,1.4,56.6,11.9,0
682,1290.28,153.65,1.46,25.02,13.36,1.46,46.72,10.37,0
683,1013.44,55.01,1.72,22.87,25.26,1.23,84.21,16.18,0
684,1266.2,145.07,1.48,24.83,14.39,1.44,49.98,10.88,0
685,1358.07,177.8,1.4,25.54,10.44,1.52,37.54,8.95,0
686,1209.4,124.83,1.54,24.39,16.83,1.39,57.67,12.07,0
687,1306.01,159.26,1.45,25.14,12.68,1.47,44.59,10.04,0
688,1101.71,86.46,1.64,23.56,21.46,1.3,72.26,14.33,0
689,1200.87,121.79,1.55,24.32,17.2,1.39,58.83,12.25,0
690,1400.02,192.75,1.36,25.87,8.64,1.55,31.86,8.07,0
691,933.09,26.38,1.8,22.25,28.71,1.16,95.09,17.86,0
692,1129.21,96.26,1.61,23.77,20.28,1.33,68.53,13.75,0
693,1480.21,221.32,1.28,26.49,5.19,1.62,21.0,6.39,0
694,1463.31,215.3,1.3,26.35,5.92,1.6,23.29,6.75,0
695,1027.78,60.12,1.71,22.98,24.64,1.24,82.27,15.88,0
696,1136.61,98.9,1.61,23.83,19.96,1.33,67.53,13.59,0
697,1234.94,133.93,1.51,24.59,15.74,1.41,54.22,11.53,0
698,1204.36,123.04,1.54,24.35,17.05,1.39,58.36,12.17,0
699,1171.93,111.48,1.57,24.1,18.44,1.36,62.75,12.85,0
700,1400.07,192.77,1.36,25.87,8.64,1.55,31.85,8.07,0
701,1501.88,229.04,1.26,26.65,4.26,1.64,18.07,5.94,0
702,1478.93,220.86,1.28,26.48,5.25,1.62,21.17,6.42,0
703,957.16,34.96,1.78,22.44,27.68,1.18,91.83,17.36,0
704,1336.72,170.2,1.42,25.38,11.36,1.5,40.43,9.4,0
705,1487.66,223.98,1.28,26.54,4.87,1.62,19.99,6.24,0
706,1241.23,136.17,1.51,24.64,15.46,1.42,53.36,11.4,0
707,1056.72,70.43,1.68,23.21,23.4,1.27,78.35,15.27,0
708,1466.79,216.54,1.3,26.38,5.77,1.61,22.82,6.67,0
709,1464.04,215.56,1.3,26.36,5.89,1.6,23.19,6.73,0
710,1304.08,158.57,1.45,25.12,12.76,1.47,44.85,10.08,0
711,1050.05,68.06,1.69,23.16,23.68,1.26,79.25,15.41,0
712,1543.7,243.94,1.22,26.98,2.46,1.67,12.4,5.06,0
713,1268.85,146.02,1.48,24.85,14.28,1.44,49.62,10.82,0
714,1496.9,227.27,1.27,26.61,4.47,1.63,18.74,6.04,0
715,1326.71,166.63,1.43,25.3,11.79,1.49,41.79,9.61,0
716,1414.24,197.82,1.35,25.98,8.03,1.56,29.93,7.78,0
717,1051.04,68.41,1.69,23.16,23.64,1.26,79.12,15.39,0
718,1043.65,65.78,1.69,23.11,23.96,1.25,80.12,15.54,0
719,1532.99,240.13,1.23,26.89,2.92,1.66,13.85,5.29,0
720,933.0,26.35,1.8,22.25,28.72,1.16,95.11,17.86,0
721,1530.78,239.34,1.24,26.88,3.02,1.66,14.15,5.33,0
722,1104.04,87.29,1.64,23.57,21.36,1.3,71.94,14.28,0
723,1258.6,142.36,1.49,24.77,14.72,1.43,51.01,11.04,0
724,1534.34,240.61,1.23,26.9,2.86,1.66,13.67,5.26,0
725,989.86,46.61,1.74,22.69,26.27,1.21,87.41,16.67,0
726,977.25,42.12,1.76,22.59,26.81,1.2,89.11,16.93,0
727,1173.64,112.09,1.57,24.11,18.37,1.36,62.52,12.82,0
728,1184.85,116.08,1.56,24.2,17.89,1.37,61.0,12.58,0
729,1238.49,135.2,1.51,24.62,15.58,1.42,53.73,11.46,0
730,1090.01,82.29,1.65,23.47,21.97,1.29,73.84,14.57,0
731,1533.72,240.39,1.23,26.9,2.89,1.66,13.75,5.27,0
732,1318.83,163.82,1.44,25.24,12.13,1.48,42.86,9.78,0
733,1512.19,232.72,1.25,26.73,3.82,1.64,16.67,5.72,0
734,1073.98,76.58,1.67,23.34,22.66,1.28,76.01,14.91,0
735,1255.93,141.41,1.49,24.75,14.83,1.43,51.37,11.09,0
736,1433.95,204.84,1.33,26.13,7.18,1.58,27.26,7.36,0
737,1414.53,197.92,1.35,25.98,8.01,1.56,29.9,7.77,0
738,1140.74,100.37,1.6,23.86,19.79,1.34,66.97,13.51,0
739,1461.48,214.65,1.3,26.34,6.0,1.6,23.54,6.79,0
740,1296.02,155.69,1.46,25.06,13.11,1.46,45.94,10.25,0
741,1500.79,228.66,1.26,26.65,4.31,1.63,18.21,5.96,0
742,1106.86,88.3,1.63,23.6,21.24,1.31,71.56,14.22,0
743,1528.25,238.44,1.24,26.86,3.12,1.66,14.49,5.39,0
744,1297.73,156.3,1.46,25.07,13.04,1.47,45.71,10.22,0
745,1458.24,213.5,1.3,26.32,6.13,1.6,23.97,6.85,0
746,957.03,34.91,1.78,22.44,27.68,1.18,91.85,17.36,0
747,977.64,42.26,1.76,22.6,26.8,1.2,89.06,16.93,0
748,1313.17,161.8,1.44,25.19,12.37,1.48,43.62,9.89,0
749,1086.09,80.9,1.65,23.44,22.13,1.29,74.37,14.65,0
750,1190.0,117.92,1.56,24.24,17.67,1.38,60.3,12.48,0
751,1500.46,228.54,1.26,26.64,4.32,1.63,18.26,5.97,0
752,950.83,32.7,1.78,22.39,27.95,1.18,92.69,17.49,0
753,1036.47,63.22,1.7,23.05,24.27,1.25,81.09,15.69,0
754,1138.6,99.61,1.6,23.84,19.88,1.33,67.26,13.55,0
755,1038.49,63.94,1.7,23.07,24.18,1.25,80.82,15.65,0
756,1131.01,96.9,1.61,23.78,20.2,1.33,68.29,13.71,0
757,1098.38,85.28,1.64,23.53,21.61,1.3,72.71,14.4,0
758,1165.33,109.13,1.58,24.05,18.73,1.36,63.64,12.99,0
759,1423.7,201.19,1.34,26.05,7.62,1.57,28.65,7.58,0
760,1098.81,85.43,1.64,23.53,21.59,1.3,72.65,14.39,0
761,1196.62,120.28,1.55,24.29,17.38,1.38,59.41,12.34,0
762,1337.02,170.3,1.42,25.38,11.35,1.5,40.39,9.39,0
763,1488.88,224.41,1.28,26.55,4.82,1.62,19.83,6.21,0
764,1331.48,168.33,1.42,25.33,11.58,1.49,41.14,9.51,0
765,1294.51,155.16,1.46,25.05,13.17,1.46,46.15,10.28,0
766,984.34,44.65,1.75,22.65,26.51,1.21,88.15,16.79,0
767,1117.39,92.05,1.62,23.68,20.79,1.32,70.13,14.0,0
768,1276.33,148.68,1.48,24.91,13.96,1.45,48.61,10.67,0
769,1479.56,221.09,1.28,26.48,5.22,1.62,21.09,6.41,0
770,1356.76,177.34,1.4,25.53,10.5,1.51,37.72,8.98,0
771,1057.83,70.83,1.68,23.22,23.35,1.27,78.2,15.25,0
772,971.18,39.96,1.76,22.55,27.07,1.19,89.94,17.06,0
773,1231.9,132.85,1.52,24.56,15.87,1.41,54.63,11.6,0
774,1382.39,186.47,1.38,25.73,9.4,1.54,34.25,8.44,0
775,1219.74,128.52,1.53,24.47,16.39,1.4,56.27,11.85,0
776,1230.33,132.29,1.52,24.55,15.93,1.41,54.84,11.63,0
777,1383.38,186.82,1.37,25.74,9.35,1.54,34.11,8.42,0
778,1182.31,115.18,1.56,24.18,18.0,1.37,61.34,12.64,0
779,1499.24,228.1,1.27,26.63,4.37,1.63,18.42,5.99,0
780,928.89,24.89,1.8,22.22,28.89,1.16,95.66,17.95,0
781,1131.16,96.95,1.61,23.78,20.2,1.33,68.27,13.71,0
782,984.82,44.81,1.75,22.65,26.49,1.21,88.09,16.78,0
783,1303.61,158.4,1.45,25.12,12.78,1.47,44.92,10.09,0
784,1293.86,154.93,1.46,25.04,13.2,1.46,46.24,10.3,0
785,1308.95,160.3,1.44,25.16,12.55,1.48,44.19,9.98,0
786,1236.77,134.58,1.51,24.6,15.66,1.42,53.97,11.5,0
787,1260.05,142.88,1.49,24.78,14.66,1.43,50.81,11.01,0
788,1321.37,164.73,1.43,25.26,12.02,1.49,42.51,9.72,0
789,1192.86,118.94,1.55,24.26,17.54,1.38,59.91,12.42,0
790,1496.33,227.07,1.27,26.61,4.5,1.63,18.82,6.05,0
791,1159.28,106.98,1.59,24.0,18.99,1.35,64.46,13.12,0
792,1065.13,73.43,1.67,23.27,23.04,1.27,77.21,15.09,0
793,1101.29,86.31,1.64,23.55,21.48,1.3,72.32,14.33,0
794,1122.46,93.85,1.62,23.72,20.57,1.32,69.45,13.89,0
795,1255.38,141.22,1.49,24.75,14.86,1.43,51.45,11.1,0
796,1001.4,50.72,1.73,22.78,25.78,1.22,85.84,16.43,0
797,1428.78,203.0,1.33,26.09,7.4,1.57,27.97,7.47,0
798,1353.41,176.14,1.4,25.5,10.64,1.51,38.17,9.05,0
799,944.78,30.55,1.79,22.34,28.21,1.17,93.51,17.61,0
800,1183.03,115.44,1.56,24.19,17.97,1.37,61.25,12.62,0
801,1353.73,176.26,1.4,25.51,10.63,1.51,38.13,9.04,0
802,950.81,32.7,1.78,22.39,27.95,1.18,92.69,17.49,0
803,1157.23,106.24,1.59,23.99,19.08,1.35,64.74,13.16,0
804,1504.19,229.87,1.26,26.67,4.16,1.64,17.75,5.89,0
805,1355.44,176.87,1.4,25.52,10.55,1.51,37.9,9.01,0
806,1300.62,157.34,1.45,25.1,12.91,1.47,45.32,10.16,0
807,1452.18,211.33,1.31,26.27,6.4,1.59,24.8,6.98,0
808,1179.28,114.1,1.57,24.16,18.13,1.37,61.75,12.7,0
809,1238.22,135.1,1.51,24.61,15.59,1.42,53.77,11.46,0
810,1229.38,131.95,1.52,24.54,15.97,1.41,54.97,11.65,0
811,1071.87,75.83,1.67,23.33,22.75,1.28,76.3,14.95,0
812,1301.97,157.82,1.45,25.11,12.85,1.47,45.14,10.13,0
813,1327.3,166.84,1.43,25.3,11.76,1.49,41.71,9.6,0
814,1004.28,51.75,1.73,22.8,25.65,1.22,85.45,16.37,0
815,1294.04,154.99,1.46,25.04,13.19,1.46,46.21,10.29,0
816,1399.99,192.74,1.36,25.86,8.64,1.55,31.86,8.07,0
817,1483.14,222.37,1.28,26.51,5.06,1.62,20.6,6.33,0
818,1150.34,103.79,1.59,23.93,19.37,1.34,65.67,13.31,0
819,1261.89,143.54,1.49,24.8,14.58,1.44,50.57,10.97,0
820,1508.46,231.39,1.26,26.7,3.98,1.64,17.17,5.8,0
821,1114.84,91.14,1.63,23.66,20.9,1.31,70.48,14.05,0
822,1451.78,211.19,1.31,26.27,6.41,1.59,24.85,6.99,0
823,961.64,36.56,1.77,22.47,27.49,1.19,91.23,17.26,0
824,1536.83,241.49,1.23,26.92,2.76,1.66,13.33,5.21,0
825,932.33,26.11,1.8,22.25,28.75,1.16,95.2,17.88,0
826,1465.48,216.07,1.3,26.37,5.82,1.61,22.99,6.7,0
827,1099.78,85.78,1.64,23.54,21.55,1.3,72.52,14.37,0
828,1147.38,102.73,1.6,23.91,19.5,1.34,66.07,13.37,0
829,1496.29,227.05,1.27,26.61,4.5,1.63,18.82,6.06,0
830,1409.09,195.98,1.35,25.94,8.25,1.56,30.63,7.88,0
831,1327.3,166.84,1.43,25.3,11.76,1.49,41.71,9.6,0
832,1480.12,221.29,1.28,26.49,5.19,1.62,21.01,6.39,0
833,952.52,33.3,1.78,22.4,27.88,1.18,92.46,17.45,0
834,978.28,42.49,1.76,22.6,26.77,1.2,88.97,16.91,0
835,1067.53,74.28,1.67,23.29,22.93,1.27,76.89,15.04,0
836,958.33,35.38,1.77,22.45,27.63,1.18,91.68,17.33,0
837,1481.3,221.71,1.28,26.49,5.14,1.62,20.85,6.37,0
838,1305.49,159.07,1.45,25.13,12.7,1.47,44.66,10.05,0
839,1519.17,235.2,1.25,26.79,3.52,1.65,15.72,5.58,0
840,950.13,32.45,1.78,22.38,27.98,1.18,92.79,17.5,0
841,1413.11,197.41,1.35,25.97,8.08,1.56,30.09,7.8,0
842,1043.3,65.65,1.69,23.1,23.97,1.25,80.17,15.55,0
843,1453.73,211.89,1.31,26.28,6.33,1.6,24.59,6.95,0
844,1465.19,215.97,1.3,26.37,5.84,1.61,23.03,6.71,0
845,950.75,32.68,1.78,22.39,27.95,1.18,92.7,17.49,0
846,1478.81,220.82,1.28,26.47,5.25,1.62,21.19,6.42,0
847,1467.78,216.89,1.3,26.39,5.72,1.61,22.68,6.65,0
848,1401.43,193.25,1.36,25.88,8.58,1.55,31.67,8.04,0
849,1354.27,176.45,1.4,25.51,10.6,1.51,38.05,9.03,0
850,1174.6,112.43,1.57,24.12,18.33,1.36,62.39,12.8,0
851,958.49,35.43,1.77,22.45,27.62,1.18,91.65,17.33,0
852,1540.82,242.92,1.23,26.95,2.58,1.67,12.79,5.12,0
853,1230.86,132.48,1.52,24.56,15.91,1.41,54.77,11.62,0
854,1364.52,180.1,1.39,25.59,10.16,1.52,36.67,8.82,0
855,1335.39,169.72,1.42,25.37,11.42,1.5,40.61,9.43,0
856,1518.1,234.82,1.25,26.78,3.56,1.65,15.87,5.6,0
857,1165.46,109.18,1.58,24.05,18.72,1.36,63.63,12.99,0
858,1376.45,184.35,1.38,25.68,9.65,1.53,35.05,8.57,0
859,1424.72,201.55,1.34,26.06,7.58,1.57,28.51,7.56,0
860,1263.65,144.16,1.49,24.81,14.5,1.44,50.33,10.93,0
861,1423.57,201.14,1.34,26.05,7.63,1.57,28.67,7.58,0
862,1494.1,226.27,1.27,26.59,4.59,1.63,19.12,6.1,0
863,1091.55,82.84,1.65,23.48,21.9,1.29,73.63,14.54,0
864,1495.16,226.65,1.27,26.6,4.55,1.63,18.98,6.08,0
865,1231.84,132.83,1.52,24.56,15.87,1.41,54.64,11.6,0
866,1523.94,236.9,1.24,26.82,3.31,1.65,15.08,5.48,0
867,1149.67,103.55,1.59,23.93,19.4,1.34,65.76,13.32,0
868,1188.74,117.47,1.56,24.23,17.72,1.38,60.47,12.5,0
869,1480.89,221.56,1.28,26.49,5.16,1.62,20.91,6.38,0
870,1511.72,232.55,1.25,26.73,3.84,1.64,16.73,5.73,0
871,1286.58,152.33,1.47,24.99,13.51,1.46,47.22,10.45,0
872,1360.31,178.6,1.4,25.56,10.35,1.52,37.24,8.91,0
873,1484.51,222.85,1.28,26.52,5.01,1.62,20.42,6.3,0
874,1218.67,128.14,1.53,24.46,16.43,1.4,56.42,11.87,0
875,1427.67,202.6,1.33,26.08,7.45,1.57,28.12,7.49,0
876,984.7,44.77,1.75,22.65,26.49,1.21,88.1,16.78,0
877,1398.05,192.05,1.36,25.85,8.72,1.55,32.13,8.11,0
878,1260.4,143.01,1.49,24.78,14.64,1.43,50.77,11.0,0
879,1345.92,173.47,1.41,25.45,10.96,1.51,39.19,9.21,0
880,1139.57,99.95,1.6,23.85,19.84,1.33,67.13,13.53,0
881,927.14,24.26,1.8,22.21,28.97,1.16,95.9,17.98,0
882,1048.12,67.37,1.69,23.14,23.77,1.26,79.52,15.45,0
883,1411.14,196.71,1.35,25.95,8.16,1.56,30.35,7.84,0
884,1022.66,58.3,1.71,22.94,24.86,1.24,82.96,15.98,0
885,1001.99,50.93,1.73,22.78,25.75,1.22,85.76,16.42,0
886,1511.89,232.61,1.25,26.73,3.83,1.64,16.71,5.73,0
887,1395.29,191.07,1.36,25.83,8.84,1.55,32.5,8.17,0
888,1460.31,214.23,1.3,26.33,6.05,1.6,23.69,6.81,0
889,1021.76,57.97,1.71,22.94,24.9,1.24,83.09,16.0,0
890,1098.66,85.38,1.64,23.53,21.59,1.3,72.67,14.39,0
891,1143.92,101.5,1.6,23.88,19.65,1.34,66.54,13.44,0
892,1405.38,194.66,1.35,25.91,8.41,1.56,31.13,7.96,0
893,1478.63,220.76,1.29,26.47,5.26,1.62,21.21,6.43,0
894,1410.94,196.64,1.35,25.95,8.17,1.56,30.38,7.84,0
895,1478.05,220.55,1.29,26.47,5.28,1.62,21.29,6.44,0
896,1074.77,76.87,1.66,23.35,22.62,1.28,75.91,14.89,0
897,1501.46,228.89,1.26,26.65,4.28,1.64,18.12,5.95,0
898,1265.91,144.97,1.48,24.83,14.4,1.44,50.02,10.88,0
899,1021.45,57.87,1.71,22.94,24.91,1.24,83.13,16.01,0
900,942.5,29.74,1.79,22.32,28.31,1.17,93.82,17.66,0
901,1126.62,95.34,1.62,23.75,20.39,1.32,68.88,13.8,0
902,1345.23,173.23,1.41,25.44,10.99,1.51,39.28,9.22,0
903,1130.7,96.79,1.61,23.78,20.22,1.33,68.33,13.72,0
904,962.86,36.99,1.77,22.48,27.43,1.19,91.06,17.24,0
905,931.28,25.74,1.8,22.24,28.79,1.16,95.34,17.9,0
906,1160.31,107.34,1.58,24.01,18.94,1.35,64.32,13.1,0
907,1174.57,112.42,1.57,24.12,18.33,1.36,62.39,12.8,0
908,1443.8,208.35,1.32,26.2,6.76,1.59,25.93,7.16,0
909,1366.98,180.98,1.39,25.61,10.06,1.52,36.33,8.77,0
910,955.28,34.29,1.78,22.42,27.76,1.18,92.09,17.39,0
911,1407.82,195.53,1.35,25.93,8.3,1.56,30.8,7.91,0
912,1265.35,144.77,1.49,24.82,14.43,1.44,50.1,10.9,0
913,1493.48,226.05,1.27,26.59,4.62,1.63,19.2,6.11,0
914,1124.92,94.73,1.62,23.74,20.47,1.32,69.12,13.84,0
915,1055.17,69.88,1.68,23.2,23.46,1.26,78.56,15.3,0
916,1495.92,226.92,1.27,26.61,4.51,1.63,18.87,6.06,0
917,1427.94,202.7,1.33,26.08,7.44,1.57,28.08,7.49,0
918,1413.2,197.45,1.35,25.97,8.07,1.56,30.08,7.8,0
919,1004.08,51.68,1.73,22.8,25.66,1.22,85.48,16.37,0
920,1112.7,90.38,1.63,23.64,20.99,1.31,70.77,14.1,0
921,1206.16,123.68,1.54,24.36,16.97,1.39,58.11,12.14,0
922,1034.29,62.44,1.7,23.03,24.36,1.25,81.39,15.74,0
923,1391.62,189.76,1.37,25.8,9.0,1.54,33.0,8.25,0
924,1180.98,114.71,1.56,24.17,18.05,1.37,61.52,12.66,0
925,1348.34,174.34,1.41,25.47,10.86,1.51,38.86,9.16,0
926,1404.95,194.51,1.35,25.9,8.43,1.56,31.19,7.97,0
927,1291.0,153.91,1.46,25.02,13.33,1.46,46.62,10.36,0
928,1495.24,226.68,1.27,26.6,4.54,1.63,18.96,6.08,0
929,1476.67,220.06,1.29,26.46,5.34,1.61,21.48,6.47,0
930,950.31,32.52,1.78,22.39,27.97,1.18,92.76,17.5,0
931,1319.81,164.17,1.43,25.24,12.09,1.48,42.72,9.75,0
932,1119.19,92.69,1.62,23.69,20.71,1.32,69.89,13.96,0
933,1049.06,67.7,1.69,23.15,23.73,1.26,79.39,15.43,0
934,1518.02,234.79,1.25,26.78,3.56,1.65,15.88,5.6,0
935,1171.77,111.42,1.57,24.1,18.45,1.36,62.77,12.86,0
936,987.45,45.75,1.75,22.67,26.38,1.21,87.73,16.72,0
937,1501.34,228.85,1.26,26.65,4.28,1.64,18.14,5.95,0
938,1240.66,135.97,1.51,24.63,15.49,1.42,53.44,11.41,0
939,1342.82,172.37,1.41,25.42,11.1,1.5,39.61,9.27,0
940,1210.37,125.18,1.54,24.4,16.79,1.39,57.54,12.05,0
941,1232.44,133.04,1.52,24.57,15.84,1.41,54.55,11.59,0
942,1356.84,177.37,1.4,25.53,10.49,1.52,37.71,8.98,0
943,1418.76,199.43,1.34,26.01,7.83,1.57,29.32,7.68,0
944,1165.29,109.12,1.58,24.05,18.73,1.36,63.65,12.99,0
945,1497.78,227.58,1.27,26.62,4.43,1.63,18.62,6.02,0
946,1100.05,85.87,1.64,23.54,21.53,1.3,72.48,14.36,0
947,1491.54,225.36,1.27,26.57,4.7,1.63,19.47,6.16,0
948,935.43,27.22,1.8,22.27,28.61,1.16,94.78,17.81,0
949,1056.01,70.18,1.68,23.2,23.43,1.26,78.45,15.28,0
950,1431.2,203.86,1.33,26.11,7.3,1.58,27.64,7.42,0
951,1321.18,164.66,1.43,25.26,12.03,1.49,42.54,9.73,0
952,1379.36,185.39,1.38,25.71,9.53,1.53,34.66,8.51,0
953,1262.51,143.76,1.49,24.8,14.55,1.44,50.48,10.96,0
954,1032.44,61.78,1.7,23.02,24.44,1.25,81.64,15.78,0
955,1104.76,87.55,1.64,23.58,21.33,1.31,71.85,14.26,0
956,1458.62,213.63,1.3,26.32,6.12,1.6,23.92,6.85,0
957,1308.78,160.24,1.44,25.16,12.56,1.48,44.22,9.99,0
958,1414.24,197.82,1.35,25.98,8.03,1.56,29.93,7.78,0
959,1498.67,227.9,1.27,26.63,4.4,1.63,18.5,6.01,0
960,1428.76,202.99,1.33,26.09,7.4,1.57,27.97,7.47,0
961,1219.61,128.47,1.53,24.47,16.39,1.4,56.29,11.85,0
962,942.93,29.89,1.79,22.33,28.29,1.17,93.76,17.65,0
963,1237.3,134.77,1.51,24.61,15.63,1.42,53.9,11.48,0
964,954.89,34.15,1.78,22.42,27.78,1.18,92.14,17.4,0
965,1417.27,198.9,1.34,26.0,7.9,1.57,29.52,7.71,0
966,1069.9,75.13,1.67,23.31,22.83,1.28,76.57,14.99,0
967,1373.16,183.18,1.38,25.66,9.79,1.53,35.5,8.64,0
968,1358.33,177.9,1.4,25.54,10.43,1.52,37.51,8.95,0
969,1444.25,208.51,1.32,26.21,6.74,1.59,25.87,7.15,0
970,1378.42,185.05,1.38,25.7,9.57,1.53,34.79,8.53,0
971,1017.9,56.6,1.72,22.91,25.07,1.23,83.61,16.08,0
972,1420.07,199.89,1.34,26.02,7.78,1.57,29.14,7.65,0
973,1321.15,164.65,1.43,25.25,12.03,1.49,42.54,9.73,0
974,1247.52,138.41,1.5,24.68,15.19,1.42,52.51,11.27,0
975,1250.34,139.42,1.5,24.71,15.07,1.43,52.13,11.21,0
976,981.41,43.6,1.75,22.63,26.64,1.2,88.55,16.85,0
977,1329.8,167.73,1.42,25.32,11.66,1.49,41.37,9.55,0
978,931.85,25.94,1.8,22.24,28.77,1.16,95.26,17.89,0
979,1058.99,71.24,1.68,23.23,23.3,1.27,78.04,15.22,0
980,1465.09,215.94,1.3,26.37,5.84,1.61,23.05,6.71,0
981,1115.65,91.43,1.63,23.66,20.86,1.31,70.37,14.03,0
982,1251.32,139.77,1.5,24.71,15.03,1.43,52.0,11.19,0
983,1349.31,174.68,1.41,25.47,10.82,1.51,38.73,9.14,0
984,1122.51,93.87,1.62,23.72,20.57,1.32,69.44,13.89,0
985,1018.61,56.85,1.72,22.91,25.04,1.23,83.51,16.07,0
986,930.62,25.5,1.8,22.23,28.82,1.16,95.43,17.91,0
987,1269.68,146.31,1.48,24.86,14.24,1.44,49.51,10.81,0
988,1203.06,122.58,1.54,24.34,17.11,1.39,58.53,12.2,0
989,1069.46,74.97,1.67,23.31,22.85,1.28,76.63,15.0,0
990,997.58,49.36,1.74,22.75,25.94,1.22,86.36,16.51,0
991,1465.58,216.11,1.3,26.37,5.82,1.61,22.98,6.7,0
992,1454.95,212.32,1.31,26.29,6.28,1.6,24.42,6.92,0
993,1342.93,172.41,1.41,25.42,11.09,1.5,39.59,9.27,0
994,1289.53,153.38,1.46,25.01,13.39,1.46,46.82,10.39,0
995,1429.94,203.41,1.33,26.1,7.35,1.58,27.81,7.45,0
996,1016.75,56.19,1.72,22.9,25.12,1.23,83.76,16.11,0
997,1151.27,104.12,1.59,23.94,19.33,1.34,65.55,13.29,0
998,1092.04,83.02,1.65,23.48,21.88,1.29,73.57,14.53,0
999,1148.92,103.28,1.59,23.92,19.43,1.34,65.87,13.34,0
1000,1400.69,192.99,1.36,25.87,8.61,1.55,31.77,8.06,0
1001,1528.27,238.45,1.24,26.86,3.12,1.66,14.49,5.39,0
1002,980.55,43.29,1.75,22.62,26.67,1.2,88.67,16.87,0
1003,1529.75,238.97,1.24,26.87,3.06,1.66,14.29,5.35,0
1004,1035.34,62.82,1.7,23.04,24.32,1.25,81.25,15.72,0
1005,1014.46,55.38,1.72,22.88,25.21,1.23,84.07,16.15,0
1006,1028.73,60.46,1.71,22.99,24.6,1.24,82.14,15.86,0
1007,1136.88,98.99,1.61,23.83,19.95,1.33,67.5,13.59,0
1008,1082.24,79.53,1.66,23.41,22.3,1.29,74.89,14.73,0
1009,1033.08,62.01,1.7,23.03,24.41,1.25,81.55,15.76,0
1010,1268.05,145.73,1.48,24.84,14.31,1.44,49.73,10.84,0
1011,930.9,25.6,1.8,22.23,28.81,1.16,95.39,17.91,0
1012,1100.37,85.99,1.64,23.55,21.52,1.3,72.44,14.35,0
1013,1213.68,126.36,1.53,24.42,16.65,1.4,57.09,11.98,0
1014,1158.04,106.53,1.59,23.99,19.04,1.35,64.63,13.15,0
1015,1185.23,116.22,1.56,24.2,17.87,1.37,60.95,12.58,0
1016,967.84,38.76,1.77,22.52,27.22,1.19,90.39,17.13,0
1017,1409.34,196.07,1.35,25.94,8.24,1.56,30.6,7.88,0
1018,1521.11,235.89,1.25,26.8,3.43,1.65,15.46,5.54,0
1019,1217.01,127.55,1.53,24.45,16.51,1.4,56.64,11.91,0
1020,1008.77,53.35,1.73,22.84,25.46,1.23,84.84,16.27,0
1021,1414.81,198.02,1.34,25.98,8.0,1.56,29.86,7.76,0
1022,1094.26,83.81,1.65,23.5,21.78,1.3,73.27,14.48,0
1023,1337.65,170.53,1.42,25.38,11.32,1.5,40.31,9.38,0
1024,1123.72,94.3,1.62,23.73,20.52,1.32,69.28,13.86,0
1025,1438.94,206.62,1.32,26.17,6.96,1.58,26.59,7.26,0
1026,1444.17,208.48,1.32,26.21,6.74,1.59,25.88,7.15,0
1027,1443.91,208.39,1.32,26.2,6.75,1.59,25.92,7.15,0
1028,1023.41,58.56,1.71,22.95,24.83,1.24,82.86,15.97,0
1029,1255.5,141.26,1.49,24.75,14.85,1.43,51.43,11.1,0
1030,1179.38,114.14,1.57,24.16,18.12,1.37,61.74,12.7,0
1031,1508.81,231.51,1.26,26.71,3.96,1.64,17.13,5.79,0
1032,1075.82,77.24,1.66,23.36,22.58,1.28,75.76,14.87,0
1033,951.15,32.82,1.78,22.39,27.94,1.18,92.65,17.48,0
1034,1363.79,179.84,1.39,25.58,10.2,1.52,36.77,8.83,0
1035,1043.55,65.74,1.69,23.11,23.96,1.25,80.14,15.54,0
1036,1209.81,124.98,1.54,24.39,16.82,1.39,57.62,12.06,0
1037,1536.73,241.46,1.23,26.92,2.76,1.66,13.35,5.21,0
1038,1202.67,122.43,1.54,24.34,17.12,1.39,58.59,12.21,0
1039,1099.62,85.72,1.64,23.54,21.55,1.3,72.54,14.37,0
1040,998.93,49.84,1.74,22.76,25.88,1.22,86.18,16.48,0
1041,1098.53,85.33,1.64,23.53,21.6,1.3,72.69,14.39,0
1042,930.73,25.54,1.8,22.23,28.81,1.16,95.41,17.91,0
1043,1153.04,104.75,1.59,23.95,19.26,1.35,65.31,13.25,0
1044,1096.97,84.77,1.64,23.52,21.67,1.3,72.9,14.43,0
1045,1491.24,225.25,1.27,26.57,4.72,1.63,19.51,6.16,0
1046,1070.5,75.34,1.67,23.32,22.8,1.28,76.49,14.98,0
1047,1030.6,61.13,1.71,23.01,24.52,1.24,81.89,15.82,0
1048,1127.12,95.52,1.62,23.75,20.37,1.32,68.82,13.79,0
1049,1002.48,51.11,1.73,22.79,25.73,1.22,85.7,16.41,0
1050,1407.36,195.37,1.35,25.92,8.32,1.56,30.87,7.92,0
1051,1047.37,67.1,1.69,23.14,23.8,1.26,79.62,15.46,0
1052,1142.71,101.07,1.6,23.87,19.7,1.34,66.71,13.47,0
1053,1482.99,222.31,1.28,26.51,5.07,1.62,20.62,6.33,0
1054,1360.77,178.77,1.4,25.56,10.33,1.52,37.17,8.9,0
1055,1170.52,110.98,1.57,24.09,18.5,1.36,62.94,12.88,0
1056,1055.92,70.15,1.68,23.2,23.43,1.26,78.46,15.29,0
1057,1224.22,130.11,1.52,24.5,16.2,1.4,55.67,11.76,0
1058,1409.44,196.11,1.35,25.94,8.23,1.56,30.58,7.88,0
1059,1295.97,155.68,1.46,25.06,13.11,1.46,45.95,10.25,0
1060,1454.28,212.08,1.31,26.29,6.31,1.6,24.51,6.94,0
1061,1200.31,121.59,1.55,24.32,17.22,1.38,58.91,12.26,0
1062,1528.14,238.4,1.24,26.86,3.13,1.66,14.51,5.39,0
1063,1009.41,53.58,1.73,22.84,25.43,1.23,84.76,16.26,0
1064,1285.69,152.02,1.47,24.98,13.55,1.46,47.34,10.47,0
1065,1416.45,198.6,1.34,25.99,7.93,1.56,29.63,7.73,0
1066,1099.47,85.66,1.64,23.54,21.56,1.3,72.56,14.37,0
1067,1466.51,216.44,1.3,26.38,5.78,1.61,22.85,6.68,0
1068,966.47,38.28,1.77,22.51,27.28,1.19,90.57,17.16,0
1069,932.96,26.34,1.8,22.25,28.72,1.16,95.11,17.86,0
1070,1460.67,214.36,1.3,26.33,6.03,1.6,23.65,6.8,0
1071,1436.9,205.89,1.32,26.15,7.05,1.58,26.87,7.3,0
1072,1299.13,156.8,1.45,25.08,12.98,1.47,45.52,10.19,0
1073,1123.22,94.13,1.62,23.72,20.54,1.32,69.34,13.87,0
1074,1206.08,123.65,1.54,24.36,16.98,1.39,58.12,12.14,0
1075,1390.21,189.25,1.37,25.79,9.06,1.54,33.19,8.28,0
1076,1521.22,235.93,1.24,26.8,3.43,1.65,15.45,5.53,0
1077,1250.72,139.55,1.5,24.71,15.06,1.43,52.08,11.2,0
1078,961.01,36.33,1.77,22.47,27.51,1.19,91.31,17.27,0
1079,1243.95,137.14,1.51,24.66,15.35,1.42,53.0,11.34,0
1080,960.98,36.32,1.77,22.47,27.51,1.19,91.32,17.28,0
1081,1413.43,197.53,1.35,25.97,8.06,1.56,30.04,7.79,0
1082,1296.44,155.85,1.46,25.06,13.09,1.46,45.89,10.24,0
1083,1543.99,244.05,1.22,26.98,2.45,1.67,12.36,5.06,0
1084,1001.76,50.85,1.73,22.78,25.76,1.22,85.79,16.42,0
1085,1356.94,177.4,1.4,25.53,10.49,1.52,37.69,8.98,0
1086,1285.17,151.83,1.47,24.98,13.58,1.46,47.41,10.48,0
1087,1174.51,112.4,1.57,24.12,18.33,1.36,62.4,12.8,0
1088,988.97,46.29,1.75,22.68,26.31,1.21,87.53,16.69,0
1089,1339.7,171.26,1.42,25.4,11.23,1.5,40.03,9.34,0
1090,1064.04,73.04,1.67,23.27,23.08,1.27,77.36,15.12,0
1091,1216.16,127.24,1.53,24.44,16.54,1.4,56.76,11.93,0
1092,1067.21,74.17,1.67,23.29,22.95,1.27,76.93,15.05,0
1093,1475.39,219.6,1.29,26.45,5.4,1.61,21.65,6.49,0
1094,1164.97,109.0,1.58,24.05,18.74,1.36,63.69,13.0,0
1095,1068.39,74.59,1.67,23.3,22.9,1.28,76.77,15.02,0
1096,1287.97,152.83,1.46,25.0,13.46,1.46,47.03,10.42,0
1097,930.54,25.48,1.8,22.23,28.82,1.16,95.44,17.91,0
1098,1267.87,145.66,1.48,24.84,14.32,1.44,49.76,10.84,0
1099,1347.8,174.14,1.41,25.46,10.88,1.51,38.93,9.17,0
1100,1387.07,188.14,1.37,25.76,9.19,1.54,33.61,8.34,0
1101,1506.93,230.84,1.26,26.69,4.04,1.64,17.38,5.83,0
1102,1281.97,150.69,1.47,24.95,13.71,1.45,47.85,10.55,0
1103,945.33,30.74,1.79,22.35,28.19,1.17,93.44,17.6,0
1104,943.46,30.08,1.79,22.33,28.27,1.17,93.69,17.64,0
1105,1477.11,220.22,1.29,26.46,5.32,1.62,21.42,6.46,0
1106,1060.13,71.65,1.68,23.23,23.25,1.27,77.89,15.2,0
1107,1078.85,78.32,1.66,23.38,22.45,1.28,75.35,14.8,0
1108,1195.47,119.87,1.55,24.28,17.43,1.38,59.56,12.36,0
1109,1329.21,167.52,1.43,25.32,11.68,1.49,41.45,9.56,0
1110,937.75,28.04,1.79,22.29,28.51,1.17,94.46,17.76,0
1111,1259.61,142.72,1.49,24.78,14.67,1.43,50.87,11.02,0
1112,1129.22,96.27,1.61,23.77,20.28,1.33,68.53,13.75,0
1113,1434.37,204.99,1.33,26.13,7.16,1.58,27.21,7.35,0
1114,1108.63,88.93,1.63,23.61,21.17,1.31,71.32,14.18,0
1115,1114.25,90.93,1.63,23.65,20.92,1.31,70.56,14.06,0
1116,1540.38,242.76,1.23,26.95,2.6,1.67,12.85,5.13,0
1117,1276.39,148.7,1.48,24.91,13.95,1.45,48.6,10.66,0
1118,1243.33,136.92,1.51,24.65,15.37,1.42,53.08,11.36,0
1119,1307.19,159.68,1.45,25.15,12.63,1.47,44.43,10.02,0
1120,1106.82,88.28,1.63,23.6,21.24,1.31,71.57,14.22,0
1121,1389.22,188.9,1.37,25.78,9.1,1.54,33.32,8.3,0
1122,988.05,45.97,1.75,22.68,26.35,1.21,87.65,16.71,0
1123,1373.37,183.25,1.38,25.66,9.78,1.53,35.47,8.63,0
1124,1400.57,192.95,1.36,25.87,8.61,1.55,31.78,8.06,0
1125,996.93,49.13,1.74,22.75,25.97,1.22,86.45,16.52,0
1126,1077.72,77.92,1.66,23.37,22.49,1.28,75.51,14.83,0
1127,1420.68,200.11,1.34,26.03,7.75,1.57,29.06,7.64,0
1128,993.93,48.06,1.74,22.72,26.1,1.21,86.86,16.58,0
1129,1391.41,189.68,1.37,25.8,9.01,1.54,33.03,8.25,0
1130,1357.6,177.64,1.4,25.54,10.46,1.52,37.6,8.96,0
1131,1061.71,72.21,1.68,23.25,23.18,1.27,77.68,15.16,0
1132,1239.53,135.57,1.51,24.62,15.54,1.42,53.59,11.44,0
1133,1362.65,179.44,1.39,25.58,10.24,1.52,36.92,8.86,0
1134,1097.28,84.88,1.64,23.52,21.65,1.3,72.86,14.42,0
1135,1327.12,166.78,1.43,25.3,11.77,1.49,41.73,9.6,0
1136,1516.38,234.21,1.25,26.77,3.64,1.65,16.1,5.63,0
1137,1355.38,176.85,1.4,25.52,10.56,1.51,37.9,9.01,0
1138,1450.91,210.88,1.31,26.26,6.45,1.59,24.97,7.01,0
1139,1442.71,207.96,1.32,26.2,6.8,1.59,26.08,7.18,0
1140,1362.04,179.22,1.39,25.57,10.27,1.52,37.0,8.87,0
1141,1264.36,144.41,1.49,24.82,14.47,1.44,50.23,10.92,0
1142,1197.49,120.59,1.55,24.3,17.35,1.38,59.29,12.32,0
1143,1086.09,80.9,1.65,23.44,22.13,1.29,74.37,14.65,0
1144,1403.03,193.82,1.36,25.89,8.51,1.55,31.45,8.01,0
1145,1097.23,84.87,1.64,23.52,21.66,1.3,72.87,14.42,0
1146,1034.87,62.65,1.7,23.04,24.34,1.25,81.31,15.73,0
1147,1269.26,146.16,1.48,24.85,14.26,1.44,49.57,10.81,0
1148,930.15,25.33,1.8,22.23,28.84,1.16,95.49,17.92,0
1149,1030.34,61.03,1.71,23.0,24.53,1.24,81.92,15.82,0
1150,1137.32,99.15,1.61,23.83,19.93,1.33,67.44,13.58,0
1151,1452.44,211.43,1.31,26.27,6.38,1.59,24.76,6.97,0
1152,1433.76,204.77,1.33,26.13,7.19,1.58,27.29,7.37,0
1153,1327.72,166.99,1.43,25.31,11.75,1.49,41.65,9.59,0
1154,1454.6,212.2,1.31,26.29,6.29,1.6,24.47,6.93,0
1155,1455.21,212.42,1.31,26.29,6.27,1.6,24.39,6.92,0
1156,967.35,38.59,1.77,22.52,27.24,1.19,90.45,17.14,0
1157,992.36,47.5,1.74,22.71,26.16,1.21,87.07,16.62,0
1158,939.28,28.59,1.79,22.3,28.45,1.17,94.26,17.73,0
1159,1080.5,78.91,1.66,23.39,22.37,1.29,75.13,14.77,0
1160,1320.09,164.27,1.43,25.25,12.07,1.48,42.68,9.75,0
1161,1539.81,242.56,1.23,26.95,2.63,1.67,12.93,5.14,0
1162,1133.23,97.69,1.61,23.8,20.11,1.33,67.99,13.67,0
1163,1264.39,144.43,1.49,24.82,14.47,1.44,50.23,10.92,0
1164,1498.56,227.86,1.27,26.63,4.4,1.63,18.51,6.01,0
1165,1157.51,106.35,1.59,23.99,19.06,1.35,64.7,13.16,0
1166,1274.95,148.19,1.48,24.9,14.01,1.45,48.8,10.69,0
1167,1464.27,215.64,1.3,26.36,5.88,1.6,23.16,6.73,0
1168,940.2,28.92,1.79,22.31,28.41,1.17,94.13,17.71,0
1169,1309.12,160.36,1.44,25.16,12.55,1.48,44.17,9.98,0
1170,1339.41,171.16,1.42,25.4,11.24,1.5,40.07,9.34,0
1171,1394.45,190.77,1.36,25.82,8.88,1.55,32.61,8.19,0
1172,1482.83,222.26,1.28,26.51,5.08,1.62,20.64,6.34,0
1173,932.56,26.19,1.8,22.25,28.74,1.16,95.17,17.87,0
1174,1293.33,154.74,1.46,25.04,13.23,1.46,46.31,10.31,0
1175,1423.79,201.22,1.34,26.05,7.62,1.57,28.64,7.58,0
1176,973.54,40.8,1.76,22.56,26.97,1.2,89.62,17.01,0
1177,938.37,28.27,1.79,22.29,28.49,1.17,94.38,17.75,0
1178,1341.27,171.82,1.41,25.41,11.16,1.5,39.82,9.3,0
1179,1332.62,168.74,1.42,25.34,11.54,1.49,40.99,9.49,0
1180,969.38,39.32,1.76,22.53,27.15,1.19,90.18,17.1,0
1181,1353.3,176.1,1.4,25.5,10.65,1.51,38.19,9.05,0
1182,1251.15,139.71,1.5,24.71,15.04,1.43,52.02,11.19,0
1183,1071.76,75.79,1.67,23.32,22.75,1.28,76.31,14.95,0
1184,1390.73,189.44,1.37,25.79,9.04,1.54,33.12,8.27,0
1185,1252.55,140.21,1.5,24.72,14.98,1.43,51.83,11.16,0
1186,1441.61,207.57,1.32,26.19,6.85,1.59,26.23,7.2,0
1187,1164.17,108.72,1.58,24.04,18.78,1.35,63.8,13.02,0
1188,1530.27,239.16,1.24,26.87,3.04,1.66,14.22,5.34,0
1189,1025.68,59.37,1.71,22.97,24.73,1.24,82.56,15.92,0
1190,1465.19,215.97,1.3,26.37,5.84,1.61,23.03,6.71,0
1191,1223.18,129.74,1.53,24.5,16.24,1.4,55.81,11.78,0
1192,1541.73,243.24,1.23,26.96,2.55,1.67,12.67,5.1,0
1193,1332.35,168.64,1.42,25.34,11.55,1.49,41.02,9.49,0
1194,1376.51,184.37,1.38,25.68,9.65,1.53,35.04,8.57,0
1195,1353.63,176.22,1.4,25.51,10.63,1.51,38.14,9.05,0
1196,1472.94,218.73,1.29,26.43,5.5,1.61,21.98,6.55,0
1197,1337.1,170.33,1.42,25.38,11.34,1.5,40.38,9.39,0
1198,1478.25,220.62,1.29,26.47,5.27,1.62,21.27,6.43,0
1199,963.93,37.37,1.77,22.49,27.39,1.19,90.92,17.21,0
1200,1316.63,163.04,1.44,25.22,12.22,1.48,43.15,9.82,0
1201,1365.67,180.51,1.39,25.6,10.11,1.52,36.51,8.79,0
1202,1123.6,94.26,1.62,23.73,20.52,1.32,69.29,13.87,0
1203,1488.99,224.45,1.28,26.55,4.81,1.62,19.81,6.21,0
1204,976.99,42.02,1.76,22.59,26.83,1.2,89.15,16.94,0
1205,932.68,26.24,1.8,22.25,28.73,1.16,95.15,17.87,0
1206,942.86,29.86,1.79,22.33,28.29,1.17,93.77,17.66,0
1207,1378.74,185.17,1.38,25.7,9.55,1.53,34.74,8.52,0
1208,1149.57,103.52,1.59,23.93,19.41,1.34,65.78,13.32,0
1209,1326.21,166.45,1.43,25.29,11.81,1.49,41.86,9.62,0
1210,1337.45,170.46,1.42,25.38,11.33,1.5,40.33,9.38,0
1211,1481.22,221.68,1.28,26.49,5.15,1.62,20.86,6.37,0
1212,1048.44,67.48,1.69,23.14,23.75,1.26,79.47,15.44,0
1213,1018.25,56.73,1.72,22.91,25.05,1.23,83.56,16.07,0
1214,1504.41,229.95,1.26,26.67,4.15,1.64,17.72,5.89,0
1215,1017.11,56.32,1.72,22.9,25.1,1.23,83.72,16.1,0
1216,952.6,33.34,1.78,22.4,27.87,1.18,92.45,17.45,0
1217,1399.7,192.64,1.36,25.86,8.65,1.55,31.9,8.08,0
1218,1542.64,243.57,1.22,26.97,2.51,1.67,12.55,5.08,0
1219,1135.64,98.55,1.61,23.82,20.0,1.33,67.66,13.61,0
1220,1172.61,111.72,1.57,24.11,18.41,1.36,62.66,12.84,0
1221,928.56,24.77,1.8,22.22,28.91,1.16,95.71,17.95,0
1222,1431.28,203.89,1.33,26.11,7.29,1.58,27.63,7.42,0
1223,1397.17,191.73,1.36,25.84,8.76,1.55,32.25,8.13,0
1224,1058.71,71.14,1.68,23.22,23.31,1.27,78.08,15.23,0
1225,956.65,34.78,1.78,22.43,27.7,1.18,91.9,17.37,0
1226,1434.93,205.19,1.33,26.14,7.14,1.58,27.13,7.34,0
1227,1353.6,176.21,1.4,25.51,10.63,1.51,38.15,9.05,0
1228,1140.22,100.19,1.6,23.85,19.81,1.33,67.04,13.52,0
1229,1103.34,87.04,1.64,23.57,21.39,1.3,72.04,14.29,0
1230,970.33,39.65,1.76,22.54,27.11,1.19,90.05,17.08,0
1231,1361.43,179.0,1.4,25.57,10.3,1.52,37.09,8.88,0
1232,1432.76,204.41,1.33,26.12,7.23,1.58,27.43,7.39,0
1233,1043.13,65.59,1.69,23.1,23.98,1.25,80.19,15.55,0
1234,328.83,-13.56,2.43,5.4,28.9,1.53,91.72,12.5,1
1235,285.99,-16.26,2.48,4.2,28.89,1.55,91.42,12.11,1
1236,-20.03,-35.49,2.8,-4.4,28.84,1.74,89.23,9.29,0
1237,75.49,-29.49,2.7,-1.72,28.86,1.68,89.91,10.17,1
1238,232.11,-19.64,2.53,2.68,28.88,1.59,91.03,11.61,1
1239,189.18,-22.34,2.58,1.48,28.87,1.61,90.73,11.22,1
1240,90.77,-28.53,2.68,-1.29,28.86,1.67,90.02,10.31,1
1241,341.46,-12.77,2.42,5.76,28.9,1.52,91.81,12.62,1
1242,326.4,-13.72,2.43,5.33,28.9,1.53,91.71,12.48,1
1243,63.32,-30.25,2.71,-2.06,28.85,1.69,89.82,10.06,1
1244,178.66,-23.0,2.59,1.18,28.87,1.62,90.65,11.12,1
1245,54.93,-30.78,2.72,-2.3,28.85,1.7,89.76,9.98,1
1246,299.5,-15.41,2.46,4.58,28.89,1.55,91.51,12.23,1
1247,280.82,-16.58,2.48,4.05,28.89,1.56,91.38,12.06,1
1248,80.37,-29.18,2.69,-1.58,28.86,1.68,89.95,10.22,1
1249,393.36,-9.51,2.36,7.22,28.91,1.49,92.19,13.1,1
1250,105.28,-27.62,2.66,-0.88,28.86,1.67,90.12,10.45,1
1251,188.78,-22.37,2.58,1.47,28.87,1.61,90.72,11.21,1
1252,-49.53,-37.35,2.83,-5.23,28.83,1.76,89.02,9.02,0
1253,168.72,-23.63,2.6,0.9,28.87,1.63,90.58,11.03,1
1254,104.08,-27.69,2.67,-0.91,28.86,1.67,90.12,10.44,1
1255,59.96,-30.47,2.71,-2.15,28.85,1.69,89.8,10.03,1
1256,392.12,-9.59,2.36,7.18,28.91,1.49,92.18,13.09,1
1257,47.64,-31.24,2.72,-2.5,28.85,1.7,89.71,9.92,1
1258,70.64,-29.79,2.7,-1.85,28.85,1.69,89.88,10.13,1
1259,270.45,-17.23,2.49,3.76,28.89,1.56,91.31,11.97,1
1260,245.94,-18.78,2.52,3.07,28.88,1.58,91.13,11.74,1
1261,-6.27,-34.63,2.78,-4.02,28.84,1.73,89.33,9.42,0
1262,425.9,-7.46,2.33,8.13,28.91,1.47,92.42,13.4,1
1263,214.85,-20.73,2.55,2.2,28.88,1.6,90.91,11.45,1
1264,418.35,-7.94,2.34,7.92,28.91,1.47,92.36,13.33,1
1265,358.43,-11.7,2.4,6.24,28.9,1.51,91.94,12.78,1
1266,309.41,-14.79,2.45,4.86,28.89,1.54,91.59,12.32,1
1267,325.15,-13.8,2.43,5.3,28.9,1.53,91.7,12.47,1
1268,-16.27,-35.26,2.79,-4.3,28.84,1.74,89.26,9.33,0
1269,-34.1,-36.38,2.81,-4.8,28.84,1.75,89.13,9.16,0
1270,32.11,-32.22,2.74,-2.94,28.85,1.71,89.6,9.77,1
1271,184.51,-22.64,2.58,1.35,28.87,1.62,90.69,11.18,1
1272,240.51,-19.12,2.52,2.92,28.88,1.58,91.09,11.69,1
1273,285.78,-16.27,2.48,4.19,28.89,1.55,91.42,12.11,1
1274,10.57,-33.57,2.76,-3.54,28.84,1.72,89.45,9.57,1
1275,66.17,-30.08,2.71,-1.98,28.85,1.69,89.85,10.09,1
1276,42.56,-31.56,2.73,-2.64,28.85,1.7,89.68,9.87,1
1277,149.65,-24.83,2.62,0.37,28.87,1.64,90.44,10.85,1
1278,-11.82,-34.98,2.79,-4.17,28.84,1.74,89.29,9.37,0
1279,389.02,-9.78,2.37,7.09,28.91,1.49,92.16,13.06,1
1280,110.47,-27.29,2.66,-0.73,28.86,1.66,90.16,10.49,1
1281,420.21,-7.82,2.33,7.97,28.91,1.47,92.38,13.34,1
1282,276.58,-16.85,2.49,3.93,28.89,1.56,91.35,12.02,1
1283,48.21,-31.21,2.72,-2.49,28.85,1.7,89.72,9.92,1
1284,365.75,-11.24,2.39,6.44,28.9,1.5,91.99,12.84,1
1285,112.99,-27.13,2.66,-0.66,28.86,1.66,90.18,10.52,1
1286,243.84,-18.91,2.52,3.01,28.88,1.58,91.12,11.72,1
1287,170.72,-23.5,2.6,0.96,28.87,1.63,90.59,11.05,1
1288,89.7,-28.6,2.68,-1.32,28.86,1.68,90.01,10.3,1
1289,202.61,-21.5,2.56,1.86,28.88,1.61,90.82,11.34,1
1290,427.31,-7.37,2.33,8.17,28.91,1.47,92.43,13.41,1
1291,407.86,-8.6,2.35,7.62,28.91,1.48,92.29,13.23,1
1292,386.13,-9.96,2.37,7.01,28.91,1.49,92.13,13.03,1
1293,167.58,-23.7,2.6,0.87,28.87,1.63,90.57,11.02,1
1294,277.98,-16.76,2.48,3.97,28.89,1.56,91.36,12.03,1
1295,172.45,-23.39,2.59,1.01,28.87,1.62,90.61,11.06,1
1296,108.35,-27.42,2.66,-0.79,28.86,1.66,90.15,10.47,1
1297,324.8,-13.82,2.43,5.29,28.9,1.53,91.7,12.47,1
1298,-1.59,-34.34,2.78,-3.88,28.84,1.73,89.36,9.46,0
1299,26.27,-32.58,2.75,-3.1,28.85,1.71,89.56,9.72,1
1300,151.54,-24.71,2.62,0.42,28.87,1.64,90.46,10.87,1
1301,165.31,-23.84,2.6,0.81,28.87,1.63,90.55,11.0,1
1302,176.9,-23.12,2.59,1.13,28.87,1.62,90.64,11.11,1
1303,405.25,-8.76,2.35,7.55,28.91,1.48,92.27,13.21,1
1304,402.49,-8.93,2.35,7.47,28.91,1.48,92.25,13.18,1
1305,419.79,-7.85,2.33,7.96,28.91,1.47,92.38,13.34,1
1306,173.69,-23.32,2.59,1.04,28.87,1.62,90.61,11.08,1
1307,290.46,-15.98,2.47,4.32,28.89,1.55,91.45,12.15,1
1308,-10.56,-34.9,2.79,-4.14,28.84,1.74,89.3,9.38,0
1309,131.31,-25.98,2.64,-0.15,28.86,1.65,90.31,10.69,1
1310,71.69,-29.73,2.7,-1.82,28.85,1.69,89.88,10.14,1
1311,164.52,-23.89,2.6,0.78,28.87,1.63,90.55,10.99,1
1312,52.77,-30.92,2.72,-2.36,28.85,1.7,89.75,9.96,1
1313,36.25,-31.96,2.74,-2.82,28.85,1.71,89.63,9.81,1
1314,253.23,-18.32,2.51,3.28,28.89,1.57,91.18,11.81,1
1315,-6.27,-34.63,2.78,-4.02,28.84,1.73,89.33,9.42,0
1316,287.37,-16.17,2.47,4.24,28.89,1.55,91.43,12.12,1
1317,89.07,-28.64,2.68,-1.34,28.86,1.68,90.01,10.3,1
1318,91.07,-28.51,2.68,-1.28,28.86,1.67,90.02,10.32,1
1319,182.86,-22.74,2.58,1.3,28.87,1.62,90.68,11.16,1
1320,11.62,-33.5,2.76,-3.51,28.84,1.72,89.45,9.58,1
1321,380.96,-10.29,2.38,6.87,28.91,1.49,92.1,12.98,1
1322,426.05,-7.45,2.33,8.14,28.91,1.47,92.42,13.4,1
1323,399.35,-9.13,2.36,7.39,28.91,1.48,92.23,13.15,1
1324,102.24,-27.81,2.67,-0.97,28.86,1.67,90.1,10.42,1
1325,236.14,-19.39,2.53,2.8,28.88,1.58,91.06,11.65,1
1326,-49.59,-37.35,2.83,-5.23,28.83,1.76,89.02,9.02,0
1327,351.28,-12.15,2.41,6.03,28.9,1.51,91.89,12.71,1
1328,108.23,-27.43,2.66,-0.8,28.86,1.66,90.15,10.47,1
1329,109.37,-27.36,2.66,-0.77,28.86,1.66,90.15,10.48,1
1330,199.96,-21.67,2.57,1.78,28.88,1.61,90.8,11.32,1
1331,290.63,-15.97,2.47,4.33,28.89,1.55,91.45,12.15,1
1332,-36.02,-36.5,2.81,-4.85,28.84,1.75,89.11,9.15,0
1333,291.95,-15.88,2.47,4.37,28.89,1.55,91.46,12.16,1
1334,333.93,-13.24,2.42,5.55,28.9,1.52,91.76,12.55,1
1335,85.48,-28.86,2.69,-1.44,28.86,1.68,89.98,10.26,1
1336,14.8,-33.31,2.76,-3.42,28.84,1.72,89.48,9.61,1
1337,-14.31,-35.14,2.79,-4.24,28.84,1.74,89.27,9.35,0
1338,210.32,-21.01,2.55,2.07,28.88,1.6,90.88,11.41,1
1339,342.41,-12.71,2.42,5.78,28.9,1.52,91.82,12.63,1
1340,69.71,-29.85,2.7,-1.88,28.85,1.69,89.87,10.12,1
1341,306.89,-14.94,2.45,4.79,28.89,1.54,91.57,12.3,1
1342,46.49,-31.31,2.73,-2.53,28.85,1.7,89.7,9.91,1
1343,412.57,-8.3,2.34,7.76,28.91,1.48,92.32,13.27,1
1344,349.45,-12.27,2.41,5.98,28.9,1.51,91.87,12.69,1
1345,138.48,-25.53,2.63,0.05,28.87,1.64,90.36,10.75,1
1346,51.88,-30.97,2.72,-2.38,28.85,1.7,89.74,9.96,1
1347,227.43,-19.94,2.54,2.55,28.88,1.59,91.0,11.57,1
1348,220.46,-20.38,2.54,2.36,28.88,1.59,90.95,11.51,1
1349,387.62,-9.87,2.37,7.06,28.91,1.49,92.15,13.04,1
1350,29.39,-32.39,2.74,-3.01,28.85,1.71,89.58,9.75,1
1351,48.92,-31.16,2.72,-2.46,28.85,1.7,89.72,9.93,1
1352,217.01,-20.59,2.55,2.26,28.88,1.6,90.92,11.47,1
1353,410.55,-8.43,2.34,7.7,28.91,1.48,92.31,13.25,1
1354,229.0,-19.84,2.53,2.6,28.88,1.59,91.01,11.58,1
1355,429.47,-7.24,2.32,8.23,28.92,1.46,92.44,13.43,1
1356,28.93,-32.42,2.74,-3.03,28.85,1.71,89.58,9.74,1
1357,148.84,-24.88,2.62,0.34,28.87,1.64,90.44,10.85,1
1358,396.02,-9.34,2.36,7.29,28.91,1.49,92.21,13.12,1
1359,228.43,-19.88,2.54,2.58,28.88,1.59,91.01,11.58,1
1360,407.9,-8.59,2.35,7.63,28.91,1.48,92.29,13.23,1
1361,269.93,-17.27,2.49,3.75,28.89,1.56,91.3,11.96,1
1362,73.27,-29.63,2.7,-1.78,28.85,1.69,89.9,10.15,1
1363,85.45,-28.86,2.69,-1.44,28.86,1.68,89.98,10.26,1
1364,397.39,-9.25,2.36,7.33,28.91,1.48,92.21,13.13,1
1365,46.03,-31.34,2.73,-2.55,28.85,1.7,89.7,9.9,1
1366,294.75,-15.71,2.47,4.44,28.89,1.55,91.48,12.19,1
1367,145.91,-25.06,2.62,0.26,28.87,1.64,90.42,10.82,1
1368,-50.46,-37.41,2.83,-5.26,28.83,1.76,89.01,9.01,0
1369,335.1,-13.17,2.42,5.58,28.9,1.52,91.77,12.56,1
1370,-0.36,-34.26,2.78,-3.85,28.84,1.73,89.37,9.47,1
1371,436.32,-6.81,2.32,8.42,28.92,1.46,92.49,13.49,1
1372,371.92,-10.86,2.39,6.61,28.91,1.5,92.03,12.9,1
1373,169.04,-23.61,2.6,0.91,28.87,1.63,90.58,11.03,1
1374,-18.49,-35.4,2.79,-4.36,28.84,1.74,89.24,9.31,0
1375,245.35,-18.81,2.52,3.06,28.88,1.58,91.13,11.73,1
1376,7.69,-33.75,2.77,-3.62,28.84,1.73,89.43,9.55,1
1377,306.5,-14.97,2.45,4.78,28.89,1.54,91.56,12.3,1
1378,17.09,-33.16,2.76,-3.36,28.85,1.72,89.49,9.63,1
1379,361.41,-11.52,2.4,6.32,28.9,1.51,91.96,12.8,1
1380,128.79,-26.14,2.64,-0.22,28.86,1.65,90.29,10.66,1
1381,348.43,-12.33,2.41,5.95,28.9,1.51,91.86,12.68,1
1382,245.23,-18.82,2.52,3.05,28.88,1.58,91.13,11.73,1
1383,83.8,-28.97,2.69,-1.48,28.86,1.68,89.97,10.25,1
1384,-33.51,-36.34,2.81,-4.78,28.84,1.75,89.13,9.17,0
1385,-31.21,-36.2,2.81,-4.72,28.84,1.75,89.15,9.19,0
1386,123.73,-26.46,2.65,-0.36,28.86,1.65,90.26,10.62,1
1387,186.81,-22.49,2.58,1.41,28.87,1.62,90.71,11.2,1
1388,-46.02,-37.13,2.82,-5.13,28.83,1.76,89.04,9.05,0
1389,98.15,-28.07,2.67,-1.08,28.86,1.67,90.07,10.38,1
1390,275.76,-16.9,2.49,3.91,28.89,1.56,91.34,12.01,1
1391,260.14,-17.88,2.5,3.47,28.89,1.57,91.23,11.87,1
1392,281.5,-16.54,2.48,4.07,28.89,1.56,91.39,12.07,1
1393,316.03,-14.37,2.44,5.04,28.9,1.54,91.63,12.39,1
1394,381.08,-10.28,2.38,6.87,28.91,1.49,92.1,12.98,1
1395,108.3,-27.43,2.66,-0.8,28.86,1.66,90.15,10.47,1
1396,348.36,-12.34,2.41,5.95,28.9,1.52,91.86,12.68,1
1397,436.59,-6.79,2.32,8.43,28.92,1.46,92.5,13.49,1
1398,408.54,-8.55,2.35,7.64,28.91,1.48,92.29,13.24,1
1399,31.05,-32.28,2.74,-2.97,28.85,1.71,89.59,9.76,1
1400,390.79,-9.67,2.37,7.14,28.91,1.49,92.17,13.07,1
1401,-0.88,-34.29,2.78,-3.87,28.84,1.73,89.37,9.47,0
1402,157.24,-24.35,2.61,0.58,28.87,1.63,90.5,10.92,1
1403,164.93,-23.87,2.6,0.8,28.87,1.63,90.55,11.0,1
1404,31.01,-32.29,2.74,-2.97,28.85,1.71,89.59,9.76,1
1405,340.25,-12.85,2.42,5.72,28.9,1.52,91.81,12.61,1
1406,188.26,-22.4,2.58,1.45,28.87,1.61,90.72,11.21,1
1407,65.12,-30.14,2.71,-2.01,28.85,1.69,89.84,10.08,1
1408,266.21,-17.5,2.5,3.64,28.89,1.57,91.28,11.93,1
1409,185.14,-22.6,2.58,1.36,28.87,1.62,90.7,11.18,1
1410,255.24,-18.19,2.51,3.33,28.89,1.57,91.2,11.83,1
1411,429.54,-7.23,2.32,8.23,28.92,1.46,92.44,13.43,1
1412,17.12,-33.16,2.76,-3.36,28.85,1.72,89.49,9.64,1
1413,409.65,-8.48,2.35,7.67,28.91,1.48,92.3,13.25,1
1414,435.09,-6.88,2.32,8.39,28.92,1.46,92.48,13.48,1
1415,267.11,-17.44,2.49,3.67,28.89,1.57,91.28,11.93,1
1416,204.22,-21.4,2.56,1.9,28.88,1.6,90.83,11.36,1
1417,331.17,-13.42,2.43,5.47,28.9,1.53,91.74,12.52,1
1418,336.85,-13.06,2.42,5.63,28.9,1.52,91.78,12.58,1
1419,4.88,-33.93,2.77,-3.7,28.84,1.73,89.41,9.52,1
1420,-2.74,-34.41,2.78,-3.92,28.84,1.73,89.35,9.45,0
1421,-4.89,-34.54,2.78,-3.98,28.84,1.73,89.34,9.43,0
1422,195.7,-21.93,2.57,1.66,28.88,1.61,90.77,11.28,1
1423,326.69,-13.7,2.43,5.34,28.9,1.53,91.71,12.48,1
1424,216.23,-20.64,2.55,2.24,28.88,1.6,90.92,11.47,1
1425,396.57,-9.31,2.36,7.31,28.91,1.49,92.21,13.13,1
1426,-6.74,-34.66,2.78,-4.03,28.84,1.73,89.32,9.42,0
1427,-27.24,-35.95,2.8,-4.61,28.84,1.75,89.18,9.23,0
1428,409.72,-8.48,2.35,7.68,28.91,1.48,92.3,13.25,1
1429,10.51,-33.57,2.76,-3.54,28.84,1.72,89.45,9.57,1
1430,430.53,-7.17,2.32,8.26,28.92,1.46,92.45,13.44,1
1431,-37.21,-36.57,2.81,-4.89,28.84,1.75,89.11,9.14,0
1432,228.9,-19.85,2.53,2.59,28.88,1.59,91.01,11.58,1
1433,24.61,-32.69,2.75,-3.15,28.85,1.72,89.55,9.7,1
1434,92.91,-28.39,2.68,-1.23,28.86,1.67,90.04,10.33,1
1435,276.65,-16.84,2.48,3.94,28.89,1.56,91.35,12.02,1
1436,89.29,-28.62,2.68,-1.33,28.86,1.68,90.01,10.3,1
1437,57.84,-30.6,2.71,-2.21,28.85,1.69,89.79,10.01,1
1438,390.8,-9.67,2.37,7.14,28.91,1.49,92.17,13.07,1
1439,77.96,-29.33,2.69,-1.65,28.86,1.68,89.93,10.19,1
1440,109.5,-27.35,2.66,-0.76,28.86,1.66,90.16,10.49,1
1441,-3.4,-34.45,2.78,-3.94,28.84,1.73,89.35,9.45,0
1442,316.32,-14.35,2.44,5.05,28.9,1.53,91.63,12.39,1
1443,3.5,-34.02,2.77,-3.74,28.84,1.73,89.4,9.51,1
1444,-50.56,-37.41,2.83,-5.26,28.83,1.76,89.01,9.01,0
1445,360.2,-11.59,2.4,6.28,28.9,1.51,91.95,12.79,1
1446,394.08,-9.46,2.36,7.24,28.91,1.49,92.19,13.1,1
1447,159.21,-24.23,2.61,0.64,28.87,1.63,90.51,10.94,1
1448,3.66,-34.01,2.77,-3.74,28.84,1.73,89.4,9.51,1
1449,7.04,-33.79,2.77,-3.64,28.84,1.73,89.42,9.54,1
1450,196.52,-21.88,2.57,1.68,28.88,1.61,90.78,11.29,1
1451,382.9,-10.17,2.37,6.92,28.91,1.49,92.11,13.0,1
1452,103.47,-27.73,2.67,-0.93,28.86,1.67,90.11,10.43,1
1453,191.39,-22.2,2.57,1.54,28.87,1.61,90.74,11.24,1
1454,429.79,-7.22,2.32,8.24,28.92,1.46,92.45,13.43,1
1455,354.2,-11.97,2.4,6.12,28.9,1.51,91.91,12.74,1
1456,234.68,-19.48,2.53,2.76,28.88,1.59,91.05,11.64,1
1457,227.62,-19.93,2.54,2.56,28.88,1.59,91.0,11.57,1
1458,62.8,-30.29,2.71,-2.07,28.85,1.69,89.82,10.06,1
1459,273.95,-17.01,2.49,3.86,28.89,1.56,91.33,12.0,1
1460,152.56,-24.65,2.61,0.45,28.87,1.64,90.46,10.88,1
1461,103.37,-27.74,2.67,-0.93,28.86,1.67,90.11,10.43,1
1462,395.14,-9.4,2.36,7.27,28.91,1.49,92.2,13.11,1
1463,328.29,-13.6,2.43,5.39,28.9,1.53,91.72,12.5,1
1464,271.21,-17.19,2.49,3.78,28.89,1.56,91.31,11.97,1
1465,-28.72,-36.04,2.8,-4.65,28.84,1.75,89.17,9.21,0
1466,295.58,-15.65,2.47,4.47,28.89,1.55,91.49,12.2,1
1467,280.59,-16.6,2.48,4.05,28.89,1.56,91.38,12.06,1
1468,116.25,-26.93,2.65,-0.57,28.86,1.66,90.2,10.55,1
1469,213.85,-20.79,2.55,2.17,28.88,1.6,90.9,11.45,1
1470,134.4,-25.79,2.63,-0.06,28.87,1.65,90.33,10.71,1
1471,37.02,-31.91,2.74,-2.8,28.85,1.71,89.64,9.82,1
1472,400.27,-9.07,2.36,7.41,28.91,1.48,92.24,13.16,1
1473,30.04,-32.35,2.74,-3.0,28.85,1.71,89.59,9.75,1
1474,218.77,-20.48,2.55,2.31,28.88,1.6,90.94,11.49,1
1475,175.22,-23.22,2.59,1.08,28.87,1.62,90.63,11.09,1
1476,203.67,-21.43,2.56,1.88,28.88,1.6,90.83,11.35,1
1477,102.08,-27.82,2.67,-0.97,28.86,1.67,90.1,10.42,1
1478,243.08,-18.95,2.52,2.99,28.88,1.58,91.11,11.71,1
1479,326.4,-13.72,2.43,5.33,28.9,1.53,91.71,12.48,1
1480,429.24,-7.25,2.33,8.23,28.92,1.46,92.44,13.43,1
1481,206.43,-21.26,2.56,1.96,28.88,1.6,90.85,11.38,1
1482,100.06,-27.95,2.67,-1.03,28.86,1.67,90.09,10.4,1
1483,408.46,-8.56,2.35,7.64,28.91,1.48,92.29,13.24,1
1484,72.41,-29.68,2.7,-1.8,28.85,1.69,89.89,10.14,1
1485,360.92,-11.55,2.4,6.3,28.9,1.51,91.95,12.8,1
1486,78.96,-29.27,2.69,-1.62,28.86,1.68,89.94,10.2,1
1487,198.93,-21.73,2.57,1.75,28.88,1.61,90.79,11.31,1
1488,229.11,-19.83,2.53,2.6,28.88,1.59,91.01,11.59,1
1489,390.35,-9.7,2.37,7.13,28.91,1.49,92.16,13.07,1
1490,56.95,-30.66,2.72,-2.24,28.85,1.7,89.78,10.0,1
1491,70.7,-29.79,2.7,-1.85,28.85,1.69,89.88,10.13,1
1492,-18.32,-35.39,2.79,-4.36,28.84,1.74,89.24,9.31,0
1493,218.25,-20.52,2.55,2.29,28.88,1.6,90.93,11.49,1
1494,235.61,-19.42,2.53,2.78,28.88,1.58,91.06,11.65,1
1495,239.33,-19.19,2.52,2.89,28.88,1.58,91.08,11.68,1
1496,423.22,-7.63,2.33,8.06,28.91,1.47,92.4,13.37,1
1497,301.89,-15.26,2.46,4.65,28.89,1.54,91.53,12.25,1
1498,310.62,-14.71,2.45,4.89,28.9,1.54,91.59,12.34,1
1499,311.87,-14.63,2.45,4.93,28.9,1.54,91.6,12.35,1
1500,394.99,-9.41,2.36,7.26,28.91,1.49,92.2,13.11,1
1501,304.71,-15.08,2.46,4.72,28.89,1.54,91.55,12.28,1
1502,-33.31,-36.33,2.81,-4.78,28.84,1.75,89.13,9.17,0
1503,360.88,-11.55,2.4,6.3,28.9,1.51,91.95,12.8,1
1504,8.01,-33.73,2.77,-3.61,28.84,1.73,89.43,9.55,1
1505,71.08,-29.77,2.7,-1.84,28.85,1.69,89.88,10.13,1
1506,-12.66,-35.03,2.79,-4.2,28.84,1.74,89.28,9.36,0
1507,421.57,-7.73,2.33,8.01,28.91,1.47,92.39,13.36,1
1508,61.54,-30.37,2.71,-2.11,28.85,1.69,89.81,10.04,1
1509,49.68,-31.11,2.72,-2.44,28.85,1.7,89.73,9.93,1
1510,423.85,-7.59,2.33,8.07,28.91,1.47,92.4,13.38,1
1511,304.63,-15.09,2.46,4.72,28.89,1.54,91.55,12.28,1
1512,141.49,-25.34,2.63,0.14,28.87,1.64,90.38,10.78,1
1513,65.68,-30.11,2.71,-1.99,28.85,1.69,89.84,10.08,1
1514,96.85,-28.15,2.67,-1.12,28.86,1.67,90.06,10.37,1
1515,285.19,-16.31,2.48,4.18,28.89,1.55,91.41,12.1,1
1516,346.98,-12.42,2.41,5.91,28.9,1.52,91.85,12.67,1
1517,358.55,-11.7,2.4,6.24,28.9,1.51,91.94,12.78,1
1518,406.47,-8.68,2.35,7.59,28.91,1.48,92.28,13.22,1
1519,189.07,-22.35,2.58,1.47,28.87,1.61,90.72,11.22,1
1520,354.55,-11.95,2.4,6.13,28.9,1.51,91.91,12.74,1
1521,271.0,-17.2,2.49,3.78,28.89,1.56,91.31,11.97,1
1522,54.73,-30.8,2.72,-2.3,28.85,1.7,89.76,9.98,1
1523,178.79,-23.0,2.59,1.19,28.87,1.62,90.65,11.12,1
1524,-33.59,-36.35,2.81,-4.78,28.84,1.75,89.13,9.17,0
1525,278.97,-16.7,2.48,4.0,28.89,1.56,91.37,12.04,1
1526,428.03,-7.33,2.33,8.19,28.92,1.47,92.43,13.42,1
1527,364.76,-11.31,2.39,6.41,28.9,1.5,91.98,12.83,1
1528,111.83,-27.21,2.66,-0.7,28.86,1.66,90.17,10.51,1
1529,20.19,-32.97,2.75,-3.27,28.85,1.72,89.52,9.66,1
1530,109.3,-27.36,2.66,-0.77,28.86,1.66,90.15,10.48,1
1531,347.06,-12.42,2.41,5.92,28.9,1.52,91.85,12.67,1
1532,-19.18,-35.44,2.79,-4.38,28.84,1.74,89.23,9.3,0
1533,-40.98,-36.81,2.82,-4.99,28.84,1.76,89.08,9.1,0
1534,36.77,-31.92,2.74,-2.81,28.85,1.71,89.63,9.82,1
1535,233.85,-19.54,2.53,2.73,28.88,1.59,91.04,11.63,1
1536,155.03,-24.49,2.61,0.52,28.87,1.63,90.48,10.9,1
1537,405.81,-8.73,2.35,7.57,28.91,1.48,92.28,13.21,1
1538,176.53,-23.14,2.59,1.12,28.87,1.62,90.63,11.1,1
1539,-43.86,-36.99,2.82,-5.07,28.83,1.76,89.06,9.07,0
1540,399.74,-9.11,2.36,7.4,28.91,1.48,92.23,13.16,1
1541,141.6,-25.33,2.63,0.14,28.87,1.64,90.38,10.78,1
1542,102.08,-27.82,2.67,-0.97,28.86,1.67,90.1,10.42,1
1543,-16.92,-35.3,2.79,-4.32,28.84,1.74,89.25,9.32,0
1544,-29.1,-36.06,2.81,-4.66,28.84,1.75,89.16,9.21,0
1545,247.9,-18.65,2.52,3.13,28.88,1.58,91.15,11.76,1
1546,-40.16,-36.76,2.82,-4.97,28.84,1.76,89.08,9.11,0
1547,86.92,-28.77,2.68,-1.4,28.86,1.68,89.99,10.28,1
1548,39.98,-31.72,2.73,-2.72,28.85,1.71,89.66,9.85,1
1549,258.31,-18.0,2.5,3.42,28.89,1.57,91.22,11.85,1
1550,203.86,-21.42,2.56,1.89,28.88,1.6,90.83,11.35,1
1551,137.88,-25.57,2.63,0.04,28.87,1.65,90.36,10.75,1
1552,18.74,-33.06,2.76,-3.31,28.85,1.72,89.51,9.65,1
1553,196.66,-21.87,2.57,1.69,28.88,1.61,90.78,11.29,1
1554,163.75,-23.94,2.6,0.76,28.87,1.63,90.54,10.98,1
1555,-22.52,-35.65,2.8,-4.47,28.84,1.74,89.21,9.27,0
1556,325.89,-13.75,2.43,5.32,28.9,1.53,91.7,12.48,1
1557,398.91,-9.16,2.36,7.37,28.91,1.48,92.23,13.15,1
1558,435.42,-6.86,2.32,8.4,28.92,1.46,92.49,13.48,1
1559,5.76,-33.87,2.77,-3.68,28.84,1.73,89.41,9.53,1
1560,0.85,-34.18,2.77,-3.82,28.84,1.73,89.38,9.49,1
1561,-21.93,-35.61,2.8,-4.46,28.84,1.74,89.21,9.28,0
1562,381.51,-10.25,2.38,6.88,28.91,1.49,92.1,12.99,1
1563,260.16,-17.88,2.5,3.47,28.89,1.57,91.23,11.87,1
1564,361.7,-11.5,2.4,6.33,28.9,1.51,91.96,12.81,1
1565,434.48,-6.92,2.32,8.37,28.92,1.46,92.48,13.47,1
1566,172.96,-23.36,2.59,1.02,28.87,1.62,90.61,11.07,1
1567,411.25,-8.38,2.34,7.72,28.91,1.48,92.31,13.26,1
1568,150.28,-24.79,2.62,0.38,28.87,1.64,90.45,10.86,1
1569,-14.81,-35.17,2.79,-4.26,28.84,1.74,89.27,9.34,0
1570,5.57,-33.89,2.77,-3.68,28.84,1.73,89.41,9.53,1
1571,334.19,-13.23,2.42,5.55,28.9,1.52,91.76,12.55,1
1572,376.47,-10.57,2.38,6.74,28.91,1.5,92.07,12.94,1
1573,171.36,-23.46,2.6,0.98,28.87,1.62,90.6,11.05,1
1574,228.48,-19.87,2.54,2.58,28.88,1.59,91.01,11.58,1
1575,11.9,-33.49,2.76,-3.51,28.84,1.72,89.46,9.59,1
1576,194.61,-22.0,2.57,1.63,28.88,1.61,90.76,11.27,1
1577,162.83,-24.0,2.6,0.74,28.87,1.63,90.54,10.98,1
1578,338.96,-12.93,2.42,5.69,28.9,1.52,91.8,12.6,1
1579,34.98,-32.04,2.74,-2.86,28.85,1.71,89.62,9.8,1
1580,159.17,-24.23,2.61,0.63,28.87,1.63,90.51,10.94,1
1581,41.0,-31.66,2.73,-2.69,28.85,1.71,89.66,9.85,1
1582,11.64,-33.5,2.76,-3.51,28.84,1.72,89.45,9.58,1
1583,26.11,-32.59,2.75,-3.11,28.85,1.71,89.56,9.72,1
1584,-46.76,-37.17,2.82,-5.15,28.83,1.76,89.04,9.05,0
1585,401.18,-9.02,2.35,7.44,28.91,1.48,92.24,13.17,1
1586,-17.17,-35.31,2.79,-4.32,28.84,1.74,89.25,9.32,0
1587,142.28,-25.29,2.63,0.16,28.87,1.64,90.39,10.79,1
1588,366.19,-11.22,2.39,6.45,28.9,1.5,91.99,12.85,1
1589,362.54,-11.45,2.39,6.35,28.9,1.51,91.97,12.81,1
1590,415.66,-8.11,2.34,7.84,28.91,1.47,92.35,13.3,1
1591,408.36,-8.56,2.35,7.64,28.91,1.48,92.29,13.23,1
1592,23.78,-32.74,2.75,-3.17,28.85,1.72,89.54,9.7,1
1593,368.0,-11.1,2.39,6.5,28.9,1.5,92.0,12.86,1
1594,-38.13,-36.63,2.81,-4.91,28.84,1.75,89.1,9.13,0
1595,430.69,-7.16,2.32,8.27,28.92,1.46,92.45,13.44,1
1596,205.4,-21.32,2.56,1.93,28.88,1.6,90.84,11.37,1
1597,164.57,-23.89,2.6,0.79,28.87,1.63,90.55,10.99,1
1598,436.63,-6.79,2.32,8.43,28.92,1.46,92.5,13.49,1
1599,361.44,-11.51,2.4,6.32,28.9,1.51,91.96,12.8,1
1600,335.84,-13.12,2.42,5.6,28.9,1.52,91.77,12.57,1
1601,101.05,-27.88,2.67,-1.0,28.86,1.67,90.09,10.41,1
1602,316.02,-14.37,2.44,5.04,28.9,1.54,91.63,12.38,1
1603,212.68,-20.87,2.55,2.14,28.88,1.6,90.89,11.43,1
1604,242.24,-19.01,2.52,2.97,28.88,1.58,91.1,11.71,1
1605,366.55,-11.19,2.39,6.46,28.9,1.5,91.99,12.85,1
1606,378.7,-10.43,2.38,6.8,28.91,1.5,92.08,12.96,1
1607,223.27,-20.2,2.54,2.44,28.88,1.59,90.97,11.53,1
1608,265.2,-17.56,2.5,3.61,28.89,1.57,91.27,11.92,1
1609,163.5,-23.96,2.6,0.76,28.87,1.63,90.54,10.98,1
1610,243.91,-18.9,2.52,3.02,28.88,1.58,91.12,11.72,1
1611,100.83,-27.9,2.67,-1.01,28.86,1.67,90.09,10.41,1
1612,324.21,-13.86,2.44,5.27,28.9,1.53,91.69,12.46,1
1613,312.08,-14.62,2.45,4.93,28.9,1.54,91.6,12.35,1
1614,-51.86,-37.5,2.83,-5.3,28.83,1.76,89.0,9.0,0
1615,193.01,-22.1,2.57,1.59,28.88,1.61,90.75,11.25,1
1616,85.24,-28.88,2.69,-1.44,28.86,1.68,89.98,10.26,1
1617,28.01,-32.47,2.75,-3.05,28.85,1.71,89.57,9.74,1
1618,337.64,-13.01,2.42,5.65,28.9,1.52,91.79,12.58,1
1619,153.08,-24.61,2.61,0.46,28.87,1.64,90.47,10.89,1
1620,158.84,-24.25,2.61,0.62,28.87,1.63,90.51,10.94,1
1621,264.27,-17.62,2.5,3.59,28.89,1.57,91.26,11.91,1
1622,38.66,-31.81,2.73,-2.75,28.85,1.71,89.65,9.83,1
1623,352.58,-12.07,2.41,6.07,28.9,1.51,91.89,12.72,1
1624,-27.59,-35.97,2.8,-4.62,28.84,1.75,89.17,9.22,0
1625,387.05,-9.9,2.37,7.04,28.91,1.49,92.14,13.04,1
1626,256.75,-18.1,2.51,3.38,28.89,1.57,91.21,11.84,1
1627,432.59,-7.04,2.32,8.32,28.92,1.46,92.47,13.46,1
1628,-29.6,-36.1,2.81,-4.67,28.84,1.75,89.16,9.21,0
1629,397.35,-9.26,2.36,7.33,28.91,1.48,92.21,13.13,1
1630,389.83,-9.73,2.37,7.12,28.91,1.49,92.16,13.06,1
1631,71.92,-29.71,2.7,-1.82,28.85,1.69,89.89,10.14,1
1632,92.84,-28.4,2.68,-1.23,28.86,1.67,90.04,10.33,1
1633,131.53,-25.97,2.64,-0.14,28.86,1.65,90.31,10.69,1
1634,225.99,-20.03,2.54,2.51,28.88,1.59,90.99,11.56,1
1635,334.85,-13.19,2.42,5.57,28.9,1.52,91.77,12.56,1
1636,288.82,-16.08,2.47,4.28,28.89,1.55,91.44,12.13,1
1637,182.56,-22.76,2.58,1.29,28.87,1.62,90.68,11.16,1
1638,342.5,-12.71,2.42,5.79,28.9,1.52,91.82,12.63,1
1639,4.16,-33.97,2.77,-3.72,28.84,1.73,89.4,9.52,1
1640,299.62,-15.4,2.46,4.58,28.89,1.55,91.52,12.23,1
1641,254.35,-18.25,2.51,3.31,28.89,1.57,91.19,11.82,1
1642,276.93,-16.83,2.48,3.94,28.89,1.56,91.35,12.03,1
1643,28.35,-32.45,2.75,-3.04,28.85,1.71,89.57,9.74,1
1644,199.69,-21.68,2.57,1.77,28.88,1.61,90.8,11.31,1
1645,241.51,-19.05,2.52,2.95,28.88,1.58,91.1,11.7,1
1646,19.64,-33.0,2.75,-3.29,28.85,1.72,89.51,9.66,1
1647,423.06,-7.64,2.33,8.05,28.91,1.47,92.4,13.37,1
1648,8.68,-33.69,2.77,-3.6,28.84,1.73,89.43,9.56,1
1649,245.51,-18.8,2.52,3.06,28.88,1.58,91.13,11.74,1
1650,288.04,-16.13,2.47,4.26,28.89,1.55,91.43,12.13,1
1651,375.73,-10.62,2.38,6.72,28.91,1.5,92.06,12.93,1
1652,142.55,-25.27,2.63,0.17,28.87,1.64,90.39,10.79,1
1653,424.41,-7.56,2.33,8.09,28.91,1.47,92.41,13.38,1
1654,-6.78,-34.66,2.78,-4.03,28.84,1.73,89.32,9.42,0
1655,106.48,-27.54,2.66,-0.85,28.86,1.66,90.13,10.46,1
1656,141.41,-25.35,2.63,0.13,28.87,1.64,90.38,10.78,1
1657,145.08,-25.12,2.62,0.24,28.87,1.64,90.41,10.81,1
1658,272.66,-17.1,2.49,3.82,28.89,1.56,91.32,11.99,1
1659,405.45,-8.75,2.35,7.56,28.91,1.48,92.27,13.21,1
1660,341.18,-12.79,2.42,5.75,28.9,1.52,91.81,12.62,1
1661,184.18,-22.66,2.58,1.34,28.87,1.62,90.69,11.17,1
1662,127.64,-26.21,2.64,-0.25,28.86,1.65,90.28,10.65,1
1663,332.62,-13.33,2.43,5.51,28.9,1.52,91.75,12.54,1
1664,-20.13,-35.5,2.8,-4.41,28.84,1.74,89.23,9.29,0
1665,-1.44,-34.33,2.78,-3.88,28.84,1.73,89.36,9.46,0
1666,227.24,-19.95,2.54,2.55,28.88,1.59,91.0,11.57,1
1667,330.74,-13.44,2.43,5.46,28.9,1.53,91.74,12.52,1
1668,301.28,-15.3,2.46,4.63,28.89,1.54,91.53,12.25,1
1669,367.2,-11.15,2.39,6.48,28.9,1.5,92.0,12.86,1
1670,391.61,-9.62,2.36,7.17,28.91,1.49,92.17,13.08,1
1671,331.53,-13.39,2.43,5.48,28.9,1.53,91.74,12.53,1
1672,183.07,-22.73,2.58,1.31,28.87,1.62,90.68,11.16,1
1673,193.13,-22.1,2.57,1.59,28.88,1.61,90.75,11.25,1
1674,32.7,-32.18,2.74,-2.92,28.85,1.71,89.61,9.78,1
1675,197.3,-21.83,2.57,1.71,28.88,1.61,90.78,11.29,1
1676,-18.76,-35.41,2.79,-4.37,28.84,1.74,89.24,9.31,0
1677,402.4,-8.94,2.35,7.47,28.91,1.48,92.25,13.18,1
1678,-29.34,-36.08,2.81,-4.66,28.84,1.75,89.16,9.21,0
1679,-2.36,-34.38,2.78,-3.91,28.84,1.73,89.35,9.46,0
1680,13.2,-33.41,2.76,-3.47,28.84,1.72,89.47,9.6,1
1681,3.43,-34.02,2.77,-3.74,28.84,1.73,89.4,9.51,1
1682,284.32,-16.36,2.48,4.15,28.89,1.55,91.41,12.09,1
1683,324.9,-13.81,2.43,5.29,28.9,1.53,91.7,12.47,1
1684,229.41,-19.81,2.53,2.61,28.88,1.59,91.01,11.59,1
1685,429.52,-7.24,2.32,8.23,28.92,1.46,92.44,13.43,1
1686,-46.13,-37.14,2.82,-5.14,28.83,1.76,89.04,9.05,0
1687,149.75,-24.82,2.62,0.37,28.87,1.64,90.44,10.86,1
1688,404.65,-8.8,2.35,7.53,28.91,1.48,92.27,13.2,1
1689,47.54,-31.25,2.73,-2.5,28.85,1.7,89.71,9.92,1
1690,-12.39,-35.01,2.79,-4.19,28.84,1.74,89.28,9.36,0
1691,6.1,-33.85,2.77,-3.67,28.84,1.73,89.42,9.53,1
1692,338.93,-12.93,2.42,5.69,28.9,1.52,91.8,12.6,1
1693,341.52,-12.77,2.42,5.76,28.9,1.52,91.82,12.62,1
1694,149.51,-24.84,2.62,0.36,28.87,1.64,90.44,10.85,1
1695,-23.48,-35.71,2.8,-4.5,28.84,1.75,89.2,9.26,0
1696,115.36,-26.98,2.65,-0.6,28.86,1.66,90.2,10.54,1
1697,129.71,-26.08,2.64,-0.19,28.86,1.65,90.3,10.67,1
1698,310.77,-14.7,2.45,4.9,28.9,1.54,91.6,12.34,1
1699,-0.9,-34.29,2.78,-3.87,28.84,1.73,89.37,9.47,0
1700,338.4,-12.96,2.42,5.67,28.9,1.52,91.79,12.59,1
1701,291.24,-15.93,2.47,4.35,28.89,1.55,91.46,12.16,1
1702,415.35,-8.13,2.34,7.84,28.91,1.47,92.34,13.3,1
1703,24.27,-32.71,2.75,-3.16,28.85,1.72,89.55,9.7,1
1704,299.13,-15.43,2.46,4.57,28.89,1.55,91.51,12.23,1
1705,275.41,-16.92,2.49,3.9,28.89,1.56,91.34,12.01,1
1706,406.9,-8.66,2.35,7.6,28.91,1.48,92.28,13.22,1
1707,303.68,-15.15,2.46,4.7,28.89,1.54,91.54,12.27,1
1708,434.13,-6.95,2.32,8.36,28.92,1.46,92.48,13.47,1
1709,422.7,-7.66,2.33,8.04,28.91,1.47,92.4,13.37,1
1710,2.44,-34.08,2.77,-3.77,28.84,1.73,89.39,9.5,1
1711,258.78,-17.97,2.5,3.43,28.89,1.57,91.22,11.86,1
1712,236.38,-19.38,2.53,2.8,28.88,1.58,91.06,11.65,1
1713,-44.65,-37.04,2.82,-5.1,28.83,1.76,89.05,9.07,0
1714,155.68,-24.45,2.61,0.54,28.87,1.63,90.49,10.91,1
1715,425.48,-7.49,2.33,8.12,28.91,1.47,92.42,13.39,1
1716,290.59,-15.97,2.47,4.33,28.89,1.55,91.45,12.15,1
1717,265.25,-17.56,2.5,3.62,28.89,1.57,91.27,11.92,1
1718,394.04,-9.47,2.36,7.24,28.91,1.49,92.19,13.1,1
1719,160.51,-24.15,2.61,0.67,28.87,1.63,90.52,10.95,1
1720,322.79,-13.94,2.44,5.23,28.9,1.53,91.68,12.45,1
1721,319.9,-14.13,2.44,5.15,28.9,1.53,91.66,12.42,1
1722,117.17,-26.87,2.65,-0.55,28.86,1.66,90.21,10.56,1
1723,38.5,-31.82,2.73,-2.76,28.85,1.71,89.65,9.83,1
1724,189.77,-22.31,2.58,1.49,28.87,1.61,90.73,11.22,1
1725,309.84,-14.76,2.45,4.87,28.89,1.54,91.59,12.33,1
1726,257.13,-18.07,2.51,3.39,28.89,1.57,91.21,11.84,1
1727,2.09,-34.1,2.77,-3.78,28.84,1.73,89.39,9.5,1
1728,371.76,-10.87,2.39,6.61,28.91,1.5,92.03,12.9,1
1729,62.25,-30.32,2.71,-2.09,28.85,1.69,89.82,10.05,1
1730,370.27,-10.96,2.39,6.57,28.91,1.5,92.02,12.88,1
1731,145.75,-25.07,2.62,0.26,28.87,1.64,90.41,10.82,1
1732,295.57,-15.65,2.47,4.47,28.89,1.55,91.49,12.2,1
1733,64.62,-30.17,2.71,-2.02,28.85,1.69,89.83,10.07,1
1734,328.61,-13.58,2.43,5.4,28.9,1.53,91.72,12.5,1
1735,223.69,-20.17,2.54,2.45,28.88,1.59,90.97,11.54,1
1736,175.24,-23.22,2.59,1.09,28.87,1.62,90.63,11.09,1
1737,242.47,-18.99,2.52,2.98,28.88,1.58,91.11,11.71,1
1738,176.69,-23.13,2.59,1.13,28.87,1.62,90.64,11.1,1
1739,285.41,-16.29,2.48,4.18,28.89,1.55,91.41,12.1,1
1740,285.98,-16.26,2.48,4.2,28.89,1.55,91.42,12.11,1
1741,414.56,-8.18,2.34,7.81,28.91,1.47,92.34,13.29,1
1742,-27.57,-35.97,2.8,-4.62,28.84,1.75,89.17,9.22,0
1743,405.37,-8.75,2.35,7.55,28.91,1.48,92.27,13.21,1
1744,245.14,-18.83,2.52,3.05,28.88,1.58,91.13,11.73,1
1745,199.71,-21.68,2.57,1.77,28.88,1.61,90.8,11.31,1
1746,273.59,-17.04,2.49,3.85,28.89,1.56,91.33,11.99,1
1747,-27.27,-35.95,2.8,-4.61,28.84,1.75,89.18,9.23,0
1748,206.93,-21.23,2.56,1.98,28.88,1.6,90.85,11.38,1
1749,390.21,-9.71,2.37,7.13,28.91,1.49,92.16,13.07,1
1750,138.26,-25.54,2.63,0.05,28.87,1.65,90.36,10.75,1
1751,138.98,-25.5,2.63,0.07,28.87,1.64,90.37,10.76,1
1752,408.38,-8.56,2.35,7.64,28.91,1.48,92.29,13.23,1
1753,121.12,-26.62,2.65,-0.44,28.86,1.66,90.24,10.59,1
1754,429.23,-7.25,2.33,8.22,28.92,1.46,92.44,13.43,1
1755,210.81,-20.98,2.55,2.09,28.88,1.6,90.88,11.42,1
1756,232.54,-19.62,2.53,2.7,28.88,1.59,91.04,11.62,1
1757,176.03,-23.17,2.59,1.11,28.87,1.62,90.63,11.1,1
1758,355.25,-11.9,2.4,6.15,28.9,1.51,91.91,12.75,1
1759,-16.17,-35.25,2.79,-4.29,28.84,1.74,89.26,9.33,0
1760,352.24,-12.09,2.41,6.06,28.9,1.51,91.89,12.72,1
1761,316.52,-14.34,2.44,5.06,28.9,1.53,91.64,12.39,1
1762,409.78,-8.48,2.35,7.68,28.91,1.48,92.3,13.25,1
1763,315.63,-14.39,2.44,5.03,28.9,1.54,91.63,12.38,1
1764,-31.87,-36.24,2.81,-4.74,28.84,1.75,89.14,9.18,0
1765,184.27,-22.65,2.58,1.34,28.87,1.62,90.69,11.17,1
1766,-18.08,-35.37,2.79,-4.35,28.84,1.74,89.24,9.31,0
1767,14.21,-33.34,2.76,-3.44,28.84,1.72,89.47,9.61,1
1768,111.28,-27.24,2.66,-0.71,28.86,1.66,90.17,10.5,1
1769,83.5,-28.99,2.69,-1.49,28.86,1.68,89.97,10.25,1
1770,64.21,-30.2,2.71,-2.04,28.85,1.69,89.83,10.07,1
1771,24.95,-32.67,2.75,-3.14,28.85,1.72,89.55,9.71,1
1772,283.32,-16.43,2.48,4.12,28.89,1.56,91.4,12.08,1
1773,411.92,-8.34,2.34,7.74,28.91,1.48,92.32,13.27,1
1774,-47.02,-37.19,2.82,-5.16,28.83,1.76,89.04,9.05,0
1775,-30.62,-36.16,2.81,-4.7,28.84,1.75,89.15,9.2,0
1776,167.57,-23.7,2.6,0.87,28.87,1.63,90.57,11.02,1
1777,31.97,-32.23,2.74,-2.94,28.85,1.71,89.6,9.77,1
1778,54.96,-30.78,2.72,-2.3,28.85,1.7,89.76,9.98,1
1779,17.05,-33.16,2.76,-3.36,28.85,1.72,89.49,9.63,1
1780,96.24,-28.19,2.67,-1.13,28.86,1.67,90.06,10.36,1
1781,266.62,-17.48,2.5,3.65,28.89,1.57,91.28,11.93,1
1782,404.4,-8.81,2.35,7.53,28.91,1.48,92.27,13.2,1
1783,196.55,-21.88,2.57,1.68,28.88,1.61,90.78,11.29,1
1784,343.23,-12.66,2.42,5.81,28.9,1.52,91.83,12.64,1
1785,407.32,-8.63,2.35,7.61,28.91,1.48,92.29,13.22,1
1786,-20.62,-35.53,2.8,-4.42,28.84,1.74,89.22,9.29,0
1787,303.32,-15.17,2.46,4.69,28.89,1.54,91.54,12.27,1
1788,188.09,-22.41,2.58,1.45,28.87,1.61,90.72,11.21,1
1789,309.47,-14.78,2.45,4.86,28.89,1.54,91.59,12.32,1
1790,-42.24,-36.89,2.82,-5.03,28.83,1.76,89.07,9.09,0
1791,196.28,-21.9,2.57,1.68,28.88,1.61,90.78,11.28,1
1792,151.36,-24.72,2.62,0.41,28.87,1.64,90.45,10.87,1
1793,269.49,-17.29,2.49,3.73,28.89,1.56,91.3,11.96,1
1794,199.61,-21.69,2.57,1.77,28.88,1.61,90.8,11.31,1
1795,347.86,-12.37,2.41,5.94,28.9,1.52,91.86,12.68,1
1796,323.37,-13.91,2.44,5.25,28.9,1.53,91.69,12.45,1
1797,180.17,-22.91,2.59,1.22,28.87,1.62,90.66,11.14,1
1798,285.87,-16.27,2.48,4.2,28.89,1.55,91.42,12.11,1
1799,85.59,-28.85,2.69,-1.43,28.86,1.68,89.98,10.27,1
1800,14.7,-33.31,2.76,-3.43,28.84,1.72,89.48,9.61,1
1801,311.22,-14.67,2.45,4.91,28.9,1.54,91.6,12.34,1
1802,247.87,-18.65,2.52,3.13,28.88,1.58,91.15,11.76,1
1803,-18.94,-35.43,2.79,-4.37,28.84,1.74,89.24,9.3,0
1804,127.93,-26.19,2.64,-0.24,28.86,1.65,90.29,10.65,1
1805,223.56,-20.18,2.54,2.44,28.88,1.59,90.97,11.53,1
1806,-14.98,-35.18,2.79,-4.26,28.84,1.74,89.26,9.34,0
1807,-32.58,-36.28,2.81,-4.76,28.84,1.75,89.14,9.18,0
1808,186.9,-22.49,2.58,1.41,28.87,1.61,90.71,11.2,1
1809,422.58,-7.67,2.33,8.04,28.91,1.47,92.4,13.37,1
1810,98.32,-28.05,2.67,-1.08,28.86,1.67,90.08,10.38,1
1811,162.1,-24.05,2.6,0.72,28.87,1.63,90.53,10.97,1
1812,368.63,-11.06,2.39,6.52,28.9,1.5,92.01,12.87,1
1813,183.63,-22.69,2.58,1.32,28.87,1.62,90.69,11.17,1
1814,208.21,-21.15,2.56,2.01,28.88,1.6,90.86,11.39,1
1815,403.89,-8.85,2.35,7.51,28.91,1.48,92.26,13.19,1
1816,22.91,-32.8,2.75,-3.2,28.85,1.72,89.54,9.69,1
1817,114.61,-27.03,2.65,-0.62,28.86,1.66,90.19,10.53,1
1818,15.66,-33.25,2.76,-3.4,28.84,1.72,89.48,9.62,1
1819,113.25,-27.12,2.66,-0.66,28.86,1.66,90.18,10.52,1
1820,291.32,-15.92,2.47,4.35,28.89,1.55,91.46,12.16,1
1821,-10.12,-34.87,2.79,-4.12,28.84,1.74,89.3,9.38,0
1822,310.1,-14.74,2.45,4.88,28.9,1.54,91.59,12.33,1
1823,167.46,-23.71,2.6,0.87,28.87,1.63,90.57,11.02,1
1824,248.12,-18.64,2.51,3.13,28.88,1.58,91.15,11.76,1
1825,318.2,-14.23,2.44,5.1,28.9,1.53,91.65,12.41,1
1826,141.18,-25.36,2.63,0.13,28.87,1.64,90.38,10.78,1
1827,125.82,-26.33,2.64,-0.3,28.86,1.65,90.27,10.64,1
1828,-20.86,-35.55,2.8,-4.43,28.84,1.74,89.22,9.29,0
1829,179.29,-22.97,2.59,1.2,28.87,1.62,90.65,11.13,1
1830,412.81,-8.29,2.34,7.76,28.91,1.48,92.33,13.28,1
1831,292.08,-15.87,2.47,4.37,28.89,1.55,91.46,12.16,1
1832,195.06,-21.97,2.57,1.64,28.88,1.61,90.77,11.27,1
1833,392.97,-9.53,2.36,7.21,28.91,1.49,92.18,13.09,1
1834,145.0,-25.12,2.62,0.24,28.87,1.64,90.41,10.81,1
1835,60.32,-30.44,2.71,-2.14,28.85,1.69,89.8,10.03,1
1836,354.42,-11.96,2.4,6.12,28.9,1.51,91.91,12.74,1
1837,248.59,-18.61,2.51,3.15,28.88,1.58,91.15,11.76,1
1838,415.91,-8.09,2.34,7.85,28.91,1.47,92.35,13.3,1
1839,370.65,-10.94,2.39,6.58,28.91,1.5,92.02,12.89,1
1840,-14.29,-35.13,2.79,-4.24,28.84,1.74,89.27,9.35,0
1841,235.61,-19.42,2.53,2.78,28.88,1.58,91.06,11.65,1
1842,83.43,-28.99,2.69,-1.49,28.86,1.68,89.97,10.25,1
1843,288.43,-16.1,2.47,4.27,28.89,1.55,91.44,12.13,1
1844,98.76,-28.03,2.67,-1.06,28.86,1.67,90.08,10.39,1
1845,298.4,-15.48,2.46,4.55,28.89,1.55,91.51,12.22,1
1846,353.79,-12.0,2.4,6.1,28.9,1.51,91.9,12.73,1
1847,197.71,-21.81,2.57,1.72,28.88,1.61,90.79,11.3,1
1848,373.56,-10.75,2.38,6.66,28.91,1.5,92.04,12.91,1
1849,-25.38,-35.83,2.8,-4.55,28.84,1.75,89.19,9.24,0
1850,402.06,-8.96,2.35,7.46,28.91,1.48,92.25,13.18,1
1851,192.11,-22.16,2.57,1.56,28.87,1.61,90.75,11.25,1
1852,32.97,-32.16,2.74,-2.91,28.85,1.71,89.61,9.78,1
1853,206.77,-21.24,2.56,1.97,28.88,1.6,90.85,11.38,1
1854,231.57,-19.68,2.53,2.67,28.88,1.59,91.03,11.61,1
1855,55.01,-30.78,2.72,-2.29,28.85,1.7,89.77,9.98,1
1856,419.44,-7.87,2.34,7.95,28.91,1.47,92.37,13.34,1
1857,336.59,-13.08,2.42,5.62,28.9,1.52,91.78,12.57,1
1858,133.83,-25.82,2.63,-0.08,28.86,1.65,90.33,10.71,1
1859,425.22,-7.51,2.33,8.11,28.91,1.47,92.41,13.39,1
1860,171.28,-23.47,2.6,0.97,28.87,1.62,90.6,11.05,1
1861,380.48,-10.32,2.38,6.85,28.91,1.5,92.09,12.98,1
1862,376.74,-10.55,2.38,6.75,28.91,1.5,92.07,12.94,1
1863,284.06,-16.38,2.48,4.14,28.89,1.55,91.4,12.09,1
1864,368.21,-11.09,2.39,6.51,28.9,1.5,92.01,12.87,1
1865,409.37,-8.5,2.35,7.67,28.91,1.48,92.3,13.24,1
1866,19.76,-32.99,2.75,-3.28,28.85,1.72,89.51,9.66,1
1867,209.22,-21.08,2.56,2.04,28.88,1.6,90.87,11.4,1
1868,126.01,-26.31,2.64,-0.3,28.86,1.65,90.27,10.64,1
1869,107.19,-27.5,2.66,-0.83,28.86,1.66,90.14,10.46,1
1870,382.47,-10.19,2.37,6.91,28.91,1.49,92.11,13.0,1
1871,132.21,-25.92,2.64,-0.12,28.86,1.65,90.32,10.69,1
1872,187.12,-22.47,2.58,1.42,28.87,1.61,90.71,11.2,1
1873,162.9,-23.99,2.6,0.74,28.87,1.63,90.54,10.98,1
1874,96.55,-28.17,2.67,-1.13,28.86,1.67,90.06,10.37,1
1875,44.3,-31.45,2.73,-2.59,28.85,1.7,89.69,9.89,1
1876,89.99,-28.58,2.68,-1.31,28.86,1.68,90.02,10.31,1
1877,-2.16,-34.37,2.78,-3.9,28.84,1.73,89.36,9.46,0
1878,169.0,-23.61,2.6,0.91,28.87,1.63,90.58,11.03,1
1879,240.88,-19.09,2.52,2.93,28.88,1.58,91.1,11.69,1
1880,-37.69,-36.6,2.81,-4.9,28.84,1.75,89.1,9.13,0
1881,136.95,-25.63,2.63,0.01,28.87,1.65,90.35,10.74,1
1882,314.59,-14.46,2.45,5.0,28.9,1.54,91.62,12.37,1
1883,367.59,-11.13,2.39,6.49,28.9,1.5,92.0,12.86,1
1884,29.65,-32.37,2.74,-3.01,28.85,1.71,89.58,9.75,1
1885,234.79,-19.48,2.53,2.76,28.88,1.59,91.05,11.64,1
1886,264.73,-17.59,2.5,3.6,28.89,1.57,91.27,11.91,1
1887,95.57,-28.23,2.67,-1.15,28.86,1.67,90.06,10.36,1
1888,242.85,-18.97,2.52,2.99,28.88,1.58,91.11,11.71,1
1889,318.11,-14.24,2.44,5.1,28.9,1.53,91.65,12.4,1
1890,-31.45,-36.21,2.81,-4.72,28.84,1.75,89.15,9.19,0
1891,432.75,-7.03,2.32,8.32,28.92,1.46,92.47,13.46,1
1892,95.64,-28.22,2.67,-1.15,28.86,1.67,90.06,10.36,1
1893,52.84,-30.91,2.72,-2.35,28.85,1.7,89.75,9.96,1
1894,273.01,-17.07,2.49,3.83,28.89,1.56,91.32,11.99,1
1895,-10.69,-34.91,2.79,-4.14,28.84,1.74,89.3,9.38,0
1896,38.77,-31.8,2.73,-2.75,28.85,1.71,89.65,9.83,1
1897,180.13,-22.91,2.59,1.22,28.87,1.62,90.66,11.13,1
1898,426.99,-7.39,2.33,8.16,28.91,1.47,92.43,13.41,1
1899,274.22,-17.0,2.49,3.87,28.89,1.56,91.33,12.0,1
1900,12.29,-33.46,2.76,-3.49,28.84,1.72,89.46,9.59,1
1901,393.76,-9.48,2.36,7.23,28.91,1.49,92.19,13.1,1
1902,-4.48,-34.52,2.78,-3.97,28.84,1.73,89.34,9.44,0
1903,255.99,-18.14,2.51,3.36,28.89,1.57,91.2,11.83,1
1904,89.24,-28.63,2.68,-1.33,28.86,1.68,90.01,10.3,1
1905,404.4,-8.81,2.35,7.53,28.91,1.48,92.27,13.2,1
1906,242.06,-19.02,2.52,2.96,28.88,1.58,91.1,11.7,1
1907,406.67,-8.67,2.35,7.59,28.91,1.48,92.28,13.22,1
1908,282.94,-16.45,2.48,4.11,28.89,1.56,91.4,12.08,1
1909,92.89,-28.4,2.68,-1.23,28.86,1.67,90.04,10.33,1
1910,432.31,-7.06,2.32,8.31,28.92,1.46,92.46,13.45,1
1911,426.47,-7.43,2.33,8.15,28.91,1.47,92.42,13.4,1
1912,204.74,-21.36,2.56,1.91,28.88,1.6,90.84,11.36,1
1913,427.59,-7.36,2.33,8.18,28.92,1.47,92.43,13.41,1
1914,398.13,-9.21,2.36,7.35,28.91,1.48,92.22,13.14,1
1915,341.2,-12.79,2.42,5.75,28.9,1.52,91.81,12.62,1
1916,292.61,-15.84,2.47,4.38,28.89,1.55,91.47,12.17,1
1917,178.82,-22.99,2.59,1.19,28.87,1.62,90.65,11.12,1
1918,-35.26,-36.45,2.81,-4.83,28.84,1.75,89.12,9.15,0
1919,108.4,-27.42,2.66,-0.79,28.86,1.66,90.15,10.47,1
1920,317.66,-14.27,2.44,5.09,28.9,1.53,91.64,12.4,1
1921,-14.84,-35.17,2.79,-4.26,28.84,1.74,89.27,9.34,0
1922,298.62,-15.46,2.46,4.55,28.89,1.55,91.51,12.22,1
1923,302.52,-15.22,2.46,4.66,28.89,1.54,91.54,12.26,1
1924,414.93,-8.15,2.34,7.82,28.91,1.47,92.34,13.29,1
1925,259.35,-17.93,2.5,3.45,28.89,1.57,91.23,11.86,1
1926,78.27,-29.31,2.69,-1.64,28.86,1.68,89.93,10.2,1
1927,-22.05,-35.62,2.8,-4.46,28.84,1.74,89.21,9.27,0
1928,255.22,-18.19,2.51,3.33,28.89,1.57,91.2,11.83,1
1929,380.44,-10.32,2.38,6.85,28.91,1.5,92.09,12.98,1
1930,319.53,-14.15,2.44,5.14,28.9,1.53,91.66,12.42,1
1931,-43.73,-36.98,2.82,-5.07,28.83,1.76,89.06,9.08,0
1932,124.31,-26.42,2.64,-0.35,28.86,1.65,90.26,10.62,1
1933,13.41,-33.39,2.76,-3.46,28.84,1.72,89.47,9.6,1
1934,268.38,-17.36,2.49,3.7,28.89,1.56,91.29,11.95,1
1935,302.26,-15.23,2.46,4.66,28.89,1.54,91.53,12.26,1
1936,179.39,-22.96,2.59,1.2,28.87,1.62,90.66,11.13,1
1937,291.72,-15.9,2.47,4.36,28.89,1.55,91.46,12.16,1
1938,263.36,-17.68,2.5,3.56,28.89,1.57,91.26,11.9,1
1939,172.36,-23.4,2.59,1.0,28.87,1.62,90.6,11.06,1
1940,173.1,-23.35,2.59,1.03,28.87,1.62,90.61,11.07,1
1941,300.52,-15.34,2.46,4.61,28.89,1.54,91.52,12.24,1
1942,162.88,-24.0,2.6,0.74,28.87,1.63,90.54,10.98,1
1943,338.56,-12.95,2.42,5.68,28.9,1.52,91.79,12.59,1
1944,-26.83,-35.92,2.8,-4.59,28.84,1.75,89.18,9.23,0
1945,332.45,-13.34,2.43,5.5,28.9,1.52,91.75,12.54,1
1946,187.72,-22.43,2.58,1.44,28.87,1.61,90.71,11.2,1
1947,118.28,-26.8,2.65,-0.52,28.86,1.66,90.22,10.57,1
1948,387.85,-9.85,2.37,7.06,28.91,1.49,92.15,13.05,1
1949,227.67,-19.92,2.54,2.56,28.88,1.59,91.0,11.57,1
1950,273.89,-17.02,2.49,3.86,28.89,1.56,91.33,12.0,1
1951,194.95,-21.98,2.57,1.64,28.88,1.61,90.77,11.27,1
1952,216.55,-20.62,2.55,2.25,28.88,1.6,90.92,11.47,1
1953,-36.02,-36.5,2.81,-4.85,28.84,1.75,89.11,9.15,0
1954,298.36,-15.48,2.46,4.55,28.89,1.55,91.51,12.22,1
1955,262.55,-17.73,2.5,3.54,28.89,1.57,91.25,11.89,1
1956,42.16,-31.58,2.73,-2.66,28.85,1.7,89.67,9.87,1
1957,311.84,-14.63,2.45,4.93,28.9,1.54,91.6,12.35,1
1958,329.35,-13.53,2.43,5.42,28.9,1.53,91.73,12.51,1
1959,164.92,-23.87,2.6,0.8,28.87,1.63,90.55,10.99,1
1960,396.68,-9.3,2.36,7.31,28.91,1.49,92.21,13.13,1
1961,257.83,-18.03,2.5,3.41,28.89,1.57,91.22,11.85,1
1962,386.42,-9.94,2.37,7.02,28.91,1.49,92.14,13.03,1
1963,62.62,-30.3,2.71,-2.08,28.85,1.69,89.82,10.05,1
1964,-10.32,-34.88,2.79,-4.13,28.84,1.74,89.3,9.38,0
1965,299.85,-15.39,2.46,4.59,28.89,1.55,91.52,12.24,1
1966,100.19,-27.94,2.67,-1.02,28.86,1.67,90.09,10.4,1
1967,202.31,-21.52,2.56,1.85,28.88,1.61,90.82,11.34,1
1968,134.62,-25.77,2.63,-0.06,28.87,1.65,90.33,10.72,1
1969,201.07,-21.6,2.56,1.81,28.88,1.61,90.81,11.33,1
1970,175.34,-23.21,2.59,1.09,28.87,1.62,90.63,11.09,1
1971,268.35,-17.37,2.49,3.7,28.89,1.56,91.29,11.95,1
1972,297.9,-15.51,2.46,4.53,28.89,1.55,91.5,12.22,1
1973,83.57,-28.98,2.69,-1.49,28.86,1.68,89.97,10.25,1
1974,261.15,-17.82,2.5,3.5,28.89,1.57,91.24,11.88,1
1975,71.67,-29.73,2.7,-1.83,28.85,1.69,89.88,10.14,1
1976,240.32,-19.13,2.52,2.91,28.88,1.58,91.09,11.69,1
1977,190.58,-22.26,2.58,1.52,28.87,1.61,90.74,11.23,1
1978,373.1,-10.78,2.38,6.65,28.91,1.5,92.04,12.91,1
1979,243.72,-18.91,2.52,3.01,28.88,1.58,91.12,11.72,1
1980,-0.9,-34.29,2.78,-3.87,28.84,1.73,89.37,9.47,0
1981,4.71,-33.94,2.77,-3.71,28.84,1.73,89.41,9.52,1
1982,-37.81,-36.61,2.81,-4.9,28.84,1.75,89.1,9.13,0
1983,42.24,-31.58,2.73,-2.65,28.85,1.7,89.67,9.87,1
1984,160.8,-24.13,2.61,0.68,28.87,1.63,90.52,10.96,1
1985,125.71,-26.33,2.64,-0.31,28.86,1.65,90.27,10.63,1
1986,265.53,-17.54,2.5,3.62,28.89,1.57,91.27,11.92,1
1987,408.44,-8.56,2.35,7.64,28.91,1.48,92.29,13.24,1
1988,423.91,-7.59,2.33,8.08,28.91,1.47,92.4,13.38,1
1989,97.31,-28.12,2.67,-1.11,28.86,1.67,90.07,10.37,1
1990,271.82,-17.15,2.49,3.8,28.89,1.56,91.32,11.98,1
1991,127.13,-26.24,2.64,-0.27,28.86,1.65,90.28,10.65,1
1992,57.97,-30.59,2.71,-2.21,28.85,1.69,89.79,10.01,1
1993,431.68,-7.1,2.32,8.29,28.92,1.46,92.46,13.45,1
1994,-7.77,-34.72,2.78,-4.06,28.84,1.74,89.32,9.41,0
1995,61.29,-30.38,2.71,-2.12,28.85,1.69,89.81,10.04,1
1996,121.18,-26.62,2.65,-0.43,28.86,1.66,90.24,10.59,1
1997,416.24,-8.07,2.34,7.86,28.91,1.47,92.35,13.31,1
1998,179.09,-22.98,2.59,1.19,28.87,1.62,90.65,11.13,1
1999,226.78,-19.98,2.54,2.53,28.88,1.59,90.99,11.56,1
2000,411.07,-8.39,2.34,7.71,28.91,1.48,92.31,13.26,1
2001,150.61,-24.77,2.62,0.39,28.87,1.64,90.45,10.86,1
2002,169.49,-23.58,2.6,0.92,28.87,1.63,90.58,11.04,1
2003,385.64,-9.99,2.37,7.0,28.91,1.49,92.13,13.03,1
2004,358.52,-11.7,2.4,6.24,28.9,1.51,91.94,12.78,1
2005,271.92,-17.14,2.49,3.8,28.89,1.56,91.32,11.98,1
2006,305.99,-15.0,2.45,4.76,28.89,1.54,91.56,12.29,1
2007,6.29,-33.84,2.77,-3.66,28.84,1.73,89.42,9.54,1
2008,391.79,-9.61,2.36,7.17,28.91,1.49,92.17,13.08,1
2009,41.66,-31.62,2.73,-2.67,28.85,1.7,89.67,9.86,1
2010,-9.65,-34.84,2.78,-4.11,28.84,1.74,89.3,9.39,0
2011,230.65,-19.74,2.53,2.64,28.88,1.59,91.02,11.6,1
2012,415.6,-8.11,2.34,7.84,28.91,1.47,92.35,13.3,1
2013,-50.64,-37.42,2.83,-5.26,28.83,1.76,89.01,9.01,0
2014,158.82,-24.25,2.61,0.62,28.87,1.63,90.51,10.94,1
2015,237.8,-19.29,2.53,2.84,28.88,1.58,91.07,11.67,1
2016,384.53,-10.06,2.37,6.97,28.91,1.49,92.12,13.02,1
2017,33.44,-32.13,2.74,-2.9,28.85,1.71,89.61,9.79,1
2018,173.53,-23.33,2.59,1.04,28.87,1.62,90.61,11.07,1
2019,328.32,-13.6,2.43,5.39,28.9,1.53,91.72,12.5,1
2020,405.93,-8.72,2.35,7.57,28.91,1.48,92.28,13.21,1
2021,204.17,-21.4,2.56,1.9,28.88,1.6,90.83,11.36,1
2022,-29.18,-36.07,2.81,-4.66,28.84,1.75,89.16,9.21,0
2023,135.14,-25.74,2.63,-0.04,28.87,1.65,90.34,10.72,1
2024,238.87,-19.22,2.52,2.87,28.88,1.58,91.08,11.68,1
2025,419.14,-7.89,2.34,7.94,28.91,1.47,92.37,13.33,1
2026,306.4,-14.97,2.45,4.77,28.89,1.54,91.56,12.3,1
2027,127.94,-26.19,2.64,-0.24,28.86,1.65,90.29,10.65,1
2028,387.32,-9.89,2.37,7.05,28.91,1.49,92.14,13.04,1
2029,15.1,-33.29,2.76,-3.42,28.84,1.72,89.48,9.62,1
2030,245.32,-18.81,2.52,3.06,28.88,1.58,91.13,11.73,1
2031,330.57,-13.45,2.43,5.45,28.9,1.53,91.74,12.52,1
2032,186.86,-22.49,2.58,1.41,28.87,1.62,90.71,11.2,1
2033,430.66,-7.16,2.32,8.27,28.92,1.46,92.45,13.44,1
2034,383.62,-10.12,2.37,6.94,28.91,1.49,92.12,13.01,1
2035,425.04,-7.52,2.33,8.11,28.91,1.47,92.41,13.39,1
2036,426.13,-7.45,2.33,8.14,28.91,1.47,92.42,13.4,1
2037,142.87,-25.25,2.63,0.18,28.87,1.64,90.39,10.79,1
2038,5.28,-33.9,2.77,-3.69,28.84,1.73,89.41,9.53,1
2039,153.32,-24.6,2.61,0.47,28.87,1.64,90.47,10.89,1
2040,-29.49,-36.09,2.81,-4.67,28.84,1.75,89.16,9.21,0
2041,262.95,-17.71,2.5,3.55,28.89,1.57,91.25,11.9,1
2042,278.53,-16.73,2.48,3.99,28.89,1.56,91.36,12.04,1
2043,41.42,-31.63,2.73,-2.68,28.85,1.71,89.67,9.86,1
2044,239.26,-19.2,2.52,2.89,28.88,1.58,91.08,11.68,1
2045,126.18,-26.3,2.64,-0.29,28.86,1.65,90.27,10.64,1
2046,363.87,-11.36,2.39,6.39,28.9,1.51,91.98,12.83,1
2047,-28.9,-36.05,2.81,-4.65,28.84,1.75,89.16,9.21,0
2048,377.14,-10.53,2.38,6.76,28.91,1.5,92.07,12.95,1
2049,375.24,-10.65,2.38,6.71,28.91,1.5,92.06,12.93,1
2050,338.28,-12.97,2.42,5.67,28.9,1.52,91.79,12.59,1
2051,95.55,-28.23,2.67,-1.15,28.86,1.67,90.06,10.36,1
2052,-17.6,-35.34,2.79,-4.33,28.84,1.74,89.25,9.32,0
2053,169.72,-23.57,2.6,0.93,28.87,1.63,90.59,11.04,1
2054,283.3,-16.43,2.48,4.12,28.89,1.56,91.4,12.08,1
2055,287.71,-16.15,2.47,4.25,28.89,1.55,91.43,12.12,1
2056,91.96,-28.45,2.68,-1.26,28.86,1.67,90.03,10.32,1
2057,223.76,-20.17,2.54,2.45,28.88,1.59,90.97,11.54,1
2058,-39.25,-36.7,2.82,-4.94,28.84,1.76,89.09,9.12,0
2059,44.99,-31.41,2.73,-2.58,28.85,1.7,89.69,9.89,1
2060,422.13,-7.7,2.33,8.03,28.91,1.47,92.39,13.36,1
2061,174.01,-23.3,2.59,1.05,28.87,1.62,90.62,11.08,1
2062,106.59,-27.53,2.66,-0.84,28.86,1.66,90.13,10.46,1
2063,399.53,-9.12,2.36,7.39,28.91,1.48,92.23,13.15,1
2064,407.97,-8.59,2.35,7.63,28.91,1.48,92.29,13.23,1
2065,191.86,-22.17,2.57,1.55,28.87,1.61,90.74,11.24,1
2066,263.84,-17.65,2.5,3.58,28.89,1.57,91.26,11.9,1
2067,-33.34,-36.33,2.81,-4.78,28.84,1.75,89.13,9.17,0
2068,131.52,-25.97,2.64,-0.14,28.86,1.65,90.31,10.69,1
2069,9.02,-33.67,2.77,-3.59,28.84,1.73,89.44,9.56,1
2070,-2.86,-34.42,2.78,-3.92,28.84,1.73,89.35,9.45,0
2071,224.81,-20.1,2.54,2.48,28.88,1.59,90.98,11.55,1
2072,108.17,-27.44,2.66,-0.8,28.86,1.66,90.15,10.47,1
2073,10.41,-33.58,2.76,-3.55,28.84,1.72,89.45,9.57,1
2074,230.73,-19.73,2.53,2.65,28.88,1.59,91.02,11.6,1
2075,255.47,-18.18,2.51,3.34,28.89,1.57,91.2,11.83,1
2076,178.64,-23.01,2.59,1.18,28.87,1.62,90.65,11.12,1
2077,423.98,-7.58,2.33,8.08,28.91,1.47,92.41,13.38,1
2078,2.35,-34.09,2.77,-3.77,28.84,1.73,89.39,9.5,1
2079,393.42,-9.5,2.36,7.22,28.91,1.49,92.19,13.1,1
2080,-27.99,-35.99,2.8,-4.63,28.84,1.75,89.17,9.22,0
2081,369.95,-10.98,2.39,6.56,28.91,1.5,92.02,12.88,1
2082,208.45,-21.13,2.56,2.02,28.88,1.6,90.86,11.4,1
2083,392.74,-9.55,2.36,7.2,28.91,1.49,92.18,13.09,1
2084,167.75,-23.69,2.6,0.88,28.87,1.63,90.57,11.02,1
2085,333.9,-13.25,2.42,5.55,28.9,1.52,91.76,12.55,1
2086,86.62,-28.79,2.68,-1.41,28.86,1.68,89.99,10.27,1
2087,-9.76,-34.85,2.79,-4.11,28.84,1.74,89.3,9.39,0
2088,416.14,-8.08,2.34,7.86,28.91,1.47,92.35,13.31,1
2089,267.62,-17.41,2.49,3.68,28.89,1.57,91.29,11.94,1
2090,292.36,-15.86,2.47,4.38,28.89,1.55,91.46,12.17,1
2091,100.38,-27.93,2.67,-1.02,28.86,1.67,90.09,10.4,1
2092,-9.04,-34.8,2.78,-4.09,28.84,1.74,89.31,9.39,0
2093,305.11,-15.06,2.46,4.74,28.89,1.54,91.55,12.28,1
2094,250.48,-18.49,2.51,3.2,28.88,1.58,91.16,11.78,1
2095,73.34,-29.62,2.7,-1.78,28.85,1.69,89.9,10.15,1
2096,58.37,-30.57,2.71,-2.2,28.85,1.69,89.79,10.01,1
2097,415.58,-8.11,2.34,7.84,28.91,1.47,92.35,13.3,1
2098,188.21,-22.4,2.58,1.45,28.87,1.61,90.72,11.21,1
2099,336.31,-13.09,2.42,5.61,28.9,1.52,91.78,12.57,1
2100,300.49,-15.35,2.46,4.61,28.89,1.54,91.52,12.24,1
2101,197.82,-21.8,2.57,1.72,28.88,1.61,90.79,11.3,1
2102,299.05,-15.44,2.46,4.57,28.89,1.55,91.51,12.23,1
2103,96.27,-28.18,2.67,-1.13,28.86,1.67,90.06,10.36,1
2104,225.86,-20.04,2.54,2.51,28.88,1.59,90.99,11.56,1
2105,131.44,-25.97,2.64,-0.15,28.86,1.65,90.31,10.69,1
2106,310.39,-14.72,2.45,4.88,28.9,1.54,91.59,12.33,1
2107,244.15,-18.89,2.52,3.02,28.88,1.58,91.12,11.72,1
2108,20.97,-32.92,2.75,-3.25,28.85,1.72,89.52,9.67,1
2109,170.56,-23.51,2.6,0.95,28.87,1.63,90.59,11.05,1
2110,26.14,-32.59,2.75,-3.11,28.85,1.71,89.56,9.72,1
2111,154.98,-24.49,2.61,0.52,28.87,1.63,90.48,10.9,1
2112,243.66,-18.92,2.52,3.01,28.88,1.58,91.12,11.72,1
2113,328.28,-13.6,2.43,5.39,28.9,1.53,91.72,12.5,1
2114,189.08,-22.35,2.58,1.47,28.87,1.61,90.72,11.22,1
2115,-45.16,-37.07,2.82,-5.11,28.83,1.76,89.05,9.06,0
2116,241.89,-19.03,2.52,2.96,28.88,1.58,91.1,11.7,1
2117,274.18,-17.0,2.49,3.87,28.89,1.56,91.33,12.0,1
2118,174.08,-23.29,2.59,1.05,28.87,1.62,90.62,11.08,1
2119,399.47,-9.12,2.36,7.39,28.91,1.48,92.23,13.15,1
2120,15.35,-33.27,2.76,-3.41,28.84,1.72,89.48,9.62,1
2121,122.23,-26.55,2.65,-0.4,28.86,1.66,90.25,10.6,1
2122,-45.34,-37.09,2.82,-5.11,28.83,1.76,89.05,9.06,0
2123,30.37,-32.33,2.74,-2.99,28.85,1.71,89.59,9.76,1
2124,196.56,-21.88,2.57,1.68,28.88,1.61,90.78,11.29,1
2125,204.86,-21.36,2.56,1.92,28.88,1.6,90.84,11.36,1
2126,134.27,-25.79,2.63,-0.07,28.87,1.65,90.33,10.71,1
2127,23.87,-32.73,2.75,-3.17,28.85,1.72,89.54,9.7,1
2128,20.61,-32.94,2.75,-3.26,28.85,1.72,89.52,9.67,1
2129,76.27,-29.44,2.69,-1.7,28.86,1.68,89.92,10.18,1
2130,15.77,-33.24,2.76,-3.4,28.84,1.72,89.48,9.62,1
2131,194.45,-22.01,2.57,1.63,28.88,1.61,90.76,11.27,1
2132,147.16,-24.98,2.62,0.3,28.87,1.64,90.42,10.83,1
2133,-44.18,-37.01,2.82,-5.08,28.83,1.76,89.06,9.07,0
2134,371.06,-10.91,2.39,6.59,28.91,1.5,92.03,12.89,1
2135,148.55,-24.9,2.62,0.34,28.87,1.64,90.43,10.84,1
2136,328.73,-13.57,2.43,5.4,28.9,1.53,91.72,12.5,1
2137,202.07,-21.53,2.56,1.84,28.88,1.61,90.82,11.34,1
2138,35.23,-32.02,2.74,-2.85,28.85,1.71,89.62,9.8,1
2139,418.67,-7.92,2.34,7.93,28.91,1.47,92.37,13.33,1
2140,316.1,-14.36,2.44,5.05,28.9,1.53,91.63,12.39,1
2141,109.23,-27.37,2.66,-0.77,28.86,1.66,90.15,10.48,1
2142,401.38,-9.0,2.35,7.44,28.91,1.48,92.24,13.17,1
2143,-3.18,-34.44,2.78,-3.93,28.84,1.73,89.35,9.45,0
2144,354.34,-11.96,2.4,6.12,28.9,1.51,91.91,12.74,1
2145,368.11,-11.1,2.39,6.51,28.9,1.5,92.01,12.86,1
2146,126.46,-26.29,2.64,-0.29,28.86,1.65,90.28,10.64,1
2147,287.23,-16.18,2.47,4.23,28.89,1.55,91.43,12.12,1
2148,427.64,-7.35,2.33,8.18,28.92,1.47,92.43,13.41,1
2149,374.26,-10.71,2.38,6.68,28.91,1.5,92.05,12.92,1
2150,40.88,-31.67,2.73,-2.69,28.85,1.71,89.66,9.85,1
2151,10.26,-33.59,2.76,-3.55,28.84,1.72,89.45,9.57,1
2152,287.76,-16.15,2.47,4.25,28.89,1.55,91.43,12.12,1
2153,337.96,-12.99,2.42,5.66,28.9,1.52,91.79,12.59,1
2154,330.9,-13.43,2.43,5.46,28.9,1.53,91.74,12.52,1
2155,-27.44,-35.96,2.8,-4.61,28.84,1.75,89.18,9.23,0
2156,300.25,-15.36,2.46,4.6,28.89,1.54,91.52,12.24,1
2157,167.57,-23.7,2.6,0.87,28.87,1.63,90.57,11.02,1
2158,251.22,-18.44,2.51,3.22,28.88,1.58,91.17,11.79,1
2159,376.84,-10.55,2.38,6.75,28.91,1.5,92.07,12.94,1
2160,398.59,-9.18,2.36,7.36,28.91,1.48,92.22,13.14,1
2161,367.95,-11.11,2.39,6.5,28.9,1.5,92.0,12.86,1
2162,91.25,-28.5,2.68,-1.28,28.86,1.67,90.02,10.32,1
2163,166.8,-23.75,2.6,0.85,28.87,1.63,90.57,11.01,1
2164,424.62,-7.54,2.33,8.1,28.91,1.47,92.41,13.38,1
2165,200.92,-21.6,2.56,1.81,28.88,1.61,90.81,11.33,1
2166,-38.59,-36.66,2.82,-4.92,28.84,1.75,89.1,9.12,0
2167,99.28,-27.99,2.67,-1.05,28.86,1.67,90.08,10.39,1
2168,117.72,-26.84,2.65,-0.53,28.86,1.66,90.21,10.56,1
2169,222.08,-20.28,2.54,2.4,28.88,1.59,90.96,11.52,1
2170,128.71,-26.14,2.64,-0.22,28.86,1.65,90.29,10.66,1
2171,291.03,-15.94,2.47,4.34,28.89,1.55,91.45,12.16,1
2172,309.31,-14.79,2.45,4.85,28.89,1.54,91.58,12.32,1
2173,404.26,-8.82,2.35,7.52,28.91,1.48,92.26,13.2,1
2174,266.27,-17.5,2.5,3.64,28.89,1.57,91.28,11.93,1
2175,108.39,-27.42,2.66,-0.79,28.86,1.66,90.15,10.47,1
2176,50.62,-31.05,2.72,-2.42,28.85,1.7,89.73,9.94,1
2177,1.83,-34.12,2.77,-3.79,28.84,1.73,89.38,9.49,1
2178,264.37,-17.62,2.5,3.59,28.89,1.57,91.26,11.91,1
2179,64.55,-30.18,2.71,-2.03,28.85,1.69,89.83,10.07,1
2180,107.43,-27.48,2.66,-0.82,28.86,1.66,90.14,10.47,1
2181,134.29,-25.79,2.63,-0.07,28.87,1.65,90.33,10.71,1
2182,41.07,-31.65,2.73,-2.69,28.85,1.71,89.67,9.86,1
2183,143.52,-25.21,2.62,0.19,28.87,1.64,90.4,10.8,1
2184,35.92,-31.98,2.74,-2.83,28.85,1.71,89.63,9.81,1
2185,106.25,-27.56,2.66,-0.85,28.86,1.66,90.13,10.46,1
2186,-33.26,-36.33,2.81,-4.78,28.84,1.75,89.13,9.17,0
2187,93.91,-28.33,2.68,-1.2,28.86,1.67,90.04,10.34,1
2188,419.0,-7.9,2.34,7.94,28.91,1.47,92.37,13.33,1
2189,243.47,-18.93,2.52,3.0,28.88,1.58,91.11,11.72,1
2190,346.08,-12.48,2.41,5.89,28.9,1.52,91.85,12.66,1
2191,351.26,-12.15,2.41,6.03,28.9,1.51,91.88,12.71,1
2192,-15.63,-35.22,2.79,-4.28,28.84,1.74,89.26,9.33,0
2193,270.81,-17.21,2.49,3.77,28.89,1.56,91.31,11.97,1
2194,234.62,-19.49,2.53,2.75,28.88,1.59,91.05,11.64,1
2195,94.2,-28.31,2.68,-1.19,28.86,1.67,90.05,10.34,1
2196,258.16,-18.01,2.5,3.42,28.89,1.57,91.22,11.85,1
2197,144.45,-25.15,2.62,0.22,28.87,1.64,90.41,10.81,1
2198,408.05,-8.58,2.35,7.63,28.91,1.48,92.29,13.23,1
2199,175.32,-23.21,2.59,1.09,28.87,1.62,90.63,11.09,1
2200,351.04,-12.17,2.41,6.03,28.9,1.51,91.88,12.71,1
2201,23.16,-32.78,2.75,-3.19,28.85,1.72,89.54,9.69,1
2202,148.59,-24.89,2.62,0.34,28.87,1.64,90.43,10.84,1
2203,178.25,-23.03,2.59,1.17,28.87,1.62,90.65,11.12,1
2204,411.89,-8.34,2.34,7.74,28.91,1.48,92.32,13.27,1
2205,119.32,-26.73,2.65,-0.49,28.86,1.66,90.23,10.58,1
2206,374.57,-10.69,2.38,6.69,28.91,1.5,92.05,12.92,1
2207,427.21,-7.38,2.33,8.17,28.91,1.47,92.43,13.41,1
2208,105.36,-27.61,2.66,-0.88,28.86,1.67,90.13,10.45,1
2209,149.74,-24.82,2.62,0.37,28.87,1.64,90.44,10.86,1
2210,325.23,-13.79,2.43,5.3,28.9,1.53,91.7,12.47,1
2211,-50.76,-37.43,2.83,-5.27,28.83,1.76,89.01,9.01,0
2212,97.15,-28.13,2.67,-1.11,28.86,1.67,90.07,10.37,1
2213,-0.62,-34.27,2.78,-3.86,28.84,1.73,89.37,9.47,1
2214,207.33,-21.2,2.56,1.99,28.88,1.6,90.86,11.39,1
2215,146.69,-25.01,2.62,0.28,28.87,1.64,90.42,10.83,1
2216,288.08,-16.13,2.47,4.26,28.89,1.55,91.43,12.13,1
2217,435.01,-6.89,2.32,8.39,28.92,1.46,92.48,13.48,1
2218,209.34,-21.08,2.56,2.04,28.88,1.6,90.87,11.4,1
2219,421.09,-7.76,2.33,8.0,28.91,1.47,92.38,13.35,1
2220,133.25,-25.86,2.64,-0.09,28.86,1.65,90.32,10.7,1
2221,318.5,-14.21,2.44,5.11,28.9,1.53,91.65,12.41,1
2222,26.15,-32.59,2.75,-3.11,28.85,1.71,89.56,9.72,1
2223,78.17,-29.32,2.69,-1.64,28.86,1.68,89.93,10.2,1
2224,284.57,-16.35,2.48,4.16,28.89,1.55,91.41,12.1,1
2225,282.2,-16.5,2.48,4.09,28.89,1.56,91.39,12.07,1
2226,80.18,-29.2,2.69,-1.59,28.86,1.68,89.95,10.22,1
2227,148.25,-24.92,2.62,0.33,28.87,1.64,90.43,10.84,1
2228,-40.86,-36.8,2.82,-4.99,28.84,1.76,89.08,9.1,0
2229,65.47,-30.12,2.71,-2.0,28.85,1.69,89.84,10.08,1
2230,3.0,-34.05,2.77,-3.76,28.84,1.73,89.39,9.51,1
2231,403.69,-8.86,2.35,7.51,28.91,1.48,92.26,13.19,1
2232,153.21,-24.6,2.61,0.47,28.87,1.64,90.47,10.89,1
2233,338.89,-12.93,2.42,5.69,28.9,1.52,91.8,12.6,1
