,nuc,arexp,ent,ndev,age,asexp,la,ld,target
0,7.0,660.0,0.0,1.0,62.0,550.0,8.0,1.0,True
1,21.5,704.0,0.18,1.0,59.0,232.0,36.0,0.0,False
2,20.0,56.0,0.0,2.0,59.0,24.0,7.0,1.0,True
3,12.5,71.0,0.58,1.0,62.5,30.0,98.0,4.0,False
4,1.0,785.0,0.0,1.0,201.0,660.0,0.0,162.0,True
5,19.5,813.0,1.26,0.75,81.0,687.0,3.0,100.0,True
6,2.5,823.0,0.81,0.5,126.5,696.0,0.0,115.0,False
7,1.0,96.0,0.0,1.0,61.0,5.0,1.0,2.0,True
8,3.18,14.0,2.76,0.18,102.55,12.0,39.0,62.0,True
9,2.67,170.0,1.02,0.67,105.0,70.0,91.0,31.0,True
10,58.0,64.0,1.3,1.25,103.75,50.0,5.0,121.0,True
11,67.0,74.0,0.92,2.0,88.5,0.29,9.0,3.0,True
12,1.2,1048.5,1.58,0.6,93.4,0.12,47.0,35.0,True
13,16.25,209.0,1.31,0.75,74.5,87.0,190.0,88.0,True
14,1.0,211.0,0.0,1.0,73.0,13.0,16.0,8.0,True
15,7.75,104.0,1.82,0.5,59.0,82.0,11.0,0.0,True
16,2.0,1074.5,1.11,1.0,92.75,54.0,0.0,449.0,False
17,14.0,1086.0,0.0,1.0,103.0,1028.0,43.0,58.0,True
18,21.5,1097.0,0.96,1.5,93.0,1042.0,12.0,1.0,True
19,34.5,158.0,0.29,1.5,48.0,0.2,60.0,0.0,False
20,39.0,1122.5,0.7,1.33,145.0,1088.0,22.0,65.0,False
21,10.0,252.5,0.0,2.0,62.0,19.0,5.0,0.0,True
22,118.5,1159.5,0.21,2.5,89.0,0.12,43.0,17.0,False
23,83.67,1171.5,1.05,1.67,75.0,0.02,30.0,4.0,True
24,62.0,272.5,0.61,2.5,50.5,45.0,0.0,93.0,False
25,12.0,241.0,0.59,1.5,58.5,184.0,14.0,0.0,False
26,109.0,1262.0,1.12,1.67,78.67,0.02,35.0,0.0,False
27,98.0,1277.0,1.53,1.25,117.25,0.12,157.0,88.0,True
28,4.0,299.0,0.0,2.0,124.0,22.0,1.0,2.0,True
29,12.5,263.0,0.97,1.5,48.0,199.0,4.0,1.0,True
30,86.4,1334.5,0.63,1.2,106.0,0.12,60.0,32.0,True
31,83.0,1395.5,1.26,1.0,82.8,0.13,17.0,6.0,True
32,31.33,100.0,0.8,2.0,47.33,0.25,56.0,18.0,True
33,2.0,353.0,0.0,1.0,61.0,6.0,25.0,19.0,True
34,15.29,106.0,1.01,0.43,54.57,0.25,349.0,128.0,True
35,11.0,362.5,0.81,2.5,82.5,23.0,4.0,4.0,True
36,91.8,153.0,1.41,1.6,53.0,0.25,111.0,56.0,True
37,8.0,5.0,0.0,2.0,164.0,3.0,2.0,2.0,True
38,26.0,32.0,0.0,2.0,83.0,25.0,5.0,0.0,True
39,15.0,72.0,0.0,3.0,85.0,47.0,1.0,3.0,True
40,9.0,486.0,0.75,1.5,63.5,0.94,32.0,1.0,True
41,69.0,28.5,0.0,4.0,88.0,22.0,21.0,6.0,True
42,17.33,146.0,1.46,1.67,72.0,98.0,18.0,16.0,True
43,31.0,185.0,0.0,5.0,83.0,128.0,6.0,6.0,True
44,29.0,219.5,0.0,4.0,50.0,55.0,19.0,24.0,True
45,214.5,220.0,1.69,1.25,60.5,0.05,233.0,89.0,True
46,10.6,222.5,1.09,1.0,57.6,131.0,126.0,4.0,True
47,60.4,232.0,0.95,1.6,50.8,0.25,228.0,6.0,True
48,233.14,5.0,1.61,1.57,60.71,1.48,64.0,127.0,True
49,188.5,241.0,1.71,1.1,103.0,1.26,195.0,88.0,True
50,563.0,27.0,1.0,4.5,76.0,1.99,4.0,0.0,False
51,30.0,245.5,0.0,4.0,69.0,58.0,100.0,2.0,True
52,408.67,42.0,0.91,3.0,93.33,0.96,293.0,10.0,True
53,353.25,252.5,1.53,2.5,162.25,0.2,39.0,6.0,True
54,124.71,372.0,1.99,0.64,89.64,0.4,34.0,98.0,True
55,389.0,282.5,1.6,2.25,85.5,0.2,106.0,8.0,True
56,68.5,283.5,0.21,3.0,70.0,200.0,62.0,0.0,True
57,179.0,288.5,1.72,2.4,78.2,0.06,21.0,12.0,True
58,37.0,291.0,0.0,5.0,61.0,64.0,3.0,0.0,True
59,4.0,297.0,0.0,1.0,154.0,1.0,13.0,5.0,True
60,33.38,298.5,1.89,1.12,72.62,0.07,139.0,46.0,True
61,30.0,0.0,0.0,5.0,141.0,0.0,0.0,1.0,False
62,522.0,551.0,1.07,3.0,72.67,1.26,81.0,3.0,True
63,15.0,1.0,1.03,2.0,48.33,1.0,291.0,206.0,False
64,13.33,310.5,1.37,2.0,75.67,37.0,5.0,5.0,True
65,530.5,13.0,0.92,3.0,77.0,0.5,250.0,36.0,False
66,4.0,9.0,0.0,3.0,195.0,9.0,8.0,0.0,True
67,53.0,601.0,0.88,3.5,83.0,1.66,34.0,6.0,True
68,16.0,612.0,0.0,2.0,89.0,114.0,5.0,3.0,True
69,477.25,613.0,0.97,2.75,90.25,1.66,3.0,31.0,True
70,558.33,624.0,0.59,3.67,73.33,1.66,20.0,8.0,False
71,576.33,181.0,1.37,4.0,143.67,0.99,8.0,2.0,True
72,12.0,421.5,0.0,3.0,49.0,279.0,86.0,1.0,True
73,1.0,749.5,0.0,1.0,78.0,511.0,1.0,1.0,True
74,11.0,66.0,0.0,4.0,119.0,44.0,28.0,16.0,True
75,1.0,766.0,0.0,1.0,76.0,532.0,2.0,2.0,True
76,1.0,28.0,0.0,1.0,79.0,11.0,1.0,1.0,True
77,18.0,45.0,0.0,5.0,105.0,12.0,1.0,44.0,True
78,360.0,232.0,1.6,2.67,85.0,1.48,46.0,53.0,True
79,20.0,518.0,0.0,4.0,76.0,320.0,1.0,0.0,True
80,1.0,37.0,0.0,1.0,185.0,29.0,1.0,2.0,True
81,51.0,56.0,0.0,7.0,57.0,33.0,0.0,5.0,True
82,2.0,79.0,0.0,2.0,236.0,55.0,634.0,1.0,True
83,40.0,52.0,0.0,6.0,61.0,36.0,1.0,1.0,True
84,12.0,66.0,0.88,2.5,49.0,43.0,6.0,4.0,True
85,14.0,1.0,0.0,4.0,126.0,1.0,1.0,0.0,False
86,14.0,1.0,0.0,4.0,126.0,1.0,1.0,0.0,False
87,127.8,598.83,1.04,1.5,60.8,348.0,251.0,11.0,False
88,722.67,236.0,1.07,5.67,163.0,1.99,34.0,49.0,False
89,440.6,852.5,1.92,3.4,95.6,1.66,173.0,41.0,True
90,29.0,612.5,0.0,6.0,121.0,49.0,76.0,71.0,True
91,13.0,628.67,0.0,5.0,131.0,51.0,30.0,1.0,True
92,4.8,97.0,1.78,1.0,59.4,0.5,94.0,47.0,True
93,17.0,868.0,0.0,4.0,180.0,166.0,5.0,1.0,True
94,343.57,230.0,2.04,2.43,121.57,1.99,52.0,9.0,True
95,52.0,110.0,2.07,1.57,73.29,1.0,260.0,67.0,False
96,15.0,111.0,0.0,6.0,218.0,81.0,7.0,5.0,True
97,115.89,657.0,1.24,2.0,100.22,0.06,566.0,396.0,True
98,6.0,128.0,0.0,2.0,83.0,73.0,1.0,1.0,True
99,92.0,131.0,0.0,9.0,76.0,76.0,0.0,6.0,True
100,53.0,142.0,0.0,6.0,74.0,81.0,1.0,1.0,True
101,17.27,102.5,2.47,0.87,124.8,1.0,390.0,19.0,True
102,1.0,205.0,0.0,1.0,79.0,54.0,0.0,53.0,True
103,40.0,184.0,0.0,5.0,82.0,104.0,1.0,1.0,True
104,54.0,219.0,0.81,4.5,76.5,10.0,29.0,88.0,False
105,3.0,879.83,0.0,2.0,171.0,756.0,2.0,2.0,True
106,18.0,264.0,0.0,2.0,57.0,70.0,0.0,38.0,True
107,14.0,267.0,0.0,2.0,70.0,72.0,3.0,17.0,True
108,24.0,35.0,0.0,6.0,50.0,16.0,20.0,5.0,True
109,4.0,40.0,0.39,1.5,49.0,1.17,23.0,201.0,False
110,55.0,236.0,0.0,5.0,134.0,148.0,1.0,1.0,True
111,57.14,98.0,2.08,2.14,74.57,1.0,74.0,0.0,True
112,20.0,256.5,0.0,7.0,60.0,14.0,1.0,1.0,True
113,6.5,105.5,0.94,1.0,146.0,96.0,12.0,5.0,True
114,475.0,181.0,2.21,4.0,92.0,1.0,30.0,29.0,False
115,2.0,929.83,0.0,2.0,60.0,191.0,2.0,1.0,True
116,3.75,411.0,1.87,1.0,86.25,120.0,8.0,9.0,True
117,890.67,439.0,0.42,8.67,155.0,0.94,42.0,16.0,False
118,38.0,324.5,0.0,7.0,90.0,21.0,4.0,3.0,True
119,3.0,329.0,0.0,1.0,74.0,22.0,3.0,3.0,True
120,3.0,332.0,0.0,2.0,60.0,197.0,1.0,1.0,True
121,41.0,335.0,0.0,6.0,97.0,198.0,27.0,23.0,True
122,19.0,341.0,0.0,4.0,62.0,204.0,0.0,13.0,True
123,31.33,347.0,1.16,3.0,91.33,25.0,70.0,70.0,False
124,4.0,353.0,0.0,3.0,207.0,211.0,0.0,5.0,True
125,12.5,950.0,0.62,2.0,95.5,859.0,11.0,2.0,False
126,42.0,370.5,0.0,9.0,119.0,27.0,13.0,16.0,True
127,15.0,370.0,0.0,5.0,122.0,28.0,67.0,64.0,True
128,33.0,514.0,0.0,6.0,75.0,156.0,3.0,4.0,True
129,11.0,947.17,0.0,5.0,200.0,879.0,8.0,1.0,True
130,3.0,514.0,0.0,3.0,124.0,6.0,18.0,9.0,True
131,21.0,375.5,0.0,5.0,100.0,219.0,0.0,4.0,True
132,412.14,943.17,1.29,4.14,85.86,1.66,76.0,38.0,False
133,5.0,390.5,0.0,2.0,220.0,38.0,3.0,3.0,True
134,41.25,52.0,1.44,2.75,74.25,27.0,47.0,42.0,True
135,52.0,391.5,0.0,8.0,68.0,227.0,1.0,1.0,True
136,18.5,191.83,0.0,4.5,108.5,44.0,4.0,4.0,True
137,11.0,763.75,0.0,4.0,90.0,519.0,1.0,0.0,True
138,170.4,0.0,1.38,3.0,90.6,0.0,61.0,14.0,True
139,34.0,968.33,1.0,3.5,132.5,939.0,3.0,1.0,True
140,2.0,832.83,0.0,2.0,150.0,93.0,8.0,8.0,True
141,54.53,617.5,1.9,1.2,73.6,0.0,49.0,83.0,True
142,25.0,1033.75,0.0,4.0,104.0,974.0,2.0,1.0,True
143,5.0,837.33,0.0,3.0,186.0,561.0,12.0,4.0,True
144,446.43,206.17,1.66,5.43,100.29,0.63,149.0,12.0,True
145,277.15,10.0,1.39,2.92,89.0,0.34,278.0,137.0,True
146,12.0,436.5,0.0,5.0,109.0,253.0,2.0,2.0,True
147,3.0,217.17,0.0,2.0,170.0,127.0,1.0,1.0,True
148,24.0,1048.0,0.0,5.0,84.0,985.0,7.0,1.0,True
149,28.0,51.0,0.0,8.0,103.0,7.0,5.0,0.0,True
150,14.0,39.0,0.0,3.0,49.0,11.0,1.0,1.0,True
151,2.5,451.0,0.92,1.5,71.5,9.0,3.0,3.0,True
152,173.53,0.0,2.59,2.05,118.74,0.0,500.0,174.0,False
153,2.0,454.5,0.0,2.0,191.0,264.0,1.0,1.0,True
154,46.7,1074.08,1.89,1.2,118.2,1001.0,34.0,35.0,True
155,4.0,514.17,0.0,2.0,82.0,284.0,4.0,0.0,True
156,416.38,143.0,2.13,5.88,124.88,1.25,58.0,32.0,True
157,27.67,23.0,1.18,4.0,70.67,16.0,23.0,33.0,False
158,59.0,688.0,0.0,6.0,169.0,264.0,1.0,1.0,True
159,150.5,1023.17,1.0,8.5,152.5,627.0,2.0,2.0,True
160,5.0,521.0,0.0,3.0,55.0,290.0,3.0,3.0,True
161,388.09,239.17,2.15,4.55,83.36,0.4,265.0,55.0,True
162,3.0,498.0,0.0,2.0,59.0,292.0,2.0,1.0,True
163,13.5,122.5,0.54,3.0,68.0,187.0,13.0,3.0,False
164,16.0,490.33,0.0,8.0,79.0,296.0,3.0,3.0,True
165,14.0,488.17,0.0,7.0,71.0,301.0,4.0,4.0,True
166,30.0,496.67,0.0,7.0,61.0,309.0,0.0,6.0,True
167,21.5,57.0,0.84,4.5,51.5,14.0,8.0,7.0,False
168,8.5,499.5,1.0,4.5,118.5,310.0,3.0,5.0,True
169,463.89,80.0,1.9,7.0,115.11,0.51,286.0,222.0,True
170,17.0,82.0,0.98,4.5,97.5,17.0,31.0,27.0,False
171,434.7,499.33,2.36,7.0,116.4,0.24,59.0,13.0,True
172,24.5,304.5,0.95,5.5,209.0,22.0,8.0,0.0,True
173,29.5,50.0,0.12,4.0,119.5,1.38,106.0,87.0,True
174,154.33,777.5,1.3,8.67,82.67,318.0,5.0,111.0,False
175,44.0,2.0,0.0,12.0,83.0,2.0,1.0,0.0,True
176,12.5,483.83,0.69,4.5,89.0,62.0,39.0,37.0,False
177,2.0,14.0,0.0,2.0,100.0,10.0,117.0,117.0,True
178,3.0,32.0,0.0,3.0,92.0,2.0,1.0,0.0,True
179,1.0,66.0,0.0,1.0,106.0,17.0,34.0,0.0,True
180,23.0,107.0,0.0,5.0,110.0,25.0,1.0,1.0,True
181,3.0,486.33,0.0,3.0,90.0,63.0,2.0,2.0,True
182,9.0,491.5,0.0,3.0,68.0,344.0,1.0,1.0,True
183,38.6,772.0,1.42,2.6,115.0,329.0,31.0,48.0,True
184,1.0,130.0,0.0,1.0,149.0,13.0,111.0,0.0,True
185,13.0,162.0,0.0,7.0,58.0,24.0,18.0,0.0,True
186,45.4,36.0,2.23,2.0,94.5,1.16,275.0,39.0,True
187,49.0,493.83,0.0,13.0,93.0,353.0,1.0,2.0,True
188,2.0,494.83,0.0,2.0,97.0,354.0,0.0,3.0,True
189,2.0,60.87,0.0,2.0,72.0,8.0,1.0,1.0,True
190,3.0,1000.17,0.0,3.0,95.0,272.0,117.0,117.0,True
191,27.0,0.0,0.0,7.0,203.0,0.0,10.0,0.0,False
192,26.0,497.0,0.92,7.0,184.0,363.0,3.0,3.0,True
193,2.0,501.0,0.0,2.0,89.0,367.0,1.0,1.0,True
194,29.5,419.5,0.37,8.5,72.5,84.0,8.0,6.0,False
195,4.0,433.5,0.0,4.0,60.0,90.0,2.0,2.0,True
196,42.0,260.0,0.0,6.0,69.0,90.0,13.0,16.0,True
197,17.0,300.58,0.95,5.5,55.0,172.0,7.0,4.0,True
198,8.0,521.83,0.0,3.0,70.0,393.0,0.0,1.0,True
199,60.0,523.0,0.0,8.0,77.0,396.0,3.0,0.0,True
200,10.0,284.5,0.0,3.0,121.0,42.0,6.0,3.0,True
201,14.6,289.5,2.27,1.4,93.5,103.0,152.0,87.0,True
202,3.0,491.17,0.0,2.0,147.0,20.0,1.0,1.0,True
203,11.0,38.5,0.5,3.5,225.5,38.0,34.0,2.0,False
204,11.0,38.5,0.5,3.5,225.5,38.0,34.0,2.0,False
205,27.36,15.5,1.59,2.0,74.0,0.65,65.0,357.0,True
206,6.0,8.0,1.44,1.4,99.0,1.38,172.0,37.0,False
207,29.5,492.33,1.97,3.5,159.75,0.8,31.0,68.0,True
208,11.0,489.92,0.0,5.0,112.0,417.0,2.0,2.0,True
209,443.2,304.83,2.08,10.6,129.2,0.63,199.0,165.0,False
210,324.0,314.83,1.51,11.33,97.67,155.0,2.0,19.0,True
211,206.67,0.0,1.53,10.67,153.67,0.0,4.0,7.0,True
212,8.5,489.75,0.92,4.5,171.5,426.0,3.0,3.0,True
213,1.75,325.5,1.13,1.25,144.25,0.23,133.0,66.0,True
214,1.5,335.0,0.25,1.0,54.0,56.0,1.0,48.0,True
215,8.0,144.48,0.0,2.27,138.63,108.25,1.46,1.73,True
216,8.0,498.18,0.0,2.95,74.3,375.15,0.09,1.05,True
217,8.0,436.98,0.0,2.84,85.43,328.97,0.33,1.16,True
218,8.0,399.34,0.0,2.76,92.28,300.57,0.47,1.24,True
219,8.0,101.77,0.0,2.19,146.4,76.02,1.63,1.81,True
220,8.0,355.78,0.0,2.68,100.2,267.7,0.64,1.32,True
221,8.0,213.68,0.0,2.4,126.05,160.47,1.19,1.6,True
222,8.0,139.72,0.0,2.26,139.5,104.66,1.48,1.74,True
223,8.0,400.36,0.0,2.76,92.09,301.34,0.47,1.24,True
224,8.0,405.37,0.0,2.77,91.18,305.11,0.45,1.23,True
225,8.0,309.63,0.0,2.59,108.59,232.87,0.82,1.41,True
226,8.0,415.3,0.0,2.79,89.38,312.61,0.41,1.21,True
227,8.0,411.16,0.0,2.79,90.13,309.49,0.43,1.21,True
228,8.0,271.76,0.0,2.52,115.48,204.3,0.97,1.48,True
229,8.0,190.79,0.0,2.36,130.21,143.2,1.28,1.64,True
230,8.0,377.54,0.0,2.72,96.24,284.12,0.56,1.28,True
231,8.0,473.7,0.0,2.91,78.75,356.68,0.19,1.09,True
232,8.0,329.45,0.0,2.63,104.99,247.83,0.74,1.37,True
233,8.0,333.69,0.0,2.64,104.22,251.02,0.73,1.36,True
234,8.0,146.25,0.0,2.27,138.31,109.59,1.45,1.73,True
235,8.0,356.6,0.0,2.68,100.05,268.31,0.64,1.32,True
236,8.0,461.2,0.0,2.88,81.03,347.25,0.23,1.12,True
237,8.0,221.32,0.0,2.42,124.66,166.23,1.16,1.58,True
238,8.0,316.61,0.0,2.6,107.33,238.14,0.79,1.4,True
239,8.0,263.09,0.0,2.5,117.06,197.75,1.0,1.5,True
240,8.0,396.32,0.0,2.76,92.83,298.29,0.49,1.24,True
241,8.0,392.79,0.0,2.75,93.47,295.62,0.5,1.25,True
242,8.0,512.89,0.0,2.98,71.63,386.26,0.03,1.02,True
243,8.0,58.09,0.0,2.1,154.34,43.06,1.79,1.9,True
244,8.0,460.72,0.0,2.88,81.12,346.88,0.24,1.12,True
245,8.0,27.26,0.0,2.04,159.95,19.8,1.91,1.96,True
246,8.0,502.33,0.0,2.96,73.55,378.28,0.08,1.04,True
247,8.0,16.12,0.0,2.02,161.98,11.39,1.96,1.98,True
248,8.0,261.63,0.0,2.5,117.33,196.65,1.01,1.5,True
249,8.0,345.76,0.0,2.66,102.02,260.14,0.68,1.34,True
250,8.0,484.72,0.0,2.93,76.75,365.0,0.14,1.07,True
251,8.0,517.43,0.0,2.99,70.8,389.68,0.02,1.01,True
252,8.0,179.25,0.0,2.34,132.31,134.49,1.33,1.66,True
253,8.0,162.6,0.0,2.3,135.34,121.92,1.39,1.7,True
254,8.0,219.85,0.0,2.42,124.92,165.12,1.17,1.58,True
255,8.0,396.44,0.0,2.76,92.81,298.38,0.49,1.24,True
256,8.0,26.79,0.0,2.04,160.04,19.44,1.92,1.96,True
257,8.0,108.97,0.0,2.2,145.09,81.46,1.6,1.8,True
258,8.0,424.38,0.0,2.81,87.72,319.46,0.38,1.19,True
259,8.0,32.97,0.0,2.05,158.91,24.11,1.89,1.95,True
260,8.0,240.76,0.0,2.46,121.12,180.9,1.09,1.54,True
261,8.0,229.41,0.0,2.43,123.18,172.34,1.13,1.57,True
262,8.0,400.19,0.0,2.76,92.12,301.21,0.47,1.24,True
263,8.0,374.69,0.0,2.72,96.76,281.96,0.57,1.28,True
264,8.0,520.18,0.0,3.0,70.3,391.75,0.01,1.0,True
265,8.0,502.71,0.0,2.96,73.48,378.57,0.07,1.04,True
266,8.0,208.45,0.0,2.39,127.0,156.52,1.21,1.61,True
267,8.0,48.21,0.0,2.08,156.14,35.61,1.83,1.92,True
268,8.0,71.85,0.0,2.13,151.84,53.44,1.74,1.87,True
269,8.0,72.23,0.0,2.13,151.77,53.73,1.74,1.87,True
270,8.0,308.32,0.0,2.59,108.83,231.88,0.83,1.41,True
271,8.0,365.94,0.0,2.7,98.35,275.36,0.6,1.3,True
272,8.0,464.89,0.0,2.89,80.36,350.03,0.22,1.11,True
273,8.0,468.96,0.0,2.9,79.62,353.1,0.2,1.1,True
274,8.0,228.95,0.0,2.43,123.27,171.99,1.13,1.57,True
275,8.0,100.29,0.0,2.18,146.67,74.91,1.63,1.82,True
276,8.0,179.24,0.0,2.34,132.31,134.48,1.33,1.66,True
277,8.0,418.48,0.0,2.8,88.8,315.01,0.4,1.2,True
278,8.0,84.54,0.0,2.15,149.53,63.02,1.69,1.85,True
279,8.0,473.11,0.0,2.91,78.86,356.23,0.19,1.09,True
280,8.0,29.45,0.0,2.05,159.55,21.45,1.91,1.95,True
281,8.0,214.65,0.0,2.41,125.87,161.2,1.19,1.59,True
282,8.0,57.5,0.0,2.1,154.45,42.61,1.8,1.9,True
283,8.0,113.63,0.0,2.21,144.24,84.97,1.58,1.79,True
284,8.0,44.53,0.0,2.08,156.81,32.83,1.85,1.92,True
285,8.0,198.49,0.0,2.37,128.81,149.0,1.25,1.63,True
286,8.0,158.71,0.0,2.3,136.04,118.99,1.41,1.7,True
287,8.0,312.9,0.0,2.6,108.0,235.34,0.81,1.4,True
288,8.0,144.37,0.0,2.27,138.65,108.17,1.46,1.73,True
289,8.0,12.71,0.0,2.01,162.6,8.82,1.97,1.99,True
290,8.0,105.7,0.0,2.19,145.68,78.99,1.61,1.81,True
291,8.0,232.78,0.0,2.44,122.57,174.88,1.12,1.56,True
292,8.0,121.89,0.0,2.23,142.74,91.21,1.55,1.77,True
293,8.0,13.79,0.0,2.02,162.4,9.63,1.97,1.98,True
294,8.0,49.05,0.0,2.09,155.99,36.24,1.83,1.91,True
295,8.0,411.9,0.0,2.79,89.99,310.05,0.43,1.21,True
296,8.0,25.75,0.0,2.04,160.23,18.66,1.92,1.96,True
297,8.0,31.12,0.0,2.05,159.25,22.71,1.9,1.95,True
298,8.0,313.09,0.0,2.6,107.97,235.48,0.81,1.4,True
299,8.0,120.78,0.0,2.22,142.94,90.37,1.55,1.78,True
300,8.0,9.67,0.0,2.01,163.15,6.53,1.98,1.99,True
301,8.0,499.43,0.0,2.96,74.08,376.09,0.09,1.04,True
302,8.0,9.26,0.0,2.01,163.22,6.22,1.98,1.99,True
303,8.0,260.41,0.0,2.49,117.55,195.73,1.01,1.51,True
304,8.0,408.29,0.0,2.78,90.65,307.32,0.44,1.22,True
305,8.0,468.99,0.0,2.9,79.61,353.12,0.2,1.1,True
306,8.0,150.12,0.0,2.28,137.61,112.51,1.44,1.72,True
307,8.0,190.78,0.0,2.36,130.21,143.19,1.28,1.64,True
308,8.0,33.72,0.0,2.06,158.78,24.67,1.89,1.94,True
309,8.0,478.57,0.0,2.92,77.87,360.35,0.17,1.08,True
310,8.0,296.36,0.0,2.56,111.01,222.86,0.87,1.44,True
311,8.0,240.14,0.0,2.45,121.23,180.44,1.09,1.55,True
312,8.0,454.81,0.0,2.87,82.19,342.43,0.26,1.13,True
313,8.0,111.24,0.0,2.21,144.68,83.17,1.59,1.79,True
314,8.0,347.75,0.0,2.66,101.66,261.64,0.67,1.34,True
315,8.0,509.64,0.0,2.98,72.22,383.8,0.05,1.02,True
316,8.0,307.72,0.0,2.59,108.94,231.43,0.83,1.41,True
317,8.0,40.45,0.0,2.07,157.55,29.75,1.86,1.93,True
318,8.0,250.55,0.0,2.48,119.34,188.29,1.05,1.52,True
319,8.0,155.73,0.0,2.29,136.59,116.74,1.42,1.71,True
320,8.0,375.66,0.0,2.72,96.59,282.7,0.57,1.28,True
321,8.0,43.71,0.0,2.07,156.96,32.21,1.85,1.93,True
322,8.0,103.98,0.0,2.19,146.0,77.69,1.62,1.81,True
323,8.0,237.66,0.0,2.45,121.69,178.56,1.1,1.55,True
324,8.0,188.13,0.0,2.35,130.69,141.19,1.29,1.65,True
325,8.0,127.16,0.0,2.24,141.78,95.18,1.53,1.76,True
326,8.0,499.8,0.0,2.96,74.01,376.37,0.09,1.04,True
327,8.0,236.86,0.0,2.45,121.83,177.96,1.1,1.55,True
328,8.0,454.0,0.0,2.87,82.34,341.81,0.26,1.13,True
329,8.0,89.14,0.0,2.16,148.7,66.49,1.67,1.84,True
330,8.0,133.03,0.0,2.25,140.71,99.61,1.5,1.75,True
331,8.0,324.2,0.0,2.62,105.95,243.87,0.76,1.38,True
332,8.0,349.07,0.0,2.67,101.42,262.63,0.67,1.33,True
333,8.0,172.91,0.0,2.32,133.46,129.71,1.35,1.68,True
334,8.0,358.14,0.0,2.68,99.77,269.48,0.63,1.32,True
335,8.0,241.35,0.0,2.46,121.01,181.35,1.09,1.54,True
336,8.0,241.57,0.0,2.46,120.97,181.52,1.08,1.54,True
337,8.0,143.59,0.0,2.27,138.79,107.58,1.46,1.73,True
338,8.0,287.56,0.0,2.55,112.61,216.22,0.91,1.45,True
339,8.0,359.94,0.0,2.69,99.45,270.83,0.63,1.31,True
340,8.0,393.86,0.0,2.75,93.27,296.43,0.5,1.25,True
341,8.0,219.29,0.0,2.41,125.03,164.7,1.17,1.59,True
342,8.0,188.34,0.0,2.35,130.65,141.35,1.29,1.65,True
343,8.0,124.33,0.0,2.23,142.3,93.05,1.54,1.77,True
344,8.0,345.93,0.0,2.66,101.99,260.26,0.68,1.34,True
345,8.0,461.98,0.0,2.88,80.89,347.83,0.23,1.12,True
346,8.0,249.05,0.0,2.47,119.61,187.16,1.06,1.53,True
347,8.0,306.81,0.0,2.58,109.11,230.74,0.83,1.42,True
348,8.0,29.43,0.0,2.05,159.56,21.43,1.91,1.95,True
349,8.0,139.14,0.0,2.26,139.6,104.22,1.48,1.74,True
350,8.0,420.3,0.0,2.8,88.47,316.38,0.39,1.2,True
351,8.0,311.18,0.0,2.59,108.31,234.04,0.82,1.41,True
352,8.0,179.92,0.0,2.34,132.19,134.99,1.32,1.66,True
353,8.0,78.51,0.0,2.14,150.63,58.47,1.72,1.86,True
354,8.0,331.5,0.0,2.63,104.62,249.38,0.74,1.37,True
355,8.0,429.18,0.0,2.82,86.85,323.08,0.36,1.18,True
356,8.0,339.18,0.0,2.65,103.22,255.17,0.71,1.35,True
357,8.0,182.53,0.0,2.34,131.71,136.97,1.31,1.66,True
358,8.0,336.43,0.0,2.64,103.72,253.09,0.72,1.36,True
359,8.0,108.85,0.0,2.2,145.11,81.37,1.6,1.8,True
360,8.0,510.97,0.0,2.98,71.98,384.8,0.04,1.02,True
361,8.0,371.07,0.0,2.71,97.42,279.23,0.58,1.29,True
362,8.0,319.24,0.0,2.61,106.85,240.12,0.78,1.39,True
363,8.0,126.18,0.0,2.23,141.96,94.44,1.53,1.77,True
364,8.0,281.25,0.0,2.53,113.76,211.46,0.93,1.47,True
365,8.0,415.39,0.0,2.79,89.36,312.68,0.41,1.21,True
366,8.0,81.59,0.0,2.15,150.07,60.79,1.7,1.85,True
367,8.0,329.53,0.0,2.63,104.97,247.89,0.74,1.37,True
368,8.0,270.08,0.0,2.51,115.79,203.03,0.97,1.49,True
369,8.0,222.1,0.0,2.42,124.51,166.82,1.16,1.58,True
370,8.0,234.64,0.0,2.44,122.23,176.28,1.11,1.56,True
371,8.0,164.49,0.0,2.31,134.99,123.35,1.38,1.69,True
372,8.0,49.04,0.0,2.09,155.99,36.23,1.83,1.91,True
373,8.0,184.98,0.0,2.35,131.27,138.82,1.3,1.65,True
374,8.0,100.72,0.0,2.19,146.59,75.23,1.63,1.81,True
375,8.0,434.5,0.0,2.83,85.88,327.1,0.34,1.17,True
376,8.0,247.52,0.0,2.47,119.89,186.0,1.06,1.53,True
377,8.0,41.67,0.0,2.07,157.33,30.67,1.86,1.93,True
378,8.0,346.35,0.0,2.66,101.92,260.58,0.68,1.34,True
379,8.0,185.47,0.0,2.35,131.18,139.18,1.3,1.65,True
380,8.0,418.1,0.0,2.8,88.87,314.73,0.4,1.2,True
381,8.0,435.24,0.0,2.83,85.75,327.66,0.34,1.17,True
382,8.0,129.15,0.0,2.24,141.42,96.69,1.52,1.76,True
383,8.0,166.97,0.0,2.31,134.54,125.22,1.37,1.69,True
384,8.0,380.1,0.0,2.73,95.78,286.05,0.55,1.27,True
385,8.0,42.95,0.0,2.07,157.1,31.64,1.85,1.93,True
386,8.0,412.72,0.0,2.79,89.84,310.66,0.42,1.21,True
387,8.0,36.68,0.0,2.06,158.24,26.91,1.88,1.94,True
388,8.0,69.7,0.0,2.13,152.23,51.82,1.75,1.87,True
389,8.0,146.96,0.0,2.27,138.18,110.12,1.45,1.73,True
390,8.0,467.46,0.0,2.89,79.89,351.97,0.21,1.11,True
391,8.0,277.75,0.0,2.53,114.39,208.82,0.94,1.47,True
392,8.0,501.55,0.0,2.96,73.69,377.69,0.08,1.04,True
393,8.0,453.06,0.0,2.87,82.51,341.1,0.27,1.13,True
394,8.0,165.86,0.0,2.31,134.74,124.38,1.38,1.69,True
395,8.0,332.82,0.0,2.63,104.38,250.37,0.73,1.37,True
396,8.0,484.08,0.0,2.93,76.87,364.51,0.15,1.07,True
397,8.0,387.74,0.0,2.74,94.39,291.81,0.52,1.26,True
398,8.0,216.48,0.0,2.41,125.54,162.58,1.18,1.59,True
399,8.0,274.77,0.0,2.52,114.93,206.57,0.96,1.48,True
400,8.0,231.46,0.0,2.44,122.81,173.89,1.12,1.56,True
401,8.0,42.13,0.0,2.07,157.25,31.02,1.86,1.93,True
402,8.0,243.14,0.0,2.46,120.69,182.7,1.08,1.54,True
403,8.0,424.48,0.0,2.81,87.71,319.54,0.38,1.19,True
404,8.0,258.47,0.0,2.49,117.9,194.27,1.02,1.51,True
405,8.0,207.17,0.0,2.39,127.23,155.56,1.22,1.61,True
406,8.0,215.64,0.0,2.41,125.69,161.95,1.18,1.59,True
407,8.0,147.43,0.0,2.28,138.1,110.48,1.45,1.72,True
408,8.0,266.61,0.0,2.51,116.42,200.41,0.99,1.49,True
409,8.0,494.42,0.0,2.95,74.99,372.31,0.11,1.05,True
410,8.0,95.97,0.0,2.18,147.45,71.65,1.65,1.82,True
411,8.0,450.32,0.0,2.86,83.01,339.04,0.28,1.14,True
412,8.0,39.13,0.0,2.07,157.79,28.75,1.87,1.93,True
413,8.0,199.98,0.0,2.38,128.54,150.13,1.25,1.62,True
414,8.0,472.15,0.0,2.9,79.04,355.51,0.19,1.1,True
415,8.0,107.87,0.0,2.2,145.29,80.62,1.6,1.8,True
416,8.0,343.74,0.0,2.66,102.39,258.61,0.69,1.34,True
417,8.0,339.24,0.0,2.65,103.21,255.22,0.71,1.35,True
418,8.0,47.4,0.0,2.08,156.29,35.0,1.84,1.92,True
419,8.0,258.23,0.0,2.49,117.94,194.09,1.02,1.51,True
420,8.0,389.81,0.0,2.74,94.01,293.38,0.51,1.26,True
421,8.0,454.94,0.0,2.87,82.17,342.52,0.26,1.13,True
422,8.0,238.19,0.0,2.45,121.59,178.97,1.1,1.55,True
423,8.0,416.83,0.0,2.8,89.1,313.77,0.41,1.2,True
424,8.0,301.3,0.0,2.57,110.11,226.58,0.85,1.43,True
425,8.0,31.3,0.0,2.05,159.22,22.84,1.9,1.95,True
426,8.0,444.16,0.0,2.85,84.13,334.39,0.3,1.15,True
427,8.0,503.19,0.0,2.96,73.39,378.93,0.07,1.04,True
428,8.0,446.15,0.0,2.85,83.76,335.89,0.29,1.15,True
429,8.0,423.48,0.0,2.81,87.89,318.79,0.38,1.19,True
430,8.0,262.79,0.0,2.5,117.11,197.53,1.0,1.5,True
431,8.0,484.89,0.0,2.93,76.72,365.12,0.14,1.07,True
432,8.0,211.02,0.0,2.4,126.53,158.46,1.2,1.6,True
433,8.0,450.43,0.0,2.86,82.99,339.12,0.28,1.14,True
434,8.0,427.69,0.0,2.82,87.12,321.96,0.36,1.18,True
435,8.0,265.07,0.0,2.5,116.7,199.24,0.99,1.5,True
436,8.0,330.6,0.0,2.63,104.78,248.69,0.74,1.37,True
437,8.0,193.14,0.0,2.36,129.78,144.97,1.27,1.64,True
438,8.0,487.02,0.0,2.93,76.33,366.73,0.13,1.07,True
439,8.0,401.04,0.0,2.77,91.97,301.85,0.47,1.23,True
440,8.0,303.42,0.0,2.58,109.73,228.18,0.85,1.42,True
441,8.0,100.34,0.0,2.18,146.66,74.95,1.63,1.82,True
442,8.0,295.93,0.0,2.56,111.09,222.53,0.87,1.44,True
443,8.0,305.87,0.0,2.58,109.28,230.03,0.84,1.42,True
444,8.0,229.14,0.0,2.43,123.23,172.14,1.13,1.57,True
445,8.0,240.28,0.0,2.46,121.21,180.54,1.09,1.54,True
446,8.0,143.07,0.0,2.27,138.89,107.19,1.47,1.73,True
447,8.0,204.03,0.0,2.39,127.8,153.19,1.23,1.61,True
448,8.0,408.11,0.0,2.78,90.68,307.19,0.44,1.22,True
449,8.0,114.08,0.0,2.21,144.16,85.31,1.58,1.79,True
450,8.0,367.54,0.0,2.7,98.06,276.57,0.6,1.3,True
451,8.0,162.97,0.0,2.31,135.27,122.2,1.39,1.69,True
452,8.0,176.7,0.0,2.33,132.77,132.57,1.34,1.67,True
453,8.0,56.86,0.0,2.1,154.57,42.13,1.8,1.9,True
454,8.0,209.58,0.0,2.4,126.79,157.37,1.21,1.6,True
455,8.0,507.89,0.0,2.97,72.54,382.48,0.05,1.03,True
456,8.0,227.46,0.0,2.43,123.54,170.87,1.14,1.57,True
457,8.0,28.48,0.0,2.05,159.73,20.72,1.91,1.95,True
458,8.0,485.81,0.0,2.93,76.55,365.82,0.14,1.07,True
459,8.0,202.79,0.0,2.38,128.03,152.25,1.23,1.62,True
460,8.0,484.06,0.0,2.93,76.87,364.49,0.15,1.07,True
461,8.0,206.56,0.0,2.39,127.34,155.09,1.22,1.61,True
462,8.0,439.02,0.0,2.84,85.06,330.51,0.32,1.16,True
463,8.0,325.06,0.0,2.62,105.79,244.52,0.76,1.38,True
464,8.0,148.38,0.0,2.28,137.92,111.19,1.45,1.72,True
465,8.0,487.47,0.0,2.93,76.25,367.07,0.13,1.07,True
466,8.0,259.42,0.0,2.49,117.73,194.98,1.02,1.51,True
467,8.0,281.79,0.0,2.54,113.66,211.86,0.93,1.46,True
468,8.0,31.09,0.0,2.05,159.26,22.68,1.9,1.95,True
469,8.0,125.35,0.0,2.23,142.11,93.82,1.53,1.77,True
470,8.0,167.04,0.0,2.31,134.53,125.28,1.37,1.69,True
471,8.0,304.82,0.0,2.58,109.47,229.25,0.84,1.42,True
472,8.0,477.85,0.0,2.91,78.0,359.81,0.17,1.09,True
473,8.0,19.69,0.0,2.03,161.33,14.09,1.94,1.97,True
474,8.0,100.38,0.0,2.18,146.65,74.97,1.63,1.82,True
475,8.0,315.39,0.0,2.6,107.55,237.22,0.8,1.4,True
476,8.0,105.87,0.0,2.2,145.65,79.11,1.61,1.8,True
477,8.0,54.79,0.0,2.1,154.94,40.57,1.81,1.9,True
478,8.0,408.25,0.0,2.78,90.66,307.29,0.44,1.22,True
479,8.0,297.12,0.0,2.57,110.87,223.43,0.87,1.43,True
480,8.0,156.28,0.0,2.29,136.48,117.16,1.41,1.71,True
481,8.0,474.07,0.0,2.91,78.69,356.96,0.18,1.09,True
482,8.0,9.72,0.0,2.01,163.14,6.56,1.98,1.99,True
483,8.0,344.07,0.0,2.66,102.33,258.86,0.69,1.34,True
484,8.0,504.19,0.0,2.97,73.21,379.69,0.07,1.03,True
485,8.0,39.39,0.0,2.07,157.74,28.95,1.87,1.93,True
486,8.0,408.65,0.0,2.78,90.58,307.6,0.44,1.22,True
487,8.0,15.2,0.0,2.02,162.14,10.7,1.96,1.98,True
488,8.0,392.94,0.0,2.75,93.44,295.74,0.5,1.25,True
489,8.0,364.52,0.0,2.7,98.61,274.29,0.61,1.3,True
490,8.0,88.94,0.0,2.16,148.73,66.34,1.68,1.84,True
491,8.0,14.66,0.0,2.02,162.24,10.29,1.96,1.98,True
492,8.0,150.62,0.0,2.28,137.51,112.89,1.44,1.72,True
493,8.0,323.46,0.0,2.62,106.08,243.31,0.77,1.38,True
494,8.0,142.06,0.0,2.27,139.07,106.43,1.47,1.73,True
495,8.0,408.99,0.0,2.78,90.52,307.85,0.44,1.22,True
496,8.0,62.97,0.0,2.11,153.46,46.75,1.78,1.89,True
497,8.0,320.79,0.0,2.61,106.57,241.29,0.78,1.39,True
498,8.0,489.51,0.0,2.94,75.88,368.61,0.13,1.06,True
499,8.0,482.98,0.0,2.92,77.07,363.68,0.15,1.08,True
500,8.0,140.55,0.0,2.26,139.35,105.29,1.48,1.74,True
501,8.0,350.49,0.0,2.67,101.16,263.71,0.66,1.33,True
502,8.0,505.65,0.0,2.97,72.94,380.79,0.06,1.03,True
503,8.0,371.11,0.0,2.71,97.41,279.27,0.58,1.29,True
504,8.0,504.67,0.0,2.97,73.12,380.05,0.07,1.03,True
505,8.0,442.52,0.0,2.85,84.43,333.15,0.31,1.15,True
506,8.0,494.05,0.0,2.95,75.05,372.03,0.11,1.05,True
507,8.0,101.03,0.0,2.19,146.53,75.46,1.63,1.81,True
508,8.0,49.17,0.0,2.09,155.97,36.33,1.83,1.91,True
509,8.0,85.33,0.0,2.16,149.39,63.62,1.69,1.84,True
510,8.0,446.56,0.0,2.85,83.69,336.2,0.29,1.15,True
511,8.0,335.13,0.0,2.64,103.96,252.12,0.72,1.36,True
512,8.0,167.17,0.0,2.31,134.51,125.37,1.37,1.69,True
513,8.0,153.93,0.0,2.29,136.91,115.38,1.42,1.71,True
514,8.0,70.25,0.0,2.13,152.13,52.24,1.75,1.87,True
515,8.0,326.63,0.0,2.62,105.5,245.7,0.76,1.38,True
516,8.0,443.32,0.0,2.85,84.28,333.76,0.3,1.15,True
517,8.0,267.54,0.0,2.51,116.25,201.11,0.98,1.49,True
518,8.0,175.9,0.0,2.33,132.92,131.96,1.34,1.67,True
519,8.0,506.69,0.0,2.97,72.75,381.58,0.06,1.03,True
520,8.0,193.24,0.0,2.36,129.76,145.04,1.27,1.64,True
521,8.0,71.67,0.0,2.13,151.87,53.31,1.74,1.87,True
522,8.0,468.0,0.0,2.9,79.79,352.37,0.21,1.1,True
523,8.0,218.48,0.0,2.41,125.17,164.09,1.17,1.59,True
524,8.0,165.36,0.0,2.31,134.83,124.01,1.38,1.69,True
525,8.0,42.35,0.0,2.07,157.21,31.18,1.86,1.93,True
526,8.0,79.71,0.0,2.14,150.41,59.38,1.71,1.86,True
527,8.0,219.43,0.0,2.41,125.0,164.81,1.17,1.59,True
528,8.0,207.1,0.0,2.39,127.24,155.5,1.22,1.61,True
529,8.0,199.03,0.0,2.38,128.71,149.41,1.25,1.62,True
530,8.0,465.32,0.0,2.89,80.28,350.36,0.22,1.11,True
531,8.0,198.38,0.0,2.37,128.83,148.92,1.25,1.63,True
532,8.0,426.83,0.0,2.82,87.28,321.31,0.37,1.18,True
533,8.0,277.38,0.0,2.53,114.46,208.53,0.95,1.47,True
534,8.0,467.47,0.0,2.89,79.89,351.97,0.21,1.11,True
535,8.0,387.51,0.0,2.74,94.43,291.64,0.52,1.26,True
536,8.0,36.16,0.0,2.06,158.33,26.51,1.88,1.94,True
537,8.0,436.2,0.0,2.83,85.58,328.38,0.33,1.17,True
538,8.0,27.48,0.0,2.04,159.91,19.96,1.91,1.96,True
539,8.0,352.47,0.0,2.67,100.8,265.2,0.66,1.33,True
540,8.0,276.9,0.0,2.53,114.55,208.17,0.95,1.47,True
541,8.0,349.88,0.0,2.67,101.27,263.25,0.67,1.33,True
542,8.0,340.45,0.0,2.65,102.99,256.13,0.7,1.35,True
543,8.0,210.87,0.0,2.4,126.56,158.35,1.2,1.6,True
544,8.0,136.77,0.0,2.25,140.03,102.43,1.49,1.75,True
545,8.0,188.96,0.0,2.36,130.54,141.81,1.29,1.64,True
546,8.0,158.36,0.0,2.3,136.11,118.72,1.41,1.7,True
547,8.0,234.39,0.0,2.44,122.28,176.1,1.11,1.56,True
548,8.0,39.16,0.0,2.07,157.79,28.78,1.87,1.93,True
549,8.0,243.68,0.0,2.46,120.59,183.1,1.08,1.54,True
550,8.0,400.38,0.0,2.77,92.09,301.35,0.47,1.23,True
551,8.0,41.25,0.0,2.07,157.41,30.36,1.86,1.93,True
552,8.0,88.52,0.0,2.16,148.81,66.02,1.68,1.84,True
553,8.0,451.13,0.0,2.86,82.86,339.65,0.27,1.14,True
554,8.0,385.18,0.0,2.74,94.85,289.88,0.53,1.26,True
555,8.0,364.84,0.0,2.7,98.55,274.54,0.61,1.3,True
556,8.0,179.82,0.0,2.34,132.2,134.92,1.32,1.66,True
557,8.0,102.03,0.0,2.19,146.35,76.22,1.62,1.81,True
558,8.0,42.64,0.0,2.07,157.15,31.4,1.85,1.93,True
559,8.0,279.58,0.0,2.53,114.06,210.2,0.94,1.47,True
560,8.0,296.12,0.0,2.56,111.05,222.68,0.87,1.44,True
561,8.0,224.94,0.0,2.43,124.0,168.96,1.15,1.57,True
562,8.0,148.0,0.0,2.28,137.99,110.91,1.45,1.72,True
563,8.0,424.44,0.0,2.81,87.71,319.5,0.38,1.19,True
564,8.0,457.31,0.0,2.88,81.74,344.31,0.25,1.12,True
565,8.0,116.03,0.0,2.21,143.81,86.79,1.57,1.79,True
566,8.0,79.35,0.0,2.14,150.48,59.1,1.71,1.86,True
567,8.0,130.39,0.0,2.24,141.19,97.62,1.51,1.76,True
568,8.0,224.5,0.0,2.42,124.08,168.64,1.15,1.58,True
569,8.0,349.42,0.0,2.67,101.36,262.9,0.67,1.33,True
570,8.0,208.94,0.0,2.39,126.91,156.89,1.21,1.61,True
571,8.0,420.02,0.0,2.8,88.52,316.17,0.39,1.2,True
572,8.0,186.78,0.0,2.35,130.94,140.17,1.3,1.65,True
573,8.0,94.43,0.0,2.17,147.73,70.48,1.65,1.83,True
574,8.0,82.29,0.0,2.15,149.94,61.33,1.7,1.85,True
575,8.0,21.38,0.0,2.03,161.02,15.36,1.94,1.97,True
576,8.0,100.28,0.0,2.18,146.67,74.9,1.63,1.82,True
577,8.0,199.91,0.0,2.38,128.55,150.08,1.25,1.62,True
578,8.0,70.17,0.0,2.13,152.15,52.18,1.75,1.87,True
579,8.0,66.55,0.0,2.12,152.81,49.45,1.76,1.88,True
580,8.0,283.77,0.0,2.54,113.3,213.36,0.92,1.46,True
581,8.0,32.18,0.0,2.05,159.06,23.51,1.89,1.95,True
582,8.0,322.73,0.0,2.61,106.21,242.76,0.77,1.39,True
583,8.0,255.68,0.0,2.49,118.41,192.16,1.03,1.51,True
584,8.0,423.82,0.0,2.81,87.83,319.04,0.38,1.19,True
585,8.0,371.89,0.0,2.71,97.27,279.86,0.58,1.29,True
586,8.0,406.89,0.0,2.78,90.91,306.27,0.44,1.22,True
587,8.0,381.68,0.0,2.73,95.49,287.24,0.54,1.27,True
588,8.0,374.88,0.0,2.72,96.73,282.11,0.57,1.28,True
589,8.0,308.06,0.0,2.59,108.88,231.69,0.83,1.41,True
590,8.0,236.06,0.0,2.45,121.98,177.36,1.11,1.55,True
591,8.0,396.51,0.0,2.76,92.79,298.44,0.48,1.24,True
592,8.0,101.7,0.0,2.19,146.41,75.97,1.63,1.81,True
593,8.0,43.12,0.0,2.07,157.07,31.77,1.85,1.93,True
594,8.0,362.46,0.0,2.69,98.99,272.74,0.62,1.31,True
595,8.0,272.59,0.0,2.52,115.33,204.92,0.96,1.48,True
596,8.0,122.23,0.0,2.23,142.68,91.46,1.55,1.77,True
597,8.0,478.49,0.0,2.92,77.88,360.29,0.17,1.08,True
598,8.0,264.22,0.0,2.5,116.85,198.6,1.0,1.5,True
599,8.0,262.61,0.0,2.5,117.15,197.39,1.0,1.5,True
600,8.0,20.04,0.0,2.03,161.26,14.35,1.94,1.97,True
601,8.0,215.84,0.0,2.41,125.65,162.1,1.18,1.59,True
602,8.0,141.49,0.0,2.26,139.18,105.99,1.47,1.74,True
603,8.0,56.08,0.0,2.1,154.71,41.55,1.8,1.9,True
604,8.0,32.9,0.0,2.05,158.92,24.06,1.89,1.95,True
605,8.0,109.72,0.0,2.2,144.95,82.02,1.59,1.8,True
606,8.0,94.69,0.0,2.17,147.69,70.68,1.65,1.83,True
607,8.0,380.61,0.0,2.73,95.69,286.43,0.55,1.27,True
608,8.0,32.62,0.0,2.05,158.98,23.84,1.89,1.95,True
609,8.0,424.04,0.0,2.81,87.79,319.21,0.38,1.19,True
610,8.0,95.85,0.0,2.18,147.48,71.55,1.65,1.82,True
611,8.0,333.08,0.0,2.63,104.33,250.57,0.73,1.37,True
612,8.0,337.78,0.0,2.64,103.48,254.11,0.71,1.36,True
613,8.0,472.78,0.0,2.91,78.92,355.99,0.19,1.09,True
614,8.0,513.3,0.0,2.98,71.55,386.56,0.03,1.02,True
615,8.0,256.15,0.0,2.49,118.32,192.52,1.03,1.51,True
616,8.0,335.04,0.0,2.64,103.97,252.04,0.72,1.36,True
617,8.0,33.35,0.0,2.05,158.84,24.39,1.89,1.95,True
618,8.0,263.75,0.0,2.5,116.94,198.25,1.0,1.5,True
619,8.0,155.28,0.0,2.29,136.67,116.4,1.42,1.71,True
620,8.0,207.08,0.0,2.39,127.25,155.49,1.22,1.61,True
621,8.0,353.59,0.0,2.67,100.6,266.04,0.65,1.33,True
622,8.0,44.48,0.0,2.08,156.82,32.79,1.85,1.92,True
623,8.0,24.21,0.0,2.04,160.51,17.49,1.93,1.96,True
624,8.0,336.05,0.0,2.64,103.79,252.81,0.72,1.36,True
625,8.0,171.38,0.0,2.32,133.74,128.55,1.36,1.68,True
626,8.0,33.81,0.0,2.06,158.76,24.74,1.89,1.94,True
627,8.0,277.97,0.0,2.53,114.35,208.99,0.94,1.47,True
628,8.0,321.35,0.0,2.61,106.46,241.72,0.78,1.39,True
629,8.0,521.41,0.0,3.0,70.08,392.68,0.0,1.0,True
630,8.0,221.35,0.0,2.42,124.65,166.25,1.16,1.58,True
631,8.0,91.3,0.0,2.17,148.3,68.12,1.67,1.83,True
632,8.0,134.38,0.0,2.25,140.47,100.63,1.5,1.75,True
633,8.0,92.88,0.0,2.17,148.02,69.32,1.66,1.83,True
634,8.0,121.77,0.0,2.23,142.76,91.12,1.55,1.77,True
635,8.0,78.53,0.0,2.14,150.63,58.49,1.72,1.86,True
636,8.0,517.02,0.0,2.99,70.88,389.37,0.02,1.01,True
637,8.0,487.85,0.0,2.93,76.18,367.36,0.13,1.07,True
638,8.0,358.4,0.0,2.68,99.72,269.67,0.63,1.32,True
639,8.0,310.44,0.0,2.59,108.45,233.48,0.82,1.41,True
640,8.0,30.03,0.0,2.05,159.45,21.88,1.9,1.95,True
641,8.0,15.31,0.0,2.02,162.12,10.78,1.96,1.98,True
642,8.0,408.88,0.0,2.78,90.54,307.76,0.44,1.22,True
643,8.0,355.79,0.0,2.68,100.2,267.71,0.64,1.32,True
644,8.0,49.76,0.0,2.09,155.86,36.77,1.83,1.91,True
645,8.0,273.09,0.0,2.52,115.24,205.3,0.96,1.48,True
646,8.0,13.89,0.0,2.02,162.38,9.71,1.97,1.98,True
647,8.0,464.54,0.0,2.89,80.42,349.77,0.22,1.11,True
648,8.0,398.13,0.0,2.76,92.5,299.65,0.48,1.24,True
649,8.0,183.62,0.0,2.35,131.51,137.79,1.31,1.65,True
650,8.0,100.55,0.0,2.18,146.62,75.1,1.63,1.82,True
651,8.0,347.47,0.0,2.66,101.71,261.43,0.67,1.34,True
652,8.0,286.08,0.0,2.54,112.88,215.1,0.91,1.46,True
653,8.0,479.81,0.0,2.92,77.64,361.29,0.16,1.08,True
654,8.0,242.56,0.0,2.46,120.79,182.26,1.08,1.54,True
655,8.0,254.89,0.0,2.48,118.55,191.56,1.03,1.52,True
656,8.0,310.12,0.0,2.59,108.51,233.24,0.82,1.41,True
657,8.0,445.46,0.0,2.85,83.89,335.37,0.3,1.15,True
658,8.0,454.81,0.0,2.87,82.19,342.43,0.26,1.13,True
659,8.0,236.87,0.0,2.45,121.83,177.97,1.1,1.55,True
660,8.0,348.45,0.0,2.66,101.54,262.16,0.67,1.34,True
661,8.0,14.13,0.0,2.02,162.34,9.89,1.96,1.98,True
662,8.0,417.35,0.0,2.8,89.0,314.16,0.4,1.2,True
663,8.0,458.98,0.0,2.88,81.43,345.57,0.24,1.12,True
664,8.0,84.61,0.0,2.15,149.52,63.07,1.69,1.85,True
665,8.0,438.11,0.0,2.84,85.23,329.82,0.32,1.16,True
666,8.0,78.49,0.0,2.14,150.63,58.45,1.72,1.86,True
667,8.0,138.36,0.0,2.26,139.75,103.63,1.48,1.74,True
668,8.0,202.2,0.0,2.38,128.13,151.81,1.24,1.62,True
669,8.0,146.47,0.0,2.27,138.27,109.75,1.45,1.73,True
670,8.0,217.92,0.0,2.41,125.27,163.67,1.18,1.59,True
671,8.0,55.38,0.0,2.1,154.84,41.01,1.81,1.9,True
672,8.0,519.07,0.0,2.99,70.5,390.92,0.01,1.01,True
673,8.0,251.92,0.0,2.48,119.09,189.33,1.04,1.52,True
674,8.0,296.66,0.0,2.56,110.95,223.08,0.87,1.44,True
675,8.0,256.05,0.0,2.49,118.34,192.44,1.03,1.51,True
676,8.0,397.64,0.0,2.76,92.59,299.28,0.48,1.24,True
677,8.0,103.69,0.0,2.19,146.05,77.47,1.62,1.81,True
678,8.0,96.73,0.0,2.18,147.32,72.22,1.65,1.82,True
679,8.0,50.74,0.0,2.09,155.68,37.51,1.82,1.91,True
680,8.0,55.15,0.0,2.1,154.88,40.84,1.81,1.9,True
681,8.0,485.93,0.0,2.93,76.53,365.91,0.14,1.07,True
682,8.0,10.93,0.0,2.01,162.92,7.48,1.98,1.99,True
683,8.0,507.75,0.0,2.97,72.56,382.37,0.05,1.03,True
684,8.0,66.83,0.0,2.12,152.75,49.66,1.76,1.88,True
685,8.0,47.6,0.0,2.08,156.25,35.15,1.84,1.92,True
686,8.0,136.87,0.0,2.26,140.02,102.51,1.49,1.74,True
687,8.0,458.19,0.0,2.88,81.57,344.98,0.25,1.12,True
688,8.0,440.5,0.0,2.84,84.79,331.63,0.31,1.16,True
689,8.0,194.33,0.0,2.37,129.57,145.87,1.27,1.63,True
690,8.0,229.08,0.0,2.43,123.24,172.09,1.13,1.57,True
691,8.0,77.39,0.0,2.14,150.83,57.62,1.72,1.86,True
692,8.0,301.29,0.0,2.57,110.11,226.58,0.85,1.43,True
693,8.0,481.37,0.0,2.92,77.36,362.47,0.16,1.08,True
694,8.0,461.08,0.0,2.88,81.05,347.15,0.24,1.12,True
695,8.0,483.11,0.0,2.93,77.04,363.78,0.15,1.07,True
696,8.0,295.21,0.0,2.56,111.22,221.99,0.88,1.44,True
697,8.0,254.02,0.0,2.48,118.71,190.91,1.04,1.52,True
698,8.0,384.05,0.0,2.73,95.06,289.03,0.53,1.27,True
699,8.0,210.43,0.0,2.4,126.64,158.02,1.21,1.6,True
700,8.0,261.73,0.0,2.5,117.31,196.73,1.01,1.5,True
701,8.0,507.66,0.0,2.97,72.58,382.3,0.05,1.03,True
702,8.0,323.53,0.0,2.62,106.07,243.36,0.77,1.38,True
703,8.0,397.43,0.0,2.76,92.63,299.13,0.48,1.24,True
704,8.0,212.2,0.0,2.4,126.32,159.35,1.2,1.6,True
705,8.0,386.09,0.0,2.74,94.69,290.57,0.53,1.26,True
706,8.0,446.96,0.0,2.86,83.62,336.5,0.29,1.14,True
707,8.0,509.58,0.0,2.98,72.23,383.76,0.05,1.02,True
708,8.0,516.86,0.0,2.99,70.9,389.25,0.02,1.01,True
709,8.0,438.58,0.0,2.84,85.14,330.18,0.32,1.16,True
710,8.0,484.81,0.0,2.93,76.73,365.06,0.14,1.07,True
711,8.0,238.01,0.0,2.45,121.62,178.83,1.1,1.55,True
712,8.0,99.77,0.0,2.18,146.76,74.51,1.63,1.82,True
713,8.0,397.14,0.0,2.76,92.68,298.91,0.48,1.24,True
714,8.0,352.69,0.0,2.67,100.76,265.37,0.65,1.33,True
715,8.0,139.69,0.0,2.26,139.5,104.64,1.48,1.74,True
716,8.0,504.24,0.0,2.97,73.2,379.72,0.07,1.03,True
717,8.0,350.49,0.0,2.67,101.16,263.7,0.66,1.33,True
718,8.0,104.45,0.0,2.19,145.91,78.05,1.62,1.81,True
719,8.0,194.1,0.0,2.37,129.61,145.69,1.27,1.63,True
720,8.0,224.41,0.0,2.42,124.1,168.56,1.15,1.58,True
721,8.0,405.54,0.0,2.77,91.15,305.25,0.45,1.23,True
722,8.0,236.95,0.0,2.45,121.81,178.02,1.1,1.55,True
723,8.0,169.38,0.0,2.32,134.1,127.04,1.36,1.68,True
724,8.0,269.23,0.0,2.51,115.94,202.39,0.98,1.49,True
725,8.0,520.34,0.0,3.0,70.27,391.87,0.01,1.0,True
726,8.0,432.25,0.0,2.83,86.29,325.4,0.35,1.17,True
727,8.0,351.2,0.0,2.67,101.03,264.24,0.66,1.33,True
728,8.0,47.9,0.0,2.08,156.2,35.38,1.83,1.92,True
729,8.0,15.57,0.0,2.02,162.08,10.98,1.96,1.98,True
730,8.0,393.03,0.0,2.75,93.43,295.8,0.5,1.25,True
731,8.0,235.49,0.0,2.45,122.08,176.92,1.11,1.55,True
732,8.0,206.74,0.0,2.39,127.31,155.24,1.22,1.61,True
733,8.0,327.74,0.0,2.62,105.3,246.54,0.75,1.38,True
734,8.0,22.04,0.0,2.03,160.9,15.86,1.93,1.97,True
735,8.0,396.37,0.0,2.76,92.82,298.33,0.49,1.24,True
736,8.0,446.88,0.0,2.85,83.63,336.44,0.29,1.15,True
737,8.0,346.64,0.0,2.66,101.86,260.8,0.68,1.34,True
738,8.0,144.51,0.0,2.27,138.63,108.27,1.46,1.73,True
739,8.0,232.82,0.0,2.44,122.57,174.91,1.12,1.56,True
740,8.0,70.58,0.0,2.13,152.07,52.48,1.75,1.87,True
741,8.0,410.66,0.0,2.78,90.22,309.11,0.43,1.22,True
742,8.0,421.49,0.0,2.81,88.25,317.28,0.39,1.19,True
743,8.0,462.24,0.0,2.88,80.84,348.03,0.23,1.12,True
744,8.0,51.18,0.0,2.09,155.6,37.85,1.82,1.91,True
745,8.0,428.29,0.0,2.82,87.01,322.41,0.36,1.18,True
746,8.0,95.12,0.0,2.17,147.61,71.01,1.65,1.83,True
747,8.0,273.82,0.0,2.52,115.11,205.85,0.96,1.48,True
748,8.0,295.54,0.0,2.56,111.16,222.24,0.88,1.44,True
749,8.0,51.15,0.0,2.09,155.61,37.83,1.82,1.91,True
750,8.0,328.73,0.0,2.63,105.12,247.28,0.75,1.37,True
751,8.0,61.35,0.0,2.11,153.75,45.52,1.78,1.89,True
752,8.0,475.02,0.0,2.91,78.52,357.67,0.18,1.09,True
753,8.0,221.79,0.0,2.42,124.57,166.59,1.16,1.58,True
754,8.0,73.2,0.0,2.13,151.6,54.46,1.74,1.87,True
755,8.0,46.76,0.0,2.08,156.4,34.51,1.84,1.92,True
756,8.0,453.6,0.0,2.87,82.41,341.51,0.26,1.13,True
757,8.0,332.38,0.0,2.63,104.46,250.04,0.73,1.37,True
758,8.0,192.09,0.0,2.36,129.97,144.18,1.28,1.64,True
759,8.0,401.99,0.0,2.77,91.8,302.57,0.46,1.23,True
760,8.0,175.11,0.0,2.33,133.06,131.36,1.34,1.67,True
761,8.0,312.88,0.0,2.6,108.0,235.33,0.81,1.4,True
762,8.0,7.18,0.0,2.0,163.6,4.65,1.99,2.0,True
763,8.0,14.7,0.0,2.02,162.24,10.32,1.96,1.98,True
764,8.0,279.53,0.0,2.53,114.07,210.16,0.94,1.47,True
765,8.0,119.38,0.0,2.22,143.2,89.31,1.56,1.78,True
766,8.0,436.26,0.0,2.83,85.56,328.43,0.33,1.17,True
767,8.0,77.85,0.0,2.14,150.75,57.97,1.72,1.86,True
768,8.0,290.64,0.0,2.55,112.05,218.55,0.89,1.45,True
769,8.0,288.31,0.0,2.55,112.47,216.78,0.9,1.45,True
770,8.0,65.24,0.0,2.12,153.04,48.45,1.77,1.88,True
771,8.0,320.01,0.0,2.61,106.71,240.71,0.78,1.39,True
772,8.0,443.58,0.0,2.85,84.23,333.95,0.3,1.15,True
773,8.0,19.64,0.0,2.03,161.34,14.05,1.94,1.97,True
774,8.0,141.84,0.0,2.26,139.11,106.26,1.47,1.74,True
775,8.0,493.85,0.0,2.95,75.09,371.89,0.11,1.05,True
776,8.0,149.11,0.0,2.28,137.79,111.75,1.44,1.72,True
777,8.0,133.99,0.0,2.25,140.54,100.34,1.5,1.75,True
778,8.0,518.42,0.0,2.99,70.62,390.42,0.01,1.01,True
779,8.0,452.34,0.0,2.87,82.64,340.56,0.27,1.13,True
780,8.0,113.49,0.0,2.21,144.27,84.87,1.58,1.79,True
781,8.0,255.82,0.0,2.49,118.38,192.27,1.03,1.51,True
782,8.0,325.06,0.0,2.62,105.79,244.52,0.76,1.38,True
783,8.0,248.14,0.0,2.47,119.78,186.47,1.06,1.53,True
784,8.0,341.49,0.0,2.65,102.8,256.92,0.7,1.35,True
785,8.0,415.02,0.0,2.79,89.43,312.4,0.41,1.21,True
786,8.0,65.67,0.0,2.12,152.97,48.78,1.77,1.88,True
787,8.0,158.64,0.0,2.3,136.06,118.94,1.41,1.7,True
788,8.0,410.67,0.0,2.78,90.22,309.12,0.43,1.22,True
789,8.0,72.97,0.0,2.13,151.64,54.29,1.74,1.87,True
790,8.0,391.17,0.0,2.75,93.76,294.4,0.51,1.25,True
791,8.0,338.25,0.0,2.64,103.39,254.47,0.71,1.36,True
792,8.0,299.02,0.0,2.57,110.52,224.87,0.86,1.43,True
793,8.0,314.35,0.0,2.6,107.74,236.44,0.8,1.4,True
794,8.0,476.37,0.0,2.91,78.27,358.69,0.18,1.09,True
795,8.0,449.08,0.0,2.86,83.23,338.1,0.28,1.14,True
796,8.0,520.85,0.0,3.0,70.18,392.26,0.0,1.0,True
797,8.0,278.61,0.0,2.53,114.24,209.46,0.94,1.47,True
798,8.0,377.53,0.0,2.72,96.25,284.11,0.56,1.28,True
799,8.0,62.96,0.0,2.11,153.46,46.74,1.78,1.89,True
800,8.0,400.03,0.0,2.76,92.15,301.09,0.47,1.24,True
801,8.0,465.23,0.0,2.89,80.3,350.29,0.22,1.11,True
802,8.0,90.98,0.0,2.17,148.36,67.88,1.67,1.83,True
803,8.0,207.24,0.0,2.39,127.22,155.61,1.22,1.61,True
804,8.0,225.62,0.0,2.43,123.87,169.48,1.15,1.57,True
805,8.0,256.25,0.0,2.49,118.3,192.59,1.03,1.51,True
806,8.0,298.82,0.0,2.57,110.56,224.71,0.86,1.43,True
807,8.0,268.5,0.0,2.51,116.08,201.84,0.98,1.49,True
808,8.0,422.15,0.0,2.81,88.13,317.78,0.39,1.19,True
809,8.0,186.56,0.0,2.35,130.98,140.0,1.3,1.65,True
810,8.0,274.98,0.0,2.52,114.9,206.73,0.96,1.48,True
811,8.0,120.17,0.0,2.22,143.05,89.9,1.55,1.78,True
812,8.0,229.81,0.0,2.43,123.11,172.64,1.13,1.57,True
813,8.0,62.39,0.0,2.11,153.56,46.31,1.78,1.89,True
814,8.0,519.02,0.0,2.99,70.51,390.88,0.01,1.01,True
815,8.0,237.51,0.0,2.45,121.71,178.45,1.1,1.55,True
816,8.0,510.34,0.0,2.98,72.09,384.33,0.04,1.02,True
817,8.0,473.58,0.0,2.91,78.78,356.59,0.19,1.09,True
818,8.0,292.61,0.0,2.56,111.69,220.03,0.89,1.44,True
819,8.0,492.85,0.0,2.94,75.27,371.13,0.11,1.06,True
820,8.0,277.28,0.0,2.53,114.48,208.46,0.95,1.47,True
821,8.0,69.87,0.0,2.13,152.2,51.95,1.75,1.87,True
822,8.0,389.6,0.0,2.74,94.05,293.22,0.51,1.26,True
823,8.0,263.35,0.0,2.5,117.01,197.95,1.0,1.5,True
824,8.0,421.91,0.0,2.81,88.17,317.6,0.39,1.19,True
825,8.0,252.81,0.0,2.48,118.93,190.0,1.04,1.52,True
826,8.0,43.75,0.0,2.07,156.95,32.24,1.85,1.93,True
827,8.0,359.12,0.0,2.69,99.59,270.22,0.63,1.31,True
828,8.0,141.32,0.0,2.26,139.21,105.87,1.47,1.74,True
829,8.0,235.37,0.0,2.45,122.1,176.84,1.11,1.55,True
830,8.0,471.27,0.0,2.9,79.2,354.84,0.2,1.1,True
831,8.0,367.89,0.0,2.7,98.0,276.84,0.6,1.3,True
832,8.0,78.84,0.0,2.14,150.57,58.72,1.71,1.86,True
833,8.0,491.04,0.0,2.94,75.6,369.76,0.12,1.06,True
834,8.0,169.56,0.0,2.32,134.07,127.18,1.36,1.68,True
835,8.0,481.07,0.0,2.92,77.41,362.24,0.16,1.08,True
836,8.0,218.85,0.0,2.41,125.1,164.37,1.17,1.59,True
837,8.0,268.98,0.0,2.51,115.99,202.2,0.98,1.49,True
838,8.0,157.75,0.0,2.3,136.22,118.27,1.41,1.7,True
839,8.0,135.93,0.0,2.25,140.19,101.8,1.49,1.75,True
840,8.0,276.36,0.0,2.53,114.65,207.77,0.95,1.47,True
841,8.0,408.57,0.0,2.78,90.6,307.53,0.44,1.22,True
842,8.0,208.3,0.0,2.39,127.02,156.41,1.21,1.61,True
843,8.0,206.53,0.0,2.39,127.35,155.07,1.22,1.61,True
844,8.0,134.86,0.0,2.25,140.38,100.99,1.5,1.75,True
845,8.0,457.67,0.0,2.88,81.67,344.58,0.25,1.12,True
846,8.0,53.63,0.0,2.09,155.16,39.7,1.81,1.91,True
847,8.0,135.56,0.0,2.25,140.25,101.52,1.49,1.75,True
848,8.0,301.57,0.0,2.57,110.06,226.79,0.85,1.43,True
849,8.0,151.44,0.0,2.28,137.37,113.5,1.43,1.72,True
850,8.0,466.62,0.0,2.89,80.04,351.34,0.21,1.11,True
851,8.0,399.54,0.0,2.76,92.24,300.72,0.47,1.24,True
852,8.0,15.78,0.0,2.02,162.04,11.13,1.96,1.98,True
853,8.0,247.18,0.0,2.47,119.95,185.75,1.06,1.53,True
854,8.0,339.36,0.0,2.65,103.19,255.3,0.71,1.35,True
855,8.0,30.23,0.0,2.05,159.41,22.04,1.9,1.95,True
856,8.0,166.76,0.0,2.31,134.58,125.06,1.37,1.69,True
857,8.0,220.0,0.0,2.42,124.9,165.24,1.17,1.58,True
858,8.0,5.87,0.0,2.0,163.84,3.65,2.0,2.0,True
859,8.0,151.71,0.0,2.28,137.32,113.7,1.43,1.72,True
860,8.0,142.26,0.0,2.27,139.04,106.57,1.47,1.73,True
861,8.0,220.11,0.0,2.42,124.88,165.32,1.17,1.58,True
862,8.0,250.28,0.0,2.47,119.39,188.09,1.05,1.53,True
863,8.0,496.78,0.0,2.95,74.56,374.09,0.1,1.05,True
864,8.0,171.59,0.0,2.32,133.7,128.71,1.36,1.68,True
865,8.0,211.16,0.0,2.4,126.5,158.57,1.2,1.6,True
866,8.0,426.44,0.0,2.82,87.35,321.01,0.37,1.18,True
867,8.0,174.8,0.0,2.33,133.12,131.13,1.34,1.67,True
868,8.0,428.56,0.0,2.82,86.96,322.61,0.36,1.18,True
869,8.0,485.59,0.0,2.93,76.59,365.65,0.14,1.07,True
870,8.0,176.14,0.0,2.33,132.87,132.14,1.34,1.67,True
871,8.0,30.7,0.0,2.05,159.33,22.39,1.9,1.95,True
872,8.0,352.93,0.0,2.67,100.72,265.54,0.65,1.33,True
873,8.0,289.36,0.0,2.55,112.28,217.58,0.9,1.45,True
874,8.0,442.18,0.0,2.85,84.49,332.89,0.31,1.15,True
875,8.0,379.39,0.0,2.72,95.91,285.52,0.55,1.28,True
876,8.0,270.89,0.0,2.51,115.64,203.64,0.97,1.49,True
877,8.0,225.75,0.0,2.43,123.85,169.58,1.15,1.57,True
878,8.0,50.8,0.0,2.09,155.67,37.56,1.82,1.91,True
879,8.0,438.49,0.0,2.84,85.16,330.11,0.32,1.16,True
880,8.0,412.34,0.0,2.79,89.91,310.38,0.42,1.21,True
881,8.0,399.41,0.0,2.76,92.27,300.62,0.47,1.24,True
882,8.0,343.94,0.0,2.66,102.36,258.76,0.69,1.34,True
883,8.0,309.15,0.0,2.59,108.68,232.51,0.82,1.41,True
884,8.0,411.87,0.0,2.79,90.0,310.03,0.43,1.21,True
885,8.0,408.56,0.0,2.78,90.6,307.52,0.44,1.22,True
886,8.0,73.6,0.0,2.13,151.52,54.76,1.73,1.87,True
887,8.0,330.82,0.0,2.63,104.74,248.86,0.74,1.37,True
888,8.0,149.39,0.0,2.28,137.74,111.96,1.44,1.72,True
889,8.0,65.31,0.0,2.12,153.03,48.51,1.77,1.88,True
890,8.0,313.56,0.0,2.6,107.88,235.84,0.81,1.4,True
891,8.0,211.47,0.0,2.4,126.45,158.8,1.2,1.6,True
892,8.0,408.11,0.0,2.78,90.68,307.19,0.44,1.22,True
893,8.0,421.65,0.0,2.81,88.22,317.4,0.39,1.19,True
894,8.0,232.7,0.0,2.44,122.59,174.82,1.12,1.56,True
895,8.0,116.05,0.0,2.21,143.8,86.8,1.57,1.79,True
896,8.0,507.0,0.0,2.97,72.7,381.81,0.06,1.03,True
897,8.0,430.26,0.0,2.82,86.65,323.9,0.35,1.18,True
898,8.0,123.54,0.0,2.23,142.44,92.45,1.54,1.77,True
899,8.0,145.39,0.0,2.27,138.47,108.93,1.46,1.73,True
900,8.0,183.85,0.0,2.35,131.47,137.96,1.31,1.65,True
901,8.0,298.66,0.0,2.57,110.59,224.59,0.86,1.43,True
902,8.0,11.65,0.0,2.01,162.79,8.02,1.97,1.99,True
903,8.0,173.6,0.0,2.33,133.34,130.22,1.35,1.67,True
904,8.0,85.37,0.0,2.16,149.38,63.65,1.69,1.84,True
905,8.0,185.43,0.0,2.35,131.18,139.15,1.3,1.65,True
906,8.0,268.25,0.0,2.51,116.12,201.65,0.98,1.49,True
907,8.0,162.99,0.0,2.31,135.27,122.22,1.39,1.69,True
908,8.0,125.95,0.0,2.23,142.0,94.27,1.53,1.77,True
909,8.0,496.19,0.0,2.95,74.66,373.65,0.1,1.05,True
910,8.0,152.31,0.0,2.29,137.21,114.16,1.43,1.71,True
911,8.0,400.79,0.0,2.77,92.01,301.66,0.47,1.23,True
912,8.0,170.12,0.0,2.32,133.97,127.6,1.36,1.68,True
913,8.0,25.03,0.0,2.04,160.36,18.11,1.92,1.96,True
914,8.0,7.98,0.0,2.01,163.46,5.25,1.99,1.99,True
915,8.0,446.22,0.0,2.85,83.75,335.94,0.29,1.15,True
916,8.0,194.18,0.0,2.37,129.59,145.75,1.27,1.63,True
917,8.0,485.04,0.0,2.93,76.69,365.23,0.14,1.07,True
918,8.0,407.1,0.0,2.78,90.87,306.43,0.44,1.22,True
919,8.0,112.64,0.0,2.21,144.42,84.22,1.58,1.79,True
920,8.0,96.94,0.0,2.18,147.28,72.37,1.64,1.82,True
921,8.0,166.12,0.0,2.31,134.7,124.58,1.38,1.69,True
922,8.0,62.46,0.0,2.11,153.55,46.36,1.78,1.89,True
923,8.0,234.58,0.0,2.44,122.25,176.24,1.11,1.56,True
924,8.0,514.74,0.0,2.99,71.29,387.65,0.03,1.01,True
925,8.0,104.0,0.0,2.19,145.99,77.7,1.62,1.81,True
926,8.0,383.27,0.0,2.73,95.2,288.44,0.54,1.27,True
927,8.0,345.57,0.0,2.66,102.06,259.99,0.68,1.34,True
928,8.0,130.06,0.0,2.24,141.26,97.37,1.52,1.76,True
929,8.0,142.55,0.0,2.27,138.98,106.8,1.47,1.73,True
930,8.0,102.89,0.0,2.19,146.2,76.87,1.62,1.81,True
931,8.0,105.43,0.0,2.19,145.73,78.78,1.61,1.81,True
932,8.0,415.21,0.0,2.79,89.39,312.54,0.41,1.21,True
933,8.0,358.27,0.0,2.68,99.75,269.58,0.63,1.32,True
934,8.0,489.69,0.0,2.94,75.85,368.75,0.12,1.06,True
935,8.0,10.62,0.0,2.01,162.98,7.24,1.98,1.99,True
936,8.0,442.31,0.0,2.85,84.46,332.99,0.31,1.15,True
937,8.0,201.5,0.0,2.38,128.26,151.28,1.24,1.62,True
938,8.0,26.43,0.0,2.04,160.1,19.17,1.92,1.96,True
939,8.0,244.7,0.0,2.46,120.4,183.87,1.07,1.54,True
940,8.0,465.41,0.0,2.89,80.26,350.42,0.22,1.11,True
941,8.0,373.97,0.0,2.71,96.89,281.42,0.57,1.29,True
942,8.0,392.31,0.0,2.75,93.56,295.26,0.5,1.25,True
943,8.0,294.59,0.0,2.56,111.33,221.52,0.88,1.44,True
944,8.0,307.33,0.0,2.58,109.01,231.14,0.83,1.42,True
945,8.0,278.31,0.0,2.53,114.29,209.24,0.94,1.47,True
946,8.0,336.33,0.0,2.64,103.74,253.02,0.72,1.36,True
947,8.0,213.32,0.0,2.4,126.11,160.2,1.19,1.6,True
948,8.0,342.25,0.0,2.65,102.66,257.49,0.69,1.35,True
949,8.0,135.05,0.0,2.25,140.35,101.13,1.5,1.75,True
950,8.0,100.1,0.0,2.18,146.7,74.76,1.63,1.82,True
951,8.0,137.17,0.0,2.26,139.96,102.74,1.49,1.74,True
952,8.0,216.06,0.0,2.41,125.61,162.27,1.18,1.59,True
953,8.0,480.67,0.0,2.92,77.49,361.94,0.16,1.08,True
954,8.0,132.06,0.0,2.25,140.89,98.88,1.51,1.75,True
955,8.0,159.42,0.0,2.3,135.91,119.53,1.4,1.7,True
956,8.0,327.17,0.0,2.62,105.4,246.11,0.75,1.38,True
957,8.0,424.71,0.0,2.81,87.66,319.71,0.38,1.19,True
958,8.0,56.73,0.0,2.1,154.59,42.03,1.8,1.9,True
959,8.0,186.14,0.0,2.35,131.06,139.68,1.3,1.65,True
960,8.0,397.84,0.0,2.76,92.55,299.43,0.48,1.24,True
961,8.0,239.13,0.0,2.45,121.42,179.67,1.09,1.55,True
962,8.0,205.11,0.0,2.39,127.61,154.0,1.23,1.61,True
963,8.0,311.0,0.0,2.59,108.35,233.91,0.82,1.41,True
964,8.0,431.52,0.0,2.83,86.43,324.85,0.35,1.17,True
965,8.0,264.48,0.0,2.5,116.81,198.8,1.0,1.5,True
966,8.0,317.19,0.0,2.6,107.22,238.58,0.79,1.4,True
967,8.0,291.27,0.0,2.55,111.93,219.02,0.89,1.45,True
968,8.0,304.21,0.0,2.58,109.58,228.78,0.84,1.42,True
969,8.0,93.19,0.0,2.17,147.96,69.54,1.66,1.83,True
970,8.0,271.81,0.0,2.52,115.47,204.34,0.97,1.48,True
971,8.0,280.88,0.0,2.53,113.82,211.18,0.93,1.47,True
972,8.0,309.3,0.0,2.59,108.65,232.62,0.82,1.41,True
973,8.0,462.57,0.0,2.89,80.78,348.28,0.23,1.11,True
974,8.0,344.19,0.0,2.66,102.31,258.95,0.69,1.34,True
975,8.0,179.66,0.0,2.34,132.23,134.79,1.32,1.66,True
976,8.0,519.64,0.0,3.0,70.4,391.35,0.01,1.0,True
977,8.0,121.88,0.0,2.23,142.74,91.2,1.55,1.77,True
978,8.0,129.31,0.0,2.24,141.39,96.8,1.52,1.76,True
979,8.0,69.12,0.0,2.12,152.34,51.39,1.75,1.88,True
980,8.0,336.46,0.0,2.64,103.71,253.12,0.72,1.36,True
981,8.0,47.44,0.0,2.08,156.28,35.03,1.84,1.92,True
982,8.0,432.82,0.0,2.83,86.19,325.83,0.34,1.17,True
983,8.0,497.97,0.0,2.95,74.34,374.99,0.09,1.05,True
984,8.0,110.25,0.0,2.2,144.86,82.42,1.59,1.8,True
985,8.0,449.29,0.0,2.86,83.19,338.26,0.28,1.14,True
986,8.0,189.47,0.0,2.36,130.45,142.2,1.29,1.64,True
987,8.0,187.01,0.0,2.35,130.9,140.34,1.3,1.65,True
988,8.0,224.28,0.0,2.42,124.12,168.46,1.15,1.58,True
989,8.0,29.03,0.0,2.05,159.63,21.14,1.91,1.95,True
990,8.0,452.37,0.0,2.87,82.63,340.59,0.27,1.13,True
991,8.0,312.28,0.0,2.59,108.11,234.88,0.81,1.41,True
992,8.0,108.63,0.0,2.2,145.15,81.2,1.6,1.8,True
993,8.0,50.83,0.0,2.09,155.66,37.59,1.82,1.91,True
994,8.0,181.19,0.0,2.34,131.96,135.95,1.32,1.66,True
995,8.0,199.72,0.0,2.38,128.58,149.94,1.25,1.62,True
996,8.0,339.86,0.0,2.65,103.1,255.68,0.7,1.35,True
997,8.0,153.3,0.0,2.29,137.03,114.9,1.43,1.71,True
998,8.0,128.03,0.0,2.24,141.62,95.84,1.52,1.76,True
999,8.0,439.34,0.0,2.84,85.0,330.75,0.32,1.16,True
1000,8.0,47.03,0.0,2.08,156.36,34.72,1.84,1.92,True
1001,8.0,194.67,0.0,2.37,129.5,146.12,1.27,1.63,True
1002,8.0,184.53,0.0,2.35,131.35,138.47,1.31,1.65,True
1003,8.0,314.21,0.0,2.6,107.76,236.33,0.8,1.4,True
1004,8.0,191.23,0.0,2.36,130.13,143.53,1.28,1.64,True
1005,8.0,502.06,0.0,2.96,73.6,378.08,0.08,1.04,True
1006,8.0,245.89,0.0,2.47,120.19,184.77,1.07,1.53,True
1007,8.0,387.95,0.0,2.74,94.35,291.97,0.52,1.26,True
1008,8.0,465.75,0.0,2.89,80.2,350.68,0.22,1.11,True
1009,8.0,60.41,0.0,2.11,153.92,44.81,1.79,1.89,True
1010,8.0,393.67,0.0,2.75,93.31,296.29,0.5,1.25,True
1011,8.0,405.34,0.0,2.77,91.19,305.1,0.45,1.23,True
1012,8.0,367.63,0.0,2.7,98.05,276.64,0.6,1.3,True
1013,8.0,444.66,0.0,2.85,84.04,334.77,0.3,1.15,True
1014,8.0,336.83,0.0,2.64,103.65,253.4,0.72,1.36,True
1015,8.0,25.61,0.0,2.04,160.25,18.55,1.92,1.96,True
1016,8.0,221.61,0.0,2.42,124.6,166.45,1.16,1.58,True
1017,8.0,321.45,0.0,2.61,106.45,241.79,0.78,1.39,True
1018,8.0,439.99,0.0,2.84,84.89,331.24,0.32,1.16,True
1019,8.0,165.68,0.0,2.31,134.78,124.25,1.38,1.69,True
1020,8.0,255.08,0.0,2.48,118.52,191.71,1.03,1.52,True
1021,8.0,164.66,0.0,2.31,134.96,123.48,1.38,1.69,True
1022,8.0,122.11,0.0,2.23,142.7,91.37,1.55,1.77,True
1023,8.0,324.24,0.0,2.62,105.94,243.89,0.76,1.38,True
1024,8.0,357.07,0.0,2.68,99.97,268.67,0.64,1.32,True
1025,8.0,483.76,0.0,2.93,76.92,364.27,0.15,1.07,True
1026,8.0,281.85,0.0,2.54,113.65,211.91,0.93,1.46,True
1027,8.0,260.05,0.0,2.49,117.61,195.46,1.01,1.51,True
1028,8.0,288.27,0.0,2.55,112.48,216.75,0.9,1.45,True
1029,8.0,386.77,0.0,2.74,94.56,291.08,0.52,1.26,True
1030,8.0,520.67,0.0,3.0,70.21,392.12,0.0,1.0,True
1031,8.0,236.03,0.0,2.45,121.98,177.33,1.11,1.55,True
1032,8.0,156.62,0.0,2.29,136.42,117.41,1.41,1.71,True
1033,8.0,454.68,0.0,2.87,82.21,342.33,0.26,1.13,True
1034,8.0,254.11,0.0,2.48,118.69,190.98,1.04,1.52,True
1035,8.0,98.19,0.0,2.18,147.05,73.32,1.64,1.82,True
1036,8.0,359.63,0.0,2.69,99.5,270.6,0.63,1.31,True
1037,8.0,266.89,0.0,2.51,116.37,200.62,0.99,1.49,True
1038,8.0,241.61,0.0,2.46,120.97,181.54,1.08,1.54,True
1039,8.0,5.33,0.0,2.0,163.94,3.25,2.0,2.0,True
1040,8.0,400.61,0.0,2.77,92.05,301.52,0.47,1.23,True
1041,8.0,303.01,0.0,2.58,109.8,227.88,0.85,1.42,True
1042,8.0,100.1,0.0,2.18,146.7,74.76,1.63,1.82,True
1043,8.0,500.51,0.0,2.96,73.88,376.91,0.08,1.04,True
1044,8.0,488.57,0.0,2.94,76.05,367.9,0.13,1.06,True
1045,8.0,29.47,0.0,2.05,159.55,21.46,1.91,1.95,True
1046,8.0,467.31,0.0,2.89,79.92,351.86,0.21,1.11,True
1047,8.0,302.05,0.0,2.57,109.97,227.15,0.85,1.43,True
1048,8.0,250.61,0.0,2.48,119.33,188.34,1.05,1.52,True
1049,8.0,424.16,0.0,2.81,87.77,319.29,0.38,1.19,True
1050,8.0,156.07,0.0,2.29,136.52,116.99,1.42,1.71,True
1051,8.0,224.79,0.0,2.43,124.03,168.85,1.15,1.57,True
1052,8.0,329.68,0.0,2.63,104.95,248.0,0.74,1.37,True
1053,8.0,72.56,0.0,2.13,151.71,53.98,1.74,1.87,True
1054,8.0,114.7,0.0,2.21,144.05,85.78,1.58,1.79,True
1055,8.0,194.43,0.0,2.37,129.55,145.94,1.27,1.63,True
1056,8.0,370.19,0.0,2.71,97.58,278.57,0.59,1.29,True
1057,8.0,36.0,0.0,2.06,158.36,26.39,1.88,1.94,True
1058,8.0,67.98,0.0,2.12,152.55,50.52,1.76,1.88,True
1059,8.0,123.41,0.0,2.23,142.46,92.35,1.54,1.77,True
1060,8.0,339.42,0.0,2.65,103.18,255.35,0.71,1.35,True
1061,8.0,392.52,0.0,2.75,93.52,295.42,0.5,1.25,True
1062,8.0,489.18,0.0,2.94,75.94,368.36,0.13,1.06,True
1063,8.0,136.28,0.0,2.25,140.12,102.07,1.49,1.75,True
1064,8.0,358.96,0.0,2.68,99.62,270.1,0.63,1.32,True
1065,8.0,60.76,0.0,2.11,153.86,45.07,1.78,1.89,True
1066,8.0,235.19,0.0,2.45,122.13,176.7,1.11,1.55,True
1067,8.0,275.07,0.0,2.52,114.88,206.79,0.95,1.48,True
1068,8.0,79.05,0.0,2.14,150.53,58.88,1.71,1.86,True
1069,8.0,472.4,0.0,2.9,78.99,355.7,0.19,1.1,True
1070,8.0,470.49,0.0,2.9,79.34,354.25,0.2,1.1,True
1071,8.0,481.7,0.0,2.92,77.3,362.72,0.16,1.08,True
1072,8.0,368.34,0.0,2.7,97.92,277.17,0.59,1.3,True
1073,8.0,361.19,0.0,2.69,99.22,271.78,0.62,1.31,True
1074,8.0,455.57,0.0,2.87,82.05,343.0,0.26,1.13,True
1075,8.0,422.22,0.0,2.81,88.12,317.83,0.39,1.19,True
1076,8.0,255.78,0.0,2.49,118.39,192.23,1.03,1.51,True
1077,8.0,210.51,0.0,2.4,126.62,158.07,1.2,1.6,True
1078,8.0,517.74,0.0,2.99,70.74,389.91,0.02,1.01,True
1079,8.0,210.82,0.0,2.4,126.57,158.31,1.2,1.6,True
1080,8.0,226.57,0.0,2.43,123.7,170.19,1.14,1.57,True
1081,8.0,68.21,0.0,2.12,152.5,50.7,1.76,1.88,True
1082,8.0,515.75,0.0,2.99,71.11,388.41,0.02,1.01,True
1083,8.0,229.1,0.0,2.43,123.24,172.11,1.13,1.57,True
1084,8.0,184.88,0.0,2.35,131.28,138.73,1.3,1.65,True
1085,8.0,125.68,0.0,2.23,142.05,94.07,1.53,1.77,True
1086,8.0,237.24,0.0,2.45,121.76,178.25,1.1,1.55,True
1087,8.0,272.28,0.0,2.52,115.39,204.69,0.97,1.48,True
1088,8.0,113.42,0.0,2.21,144.28,84.81,1.58,1.79,True
1089,8.0,101.97,0.0,2.19,146.36,76.17,1.62,1.81,True
1090,8.0,53.91,0.0,2.09,155.1,39.91,1.81,1.91,True
1091,8.0,276.76,0.0,2.53,114.57,208.07,0.95,1.47,True
1092,8.0,81.95,0.0,2.15,150.0,61.07,1.7,1.85,True
1093,8.0,108.3,0.0,2.2,145.21,80.95,1.6,1.8,True
1094,8.0,259.05,0.0,2.49,117.79,194.7,1.02,1.51,True
1095,8.0,36.96,0.0,2.06,158.19,27.12,1.88,1.94,True
1096,8.0,13.09,0.0,2.02,162.53,9.11,1.97,1.98,True
1097,8.0,297.35,0.0,2.57,110.83,223.61,0.87,1.43,True
1098,8.0,118.42,0.0,2.22,143.37,88.59,1.56,1.78,True
1099,8.0,127.13,0.0,2.24,141.79,95.16,1.53,1.76,True
1100,8.0,279.6,0.0,2.53,114.06,210.21,0.94,1.47,True
1101,8.0,64.78,0.0,2.12,153.13,48.11,1.77,1.88,True
1102,8.0,226.36,0.0,2.43,123.74,170.04,1.14,1.57,True
1103,8.0,424.11,0.0,2.81,87.77,319.26,0.38,1.19,True
1104,8.0,207.97,0.0,2.39,127.08,156.16,1.21,1.61,True
1105,8.0,487.31,0.0,2.93,76.28,366.95,0.13,1.07,True
1106,8.0,515.58,0.0,2.99,71.14,388.28,0.02,1.01,True
1107,8.0,216.59,0.0,2.41,125.52,162.66,1.18,1.59,True
1108,8.0,510.98,0.0,2.98,71.97,384.81,0.04,1.02,True
1109,8.0,58.08,0.0,2.1,154.35,43.05,1.79,1.9,True
1110,8.0,55.49,0.0,2.1,154.82,41.1,1.8,1.9,True
1111,8.0,274.61,0.0,2.52,114.96,206.45,0.96,1.48,True
1112,8.0,68.08,0.0,2.12,152.53,50.6,1.76,1.88,True
1113,8.0,449.74,0.0,2.86,83.11,338.6,0.28,1.14,True
1114,8.0,221.8,0.0,2.42,124.57,166.6,1.16,1.58,True
1115,8.0,388.65,0.0,2.74,94.22,292.5,0.52,1.26,True
1116,8.0,397.36,0.0,2.76,92.64,299.07,0.48,1.24,True
1117,8.0,131.45,0.0,2.24,141.0,98.42,1.51,1.76,True
1118,8.0,52.86,0.0,2.09,155.29,39.12,1.81,1.91,True
1119,8.0,7.76,0.0,2.01,163.5,5.08,1.99,1.99,True
1120,8.0,480.69,0.0,2.92,77.48,361.95,0.16,1.08,True
1121,8.0,206.24,0.0,2.39,127.4,154.85,1.22,1.61,True
1122,8.0,412.06,0.0,2.79,89.97,310.16,0.42,1.21,True
1123,8.0,466.17,0.0,2.89,80.12,351.0,0.22,1.11,True
1124,8.0,449.54,0.0,2.86,83.15,338.45,0.28,1.14,True
1125,8.0,359.97,0.0,2.69,99.44,270.86,0.63,1.31,True
1126,8.0,65.54,0.0,2.12,152.99,48.69,1.77,1.88,True
1127,8.0,9.13,0.0,2.01,163.25,6.12,1.98,1.99,True
1128,8.0,294.6,0.0,2.56,111.33,221.53,0.88,1.44,True
1129,8.0,88.28,0.0,2.16,148.85,65.84,1.68,1.84,True
1130,8.0,15.19,0.0,2.02,162.15,10.69,1.96,1.98,True
1131,8.0,298.4,0.0,2.57,110.64,224.4,0.86,1.43,True
1132,8.0,305.65,0.0,2.58,109.32,229.87,0.84,1.42,True
1133,8.0,17.84,0.0,2.02,161.67,12.69,1.95,1.98,True
1134,8.0,134.0,0.0,2.25,140.54,100.34,1.5,1.75,True
1135,8.0,13.68,0.0,2.02,162.42,9.55,1.97,1.98,True
1136,8.0,183.99,0.0,2.35,131.45,138.07,1.31,1.65,True
1137,8.0,95.76,0.0,2.18,147.49,71.49,1.65,1.82,True
1138,8.0,215.49,0.0,2.41,125.72,161.84,1.19,1.59,True
1139,8.0,230.96,0.0,2.44,122.9,173.51,1.13,1.56,True
1140,8.0,248.15,0.0,2.47,119.78,186.48,1.06,1.53,True
1141,8.0,149.46,0.0,2.28,137.73,112.01,1.44,1.72,True
1142,8.0,203.6,0.0,2.38,127.88,152.86,1.23,1.62,True
1143,8.0,101.2,0.0,2.19,146.5,75.59,1.63,1.81,True
1144,8.0,170.54,0.0,2.32,133.89,127.92,1.36,1.68,True
1145,8.0,463.82,0.0,2.89,80.55,349.22,0.22,1.11,True
1146,8.0,182.31,0.0,2.34,131.75,136.8,1.31,1.66,True
1147,8.0,466.84,0.0,2.89,80.0,351.5,0.21,1.11,True
1148,8.0,299.61,0.0,2.57,110.42,225.31,0.86,1.43,True
1149,8.0,20.23,0.0,2.03,161.23,14.49,1.94,1.97,True
1150,8.0,400.44,0.0,2.77,92.08,301.4,0.47,1.23,True
1151,8.0,178.65,0.0,2.34,132.42,134.03,1.33,1.66,True
1152,8.0,462.31,0.0,2.88,80.83,348.08,0.23,1.12,True
1153,8.0,160.61,0.0,2.3,135.7,120.42,1.4,1.7,True
1154,8.0,244.62,0.0,2.46,120.42,183.82,1.07,1.54,True
1155,8.0,492.54,0.0,2.94,75.33,370.9,0.11,1.06,True
1156,8.0,501.81,0.0,2.96,73.64,377.89,0.08,1.04,True
1157,8.0,465.3,0.0,2.89,80.28,350.34,0.22,1.11,True
1158,8.0,368.89,0.0,2.7,97.82,277.59,0.59,1.3,True
1159,8.0,273.82,0.0,2.52,115.11,205.85,0.96,1.48,True
1160,8.0,104.15,0.0,2.19,145.97,77.82,1.62,1.81,True
1161,8.0,388.83,0.0,2.74,94.19,292.63,0.51,1.26,True
1162,8.0,513.44,0.0,2.98,71.53,386.67,0.03,1.02,True
1163,8.0,196.58,0.0,2.37,129.16,147.57,1.26,1.63,True
1164,8.0,380.64,0.0,2.73,95.68,286.45,0.55,1.27,True
1165,8.0,117.92,0.0,2.22,143.46,88.21,1.56,1.78,True
1166,8.0,240.89,0.0,2.46,121.1,181.0,1.09,1.54,True
1167,8.0,173.05,0.0,2.33,133.44,129.81,1.35,1.67,True
1168,8.0,342.31,0.0,2.65,102.65,257.53,0.69,1.35,True
1169,8.0,133.96,0.0,2.25,140.54,100.31,1.5,1.75,True
1170,8.0,104.53,0.0,2.19,145.9,78.11,1.61,1.81,True
1171,8.0,288.21,0.0,2.55,112.49,216.71,0.9,1.45,True
1172,8.0,177.37,0.0,2.33,132.65,133.07,1.33,1.67,True
1173,8.0,173.13,0.0,2.33,133.42,129.87,1.35,1.67,True
1174,8.0,180.6,0.0,2.34,132.06,135.51,1.32,1.66,True
1175,8.0,284.57,0.0,2.54,113.15,213.96,0.92,1.46,True
1176,8.0,386.87,0.0,2.74,94.55,291.16,0.52,1.26,True
1177,8.0,218.24,0.0,2.41,125.22,163.91,1.17,1.59,True
1178,8.0,218.11,0.0,2.41,125.24,163.81,1.18,1.59,True
1179,8.0,67.98,0.0,2.12,152.55,50.52,1.76,1.88,True
1180,8.0,211.25,0.0,2.4,126.49,158.63,1.2,1.6,True
1181,8.0,510.9,0.0,2.98,71.99,384.75,0.04,1.02,True
1182,8.0,257.68,0.0,2.49,118.04,193.67,1.02,1.51,True
1183,8.0,463.52,0.0,2.89,80.61,349.0,0.23,1.11,True
1184,8.0,37.07,0.0,2.06,158.17,27.2,1.88,1.94,True
1185,8.0,520.87,0.0,3.0,70.18,392.27,0.0,1.0,True
1186,8.0,451.24,0.0,2.86,82.84,339.73,0.27,1.14,True
1187,8.0,295.28,0.0,2.56,111.21,222.04,0.88,1.44,True
1188,8.0,219.55,0.0,2.42,124.98,164.89,1.17,1.58,True
1189,8.0,191.87,0.0,2.36,130.01,144.01,1.28,1.64,True
1190,8.0,477.5,0.0,2.91,78.06,359.55,0.17,1.09,True
1191,8.0,63.97,0.0,2.11,153.28,47.5,1.77,1.89,True
1192,8.0,332.13,0.0,2.63,104.5,249.85,0.73,1.37,True
1193,8.0,298.88,0.0,2.57,110.55,224.76,0.86,1.43,True
1194,8.0,263.06,0.0,2.5,117.06,197.73,1.0,1.5,True
1195,8.0,399.0,0.0,2.76,92.34,300.31,0.48,1.24,True
1196,8.0,359.58,0.0,2.69,99.51,270.57,0.63,1.31,True
1197,8.0,339.66,0.0,2.65,103.13,255.53,0.7,1.35,True
1198,8.0,132.44,0.0,2.25,140.82,99.16,1.51,1.75,True
1199,8.0,222.04,0.0,2.42,124.53,166.78,1.16,1.58,True
1200,8.0,183.6,0.0,2.35,131.52,137.77,1.31,1.65,True
1201,8.0,109.19,0.0,2.2,145.05,81.62,1.6,1.8,True
1202,8.0,222.83,0.0,2.42,124.38,167.37,1.16,1.58,True
1203,8.0,108.76,0.0,2.2,145.13,81.29,1.6,1.8,True
1204,8.0,213.72,0.0,2.4,126.04,160.5,1.19,1.6,True
1205,8.0,493.8,0.0,2.95,75.1,371.85,0.11,1.05,True
1206,8.0,354.1,0.0,2.68,100.51,266.43,0.65,1.32,True
1207,8.0,106.89,0.0,2.2,145.47,79.89,1.61,1.8,True
1208,8.0,219.22,0.0,2.41,125.04,164.65,1.17,1.59,True
1209,8.0,479.46,0.0,2.92,77.71,361.02,0.16,1.08,True
1210,8.0,294.34,0.0,2.56,111.38,221.34,0.88,1.44,True
1211,8.0,387.49,0.0,2.74,94.43,291.62,0.52,1.26,True
1212,8.0,321.78,0.0,2.61,106.39,242.04,0.77,1.39,True
1213,8.0,511.44,0.0,2.98,71.89,385.15,0.04,1.02,True
1214,8.0,460.77,0.0,2.88,81.11,346.92,0.24,1.12,True
1215,-280.24,-42.85,-1.28,2.07,115.57,393.89,-113.94,-24.99,False
1216,-233.72,48.28,-1.07,2.22,108.22,393.75,-95.55,-20.79,False
1217,-255.45,5.71,-1.17,2.15,111.65,393.81,-104.14,-22.75,False
1218,-410.35,-297.75,-1.85,1.65,136.15,394.29,-165.37,-36.72,False
1219,-282.97,-48.2,-1.29,2.06,116.01,393.9,-115.02,-25.23,False
1220,-423.02,-322.58,-1.91,1.61,138.15,394.33,-170.38,-37.86,False
1221,-212.94,88.99,-0.98,2.28,104.93,393.68,-87.34,-18.92,False
1222,-400.06,-277.6,-1.81,1.68,134.52,394.26,-161.3,-35.79,False
1223,-239.9,36.17,-1.1,2.2,109.2,393.77,-97.99,-21.35,False
1224,-325.08,-130.71,-1.48,1.92,122.67,394.03,-131.66,-29.03,False
1225,-401.95,-281.3,-1.82,1.67,134.82,394.27,-162.05,-35.96,False
1226,-217.64,79.79,-1.0,2.27,105.68,393.7,-89.19,-19.34,False
1227,-405.97,-289.16,-1.83,1.66,135.45,394.28,-163.63,-36.32,False
1228,-301.21,-83.94,-1.37,2.0,118.89,393.95,-122.23,-26.88,False
1229,-314.58,-110.12,-1.43,1.96,121.0,394.0,-127.51,-28.08,False
1230,-303.3,-88.04,-1.38,1.99,119.22,393.96,-123.05,-27.06,False
1231,-332.67,-145.57,-1.51,1.9,123.86,394.05,-134.66,-29.71,False
1232,-244.29,27.57,-1.12,2.18,109.89,393.78,-99.73,-21.74,False
1233,-385.92,-249.9,-1.75,1.73,132.28,394.22,-155.71,-34.51,False
1234,-260.41,-4.01,-1.19,2.13,112.44,393.83,-106.1,-23.2,False
1235,-413.81,-304.53,-1.87,1.63,136.69,394.3,-166.73,-37.03,False
1236,-236.41,43.01,-1.08,2.21,108.65,393.75,-96.61,-21.03,False
1237,-284.86,-51.91,-1.3,2.05,116.31,393.9,-115.76,-25.4,False
1238,-278.45,-39.35,-1.27,2.07,115.29,393.88,-113.23,-24.82,False
1239,-385.48,-249.03,-1.74,1.73,132.21,394.21,-155.54,-34.47,False
1240,-404.04,-285.39,-1.83,1.67,135.15,394.27,-162.87,-36.15,False
1241,-313.04,-107.11,-1.42,1.96,120.76,393.99,-126.9,-27.94,False
1242,-326.82,-134.11,-1.48,1.92,122.94,394.03,-132.35,-29.18,False
1243,-342.16,-164.16,-1.55,1.87,125.37,394.08,-138.41,-30.57,False
1244,-231.6,52.43,-1.06,2.22,107.88,393.74,-94.71,-20.6,False
1245,-353.4,-186.19,-1.6,1.83,127.14,394.12,-142.86,-31.58,False
1246,-303.12,-87.67,-1.38,1.99,119.19,393.96,-122.98,-27.05,False
1247,-279.62,-41.65,-1.27,2.07,115.48,393.89,-113.69,-24.93,False
1248,-382.04,-242.3,-1.73,1.74,131.67,394.2,-154.18,-34.16,False
1249,-271.84,-26.39,-1.24,2.09,114.25,393.86,-110.61,-24.23,False
1250,-334.43,-149.02,-1.52,1.89,124.14,394.06,-135.36,-29.87,False
1251,-286.1,-54.33,-1.3,2.05,116.5,393.91,-116.25,-25.51,False
1252,-315.75,-112.42,-1.43,1.95,121.19,394.0,-127.97,-28.19,False
1253,-280.96,-44.26,-1.28,2.06,115.69,393.89,-114.22,-25.05,False
1254,-397.78,-273.13,-1.8,1.69,134.16,394.25,-160.4,-35.58,False
1255,-421.82,-320.22,-1.9,1.61,137.96,394.33,-169.9,-37.75,False
1256,-348.36,-176.3,-1.58,1.85,126.34,394.1,-140.86,-31.13,False
1257,-383.66,-245.47,-1.74,1.73,131.93,394.21,-154.82,-34.31,False
1258,-369.43,-217.57,-1.67,1.78,129.68,394.17,-149.19,-33.03,False
1259,-406.32,-289.85,-1.84,1.66,135.51,394.28,-163.77,-36.35,False
1260,-393.83,-265.38,-1.78,1.7,133.53,394.24,-158.84,-35.23,False
1261,-263.52,-10.09,-1.2,2.12,112.93,393.84,-107.33,-23.48,False
1262,-302.36,-86.18,-1.38,2.0,119.07,393.96,-122.68,-26.98,False
1263,-249.29,17.77,-1.14,2.17,110.68,393.79,-101.7,-22.2,False
1264,-247.14,21.99,-1.13,2.17,110.34,393.79,-100.85,-22.0,False
1265,-211.29,92.23,-0.97,2.29,104.67,393.68,-86.68,-18.77,False
1266,-368.52,-215.8,-1.67,1.78,129.53,394.16,-148.83,-32.94,False
1267,-417.0,-310.78,-1.88,1.62,137.2,394.31,-168.0,-37.31,False
1268,-364.26,-207.46,-1.65,1.8,128.86,394.15,-147.15,-32.56,False
1269,-225.17,65.03,-1.03,2.25,106.87,393.72,-92.17,-20.02,False
1270,-238.15,39.6,-1.09,2.2,108.92,393.76,-97.3,-21.19,False
1271,-228.88,57.76,-1.05,2.23,107.45,393.73,-93.64,-20.36,False
1272,-365.06,-209.01,-1.65,1.79,128.99,394.15,-147.46,-32.63,False
1273,-320.01,-120.77,-1.45,1.94,121.86,394.01,-129.66,-28.57,False
1274,-383.38,-244.91,-1.73,1.73,131.88,394.21,-154.71,-34.28,False
1275,-325.84,-132.2,-1.48,1.92,122.79,394.03,-131.96,-29.1,False
1276,-319.45,-119.68,-1.45,1.94,121.78,394.01,-129.44,-28.52,False
1277,-327.63,-135.7,-1.49,1.91,123.07,394.04,-132.67,-29.26,False
1278,-254.59,7.39,-1.16,2.15,111.52,393.81,-103.8,-22.67,False
1279,-213.27,88.34,-0.98,2.28,104.99,393.68,-87.47,-18.95,False
1280,-289.19,-60.4,-1.32,2.04,116.99,393.92,-117.48,-25.79,False
1281,-381.81,-241.85,-1.73,1.74,131.64,394.2,-154.09,-34.14,False
1282,-364.81,-208.53,-1.65,1.79,128.95,394.15,-147.36,-32.61,False
1283,-419.18,-315.05,-1.89,1.62,137.54,394.32,-168.86,-37.51,False
1284,-265.6,-14.18,-1.21,2.11,113.26,393.84,-108.15,-23.67,False
1285,-383.21,-244.58,-1.73,1.73,131.86,394.21,-154.64,-34.27,False
1286,-388.22,-254.39,-1.76,1.72,132.65,394.22,-156.62,-34.72,False
1287,-311.7,-104.48,-1.42,1.97,120.55,393.99,-126.37,-27.82,False
1288,-391.14,-260.12,-1.77,1.71,133.11,394.23,-157.77,-34.98,False
1289,-235.29,45.21,-1.08,2.21,108.47,393.75,-96.17,-20.93,False
1290,-285.93,-54.0,-1.3,2.05,116.47,393.91,-116.19,-25.5,False
1291,-333.88,-147.93,-1.51,1.89,124.06,394.06,-135.14,-29.82,False
1292,-349.46,-178.45,-1.58,1.84,126.52,394.1,-141.3,-31.23,False
1293,-312.1,-105.27,-1.42,1.96,120.61,393.99,-126.53,-27.86,False
1294,-395.68,-269.01,-1.79,1.69,133.83,394.25,-159.57,-35.39,False
1295,-389.58,-257.05,-1.76,1.71,132.86,394.23,-157.16,-34.84,False
1296,-284.22,-50.66,-1.29,2.05,116.2,393.9,-115.51,-25.34,False
1297,-415.53,-307.91,-1.88,1.63,136.97,394.31,-167.42,-37.18,False
1298,-423.09,-322.71,-1.91,1.6,138.16,394.33,-170.4,-37.86,False
1299,-213.8,87.3,-0.98,2.28,105.07,393.68,-87.68,-19.0,False
1300,-412.6,-302.15,-1.86,1.64,136.5,394.3,-166.26,-36.92,False
1301,-400.83,-279.1,-1.81,1.68,134.64,394.26,-161.6,-35.86,False
1302,-408.08,-293.31,-1.84,1.65,135.79,394.28,-164.47,-36.51,False
1303,-221.4,72.42,-1.02,2.26,106.27,393.71,-90.68,-19.68,False
1304,-309.96,-101.08,-1.41,1.97,120.27,393.98,-125.68,-27.66,False
1305,-209.54,95.65,-0.96,2.3,104.4,393.67,-85.99,-18.61,False
1306,-406.13,-289.49,-1.84,1.66,135.48,394.28,-163.7,-36.34,False
1307,-411.6,-300.19,-1.86,1.64,136.34,394.3,-165.86,-36.83,False
1308,-354.43,-188.19,-1.61,1.83,127.3,394.12,-143.26,-31.67,False
1309,-363.91,-206.76,-1.65,1.8,128.8,394.15,-147.01,-32.53,False
1310,-423.45,-323.41,-1.91,1.6,138.22,394.33,-170.55,-37.9,False
1311,-219.2,76.74,-1.01,2.26,105.92,393.7,-89.81,-19.48,False
1312,-298.04,-77.72,-1.36,2.01,118.39,393.94,-120.97,-26.59,False
1313,-241.17,33.69,-1.1,2.19,109.4,393.77,-98.49,-21.46,False
1314,-420.58,-317.8,-1.9,1.61,137.76,394.32,-169.41,-37.64,False
1315,-358.29,-195.76,-1.62,1.81,127.92,394.13,-144.79,-32.02,False
1316,-368.82,-216.38,-1.67,1.78,129.58,394.16,-148.95,-32.97,False
1317,-230.87,53.86,-1.06,2.23,107.77,393.74,-94.42,-20.54,False
1318,-268.36,-19.58,-1.22,2.11,113.7,393.85,-109.24,-23.91,False
1319,-383.5,-245.15,-1.73,1.73,131.9,394.21,-154.75,-34.29,False
1320,-296.34,-74.4,-1.35,2.02,118.12,393.94,-120.3,-26.44,False
1321,-374.65,-227.8,-1.7,1.76,130.5,394.18,-151.25,-33.5,False
1322,-398.33,-274.2,-1.8,1.69,134.25,394.25,-160.62,-35.63,False
1323,-356.58,-192.4,-1.62,1.82,127.64,394.13,-144.11,-31.87,False
1324,-315.28,-111.49,-1.43,1.95,121.11,394.0,-127.79,-28.14,False
1325,-304.67,-90.71,-1.39,1.99,119.44,393.97,-123.59,-27.19,False
1326,-391.99,-261.79,-1.77,1.71,133.24,394.24,-158.11,-35.06,False
1327,-369.62,-217.95,-1.67,1.78,129.71,394.17,-149.27,-33.04,False
1328,-275.36,-33.28,-1.26,2.08,114.8,393.87,-112.01,-24.55,False
1329,-276.75,-36.02,-1.26,2.08,115.02,393.88,-112.56,-24.67,False
1330,-286.55,-55.22,-1.31,2.05,116.57,393.91,-116.43,-25.55,False
1331,-378.1,-234.57,-1.71,1.75,131.05,394.19,-152.62,-33.81,False
1332,-238.32,39.27,-1.09,2.2,108.95,393.76,-97.37,-21.21,False
1333,-328.72,-137.82,-1.49,1.91,123.24,394.04,-133.1,-29.36,False
1334,-257.66,1.39,-1.18,2.14,112.0,393.82,-105.01,-22.95,False
1335,-354.12,-187.58,-1.6,1.83,127.26,394.12,-143.14,-31.65,False
1336,-407.25,-291.67,-1.84,1.66,135.66,394.28,-164.14,-36.44,False
1337,-399.0,-275.52,-1.8,1.68,134.35,394.26,-160.88,-35.69,False
1338,-264.58,-12.18,-1.21,2.12,113.1,393.84,-107.75,-23.57,False
1339,-368.28,-215.33,-1.67,1.78,129.49,394.16,-148.74,-32.92,False
1340,-257.25,2.19,-1.18,2.14,111.94,393.82,-104.85,-22.91,False
1341,-359.31,-197.76,-1.63,1.81,128.08,394.13,-145.19,-32.11,False
1342,-316.49,-113.86,-1.44,1.95,121.31,394.0,-128.26,-28.25,False
1343,-419.34,-315.35,-1.89,1.62,137.57,394.32,-168.92,-37.53,False
1344,-321.98,-124.63,-1.46,1.93,122.17,394.02,-130.44,-28.75,False
1345,-263.75,-10.54,-1.2,2.12,112.97,393.84,-107.42,-23.5,False
1346,-329.98,-140.29,-1.5,1.91,123.44,394.04,-133.6,-29.47,False
1347,-354.48,-188.3,-1.61,1.83,127.31,394.12,-143.28,-31.68,False
1348,-317.44,-115.73,-1.44,1.95,121.46,394.0,-128.64,-28.34,False
1349,-316.15,-113.21,-1.44,1.95,121.25,394.0,-128.13,-28.22,False
1350,-357.34,-193.89,-1.62,1.82,127.76,394.13,-144.41,-31.94,False
1351,-301.77,-85.04,-1.37,2.0,118.98,393.96,-122.45,-26.93,False
1352,-413.59,-304.09,-1.87,1.64,136.66,394.3,-166.65,-37.01,False
1353,-214.83,85.29,-0.99,2.28,105.23,393.69,-88.08,-19.09,False
1354,-372.44,-223.47,-1.69,1.77,130.15,394.17,-150.38,-33.3,False
1355,-410.3,-297.66,-1.85,1.65,136.14,394.29,-165.35,-36.71,False
1356,-221.88,71.47,-1.02,2.26,106.35,393.71,-90.87,-19.72,False
1357,-336.17,-152.42,-1.53,1.89,124.42,394.06,-136.04,-30.03,False
1358,-235.9,44.01,-1.08,2.21,108.56,393.75,-96.41,-20.99,False
1359,-391.13,-260.09,-1.77,1.71,133.11,394.23,-157.77,-34.98,False
1360,-313.2,-107.42,-1.42,1.96,120.79,393.99,-126.96,-27.96,False
1361,-320.37,-121.47,-1.46,1.94,121.92,394.01,-129.8,-28.6,False
1362,-336.99,-154.04,-1.53,1.88,124.55,394.07,-136.37,-30.1,False
1363,-352.17,-183.77,-1.6,1.83,126.95,394.11,-142.37,-31.47,False
1364,-269.09,-21.01,-1.23,2.1,113.81,393.86,-109.53,-23.98,False
1365,-334.34,-148.85,-1.52,1.89,124.13,394.06,-135.32,-29.86,False
1366,-275.59,-33.73,-1.26,2.08,114.84,393.88,-112.1,-24.57,False
1367,-349.06,-177.67,-1.58,1.84,126.46,394.1,-141.14,-31.19,False
1368,-223.3,68.7,-1.02,2.25,106.57,393.71,-91.43,-19.85,False
1369,-293.49,-68.81,-1.34,2.02,117.67,393.93,-119.17,-26.18,False
1370,-341.76,-163.38,-1.55,1.87,125.3,394.08,-138.26,-30.53,False
1371,-224.25,66.83,-1.03,2.25,106.72,393.72,-91.81,-19.94,False
1372,-324.18,-128.93,-1.47,1.92,122.52,394.03,-131.3,-28.95,False
1373,-413.61,-304.14,-1.87,1.64,136.66,394.3,-166.66,-37.01,False
1374,-296.41,-74.54,-1.35,2.01,118.13,393.94,-120.33,-26.44,False
1375,-289.38,-60.76,-1.32,2.04,117.02,393.92,-117.55,-25.81,False
1376,-310.71,-102.55,-1.41,1.97,120.39,393.98,-125.98,-27.73,False
1377,-333.43,-147.06,-1.51,1.9,123.99,394.05,-134.96,-29.78,False
1378,-327.77,-135.97,-1.49,1.91,123.09,394.04,-132.72,-29.27,False
1379,-283.44,-49.12,-1.29,2.06,116.08,393.9,-115.2,-25.27,False
1380,-358.73,-196.61,-1.63,1.81,127.98,394.13,-144.96,-32.06,False
1381,-248.11,20.09,-1.13,2.17,110.49,393.79,-101.24,-22.09,False
1382,-309.89,-100.95,-1.41,1.97,120.26,393.98,-125.66,-27.66,False
1383,-306.65,-94.59,-1.39,1.98,119.75,393.97,-124.38,-27.37,False
1384,-248.49,19.35,-1.14,2.17,110.55,393.79,-101.39,-22.12,False
1385,-387.96,-253.89,-1.75,1.72,132.61,394.22,-156.52,-34.7,False
1386,-326.83,-134.13,-1.48,1.92,122.94,394.03,-132.35,-29.19,False
1387,-248.81,18.72,-1.14,2.17,110.61,393.79,-101.51,-22.15,False
1388,-342.75,-165.31,-1.55,1.86,125.46,394.08,-138.64,-30.62,False
1389,-317.49,-115.82,-1.44,1.95,121.46,394.01,-128.66,-28.34,False
1390,-238.38,39.15,-1.09,2.2,108.96,393.76,-97.39,-21.21,False
1391,-396.05,-269.74,-1.79,1.69,133.89,394.25,-159.72,-35.43,False
1392,-412.52,-302.0,-1.86,1.64,136.49,394.3,-166.22,-36.91,False
1393,-403.51,-284.36,-1.82,1.67,135.07,394.27,-162.66,-36.1,False
1394,-216.07,82.86,-0.99,2.27,105.43,393.69,-88.57,-19.2,False
1395,-294.0,-69.81,-1.34,2.02,117.75,393.93,-119.38,-26.23,False
1396,-284.96,-52.1,-1.3,2.05,116.32,393.9,-115.8,-25.41,False
1397,-215.38,84.22,-0.99,2.28,105.32,393.69,-88.3,-19.14,False
1398,-353.46,-186.29,-1.6,1.83,127.15,394.12,-142.88,-31.59,False
1399,-306.18,-93.67,-1.39,1.98,119.68,393.97,-124.19,-27.32,False
1400,-385.34,-248.75,-1.74,1.73,132.19,394.21,-155.48,-34.46,False
1401,-302.31,-86.08,-1.38,2.0,119.06,393.96,-122.66,-26.97,False
1402,-412.83,-302.6,-1.86,1.64,136.54,394.3,-166.35,-36.94,False
1403,-258.39,-0.05,-1.18,2.14,112.12,393.82,-105.3,-23.02,False
1404,-394.34,-266.39,-1.78,1.7,133.62,394.24,-159.04,-35.27,False
1405,-409.14,-295.37,-1.85,1.65,135.96,394.29,-164.89,-36.61,False
1406,-407.48,-292.13,-1.84,1.66,135.69,394.28,-164.23,-36.46,False
1407,-251.01,14.4,-1.15,2.16,110.95,393.8,-102.38,-22.35,False
1408,-372.9,-224.39,-1.69,1.77,130.23,394.18,-150.56,-33.34,False
1409,-315.03,-111.0,-1.43,1.95,121.07,394.0,-127.69,-28.12,False
1410,-264.71,-12.44,-1.21,2.12,113.12,393.84,-107.8,-23.59,False
1411,-380.72,-239.7,-1.72,1.74,131.46,394.2,-153.66,-34.04,False
1412,-371.76,-222.15,-1.68,1.77,130.05,394.17,-150.11,-33.24,False
1413,-327.45,-135.34,-1.49,1.91,123.04,394.04,-132.6,-29.24,False
1414,-222.13,70.98,-1.02,2.26,106.39,393.71,-90.97,-19.75,False
1415,-335.29,-150.7,-1.52,1.89,124.28,394.06,-135.7,-29.95,False
1416,-369.87,-218.45,-1.67,1.78,129.75,394.17,-149.37,-33.07,False
1417,-358.36,-195.9,-1.62,1.81,127.93,394.13,-144.82,-32.03,False
1418,-255.28,6.04,-1.17,2.15,111.63,393.81,-104.07,-22.74,False
1419,-290.29,-62.54,-1.32,2.03,117.16,393.92,-117.91,-25.89,False
1420,-314.23,-109.44,-1.43,1.96,120.95,393.99,-127.37,-28.05,False
1421,-334.31,-148.78,-1.52,1.89,124.12,394.06,-135.31,-29.86,False
1422,-384.12,-246.37,-1.74,1.73,132.0,394.21,-155.0,-34.35,False
1423,-384.9,-247.88,-1.74,1.73,132.12,394.21,-155.31,-34.42,False
1424,-280.03,-42.45,-1.28,2.07,115.54,393.89,-113.86,-24.97,False
1425,-371.27,-221.18,-1.68,1.77,129.97,394.17,-149.92,-33.19,False
1426,-251.15,14.14,-1.15,2.16,110.97,393.8,-102.44,-22.36,False
1427,-244.07,28.0,-1.12,2.18,109.86,393.78,-99.64,-21.73,False
1428,-301.4,-84.3,-1.37,2.0,118.92,393.96,-122.3,-26.89,False
1429,-313.05,-107.13,-1.42,1.96,120.76,393.99,-126.91,-27.94,False
1430,-246.01,24.21,-1.13,2.18,110.16,393.78,-100.41,-21.9,False
1431,-268.39,-19.63,-1.22,2.11,113.7,393.85,-109.25,-23.92,False
1432,-410.72,-298.48,-1.86,1.64,136.21,394.29,-165.51,-36.75,False
1433,-414.36,-305.62,-1.87,1.63,136.78,394.3,-166.95,-37.08,False
1434,-229.03,57.47,-1.05,2.23,107.48,393.73,-93.69,-20.37,False
1435,-290.29,-62.55,-1.32,2.03,117.16,393.92,-117.91,-25.89,False
1436,-223.11,69.07,-1.02,2.25,106.54,393.71,-91.35,-19.84,False
1437,-380.31,-238.89,-1.72,1.74,131.4,394.2,-153.49,-34.01,False
1438,-362.74,-204.48,-1.64,1.8,128.62,394.14,-146.55,-32.42,False
1439,-258.7,-0.66,-1.18,2.14,112.17,393.82,-105.42,-23.04,False
1440,-221.77,71.69,-1.02,2.26,106.33,393.71,-90.83,-19.71,False
1441,-322.12,-124.91,-1.46,1.93,122.2,394.02,-130.49,-28.76,False
1442,-362.86,-204.72,-1.64,1.8,128.64,394.15,-146.6,-32.43,False
1443,-392.92,-263.6,-1.78,1.7,133.39,394.24,-158.48,-35.14,False
1444,-371.18,-221.02,-1.68,1.77,129.95,394.17,-149.89,-33.18,False
1445,-241.56,32.93,-1.11,2.19,109.46,393.77,-98.65,-21.5,False
1446,-394.75,-267.19,-1.78,1.7,133.68,394.24,-159.2,-35.31,False
1447,-389.04,-256.0,-1.76,1.72,132.78,394.23,-156.94,-34.79,False
1448,-307.98,-97.19,-1.4,1.98,119.96,393.98,-124.9,-27.49,False
1449,-409.98,-297.02,-1.85,1.65,136.09,394.29,-165.22,-36.68,False
1450,-310.74,-102.6,-1.41,1.97,120.4,393.98,-125.99,-27.74,False
1451,-347.57,-174.75,-1.58,1.85,126.22,394.1,-140.55,-31.06,False
1452,-399.65,-276.8,-1.81,1.68,134.46,394.26,-161.14,-35.75,False
1453,-231.35,52.93,-1.06,2.23,107.84,393.74,-94.61,-20.58,False
1454,-337.01,-154.07,-1.53,1.88,124.55,394.07,-136.38,-30.1,False
1455,-352.42,-184.26,-1.6,1.83,126.99,394.11,-142.47,-31.49,False
1456,-335.95,-151.99,-1.52,1.89,124.38,394.06,-135.96,-30.01,False
1457,-354.57,-188.47,-1.61,1.83,127.33,394.12,-143.32,-31.69,False
1458,-253.18,10.17,-1.16,2.15,111.3,393.81,-103.24,-22.55,False
1459,-399.4,-276.31,-1.81,1.68,134.42,394.26,-161.04,-35.73,False
1460,-237.88,40.14,-1.09,2.2,108.88,393.76,-97.19,-21.17,False
1461,-245.02,26.14,-1.12,2.18,110.01,393.78,-100.02,-21.81,False
1462,-382.2,-242.6,-1.73,1.74,131.7,394.2,-154.24,-34.18,False
1463,-290.87,-63.68,-1.32,2.03,117.26,393.92,-118.14,-25.94,False
1464,-387.19,-252.38,-1.75,1.72,132.49,394.22,-156.21,-34.63,False
1465,-315.58,-112.09,-1.43,1.95,121.16,394.0,-127.91,-28.17,False
1466,-334.47,-149.1,-1.52,1.89,124.15,394.06,-135.37,-29.87,False
1467,-264.65,-12.31,-1.21,2.12,113.11,393.84,-107.77,-23.58,False
1468,-220.61,73.98,-1.01,2.26,106.15,393.71,-90.36,-19.61,False
1469,-271.75,-26.22,-1.24,2.09,114.23,393.86,-110.58,-24.22,False
1470,-413.62,-304.15,-1.87,1.64,136.66,394.3,-166.66,-37.01,False
1471,-280.31,-42.98,-1.28,2.07,115.59,393.89,-113.96,-24.99,False
1472,-247.94,20.42,-1.13,2.17,110.47,393.79,-101.17,-22.07,False
1473,-361.43,-201.9,-1.64,1.8,128.41,394.14,-146.03,-32.3,False
1474,-256.92,2.83,-1.17,2.14,111.89,393.82,-104.72,-22.88,False
1475,-228.86,57.81,-1.05,2.23,107.45,393.73,-93.63,-20.35,False
1476,-335.9,-151.89,-1.52,1.89,124.37,394.06,-135.94,-30.0,False
1477,-230.47,54.66,-1.06,2.23,107.7,393.74,-94.26,-20.5,False
1478,-336.69,-153.44,-1.53,1.88,124.5,394.06,-136.25,-30.07,False
1479,-270.06,-22.91,-1.23,2.1,113.96,393.86,-109.91,-24.07,False
1480,-320.01,-120.76,-1.45,1.94,121.86,394.01,-129.66,-28.57,False
1481,-326.52,-133.52,-1.48,1.92,122.89,394.03,-132.23,-29.16,False
1482,-386.78,-251.56,-1.75,1.72,132.42,394.22,-156.05,-34.59,False
1483,-290.52,-63.0,-1.32,2.03,117.2,393.92,-118.0,-25.91,False
1484,-259.26,-1.75,-1.18,2.14,112.26,393.83,-105.64,-23.09,False
1485,-344.8,-169.33,-1.56,1.86,125.78,394.09,-139.46,-30.81,False
1486,-251.54,13.38,-1.15,2.16,111.04,393.8,-102.59,-22.4,False
1487,-336.49,-153.05,-1.53,1.89,124.47,394.06,-136.17,-30.06,False
1488,-300.11,-81.79,-1.37,2.0,118.72,393.95,-121.79,-26.78,False
1489,-298.43,-78.49,-1.36,2.01,118.45,393.95,-121.13,-26.63,False
1490,-221.41,72.41,-1.02,2.26,106.27,393.71,-90.68,-19.68,False
1491,-219.64,75.88,-1.01,2.26,105.99,393.7,-89.98,-19.52,False
1492,-261.0,-5.16,-1.19,2.13,112.53,393.83,-106.33,-23.25,False
1493,-234.5,46.75,-1.07,2.22,108.34,393.75,-95.86,-20.86,False
1494,-372.73,-224.06,-1.69,1.77,130.2,394.18,-150.5,-33.32,False
1495,-299.64,-80.85,-1.36,2.0,118.64,393.95,-121.6,-26.73,False
1496,-316.77,-114.42,-1.44,1.95,121.35,394.0,-128.38,-28.28,False
1497,-269.61,-22.03,-1.23,2.1,113.89,393.86,-109.73,-24.03,False
1498,-270.79,-24.34,-1.24,2.1,114.08,393.86,-110.2,-24.13,False
1499,-221.56,72.1,-1.02,2.26,106.3,393.71,-90.74,-19.7,False
1500,-347.92,-175.44,-1.58,1.85,126.28,394.1,-140.69,-31.09,False
1501,-282.44,-47.16,-1.29,2.06,115.92,393.9,-114.81,-25.18,False
1502,-245.19,25.8,-1.12,2.18,110.03,393.78,-100.08,-21.83,False
1503,-210.79,93.21,-0.97,2.29,104.59,393.68,-86.48,-18.72,False
1504,-347.26,-174.15,-1.57,1.85,126.17,394.1,-140.43,-31.03,False
1505,-252.26,11.96,-1.15,2.16,111.15,393.8,-102.88,-22.46,False
1506,-331.85,-143.97,-1.51,1.9,123.74,394.05,-134.34,-29.64,False
1507,-390.93,-259.71,-1.77,1.71,133.08,394.23,-157.69,-34.96,False
1508,-358.22,-195.63,-1.62,1.81,127.9,394.13,-144.76,-32.02,False
1509,-388.74,-255.42,-1.76,1.72,132.73,394.23,-156.83,-34.77,False
1510,-339.44,-158.84,-1.54,1.88,124.94,394.07,-137.34,-30.32,False
1511,-418.22,-313.18,-1.89,1.62,137.39,394.32,-168.48,-37.43,False
1512,-423.7,-323.91,-1.91,1.6,138.26,394.33,-170.65,-37.92,False
1513,-348.61,-176.79,-1.58,1.85,126.38,394.1,-140.96,-31.15,False
1514,-269.66,-22.13,-1.23,2.1,113.9,393.86,-109.75,-24.03,False
1515,-271.22,-25.19,-1.24,2.1,114.15,393.86,-110.37,-24.17,False
1516,-375.76,-229.98,-1.7,1.76,130.68,394.18,-151.69,-33.6,False
1517,-235.44,44.92,-1.08,2.21,108.49,393.75,-96.23,-20.95,False
1518,-274.08,-30.79,-1.25,2.09,114.6,393.87,-111.5,-24.43,False
1519,-274.43,-31.47,-1.25,2.09,114.66,393.87,-111.64,-24.46,False
1520,-288.18,-58.42,-1.31,2.04,116.83,393.91,-117.08,-25.7,False
1521,-231.37,52.9,-1.06,2.23,107.85,393.74,-94.62,-20.58,False
1522,-275.73,-34.01,-1.26,2.08,114.86,393.88,-112.15,-24.58,False
1523,-231.89,51.87,-1.06,2.22,107.93,393.74,-94.82,-20.63,False
1524,-256.7,3.27,-1.17,2.14,111.85,393.82,-104.63,-22.86,False
1525,-414.01,-304.92,-1.87,1.63,136.73,394.3,-166.81,-37.05,False
1526,-288.57,-59.17,-1.31,2.04,116.89,393.92,-117.23,-25.74,False
1527,-363.84,-206.63,-1.65,1.8,128.79,394.15,-146.98,-32.52,False
1528,-208.88,96.95,-0.96,2.3,104.29,393.67,-85.73,-18.55,False
1529,-311.72,-104.52,-1.42,1.97,120.55,393.99,-126.38,-27.82,False
1530,-237.36,41.15,-1.09,2.21,108.79,393.76,-96.99,-21.12,False
1531,-289.52,-61.03,-1.32,2.04,117.04,393.92,-117.6,-25.82,False
1532,-298.71,-79.04,-1.36,2.01,118.49,393.95,-121.24,-26.65,False
1533,-238.55,38.82,-1.09,2.2,108.98,393.76,-97.46,-21.23,False
1534,-314.82,-110.61,-1.43,1.96,121.04,394.0,-127.61,-28.1,False
1535,-333.31,-146.82,-1.51,1.9,123.97,394.05,-134.91,-29.77,False
1536,-258.96,-1.16,-1.18,2.14,112.21,393.82,-105.52,-23.07,False
1537,-301.76,-85.0,-1.37,2.0,118.98,393.96,-122.44,-26.93,False
1538,-388.0,-253.96,-1.75,1.72,132.61,394.22,-156.53,-34.7,False
1539,-384.13,-246.38,-1.74,1.73,132.0,394.21,-155.0,-34.35,False
1540,-371.61,-221.85,-1.68,1.77,130.02,394.17,-150.05,-33.22,False
1541,-289.02,-60.06,-1.32,2.04,116.96,393.92,-117.41,-25.78,False
1542,-362.97,-204.93,-1.64,1.8,128.66,394.15,-146.64,-32.44,False
1543,-241.71,32.64,-1.11,2.19,109.48,393.77,-98.7,-21.51,False
1544,-271.57,-25.86,-1.24,2.1,114.2,393.86,-110.51,-24.2,False
1545,-246.6,23.04,-1.13,2.18,110.26,393.79,-100.64,-21.95,False
1546,-266.12,-15.19,-1.21,2.11,113.34,393.85,-108.35,-23.71,False
1547,-228.38,58.75,-1.05,2.24,107.37,393.73,-93.44,-20.31,False
1548,-271.11,-24.97,-1.24,2.1,114.13,393.86,-110.33,-24.16,False
1549,-248.72,18.89,-1.14,2.17,110.59,393.79,-101.48,-22.14,False
1550,-285.08,-52.34,-1.3,2.05,116.34,393.9,-115.85,-25.42,False
1551,-233.01,49.68,-1.07,2.22,108.11,393.74,-95.27,-20.73,False
1552,-224.2,66.94,-1.03,2.25,106.71,393.72,-91.78,-19.93,False
1553,-342.05,-163.94,-1.55,1.87,125.35,394.08,-138.37,-30.56,False
1554,-416.22,-309.26,-1.88,1.63,137.08,394.31,-167.69,-37.24,False
1555,-363.9,-206.75,-1.65,1.8,128.8,394.15,-147.01,-32.53,False
1556,-266.31,-15.57,-1.22,2.11,113.37,393.85,-108.43,-23.73,False
1557,-370.65,-219.97,-1.68,1.77,129.87,394.17,-149.67,-33.14,False
1558,-341.74,-163.34,-1.55,1.87,125.3,394.08,-138.25,-30.53,False
1559,-268.67,-20.18,-1.23,2.1,113.75,393.85,-109.36,-23.94,False
1560,-329.12,-138.62,-1.49,1.91,123.3,394.04,-133.26,-29.39,False
1561,-340.81,-161.51,-1.55,1.87,125.15,394.08,-137.88,-30.45,False
1562,-274.38,-31.38,-1.25,2.09,114.65,393.87,-111.62,-24.46,False
1563,-264.2,-11.43,-1.21,2.12,113.04,393.84,-107.6,-23.54,False
1564,-352.19,-183.8,-1.6,1.83,126.95,394.11,-142.38,-31.47,False
1565,-388.55,-255.04,-1.76,1.72,132.7,394.22,-156.75,-34.75,False
1566,-407.73,-292.61,-1.84,1.65,135.73,394.28,-164.33,-36.48,False
1567,-394.36,-266.42,-1.78,1.7,133.62,394.24,-159.05,-35.27,False
1568,-286.03,-54.19,-1.3,2.05,116.49,393.91,-116.22,-25.51,False
1569,-380.95,-240.15,-1.72,1.74,131.5,394.2,-153.75,-34.06,False
1570,-311.3,-103.7,-1.41,1.97,120.49,393.99,-126.21,-27.79,False
1571,-401.36,-280.15,-1.81,1.68,134.73,394.26,-161.82,-35.91,False
1572,-402.79,-282.93,-1.82,1.67,134.95,394.27,-162.38,-36.03,False
1573,-239.7,36.57,-1.1,2.2,109.16,393.76,-97.91,-21.33,False
1574,-209.8,95.14,-0.97,2.3,104.44,393.67,-86.09,-18.64,False
1575,-305.3,-91.95,-1.39,1.99,119.54,393.97,-123.84,-27.25,False
1576,-414.95,-306.77,-1.87,1.63,136.87,394.31,-167.19,-37.13,False
1577,-356.24,-191.74,-1.61,1.82,127.59,394.12,-143.98,-31.84,False
1578,-328.68,-137.76,-1.49,1.91,123.23,394.04,-133.09,-29.35,False
1579,-421.31,-319.23,-1.9,1.61,137.88,394.33,-169.7,-37.7,False
1580,-235.39,45.02,-1.08,2.21,108.48,393.75,-96.21,-20.94,False
1581,-312.48,-106.01,-1.42,1.96,120.67,393.99,-126.68,-27.89,False
1582,-238.77,38.39,-1.09,2.2,109.02,393.76,-97.54,-21.25,False
1583,-227.86,59.77,-1.05,2.24,107.29,393.73,-93.23,-20.26,False
1584,-375.68,-229.84,-1.7,1.76,130.67,394.18,-151.66,-33.59,False
1585,-291.42,-64.76,-1.33,2.03,117.34,393.92,-118.36,-25.99,False
1586,-245.89,24.45,-1.13,2.18,110.14,393.78,-100.36,-21.89,False
1587,-333.26,-146.73,-1.51,1.9,123.96,394.05,-134.9,-29.77,False
1588,-363.02,-205.03,-1.64,1.8,128.66,394.15,-146.66,-32.45,False
1589,-403.68,-284.68,-1.82,1.67,135.09,394.27,-162.73,-36.11,False
1590,-405.98,-289.19,-1.83,1.66,135.46,394.28,-163.64,-36.32,False
1591,-274.4,-31.4,-1.25,2.09,114.65,393.87,-111.63,-24.46,False
1592,-421.61,-319.81,-1.9,1.61,137.93,394.33,-169.82,-37.73,False
1593,-245.99,24.24,-1.13,2.18,110.16,393.78,-100.4,-21.9,False
1594,-398.84,-275.2,-1.8,1.68,134.33,394.26,-160.82,-35.68,False
1595,-283.9,-50.02,-1.29,2.06,116.15,393.9,-115.38,-25.32,False
1596,-276.06,-34.66,-1.26,2.08,114.91,393.88,-112.28,-24.61,False
1597,-218.29,78.51,-1.0,2.27,105.78,393.7,-89.45,-19.4,False
1598,-340.01,-159.95,-1.54,1.87,125.03,394.07,-137.56,-30.37,False
1599,-337.92,-155.86,-1.53,1.88,124.7,394.07,-136.74,-30.19,False
1600,-220.91,73.37,-1.01,2.26,106.19,393.71,-90.49,-19.64,False
1601,-246.44,23.37,-1.13,2.18,110.23,393.79,-100.58,-21.94,False
1602,-229.98,55.61,-1.05,2.23,107.63,393.73,-94.07,-20.45,False
1603,-325.7,-131.91,-1.48,1.92,122.76,394.03,-131.91,-29.08,False
1604,-410.31,-297.67,-1.85,1.65,136.14,394.29,-165.35,-36.71,False
1605,-390.11,-258.09,-1.76,1.71,132.95,394.23,-157.37,-34.89,False
1606,-273.58,-29.81,-1.25,2.09,114.52,393.87,-111.31,-24.39,False
1607,-416.37,-309.54,-1.88,1.63,137.1,394.31,-167.75,-37.26,False
1608,-273.28,-29.21,-1.25,2.09,114.47,393.87,-111.18,-24.36,False
1609,-243.08,29.94,-1.11,2.19,109.7,393.78,-99.25,-21.64,False
1610,-341.21,-162.29,-1.55,1.87,125.21,394.08,-138.04,-30.48,False
1611,-312.41,-105.89,-1.42,1.96,120.66,393.99,-126.65,-27.89,False
1612,-226.21,62.99,-1.04,2.24,107.03,393.72,-92.58,-20.11,False
1613,-237.88,40.13,-1.09,2.2,108.88,393.76,-97.19,-21.17,False
1614,-329.68,-139.71,-1.5,1.91,123.39,394.04,-133.48,-29.44,False
1615,-295.87,-73.47,-1.35,2.02,118.05,393.94,-120.11,-26.39,False
1616,-288.1,-58.25,-1.31,2.04,116.82,393.91,-117.04,-25.69,False
1617,-237.46,40.95,-1.09,2.21,108.81,393.76,-97.03,-21.13,False
1618,-252.67,11.16,-1.16,2.16,111.22,393.8,-103.04,-22.5,False
1619,-371.36,-221.36,-1.68,1.77,129.98,394.17,-149.95,-33.2,False
1620,-290.0,-61.97,-1.32,2.04,117.12,393.92,-117.79,-25.87,False
1621,-404.64,-286.56,-1.83,1.66,135.24,394.27,-163.11,-36.2,False
1622,-256.91,2.85,-1.17,2.14,111.89,393.82,-104.72,-22.88,False
1623,-238.68,38.57,-1.09,2.2,109.0,393.76,-97.51,-21.24,False
1624,-380.63,-239.53,-1.72,1.74,131.45,394.2,-153.62,-34.04,False
1625,-416.92,-310.61,-1.88,1.62,137.18,394.31,-167.96,-37.31,False
1626,-287.7,-57.46,-1.31,2.04,116.75,393.91,-116.88,-25.66,False
1627,-420.95,-318.51,-1.9,1.61,137.82,394.32,-169.56,-37.67,False
1628,-277.32,-37.14,-1.26,2.08,115.11,393.88,-112.78,-24.72,False
1629,-299.59,-80.77,-1.36,2.0,118.63,393.95,-121.59,-26.73,False
1630,-287.52,-57.11,-1.31,2.04,116.72,393.91,-116.81,-25.64,False
1631,-268.19,-19.24,-1.22,2.11,113.67,393.85,-109.17,-23.9,False
1632,-216.04,82.92,-0.99,2.27,105.42,393.69,-88.56,-19.2,False
1633,-398.88,-275.29,-1.8,1.68,134.33,394.26,-160.84,-35.68,False
1634,-364.72,-208.36,-1.65,1.79,128.93,394.15,-147.33,-32.6,False
1635,-341.7,-163.26,-1.55,1.87,125.29,394.08,-138.23,-30.53,False
1636,-376.22,-230.89,-1.7,1.76,130.75,394.19,-151.88,-33.64,False
1637,-273.98,-30.59,-1.25,2.09,114.58,393.87,-111.46,-24.42,False
1638,-399.84,-277.16,-1.81,1.68,134.48,394.26,-161.21,-35.77,False
1639,-388.13,-254.22,-1.76,1.72,132.63,394.22,-156.59,-34.71,False
1640,-349.22,-178.0,-1.58,1.84,126.48,394.1,-141.2,-31.2,False
1641,-271.34,-25.43,-1.24,2.1,114.17,393.86,-110.42,-24.18,False
1642,-319.9,-120.56,-1.45,1.94,121.85,394.01,-129.62,-28.56,False
1643,-258.23,0.27,-1.18,2.14,112.09,393.82,-105.24,-23.0,False
1644,-409.07,-295.25,-1.85,1.65,135.94,394.29,-164.86,-36.6,False
1645,-245.06,26.06,-1.12,2.18,110.01,393.78,-100.03,-21.81,False
1646,-283.21,-48.67,-1.29,2.06,116.04,393.9,-115.11,-25.25,False
1647,-332.94,-146.1,-1.51,1.9,123.91,394.05,-134.77,-29.74,False
1648,-409.59,-296.25,-1.85,1.65,136.03,394.29,-165.06,-36.65,False
1649,-358.95,-197.05,-1.63,1.81,128.02,394.13,-145.05,-32.08,False
1650,-230.24,55.1,-1.06,2.23,107.67,393.74,-94.17,-20.48,False
1651,-337.47,-154.97,-1.53,1.88,124.62,394.07,-136.56,-30.15,False
1652,-390.1,-258.08,-1.76,1.71,132.94,394.23,-157.36,-34.89,False
1653,-323.17,-126.95,-1.47,1.93,122.36,394.02,-130.9,-28.86,False
1654,-371.48,-221.6,-1.68,1.77,130.0,394.17,-150.0,-33.21,False
1655,-264.08,-11.19,-1.21,2.12,113.02,393.84,-107.55,-23.53,False
1656,-374.32,-227.17,-1.69,1.76,130.45,394.18,-151.13,-33.47,False
1657,-308.95,-99.09,-1.4,1.97,120.11,393.98,-125.28,-27.57,False
1658,-422.95,-322.44,-1.91,1.61,138.14,394.33,-170.35,-37.85,False
1659,-244.29,27.58,-1.12,2.18,109.89,393.78,-99.72,-21.74,False
1660,-329.17,-138.72,-1.49,1.91,123.31,394.04,-133.28,-29.4,False
1661,-422.11,-320.78,-1.91,1.61,138.01,394.33,-170.01,-37.78,False
1662,-403.76,-284.85,-1.82,1.67,135.11,394.27,-162.76,-36.12,False
1663,-237.32,41.22,-1.09,2.21,108.79,393.76,-96.97,-21.12,False
1664,-217.31,80.44,-1.0,2.27,105.62,393.7,-89.06,-19.31,False
1665,-327.73,-135.9,-1.49,1.91,123.08,394.04,-132.71,-29.27,False
1666,-216.68,81.67,-1.0,2.27,105.52,393.69,-88.81,-19.26,False
1667,-296.68,-75.06,-1.35,2.01,118.17,393.94,-120.43,-26.47,False
1668,-383.4,-244.95,-1.73,1.73,131.89,394.21,-154.71,-34.29,False
1669,-321.15,-122.99,-1.46,1.93,122.04,394.02,-130.11,-28.67,False
1670,-232.8,50.08,-1.07,2.22,108.07,393.74,-95.18,-20.71,False
1671,-416.81,-310.4,-1.88,1.63,137.17,394.31,-167.92,-37.3,False
1672,-270.9,-24.55,-1.24,2.1,114.1,393.86,-110.24,-24.14,False
1673,-409.57,-296.23,-1.85,1.65,136.02,394.29,-165.06,-36.65,False
1674,-386.3,-250.63,-1.75,1.72,132.34,394.22,-155.86,-34.55,False
1675,-368.54,-215.84,-1.67,1.78,129.54,394.16,-148.84,-32.95,False
1676,-213.18,88.53,-0.98,2.28,104.97,393.68,-87.43,-18.94,False
1677,-209.3,96.13,-0.96,2.3,104.36,393.67,-85.89,-18.59,False
1678,-376.99,-232.4,-1.71,1.75,130.87,394.19,-152.18,-33.71,False
1679,-290.86,-63.65,-1.32,2.03,117.25,393.92,-118.13,-25.94,False
1680,-413.94,-304.79,-1.87,1.63,136.72,394.3,-166.79,-37.04,False
1681,-226.56,62.31,-1.04,2.24,107.09,393.72,-92.72,-20.15,False
1682,-405.47,-288.18,-1.83,1.66,135.37,394.28,-163.44,-36.28,False
1683,-411.92,-300.83,-1.86,1.64,136.4,394.3,-165.99,-36.86,False
1684,-365.53,-209.95,-1.66,1.79,129.06,394.15,-147.65,-32.68,False
1685,-283.31,-48.87,-1.29,2.06,116.06,393.9,-115.15,-25.26,False
1686,-240.05,35.88,-1.1,2.2,109.22,393.77,-98.05,-21.36,False
1687,-317.73,-116.3,-1.44,1.95,121.5,394.01,-128.76,-28.37,False
1688,-208.92,96.87,-0.96,2.3,104.3,393.67,-85.74,-18.56,False
1689,-251.55,13.36,-1.15,2.16,111.04,393.8,-102.6,-22.4,False
1690,-216.6,81.83,-1.0,2.27,105.51,393.69,-88.78,-19.25,False
1691,-290.34,-62.64,-1.32,2.03,117.17,393.92,-117.93,-25.9,False
1692,-352.36,-184.13,-1.6,1.83,126.98,394.11,-142.44,-31.49,False
1693,-219.53,76.08,-1.01,2.26,105.98,393.7,-89.94,-19.51,False
1694,-343.3,-166.39,-1.56,1.86,125.54,394.08,-138.86,-30.67,False
1695,-403.32,-283.97,-1.82,1.67,135.03,394.27,-162.59,-36.08,False
1696,-375.84,-230.14,-1.7,1.76,130.69,394.19,-151.73,-33.6,False
1697,-318.3,-117.42,-1.45,1.94,121.59,394.01,-128.98,-28.42,False
1698,-398.74,-275.0,-1.8,1.68,134.31,394.26,-160.78,-35.67,False
1699,-396.84,-271.29,-1.79,1.69,134.01,394.25,-160.03,-35.5,False
1700,-297.04,-75.77,-1.35,2.01,118.23,393.94,-120.58,-26.5,False
1701,-234.09,47.56,-1.07,2.22,108.28,393.75,-95.69,-20.83,False
1702,-394.07,-265.86,-1.78,1.7,133.57,394.24,-158.93,-35.25,False
1703,-372.15,-222.91,-1.68,1.77,130.11,394.17,-150.27,-33.27,False
1704,-293.59,-69.0,-1.34,2.02,117.69,393.93,-119.21,-26.19,False
1705,-278.8,-40.03,-1.27,2.07,115.35,393.89,-113.37,-24.86,False
1706,-347.11,-173.85,-1.57,1.85,126.15,394.1,-140.37,-31.01,False
1707,-290.93,-63.8,-1.32,2.03,117.26,393.92,-118.16,-25.95,False
1708,-386.55,-251.12,-1.75,1.72,132.38,394.22,-155.96,-34.57,False
1709,-273.08,-28.83,-1.25,2.09,114.44,393.87,-111.11,-24.34,False
1710,-327.95,-136.32,-1.49,1.91,123.12,394.04,-132.79,-29.29,False
1711,-421.76,-320.11,-1.9,1.61,137.95,394.33,-169.88,-37.74,False
1712,-299.61,-80.8,-1.36,2.0,118.64,393.95,-121.59,-26.73,False
1713,-383.34,-244.84,-1.73,1.73,131.88,394.21,-154.69,-34.28,False
1714,-356.89,-193.01,-1.62,1.82,127.69,394.13,-144.23,-31.9,False
1715,-306.16,-93.64,-1.39,1.98,119.67,393.97,-124.18,-27.32,False
1716,-231.12,53.38,-1.06,2.23,107.81,393.74,-94.52,-20.56,False
1717,-361.31,-201.67,-1.64,1.8,128.39,394.14,-145.98,-32.29,False
1718,-234.89,45.99,-1.08,2.21,108.4,393.75,-96.01,-20.9,False
1719,-393.5,-264.73,-1.78,1.7,133.48,394.24,-158.7,-35.2,False
1720,-248.07,20.18,-1.13,2.17,110.49,393.79,-101.22,-22.08,False
1721,-228.72,58.08,-1.05,2.23,107.43,393.73,-93.57,-20.34,False
1722,-315.8,-112.52,-1.43,1.95,121.2,394.0,-127.99,-28.19,False
1723,-317.28,-115.41,-1.44,1.95,121.43,394.0,-128.58,-28.32,False
1724,-396.98,-271.56,-1.79,1.69,134.03,394.25,-160.08,-35.51,False
1725,-328.58,-137.56,-1.49,1.91,123.22,394.04,-133.05,-29.34,False
1726,-285.63,-53.41,-1.3,2.05,116.43,393.91,-116.07,-25.47,False
1727,-312.04,-105.15,-1.42,1.96,120.6,393.99,-126.51,-27.85,False
1728,-250.23,15.94,-1.14,2.16,110.83,393.8,-102.07,-22.28,False
1729,-370.42,-219.53,-1.68,1.78,129.83,394.17,-149.59,-33.12,False
1730,-328.94,-138.27,-1.49,1.91,123.28,394.04,-133.19,-29.38,False
1731,-338.76,-157.51,-1.54,1.88,124.83,394.07,-137.07,-30.26,False
1732,-389.07,-256.07,-1.76,1.71,132.78,394.23,-156.96,-34.8,False
1733,-397.01,-271.63,-1.79,1.69,134.04,394.25,-160.1,-35.51,False
1734,-214.98,85.0,-0.99,2.28,105.26,393.69,-88.14,-19.1,False
1735,-223.63,68.06,-1.03,2.25,106.62,393.72,-91.56,-19.88,False
1736,-343.87,-167.52,-1.56,1.86,125.64,394.09,-139.09,-30.72,False
1737,-371.1,-220.85,-1.68,1.77,129.94,394.17,-149.85,-33.18,False
1738,-327.1,-134.65,-1.48,1.92,122.98,394.03,-132.46,-29.21,False
1739,-253.68,9.17,-1.16,2.15,111.38,393.81,-103.44,-22.59,False
1740,-218.11,78.86,-1.0,2.27,105.75,393.7,-89.38,-19.38,False
1741,-370.11,-218.92,-1.68,1.78,129.78,394.17,-149.46,-33.09,False
1742,-345.99,-171.66,-1.57,1.85,125.97,394.09,-139.93,-30.91,False
1743,-261.66,-6.45,-1.19,2.13,112.64,393.83,-106.59,-23.31,False
1744,-408.91,-294.94,-1.85,1.65,135.92,394.29,-164.8,-36.59,False
1745,-242.64,30.8,-1.11,2.19,109.63,393.77,-99.08,-21.6,False
1746,-353.11,-185.61,-1.6,1.83,127.1,394.11,-142.74,-31.55,False
1747,-209.83,95.09,-0.97,2.3,104.44,393.67,-86.1,-18.64,False
1748,-281.27,-44.87,-1.28,2.06,115.74,393.89,-114.34,-25.08,False
1749,-378.33,-235.02,-1.71,1.75,131.08,394.19,-152.71,-33.83,False
1750,-341.76,-163.37,-1.55,1.87,125.3,394.08,-138.25,-30.53,False
1751,-381.27,-240.78,-1.72,1.74,131.55,394.2,-153.87,-34.09,False
1752,-244.46,27.24,-1.12,2.18,109.92,393.78,-99.79,-21.76,False
1753,-368.6,-215.96,-1.67,1.78,129.55,394.16,-148.87,-32.95,False
1754,-323.74,-128.08,-1.47,1.93,122.45,394.02,-131.13,-28.91,False
1755,-406.68,-290.56,-1.84,1.66,135.57,394.28,-163.92,-36.38,False
1756,-299.3,-80.19,-1.36,2.01,118.59,393.95,-121.47,-26.7,False
1757,-367.02,-212.85,-1.66,1.79,129.3,394.16,-148.24,-32.81,False
1758,-365.25,-209.39,-1.65,1.79,129.02,394.15,-147.54,-32.65,False
1759,-218.75,77.6,-1.0,2.27,105.85,393.7,-89.63,-19.44,False
1760,-379.71,-237.72,-1.72,1.75,131.3,394.2,-153.26,-33.95,False
1761,-295.24,-72.25,-1.34,2.02,117.95,393.94,-119.87,-26.34,False
1762,-375.86,-230.18,-1.7,1.76,130.69,394.19,-151.73,-33.61,False
1763,-307.4,-96.06,-1.4,1.98,119.87,393.97,-124.67,-27.43,False
1764,-305.96,-93.24,-1.39,1.98,119.64,393.97,-124.1,-27.3,False
1765,-298.67,-78.95,-1.36,2.01,118.49,393.95,-121.22,-26.65,False
1766,-278.11,-38.67,-1.27,2.07,115.24,393.88,-113.09,-24.79,False
1767,-214.71,85.53,-0.99,2.28,105.21,393.69,-88.03,-19.08,False
1768,-394.63,-266.96,-1.78,1.7,133.66,394.24,-159.15,-35.3,False
1769,-368.88,-216.5,-1.67,1.78,129.59,394.16,-148.97,-32.98,False
1770,-238.34,39.24,-1.09,2.2,108.95,393.76,-97.37,-21.21,False
1771,-326.57,-133.62,-1.48,1.92,122.9,394.03,-132.25,-29.16,False
1772,-393.6,-264.93,-1.78,1.7,133.5,394.24,-158.75,-35.21,False
1773,-372.61,-223.82,-1.69,1.77,130.18,394.18,-150.45,-33.31,False
1774,-215.42,84.13,-0.99,2.28,105.33,393.69,-88.32,-19.14,False
1775,-287.04,-56.17,-1.31,2.05,116.65,393.91,-116.62,-25.6,False
1776,-208.93,96.84,-0.96,2.3,104.3,393.67,-85.75,-18.56,False
1777,-316.34,-113.57,-1.44,1.95,121.28,394.0,-128.2,-28.24,False
1778,-376.87,-232.15,-1.71,1.75,130.85,394.19,-152.13,-33.7,False
1779,-318.96,-118.71,-1.45,1.94,121.7,394.01,-129.24,-28.48,False
1780,-249.04,18.28,-1.14,2.17,110.64,393.79,-101.6,-22.17,False
1781,-347.79,-175.19,-1.58,1.85,126.26,394.1,-140.64,-31.08,False
1782,-388.52,-254.99,-1.76,1.72,132.7,394.22,-156.74,-34.75,False
1783,-419.2,-315.1,-1.89,1.62,137.55,394.32,-168.87,-37.51,False
1784,-421.29,-319.18,-1.9,1.61,137.88,394.33,-169.69,-37.7,False
1785,-336.87,-153.8,-1.53,1.88,124.53,394.06,-136.32,-30.09,False
1786,-329.6,-139.55,-1.5,1.91,123.38,394.04,-133.45,-29.44,False
1787,-419.33,-315.34,-1.89,1.62,137.57,394.32,-168.92,-37.52,False
1788,-222.46,70.34,-1.02,2.25,106.44,393.71,-91.1,-19.78,False
1789,-292.08,-66.05,-1.33,2.03,117.45,393.93,-118.62,-26.05,False
1790,-285.72,-53.6,-1.3,2.05,116.44,393.91,-116.1,-25.48,False
1791,-339.38,-158.72,-1.54,1.88,124.93,394.07,-137.31,-30.32,False
1792,-313.09,-107.21,-1.42,1.96,120.77,393.99,-126.92,-27.95,False
1793,-369.47,-217.66,-1.67,1.78,129.68,394.17,-149.21,-33.03,False
1794,-345.45,-170.61,-1.57,1.86,125.89,394.09,-139.72,-30.86,False
1795,-390.83,-259.51,-1.77,1.71,133.06,394.23,-157.65,-34.96,False
1796,-253.17,10.18,-1.16,2.15,111.29,393.81,-103.24,-22.55,False
1797,-211.3,92.2,-0.97,2.29,104.67,393.68,-86.69,-18.77,False
1798,-357.3,-193.81,-1.62,1.82,127.76,394.13,-144.4,-31.93,False
1799,-298.02,-77.69,-1.36,2.01,118.39,393.94,-120.97,-26.59,False
1800,-420.87,-318.35,-1.9,1.61,137.81,394.32,-169.52,-37.66,False
1801,-420.32,-317.29,-1.9,1.61,137.72,394.32,-169.31,-37.61,False
1802,-232.74,50.21,-1.07,2.22,108.06,393.74,-95.16,-20.7,False
1803,-235.92,43.97,-1.08,2.21,108.57,393.75,-96.42,-20.99,False
1804,-216.11,82.78,-0.99,2.27,105.43,393.69,-88.59,-19.2,False
1805,-227.64,60.19,-1.04,2.24,107.26,393.73,-93.15,-20.24,False
1806,-361.76,-202.56,-1.64,1.8,128.46,394.14,-146.16,-32.33,False
1807,-291.7,-65.3,-1.33,2.03,117.39,393.93,-118.47,-26.02,False
1808,-289.34,-60.68,-1.32,2.04,117.01,393.92,-117.53,-25.81,False
1809,-406.83,-290.86,-1.84,1.66,135.59,394.28,-163.98,-36.4,False
1810,-248.8,18.75,-1.14,2.17,110.6,393.79,-101.51,-22.15,False
1811,-364.95,-208.82,-1.65,1.79,128.97,394.15,-147.42,-32.62,False
1812,-326.7,-133.86,-1.48,1.92,122.92,394.03,-132.3,-29.17,False
1813,-260.63,-4.44,-1.19,2.13,112.47,393.83,-106.19,-23.22,False
1814,-424.3,-325.08,-1.92,1.6,138.35,394.33,-170.88,-37.97,False
1815,-353.87,-187.1,-1.6,1.83,127.22,394.12,-143.04,-31.62,False
1816,-312.85,-106.73,-1.42,1.96,120.73,393.99,-126.83,-27.93,False
1817,-395.01,-267.69,-1.79,1.7,133.72,394.24,-159.3,-35.33,False
1818,-267.32,-17.54,-1.22,2.11,113.53,393.85,-108.83,-23.82,False
1819,-292.52,-66.9,-1.33,2.03,117.52,393.93,-118.79,-26.09,False
1820,-235.78,44.24,-1.08,2.21,108.55,393.75,-96.36,-20.98,False
1821,-295.03,-71.83,-1.34,2.02,117.91,393.94,-119.78,-26.32,False
1822,-352.76,-184.93,-1.6,1.83,127.04,394.11,-142.6,-31.52,False
1823,-304.25,-89.88,-1.38,1.99,119.37,393.96,-123.43,-27.15,False
1824,-310.48,-102.11,-1.41,1.97,120.36,393.98,-125.89,-27.71,False
1825,-274.84,-32.28,-1.25,2.08,114.72,393.87,-111.8,-24.5,False
1826,-327.37,-135.19,-1.49,1.91,123.03,394.04,-132.57,-29.23,False
1827,-340.87,-161.63,-1.55,1.87,125.16,394.08,-137.9,-30.45,False
1828,-227.9,59.68,-1.05,2.24,107.3,393.73,-93.25,-20.27,False
1829,-241.15,33.74,-1.1,2.19,109.39,393.77,-98.48,-21.46,False
1830,-288.2,-58.45,-1.31,2.04,116.83,393.91,-117.08,-25.7,False
1831,-254.99,6.61,-1.17,2.15,111.58,393.81,-103.96,-22.71,False
1832,-316.12,-113.15,-1.44,1.95,121.25,394.0,-128.12,-28.22,False
1833,-349.93,-179.39,-1.59,1.84,126.59,394.11,-141.49,-31.27,False
1834,-412.28,-301.54,-1.86,1.64,136.45,394.3,-166.13,-36.89,False
1835,-365.97,-210.81,-1.66,1.79,129.13,394.15,-147.83,-32.71,False
1836,-368.15,-215.07,-1.67,1.78,129.47,394.16,-148.68,-32.91,False
1837,-280.29,-42.94,-1.28,2.07,115.58,393.89,-113.95,-24.99,False
1838,-310.1,-101.34,-1.41,1.97,120.3,393.98,-125.74,-27.68,False
1839,-390.78,-259.41,-1.77,1.71,133.05,394.23,-157.63,-34.95,False
1840,-421.68,-319.94,-1.9,1.61,137.94,394.33,-169.84,-37.74,False
1841,-252.5,11.49,-1.15,2.16,111.19,393.8,-102.97,-22.48,False
1842,-371.08,-220.82,-1.68,1.77,129.94,394.17,-149.84,-33.18,False
1843,-234.18,47.38,-1.07,2.22,108.29,393.75,-95.73,-20.83,False
1844,-220.93,73.34,-1.01,2.26,106.2,393.71,-90.49,-19.64,False
1845,-241.11,33.8,-1.1,2.19,109.39,393.77,-98.47,-21.46,False
1846,-349.1,-177.76,-1.58,1.84,126.46,394.1,-141.16,-31.19,False
1847,-273.83,-30.29,-1.25,2.09,114.56,393.87,-111.4,-24.41,False
1848,-265.09,-13.18,-1.21,2.12,113.18,393.84,-107.95,-23.62,False
1849,-286.28,-54.69,-1.3,2.05,116.53,393.91,-116.32,-25.53,False
1850,-276.12,-34.79,-1.26,2.08,114.92,393.88,-112.31,-24.61,False
1851,-389.49,-256.88,-1.76,1.71,132.85,394.23,-157.12,-34.83,False
1852,-223.67,67.98,-1.03,2.25,106.63,393.72,-91.57,-19.89,False
1853,-259.75,-2.71,-1.19,2.13,112.34,393.83,-105.84,-23.14,False
1854,-227.83,59.82,-1.05,2.24,107.29,393.73,-93.22,-20.26,False
1855,-294.51,-70.81,-1.34,2.02,117.83,393.93,-119.58,-26.27,False
1856,-343.79,-167.35,-1.56,1.86,125.62,394.09,-139.06,-30.71,False
1857,-261.69,-6.52,-1.2,2.13,112.64,393.83,-106.61,-23.31,False
1858,-213.11,88.67,-0.98,2.28,104.96,393.68,-87.4,-18.93,False
1859,-279.84,-42.07,-1.28,2.07,115.51,393.89,-113.78,-24.95,False
1860,-288.91,-59.84,-1.32,2.04,116.95,393.92,-117.36,-25.77,False
1861,-315.1,-111.14,-1.43,1.95,121.09,394.0,-127.72,-28.13,False
1862,-338.99,-157.94,-1.54,1.88,124.86,394.07,-137.16,-30.28,False
1863,-382.45,-243.09,-1.73,1.74,131.74,394.21,-154.34,-34.2,False
1864,-405.91,-289.06,-1.83,1.66,135.45,394.28,-163.61,-36.32,False
1865,-208.5,97.7,-0.96,2.3,104.23,393.67,-85.58,-18.52,False
1866,-354.83,-188.99,-1.61,1.83,127.37,394.12,-143.42,-31.71,False
1867,-270.78,-24.33,-1.24,2.1,114.08,393.86,-110.2,-24.13,False
1868,-235.71,44.39,-1.08,2.21,108.53,393.75,-96.33,-20.97,False
1869,-390.89,-259.62,-1.77,1.71,133.07,394.23,-157.67,-34.96,False
1870,-218.39,78.32,-1.0,2.27,105.79,393.7,-89.49,-19.41,False
1871,-275.74,-34.03,-1.26,2.08,114.86,393.88,-112.16,-24.58,False
1872,-300.1,-81.75,-1.37,2.0,118.71,393.95,-121.79,-26.78,False
1873,-218.58,77.94,-1.0,2.27,105.83,393.7,-89.56,-19.43,False
1874,-340.39,-160.69,-1.54,1.87,125.09,394.08,-137.71,-30.41,False
1875,-273.16,-28.99,-1.25,2.09,114.46,393.87,-111.14,-24.35,False
1876,-247.37,21.54,-1.13,2.17,110.38,393.79,-100.94,-22.02,False
1877,-245.05,26.08,-1.12,2.18,110.01,393.78,-100.03,-21.81,False
1878,-270.61,-23.98,-1.23,2.1,114.05,393.86,-110.13,-24.12,False
1879,-416.89,-310.56,-1.88,1.62,137.18,394.31,-167.95,-37.3,False
1880,-408.58,-294.28,-1.85,1.65,135.87,394.29,-164.67,-36.56,False
1881,-245.1,25.99,-1.12,2.18,110.02,393.78,-100.05,-21.82,False
1882,-223.08,69.13,-1.02,2.25,106.54,393.71,-91.34,-19.83,False
1883,-407.52,-292.21,-1.84,1.66,135.7,394.28,-164.25,-36.46,False
1884,-235.96,43.9,-1.08,2.21,108.57,393.75,-96.43,-20.99,False
1885,-255.34,5.92,-1.17,2.15,111.64,393.81,-104.1,-22.74,False
1886,-307.03,-95.35,-1.4,1.98,119.81,393.97,-124.53,-27.4,False
1887,-209.92,94.91,-0.97,2.29,104.46,393.67,-86.14,-18.65,False
1888,-412.52,-302.01,-1.86,1.64,136.49,394.3,-166.23,-36.91,False
1889,-236.86,42.13,-1.09,2.21,108.72,393.76,-96.79,-21.08,False
1890,-407.16,-291.5,-1.84,1.66,135.64,394.28,-164.11,-36.43,False
1891,-333.78,-147.75,-1.51,1.89,124.04,394.06,-135.1,-29.81,False
1892,-371.8,-222.22,-1.68,1.77,130.05,394.17,-150.13,-33.24,False
1893,-381.7,-241.62,-1.73,1.74,131.62,394.2,-154.04,-34.13,False
1894,-367.44,-213.69,-1.66,1.78,129.36,394.16,-148.41,-32.85,False
1895,-373.69,-225.93,-1.69,1.76,130.35,394.18,-150.88,-33.41,False
1896,-401.3,-280.02,-1.81,1.68,134.72,394.26,-161.79,-35.9,False
1897,-221.06,73.09,-1.02,2.26,106.22,393.71,-90.54,-19.65,False
1898,-310.5,-102.14,-1.41,1.97,120.36,393.98,-125.9,-27.71,False
1899,-322.61,-125.86,-1.47,1.93,122.27,394.02,-130.68,-28.81,False
1900,-262.04,-7.2,-1.2,2.13,112.7,393.83,-106.74,-23.34,False
1901,-268.5,-19.85,-1.23,2.11,113.72,393.85,-109.3,-23.93,False
1902,-293.42,-68.67,-1.34,2.02,117.66,393.93,-119.15,-26.17,False
1903,-258.15,0.43,-1.18,2.14,112.08,393.82,-105.2,-22.99,False
1904,-317.56,-115.96,-1.44,1.95,121.47,394.01,-128.69,-28.35,False
1905,-399.1,-275.71,-1.8,1.68,134.37,394.26,-160.92,-35.7,False
1906,-364.17,-207.27,-1.65,1.8,128.84,394.15,-147.11,-32.55,False
1907,-391.64,-261.09,-1.77,1.71,133.19,394.23,-157.97,-35.03,False
1908,-225.57,64.25,-1.04,2.24,106.93,393.72,-92.33,-20.06,False
1909,-330.95,-142.19,-1.5,1.9,123.59,394.05,-133.98,-29.56,False
1910,-275.44,-33.46,-1.26,2.08,114.82,393.88,-112.04,-24.55,False
1911,-333.04,-146.29,-1.51,1.9,123.92,394.05,-134.81,-29.75,False
1912,-281.45,-45.22,-1.28,2.06,115.77,393.89,-114.41,-25.09,False
1913,-354.08,-187.52,-1.6,1.83,127.25,394.12,-143.13,-31.64,False
1914,-283.05,-48.36,-1.29,2.06,116.02,393.9,-115.05,-25.24,False
1915,-317.34,-115.53,-1.44,1.95,121.44,394.0,-128.6,-28.33,False
1916,-352.39,-184.21,-1.6,1.83,126.98,394.11,-142.46,-31.49,False
1917,-225.86,63.69,-1.04,2.24,106.98,393.72,-92.44,-20.08,False
1918,-355.0,-189.32,-1.61,1.83,127.4,394.12,-143.49,-31.73,False
1919,-329.41,-139.17,-1.5,1.91,123.35,394.04,-133.37,-29.42,False
1920,-415.44,-307.72,-1.88,1.63,136.95,394.31,-167.38,-37.17,False
1921,-366.05,-210.97,-1.66,1.79,129.14,394.15,-147.86,-32.72,False
1922,-393.93,-265.58,-1.78,1.7,133.55,394.24,-158.88,-35.24,False
1923,-245.8,24.61,-1.12,2.18,110.13,393.78,-100.32,-21.88,False
1924,-217.23,80.58,-1.0,2.27,105.61,393.7,-89.03,-19.31,False
1925,-263.96,-10.96,-1.21,2.12,113.0,393.84,-107.5,-23.52,False
1926,-297.65,-76.97,-1.35,2.01,118.33,393.94,-120.82,-26.56,False
1927,-334.74,-149.61,-1.52,1.89,124.19,394.06,-135.48,-29.9,False
1928,-379.22,-236.76,-1.72,1.75,131.22,394.2,-153.06,-33.91,False
1929,-382.15,-242.5,-1.73,1.74,131.69,394.2,-154.22,-34.17,False
1930,-380.08,-238.44,-1.72,1.74,131.36,394.2,-153.4,-33.99,False
1931,-321.95,-124.56,-1.46,1.93,122.17,394.02,-130.42,-28.75,False
1932,-218.0,79.07,-1.0,2.27,105.73,393.7,-89.34,-19.37,False
1933,-405.08,-287.43,-1.83,1.66,135.31,394.28,-163.29,-36.24,False
1934,-278.15,-38.75,-1.27,2.07,115.24,393.88,-113.11,-24.8,False
1935,-338.3,-156.59,-1.53,1.88,124.75,394.07,-136.89,-30.22,False
1936,-335.39,-150.9,-1.52,1.89,124.29,394.06,-135.74,-29.96,False
1937,-315.33,-111.6,-1.43,1.95,121.12,394.0,-127.81,-28.15,False
1938,-223.55,68.2,-1.03,2.25,106.61,393.71,-91.53,-19.88,False
1939,-362.13,-203.29,-1.64,1.8,128.52,394.14,-146.31,-32.37,False
1940,-251.6,13.26,-1.15,2.16,111.05,393.8,-102.62,-22.4,False
1941,-361.56,-202.17,-1.64,1.8,128.43,394.14,-146.08,-32.32,False
1942,-300.53,-82.6,-1.37,2.0,118.78,393.95,-121.96,-26.81,False
1943,-213.83,87.24,-0.98,2.28,105.08,393.68,-87.69,-19.0,False
1944,-302.14,-85.75,-1.37,2.0,119.04,393.96,-122.59,-26.96,False
1945,-264.98,-12.96,-1.21,2.12,113.16,393.84,-107.91,-23.61,False
1946,-259.08,-1.39,-1.18,2.14,112.23,393.82,-105.57,-23.08,False
1947,-223.06,69.17,-1.02,2.25,106.53,393.71,-91.33,-19.83,False
1948,-409.38,-295.85,-1.85,1.65,135.99,394.29,-164.98,-36.63,False
1949,-361.47,-202.0,-1.64,1.8,128.42,394.14,-146.05,-32.31,False
1950,-423.2,-322.93,-1.91,1.6,138.18,394.33,-170.45,-37.87,False
1951,-373.25,-225.07,-1.69,1.77,130.28,394.18,-150.7,-33.37,False
1952,-266.64,-16.22,-1.22,2.11,113.42,393.85,-108.56,-23.76,False
1953,-365.28,-209.45,-1.65,1.79,129.02,394.15,-147.55,-32.65,False
1954,-424.29,-325.05,-1.92,1.6,138.35,394.33,-170.88,-37.97,False
1955,-301.03,-83.57,-1.37,2.0,118.86,393.95,-122.15,-26.86,False
1956,-391.6,-261.01,-1.77,1.71,133.18,394.23,-157.95,-35.02,False
1957,-226.09,63.23,-1.04,2.24,107.01,393.72,-92.53,-20.1,False
1958,-208.75,97.2,-0.96,2.3,104.27,393.67,-85.68,-18.54,False
1959,-415.35,-307.55,-1.88,1.63,136.94,394.31,-167.34,-37.17,False
1960,-322.87,-126.36,-1.47,1.93,122.31,394.02,-130.79,-28.83,False
1961,-318.81,-118.42,-1.45,1.94,121.67,394.01,-129.18,-28.46,False
1962,-276.29,-35.11,-1.26,2.08,114.95,393.88,-112.37,-24.63,False
1963,-319.94,-120.62,-1.45,1.94,121.85,394.01,-129.63,-28.56,False
1964,-299.59,-80.77,-1.36,2.0,118.63,393.95,-121.59,-26.73,False
1965,-340.3,-160.51,-1.54,1.87,125.07,394.08,-137.68,-30.4,False
1966,-381.7,-241.63,-1.73,1.74,131.62,394.2,-154.04,-34.13,False
1967,-227.11,61.23,-1.04,2.24,107.17,393.73,-92.94,-20.2,False
1968,-410.04,-297.15,-1.85,1.65,136.1,394.29,-165.25,-36.69,False
1969,-386.76,-251.53,-1.75,1.72,132.42,394.22,-156.04,-34.59,False
1970,-278.58,-39.6,-1.27,2.07,115.31,393.88,-113.28,-24.84,False
1971,-340.99,-161.87,-1.55,1.87,125.18,394.08,-137.95,-30.46,False
1972,-303.6,-88.61,-1.38,1.99,119.27,393.96,-123.17,-27.09,False
1973,-310.4,-101.95,-1.41,1.97,120.34,393.98,-125.86,-27.71,False
1974,-215.59,83.8,-0.99,2.28,105.35,393.69,-88.38,-19.16,False
1975,-307.31,-95.89,-1.4,1.98,119.85,393.97,-124.64,-27.43,False
1976,-227.98,59.54,-1.05,2.24,107.31,393.73,-93.28,-20.27,False
1977,-304.45,-90.28,-1.38,1.99,119.4,393.96,-123.51,-27.17,False
1978,-352.26,-183.94,-1.6,1.83,126.96,394.11,-142.4,-31.48,False
1979,-305.03,-91.41,-1.39,1.99,119.49,393.97,-123.73,-27.22,False
1980,-333.04,-146.28,-1.51,1.9,123.92,394.05,-134.81,-29.75,False
1981,-231.72,52.21,-1.06,2.22,107.9,393.74,-94.76,-20.61,False
1982,-293.08,-68.0,-1.33,2.03,117.6,393.93,-119.01,-26.14,False
1983,-404.19,-285.69,-1.83,1.67,135.17,394.27,-162.93,-36.16,False
1984,-361.15,-201.37,-1.64,1.81,128.37,394.14,-145.92,-32.28,False
1985,-218.66,77.78,-1.0,2.27,105.84,393.7,-89.6,-19.43,False
1986,-313.85,-108.69,-1.43,1.96,120.89,393.99,-127.22,-28.02,False
1987,-347.61,-174.84,-1.58,1.85,126.23,394.1,-140.57,-31.06,False
1988,-344.81,-169.34,-1.56,1.86,125.78,394.09,-139.46,-30.81,False
1989,-335.42,-150.96,-1.52,1.89,124.3,394.06,-135.75,-29.96,False
1990,-309.14,-99.47,-1.41,1.97,120.14,393.98,-125.36,-27.59,False
1991,-251.28,13.88,-1.15,2.16,111.0,393.8,-102.49,-22.37,False
1992,-350.79,-181.07,-1.59,1.84,126.73,394.11,-141.83,-31.35,False
1993,-378.68,-235.7,-1.71,1.75,131.14,394.19,-152.85,-33.86,False
1994,-402.05,-281.5,-1.82,1.67,134.84,394.27,-162.09,-35.97,False
1995,-307.74,-96.73,-1.4,1.98,119.92,393.97,-124.81,-27.46,False
1996,-235.45,44.89,-1.08,2.21,108.49,393.75,-96.23,-20.95,False
1997,-252.43,11.64,-1.15,2.16,111.18,393.8,-102.94,-22.48,False
1998,-209.79,95.17,-0.97,2.3,104.44,393.67,-86.09,-18.63,False
1999,-233.52,48.67,-1.07,2.22,108.19,393.75,-95.47,-20.77,False
2000,-384.25,-246.61,-1.74,1.73,132.02,394.21,-155.05,-34.36,False
2001,-399.14,-275.78,-1.8,1.68,134.37,394.26,-160.94,-35.7,False
2002,-326.05,-132.6,-1.48,1.92,122.82,394.03,-132.04,-29.12,False
2003,-361.79,-202.62,-1.64,1.8,128.47,394.14,-146.17,-32.34,False
2004,-244.46,27.25,-1.12,2.18,109.92,393.78,-99.79,-21.76,False
2005,-288.49,-59.01,-1.31,2.04,116.88,393.92,-117.2,-25.73,False
2006,-310.39,-101.91,-1.41,1.97,120.34,393.98,-125.85,-27.7,False
2007,-415.14,-307.13,-1.88,1.63,136.9,394.31,-167.26,-37.15,False
2008,-233.89,47.96,-1.07,2.22,108.25,393.75,-95.61,-20.81,False
2009,-319.94,-120.63,-1.45,1.94,121.85,394.01,-129.63,-28.56,False
2010,-265.41,-13.8,-1.21,2.12,113.23,393.84,-108.07,-23.65,False
2011,-298.03,-77.71,-1.36,2.01,118.39,393.94,-120.97,-26.59,False
2012,-287.53,-57.14,-1.31,2.04,116.73,393.91,-116.82,-25.64,False
2013,-325.69,-131.9,-1.48,1.92,122.76,394.03,-131.9,-29.08,False
2014,-220.9,73.4,-1.01,2.26,106.19,393.71,-90.48,-19.64,False
2015,-332.7,-145.64,-1.51,1.9,123.87,394.05,-134.68,-29.72,False
2016,-405.62,-288.48,-1.83,1.66,135.4,394.28,-163.5,-36.29,False
2017,-260.62,-4.42,-1.19,2.13,112.47,393.83,-106.18,-23.22,False
2018,-229.52,56.51,-1.05,2.23,107.56,393.73,-93.89,-20.41,False
2019,-375.67,-229.81,-1.7,1.76,130.66,394.18,-151.66,-33.59,False
2020,-296.39,-74.49,-1.35,2.01,118.13,393.94,-120.32,-26.44,False
2021,-263.98,-11.01,-1.21,2.12,113.0,393.84,-107.51,-23.52,False
2022,-355.05,-189.42,-1.61,1.83,127.4,394.12,-143.51,-31.73,False
2023,-424.0,-324.5,-1.91,1.6,138.31,394.33,-170.76,-37.95,False
2024,-411.35,-299.71,-1.86,1.64,136.3,394.29,-165.76,-36.81,False
2025,-381.69,-241.61,-1.73,1.74,131.62,394.2,-154.04,-34.13,False
2026,-384.84,-247.78,-1.74,1.73,132.11,394.21,-155.28,-34.42,False
2027,-217.16,80.73,-1.0,2.27,105.6,393.7,-89.0,-19.3,False
2028,-336.3,-152.67,-1.53,1.89,124.44,394.06,-136.09,-30.04,False
2029,-231.5,52.64,-1.06,2.22,107.87,393.74,-94.67,-20.59,False
2030,-409.17,-295.44,-1.85,1.65,135.96,394.29,-164.9,-36.61,False
2031,-334.3,-148.77,-1.52,1.89,124.12,394.06,-135.31,-29.86,False
2032,-236.36,43.12,-1.08,2.21,108.64,393.75,-96.59,-21.03,False
2033,-294.6,-70.99,-1.34,2.02,117.85,393.93,-119.61,-26.28,False
2034,-268.18,-19.23,-1.22,2.11,113.67,393.85,-109.17,-23.9,False
2035,-354.28,-187.91,-1.61,1.83,127.28,394.12,-143.2,-31.66,False
2036,-408.74,-294.6,-1.85,1.65,135.89,394.29,-164.73,-36.57,False
2037,-298.53,-78.68,-1.36,2.01,118.47,393.95,-121.17,-26.63,False
2038,-252.63,11.23,-1.15,2.16,111.21,393.8,-103.02,-22.5,False
2039,-292.38,-66.63,-1.33,2.03,117.49,393.93,-118.73,-26.08,False
2040,-264.06,-11.16,-1.21,2.12,113.02,393.84,-107.54,-23.53,False
2041,-397.3,-272.19,-1.8,1.69,134.08,394.25,-160.21,-35.54,False
2042,-359.23,-197.6,-1.63,1.81,128.06,394.13,-145.16,-32.11,False
2043,-308.3,-97.82,-1.4,1.98,120.01,393.98,-125.03,-27.52,False
2044,-289.78,-61.54,-1.32,2.04,117.08,393.92,-117.71,-25.85,False
2045,-320.74,-122.21,-1.46,1.94,121.98,394.02,-129.95,-28.64,False
2046,-320.68,-122.09,-1.46,1.94,121.97,394.01,-129.92,-28.63,False
2047,-272.48,-27.65,-1.24,2.09,114.35,393.87,-110.87,-24.29,False
2048,-318.38,-117.57,-1.45,1.94,121.6,394.01,-129.01,-28.42,False
2049,-315.09,-111.12,-1.43,1.95,121.08,394.0,-127.71,-28.13,False
2050,-243.61,28.91,-1.11,2.19,109.78,393.78,-99.46,-21.68,False
2051,-342.44,-164.71,-1.55,1.87,125.41,394.08,-138.52,-30.59,False
2052,-349.22,-177.99,-1.58,1.84,126.48,394.1,-141.2,-31.2,False
2053,-411.06,-299.15,-1.86,1.64,136.26,394.29,-165.65,-36.78,False
2054,-287.88,-57.82,-1.31,2.04,116.78,393.91,-116.96,-25.67,False
2055,-215.24,84.5,-0.99,2.28,105.3,393.69,-88.24,-19.13,False
2056,-421.95,-320.47,-1.91,1.61,137.98,394.33,-169.95,-37.76,False
2057,-265.67,-14.3,-1.21,2.11,113.27,393.85,-108.18,-23.67,False
2058,-293.21,-68.26,-1.33,2.03,117.63,393.93,-119.06,-26.15,False
2059,-280.68,-43.71,-1.28,2.07,115.64,393.89,-114.11,-25.02,False
2060,-359.44,-198.01,-1.63,1.81,128.1,394.13,-145.24,-32.13,False
2061,-419.03,-314.76,-1.89,1.62,137.52,394.32,-168.8,-37.5,False
2062,-376.23,-230.9,-1.7,1.76,130.75,394.19,-151.88,-33.64,False
2063,-277.79,-38.06,-1.27,2.08,115.19,393.88,-112.97,-24.76,False
2064,-315.08,-111.11,-1.43,1.95,121.08,394.0,-127.71,-28.13,False
2065,-292.25,-66.37,-1.33,2.03,117.47,393.93,-118.68,-26.07,False
2066,-394.21,-266.12,-1.78,1.7,133.59,394.24,-158.99,-35.26,False
2067,-407.74,-292.63,-1.84,1.65,135.73,394.28,-164.34,-36.48,False
2068,-351.44,-182.34,-1.59,1.84,126.83,394.11,-142.08,-31.4,False
2069,-247.67,20.96,-1.13,2.17,110.42,393.79,-101.06,-22.05,False
2070,-304.91,-91.18,-1.39,1.99,119.47,393.97,-123.69,-27.21,False
2071,-315.83,-112.58,-1.43,1.95,121.2,394.0,-128.01,-28.19,False
2072,-349.77,-179.07,-1.59,1.84,126.57,394.1,-141.42,-31.25,False
2073,-225.2,64.98,-1.03,2.25,106.87,393.72,-92.18,-20.02,False
2074,-402.03,-281.44,-1.82,1.67,134.83,394.27,-162.08,-35.97,False
2075,-394.89,-267.46,-1.79,1.7,133.7,394.24,-159.26,-35.32,False
2076,-215.09,84.78,-0.99,2.28,105.27,393.69,-88.18,-19.11,False
2077,-368.59,-215.94,-1.67,1.78,129.54,394.16,-148.86,-32.95,False
2078,-280.13,-42.63,-1.28,2.07,115.56,393.89,-113.89,-24.98,False
2079,-344.01,-167.79,-1.56,1.86,125.66,394.09,-139.14,-30.73,False
2080,-276.03,-34.6,-1.26,2.08,114.91,393.88,-112.27,-24.61,False
2081,-347.53,-174.68,-1.58,1.85,126.21,394.1,-140.54,-31.05,False
2082,-420.19,-317.03,-1.9,1.61,137.7,394.32,-169.26,-37.6,False
2083,-231.59,52.45,-1.06,2.22,107.88,393.74,-94.71,-20.6,False
2084,-322.44,-125.52,-1.46,1.93,122.25,394.02,-130.62,-28.79,False
2085,-372.48,-223.56,-1.69,1.77,130.16,394.17,-150.4,-33.3,False
2086,-296.72,-75.13,-1.35,2.01,118.18,393.94,-120.45,-26.47,False
2087,-251.07,14.29,-1.15,2.16,110.96,393.8,-102.41,-22.36,False
2088,-336.1,-152.28,-1.52,1.89,124.41,394.06,-136.02,-30.02,False
2089,-252.2,12.08,-1.15,2.16,111.14,393.8,-102.85,-22.46,False
2090,-343.52,-166.83,-1.56,1.86,125.58,394.09,-138.95,-30.69,False
2091,-330.04,-140.41,-1.5,1.91,123.45,394.04,-133.62,-29.47,False
2092,-412.45,-301.87,-1.86,1.64,136.48,394.3,-166.2,-36.9,False
2093,-361.79,-202.61,-1.64,1.8,128.47,394.14,-146.17,-32.34,False
2094,-412.91,-302.76,-1.87,1.64,136.55,394.3,-166.38,-36.95,False
2095,-417.15,-311.08,-1.88,1.62,137.22,394.31,-168.06,-37.33,False
2096,-388.02,-254.0,-1.75,1.72,132.62,394.22,-156.54,-34.7,False
2097,-410.59,-298.22,-1.85,1.65,136.18,394.29,-165.46,-36.74,False
2098,-234.06,47.61,-1.07,2.22,108.27,393.75,-95.68,-20.82,False
2099,-293.3,-68.44,-1.34,2.02,117.64,393.93,-119.1,-26.16,False
2100,-318.24,-117.29,-1.45,1.94,121.58,394.01,-128.96,-28.41,False
2101,-325.82,-132.16,-1.48,1.92,122.78,394.03,-131.96,-29.1,False
2102,-413.39,-303.71,-1.87,1.64,136.63,394.3,-166.57,-36.99,False
2103,-254.25,8.06,-1.16,2.15,111.47,393.81,-103.66,-22.64,False
2104,-211.44,91.93,-0.97,2.29,104.7,393.68,-86.74,-18.78,False
2105,-318.15,-117.13,-1.45,1.94,121.57,394.01,-128.92,-28.4,False
2106,-398.2,-273.96,-1.8,1.69,134.23,394.25,-160.57,-35.62,False
2107,-374.43,-227.39,-1.69,1.76,130.47,394.18,-151.17,-33.48,False
2108,-279.07,-40.56,-1.27,2.07,115.39,393.89,-113.47,-24.88,False
2109,-208.56,97.58,-0.96,2.3,104.24,393.67,-85.6,-18.52,False
2110,-297.37,-76.41,-1.35,2.01,118.28,393.94,-120.71,-26.53,False
2111,-402.05,-281.48,-1.82,1.67,134.83,394.27,-162.08,-35.97,False
2112,-298.41,-78.46,-1.36,2.01,118.45,393.95,-121.12,-26.62,False
2113,-337.78,-155.59,-1.53,1.88,124.67,394.07,-136.68,-30.17,False
2114,-386.48,-250.99,-1.75,1.72,132.37,394.22,-155.93,-34.56,False
2115,-396.56,-270.73,-1.79,1.69,133.97,394.25,-159.92,-35.47,False
2116,-250.87,14.69,-1.15,2.16,110.93,393.8,-102.33,-22.34,False
2117,-263.24,-9.54,-1.2,2.12,112.89,393.84,-107.22,-23.45,False
2118,-418.16,-313.05,-1.89,1.62,137.38,394.32,-168.46,-37.42,False
2119,-392.46,-262.7,-1.77,1.7,133.32,394.24,-158.3,-35.1,False
2120,-235.35,45.09,-1.08,2.21,108.48,393.75,-96.19,-20.94,False
2121,-376.45,-231.35,-1.7,1.76,130.79,394.19,-151.97,-33.66,False
2122,-360.03,-199.17,-1.63,1.81,128.19,394.14,-145.48,-32.18,False
2123,-297.67,-77.0,-1.35,2.01,118.33,393.94,-120.83,-26.56,False
2124,-218.41,78.27,-1.0,2.27,105.8,393.7,-89.5,-19.41,False
2125,-240.72,34.57,-1.1,2.2,109.33,393.77,-98.32,-21.42,False
2126,-349.43,-178.39,-1.58,1.84,126.51,394.1,-141.28,-31.22,False
2127,-376.86,-232.13,-1.71,1.75,130.85,394.19,-152.13,-33.7,False
2128,-391.41,-260.64,-1.77,1.71,133.15,394.23,-157.88,-35.01,False
2129,-419.01,-314.72,-1.89,1.62,137.52,394.32,-168.79,-37.5,False
2130,-372.66,-223.92,-1.69,1.77,130.19,394.18,-150.47,-33.32,False
2131,-265.91,-14.79,-1.21,2.11,113.31,393.85,-108.27,-23.69,False
2132,-282.44,-47.16,-1.29,2.06,115.92,393.9,-114.81,-25.18,False
2133,-240.35,35.29,-1.1,2.2,109.27,393.77,-98.17,-21.39,False
2134,-213.46,87.97,-0.98,2.28,105.02,393.68,-87.54,-18.97,False
2135,-317.13,-115.13,-1.44,1.95,121.41,394.0,-128.52,-28.31,False
2136,-248.55,19.23,-1.14,2.17,110.56,393.79,-101.41,-22.13,False
2137,-237.57,40.74,-1.09,2.21,108.83,393.76,-97.07,-21.14,False
2138,-285.79,-53.73,-1.3,2.05,116.45,393.91,-116.13,-25.49,False
2139,-412.03,-301.04,-1.86,1.64,136.41,394.3,-166.03,-36.87,False
2140,-421.92,-320.41,-1.91,1.61,137.98,394.33,-169.94,-37.76,False
2141,-420.03,-316.71,-1.9,1.61,137.68,394.32,-169.19,-37.59,False
2142,-284.32,-50.84,-1.3,2.05,116.22,393.9,-115.55,-25.35,False
2143,-314.59,-110.15,-1.43,1.96,121.01,394.0,-127.52,-28.08,False
2144,-366.29,-211.44,-1.66,1.79,129.18,394.16,-147.95,-32.74,False
2145,-234.71,46.35,-1.08,2.21,108.38,393.75,-95.94,-20.88,False
2146,-278.15,-38.76,-1.27,2.07,115.24,393.88,-113.11,-24.8,False
2147,-342.17,-164.17,-1.55,1.87,125.37,394.08,-138.42,-30.57,False
2148,-372.82,-224.22,-1.69,1.77,130.21,394.18,-150.53,-33.33,False
2149,-216.2,82.61,-0.99,2.27,105.45,393.69,-88.62,-19.21,False
2150,-362.33,-203.67,-1.64,1.8,128.55,394.14,-146.39,-32.39,False
2151,-412.49,-301.94,-1.86,1.64,136.49,394.3,-166.21,-36.91,False
2152,-229.52,56.5,-1.05,2.23,107.56,393.73,-93.89,-20.41,False
2153,-394.59,-266.87,-1.78,1.7,133.65,394.24,-159.14,-35.29,False
2154,-286.71,-55.53,-1.31,2.05,116.6,393.91,-116.49,-25.57,False
2155,-297.82,-77.29,-1.36,2.01,118.35,393.94,-120.88,-26.57,False
2156,-214.34,86.26,-0.99,2.28,105.15,393.69,-87.89,-19.04,False
2157,-348.89,-177.35,-1.58,1.85,126.43,394.1,-141.07,-31.17,False
2158,-329.82,-139.98,-1.5,1.91,123.41,394.04,-133.53,-29.46,False
2159,-387.38,-252.75,-1.75,1.72,132.52,394.22,-156.29,-34.64,False
2160,-233.1,49.49,-1.07,2.22,108.12,393.74,-95.3,-20.74,False
2161,-218.73,77.64,-1.0,2.27,105.85,393.7,-89.62,-19.44,False
2162,-369.57,-217.85,-1.67,1.78,129.7,394.17,-149.25,-33.04,False
2163,-379.82,-237.94,-1.72,1.74,131.32,394.2,-153.3,-33.96,False
2164,-276.9,-36.32,-1.26,2.08,115.05,393.88,-112.62,-24.68,False
2165,-284.92,-52.03,-1.3,2.05,116.31,393.9,-115.79,-25.41,False
2166,-285.36,-52.88,-1.3,2.05,116.38,393.91,-115.96,-25.45,False
2167,-218.57,77.97,-1.0,2.27,105.82,393.7,-89.56,-19.43,False
2168,-264.89,-12.79,-1.21,2.12,113.15,393.84,-107.87,-23.6,False
2169,-289.48,-60.96,-1.32,2.04,117.04,393.92,-117.59,-25.82,False
2170,-336.82,-153.7,-1.53,1.88,124.52,394.06,-136.3,-30.09,False
2171,-281.17,-44.67,-1.28,2.06,115.72,393.89,-114.3,-25.07,False
2172,-374.44,-227.4,-1.69,1.76,130.47,394.18,-151.17,-33.48,False
2173,-417.55,-311.86,-1.89,1.62,137.29,394.31,-168.21,-37.36,False
2174,-339.62,-159.18,-1.54,1.88,124.96,394.07,-137.41,-30.34,False
2175,-260.78,-4.73,-1.19,2.13,112.5,393.83,-106.24,-23.23,False
2176,-342.29,-164.42,-1.55,1.87,125.39,394.08,-138.46,-30.58,False
2177,-393.67,-265.07,-1.78,1.7,133.51,394.24,-158.77,-35.21,False
2178,-249.51,17.36,-1.14,2.17,110.72,393.8,-101.79,-22.21,False
2179,-345.55,-170.79,-1.57,1.86,125.9,394.09,-139.75,-30.87,False
2180,-359.84,-198.79,-1.63,1.81,128.16,394.14,-145.4,-32.16,False
2181,-335.96,-152.01,-1.52,1.89,124.38,394.06,-135.96,-30.01,False
2182,-309.5,-100.17,-1.41,1.97,120.2,393.98,-125.5,-27.62,False
2183,-334.48,-149.12,-1.52,1.89,124.15,394.06,-135.38,-29.88,False
2184,-363.85,-206.66,-1.65,1.8,128.8,394.15,-146.99,-32.52,False
2185,-409.47,-296.02,-1.85,1.65,136.01,394.29,-165.02,-36.64,False
2186,-403.63,-284.58,-1.82,1.67,135.08,394.27,-162.71,-36.11,False
2187,-344.58,-168.9,-1.56,1.86,125.75,394.09,-139.37,-30.79,False
2188,-362.75,-204.5,-1.64,1.8,128.62,394.14,-146.55,-32.42,False
2189,-312.61,-106.26,-1.42,1.96,120.69,393.99,-126.73,-27.9,False
2190,-300.16,-81.87,-1.37,2.0,118.72,393.95,-121.81,-26.78,False
2191,-276.95,-36.41,-1.26,2.08,115.05,393.88,-112.64,-24.69,False
2192,-261.52,-6.18,-1.19,2.13,112.61,393.83,-106.54,-23.3,False
2193,-324.91,-130.36,-1.48,1.92,122.64,394.03,-131.59,-29.01,False
2194,-271.27,-25.27,-1.24,2.1,114.16,393.86,-110.39,-24.18,False
2195,-224.17,67.0,-1.03,2.25,106.71,393.72,-91.77,-19.93,False
2196,-325.42,-131.36,-1.48,1.92,122.72,394.03,-131.8,-29.06,False
2197,-281.31,-44.95,-1.28,2.06,115.74,393.89,-114.36,-25.08,False
2198,-254.46,7.65,-1.16,2.15,111.5,393.81,-103.75,-22.66,False
2199,-338.57,-157.14,-1.54,1.88,124.8,394.07,-137.0,-30.24,False
2200,-398.28,-274.09,-1.8,1.69,134.24,394.25,-160.59,-35.63,False
2201,-385.72,-249.5,-1.74,1.73,132.25,394.22,-155.63,-34.49,False
2202,-271.79,-26.3,-1.24,2.09,114.24,393.86,-110.6,-24.22,False
2203,-218.13,78.83,-1.0,2.27,105.75,393.7,-89.38,-19.39,False
2204,-338.22,-156.44,-1.53,1.88,124.74,394.07,-136.86,-30.21,False
2205,-219.05,77.02,-1.01,2.27,105.9,393.7,-89.75,-19.47,False
2206,-271.5,-25.73,-1.24,2.1,114.19,393.86,-110.48,-24.2,False
2207,-389.79,-257.48,-1.76,1.71,132.9,394.23,-157.24,-34.86,False
2208,-396.96,-271.51,-1.79,1.69,134.03,394.25,-160.07,-35.51,False
2209,-225.13,65.12,-1.03,2.25,106.86,393.72,-92.15,-20.02,False
2210,-255.63,5.35,-1.17,2.15,111.68,393.81,-104.21,-22.77,False
2211,-313.29,-107.6,-1.42,1.96,120.8,393.99,-127.0,-27.97,False
2212,-244.48,27.21,-1.12,2.18,109.92,393.78,-99.8,-21.76,False
2213,-338.83,-157.65,-1.54,1.88,124.84,394.07,-137.1,-30.27,False
2214,-243.99,28.17,-1.12,2.18,109.84,393.78,-99.61,-21.72,False
