,nuc,arexp,ent,ndev,age,asexp,la,ld,target
0,37.67,37.0,1.98,0.83,8.33,27.0,116.0,230.0,True
1,59.0,147.0,2.64,0.67,4.44,0.06,285.0,203.0,True
2,24.67,165.0,2.88,0.5,28.08,0.2,216.0,184.0,True
3,68.42,37.0,2.45,0.58,13.75,0.25,74.0,197.0,True
4,119.7,286.0,2.25,0.8,8.2,0.2,177.0,179.0,True
5,97.27,343.0,2.38,0.73,28.27,0.02,238.0,130.0,True
6,74.3,16.0,2.81,0.9,14.7,1.66,179.0,113.0,True
7,159.7,113.0,2.62,0.9,18.0,1.26,158.0,164.0,True
8,160.7,114.0,2.62,0.9,0.0,1.26,158.0,164.0,True
9,137.56,20.0,1.97,1.0,28.33,0.35,184.0,15.0,True
10,128.45,21.0,2.54,0.91,0.0,0.35,249.0,18.0,True
11,137.62,222.0,2.09,1.0,11.88,1.26,123.0,21.0,True
12,132.0,0.0,2.76,1.0,8.44,0.0,239.0,33.0,False
13,404.25,7.0,1.68,2.5,8.75,1.98,43.0,28.0,True
14,185.71,9.0,2.2,1.29,40.43,1.48,126.0,37.0,True
15,94.35,14.0,2.88,0.45,9.7,1.48,258.0,270.0,True
16,191.44,23.0,2.22,1.11,2.11,1.0,178.0,68.0,True
17,324.67,253.0,2.14,1.83,1.17,0.88,46.0,7.0,True
18,257.0,261.0,1.78,1.8,8.0,1.66,106.0,52.0,True
19,147.29,262.0,2.68,0.71,3.93,0.46,137.0,204.0,True
20,152.57,30.0,2.7,0.71,8.0,1.48,472.0,241.0,True
21,189.22,32.0,2.22,1.11,11.56,1.0,39.0,30.0,True
22,165.78,46.0,2.04,1.0,44.67,1.48,196.0,67.0,True
23,150.25,262.5,1.82,2.75,25.5,0.25,84.0,18.0,True
24,300.6,52.0,1.92,1.8,17.2,1.99,43.0,6.0,True
25,199.31,439.0,2.4,0.77,35.69,1.26,255.0,216.0,True
26,200.31,442.0,2.55,0.77,0.0,1.26,306.0,228.0,True
27,215.27,65.0,2.8,0.91,28.09,1.48,87.0,16.0,True
28,307.1,468.0,2.01,1.1,23.9,0.6,87.0,48.0,True
29,301.83,481.0,2.12,1.5,27.0,1.66,37.0,34.0,True
30,279.5,76.0,2.35,1.5,32.33,1.99,52.0,29.0,True
31,321.8,80.0,2.17,1.8,26.6,1.99,17.0,3.0,True
32,282.91,95.0,2.0,1.0,7.91,0.99,164.0,15.0,True
33,386.0,121.0,2.3,1.83,19.5,1.99,55.0,13.0,True
34,364.6,129.0,2.03,2.0,20.4,1.99,22.0,3.0,True
35,64.07,7.0,2.44,0.87,15.67,0.99,187.0,20.0,True
36,101.67,325.0,2.55,1.33,33.22,0.25,91.0,64.0,True
37,204.25,11.0,1.59,1.5,8.62,11.0,256.0,59.0,True
38,184.22,13.0,1.61,1.44,8.44,1.0,257.0,59.0,True
39,169.92,133.0,2.28,0.85,22.85,1.99,100.0,50.0,True
40,411.2,135.0,1.76,2.4,20.8,1.48,66.0,6.0,True
41,454.67,10.0,1.98,2.5,3.33,0.28,62.0,0.0,True
42,454.67,10.0,1.98,2.5,3.33,0.28,62.0,0.0,True
43,80.93,388.5,2.78,1.0,7.71,264.0,244.0,133.0,True
44,113.86,397.0,2.06,2.0,10.43,0.25,171.0,2.0,True
45,269.25,187.0,1.91,1.62,33.62,1.99,204.0,60.0,False
46,375.4,0.0,1.82,2.6,26.8,0.0,56.0,3.0,True
47,468.75,0.0,1.52,3.25,20.75,0.0,65.0,3.0,True
48,272.0,202.0,2.31,1.75,12.0,1.99,64.0,34.0,True
49,110.15,59.0,2.79,1.0,17.15,1.0,237.0,160.0,True
50,491.5,6.0,2.21,2.5,20.0,0.98,67.0,7.0,True
51,340.17,204.0,1.71,2.5,18.5,1.48,41.0,9.0,True
52,290.43,15.0,2.25,2.14,41.14,0.63,148.0,39.0,True
53,424.2,230.5,1.51,3.0,15.6,1.0,255.0,157.0,True
54,40.0,233.0,2.14,1.29,25.86,0.98,378.0,216.0,True
55,160.4,519.67,2.24,2.6,13.8,319.0,59.0,40.0,True
56,82.15,521.0,2.85,1.23,18.77,0.25,234.0,111.0,True
57,528.75,3.0,1.44,3.75,0.75,1.75,245.0,71.0,True
58,399.0,238.0,1.92,3.0,45.6,0.99,68.0,18.0,True
59,490.67,31.0,2.19,2.67,10.83,1.0,48.0,0.0,True
60,348.83,248.0,2.23,2.67,2.5,1.99,100.0,13.0,True
61,146.21,42.0,3.28,0.84,28.47,0.4,300.0,283.0,False
62,97.33,88.0,2.68,1.56,17.67,1.0,157.0,19.0,True
63,242.67,804.5,2.59,1.89,32.0,1.66,298.0,97.0,True
64,436.67,73.0,2.29,2.11,23.22,1.0,104.0,67.0,True
65,568.83,90.5,1.81,3.17,23.5,1.0,191.0,9.0,True
66,366.0,100.0,2.21,2.43,58.86,0.94,66.0,46.0,True
67,412.25,111.0,2.29,2.12,21.5,0.49,77.0,24.0,True
68,289.5,114.0,2.21,1.36,18.57,0.66,153.0,57.0,False
69,406.43,160.0,1.63,2.86,20.71,0.49,85.0,35.0,True
70,213.8,108.0,1.77,3.6,4.6,82.0,86.0,14.0,True
71,443.88,181.0,2.32,2.62,4.62,0.33,122.0,1.0,True
72,321.0,4.0,2.23,2.5,35.25,0.91,30.0,13.0,True
73,183.67,108.0,1.83,3.17,4.33,1.0,86.0,14.0,True
74,162.67,190.0,2.3,1.67,25.78,0.0,120.0,12.0,True
75,266.0,168.0,1.5,5.33,30.33,94.0,3.0,5.0,True
76,325.22,207.0,2.01,2.22,16.22,0.4,157.0,49.0,True
77,249.83,216.0,2.51,1.67,18.58,0.4,236.0,181.0,True
78,695.0,187.0,1.93,5.25,11.5,0.81,18.0,2.0,True
79,612.5,245.0,1.6,5.5,42.25,0.94,100.0,40.0,True
80,461.43,642.5,2.25,3.29,6.57,0.2,77.0,2.0,True
81,338.11,269.0,1.97,2.44,13.56,0.4,26.0,93.0,True
82,89.31,148.0,3.36,1.54,20.77,78.0,216.0,189.0,False
83,365.0,151.0,2.18,3.14,11.43,1.0,107.0,25.0,True
84,422.86,44.0,2.61,3.29,6.29,1.03,12.0,7.0,True
85,413.57,330.0,1.45,3.29,16.71,0.66,135.0,318.0,False
86,333.75,0.0,2.25,3.0,39.88,0.0,572.0,66.0,False
87,576.0,158.5,1.49,4.8,25.8,1.0,59.0,5.0,True
88,539.43,22.0,2.0,3.57,10.29,0.93,563.0,121.0,True
89,428.62,28.0,1.87,3.62,27.0,0.63,42.0,6.0,True
90,599.8,406.0,2.0,5.2,18.4,0.94,28.0,12.0,True
91,415.75,413.0,2.44,3.25,51.62,0.94,73.0,424.0,True
92,356.18,32.0,2.45,2.45,47.0,0.64,11.0,406.0,True
93,596.5,456.0,2.29,4.5,25.5,0.94,95.0,34.0,False
94,579.0,196.5,2.45,4.0,8.57,0.5,25.0,18.0,True
95,346.83,0.0,2.65,2.25,27.0,0.0,204.0,26.0,False
96,267.57,691.33,1.88,3.0,34.57,0.19,182.0,55.0,True
97,598.33,476.0,2.32,4.67,13.67,0.94,17.0,3.0,True
98,412.5,544.5,1.91,3.75,9.5,0.5,99.0,25.0,True
99,470.83,570.0,2.57,2.67,16.17,0.33,140.0,38.0,True
100,318.73,574.0,2.6,2.73,25.55,0.49,56.0,45.0,True
101,107.0,58.0,1.71,3.5,18.25,30.0,54.0,12.0,True
102,434.45,74.0,3.21,2.91,24.0,0.64,169.0,35.0,False
103,306.5,587.5,2.1,2.5,48.17,0.94,56.0,200.0,True
104,595.25,3.0,1.62,4.38,25.75,0.56,62.0,13.0,True
105,384.25,132.67,2.17,4.5,3.0,0.99,38.0,24.0,True
106,653.12,98.5,2.09,5.12,7.88,1.67,161.0,54.0,True
107,481.0,7.0,2.02,5.29,13.71,1.12,77.0,13.0,True
108,384.11,7.0,2.78,4.22,18.0,0.34,99.0,91.0,False
109,707.5,8.0,1.52,6.5,16.67,0.55,119.0,99.0,True
110,307.33,647.5,2.77,3.17,37.67,0.49,194.0,54.0,True
111,657.17,222.67,1.91,6.67,5.83,1.0,100.0,16.0,True
112,501.0,646.5,2.31,4.1,40.2,0.49,189.0,88.0,True
113,258.44,18.0,3.09,2.22,31.22,0.56,361.0,396.0,False
114,284.2,26.0,1.79,6.0,17.8,9.0,84.0,4.0,True
115,118.75,666.5,1.69,4.75,2.75,0.0,115.0,151.0,True
116,541.17,9.0,1.86,6.83,44.17,1.53,142.0,43.0,True
117,325.73,21.0,2.67,3.13,36.53,0.25,48.0,113.0,True
118,583.17,71.0,1.77,7.83,3.67,0.38,114.0,10.0,True
119,299.44,33.0,2.75,3.25,36.75,0.83,262.0,108.0,True
120,369.83,73.0,2.39,3.92,22.08,0.22,104.0,33.0,True
121,476.88,692.5,2.46,5.88,56.88,0.94,59.0,39.0,False
122,478.5,696.0,2.46,5.88,0.88,0.94,39.0,59.0,True
123,493.0,35.0,1.52,6.71,33.0,0.84,201.0,9.0,True
124,579.17,40.0,1.58,8.17,4.33,0.84,216.0,44.0,True
125,712.2,237.33,1.9,10.0,40.4,0.63,51.0,31.0,False
126,141.38,7.0,2.32,2.5,34.25,0.05,130.0,53.0,True
127,671.6,22.0,1.73,10.0,20.0,0.51,127.0,10.0,True
128,525.14,25.0,1.77,7.14,23.86,0.51,205.0,48.0,False
129,505.71,0.0,2.09,7.29,9.43,0.0,621.0,26.0,False
130,495.5,112.0,2.57,6.62,55.38,0.69,108.0,31.0,False
131,488.43,32.0,1.63,7.57,10.86,1.59,102.0,15.0,True
132,816.83,66.0,1.92,9.17,21.0,0.84,44.0,42.0,False
133,393.0,70.0,1.5,8.67,0.67,1.0,4.0,4.0,True
134,302.92,248.67,2.73,4.58,45.75,0.63,330.0,101.0,False
135,645.0,1.0,2.11,9.5,51.0,0.33,358.0,62.0,False
136,629.33,5.0,1.93,10.0,7.67,1.07,105.0,22.0,False
137,456.78,6.0,2.38,7.0,20.67,0.45,443.0,44.0,True
138,89.57,20.0,2.17,3.43,33.71,36.0,1.0,16.0,True
139,746.4,106.5,1.61,12.0,12.0,0.84,213.0,20.0,True
140,390.0,65.0,2.53,6.3,26.8,0.96,331.0,25.0,False
141,527.67,71.0,2.74,6.89,25.67,1.07,16.0,24.0,True
142,478.62,7.0,2.09,8.0,35.62,0.78,128.0,17.0,True
143,516.14,8.0,2.16,9.14,11.43,1.08,343.0,234.0,True
144,333.87,267.17,3.28,5.4,54.73,0.63,115.0,48.0,False
145,484.78,33.0,2.56,8.56,19.67,0.83,197.0,22.0,False
146,297.0,8.0,3.21,4.88,43.44,0.94,211.0,25.0,False
147,235.4,1.0,1.75,5.4,54.0,1.0,35.0,16.0,False
148,289.25,2.0,1.85,6.75,5.5,2.0,17.0,8.0,True
149,379.0,130.33,3.01,6.83,63.58,0.45,14.0,12.0,True
150,322.25,10.0,3.29,6.58,23.25,0.94,150.0,45.0,False
151,209.25,487.0,2.43,5.12,23.0,332.0,40.0,38.0,True
152,578.8,15.0,2.01,8.3,26.4,1.08,252.0,105.0,True
153,320.82,11.0,2.35,4.88,31.82,0.33,42.0,292.0,True
154,477.89,12.0,2.0,8.78,55.11,1.48,192.0,11.0,True
155,479.31,16.0,2.39,6.38,6.54,1.08,286.0,143.0,True
156,349.18,90.0,2.45,7.27,77.36,1.59,168.0,71.0,True
157,380.36,111.0,2.49,7.36,52.0,1.07,69.0,15.0,True
158,424.11,20.0,1.89,9.0,41.89,1.39,439.0,36.0,False
159,609.62,16.0,2.12,10.25,27.5,1.0,138.0,89.0,False
160,125.67,288.58,1.77,4.5,19.0,165.0,21.0,7.0,True
161,637.14,0.0,2.8,12.57,51.86,0.0,34.0,1.0,True
162,435.0,21.0,2.98,9.1,20.2,1.0,152.0,34.0,False
163,427.4,155.0,3.08,9.1,7.7,1.07,63.0,46.0,True
164,637.43,197.0,1.9,13.43,42.71,0.34,297.0,2.0,True
165,366.38,59.87,2.53,7.31,41.31,0.26,236.0,261.0,True
166,454.09,24.0,2.42,8.45,19.27,1.0,200.0,115.0,False
167,542.4,206.0,2.25,9.3,19.3,0.51,238.0,77.0,True
168,637.25,211.0,1.67,11.62,4.38,0.51,136.0,41.0,True
169,679.75,1.0,1.63,11.88,14.5,0.33,160.0,1.0,True
170,319.86,416.5,2.59,6.79,53.0,0.45,423.0,86.0,True
171,349.83,27.0,2.8,8.08,8.5,0.99,535.0,150.0,False
172,255.88,88.0,2.92,5.71,35.71,1.15,503.0,254.0,True
173,120.14,753.33,2.43,4.43,31.29,0.0,64.0,223.0,True
174,551.88,7.0,2.72,12.62,43.88,0.7,152.0,95.0,False
175,519.62,238.0,2.09,12.12,20.0,0.51,270.0,30.0,True
176,333.3,6.0,2.9,5.1,23.75,1.16,432.0,155.0,True
177,331.64,48.0,2.23,6.86,62.21,0.71,405.0,27.0,False
178,648.78,290.92,2.5,11.44,2.78,0.5,415.0,52.0,True
179,109.22,1.0,2.97,3.56,0.0,1.0,32.0,30.0,True
180,671.75,72.62,2.21,12.75,18.88,0.17,150.0,15.0,True
181,599.78,73.62,2.41,11.33,10.89,0.17,157.0,18.0,True
182,595.57,259.0,1.68,14.43,5.71,0.51,191.0,15.0,True
183,53.25,11.0,1.88,3.5,33.5,0.59,117.0,8.0,True
184,109.67,81.62,1.58,7.33,9.0,52.0,11.0,24.0,True
185,121.11,98.0,2.88,4.11,24.78,1.38,50.0,14.0,True
186,53.2,2.0,2.04,4.6,28.0,1.0,3.0,8.0,True
187,64.0,3.0,1.95,5.4,45.4,1.25,23.0,11.0,True
188,117.9,311.5,1.9,2.19,27.48,0.98,294.0,209.0,True
189,525.2,296.92,2.29,10.6,27.6,0.63,78.0,61.0,False
190,464.18,14.5,2.3,9.64,16.36,0.92,215.0,11.0,True
191,700.12,79.0,2.74,13.25,7.0,0.53,30.0,0.0,False
192,699.6,0.0,2.67,11.1,13.3,0.0,60.0,30.0,False
193,617.14,81.0,1.95,15.29,3.43,1.08,144.0,45.0,True
194,338.23,83.0,2.14,8.23,34.62,0.71,19.0,344.0,False
195,69.0,31.0,2.16,3.08,22.42,0.34,247.0,27.0,True
196,445.82,88.0,2.76,10.09,42.73,0.45,101.0,35.0,False
197,203.83,90.0,2.99,4.74,42.7,1.08,439.0,10.0,True
198,62.56,86.5,2.54,3.33,27.78,0.58,166.0,40.0,True
199,339.86,14.0,2.5,8.07,22.0,0.73,523.0,118.0,False
200,617.29,101.0,2.51,15.86,16.43,1.08,16.0,22.0,True
201,703.33,19.5,1.93,12.89,34.44,0.64,101.0,1.0,True
202,270.78,226.26,1.94,2.73,8.07,1.56,169.69,66.55,True
203,271.68,223.99,1.95,2.79,8.08,1.56,173.86,67.5,True
204,321.68,97.97,2.49,6.18,8.35,1.2,404.9,120.28,True
205,325.66,87.92,2.53,6.45,8.37,1.17,423.31,124.49,True
206,331.38,73.51,2.6,6.83,8.4,1.13,449.73,130.52,True
207,270.87,226.04,1.94,2.74,8.07,1.56,170.09,66.64,True
208,315.11,114.53,2.42,5.73,8.31,1.25,374.52,113.34,True
209,289.04,180.23,2.13,3.97,8.17,1.43,254.09,85.83,True
210,257.68,259.29,1.79,1.85,8.0,1.66,109.14,52.72,True
211,273.2,220.18,1.96,2.9,8.09,1.55,180.84,69.1,True
212,306.99,135.0,2.33,5.18,8.27,1.3,337.0,104.77,True
213,315.87,112.6,2.43,5.78,8.32,1.24,378.07,114.15,True
214,339.96,51.9,2.69,7.41,8.45,1.07,489.36,139.57,True
215,268.03,233.19,1.91,2.55,8.06,1.58,156.98,63.65,True
216,337.25,58.73,2.66,7.23,8.43,1.09,476.83,136.71,True
217,268.9,230.99,1.91,2.61,8.06,1.58,161.01,64.57,True
218,312.23,121.78,2.39,5.54,8.3,1.27,361.24,110.31,True
219,321.34,98.81,2.49,6.16,8.35,1.2,403.35,119.93,True
220,291.94,172.93,2.17,4.16,8.19,1.41,267.45,88.88,True
221,317.05,109.64,2.44,5.86,8.32,1.23,383.49,115.39,True
222,307.0,134.98,2.33,5.18,8.27,1.3,337.04,104.78,True
223,320.6,100.69,2.48,6.1,8.34,1.21,399.91,119.14,True
224,288.96,180.45,2.13,3.96,8.17,1.43,253.68,85.74,True
225,308.09,132.21,2.34,5.26,8.28,1.3,342.11,105.94,True
226,347.48,32.93,2.77,7.92,8.49,1.01,524.12,147.51,True
227,328.75,80.13,2.57,6.66,8.39,1.15,437.59,127.75,True
228,300.1,152.36,2.26,4.72,8.23,1.35,305.16,97.5,True
229,266.12,238.01,1.88,2.42,8.05,1.6,148.14,61.63,True
230,312.82,120.31,2.39,5.58,8.3,1.26,363.94,110.92,True
231,317.92,107.44,2.45,5.92,8.33,1.22,387.53,116.31,True
232,288.3,182.11,2.13,3.92,8.17,1.44,250.63,85.04,True
233,332.15,71.57,2.61,6.89,8.4,1.12,453.29,131.33,True
234,302.63,145.97,2.28,4.89,8.25,1.34,316.88,100.17,True
235,349.52,27.78,2.8,8.06,8.5,1.0,533.56,149.67,False
236,344.53,40.36,2.74,7.72,8.47,1.03,510.51,144.41,True
237,321.44,98.57,2.49,6.16,8.35,1.2,403.79,120.03,True
238,272.95,220.8,1.96,2.88,8.09,1.55,179.69,68.83,True
239,274.02,218.11,1.97,2.95,8.09,1.54,184.64,69.96,True
240,307.58,133.52,2.34,5.22,8.27,1.3,339.72,105.39,True
241,258.31,257.71,1.8,1.89,8.01,1.65,112.04,53.38,True
242,302.41,146.53,2.28,4.87,8.24,1.34,315.85,99.94,True
243,301.89,147.86,2.28,4.84,8.24,1.34,313.42,99.38,True
244,347.44,33.04,2.77,7.92,8.49,1.01,523.93,147.47,True
245,282.58,196.52,2.06,3.53,8.14,1.48,224.21,79.0,True
246,327.19,84.07,2.55,6.55,8.38,1.16,430.38,126.1,True
247,302.5,146.32,2.28,4.88,8.25,1.34,316.24,100.03,True
248,264.97,240.9,1.87,2.34,8.04,1.61,142.85,60.42,True
249,274.53,216.82,1.98,2.99,8.09,1.54,187.0,70.5,True
250,313.87,117.65,2.41,5.65,8.31,1.25,368.82,112.04,True
251,285.58,188.95,2.1,3.73,8.15,1.46,238.09,82.18,True
252,277.52,209.27,2.01,3.19,8.11,1.52,200.83,73.66,True
253,307.51,133.68,2.34,5.22,8.27,1.3,339.42,105.32,True
254,329.59,78.03,2.58,6.71,8.39,1.14,441.45,128.63,True
255,332.22,71.41,2.61,6.89,8.41,1.12,453.59,131.4,True
256,276.8,211.1,2.0,3.14,8.11,1.52,197.49,72.9,True
257,265.71,239.04,1.88,2.39,8.05,1.6,146.26,61.2,True
258,262.25,247.76,1.84,2.16,8.03,1.63,130.27,57.54,True
259,292.41,171.75,2.17,4.2,8.19,1.41,269.62,89.38,True
260,288.07,182.67,2.12,3.9,8.17,1.44,249.6,84.8,True
261,348.0,31.61,2.78,7.96,8.49,1.01,526.54,148.07,True
262,271.57,224.26,1.94,2.79,8.08,1.56,173.35,67.39,True
263,342.6,45.24,2.72,7.59,8.46,1.05,501.57,142.36,True
264,331.86,72.29,2.6,6.87,8.4,1.12,451.96,131.03,True
265,305.86,137.85,2.32,5.11,8.26,1.31,331.78,103.58,True
266,279.61,204.02,2.03,3.33,8.12,1.5,210.47,75.86,True
267,276.6,211.59,2.0,3.13,8.11,1.52,196.59,72.69,True
268,278.94,205.71,2.02,3.28,8.12,1.51,207.37,75.16,True
269,293.05,170.13,2.18,4.24,8.19,1.4,272.6,90.06,True
270,304.5,141.26,2.3,5.02,8.26,1.32,325.52,102.15,True
271,296.32,161.89,2.21,4.46,8.21,1.38,287.71,93.51,True
272,348.1,31.36,2.78,7.97,8.49,1.01,527.01,148.17,False
273,330.55,75.59,2.59,6.78,8.4,1.13,445.91,129.65,True
274,290.23,177.23,2.15,4.05,8.18,1.42,259.58,87.08,True
275,328.14,81.67,2.56,6.62,8.38,1.15,434.77,127.1,True
276,262.99,245.9,1.85,2.21,8.03,1.62,133.68,58.32,True
277,299.69,153.4,2.25,4.69,8.23,1.36,303.26,97.06,True
278,297.96,157.74,2.23,4.57,8.22,1.37,295.31,95.24,True
279,261.37,249.98,1.83,2.1,8.02,1.63,126.2,56.61,True
280,334.62,65.34,2.63,7.05,8.42,1.1,464.72,133.94,True
281,279.81,203.51,2.03,3.34,8.12,1.5,211.4,76.08,True
282,340.69,50.04,2.7,7.46,8.45,1.06,492.76,140.35,True
283,278.76,206.15,2.02,3.27,8.12,1.51,206.56,74.97,True
284,322.95,94.76,2.51,6.26,8.36,1.19,410.78,121.62,True
285,272.37,222.26,1.95,2.84,8.08,1.55,177.02,68.22,True
286,347.97,31.71,2.78,7.96,8.49,1.01,526.37,148.03,True
287,285.92,188.1,2.1,3.76,8.16,1.46,239.65,82.53,True
288,260.74,251.58,1.83,2.05,8.02,1.64,123.28,55.95,True
289,271.44,224.61,1.94,2.78,8.08,1.56,172.71,67.24,True
290,287.45,184.24,2.12,3.86,8.16,1.44,246.72,84.15,True
291,315.75,112.92,2.43,5.78,8.32,1.24,377.48,114.02,True
292,307.78,133.0,2.34,5.24,8.27,1.3,340.66,105.61,True
293,341.56,47.85,2.71,7.52,8.46,1.05,496.78,141.27,True
294,348.99,29.13,2.79,8.03,8.5,1.0,531.09,149.11,False
295,323.21,94.1,2.51,6.28,8.36,1.19,411.98,121.9,True
296,304.74,140.66,2.31,5.03,8.26,1.32,326.61,102.4,True
297,268.71,231.48,1.91,2.59,8.06,1.58,160.11,64.36,True
298,259.06,255.82,1.81,1.94,8.01,1.65,115.5,54.17,True
299,336.0,61.87,2.65,7.15,8.43,1.09,471.07,135.4,True
300,347.78,32.17,2.78,7.94,8.49,1.01,525.51,147.83,True
301,326.7,85.31,2.55,6.52,8.38,1.16,428.11,125.58,True
302,270.51,226.95,1.93,2.71,8.07,1.57,168.42,66.26,True
303,342.33,45.92,2.72,7.58,8.46,1.05,500.32,142.08,True
304,276.02,213.05,1.99,3.09,8.1,1.53,193.9,72.08,True
305,328.14,81.69,2.56,6.61,8.38,1.15,434.73,127.09,True
306,277.69,208.84,2.01,3.2,8.11,1.52,201.62,73.84,True
307,297.14,159.81,2.22,4.52,8.22,1.37,291.51,94.38,True
308,261.41,249.88,1.83,2.1,8.02,1.63,126.38,56.66,True
309,316.11,112.01,2.43,5.8,8.32,1.24,379.15,114.4,True
310,260.01,253.41,1.82,2.0,8.02,1.64,119.92,55.18,True
311,281.29,199.78,2.05,3.44,8.13,1.49,218.24,77.64,True
312,305.71,138.21,2.32,5.1,8.26,1.31,331.12,103.43,True
313,322.82,95.09,2.5,6.26,8.35,1.19,410.17,121.48,True
314,260.84,251.33,1.83,2.06,8.02,1.64,123.73,56.05,True
315,264.26,242.71,1.86,2.29,8.04,1.61,139.54,59.66,True
316,281.37,199.56,2.05,3.45,8.13,1.49,218.63,77.73,True
317,335.18,63.93,2.64,7.09,8.42,1.1,467.29,134.53,True
318,268.55,231.88,1.91,2.58,8.06,1.58,159.38,64.19,True
319,287.99,182.87,2.12,3.9,8.17,1.44,249.23,84.72,True
320,267.81,233.75,1.9,2.53,8.06,1.59,155.96,63.41,True
321,328.55,80.66,2.57,6.64,8.39,1.15,436.63,127.53,True
322,299.85,152.99,2.25,4.7,8.23,1.36,304.03,97.24,True
323,325.64,87.99,2.53,6.45,8.37,1.17,423.19,124.46,True
324,283.75,193.57,2.08,3.61,8.14,1.47,229.62,80.24,True
325,284.91,190.64,2.09,3.69,8.15,1.46,234.99,81.47,True
326,336.24,61.27,2.65,7.16,8.43,1.09,472.18,135.65,True
327,323.05,94.52,2.51,6.27,8.36,1.19,411.22,121.72,True
328,342.36,45.84,2.72,7.58,8.46,1.05,500.46,142.11,True
329,287.19,184.9,2.11,3.84,8.16,1.45,245.52,83.87,True
330,345.57,37.74,2.75,7.8,8.48,1.03,515.32,145.5,True
331,269.82,228.68,1.92,2.67,8.07,1.57,165.25,65.54,True
332,316.38,111.33,2.43,5.82,8.32,1.24,380.39,114.68,True
333,310.47,126.21,2.37,5.42,8.29,1.28,353.11,108.45,True
334,271.21,225.17,1.94,2.76,8.08,1.56,171.69,67.01,True
335,289.45,179.21,2.14,4.0,8.17,1.43,255.95,86.25,True
336,294.68,166.02,2.2,4.35,8.2,1.39,280.14,91.78,True
337,340.34,50.92,2.7,7.44,8.45,1.06,491.15,139.98,True
338,327.67,82.87,2.56,6.58,8.38,1.15,432.57,126.6,True
339,285.5,189.17,2.1,3.73,8.15,1.46,237.69,82.08,True
340,331.09,74.24,2.59,6.81,8.4,1.13,448.39,130.22,True
341,319.21,104.19,2.46,6.01,8.34,1.22,393.49,117.67,True
342,331.58,73.0,2.6,6.85,8.4,1.13,450.66,130.73,True
343,283.13,195.15,2.07,3.57,8.14,1.48,226.73,79.58,True
344,258.88,256.25,1.81,1.93,8.01,1.65,114.7,53.99,True
345,341.84,47.14,2.71,7.54,8.46,1.05,498.07,141.56,True
346,261.3,250.16,1.83,2.09,8.02,1.63,125.88,56.54,True
347,276.53,211.78,2.0,3.12,8.11,1.52,196.24,72.61,True
348,316.26,111.62,2.43,5.81,8.32,1.24,379.86,114.56,True
349,265.13,240.51,1.87,2.35,8.04,1.61,143.56,60.58,True
350,272.75,221.31,1.96,2.87,8.08,1.55,178.76,68.62,True
351,297.66,158.52,2.23,4.55,8.22,1.37,293.88,94.92,True
352,278.32,207.26,2.02,3.24,8.11,1.51,204.53,74.51,True
353,262.25,247.77,1.84,2.16,8.03,1.63,130.26,57.54,True
354,264.64,241.73,1.87,2.32,8.04,1.61,141.32,60.07,True
355,261.3,250.17,1.83,2.09,8.02,1.63,125.86,56.54,True
356,275.94,213.26,1.99,3.08,8.1,1.53,193.53,71.99,True
357,325.72,87.78,2.54,6.45,8.37,1.17,423.57,124.55,True
358,308.16,132.05,2.34,5.26,8.28,1.3,342.41,106.01,True
359,340.05,51.65,2.69,7.42,8.45,1.07,489.81,139.68,True
360,339.25,53.69,2.68,7.37,8.44,1.07,486.07,138.82,True
361,310.57,125.97,2.37,5.43,8.29,1.28,353.55,108.55,True
362,323.24,94.04,2.51,6.28,8.36,1.19,412.09,121.92,True
363,299.19,154.67,2.25,4.66,8.23,1.36,300.95,96.53,True
364,349.01,29.07,2.79,8.03,8.5,1.0,531.21,149.13,False
365,260.82,251.37,1.83,2.06,8.02,1.64,123.66,56.03,True
366,315.85,112.66,2.43,5.78,8.32,1.24,377.95,114.12,True
367,324.18,91.65,2.52,6.35,8.36,1.18,416.47,122.92,True
368,316.93,109.93,2.44,5.86,8.32,1.23,382.96,115.27,True
369,329.5,78.25,2.58,6.71,8.39,1.14,441.03,128.53,True
370,341.48,48.06,2.71,7.52,8.46,1.06,496.39,141.18,True
371,307.86,132.79,2.34,5.24,8.27,1.3,341.05,105.7,True
372,328.33,81.2,2.56,6.63,8.38,1.15,435.63,127.3,True
373,272.86,221.03,1.96,2.87,8.09,1.55,179.28,68.74,True
374,324.38,91.15,2.52,6.36,8.36,1.18,417.39,123.13,True
375,261.25,250.29,1.83,2.09,8.02,1.63,125.63,56.48,True
376,328.42,80.97,2.56,6.63,8.38,1.15,436.06,127.4,True
377,300.17,152.18,2.26,4.72,8.23,1.35,305.5,97.57,True
378,302.37,146.63,2.28,4.87,8.24,1.34,315.68,99.9,True
379,292.38,171.83,2.17,4.19,8.19,1.41,269.49,89.35,True
380,294.78,165.76,2.2,4.36,8.2,1.39,280.6,91.88,True
381,274.69,216.42,1.98,3.0,8.1,1.54,187.74,70.67,True
382,298.94,155.28,2.24,4.64,8.23,1.36,299.81,96.27,True
383,325.11,89.32,2.53,6.41,8.37,1.17,420.75,123.9,True
384,299.89,152.9,2.25,4.7,8.23,1.36,304.19,97.27,True
385,260.46,252.27,1.82,2.03,8.02,1.64,122.0,55.65,True
386,258.66,256.82,1.8,1.91,8.01,1.65,113.67,53.75,True
387,341.2,48.77,2.7,7.5,8.45,1.06,495.08,140.88,True
388,259.43,254.87,1.81,1.96,8.01,1.65,117.24,54.57,True
389,295.94,162.84,2.21,4.44,8.21,1.38,285.96,93.11,True
390,261.45,249.78,1.83,2.1,8.02,1.63,126.57,56.7,True
391,347.66,32.47,2.77,7.94,8.49,1.01,524.98,147.71,True
392,284.2,192.43,2.08,3.64,8.15,1.47,231.72,80.72,True
393,313.69,118.11,2.4,5.64,8.31,1.26,367.96,111.84,True
394,283.7,193.7,2.08,3.61,8.14,1.47,229.39,80.19,True
395,271.1,225.45,1.94,2.75,8.08,1.56,171.18,66.89,True
396,347.51,32.86,2.77,7.93,8.49,1.01,524.26,147.55,True
397,339.84,52.19,2.69,7.41,8.45,1.07,488.82,139.45,True
398,295.85,163.06,2.21,4.43,8.21,1.38,285.55,93.02,True
399,280.27,202.36,2.04,3.37,8.13,1.5,213.51,76.56,True
400,281.19,200.02,2.05,3.44,8.13,1.49,217.81,77.54,True
401,298.15,157.28,2.23,4.59,8.22,1.37,296.15,95.44,True
402,288.48,181.66,2.13,3.93,8.17,1.44,251.45,85.23,True
403,339.24,53.7,2.68,7.37,8.44,1.07,486.04,138.82,True
404,309.7,128.15,2.36,5.37,8.28,1.28,349.56,107.64,True
405,332.6,70.44,2.61,6.92,8.41,1.12,455.36,131.81,True
406,347.55,32.75,2.77,7.93,8.49,1.01,524.45,147.59,True
407,263.2,245.38,1.85,2.22,8.03,1.62,134.65,58.54,True
408,278.98,205.61,2.02,3.29,8.12,1.51,207.55,75.2,True
409,343.45,43.09,2.73,7.65,8.47,1.04,505.5,143.26,True
410,287.05,185.24,2.11,3.83,8.16,1.45,244.89,83.73,True
411,291.03,175.22,2.16,4.1,8.18,1.42,263.26,87.92,True
412,325.48,88.38,2.53,6.44,8.37,1.17,422.46,124.29,True
413,326.67,85.38,2.55,6.52,8.38,1.16,427.96,125.55,True
414,314.99,114.84,2.42,5.72,8.31,1.25,373.96,113.21,True
415,339.71,52.52,2.69,7.4,8.45,1.07,488.22,139.31,True
416,290.58,176.36,2.15,4.07,8.18,1.42,261.17,87.45,True
417,268.46,232.11,1.91,2.58,8.06,1.58,158.97,64.1,True
418,264.17,242.92,1.86,2.29,8.04,1.61,139.15,59.57,True
419,294.36,166.83,2.19,4.33,8.2,1.39,278.65,91.44,True
420,285.61,188.88,2.1,3.74,8.15,1.46,238.22,82.2,True
421,296.92,160.37,2.22,4.5,8.22,1.38,290.49,94.15,True
422,310.74,125.54,2.37,5.44,8.29,1.28,354.34,108.73,True
423,302.91,145.29,2.29,4.91,8.25,1.33,318.14,100.46,True
424,258.69,256.74,1.8,1.91,8.01,1.65,113.8,53.78,True
425,297.52,158.86,2.23,4.54,8.22,1.37,293.26,94.78,True
426,317.24,109.15,2.44,5.88,8.32,1.23,384.4,115.6,True
427,326.91,84.77,2.55,6.53,8.38,1.16,429.09,125.81,True
428,336.28,61.16,2.65,7.17,8.43,1.09,472.38,135.69,True
429,320.42,101.14,2.48,6.09,8.34,1.21,399.08,118.95,True
430,329.97,77.07,2.58,6.74,8.39,1.14,443.2,129.03,True
431,298.53,156.32,2.24,4.61,8.22,1.36,297.9,95.84,True
432,324.93,89.78,2.53,6.4,8.37,1.17,419.9,123.71,True
433,296.89,160.45,2.22,4.5,8.21,1.38,290.34,94.11,True
434,341.19,48.79,2.7,7.5,8.45,1.06,495.06,140.88,True
435,277.16,210.18,2.01,3.16,8.11,1.52,199.17,73.28,True
436,258.58,257.02,1.8,1.91,8.01,1.65,113.29,53.67,True
437,296.41,161.67,2.22,4.47,8.21,1.38,288.1,93.6,True
438,258.78,256.52,1.8,1.92,8.01,1.65,114.21,53.88,True
439,301.05,149.97,2.27,4.78,8.24,1.35,309.56,98.5,True
440,330.59,75.52,2.59,6.78,8.4,1.13,446.05,129.68,True
441,339.29,53.57,2.68,7.37,8.44,1.07,486.29,138.87,True
442,288.38,181.9,2.13,3.92,8.17,1.44,251.01,85.13,True
443,348.2,31.13,2.78,7.97,8.49,1.01,527.43,148.27,False
444,293.16,169.86,2.18,4.25,8.19,1.4,273.1,90.17,True
445,308.17,132.01,2.34,5.26,8.28,1.3,342.48,106.02,True
446,284.63,191.34,2.09,3.67,8.15,1.46,233.7,81.17,True
447,288.97,180.42,2.13,3.96,8.17,1.43,253.73,85.75,True
448,299.77,153.2,2.25,4.69,8.23,1.36,303.64,97.15,True
449,280.59,201.54,2.04,3.4,8.13,1.49,215.01,76.9,True
450,282.46,196.83,2.06,3.52,8.14,1.48,223.65,78.87,True
451,299.09,154.91,2.24,4.65,8.23,1.36,300.51,96.43,True
452,268.05,233.14,1.91,2.55,8.06,1.58,157.07,63.67,True
453,324.73,90.29,2.52,6.38,8.36,1.18,418.97,123.49,True
454,333.69,67.69,2.62,6.99,8.41,1.11,460.4,132.96,True
455,298.45,156.51,2.24,4.61,8.22,1.37,297.56,95.76,True
456,337.08,59.14,2.66,7.22,8.43,1.09,476.07,136.54,True
457,278.95,205.66,2.02,3.29,8.12,1.51,207.46,75.18,True
458,293.93,167.92,2.19,4.3,8.2,1.4,276.64,90.98,True
459,262.98,245.92,1.85,2.2,8.03,1.62,133.64,58.31,True
460,307.2,134.47,2.33,5.2,8.27,1.3,337.97,104.99,True
461,315.33,113.98,2.42,5.75,8.31,1.24,375.54,113.57,True
462,322.54,95.79,2.5,6.24,8.35,1.19,408.88,121.19,True
463,280.29,202.3,2.04,3.38,8.13,1.5,213.62,76.58,True
464,326.88,84.85,2.55,6.53,8.38,1.16,428.94,125.77,True
465,340.28,51.08,2.69,7.44,8.45,1.06,490.86,139.92,True
466,266.53,236.98,1.89,2.44,8.05,1.6,150.03,62.06,True
467,340.08,51.58,2.69,7.42,8.45,1.07,489.94,139.71,True
468,315.02,114.74,2.42,5.73,8.31,1.25,374.14,113.25,True
469,327.93,82.2,2.56,6.6,8.38,1.15,433.79,126.88,True
470,322.14,96.8,2.5,6.21,8.35,1.19,407.03,120.77,True
471,345.83,37.1,2.75,7.81,8.48,1.02,516.49,145.77,True
472,258.84,256.36,1.81,1.92,8.01,1.65,114.51,53.94,True
473,262.89,246.15,1.85,2.2,8.03,1.62,133.22,58.22,True
474,330.58,75.54,2.59,6.78,8.4,1.13,446.01,129.67,True
475,322.25,96.52,2.5,6.22,8.35,1.19,407.54,120.88,True
476,265.81,238.8,1.88,2.4,8.05,1.6,146.69,61.3,True
477,329.89,77.27,2.58,6.73,8.39,1.14,442.83,128.95,True
478,276.24,212.5,2.0,3.1,8.1,1.53,194.92,72.31,True
479,276.71,211.33,2.0,3.13,8.11,1.52,197.06,72.8,True
480,279.32,204.73,2.03,3.31,8.12,1.5,209.16,75.57,True
481,302.75,145.69,2.28,4.9,8.25,1.33,317.41,100.29,True
482,263.68,244.16,1.86,2.25,8.04,1.62,136.87,59.05,True
483,298.41,156.62,2.24,4.6,8.22,1.37,297.37,95.72,True
484,274.22,217.6,1.97,2.97,8.09,1.54,185.56,70.17,True
485,324.04,92.03,2.52,6.34,8.36,1.18,415.78,122.77,True
486,296.5,161.44,2.22,4.47,8.21,1.38,288.52,93.69,True
487,272.75,221.29,1.96,2.87,8.08,1.55,178.79,68.63,True
488,306.48,136.29,2.33,5.15,8.27,1.31,334.64,104.23,True
489,278.09,207.84,2.02,3.23,8.11,1.51,203.46,74.26,True
490,284.59,191.46,2.09,3.67,8.15,1.47,233.49,81.12,True
491,259.61,254.42,1.81,1.98,8.01,1.65,118.07,54.76,True
492,344.18,41.26,2.74,7.7,8.47,1.04,508.85,144.03,True
493,280.42,201.96,2.04,3.39,8.13,1.5,214.24,76.73,True
494,321.88,97.46,2.49,6.19,8.35,1.2,405.82,120.49,True
495,285.72,188.61,2.1,3.74,8.15,1.46,238.71,82.32,True
496,322.3,96.4,2.5,6.22,8.35,1.19,407.77,120.94,True
497,272.22,222.65,1.95,2.83,8.08,1.55,176.31,68.06,True
498,301.84,147.97,2.27,4.83,8.24,1.34,313.21,99.34,True
499,329.56,78.1,2.58,6.71,8.39,1.14,441.31,128.6,True
500,343.38,43.26,2.73,7.65,8.47,1.04,505.2,143.19,True
501,310.67,125.72,2.37,5.43,8.29,1.28,354.02,108.66,True
502,299.25,154.51,2.25,4.66,8.23,1.36,301.24,96.6,True
503,291.31,174.52,2.16,4.12,8.18,1.42,264.55,88.22,True
504,271.72,223.89,1.95,2.8,8.08,1.56,174.04,67.54,True
505,270.57,226.8,1.93,2.72,8.07,1.57,168.7,66.32,True
506,301.69,148.36,2.27,4.82,8.24,1.34,312.51,99.17,True
507,264.97,240.9,1.87,2.34,8.04,1.61,142.84,60.42,True
508,340.66,50.12,2.7,7.46,8.45,1.06,492.62,140.32,True
509,338.44,55.72,2.67,7.31,8.44,1.08,482.35,137.97,True
510,348.84,29.52,2.79,8.02,8.49,1.0,530.39,148.95,False
511,290.42,176.77,2.15,4.06,8.18,1.42,260.43,87.28,True
512,258.1,258.23,1.8,1.87,8.01,1.66,111.08,53.16,True
513,267.94,233.42,1.9,2.54,8.06,1.59,156.56,63.55,True
514,292.54,171.42,2.17,4.21,8.19,1.41,270.23,89.52,True
515,260.17,253.01,1.82,2.01,8.02,1.64,120.66,55.35,True
516,277.42,209.53,2.01,3.18,8.11,1.52,200.36,73.56,True
517,309.19,129.46,2.35,5.33,8.28,1.29,347.16,107.09,True
518,330.4,76.0,2.59,6.77,8.4,1.14,445.17,129.48,True
519,288.67,181.18,2.13,3.94,8.17,1.44,252.33,85.43,True
520,333.39,68.45,2.62,6.97,8.41,1.11,459.0,132.64,True
521,325.34,88.73,2.53,6.43,8.37,1.17,421.83,124.15,True
522,330.64,75.39,2.59,6.78,8.4,1.13,446.28,129.73,True
523,291.22,174.74,2.16,4.12,8.18,1.42,264.14,88.13,True
524,271.55,224.32,1.94,2.78,8.08,1.56,173.25,67.36,True
525,343.74,42.35,2.73,7.67,8.47,1.04,506.86,143.57,True
526,315.07,114.62,2.42,5.73,8.31,1.25,374.36,113.3,True
527,290.09,177.59,2.15,4.04,8.18,1.43,258.93,86.93,True
528,292.3,172.02,2.17,4.19,8.19,1.41,269.13,89.26,True
529,291.57,173.87,2.16,4.14,8.19,1.42,265.74,88.49,True
530,313.07,119.68,2.4,5.59,8.3,1.26,365.09,111.19,True
531,269.2,230.24,1.92,2.63,8.07,1.58,162.4,64.88,True
532,274.86,215.99,1.98,3.01,8.1,1.54,188.52,70.85,True
533,300.1,152.36,2.26,4.72,8.23,1.35,305.17,97.5,True
534,291.21,174.78,2.16,4.12,8.18,1.42,264.07,88.11,True
535,260.47,252.25,1.82,2.03,8.02,1.64,122.04,55.66,True
536,322.66,95.5,2.5,6.24,8.35,1.19,409.41,121.31,True
537,267.16,235.4,1.9,2.49,8.05,1.59,152.93,62.72,True
538,331.67,72.79,2.6,6.85,8.4,1.13,451.05,130.82,True
539,346.88,34.44,2.77,7.88,8.48,1.02,521.36,146.88,True
540,300.36,151.7,2.26,4.74,8.23,1.35,306.39,97.78,True
541,329.51,78.23,2.58,6.71,8.39,1.14,441.08,128.55,True
542,287.52,184.07,2.12,3.87,8.16,1.44,247.04,84.22,True
543,323.34,93.77,2.51,6.29,8.36,1.19,412.58,122.03,True
544,272.41,222.16,1.95,2.84,8.08,1.55,177.21,68.27,True
545,307.6,133.45,2.34,5.22,8.27,1.3,339.84,105.42,True
546,292.93,170.44,2.18,4.23,8.19,1.41,272.02,89.93,True
547,339.4,53.29,2.68,7.38,8.44,1.07,486.81,138.99,True
548,316.34,111.42,2.43,5.82,8.32,1.24,380.23,114.64,True
549,295.5,163.95,2.21,4.41,8.21,1.39,283.92,92.64,True
550,331.46,73.32,2.6,6.84,8.4,1.13,450.08,130.6,True
551,348.38,30.65,2.78,7.99,8.49,1.01,528.3,148.47,False
552,342.08,46.55,2.71,7.56,8.46,1.05,499.16,141.81,True
553,281.49,199.27,2.05,3.46,8.13,1.49,219.18,77.85,True
554,287.88,183.15,2.12,3.89,8.17,1.44,248.72,84.6,True
555,291.02,175.25,2.16,4.1,8.18,1.42,263.21,87.91,True
556,315.08,114.61,2.42,5.73,8.31,1.25,374.39,113.31,True
557,329.66,77.84,2.58,6.72,8.39,1.14,441.78,128.71,True
558,341.36,48.37,2.71,7.51,8.45,1.06,495.82,141.05,True
559,278.18,207.6,2.02,3.23,8.11,1.51,203.9,74.36,True
560,258.52,257.16,1.8,1.9,8.01,1.65,113.04,53.61,True
561,344.77,39.77,2.74,7.74,8.47,1.03,511.58,144.65,True
562,323.3,93.89,2.51,6.29,8.36,1.19,412.37,121.99,True
563,280.71,201.24,2.04,3.4,8.13,1.49,215.56,77.03,True
564,272.74,221.31,1.96,2.87,8.08,1.55,178.76,68.62,True
565,328.63,80.46,2.57,6.65,8.39,1.15,437.0,127.61,True
566,305.02,139.95,2.31,5.05,8.26,1.32,327.92,102.69,True
567,321.65,98.04,2.49,6.18,8.35,1.2,404.77,120.25,True
568,271.46,224.56,1.94,2.78,8.08,1.56,172.81,67.26,True
569,284.73,191.1,2.09,3.68,8.15,1.46,234.15,81.28,True
570,267.77,233.86,1.9,2.53,8.06,1.59,155.76,63.37,True
571,348.16,31.23,2.78,7.97,8.49,1.01,527.25,148.23,False
572,270.5,226.96,1.93,2.71,8.07,1.57,168.4,66.26,True
573,269.83,228.65,1.93,2.67,8.07,1.57,165.3,65.55,True
574,264.97,240.92,1.87,2.34,8.04,1.61,142.81,60.41,True
575,268.49,232.04,1.91,2.58,8.06,1.58,159.1,64.13,True
576,270.88,226.0,1.94,2.74,8.07,1.56,170.16,66.66,True
577,293.69,168.51,2.19,4.28,8.2,1.4,275.57,90.74,True
578,317.71,107.97,2.45,5.91,8.33,1.23,386.55,116.09,True
579,299.25,154.5,2.25,4.66,8.23,1.36,301.26,96.6,True
580,262.31,247.61,1.84,2.16,8.03,1.63,130.54,57.61,True
581,292.35,171.9,2.17,4.19,8.19,1.41,269.34,89.31,True
582,303.64,143.45,2.29,4.96,8.25,1.33,321.52,101.23,True
583,299.59,153.64,2.25,4.68,8.23,1.36,302.83,96.96,True
584,347.82,32.07,2.78,7.95,8.49,1.01,525.71,147.88,True
585,295.73,163.37,2.21,4.42,8.21,1.38,284.99,92.89,True
586,260.28,252.74,1.82,2.02,8.02,1.64,121.14,55.46,True
587,342.55,45.37,2.72,7.59,8.46,1.05,501.33,142.31,True
588,348.45,30.48,2.78,7.99,8.49,1.0,528.62,148.54,False
589,337.22,58.8,2.66,7.23,8.43,1.09,476.71,136.68,True
590,262.04,248.29,1.84,2.14,8.03,1.63,129.29,57.32,True
591,305.84,137.9,2.32,5.11,8.26,1.31,331.68,103.55,True
592,299.24,154.52,2.25,4.66,8.23,1.36,301.21,96.59,True
593,325.02,89.55,2.53,6.4,8.37,1.17,420.32,123.8,True
594,288.98,180.39,2.13,3.96,8.17,1.43,253.78,85.76,True
595,292.45,171.64,2.17,4.2,8.19,1.41,269.82,89.42,True
596,307.6,133.46,2.34,5.22,8.27,1.3,339.82,105.41,True
597,335.34,63.54,2.64,7.1,8.42,1.1,468.01,134.7,True
598,295.19,164.74,2.2,4.38,8.21,1.39,282.48,92.31,True
599,286.27,187.22,2.1,3.78,8.16,1.45,241.27,82.9,True
600,258.93,256.12,1.81,1.93,8.01,1.65,114.94,54.04,True
601,303.03,144.96,2.29,4.92,8.25,1.33,318.73,100.6,True
602,304.96,140.12,2.31,5.05,8.26,1.32,327.62,102.63,True
603,329.46,78.34,2.58,6.7,8.39,1.14,440.87,128.5,True
604,277.32,209.78,2.01,3.18,8.11,1.52,199.9,73.45,True
605,276.95,210.73,2.0,3.15,8.11,1.52,198.17,73.06,True
606,313.28,119.14,2.4,5.61,8.3,1.26,366.08,111.41,True
607,304.04,142.43,2.3,4.98,8.25,1.33,323.38,101.66,True
608,269.71,228.96,1.92,2.66,8.07,1.57,164.75,65.42,True
609,299.31,154.36,2.25,4.66,8.23,1.36,301.51,96.66,True
610,337.05,59.21,2.66,7.22,8.43,1.09,475.95,136.51,True
611,292.11,172.49,2.17,4.18,8.19,1.41,268.26,89.07,True
612,283.78,193.5,2.08,3.61,8.14,1.47,229.75,80.27,True
613,282.94,195.62,2.07,3.56,8.14,1.48,225.86,79.38,True
614,348.91,29.33,2.79,8.02,8.5,1.0,530.72,149.02,False
615,345.9,36.92,2.76,7.82,8.48,1.02,516.81,145.85,True
616,266.33,237.47,1.89,2.43,8.05,1.6,149.14,61.85,True
617,281.48,199.3,2.05,3.46,8.13,1.49,219.11,77.84,True
618,268.6,231.76,1.91,2.59,8.06,1.58,159.62,64.25,True
619,279.43,204.46,2.03,3.32,8.12,1.5,209.66,75.68,True
620,286.6,186.4,2.11,3.8,8.16,1.45,242.76,83.24,True
621,257.04,260.89,1.79,1.8,8.0,1.66,106.2,52.05,True
622,299.79,153.15,2.25,4.7,8.23,1.36,303.72,97.17,True
623,272.88,220.98,1.96,2.87,8.09,1.55,179.37,68.76,True
624,336.08,61.67,2.65,7.15,8.43,1.09,471.44,135.48,True
625,269.75,228.86,1.92,2.66,8.07,1.57,164.93,65.46,True
626,279.81,203.51,2.03,3.34,8.12,1.5,211.39,76.08,True
627,310.33,126.57,2.37,5.41,8.29,1.28,352.45,108.3,True
628,265.7,239.08,1.88,2.39,8.05,1.6,146.2,61.18,True
629,261.84,248.8,1.84,2.13,8.03,1.63,128.36,57.11,True
630,331.19,74.0,2.6,6.82,8.4,1.13,448.84,130.32,True
631,315.64,113.18,2.43,5.77,8.32,1.24,377.0,113.91,True
632,320.99,99.7,2.48,6.13,8.34,1.2,401.72,119.55,True
633,280.64,201.41,2.04,3.4,8.13,1.49,215.25,76.96,True
634,260.07,253.26,1.82,2.01,8.02,1.64,120.19,55.24,True
635,346.88,34.45,2.77,7.88,8.48,1.02,521.34,146.88,True
636,282.45,196.85,2.06,3.52,8.14,1.48,223.6,78.87,True
637,343.21,43.7,2.73,7.63,8.46,1.04,504.38,143.0,True
638,274.94,215.79,1.98,3.01,8.1,1.53,188.89,70.93,True
639,328.47,80.86,2.57,6.64,8.38,1.15,436.25,127.44,True
640,331.13,74.15,2.59,6.82,8.4,1.13,448.56,130.25,True
641,274.11,217.88,1.97,2.96,8.09,1.54,185.06,70.06,True
642,302.86,145.39,2.29,4.9,8.25,1.33,317.95,100.42,True
643,283.19,194.99,2.07,3.57,8.14,1.48,227.01,79.64,True
644,269.02,230.71,1.92,2.61,8.06,1.58,161.53,64.69,True
645,346.14,36.31,2.76,7.83,8.48,1.02,517.93,146.1,True
646,342.94,44.39,2.72,7.62,8.46,1.04,503.12,142.72,True
647,327.24,83.95,2.55,6.55,8.38,1.16,430.59,126.15,True
648,277.8,208.58,2.01,3.21,8.11,1.51,202.11,73.96,True
649,287.41,184.34,2.12,3.86,8.16,1.44,246.54,84.1,True
650,271.41,224.69,1.94,2.78,8.08,1.56,172.57,67.21,True
651,322.33,96.33,2.5,6.22,8.35,1.19,407.9,120.97,True
652,285.57,188.98,2.1,3.73,8.15,1.46,238.04,82.16,True
653,314.5,116.06,2.41,5.69,8.31,1.25,371.72,112.7,True
654,342.31,45.95,2.72,7.57,8.46,1.05,500.25,142.06,True
655,338.43,55.75,2.67,7.31,8.44,1.08,482.3,137.96,True
656,306.83,135.39,2.33,5.17,8.27,1.3,336.29,104.61,True
657,341.95,46.88,2.71,7.55,8.46,1.05,498.55,141.67,True
658,324.04,92.02,2.52,6.34,8.36,1.18,415.8,122.77,True
659,289.2,179.84,2.14,3.98,8.17,1.43,254.79,85.99,True
660,265.59,239.34,1.88,2.38,8.05,1.6,145.7,61.07,True
661,266.94,235.93,1.89,2.47,8.05,1.59,151.96,62.5,True
662,327.68,82.84,2.56,6.58,8.38,1.15,432.63,126.62,True
663,339.42,53.26,2.68,7.38,8.44,1.07,486.86,139.0,True
664,276.72,211.3,2.0,3.13,8.11,1.52,197.11,72.81,True
665,283.48,194.24,2.07,3.59,8.14,1.47,228.38,79.96,True
666,317.18,109.3,2.44,5.87,8.32,1.23,384.13,115.53,True
667,315.79,112.8,2.43,5.78,8.32,1.24,377.7,114.07,True
668,297.74,158.3,2.23,4.56,8.22,1.37,294.28,95.01,True
669,334.26,66.26,2.63,7.03,8.42,1.11,463.02,133.56,True
670,342.24,46.14,2.72,7.57,8.46,1.05,499.9,141.98,True
671,296.38,161.73,2.21,4.47,8.21,1.38,287.99,93.57,True
672,287.32,184.57,2.12,3.85,8.16,1.45,246.12,84.01,True
673,297.97,157.74,2.23,4.57,8.22,1.37,295.32,95.25,True
674,334.91,64.63,2.64,7.07,8.42,1.1,466.02,134.24,True
675,266.96,235.9,1.89,2.47,8.05,1.59,152.02,62.51,True
676,336.57,60.43,2.65,7.19,8.43,1.09,473.72,136.0,True
677,291.39,174.31,2.16,4.13,8.19,1.42,264.93,88.31,True
678,319.42,103.66,2.47,6.02,8.34,1.21,394.46,117.89,True
679,301.54,148.74,2.27,4.81,8.24,1.34,311.82,99.02,True
680,297.04,160.09,2.22,4.51,8.22,1.38,291.01,94.26,True
681,346.05,36.54,2.76,7.83,8.48,1.02,517.51,146.01,True
682,308.79,130.46,2.35,5.31,8.28,1.29,345.31,106.67,True
683,272.85,221.06,1.96,2.87,8.09,1.55,179.23,68.73,True
684,278.19,207.59,2.02,3.23,8.11,1.51,203.91,74.37,True
685,301.66,148.42,2.27,4.82,8.24,1.34,312.4,99.15,True
686,346.25,36.04,2.76,7.84,8.48,1.02,518.42,146.21,True
687,280.27,202.35,2.04,3.37,8.13,1.5,213.52,76.56,True
688,307.45,133.84,2.34,5.21,8.27,1.3,339.14,105.26,True
689,257.26,260.33,1.79,1.82,8.0,1.66,107.22,52.28,True
690,303.42,143.99,2.29,4.94,8.25,1.33,320.52,101.01,True
691,347.27,33.45,2.77,7.91,8.49,1.01,523.17,147.3,True
692,315.33,113.98,2.42,5.75,8.31,1.24,375.54,113.57,True
693,307.13,134.65,2.33,5.19,8.27,1.3,337.65,104.92,True
694,298.72,155.84,2.24,4.62,8.22,1.36,298.79,96.04,True
695,279.06,205.4,2.03,3.29,8.12,1.51,207.93,75.28,True
696,294.81,165.7,2.2,4.36,8.2,1.39,280.72,91.91,True
697,287.71,183.59,2.12,3.88,8.17,1.44,247.92,84.42,True
698,287.65,183.75,2.12,3.87,8.17,1.44,247.63,84.35,True
699,347.82,32.08,2.78,7.95,8.49,1.01,525.68,147.87,True
700,275.96,213.2,1.99,3.08,8.1,1.53,193.63,72.02,True
701,343.29,43.49,2.73,7.64,8.46,1.04,504.76,143.09,True
702,276.16,212.71,1.99,3.1,8.1,1.53,194.52,72.22,True
703,321.63,98.09,2.49,6.17,8.35,1.2,404.66,120.23,True
704,295.23,164.63,2.2,4.39,8.21,1.39,282.67,92.36,True
705,257.82,258.94,1.79,1.86,8.0,1.66,109.77,52.86,True
706,327.51,83.26,2.55,6.57,8.38,1.16,431.86,126.44,True
707,268.15,232.9,1.91,2.55,8.06,1.58,157.52,63.77,True
708,323.63,93.06,2.51,6.31,8.36,1.18,413.89,122.33,True
709,322.34,96.29,2.5,6.22,8.35,1.19,407.96,120.98,True
710,330.15,76.62,2.58,6.75,8.39,1.14,444.03,129.22,True
711,288.75,180.96,2.13,3.95,8.17,1.44,252.74,85.52,True
712,324.25,91.48,2.52,6.35,8.36,1.18,416.78,122.99,True
713,280.74,201.15,2.04,3.41,8.13,1.49,215.73,77.07,True
714,317.12,109.46,2.44,5.87,8.32,1.23,383.82,115.46,True
715,297.24,159.56,2.22,4.52,8.22,1.37,291.97,94.48,True
716,320.91,99.9,2.48,6.13,8.34,1.2,401.35,119.47,True
717,294.04,167.63,2.19,4.31,8.2,1.4,277.19,91.11,True
718,265.35,239.96,1.88,2.37,8.04,1.6,144.58,60.81,True
719,333.19,68.95,2.62,6.96,8.41,1.11,458.1,132.43,True
720,333.73,67.59,2.62,6.99,8.41,1.11,460.59,133.0,True
721,348.33,30.78,2.78,7.98,8.49,1.01,528.06,148.42,False
722,320.48,100.99,2.48,6.1,8.34,1.21,399.36,119.01,True
723,264.39,242.38,1.87,2.3,8.04,1.61,140.13,59.8,True
724,279.27,204.86,2.03,3.31,8.12,1.5,208.92,75.51,True
725,340.13,51.45,2.69,7.43,8.45,1.06,490.17,139.76,True
726,312.52,121.04,2.39,5.56,8.3,1.26,362.58,110.61,True
727,329.88,77.3,2.58,6.73,8.39,1.14,442.78,128.93,True
728,337.92,57.03,2.67,7.28,8.44,1.08,479.94,137.42,True
729,309.74,128.06,2.36,5.37,8.28,1.28,349.72,107.67,True
730,302.62,146.0,2.28,4.89,8.25,1.34,316.82,100.16,True
731,319.72,102.92,2.47,6.04,8.34,1.21,395.82,118.21,True
732,274.28,217.43,1.97,2.97,8.09,1.54,185.88,70.25,True
733,286.88,185.68,2.11,3.82,8.16,1.45,244.09,83.54,True
734,273.52,219.36,1.97,2.92,8.09,1.55,182.33,69.44,True
735,275.09,215.4,1.98,3.02,8.1,1.53,189.6,71.1,True
736,296.53,161.35,2.22,4.48,8.21,1.38,288.69,93.73,True
737,274.73,216.32,1.98,3.0,8.1,1.54,187.92,70.71,True
738,289.29,179.61,2.14,3.99,8.17,1.43,255.22,86.09,True
739,286.33,187.07,2.11,3.79,8.16,1.45,241.55,82.96,True
740,302.6,146.05,2.28,4.89,8.25,1.34,316.75,100.14,True
741,321.3,98.91,2.49,6.15,8.35,1.2,403.16,119.88,True
742,312.86,120.21,2.39,5.58,8.3,1.26,364.12,110.96,True
743,335.1,64.13,2.64,7.09,8.42,1.1,466.92,134.45,True
744,281.33,199.67,2.05,3.45,8.13,1.49,218.44,77.69,True
745,312.36,121.46,2.39,5.55,8.3,1.27,361.82,110.44,True
746,320.92,99.88,2.48,6.13,8.34,1.2,401.39,119.48,True
747,340.19,51.31,2.69,7.43,8.45,1.06,490.43,139.82,True
748,347.49,32.91,2.77,7.92,8.49,1.01,524.16,147.52,True
749,341.91,46.97,2.71,7.55,8.46,1.05,498.38,141.64,True
750,299.87,152.94,2.25,4.7,8.23,1.36,304.11,97.26,True
751,307.56,133.55,2.34,5.22,8.27,1.3,339.65,105.37,True
752,339.24,53.7,2.68,7.37,8.44,1.07,486.06,138.82,True
753,260.19,252.97,1.82,2.02,8.02,1.64,120.72,55.36,True
754,284.79,190.95,2.09,3.68,8.15,1.46,234.43,81.34,True
755,269.73,228.9,1.92,2.66,8.07,1.57,164.84,65.44,True
756,346.24,36.06,2.76,7.84,8.48,1.02,518.39,146.21,True
757,268.85,231.12,1.91,2.6,8.06,1.58,160.78,64.51,True
758,288.18,182.4,2.13,3.91,8.17,1.44,250.09,84.92,True
759,280.34,202.17,2.04,3.38,8.13,1.5,213.86,76.64,True
760,285.2,189.91,2.09,3.71,8.15,1.46,236.33,81.77,True
761,346.29,35.93,2.76,7.84,8.48,1.02,518.63,146.26,True
762,266.45,237.18,1.89,2.44,8.05,1.6,149.67,61.98,True
763,267.31,235.01,1.9,2.5,8.06,1.59,153.65,62.89,True
764,265.54,239.47,1.88,2.38,8.05,1.6,145.47,61.02,True
765,301.38,149.14,2.27,4.8,8.24,1.34,311.07,98.85,True
766,346.46,35.5,2.76,7.86,8.48,1.02,519.42,146.44,True
767,265.34,239.98,1.88,2.36,8.04,1.6,144.53,60.8,True
768,340.48,50.57,2.7,7.45,8.45,1.06,491.79,140.13,True
769,284.8,190.92,2.09,3.68,8.15,1.46,234.49,81.35,True
770,296.7,160.94,2.22,4.49,8.21,1.38,289.44,93.91,True
771,294.93,165.39,2.2,4.37,8.2,1.39,281.28,92.04,True
772,337.89,57.1,2.67,7.28,8.44,1.08,479.82,137.4,True
773,276.96,210.7,2.0,3.15,8.11,1.52,198.23,73.07,True
774,322.96,94.74,2.51,6.26,8.36,1.19,410.81,121.63,True
775,312.21,121.83,2.39,5.54,8.3,1.27,361.14,110.28,True
776,322.4,96.15,2.5,6.23,8.35,1.19,408.22,121.04,True
777,287.72,183.57,2.12,3.88,8.17,1.44,247.95,84.43,True
778,323.85,92.5,2.51,6.32,8.36,1.18,414.92,122.57,True
779,345.67,37.5,2.75,7.8,8.48,1.02,515.75,145.6,True
780,304.49,141.28,2.3,5.01,8.26,1.32,325.48,102.14,True
781,280.89,200.77,2.05,3.42,8.13,1.49,216.41,77.22,True
782,315.03,114.74,2.42,5.73,8.31,1.25,374.14,113.25,True
783,275.62,214.07,1.99,3.06,8.1,1.53,192.04,71.66,True
784,328.05,81.91,2.56,6.61,8.38,1.15,434.32,127.0,True
785,302.43,146.48,2.28,4.88,8.24,1.34,315.95,99.96,True
786,303.23,144.46,2.29,4.93,8.25,1.33,319.65,100.81,True
787,349.41,28.08,2.79,8.05,8.5,1.0,533.03,149.55,False
788,349.14,28.76,2.79,8.04,8.5,1.0,531.78,149.26,False
789,312.6,120.86,2.39,5.56,8.3,1.26,362.93,110.69,True
790,298.63,156.07,2.24,4.62,8.22,1.36,298.38,95.95,True
791,332.44,70.84,2.61,6.91,8.41,1.12,454.63,131.64,True
792,319.91,102.42,2.47,6.06,8.34,1.21,396.73,118.41,True
793,325.23,89.02,2.53,6.42,8.37,1.17,421.3,124.03,True
794,261.29,250.18,1.83,2.09,8.02,1.63,125.85,56.53,True
795,285.52,189.11,2.1,3.73,8.15,1.46,237.8,82.11,True
796,322.06,97.0,2.5,6.2,8.35,1.2,406.66,120.68,True
797,317.84,107.64,2.45,5.92,8.33,1.23,387.16,116.23,True
798,335.12,64.1,2.64,7.09,8.42,1.1,466.99,134.46,True
799,265.52,239.53,1.88,2.38,8.05,1.6,145.37,60.99,True
800,309.56,128.52,2.36,5.36,8.28,1.29,348.88,107.48,True
801,334.58,65.45,2.63,7.05,8.42,1.1,464.5,133.9,True
802,346.09,36.43,2.76,7.83,8.48,1.02,517.71,146.05,True
803,318.87,105.06,2.46,5.99,8.33,1.22,391.9,117.31,True
804,258.53,257.14,1.8,1.9,8.01,1.65,113.08,53.62,True
805,308.94,130.07,2.35,5.32,8.28,1.29,346.04,106.83,True
806,312.82,120.3,2.39,5.58,8.3,1.26,363.96,110.93,True
807,278.99,205.56,2.03,3.29,8.12,1.51,207.63,75.22,True
808,325.85,87.45,2.54,6.46,8.37,1.17,424.17,124.68,True
809,290.54,176.47,2.15,4.07,8.18,1.42,260.98,87.4,True
810,298.45,156.52,2.24,4.61,8.22,1.37,297.54,95.76,True
811,287.69,183.65,2.12,3.88,8.17,1.44,247.81,84.4,True
812,268.5,232.02,1.91,2.58,8.06,1.58,159.14,64.14,True
813,304.81,140.48,2.31,5.04,8.26,1.32,326.94,102.47,True
814,289.62,178.77,2.14,4.01,8.18,1.43,256.75,86.44,True
815,327.92,82.24,2.56,6.6,8.38,1.15,433.72,126.86,True
816,298.27,156.98,2.24,4.59,8.22,1.37,296.69,95.56,True
817,318.59,105.76,2.46,5.97,8.33,1.22,390.62,117.02,True
818,320.56,100.78,2.48,6.1,8.34,1.21,399.74,119.1,True
819,270.21,227.7,1.93,2.69,8.07,1.57,167.05,65.95,True
820,323.11,94.37,2.51,6.27,8.36,1.19,411.48,121.78,True
821,266.85,236.17,1.89,2.47,8.05,1.59,151.52,62.4,True
822,337.1,59.09,2.66,7.22,8.43,1.09,476.18,136.56,True
823,344.07,41.52,2.74,7.69,8.47,1.04,508.39,143.92,True
824,329.73,77.68,2.58,6.72,8.39,1.14,442.09,128.78,True
825,258.1,258.23,1.8,1.87,8.01,1.66,111.07,53.16,True
826,337.45,58.21,2.66,7.25,8.43,1.08,477.78,136.93,True
827,322.05,97.03,2.5,6.2,8.35,1.2,406.62,120.67,True
828,312.98,119.89,2.4,5.59,8.3,1.26,364.7,111.1,True
829,348.17,31.19,2.78,7.97,8.49,1.01,527.31,148.24,False
830,268.05,233.13,1.91,2.55,8.06,1.58,157.09,63.67,True
831,276.42,212.05,2.0,3.11,8.1,1.52,195.74,72.5,True
832,347.5,32.88,2.77,7.93,8.49,1.01,524.22,147.54,True
833,278.06,207.91,2.01,3.23,8.11,1.51,203.32,74.23,True
834,303.89,142.81,2.3,4.97,8.25,1.33,322.69,101.5,True
835,341.89,47.02,2.71,7.55,8.46,1.05,498.3,141.62,True
836,274.15,217.78,1.97,2.96,8.09,1.54,185.24,70.1,True
837,329.5,78.25,2.58,6.71,8.39,1.14,441.05,128.54,True
838,305.31,139.23,2.31,5.07,8.26,1.32,329.24,103.0,True
839,342.76,44.83,2.72,7.6,8.46,1.05,502.3,142.53,True
840,281.97,198.07,2.06,3.49,8.13,1.48,221.38,78.36,True
841,301.31,149.31,2.27,4.8,8.24,1.34,310.77,98.78,True
842,297.69,158.43,2.23,4.55,8.22,1.37,294.04,94.96,True
843,342.27,46.06,2.72,7.57,8.46,1.05,500.06,142.02,True
844,271.34,224.85,1.94,2.77,8.08,1.56,172.27,67.14,True
845,273.98,218.19,1.97,2.95,8.09,1.54,184.49,69.93,True
846,340.68,50.08,2.7,7.46,8.45,1.06,492.68,140.33,True
847,265.02,240.79,1.87,2.34,8.04,1.61,143.05,60.46,True
848,314.95,114.94,2.42,5.72,8.31,1.25,373.78,113.17,True
849,348.64,30.0,2.79,8.0,8.49,1.0,529.5,148.74,False
850,278.01,208.05,2.01,3.22,8.11,1.51,203.07,74.18,True
851,301.17,149.66,2.27,4.79,8.24,1.35,310.13,98.63,True
852,302.5,146.31,2.28,4.88,8.25,1.34,316.26,100.03,True
853,271.35,224.83,1.94,2.77,8.08,1.56,172.3,67.15,True
854,299.79,153.13,2.25,4.7,8.23,1.36,303.76,97.18,True
855,257.22,260.44,1.79,1.82,8.0,1.66,107.03,52.23,True
856,317.43,108.67,2.44,5.89,8.33,1.23,385.27,115.8,True
857,284.17,192.51,2.08,3.64,8.15,1.47,231.56,80.68,True
858,304.79,140.53,2.31,5.03,8.26,1.32,326.86,102.45,True
859,312.52,121.06,2.39,5.56,8.3,1.26,362.56,110.61,True
860,342.43,45.67,2.72,7.58,8.46,1.05,500.78,142.18,True
861,301.34,149.23,2.27,4.8,8.24,1.34,310.91,98.81,True
862,283.27,194.78,2.07,3.58,8.14,1.47,227.41,79.73,True
863,317.71,107.98,2.45,5.91,8.33,1.23,386.54,116.09,True
864,315.0,114.8,2.42,5.73,8.31,1.25,374.04,113.23,True
865,310.64,125.8,2.37,5.43,8.29,1.28,353.86,108.62,True
866,273.71,218.89,1.97,2.93,8.09,1.54,183.21,69.64,True
867,328.22,81.48,2.56,6.62,8.38,1.15,435.13,127.18,True
868,259.29,255.22,1.81,1.96,8.01,1.65,116.59,54.42,True
869,297.33,159.34,2.23,4.53,8.22,1.37,292.38,94.58,True
870,264.07,243.18,1.86,2.28,8.04,1.61,138.66,59.46,True
871,339.2,53.8,2.68,7.36,8.44,1.07,485.87,138.78,True
872,261.76,249.01,1.84,2.12,8.03,1.63,127.97,57.02,True
873,296.74,160.83,2.22,4.49,8.21,1.38,289.64,93.95,True
874,280.7,201.27,2.04,3.4,8.13,1.49,215.51,77.02,True
875,344.15,41.32,2.74,7.7,8.47,1.04,508.74,144.0,True
876,308.06,132.3,2.34,5.26,8.27,1.3,341.94,105.9,True
877,348.21,31.1,2.78,7.97,8.49,1.01,527.49,148.28,False
878,331.11,74.19,2.59,6.82,8.4,1.13,448.49,130.24,True
879,268.09,233.05,1.91,2.55,8.06,1.58,157.25,63.71,True
880,341.17,48.83,2.7,7.5,8.45,1.06,494.97,140.86,True
881,258.88,256.26,1.81,1.93,8.01,1.65,114.7,53.99,True
882,325.58,88.13,2.53,6.44,8.37,1.17,422.94,124.4,True
883,296.21,162.16,2.21,4.45,8.21,1.38,287.21,93.4,True
884,269.28,230.04,1.92,2.63,8.07,1.58,162.77,64.97,True
885,348.26,30.96,2.78,7.98,8.49,1.01,527.73,148.34,False
886,345.62,37.62,2.75,7.8,8.48,1.03,515.53,145.55,True
887,314.04,117.22,2.41,5.66,8.31,1.25,369.6,112.22,True
888,258.98,256.02,1.81,1.93,8.01,1.65,115.13,54.09,True
889,285.94,188.05,2.1,3.76,8.16,1.46,239.74,82.55,True
890,272.97,220.75,1.96,2.88,8.09,1.55,179.79,68.86,True
891,334.94,64.54,2.64,7.08,8.42,1.1,466.17,134.28,True
892,260.22,252.89,1.82,2.02,8.02,1.64,120.86,55.39,True
893,309.92,127.6,2.36,5.38,8.29,1.28,350.57,107.87,True
894,290.51,176.53,2.15,4.07,8.18,1.42,260.86,87.38,True
895,338.46,55.66,2.67,7.31,8.44,1.08,482.46,138.0,True
896,335.41,63.36,2.64,7.11,8.42,1.1,468.35,134.77,True
897,264.98,240.89,1.87,2.34,8.04,1.61,142.86,60.42,True
898,311.45,123.75,2.38,5.49,8.29,1.27,357.63,109.48,True
899,340.52,50.48,2.7,7.45,8.45,1.06,491.96,140.17,True
900,309.97,127.49,2.36,5.38,8.29,1.28,350.77,107.91,True
901,290.11,177.53,2.15,4.04,8.18,1.43,259.03,86.96,True
902,338.88,54.61,2.68,7.34,8.44,1.07,484.38,138.44,True
903,272.43,222.12,1.95,2.84,8.08,1.55,177.28,68.28,True
904,282.83,195.9,2.07,3.55,8.14,1.48,225.36,79.27,True
905,260.62,251.87,1.82,2.05,8.02,1.64,122.73,55.82,True
906,332.69,70.21,2.61,6.92,8.41,1.12,455.78,131.9,True
907,322.47,95.98,2.5,6.23,8.35,1.19,408.54,121.11,True
908,312.09,122.13,2.39,5.53,8.3,1.27,360.6,110.16,True
909,286.71,186.12,2.11,3.81,8.16,1.45,243.27,83.36,True
910,314.42,116.26,2.41,5.69,8.31,1.25,371.35,112.62,True
911,292.52,171.48,2.17,4.2,8.19,1.41,270.12,89.49,True
912,327.71,82.75,2.56,6.59,8.38,1.15,432.79,126.65,True
913,326.79,85.08,2.55,6.52,8.38,1.16,428.51,125.67,True
914,292.98,170.31,2.18,4.24,8.19,1.4,272.27,89.98,True
915,261.11,250.63,1.83,2.08,8.02,1.63,125.01,56.34,True
916,269.33,229.91,1.92,2.63,8.07,1.58,163.0,65.02,True
917,294.57,166.29,2.2,4.34,8.2,1.39,279.63,91.66,True
918,307.64,133.36,2.34,5.23,8.27,1.3,340.0,105.45,True
919,287.09,185.15,2.11,3.84,8.16,1.45,245.07,83.77,True
920,290.46,176.65,2.15,4.06,8.18,1.42,260.64,87.33,True
921,307.18,134.52,2.33,5.2,8.27,1.3,337.88,104.97,True
922,316.84,110.17,2.44,5.85,8.32,1.23,382.51,115.17,True
923,257.7,259.23,1.79,1.85,8.0,1.66,109.24,52.74,True
924,290.88,175.61,2.15,4.09,8.18,1.42,262.56,87.76,True
925,328.66,80.38,2.57,6.65,8.39,1.15,437.13,127.64,True
926,299.19,154.64,2.25,4.66,8.23,1.36,300.99,96.54,True
927,271.41,224.69,1.94,2.77,8.08,1.56,172.57,67.21,True
928,273.71,218.89,1.97,2.93,8.09,1.54,183.2,69.64,True
929,274.07,217.96,1.97,2.96,8.09,1.54,184.9,70.02,True
930,287.57,183.94,2.12,3.87,8.16,1.44,247.28,84.27,True
931,326.84,84.97,2.55,6.53,8.38,1.16,428.73,125.72,True
932,298.08,157.46,2.23,4.58,8.22,1.37,295.82,95.36,True
933,257.77,259.07,1.79,1.85,8.0,1.66,109.54,52.81,True
934,322.65,95.53,2.5,6.24,8.35,1.19,409.36,121.3,True
935,334.6,65.41,2.63,7.05,8.42,1.1,464.58,133.91,True
936,348.74,29.75,2.79,8.01,8.49,1.0,529.97,148.85,False
937,268.62,231.72,1.91,2.59,8.06,1.58,159.68,64.26,True
938,291.94,172.94,2.17,4.16,8.19,1.41,267.44,88.88,True
939,284.6,191.42,2.09,3.67,8.15,1.47,233.57,81.14,True
940,303.54,143.69,2.29,4.95,8.25,1.33,321.08,101.13,True
941,303.69,143.31,2.29,4.96,8.25,1.33,321.76,101.29,True
942,272.55,221.81,1.95,2.85,8.08,1.55,177.84,68.41,True
943,312.82,120.31,2.39,5.58,8.3,1.26,363.93,110.92,True
944,278.29,207.33,2.02,3.24,8.11,1.51,204.39,74.48,True
945,302.34,146.71,2.28,4.87,8.24,1.34,315.53,99.86,True
946,287.69,183.64,2.12,3.88,8.17,1.44,247.82,84.4,True
947,281.79,198.51,2.06,3.48,8.13,1.49,220.56,78.17,True
948,294.6,166.23,2.2,4.34,8.2,1.39,279.75,91.69,True
949,346.05,36.53,2.76,7.83,8.48,1.02,517.53,146.01,True
950,268.62,231.71,1.91,2.59,8.06,1.58,159.69,64.27,True
951,334.07,66.74,2.63,7.02,8.42,1.11,462.14,133.36,True
952,302.3,146.8,2.28,4.87,8.24,1.34,315.36,99.83,True
953,266.21,237.78,1.89,2.42,8.05,1.6,148.57,61.72,True
954,304.05,142.41,2.3,4.98,8.25,1.33,323.42,101.67,True
955,327.68,82.85,2.56,6.58,8.38,1.15,432.61,126.61,True
956,347.11,33.87,2.77,7.9,8.49,1.01,522.4,147.12,True
957,338.22,56.27,2.67,7.3,8.44,1.08,481.34,137.74,True
958,329.41,78.48,2.58,6.7,8.39,1.14,440.62,128.44,True
959,262.53,247.07,1.85,2.17,8.03,1.62,131.55,57.84,True
960,330.23,76.42,2.58,6.76,8.39,1.14,444.4,129.3,True
961,304.31,141.76,2.3,5.0,8.25,1.32,324.61,101.94,True
962,304.02,142.48,2.3,4.98,8.25,1.33,323.28,101.64,True
963,321.63,98.1,2.49,6.17,8.35,1.2,404.65,120.22,True
964,277.73,208.74,2.01,3.2,8.11,1.51,201.8,73.88,True
965,326.27,86.39,2.54,6.49,8.37,1.16,426.11,125.13,True
966,271.85,223.56,1.95,2.81,8.08,1.56,174.64,67.68,True
967,274.49,216.92,1.98,2.98,8.09,1.54,186.81,70.46,True
968,301.01,150.06,2.27,4.78,8.24,1.35,309.39,98.46,True
969,344.15,41.32,2.74,7.7,8.47,1.04,508.75,144.0,True
970,348.98,29.14,2.79,8.03,8.5,1.0,531.07,149.1,False
971,268.85,231.14,1.91,2.6,8.06,1.58,160.75,64.51,True
972,296.8,160.67,2.22,4.49,8.21,1.38,289.94,94.02,True
973,301.2,149.58,2.27,4.79,8.24,1.35,310.28,98.66,True
974,261.15,250.55,1.83,2.08,8.02,1.63,125.16,56.38,True
975,329.0,79.5,2.57,6.67,8.39,1.15,438.74,128.01,True
976,341.95,46.86,2.71,7.55,8.46,1.05,498.58,141.68,True
977,292.88,170.55,2.18,4.23,8.19,1.41,271.83,89.88,True
978,259.88,253.73,1.82,2.0,8.02,1.64,119.33,55.04,True
979,272.55,221.8,1.95,2.85,8.08,1.55,177.86,68.42,True
980,331.01,74.44,2.59,6.81,8.4,1.13,448.03,130.13,True
981,312.31,121.59,2.39,5.54,8.3,1.27,361.59,110.39,True
982,282.03,197.91,2.06,3.49,8.13,1.48,221.67,78.42,True
983,328.85,79.89,2.57,6.66,8.39,1.15,438.03,127.85,True
984,333.91,67.15,2.62,7.01,8.41,1.11,461.4,133.19,True
985,325.31,88.82,2.53,6.42,8.37,1.17,421.65,124.11,True
986,317.75,107.86,2.45,5.91,8.33,1.23,386.76,116.14,True
987,265.17,240.4,1.87,2.35,8.04,1.61,143.77,60.63,True
988,293.21,169.72,2.18,4.25,8.2,1.4,273.35,90.23,True
989,259.42,254.91,1.81,1.96,8.01,1.65,117.17,54.55,True
990,285.82,188.35,2.1,3.75,8.16,1.46,239.19,82.43,True
991,299.01,155.11,2.24,4.64,8.23,1.36,300.12,96.35,True
992,275.15,215.26,1.98,3.03,8.1,1.53,189.86,71.16,True
993,273.3,219.91,1.96,2.9,8.09,1.55,181.32,69.21,True
994,257.89,258.76,1.79,1.86,8.0,1.66,110.1,52.94,True
995,306.47,136.31,2.33,5.15,8.27,1.31,334.61,104.22,True
996,314.92,114.99,2.42,5.72,8.31,1.25,373.68,113.15,True
997,344.06,41.54,2.74,7.69,8.47,1.04,508.34,143.91,True
998,340.0,51.79,2.69,7.42,8.45,1.07,489.56,139.62,True
999,347.28,33.44,2.77,7.91,8.49,1.01,523.2,147.3,True
1000,302.94,145.21,2.29,4.91,8.25,1.33,318.28,100.49,True
1001,308.96,130.03,2.35,5.32,8.28,1.29,346.1,106.85,True
1002,327.31,83.76,2.55,6.56,8.38,1.16,430.94,126.23,True
1003,346.53,35.32,2.76,7.86,8.48,1.02,519.75,146.52,True
1004,267.04,235.68,1.89,2.48,8.05,1.59,152.41,62.6,True
1005,332.65,70.31,2.61,6.92,8.41,1.12,455.6,131.86,True
1006,291.24,174.68,2.16,4.12,8.18,1.42,264.24,88.15,True
1007,330.96,74.56,2.59,6.81,8.4,1.13,447.8,130.08,True
1008,328.27,81.35,2.56,6.62,8.38,1.15,435.35,127.24,True
1009,262.82,246.32,1.85,2.19,8.03,1.62,132.91,58.15,True
1010,289.17,179.91,2.14,3.98,8.17,1.43,254.66,85.96,True
1011,340.59,50.3,2.7,7.46,8.45,1.06,492.28,140.24,True
1012,318.94,104.86,2.46,5.99,8.33,1.22,392.25,117.39,True
1013,292.32,171.96,2.17,4.19,8.19,1.41,269.24,89.29,True
1014,342.01,46.72,2.71,7.55,8.46,1.05,498.85,141.74,True
1015,312.48,121.17,2.39,5.55,8.3,1.26,362.36,110.56,True
1016,322.78,95.2,2.5,6.25,8.35,1.19,409.97,121.44,True
1017,284.74,191.08,2.09,3.68,8.15,1.46,234.19,81.28,True
1018,267.47,234.6,1.9,2.51,8.06,1.59,154.4,63.06,True
1019,277.95,208.2,2.01,3.22,8.11,1.51,202.8,74.11,True
1020,313.65,118.21,2.4,5.63,8.31,1.26,367.77,111.8,True
1021,309.62,128.35,2.36,5.36,8.28,1.28,349.19,107.55,True
1022,279.48,204.32,2.03,3.32,8.12,1.5,209.9,75.74,True
1023,349.55,27.71,2.8,8.06,8.5,1.0,533.7,149.7,False
1024,331.09,74.25,2.59,6.81,8.4,1.13,448.38,130.21,True
1025,327.87,82.37,2.56,6.6,8.38,1.15,433.48,126.81,True
1026,342.08,46.55,2.71,7.56,8.46,1.05,499.16,141.81,True
1027,337.64,57.74,2.67,7.26,8.43,1.08,478.65,137.13,True
1028,268.24,232.67,1.91,2.56,8.06,1.58,157.94,63.87,True
1029,337.61,57.81,2.67,7.26,8.43,1.08,478.51,137.1,True
1030,281.27,199.82,2.05,3.44,8.13,1.49,218.17,77.62,True
1031,346.22,36.1,2.76,7.84,8.48,1.02,518.32,146.19,True
1032,344.83,39.62,2.74,7.74,8.47,1.03,511.86,144.71,True
1033,321.13,99.35,2.49,6.14,8.35,1.2,402.35,119.7,True
1034,339.22,53.75,2.68,7.36,8.44,1.07,485.95,138.8,True
1035,331.3,73.72,2.6,6.83,8.4,1.13,449.34,130.43,True
1036,273.98,218.19,1.97,2.95,8.09,1.54,184.49,69.93,True
1037,276.18,212.66,1.99,3.1,8.1,1.53,194.62,72.24,True
1038,302.58,146.11,2.28,4.89,8.25,1.34,316.63,100.12,True
1039,310.36,126.49,2.37,5.41,8.29,1.28,352.59,108.33,True
1040,333.46,68.27,2.62,6.98,8.41,1.11,459.34,132.72,True
1041,310.92,125.1,2.37,5.45,8.29,1.28,355.15,108.92,True
1042,270.73,226.4,1.93,2.73,8.07,1.57,169.44,66.49,True
1043,344.5,40.45,2.74,7.72,8.47,1.03,510.35,144.37,True
1044,263.84,243.77,1.86,2.26,8.04,1.61,137.6,59.22,True
1045,318.38,106.29,2.46,5.95,8.33,1.22,389.64,116.79,True
1046,261.27,250.25,1.83,2.09,8.02,1.63,125.71,56.5,True
1047,274.13,217.81,1.97,2.96,8.09,1.54,185.17,70.09,True
1048,306.63,135.89,2.33,5.16,8.27,1.31,335.36,104.4,True
1049,296.3,161.94,2.21,4.46,8.21,1.38,287.61,93.49,True
1050,334.15,66.54,2.63,7.02,8.42,1.11,462.52,133.44,True
1051,318.62,105.68,2.46,5.97,8.33,1.22,390.76,117.05,True
1052,338.72,55.02,2.68,7.33,8.44,1.08,483.63,138.27,True
1053,263.76,243.96,1.86,2.26,8.04,1.62,137.24,59.14,True
1054,264.19,242.87,1.86,2.29,8.04,1.61,139.25,59.59,True
1055,273.26,220.02,1.96,2.9,8.09,1.55,181.12,69.16,True
1056,305.55,138.63,2.32,5.09,8.26,1.31,330.35,103.25,True
1057,294.39,166.75,2.19,4.33,8.2,1.39,278.8,91.47,True
1058,259.38,255.0,1.81,1.96,8.01,1.65,117.01,54.51,True
1059,298.62,156.08,2.24,4.62,8.22,1.36,298.36,95.94,True
1060,325.27,88.91,2.53,6.42,8.37,1.17,421.49,124.07,True
1061,287.65,183.74,2.12,3.87,8.17,1.44,247.64,84.36,True
1062,324.78,90.15,2.53,6.39,8.37,1.18,419.23,123.55,True
1063,337.44,58.25,2.66,7.24,8.43,1.08,477.71,136.91,True
1064,298.96,155.22,2.24,4.64,8.23,1.36,299.92,96.3,True
1065,278.59,206.57,2.02,3.26,8.12,1.51,205.78,74.79,True
1066,315.73,112.96,2.43,5.78,8.32,1.24,377.41,114.0,True
1067,337.36,58.44,2.66,7.24,8.43,1.08,477.36,136.83,True
1068,306.71,135.69,2.33,5.16,8.27,1.31,335.74,104.48,True
1069,279.35,204.67,2.03,3.31,8.12,1.5,209.28,75.59,True
1070,334.23,66.34,2.63,7.03,8.42,1.11,462.88,133.53,True
1071,313.3,119.08,2.4,5.61,8.3,1.26,366.18,111.43,True
1072,318.59,105.76,2.46,5.97,8.33,1.22,390.62,117.02,True
1073,292.53,171.44,2.17,4.2,8.19,1.41,270.19,89.51,True
1074,290.3,177.07,2.15,4.05,8.18,1.42,259.88,87.15,True
1075,277.59,209.09,2.01,3.19,8.11,1.52,201.17,73.74,True
1076,283.26,194.82,2.07,3.58,8.14,1.47,227.33,79.72,True
1077,280.41,201.98,2.04,3.38,8.13,1.5,214.2,76.72,True
1078,315.12,114.5,2.42,5.73,8.31,1.25,374.58,113.35,True
1079,278.79,206.07,2.02,3.28,8.12,1.51,206.71,75.01,True
1080,345.28,38.49,2.75,7.77,8.48,1.03,513.94,145.19,True
1081,297.96,157.75,2.23,4.57,8.22,1.37,295.3,95.24,True
1082,332.5,70.68,2.61,6.91,8.41,1.12,454.91,131.71,True
1083,310.49,126.17,2.37,5.42,8.29,1.28,353.19,108.47,True
1084,279.42,204.48,2.03,3.32,8.12,1.5,209.63,75.67,True
1085,272.83,221.1,1.96,2.87,8.09,1.55,179.14,68.71,True
1086,329.49,78.29,2.58,6.71,8.39,1.14,440.97,128.52,True
1087,333.62,67.87,2.62,6.99,8.41,1.11,460.07,132.88,True
1088,305.51,138.73,2.31,5.08,8.26,1.31,330.16,103.21,True
1089,307.48,133.77,2.34,5.22,8.27,1.3,339.26,105.29,True
1090,278.73,206.22,2.02,3.27,8.12,1.51,206.43,74.94,True
1091,331.35,73.58,2.6,6.83,8.4,1.13,449.61,130.49,True
1092,293.1,170.0,2.18,4.24,8.19,1.4,272.84,90.11,True
1093,300.57,151.18,2.26,4.75,8.23,1.35,307.33,97.99,True
1094,317.32,108.97,2.44,5.88,8.32,1.23,384.73,115.67,True
1095,283.61,193.93,2.08,3.6,8.14,1.47,228.96,80.09,True
1096,337.23,58.76,2.66,7.23,8.43,1.09,476.77,136.7,True
1097,265.7,239.07,1.88,2.39,8.05,1.6,146.2,61.18,True
1098,337.39,58.37,2.66,7.24,8.43,1.08,477.49,136.86,True
1099,342.06,46.58,2.71,7.56,8.46,1.05,499.1,141.8,True
1100,268.56,231.87,1.91,2.58,8.06,1.58,159.4,64.2,True
1101,303.32,144.25,2.29,4.94,8.25,1.33,320.05,100.9,True
1102,273.3,219.91,1.96,2.9,8.09,1.55,181.32,69.21,True
1103,270.21,227.71,1.93,2.69,8.07,1.57,167.03,65.94,True
1104,309.15,129.54,2.35,5.33,8.28,1.29,347.01,107.06,True
1105,326.95,84.68,2.55,6.53,8.38,1.16,429.25,125.84,True
1106,333.6,67.91,2.62,6.98,8.41,1.11,460.0,132.87,True
1107,346.42,35.61,2.76,7.85,8.48,1.02,519.21,146.39,True
1108,340.41,50.76,2.7,7.45,8.45,1.06,491.43,140.05,True
1109,286.79,185.91,2.11,3.82,8.16,1.45,243.66,83.45,True
1110,275.92,213.31,1.99,3.08,8.1,1.53,193.44,71.97,True
1111,270.09,228.01,1.93,2.69,8.07,1.57,166.48,65.82,True
1112,272.41,222.17,1.95,2.84,8.08,1.55,177.2,68.26,True
1113,269.39,229.77,1.92,2.64,8.07,1.57,163.26,65.08,True
1114,308.33,131.6,2.35,5.27,8.28,1.29,343.23,106.19,True
1115,267.59,234.3,1.9,2.52,8.06,1.59,154.95,63.18,True
1116,302.26,146.92,2.28,4.86,8.24,1.34,315.15,99.78,True
1117,345.58,37.72,2.75,7.8,8.48,1.03,515.34,145.51,True
1118,271.95,223.33,1.95,2.81,8.08,1.56,175.07,67.78,True
1119,308.68,130.74,2.35,5.3,8.28,1.29,344.81,106.55,True
1120,328.3,81.27,2.56,6.63,8.38,1.15,435.5,127.27,True
1121,340.46,50.63,2.7,7.45,8.45,1.06,491.69,140.11,True
1122,323.99,92.13,2.52,6.33,8.36,1.18,415.59,122.72,True
1123,303.12,144.75,2.29,4.92,8.25,1.33,319.13,100.69,True
1124,302.07,147.4,2.28,4.85,8.24,1.34,314.26,99.57,True
1125,347.71,32.36,2.78,7.94,8.49,1.01,525.17,147.75,True
1126,258.03,258.4,1.8,1.87,8.01,1.66,110.77,53.09,True
1127,285.75,188.52,2.1,3.75,8.15,1.46,238.88,82.35,True
1128,320.06,102.04,2.47,6.07,8.34,1.21,397.42,118.57,True
1129,308.23,131.88,2.34,5.27,8.28,1.29,342.73,106.08,True
1130,300.24,152.01,2.26,4.73,8.23,1.35,305.82,97.65,True
1131,286.98,185.42,2.11,3.83,8.16,1.45,244.56,83.65,True
1132,287.26,184.73,2.12,3.85,8.16,1.45,245.83,83.94,True
1133,287.66,183.72,2.12,3.88,8.17,1.44,247.68,84.36,True
1134,285.1,190.18,2.09,3.7,8.15,1.46,235.84,81.66,True
1135,257.86,258.82,1.79,1.86,8.0,1.66,109.99,52.91,True
1136,303.61,143.51,2.29,4.95,8.25,1.33,321.41,101.21,True
1137,287.22,184.83,2.11,3.85,8.16,1.45,245.65,83.9,True
1138,273.46,219.52,1.96,2.91,8.09,1.55,182.05,69.37,True
1139,296.35,161.81,2.21,4.46,8.21,1.38,287.85,93.54,True
1140,344.97,39.25,2.75,7.75,8.47,1.03,512.54,144.87,True
1141,304.44,141.42,2.3,5.01,8.26,1.32,325.23,102.08,True
1142,327.63,82.97,2.56,6.58,8.38,1.15,432.38,126.56,True
1143,290.4,176.8,2.15,4.06,8.18,1.42,260.37,87.26,True
1144,348.15,31.24,2.78,7.97,8.49,1.01,527.24,148.23,False
1145,291.72,173.47,2.16,4.15,8.19,1.41,266.47,88.66,True
1146,277.42,209.54,2.01,3.18,8.11,1.52,200.35,73.55,True
1147,333.39,68.45,2.62,6.97,8.41,1.11,459.01,132.64,True
1148,281.24,199.91,2.05,3.44,8.13,1.49,218.0,77.59,True
1149,259.61,254.43,1.81,1.98,8.01,1.65,118.05,54.75,True
1150,313.48,118.64,2.4,5.62,8.3,1.26,366.99,111.62,True
1151,328.04,81.94,2.56,6.61,8.38,1.15,434.27,126.99,True
1152,322.62,95.59,2.5,6.24,8.35,1.19,409.25,121.27,True
1153,261.73,249.08,1.84,2.12,8.03,1.63,127.85,56.99,True
1154,294.69,166.01,2.2,4.35,8.2,1.39,280.15,91.78,True
1155,320.79,100.22,2.48,6.12,8.34,1.2,400.77,119.34,True
1156,311.55,123.49,2.38,5.49,8.29,1.27,358.11,109.59,True
1157,264.85,241.2,1.87,2.33,8.04,1.61,142.3,60.29,True
1158,315.33,113.96,2.42,5.75,8.31,1.24,375.57,113.58,True
1159,325.91,87.31,2.54,6.46,8.37,1.17,424.44,124.74,True
1160,324.23,91.54,2.52,6.35,8.36,1.18,416.68,122.97,True
1161,276.37,212.19,2.0,3.11,8.1,1.52,195.49,72.44,True
1162,318.45,106.1,2.46,5.96,8.33,1.22,389.99,116.87,True
1163,349.39,28.11,2.79,8.05,8.5,1.0,532.96,149.53,False
1164,270.6,226.71,1.93,2.72,8.07,1.57,168.87,66.36,True
1165,297.17,159.74,2.22,4.52,8.22,1.37,291.64,94.41,True
1166,316.87,110.1,2.44,5.85,8.32,1.23,382.66,115.2,True
1167,309.73,128.08,2.36,5.37,8.28,1.28,349.68,107.67,True
1168,299.53,153.79,2.25,4.68,8.23,1.36,302.56,96.9,True
1169,285.75,188.53,2.1,3.75,8.15,1.46,238.86,82.35,True
1170,293.81,168.21,2.19,4.29,8.2,1.4,276.11,90.86,True
1171,309.62,128.36,2.36,5.36,8.28,1.28,349.17,107.55,True
1172,260.21,252.91,1.82,2.02,8.02,1.64,120.82,55.39,True
1173,270.16,227.83,1.93,2.69,8.07,1.57,166.81,65.89,True
1174,264.37,242.43,1.87,2.3,8.04,1.61,140.04,59.78,True
1175,330.27,76.31,2.59,6.76,8.39,1.14,444.59,129.35,True
1176,312.22,121.8,2.39,5.54,8.3,1.27,361.2,110.3,True
1177,331.74,72.61,2.6,6.86,8.4,1.13,451.38,130.9,True
1178,315.48,113.59,2.42,5.76,8.31,1.24,376.25,113.73,True
1179,342.74,44.88,2.72,7.6,8.46,1.05,502.23,142.51,True
1180,318.75,105.34,2.46,5.98,8.33,1.22,391.37,117.19,True
1181,271.47,224.52,1.94,2.78,8.08,1.56,172.88,67.28,True
1182,268.65,231.64,1.91,2.59,8.06,1.58,159.82,64.29,True
1183,303.18,144.6,2.29,4.93,8.25,1.33,319.39,100.75,True
1184,265.51,239.55,1.88,2.38,8.05,1.6,145.32,60.98,True
1185,287.41,184.34,2.12,3.86,8.16,1.44,246.54,84.1,True
1186,290.18,177.37,2.15,4.05,8.18,1.43,259.33,87.03,True
1187,319.68,102.99,2.47,6.04,8.34,1.21,395.68,118.17,True
1188,262.31,247.61,1.84,2.16,8.03,1.63,130.54,57.61,True
1189,265.92,238.53,1.88,2.4,8.05,1.6,147.2,61.41,True
1190,260.43,252.35,1.82,2.03,8.02,1.64,121.87,55.62,True
1191,311.76,122.97,2.38,5.51,8.29,1.27,359.05,109.81,True
1192,333.77,67.49,2.62,7.0,8.41,1.11,460.78,133.04,True
1193,264.98,240.89,1.87,2.34,8.04,1.61,142.88,60.42,True
1194,309.91,127.62,2.36,5.38,8.28,1.28,350.53,107.86,True
1195,308.88,130.24,2.35,5.31,8.28,1.29,345.73,106.76,True
1196,310.83,125.32,2.37,5.44,8.29,1.28,354.74,108.82,True
1197,331.54,73.11,2.6,6.85,8.4,1.13,450.47,130.69,True
1198,324.07,91.95,2.52,6.34,8.36,1.18,415.93,122.8,True
1199,315.39,113.82,2.42,5.75,8.31,1.24,375.83,113.64,True
1200,261.01,250.88,1.83,2.07,8.02,1.64,124.55,56.24,True
1201,301.41,149.06,2.27,4.81,8.24,1.34,311.22,98.88,True
1202,188.3,271.48,2.19,3.27,5.27,1.6,345.9,123.76,True
1203,129.55,280.43,2.54,4.52,2.93,1.54,551.01,185.11,True
1204,189.49,271.29,2.19,3.24,5.32,1.6,341.74,122.52,True
1205,166.38,274.82,2.32,3.73,4.4,1.57,422.41,146.65,True
1206,165.86,274.9,2.33,3.74,4.38,1.57,424.23,147.19,True
1207,143.8,278.26,2.46,4.21,3.5,1.55,501.28,170.24,True
1208,178.19,273.02,2.25,3.48,4.87,1.59,381.2,134.32,True
1209,142.36,278.48,2.47,4.25,3.44,1.55,506.3,171.74,True
1210,164.16,275.16,2.34,3.78,4.31,1.57,430.18,148.97,True
1211,157.36,276.19,2.38,3.93,4.04,1.57,453.91,156.07,True
1212,165.73,274.92,2.33,3.75,4.37,1.57,424.68,147.33,True
1213,160.46,275.72,2.36,3.86,4.16,1.57,443.11,152.84,True
1214,152.36,276.96,2.41,4.03,3.84,1.56,471.37,161.29,True
1215,137.0,279.3,2.5,4.36,3.23,1.55,525.0,177.33,True
1216,129.2,280.49,2.55,4.53,2.92,1.54,552.23,185.48,True
1217,136.17,279.42,2.5,4.38,3.2,1.54,527.92,178.21,True
1218,141.38,278.63,2.47,4.27,3.4,1.55,509.71,172.76,True
1219,141.74,278.57,2.47,4.26,3.42,1.55,508.45,172.38,True
1220,126.22,280.94,2.56,4.59,2.8,1.53,562.63,188.59,True
1221,160.35,275.74,2.36,3.86,4.16,1.57,443.46,152.94,True
1222,162.09,275.47,2.35,3.82,4.23,1.57,437.41,151.13,True
1223,172.44,273.89,2.29,3.6,4.64,1.58,401.28,140.32,True
1224,143.87,278.25,2.46,4.21,3.5,1.55,501.01,170.16,True
1225,136.68,279.35,2.5,4.37,3.22,1.54,526.14,177.67,True
1226,191.41,271.0,2.18,3.2,5.39,1.6,335.02,120.51,True
1227,173.6,273.72,2.28,3.58,4.68,1.58,397.21,139.11,True
1228,158.3,276.05,2.37,3.91,4.08,1.57,450.64,155.09,True
1229,173.73,273.7,2.28,3.58,4.69,1.58,396.77,138.98,True
1230,127.51,280.74,2.56,4.56,2.85,1.54,558.14,187.25,True
1231,149.45,277.4,2.43,4.09,3.72,1.56,481.54,164.33,True
1232,188.16,271.5,2.2,3.27,5.26,1.6,346.38,123.9,True
1233,170.87,274.13,2.3,3.64,4.58,1.58,406.75,141.96,True
1234,190.98,271.07,2.18,3.21,5.38,1.6,336.51,120.95,True
1235,154.73,276.59,2.39,3.98,3.93,1.56,463.11,158.82,True
1236,171.25,274.07,2.3,3.63,4.59,1.58,405.41,141.56,True
1237,167.93,274.58,2.32,3.7,4.46,1.58,417.0,145.03,True
1238,142.31,278.49,2.47,4.25,3.44,1.55,506.46,171.79,True
1239,134.32,279.71,2.52,4.42,3.12,1.54,534.35,180.13,True
1240,126.7,280.87,2.56,4.58,2.82,1.53,560.97,188.09,True
1241,134.38,279.7,2.52,4.42,3.13,1.54,534.16,180.07,True
1242,153.66,276.76,2.4,4.0,3.89,1.56,466.82,159.93,True
1243,184.53,272.05,2.22,3.35,5.12,1.59,359.03,127.69,True
1244,141.91,278.55,2.47,4.25,3.42,1.55,507.88,172.21,True
1245,189.93,271.23,2.18,3.23,5.33,1.6,340.18,122.05,True
1246,147.11,277.76,2.44,4.14,3.63,1.56,489.7,166.78,True
1247,183.49,272.21,2.22,3.37,5.08,1.59,362.68,128.78,True
1248,165.31,274.98,2.33,3.76,4.35,1.57,426.16,147.77,True
1249,152.86,276.88,2.41,4.02,3.86,1.56,469.64,160.77,True
1250,160.24,275.75,2.36,3.86,4.15,1.57,443.88,153.07,True
1251,175.97,273.36,2.27,3.53,4.78,1.58,388.95,136.64,True
1252,179.41,272.83,2.25,3.45,4.92,1.59,376.93,133.04,True
1253,180.56,272.66,2.24,3.43,4.96,1.59,372.91,131.84,True
1254,173.85,273.68,2.28,3.57,4.69,1.58,396.35,138.85,True
1255,172.51,273.88,2.29,3.6,4.64,1.58,401.01,140.24,True
1256,142.66,278.43,2.47,4.24,3.45,1.55,505.23,171.42,True
1257,133.87,279.77,2.52,4.43,3.11,1.54,535.94,180.61,True
1258,172.81,273.84,2.29,3.6,4.65,1.58,399.98,139.94,True
1259,163.94,275.19,2.34,3.78,4.3,1.57,430.96,149.2,True
1260,155.49,276.48,2.39,3.97,3.96,1.56,460.44,158.02,True
1261,168.05,274.56,2.31,3.7,4.46,1.58,416.59,144.9,True
1262,147.67,277.67,2.44,4.13,3.65,1.56,487.77,166.2,True
1263,168.34,274.52,2.31,3.69,4.48,1.58,415.58,144.6,True
1264,163.16,275.31,2.34,3.8,4.27,1.57,433.67,150.01,True
1265,133.71,279.8,2.52,4.43,3.1,1.54,536.49,180.77,True
1266,177.13,273.18,2.26,3.5,4.82,1.59,384.88,135.42,True
1267,154.19,276.68,2.4,3.99,3.91,1.56,464.98,159.38,True
1268,130.99,280.21,2.54,4.49,2.99,1.54,546.01,183.62,True
1269,173.79,273.69,2.28,3.57,4.69,1.58,396.54,138.91,True
1270,164.24,275.14,2.34,3.78,4.31,1.57,429.89,148.89,True
1271,154.24,276.67,2.4,3.99,3.91,1.56,464.83,159.33,True
1272,188.47,271.45,2.19,3.26,5.28,1.6,345.29,123.58,True
1273,178.22,273.01,2.25,3.48,4.87,1.59,381.09,134.29,True
1274,189.89,271.23,2.18,3.23,5.33,1.6,340.32,122.09,True
1275,146.49,277.85,2.44,4.16,3.61,1.55,491.87,167.42,True
1276,160.1,275.77,2.36,3.87,4.15,1.57,444.34,153.21,True
1277,132.91,279.92,2.52,4.45,3.07,1.54,539.29,181.61,True
1278,126.49,280.9,2.56,4.58,2.81,1.53,561.71,188.32,True
1279,182.52,272.36,2.23,3.39,5.04,1.59,366.06,129.79,True
1280,185.63,271.88,2.21,3.32,5.16,1.59,355.22,126.55,True
1281,163.66,275.23,2.34,3.79,4.29,1.57,431.91,149.49,True
1282,127.67,280.72,2.56,4.56,2.86,1.54,557.59,187.08,True
1283,130.64,280.27,2.54,4.5,2.98,1.54,547.21,183.98,True
1284,134.73,279.64,2.51,4.41,3.14,1.54,532.92,179.7,True
1285,130.56,280.28,2.54,4.5,2.97,1.54,547.48,184.06,True
1286,160.57,275.7,2.36,3.86,4.17,1.57,442.72,152.72,True
1287,178.82,272.92,2.25,3.47,4.89,1.59,378.97,133.65,True
1288,145.45,278.01,2.45,4.18,3.57,1.55,495.5,168.51,True
1289,159.94,275.8,2.36,3.87,4.14,1.57,444.89,153.37,True
1290,156.1,276.38,2.39,3.95,3.99,1.56,458.31,157.38,True
1291,151.32,277.11,2.41,4.05,3.8,1.56,474.99,162.38,True
1292,167.87,274.59,2.32,3.7,4.46,1.58,417.21,145.09,True
1293,172.3,273.91,2.29,3.61,4.63,1.58,401.75,140.47,True
1294,180.43,272.68,2.24,3.43,4.96,1.59,373.37,131.98,True
1295,159.21,275.91,2.37,3.89,4.11,1.57,447.45,154.14,True
1296,128.81,280.55,2.55,4.53,2.9,1.54,553.61,185.89,True
1297,164.07,275.17,2.34,3.78,4.31,1.57,430.49,149.06,True
1298,185.0,271.98,2.21,3.34,5.14,1.59,357.39,127.2,True
1299,138.43,279.08,2.49,4.33,3.29,1.55,520.03,175.85,True
1300,187.37,271.62,2.2,3.29,5.23,1.6,349.14,124.73,True
1301,154.0,276.71,2.4,4.0,3.91,1.56,465.67,159.59,True
1302,145.91,277.94,2.45,4.17,3.58,1.55,493.9,168.03,True
1303,153.53,276.78,2.4,4.01,3.89,1.56,467.28,160.07,True
1304,147.2,277.74,2.44,4.14,3.63,1.56,489.41,166.69,True
1305,170.6,274.17,2.3,3.64,4.57,1.58,407.69,142.24,True
1306,155.25,276.52,2.39,3.97,3.95,1.56,461.3,158.28,True
1307,170.84,274.14,2.3,3.64,4.57,1.58,406.85,141.99,True
1308,183.93,272.14,2.22,3.36,5.1,1.59,361.15,128.32,True
1309,145.72,277.97,2.45,4.17,3.58,1.55,494.57,168.23,True
1310,149.65,277.37,2.42,4.09,3.73,1.56,480.86,164.13,True
1311,186.76,271.71,2.2,3.3,5.21,1.59,351.25,125.36,True
1312,190.95,271.07,2.18,3.21,5.37,1.6,336.64,120.99,True
1313,171.99,273.96,2.29,3.61,4.62,1.58,402.83,140.79,True
1314,181.59,272.5,2.23,3.41,5.0,1.59,369.32,130.77,True
1315,127.11,280.8,2.56,4.57,2.84,1.54,559.53,187.66,True
1316,159.73,275.83,2.36,3.87,4.13,1.57,445.64,153.6,True
1317,134.68,279.65,2.51,4.41,3.14,1.54,533.1,179.76,True
1318,134.52,279.68,2.51,4.41,3.13,1.54,533.66,179.93,True
1319,179.31,272.85,2.25,3.46,4.91,1.59,377.28,133.15,True
1320,170.32,274.22,2.3,3.65,4.55,1.58,408.65,142.53,True
1321,139.02,278.99,2.49,4.32,3.31,1.55,517.96,175.23,True
1322,190.97,271.07,2.18,3.21,5.38,1.6,336.57,120.97,True
1323,139.37,278.94,2.49,4.31,3.32,1.55,516.72,174.86,True
1324,173.29,273.76,2.28,3.59,4.67,1.58,398.31,139.44,True
1325,184.16,272.11,2.22,3.35,5.1,1.59,360.34,128.08,True
1326,145.09,278.06,2.45,4.19,3.55,1.55,496.77,168.89,True
1327,139.31,278.95,2.49,4.31,3.32,1.55,516.96,174.93,True
1328,152.04,277.0,2.41,4.04,3.83,1.56,472.51,161.63,True
1329,145.29,278.03,2.45,4.18,3.56,1.55,496.07,168.68,True
1330,138.72,279.03,2.49,4.32,3.3,1.55,518.99,175.54,True
1331,130.01,280.36,2.54,4.51,2.95,1.54,549.4,184.63,True
1332,133.95,279.76,2.52,4.42,3.11,1.54,535.66,180.52,True
1333,151.22,277.13,2.42,4.06,3.8,1.56,475.34,162.48,True
1334,173.65,273.71,2.28,3.58,4.69,1.58,397.03,139.05,True
1335,168.06,274.56,2.31,3.7,4.46,1.58,416.54,144.89,True
1336,186.2,271.8,2.21,3.31,5.19,1.59,353.23,125.95,True
1337,136.76,279.33,2.5,4.36,3.22,1.54,525.83,177.58,True
1338,132.14,280.04,2.53,4.46,3.04,1.54,541.99,182.41,True
1339,145.83,277.95,2.45,4.17,3.58,1.55,494.18,168.11,True
1340,165.13,275.01,2.33,3.76,4.35,1.57,426.78,147.95,True
1341,136.82,279.32,2.5,4.36,3.22,1.55,525.64,177.52,True
1342,163.92,275.19,2.34,3.79,4.3,1.57,431.02,149.22,True
1343,177.0,273.2,2.26,3.51,4.82,1.58,385.34,135.56,True
1344,172.86,273.83,2.29,3.59,4.66,1.58,399.78,139.88,True
1345,165.81,274.91,2.33,3.75,4.37,1.57,424.43,147.25,True
1346,166.85,274.75,2.32,3.72,4.42,1.57,420.8,146.16,True
1347,130.11,280.35,2.54,4.51,2.96,1.54,549.05,184.53,True
1348,159.86,275.81,2.36,3.87,4.14,1.57,445.19,153.46,True
1349,186.29,271.78,2.21,3.31,5.19,1.59,352.89,125.85,True
1350,143.54,278.3,2.46,4.22,3.49,1.55,502.17,170.51,True
1351,173.65,273.71,2.28,3.58,4.69,1.58,397.04,139.06,True
1352,149.0,277.47,2.43,4.1,3.71,1.56,483.11,164.8,True
1353,170.66,274.17,2.3,3.64,4.57,1.58,407.48,142.18,True
1354,183.93,272.14,2.22,3.36,5.1,1.59,361.16,128.32,True
1355,159.44,275.88,2.37,3.88,4.12,1.57,446.66,153.9,True
1356,159.33,275.89,2.37,3.88,4.12,1.57,447.04,154.01,True
1357,127.44,280.75,2.56,4.56,2.85,1.54,558.38,187.32,True
1358,137.91,279.16,2.49,4.34,3.27,1.55,521.83,176.39,True
1359,136.61,279.36,2.5,4.37,3.21,1.54,526.37,177.74,True
1360,184.78,272.01,2.22,3.34,5.13,1.59,358.17,127.43,True
1361,166.3,274.83,2.33,3.73,4.39,1.57,422.7,146.73,True
1362,126.01,280.97,2.57,4.59,2.79,1.53,563.39,188.82,True
1363,135.42,279.54,2.51,4.39,3.17,1.54,530.51,178.98,True
1364,189.62,271.27,2.19,3.24,5.32,1.6,341.28,122.38,True
1365,179.5,272.82,2.25,3.45,4.92,1.59,376.63,132.95,True
1366,129.79,280.4,2.54,4.51,2.94,1.54,550.2,184.87,True
1367,182.77,272.32,2.23,3.38,5.05,1.59,365.19,129.53,True
1368,137.76,279.18,2.5,4.34,3.26,1.55,522.36,176.54,True
1369,184.11,272.11,2.22,3.35,5.1,1.59,360.53,128.14,True
1370,143.89,278.25,2.46,4.21,3.5,1.55,500.95,170.14,True
1371,163.74,275.22,2.34,3.79,4.29,1.57,431.65,149.41,True
1372,165.76,274.91,2.33,3.75,4.37,1.57,424.59,147.3,True
1373,180.5,272.66,2.24,3.43,4.96,1.59,373.12,131.9,True
1374,153.05,276.85,2.4,4.02,3.87,1.56,468.96,160.57,True
1375,134.2,279.72,2.52,4.42,3.12,1.54,534.78,180.26,True
1376,188.71,271.41,2.19,3.26,5.29,1.6,344.43,123.32,True
1377,180.82,272.62,2.24,3.42,4.97,1.59,372.01,131.57,True
1378,188.97,271.37,2.19,3.25,5.3,1.6,343.54,123.05,True
1379,136.96,279.3,2.5,4.36,3.23,1.55,525.14,177.38,True
1380,182.5,272.36,2.23,3.39,5.04,1.59,366.12,129.81,True
1381,183.93,272.14,2.22,3.36,5.1,1.59,361.15,128.32,True
1382,148.2,277.59,2.43,4.12,3.67,1.56,485.89,165.64,True
1383,164.73,275.07,2.33,3.77,4.33,1.57,428.17,148.37,True
1384,143.56,278.3,2.46,4.22,3.49,1.55,502.09,170.48,True
1385,133.55,279.82,2.52,4.43,3.09,1.54,537.04,180.94,True
1386,164.95,275.04,2.33,3.76,4.34,1.57,427.42,148.15,True
1387,145.63,277.98,2.45,4.18,3.57,1.55,494.88,168.32,True
1388,180.13,272.72,2.24,3.44,4.94,1.59,374.39,132.28,True
1389,186.88,271.69,2.2,3.3,5.21,1.59,350.85,125.24,True
1390,134.5,279.68,2.51,4.41,3.13,1.54,533.74,179.95,True
1391,147.77,277.66,2.44,4.13,3.66,1.56,487.41,166.09,True
1392,128.34,280.62,2.55,4.54,2.89,1.54,555.26,186.39,True
1393,173.48,273.74,2.28,3.58,4.68,1.58,397.64,139.24,True
1394,149.09,277.45,2.43,4.1,3.71,1.56,482.78,164.71,True
1395,126.22,280.94,2.56,4.59,2.8,1.53,562.64,188.59,True
1396,143.43,278.32,2.46,4.22,3.49,1.55,502.57,170.62,True
1397,148.9,277.48,2.43,4.11,3.7,1.56,483.46,164.91,True
1398,141.5,278.61,2.47,4.26,3.41,1.55,509.3,172.64,True
1399,148.87,277.49,2.43,4.11,3.7,1.56,483.56,164.94,True
1400,134.61,279.66,2.51,4.41,3.13,1.54,533.35,179.83,True
1401,149.09,277.45,2.43,4.1,3.71,1.56,482.78,164.7,True
1402,172.34,273.91,2.29,3.61,4.63,1.58,401.61,140.42,True
1403,146.8,277.8,2.44,4.15,3.62,1.55,490.8,167.1,True
1404,182.32,272.39,2.23,3.39,5.03,1.59,366.76,130.0,True
1405,183.19,272.25,2.22,3.37,5.07,1.59,363.72,129.09,True
1406,155.38,276.49,2.39,3.97,3.96,1.56,460.82,158.14,True
1407,166.6,274.78,2.32,3.73,4.41,1.57,421.65,146.42,True
1408,142.85,278.4,2.47,4.23,3.46,1.55,504.57,171.22,True
1409,143.38,278.32,2.46,4.22,3.48,1.55,502.72,170.67,True
1410,159.99,275.79,2.36,3.87,4.14,1.57,444.74,153.33,True
1411,128.9,280.53,2.55,4.53,2.91,1.54,553.29,185.8,True
1412,150.18,277.29,2.42,4.08,3.75,1.56,478.99,163.57,True
1413,154.68,276.6,2.39,3.98,3.93,1.56,463.27,158.87,True
1414,128.36,280.61,2.55,4.54,2.89,1.54,555.17,186.36,True
1415,147.39,277.71,2.44,4.14,3.64,1.56,488.74,166.49,True
1416,153.9,276.72,2.4,4.0,3.9,1.56,466.0,159.69,True
1417,162.55,275.4,2.35,3.81,4.25,1.57,435.79,150.65,True
1418,183.26,272.24,2.22,3.37,5.07,1.59,363.5,129.02,True
1419,170.66,274.17,2.3,3.64,4.57,1.58,407.49,142.18,True
1420,133.34,279.86,2.52,4.44,3.08,1.54,537.8,181.16,True
1421,136.75,279.34,2.5,4.36,3.22,1.54,525.9,177.6,True
1422,135.27,279.56,2.51,4.4,3.16,1.54,531.05,179.14,True
1423,183.64,272.19,2.22,3.36,5.08,1.59,362.15,128.62,True
1424,170.84,274.14,2.3,3.64,4.57,1.58,406.86,142.0,True
1425,140.83,278.71,2.48,4.28,3.38,1.55,511.65,173.34,True
1426,144.24,278.19,2.46,4.2,3.52,1.55,499.71,169.77,True
1427,182.99,272.28,2.23,3.38,5.06,1.59,364.41,129.3,True
1428,176.34,273.3,2.27,3.52,4.79,1.58,387.65,136.25,True
1429,186.36,271.77,2.21,3.31,5.19,1.59,352.64,125.78,True
1430,169.98,274.27,2.3,3.66,4.54,1.58,409.84,142.89,True
1431,179.84,272.76,2.24,3.45,4.93,1.59,375.42,132.59,True
1432,132.79,279.94,2.52,4.45,3.06,1.54,539.71,181.73,True
1433,141.43,278.62,2.47,4.26,3.41,1.55,509.54,172.71,True
1434,163.07,275.32,2.34,3.8,4.27,1.57,433.97,150.11,True
1435,175.86,273.37,2.27,3.53,4.77,1.58,389.32,136.75,True
1436,154.95,276.56,2.39,3.98,3.94,1.56,462.34,158.59,True
1437,154.32,276.66,2.4,3.99,3.92,1.56,464.54,159.25,True
1438,164.4,275.12,2.34,3.78,4.32,1.57,429.35,148.72,True
1439,153.79,276.74,2.4,4.0,3.9,1.56,466.37,159.8,True
1440,188.76,271.41,2.19,3.26,5.29,1.6,344.29,123.28,True
1441,129.4,280.46,2.55,4.52,2.93,1.54,551.56,185.28,True
1442,141.06,278.68,2.48,4.27,3.39,1.55,510.85,173.1,True
1443,188.54,271.44,2.19,3.26,5.28,1.6,345.03,123.5,True
1444,126.83,280.85,2.56,4.58,2.83,1.54,560.51,187.96,True
1445,142.71,278.43,2.47,4.24,3.46,1.55,505.06,171.37,True
1446,159.04,275.94,2.37,3.89,4.11,1.57,448.05,154.32,True
1447,151.39,277.1,2.41,4.05,3.8,1.56,474.75,162.3,True
1448,153.49,276.78,2.4,4.01,3.89,1.56,467.43,160.11,True
1449,178.1,273.03,2.26,3.48,4.86,1.59,381.49,134.41,True
1450,156.81,276.28,2.38,3.94,4.02,1.56,455.85,156.65,True
1451,171.26,274.07,2.3,3.63,4.59,1.58,405.4,141.56,True
1452,170.12,274.25,2.3,3.65,4.55,1.58,409.36,142.74,True
1453,134.21,279.72,2.52,4.42,3.12,1.54,534.77,180.26,True
1454,184.68,272.03,2.22,3.34,5.12,1.59,358.54,127.54,True
1455,180.65,272.64,2.24,3.43,4.96,1.59,372.6,131.75,True
1456,130.31,280.32,2.54,4.5,2.96,1.54,548.36,184.32,True
1457,127.48,280.75,2.56,4.56,2.85,1.54,558.25,187.28,True
1458,132.1,280.04,2.53,4.46,3.03,1.54,542.11,182.45,True
1459,180.66,272.64,2.24,3.43,4.97,1.59,372.58,131.74,True
1460,164.35,275.13,2.34,3.78,4.32,1.57,429.49,148.77,True
1461,158.26,276.06,2.37,3.91,4.07,1.57,450.79,155.14,True
1462,187.53,271.59,2.2,3.28,5.24,1.6,348.58,124.56,True
1463,182.45,272.37,2.23,3.39,5.04,1.59,366.31,129.87,True
1464,138.07,279.13,2.49,4.34,3.27,1.55,521.29,176.22,True
1465,158.33,276.04,2.37,3.9,4.08,1.57,450.53,155.06,True
1466,175.59,273.41,2.27,3.54,4.76,1.58,390.25,137.03,True
1467,151.6,277.07,2.41,4.05,3.81,1.56,474.04,162.09,True
1468,162.27,275.44,2.35,3.82,4.23,1.57,436.76,150.94,True
1469,169.7,274.31,2.31,3.66,4.53,1.58,410.84,143.19,True
1470,150.39,277.26,2.42,4.07,3.76,1.56,478.25,163.35,True
1471,146.2,277.89,2.45,4.16,3.6,1.55,492.89,167.73,True
1472,144.7,278.12,2.45,4.2,3.54,1.55,498.12,169.29,True
1473,177.4,273.14,2.26,3.5,4.84,1.59,383.95,135.14,True
1474,170.71,274.16,2.3,3.64,4.57,1.58,407.3,142.13,True
1475,162.84,275.36,2.35,3.81,4.26,1.57,434.78,150.35,True
1476,163.33,275.28,2.34,3.8,4.28,1.57,433.07,149.83,True
1477,156.87,276.27,2.38,3.94,4.02,1.56,455.63,156.58,True
1478,175.2,273.47,2.27,3.54,4.75,1.58,391.61,137.43,True
1479,132.92,279.92,2.52,4.45,3.07,1.54,539.25,181.6,True
1480,146.46,277.85,2.44,4.16,3.61,1.55,491.98,167.46,True
1481,130.34,280.31,2.54,4.5,2.96,1.54,548.28,184.3,True
1482,141.21,278.66,2.47,4.27,3.4,1.55,510.31,172.94,True
1483,182.08,272.42,2.23,3.4,5.02,1.59,367.59,130.25,True
1484,148.42,277.56,2.43,4.12,3.68,1.56,485.14,165.41,True
1485,130.86,280.23,2.54,4.49,2.99,1.54,546.46,183.75,True
1486,159.4,275.88,2.37,3.88,4.12,1.57,446.81,153.94,True
1487,187.32,271.62,2.2,3.29,5.23,1.6,349.31,124.78,True
1488,142.56,278.45,2.47,4.24,3.45,1.55,505.61,171.53,True
1489,171.34,274.06,2.3,3.63,4.59,1.58,405.1,141.47,True
1490,126.35,280.92,2.56,4.59,2.81,1.53,562.19,188.46,True
1491,143.16,278.36,2.46,4.23,3.47,1.55,503.51,170.91,True
1492,156.07,276.39,2.39,3.95,3.99,1.56,458.42,157.42,True
1493,164.72,275.07,2.33,3.77,4.33,1.57,428.2,148.38,True
1494,166.02,274.87,2.33,3.74,4.38,1.57,423.66,147.02,True
1495,168.45,274.5,2.31,3.69,4.48,1.58,415.2,144.49,True
1496,143.14,278.36,2.46,4.23,3.47,1.55,503.56,170.92,True
1497,154.52,276.63,2.4,3.99,3.93,1.56,463.82,159.03,True
1498,126.6,280.88,2.56,4.58,2.82,1.53,561.33,188.2,True
1499,138.76,279.03,2.49,4.32,3.3,1.55,518.86,175.5,True
1500,132.46,279.99,2.53,4.46,3.05,1.54,540.85,182.08,True
1501,138.86,279.01,2.49,4.32,3.3,1.55,518.51,175.39,True
1502,130.11,280.35,2.54,4.51,2.96,1.54,549.08,184.54,True
1503,137.2,279.27,2.5,4.36,3.24,1.55,524.3,177.13,True
1504,163.6,275.24,2.34,3.79,4.29,1.57,432.12,149.55,True
1505,158.87,275.96,2.37,3.89,4.1,1.57,448.66,154.5,True
1506,171.86,273.98,2.29,3.62,4.62,1.58,403.28,140.92,True
1507,127.86,280.69,2.55,4.55,2.87,1.54,556.93,186.89,True
1508,154.71,276.6,2.39,3.98,3.93,1.56,463.17,158.84,True
1509,172.97,273.81,2.29,3.59,4.66,1.58,399.41,139.77,True
1510,129.89,280.38,2.54,4.51,2.95,1.54,549.83,184.76,True
1511,190.28,271.17,2.18,3.22,5.35,1.6,338.98,121.69,True
1512,181.76,272.47,2.23,3.4,5.01,1.59,368.73,130.59,True
1513,166.78,274.76,2.32,3.72,4.41,1.57,421.04,146.24,True
1514,142.27,278.49,2.47,4.25,3.44,1.55,506.61,171.83,True
1515,172.59,273.87,2.29,3.6,4.64,1.58,400.73,140.16,True
1516,128.74,280.56,2.55,4.54,2.9,1.54,553.84,185.96,True
1517,176.85,273.22,2.26,3.51,4.81,1.58,385.86,135.71,True
1518,142.41,278.47,2.47,4.24,3.44,1.55,506.12,171.69,True
1519,155.83,276.43,2.39,3.96,3.98,1.56,459.25,157.67,True
1520,152.59,276.92,2.41,4.03,3.85,1.56,470.57,161.05,True
1521,183.07,272.27,2.23,3.38,5.06,1.59,364.16,129.22,True
1522,137.4,279.24,2.5,4.35,3.25,1.55,523.61,176.92,True
1523,171.48,274.04,2.29,3.62,4.6,1.58,404.63,141.33,True
1524,177.58,273.11,2.26,3.49,4.84,1.59,383.3,134.95,True
1525,136.2,279.42,2.5,4.38,3.2,1.54,527.82,178.18,True
1526,187.54,271.59,2.2,3.28,5.24,1.6,348.55,124.55,True
1527,150.92,277.17,2.42,4.06,3.78,1.56,476.39,162.79,True
1528,164.25,275.14,2.34,3.78,4.31,1.57,429.86,148.88,True
1529,126.45,280.91,2.56,4.58,2.81,1.53,561.85,188.36,True
1530,151.57,277.08,2.41,4.05,3.81,1.56,474.15,162.12,True
1531,153.46,276.79,2.4,4.01,3.88,1.56,467.54,160.15,True
1532,131.48,280.14,2.53,4.48,3.01,1.54,544.28,183.1,True
1533,146.26,277.88,2.44,4.16,3.6,1.55,492.66,167.66,True
1534,131.47,280.14,2.53,4.48,3.01,1.54,544.3,183.11,True
1535,179.77,272.78,2.25,3.45,4.93,1.59,375.68,132.67,True
1536,148.57,277.53,2.43,4.11,3.69,1.56,484.62,165.25,True
1537,135.69,279.5,2.51,4.39,3.18,1.54,529.57,178.7,True
1538,127.91,280.68,2.55,4.55,2.87,1.54,556.75,186.83,True
1539,172.7,273.85,2.29,3.6,4.65,1.58,400.36,140.05,True
1540,183.31,272.24,2.22,3.37,5.07,1.59,363.32,128.97,True
1541,171.8,273.99,2.29,3.62,4.61,1.58,403.48,140.98,True
1542,130.24,280.33,2.54,4.5,2.96,1.54,548.61,184.4,True
1543,160.24,275.75,2.36,3.86,4.15,1.57,443.86,153.06,True
1544,154.79,276.58,2.39,3.98,3.94,1.56,462.88,158.75,True
1545,168.67,274.47,2.31,3.68,4.49,1.58,414.43,144.26,True
1546,190.79,271.1,2.18,3.21,5.37,1.6,337.19,121.16,True
1547,133.79,279.79,2.52,4.43,3.1,1.54,536.22,180.69,True
1548,153.48,276.78,2.4,4.01,3.88,1.56,467.47,160.12,True
1549,169.4,274.36,2.31,3.67,4.52,1.58,411.88,143.5,True
1550,169.34,274.37,2.31,3.67,4.52,1.58,412.07,143.55,True
1551,157.41,276.19,2.38,3.92,4.04,1.57,453.74,156.02,True
1552,165.3,274.98,2.33,3.76,4.35,1.57,426.21,147.78,True
1553,170.06,274.26,2.3,3.65,4.54,1.58,409.57,142.8,True
1554,188.24,271.48,2.19,3.27,5.27,1.6,346.08,123.81,True
1555,183.53,272.2,2.22,3.37,5.08,1.59,362.52,128.73,True
1556,160.21,275.76,2.36,3.86,4.15,1.57,443.98,153.1,True
1557,176.65,273.25,2.26,3.51,4.81,1.58,386.57,135.93,True
1558,181.92,272.45,2.23,3.4,5.02,1.59,368.16,130.42,True
1559,154.56,276.62,2.4,3.98,3.93,1.56,463.69,158.99,True
1560,133.2,279.88,2.52,4.44,3.08,1.54,538.28,181.31,True
1561,168.2,274.54,2.31,3.69,4.47,1.58,416.06,144.75,True
1562,142.86,278.4,2.46,4.23,3.46,1.55,504.54,171.21,True
1563,181.71,272.48,2.23,3.41,5.01,1.59,368.91,130.64,True
1564,151.87,277.03,2.41,4.04,3.82,1.56,473.1,161.81,True
1565,162.09,275.47,2.35,3.82,4.23,1.57,437.39,151.13,True
1566,190.56,271.13,2.18,3.22,5.36,1.6,337.98,121.39,True
1567,168.34,274.52,2.31,3.69,4.48,1.58,415.58,144.6,True
1568,138.94,279.0,2.49,4.32,3.31,1.55,518.24,175.31,True
1569,185.22,271.95,2.21,3.33,5.15,1.59,356.65,126.97,True
1570,148.73,277.51,2.43,4.11,3.7,1.56,484.05,165.08,True
1571,174.73,273.54,2.28,3.55,4.73,1.58,393.27,137.93,True
1572,162.71,275.38,2.35,3.81,4.25,1.57,435.23,150.48,True
1573,185.64,271.88,2.21,3.32,5.16,1.59,355.18,126.54,True
1574,184.58,272.04,2.22,3.34,5.12,1.59,358.86,127.64,True
1575,178.12,273.03,2.25,3.48,4.86,1.59,381.44,134.39,True
1576,180.4,272.68,2.24,3.43,4.96,1.59,373.46,132.0,True
1577,136.28,279.41,2.5,4.37,3.2,1.54,527.53,178.09,True
1578,159.17,275.92,2.37,3.89,4.11,1.57,447.6,154.18,True
1579,190.04,271.21,2.18,3.23,5.34,1.6,339.81,121.94,True
1580,146.88,277.79,2.44,4.15,3.62,1.56,490.5,167.01,True
1581,180.61,272.65,2.24,3.43,4.96,1.59,372.74,131.79,True
1582,144.62,278.14,2.45,4.2,3.53,1.55,498.4,169.38,True
1583,152.25,276.97,2.41,4.03,3.84,1.56,471.78,161.41,True
1584,141.09,278.67,2.48,4.27,3.39,1.55,510.72,173.06,True
1585,127.07,280.81,2.56,4.57,2.84,1.54,559.67,187.7,True
1586,174.77,273.54,2.27,3.55,4.73,1.58,393.13,137.89,True
1587,145.68,277.97,2.45,4.17,3.57,1.55,494.72,168.28,True
1588,179.24,272.86,2.25,3.46,4.91,1.59,377.52,133.22,True
1589,146.48,277.85,2.44,4.16,3.61,1.55,491.89,167.43,True
1590,166.59,274.79,2.32,3.73,4.41,1.57,421.69,146.43,True
1591,177.39,273.14,2.26,3.5,4.84,1.59,383.97,135.15,True
1592,173.13,273.79,2.28,3.59,4.67,1.58,398.87,139.6,True
1593,186.45,271.76,2.21,3.3,5.2,1.59,352.35,125.69,True
1594,179.77,272.78,2.25,3.45,4.93,1.59,375.67,132.67,True
1595,141.93,278.55,2.47,4.25,3.43,1.55,507.79,172.18,True
1596,181.51,272.51,2.23,3.41,5.0,1.59,369.59,130.85,True
1597,150.91,277.18,2.42,4.06,3.78,1.56,476.45,162.81,True
1598,191.27,271.02,2.18,3.2,5.39,1.6,335.52,120.65,True
1599,172.26,273.92,2.29,3.61,4.63,1.58,401.9,140.51,True
1600,137.02,279.29,2.5,4.36,3.23,1.55,524.92,177.31,True
1601,174.57,273.57,2.28,3.56,4.72,1.58,393.83,138.1,True
1602,135.59,279.51,2.51,4.39,3.17,1.54,529.95,178.81,True
1603,138.51,279.07,2.49,4.33,3.29,1.55,519.74,175.76,True
1604,169.98,274.27,2.3,3.66,4.54,1.58,409.86,142.89,True
1605,163.13,275.31,2.34,3.8,4.27,1.57,433.78,150.05,True
1606,167.57,274.64,2.32,3.71,4.44,1.58,418.26,145.4,True
1607,181.61,272.49,2.23,3.41,5.0,1.59,369.23,130.74,True
1608,174.64,273.56,2.28,3.56,4.73,1.58,393.57,138.02,True
1609,146.91,277.79,2.44,4.15,3.62,1.56,490.39,166.98,True
1610,147.82,277.65,2.44,4.13,3.66,1.56,487.24,166.04,True
1611,174.63,273.56,2.28,3.56,4.73,1.58,393.6,138.03,True
1612,159.64,275.85,2.37,3.88,4.13,1.57,445.97,153.69,True
1613,185.5,271.9,2.21,3.32,5.16,1.59,355.66,126.68,True
1614,169.95,274.27,2.3,3.66,4.54,1.58,409.96,142.92,True
1615,153.3,276.81,2.4,4.01,3.88,1.56,468.08,160.31,True
1616,126.62,280.88,2.56,4.58,2.82,1.53,561.27,188.18,True
1617,164.35,275.13,2.34,3.78,4.32,1.57,429.5,148.77,True
1618,132.89,279.92,2.52,4.45,3.07,1.54,539.35,181.63,True
1619,158.65,276.0,2.37,3.9,4.09,1.57,449.41,154.72,True
1620,182.56,272.35,2.23,3.39,5.04,1.59,365.94,129.75,True
1621,134.84,279.63,2.51,4.41,3.14,1.54,532.57,179.6,True
1622,155.29,276.51,2.39,3.97,3.96,1.56,461.16,158.24,True
1623,170.55,274.18,2.3,3.64,4.56,1.58,407.85,142.29,True
1624,157.93,276.11,2.38,3.91,4.06,1.57,451.91,155.47,True
1625,168.91,274.43,2.31,3.68,4.5,1.58,413.6,144.01,True
1626,173.8,273.69,2.28,3.57,4.69,1.58,396.52,138.9,True
1627,170.65,274.17,2.3,3.64,4.57,1.58,407.51,142.19,True
1628,155.38,276.49,2.39,3.97,3.96,1.56,460.83,158.14,True
1629,144.5,278.15,2.46,4.2,3.53,1.55,498.82,169.5,True
1630,185.94,271.83,2.21,3.32,5.18,1.59,354.11,126.22,True
1631,127.63,280.73,2.56,4.56,2.86,1.54,557.73,187.13,True
1632,173.17,273.78,2.28,3.59,4.67,1.58,398.72,139.56,True
1633,144.21,278.2,2.46,4.21,3.52,1.55,499.84,169.81,True
1634,170.4,274.2,2.3,3.65,4.56,1.58,408.39,142.45,True
1635,190.54,271.13,2.18,3.22,5.36,1.6,338.07,121.42,True
1636,178.26,273.01,2.25,3.48,4.87,1.59,380.93,134.24,True
1637,183.38,272.22,2.22,3.37,5.07,1.59,363.05,128.89,True
1638,142.88,278.4,2.46,4.23,3.46,1.55,504.49,171.2,True
1639,179.49,272.82,2.25,3.45,4.92,1.59,376.65,132.96,True
1640,186.0,271.83,2.21,3.31,5.18,1.59,353.9,126.15,True
1641,147.26,277.73,2.44,4.14,3.64,1.56,489.17,166.62,True
1642,172.93,273.82,2.29,3.59,4.66,1.58,399.54,139.8,True
1643,160.21,275.76,2.36,3.86,4.15,1.57,443.95,153.09,True
1644,146.75,277.81,2.44,4.15,3.62,1.55,490.95,167.15,True
1645,156.88,276.27,2.38,3.94,4.02,1.56,455.6,156.58,True
1646,175.97,273.35,2.27,3.53,4.78,1.58,388.93,136.63,True
1647,175.33,273.45,2.27,3.54,4.75,1.58,391.17,137.3,True
1648,184.7,272.02,2.22,3.34,5.13,1.59,358.47,127.52,True
1649,185.18,271.95,2.21,3.33,5.15,1.59,356.76,127.01,True
1650,126.55,280.89,2.56,4.58,2.81,1.53,561.51,188.26,True
1651,176.45,273.28,2.26,3.52,4.8,1.58,387.26,136.13,True
1652,131.91,280.07,2.53,4.47,3.03,1.54,542.78,182.65,True
1653,179.82,272.77,2.24,3.45,4.93,1.59,375.48,132.61,True
1654,161.26,275.6,2.36,3.84,4.19,1.57,440.29,152.0,True
1655,171.11,274.1,2.3,3.63,4.59,1.58,405.91,141.71,True
1656,127.25,280.78,2.56,4.57,2.84,1.54,559.05,187.52,True
1657,160.69,275.69,2.36,3.85,4.17,1.57,442.31,152.6,True
1658,158.29,276.05,2.37,3.91,4.08,1.57,450.68,155.1,True
1659,177.57,273.11,2.26,3.49,4.84,1.59,383.34,134.96,True
1660,173.98,273.66,2.28,3.57,4.7,1.58,395.87,138.71,True
1661,143.43,278.32,2.46,4.22,3.49,1.55,502.57,170.62,True
1662,145.45,278.01,2.45,4.18,3.57,1.55,495.49,168.51,True
1663,152.72,276.9,2.41,4.02,3.85,1.56,470.11,160.91,True
1664,140.01,278.84,2.48,4.3,3.35,1.55,514.52,174.2,True
1665,183.19,272.25,2.22,3.37,5.07,1.59,363.71,129.09,True
1666,151.81,277.04,2.41,4.04,3.82,1.56,473.3,161.87,True
1667,151.12,277.14,2.42,4.06,3.79,1.56,475.69,162.58,True
1668,143.51,278.3,2.46,4.22,3.49,1.55,502.27,170.53,True
1669,159.07,275.93,2.37,3.89,4.11,1.57,447.94,154.28,True
1670,148.9,277.48,2.43,4.11,3.7,1.56,483.46,164.91,True
1671,125.97,280.98,2.57,4.59,2.79,1.53,563.54,188.86,True
1672,152.78,276.89,2.41,4.02,3.86,1.56,469.92,160.86,True
1673,134.67,279.65,2.51,4.41,3.14,1.54,533.16,179.77,True
1674,146.15,277.9,2.45,4.16,3.59,1.55,493.07,167.78,True
1675,151.67,277.06,2.41,4.05,3.81,1.56,473.78,162.01,True
1676,189.99,271.22,2.18,3.23,5.34,1.6,340.0,121.99,True
1677,167.13,274.7,2.32,3.72,4.43,1.58,419.8,145.87,True
1678,165.96,274.88,2.33,3.74,4.38,1.57,423.88,147.09,True
1679,160.25,275.75,2.36,3.86,4.15,1.57,443.82,153.05,True
1680,167.93,274.58,2.32,3.7,4.46,1.58,417.0,145.03,True
1681,149.57,277.38,2.42,4.09,3.73,1.56,481.1,164.2,True
1682,168.27,274.53,2.31,3.69,4.47,1.58,415.84,144.68,True
1683,180.08,272.73,2.24,3.44,4.94,1.59,374.57,132.34,True
1684,150.79,277.19,2.42,4.07,3.78,1.56,476.85,162.93,True
1685,141.5,278.61,2.47,4.26,3.41,1.55,509.3,172.64,True
1686,155.25,276.51,2.39,3.97,3.96,1.56,461.28,158.27,True
1687,140.53,278.76,2.48,4.28,3.37,1.55,512.68,173.65,True
1688,145.43,278.01,2.45,4.18,3.56,1.55,495.59,168.54,True
1689,158.45,276.03,2.37,3.9,4.08,1.57,450.1,154.93,True
1690,137.06,279.29,2.5,4.36,3.23,1.55,524.8,177.27,True
1691,174.31,273.61,2.28,3.56,4.71,1.58,394.73,138.37,True
1692,164.91,275.04,2.33,3.76,4.34,1.57,427.54,148.18,True
1693,138.08,279.13,2.49,4.34,3.27,1.55,521.24,176.21,True
1694,152.61,276.92,2.41,4.03,3.85,1.56,470.5,161.03,True
1695,143.96,278.24,2.46,4.21,3.51,1.55,500.71,170.07,True
1696,173.97,273.66,2.28,3.57,4.7,1.58,395.92,138.72,True
1697,186.31,271.78,2.21,3.31,5.19,1.59,352.82,125.83,True
1698,161.39,275.58,2.35,3.84,4.2,1.57,439.85,151.86,True
1699,131.98,280.06,2.53,4.47,3.03,1.54,542.54,182.58,True
1700,174.43,273.59,2.28,3.56,4.72,1.58,394.32,138.24,True
1701,175.8,273.38,2.27,3.53,4.77,1.58,389.54,136.82,True
1702,157.59,276.16,2.38,3.92,4.05,1.57,453.12,155.83,True
1703,188.76,271.41,2.19,3.26,5.29,1.6,344.28,123.28,True
1704,151.24,277.13,2.42,4.06,3.8,1.56,475.28,162.46,True
1705,157.77,276.13,2.38,3.92,4.06,1.57,452.5,155.65,True
1706,154.21,276.67,2.4,3.99,3.91,1.56,464.92,159.36,True
1707,146.89,277.79,2.44,4.15,3.62,1.56,490.46,167.0,True
1708,173.83,273.68,2.28,3.57,4.69,1.58,396.39,138.86,True
1709,161.77,275.52,2.35,3.83,4.21,1.57,438.51,151.46,True
1710,139.42,278.93,2.49,4.31,3.33,1.55,516.54,174.8,True
1711,145.24,278.04,2.45,4.18,3.56,1.55,496.23,168.73,True
1712,147.15,277.75,2.44,4.14,3.63,1.56,489.58,166.74,True
1713,145.5,278.0,2.45,4.18,3.57,1.55,495.33,168.46,True
1714,152.07,277.0,2.41,4.04,3.83,1.56,472.4,161.6,True
1715,175.42,273.44,2.27,3.54,4.76,1.58,390.84,137.2,True
1716,145.76,277.96,2.45,4.17,3.58,1.55,494.43,168.19,True
1717,177.08,273.19,2.26,3.5,4.82,1.58,385.06,135.47,True
1718,180.03,272.74,2.24,3.44,4.94,1.59,374.74,132.39,True
1719,177.73,273.09,2.26,3.49,4.85,1.59,382.8,134.8,True
1720,128.39,280.61,2.55,4.54,2.89,1.54,555.08,186.33,True
1721,134.44,279.69,2.52,4.41,3.13,1.54,533.96,180.02,True
1722,146.4,277.86,2.44,4.16,3.6,1.55,492.2,167.52,True
1723,131.27,280.17,2.53,4.48,3.0,1.54,545.0,183.32,True
1724,158.61,276.0,2.37,3.9,4.09,1.57,449.56,154.77,True
1725,130.71,280.26,2.54,4.49,2.98,1.54,546.96,183.9,True
1726,175.58,273.42,2.27,3.54,4.76,1.58,390.31,137.05,True
1727,126.34,280.92,2.56,4.59,2.81,1.53,562.22,188.47,True
1728,151.92,277.02,2.41,4.04,3.82,1.56,472.9,161.75,True
1729,149.36,277.41,2.43,4.1,3.72,1.56,481.84,164.42,True
1730,187.24,271.64,2.2,3.29,5.23,1.6,349.58,124.86,True
1731,143.73,278.27,2.46,4.22,3.5,1.55,501.52,170.31,True
1732,151.38,277.1,2.41,4.05,3.8,1.56,474.8,162.32,True
1733,172.44,273.89,2.29,3.6,4.64,1.58,401.25,140.32,True
1734,129.17,280.49,2.55,4.53,2.92,1.54,552.34,185.51,True
1735,129.74,280.4,2.54,4.51,2.94,1.54,550.37,184.92,True
1736,143.2,278.35,2.46,4.23,3.48,1.55,503.36,170.86,True
1737,151.17,277.14,2.42,4.06,3.79,1.56,475.53,162.53,True
1738,152.94,276.87,2.4,4.02,3.86,1.56,469.36,160.69,True
1739,165.24,274.99,2.33,3.76,4.35,1.57,426.39,147.84,True
1740,169.29,274.37,2.31,3.67,4.51,1.58,412.25,143.61,True
1741,134.72,279.64,2.51,4.41,3.14,1.54,532.97,179.72,True
1742,132.0,280.06,2.53,4.47,3.03,1.54,542.47,182.56,True
1743,184.03,272.13,2.22,3.36,5.1,1.59,360.81,128.22,True
1744,147.05,277.76,2.44,4.14,3.63,1.56,489.9,166.83,True
1745,137.94,279.15,2.49,4.34,3.27,1.55,521.74,176.36,True
1746,154.86,276.57,2.39,3.98,3.94,1.56,462.65,158.68,True
1747,132.28,280.02,2.53,4.46,3.04,1.54,541.5,182.27,True
1748,180.41,272.68,2.24,3.43,4.96,1.59,373.45,132.0,True
1749,174.01,273.65,2.28,3.57,4.7,1.58,395.79,138.68,True
1750,137.7,279.19,2.5,4.34,3.26,1.55,522.56,176.6,True
1751,184.0,272.13,2.22,3.36,5.1,1.59,360.89,128.24,True
1752,134.87,279.62,2.51,4.4,3.15,1.54,532.43,179.56,True
1753,140.33,278.79,2.48,4.29,3.36,1.55,513.39,173.86,True
1754,181.78,272.47,2.23,3.4,5.01,1.59,368.65,130.57,True
1755,144.92,278.09,2.45,4.19,3.54,1.55,497.35,169.06,True
1756,173.52,273.73,2.28,3.58,4.68,1.58,397.51,139.2,True
1757,149.31,277.42,2.43,4.1,3.72,1.56,482.02,164.48,True
1758,143.7,278.28,2.46,4.22,3.5,1.55,501.6,170.34,True
1759,175.96,273.36,2.27,3.53,4.78,1.58,388.98,136.65,True
1760,140.63,278.74,2.48,4.28,3.37,1.55,512.34,173.55,True
1761,133.62,279.81,2.52,4.43,3.1,1.54,536.8,180.86,True
1762,160.94,275.65,2.36,3.85,4.18,1.57,441.41,152.33,True
1763,165.74,274.91,2.33,3.75,4.37,1.57,424.64,147.31,True
1764,154.12,276.69,2.4,3.99,3.91,1.56,465.22,159.45,True
1765,182.58,272.35,2.23,3.39,5.04,1.59,365.87,129.73,True
1766,169.82,274.29,2.3,3.66,4.53,1.58,410.4,143.05,True
1767,160.62,275.7,2.36,3.86,4.17,1.57,442.54,152.67,True
1768,126.98,280.82,2.56,4.57,2.83,1.54,559.99,187.8,True
1769,161.72,275.53,2.35,3.83,4.21,1.57,438.68,151.51,True
1770,126.61,280.88,2.56,4.58,2.82,1.53,561.27,188.18,True
1771,185.81,271.86,2.21,3.32,5.17,1.59,354.58,126.36,True
1772,134.73,279.64,2.51,4.41,3.14,1.54,532.93,179.71,True
1773,180.07,272.73,2.24,3.44,4.94,1.59,374.61,132.35,True
1774,182.33,272.39,2.23,3.39,5.03,1.59,366.72,129.99,True
1775,145.14,278.06,2.45,4.19,3.55,1.55,496.6,168.84,True
1776,167.13,274.7,2.32,3.72,4.43,1.58,419.8,145.87,True
1777,154.78,276.59,2.39,3.98,3.94,1.56,462.94,158.77,True
1778,129.16,280.49,2.55,4.53,2.92,1.54,552.38,185.52,True
1779,134.01,279.75,2.52,4.42,3.11,1.54,535.46,180.46,True
1780,153.22,276.82,2.4,4.01,3.87,1.56,468.36,160.39,True
1781,130.32,280.32,2.54,4.5,2.96,1.54,548.35,184.32,True
1782,184.74,272.02,2.22,3.34,5.13,1.59,358.32,127.48,True
1783,127.14,280.8,2.56,4.57,2.84,1.54,559.42,187.63,True
1784,162.4,275.42,2.35,3.82,4.24,1.57,436.31,150.8,True
1785,129.29,280.47,2.55,4.52,2.92,1.54,551.93,185.39,True
1786,171.46,274.04,2.29,3.62,4.6,1.58,404.69,141.34,True
1787,145.7,277.97,2.45,4.17,3.58,1.55,494.63,168.25,True
1788,185.81,271.85,2.21,3.32,5.17,1.59,354.56,126.35,True
1789,162.85,275.36,2.35,3.81,4.26,1.57,434.73,150.33,True
1790,130.49,280.29,2.54,4.5,2.97,1.54,547.74,184.14,True
1791,147.24,277.74,2.44,4.14,3.64,1.56,489.26,166.64,True
1792,180.82,272.62,2.24,3.42,4.97,1.59,372.02,131.57,True
1793,163.52,275.25,2.34,3.79,4.28,1.57,432.39,149.63,True
1794,162.14,275.46,2.35,3.82,4.23,1.57,437.24,151.08,True
1795,142.87,278.4,2.46,4.23,3.46,1.55,504.5,171.2,True
1796,170.28,274.22,2.3,3.65,4.55,1.58,408.79,142.57,True
1797,183.2,272.25,2.22,3.37,5.07,1.59,363.69,129.08,True
1798,128.48,280.6,2.55,4.54,2.89,1.54,554.75,186.23,True
1799,189.51,271.29,2.19,3.24,5.32,1.6,341.65,122.49,True
1800,155.74,276.44,2.39,3.96,3.97,1.56,459.56,157.76,True
1801,174.76,273.54,2.27,3.55,4.73,1.58,393.15,137.89,True
1802,136.61,279.36,2.5,4.37,3.21,1.54,526.38,177.75,True
1803,126.91,280.84,2.56,4.57,2.83,1.54,560.24,187.88,True
1804,132.32,280.01,2.53,4.46,3.04,1.54,541.35,182.23,True
1805,126.1,280.96,2.56,4.59,2.8,1.53,563.06,188.72,True
1806,154.55,276.62,2.4,3.99,3.93,1.56,463.72,159.0,True
1807,138.94,279.0,2.49,4.32,3.31,1.55,518.23,175.31,True
1808,151.3,277.12,2.41,4.05,3.8,1.56,475.09,162.41,True
1809,148.29,277.58,2.43,4.12,3.68,1.56,485.6,165.55,True
1810,170.01,274.26,2.3,3.66,4.54,1.58,409.73,142.85,True
1811,137.96,279.15,2.49,4.34,3.27,1.55,521.64,176.33,True
1812,139.12,278.97,2.49,4.31,3.31,1.55,517.62,175.13,True
1813,142.29,278.49,2.47,4.25,3.44,1.55,506.55,171.82,True
1814,126.92,280.83,2.56,4.57,2.83,1.54,560.19,187.86,True
1815,172.9,273.82,2.29,3.59,4.66,1.58,399.66,139.84,True
1816,161.29,275.59,2.36,3.84,4.2,1.57,440.2,151.97,True
1817,134.17,279.73,2.52,4.42,3.12,1.54,534.87,180.29,True
1818,147.24,277.74,2.44,4.14,3.64,1.56,489.25,166.64,True
1819,130.71,280.26,2.54,4.49,2.98,1.54,546.97,183.91,True
1820,185.48,271.91,2.21,3.33,5.16,1.59,355.73,126.7,True
1821,178.38,272.99,2.25,3.48,4.87,1.59,380.51,134.11,True
1822,176.14,273.33,2.27,3.52,4.79,1.58,388.36,136.46,True
1823,189.55,271.28,2.19,3.24,5.32,1.6,341.51,122.45,True
1824,156.0,276.4,2.39,3.95,3.98,1.56,458.66,157.49,True
1825,146.67,277.82,2.44,4.15,3.61,1.55,491.26,167.24,True
1826,188.7,271.41,2.19,3.26,5.29,1.6,344.47,123.33,True
1827,129.01,280.52,2.55,4.53,2.91,1.54,552.91,185.68,True
1828,148.21,277.59,2.43,4.12,3.68,1.56,485.88,165.63,True
1829,183.52,272.2,2.22,3.37,5.08,1.59,362.59,128.75,True
1830,185.84,271.85,2.21,3.32,5.17,1.59,354.46,126.32,True
1831,182.66,272.34,2.23,3.39,5.04,1.59,365.59,129.65,True
1832,149.36,277.41,2.43,4.1,3.72,1.56,481.84,164.42,True
1833,168.16,274.55,2.31,3.69,4.47,1.58,416.19,144.79,True
1834,129.95,280.37,2.54,4.51,2.95,1.54,549.63,184.7,True
1835,135.65,279.5,2.51,4.39,3.18,1.54,529.74,178.75,True
1836,164.58,275.09,2.34,3.77,4.33,1.57,428.71,148.53,True
1837,181.37,272.53,2.24,3.41,4.99,1.59,370.06,130.99,True
1838,155.3,276.51,2.39,3.97,3.96,1.56,461.12,158.23,True
1839,131.6,280.12,2.53,4.47,3.02,1.54,543.85,182.97,True
1840,189.22,271.33,2.19,3.25,5.31,1.6,342.66,122.79,True
1841,149.75,277.35,2.42,4.09,3.74,1.56,480.48,164.02,True
1842,153.59,276.77,2.4,4.01,3.89,1.56,467.08,160.01,True
1843,186.08,271.81,2.21,3.31,5.18,1.59,353.64,126.07,True
1844,131.03,280.21,2.54,4.49,2.99,1.54,545.86,183.57,True
1845,138.39,279.09,2.49,4.33,3.28,1.55,520.16,175.89,True
1846,170.52,274.19,2.3,3.64,4.56,1.58,407.98,142.33,True
1847,186.93,271.68,2.2,3.29,5.21,1.59,350.68,125.19,True
1848,159.24,275.91,2.37,3.89,4.11,1.57,447.35,154.11,True
1849,130.75,280.25,2.54,4.49,2.98,1.54,546.83,183.86,True
1850,170.41,274.2,2.3,3.65,4.56,1.58,408.33,142.44,True
1851,144.71,278.12,2.45,4.2,3.54,1.55,498.1,169.29,True
1852,159.73,275.83,2.36,3.87,4.13,1.57,445.62,153.59,True
1853,135.43,279.54,2.51,4.39,3.17,1.54,530.48,178.97,True
1854,157.7,276.14,2.38,3.92,4.05,1.57,452.73,155.72,True
1855,154.97,276.56,2.39,3.98,3.94,1.56,462.26,158.57,True
1856,185.94,271.84,2.21,3.32,5.17,1.59,354.14,126.22,True
1857,183.06,272.27,2.23,3.38,5.06,1.59,364.17,129.22,True
1858,142.3,278.49,2.47,4.25,3.44,1.55,506.49,171.8,True
1859,177.88,273.06,2.26,3.49,4.85,1.59,382.27,134.64,True
1860,183.75,272.17,2.22,3.36,5.09,1.59,361.76,128.5,True
1861,159.06,275.93,2.37,3.89,4.11,1.57,447.97,154.29,True
1862,163.92,275.19,2.34,3.79,4.3,1.57,431.01,149.22,True
1863,152.62,276.92,2.41,4.03,3.85,1.56,470.45,161.02,True
1864,186.7,271.72,2.2,3.3,5.21,1.59,351.49,125.43,True
1865,171.83,273.99,2.29,3.62,4.61,1.58,403.41,140.96,True
1866,174.89,273.52,2.27,3.55,4.74,1.58,392.72,137.77,True
1867,129.78,280.4,2.54,4.51,2.94,1.54,550.23,184.88,True
1868,152.4,276.95,2.41,4.03,3.84,1.56,471.25,161.26,True
1869,147.46,277.7,2.44,4.14,3.65,1.56,488.5,166.42,True
1870,183.0,272.28,2.23,3.38,5.06,1.59,364.4,129.29,True
1871,186.31,271.78,2.21,3.31,5.19,1.59,352.85,125.84,True
1872,150.45,277.25,2.42,4.07,3.76,1.56,478.04,163.29,True
1873,129.86,280.39,2.54,4.51,2.95,1.54,549.93,184.79,True
1874,138.49,279.07,2.49,4.33,3.29,1.55,519.79,175.78,True
1875,146.66,277.82,2.44,4.15,3.61,1.55,491.26,167.24,True
1876,186.46,271.76,2.21,3.3,5.2,1.59,352.31,125.68,True
1877,138.62,279.05,2.49,4.32,3.29,1.55,519.36,175.65,True
1878,131.08,280.2,2.54,4.49,2.99,1.54,545.69,183.52,True
1879,171.44,274.05,2.29,3.62,4.6,1.58,404.77,141.37,True
1880,137.2,279.27,2.5,4.36,3.24,1.55,524.32,177.13,True
1881,136.04,279.44,2.51,4.38,3.19,1.54,528.35,178.34,True
1882,161.86,275.51,2.35,3.83,4.22,1.57,438.21,151.37,True
1883,127.54,280.74,2.56,4.56,2.85,1.54,558.03,187.21,True
1884,140.17,278.81,2.48,4.29,3.36,1.55,513.93,174.02,True
1885,186.35,271.77,2.21,3.31,5.19,1.59,352.69,125.79,True
1886,135.64,279.51,2.51,4.39,3.18,1.54,529.77,178.76,True
1887,153.42,276.79,2.4,4.01,3.88,1.56,467.69,160.19,True
1888,146.42,277.86,2.44,4.16,3.6,1.55,492.12,167.5,True
1889,129.4,280.46,2.55,4.52,2.93,1.54,551.54,185.27,True
1890,162.02,275.48,2.35,3.83,4.22,1.57,437.65,151.21,True
1891,191.15,271.04,2.18,3.2,5.38,1.6,335.92,120.78,True
1892,153.22,276.82,2.4,4.01,3.87,1.56,468.38,160.4,True
1893,156.77,276.28,2.38,3.94,4.02,1.56,455.97,156.68,True
1894,135.11,279.58,2.51,4.4,3.15,1.54,531.6,179.31,True
1895,126.26,280.93,2.56,4.59,2.8,1.53,562.5,188.55,True
1896,165.44,274.96,2.33,3.75,4.36,1.57,425.69,147.63,True
1897,184.97,271.98,2.21,3.34,5.14,1.59,357.5,127.23,True
1898,165.17,275.0,2.33,3.76,4.35,1.57,426.66,147.92,True
1899,156.98,276.25,2.38,3.93,4.02,1.57,455.25,156.47,True
1900,182.19,272.41,2.23,3.4,5.03,1.59,367.23,130.14,True
1901,161.27,275.6,2.36,3.84,4.19,1.57,440.25,151.98,True
1902,137.9,279.16,2.49,4.34,3.27,1.55,521.88,176.4,True
1903,180.77,272.62,2.24,3.43,4.97,1.59,372.18,131.62,True
1904,148.29,277.58,2.43,4.12,3.68,1.56,485.6,165.55,True
1905,162.71,275.38,2.35,3.81,4.25,1.57,435.22,150.48,True
1906,176.31,273.3,2.27,3.52,4.79,1.58,387.76,136.28,True
1907,126.62,280.88,2.56,4.58,2.82,1.53,561.26,188.18,True
1908,139.29,278.95,2.49,4.31,3.32,1.55,517.01,174.94,True
1909,127.75,280.71,2.56,4.56,2.86,1.54,557.32,187.0,True
1910,136.53,279.37,2.5,4.37,3.21,1.54,526.65,177.83,True
1911,139.18,278.96,2.49,4.31,3.32,1.55,517.4,175.06,True
1912,156.91,276.26,2.38,3.93,4.02,1.56,455.48,156.54,True
1913,158.45,276.03,2.37,3.9,4.08,1.57,450.12,154.94,True
1914,184.35,272.08,2.22,3.35,5.11,1.59,359.68,127.88,True
1915,150.01,277.31,2.42,4.08,3.75,1.56,479.59,163.75,True
1916,128.29,280.63,2.55,4.55,2.88,1.54,555.41,186.43,True
1917,146.41,277.86,2.44,4.16,3.6,1.55,492.14,167.51,True
1918,181.82,272.46,2.23,3.4,5.01,1.59,368.52,130.53,True
1919,178.86,272.91,2.25,3.47,4.89,1.59,378.85,133.62,True
1920,146.4,277.86,2.44,4.16,3.6,1.55,492.19,167.52,True
1921,172.13,273.94,2.29,3.61,4.63,1.58,402.33,140.64,True
1922,147.21,277.74,2.44,4.14,3.64,1.56,489.34,166.67,True
1923,136.28,279.41,2.5,4.37,3.2,1.54,527.51,178.09,True
1924,142.75,278.42,2.47,4.24,3.46,1.55,504.94,171.33,True
1925,130.9,280.23,2.54,4.49,2.99,1.54,546.3,183.71,True
1926,148.62,277.53,2.43,4.11,3.69,1.56,484.45,165.2,True
1927,152.92,276.87,2.41,4.02,3.86,1.56,469.43,160.71,True
1928,150.2,277.28,2.42,4.08,3.75,1.56,478.92,163.55,True
1929,134.58,279.67,2.51,4.41,3.13,1.54,533.44,179.86,True
1930,136.48,279.38,2.5,4.37,3.21,1.54,526.82,177.88,True
1931,153.43,276.79,2.4,4.01,3.88,1.56,467.63,160.17,True
1932,166.23,274.84,2.33,3.74,4.39,1.57,422.94,146.81,True
1933,150.6,277.22,2.42,4.07,3.77,1.56,477.53,163.14,True
1934,138.22,279.11,2.49,4.33,3.28,1.55,520.77,176.07,True
1935,157.08,276.23,2.38,3.93,4.03,1.57,454.88,156.36,True
1936,137.17,279.27,2.5,4.36,3.24,1.55,524.41,177.16,True
1937,181.44,272.52,2.24,3.41,5.0,1.59,369.84,130.92,True
1938,177.45,273.13,2.26,3.5,4.84,1.59,383.76,135.09,True
1939,158.24,276.06,2.37,3.91,4.07,1.57,450.84,155.15,True
1940,137.92,279.16,2.49,4.34,3.27,1.55,521.8,176.38,True
1941,143.94,278.24,2.46,4.21,3.51,1.55,500.78,170.09,True
1942,155.11,276.54,2.39,3.97,3.95,1.56,461.79,158.43,True
1943,153.09,276.84,2.4,4.02,3.87,1.56,468.83,160.53,True
1944,164.57,275.09,2.34,3.77,4.33,1.57,428.74,148.54,True
1945,144.26,278.19,2.46,4.2,3.52,1.55,499.64,169.75,True
1946,160.37,275.73,2.36,3.86,4.16,1.57,443.42,152.93,True
1947,158.21,276.06,2.37,3.91,4.07,1.57,450.96,155.19,True
1948,177.84,273.07,2.26,3.49,4.85,1.59,382.4,134.68,True
1949,164.12,275.16,2.34,3.78,4.31,1.57,430.31,149.01,True
1950,149.13,277.45,2.43,4.1,3.71,1.56,482.67,164.67,True
1951,127.49,280.75,2.56,4.56,2.85,1.54,558.22,187.27,True
1952,127.84,280.69,2.55,4.55,2.87,1.54,556.99,186.9,True
1953,145.55,277.99,2.45,4.18,3.57,1.55,495.15,168.4,True
1954,189.52,271.29,2.19,3.24,5.32,1.6,341.64,122.49,True
1955,151.82,277.04,2.41,4.04,3.82,1.56,473.28,161.86,True
1956,158.29,276.05,2.37,3.91,4.08,1.57,450.67,155.1,True
1957,141.22,278.65,2.47,4.27,3.4,1.55,510.26,172.92,True
1958,146.15,277.9,2.45,4.16,3.59,1.55,493.05,167.78,True
1959,151.6,277.07,2.41,4.05,3.81,1.56,474.03,162.09,True
1960,133.05,279.9,2.52,4.44,3.07,1.54,538.8,181.46,True
1961,144.4,278.17,2.46,4.2,3.52,1.55,499.16,169.6,True
1962,144.54,278.15,2.45,4.2,3.53,1.55,498.68,169.46,True
1963,168.87,274.44,2.31,3.68,4.5,1.58,413.73,144.05,True
1964,187.84,271.55,2.2,3.28,5.25,1.6,347.5,124.24,True
1965,187.36,271.62,2.2,3.29,5.23,1.6,349.16,124.74,True
1966,180.33,272.69,2.24,3.44,4.95,1.59,373.7,132.08,True
1967,133.56,279.82,2.52,4.43,3.09,1.54,537.01,180.93,True
1968,134.02,279.75,2.52,4.42,3.11,1.54,535.41,180.45,True
1969,136.11,279.43,2.51,4.38,3.19,1.54,528.12,178.27,True
1970,169.39,274.36,2.31,3.67,4.52,1.58,411.9,143.5,True
1971,127.73,280.71,2.56,4.56,2.86,1.54,557.38,187.02,True
1972,152.33,276.96,2.41,4.03,3.84,1.56,471.49,161.33,True
1973,143.83,278.26,2.46,4.21,3.5,1.55,501.16,170.2,True
1974,129.46,280.45,2.54,4.52,2.93,1.54,551.34,185.21,True
1975,166.6,274.78,2.32,3.73,4.41,1.57,421.66,146.42,True
1976,186.44,271.76,2.21,3.31,5.19,1.59,352.39,125.7,True
1977,135.96,279.46,2.51,4.38,3.19,1.54,528.62,178.42,True
1978,140.93,278.7,2.48,4.28,3.39,1.55,511.29,173.23,True
1979,170.2,274.23,2.3,3.65,4.55,1.58,409.08,142.66,True
1980,157.74,276.13,2.38,3.92,4.05,1.57,452.58,155.67,True
1981,175.55,273.42,2.27,3.54,4.76,1.58,390.39,137.07,True
1982,181.06,272.58,2.24,3.42,4.98,1.59,371.15,131.31,True
1983,183.18,272.26,2.22,3.37,5.07,1.59,363.77,129.11,True
1984,149.61,277.37,2.42,4.09,3.73,1.56,480.96,164.16,True
1985,138.19,279.12,2.49,4.33,3.28,1.55,520.86,176.1,True
1986,188.35,271.47,2.19,3.26,5.27,1.6,345.72,123.71,True
1987,130.12,280.35,2.54,4.51,2.96,1.54,549.05,184.53,True
1988,133.9,279.77,2.52,4.43,3.11,1.54,535.85,180.58,True
1989,128.68,280.57,2.55,4.54,2.9,1.54,554.07,186.03,True
1990,186.13,271.81,2.21,3.31,5.18,1.59,353.46,126.02,True
1991,153.39,276.8,2.4,4.01,3.88,1.56,467.78,160.22,True
1992,155.07,276.54,2.39,3.97,3.95,1.56,461.9,158.46,True
1993,173.61,273.71,2.28,3.58,4.69,1.58,397.17,139.1,True
1994,182.3,272.39,2.23,3.39,5.03,1.59,366.84,130.02,True
1995,140.94,278.7,2.48,4.28,3.39,1.55,511.24,173.22,True
1996,163.38,275.27,2.34,3.8,4.28,1.57,432.89,149.78,True
1997,158.95,275.95,2.37,3.89,4.1,1.57,448.36,154.41,True
1998,185.17,271.95,2.21,3.33,5.14,1.59,356.8,127.02,True
1999,182.66,272.34,2.23,3.39,5.04,1.59,365.59,129.65,True
2000,144.76,278.11,2.45,4.19,3.54,1.55,497.93,169.24,True
2001,153.1,276.84,2.4,4.02,3.87,1.56,468.79,160.52,True
2002,170.52,274.19,2.3,3.64,4.56,1.58,407.95,142.32,True
2003,176.37,273.29,2.27,3.52,4.79,1.58,387.55,136.22,True
2004,186.62,271.73,2.2,3.3,5.2,1.59,351.73,125.51,True
2005,127.13,280.8,2.56,4.57,2.84,1.54,559.47,187.64,True
2006,181.99,272.44,2.23,3.4,5.02,1.59,367.91,130.34,True
2007,157.24,276.21,2.38,3.93,4.03,1.57,454.32,156.19,True
2008,166.38,274.82,2.32,3.73,4.4,1.57,422.44,146.65,True
2009,176.39,273.29,2.27,3.52,4.8,1.58,387.47,136.19,True
2010,148.26,277.58,2.43,4.12,3.68,1.56,485.69,165.58,True
2011,185.79,271.86,2.21,3.32,5.17,1.59,354.64,126.37,True
2012,176.6,273.26,2.26,3.51,4.8,1.58,386.73,135.97,True
2013,164.0,275.18,2.34,3.78,4.3,1.57,430.74,149.14,True
2014,179.01,272.89,2.25,3.46,4.9,1.59,378.32,133.46,True
2015,129.09,280.5,2.55,4.53,2.92,1.54,552.63,185.6,True
2016,161.92,275.5,2.35,3.83,4.22,1.57,437.99,151.31,True
2017,178.52,272.97,2.25,3.47,4.88,1.59,380.04,133.97,True
2018,130.21,280.33,2.54,4.5,2.96,1.54,548.71,184.43,True
2019,168.53,274.49,2.31,3.69,4.48,1.58,414.91,144.4,True
2020,189.03,271.36,2.19,3.25,5.3,1.6,343.33,122.99,True
2021,132.39,280.0,2.53,4.46,3.05,1.54,541.1,182.15,True
2022,159.03,275.94,2.37,3.89,4.11,1.57,448.07,154.32,True
2023,169.52,274.34,2.31,3.67,4.52,1.58,411.45,143.37,True
2024,183.43,272.22,2.22,3.37,5.08,1.59,362.9,128.85,True
2025,182.13,272.42,2.23,3.4,5.02,1.59,367.43,130.2,True
2026,184.3,272.09,2.22,3.35,5.11,1.59,359.86,127.93,True
2027,169.46,274.35,2.31,3.67,4.52,1.58,411.66,143.43,True
2028,136.25,279.41,2.5,4.38,3.2,1.54,527.64,178.12,True
2029,130.73,280.25,2.54,4.49,2.98,1.54,546.92,183.89,True
2030,171.85,273.98,2.29,3.62,4.62,1.58,403.31,140.93,True
2031,131.37,280.16,2.53,4.48,3.01,1.54,544.67,183.22,True
2032,160.68,275.69,2.36,3.85,4.17,1.57,442.31,152.6,True
2033,139.12,278.97,2.49,4.31,3.31,1.55,517.59,175.12,True
2034,136.61,279.36,2.5,4.37,3.21,1.54,526.38,177.75,True
2035,167.91,274.58,2.32,3.7,4.46,1.58,417.08,145.05,True
2036,126.74,280.86,2.56,4.58,2.82,1.54,560.84,188.06,True
2037,189.82,271.24,2.19,3.23,5.33,1.6,340.57,122.17,True
2038,178.94,272.9,2.25,3.46,4.9,1.59,378.57,133.53,True
2039,178.65,272.95,2.25,3.47,4.89,1.59,379.58,133.83,True
2040,144.02,278.23,2.46,4.21,3.51,1.55,500.48,170.0,True
2041,144.74,278.12,2.45,4.19,3.54,1.55,497.97,169.25,True
2042,182.0,272.44,2.23,3.4,5.02,1.59,367.87,130.33,True
2043,159.36,275.89,2.37,3.88,4.12,1.57,446.93,153.98,True
2044,154.1,276.69,2.4,3.99,3.91,1.56,465.32,159.48,True
2045,176.22,273.32,2.27,3.52,4.79,1.58,388.05,136.37,True
2046,184.73,272.02,2.22,3.34,5.13,1.59,358.35,127.49,True
2047,174.73,273.54,2.28,3.55,4.73,1.58,393.28,137.93,True
2048,151.25,277.12,2.42,4.06,3.8,1.56,475.25,162.45,True
2049,181.44,272.52,2.24,3.41,5.0,1.59,369.82,130.92,True
2050,138.48,279.07,2.49,4.33,3.29,1.55,519.85,175.79,True
2051,142.02,278.53,2.47,4.25,3.43,1.55,507.5,172.1,True
2052,170.9,274.13,2.3,3.64,4.58,1.58,406.62,141.92,True
2053,177.83,273.07,2.26,3.49,4.85,1.59,382.45,134.69,True
2054,179.39,272.83,2.25,3.46,4.91,1.59,376.99,133.06,True
2055,128.45,280.6,2.55,4.54,2.89,1.54,554.85,186.26,True
2056,184.51,272.05,2.22,3.35,5.12,1.59,359.11,127.71,True
2057,176.58,273.26,2.26,3.52,4.8,1.58,386.79,135.99,True
2058,188.39,271.46,2.19,3.26,5.27,1.6,345.58,123.66,True
2059,188.7,271.41,2.19,3.26,5.28,1.6,344.49,123.34,True
2060,190.01,271.21,2.18,3.23,5.34,1.6,339.9,121.97,True
2061,186.78,271.71,2.2,3.3,5.21,1.59,351.18,125.34,True
2062,147.75,277.66,2.44,4.13,3.66,1.56,487.47,166.11,True
2063,174.81,273.53,2.27,3.55,4.73,1.58,392.99,137.85,True
2064,151.46,277.09,2.41,4.05,3.8,1.56,474.5,162.23,True
2065,137.84,279.17,2.49,4.34,3.26,1.55,522.07,176.46,True
2066,182.29,272.39,2.23,3.39,5.03,1.59,366.88,130.04,True
2067,170.68,274.16,2.3,3.64,4.57,1.58,407.4,142.16,True
2068,160.39,275.73,2.36,3.86,4.16,1.57,443.35,152.91,True
2069,143.47,278.31,2.46,4.22,3.49,1.55,502.4,170.57,True
2070,165.83,274.9,2.33,3.74,4.38,1.57,424.33,147.22,True
2071,136.65,279.35,2.5,4.37,3.22,1.54,526.25,177.71,True
2072,173.3,273.76,2.28,3.59,4.67,1.58,398.28,139.43,True
2073,174.22,273.62,2.28,3.57,4.71,1.58,395.04,138.46,True
2074,169.86,274.29,2.3,3.66,4.54,1.58,410.26,143.01,True
2075,165.22,275.0,2.33,3.76,4.35,1.57,426.49,147.87,True
2076,155.55,276.47,2.39,3.96,3.97,1.56,460.24,157.96,True
2077,154.68,276.6,2.39,3.98,3.93,1.56,463.28,158.87,True
2078,182.95,272.29,2.23,3.38,5.06,1.59,364.56,129.34,True
2079,149.81,277.34,2.42,4.09,3.74,1.56,480.27,163.95,True
2080,135.99,279.45,2.51,4.38,3.19,1.54,528.54,178.39,True
2081,167.34,274.67,2.32,3.71,4.44,1.58,419.06,145.65,True
2082,137.67,279.2,2.5,4.35,3.26,1.55,522.67,176.64,True
2083,152.91,276.87,2.41,4.02,3.86,1.56,469.46,160.72,True
2084,150.92,277.17,2.42,4.06,3.78,1.56,476.39,162.79,True
2085,158.7,275.99,2.37,3.9,4.09,1.57,449.24,154.67,True
2086,183.83,272.16,2.22,3.36,5.09,1.59,361.47,128.42,True
2087,134.41,279.69,2.52,4.41,3.13,1.54,534.06,180.04,True
2088,150.12,277.3,2.42,4.08,3.75,1.56,479.2,163.63,True
2089,178.8,272.92,2.25,3.47,4.89,1.59,379.05,133.68,True
2090,153.42,276.79,2.4,4.01,3.88,1.56,467.66,160.18,True
2091,155.0,276.55,2.39,3.98,3.95,1.56,462.17,158.54,True
2092,129.77,280.4,2.54,4.51,2.94,1.54,550.26,184.89,True
2093,153.6,276.77,2.4,4.01,3.89,1.56,467.05,160.0,True
2094,189.56,271.28,2.19,3.24,5.32,1.6,341.49,122.44,True
2095,130.53,280.28,2.54,4.5,2.97,1.54,547.6,184.09,True
2096,171.64,274.02,2.29,3.62,4.61,1.58,404.05,141.15,True
2097,164.82,275.06,2.33,3.77,4.34,1.57,427.86,148.28,True
2098,179.48,272.82,2.25,3.45,4.92,1.59,376.7,132.97,True
2099,155.97,276.4,2.39,3.95,3.98,1.56,458.75,157.52,True
2100,186.28,271.78,2.21,3.31,5.19,1.59,352.94,125.87,True
2101,173.53,273.73,2.28,3.58,4.68,1.58,397.47,139.19,True
2102,126.03,280.97,2.57,4.59,2.79,1.53,563.33,188.8,True
2103,178.63,272.95,2.25,3.47,4.88,1.59,379.64,133.85,True
2104,180.68,272.64,2.24,3.43,4.97,1.59,372.49,131.71,True
2105,146.64,277.83,2.44,4.15,3.61,1.55,491.33,167.26,True
2106,184.59,272.04,2.22,3.34,5.12,1.59,358.85,127.63,True
2107,127.4,280.76,2.56,4.56,2.85,1.54,558.54,187.37,True
2108,186.86,271.69,2.2,3.3,5.21,1.59,350.89,125.25,True
2109,166.58,274.79,2.32,3.73,4.41,1.57,421.72,146.44,True
2110,139.68,278.89,2.48,4.3,3.34,1.55,515.65,174.54,True
2111,151.91,277.02,2.41,4.04,3.82,1.56,472.96,161.77,True
2112,131.89,280.08,2.53,4.47,3.03,1.54,542.84,182.67,True
2113,156.93,276.26,2.38,3.93,4.02,1.56,455.42,156.52,True
2114,151.69,277.06,2.41,4.05,3.81,1.56,473.71,161.99,True
2115,173.17,273.78,2.28,3.59,4.67,1.58,398.72,139.56,True
2116,138.03,279.14,2.49,4.34,3.27,1.55,521.43,176.27,True
2117,141.21,278.65,2.47,4.27,3.4,1.55,510.3,172.94,True
2118,150.19,277.29,2.42,4.08,3.75,1.56,478.94,163.56,True
2119,163.48,275.26,2.34,3.79,4.28,1.57,432.56,149.68,True
2120,172.13,273.94,2.29,3.61,4.63,1.58,402.34,140.64,True
2121,159.11,275.93,2.37,3.89,4.11,1.57,447.82,154.25,True
2122,142.75,278.42,2.47,4.24,3.46,1.55,504.93,171.33,True
2123,179.92,272.75,2.24,3.44,4.94,1.59,375.15,132.51,True
2124,138.55,279.06,2.49,4.33,3.29,1.55,519.61,175.72,True
2125,152.1,277.0,2.41,4.04,3.83,1.56,472.29,161.57,True
2126,142.22,278.5,2.47,4.25,3.44,1.55,506.77,171.88,True
2127,135.44,279.54,2.51,4.39,3.17,1.54,530.46,178.97,True
2128,157.45,276.18,2.38,3.92,4.04,1.57,453.61,155.98,True
2129,158.14,276.07,2.37,3.91,4.07,1.57,451.18,155.25,True
2130,135.7,279.5,2.51,4.39,3.18,1.54,529.54,178.69,True
2131,177.64,273.1,2.26,3.49,4.85,1.59,383.12,134.89,True
2132,172.59,273.87,2.29,3.6,4.64,1.58,400.73,140.16,True
2133,157.45,276.18,2.38,3.92,4.04,1.57,453.6,155.98,True
2134,128.36,280.61,2.55,4.54,2.89,1.54,555.16,186.36,True
2135,140.45,278.77,2.48,4.29,3.37,1.55,512.97,173.74,True
2136,153.75,276.74,2.4,4.0,3.9,1.56,466.51,159.84,True
2137,155.42,276.49,2.39,3.97,3.96,1.56,460.68,158.09,True
2138,128.24,280.63,2.55,4.55,2.88,1.54,555.59,186.49,True
2139,159.39,275.88,2.37,3.88,4.12,1.57,446.84,153.95,True
2140,154.73,276.59,2.39,3.98,3.93,1.56,463.12,158.82,True
2141,179.84,272.76,2.24,3.45,4.93,1.59,375.41,132.59,True
2142,183.02,272.28,2.23,3.38,5.06,1.59,364.34,129.28,True
2143,158.04,276.09,2.37,3.91,4.07,1.57,451.54,155.36,True
2144,170.14,274.24,2.3,3.65,4.55,1.58,409.29,142.72,True
2145,179.73,272.78,2.25,3.45,4.93,1.59,375.82,132.71,True
2146,184.03,272.13,2.22,3.36,5.1,1.59,360.8,128.22,True
2147,171.69,274.01,2.29,3.62,4.61,1.58,403.9,141.11,True
2148,180.71,272.63,2.24,3.43,4.97,1.59,372.38,131.68,True
2149,157.17,276.22,2.38,3.93,4.03,1.57,454.6,156.27,True
2150,128.78,280.55,2.55,4.53,2.9,1.54,553.71,185.92,True
2151,150.11,277.3,2.42,4.08,3.75,1.56,479.22,163.64,True
2152,137.04,279.29,2.5,4.36,3.23,1.55,524.86,177.29,True
2153,187.03,271.67,2.2,3.29,5.22,1.59,350.3,125.08,True
2154,155.57,276.47,2.39,3.96,3.97,1.56,460.18,157.95,True
2155,152.71,276.9,2.41,4.02,3.85,1.56,470.15,160.93,True
2156,157.3,276.2,2.38,3.93,4.04,1.57,454.14,156.14,True
2157,134.57,279.67,2.51,4.41,3.13,1.54,533.49,179.87,True
2158,159.54,275.86,2.37,3.88,4.13,1.57,446.31,153.8,True
2159,174.45,273.59,2.28,3.56,4.72,1.58,394.24,138.22,True
2160,139.58,278.9,2.48,4.3,3.33,1.55,516.02,174.65,True
2161,186.67,271.72,2.2,3.3,5.2,1.59,351.57,125.46,True
2162,156.52,276.32,2.38,3.94,4.01,1.56,456.84,156.95,True
2163,170.42,274.2,2.3,3.65,4.56,1.58,408.32,142.43,True
2164,177.91,273.06,2.26,3.49,4.86,1.59,382.18,134.61,True
2165,177.79,273.08,2.26,3.49,4.85,1.59,382.58,134.73,True
2166,131.62,280.12,2.53,4.47,3.02,1.54,543.78,182.95,True
2167,154.32,276.66,2.4,3.99,3.92,1.56,464.55,159.25,True
2168,164.24,275.14,2.34,3.78,4.31,1.57,429.88,148.88,True
2169,145.58,277.99,2.45,4.18,3.57,1.55,495.04,168.37,True
2170,146.0,277.92,2.45,4.17,3.59,1.55,493.57,167.93,True
2171,159.51,275.87,2.37,3.88,4.12,1.57,446.42,153.83,True
2172,128.62,280.58,2.55,4.54,2.9,1.54,554.27,186.09,True
2173,186.54,271.74,2.2,3.3,5.2,1.59,352.03,125.59,True
2174,180.82,272.62,2.24,3.42,4.97,1.59,372.0,131.57,True
2175,145.85,277.95,2.45,4.17,3.58,1.55,494.11,168.1,True
2176,132.0,280.06,2.53,4.47,3.03,1.54,542.48,182.56,True
2177,170.51,274.19,2.3,3.64,4.56,1.58,408.0,142.34,True
2178,144.21,278.2,2.46,4.21,3.52,1.55,499.83,169.8,True
2179,186.38,271.77,2.21,3.31,5.19,1.59,352.58,125.76,True
2180,182.68,272.33,2.23,3.39,5.05,1.59,365.51,129.63,True
2181,148.31,277.57,2.43,4.12,3.68,1.56,485.53,165.53,True
2182,173.28,273.77,2.28,3.59,4.67,1.58,398.34,139.45,True
2183,132.86,279.93,2.52,4.45,3.07,1.54,539.46,181.66,True
2184,153.61,276.76,2.4,4.01,3.89,1.56,466.99,159.98,True
2185,145.37,278.02,2.45,4.18,3.56,1.55,495.79,168.6,True
2186,175.98,273.35,2.27,3.53,4.78,1.58,388.89,136.62,True
2187,165.45,274.96,2.33,3.75,4.36,1.57,425.67,147.62,True
2188,184.2,272.1,2.22,3.35,5.11,1.59,360.19,128.03,True
2189,145.72,277.97,2.45,4.17,3.58,1.55,494.56,168.23,True
2190,127.46,280.75,2.56,4.56,2.85,1.54,558.31,187.3,True
2191,188.09,271.51,2.2,3.27,5.26,1.6,346.61,123.97,True
2192,177.96,273.05,2.26,3.49,4.86,1.59,381.99,134.56,True
2193,178.11,273.03,2.25,3.48,4.86,1.59,381.45,134.39,True
2194,136.21,279.42,2.5,4.38,3.2,1.54,527.77,178.16,True
2195,166.94,274.73,2.32,3.72,4.42,1.57,420.45,146.06,True
2196,155.21,276.52,2.39,3.97,3.95,1.56,461.41,158.31,True
2197,154.05,276.7,2.4,4.0,3.91,1.56,465.47,159.53,True
2198,187.53,271.59,2.2,3.28,5.24,1.6,348.56,124.56,True
2199,176.67,273.25,2.26,3.51,4.81,1.58,386.48,135.9,True
2200,145.75,277.96,2.45,4.17,3.58,1.55,494.44,168.19,True
2201,147.94,277.63,2.43,4.13,3.66,1.56,486.81,165.91,True
