commit_id,label,pred,score_or_proba,feature,value_actual,min,max,operator,threshold
,True,True,0.98,la,6348.0,0.0,9967.0,<,2984.5
,True,True,0.98,age,143.47368421052602,0.0,1802.57575757576,<,11.294999599456789
,True,True,0.98,ndev,3.47368421052632,0.0,85.0,<,7.559999942779541
,True,True,0.98,nuc,32.4736842105263,0.0,976.0,>,1.1100000143051147
