commit_id,label,pred,score_or_proba,feature,value_actual,min,max,operator,threshold
,True,True,0.98,la,6199.0,0.0,9967.0,<,-543.8400268554688
,True,True,0.98,ent,3.95174444169184,0.0,6.08230385583814,<,1.149999976158142
,True,True,0.98,ndev,2.7272727272727297,0.0,85.0,<,0.2749999985098839
,True,True,0.98,arexp,52.5,0.0,863.416666666674,<,3.5
