commit_id,label,pred,score_or_proba,feature,value_actual,min,max,operator,threshold
,True,True,0.99,age,47.0392156862745,0.0,1802.57575757576,<,7.129999876022339
,True,True,0.99,asexp,0.116785038695923,0.0,1122.0,>,22.0
,True,True,0.99,ld,751.0,0.0,8658.0,>,245.0
,True,True,0.99,nuc,13.9411764705882,0.0,976.0,<,1.574999988079071
