commit_id,label,pred,score_or_proba,feature,value_actual,min,max,operator,threshold
,True,True,0.93,ndev,5.85,0.0,85.0,>,8.360000133514404
,True,True,0.93,ent,2.84186459552795,0.0,6.08230385583814,>,2.080000042915344
,True,True,0.93,la,568.0,0.0,9967.0,<,38.65999984741211
,True,True,0.93,arexp,251.500000000001,0.0,863.416666666674,<,153.13500213623047
