commit_id,label,pred,score_or_proba,feature,value_actual,operator,threshold
,True,True,0.6266666666666667,nd,19.0,<,18.585000038146973
,True,True,0.6266666666666667,nuc,3.9583333333333295,>,5.289999961853027
