feature,value,importance,min,max,rule,importance_ratio
la,559.0,0.3113836700717271,0.0,5956.0,165.96883678608913 < la <= 871.1234134540887,0.5874480579722986
ns,4.0,0.17741248524082412,1.0,9.0,2.4958440955958925 < ns <= 6.503048404494037,0.33470162353328947
asexp,0.269856770542295,0.01991156956599466,0.0,197.0,-0.15854614248820553 < asexp <= 1.1438006319502207,0.03756463166494725
nuc,43.4285714285714,-0.014935458352138177,0.0,209.0,9.185789996399661 < nuc <= 67.67536906540971,0.028176834070549286
age,84.25714285714291,0.0053980102679621,0.0,829.533333333333,6.825997486629916 < age <= 98.2860137036514,0.010183741003818256
