feature,value,importance,min,max,rule,importance_ratio
la,393.0,0.31161428020979337,0.0,5956.0,165.96883678608913 < la <= 871.1234134540887,0.5299566919461429
ns,3.0,0.17691422706501816,1.0,9.0,2.4958440955958925 < ns <= 6.503048404494037,0.30087478170276494
nuc,71.9375,-0.07077815016489682,0.0,209.0,70.07905039701288 < nuc <= 135.51259775732092,0.12037110205027511
asexp,0.0233196159122085,0.020159942180710263,0.0,197.0,-0.15854614248820553 < asexp <= 1.1438006319502207,0.0342856439721627
age,33.625,0.007186042221463096,0.0,829.533333333333,6.825997486629916 < age <= 98.2860137036514,0.012221170227846984
