feature,value,importance,min,max,rule,importance_ratio
la,1574.0,0.4809164187564675,0.0,5956.0,la > 871.1234134540887,0.6762949331325998
ns,3.0,0.1952215862800381,1.0,9.0,2.4958440955958925 < ns <= 6.503048404494037,0.2745328803302016
nuc,49.7826086956522,-0.01562660987826374,0.0,209.0,9.185789996399661 < nuc <= 67.67536906540971,0.021975122226095704
asexp,0.0169181527206219,0.015531289631305243,0.0,197.0,-0.15854614248820553 < asexp <= 1.1438006319502207,0.02184107689611993
aexp,7.0,-0.003802120532999864,0.0,403.0,6.128482956425856 < aexp <= 259.48003416260264,0.005346781168911063
