feature,value,importance,min,max,rule,importance_ratio
la,1574,0.5081063321691764,0.0,5956.0,la > 871.1234134540887,0.6879156651559781
ns,3,0.1942362770848986,1.0,9.0,2.4958440955958925 < ns <= 6.503048404494037,0.2629728647109048
asexp,0.0169181527206219,0.01656998588338455,0.0,197.0,-0.15854614248820553 < asexp <= 1.1438006319502207,0.022433794146848735
nuc,49.7826086956522,-0.015447564271737156,0.0,209.0,9.185789996399661 < nuc <= 67.67536906540971,0.020914168508125587
aexp,7,-0.00357077779139019,0.0,403.0,6.128482956425856 < aexp <= 259.48003416260264,0.004834409303662268
