feature,value,importance,min,max,rule,importance_ratio
la,354.0,0.3158563360179934,0.0,5956.0,165.96883678608913 < la <= 871.1234134540887,0.5220647397367817
age,177.75,-0.1318393009588071,0.0,829.533333333333,146.77823706703862 < age <= 204.4778446133475,0.21791125424255506
ns,1.0,-0.125307248753534,1.0,9.0,ns <= 1.4964454190361633,0.20711471877492804
nuc,13.25,-0.018040216505701236,0.0,209.0,9.185789996399661 < nuc <= 67.67536906540971,0.029817862935976002
asexp,0.0,0.013499993766947953,0.0,197.0,asexp <= -0.15854614248820553,0.022313532858775267
