feature,value,importance,min,max,rule,importance_ratio
la,1621.0,0.49167710561896283,0.0,5956.0,la > 871.1234134540887,0.6960345609719767
ns,1.0,-0.13344865178148238,1.0,9.0,ns <= 1.4964454190361633,0.18891437631226557
asexp,227.0,-0.04251049246799143,0.0,197.0,asexp > 115.31620119105196,0.06017927542998408
nuc,17.4426229508197,-0.01814208193588453,0.0,209.0,9.185789996399661 < nuc <= 67.67536906540971,0.025682538176074892
aexp,287.0,0.01737902592425383,0.0,403.0,259.48003416260264 < aexp <= 312.2223645252268,0.02460233055610895
