feature,value,importance,min,max,rule,importance_ratio
la,569.0,0.31678644836324743,0.0,5956.0,165.96883678608913 < la <= 871.1234134540887,0.5889023838705433
age,167.333333333333,-0.1312533897713807,0.0,829.533333333333,146.77823706703862 < age <= 204.4778446133475,0.24399855021204644
ns,2.0,0.04896289503592823,1.0,9.0,1.4964454190361633 < ns <= 2.4958440955958925,0.09102146179813227
nuc,45.4166666666667,-0.018030293746151907,0.0,209.0,9.185789996399661 < nuc <= 67.67536906540971,0.03351810983031585
asexp,0.0,0.01642124982281202,0.0,197.0,asexp <= -0.15854614248820553,0.03052691558225657
