feature,value,importance,min,max,rule,importance_ratio
ns,5.0,0.18683768250092558,1.0,9.0,2.4958440955958925 < ns <= 6.503048404494037,0.6153415713491692
age,125.0,-0.053654250603457534,0.0,829.533333333333,98.2860137036514 < age <= 143.09528339386998,0.17670788051939207
asexp,0.0500000211350978,0.02203142208983893,0.0,197.0,-0.15854614248820553 < asexp <= 1.1438006319502207,0.07255950569688277
nuc,54.5555555555556,-0.019624879369817317,0.0,209.0,9.185789996399661 < nuc <= 67.67536906540971,0.06463366461902811
la,122.0,-0.018575033617535278,0.0,5956.0,105.26016462261896 < la <= 165.96883678608913,0.061176044473904116
