feature,value,importance,min,max,rule,importance_ratio
la,306.0,0.31227577529241773,0.0,5956.0,165.96883678608913 < la <= 871.1234134540887,0.5351136439557455
ns,5.0,0.1771182056253533,1.0,9.0,2.4958440955958925 < ns <= 6.503048404494037,0.3035085521261921
nuc,128.0,-0.06921368104942766,0.0,209.0,70.07905039701288 < nuc <= 135.51259775732092,0.11860409294722915
asexp,5.12e-07,0.015808231054348542,0.0,197.0,asexp <= -0.15854614248820553,0.027088877182565814
age,22.71428571428569,0.008006954027984054,0.0,829.533333333333,6.825997486629916 < age <= 98.2860137036514,0.01372066194660318
