feature,value,importance,min,max,rule,importance_ratio
la,2354.0,0.4806830387670747,0.0,5956.0,la > 871.1234134540887,0.6530542738283264
ns,4.0,0.19462031158231885,1.0,9.0,2.4958440955958925 < ns <= 6.503048404494037,0.2644104659457763
aexp,447.0,0.030176512873297073,0.0,403.0,aexp > 312.2223645252268,0.04099770350060462
asexp,0.140625003760094,0.0153484849764724,0.0,197.0,-0.15854614248820553 < asexp <= 1.1438006319502207,0.020852397322744336
nuc,46.0615384615385,-0.01516614219866567,0.0,209.0,9.185789996399661 < nuc <= 67.67536906540971,0.020604667070697483
