feature,value,importance,min,max,rule,importance_ratio
la,6197.0,0.4801230726003325,0.0,5956.0,la > 871.1234134540887,0.6823511976828117
ns,6.0,0.19425906199400353,1.0,9.0,2.4958440955958925 < ns <= 6.503048404494037,0.2760810949876773
nuc,11.6727272727273,-0.016226584154576475,0.0,209.0,9.185789996399661 < nuc <= 67.67536906540971,0.023061231096871318
asexp,0.0,0.011873877388362339,0.0,197.0,asexp <= -0.15854614248820553,0.01687516163971639
aexp,0.0,0.0009976529569862306,0.0,403.0,aexp <= 0.47751898900183676,0.001417864978628152
