feature,value,importance,min,max,rule,importance_ratio
la,1126,0.24822785349997428,0.0,9734.0,212.59109949217347 < la <= 2794.191375994233,0.4808406536450323
ns,3,0.05438421820289942,1.0,5.0,2.499534091869607 < ns <= 3.498030327070497,0.10534733576407021
ent,2.8364041766352304,0.05338792049535422,0.0,5.3975361829742,2.6237759038271724 < ent <= 4.405102779089878,0.10341741358101782
nuc,12.0588235294118,0.05232337064222902,0.0,581.0,3.618814697638001 < nuc <= 386.2500376550125,0.10135528058507465
ld,519,-0.03267725755578497,0.0,4567.0,ld > 470.40204550359016,0.0632989153348673
