feature,value,importance,min,max,rule,importance_ratio
ns,4,0.04875404893027343,1.0,22.0,1.5032147725771707 < ns <= 5.499821160683655,0.4284377640661207
asexp,0.5,0.019058412272261474,0.0,1051.0,0.4721763844552811 < asexp <= 0.4721763844552811,0.1674803163990718
nuc,2.81818181818182,0.014367089399678888,0.0,258.0,2.691750895275984 < nuc <= 12.62508428119034,0.12625420439110116
aexp,1,0.009033174268043584,0.0,1406.0,0.37596446854337273 < aexp <= 0.37596446854337273,0.07938116055458667
age,96.8181818181818,-0.008270166221543293,0.0,1848.0,69.01912192572016 < age <= 536.7965087044349,0.07267604644448337
