feature,value,importance,min,max,rule,importance_ratio
la,1409,0.10730365249111118,0.0,8960.0,la > 476.1618029404084,0.4657394762805988
ns,1,-0.05234740115143763,1.0,22.0,ns <= 1.5032147725771707,0.22720802722852876
asexp,8.0,0.03538088782894269,0.0,1051.0,0.4721763844552811 < asexp <= 271.98033519339464,0.1535667778798062
nuc,1.45454545454545,0.015030730149685461,0.0,258.0,0.8856902796551935 < nuc <= 2.0897306900690538,0.06523919946349835
nd,3,0.010193369457918662,1.0,32.0,2.4981375058546607 < nd <= 3.5021749794480725,0.04424317758669919
