feature,value,importance,min,max,rule,importance_ratio
ns,3,0.05583235562703484,1.0,22.0,1.5032147725771707 < ns <= 5.499821160683655,0.4404355673728801
asexp,0.527503408288304,0.022302013724382265,0.0,1051.0,0.4721763844552811 < asexp <= 0.4721763844552811,0.1759302461438653
nuc,17.6666666666667,0.01986671576387502,0.0,258.0,12.926094383793805 < nuc <= 28.277609616570537,0.156719309637388
aexp,195,-0.0077378891445163515,0.0,1406.0,0.37596446854337273 < aexp <= 288.3855622881154,0.06104061985848374
ld,22,0.007603332516006846,0.0,6029.0,13.804476008310893 < ld <= 22.18677224437222,0.05997916500214109
