feature,value,importance,min,max,rule,importance_ratio
ns,1,-0.05958963589212784,1.0,22.0,ns <= 1.5032147725771707,0.5191903064050238
asexp,7.0,0.028833033264657484,0.0,1051.0,0.4721763844552811 < asexp <= 271.98033519339464,0.25121535232003944
nuc,6.5,0.011348025067601871,0.0,258.0,2.691750895275984 < nuc <= 12.62508428119034,0.09887263991016344
aexp,106,-0.004971367645294919,0.0,1406.0,0.37596446854337273 < aexp <= 288.3855622881154,0.0433143423746556
nd,1,-0.004820338843120164,1.0,32.0,nd <= 1.4941000322612483,0.041998464388439315
