feature,value,importance,min,max,rule,importance_ratio
ns,1,-0.04271305059352856,1.0,22.0,ns <= 1.5032147725771707,0.36394257238070477
asexp,146.0,0.02579086165006126,0.0,1051.0,0.4721763844552811 < asexp <= 271.98033519339464,0.2197546745645063
nuc,4.66666666666667,0.013697253253858987,0.0,258.0,2.691750895275984 < nuc <= 12.62508428119034,0.11670937838644323
nd,4,-0.013538857290735768,1.0,32.0,3.5021749794480725 < nd <= 9.505482373642016,0.11535974324044601
ld,79,-0.013387772466622178,0.0,6029.0,41.046938775510206 < ld <= 2168.054608676072,0.1140724036856375
