feature,value,importance,min,max,rule,importance_ratio
ns,1,-0.06448712089811146,1.0,22.0,ns <= 1.5032147725771707,0.4668269081647253
asexp,41.0,0.030991982359499057,0.0,1051.0,0.4721763844552811 < asexp <= 271.98033519339464,0.22435319023839925
ld,99,-0.019090521274299048,0.0,6029.0,41.046938775510206 < ld <= 2168.054608676072,0.13819765710760593
nuc,4.5,0.01190684982254561,0.0,258.0,2.691750895275984 < nuc <= 12.62508428119034,0.08619454258816907
la,231,-0.005006413077740505,0.0,8960.0,143.122304060467 < la <= 476.1618029404084,0.036241784491661044
