feature,value,importance,min,max,rule,importance_ratio
ns,2,0.06442502743243628,1.0,22.0,1.5032147725771707 < ns <= 5.499821160683655,0.6184760200551822
asexp,0.166338686541857,0.015122652743254826,0.0,1051.0,0.4721763844552811 < asexp <= 0.4721763844552811,0.1451764702953909
nuc,20.0,0.008017460160390552,0.0,258.0,12.926094383793805 < nuc <= 28.277609616570537,0.07696708947698183
ld,3,0.004916931510855177,0.0,6029.0,3.326605713234237 < ld <= 7.517753831264898,0.04720221865495954
la,147,-0.004722716228086952,0.0,8960.0,143.122304060467 < la <= 476.1618029404084,0.04533776473219866
