feature,value,importance,min,max,rule,importance_ratio
ns,2,0.05737535460630869,1.0,22.0,1.5032147725771707 < ns <= 5.499821160683655,0.5383503923320635
nuc,10.6,0.0140975074537208,0.0,258.0,2.691750895275984 < nuc <= 12.62508428119034,0.13227628344418618
aexp,450,-0.011974763560629587,0.0,1406.0,288.3855622881154 < aexp <= 796.002478445111,0.11235867220661674
la,144,-0.007080091753354283,0.0,8960.0,53.20163936288285 < la <= 143.122304060467,0.06643218502646406
asexp,0.001953125,0.00641547780496342,0.0,1051.0,asexp <= 0.4721763844552811,0.06019614200205647
