feature,value,importance,min,max,rule,importance_ratio
la,895,0.0972291613877819,0.0,8960.0,la > 476.1618029404084,0.4412887803119137
ns,3,0.06192354261808118,1.0,22.0,1.5032147725771707 < ns <= 5.499821160683655,0.2810490618708529
asexp,0.0005588683215173,0.02013879373066035,0.0,1051.0,asexp <= 0.4721763844552811,0.09140286304550077
nuc,7.78571428571429,0.01750849275735804,0.0,258.0,2.691750895275984 < nuc <= 12.62508428119034,0.07946485708314888
ld,168,-0.01043736327691973,0.0,6029.0,41.046938775510206 < ld <= 2168.054608676072,0.0473715009406947
