feature,value,importance,min,max,rule,importance_ratio
la,969,0.051047736837054734,0.0,8960.0,la > 476.1618029404084,0.28953188956556103
ns,1,-0.046211513693883086,1.0,22.0,ns <= 1.5032147725771707,0.2621018620704582
asexp,190.0,0.03163126023577134,0.0,1051.0,0.4721763844552811 < asexp <= 271.98033519339464,0.17940577022319698
nuc,6.117647058823531,0.01866563188741634,0.0,258.0,2.691750895275984 < nuc <= 12.62508428119034,0.10586748806415155
ld,96,-0.018133440639414074,0.0,6029.0,41.046938775510206 < ld <= 2168.054608676072,0.10284901266853909
