feature,value,importance,min,max,rule,importance_ratio
ns,2,0.06490952097655808,1.0,22.0,1.5032147725771707 < ns <= 5.499821160683655,0.595970140423417
asexp,3.24845932482276e-05,0.01582592629471271,0.0,1051.0,asexp <= 0.4721763844552811,0.1453065648042118
la,269,-0.008700321696747332,0.0,8960.0,143.122304060467 < la <= 476.1618029404084,0.07988245584514493
nuc,13.6,0.008553844306609291,0.0,258.0,12.926094383793805 < nuc <= 28.277609616570537,0.078537566074645
ld,7,0.0068910600481034015,0.0,6029.0,3.326605713234237 < ld <= 7.517753831264898,0.06327062598440017
