feature,value,importance,min,max,rule,importance_ratio
ns,3,0.06793968967486617,1.0,22.0,1.5032147725771707 < ns <= 5.499821160683655,0.5166464962322301
asexp,1.19341567583229,0.04135985281218927,0.0,1051.0,0.4721763844552811 < asexp <= 271.98033519339464,0.3145204687033394
aexp,242,-0.007877888736623904,0.0,1406.0,0.37596446854337273 < aexp <= 288.3855622881154,0.05990730356529417
nd,4,-0.005756774091757175,1.0,32.0,3.5021749794480725 < nd <= 9.505482373642016,0.04377731453205496
ld,15,0.005597660294170713,0.0,6029.0,13.804476008310893 < ld <= 22.18677224437222,0.04256733570497089
