feature,value,importance,min,max,rule,importance_ratio
ns,4,0.061092998830655755,1.0,22.0,1.5032147725771707 < ns <= 5.499821160683655,0.48555666146761484
age,603.375,-0.02689526365862271,0.0,1848.0,536.7965087044349 < age <= 1165.1774649438416,0.2137589360700881
asexp,0.0166675068942937,0.014186091853173327,0.0,1051.0,asexp <= 0.4721763844552811,0.11274862146795413
nuc,3.75,0.009673176277282073,0.0,258.0,2.691750895275984 < nuc <= 12.62508428119034,0.07688074360212903
aexp,688,-0.00865123949148901,0.0,1406.0,288.3855622881154 < aexp <= 796.002478445111,0.06875856555491829
