feature,value,importance,min,max,rule,importance_ratio
la,303,0.1307096453176537,0.0,9886.0,229.79430169975677 < la <= 452.37726506427714,0.3983064357331387
asexp,0.290101290072471,0.08892608908008941,0.0,1042.0,asexp <= 0.24155171339806714,0.2709810243850014
age,15.25,0.04238864760065152,0.0,1520.0,4.1005163349584635 < age <= 191.44947579329659,0.1291692828048953
aexp,133,0.024523764473505346,0.0,1411.0,111.43266686158816 < aexp <= 819.6099265651155,0.07473031691320503
nd,5,0.01891563469442096,1.0,51.0,3.508812175977223 < nd <= 5.4934450612931585,0.05764088041441067
