feature,value,importance,min,max,rule,importance_ratio
la,552,0.15269931279918786,0.0,9886.0,452.37726506427714 < la <= 658.2665061764585,0.538567548963345
age,22.952380952381,0.04753036120064714,0.0,1520.0,4.1005163349584635 < age <= 191.44947579329659,0.1676386727872108
aexp,10,-0.024612618589424515,0.0,1411.0,2.7519982932250286 < aexp <= 111.43266686158816,0.08680823393559192
asexp,7.0,0.020610905795675805,0.0,1042.0,0.24155171339806714 < asexp <= 14.706492054882105,0.07269426962575408
ld,31,0.01478376080186722,0.0,9281.0,18.403235717698735 < ld <= 32.47277994807415,0.052142040940241566
