feature,value,importance,min,max,rule,importance_ratio
la,671,0.21875962314353167,0.0,9886.0,la > 658.2665061764585,0.5477906138728391
asexp,33.0,-0.0645968852206509,0.0,1042.0,14.706492054882105 < asexp <= 620.167566348428,0.16175547800279694
age,10.8,0.046504290722775295,0.0,1520.0,4.1005163349584635 < age <= 191.44947579329659,0.11645025529247578
nuc,31.2,0.03745274238921836,0.0,251.0,29.723545593620806 < nuc <= 77.33814535314531,0.09378449482494393
aexp,139,0.02144178846318259,0.0,1411.0,111.43266686158816 < aexp <= 819.6099265651155,0.05369185728150514
