feature,value,importance,min,max,rule,importance_ratio
la,405,0.12709080617425392,0.0,9886.0,229.79430169975677 < la <= 452.37726506427714,0.43711788141288305
asexp,0.00732421875,0.09198507987374371,0.0,1042.0,asexp <= 0.24155171339806714,0.3163747594839877
aexp,11,-0.024525729976909685,0.0,1411.0,2.7519982932250286 < aexp <= 111.43266686158816,0.08435413583664077
nd,4,0.019029410020877026,1.0,51.0,3.508812175977223 < nd <= 5.4934450612931585,0.06545001674989716
ld,20,0.013778228215787886,0.0,9281.0,18.403235717698735 < ld <= 32.47277994807415,0.04738902921939675
