feature,value,importance,min,max,rule,importance_ratio
la,612,0.15841370203116328,0.0,9886.0,452.37726506427714 < la <= 658.2665061764585,0.4308803454611284
asexp,0.374505935236812,0.09041252034025679,0.0,1042.0,asexp <= 0.24155171339806714,0.2459192449814568
age,11.725,0.043729133283455845,0.0,1520.0,4.1005163349584635 < age <= 191.44947579329659,0.11894188327335828
nd,18,0.036777300327605573,1.0,51.0,nd > 14.503678360627504,0.10003311372124236
aexp,29,-0.024264368738656596,0.0,1411.0,2.7519982932250286 < aexp <= 111.43266686158816,0.06599832874590503
