feature,value,importance,min,max,rule,importance_ratio
la,354,0.1274704205211736,0.0,9886.0,229.79430169975677 < la <= 452.37726506427714,0.3730113349631144
asexp,0.3330078125,0.08932322366501069,0.0,1042.0,asexp <= 0.24155171339806714,0.26138279583819274
age,56.8888888888889,0.04347717540349113,0.0,1520.0,4.1005163349584635 < age <= 191.44947579329659,0.12722543136968695
ns,4,0.03513389493413301,1.0,25.0,3.5048193027889174 < ns <= 5.502199396395964,0.10281084033654601
aexp,5,-0.02284112805615831,0.0,1411.0,2.7519982932250286 < aexp <= 111.43266686158816,0.06683903319261299
