feature,value,importance,min,max,rule,importance_ratio
asexp,0.0703125,0.08927730815709646,0.0,1042.0,asexp <= 0.24155171339806714,0.3220095971111808
la,187,0.07690158152741235,0.0,9886.0,135.1965422698356 < la <= 229.79430169975677,0.277372243810045
age,26.6666666666667,0.04197211264737717,0.0,1520.0,4.1005163349584635 < age <= 191.44947579329659,0.15138699141448866
aexp,7,-0.022265111652507767,0.0,1411.0,2.7519982932250286 < aexp <= 111.43266686158816,0.08030685266902943
ld,36,0.01899933746589959,0.0,9281.0,32.47277994807415 < ld <= 37.16262802486597,0.06852770462129337
