feature,value,importance,min,max,rule,importance_ratio
la,1632,0.21957127766549217,0.0,9886.0,la > 658.2665061764585,0.5149235210301956
asexp,1.90734886040826e-06,0.09006754888628984,0.0,1042.0,asexp <= 0.24155171339806714,0.21122024654673852
age,113.4,0.04423570699499812,0.0,1520.0,4.1005163349584635 < age <= 191.44947579329659,0.10373855015693738
nuc,31.2,0.03471725524306195,0.0,251.0,29.723545593620806 < nuc <= 77.33814535314531,0.08141652906668395
aexp,76,-0.020835876586350076,0.0,1411.0,2.7519982932250286 < aexp <= 111.43266686158816,0.0488628706343778
