feature,value,importance,min,max,rule,importance_ratio
la,321,0.12910479616348133,0.0,9886.0,229.79430169975677 < la <= 452.37726506427714,0.4029881231678937
asexp,0.0,0.08835718105104136,0.0,1042.0,asexp <= 0.24155171339806714,0.27579838718831984
age,67.375,0.043349035213793394,0.0,1520.0,4.1005163349584635 < age <= 191.44947579329659,0.13530981699413322
nd,4,0.019033984417033557,1.0,51.0,3.508812175977223 < nd <= 5.4934450612931585,0.059412739763086836
aexp,0,-0.014342473358710082,0.0,1411.0,aexp <= -0.7538297251092558,0.044768642158679026
