feature,value,importance,min,max,rule,importance_ratio
la,1633,0.2218731977841838,0.0,9886.0,la > 658.2665061764585,0.48756173098909855
asexp,5.84351086181791e-11,0.09150389210580177,0.0,1042.0,asexp <= 0.24155171339806714,0.2010778970731755
age,16.1142857142857,0.04420810614335205,0.0,1520.0,4.1005163349584635 < age <= 191.44947579329659,0.09714639249021999
ns,4,0.03828906715965425,1.0,25.0,3.5048193027889174 < ns <= 5.502199396395964,0.08413942760439917
nd,12,0.022618564077350065,1.0,51.0,5.4934450612931585 < nd <= 14.503678360627504,0.04970382346392073
