feature,value,importance,min,max,rule,importance_ratio
la,406,0.12829023598712397,0.0,9886.0,229.79430169975677 < la <= 452.37726506427714,0.3741331635570988
asexp,0.08064,0.08928544944357765,0.0,1042.0,asexp <= 0.24155171339806714,0.2603833986500408
age,77.0434782608696,0.043929570370256424,0.0,1520.0,4.1005163349584635 < age <= 191.44947579329659,0.12811192535321084
ns,5,0.035165057916780484,1.0,25.0,3.5048193027889174 < ns <= 5.502199396395964,0.1025519538867646
aexp,74,-0.02347037307362088,0.0,1411.0,2.7519982932250286 < aexp <= 111.43266686158816,0.06844671272395547
