feature,value,importance,min,max,rule,importance_ratio
la,1020,0.222140712224036,0.0,9886.0,la > 658.2665061764585,0.5556401091246572
asexp,2.50120063558115e-12,0.09096324354356923,0.0,1042.0,asexp <= 0.24155171339806714,0.22752617502147704
age,122.8,0.043282625425554305,0.0,1520.0,4.1005163349584635 < age <= 191.44947579329659,0.10826274244768742
aexp,136,0.021860580032280866,0.0,1411.0,111.43266686158816 < aexp <= 819.6099265651155,0.0546798241216342
nd,3,0.01087301918555238,1.0,51.0,2.516495733319255 < nd <= 3.508812175977223,0.027196660649407595
