feature,value,importance,min,max,rule,importance_ratio
la,2302,0.2176731541387536,0.0,9886.0,la > 658.2665061764585,0.5922722222844331
age,4.15384615384615,0.04769805251619238,0.0,1520.0,4.1005163349584635 < age <= 191.44947579329659,0.12978280061305597
nuc,1.0,-0.03142986999096525,0.0,251.0,1.014742797436913 < nuc <= 1.014742797436913,0.08551830389609659
nd,9,0.022977740805558852,1.0,51.0,5.4934450612931585 < nd <= 14.503678360627504,0.06252069835543005
asexp,1.0,0.021064586985826125,0.0,1042.0,0.24155171339806714 < asexp <= 14.706492054882105,0.05731515121817137
