feature,value,importance,min,max,rule,importance_ratio
la,1396,0.21773891402428058,0.0,9886.0,la > 658.2665061764585,0.6113458928135432
asexp,0.5,0.04995787539360407,0.0,1042.0,0.24155171339806714 < asexp <= 0.24155171339806714,0.1402668056485524
age,9.0,0.04676379763181699,0.0,1520.0,4.1005163349584635 < age <= 191.44947579329659,0.131298788471899
nd,8,0.023403834400567675,1.0,51.0,5.4934450612931585 < nd <= 14.503678360627504,0.06571098281164323
ns,2,-0.006717573003797789,1.0,25.0,1.4938515894974689 < ns <= 2.4993354461431934,0.018860940332828886
