feature,value,importance,min,max,rule,importance_ratio
la,686,0.21537852903836988,0.0,9886.0,la > 658.2665061764585,0.8358478884448024
asexp,1.0,0.019268440224742424,0.0,1042.0,0.24155171339806714 < asexp <= 14.706492054882105,0.07477757948939581
aexp,1,-0.009137990265438267,0.0,1411.0,-0.7538297251092558 < aexp <= 2.7519982932250286,0.035463005073430615
nd,3,0.006251085609493653,1.0,51.0,2.516495733319255 < nd <= 3.508812175977223,0.02425941309243564
ns,1,-0.0027993200946250267,1.0,25.0,ns <= 1.4938515894974689,0.010863691012378465
