feature,value,importance,min,max,rule,importance_ratio
la,634,0.1573697187549243,0.0,9886.0,452.37726506427714 < la <= 658.2665061764585,0.48428710623495513
asexp,44.0,-0.0662638238329426,0.0,1042.0,14.706492054882105 < asexp <= 620.167566348428,0.20391925299233887
age,9.0,0.04626816408085632,0.0,1520.0,4.1005163349584635 < age <= 191.44947579329659,0.14238492303857442
aexp,184,0.025279422645479444,0.0,1411.0,111.43266686158816 < aexp <= 819.6099265651155,0.07779449907599552
nd,12,0.022336125165104595,1.0,51.0,5.4934450612931585 < nd <= 14.503678360627504,0.06873684153656011
