commit_id,label,pred,score_or_proba,feature,value_actual,min,max,operator,threshold
,True,True,0.8369054736944731,nd,5.0,1.0,46.0,<,15.485000133514404
,True,True,0.8369054736944731,la,2305.0,0.0,9094.0,<,435.9650115966797
,True,True,0.8369054736944731,age,6.66666666666667,0.0,575.0,>,2.6550000309944157
,True,True,0.8369054736944731,ld,1621.0,0.0,9176.0,>,1250.5
