commit_id,label,pred,score_or_proba,feature,value_actual,min,max,operator,threshold
,True,True,0.8739428304311774,la,492.0,0.0,9094.0,<,383.7350006103516
,True,True,0.8739428304311774,age,20.1666666666667,0.0,575.0,<,53.6150016784668
,True,True,0.8739428304311774,nuc,49.6666666666667,0.0,480.0,>,65.71500015258789
