commit_id,label,pred,score_or_proba,feature,value_actual,min,max,operator,threshold
,True,True,0.8720406699034446,nd,17.0,1.0,46.0,>,-8.075000286102295
,True,True,0.8720406699034446,la,1507.0,0.0,9094.0,<,465.5299987792969
,True,True,0.8720406699034446,nuc,32.2926829268293,0.0,480.0,>,50.98500061035156
,True,True,0.8720406699034446,age,62.8048780487805,0.0,575.0,<,12.230000019073486
