commit_id,label,pred,score_or_proba,feature,value_actual,min,max,operator,threshold
,True,True,0.5593231031727219,ld,319.0,0.0,9176.0,<,62.23500061035156
,True,True,0.5593231031727219,la,435.0,0.0,9094.0,<,489.0
,True,True,0.5593231031727219,nuc,78.4,0.0,480.0,<,84.06000137329102
