commit_id,label,pred,score_or_proba,feature,value_actual,min,max,operator,threshold
,True,True,0.9156219031383843,la,877.0,0.0,9094.0,<,512.0
,True,True,0.9156219031383843,ld,158.0,0.0,9176.0,<,46.5
,True,True,0.9156219031383843,age,57.3181818181818,0.0,575.0,<,43.92500114440918
,True,True,0.9156219031383843,nd,8.0,1.0,46.0,>,8.5
