feature,value,importance,min,max,rule,importance_ratio
la,2542.0,0.6377245290329383,0.0,9094.0,la > 471.1648215786653,0.7823011902389252
nd,8.0,0.07806744180134702,1.0,46.0,6.501361706446655 < nd <= 43.480788426363866,0.0957658830101977
ld,622.0,0.0280868172972065,0.0,9176.0,ld > 326.31207862573433,0.0344542974298751
age,48.22222222222221,0.02382692582015917,0.0,575.0,7.346025962989069 < age <= 349.3395012011218,0.029228658425779878
ns,1.0,-0.020974420536654083,1.0,8.0,ns <= 1.4995095840290027,0.025729470019411407
