feature,value,importance,min,max,rule,importance_ratio
la,412,0.19421996444044476,0.0,9094.0,295.36187796957415 < la <= 471.1648215786653,0.810559954424384
ns,1,0.017551697198669867,1.0,8.0,ns <= 1.4995095840290027,0.0732504658952653
arexp,1432.2499999999698,0.011747389550039788,0.0,2143.5,741.0350150255845 < arexp <= 1860.7231364184076,0.049026697979885236
nd,21,0.00809305571250921,1.0,46.0,6.501361706446655 < nd <= 43.480788426363866,0.033775656835201326
ld,258,0.005280881646132173,0.0,9176.0,106.9077758780692 < ld <= 326.31207862573433,0.022039295490253352
