feature,value,importance,min,max,rule,importance_ratio
la,1528,0.7230410991598744,0.0,9094.0,la > 471.1648215786653,0.9750411202653998
arexp,7.0,-0.00665301671121815,0.0,2143.5,3.296579902275539 < arexp <= 18.99314235170766,0.00897177888613523
ld,80,0.004703530699707964,0.0,9176.0,71.3286997568262 < ld <= 106.9077758780692,0.006342842541004568
nuc,1.42857142857143,-0.003580113093702804,0.0,480.0,nuc <= 1.924002853214784,0.004827882516798611
ns,1,0.00137273966576514,1.0,8.0,ns <= 1.4995095840290027,0.001851177786567893
