feature,value,importance,min,max,rule,importance_ratio
la,863,0.7254090879997539,0.0,9094.0,la > 471.1648215786653,0.9785957465982188
arexp,1462.66666666663,0.01299556575501759,0.0,2143.5,741.0350150255845 < arexp <= 1860.7231364184076,0.017531356558496823
ns,1,0.0010009698018576694,1.0,8.0,ns <= 1.4995095840290027,0.0013503343241427787
nd,7,-0.0009081182124257771,1.0,46.0,6.501361706446655 < nd <= 43.480788426363866,0.001225075112497825
ld,126,-0.0006749494347251789,0.0,9176.0,106.9077758780692 < ld <= 326.31207862573433,0.0009105243605538565
