feature,value,importance,min,max,rule,importance_ratio
la,642.0,0.644906614955064,0.0,9094.0,la > 471.1648215786653,0.8892256981293113
age,35.6,0.023041301772195696,0.0,575.0,7.346025962989069 < age <= 349.3395012011218,0.0317703636139885
ns,1.0,-0.021952539684496855,1.0,8.0,ns <= 1.4995095840290027,0.030269130404280784
nuc,49.4,0.016788330039269432,0.0,480.0,17.02187028864449 < nuc <= 98.64471611143634,0.023148490267284435
arexp,25.0,-0.013802004324912867,0.0,2143.5,18.99314235170766 < arexp <= 741.0350150255845,0.019030812596424657
