feature,value,importance,min,max,rule,importance_ratio
la,788.0,0.640226731365215,0.0,9094.0,la > 471.1648215786653,0.7760155765770779
nd,8.0,0.08070563171774424,1.0,46.0,6.501361706446655 < nd <= 43.480788426363866,0.09782288720890071
ld,524.0,0.026759929545809403,0.0,9176.0,ld > 326.31207862573433,0.03243557498977234
age,33.7,0.02468351949646549,0.0,575.0,7.346025962989069 < age <= 349.3395012011218,0.02991876889169507
ns,1.0,-0.020935688708225073,1.0,8.0,ns <= 1.4995095840290027,0.025376042186348178
