feature,value,importance,min,max,rule,importance_ratio
la,1178,0.7234541930204579,0.0,9094.0,la > 471.1648215786653,0.9716847687105038
arexp,57.0,-0.014400663549882895,0.0,2143.5,18.99314235170766 < arexp <= 741.0350150255845,0.01934179878386585
ld,547,-0.001957328911373769,0.0,9176.0,ld > 326.31207862573433,0.002628924828810579
ns,1,0.0018316112440352043,1.0,8.0,ns <= 1.4995095840290027,0.0024600710939242255
age,29.1304347826087,-0.0013251832174112504,0.0,575.0,7.346025962989069 < age <= 349.3395012011218,0.00177987820173278
