feature,value,importance,min,max,rule,importance_ratio
la,1584.0,0.6367366856650292,0.0,9094.0,la > 471.1648215786653,0.8300937338021599
nd,10.0,0.08018090699682887,1.0,46.0,6.501361706446655 < nd <= 43.480788426363866,0.10452934465229742
age,35.5769230769231,0.02382211381505723,0.0,575.0,7.346025962989069 < age <= 349.3395012011218,0.031056145890428204
nuc,12.6923076923077,-0.012043210810729421,0.0,480.0,4.283044640000675 < nuc <= 17.02187028864449,0.01570035786206307
ns,2.0,0.010635382178434315,1.0,8.0,1.4995095840290027 < ns <= 2.4998972545934754,0.013865015636234072
