feature,value,importance,min,max,rule,importance_ratio
la,960.0,0.6393771240950998,0.0,9094.0,la > 471.1648215786653,0.8111329314925632
nd,7.0,0.07767143133708321,1.0,46.0,6.501361706446655 < nd <= 43.480788426363866,0.09853629950060717
age,81.4666666666667,0.023593062990638063,0.0,575.0,7.346025962989069 < age <= 349.3395012011218,0.029930864939169344
ns,1.0,-0.020655071177763017,1.0,8.0,ns <= 1.4995095840290027,0.026203640704722028
arexp,104.5,-0.014311485378294382,0.0,2143.5,18.99314235170766 < arexp <= 741.0350150255845,0.018155978140973097
