feature,value,importance,min,max,rule,importance_ratio
la,2614.0,0.6417285782506931,0.0,9094.0,la > 471.1648215786653,0.801012581872898
nd,11.0,0.08061639552060143,1.0,46.0,6.501361706446655 < nd <= 43.480788426363866,0.1006262605497014
age,37.95,0.024257008580756273,0.0,575.0,7.346025962989069 < age <= 349.3395012011218,0.030277861591811756
ns,1.0,-0.020658245687281696,1.0,8.0,ns <= 1.4995095840290027,0.025785846658164316
nuc,18.375,0.017242623142694306,0.0,480.0,17.02187028864449 < nuc <= 98.64471611143634,0.021522429497281056
