feature,value,importance,min,max,rule,importance_ratio
la,922.0,0.6359104660676578,0.0,9094.0,la > 471.1648215786653,0.9227812919808541
nuc,0.181818181818182,-0.014379924895757302,0.0,480.0,nuc <= 1.924002853214784,0.0208669716602569
ns,2.0,0.01230860923657444,1.0,8.0,1.4995095840290027 < ns <= 2.4998972545934754,0.01786124767540024
arexp,2.0,-0.009777038742503965,0.0,2143.5,arexp <= 3.296579902275539,0.014187639493253393
age,0.545454545454545,-0.009547488912036639,0.0,575.0,0.035001551722574575 < age <= 7.346025962989069,0.013854535541619284
