feature,value,importance,min,max,rule,importance_ratio
la,1000.0,0.6369849357082034,0.0,9094.0,la > 471.1648215786653,0.806324682852576
nd,14.0,0.08258269448477287,1.0,46.0,6.501361706446655 < nd <= 43.480788426363866,0.10453695402625533
age,92.2631578947368,0.024278996391915168,0.0,575.0,7.346025962989069 < age <= 349.3395012011218,0.030733464746578804
ns,1.0,-0.022691612685585127,1.0,8.0,ns <= 1.4995095840290027,0.028724081805443995
nuc,100.447368421053,0.021325677368316216,0.0,480.0,98.64471611143634 < nuc <= 253.3978573245908,0.026995018369635332
