feature,value,importance,min,max,rule,importance_ratio
la,3880.0,0.6352819555904887,0.0,9094.0,la > 471.1648215786653,0.8231027528297664
nd,20.0,0.07925468955117977,1.0,46.0,6.501361706446655 < nd <= 43.480788426363866,0.10268629947722896
age,8.54838709677419,0.024151749859063754,0.0,575.0,7.346025962989069 < age <= 349.3395012011218,0.03129220280808008
nuc,1.04838709677419,-0.01667006514288231,0.0,480.0,nuc <= 1.924002853214784,0.02159856169093337
ns,2.0,0.00863659343795254,1.0,8.0,1.4995095840290027 < ns <= 2.4998972545934754,0.011189998033617473
