feature,value,importance,min,max,rule,importance_ratio
la,1014.0,0.6413711016324216,0.0,9094.0,la > 471.1648215786653,0.9049033152909407
ns,1.0,-0.022915225377987007,1.0,8.0,ns <= 1.4995095840290027,0.03233083524094239
age,111.111111111111,0.022875487530754832,0.0,575.0,7.346025962989069 < age <= 349.3395012011218,0.032274769556642935
nuc,16.8888888888889,-0.011871216755478895,0.0,480.0,4.283044640000675 < nuc <= 17.02187028864449,0.01674896697283186
ld,87.0,0.0037772435368899166,0.0,9176.0,71.3286997568262 < ld <= 106.9077758780692,0.00532927066793834
