feature,value,importance,min,max,rule,importance_ratio
age,728.0,0.07412771078930505,0.0,575.0,age > 349.3395012011218,0.6286697733344946
la,237.0,0.0205519375079966,0.0,9094.0,198.10918576028968 < la <= 295.36187796957415,0.17429894646903135
nuc,8.5,-0.010430888700986721,0.0,480.0,4.283044640000675 < nuc <= 17.02187028864449,0.0884633339611072
ld,33.0,0.006462664325885766,0.0,9176.0,14.995162564858127 < ld <= 35.749623635583205,0.05480921606279673
ns,2.0,0.0036222421062610134,1.0,8.0,1.4995095840290027 < ns <= 2.4998972545934754,0.030719876543581607
