feature,value,importance,min,max,rule,importance_ratio
la,4964,0.722130966025968,0.0,9094.0,la > 471.1648215786653,0.9811588653250385
arexp,2.0,-0.005253303337882948,0.0,2143.5,arexp <= 3.296579902275539,0.007137659766303554
nuc,0.426229508196721,-0.004381683698992175,0.0,480.0,nuc <= 1.924002853214784,0.005953390740152503
ns,2,-0.0016405607333359724,1.0,8.0,1.4995095840290027 < ns <= 2.4998972545934754,0.0022290287819603793
ld,1,-0.00136318680250904,0.0,9176.0,ld <= 6.100393534547379,0.0018521610058302637
