feature,value,importance,min,max,rule,importance_ratio
la,3361,0.7229740687660449,0.0,9094.0,la > 471.1648215786653,0.9822663676001404
arexp,4.0,-0.006506649686839348,0.0,2143.5,3.296579902275539 < arexp <= 18.99314235170766,0.008840238439044896
ns,2,-0.0018731017869314276,1.0,8.0,1.4995095840290027 < ns <= 2.4998972545934754,0.002544883651961042
age,23.6938775510204,-0.0016297516278245678,0.0,575.0,7.346025962989069 < age <= 349.3395012011218,0.002214256749603686
nuc,15.9795918367347,0.0012334964626382029,0.0,480.0,4.2830446400006785 < nuc <= 17.021870288644497,0.0016758859579448237
