feature,value,importance,min,max,rule,importance_ratio
la,405.0,0.10604380833933617,0.0,9094.0,295.36187796957415 < la <= 471.1648215786653,0.5449998524075773
arexp,0.0,-0.028792218719554945,0.0,2143.5,arexp <= 3.296579902275539,0.1479742683554999
age,68.3333333333333,0.023590172335976992,0.0,575.0,7.346025962989069 < age <= 349.3395012011218,0.12123895437851506
nd,5.0,-0.012594147472546755,1.0,46.0,4.49814249084984 < nd <= 6.501361706446655,0.06472616007691195
nuc,8.33333333333333,-0.01035595581642754,0.0,480.0,4.283044640000675 < nuc <= 17.02187028864449,0.05322323367934724
