feature,value,importance,min,max,rule,importance_ratio
la,506.0,0.6393843878936594,0.0,9094.0,la > 471.1648215786653,0.8079364917860594
nd,19.0,0.08268266526697804,1.0,46.0,6.501361706446655 < nd <= 43.480788426363866,0.10447915803417096
age,178.0,0.024466137527640184,0.0,575.0,7.346025962989069 < age <= 349.3395012011218,0.030915808543208394
ns,1.0,-0.022088905392274642,1.0,8.0,ns <= 1.4995095840290027,0.02791189942691675
nuc,38.1724137931034,0.01729429786939413,0.0,480.0,17.02187028864449 < nuc <= 98.64471611143634,0.021853355529264682
