feature,value,importance,min,max,rule,importance_ratio
la,1748,0.7245069183390436,0.0,9094.0,la > 471.1648215786653,0.9738518672755014
arexp,47.0,-0.013592974186635411,0.0,2143.5,18.99314235170766 < arexp <= 741.0350150255845,0.01827110681541882
nd,6,0.0030438569456347725,1.0,46.0,4.49814249084984 < nd <= 6.501361706446655,0.004091425071580554
ns,1,0.001533074805617513,1.0,8.0,ns <= 1.4995095840290027,0.002060694969685543
age,33.3571428571429,-0.0008278454755316965,0.0,575.0,7.346025962989069 < age <= 349.3395012011218,0.0011127552294605495
