feature,value,importance,min,max,rule,importance_ratio
la,779.0,0.643320823784954,0.0,9094.0,la > 471.1648215786653,0.8969623546430866
age,60.5333333333333,0.022469311189427976,0.0,575.0,7.346025962989069 < age <= 349.3395012011218,0.0313282665919339
ns,1.0,-0.0213433913244133,1.0,8.0,ns <= 1.4995095840290027,0.029758431299923244
arexp,112.5,-0.01356564200108213,0.0,2143.5,18.99314235170766 < arexp <= 741.0350150255845,0.018914155646239727
nuc,10.8,-0.01176505176101077,0.0,480.0,4.283044640000675 < nuc <= 17.02187028864449,0.016403648288527268
