feature,value,importance,min,max,rule,importance_ratio
la,9479,0.7229301663582062,0.0,9094.0,la > 471.1648215786653,0.9729480178006277
arexp,317.5,-0.013854726210456084,0.0,2143.5,18.99314235170766 < arexp <= 741.0350150255845,0.018646238642301242
nd,6,0.0024305177199044565,1.0,46.0,4.49814249084984 < nd <= 6.501361706446655,0.003271086901412575
nuc,3.8,-0.0019220309098259686,0.0,480.0,2.867619567929143 < nuc <= 4.2830446400006785,0.0025867452361091887
age,53.9,-0.0013361190296421789,0.0,575.0,7.346025962989069 < age <= 349.3395012011218,0.001798201848436809
