feature,value,importance,min,max,rule,importance_ratio
la,849.0,0.6421692480275649,0.0,9094.0,la > 471.1648215786653,0.8025109727686339
nd,10.0,0.08042402518190502,1.0,46.0,6.501361706446655 < nd <= 43.480788426363866,0.10050491031910842
age,82.1428571428571,0.02430100754547367,0.0,575.0,7.346025962989069 < age <= 349.3395012011218,0.030368668796390073
ns,1.0,-0.02095642169906397,1.0,8.0,ns <= 1.4995095840290027,0.026188981199460424
nuc,31.5714285714286,0.01737947062917916,0.0,480.0,17.02187028864449 < nuc <= 98.64471611143634,0.021718909654527385
