feature,value,importance,min,max,rule,importance_ratio
la,1539.0,0.6438055736455063,0.0,9094.0,la > 471.1648215786653,0.8928010068734888
age,11.142857142857098,0.023507271776626787,0.0,575.0,7.346025962989069 < age <= 349.3395012011218,0.03259884159154115
ns,1.0,-0.021274674175770822,1.0,8.0,ns <= 1.4995095840290027,0.029502774288642848
nuc,28.4285714285714,0.016875122412756634,0.0,480.0,17.02187028864449 < nuc <= 98.64471611143634,0.02340167109133828
arexp,66.0,-0.013868943607921007,0.0,2143.5,18.99314235170766 < arexp <= 741.0350150255845,0.01923283569496003
