feature,value,importance,min,max,rule,importance_ratio
la,653.0,0.6396073334442022,0.0,9094.0,la > 471.1648215786653,0.809140098154012
nd,8.0,0.08243219409924357,1.0,46.0,6.501361706446655 < nd <= 43.480788426363866,0.10428147104778496
age,19.6666666666667,0.02449064820744207,0.0,575.0,7.346025962989069 < age <= 349.3395012011218,0.03098207987659633
ns,1.0,-0.02246127134044946,1.0,8.0,ns <= 1.4995095840290027,0.028414801311312136
nuc,34.3333333333333,0.01741172178863399,0.0,480.0,17.02187028864449 < nuc <= 98.64471611143634,0.02202683043238544
