feature,value,importance,min,max,rule,importance_ratio
la,479,0.7215235324232,0.0,9094.0,la > 471.1648215786653,0.9773808618390599
arexp,8.0,-0.008516361307146683,0.0,2143.5,3.296579902275539 < arexp <= 18.99314235170766,0.0115363230443185
nd,12,-0.002072435384505754,1.0,46.0,6.501361706446655 < nd <= 43.480788426363866,0.0028073355769994944
ld,94,0.002034429900398052,0.0,9176.0,71.3286997568262 < ld <= 106.9077758780692,0.0027558530803897937
age,117.066666666667,-0.0018788918512011898,0.0,575.0,7.346025962989069 < age <= 349.3395012011218,0.0025451601428188677
