feature,value,importance,min,max,rule,importance_ratio
la,594.0,0.6369645898664548,0.0,9094.0,la > 471.1648215786653,0.7694033305744346
nd,8.0,0.08058019514097128,1.0,46.0,6.501361706446655 < nd <= 43.480788426363866,0.09733456381429262
ld,349.0,0.028740915740057684,0.0,9176.0,ld > 326.31207862573433,0.03471677491333675
age,49.9375,0.024182713743843762,0.0,575.0,7.346025962989069 < age <= 349.3395012011218,0.029210823949793678
ns,1.0,-0.021605038442647488,1.0,8.0,ns <= 1.4995095840290027,0.026097194097472243
