feature,value,importance,min,max,rule,importance_ratio
la,3980,0.722429598354258,0.0,9094.0,la > 471.1648215786653,0.9838419637576584
arexp,4.0,-0.006732180523639279,0.0,2143.5,3.296579902275539 < arexp <= 18.99314235170766,0.009168231370692552
ns,2,-0.001581440843264109,1.0,8.0,1.4995095840290027 < ns <= 2.4998972545934754,0.0021536878726286174
ld,1,-0.001227082464086139,0.0,9176.0,ld <= 6.100393534547379,0.0016711043178592073
nd,12,-0.001112586558998193,1.0,46.0,6.501361706446655 < nd <= 43.480788426363866,0.0015151778769152732
