feature,value,importance,min,max,rule,importance_ratio
la,605,0.7234333588930363,0.0,9094.0,la > 471.1648215786653,0.9793362507433225
arexp,5.0,-0.007366181891164503,0.0,2143.5,3.296579902275539 < arexp <= 18.99314235170766,0.00997185002171434
ld,96,0.003915830202912763,0.0,9176.0,71.3286997568262 < ld <= 106.9077758780692,0.005300992029640512
ns,1,0.0014227440826274167,1.0,8.0,ns <= 1.4995095840290027,0.0019260168729012068
nd,17,-0.0013054816995507622,1.0,46.0,6.501361706446655 < nd <= 43.480788426363866,0.0017672748116127424
