feature,value,importance,min,max,rule,importance_ratio
la,2019.0,0.6345894789609804,0.0,9094.0,la > 471.1648215786653,0.8177658969602148
nd,9.0,0.07887105621736465,1.0,46.0,6.501361706446655 < nd <= 43.480788426363866,0.1016374556625112
age,54.36,0.024279385273074165,0.0,575.0,7.346025962989069 < age <= 349.3395012011218,0.03128771266108394
nuc,0.52,-0.016682894793281156,0.0,480.0,nuc <= 1.924002853214784,0.021498469288929584
ns,2.0,0.009955955979009569,1.0,8.0,1.4995095840290027 < ns <= 2.4998972545934754,0.012829776637018255
