feature,value,importance,min,max,rule,importance_ratio
la,613.0,0.6413578815995997,0.0,9094.0,la > 471.1648215786653,0.803456252513915
nd,9.0,0.07999485142665734,1.0,46.0,6.501361706446655 < nd <= 43.480788426363866,0.10021294723527667
age,39.0,0.02434631685816652,0.0,575.0,7.346025962989069 < age <= 349.3395012011218,0.030499664955533985
ns,1.0,-0.020586182432885788,1.0,8.0,ns <= 1.4995095840290027,0.025789184892905395
nuc,29.1666666666667,0.017264622470294835,0.0,480.0,17.02187028864449 < nuc <= 98.64471611143634,0.021628125683049646
