feature,value,importance,min,max,rule,importance_ratio
la,600.0,0.6347039210897538,0.0,9094.0,la > 471.1648215786653,0.8537165081160324
ld,439.0,0.026438258005842662,0.0,9176.0,ld > 326.31207862573433,0.03556111212715667
age,149.5,0.023315434773832296,0.0,575.0,7.346025962989069 < age <= 349.3395012011218,0.0313607193825867
ns,1.0,-0.023278549074112954,1.0,8.0,ns <= 1.4995095840290027,0.03131110580731566
nd,1.0,-0.019733520907775356,1.0,46.0,nd <= 1.4933136674546177,0.026542820994859388
