feature,value,importance,min,max,rule,importance_ratio
la,723,0.7220431673570218,0.0,9094.0,la > 471.1648215786653,0.9683364408146758
arexp,27.0,-0.013845038395944627,0.0,2143.5,18.99314235170766 < arexp <= 741.0350150255845,0.018567664385421002
nuc,1.3,-0.003703391747559928,0.0,480.0,nuc <= 1.924002853214784,0.004966640979238606
ns,2,-0.0025265291178971946,1.0,8.0,1.4995095840290027 < ns <= 2.4998972545934754,0.0033883434180182466
nd,5,0.00217838984033486,1.0,46.0,4.49814249084984 < nd <= 6.501361706446655,0.002921451735937121
