feature,value,importance,min,max,rule,importance_ratio
la,1325,0.7244266189474455,0.0,9094.0,la > 471.1648215786653,0.9771864964496885
arexp,33.0,-0.013546294848660847,0.0,2143.5,18.99314235170766 < arexp <= 741.0350150255845,0.018272736060238104
ns,1,0.001669749808051516,1.0,8.0,ns <= 1.4995095840290027,0.0022523426420306227
age,35.0,-0.0009446586773147543,0.0,575.0,7.346025962989069 < age <= 349.3395012011218,0.0012742597788126967
nd,9,-0.000381051283489797,1.0,46.0,6.501361706446655 < nd <= 43.480788426363866,0.0005140039845886239
