feature,value,importance,min,max,rule,importance_ratio
la,1862.0,0.6334057292453448,0.0,9094.0,la > 471.1648215786653,0.7999843797488293
nd,32.0,0.08051422873615366,1.0,46.0,6.501361706446655 < nd <= 43.480788426363866,0.10168857394641358
ld,1113.0,0.029427517636580313,0.0,9176.0,ld > 326.31207862573433,0.03716662694556841
age,43.70491803278689,0.024113292715583042,0.0,575.0,7.346025962989069 < age <= 349.3395012011218,0.030454820072058006
nuc,2.8360655737704903,-0.012326505234659838,0.0,480.0,1.924002853214784 < nuc <= 2.8676195679291396,0.015568238791222652
