feature,value,importance,min,max,rule,importance_ratio
la,630,0.7237645024732421,0.0,9094.0,la > 471.1648215786653,0.9723454110308335
arexp,210.5,-0.014071369525511027,0.0,2143.5,18.99314235170766 < arexp <= 741.0350150255845,0.01890425896585831
ld,333,-0.0031475550854968325,0.0,9176.0,ld > 326.31207862573433,0.004228600232383953
ns,1,0.0018395950794605762,1.0,8.0,ns <= 1.4995095840290027,0.0024714141513655164
age,64.5333333333333,-0.0009792908941061503,0.0,575.0,7.346025962989069 < age <= 349.3395012011218,0.001315633750611582
