feature,value,importance,min,max,rule,importance_ratio
la,586,0.7221972816576411,0.0,9094.0,la > 471.1648215786653,0.9788055306210006
arexp,17.0,-0.007454388920555926,0.0,2143.5,3.296579902275539 < arexp <= 18.99314235170766,0.010103052570473286
ns,2,-0.002683202801633363,1.0,8.0,1.4995095840290027 < ns <= 2.4998972545934754,0.003636587686938314
ld,185,-0.001765509856542678,0.0,9176.0,106.9077758780692 < ld <= 326.31207862573433,0.002392823755834998
age,12.166666666666698,-0.0016706556236717842,0.0,575.0,7.346025962989069 < age <= 349.3395012011218,0.0022642662964054345
