feature,value,importance,min,max,rule,importance_ratio
la,981.0,0.642070759254136,0.0,9094.0,la > 471.1648215786653,0.9011184650190224
age,143.5,0.023720724656472576,0.0,575.0,7.346025962989069 < age <= 349.3395012011218,0.033291008325017024
ns,1.0,-0.023241976103365418,1.0,8.0,ns <= 1.4995095840290027,0.03261910549329931
nuc,39.1666666666667,0.017090167168492813,0.0,480.0,17.02187028864449 < nuc <= 98.64471611143634,0.023985308447437338
arexp,8.0,-0.0047178596660933944,0.0,2143.5,3.296579902275539 < arexp <= 18.99314235170766,0.006621311435244044
