feature,value,importance,min,max,rule,importance_ratio
ns,6.0,0.24187738341077458,1.0,8.0,4.500672595722421 < ns <= 6.501447936851368,0.5482611706245301
nd,9.0,0.08912197462380358,1.0,46.0,6.501361706446655 < nd <= 43.480788426363866,0.20201193450416507
la,59.0,-0.04247216652090253,0.0,9094.0,52.23014744636299 < la <= 89.63502906531855,0.09627125697884788
arexp,3.0,-0.026045627241090327,0.0,2143.5,arexp <= 3.296579902275539,0.059037376208916886
age,254.666666666667,0.022490318808755006,0.0,575.0,7.346025962989069 < age <= 349.3395012011218,0.05097859230958438
