feature,value,importance,min,max,rule,importance_ratio
la,1261,0.7232781561249165,0.0,9094.0,la > 471.1648215786653,0.9856332034210964
arexp,3.5,-0.006346289647668304,0.0,2143.5,3.296579902275539 < arexp <= 18.99314235170766,0.008648282465465663
age,69.625,-0.0013465139952832275,0.0,575.0,7.346025962989069 < age <= 349.3395012011218,0.001834935690209249
nuc,3.375,-0.001028554513194202,0.0,480.0,2.867619567929143 < nuc <= 4.2830446400006785,0.001401642606164563
ns,2,-0.0009800083945524138,1.0,8.0,1.4995095840290027 < ns <= 2.4998972545934754,0.0013354873296290133
