feature,value,importance,min,max,rule,importance_ratio
la,619.0,0.6364092242723794,0.0,9094.0,la > 471.1648215786653,0.770646035082978
nd,8.0,0.08026584404458827,1.0,46.0,6.501361706446655 < nd <= 43.480788426363866,0.09719619406251152
ld,593.0,0.028125438696218988,0.0,9176.0,ld > 326.31207862573433,0.03405789386694033
age,17.25,0.024066402758738684,0.0,575.0,7.346025962989069 < age <= 349.3395012011218,0.029142691773421152
ns,1.0,-0.021628757005493642,1.0,8.0,ns <= 1.4995095840290027,0.026190877181445443
