feature,value,importance,min,max,rule,importance_ratio
la,449.0,0.1090089311576369,0.0,9094.0,295.36187796957415 < la <= 471.1648215786653,0.5927893800478002
age,79.2727272727273,0.024288411636847515,0.0,575.0,7.346025962989069 < age <= 349.3395012011218,0.13208011787338703
nuc,79.5454545454545,0.01832172308185844,0.0,480.0,17.02187028864449 < nuc <= 98.64471611143634,0.09963333051487723
nd,6.0,-0.013173569108706238,1.0,46.0,4.49814249084984 < nd <= 6.501361706446655,0.07163772529494922
arexp,22.5,-0.010984353472011248,0.0,2143.5,18.99314235170766 < arexp <= 741.0350150255845,0.059732794512803326
