feature,value,importance,min,max,rule,importance_ratio
la,507,0.7221376872395774,0.0,9094.0,la > 471.1648215786653,0.9731388728483271
arexp,210.833333333336,-0.013873643423940625,0.0,2143.5,18.99314235170766 < arexp <= 741.0350150255845,0.01869585532293938
ns,1,0.0016715219864535053,1.0,8.0,ns <= 1.4995095840290027,0.002252510913890179
nd,8,-0.0016656841904236393,1.0,46.0,6.501361706446655 < nd <= 43.480788426363866,0.002244644012122265
age,13.8666666666667,-0.0013603130815844145,0.0,575.0,7.346025962989069 < age <= 349.3395012011218,0.0018331317729643913
