feature,value,importance,min,max,rule,importance_ratio
la,1802,0.7222599008392537,0.0,9094.0,la > 471.1648215786653,0.9688801122621961
arexp,35.5,-0.014498084063024228,0.0,2143.5,18.99314235170766 < arexp <= 741.0350150255845,0.01944854656647476
ld,1970,-0.0033043920172589197,0.0,9176.0,ld > 326.31207862573433,0.004432697571774328
ns,1,0.001764682202998987,1.0,8.0,ns <= 1.4995095840290027,0.0023672441027973996
age,31.2111111111111,-0.0015672102908687088,0.0,575.0,7.346025962989069 < age <= 349.3395012011218,0.0021023441572638095
