feature,value,importance,min,max,rule,importance_ratio
la,446,0.18575994938817056,0.0,9094.0,295.36187796957415 < la <= 471.1648215786653,0.7745924683287907
ns,1,0.01849760689482435,1.0,8.0,ns <= 1.4995095840290027,0.07713237988075207
nd,5,-0.013888814384804746,1.0,46.0,4.49814249084984 < nd <= 6.501361706446655,0.057914373103136824
arexp,195.500000000001,-0.010435257425544384,0.0,2143.5,18.99314235170766 < arexp <= 741.0350150255845,0.043513533641248436
nuc,108.0,-0.006050486243091018,0.0,480.0,98.64471611143635 < nuc <= 253.39785732459083,0.02522966381645513
