feature,value,importance,min,max,rule,importance_ratio
la,2646,0.7231984867660821,0.0,9094.0,la > 471.1648215786653,0.9707905480769475
arexp,97.4999999999996,-0.014118262325668976,0.0,2143.5,18.99314235170766 < arexp <= 741.0350150255845,0.018951748201684854
ld,1448,-0.0037693971275774224,0.0,9176.0,ld > 326.31207862573433,0.005059876604227676
ns,1,0.001807003172800067,1.0,8.0,ns <= 1.4995095840290027,0.0024256433504772548
age,47.7931034482759,-0.0010952642879046,0.0,575.0,7.346025962989069 < age <= 349.3395012011218,0.0014702356791406405
