feature,value,importance,min,max,rule,importance_ratio
la,896.0,0.6419791730283875,0.0,9094.0,la > 471.1648215786653,0.8007058682426063
nd,15.0,0.08075651541069367,1.0,46.0,6.501361706446655 < nd <= 43.480788426363866,0.10072322982556883
age,40.5714285714286,0.024306207060068603,0.0,575.0,7.346025962989069 < age <= 349.3395012011218,0.030315816221745572
ns,1.0,-0.020645030815875536,1.0,8.0,ns <= 1.4995095840290027,0.025749429294320766
nuc,66.23809523809521,0.017287042616272577,0.0,480.0,17.02187028864449 < nuc <= 98.64471611143634,0.02156119240148216
