feature,value,importance,min,max,rule,importance_ratio
la,1435.0,0.6416128025188066,0.0,9094.0,la > 471.1648215786653,0.8011544450717256
nd,24.0,0.08055165960321062,1.0,46.0,6.501361706446655 < nd <= 43.480788426363866,0.10058140968458176
age,39.34375,0.02423427869786516,0.0,575.0,7.346025962989069 < age <= 349.3395012011218,0.030260306567577586
ns,1.0,-0.020664351007683535,1.0,8.0,ns <= 1.4995095840290027,0.025802690656009465
nuc,34.25,0.0172221011784663,0.0,480.0,17.02187028864449 < nuc <= 98.64471611143634,0.021504500624734423
