feature,value,importance,min,max,rule,importance_ratio
la,616,0.723954670476273,0.0,9094.0,la > 471.1648215786653,0.9752411163262614
arexp,80.5,-0.013748328020482778,0.0,2143.5,18.99314235170766 < arexp <= 741.0350150255845,0.018520406474475084
ns,1,0.001469300161577494,1.0,8.0,ns <= 1.4995095840290027,0.001979297859702328
nd,4,0.001111992847952535,1.0,46.0,2.4949232752530253 < nd <= 4.49814249084984,0.001497968299134816
age,44.3846153846154,-0.0010384858937201988,0.0,575.0,7.346025962989069 < age <= 349.3395012011218,0.0013989469003832535
