feature,value,importance,min,max,rule,importance_ratio
la,877.0,0.6420586070995904,0.0,9094.0,la > 471.1648215786653,0.8006087444615057
nd,8.0,0.08080093091459573,1.0,46.0,6.501361706446655 < nd <= 43.480788426363866,0.10075393606680709
age,57.3181818181818,0.0243218020997766,0.0,575.0,7.346025962989069 < age <= 349.3395012011218,0.030327834915423842
ns,1.0,-0.020640841937536285,1.0,8.0,ns <= 1.4995095840290027,0.025737897390535364
nuc,51.0909090909091,0.01730112279647217,0.0,480.0,17.02187028864449 < nuc <= 98.64471611143634,0.021573467042876056
