feature,value,importance,min,max,rule,importance_ratio
la,382.0,0.10873499830812242,0.0,9094.0,295.36187796957415 < la <= 471.1648215786653,0.5929668809925867
age,71.25,0.024063682531244777,0.0,575.0,7.346025962989069 < age <= 349.3395012011218,0.13122699220828635
nuc,68.0,0.01848905238959077,0.0,480.0,17.02187028864449 < nuc <= 98.64471611143634,0.1008267429857054
nd,6.0,-0.014337725774593415,1.0,46.0,4.49814249084984 < nd <= 6.501361706446655,0.07818822518391118
ns,1.0,-0.008787290755107728,1.0,8.0,ns <= 1.4995095840290027,0.04791991973610943
