feature,value,importance,min,max,rule,importance_ratio
la,1153,0.7233060154255635,0.0,9094.0,la > 471.1648215786653,0.9693587742434013
arexp,237.0,-0.013755361004105834,0.0,2143.5,18.99314235170766 < arexp <= 741.0350150255845,0.018434631536100813
nd,2,-0.003131069172501502,1.0,46.0,1.4933136674546177 < nd <= 2.4949232752530253,0.004196189870398923
nuc,0.6,-0.002925540768824115,0.0,480.0,nuc <= 1.924002853214784,0.003920745235331571
ns,1,0.0016538605606934574,1.0,8.0,ns <= 1.4995095840290027,0.0022164674587146446
