feature,value,importance,min,max,rule,importance_ratio
la,1885.0,0.640117645951347,0.0,9094.0,la > 471.1648215786653,0.8619589785880848
ld,792.0,0.026607139667984323,0.0,9176.0,ld > 326.31207862573433,0.03582819982611357
age,68.16,0.024518481914652057,0.0,575.0,7.346025962989069 < age <= 349.3395012011218,0.03301568978976441
ns,1.0,-0.023131505489265083,1.0,8.0,ns <= 1.4995095840290027,0.031148038131489118
nuc,54.24,0.01676696528655422,0.0,480.0,17.02187028864449 < nuc <= 98.64471611143634,0.022577781387264906
