feature,value,importance,min,max,rule,importance_ratio
la,738.0,0.6419085997699739,0.0,9094.0,la > 471.1648215786653,0.8007921978789105
nd,10.0,0.08071705442390323,1.0,46.0,6.501361706446655 < nd <= 43.480788426363866,0.1006959362152054
age,27.535714285714302,0.02429235163568184,0.0,575.0,7.346025962989069 < age <= 349.3395012011218,0.03030513326189426
ns,1.0,-0.020648752427886875,1.0,8.0,ns <= 1.4995095840290027,0.02575967956514435
nuc,23.607142857142897,0.01727453306991941,0.0,480.0,17.02187028864449 < nuc <= 98.64471611143634,0.021550281939437817
