feature,value,importance,min,max,rule,importance_ratio
la,620,0.7229802071393475,0.0,9094.0,la > 471.1648215786653,0.973599908610328
arexp,442.5,-0.013823115844213307,0.0,2143.5,18.99314235170766 < arexp <= 741.0350150255845,0.01861487242629606
nd,5,0.0022728445920483257,1.0,46.0,4.49814249084984 < nd <= 6.501361706446655,0.0030607218084978973
ns,1,0.0017960324022385978,1.0,8.0,ns <= 1.4995095840290027,0.002418623588050257
age,13.2222222222222,-0.0010762775502183477,0.0,575.0,7.346025962989069 < age <= 349.3395012011218,0.0014493670977218955
