feature,value,importance,min,max,rule,importance_ratio
la,133,0.2125440178418884,0.0,9389.0,77.73891199130318 < la <= 259.02565808320827,0.6023589652789358
ld,24,0.04312843921265004,0.0,9950.0,13.60422816869989 < ld <= 24.882467942900547,0.1222278673472382
nd,1,-0.03725204575390857,1.0,33.0,nd <= 1.5105962363484104,0.10557391340715318
age,136.875,0.024456288586930077,0.0,1019.0,21.355116215938807 < age <= 151.08747456179282,0.06931018260295142
asexp,0.3763145861911289,-0.014899739771011236,0.0,2327.0,-0.8058376987231384 < asexp <= -0.8058376987231384,0.04222650876049703
