feature,value,importance,min,max,rule,importance_ratio
la,387,0.2620922605972988,0.0,9389.0,la > 259.02565808320827,0.7012814238774568
nuc,39.6666666666667,-0.030663262863621074,0.0,1520.0,23.10887044038192 < nuc <= 48.480082529455615,0.08204582841447916
asexp,0.757164004342913,-0.021569346778623624,0.0,2327.0,-0.8058376987231384 < asexp <= -0.8058376987231384,0.05771319682064549
ld,219,-0.02149325611678541,0.0,9950.0,24.882467942900547 < ld <= 1866.9949643956745,0.057509600699355706
age,36.3333333333333,0.021238908832014857,0.0,1019.0,21.355116215938807 < age <= 151.08747456179282,0.056829042541641464
