feature,value,importance,min,max,rule,importance_ratio
la,463,0.24706181085113202,0.0,9389.0,la > 259.02565808320827,0.6280460598417394
asexp,1.01608276309048,0.043851105301546796,0.0,2327.0,-0.8058376987231384 < asexp <= 3.0562456227978316,0.11147216079030649
ld,72,-0.038626640314394584,0.0,9950.0,24.882467942900547 < ld <= 1866.9949643956745,0.09819125493659212
age,69.1,0.025621362720268284,0.0,1019.0,21.355116215938807 < age <= 151.08747456179282,0.06513105303003083
nd,3,0.02156747825016894,1.0,33.0,2.4996932323495513 < nd <= 3.4887902283506924,0.05482583362065142
