feature,value,importance,min,max,rule,importance_ratio
la,163,0.20794038293935616,0.0,9389.0,77.73891199130318 < la <= 259.02565808320827,0.5948824726170059
nd,9,0.054222004677315076,1.0,33.0,4.503916092667653 < nd <= 23.50498996321589,0.15512003852613432
nuc,92.61904761904758,0.03524932089743953,0.0,1520.0,48.480082529455615 < nuc <= 193.0959914371757,0.10084238028769331
aexp,82,0.02674688100179379,0.0,4144.0,aexp <= 82.00568065157063,0.07651832934144531
age,70.4285714285714,0.012877445654217539,0.0,1019.0,21.355116215938807 < age <= 151.08747456179282,0.03684020681065197
