feature,value,importance,min,max,rule,importance_ratio
la,836,0.2590714907925129,0.0,9389.0,la > 259.02565808320827,0.5547692507931943
nd,4,0.06603876443217543,1.0,33.0,3.4887902283506924 < nd <= 4.503916092667653,0.14141376866776803
aexp,69,0.0385257106369951,0.0,4144.0,aexp <= 82.00568065157063,0.08249799914680091
ld,317,-0.03332916976101743,0.0,9950.0,24.882467942900547 < ld <= 1866.9949643956745,0.07137025568238703
asexp,0.50137637661182,-0.028522710002371734,0.0,2327.0,-0.8058376987231384 < asexp <= -0.8058376987231384,0.06107782222660762
