feature,value,importance,min,max,rule,importance_ratio
ld,21,0.07980406861173067,0.0,9950.0,13.60422816869989 < ld <= 24.882467942900547,0.26070453609582506
age,61.0,0.07088358437715511,0.0,1019.0,21.355116215938807 < age <= 151.08747456179282,0.23156303059890743
nd,2,-0.06422477073448954,1.0,33.0,1.5105962363484104 < nd <= 2.4996932323495513,0.20980996773057517
asexp,93.0,-0.037016217548137845,0.0,2327.0,3.0562456227978316 < asexp <= 284.98832809382935,0.12092485999505652
la,44,0.034469553571863126,0.0,9389.0,36.80319513184074 < la <= 77.73891199130318,0.11260539881874931
