feature,value,importance,min,max,rule,importance_ratio
la,3392,0.26667123212579685,0.0,9389.0,la > 259.02565808320827,0.5701157292120332
nd,16,0.0818401998194886,1.0,33.0,4.503916092667653 < nd <= 23.50498996321589,0.17496594899646353
age,15.7575757575758,0.045289357608293355,0.0,1019.0,1.9558850614185843 < age <= 21.355116215938807,0.09682399909644757
ld,899,-0.024434502561304427,0.0,9950.0,24.882467942900547 < ld <= 1866.9949643956745,0.0522384590742054
aexp,104,-0.017813761566977726,0.0,4144.0,82.00568065157063 < aexp <= 400.33772908055585,0.03808399423067859
