feature,value,importance,min,max,rule,importance_ratio
la,304,0.22536916878755306,0.0,9389.0,la > 259.02565808320827,0.5864065613417421
nd,4,0.041319973719830164,1.0,33.0,3.4887902283506924 < nd <= 4.503916092667653,0.10751383534017354
age,2.8333333333333304,0.02600864796944831,0.0,1019.0,1.9558850614185843 < age <= 21.355116215938807,0.06767403856953126
ld,955,-0.025446822018404272,0.0,9950.0,24.882467942900547 < ld <= 1866.9949643956745,0.066212177456067
asexp,0.459359999959355,0.023523783546627354,0.0,2327.0,-0.8058376987231384 < asexp <= -0.8058376987231384,0.06120846561904281
