feature,value,importance,min,max,rule,importance_ratio
la,57,0.09230947001771037,0.0,9389.0,36.80319513184074 < la <= 77.73891199130318,0.3186588209149154
asexp,11.0,0.05191487679426058,0.0,2327.0,3.0562456227978316 < asexp <= 284.98832809382935,0.17921382740067984
nd,1,-0.03384124099520113,1.0,33.0,nd <= 1.5105962363484104,0.11682235800681472
aexp,12,0.028224423512898868,0.0,4144.0,aexp <= 82.00568065157063,0.09743270669735182
age,11.8,0.028194242554513225,0.0,1019.0,1.9558850614185843 < age <= 21.355116215938807,0.09732851989385911
