feature,value,importance,min,max,rule,importance_ratio
la,131,0.20732984427323403,0.0,9389.0,77.73891199130318 < la <= 259.02565808320827,0.4450405447877752
nd,1,-0.06154940879636614,1.0,33.0,nd <= 1.5105962363484104,0.13211789416096395
age,7.2,0.06152844908000433,0.0,1019.0,1.9558850614185843 < age <= 21.355116215938807,0.1320729034186955
ld,5,0.05905631860816805,0.0,9950.0,2.325988394499234 < ld <= 6.085401652566119,0.12676639148921873
asexp,5.0,0.04635011736414638,0.0,2327.0,3.0562456227978316 < asexp <= 284.98832809382935,0.09949209943712879
