feature,value,importance,min,max,rule,importance_ratio
la,96,0.22036131101812548,0.0,9389.0,77.73891199130318 < la <= 259.02565808320827,0.6700557345985403
nd,1,-0.03694882741209434,1.0,33.0,nd <= 1.5105962363484104,0.11235081866130822
ld,7,0.03140046404697971,0.0,9950.0,6.085401652566119 < ld <= 13.60422816869989,0.09547983221974671
age,31.0,0.013964444541101826,0.0,1019.0,21.355116215938807 < age <= 151.08747456179282,0.042461882723500946
asexp,177.0,0.010875925774537411,0.0,2327.0,3.0562456227978316 < asexp <= 284.98832809382935,0.03307058031478785
