feature,value,importance,min,max,rule,importance_ratio
la,208,0.21600641580806085,0.0,9389.0,77.73891199130318 < la <= 259.02565808320827,0.6204417760410627
nd,5,0.0507620901681209,1.0,33.0,4.503916092667653 < nd <= 23.50498996321589,0.14580549036770868
age,53.0,0.02778770635927826,0.0,1019.0,21.355116215938807 < age <= 151.08747456179282,0.07981547131904566
asexp,0.498628257887371,-0.024012185387765003,0.0,2327.0,-0.8058376987231384 < asexp <= -0.8058376987231384,0.06897092798322431
ld,61,-0.010843097537097675,0.0,9950.0,24.882467942900547 < ld <= 1866.9949643956745,0.03114495774829804
