feature,value,importance,min,max,rule,importance_ratio
la,175,0.2114664428167265,0.0,9389.0,77.73891199130318 < la <= 259.02565808320827,0.6660854677169767
ld,33,-0.02691137543428191,0.0,9950.0,24.882467942900547 < ld <= 1866.9949643956745,0.08476652774921023
age,43.0,0.02439939258359634,0.0,1019.0,21.355116215938807 < age <= 151.08747456179282,0.07685418359801058
aexp,4422,0.024229128492292938,0.0,4144.0,aexp > 4071.104162527291,0.0763178789466408
nuc,33.1666666666667,-0.011931692564731602,0.0,1520.0,23.10887044038192 < nuc <= 48.480082529455615,0.03758292292986825
