feature,value,importance,min,max,rule,importance_ratio
la,212,0.22042333763182412,0.0,9389.0,77.73891199130318 < la <= 259.02565808320827,0.6038356112734286
nd,1,-0.05554957424202902,1.0,33.0,nd <= 1.5105962363484104,0.15217449966410215
asexp,5.0,0.055262853870792,0.0,2327.0,3.0562456227978316 < asexp <= 284.98832809382935,0.15138904757681168
age,123.5,-0.0206003953145131,0.0,1019.0,21.355116215938807 < age <= 151.08747456179282,0.056433463129892045
ndev,4.0,0.008162285727114678,0.0,67.0,3.000808789151475 < ndev <= 10.846402884905007,0.02236005880490344
