feature,value,importance,min,max,rule,importance_ratio
la,791,0.255353876186088,0.0,9389.0,la > 259.02565808320827,0.6925198783900979
ld,0,-0.0334449137108286,0.0,9950.0,ld <= 2.325988394499234,0.09070262774829259
nd,3,0.028013549882670914,1.0,33.0,2.4996932323495513 < nd <= 3.4887902283506924,0.0759727655118287
aexp,2,0.015033040405330489,0.0,4144.0,aexp <= 82.00568065157063,0.04076961536211873
age,12.8,0.013924341059262645,0.0,1019.0,1.9558850614185843 < age <= 21.355116215938807,0.03776282201408842
