feature,value,importance,min,max,rule,importance_ratio
la,610,0.2664146963295666,0.0,9389.0,la > 259.02565808320827,0.6013741555605827
asexp,0.145893637226739,-0.04107440634471975,0.0,2327.0,-0.8058376987231384 < asexp <= -0.8058376987231384,0.09271668106534092
nuc,39.622222222222206,-0.037217074047664625,0.0,1520.0,23.10887044038192 < nuc <= 48.480082529455615,0.08400957899921271
nd,6,0.03660267789414242,1.0,33.0,4.503916092667653 < nd <= 23.50498996321589,0.0826227111833809
ndev,1.91111111111111,0.03267337276466163,0.0,67.0,ndev <= 2.0201095271822833,0.07375314585257699
