feature,value,importance,min,max,rule,importance_ratio
la,418,0.261072626124475,0.0,9389.0,la > 259.02565808320827,0.6570036065593924
ld,249,-0.03913767588095949,0.0,9950.0,24.882467942900547 < ld <= 1866.9949643956745,0.09849211151644494
ndev,2.21052631578947,0.025916059629943575,0.0,67.0,2.0201095271822833 < ndev <= 3.000808789151475,0.06521918784607866
asexp,17.0,0.022230636541806015,0.0,2327.0,3.0562456227978316 < asexp <= 284.98832809382935,0.055944618173465126
age,55.47368421052629,0.021193093440803012,0.0,1019.0,21.355116215938807 < age <= 151.08747456179282,0.053333583958814136
