feature,value,importance,min,max,rule,importance_ratio
la,419,0.26721893614499076,0.0,9389.0,la > 259.02565808320827,0.6992596814128696
ld,8,0.041647489313329525,0.0,9950.0,6.085401652566119 < ld <= 13.60422816869989,0.10898333227808048
nd,4,0.038975314352978005,1.0,33.0,3.4887902283506924 < nd <= 4.503916092667653,0.10199077314880906
age,19.875,0.018685696663276234,0.0,1019.0,1.9558850614185843 < age <= 21.355116215938807,0.04889681279417442
aexp,20,0.008403209977132491,0.0,4144.0,aexp <= 82.00568065157063,0.02198955663930505
