feature,value,importance,min,max,rule,importance_ratio
la,602,0.25647648572148285,0.0,9389.0,la > 259.02565808320827,0.6347961213336283
nd,14,0.05208749064250762,1.0,33.0,4.503916092667653 < nd <= 23.50498996321589,0.12891995512513343
aexp,438,-0.0368946797270104,0.0,4144.0,400.33772908055585 < aexp <= 698.7740244827294,0.09131675179761288
age,121.69387755102,0.02007958441538437,0.0,1019.0,21.355116215938807 < age <= 151.08747456179282,0.04969828820377317
ld,1107,-0.019012511900837744,0.0,9950.0,24.882467942900547 < ld <= 1866.9949643956745,0.047057213753963746
