feature,value,importance,min,max,rule,importance_ratio
la,2711,0.244673480945666,0.0,9389.0,la > 259.02565808320827,0.6333653377159325
ndev,2.94736842105263,0.04415293030084698,0.0,67.0,2.0201095271822833 < ndev <= 3.000808789151475,0.11429491869351414
age,148.263157894737,0.0295117796250394,0.0,1019.0,21.355116215938807 < age <= 151.08747456179282,0.07639462272971904
asexp,2.0,0.029134903448838265,0.0,2327.0,3.0562456227978316 < asexp <= 284.98832809382935,0.07541903556884594
nuc,15.1052631578947,-0.02202874564098764,0.0,1520.0,7.886143186937701 < nuc <= 23.10887044038192,0.05702393192934894
