feature,value,importance,min,max,rule,importance_ratio
la,1575,0.2658724096692879,0.0,9389.0,la > 259.02565808320827,0.7397323990151434
ld,1402,-0.034985087167711704,0.0,9950.0,24.882467942900547 < ld <= 1866.9949643956745,0.09733842820515407
asexp,140.0,0.023997536906694705,0.0,2327.0,3.0562456227978316 < asexp <= 284.98832809382935,0.06676794921490609
aexp,169,-0.011652801692971075,0.0,4144.0,82.00568065157063 < aexp <= 400.33772908055585,0.03242139702390093
age,242.230769230769,-0.011592852167937078,0.0,1019.0,151.08747456179282 < age <= 301.4315160093245,0.03225460045396583
