feature,value,importance,min,max,rule,importance_ratio
la,227,0.19447079050089278,0.0,9389.0,77.73891199130318 < la <= 259.02565808320827,0.6092227873952756
nuc,32.2,0.03958864298904014,0.0,1520.0,23.10887044038192 < nuc <= 48.480082529455615,0.12402018508208176
age,89.0,0.029361617579481337,0.0,1019.0,21.355116215938807 < age <= 151.08747456179282,0.09198176475825878
ld,2,0.023633873253075574,0.0,9950.0,2.325988394499234 < ld <= 2.325988394499234,0.07403833811288617
asexp,0.244017474120483,0.021789741918236755,0.0,2327.0,-0.8058376987231384 < asexp <= -0.8058376987231384,0.06826118860246487
