rule,type,coef,support,importance,Class
ld > -192.65499877929688 & aexp <= 398.3800048828125 & ld > -327.43499755859375,rule,0.00018916827866228119,0.972972972972973,3.067593708036989e-05,Defect
ld > -315.4599914550781 & nd > 1.0649999976158142,rule,0.00018841842479876285,0.972972972972973,3.055433915655611e-05,Defect
ld > -286.5199966430664 & nd > 1.5300000309944153 & ld > -345.6449890136719,rule,0.0001867934881693806,0.972972972972973,3.0290835919358987e-05,Defect
nd > -0.15500000212341547 & aexp <= 405.35499572753906 & la > -1013.5450134277344,rule,0.000189979925597013,0.9756756756756757,2.9267177727107394e-05,Defect
nd > -0.10999999940395355 & aexp <= 397.0449981689453,rule,0.00018991382318796955,0.9756756756756757,2.9256994383011512e-05,Defect
