rule,type,coef,support,importance,Class
ld > -108.81999969482422,rule,0.0005582269091805015,0.9351351351351351,0.00013748417561731713,Defect
age > -18.549999237060547 & nd > -2.0800000429153442,rule,0.00044252627142501836,0.9081081081081082,0.00012783401566472796,Defect
nd > -2.134999990463257 & ld > -120.2599983215332,rule,0.000554084652251143,0.9459459459459459,0.00012529202158231495,Defect
ld > -114.20500183105469,rule,0.0005591461235376203,0.9486486486486486,0.00012341102318245091,Defect
nd > -0.1850000023841858 & nd > -2.2300000190734863,rule,0.0005592437212245897,0.9513513513513514,0.00012031145446469692,Defect
