rule,type,coef,support,importance,Class
nuc <= 342.2550048828125 & nd > -0.2200000062584877,rule,0.1143156802576633,0.927027027027027,0.029732609232225225,Defect
nd > -0.2299999985843897,rule,0.1164505935750388,0.9351351351351351,0.028680297553758054,Defect
nd > -0.24499999731779099,rule,0.1164505935750388,0.9378378378378378,0.028116977794645146,Defect
age > -79.29999923706055 & nd > -0.2499999925494194,rule,0.11599120230555773,0.9405405405405406,0.02742990405044873,Defect
nd > -0.25999999791383743,rule,0.1164505935750388,0.9459459459459459,0.02633231262443265,Defect
