rule,type,coef,support,importance,Class
ns > 0.3049999997019768 & la > -293.0 & nd > -0.2850000038743019,rule,0.0001012361086613756,0.9648648648648649,1.8639725115948513e-05,Defect
nd > -0.2649999987334013 & la > -293.0 & ns > 0.39500001072883606,rule,0.00010109360379218014,0.9648648648648649,1.861348693251169e-05,Defect
nd > -0.22500000149011612 & nd > -0.4349999874830246 & la > -297.8300018310547,rule,0.00010151355545735577,0.9675675675675676,1.798268145450715e-05,Defect
nd > -0.49000000953674316 & la > -300.5800018310547 & nd > -0.11000000685453415,rule,0.00010146976680483228,0.9675675675675676,1.797492448662139e-05,Defect
nd > -0.2649999987334013 & la > -299.15000915527344 & ns > 0.28999999910593033,rule,0.00010123408282405245,0.9675675675675676,1.7933174102338235e-05,Defect
