rule,type,coef,support,importance,Class
nd > -0.14000000059604645,rule,0.19563429986469932,0.9297297297297298,0.050004509505341986,Defect
nd > -0.15000000596046448,rule,0.19563429986469932,0.9378378378378378,0.047235871422348544,Defect
nuc <= 521.8099975585938 & nd > -1.4149999618530273 & ld > -387.9150085449219,rule,0.20370299125087837,0.9432432432432433,0.047132235952242925,Defect
nuc <= 520.4949951171875 & nd > -2.990000009536743 & la > -1096.0999755859375,rule,0.17938458579422428,0.9648648648648649,0.033028525231317295,Defect
nd > -1.2199999690055847 & nuc <= 516.5,rule,0.13788894355739437,0.9405405405405406,0.032608339393132055,Defect
