rule,type,coef,support,importance,Class
aexp > 196.5449981689453 & nd > -0.804999977350235,rule,0.04780106514436216,0.918918918918919,0.013047759283363592,Defect
aexp > 195.55500030517578 & nd > -0.9749999940395355,rule,0.05128172836496901,0.9351351351351351,0.012630036339235685,Defect
aexp > 193.34500122070312 & nd > -0.8199999928474426,rule,0.04848807435544685,0.927027027027027,0.012611366734503053,Defect
nd > -0.8849999904632568 & aexp > 194.30500030517578,rule,0.048571249332799604,0.9297297297297298,0.012414906284982024,Defect
aexp > 194.41500091552734 & nd > -0.9800000190734863,rule,0.05166947385985746,0.9432432432432433,0.011955140268371236,Defect
