rule,type,coef,support,importance,Class
nd > -0.1850000023841858,rule,0.10539937691354821,0.9243243243243243,0.02787586727872115,Defect
nd > -0.13499999791383743,rule,0.10247166971603199,0.9216216216216216,0.027540909442459148,Defect
nd > -0.05999999865889549,rule,0.09571313952442323,0.9108108108108108,0.027279836195983665,Defect
nd > -0.14499999955296516 & nd > -6.9100000858306885 & nd > -6.1000001430511475,rule,0.10247166971603199,0.9243243243243243,0.027101551721468282,Defect
nd > -0.12499999813735485,rule,0.10220557852550648,0.9243243243243243,0.027031176327150627,Defect
