rule,type,coef,support,importance,Class
la > -4.545000076293945 & ns <= 2.6649999618530273,rule,0.06702339918722248,0.8810810810810811,0.021695010473796378,Defect
ld > -1.7049999833106995,rule,0.06730886602671901,0.8864864864864865,0.021351683190951827,Defect
ld > -1.5299999713897705,rule,0.06725065109821105,0.8918918918918919,0.020882463689413235,Defect
ld > -1.464999943971634,rule,0.06715959357899702,0.8945945945945946,0.0206230376978578,Defect
ld > -1.9399999380111694,rule,0.05389780038331364,0.8486486486486486,0.019316487397880326,Defect
