rule,type,coef,support,importance,Class
ns <= 2.8550000190734863 & nd > 0.17500000074505806 & aexp > -25.99000060558319,rule,0.0005501472256304273,0.9108108108108108,0.0001568011066551979,Defect
aexp > -7.370000839233398 & nd > -0.17500000074505806,rule,0.0005558306138035121,0.918918918918919,0.00015171929808111876,Defect
nd > 0.02499999850988388 & la > 3.4549998939037323 & ld > -214.42499542236328,rule,0.0004196124199298643,0.8540540540540541,0.00014814501127398774,Defect
aexp > -2.345001220703125 & nd > 0.2199999988079071,rule,0.0005504944639294449,0.927027027027027,0.00014317927989953297,Defect
aexp > -7.710000991821289 & nd > -0.24000000953674316,rule,0.0005570598279386827,0.9297297297297298,0.00014238558105847952,Defect
