rule,type,coef,support,importance,Class
aexp > 1.2500000447034836,rule,0.06590334534668592,0.8756756756756757,0.02174488711458261,Defect
aexp > 0.6099999994039536,rule,0.06613197433585428,0.8783783783783784,0.021615122533764405,Defect
aexp > 0.9600000232458115,rule,0.06607865183396175,0.8837837837837837,0.02117715199956139,Defect
aexp > 0.7150000184774399,rule,0.06613197433585428,0.8891891891891892,0.02075867558358978,Defect
aexp > 0.6700000017881393,rule,0.06613197433585428,0.8918918918918919,0.02053509564927352,Defect
