rule,type,coef,support,importance,Class
aexp > -0.554999977350235 & nd > 5.3349997997283936,rule,0.08793402004319231,0.8945945945945946,0.02700234640553376,Defect
aexp > -0.9899999760091305 & nd > -0.800000011920929,rule,0.10222674284222187,0.9297297297297298,0.026129355321072807,Defect
ld > -11.970000267028809 & nd > -0.9699999988079071,rule,0.08578831517450032,0.8972972972972973,0.02604277475630817,Defect
nd > -0.7050000131130219 & aexp > 0.5099999904632568,rule,0.10161096346180304,0.9297297297297298,0.025971960907605215,Defect
ld > -7.264999866485596 & nd > 3.5449999570846558,rule,0.08906441972766936,0.9108108108108108,0.025384840505008995,Defect
