rule,type,coef,support,importance,Class
age > -22.59000015258789 & ld > -0.820000022649765,rule,0.08972656205612753,0.8405405405405405,0.032849253450520983,Defect
ld > -0.9900000095367432 & age > -22.59000015258789,rule,0.08980399138727932,0.8432432432432433,0.032650152138170095,Defect
aexp > -24.47499942779541 & ld > -1.0649999976158142,rule,0.07609579038969669,0.8486486486486486,0.02727204757226772,Defect
aexp > -21.214999675750732 & ld > -1.0649999976158142,rule,0.07439418513198653,0.8486486486486486,0.0266622075364413,Defect
ld > -0.6949999928474426 & aexp > -26.625,rule,0.0760715164924517,0.8702702702702703,0.025560474075313235,Defect
