rule,type,coef,support,importance,Class
aexp > -85.71000289916992 & ld > -0.6699999868869781,rule,0.04314752170360909,0.8513513513513513,0.015349377014326964,Defect
aexp > 0.9300000071525574,rule,0.041319737973787095,0.8486486486486486,0.01480862284134099,Defect
aexp > -87.45500183105469 & ld > -0.6800000071525574,rule,0.04314752170360909,0.8729729729729729,0.014368264757282041,Defect
aexp > 0.6500000059604645,rule,0.04154363773673802,0.8621621621621621,0.014321325908621655,Defect
aexp > 0.9850000143051147,rule,0.041319737973787095,0.8621621621621621,0.014244141009783398,Defect
