rule,type,coef,support,importance,Class
ld > -0.30000001192092896,rule,0.11393028637755556,0.8621621621621621,0.0392751538133282,Defect
ld > -0.5550000071525574,rule,0.11410585681655142,0.8783783783783784,0.03729530384778999,Defect
nuc > 222.6050033569336 & ld > -0.5900000035762787,rule,0.11313369032744802,0.8810810810810811,0.03662059260433841,Defect
aexp > 0.23500001430511475,rule,0.11021530389531983,0.8810810810810811,0.035675931113285944,Defect
aexp > 0.5699999928474426,rule,0.10996529795793161,0.8837837837837837,0.035242120789384684,Defect
