rule,type,coef,support,importance,Class
aexp > -0.8449993133544922 & nd > -0.26500000059604645,rule,0.06882993952964696,0.972972972972973,0.011161611815618415,Defect
aexp > -0.04500007629394531 & nd > -0.26500000059604645,rule,0.06882993952964696,0.9783783783783784,0.010010941941780408,Defect
aexp > 19.22000026702881 & nd > -0.2500000074505806,rule,0.06388510249933357,0.9756756756756757,0.009841759033681114,Defect
nd > -0.26500000059604645 & aexp > 8.54999977350235,rule,0.06882993952964696,0.981081081081081,0.00937730402084391,Defect
aexp > 8.109999656677246 & nd > -0.2500000074505806,rule,0.06392416431927166,0.9837837837837838,0.008074016863568375,Defect
