rule,type,coef,support,importance,Class
nd > -0.29500000178813934 & aexp > -1.85999995470047,rule,0.09451036674490655,0.8567567567567568,0.033108941026846174,Defect
aexp > -1.9000000953674316 & nd > -0.23499999940395355,rule,0.09423501858603796,0.8810810810810811,0.03050322335206546,Defect
aexp > -0.7999999821186066 & nd > -0.23499999940395355,rule,0.09310178388452417,0.8810810810810811,0.03013640312186594,Defect
ld > -0.26999999210238457 & aexp > -214.7750015258789,rule,0.06433808863042206,0.8567567567567568,0.022538966418299795,Defect
ld > -0.4099999964237213 & aexp > -212.24500274658203,rule,0.06433808863042206,0.8594594594594595,0.022360507819159995,Defect
