rule,type,coef,support,importance,Class
ns > 0.054999999701976776 & nd > -1.7099999785423279 & nd > 1.4449999928474426,rule,0.18759425707835622,0.9351351351351351,0.04620207546573381,Defect
ld > -15.515000343322754 & nd > 0.10500000044703484,rule,0.12206829095627733,0.8729729729729729,0.040649137046080294,Defect
nd > 1.6700000166893005,rule,0.14520730402135554,0.9324324324324325,0.0364473779235888,Defect
aexp > -28.085000038146973 & ld > 1.4649999141693115 & nd > -1.7649999856948853,rule,0.12259425167643463,0.9054054054054054,0.035877717724831205,Defect
la > -18.104999542236328 & ld > -0.2350001335144043 & aexp <= 0.7400000095367432,rule,0.1657664158025808,0.04594594594594595,0.03470616575219021,Defect
