rule,type,coef,support,importance,Class
ld > -24.43000030517578 & ld > -89.04500198364258 & nd > -0.7750000059604645,rule,0.00027237128275487386,0.9297297297297298,6.961863235085938e-05,Defect
la > -144.5 & nd > -0.8449999988079071,rule,0.0002810769055932818,0.9540540540540541,5.884848041988779e-05,Defect
ld > -52.68499946594238 & ld > -85.5 & nd > -0.8149999976158142,rule,0.00028157689835111004,0.9648648648648649,5.184430786273913e-05,Defect
nd > -0.8499999940395355 & la > -101.54000091552734,rule,0.0002780599742992232,0.9648648648648649,5.119676719323244e-05,Defect
ld > -76.5250015258789 & la <= 1408.1100463867188 & nd > -0.6700000166893005,rule,0.00028645667743283133,0.9675675675675676,5.0744544978084965e-05,Defect
