rule,type,coef,support,importance,Class
nuc > -56.19000053405762 & nd > -0.19999999552965164 & nd > -0.7700000107288361,rule,9.769753530815343e-05,0.9540540540540541,2.04547274402276e-05,Defect
nuc > -57.13999938964844 & nuc > -53.32500076293945 & nd > -0.6599999964237213,rule,9.7950144135575e-05,0.9567567567567568,1.9923469884181334e-05,Defect
nuc > -50.40999984741211 & nuc > -56.03499984741211 & nd > -0.675000011920929,rule,9.775084133509094e-05,0.9567567567567568,1.9882930859166926e-05,Defect
nuc > -53.42500114440918 & nuc > -57.97500038146973 & nd > -0.4450000077486038,rule,9.754885530500988e-05,0.9567567567567568,1.9841846054005482e-05,Defect
nuc > -53.920000076293945 & nd > -0.42000000178813934 & nuc > -57.72999954223633,rule,9.754885530500988e-05,0.9567567567567568,1.9841846054005482e-05,Defect
