rule,type,coef,support,importance,Class
la > -14.070000171661377 & nd > -0.1099999975413084,rule,0.07830272321929485,0.8972972972972973,0.023770372217448262,Defect
nd > -0.1149999974295497 & ld > -2.0149999856948853,rule,0.056505503645777756,0.8783783783783784,0.018468727077960146,Defect
ld > -2.430000066757202 & nd > -0.6650000214576721,rule,0.04435295981515823,0.8486486486486486,0.015895702296478836,Defect
age > -15.389999866485596 & ld > -2.399999976158142 & nd > -0.7750000059604645,rule,0.0442168985609905,0.918918918918919,0.012069426631777798,Defect
nd > 0.08500000089406967 & aexp > 0.19000000692903996,rule,0.060373414815535875,0.9594594594594594,0.01190704028342878,Defect
