commit_id,label,pred,score_or_proba,feature,value_actual,min,max,operator,threshold
,True,True,0.6672025822085222,arexp,965.700000000043,0.0,2480.61666666637,<,1027.875030517578
,True,True,0.6672025822085222,la,46.0,0.0,8851.0,<,89.86499786376953
,True,True,0.6672025822085222,ndev,25.3333333333333,0.0,57.5,>,13.875
,True,True,0.6672025822085222,age,67.1666666666667,0.0,918.0,>,88.41500091552734
