commit_id,label,pred,score_or_proba,feature,value_actual,min,max,operator,threshold
,True,True,0.9759350053772147,la,640.0,0.0,8851.0,<,99.04000091552734
,True,True,0.9759350053772147,arexp,102.0,0.0,2480.61666666637,<,496.4600067138672
,True,True,0.9759350053772147,nuc,358.071428571429,0.0,2540.0,<,429.4299926757813
,True,True,0.9759350053772147,asexp,0.402908821594863,0.0,3637.0,>,1.7699999809265137
