commit_id,label,pred,score_or_proba,feature,value_actual,min,max,operator,threshold
,True,True,0.9131691112272502,la,284.0,0.0,8851.0,<,103.5
,True,True,0.9131691112272502,arexp,376.533333333331,0.0,2480.61666666637,<,837.375
,True,True,0.9131691112272502,ndev,26.1666666666667,0.0,57.5,>,18.960000038146973
,True,True,0.9131691112272502,age,65.1666666666667,0.0,918.0,>,24.125
