commit_id,label,pred,score_or_proba,feature,value_actual,min,max,operator,threshold
,True,True,0.6990636414632452,la,184.0,0.0,8851.0,<,94.23500061035156
,True,True,0.6990636414632452,arexp,302.0,0.0,2480.61666666637,<,784.1649932861328
,True,True,0.6990636414632452,ndev,6.23076923076923,0.0,57.5,>,7.164999961853027
