commit_id,label,pred,score_or_proba,feature,value_actual,min,max,operator,threshold
,True,True,0.8880173125655179,la,332.0,0.0,8851.0,<,99.0
,True,True,0.8880173125655179,nuc,811.777777777778,0.0,2540.0,>,1496.449951171875
,True,True,0.8880173125655179,ndev,31.3333333333333,0.0,57.5,>,9.875
,True,True,0.8880173125655179,ent,2.2524818575901,0.0,6.25828457562083,>,1.5500000715255735
