commit_id,label,pred,score_or_proba,feature,value_actual,min,max,operator,threshold
,True,True,0.5557150414623433,la,106.0,0.0,8851.0,<,110.0
,True,True,0.5557150414623433,arexp,0.0,0.0,2480.61666666637,<,1693.7799682617188
,True,True,0.5557150414623433,ent,3.67702538522378,0.0,6.25828457562083,<,1.3949999809265137
,True,True,0.5557150414623433,age,238.4,0.0,918.0,>,137.18499755859375
