commit_id,label,pred,score_or_proba,feature,value_actual,min,max,operator,threshold
,True,True,0.9503610122589305,la,418.0,0.0,8851.0,<,119.26499938964844
,True,True,0.9503610122589305,ld,257.0,0.0,9293.0,<,14.545000076293944
,True,True,0.9503610122589305,ent,2.3051364974334603,0.0,6.25828457562083,<,1.4449999928474426
