commit_id,label,pred,score_or_proba,feature,value_actual,min,max,operator,threshold
,True,True,0.9681795218398089,la,883.0,0.0,8851.0,<,113.56500244140624
,True,True,0.9681795218398089,ent,3.75188367350837,0.0,6.25828457562083,>,2.590000033378601
,True,True,0.9681795218398089,arexp,147.983333333333,0.0,2480.61666666637,>,47.5
,True,True,0.9681795218398089,ndev,9.147058823529411,0.0,57.5,<,0.1449999958276748
