feature,value,importance,min,max,rule,importance_ratio
la,255,0.30280748146412473,0.0,9967.0,229.98350223552893 < la <= 1199.5431080984263,0.6296092610094387
ld,154,-0.09581808559442596,0.0,8658.0,35.06259046661786 < ld <= 6168.514134615445,0.19922874352624959
asexp,0.463109525498002,0.030809806007103546,0.0,1122.0,-0.3302944893099209 < asexp <= 1.5309165943878895,0.06406096407586559
age,4.66666666666667,0.02567682902898404,0.0,1802.57575757576,2.1794390140157773 < age <= 11.310905131690312,0.05338827585050822
nuc,19.3333333333333,0.016431841985548014,0.0,976.0,12.104132594966572 < nuc <= 255.46934596936424,0.034165734081343886
