feature,value,importance,min,max,rule,importance_ratio
la,266,0.3034259213278788,0.0,9967.0,229.98350223552893 < la <= 1199.5431080984263,0.6535388526070721
ld,111,-0.09622593842296522,0.0,8658.0,35.06259046661786 < ld <= 6168.514134615445,0.2072578015509361
asexp,0.4087412333616981,0.02978781553130346,0.0,1122.0,-0.3302944893099209 < asexp <= 1.5309165943878895,0.06415897066013294
nuc,15.666666666666698,0.0159879677295456,0.0,976.0,12.104132594966572 < nuc <= 255.46934596936424,0.03443594416640268
age,27.8333333333333,0.009240523704449749,0.0,1802.57575757576,11.310905131690312 < age <= 252.15332398535617,0.019902852178436056
