feature,value,importance,min,max,rule,importance_ratio
la,1392,0.1877977281654597,0.0,9967.0,la > 1199.5431080984263,0.5339668986637924
ld,321,-0.09793990140433707,0.0,8658.0,35.06259046661786 < ld <= 6168.514134615445,0.2784733655682744
asexp,0.0039062649202768,0.029529931317783836,0.0,1122.0,-0.3302944893099209 < asexp <= 1.5309165943878895,0.08396270816236599
nuc,85.6666666666667,0.016047916207481003,0.0,976.0,12.104132594966572 < nuc <= 255.46934596936424,0.04562917843061047
age,50.1666666666667,0.010193260336208858,0.0,1802.57575757576,11.310905131690312 < age <= 252.15332398535617,0.028982584944811693
