feature,value,importance,min,max,rule,importance_ratio
la,275,0.3070854523850476,0.0,9967.0,229.98350223552893 < la <= 1199.5431080984263,0.5417612219130384
arexp,51.5,-0.11745151328079705,0.0,863.416666666674,-0.02556803069123248 < arexp <= 97.64182103961909,0.20720836775672127
ld,72,-0.09371604947009674,0.0,8658.0,35.06259046661786 < ld <= 6168.514134615445,0.16533418004484574
asexp,0.116785038259358,0.030681329953423094,0.0,1122.0,-0.3302944893099209 < asexp <= 1.5309165943878895,0.054128108890816824
age,113.846153846154,0.0094705998022408,0.0,1802.57575757576,11.310905131690312 < age <= 252.15332398535617,0.016708065071991608
