feature,value,importance,min,max,rule,importance_ratio
la,843,0.305066335095479,0.0,9967.0,229.98350223552893 < la <= 1199.5431080984263,0.6615041681354745
ld,313,-0.09542063127868886,0.0,8658.0,35.06259046661786 < ld <= 6168.514134615445,0.20690957360868872
asexp,0.847108694371853,0.029325615924911758,0.0,1122.0,-0.3302944893099209 < asexp <= 1.5309165943878895,0.06358950475934264
age,39.0714285714286,0.010360351641646667,0.0,1802.57575757576,11.310905131690312 < age <= 252.15332398535617,0.022465329686913862
nuc,2.42857142857143,-0.00785946809967572,0.0,976.0,1.2071827423816117 < nuc <= 5.747578514292009,0.017042427528544218
