feature,value,importance,min,max,rule,importance_ratio
la,1134,0.3059971584722731,0.0,9967.0,229.98350223552893 < la <= 1199.5431080984263,0.5126699571068312
arexp,6.0,-0.11787970465928513,0.0,863.416666666674,-0.02556803069123248 < arexp <= 97.64182103961909,0.19749655007635503
ld,62,-0.09335218140608545,0.0,8658.0,35.06259046661786 < ld <= 6168.514134615445,0.15640295183206257
asexp,1.65625,0.041774965357129566,0.0,1122.0,1.5309165943878895 < asexp <= 1.5309165943878895,0.06999009338748347
nuc,139.8,0.015517095310044537,0.0,976.0,12.104132594966572 < nuc <= 255.46934596936424,0.025997459018051543
