feature,value,importance,min,max,rule,importance_ratio
la,1197,0.18734240956557935,0.0,9967.0,la > 1199.5431080984263,0.519630035802243
ld,89,-0.09689391315496415,0.0,8658.0,35.06259046661786 < ld <= 6168.514134615445,0.26875381649294283
asexp,0.0123463099785629,0.029572622113266653,0.0,1122.0,-0.3302944893099209 < asexp <= 1.5309165943878895,0.08202532850472273
nuc,76.8636363636364,0.015854143565211243,0.0,976.0,12.104132594966572 < nuc <= 255.46934596936424,0.04397450212959282
ndev,4.81818181818182,0.011922541583182419,0.0,85.0,4.096578965816638 < ndev <= 10.553100765399932,0.03306945140765972
