feature,value,importance,min,max,rule,importance_ratio
la,5088,0.18755431310121912,0.0,9967.0,la > 1199.5431080984263,0.4081978386107385
arexp,82.9999999999999,-0.11702124385663586,0.0,863.416666666674,-0.02556803069123248 < arexp <= 97.64182103961909,0.254687924921458
ld,1232,-0.09663988274377845,0.0,8658.0,35.06259046661786 < ld <= 6168.514134615445,0.21032942728603746
asexp,0.1406599964393819,0.030058871939166277,0.0,1122.0,-0.3302944893099209 < asexp <= 1.5309165943878895,0.06542087117998086
nuc,50.6666666666667,0.01696656440119607,0.0,976.0,12.104132594966572 < nuc <= 255.46934596936424,0.03692644974514914
