feature,value,importance,min,max,rule,importance_ratio
la,1579,0.18188937227395288,0.0,9967.0,la > 1199.5431080984263,0.35866941867282276
arexp,222.0,0.15004195659388228,0.0,863.416666666674,218.16753521149144 < arexp <= 822.8741356255406,0.29586919057044436
ld,57,-0.09758342721666136,0.0,8658.0,35.06259046661786 < ld <= 6168.514134615445,0.1924257073095291
asexp,0.152319920297676,0.03094499634512619,0.0,1122.0,-0.3302944893099209 < asexp <= 1.5309165943878895,0.06102073865658422
age,7.611111111111112,0.02341345379397518,0.0,1802.57575757576,2.1794390140157773 < age <= 11.310905131690312,0.04616921679601975
