feature,value,importance,min,max,rule,importance_ratio
arexp,16.5,-0.12143118579977132,0.0,863.416666666674,-0.02556803069123248 < arexp <= 97.64182103961909,0.3770871781631052
la,109,0.08512501453441698,0.0,9967.0,104.87903696289698 < la <= 229.98350223552893,0.26434355647984675
asexp,0.525871276855469,0.027618565845887354,0.0,1122.0,-0.3302944893099209 < asexp <= 1.5309165943878895,0.0857655057153958
ld,4,0.023917966555426252,0.0,8658.0,3.6358532634641847 < ld <= 3.6358532634641847,0.07427382394714452
nuc,206.57142857142892,0.019336825239621776,0.0,976.0,12.104132594966572 < nuc <= 255.46934596936424,0.06004774487062464
