feature,value,importance,min,max,rule,importance_ratio
la,1425,0.18376391639045725,0.0,9967.0,la > 1199.5431080984263,0.38593558478044204
arexp,20.75,-0.11600750210093344,0.0,863.416666666674,-0.02556803069123248 < arexp <= 97.64182103961909,0.24363555175387555
ld,253,-0.09632437895813904,0.0,8658.0,35.06259046661786 < ld <= 6168.514134615445,0.2022976341167747
asexp,4.0,0.04874569361052771,0.0,1122.0,1.5309165943878895 < asexp <= 23.865449598761593,0.10237427531275776
nuc,17.1538461538462,0.01803208555366917,0.0,976.0,12.104132594966572 < nuc <= 255.46934596936424,0.03787045694095612
