feature,value,importance,min,max,rule,importance_ratio
la,725,0.30623489287234973,0.0,9967.0,229.98350223552893 < la <= 1199.5431080984263,0.5587913473709912
arexp,30.0,-0.11684305031976794,0.0,863.416666666674,-0.02556803069123248 < arexp <= 97.64182103961909,0.21320524551176917
asexp,1.28238309640437,0.042092421317221955,0.0,1122.0,1.5309165943878895 < asexp <= 1.5309165943878895,0.07680666497975552
ld,0,0.02855083098679569,0.0,8658.0,ld <= -1.6019362703947877,0.05209712441985905
age,5.0,0.02631810895309725,0.0,1802.57575757576,2.1794390140157773 < age <= 11.310905131690312,0.04802304343642484
