feature,value,importance,min,max,rule,importance_ratio
arexp,244.333333333334,0.1507173261232225,0.0,863.416666666674,218.16753521149144 < arexp <= 822.8741356255406,0.37038886070260624
la,133,0.08396267255751785,0.0,9967.0,104.87903696289698 < la <= 229.98350223552893,0.20633884258734414
asexp,1.0,0.04238534809955472,0.0,1122.0,1.5309165943878895 < asexp <= 1.5309165943878895,0.10416228310899248
ld,15,0.037061017945132224,0.0,8658.0,3.6358532634641847 < ld <= 14.111432331182087,0.09107770530611421
age,0.25,0.035029060037657225,0.0,1802.57575757576,-0.10342751540286343 < age <= -0.10342751540286343,0.08608415483846593
