feature,value,importance,min,max,rule,importance_ratio
la,3022,0.18156177199498516,0.0,9967.0,la > 1199.5431080984263,0.427294504078652
arexp,8.0,-0.11369918376738737,0.0,863.416666666674,-0.02556803069123248 < arexp <= 97.64182103961909,0.267584061381463
asexp,8.0,0.05032148586430859,0.0,1122.0,1.5309165943878895 < asexp <= 23.865449598761593,0.11842853322385802
age,2.05882352941176,0.03139984780401789,0.0,1802.57575757576,-0.10342751540286343 < age <= 2.1794390140157773,0.07389761758842912
ld,0,0.0307323096980312,0.0,8658.0,ld <= -1.6019362703947877,0.07232660756348255
