feature,value,importance,min,max,rule,importance_ratio
la,534,0.3062213294453133,0.0,9967.0,229.98350223552893 < la <= 1199.5431080984263,0.521098251862728
arexp,2.0,-0.11780062725422716,0.0,863.416666666674,-0.02556803069123248 < arexp <= 97.64182103961909,0.20046187194636028
ld,295,-0.09370598755446981,0.0,8658.0,35.06259046661786 < ld <= 6168.514134615445,0.15945991218885716
asexp,0.0625,0.03151551998079678,0.0,1122.0,-0.3302944893099209 < asexp <= 1.5309165943878895,0.05363010603567682
nuc,34.6111111111111,0.016673598917880183,0.0,976.0,12.104132594966572 < nuc <= 255.46934596936424,0.028373540354311902
