feature,value,importance,min,max,rule,importance_ratio
la,103,-0.07504018584925014,0.0,9967.0,42.326804326581055 < la <= 104.87903696289698,0.3986231961325837
asexp,0.535163100615085,0.029052250098632007,0.0,1122.0,-0.3302944893099209 < asexp <= 1.5309165943878895,0.15432931912542147
age,4.75,0.024846804910804477,0.0,1802.57575757576,2.1794390140157773 < age <= 11.310905131690312,0.13198944905500432
ld,3,0.024670818852363254,0.0,8658.0,3.6358532634641847 < ld <= 3.6358532634641847,0.13105458829610978
ent,1.14423237470745,0.017914171628168704,0.0,6.08230385583814,1.0371568618967764 < ent <= 1.596054196840603,0.09516240224716366
