feature,value,importance,min,max,rule,importance_ratio
la,1628,0.18242389892181224,0.0,9967.0,la > 1199.5431080984263,0.45418256418365854
arexp,92.6666666666666,-0.11820221220327524,0.0,863.416666666674,-0.02556803069123248 < arexp <= 97.64182103961909,0.294289203048304
asexp,0.5013962039107489,0.030309344209295083,0.0,1122.0,-0.3302944893099209 < asexp <= 1.5309165943878895,0.07546147052587078
ld,4,0.01902678657560611,0.0,8658.0,3.6358532634641847 < ld <= 3.6358532634641847,0.04737117650789736
nuc,88.1428571428571,0.017518178998846886,0.0,976.0,12.104132594966572 < nuc <= 255.46934596936424,0.04361518147868755
