feature,value,importance,min,max,rule,importance_ratio
la,773,0.30898632063080295,0.0,9967.0,229.98350223552893 < la <= 1199.5431080984263,0.5184950832994801
arexp,93.3333333333333,-0.11719088970437648,0.0,863.416666666674,-0.02556803069123248 < arexp <= 97.64182103961909,0.1966523954690355
ld,619,-0.09331627923765173,0.0,8658.0,35.06259046661786 < ld <= 6168.514134615445,0.1565895599447465
asexp,112.0,-0.0513852239314253,0.0,1122.0,23.865449598761593 < asexp <= 381.21797766874084,0.08622707279822131
age,45.4285714285714,0.010298326215112948,0.0,1802.57575757576,11.310905131690312 < age <= 252.15332398535617,0.01728112590178498
