feature,value,importance,min,max,rule,importance_ratio
la,388,0.3061646077735227,0.0,9967.0,229.98350223552893 < la <= 1199.5431080984263,0.524628145453121
arexp,10.0,-0.11793450061103083,0.0,863.416666666674,-0.02556803069123248 < arexp <= 97.64182103961909,0.20208657947254666
ld,65,-0.09443044541421614,0.0,8658.0,35.06259046661786 < ld <= 6168.514134615445,0.1618112224409
asexp,2.3841857910156202e-07,0.03098337208983007,0.0,1122.0,asexp <= -0.3302944893099209,0.053091535163318306
nuc,22.1818181818182,0.01610252530403748,0.0,976.0,12.104132594966572 < nuc <= 255.46934596936424,0.02759247075879588
