feature,value,importance,min,max,rule,importance_ratio
la,1571,0.18893476444636279,0.0,9967.0,la > 1199.5431080984263,0.31385432948983727
age,297.0,-0.16651606964379143,0.0,1802.57575757576,252.15332398535617 < age <= 957.5590815757139,0.2766128803265952
arexp,15.0,-0.1149695936185094,0.0,863.416666666674,-0.02556803069123248 < arexp <= 97.64182103961909,0.19098499327316887
ld,76,-0.09335320195094232,0.0,8658.0,35.06259046661786 < ld <= 6168.514134615445,0.15507631266219526
asexp,0.593475341796875,0.03035979938919798,0.0,1122.0,-0.3302944893099209 < asexp <= 1.5309165943878895,0.05043303972492469
