feature,value,importance,min,max,rule,importance_ratio
arexp,14.5,-0.12161808246044259,0.0,863.416666666674,-0.02556803069123248 < arexp <= 97.64182103961909,0.39020800356708385
la,81,-0.07803162135241941,0.0,9967.0,42.326804326581055 < la <= 104.87903696289698,0.25036213831881365
ld,14,0.03852399382422053,0.0,8658.0,3.6358532634641847 < ld <= 14.111432331182087,0.12360308940464655
asexp,0.216772079467773,0.03088859468884286,0.0,1122.0,-0.3302944893099209 < asexp <= 1.5309165943878895,0.09910513817257845
nuc,17.0,0.020436696893413885,0.0,976.0,12.104132594966572 < nuc <= 255.46934596936424,0.06557053468490968
