feature,value,importance,min,max,rule,importance_ratio
la,666.0,0.2320468095657913,0.0,9734.0,212.59109949217347 < la <= 2794.191375994233,0.4500660926596435
ndev,0.6428571428571429,0.0627352063862971,0.0,21.0,0.1498366008418297 < ndev <= 0.972243783513671,0.1216779892958265
nuc,2.28571428571429,-0.051810048478081176,0.0,581.0,2.261966389278541 < nuc <= 3.618814697638001,0.10048811325038046
ent,2.52943682194871,0.04019434692197555,0.0,5.3975361829742,1.0311988961419725 < ent <= 2.6237759038271724,0.0779588941560116
ns,2.0,0.03184450277651771,1.0,5.0,1.5010378566687175 < ns <= 2.499534091869607,0.06176396462478818
