feature,value,importance,min,max,rule,importance_ratio
la,206.0,-0.04720311918850103,0.0,9734.0,87.19908606207343 < la <= 212.59109949217347,0.21121255522021062
ent,2.09949372363395,0.03771596578953009,0.0,5.3975361829742,1.0311988961419725 < ent <= 2.6237759038271724,0.16876184548722126
ns,2.0,0.03324504129977092,1.0,5.0,1.5010378566687175 < ns <= 2.499534091869607,0.14875648563149604
arexp,26.8333333333333,-0.028482888858283508,0.0,193.5,arexp > 25.250687967841692,0.1274480127422776
asexp,0.0002479567156115,0.02771714606945079,0.0,303.0,asexp <= 1.1643085409589453,0.12402166097037588
