feature,value,importance,min,max,rule,importance_ratio
la,1048,0.22142931213144035,0.0,5443.0,la > 634.8693949676458,0.5049934988526801
age,8.89473684210526,0.051622273344798734,0.0,719.0,4.711007645331282 < age <= 231.9953250592234,0.11773017846727023
asexp,651.0,-0.04824788937145219,0.0,601.0,asexp > 228.26554860441212,0.11003453080088918
ndev,6.94736842105263,0.046771730279693065,0.0,69.0,1.3178935157767122 < ndev <= 19.676973226328325,0.10666799031248204
ld,566,0.03089259642524824,0.0,7734.0,100.73397805831269 < ld <= 4104.509049685157,0.07045390787363066
