feature,value,importance,min,max,rule,importance_ratio
la,301,0.16223304310814782,0.0,5443.0,232.12256852430914 < la <= 634.8693949676458,0.43865801979781627
age,29.8333333333333,0.05258885783561448,0.0,719.0,4.711007645331282 < age <= 231.9953250592234,0.14219374672163168
ndev,8.16666666666667,0.044394544157029044,0.0,69.0,1.3178935157767122 < ndev <= 19.676973226328325,0.12003733922914396
ld,95,0.04113380850289621,0.0,7734.0,12.389426610235802 < ld <= 100.73397805831269,0.11122071459015136
ent,1.85319012529263,-0.03722064235545498,0.0,6.1766722717358205,1.42584933831127 < ent <= 1.859443113064771,0.10063999884636704
