feature,value,importance,min,max,rule,importance_ratio
la,141,0.11178053964738639,0.0,5443.0,100.89045653715445 < la <= 232.12256852430914,0.33411719673837104
ent,4.13032460939885,0.056892957940116694,0.0,6.1766722717358205,ent > 3.2367409858111866,0.1700556794686247
age,38.71875,0.05411030635373106,0.0,719.0,4.711007645331282 < age <= 231.9953250592234,0.16173820533157365
ndev,5.40625,0.043378765299132996,0.0,69.0,1.3178935157767122 < ndev <= 19.676973226328325,0.12966113337293164
ld,114,0.03161911531823968,0.0,7734.0,100.73397805831269 < ld <= 4104.509049685157,0.09451099633982259
