feature,value,importance,min,max,rule,importance_ratio
la,1471.0,0.25647814877971176,0.0,9886.0,la > 658.2665061764585,0.5553150903694432
nd,20.0,0.07512013237154587,1.0,51.0,nd > 14.503678360627504,0.1626467724246509
age,19.8166666666667,0.04696139759875555,0.0,1520.0,4.1005163349584635 < age <= 191.44947579329659,0.10167873121162817
ns,1.0,-0.02604581234466065,1.0,25.0,ns <= 1.4938515894974689,0.056393235465620715
aexp,16.0,-0.022375161813031126,0.0,1411.0,2.7519982932250286 < aexp <= 111.43266686158816,0.04844570605079622
