feature,value,importance,min,max,rule,importance_ratio
la,954.0,0.26065306456177184,0.0,9886.0,la > 658.2665061764585,0.5348468100533441
asexp,2.6045142923439913e-08,0.09770689705060794,0.0,1042.0,asexp <= 0.24155171339806714,0.20048957527350897
nuc,37.4117647058824,0.05171910230188606,0.0,251.0,29.723545593620806 < nuc <= 77.33814535314531,0.10612496320153869
age,99.7647058823529,0.0412652777320248,0.0,1520.0,4.1005163349584635 < age <= 191.44947579329659,0.08467424773249989
nd,5.0,0.019683786248635246,1.0,51.0,3.508812175977223 < nd <= 5.4934450612931585,0.04039012663271208
