feature,value,importance,min,max,rule,importance_ratio
la,1760.0,0.25681258475297564,0.0,9886.0,la > 658.2665061764585,0.5274105170782605
ns,4.0,0.06795844174231758,1.0,25.0,3.5048193027889174 < ns <= 5.502199396395964,0.1395647994961947
asexp,0.520590008959613,0.049960032175335366,0.0,1042.0,0.24155171339806714 < asexp <= 0.24155171339806714,0.10260185040458712
age,11.5172413793103,0.04459056721146112,0.0,1520.0,4.1005163349584635 < age <= 191.44947579329659,0.09157469495675541
nd,7.0,0.039533679271641996,1.0,51.0,5.4934450612931585 < nd <= 14.503678360627504,0.08118947226327944
