feature,value,importance,min,max,rule,importance_ratio
la,1939,0.26293263470946804,0.0,9886.0,la > 658.2665061764585,0.5285410932964618
asexp,0.0,0.10393041804671806,0.0,1042.0,asexp <= 0.24155171339806714,0.20891851953588111
age,99.0588235294118,0.04225236333318795,0.0,1520.0,4.1005163349584635 < age <= 191.44947579329659,0.08493472229173359
ns,1,-0.022727319112340716,1.0,25.0,ns <= 1.4938515894974689,0.045685930560150356
nd,4,0.021747231634131094,1.0,51.0,3.508812175977223 < nd <= 5.4934450612931585,0.04371578140832872
