feature,value,importance,min,max,rule,importance_ratio
la,3762,0.2597122342154639,0.0,9886.0,la > 658.2665061764585,0.5815353606025717
asexp,24.0,-0.0782647418364652,0.0,1042.0,14.706492054882105 < asexp <= 620.167566348428,0.17524671105242054
nd,12,0.04205887889523827,1.0,51.0,5.4934450612931585 < nd <= 14.503678360627504,0.09417625387870907
ns,1,-0.022101212064882327,1.0,25.0,ns <= 1.4938515894974689,0.04948798953091434
aexp,77,-0.02154863664434952,0.0,1411.0,2.7519982932250286 < aexp <= 111.43266686158816,0.0482506887645089
