feature,value,importance,min,max,rule,importance_ratio
la,1373.0,0.25610829183126377,0.0,9886.0,la > 658.2665061764585,0.6901912836145502
nd,9.0,0.04113824199383294,1.0,51.0,5.4934450612931585 < nd <= 14.503678360627504,0.11086425919421761
ns,1.0,-0.027540187551493688,1.0,25.0,ns <= 1.4938515894974689,0.07421859425650401
aexp,7.0,-0.02184224211385961,0.0,1411.0,2.7519982932250286 < aexp <= 111.43266686158816,0.05886308878869446
asexp,7.0,0.013722268735557885,0.0,1042.0,0.24155171339806714 < asexp <= 14.706492054882105,0.03698041248480327
