feature,value,importance,min,max,rule,importance_ratio
la,1373,0.25733937403893503,0.0,9886.0,la > 658.2665061764585,0.6969745033985231
nd,9,0.04051503148187676,1.0,51.0,5.4934450612931585 < nd <= 14.503678360627504,0.10973036696274946
ns,1,-0.020865696059493097,1.0,25.0,ns <= 1.4938515894974689,0.05651237088549617
aexp,7,-0.01923778704569286,0.0,1411.0,2.7519982932250286 < aexp <= 111.43266686158816,0.0521033639828069
asexp,7.0,0.013197697823454738,0.0,1042.0,0.24155171339806714 < asexp <= 14.706492054882105,0.03574446747940881
