feature,value,importance,min,max,rule,importance_ratio
la,354,0.14251050161354667,0.0,9886.0,229.79430169975677 < la <= 452.37726506427714,0.33921071836380007
asexp,0.3330078125,0.10228631256013761,0.0,1042.0,asexp <= 0.24155171339806714,0.24346706501951076
ns,4,0.06669356361075342,1.0,25.0,3.5048193027889174 < ns <= 5.502199396395964,0.15874740013191393
age,56.8888888888889,0.04172930561774287,0.0,1520.0,4.1005163349584635 < age <= 191.44947579329659,0.0993262080699292
nd,6,0.030182859424996343,1.0,51.0,5.4934450612931585 < nd <= 14.503678360627504,0.07184277166878889
