feature,value,importance,min,max,rule,importance_ratio
la,354.0,0.13879704050361943,0.0,9886.0,229.79430169975677 < la <= 452.37726506427714,0.3385650963941266
asexp,0.3330078125,0.09638444706954848,0.0,1042.0,asexp <= 0.24155171339806714,0.23510882865074714
ns,4.0,0.07109308298328604,1.0,25.0,3.5048193027889174 < ns <= 5.502199396395964,0.17341606424644343
age,56.8888888888889,0.04161136736203613,0.0,1520.0,4.1005163349584635 < age <= 191.44947579329659,0.10150185155894441
nd,6.0,0.03115276708815927,1.0,51.0,5.4934450612931585 < nd <= 14.503678360627504,0.07599037813685498
