feature,value,importance,min,max,rule,importance_ratio
la,862.0,0.2619906799934407,0.0,9886.0,la > 658.2665061764585,0.5474874815698063
asexp,91.0,-0.07139340829837487,0.0,1042.0,14.706492054882105 < asexp <= 620.167566348428,0.14919231978382116
age,42.5238095238095,0.04463367365651627,0.0,1520.0,4.1005163349584635 < age <= 191.44947579329659,0.09327193465060092
nd,7.0,0.04222288294248269,1.0,51.0,5.4934450612931585 < nd <= 14.503678360627504,0.08823405415557277
ns,1.0,-0.025417535209202063,1.0,25.0,ns <= 1.4938515894974689,0.05311556250682779
