feature,value,importance,min,max,rule,importance_ratio
la,698.0,0.2573759684681038,0.0,9886.0,la > 658.2665061764585,0.6361951979431935
age,16.533333333333303,0.046270174620621767,0.0,1520.0,4.1005163349584635 < age <= 191.44947579329659,0.11437300489567913
ns,1.0,-0.026546082253040795,1.0,25.0,ns <= 1.4938515894974689,0.06561797573452376
aexp,90.0,-0.022425169997913108,0.0,1411.0,2.7519982932250286 < aexp <= 111.43266686158816,0.05543169220750365
nd,4.0,0.017518756270673234,1.0,51.0,3.508812175977223 < nd <= 5.4934450612931585,0.04330376561446818
