feature,value,importance,min,max,rule,importance_ratio
la,2114.0,0.2535467200182236,0.0,9886.0,la > 658.2665061764585,0.5007021658348854
asexp,78.0,-0.07374322745339848,0.0,1042.0,14.706492054882105 < asexp <= 620.167566348428,0.14562757388033787
age,0.0,-0.06814909298375747,0.0,1520.0,age <= 0.18108203666687217,0.13458031898104547
nd,1.0,-0.03414861179119541,1.0,51.0,nd <= 1.4844866329549686,0.06743642308950916
ns,1.0,-0.028479774630460232,1.0,25.0,ns <= 1.4938515894974689,0.056241645874716646
