feature,value,importance,min,max,rule,importance_ratio
asexp,0.0018289907738534,0.09693147906647608,0.0,1042.0,asexp <= 0.24155171339806714,0.35722826694148807
la,145.0,0.0822594419893844,0.0,9886.0,135.1965422698356 < la <= 229.79430169975677,0.30315639650240983
age,45.5833333333333,0.03936606558004046,0.0,1520.0,4.1005163349584635 < age <= 191.44947579329659,0.1450784772800028
aexp,294.0,0.016692414043393167,0.0,1411.0,111.43266686158816 < aexp <= 819.6099265651155,0.06151770505535815
ns,3.0,0.01468264387080225,1.0,25.0,2.4993354461431934 < ns <= 3.5048193027889174,0.05411096038768443
