feature,value,importance,min,max,rule,importance_ratio
la,376.0,0.1395626182095221,0.0,9886.0,229.79430169975677 < la <= 452.37726506427714,0.3763733593963387
asexp,8.907960197187472e-17,0.0972111058923915,0.0,1042.0,asexp <= 0.24155171339806714,0.26215953071634407
age,83.4736842105263,0.041938717670294605,0.0,1520.0,4.1005163349584635 < age <= 191.44947579329659,0.11310060144218775
nd,9.0,0.033176926351200564,1.0,51.0,5.4934450612931585 < nd <= 14.503678360627504,0.08947174670010821
aexp,39.0,-0.025217771374619998,0.0,1411.0,2.7519982932250286 < aexp <= 111.43266686158816,0.06800744676848562
