feature,value,importance,min,max,rule,importance_ratio
la,2215,0.25875909601893776,0.0,9886.0,la > 658.2665061764585,0.6291915788419424
age,15.4358974358974,0.04611034609420984,0.0,1520.0,4.1005163349584635 < age <= 191.44947579329659,0.11212066322043793
nd,11,0.039765227879402426,1.0,51.0,5.4934450612931585 < nd <= 14.503678360627504,0.09669204637590675
ns,1,-0.018980211999034796,1.0,25.0,ns <= 1.4938515894974689,0.046151767177117796
asexp,1.0,0.014191841384455721,0.0,1042.0,0.24155171339806714 < asexp <= 14.706492054882105,0.03450849544901254
