feature,value,importance,min,max,rule,importance_ratio
la,5084.0,0.2596933591252987,0.0,9886.0,la > 658.2665061764585,0.5451258316221941
asexp,0.333333333333333,0.0969513102437103,0.0,1042.0,asexp <= 0.24155171339806714,0.20351180254079645
age,191.744186046512,0.04163950164619879,0.0,1520.0,4.1005163349584635 < age <= 191.44947579329659,0.08740603933682407
nd,11.0,0.04030381372013175,1.0,51.0,5.4934450612931585 < nd <= 14.503678360627504,0.08460227880194758
nuc,1.1395348837209298,-0.014473063375238,0.0,251.0,1.014742797436913 < nuc <= 1.3648501486098876,0.03038060247332195
