feature,value,importance,min,max,rule,importance_ratio
la,1984.0,0.2535804404559608,0.0,9886.0,la > 658.2665061764585,0.6257633844329503
nd,6.0,0.04248629064848232,1.0,51.0,5.4934450612931585 < nd <= 14.503678360627504,0.10484391059654125
nuc,1.0,-0.03882009334370957,0.0,251.0,1.014742797436913 < nuc <= 1.014742797436913,0.09579679312443484
ns,1.0,-0.027513574075442526,1.0,25.0,ns <= 1.4938515894974689,0.06789556481697831
aexp,8.0,-0.021750595338049333,0.0,1411.0,2.7519982932250286 < aexp <= 111.43266686158816,0.05367419556372712
