feature,value,importance,min,max,rule,importance_ratio
asexp,8.49985975231409e-06,0.09552855975571867,0.0,1042.0,asexp <= 0.24155171339806714,0.3251024616262516
ns,7.0,0.08055884916772171,1.0,25.0,ns > 5.502199396395964,0.27415759472534523
age,68.5833333333333,0.04037094651921825,0.0,1520.0,4.1005163349584635 < age <= 191.44947579329659,0.1373902644941103
nd,8.0,0.03951849389765296,1.0,51.0,5.4934450612931585 < nd <= 14.503678360627504,0.13448920070335177
aexp,212.0,0.016591709163508522,0.0,1411.0,111.43266686158816 < aexp <= 819.6099265651155,0.05646484680012726
