feature,value,importance,min,max,rule,importance_ratio
la,3690.0,0.2537145239043551,0.0,9886.0,la > 658.2665061764585,0.5335192137123402
nd,22.0,0.06863663122987297,1.0,51.0,nd > 14.503678360627504,0.14433135699961047
asexp,0.6157268742094859,0.06272612053369842,0.0,1042.0,0.24155171339806714 < asexp <= 0.24155171339806714,0.13190254145237684
age,11.84,0.04622905491244456,0.0,1520.0,4.1005163349584635 < age <= 191.44947579329659,0.09721197134480898
aexp,41.0,-0.02153562334683261,0.0,1411.0,2.7519982932250286 < aexp <= 111.43266686158816,0.045285814379072004
