feature,value,importance,min,max,rule,importance_ratio
la,1223.0,0.2547061186465525,0.0,9886.0,la > 658.2665061764585,0.8320526421874779
nd,4.0,0.017623751377965353,1.0,51.0,3.508812175977223 < nd <= 5.4934450612931585,0.057571796771949096
asexp,1.0,0.011624161604613834,0.0,1042.0,0.24155171339806714 < asexp <= 14.706492054882105,0.0379728387669971
nuc,2.2380952380952404,-0.011282262543127369,0.0,251.0,1.3648501486098876 < nuc <= 29.723545593620806,0.03685595151284365
aexp,2.0,0.006325156974134282,0.0,1411.0,-0.7538297251092558 < aexp <= 2.7519982932250286,0.020662493702721326
