feature,value,importance,min,max,rule,importance_ratio
asexp,0.0,0.09686686603426566,0.0,1042.0,asexp <= 0.24155171339806714,0.3551939676127813
la,144.0,0.08242343556907698,0.0,9886.0,135.1965422698356 < la <= 229.79430169975677,0.30223241757094427
nd,6.0,0.04036482420256331,1.0,51.0,5.4934450612931585 < nd <= 14.503678360627504,0.1480107971639053
ns,1.0,-0.026563540165132658,1.0,25.0,ns <= 1.4938515894974689,0.09740388650291769
nuc,0.4285714285714289,-0.013983989185811467,0.0,251.0,nuc <= 0.8396891218504265,0.051276858695991745
