feature,value,importance,min,max,rule,importance_ratio
la,1537,0.26353564389352013,0.0,9886.0,la > 658.2665061764585,0.5460499839682562
asexp,0.0,0.10473611491944763,0.0,1042.0,asexp <= 0.24155171339806714,0.2170148714143941
age,4.73913043478261,0.04193582750989587,0.0,1520.0,4.1005163349584635 < age <= 191.44947579329659,0.08689169176950658
nd,10,0.03971396953497268,1.0,51.0,5.4934450612931585 < nd <= 14.503678360627504,0.08228796722711886
nuc,1.47826086956522,-0.014026708105142562,0.0,251.0,1.3648501486098876 < nuc <= 29.723545593620806,0.029063559003939483
