feature,value,importance,min,max,rule,importance_ratio
la,1082,0.2628886881862494,0.0,9886.0,la > 658.2665061764585,0.5036580278564238
asexp,27.0,-0.0751058455547656,0.0,1042.0,14.706492054882105 < asexp <= 620.167566348428,0.1438923154647207
nuc,32.1428571428571,0.05056391196674215,0.0,251.0,29.723545593620806 < nuc <= 77.33814535314531,0.09687339671242363
age,9.75,0.04550734494799325,0.0,1520.0,4.1005163349584635 < age <= 191.44947579329659,0.08718572019063058
nd,8,0.04120671873858205,1.0,51.0,5.4934450612931585 < nd <= 14.503678360627504,0.07894632073178011
