feature,value,importance,min,max,rule,importance_ratio
la,5.0,-0.20379569735737266,0.0,9292.0,4.339340446249281 < la <= 24.609918286874972,0.5092973609123246
age,7.0,0.08459672159859273,0.0,403.0,1.6057898801073094 < age <= 14.27436946001454,0.21141215251686596
nuc,53.0,0.04188283412268159,0.0,125.0,28.93046147751111 < nuc <= 95.74074131209468,0.10466765080327005
aexp,1.0,0.030754124959773758,0.0,1247.0,aexp <= 9.074885437541383,0.07685635605797048
asexp,0.0,0.027311115498776142,0.0,318.0,asexp <= 0.2638783839317753,0.06825207414809621
