feature,value,importance,min,max,rule,importance_ratio
la,544,0.29653952288231217,0.0,9292.0,480.69791970095315 < la <= 1397.941566989266,0.737672528822827
aexp,0,0.038756122704055596,0.0,1247.0,aexp <= 9.074885437541383,0.09640983692354134
ld,90,-0.021133537775001567,0.0,3456.0,19.498528902884395 < ld <= 134.4589017322878,0.05257184641672609
asexp,0.0,0.019616178479335836,0.0,318.0,asexp <= 0.2638783839317753,0.04879725927944663
age,49.6666666666667,0.019367392219983497,0.0,403.0,14.27436946001454 < age <= 197.77682519321624,0.04817837789969326
