feature,value,importance,min,max,rule,importance_ratio
la,2706.0,0.18220353779688567,0.0,9292.0,la > 1397.941566989266,0.5153447058412971
nuc,12.055555555555598,0.060918521595849304,0.0,125.0,10.97910124158328 < nuc <= 27.993868769549657,0.17230201988227403
aexp,0.0,0.0494815836224222,0.0,1247.0,aexp <= 9.074885437541383,0.13995377073789494
ld,122.0,0.026792014113498408,0.0,3456.0,19.498528902884395 < ld <= 134.4589017322878,0.0757785650002495
age,21.25,0.021851490444435764,0.0,403.0,14.27436946001454 < age <= 197.77682519321624,0.06180478190184814
