feature,value,importance,min,max,rule,importance_ratio
la,156,0.2533926656567208,0.0,9292.0,65.15107396812635 < la <= 480.69791970095315,0.5308033475971197
age,11.833333333333302,0.08731715195763541,0.0,403.0,1.6057898801073094 < age <= 14.27436946001454,0.1829107264870433
aexp,341,-0.08010381835819884,0.0,1247.0,166.80503056010588 < aexp <= 797.7256110503639,0.1678003379839175
asexp,0.328370213509602,0.03370178225850249,0.0,318.0,0.2638783839317753 < asexp <= 0.7887405624411663,0.07059801354723173
ld,21,-0.01671338564983678,0.0,3456.0,19.498528902884395 < ld <= 134.4589017322878,0.03501096225347563
