feature,value,importance,min,max,rule,importance_ratio
la,1450.0,0.28131688909649133,0.0,9292.0,la > 1397.941566989266,0.6362079308722791
nuc,24.21428571428569,0.04795672438645659,0.0,125.0,10.97910124158328 < nuc <= 27.993868769549657,0.10845580047223781
aexp,11.0,0.043041735161871826,0.0,1247.0,9.074885437541383 < aexp <= 16.24443748856703,0.09734038136293549
asexp,0.0714166164398193,0.037789801108682,0.0,318.0,0.2638783839317753 < asexp <= 0.7887405624411663,0.08546294980243116
ld,48.0,0.021026964766354125,0.0,3456.0,19.498528902884395 < ld <= 134.4589017322878,0.04755321228487636
