feature,value,importance,min,max,rule,importance_ratio
la,239.0,0.24900319079030708,0.0,9292.0,65.15107396812635 < la <= 480.69791970095315,0.5436031714139157
aexp,386.0,-0.09787471364420695,0.0,1247.0,166.80503056010588 < aexp <= 797.7256110503639,0.21367197974191923
nuc,12.142857142857098,0.06975976558573768,0.0,125.0,10.97910124158328 < nuc <= 27.993868769549657,0.15229375049026284
asexp,0.4814816908978301,0.026441353151619978,0.0,318.0,0.2638783839317753 < asexp <= 0.7887405624411663,0.057724575271810026
age,323.714285714286,-0.008344056692372752,0.0,403.0,age > 244.2282836528761,0.018216054445065778
