feature,value,importance,min,max,rule,importance_ratio
la,214.0,0.2481786489104438,0.0,9292.0,65.15107396812635 < la <= 480.69791970095315,0.5329517454894676
aexp,430.0,-0.10861717606327734,0.0,1247.0,166.80503056010588 < aexp <= 797.7256110503639,0.233250176142064
nuc,24.3333333333333,0.056556512863362496,0.0,125.0,10.97910124158328 < nuc <= 27.993868769549657,0.12145239883308166
age,1.6,-0.027815251279624604,0.0,403.0,0.07020447648219275 < age <= 1.6057898801073094,0.05973191805896825
ld,15.0,0.014792792668306843,0.0,3456.0,0.7294884409409761 < ld <= 14.806268787398544,0.03176681276914698
