feature,value,importance,min,max,rule,importance_ratio
la,150,0.4239149051992773,0.0,8851.0,la > 127.55870158356693,0.6309417874766876
nuc,847.428571428571,-0.08745265447856049,0.0,2540.0,nuc > 651.0101726634492,0.13016181658048992
arexp,34.0,-0.06287329051020366,0.0,2480.61666666637,26.57366470205011 < arexp <= 346.65992743262416,0.09357865414145052
asexp,0.995861282812188,0.03554472953782227,0.0,3637.0,-0.6613834552044295 < asexp <= -0.6613834552044295,0.05290367221088038
ld,52,0.03356856617449631,0.0,9293.0,49.90409840300467 < ld <= 956.0803284937488,0.04996241199683648
