feature,value,importance,min,max,rule,importance_ratio
la,3015,0.487280257464893,0.0,8851.0,la > 127.55870158356693,0.6717425412906883
arexp,47.0,-0.07307730949105248,0.0,2480.61666666637,26.57366470205011 < arexp <= 346.65992743262416,0.10074107628245631
asexp,0.415445902287621,0.038780793202129245,0.0,3637.0,-0.6613834552044295 < asexp <= -0.6613834552044295,0.0534614488885666
ld,2302,-0.033165654837915955,0.0,9293.0,ld > 956.0803284937488,0.04572067290453809
ndev,0.8135593220338979,-0.028801629259014097,0.0,57.5,0.8166074618246695 < ndev <= 0.9635431908904666,0.03970462446481589
