feature,value,importance,min,max,rule,importance_ratio
la,1134,0.47187824494205943,0.0,8851.0,la > 127.55870158356693,0.7043155652060272
nuc,595.777777777778,0.06253858886997714,0.0,2540.0,98.92887678384466 < nuc <= 651.0101726634492,0.09334378526510308
arexp,102.0,-0.05060889282494783,0.0,2480.61666666637,26.57366470205011 < arexp <= 346.65992743262416,0.0755377713139352
asexp,0.303537095231677,0.039244534697173275,0.0,3637.0,-0.6613834552044295 < asexp <= -0.6613834552044295,0.05857556887345176
ent,1.05553839341728,0.018431662902612743,0.0,6.25828457562083,0.9973314650826041 < ent <= 2.005709603206336,0.02751071322759252
