feature,value,importance,min,max,rule,importance_ratio
la,1135,0.4106101122119761,0.0,8851.0,la > 127.55870158356693,0.5241559668967976
asexp,0.303537095231677,0.12089529131745079,0.0,3637.0,-0.6613834552044295 < asexp <= -0.6613834552044295,0.15432641922139248
arexp,103.0,-0.09007995090319393,0.0,2480.61666666637,26.57366470205011 < arexp <= 346.65992743262416,0.11498972470338137
nuc,596.777777777778,0.05066224733376427,0.0,2540.0,98.92887678384466 < nuc <= 651.0101726634492,0.06467185889149517
ent,1.04932441705582,0.04979206159555155,0.0,6.25828457562083,0.9973314650826041 < ent <= 2.005709603206336,0.06356104102942259
