feature,value,importance,min,max,rule,importance_ratio
la,184,0.45889183255039684,0.0,8851.0,la > 127.55870158356693,0.6573699914256288
nuc,216.473684210526,0.07679221979095925,0.0,2540.0,98.92887678384466 < nuc <= 651.0101726634492,0.11000610009766065
arexp,0.0,-0.05465584094184413,0.0,2480.61666666637,arexp <= 26.57366470205011,0.07829537843725899
ld,96,0.03723413528455988,0.0,9293.0,49.90409840300467 < ld <= 956.0803284937488,0.0533385025763424
ent,4.79517774502212,-0.03121856907245715,0.0,6.25828457562083,ent > 3.1894578523081085,0.04472110643029968
