feature,value,importance,min,max,rule,importance_ratio
la,369,0.4244522806491485,0.0,8851.0,la > 127.55870158356693,0.6356716526489999
nuc,330.3,0.10065889172014944,0.0,2540.0,98.92887678384466 < nuc <= 651.0101726634492,0.1507495823928788
arexp,0.0,-0.060164398236168336,0.0,2480.61666666637,arexp <= 26.57366470205011,0.09010389200625074
ld,620,0.04911706103051146,0.0,9293.0,49.90409840300467 < ld <= 956.0803284937488,0.07355908963612173
ndev,11.4,0.021253272462081706,0.0,57.5,ndev > 3.975725636739302,0.03182949755743776
