feature,value,importance,min,max,rule,importance_ratio
la,1068,0.46313898504138995,0.0,8851.0,la > 127.55870158356693,0.7132255630749331
nuc,478.0,0.08502514380573928,0.0,2540.0,98.92887678384466 < nuc <= 651.0101726634492,0.13093716578611078
ld,920,0.030117743020939204,0.0,9293.0,49.90409840300467 < ld <= 956.0803284937488,0.04638077319864533
ndev,20.3333333333333,0.021843205387328278,0.0,57.5,ndev > 3.975725636739302,0.03363813663914806
ent,2.74970496018338,0.01664230867678621,0.0,6.25828457562083,2.005709603206336 < ent <= 3.1894578523081085,0.02562885086386522
