feature,value,importance,min,max,rule,importance_ratio
la,421,0.4784671615760038,0.0,8851.0,la > 127.55870158356693,0.7007059297429867
nuc,631.785714285714,0.0742869284066591,0.0,2540.0,98.92887678384466 < nuc <= 651.0101726634492,0.10879177385023145
ld,110,0.04916186235529557,0.0,9293.0,49.90409840300467 < ld <= 956.0803284937488,0.07199659921507927
asexp,0.931136402980458,0.038305326510739,0.0,3637.0,-0.6613834552044295 < asexp <= -0.6613834552044295,0.05609741186501978
ent,2.88807077544894,-0.014598022673279688,0.0,6.25828457562083,2.005709603206336 < ent <= 3.1894578523081085,0.02137852264719069
