feature,value,importance,min,max,rule,importance_ratio
la,502,0.4787093579664014,0.0,8851.0,la > 127.55870158356693,0.7770984697498756
ld,110,0.04800710144758304,0.0,9293.0,49.90409840300467 < ld <= 956.0803284937488,0.07793088739799021
nuc,998.166666666667,-0.043849141674442364,0.0,2540.0,nuc > 651.0101726634492,0.07118118818443121
arexp,0.0,-0.021266763866252893,0.0,2480.61666666637,arexp <= 26.57366470205011,0.034522762887281996
ndev,46.6666666666667,-0.011051973490660285,0.0,57.5,ndev > 3.975725636739302,0.017940889486248748
