feature,value,importance,min,max,rule,importance_ratio
la,2936,0.4052259922141993,0.0,8851.0,la > 127.55870158356693,0.5948996942652115
ld,593,0.09350687703858913,0.0,9293.0,49.90409840300467 < ld <= 956.0803284937488,0.13727454218323512
nuc,143.042253521127,0.08514776303326234,0.0,2540.0,98.92887678384466 < nuc <= 651.0101726634492,0.12500278651690966
arexp,14.583333333333302,-0.0410403862713648,0.0,2480.61666666637,arexp <= 26.57366470205011,0.060250116513887314
ent,5.02069265268829,0.035611786275875024,0.0,6.25828457562083,ent > 3.1894578523081085,0.05228055745387045
