feature,value,importance,min,max,rule,importance_ratio
la,832,0.3897298751142691,0.0,8851.0,la > 127.55870158356693,0.4950334279608699
nuc,554.090909090909,0.11671447075588016,0.0,2540.0,98.92887678384466 < nuc <= 651.0101726634492,0.14825028369709053
asexp,0.632994974256452,0.08023821548914851,0.0,3637.0,-0.6613834552044295 < asexp <= -0.6613834552044295,0.10191828084878031
ld,263,0.0762309111570422,0.0,9293.0,49.90409840300467 < ld <= 956.0803284937488,0.09682821789216607
arexp,195.35,-0.04092985829028474,0.0,2480.61666666637,26.57366470205011 < arexp <= 346.65992743262416,0.0519889527315594
