feature,value,importance,min,max,rule,importance_ratio
la,1100,0.4769247654616663,0.0,8851.0,la > 127.55870158356693,0.706538494934963
arexp,72.8333333333333,-0.06290416666000535,0.0,2480.61666666637,26.57366470205011 < arexp <= 346.65992743262416,0.0931891536269373
nuc,736.2,-0.051846831233071954,0.0,2540.0,nuc > 651.0101726634492,0.07680830344614603
ld,357,0.042376300883537325,0.0,9293.0,49.90409840300467 < ld <= 956.0803284937488,0.06277821999489377
asexp,0.8509190901805991,0.0300508222276021,0.0,3637.0,-0.6613834552044295 < asexp <= -0.6613834552044295,0.04451868354476276
