feature,value,importance,min,max,rule,importance_ratio
la,421,0.49267380088008844,0.0,8851.0,la > 127.55870158356693,0.6793984255100891
age,333.636363636364,0.06869994989821654,0.0,918.0,152.17610991761703 < age <= 385.89098057352334,0.09473740578470588
nuc,326.227272727273,0.06444058334119694,0.0,2540.0,98.92887678384466 < nuc <= 651.0101726634492,0.08886372846039903
arexp,4.0,-0.04448012315234109,0.0,2480.61666666637,arexp <= 26.57366470205011,0.06133820305080634
asexp,0.5663580246913579,0.02193553179212894,0.0,3637.0,-0.6613834552044295 < asexp <= -0.6613834552044295,0.030249154178032145
