commit_id,label,pred,score_or_proba,feature,value_actual,min,max,operator,threshold
,True,True,0.8631749762138071,la,76.0,0.0,8385.0,<,-631.5599975585938
,True,True,0.8631749762138071,ld,159.0,0.0,6893.0,<,-630.8499755859375
,True,True,0.8631749762138071,ns,3.0,1.0,6.0,>,1.5
,True,True,0.8631749762138071,nd,5.0,1.0,35.0,<,4.5
,True,True,0.8631749762138071,nuc,104.545454545455,0.0,593.0,>,75.375
