feature,value,importance,min,max,rule,importance_ratio
la,2542,0.7232700802852354,0.0,9094.0,la > 471.1648215786653,0.9712519482555385
arexp,72.0,-0.014415681949420188,0.0,2143.5,18.99314235170766 < arexp <= 741.0350150255845,0.019358272325166404
ld,622,-0.0021649928958242144,0.0,9176.0,ld > 326.31207862573433,0.002907286814905169
ns,1,0.0018212934264983723,1.0,8.0,ns <= 1.4995095840290027,0.002445745838309717
age,48.22222222222221,-0.0013624942433011547,0.0,575.0,7.346025962989069 < age <= 349.3395012011218,0.001829641823108905
