feature,value,importance,min,max,rule,importance_ratio
la,960,0.7241299806502479,0.0,9094.0,la > 471.1648215786653,0.9689007549701039
arexp,104.5,-0.013896791171459349,0.0,2143.5,18.99314235170766 < arexp <= 741.0350150255845,0.0185941913986188
ld,104,0.004743517873503681,0.0,9176.0,71.3286997568262 < ld <= 106.9077758780692,0.006346924131942202
ns,1,0.001770150444228433,1.0,8.0,ns <= 1.4995095840290027,0.0023684975731614964
age,81.4666666666667,-0.001196344150067005,0.0,575.0,7.346025962989069 < age <= 349.3395012011218,0.001600732991559216
