feature,value,importance,min,max,rule,importance_ratio
la,525,0.7224394313211224,0.0,9094.0,la > 471.1648215786653,0.9784884158463811
arexp,1.0,-0.009608906258998608,0.0,2143.5,arexp <= 3.296579902275539,0.01301452143356869
ld,128,-0.0017270861738192045,0.0,9176.0,106.9077758780692 < ld <= 326.31207862573433,0.002339204839857876
nd,7,-0.0017071477005674701,1.0,46.0,6.501361706446655 < nd <= 43.480788426363866,0.002312199717683401
age,24.4166666666667,-0.0014829495339995942,0.0,575.0,7.346025962989069 < age <= 349.3395012011218,0.0020085406158546247
