feature,value,importance,min,max,rule,importance_ratio
la,1014,0.7241797061272742,0.0,9094.0,la > 471.1648215786653,0.9765106743196921
ld,87,0.00573993163789656,0.0,9176.0,71.3286997568262 < ld <= 106.9077758780692,0.007739935912103853
arexp,6.0,-0.005734840916470676,0.0,2143.5,3.296579902275539 < arexp <= 18.99314235170766,0.007733071395230068
nd,3,0.00174973126632415,1.0,46.0,2.4949232752530253 < nd <= 4.49814249084984,0.0023594022924140782
age,111.111111111111,-0.0015477431702018317,0.0,575.0,7.346025962989069 < age <= 349.3395012011218,0.0020870340801042316
