feature,value,importance,min,max,rule,importance_ratio
la,936,0.723088604417421,0.0,9094.0,la > 471.1648215786653,0.981029065939418
arexp,4.0,-0.006872944014408707,0.0,2143.5,3.296579902275539 < arexp <= 18.99314235170766,0.009324663402961026
nuc,1.52380952380952,-0.003545258561533862,0.0,480.0,nuc <= 1.924002853214784,0.004809924639785259
age,26.6666666666667,-0.00131625934094668,0.0,575.0,7.346025962989069 < age <= 349.3395012011218,0.0017857959092348339
ns,1,0.00120809021589478,1.0,8.0,ns <= 1.4995095840290027,0.001639040649831118
