feature,value,importance,min,max,rule,importance_ratio
la,4400,0.7228414212707869,0.0,9094.0,la > 471.1648215786653,0.9847404899840646
arexp,0.0,-0.005656750386020356,0.0,2143.5,arexp <= 3.296579902275539,0.007706297651086693
ns,2,-0.001634650473451393,1.0,8.0,1.4995095840290027 < ns <= 2.4998972545934754,0.002226915144609828
ld,5,-0.0013002982182108754,0.0,9176.0,ld <= 6.100393534547379,0.0017714207665012961
nd,10,-0.0012243279967903268,1.0,46.0,6.501361706446655 < nd <= 43.480788426363866,0.0016679251022180459
