feature,value,importance,min,max,rule,importance_ratio
la,506,0.7229921255398857,0.0,9094.0,la > 471.1648215786653,0.9819840832238381
arexp,16.0,-0.008000660728218362,0.0,2143.5,3.296579902275539 < arexp <= 18.99314235170766,0.010866676430974557
ld,169,-0.0014404258342694519,0.0,9176.0,106.9077758780692 < ld <= 326.31207862573433,0.0019564186003558164
age,178.0,-0.0013217201207112804,0.0,575.0,7.346025962989069 < age <= 349.3395012011218,0.0017951898439363637
nd,19,-0.0012448537225062486,1.0,46.0,6.501361706446655 < nd <= 43.480788426363866,0.0016907881818633203
