feature,value,importance,min,max,rule,importance_ratio
la,2568,0.724299694558054,0.0,9094.0,la > 471.1648215786653,0.977133638099601
arexp,53.0,-0.01355731529607627,0.0,2143.5,18.99314235170766 < arexp <= 741.0350150255845,0.01828981693303279
ns,1,0.0016666092068756252,1.0,8.0,ns <= 1.4995095840290027,0.0022483785784257887
age,48.8,-0.0009690566194986983,0.0,575.0,7.346025962989069 < age <= 349.3395012011218,0.0013073287580399058
nd,13,-0.00045094758025712077,1.0,46.0,6.501361706446655 < nd <= 43.480788426363866,0.0006083615014606836
