feature,value,importance,min,max,rule,importance_ratio
la,523,0.7218931490748349,0.0,9094.0,la > 471.1648215786653,0.9726732910448617
arexp,21.0,-0.014264088025740949,0.0,2143.5,18.99314235170766 < arexp <= 741.0350150255845,0.01921932277863019
age,92.8,-0.0017128854213833116,0.0,575.0,7.346025962989069 < age <= 349.3395012011218,0.0023079286763351132
ns,1,0.001681724865960137,1.0,8.0,ns <= 1.4995095840290027,0.0022659431830067884
ld,4,-0.0010069684767944184,0.0,9176.0,ld <= 6.100393534547379,0.0013567816006528188
