feature,value,importance,min,max,rule,importance_ratio
la,1698,0.7233877269551416,0.0,9094.0,la > 471.1648215786653,0.9846305342705807
arexp,8.0,-0.006584639742031142,0.0,2143.5,3.296579902275539 < arexp <= 18.99314235170766,0.008962603463657421
ns,1,0.0015367891199136686,1.0,8.0,ns <= 1.4995095840290027,0.002091782091149087
age,17.877551020408198,-0.0012568444206211128,0.0,575.0,7.346025962989069 < age <= 349.3395012011218,0.0017107387190271
ld,649,-0.0010259289321758163,0.0,9176.0,ld > 326.31207862573433,0.0013964308696027433
