feature,value,importance,min,max,rule,importance_ratio
la,498,0.7211070571311301,0.0,9094.0,la > 471.1648215786653,0.9727268855465806
arexp,30.0,-0.013985062909370615,0.0,2143.5,18.99314235170766 < arexp <= 741.0350150255845,0.018864947379833113
age,28.1666666666667,-0.0016809597125102597,0.0,575.0,7.346025962989069 < age <= 349.3395012011218,0.002267506176384628
ns,1,0.0013673962620406916,1.0,8.0,ns <= 1.4995095840290027,0.0018445293165963352
nuc,157.416666666667,-0.0013442739982897892,0.0,480.0,98.64471611143635 < nuc <= 253.39785732459083,0.0018133388749236616
