feature,value,importance,min,max,rule,importance_ratio
la,1198,0.7237782089741969,0.0,9094.0,la > 471.1648215786653,0.9723830947795793
arexp,261.33333333333303,-0.014070233980680753,0.0,2143.5,18.99314235170766 < arexp <= 741.0350150255845,0.01890310801398403
ld,974,-0.0031324967073714694,0.0,9176.0,ld > 326.31207862573433,0.004208453370014768
ns,1,0.0018403843172751597,1.0,8.0,ns <= 1.4995095840290027,0.002472523455150916
age,12.0,-0.0009764825101466668,0.0,575.0,7.346025962989069 < age <= 349.3395012011218,0.0013118868093034818
