feature,value,importance,min,max,rule,importance_ratio
la,1603,0.7231923671643298,0.0,9094.0,la > 471.1648215786653,0.9707737512327244
arexp,258.0,-0.014118769317362561,0.0,2143.5,18.99314235170766 < arexp <= 741.0350150255845,0.01895226121750691
ld,1238,-0.0037761203078737105,0.0,9176.0,ld > 326.31207862573433,0.00506885670095529
ns,1,0.0018066507983225677,1.0,8.0,ns <= 1.4995095840290027,0.0024251488985318217
age,12.9565217391304,-0.0010965181594400333,0.0,575.0,7.346025962989069 < age <= 349.3395012011218,0.0014719058099413344
