feature,value,importance,min,max,rule,importance_ratio
la,515,0.7219868986634814,0.0,9094.0,la > 471.1648215786653,0.9820377604349249
arexp,17.0,-0.008737269889826964,0.0,2143.5,3.296579902275539 < arexp <= 18.99314235170766,0.011884327777699013
age,14.333333333333302,-0.0017382941275331872,0.0,575.0,7.346025962989069 < age <= 349.3395012011218,0.002364406438870215
ns,1,0.0013391412244131522,1.0,8.0,ns <= 1.4995095840290027,0.0018214835357306645
nd,3,0.0008463943451560038,1.0,46.0,2.4949232752530253 < nd <= 4.49814249084984,0.0011512552495072429
