feature,value,importance,min,max,rule,importance_ratio
la,734,0.7234587496238802,0.0,9094.0,la > 471.1648215786653,0.9683598143986867
arexp,40.0,-0.01450490364961082,0.0,2143.5,18.99314235170766 < arexp <= 741.0350150255845,0.0194150196031361
nd,5,0.0026979134647493667,1.0,46.0,4.49814249084984 < nd <= 6.501361706446655,0.003611195501259272
ld,355,-0.00215029430770274,0.0,9176.0,ld > 326.31207862573433,0.0028781994796415493
ns,1,0.0017728032075438897,1.0,8.0,ns <= 1.4995095840290027,0.0023729222791418316
