feature,value,importance,min,max,rule,importance_ratio
la,1167,0.7239497368250384,0.0,9094.0,la > 471.1648215786653,0.9689984189193581
arexp,277.333333333332,-0.014172417910271283,0.0,2143.5,18.99314235170766 < arexp <= 741.0350150255845,0.018969618812964942
ld,700,-0.0031603288839754423,0.0,9176.0,ld > 326.31207862573433,0.004230063961716008
nd,6,0.0030442523408775496,1.0,46.0,4.49814249084984 < nd <= 6.501361706446655,0.004074696840196263
ns,1,0.0017939717196672977,1.0,8.0,ns <= 1.4995095840290027,0.002401210569627948
