feature,value,importance,min,max,rule,importance_ratio
la,3099,0.7233638397182356,0.0,9094.0,la > 471.1648215786653,0.9714723414642557
arexp,99.583333333333,-0.014408033827613364,0.0,2143.5,18.99314235170766 < arexp <= 741.0350150255845,0.019349883958617375
ld,490,-0.002059239986266556,0.0,9176.0,ld > 326.31207862573433,0.0027655442271961295
ns,1,0.0018265477763447558,1.0,8.0,ns <= 1.4995095840290027,0.0024530402926598444
age,182.40540540540505,-0.0013434935987893706,0.0,575.0,7.346025962989069 < age <= 349.3395012011218,0.0018043020683291787
