feature,value,importance,min,max,rule,importance_ratio
la,2046,0.7245392974812307,0.0,9094.0,la > 471.1648215786653,0.9779731948102683
arexp,105.0,-0.013482000574605616,0.0,2143.5,18.99314235170766 < arexp <= 741.0350150255845,0.018197819249027674
ns,1,0.0016009029353954104,1.0,8.0,ns <= 1.4995095840290027,0.0021608767995780717
age,8.64,-0.0007980276124758429,0.0,575.0,7.346025962989069 < age <= 349.3395012011218,0.0010771667132934617
nd,10,-0.0002248396349909805,1.0,46.0,6.501361706446655 < nd <= 43.480788426363866,0.0003034854519506584
