feature,value,importance,min,max,rule,importance_ratio
la,3122,0.7233132112974048,0.0,9094.0,la > 471.1648215786653,0.9770579160406929
arexp,906.33333333336,0.013385729234765182,0.0,2143.5,741.0350150255845 < arexp <= 1860.7231364184076,0.01808156204881913
nd,33,-0.001667819413579515,1.0,46.0,6.501361706446655 < nd <= 43.480788426363866,0.0022529052906987298
age,21.6774193548387,-0.0014121621295887764,0.0,575.0,7.346025962989069 < age <= 349.3395012011218,0.001907561158702905
ld,1061,0.00020400928890333507,0.0,9176.0,ld > 326.31207862573433,0.00027557756108353195
