,nuc,arexp,ent,ndev,age,asexp,la,ld,target
0,0.0,13.0,0.0,0.0,0.0,11.0,52.0,0.0,True
1,2.0,89.0,0.0,1.0,37.0,12.0,0.0,111.0,False
2,66.0,100.0,0.99,2.5,3.0,0.93,6.0,1.0,True
3,21.71,0.0,1.84,0.71,1.14,0.0,648.0,19.0,False
4,41.75,2.0,1.53,1.5,1.25,1.5,22.0,0.0,True
5,7.78,2.0,3.51,0.18,52.76,0.22,815.0,148.0,True
6,41.2,22.0,0.48,1.6,1.2,2.0,586.0,0.0,True
7,25.0,73.0,3.28,0.57,0.14,2.0,290.0,0.0,True
8,61.5,186.0,1.07,1.33,0.0,0.93,131.0,0.0,True
9,63.5,82.0,1.63,1.5,2.33,2.0,85.0,16.0,True
10,83.17,20.0,0.42,1.5,43.17,1.99,535.0,12.0,True
11,121.75,152.0,1.14,2.25,19.0,2.0,133.0,62.0,True
12,87.17,212.5,2.27,1.67,18.33,0.93,14.0,0.0,True
13,66.6,248.0,3.01,1.1,0.6,0.93,759.0,18.0,True
14,320.0,18.0,0.95,5.5,0.0,0.5,8.0,0.0,True
15,57.0,220.0,2.99,0.71,23.94,0.5,397.0,279.0,True
16,56.28,22.0,3.48,0.67,35.22,1.44,116.0,74.0,True
17,354.0,33.0,0.62,5.0,5.0,1.44,24.0,2.0,True
18,165.0,35.0,1.47,2.0,17.33,0.67,46.0,14.0,True
19,156.5,54.0,1.12,1.83,8.5,1.44,967.0,0.0,True
20,438.5,59.0,0.72,6.0,11.5,0.5,14.0,6.0,True
21,228.0,278.0,1.75,2.75,0.75,2.0,3.0,6.0,True
22,99.8,53.5,2.59,1.3,38.2,1.98,139.0,92.0,True
23,55.0,9.0,0.0,9.0,0.0,10.0,1.0,1.0,True
24,86.47,68.0,3.48,0.93,33.27,0.17,59.0,29.0,True
25,338.33,1.0,0.97,4.67,6.33,0.5,55.0,0.0,False
26,10.95,65.0,3.39,0.63,51.11,0.25,1509.0,94.0,True
27,67.0,64.5,0.0,11.0,9.0,69.0,3.0,0.0,True
28,43.5,69.5,0.97,6.0,33.5,58.0,34.0,13.0,True
29,11.55,70.0,5.08,0.23,157.7,0.25,4777.0,2027.0,True
30,16.17,18.0,2.54,0.61,33.39,10.0,4745.0,1828.0,True
31,1.0,91.0,0.81,0.67,4.33,55.0,135.0,0.0,True
32,35.0,114.5,1.6,3.75,8.0,79.0,93.0,4.0,True
33,85.5,53.0,1.32,4.5,12.25,0.68,45.0,4.0,True
34,7.67,251.83,2.2,1.17,427.67,1.0,126.0,56.0,True
35,99.5,87.0,0.92,9.0,111.5,16.0,14.0,4.0,True
36,29.11,266.75,2.04,1.89,256.78,443.0,82.0,153.0,True
37,114.0,289.08,0.0,15.0,2.0,69.0,2.0,1.0,True
38,40.88,292.33,1.76,2.25,179.75,477.0,216.0,14.0,True
39,7.67,293.17,1.37,3.0,5.67,1.0,176.0,32.0,True
40,6.4,56.0,1.79,1.6,277.8,44.0,94.0,21.0,True
41,103.0,141.0,0.0,15.0,25.0,67.0,12.0,15.0,True
42,19.31,151.0,2.96,1.23,238.69,0.2,214.0,12.0,True
43,43.33,319.42,0.89,5.0,28.33,75.0,65.0,51.0,True
44,16.56,329.83,2.36,0.78,94.56,540.0,89.0,92.0,True
45,1.33,0.0,1.33,1.0,12.33,0.0,190.0,10.0,False
46,65.0,0.0,2.09,3.4,88.6,0.0,55.0,15.0,True
47,120.67,369.92,1.37,6.0,6.67,0.5,6.0,4.0,True
48,30.67,277.0,2.24,2.33,204.33,189.0,164.0,65.0,True
49,2.6,294.5,1.43,0.2,1.6,203.0,353.0,105.0,True
50,2.83,14.6,4.82,0.37,18.4,1.37,5807.0,304.0,True
51,4.8,332.5,1.55,0.8,11.6,235.0,83.0,6.0,True
52,2.5,342.5,0.6,0.75,95.5,239.0,36.0,28.0,True
53,132.33,8.0,0.77,6.33,51.67,0.49,75.0,6.0,True
54,1.0,452.0,0.0,1.0,94.0,329.0,0.0,51.0,False
55,41.89,10.0,2.69,2.33,24.22,0.01,296.0,11.0,True
56,44.5,474.5,1.1,4.5,2.75,0.72,60.0,2.0,True
57,49.0,479.0,0.0,11.0,14.0,350.0,2.0,1.0,True
58,31.0,31.0,0.0,15.0,0.0,18.0,1.0,1.0,True
59,12.64,570.0,2.96,1.64,4.45,1.22,610.0,12.0,True
60,1.86,22.0,2.34,0.19,14.57,21.0,708.0,77.0,True
61,89.0,573.0,0.0,15.0,12.0,423.0,2.0,0.0,True
62,2.0,584.0,1.92,0.75,10.75,55.0,19.0,24.0,True
63,0.67,603.5,0.66,0.33,12.0,1.04,127.0,0.0,True
64,35.21,37.5,3.49,1.64,163.93,0.53,232.0,207.0,True
65,82.23,636.5,2.19,0.96,7.0,1.25,280.0,29.0,True
66,21.15,80.0,2.7,1.46,5.46,41.0,520.0,284.0,True
67,6.82,109.0,1.3,0.55,33.0,85.0,1821.0,55.0,True
68,3.5,674.0,0.15,1.0,13.5,10.0,80.0,57.0,True
69,19.0,118.0,0.0,4.0,2.0,90.0,16.0,2.0,True
70,2.0,78.25,0.0,1.0,195.0,9.0,0.0,82.0,False
71,61.05,172.0,4.07,1.25,22.35,0.03,25.0,29.0,True
72,4.82,8.0,3.82,0.32,57.0,8.0,4554.0,38.0,True
73,160.0,752.83,0.0,19.0,1.0,111.0,0.0,3.0,True
74,28.06,15.0,3.68,0.81,42.25,13.0,1017.0,722.0,True
75,2.33,0.0,0.75,1.0,9.67,0.0,26.0,1.0,False
76,24.5,13.0,0.32,2.0,5.5,12.0,20.0,15.0,True
77,45.19,781.0,3.95,0.81,149.72,624.0,822.0,380.0,True
78,5.33,162.0,0.98,1.33,87.0,53.0,24.0,10.0,True
79,19.0,31.0,0.0,5.0,9.0,25.0,24.0,0.0,True
80,16.0,41.5,1.04,3.33,10.0,34.0,59.0,6.0,True
81,3.5,794.83,0.27,0.5,116.0,12.0,22.0,0.0,False
82,1.67,807.83,1.16,0.67,7.67,690.0,258.0,0.0,False
83,15.2,247.0,1.71,3.0,63.0,182.0,84.0,34.0,True
84,7.69,138.0,2.4,0.92,30.69,0.49,389.0,55.0,True
85,193.0,821.67,1.59,7.25,6.0,734.0,37.0,44.0,True
86,41.17,277.0,2.45,2.25,22.83,206.0,790.0,222.0,True
87,2.0,93.0,0.13,0.5,8.5,63.0,66.0,50.0,False
88,0.0,213.0,0.81,0.0,0.0,18.0,132.0,11.0,True
89,11.88,170.5,2.59,2.88,5.75,0.94,568.0,4.0,True
90,3.0,19.0,0.0,2.0,26.0,15.0,2.0,0.0,True
91,75.5,79.5,1.95,5.33,138.67,0.73,142.0,25.0,True
92,6.33,30.0,3.73,0.52,21.96,29.0,477.0,343.0,True
93,33.86,35.0,3.75,0.58,16.14,0.65,5378.0,1393.0,True
94,8.5,17.0,0.46,3.0,20.0,2.0,27.0,4.0,True
95,4.86,56.0,1.69,1.43,35.71,26.0,410.0,187.0,True
96,29.0,390.0,0.54,4.0,0.0,328.0,8.0,0.0,True
97,3.36,392.0,5.77,0.38,91.11,0.13,946.0,1.0,True
98,27.0,848.17,0.0,5.0,1.0,158.0,106.0,54.0,True
99,5.83,278.0,1.94,0.5,8.17,178.0,65.0,163.0,True
100,76.53,52.0,2.81,2.47,55.67,0.33,380.0,32.0,True
101,21.83,853.5,1.93,4.5,13.0,1.06,956.0,99.0,True
102,0.86,294.0,4.11,0.08,5.42,187.0,2647.0,262.0,True
103,19.5,211.5,0.7,5.0,17.0,46.0,10.0,6.0,True
104,22.83,241.0,1.14,3.0,16.33,0.0,378.0,26.0,True
105,6.25,258.0,1.49,2.25,3.0,1.0,81.0,12.0,True
106,132.0,270.0,0.82,14.5,23.5,226.0,26.0,17.0,True
107,1.27,321.0,2.79,0.53,110.17,208.0,2787.0,14.0,True
108,21.5,77.0,3.09,1.35,13.04,0.64,938.0,217.0,True
109,177.14,27.0,2.25,5.29,12.29,0.54,141.0,0.0,True
110,20.71,32.0,1.87,2.0,0.0,1.49,5711.0,37.0,True
111,44.75,361.5,1.42,5.75,1.0,338.0,309.0,19.0,True
112,6.83,92.0,2.05,0.83,385.67,5.0,134.0,36.0,True
113,90.92,851.92,2.51,2.77,12.85,1.25,1008.0,127.0,True
114,4.27,88.0,2.06,0.13,0.0,8.0,75.0,52.0,True
115,13.75,0.0,0.82,3.0,1.25,0.0,165.0,0.0,False
116,120.0,862.08,2.55,5.0,28.86,1.25,293.0,22.0,True
117,50.0,195.5,0.0,14.0,4.0,21.0,23.0,7.0,True
118,132.0,9.0,1.0,17.5,5.5,9.0,2.0,2.0,True
119,38.5,0.0,0.58,8.0,9.0,0.0,101.0,0.0,False
120,17.0,91.67,2.17,1.75,15.08,0.0,642.0,148.0,True
121,87.0,115.0,0.0,22.0,3.0,1.0,2.0,0.0,True
122,4.0,26.0,2.55,0.31,5.85,25.0,1052.0,520.0,True
123,13.37,92.0,4.02,0.47,158.83,1.0,2576.0,272.0,True
124,13.0,158.0,1.31,0.4,6.8,0.97,207.0,5.0,True
125,4.25,4.0,1.79,0.75,0.5,4.0,11.0,15.0,True
126,2.0,5.0,0.0,1.0,26.0,5.0,0.0,177.0,False
127,7.6,31.0,1.86,1.0,3.6,30.0,96.0,66.0,True
128,6.5,5.0,1.97,0.5,140.67,3.0,103.0,0.0,True
129,2.0,18.0,0.0,1.0,5.0,16.0,13.0,5.0,True
130,4.0,19.0,0.0,2.0,1.0,17.0,5.0,2.0,True
131,262.67,6.0,1.06,14.0,1.0,0.03,82.0,11.0,True
132,19.92,18.0,1.95,2.0,53.54,0.85,300.0,52.0,True
133,8.9,98.83,4.27,1.25,70.95,0.17,339.0,1.0,True
134,6.2,386.0,2.12,2.2,2.0,16.0,468.0,7.0,True
135,2.0,1.0,0.0,2.0,3.0,1.0,57.0,41.0,False
136,4.0,3.0,0.79,1.25,103.5,3.0,475.0,40.0,True
137,90.0,390.0,0.0,22.0,0.0,3.0,1.0,1.0,True
138,15.5,0.0,0.68,4.5,28.0,0.0,33.0,0.0,False
139,11.0,0.0,0.62,3.5,160.5,0.0,0.0,52.0,False
140,21.88,174.0,2.56,3.62,427.75,141.0,85.0,47.0,True
141,25.5,19.0,0.99,3.5,57.0,19.0,20.0,7.0,True
142,131.5,100.0,0.66,14.0,56.0,0.0,45.0,32.0,True
143,2.0,49.0,0.0,1.0,136.0,36.0,0.0,94.0,False
144,65.5,212.5,0.7,7.5,14.5,0.97,15.0,6.0,True
145,26.08,214.5,2.95,2.23,45.46,0.5,163.0,34.0,True
146,6.17,0.0,2.58,2.33,255.33,0.0,0.0,26.0,False
147,252.0,25.0,0.0,39.0,22.0,12.0,1.0,1.0,True
148,44.58,112.5,3.5,1.71,30.58,0.65,3899.0,103.0,True
149,76.0,0.0,1.44,11.0,242.0,0.0,19.0,1.0,False
150,204.33,0.0,1.15,15.67,16.0,0.0,95.0,5.0,False
151,11.0,33.0,0.0,6.0,4.0,33.0,0.0,26.0,True
152,1.5,2.0,0.8,1.5,100.0,2.0,68.0,10.0,True
153,15.0,0.0,0.99,5.5,2.5,0.0,15.0,1.0,False
154,7.67,18.0,1.51,4.33,303.0,10.0,15.0,6.0,True
155,25.67,35.0,1.21,4.33,83.67,35.0,93.0,137.0,True
156,196.33,1.0,1.0,16.33,4.33,1.0,475.0,0.0,False
157,32.5,0.0,1.82,4.5,257.0,0.0,18.0,0.0,False
158,35.67,71.33,2.29,6.17,351.17,0.39,123.0,42.0,True
159,5.33,0.0,0.78,2.67,9.0,0.0,680.0,0.0,False
160,94.6,0.0,1.66,7.6,1.2,0.0,138.0,1.0,False
161,42.11,31.0,1.61,2.89,32.11,0.82,2896.0,300.0,True
162,121.33,74.0,2.29,6.56,30.89,0.01,187.0,89.0,True
163,9.0,320.5,0.0,4.0,38.0,90.0,14.0,17.0,True
164,119.87,340.0,2.55,4.6,114.87,0.94,566.0,159.0,True
165,10.41,56.0,1.35,0.53,87.41,51.0,1697.0,873.0,True
166,9.5,60.0,0.93,5.5,12.0,14.0,22.0,7.0,True
167,58.26,267.17,3.74,2.83,7.96,0.01,1758.0,42.0,True
168,5.33,5.0,2.14,1.83,244.67,1.0,23.0,12.0,True
169,3.33,0.0,2.34,2.0,4.67,0.0,45.0,0.0,False
170,78.95,355.5,2.64,3.38,42.14,0.49,1286.0,417.0,True
171,14.67,4.0,2.0,2.33,38.67,0.88,82.0,3.0,True
172,59.12,25.0,1.62,4.62,18.12,1.71,502.0,8.0,True
173,224.67,81.5,1.57,17.33,3.67,78.0,20.0,6.0,True
174,15.0,82.5,0.0,7.0,6.0,79.0,1.0,1.0,True
175,24.26,0.0,3.61,2.09,51.7,0.0,2264.0,0.0,False
176,5.0,80.0,0.0,3.0,7.0,5.0,47.0,0.0,True
177,52.96,86.5,4.02,2.5,30.75,0.5,981.0,73.0,True
178,11.86,88.5,3.14,1.62,58.57,86.0,1499.0,207.0,True
179,12.0,13.0,0.0,3.0,2.0,10.0,6.0,8.0,True
180,44.0,2.0,0.0,7.0,49.0,0.0,28.0,7.0,True
181,77.5,0.0,1.19,7.5,10.5,0.0,91.0,0.0,False
182,64.0,17.0,0.0,20.0,28.0,7.0,2.0,0.0,True
183,10.0,91.5,1.74,2.0,46.64,92.0,736.0,48.0,True
184,396.5,0.0,1.0,32.5,10.0,0.0,11.0,1.0,False
185,39.5,0.0,0.86,12.0,21.0,0.0,7.0,0.0,False
186,4.0,132.0,0.95,2.0,52.0,138.0,27.0,3.0,True
187,25.17,117.5,4.49,0.9,59.95,1.0,4212.0,1851.0,True
188,59.71,367.33,2.41,2.61,40.82,0.64,3620.0,125.0,True
189,146.2,97.5,1.3,10.6,137.6,1.0,500.0,20.0,True
190,28.1,171.5,3.07,1.9,55.71,0.24,3374.0,154.0,True
191,89.0,136.5,0.0,25.0,2.0,6.0,3.0,2.0,True
192,21.25,0.0,1.54,4.25,113.0,0.0,136.0,0.0,False
193,3.0,0.0,0.38,2.0,272.0,0.0,164.0,0.0,False
194,131.25,96.5,1.74,8.75,134.62,0.06,1302.0,56.0,True
195,5.65,100.0,3.04,0.21,415.88,13.0,1873.0,166.0,True
196,36.0,0.0,1.04,7.67,45.33,0.0,178.0,0.0,False
197,7.75,46.5,1.37,1.5,331.75,9.0,311.0,60.0,True
198,84.88,376.67,0.86,8.75,16.12,0.94,35.0,48.0,True
199,41.21,116.5,2.76,3.43,13.07,132.0,763.0,120.0,True
200,4.5,191.5,0.64,1.5,118.0,41.0,278.0,170.0,True
201,28.0,93.5,0.52,9.0,174.0,7.0,75.0,95.0,True
202,95.24,101.0,4.73,3.14,139.97,67.0,38.0,38.0,True
203,3.73,76.08,2.64,0.47,36.47,0.0,388.0,360.0,True
204,89.0,20.5,0.0,23.0,7.0,16.0,5.0,10.0,True
205,20.0,23.5,0.89,4.5,18.0,0.0,147.0,83.0,True
206,34.0,12.0,0.0,12.0,28.0,2.0,5.0,0.0,True
207,178.0,1.0,0.9,26.0,8.5,0.0,119.0,1.0,True
208,5.14,1.0,2.69,1.29,308.71,0.0,37.0,14.0,True
209,12.0,0.0,1.29,5.0,111.33,0.0,14.0,0.0,False
210,173.2,154.0,1.49,14.8,8.8,0.0,132.0,56.0,True
211,23.0,41.0,0.0,7.0,15.0,27.0,1.0,0.0,True
212,86.25,0.0,1.24,9.25,684.5,0.0,33.0,0.0,False
213,85.75,0.0,0.55,10.0,8.75,0.0,542.0,0.0,False
214,111.89,109.67,2.61,7.56,46.44,0.06,109.0,18.0,True
215,34.0,420.83,1.0,3.5,21.5,180.0,37.0,9.0,True
216,23.0,12.0,0.0,11.0,52.0,0.0,1.0,1.0,True
217,49.5,112.0,1.99,10.75,179.5,1.0,26.0,16.0,True
218,10.0,113.0,0.0,7.0,14.0,20.0,1.0,1.0,True
219,33.33,0.0,0.87,2.67,156.67,0.0,25.0,16.0,True
220,31.0,51.5,0.0,10.0,42.0,41.0,3.0,0.0,True
221,7.33,144.83,0.88,2.67,77.33,174.0,359.0,5.0,True
222,49.0,61.33,0.0,8.0,41.0,24.0,2.0,0.0,True
223,3.0,63.33,0.0,2.0,79.0,62.0,26.0,4.0,True
224,7.67,4.0,1.28,5.0,2.67,3.0,240.0,0.0,True
225,52.75,66.67,2.32,3.88,31.56,0.19,1637.0,424.0,True
226,4.0,48.67,0.31,1.5,17.0,15.0,69.0,2.0,True
227,98.0,0.0,1.48,12.75,9.75,0.0,33.0,0.0,False
228,95.0,0.0,0.3,11.25,29.25,0.0,2126.0,6.0,False
229,22.0,10.0,0.95,9.0,117.5,8.0,30.0,5.0,True
230,117.12,0.0,2.16,10.38,127.0,0.0,333.0,34.0,False
231,14.67,437.95,3.28,2.58,18.83,0.34,12.0,7.0,True
232,10.0,4.0,0.0,5.0,461.0,2.0,3.0,0.0,True
233,8.45,35.0,2.85,0.64,450.73,1.0,225.0,48.0,True
234,25.25,73.17,3.93,1.83,206.29,0.33,2535.0,89.0,True
235,95.5,145.17,0.65,12.25,6.0,1.0,585.0,8.0,True
236,15.05,76.58,4.14,1.64,59.11,0.14,807.0,611.0,True
237,8.0,3.0,0.0,5.0,22.0,1.0,17.0,5.0,True
238,11.83,87.0,1.62,3.33,5.17,0.15,641.0,60.0,True
239,14.81,5.39,1.12,5.26,5.91,5.24,105.38,13.55,True
240,14.64,10.09,1.23,5.06,8.89,9.8,184.15,24.48,True
241,12.68,65.34,2.58,2.63,43.9,63.49,1110.58,153.08,True
242,12.88,59.66,2.44,2.88,40.3,57.97,1015.35,139.86,True
243,12.01,84.3,3.04,1.8,55.91,81.92,1428.58,197.22,True
244,13.52,41.73,2.0,3.67,28.94,40.55,714.79,98.14,True
245,13.91,30.59,1.73,4.16,21.88,29.73,527.95,72.21,True
246,13.43,44.16,2.06,3.56,30.48,42.91,755.53,103.8,True
247,14.61,10.98,1.26,5.02,9.46,10.67,199.19,26.57,True
248,14.01,27.89,1.67,4.28,20.17,27.1,482.64,65.91,True
249,14.72,7.81,1.18,5.16,7.45,7.59,145.91,19.17,True
250,14.74,7.37,1.17,5.18,7.17,7.16,138.59,18.16,True
251,14.77,6.44,1.15,5.22,6.58,6.25,122.91,15.98,True
252,11.97,85.21,3.06,1.76,56.48,82.8,1443.75,199.33,True
253,14.67,9.38,1.22,5.09,8.44,9.12,172.31,22.84,True
254,12.82,61.41,2.48,2.81,41.41,59.67,1044.7,143.94,True
255,13.14,52.28,2.26,3.21,35.62,50.8,891.68,122.69,True
256,12.74,63.57,2.54,2.71,42.78,61.78,1080.99,148.97,True
257,11.9,87.41,3.12,1.67,57.88,84.94,1480.75,204.47,True
258,13.73,35.69,1.86,3.93,25.11,34.68,613.47,84.08,True
259,12.83,61.07,2.47,2.82,41.2,59.35,1039.11,143.16,True
260,12.65,66.1,2.6,2.6,44.38,64.23,1123.31,154.85,True
261,13.34,46.71,2.13,3.45,32.09,45.39,798.18,109.72,True
262,14.33,18.84,1.45,4.67,14.44,18.31,330.95,44.86,True
263,12.17,79.68,2.93,2.01,52.98,77.43,1351.15,186.48,True
264,12.6,67.53,2.63,2.54,45.29,65.62,1147.39,158.19,True
265,12.88,59.69,2.44,2.88,40.32,58.0,1015.82,139.93,True
266,13.73,35.75,1.86,3.93,25.15,34.74,614.55,84.23,True
267,12.6,67.7,2.64,2.53,45.39,65.79,1150.18,158.58,True
268,14.01,27.78,1.66,4.28,20.1,26.99,480.77,65.66,True
269,14.59,11.63,1.27,4.99,9.87,11.3,210.07,28.08,True
270,14.59,11.44,1.27,5.0,9.75,11.11,206.78,27.62,True
271,12.92,58.47,2.41,2.94,39.55,56.82,995.52,137.11,True
272,14.24,21.32,1.51,4.56,16.01,20.72,372.54,50.63,True
273,14.52,13.39,1.31,4.91,10.98,13.01,239.49,32.16,True
274,12.77,62.85,2.52,2.74,42.32,61.07,1068.87,147.29,True
275,13.07,54.46,2.31,3.11,37.01,52.92,928.22,127.77,True
276,13.18,51.24,2.24,3.25,34.96,49.79,874.16,120.26,True
277,13.59,39.74,1.96,3.76,27.68,38.62,681.34,93.5,True
278,12.79,62.1,2.5,2.78,41.84,60.35,1056.3,145.55,True
279,12.03,83.69,3.02,1.83,55.52,81.33,1418.35,195.8,True
280,12.04,83.39,3.02,1.84,55.33,81.03,1413.32,195.11,True
281,14.6,11.26,1.26,5.01,9.64,10.94,203.85,27.22,True
282,12.92,58.45,2.41,2.94,39.53,56.8,995.06,137.05,True
283,13.86,31.98,1.77,4.1,22.76,31.08,551.23,75.44,True
284,14.4,17.0,1.4,4.75,13.27,16.52,300.01,40.56,True
285,13.66,37.72,1.91,3.85,26.4,36.65,647.43,88.79,True
286,13.92,30.36,1.73,4.17,21.74,29.51,524.16,71.68,True
287,14.22,21.98,1.52,4.54,16.43,21.36,383.62,52.17,True
288,13.35,46.47,2.12,3.46,31.94,45.15,794.15,109.16,True
289,14.47,14.79,1.35,4.85,11.87,14.37,262.99,35.43,True
290,13.71,36.3,1.87,3.91,25.5,35.28,623.73,85.5,True
291,12.24,77.71,2.88,2.09,51.74,75.51,1318.07,181.88,True
292,14.51,13.77,1.32,4.9,11.22,13.38,245.9,33.05,True
293,14.28,20.14,1.48,4.62,15.26,19.57,352.66,47.87,True
294,12.26,77.25,2.87,2.11,51.45,75.07,1310.42,180.82,True
295,12.9,59.12,2.43,2.91,39.95,57.45,1006.28,138.6,True
296,12.12,81.21,2.96,1.94,53.95,78.92,1376.77,190.03,True
297,13.51,41.87,2.01,3.66,29.03,40.69,717.06,98.46,True
298,15.0,0.04,0.99,5.5,2.52,0.04,15.63,1.09,False
299,13.45,43.66,2.05,3.59,30.16,42.43,747.15,102.63,True
300,14.34,18.71,1.44,4.68,14.35,18.18,328.76,44.55,True
301,14.23,21.76,1.52,4.55,16.29,21.14,379.86,51.65,True
302,14.68,9.03,1.21,5.1,8.22,8.78,166.44,22.02,True
303,12.15,80.34,2.94,1.98,53.4,78.07,1362.23,188.01,True
304,14.84,4.42,1.1,5.31,5.3,4.29,89.08,11.28,True
305,13.22,50.11,2.21,3.3,34.25,48.7,855.29,117.64,True
306,14.26,20.95,1.5,4.58,15.77,20.35,366.23,49.75,True
307,14.5,14.01,1.33,4.89,11.37,13.61,249.85,33.6,True
308,14.13,24.52,1.59,4.42,18.04,23.83,426.17,58.08,True
309,13.04,55.3,2.33,3.08,37.54,53.74,942.27,129.72,True
310,12.35,74.5,2.8,2.23,49.7,72.39,1264.19,174.41,True
311,13.43,44.21,2.06,3.56,30.51,42.96,756.36,103.91,True
312,14.59,11.42,1.27,5.0,9.74,11.1,206.55,27.59,True
313,13.49,42.43,2.02,3.64,29.38,41.23,726.48,99.76,True
314,14.41,16.6,1.39,4.77,13.02,16.13,293.32,39.63,True
315,13.88,31.56,1.76,4.12,22.5,30.67,544.25,74.47,True
316,12.88,59.67,2.44,2.88,40.31,57.99,1015.59,139.9,True
317,13.58,39.92,1.96,3.75,27.79,38.79,684.35,93.92,True
318,12.78,62.4,2.51,2.76,42.03,60.64,1061.34,146.25,True
319,14.61,11.11,1.26,5.01,9.54,10.79,201.26,26.86,True
320,12.66,65.79,2.59,2.61,44.18,63.93,1118.2,154.14,True
321,14.61,11.04,1.26,5.02,9.5,10.73,200.15,26.7,True
322,14.4,16.88,1.4,4.76,13.2,16.4,298.07,40.29,True
323,14.04,27.0,1.65,4.32,19.61,26.24,467.77,63.85,True
324,13.27,48.65,2.17,3.37,33.32,47.27,830.73,114.24,True
325,12.99,56.72,2.37,3.01,38.43,55.11,966.03,133.02,True
326,14.32,19.14,1.45,4.66,14.63,18.6,336.01,45.56,True
327,14.18,22.99,1.55,4.49,17.07,22.34,400.53,54.52,True
328,12.46,71.39,2.73,2.37,47.73,69.38,1212.17,167.18,True
329,14.75,6.95,1.16,5.2,6.9,6.75,131.51,17.17,True
330,13.73,35.89,1.86,3.93,25.24,34.87,616.76,84.53,True
331,14.26,20.81,1.5,4.59,15.69,20.22,363.99,49.44,True
332,13.44,44.06,2.06,3.57,30.42,42.82,753.85,103.56,True
333,13.3,47.76,2.15,3.41,32.76,46.41,815.8,112.16,True
334,12.9,59.09,2.43,2.91,39.94,57.42,1005.84,138.54,True
335,12.82,61.26,2.48,2.81,41.31,59.53,1042.28,143.6,True
336,14.59,11.61,1.27,4.99,9.85,11.28,209.62,28.02,True
337,11.96,85.55,3.07,1.75,56.7,83.13,1449.5,200.13,True
338,12.18,79.47,2.92,2.01,52.85,77.23,1347.6,185.98,True
339,14.3,19.73,1.47,4.63,15.0,19.17,345.78,46.92,True
340,14.03,27.2,1.65,4.31,19.74,26.44,471.17,64.32,True
341,13.42,44.37,2.07,3.55,30.61,43.12,759.04,104.28,True
342,12.98,56.93,2.37,3.0,38.57,55.32,969.59,133.51,True
343,11.97,85.42,3.07,1.75,56.62,83.01,1447.37,199.83,True
344,13.86,32.13,1.77,4.09,22.85,31.22,553.7,75.78,True
345,14.17,23.24,1.55,4.48,17.23,22.59,404.78,55.11,True
346,14.82,5.15,1.11,5.27,5.76,5.0,101.33,12.98,True
347,14.8,5.63,1.13,5.25,6.07,5.47,109.39,14.1,True
348,12.26,77.05,2.86,2.12,51.32,74.87,1307.01,180.35,True
349,11.95,85.79,3.08,1.74,56.85,83.37,1453.57,200.69,True
350,14.03,27.32,1.65,4.3,19.81,26.55,473.19,64.6,True
351,12.72,64.19,2.55,2.69,43.17,62.37,1091.28,150.4,True
352,14.76,6.81,1.15,5.2,6.81,6.62,129.19,16.85,True
353,13.86,32.19,1.77,4.09,22.89,31.28,554.7,75.92,True
354,13.29,48.11,2.16,3.39,32.98,46.75,821.69,112.98,True
355,13.55,40.75,1.98,3.71,28.32,39.6,698.28,95.85,True
356,14.0,28.19,1.67,4.26,20.36,27.4,487.78,66.63,True
357,14.4,16.87,1.4,4.76,13.19,16.39,297.89,40.27,True
358,12.96,57.35,2.38,2.99,38.84,55.73,976.65,134.49,True
359,14.64,10.17,1.24,5.05,8.94,9.88,185.47,24.66,True
360,14.92,2.2,1.04,5.4,3.89,2.13,51.83,6.11,True
361,13.37,45.82,2.1,3.49,31.53,44.53,783.4,107.66,True
362,11.92,86.65,3.1,1.7,57.4,84.2,1467.93,202.69,True
363,13.89,31.16,1.75,4.13,22.24,30.28,537.48,73.53,True
364,14.07,26.25,1.63,4.35,19.13,25.5,455.09,62.09,True
365,13.02,55.84,2.35,3.05,37.88,54.27,951.41,130.99,True
366,13.04,55.12,2.33,3.08,37.43,53.57,939.35,129.31,True
367,14.69,8.86,1.2,5.11,8.12,8.61,163.63,21.63,True
368,14.63,10.54,1.25,5.04,9.18,10.24,191.76,25.54,True
369,12.12,81.03,2.96,1.95,53.84,78.74,1373.78,189.62,True
370,13.41,44.81,2.08,3.53,30.89,43.55,766.46,105.31,True
371,13.76,34.97,1.84,3.97,24.65,33.98,601.32,82.39,True
372,13.25,49.2,2.19,3.34,33.67,47.81,840.08,115.53,True
373,12.97,57.04,2.38,3.0,38.64,55.43,971.42,133.76,True
374,13.84,32.66,1.78,4.07,23.19,31.74,562.66,77.02,True
375,13.56,40.64,1.98,3.72,28.25,39.5,696.54,95.61,True
376,14.58,11.81,1.28,4.98,9.98,11.48,213.09,28.5,True
377,13.94,29.86,1.72,4.19,21.42,29.01,515.64,70.5,True
378,14.93,1.85,1.03,5.42,3.67,1.8,46.09,5.32,True
379,13.87,31.87,1.76,4.1,22.69,30.97,549.4,75.18,True
380,13.0,56.26,2.36,3.03,38.14,54.67,958.32,131.95,True
381,13.76,34.94,1.84,3.97,24.63,33.95,600.82,82.32,True
382,14.4,17.01,1.4,4.75,13.27,16.53,300.16,40.58,True
383,14.34,18.68,1.44,4.68,14.34,18.15,328.28,44.49,True
384,13.82,33.24,1.8,4.04,23.56,32.3,572.4,78.37,True
385,14.82,5.11,1.11,5.28,5.74,4.96,100.67,12.89,True
386,14.09,25.64,1.61,4.38,18.75,24.92,445.0,60.69,True
387,13.01,56.16,2.35,3.04,38.08,54.57,956.63,131.71,True
388,13.42,44.36,2.07,3.55,30.61,43.11,758.88,104.26,True
389,13.3,47.88,2.15,3.4,32.84,46.53,817.87,112.45,True
390,13.17,51.55,2.24,3.24,35.16,50.09,879.37,120.99,True
391,12.11,81.24,2.97,1.94,53.97,78.95,1377.31,190.11,True
392,13.76,34.85,1.84,3.97,24.58,33.87,599.38,82.12,True
393,14.83,4.82,1.11,5.29,5.55,4.68,95.81,12.22,True
394,13.36,46.29,2.11,3.47,31.83,44.98,791.2,108.75,True
395,11.87,88.11,3.13,1.64,58.33,85.62,1492.51,206.1,True
396,13.85,32.35,1.78,4.08,23.0,31.44,557.45,76.3,True
397,13.41,44.89,2.08,3.53,30.94,43.62,767.75,105.49,True
398,13.75,35.07,1.84,3.96,24.72,34.08,603.13,82.64,True
399,12.01,84.22,3.04,1.81,55.86,81.84,1427.16,197.03,True
400,11.96,85.74,3.07,1.74,56.82,83.32,1452.69,200.57,True
401,13.52,41.56,2.0,3.68,28.83,40.39,711.96,97.75,True
402,13.84,32.63,1.78,4.07,23.18,31.71,562.2,76.96,True
403,13.29,48.04,2.16,3.39,32.94,46.68,820.56,112.82,True
404,13.8,33.83,1.81,4.02,23.93,32.87,582.2,79.74,True
405,13.69,36.99,1.89,3.88,25.94,35.95,635.26,87.1,True
406,12.15,80.22,2.94,1.98,53.32,77.95,1360.09,187.72,True
407,13.8,33.84,1.81,4.02,23.94,32.88,582.43,79.77,True
408,13.94,29.75,1.71,4.2,21.35,28.91,513.81,70.24,True
409,11.88,87.87,3.13,1.65,58.17,85.39,1488.48,205.54,True
410,13.97,28.86,1.69,4.23,20.79,28.05,499.01,68.19,True
411,12.06,82.65,3.0,1.88,54.87,80.32,1400.97,193.39,True
412,12.19,79.02,2.91,2.03,52.57,76.79,1340.05,184.94,True
413,12.59,67.74,2.64,2.53,45.42,65.82,1150.86,158.67,True
414,12.74,63.58,2.54,2.71,42.78,61.78,1081.07,148.99,True
415,14.96,1.05,1.01,5.45,3.17,1.02,32.64,3.45,True
416,12.1,81.73,2.98,1.92,54.28,79.42,1385.48,191.24,True
417,13.75,35.2,1.85,3.96,24.8,34.21,605.3,82.94,True
418,13.09,53.85,2.3,3.14,36.62,52.33,917.97,126.35,True
419,12.04,83.44,3.02,1.84,55.37,81.09,1414.23,195.23,True
420,13.29,48.13,2.16,3.39,33.0,46.77,822.11,113.04,True
421,14.62,10.63,1.25,5.03,9.24,10.33,193.33,25.75,True
422,14.29,20.05,1.48,4.62,15.2,19.48,351.2,47.67,True
423,12.27,76.79,2.86,2.13,51.15,74.62,1302.67,179.75,True
424,14.14,24.24,1.58,4.44,17.86,23.55,421.42,57.42,True
425,14.46,15.08,1.36,4.84,12.05,14.65,267.79,36.09,True
426,12.01,84.16,3.04,1.81,55.82,81.78,1426.15,196.89,True
427,14.3,19.6,1.47,4.64,14.92,19.05,343.74,46.63,True
428,14.48,14.55,1.34,4.86,11.72,14.14,259.0,34.87,True
429,14.54,12.97,1.3,4.93,10.72,12.6,232.5,31.19,True
430,12.81,61.55,2.49,2.8,41.5,59.81,1047.11,144.27,True
431,13.33,47.12,2.14,3.43,32.36,45.79,805.16,110.69,True
432,12.7,64.75,2.56,2.66,43.53,62.92,1100.78,151.72,True
433,12.88,59.65,2.44,2.88,40.29,57.96,1015.16,139.84,True
434,13.63,38.49,1.93,3.81,26.89,37.4,660.42,90.59,True
435,14.16,23.72,1.57,4.46,17.53,23.05,412.83,56.22,True
436,14.77,6.45,1.15,5.22,6.59,6.27,123.22,16.02,True
437,13.07,54.25,2.31,3.12,36.87,52.72,924.75,127.29,True
438,14.95,1.33,1.02,5.44,3.34,1.29,37.34,4.1,True
439,12.39,73.41,2.77,2.28,49.01,71.34,1246.03,171.88,True
440,14.22,21.87,1.52,4.54,16.36,21.25,381.72,51.91,True
441,13.67,37.55,1.9,3.85,26.29,36.49,644.68,88.41,True
442,13.64,38.38,1.92,3.82,26.82,37.3,658.64,90.35,True
443,12.11,81.48,2.97,1.93,54.12,79.17,1381.2,190.65,True
444,14.79,5.91,1.13,5.24,6.25,5.75,114.17,14.77,True
445,14.56,12.5,1.29,4.95,10.42,12.15,224.65,30.1,True
446,11.89,87.57,3.12,1.66,57.98,85.1,1483.46,204.84,True
447,14.85,4.15,1.09,5.32,5.13,4.03,84.6,10.66,True
448,13.27,48.63,2.17,3.37,33.31,47.25,830.42,114.19,True
449,13.55,40.86,1.98,3.71,28.39,39.7,700.14,96.11,True
450,12.97,57.26,2.38,2.99,38.78,55.64,975.12,134.28,True
451,13.62,38.94,1.94,3.79,27.17,37.84,667.92,91.63,True
452,14.64,10.17,1.24,5.05,8.94,9.88,185.49,24.67,True
453,12.7,64.82,2.57,2.66,43.57,62.99,1101.91,151.88,True
454,12.83,61.21,2.48,2.82,41.28,59.49,1041.46,143.49,True
455,12.56,68.71,2.66,2.49,46.04,66.77,1167.23,160.95,True
456,14.85,4.22,1.09,5.32,5.17,4.1,85.7,10.81,True
457,13.58,39.92,1.96,3.75,27.79,38.79,684.41,93.92,True
458,13.8,33.88,1.81,4.01,23.96,32.92,583.06,79.85,True
459,13.4,45.02,2.08,3.53,31.02,43.75,769.88,105.79,True
460,13.14,52.5,2.27,3.2,35.76,51.02,895.38,123.21,True
461,12.58,68.17,2.65,2.51,45.69,66.24,1158.03,159.67,True
462,12.82,61.32,2.48,2.81,41.35,59.59,1043.24,143.73,True
463,12.63,66.68,2.61,2.58,44.74,64.79,1133.04,156.2,True
464,12.05,83.12,3.01,1.86,55.16,80.77,1408.73,194.47,True
465,13.94,29.78,1.71,4.19,21.37,28.94,514.42,70.33,True
466,14.93,2.03,1.04,5.41,3.79,1.97,49.03,5.72,True
467,12.42,72.53,2.75,2.32,48.45,70.48,1231.2,169.83,True
468,13.58,39.93,1.96,3.75,27.8,38.81,684.64,93.96,True
469,12.6,67.55,2.63,2.54,45.3,65.64,1147.72,158.24,True
470,14.52,13.42,1.32,4.91,11.0,13.04,240.09,32.25,True
471,13.47,43.08,2.04,3.61,29.79,41.86,737.37,101.28,True
472,12.65,66.07,2.6,2.6,44.36,64.2,1122.9,154.79,True
473,12.84,60.89,2.47,2.83,41.08,59.17,1036.08,142.74,True
474,11.94,86.09,3.08,1.72,57.05,83.66,1458.61,201.39,True
475,13.37,45.99,2.11,3.48,31.64,44.69,786.21,108.05,True
476,12.87,60.07,2.45,2.87,40.56,58.38,1022.33,140.83,True
477,12.78,62.43,2.51,2.76,42.05,60.66,1061.82,146.31,True
478,14.19,22.91,1.55,4.5,17.01,22.26,399.13,54.32,True
479,13.24,49.51,2.19,3.33,33.87,48.11,845.17,116.24,True
480,13.06,54.55,2.32,3.11,37.06,53.01,929.65,127.97,True
481,12.1,81.62,2.97,1.92,54.21,79.31,1383.62,190.98,True
482,13.1,53.37,2.29,3.16,36.31,51.86,909.95,125.23,True
483,13.93,30.01,1.72,4.18,21.51,29.16,518.15,70.84,True
484,13.67,37.48,1.9,3.86,26.25,36.43,643.55,88.25,True
485,13.8,33.93,1.81,4.01,24.0,32.97,583.98,79.98,True
486,12.59,67.78,2.64,2.53,45.45,65.87,1151.62,158.78,True
487,13.15,52.21,2.26,3.21,35.58,50.73,890.44,122.52,True
488,14.48,14.71,1.35,4.85,11.82,14.3,261.75,35.25,True
489,14.72,7.92,1.18,5.15,7.52,7.69,147.76,19.43,True
490,12.76,63.07,2.52,2.73,42.46,61.29,1072.63,147.81,True
491,14.05,26.78,1.64,4.33,19.47,26.03,464.12,63.34,True
492,13.58,40.03,1.96,3.74,27.86,38.9,686.17,94.17,True
493,12.97,57.26,2.38,2.99,38.78,55.64,975.09,134.27,True
494,14.46,15.26,1.36,4.83,12.17,14.83,270.83,36.51,True
495,14.56,12.37,1.29,4.96,10.34,12.02,222.43,29.79,True
496,12.08,82.16,2.99,1.9,54.55,79.84,1392.66,192.24,True
497,13.33,47.1,2.13,3.43,32.34,45.77,804.87,110.65,True
498,14.18,23.1,1.55,4.49,17.14,22.45,402.41,54.78,True
499,13.76,34.96,1.84,3.97,24.65,33.97,601.14,82.36,True
500,13.6,39.35,1.95,3.77,27.43,38.24,674.91,92.6,True
501,13.57,40.38,1.97,3.73,28.08,39.24,692.04,94.98,True
502,13.36,46.25,2.11,3.47,31.8,44.94,790.52,108.65,True
503,13.04,55.31,2.33,3.07,37.54,53.75,942.47,129.75,True
504,14.38,17.4,1.41,4.74,13.53,16.91,306.8,41.51,True
505,12.73,63.89,2.54,2.7,42.98,62.08,1086.29,149.71,True
506,14.3,19.68,1.47,4.64,14.97,19.13,345.04,46.81,True
507,14.34,18.59,1.44,4.68,14.28,18.07,326.74,44.27,True
508,14.3,19.68,1.47,4.64,14.97,19.12,344.99,46.81,True
509,11.9,87.39,3.11,1.67,57.87,84.92,1480.36,204.41,True
510,15.0,0.13,0.99,5.49,2.58,0.13,17.17,1.3,True
511,13.03,55.34,2.33,3.07,37.56,53.77,942.88,129.8,True
512,12.12,81.17,2.96,1.94,53.93,78.87,1376.03,189.93,True
513,14.89,3.0,1.06,5.37,4.4,2.92,65.31,7.98,True
514,13.54,41.11,1.99,3.7,28.54,39.95,704.31,96.69,True
515,12.12,81.14,2.96,1.94,53.91,78.84,1375.51,189.86,True
516,13.97,28.91,1.69,4.23,20.82,28.09,499.79,68.3,True
517,13.61,39.26,1.94,3.78,27.38,38.15,673.39,92.39,True
518,12.97,57.25,2.38,2.99,38.77,55.63,975.01,134.26,True
519,14.54,13.0,1.3,4.93,10.74,12.63,233.0,31.26,True
520,13.16,51.81,2.25,3.23,35.33,50.35,883.8,121.6,True
521,13.22,50.16,2.21,3.3,34.28,48.74,856.1,117.76,True
522,13.75,35.14,1.84,3.96,24.77,34.15,604.32,82.81,True
523,12.43,72.25,2.75,2.33,48.28,70.21,1226.53,169.18,True
524,12.73,63.85,2.54,2.7,42.95,62.05,1085.65,149.62,True
525,14.8,5.74,1.13,5.25,6.13,5.57,111.17,14.35,True
526,12.58,68.28,2.65,2.51,45.76,66.35,1159.99,159.94,True
527,11.88,87.88,3.13,1.65,58.18,85.39,1488.54,205.55,True
528,12.33,75.21,2.82,2.2,50.15,73.09,1276.21,176.07,True
529,11.89,87.51,3.12,1.66,57.95,85.04,1482.44,204.7,True
530,11.95,86.0,3.08,1.73,56.99,83.57,1457.03,201.17,True
531,13.25,49.35,2.19,3.34,33.77,47.95,842.48,115.87,True
532,12.34,74.9,2.81,2.22,49.95,72.78,1270.9,175.34,True
533,14.91,2.54,1.05,5.39,4.11,2.47,57.65,6.92,True
534,12.27,76.74,2.86,2.13,51.12,74.58,1301.87,179.64,True
535,13.92,30.43,1.73,4.17,21.78,29.57,525.29,71.84,True
536,12.86,60.37,2.46,2.85,40.75,58.66,1027.28,141.52,True
537,13.86,32.17,1.77,4.09,22.88,31.26,554.44,75.88,True
538,13.24,49.5,2.19,3.33,33.86,48.1,845.07,116.23,True
539,13.4,45.19,2.09,3.52,31.13,43.91,772.75,106.19,True
540,12.03,83.57,3.02,1.84,55.45,81.21,1416.35,195.53,True
541,13.7,36.62,1.88,3.89,25.7,35.59,629.08,86.24,True
542,13.28,48.31,2.16,3.38,33.11,46.95,825.09,113.45,True
543,13.01,56.1,2.35,3.04,38.04,54.51,955.64,131.57,True
544,12.29,76.25,2.84,2.16,50.81,74.1,1293.61,178.49,True
545,14.57,12.22,1.29,4.96,10.24,11.87,219.87,29.44,True
546,12.55,69.0,2.67,2.47,46.22,67.06,1172.09,161.62,True
547,14.12,24.81,1.59,4.41,18.22,24.11,431.1,58.76,True
548,12.3,76.06,2.84,2.16,50.69,73.91,1290.45,178.05,True
549,12.93,58.31,2.41,2.94,39.44,56.66,992.72,136.72,True
550,13.83,33.06,1.79,4.05,23.45,32.13,569.42,77.96,True
551,11.88,87.87,3.13,1.65,58.17,85.39,1488.41,205.53,True
552,14.03,27.33,1.65,4.3,19.82,26.56,473.29,64.62,True
553,12.56,68.6,2.66,2.49,45.96,66.66,1165.32,160.68,True
554,13.92,30.28,1.73,4.17,21.69,29.43,522.81,71.49,True
555,13.0,56.36,2.36,3.03,38.21,54.77,960.07,132.19,True
556,13.06,54.52,2.32,3.11,37.04,52.98,929.19,127.9,True
557,14.93,1.99,1.04,5.41,3.76,1.94,48.41,5.64,True
558,14.05,26.68,1.64,4.33,19.4,25.92,462.33,63.1,True
559,14.56,12.35,1.29,4.96,10.33,12.01,222.17,29.76,True
560,13.54,41.08,1.99,3.7,28.53,39.92,703.86,96.62,True
561,12.2,78.78,2.91,2.05,52.41,76.55,1336.02,184.38,True
562,12.41,72.99,2.76,2.3,48.74,70.92,1238.85,170.89,True
563,13.35,46.39,2.12,3.47,31.89,45.08,792.81,108.97,True
564,13.07,54.4,2.31,3.11,36.96,52.86,927.16,127.62,True
565,12.09,81.95,2.98,1.91,54.42,79.64,1389.17,191.75,True
566,14.78,6.1,1.14,5.23,6.36,5.93,117.27,15.2,True
567,13.24,49.42,2.19,3.33,33.81,48.02,843.68,116.03,True
568,13.91,30.71,1.74,4.15,21.96,29.84,529.92,72.48,True
569,14.04,26.95,1.64,4.32,19.57,26.18,466.84,63.72,True
570,11.89,87.67,3.12,1.66,58.04,85.19,1485.01,205.06,True
571,13.0,56.41,2.36,3.03,38.24,54.81,960.83,132.29,True
572,13.79,33.94,1.81,4.01,24.0,32.98,584.1,80.0,True
573,12.12,81.02,2.96,1.95,53.83,78.73,1373.54,189.58,True
574,11.98,85.14,3.06,1.77,56.44,82.73,1442.6,199.17,True
575,12.5,70.31,2.7,2.42,47.05,68.32,1193.99,164.66,True
576,12.97,57.24,2.38,2.99,38.77,55.63,974.86,134.24,True
577,14.65,9.85,1.23,5.07,8.74,9.57,180.17,23.93,True
578,13.48,42.72,2.03,3.63,29.56,41.51,731.26,100.43,True
579,12.15,80.16,2.94,1.98,53.29,77.9,1359.23,187.6,True
580,14.63,10.45,1.24,5.04,9.12,10.16,190.3,25.33,True
581,14.21,22.13,1.53,4.53,16.52,21.51,386.09,52.51,True
582,12.61,67.43,2.63,2.54,45.22,65.53,1145.74,157.96,True
583,13.78,34.34,1.82,3.99,24.26,33.37,590.83,80.93,True
584,12.46,71.39,2.73,2.37,47.73,69.37,1212.12,167.18,True
585,14.52,13.48,1.32,4.91,11.04,13.1,241.0,32.37,True
586,12.58,68.28,2.65,2.51,45.76,66.35,1159.97,159.94,True
587,12.61,67.19,2.62,2.55,45.07,65.29,1141.58,157.39,True
588,14.82,4.97,1.11,5.28,5.65,4.83,98.27,12.56,True
589,14.24,21.26,1.51,4.57,15.97,20.66,371.51,50.49,True
590,13.19,51.01,2.23,3.26,34.82,49.57,870.4,119.74,True
591,14.55,12.75,1.3,4.94,10.58,12.39,228.84,30.68,True
592,12.75,63.35,2.53,2.72,42.64,61.56,1077.31,148.46,True
593,13.26,48.91,2.18,3.35,33.49,47.53,835.22,114.86,True
594,12.75,63.27,2.53,2.73,42.59,61.48,1075.92,148.27,True
595,13.59,39.78,1.96,3.76,27.71,38.66,682.09,93.6,True
596,12.32,75.36,2.82,2.2,50.25,73.23,1278.68,176.42,True
597,14.37,17.84,1.42,4.72,13.8,17.33,314.13,42.52,True
598,14.06,26.49,1.63,4.34,19.28,25.74,459.15,62.65,True
599,12.97,57.1,2.38,3.0,38.68,55.49,972.51,133.92,True
600,14.01,27.8,1.67,4.28,20.12,27.02,481.23,65.72,True
601,14.22,22.02,1.52,4.53,16.45,21.4,384.27,52.26,True
602,14.05,26.74,1.64,4.33,19.44,25.98,463.34,63.24,True
603,14.6,11.16,1.26,5.01,9.57,10.84,202.06,26.97,True
604,13.4,45.01,2.08,3.53,31.02,43.74,769.8,105.78,True
605,12.19,79.14,2.91,2.03,52.64,76.9,1341.99,185.21,True
606,14.91,2.53,1.05,5.39,4.1,2.45,57.35,6.88,True
607,13.21,50.35,2.21,3.29,34.4,48.93,859.27,118.2,True
608,12.53,69.43,2.68,2.46,46.49,67.47,1179.28,162.62,True
609,12.88,59.79,2.44,2.88,40.38,58.1,1017.62,140.18,True
610,12.02,84.02,3.03,1.82,55.73,81.64,1423.8,196.56,True
611,14.48,14.73,1.35,4.85,11.83,14.31,261.98,35.28,True
612,13.35,46.39,2.12,3.47,31.89,45.08,792.96,108.99,True
613,13.99,28.43,1.68,4.25,20.51,27.63,491.79,67.19,True
614,12.16,80.04,2.94,1.99,53.21,77.78,1357.2,187.32,True
615,12.02,83.8,3.03,1.83,55.59,81.43,1420.17,196.06,True
616,12.31,75.75,2.83,2.18,50.5,73.61,1285.26,177.33,True
617,13.64,38.34,1.92,3.82,26.79,37.26,657.88,90.24,True
618,13.94,29.97,1.72,4.19,21.49,29.13,517.62,70.77,True
619,13.0,56.44,2.36,3.02,38.26,54.85,961.42,132.38,True
620,12.06,82.65,3.0,1.88,54.86,80.31,1400.85,193.38,True
621,12.24,77.62,2.88,2.1,51.68,75.43,1316.58,181.68,True
622,12.79,62.15,2.5,2.77,41.88,60.4,1057.24,145.68,True
623,13.02,55.78,2.35,3.05,37.84,54.2,950.28,130.83,True
624,12.01,84.15,3.04,1.81,55.82,81.78,1426.11,196.88,True
625,14.97,0.92,1.01,5.46,3.08,0.89,30.37,3.13,True
626,12.67,65.59,2.58,2.62,44.05,63.73,1114.76,153.66,True
627,11.99,84.72,3.05,1.78,56.18,82.32,1435.58,198.2,True
628,13.25,49.18,2.19,3.34,33.66,47.79,839.74,115.49,True
629,12.23,78.01,2.89,2.08,51.93,75.81,1323.11,182.58,True
630,13.55,40.88,1.98,3.71,28.4,39.72,700.43,96.15,True
631,13.59,39.68,1.95,3.76,27.64,38.56,680.42,93.37,True
632,14.88,3.48,1.07,5.35,4.71,3.38,73.38,9.1,True
633,13.53,41.46,2.0,3.68,28.77,40.29,710.16,97.5,True
634,12.6,67.71,2.64,2.53,45.4,65.8,1150.43,158.61,True
635,14.02,27.52,1.66,4.29,19.94,26.74,476.44,65.05,True
636,14.2,22.49,1.54,4.51,16.75,21.86,392.19,53.36,True
637,14.45,15.46,1.36,4.82,12.29,15.02,274.18,36.98,True
638,12.77,62.88,2.52,2.74,42.34,61.1,1069.32,147.35,True
639,14.17,23.35,1.56,4.48,17.3,22.69,406.58,55.36,True
640,13.93,30.13,1.72,4.18,21.59,29.27,520.16,71.12,True
641,14.18,23.11,1.55,4.49,17.14,22.45,402.44,54.78,True
642,13.13,52.78,2.27,3.19,35.94,51.29,900.07,123.86,True
643,12.0,84.61,3.05,1.79,56.11,82.22,1433.74,197.94,True
644,14.44,15.76,1.37,4.81,12.48,15.31,279.19,37.67,True
645,13.91,30.76,1.74,4.15,21.99,29.89,530.85,72.61,True
646,13.11,53.34,2.29,3.16,36.29,51.83,909.37,125.15,True
647,12.34,74.8,2.81,2.22,49.89,72.69,1269.32,175.12,True
648,14.39,17.15,1.41,4.75,13.37,16.66,302.56,40.92,True
649,13.63,38.63,1.93,3.81,26.98,37.54,662.82,90.93,True
650,14.95,1.31,1.02,5.44,3.33,1.27,36.92,4.04,True
651,14.19,22.74,1.54,4.5,16.91,22.09,396.26,53.92,True
652,14.75,6.98,1.16,5.19,6.92,6.78,132.07,17.25,True
653,13.28,48.44,2.17,3.38,33.19,47.08,827.33,113.76,True
654,14.5,14.12,1.33,4.88,11.44,13.72,251.73,33.86,True
655,13.1,53.38,2.29,3.16,36.32,51.87,910.11,125.25,True
656,12.21,78.54,2.9,2.06,52.26,76.32,1331.95,183.81,True
657,13.05,54.99,2.33,3.09,37.34,53.44,937.08,129.0,True
658,12.34,74.86,2.81,2.22,49.93,72.74,1270.23,175.24,True
659,12.55,69.0,2.67,2.47,46.22,67.05,1171.99,161.61,True
660,12.81,61.68,2.49,2.79,41.58,59.94,1049.35,144.58,True
661,12.34,74.93,2.81,2.21,49.97,72.81,1271.43,175.41,True
662,14.66,9.48,1.22,5.08,8.51,9.21,173.97,23.07,True
663,13.89,31.35,1.75,4.13,22.36,30.46,540.69,73.97,True
664,11.96,85.57,3.07,1.75,56.71,83.15,1449.86,200.18,True
665,13.0,56.22,2.36,3.03,38.12,54.63,957.69,131.86,True
666,12.23,77.9,2.88,2.08,51.86,75.7,1321.26,182.33,True
667,12.66,65.82,2.59,2.61,44.2,63.96,1118.69,154.21,True
668,13.09,53.8,2.3,3.14,36.58,52.28,917.09,126.22,True
669,14.12,24.77,1.59,4.41,18.2,24.07,430.42,58.67,True
670,12.59,67.84,2.64,2.52,45.48,65.93,1152.65,158.92,True
671,14.73,7.73,1.18,5.16,7.4,7.51,144.58,18.99,True
672,14.98,0.66,1.0,5.47,2.92,0.64,26.03,2.53,True
673,14.6,11.39,1.27,5.0,9.72,11.07,205.97,27.51,True
674,12.06,82.88,3.01,1.87,55.01,80.54,1404.81,193.92,True
675,12.42,72.6,2.75,2.32,48.5,70.55,1232.36,169.99,True
676,13.34,46.86,2.13,3.45,32.19,45.53,800.69,110.06,True
677,14.32,19.28,1.46,4.65,14.71,18.73,338.28,45.88,True
678,14.08,25.99,1.62,4.36,18.97,25.26,450.88,61.51,True
679,12.34,74.92,2.81,2.21,49.97,72.81,1271.37,175.4,True
680,14.62,10.78,1.25,5.03,9.33,10.48,195.82,26.1,True
681,13.27,48.75,2.17,3.36,33.39,47.38,832.53,114.48,True
682,14.73,7.59,1.17,5.17,7.31,7.37,142.23,18.66,True
683,13.64,38.34,1.92,3.82,26.79,37.25,657.84,90.24,True
684,14.84,4.54,1.1,5.3,5.38,4.41,91.18,11.58,True
685,13.69,36.79,1.88,3.89,25.81,35.75,631.96,86.64,True
686,14.59,11.58,1.27,4.99,9.84,11.25,209.13,27.95,True
687,14.33,18.87,1.45,4.67,14.46,18.34,331.49,44.93,True
688,13.11,53.17,2.28,3.17,36.19,51.67,906.56,124.76,True
689,12.03,83.55,3.02,1.84,55.44,81.19,1416.05,195.49,True
690,12.78,62.62,2.51,2.75,42.18,60.85,1065.06,146.76,True
691,14.28,20.16,1.48,4.62,15.27,19.59,353.02,47.92,True
692,13.01,55.9,2.35,3.05,37.92,54.32,952.41,131.13,True
693,14.88,3.49,1.07,5.35,4.71,3.4,73.6,9.14,True
694,12.45,71.93,2.74,2.35,48.07,69.89,1221.08,168.42,True
695,12.77,62.86,2.52,2.74,42.33,61.08,1069.04,147.32,True
696,13.6,39.4,1.95,3.77,27.46,38.29,675.67,92.71,True
697,13.38,45.7,2.1,3.5,31.45,44.41,781.27,107.37,True
698,12.46,71.61,2.73,2.36,47.87,69.59,1215.79,167.69,True
699,13.35,46.41,2.12,3.46,31.91,45.1,793.27,109.03,True
700,14.23,21.78,1.52,4.54,16.3,21.17,380.25,51.7,True
701,14.8,5.65,1.13,5.25,6.08,5.49,109.66,14.14,True
702,12.08,82.34,2.99,1.89,54.67,80.02,1395.74,192.67,True
703,13.64,38.2,1.92,3.82,26.7,37.12,655.59,89.92,True
704,14.38,17.6,1.42,4.73,13.65,17.1,310.11,41.96,True
705,14.27,20.57,1.49,4.6,15.54,19.99,359.99,48.89,True
706,13.59,39.58,1.95,3.76,27.57,38.46,678.63,93.12,True
707,12.02,83.94,3.03,1.82,55.69,81.57,1422.61,196.4,True
708,13.72,36.05,1.87,3.92,25.34,35.03,619.47,84.91,True
709,13.32,47.42,2.14,3.42,32.55,46.08,810.22,111.39,True
710,12.14,80.47,2.95,1.97,53.48,78.19,1364.32,188.3,True
711,12.63,66.67,2.61,2.58,44.74,64.79,1132.97,156.19,True
712,14.26,20.91,1.5,4.58,15.75,20.32,365.67,49.68,True
713,12.09,81.87,2.98,1.91,54.37,79.56,1387.81,191.57,True
714,13.85,32.38,1.78,4.08,23.02,31.47,557.96,76.37,True
715,12.47,71.2,2.72,2.38,47.61,69.19,1208.89,166.73,True
716,14.93,2.06,1.04,5.41,3.8,2.0,49.53,5.79,True
717,14.3,19.83,1.47,4.63,15.06,19.27,347.47,47.15,True
718,12.89,59.53,2.44,2.89,40.22,57.85,1013.18,139.56,True
719,13.83,32.81,1.79,4.06,23.29,31.89,565.22,77.38,True
720,13.86,32.06,1.77,4.09,22.81,31.16,552.65,75.63,True
721,14.9,2.95,1.06,5.37,4.37,2.87,64.45,7.86,True
722,13.47,42.95,2.03,3.62,29.71,41.74,735.2,100.97,True
723,13.72,35.91,1.86,3.93,25.25,34.9,617.19,84.59,True
724,13.09,53.78,2.3,3.14,36.57,52.26,916.78,126.18,True
725,12.99,56.6,2.37,3.02,38.36,55.01,964.17,132.76,True
726,11.86,88.37,3.14,1.62,58.49,85.87,1496.74,206.69,True
727,13.28,48.42,2.17,3.38,33.18,47.05,826.91,113.7,True
728,14.99,0.18,0.99,5.49,2.62,0.18,18.1,1.43,True
729,12.64,66.5,2.61,2.58,44.63,64.62,1130.08,155.79,True
730,13.47,43.2,2.04,3.61,29.87,41.98,739.36,101.55,True
731,13.34,46.86,2.13,3.45,32.19,45.53,800.72,110.07,True
732,13.2,50.61,2.22,3.28,34.56,49.18,863.56,118.79,True
733,12.63,66.66,2.61,2.58,44.74,64.78,1132.82,156.17,True
734,12.97,57.03,2.38,3.0,38.63,55.42,971.26,133.74,True
735,14.71,8.19,1.19,5.14,7.69,7.96,152.35,20.07,True
736,14.0,28.19,1.67,4.26,20.36,27.39,487.67,66.61,True
737,12.77,62.75,2.52,2.75,42.26,60.98,1067.27,147.07,True
738,14.71,8.24,1.19,5.14,7.72,8.01,153.18,20.18,True
739,13.35,46.56,2.12,3.46,32.0,45.24,795.69,109.37,True
740,13.65,38.05,1.91,3.83,26.61,36.98,653.04,89.57,True
741,13.05,54.85,2.32,3.09,37.25,53.3,934.76,128.68,True
742,12.0,84.58,3.05,1.79,56.09,82.19,1433.3,197.88,True
743,13.46,43.31,2.04,3.6,29.94,42.09,741.27,101.82,True
744,13.43,44.29,2.07,3.56,30.56,43.04,757.65,104.09,True
745,13.87,31.76,1.76,4.11,22.62,30.86,547.48,74.92,True
746,12.37,74.17,2.79,2.25,49.49,72.08,1258.76,173.65,True
747,12.45,71.81,2.74,2.35,47.99,69.78,1219.07,168.14,True
748,11.89,87.69,3.12,1.65,58.06,85.21,1485.43,205.12,True
749,13.03,55.4,2.34,3.07,37.6,53.84,944.03,129.96,True
750,14.72,7.77,1.18,5.16,7.43,7.55,145.35,19.09,True
751,12.93,58.18,2.4,2.95,39.36,56.53,990.53,136.42,True
752,14.82,5.08,1.11,5.28,5.72,4.94,100.2,12.83,True
753,14.87,3.65,1.08,5.34,4.81,3.55,76.26,9.5,True
754,12.78,62.5,2.51,2.76,42.1,60.74,1063.08,146.49,True
755,14.25,21.07,1.5,4.58,15.85,20.48,368.36,50.05,True
756,12.85,60.54,2.46,2.85,40.86,58.83,1030.17,141.92,True
757,14.71,8.18,1.19,5.14,7.68,7.95,152.18,20.04,True
758,13.11,53.33,2.29,3.16,36.29,51.83,909.29,125.14,True
759,12.39,73.55,2.78,2.27,49.1,71.47,1248.28,172.2,True
760,13.21,50.45,2.22,3.29,34.47,49.03,861.02,118.44,True
761,13.57,40.38,1.97,3.73,28.08,39.24,692.05,94.98,True
762,14.42,16.44,1.39,4.78,12.91,15.97,290.61,39.26,True
763,14.58,11.7,1.27,4.99,9.91,11.37,211.21,28.24,True
764,14.75,6.93,1.16,5.2,6.89,6.73,131.2,17.13,True
765,13.14,52.45,2.26,3.2,35.73,50.96,894.42,123.08,True
766,13.4,45.01,2.08,3.53,31.02,43.74,769.82,105.78,True
767,14.39,17.12,1.41,4.75,13.34,16.63,301.99,40.84,True
768,14.57,12.19,1.29,4.97,10.22,11.85,219.41,29.37,True
769,14.3,19.73,1.47,4.63,15.0,19.18,345.91,46.94,True
770,13.93,30.11,1.72,4.18,21.58,29.26,519.94,71.09,True
771,12.52,69.82,2.69,2.44,46.73,67.85,1185.73,163.51,True
772,13.23,49.83,2.2,3.31,34.07,48.42,850.52,116.98,True
773,14.26,20.86,1.5,4.59,15.72,20.28,364.86,49.57,True
774,14.39,17.22,1.41,4.74,13.41,16.73,303.73,41.08,True
775,13.4,44.93,2.08,3.53,30.97,43.66,768.47,105.59,True
776,12.59,67.86,2.64,2.52,45.5,65.95,1152.96,158.96,True
777,11.89,87.7,3.12,1.65,58.06,85.22,1485.56,205.13,True
778,12.01,84.31,3.04,1.8,55.92,81.93,1428.75,197.25,True
779,12.21,78.56,2.9,2.06,52.27,76.34,1332.3,183.86,True
780,11.87,88.15,3.13,1.63,58.35,85.66,1493.05,206.17,True
781,11.91,87.13,3.11,1.68,57.71,84.67,1476.1,203.82,True
782,12.68,65.34,2.58,2.63,43.9,63.5,1110.7,153.1,True
783,12.22,78.39,2.9,2.06,52.16,76.17,1329.41,183.46,True
784,13.56,40.63,1.98,3.72,28.24,39.49,696.36,95.58,True
785,14.5,14.11,1.33,4.88,11.44,13.71,251.6,33.84,True
786,13.87,31.9,1.76,4.1,22.71,31.0,549.9,75.25,True
787,12.0,84.39,3.04,1.8,55.97,82.01,1430.09,197.43,True
788,13.24,49.64,2.2,3.32,33.95,48.24,847.39,116.55,True
789,13.48,42.77,2.03,3.62,29.6,41.56,732.14,100.55,True
790,14.55,12.55,1.29,4.95,10.45,12.2,225.44,30.21,True
791,13.12,52.95,2.28,3.18,36.05,51.45,902.88,124.25,True
792,12.41,73.02,2.77,2.3,48.76,70.96,1239.42,170.97,True
793,12.89,59.39,2.43,2.9,40.13,57.72,1010.95,139.25,True
794,12.52,69.77,2.69,2.44,46.7,67.8,1184.9,163.4,True
795,12.45,71.91,2.74,2.35,48.06,69.88,1220.87,168.39,True
796,13.51,41.91,2.01,3.66,29.05,40.73,717.79,98.56,True
797,12.26,77.07,2.86,2.12,51.33,74.9,1307.38,180.4,True
798,14.56,12.33,1.29,4.96,10.31,11.98,221.68,29.69,True
799,12.19,79.09,2.91,2.03,52.61,76.85,1341.18,185.09,True
800,13.69,36.95,1.89,3.88,25.91,35.9,634.53,87.0,True
801,13.33,46.97,2.13,3.44,32.26,45.65,802.66,110.34,True
802,13.96,29.27,1.7,4.22,21.05,28.44,505.84,69.14,True
803,14.61,10.98,1.26,5.02,9.46,10.67,199.16,26.56,True
804,13.4,44.95,2.08,3.53,30.98,43.68,768.73,105.63,True
805,13.66,37.65,1.9,3.85,26.36,36.59,646.37,88.64,True
806,12.68,65.23,2.58,2.64,43.83,63.39,1108.81,152.84,True
807,13.6,39.41,1.95,3.77,27.47,38.3,675.84,92.73,True
808,13.49,42.47,2.02,3.64,29.41,41.27,727.17,99.86,True
809,13.82,33.13,1.79,4.05,23.49,32.19,570.54,78.12,True
810,13.99,28.42,1.68,4.25,20.51,27.62,491.53,67.15,True
811,13.68,37.04,1.89,3.88,25.97,35.99,636.12,87.22,True
812,12.97,57.29,2.38,2.99,38.8,55.67,975.62,134.35,True
813,13.53,41.42,2.0,3.68,28.74,40.25,709.51,97.41,True
814,12.31,75.62,2.83,2.18,50.41,73.48,1282.96,177.01,True
815,13.11,53.19,2.28,3.17,36.2,51.69,906.93,124.81,True
816,12.91,58.94,2.42,2.92,39.84,57.27,1003.29,138.19,True
817,12.97,57.09,2.38,3.0,38.67,55.47,972.26,133.88,True
818,12.85,60.56,2.46,2.84,40.87,58.85,1030.56,141.97,True
819,14.1,25.21,1.6,4.39,18.47,24.5,437.77,59.69,True
820,12.94,58.06,2.4,2.95,39.28,56.42,988.55,136.14,True
821,12.59,67.85,2.64,2.52,45.49,65.93,1152.65,158.92,True
822,13.59,39.6,1.95,3.76,27.59,38.48,678.95,93.17,True
823,13.12,52.91,2.28,3.18,36.02,51.41,902.17,124.15,True
824,13.41,44.9,2.08,3.53,30.95,43.63,767.92,105.52,True
825,13.84,32.75,1.79,4.06,23.25,31.82,564.13,77.23,True
826,12.85,60.43,2.46,2.85,40.78,58.72,1028.25,141.65,True
827,14.67,9.35,1.22,5.09,8.43,9.09,171.84,22.77,True
828,11.86,88.29,3.14,1.63,58.44,85.79,1495.4,206.5,True
829,14.56,12.48,1.29,4.95,10.41,12.13,224.28,30.05,True
830,12.43,72.27,2.75,2.33,48.29,70.23,1226.82,169.22,True
831,13.89,31.33,1.75,4.13,22.35,30.44,540.33,73.92,True
832,13.21,50.35,2.21,3.29,34.4,48.93,859.27,118.2,True
833,12.33,75.3,2.82,2.2,50.21,73.17,1277.69,176.28,True
834,14.36,17.89,1.42,4.72,13.84,17.39,315.05,42.65,True
835,13.06,54.53,2.32,3.11,37.05,52.99,929.4,127.93,True
836,14.15,23.91,1.57,4.45,17.65,23.24,415.95,56.66,True
837,13.21,50.43,2.22,3.29,34.45,49.01,860.66,118.39,True
838,13.5,42.35,2.02,3.64,29.33,41.16,725.17,99.58,True
839,14.97,0.92,1.01,5.46,3.08,0.9,30.46,3.15,True
840,11.94,86.22,3.09,1.72,57.13,83.78,1460.76,201.69,True
841,14.85,4.2,1.09,5.32,5.16,4.08,85.46,10.78,True
842,14.27,20.57,1.49,4.6,15.53,19.99,359.91,48.88,True
843,13.48,42.88,2.03,3.62,29.67,41.67,734.03,100.81,True
844,14.57,12.18,1.29,4.97,10.22,11.84,219.31,29.36,True
845,14.29,19.89,1.47,4.63,15.1,19.33,348.53,47.3,True
846,13.25,49.23,2.19,3.34,33.69,47.84,840.46,115.58,True
847,14.5,14.05,1.33,4.88,11.4,13.65,250.61,33.71,True
848,14.12,24.81,1.59,4.41,18.22,24.11,430.95,58.74,True
849,13.35,46.39,2.12,3.47,31.89,45.08,792.84,108.98,True
850,11.92,86.77,3.1,1.69,57.48,84.32,1470.0,202.97,True
851,11.96,85.65,3.07,1.74,56.77,83.23,1451.2,200.36,True
852,14.6,11.3,1.26,5.0,9.66,10.98,204.41,27.29,True
853,14.72,7.75,1.18,5.16,7.41,7.53,144.91,19.03,True
854,12.88,59.73,2.44,2.88,40.35,58.05,1016.63,140.04,True
855,12.51,70.15,2.7,2.42,46.94,68.17,1191.26,164.28,True
856,13.27,48.74,2.17,3.36,33.38,47.37,832.34,114.46,True
857,14.09,25.74,1.62,4.37,18.81,25.02,446.67,60.92,True
858,11.88,87.94,3.13,1.64,58.22,85.46,1489.67,205.7,True
859,12.57,68.4,2.65,2.5,45.84,66.47,1162.01,160.22,True
860,14.07,26.1,1.62,4.36,19.04,25.36,452.64,61.75,True
861,14.61,10.89,1.25,5.02,9.4,10.58,197.56,26.34,True
862,12.64,66.49,2.61,2.58,44.63,64.61,1129.97,155.77,True
863,13.88,31.41,1.75,4.12,22.4,30.53,541.76,74.12,True
864,13.7,36.59,1.88,3.9,25.68,35.56,628.6,86.18,True
865,13.12,53.05,2.28,3.17,36.11,51.55,904.61,124.49,True
866,14.69,8.85,1.2,5.11,8.11,8.6,163.43,21.6,True
867,13.33,47.05,2.13,3.44,32.31,45.73,804.02,110.53,True
868,13.87,31.8,1.76,4.11,22.65,30.9,548.21,75.02,True
869,14.77,6.35,1.14,5.22,6.52,6.17,121.45,15.78,True
870,13.52,41.57,2.0,3.68,28.84,40.39,712.04,97.76,True
871,13.33,47.01,2.13,3.44,32.28,45.68,803.26,110.42,True
872,13.97,29.12,1.7,4.22,20.95,28.29,503.22,68.77,True
873,13.17,51.4,2.24,3.25,35.06,49.94,876.83,120.63,True
874,12.98,56.83,2.37,3.01,38.51,55.23,968.01,133.29,True
875,14.62,10.73,1.25,5.03,9.3,10.42,194.88,25.97,True
876,13.8,33.8,1.81,4.02,23.91,32.84,581.7,79.67,True
877,13.62,38.72,1.93,3.8,27.03,37.63,664.3,91.13,True
878,12.0,84.52,3.04,1.79,56.05,82.13,1432.24,197.73,True
879,14.43,15.92,1.38,4.8,12.59,15.47,281.93,38.05,True
880,14.01,27.77,1.66,4.28,20.09,26.99,480.66,65.64,True
881,11.98,84.96,3.06,1.77,56.33,82.56,1439.61,198.76,True
882,14.55,12.69,1.3,4.94,10.54,12.33,227.82,30.54,True
883,13.56,40.5,1.97,3.72,28.16,39.35,694.06,95.26,True
884,14.32,19.14,1.45,4.66,14.63,18.6,335.91,45.55,True
885,14.63,10.56,1.25,5.04,9.19,10.26,192.03,25.57,True
886,14.43,16.14,1.38,4.79,12.72,15.68,285.57,38.56,True
887,12.02,83.91,3.03,1.82,55.67,81.54,1422.12,196.33,True
888,12.7,64.68,2.56,2.66,43.48,62.85,1099.6,151.56,True
889,12.98,56.78,2.37,3.01,38.47,55.18,967.1,133.17,True
890,14.63,10.44,1.24,5.04,9.11,10.14,190.01,25.29,True
891,13.26,49.1,2.18,3.35,33.61,47.71,838.33,115.29,True
892,14.46,15.13,1.36,4.84,12.09,14.71,268.75,36.22,True
893,12.0,84.35,3.04,1.8,55.94,81.96,1429.34,197.33,True
894,13.97,28.98,1.69,4.23,20.86,28.16,501.0,68.46,True
895,12.45,71.89,2.74,2.35,48.05,69.86,1220.52,168.34,True
896,12.91,58.9,2.42,2.92,39.82,57.23,1002.61,138.09,True
897,12.15,80.33,2.94,1.98,53.4,78.06,1362.01,187.98,True
898,13.2,50.83,2.23,3.27,34.7,49.39,867.26,119.31,True
899,13.51,41.84,2.01,3.67,29.01,40.65,716.53,98.38,True
900,13.84,32.8,1.79,4.06,23.28,31.88,565.06,77.36,True
901,13.83,33.07,1.79,4.05,23.45,32.14,569.52,77.98,True
902,14.26,20.86,1.5,4.59,15.71,20.27,364.71,49.54,True
903,13.74,35.49,1.85,3.94,24.99,34.49,610.14,83.61,True
904,12.26,77.04,2.86,2.12,51.31,74.86,1306.76,180.31,True
905,13.02,55.71,2.34,3.06,37.8,54.14,949.24,130.69,True
906,13.61,39.06,1.94,3.79,27.25,37.96,670.02,91.93,True
907,12.43,72.3,2.75,2.33,48.31,70.26,1227.37,169.29,True
908,13.68,37.22,1.89,3.87,26.08,36.17,639.11,87.64,True
909,12.5,70.51,2.7,2.41,47.17,68.52,1197.33,165.12,True
910,13.47,42.96,2.03,3.62,29.72,41.74,735.31,100.99,True
911,13.3,47.83,2.15,3.4,32.8,46.48,816.98,112.33,True
912,13.73,35.81,1.86,3.93,25.19,34.8,615.54,84.36,True
913,11.98,84.96,3.06,1.77,56.33,82.56,1439.56,198.75,True
914,12.78,62.64,2.51,2.75,42.19,60.87,1065.43,146.81,True
915,12.95,57.81,2.4,2.96,39.13,56.18,984.42,135.57,True
916,13.97,28.94,1.69,4.23,20.84,28.12,500.26,68.36,True
917,13.49,42.57,2.02,3.63,29.47,41.37,728.9,100.1,True
918,12.22,78.34,2.89,2.06,52.13,76.12,1328.59,183.34,True
919,14.88,3.52,1.07,5.35,4.73,3.42,73.98,9.19,True
920,12.9,59.19,2.43,2.9,40.0,57.52,1007.52,138.78,True
921,13.94,29.81,1.71,4.19,21.39,28.97,514.83,70.38,True
922,13.99,28.33,1.68,4.26,20.45,27.53,489.99,66.94,True
923,12.64,66.34,2.6,2.59,44.53,64.47,1127.42,155.42,True
924,11.91,87.12,3.11,1.68,57.7,84.66,1475.9,203.79,True
925,13.93,30.0,1.72,4.18,21.51,29.16,518.13,70.84,True
926,13.03,55.41,2.34,3.07,37.61,53.85,944.16,129.98,True
927,13.89,31.18,1.75,4.13,22.26,30.3,537.91,73.59,True
928,12.57,68.33,2.65,2.5,45.79,66.4,1160.76,160.05,True
929,14.44,15.69,1.37,4.81,12.44,15.25,278.11,37.52,True
930,14.68,9.09,1.21,5.1,8.26,8.83,167.35,22.15,True
931,13.76,35.03,1.84,3.96,24.69,34.04,602.35,82.53,True
932,13.16,51.77,2.25,3.23,35.3,50.31,883.13,121.51,True
933,13.21,50.52,2.22,3.28,34.51,49.09,862.12,118.59,True
934,14.38,17.57,1.42,4.73,13.63,17.07,309.58,41.89,True
935,12.24,77.86,2.88,2.09,51.83,75.66,1320.55,182.23,True
936,13.87,31.82,1.76,4.1,22.66,30.93,548.64,75.08,True
937,12.08,82.32,2.99,1.89,54.66,80.0,1395.4,192.62,True
938,12.61,67.38,2.63,2.55,45.19,65.48,1144.85,157.84,True
939,12.43,72.27,2.75,2.33,48.29,70.22,1226.78,169.21,True
940,13.68,37.2,1.89,3.87,26.07,36.15,638.81,87.59,True
941,13.55,40.87,1.98,3.71,28.39,39.71,700.27,96.13,True
942,12.66,65.88,2.59,2.61,44.24,64.02,1119.78,154.36,True
943,12.67,65.56,2.58,2.63,44.04,63.71,1114.33,153.6,True
944,13.81,33.61,1.81,4.03,23.8,32.67,578.67,79.24,True
945,13.86,32.22,1.77,4.09,22.92,31.31,555.32,76.0,True
946,12.08,82.09,2.99,1.9,54.51,79.77,1391.52,192.08,True
947,14.98,0.43,1.0,5.48,2.77,0.41,22.14,1.99,True
948,13.96,29.2,1.7,4.22,21.0,28.37,504.63,68.97,True
949,12.66,65.94,2.59,2.61,44.28,64.08,1120.71,154.49,True
950,11.96,85.74,3.07,1.74,56.82,83.32,1452.7,200.57,True
951,13.47,43.05,2.04,3.61,29.78,41.84,736.91,101.21,True
952,13.18,51.18,2.23,3.26,34.93,49.74,873.23,120.13,True
953,12.28,76.73,2.86,2.14,51.12,74.57,1301.69,179.61,True
954,13.39,45.44,2.09,3.51,31.29,44.16,776.99,106.77,True
955,12.49,70.73,2.71,2.4,47.31,68.73,1200.97,165.63,True
956,12.57,68.42,2.65,2.5,45.85,66.49,1162.28,160.26,True
957,14.18,23.09,1.55,4.49,17.13,22.44,402.23,54.75,True
958,14.89,3.19,1.07,5.36,4.52,3.1,68.46,8.42,True
959,13.2,50.71,2.22,3.28,34.63,49.28,865.29,119.03,True
960,13.77,34.65,1.83,3.98,24.45,33.67,595.95,81.64,True
961,12.61,67.4,2.63,2.54,45.2,65.5,1145.2,157.89,True
962,12.68,65.3,2.58,2.64,43.87,63.45,1109.96,153.0,True
963,12.7,64.83,2.57,2.66,43.57,63.0,1102.09,151.9,True
964,12.11,81.26,2.97,1.94,53.98,78.96,1377.55,190.14,True
965,14.04,26.94,1.64,4.32,19.57,26.17,466.67,63.7,True
966,14.5,14.13,1.33,4.88,11.45,13.73,251.91,33.89,True
967,13.69,36.82,1.88,3.89,25.83,35.78,632.43,86.71,True
968,12.17,79.65,2.93,2.01,52.96,77.4,1350.53,186.39,True
969,14.73,7.55,1.17,5.17,7.29,7.34,141.67,18.58,True
970,13.46,43.29,2.04,3.6,29.92,42.06,740.82,101.75,True
971,12.41,72.96,2.76,2.3,48.72,70.89,1238.35,170.82,True
972,12.34,75.0,2.81,2.21,50.02,72.88,1272.64,175.58,True
973,12.35,74.48,2.8,2.23,49.69,72.38,1263.93,174.37,True
974,11.94,86.15,3.08,1.72,57.08,83.72,1459.57,201.53,True
975,12.82,61.28,2.48,2.81,41.33,59.55,1042.65,143.65,True
976,13.16,51.86,2.25,3.23,35.35,50.39,884.52,121.7,True
977,12.3,76.17,2.84,2.16,50.76,74.02,1292.23,178.3,True
978,14.48,14.78,1.35,4.85,11.87,14.37,262.89,35.41,True
979,14.64,10.18,1.24,5.05,8.95,9.89,185.63,24.69,True
980,12.62,66.94,2.62,2.56,44.91,65.05,1137.54,156.82,True
981,12.42,72.65,2.76,2.31,48.53,70.59,1233.15,170.1,True
982,13.37,45.97,2.11,3.48,31.63,44.68,785.91,108.01,True
983,12.99,56.69,2.37,3.01,38.42,55.09,965.61,132.96,True
984,13.88,31.6,1.76,4.11,22.52,30.71,544.93,74.56,True
985,12.6,67.54,2.63,2.54,45.29,65.63,1147.45,158.2,True
986,14.37,17.87,1.42,4.72,13.82,17.36,314.57,42.58,True
987,12.39,73.38,2.77,2.28,48.99,71.3,1245.41,171.8,True
988,11.93,86.33,3.09,1.71,57.2,83.89,1462.64,201.95,True
989,14.02,27.65,1.66,4.29,20.02,26.87,478.64,65.36,True
990,13.93,30.04,1.72,4.18,21.53,29.19,518.78,70.93,True
991,13.48,42.84,2.03,3.62,29.64,41.63,733.28,100.71,True
992,13.82,33.36,1.8,4.04,23.64,32.42,574.37,78.65,True
993,14.73,7.71,1.18,5.16,7.38,7.49,144.23,18.94,True
994,12.93,58.37,2.41,2.94,39.48,56.72,993.78,136.87,True
995,14.61,10.98,1.26,5.02,9.46,10.67,199.08,26.55,True
996,14.95,1.35,1.02,5.44,3.35,1.31,37.59,4.14,True
997,14.03,27.44,1.66,4.3,19.88,26.66,475.06,64.86,True
998,12.07,82.52,3.0,1.88,54.78,80.19,1398.73,193.08,True
999,14.35,18.38,1.44,4.69,14.15,17.87,323.29,43.79,True
1000,12.11,81.43,2.97,1.93,54.09,79.12,1380.36,190.53,True
1001,14.85,4.3,1.09,5.31,5.22,4.18,87.06,11.0,True
1002,11.89,87.67,3.12,1.66,58.04,85.19,1485.04,205.06,True
1003,13.12,52.83,2.27,3.18,35.97,51.34,900.87,123.97,True
1004,14.19,22.72,1.54,4.5,16.89,22.08,395.92,53.88,True
1005,12.32,75.49,2.83,2.19,50.33,73.36,1280.87,176.72,True
1006,13.51,42.01,2.01,3.66,29.12,40.83,719.48,98.79,True
1007,12.67,65.49,2.58,2.63,43.99,63.64,1113.17,153.44,True
1008,14.5,14.11,1.33,4.88,11.44,13.71,251.63,33.85,True
1009,13.9,31.05,1.74,4.14,22.17,30.18,535.7,73.28,True
1010,13.68,37.04,1.89,3.88,25.96,35.99,636.02,87.21,True
1011,12.67,65.53,2.58,2.63,44.02,63.68,1113.77,153.52,True
1012,14.78,6.33,1.14,5.22,6.51,6.15,121.17,15.74,True
1013,12.29,76.26,2.84,2.16,50.82,74.11,1293.83,178.52,True
1014,13.47,43.1,2.04,3.61,29.81,41.88,737.71,101.32,True
1015,12.92,58.54,2.41,2.93,39.59,56.89,996.6,137.26,True
1016,14.3,19.68,1.47,4.64,14.97,19.13,345.04,46.81,True
1017,13.84,32.77,1.79,4.06,23.26,31.84,564.5,77.28,True
1018,12.05,82.99,3.01,1.86,55.08,80.65,1406.64,194.18,True
1019,13.61,39.2,1.94,3.78,27.34,38.09,672.33,92.25,True
1020,13.84,32.7,1.78,4.07,23.22,31.78,563.36,77.12,True
1021,12.83,60.98,2.47,2.83,41.14,59.26,1037.55,142.94,True
1022,13.0,56.28,2.36,3.03,38.16,54.69,958.73,132.0,True
1023,13.1,53.36,2.29,3.16,36.31,51.86,909.82,125.21,True
1024,12.17,79.69,2.93,2.01,52.99,77.43,1351.19,186.48,True
1025,14.22,22.06,1.53,4.53,16.47,21.43,384.86,52.34,True
1026,14.38,17.41,1.41,4.74,13.53,16.92,306.94,41.52,True
1027,12.61,67.17,2.62,2.55,45.06,65.27,1141.32,157.35,True
1028,12.16,79.88,2.93,2.0,53.11,77.62,1354.43,186.93,True
1029,14.66,9.71,1.23,5.07,8.65,9.44,177.89,23.61,True
1030,14.14,24.19,1.58,4.44,17.82,23.5,420.56,57.3,True
1031,14.66,9.61,1.22,5.08,8.59,9.34,176.22,23.38,True
1032,14.07,26.19,1.63,4.35,19.1,25.45,454.22,61.97,True
1033,12.78,62.44,2.51,2.76,42.06,60.67,1061.95,146.33,True
1034,12.91,58.86,2.42,2.92,39.79,57.2,1002.0,138.01,True
1035,12.12,81.01,2.96,1.95,53.83,78.72,1373.46,189.57,True
1036,12.75,63.42,2.53,2.72,42.68,61.62,1078.37,148.61,True
1037,12.22,78.25,2.89,2.07,52.08,76.04,1327.17,183.15,True
1038,12.96,57.43,2.39,2.98,38.89,55.81,978.07,134.69,True
1039,12.41,72.9,2.76,2.3,48.69,70.84,1237.37,170.68,True
1040,12.13,80.71,2.95,1.96,53.63,78.43,1368.31,188.86,True
1041,13.89,31.38,1.75,4.12,22.38,30.5,541.23,74.05,True
1042,12.95,57.79,2.39,2.97,39.12,56.16,984.1,135.52,True
1043,14.76,6.74,1.15,5.2,6.77,6.55,127.94,16.68,True
1044,12.78,62.38,2.51,2.76,42.02,60.62,1061.01,146.2,True
1045,13.89,31.19,1.75,4.13,22.26,30.31,538.03,73.6,True
1046,14.43,16.14,1.38,4.79,12.73,15.68,285.65,38.57,True
1047,11.96,85.65,3.07,1.74,56.77,83.23,1451.26,200.37,True
1048,13.42,44.43,2.07,3.55,30.65,43.18,760.09,104.43,True
1049,12.32,75.4,2.82,2.19,50.27,73.27,1279.38,176.51,True
1050,12.35,74.76,2.81,2.22,49.87,72.65,1268.64,175.02,True
1051,14.45,15.55,1.37,4.82,12.35,15.11,275.67,37.19,True
1052,14.23,21.65,1.52,4.55,16.21,21.03,377.95,51.38,True
1053,12.95,57.68,2.39,2.97,39.04,56.05,982.2,135.26,True
1054,12.5,70.47,2.7,2.41,47.15,68.48,1196.65,165.03,True
1055,14.72,8.02,1.18,5.15,7.58,7.79,149.42,19.66,True
1056,14.97,0.77,1.01,5.47,2.99,0.75,27.89,2.79,True
1057,11.99,84.8,3.05,1.78,56.23,82.41,1437.01,198.4,True
1058,12.82,61.26,2.48,2.81,41.31,59.53,1042.28,143.6,True
1059,14.27,20.58,1.49,4.6,15.54,20.0,360.08,48.9,True
1060,13.49,42.44,2.02,3.64,29.39,41.24,726.68,99.79,True
1061,12.15,80.27,2.94,1.98,53.35,78.0,1360.94,187.84,True
1062,12.95,57.77,2.39,2.97,39.1,56.14,983.74,135.47,True
1063,14.28,20.16,1.48,4.62,15.28,19.59,353.12,47.94,True
1064,14.85,4.36,1.09,5.31,5.26,4.23,88.07,11.14,True
1065,13.57,40.21,1.97,3.74,27.98,39.08,689.33,94.61,True
1066,14.58,11.9,1.28,4.98,10.04,11.56,214.54,28.7,True
1067,12.28,76.73,2.86,2.14,51.12,74.57,1301.69,179.61,True
1068,12.64,66.54,2.61,2.58,44.66,64.66,1130.73,155.88,True
1069,11.94,86.19,3.09,1.72,57.11,83.76,1460.28,201.63,True
1070,13.18,51.22,2.23,3.25,34.95,49.78,873.94,120.23,True
1071,14.84,4.62,1.1,5.3,5.43,4.49,92.43,11.75,True
1072,12.02,83.91,3.03,1.82,55.66,81.54,1422.07,196.32,True
1073,12.58,68.26,2.65,2.51,45.75,66.33,1159.61,159.89,True
1074,14.22,22.1,1.53,4.53,16.5,21.47,385.55,52.44,True
1075,12.58,68.01,2.64,2.52,45.59,66.09,1155.37,159.3,True
1076,13.86,32.19,1.77,4.09,22.89,31.28,554.75,75.92,True
1077,14.97,0.75,1.01,5.47,2.97,0.72,27.51,2.74,True
1078,12.9,59.05,2.43,2.91,39.91,57.38,1005.16,138.45,True
1079,13.58,39.96,1.96,3.75,27.82,38.83,685.01,94.01,True
1080,13.67,37.33,1.9,3.86,26.15,36.28,640.99,87.9,True
1081,12.5,70.44,2.7,2.41,47.13,68.45,1196.15,164.96,True
1082,12.48,70.99,2.72,2.39,47.48,68.98,1205.33,166.23,True
1083,12.23,78.0,2.89,2.08,51.92,75.79,1322.89,182.55,True
1084,13.67,37.34,1.9,3.86,26.16,36.29,641.2,87.93,True
1085,13.77,34.69,1.83,3.98,24.48,33.71,596.76,81.76,True
1086,11.91,86.97,3.1,1.69,57.61,84.52,1473.43,203.45,True
1087,12.94,58.11,2.4,2.95,39.32,56.47,989.47,136.27,True
1088,14.05,26.68,1.64,4.33,19.4,25.93,462.39,63.1,True
1089,14.92,2.21,1.04,5.4,3.9,2.15,52.03,6.14,True
1090,13.7,36.48,1.88,3.9,25.61,35.45,626.68,85.91,True
1091,14.45,15.37,1.36,4.83,12.24,14.94,272.8,36.79,True
1092,14.13,24.63,1.59,4.42,18.1,23.93,428.0,58.33,True
1093,12.6,67.56,2.63,2.54,45.31,65.65,1147.9,158.26,True
1094,13.93,30.0,1.72,4.18,21.5,29.15,517.97,70.82,True
1095,13.21,50.36,2.21,3.29,34.41,48.94,859.53,118.23,True
1096,14.06,26.37,1.63,4.34,19.21,25.62,457.14,62.37,True
1097,13.6,39.46,1.95,3.77,27.5,38.34,676.62,92.84,True
1098,12.55,69.01,2.67,2.47,46.23,67.06,1172.25,161.64,True
1099,12.82,61.25,2.48,2.81,41.31,59.52,1042.15,143.58,True
1100,13.64,38.4,1.92,3.82,26.83,37.31,658.89,90.38,True
1101,12.94,57.9,2.4,2.96,39.18,56.26,985.88,135.77,True
1102,12.02,83.96,3.03,1.82,55.7,81.59,1422.92,196.44,True
1103,13.19,50.9,2.23,3.27,34.75,49.46,868.45,119.47,True
1104,11.89,87.53,3.12,1.66,57.96,85.06,1482.76,204.75,True
1105,13.67,37.4,1.9,3.86,26.2,36.35,642.17,88.06,True
1106,13.24,49.55,2.19,3.33,33.89,48.15,845.86,116.33,True
1107,12.19,79.11,2.91,2.03,52.62,76.87,1341.5,185.14,True
1108,14.06,26.57,1.64,4.33,19.34,25.82,460.56,62.85,True
1109,12.6,67.5,2.63,2.54,45.27,65.6,1146.94,158.13,True
1110,14.73,7.5,1.17,5.17,7.25,7.29,140.78,18.46,True
1111,12.73,63.91,2.54,2.7,42.99,62.11,1086.72,149.77,True
1112,13.1,53.48,2.29,3.15,36.39,51.97,911.81,125.49,True
1113,12.91,58.75,2.42,2.92,39.72,57.09,1000.07,137.74,True
1114,13.48,42.85,2.03,3.62,29.65,41.64,733.54,100.74,True
1115,12.56,68.59,2.66,2.49,45.95,66.65,1165.06,160.65,True
1116,14.45,15.58,1.37,4.82,12.37,15.14,276.22,37.26,True
1117,13.01,56.05,2.35,3.04,38.01,54.47,954.86,131.47,True
1118,13.59,39.75,1.96,3.76,27.68,38.62,681.46,93.51,True
1119,12.8,61.95,2.5,2.78,41.75,60.2,1053.84,145.21,True
1120,14.31,19.34,1.46,4.65,14.75,18.79,339.23,46.01,True
1121,12.95,57.69,2.39,2.97,39.05,56.06,982.37,135.28,True
1122,12.04,83.32,3.02,1.85,55.29,80.96,1412.08,194.93,True
1123,12.89,59.42,2.43,2.89,40.15,57.74,1011.34,139.31,True
1124,13.9,30.84,1.74,4.15,22.04,29.97,532.08,72.78,True
1125,12.79,62.29,2.5,2.77,41.97,60.53,1059.57,146.0,True
1126,12.59,67.73,2.64,2.53,45.41,65.81,1150.64,158.64,True
1127,12.61,67.19,2.62,2.55,45.07,65.29,1141.71,157.4,True
1128,13.89,31.22,1.75,4.13,22.28,30.33,538.44,73.66,True
1129,13.17,51.65,2.25,3.24,35.22,50.19,881.09,121.22,True
1130,13.8,33.88,1.81,4.01,23.97,32.93,583.18,79.87,True
1131,12.5,70.46,2.7,2.41,47.14,68.47,1196.48,165.01,True
1132,13.85,32.37,1.78,4.08,23.01,31.45,557.71,76.34,True
1133,12.22,78.23,2.89,2.07,52.06,76.02,1326.75,183.09,True
1134,13.42,44.43,2.07,3.55,30.65,43.18,760.08,104.43,True
1135,13.83,32.99,1.79,4.05,23.4,32.05,568.11,77.78,True
1136,12.38,73.88,2.79,2.26,49.31,71.8,1253.9,172.98,True
1137,14.87,3.68,1.08,5.34,4.83,3.57,76.66,9.56,True
1138,12.68,65.41,2.58,2.63,43.94,63.56,1111.77,153.25,True
1139,13.64,38.36,1.92,3.82,26.8,37.28,658.21,90.29,True
1140,13.94,29.76,1.71,4.2,21.35,28.92,513.99,70.27,True
1141,14.35,18.44,1.44,4.69,14.18,17.92,324.25,43.93,True
1142,12.75,63.24,2.53,2.73,42.57,61.46,1075.47,148.21,True
1143,12.95,57.83,2.4,2.96,39.14,56.19,984.66,135.6,True
1144,13.92,30.53,1.73,4.16,21.84,29.67,526.97,72.07,True
1145,12.63,66.67,2.61,2.58,44.74,64.79,1133.01,156.2,True
1146,13.06,54.73,2.32,3.1,37.18,53.19,932.76,128.4,True
1147,13.76,34.97,1.84,3.97,24.66,33.99,601.44,82.41,True
1148,12.25,77.45,2.87,2.1,51.57,75.27,1313.78,181.29,True
1149,12.49,70.82,2.71,2.39,47.37,68.82,1202.5,165.84,True
1150,12.03,83.65,3.02,1.83,55.5,81.29,1417.72,195.72,True
1151,13.4,45.18,2.09,3.52,31.12,43.9,772.57,106.16,True
1152,12.64,66.38,2.6,2.59,44.55,64.5,1128.03,155.5,True
1153,14.48,14.64,1.34,4.86,11.78,14.23,260.54,35.08,True
1154,14.39,17.27,1.41,4.74,13.44,16.79,304.66,41.21,True
1155,12.83,61.13,2.48,2.82,41.23,59.4,1039.98,143.28,True
1156,13.97,28.89,1.69,4.23,20.8,28.07,499.4,68.24,True
1157,13.95,29.54,1.71,4.2,21.21,28.7,510.26,69.75,True
1158,14.13,24.43,1.58,4.43,17.98,23.74,424.61,57.86,True
1159,13.42,44.48,2.07,3.55,30.68,43.22,760.83,104.53,True
1160,12.38,73.87,2.79,2.26,49.3,71.79,1253.75,172.96,True
1161,12.53,69.57,2.68,2.45,46.58,67.61,1181.61,162.94,True
1162,13.84,32.78,1.79,4.06,23.27,31.85,564.62,77.3,True
1163,11.9,87.3,3.11,1.67,57.81,84.83,1478.85,204.2,True
1164,12.59,67.93,2.64,2.52,45.54,66.01,1154.07,159.12,True
1165,14.58,11.69,1.27,4.99,9.91,11.36,211.01,28.21,True
1166,12.42,72.77,2.76,2.31,48.61,70.72,1235.27,170.39,True
1167,13.27,48.8,2.18,3.36,33.42,47.42,833.34,114.6,True
1168,12.56,68.74,2.66,2.49,46.05,66.8,1167.69,161.01,True
1169,14.78,6.29,1.14,5.22,6.48,6.11,120.46,15.64,True
1170,14.34,18.67,1.44,4.68,14.33,18.14,328.07,44.46,True
1171,12.29,76.3,2.85,2.15,50.84,74.15,1294.44,178.6,True
1172,13.5,42.22,2.02,3.65,29.25,41.02,722.91,99.27,True
1173,12.58,68.23,2.65,2.51,45.73,66.3,1159.03,159.81,True
1174,14.71,8.15,1.19,5.14,7.66,7.92,151.7,19.98,True
1175,13.14,52.33,2.26,3.2,35.66,50.86,892.57,122.82,True
1176,12.79,62.22,2.5,2.77,41.92,60.46,1058.32,145.83,True
1177,13.74,35.45,1.85,3.95,24.96,34.45,609.39,83.51,True
1178,12.18,79.37,2.92,2.02,52.78,77.12,1345.85,185.74,True
1179,13.27,48.84,2.18,3.36,33.44,47.46,833.9,114.67,True
1180,13.36,46.31,2.12,3.47,31.84,45.0,791.49,108.79,True
1181,12.76,63.14,2.52,2.73,42.5,61.36,1073.76,147.97,True
1182,13.99,28.53,1.68,4.25,20.57,27.72,493.37,67.4,True
1183,12.12,81.24,2.97,1.94,53.97,78.94,1377.19,190.09,True
1184,14.59,11.59,1.27,4.99,9.84,11.26,209.35,27.98,True
1185,13.07,54.41,2.31,3.11,36.97,52.87,927.32,127.64,True
1186,14.64,10.12,1.23,5.06,8.91,9.84,184.74,24.56,True
1187,12.18,79.52,2.92,2.01,52.88,77.27,1348.35,186.09,True
1188,12.05,83.14,3.01,1.85,55.18,80.79,1409.13,194.53,True
1189,14.02,27.64,1.66,4.29,20.01,26.86,478.54,65.35,True
1190,12.55,68.94,2.67,2.48,46.18,67.0,1171.06,161.48,True
1191,13.08,54.04,2.3,3.13,36.74,52.51,921.15,126.79,True
1192,14.31,19.33,1.46,4.65,14.75,18.79,339.21,46.01,True
1193,12.7,64.81,2.57,2.66,43.56,62.98,1101.75,151.86,True
1194,12.46,71.49,2.73,2.37,47.79,69.47,1213.73,167.4,True
1195,12.25,77.46,2.87,2.1,51.57,75.27,1313.81,181.29,True
1196,12.92,58.65,2.42,2.93,39.66,56.99,998.4,137.51,True
1197,13.72,35.92,1.86,3.92,25.26,34.9,617.25,84.6,True
1198,14.18,23.19,1.55,4.48,17.2,22.54,403.92,54.99,True
1199,14.6,11.38,1.27,5.0,9.71,11.06,205.87,27.5,True
1200,14.68,9.02,1.21,5.1,8.22,8.77,166.28,22.0,True
1201,14.18,23.12,1.55,4.49,17.15,22.47,402.7,54.82,True
1202,12.82,61.33,2.48,2.81,41.35,59.59,1043.33,143.75,True
1203,12.17,79.57,2.92,2.01,52.92,77.33,1349.31,186.22,True
1204,13.01,56.16,2.36,3.04,38.08,54.58,956.76,131.73,True
1205,14.79,5.83,1.13,5.24,6.2,5.67,112.84,14.58,True
1206,14.39,17.14,1.41,4.75,13.36,16.65,302.38,40.89,True
1207,12.47,71.36,2.72,2.37,47.71,69.34,1211.58,167.1,True
1208,13.28,48.38,2.17,3.38,33.15,47.02,826.32,113.62,True
1209,14.55,12.81,1.3,4.94,10.62,12.45,229.81,30.82,True
1210,14.11,24.97,1.6,4.41,18.32,24.26,433.7,59.12,True
1211,14.12,24.86,1.59,4.41,18.25,24.16,431.85,58.86,True
1212,12.42,72.73,2.76,2.31,48.58,70.67,1234.51,170.29,True
1213,14.44,15.65,1.37,4.81,12.42,15.21,277.43,37.43,True
1214,14.63,10.35,1.24,5.05,9.06,10.06,188.63,25.1,True
1215,14.79,5.8,1.13,5.25,6.17,5.63,112.23,14.5,True
1216,12.66,65.94,2.59,2.61,44.28,64.08,1120.78,154.5,True
1217,13.58,40.03,1.96,3.74,27.86,38.9,686.28,94.18,True
1218,12.74,63.52,2.53,2.71,42.75,61.73,1080.16,148.86,True
1219,12.82,61.45,2.48,2.81,41.43,59.72,1045.45,144.04,True
1220,14.09,25.62,1.61,4.38,18.73,24.9,444.68,60.65,True
1221,13.41,44.83,2.08,3.53,30.91,43.57,766.8,105.36,True
1222,14.32,19.27,1.46,4.65,14.71,18.73,338.17,45.86,True
1223,12.75,63.26,2.53,2.73,42.58,61.47,1075.79,148.25,True
1224,13.76,35.01,1.84,3.96,24.68,34.02,601.98,82.48,True
1225,14.89,3.07,1.06,5.37,4.45,2.98,66.49,8.15,True
1226,12.55,68.93,2.67,2.48,46.17,66.98,1170.77,161.44,True
1227,13.48,42.73,2.03,3.63,29.58,41.53,731.58,100.47,True
1228,13.84,32.8,1.79,4.06,23.28,31.88,565.06,77.36,True
1229,13.94,29.72,1.71,4.2,21.33,28.88,513.28,70.17,True
1230,12.69,65.05,2.57,2.65,43.72,63.22,1105.85,152.43,True
1231,11.93,86.54,3.09,1.71,57.33,84.09,1466.12,202.44,True
1232,13.04,55.16,2.33,3.08,37.45,53.61,940.0,129.4,True
1233,13.4,45.05,2.08,3.52,31.04,43.78,770.45,105.87,True
1234,14.78,6.27,1.14,5.22,6.47,6.09,120.17,15.6,True
1235,13.38,45.53,2.1,3.5,31.35,44.24,778.47,106.98,True
1236,12.35,74.5,2.8,2.23,49.7,72.39,1264.21,174.41,True
1237,12.36,74.23,2.79,2.24,49.53,72.13,1259.73,173.79,True
1238,14.59,11.48,1.27,5.0,9.78,11.16,207.56,27.73,True
1239,-70.07,-100.57,3.26,-4.68,43.87,-72.26,1491.3,195.8,False
1240,-57.09,-70.61,3.24,-3.68,46.2,-47.18,1492.52,197.57,False
1241,-70.88,-102.43,3.26,-4.75,43.72,-73.82,1491.22,195.69,False
1242,-104.96,-181.09,3.31,-7.37,37.6,-139.65,1488.02,191.02,False
1243,-50.52,-55.45,3.23,-3.18,47.38,-34.49,1493.14,198.47,False
1244,-78.93,-121.02,3.27,-5.36,42.28,-89.38,1490.46,194.58,False
1245,-62.15,-82.29,3.25,-4.07,45.29,-56.96,1492.04,196.88,False
1246,-57.68,-71.97,3.24,-3.73,46.09,-48.32,1492.46,197.49,False
1247,-70.86,-102.39,3.26,-4.74,43.72,-73.78,1491.22,195.69,False
1248,-94.09,-156.0,3.29,-6.53,39.55,-118.65,1489.04,192.51,False
1249,-66.47,-92.25,3.25,-4.41,44.51,-65.3,1491.64,196.29,False
1250,-51.68,-58.13,3.23,-3.27,47.17,-36.74,1493.03,198.31,False
1251,-49.07,-52.11,3.23,-3.07,47.64,-31.69,1493.27,198.67,False
1252,-77.58,-117.89,3.27,-5.26,42.52,-86.75,1490.59,194.77,False
1253,-88.57,-143.25,3.29,-6.11,40.55,-107.99,1489.56,193.27,False
1254,-90.43,-147.54,3.29,-6.25,40.21,-111.57,1489.38,193.01,False
1255,-100.64,-171.12,3.3,-7.03,38.38,-131.31,1488.42,191.62,False
1256,-72.9,-107.09,3.26,-4.9,43.36,-77.72,1491.03,195.41,False
1257,-100.74,-171.35,3.3,-7.04,38.36,-131.5,1488.41,191.6,False
1258,-48.14,-49.95,3.23,-3.0,47.8,-29.88,1493.36,198.8,False
1259,-47.65,-48.82,3.23,-2.96,47.89,-28.94,1493.41,198.86,False
1260,-68.47,-96.87,3.26,-4.56,44.15,-69.16,1491.45,196.02,False
1261,-77.84,-118.49,3.27,-5.28,42.47,-87.26,1490.57,194.73,False
1262,-55.32,-66.52,3.24,-3.55,46.51,-43.76,1492.68,197.81,False
1263,-73.07,-107.48,3.26,-4.91,43.33,-78.04,1491.02,195.39,False
1264,-88.24,-142.49,3.29,-6.08,40.61,-107.35,1489.59,193.31,False
1265,-86.12,-137.6,3.28,-5.92,40.99,-103.26,1489.79,193.6,False
1266,-89.93,-146.38,3.29,-6.21,40.3,-110.61,1489.43,193.08,False
1267,-102.92,-176.37,3.31,-7.21,37.97,-135.71,1488.21,191.3,False
1268,-53.38,-62.04,3.24,-3.4,46.86,-40.01,1492.87,198.08,False
1269,-94.48,-156.9,3.29,-6.56,39.48,-119.41,1489.0,192.46,False
1270,-96.6,-161.79,3.3,-6.72,39.1,-123.5,1488.8,192.17,False
1271,-102.34,-175.03,3.31,-7.17,38.07,-134.58,1488.26,191.38,False
1272,-83.52,-131.61,3.28,-5.72,41.45,-98.24,1490.03,193.96,False
1273,-77.57,-117.86,3.27,-5.26,42.52,-86.73,1490.59,194.77,False
1274,-104.98,-181.13,3.31,-7.37,37.6,-139.69,1488.02,191.02,False
1275,-71.7,-104.32,3.26,-4.81,43.57,-75.4,1491.14,195.57,False
1276,-98.85,-166.99,3.3,-6.9,38.7,-127.85,1488.59,191.86,False
1277,-48.99,-51.91,3.23,-3.06,47.65,-31.53,1493.28,198.68,False
1278,-63.84,-86.2,3.25,-4.2,44.98,-60.23,1491.88,196.65,False
1279,-86.95,-139.53,3.28,-5.98,40.84,-104.87,1489.71,193.49,False
1280,-48.1,-49.87,3.23,-2.99,47.81,-29.82,1493.36,198.8,False
1281,-74.93,-111.78,3.27,-5.06,42.99,-81.64,1490.84,195.13,False
1282,-104.36,-179.7,3.31,-7.32,37.71,-138.49,1488.07,191.11,False
1283,-73.38,-108.2,3.26,-4.94,43.27,-78.64,1490.99,195.34,False
1284,-102.19,-174.68,3.31,-7.15,38.1,-134.29,1488.28,191.4,False
1285,-84.7,-134.31,3.28,-5.81,41.24,-100.5,1489.92,193.8,False
1286,-79.29,-121.83,3.27,-5.39,42.21,-90.06,1490.43,194.54,False
1287,-54.67,-65.02,3.24,-3.5,46.63,-42.5,1492.75,197.9,False
1288,-76.86,-116.24,3.27,-5.21,42.65,-85.37,1490.66,194.87,False
1289,-80.34,-124.26,3.27,-5.47,42.02,-92.09,1490.33,194.39,False
1290,-67.64,-94.95,3.26,-4.5,44.3,-67.55,1491.53,196.13,False
1291,-99.67,-168.87,3.3,-6.96,38.55,-129.43,1488.51,191.75,False
1292,-66.01,-91.2,3.25,-4.37,44.59,-64.42,1491.68,196.35,False
1293,-66.71,-92.82,3.25,-4.42,44.47,-65.77,1491.61,196.26,False
1294,-80.05,-123.6,3.27,-5.45,42.07,-91.53,1490.36,194.43,False
1295,-102.04,-174.33,3.31,-7.14,38.13,-134.0,1488.29,191.42,False
1296,-92.53,-152.4,3.29,-6.41,39.83,-115.64,1489.19,192.72,False
1297,-69.93,-100.24,3.26,-4.67,43.89,-71.98,1491.31,195.82,False
1298,-55.51,-66.97,3.24,-3.56,46.48,-44.13,1492.67,197.79,False
1299,-51.11,-56.81,3.23,-3.22,47.27,-35.63,1493.08,198.39,False
1300,-99.3,-168.03,3.3,-6.93,38.62,-128.72,1488.55,191.8,False
1301,-63.43,-85.25,3.25,-4.17,45.06,-59.43,1491.92,196.7,False
1302,-77.45,-117.59,3.27,-5.25,42.54,-86.5,1490.6,194.79,False
1303,-104.09,-179.08,3.31,-7.3,37.76,-137.97,1488.1,191.14,False
1304,-99.05,-167.44,3.3,-6.91,38.67,-128.23,1488.57,191.83,False
1305,-66.41,-92.12,3.25,-4.4,44.52,-65.18,1491.64,196.3,False
1306,-49.05,-52.06,3.23,-3.07,47.64,-31.65,1493.27,198.67,False
1307,-97.21,-163.19,3.3,-6.77,39.0,-124.68,1488.75,192.08,False
1308,-99.81,-169.18,3.3,-6.97,38.53,-129.69,1488.5,191.73,False
1309,-89.5,-145.41,3.29,-6.18,40.38,-109.79,1489.47,193.14,False
1310,-66.23,-91.7,3.25,-4.39,44.56,-64.83,1491.66,196.32,False
1311,-71.77,-104.5,3.26,-4.81,43.56,-75.54,1491.14,195.56,False
1312,-87.65,-141.13,3.29,-6.04,40.71,-106.21,1489.64,193.39,False
1313,-96.74,-162.1,3.3,-6.73,39.08,-123.76,1488.79,192.15,False
1314,-94.44,-156.8,3.29,-6.56,39.49,-119.32,1489.01,192.46,False
1315,-99.87,-169.33,3.3,-6.98,38.52,-129.82,1488.5,191.72,False
1316,-95.39,-159.0,3.3,-6.63,39.32,-121.16,1488.92,192.33,False
1317,-46.96,-47.24,3.23,-2.91,48.01,-27.62,1493.47,198.96,False
1318,-67.29,-94.14,3.26,-4.47,44.37,-66.88,1491.56,196.18,False
1319,-58.72,-74.37,3.24,-3.81,45.9,-50.33,1492.36,197.35,False
1320,-84.55,-133.97,3.28,-5.8,41.27,-100.22,1489.94,193.82,False
1321,-56.62,-69.53,3.24,-3.65,46.28,-46.27,1492.56,197.64,False
1322,-102.42,-175.21,3.31,-7.17,38.06,-134.74,1488.26,191.37,False
1323,-60.9,-79.4,3.25,-3.98,45.51,-54.54,1492.16,197.05,False
1324,-78.3,-119.55,3.27,-5.32,42.39,-88.14,1490.52,194.67,False
1325,-81.97,-128.03,3.28,-5.6,41.73,-95.25,1490.18,194.17,False
1326,-77.51,-117.73,3.27,-5.26,42.53,-86.62,1490.6,194.78,False
1327,-71.05,-102.83,3.26,-4.76,43.69,-74.15,1491.2,195.66,False
1328,-52.12,-59.15,3.23,-3.3,47.09,-37.59,1492.98,198.25,False
1329,-91.61,-150.28,3.29,-6.34,40.0,-113.87,1489.27,192.85,False
1330,-56.94,-70.26,3.24,-3.67,46.22,-46.89,1492.53,197.59,False
1331,-87.27,-140.27,3.28,-6.01,40.78,-105.49,1489.68,193.44,False
1332,-70.42,-101.38,3.26,-4.71,43.8,-72.93,1491.26,195.75,False
1333,-78.26,-119.46,3.27,-5.31,42.4,-88.07,1490.53,194.68,False
1334,-81.74,-127.5,3.28,-5.58,41.77,-94.8,1490.2,194.2,False
1335,-59.55,-76.29,3.24,-3.87,45.75,-51.93,1492.29,197.23,False
1336,-96.48,-161.51,3.3,-6.71,39.13,-123.27,1488.81,192.18,False
1337,-104.9,-180.95,3.31,-7.36,37.61,-139.54,1488.02,191.03,False
1338,-85.22,-135.53,3.28,-5.85,41.15,-101.52,1489.87,193.72,False
1339,-58.04,-72.8,3.24,-3.76,46.03,-49.01,1492.43,197.44,False
1340,-92.67,-152.72,3.29,-6.42,39.81,-115.91,1489.17,192.71,False
1341,-94.63,-157.24,3.3,-6.57,39.46,-119.7,1488.99,192.44,False
1342,-83.43,-131.38,3.28,-5.71,41.47,-98.05,1490.04,193.97,False
1343,-85.99,-137.31,3.28,-5.91,41.01,-103.01,1489.8,193.62,False
1344,-87.51,-140.8,3.28,-6.02,40.74,-105.93,1489.66,193.41,False
1345,-102.34,-175.03,3.31,-7.17,38.07,-134.58,1488.26,191.38,False
1346,-61.25,-80.21,3.25,-4.0,45.45,-55.22,1492.13,197.0,False
1347,-98.71,-166.65,3.3,-6.89,38.73,-127.57,1488.6,191.88,False
1348,-66.25,-91.75,3.25,-4.39,44.55,-64.88,1491.66,196.32,False
1349,-65.76,-90.61,3.25,-4.35,44.64,-63.92,1491.7,196.39,False
1350,-54.72,-65.13,3.24,-3.5,46.62,-42.6,1492.74,197.9,False
1351,-104.13,-179.16,3.31,-7.3,37.75,-138.04,1488.1,191.14,False
1352,-76.53,-115.47,3.27,-5.18,42.71,-84.73,1490.69,194.91,False
1353,-51.16,-56.93,3.23,-3.23,47.26,-35.73,1493.08,198.38,False
1354,-79.67,-122.72,3.27,-5.42,42.14,-90.8,1490.39,194.48,False
1355,-54.02,-63.52,3.24,-3.45,46.75,-41.25,1492.81,197.99,False
1356,-58.52,-73.91,3.24,-3.79,45.94,-49.94,1492.38,197.38,False
1357,-50.31,-54.95,3.23,-3.16,47.41,-34.08,1493.16,198.5,False
1358,-53.01,-61.2,3.24,-3.37,46.93,-39.31,1492.9,198.13,False
1359,-99.49,-168.45,3.3,-6.95,38.59,-129.07,1488.53,191.77,False
1360,-84.39,-133.6,3.28,-5.78,41.3,-99.9,1489.95,193.84,False
1361,-69.78,-99.89,3.26,-4.66,43.92,-71.69,1491.32,195.84,False
1362,-60.92,-79.46,3.25,-3.98,45.51,-54.59,1492.16,197.05,False
1363,-93.37,-154.34,3.29,-6.48,39.68,-117.27,1489.11,192.61,False
1364,-96.63,-161.85,3.3,-6.73,39.1,-123.55,1488.8,192.16,False
1365,-69.93,-100.25,3.26,-4.67,43.89,-71.99,1491.31,195.81,False
1366,-91.64,-150.35,3.29,-6.34,39.99,-113.92,1489.27,192.85,False
1367,-83.5,-131.54,3.28,-5.72,41.46,-98.18,1490.04,193.96,False
1368,-77.86,-118.54,3.27,-5.28,42.47,-87.3,1490.57,194.73,False
1369,-71.32,-103.44,3.26,-4.78,43.64,-74.66,1491.18,195.63,False
1370,-97.52,-163.91,3.3,-6.79,38.94,-125.28,1488.72,192.04,False
1371,-97.86,-164.7,3.3,-6.82,38.88,-125.94,1488.68,192.0,False
1372,-78.32,-119.6,3.27,-5.32,42.39,-88.19,1490.52,194.67,False
1373,-51.23,-57.1,3.23,-3.23,47.25,-35.87,1493.07,198.37,False
1374,-63.66,-85.77,3.25,-4.19,45.02,-59.87,1491.9,196.67,False
1375,-95.29,-158.76,3.3,-6.62,39.34,-120.96,1488.93,192.35,False
1376,-85.7,-136.64,3.28,-5.89,41.06,-102.45,1489.83,193.66,False
1377,-101.27,-172.56,3.3,-7.08,38.27,-132.51,1488.36,191.53,False
1378,-57.4,-71.32,3.24,-3.71,46.14,-47.78,1492.49,197.53,False
1379,-68.48,-96.9,3.26,-4.56,44.15,-69.19,1491.45,196.01,False
1380,-85.32,-135.75,3.28,-5.86,41.13,-101.71,1489.86,193.71,False
1381,-74.95,-111.82,3.27,-5.06,42.99,-81.67,1490.84,195.13,False
1382,-80.92,-125.61,3.28,-5.52,41.92,-93.22,1490.28,194.31,False
1383,-95.77,-159.87,3.3,-6.66,39.25,-121.89,1488.88,192.28,False
1384,-83.98,-132.67,3.28,-5.75,41.37,-99.13,1489.99,193.89,False
1385,-48.72,-51.3,3.23,-3.04,47.7,-31.02,1493.3,198.72,False
1386,-70.1,-100.64,3.26,-4.69,43.86,-72.32,1491.29,195.79,False
1387,-52.29,-59.54,3.23,-3.32,47.06,-37.92,1492.97,198.23,False
1388,-102.71,-175.89,3.31,-7.19,38.01,-135.3,1488.23,191.33,False
1389,-61.83,-81.54,3.25,-4.05,45.35,-56.33,1492.07,196.92,False
1390,-89.35,-145.06,3.29,-6.17,40.41,-109.5,1489.48,193.16,False
1391,-50.81,-56.12,3.23,-3.2,47.32,-35.05,1493.11,198.43,False
1392,-93.81,-155.36,3.29,-6.51,39.6,-118.12,1489.07,192.55,False
1393,-98.85,-166.98,3.3,-6.9,38.7,-127.84,1488.59,191.86,False
1394,-82.23,-128.61,3.28,-5.62,41.68,-95.73,1490.15,194.13,False
1395,-83.24,-130.96,3.28,-5.7,41.5,-97.7,1490.06,193.99,False
1396,-77.11,-116.81,3.27,-5.22,42.6,-85.85,1490.64,194.83,False
1397,-94.58,-157.11,3.29,-6.57,39.47,-119.59,1488.99,192.45,False
1398,-99.14,-167.65,3.3,-6.92,38.65,-128.41,1488.56,191.82,False
1399,-71.04,-102.8,3.26,-4.76,43.69,-74.12,1491.21,195.66,False
1400,-82.5,-129.25,3.28,-5.64,41.64,-96.26,1490.13,194.1,False
1401,-79.19,-121.6,3.27,-5.38,42.23,-89.87,1490.44,194.55,False
1402,-68.93,-97.93,3.26,-4.6,44.07,-70.05,1491.4,195.95,False
1403,-98.72,-166.67,3.3,-6.89,38.73,-127.58,1488.6,191.88,False
1404,-74.57,-110.94,3.27,-5.03,43.06,-80.94,1490.87,195.18,False
1405,-73.42,-108.3,3.26,-4.94,43.26,-78.73,1490.98,195.34,False
1406,-81.0,-125.79,3.28,-5.52,41.9,-93.36,1490.27,194.3,False
1407,-61.37,-80.49,3.25,-4.01,45.43,-55.45,1492.12,196.99,False
1408,-76.05,-114.35,3.27,-5.14,42.79,-83.8,1490.74,194.98,False
1409,-88.66,-143.45,3.29,-6.11,40.53,-108.15,1489.55,193.25,False
1410,-99.15,-167.68,3.3,-6.92,38.65,-128.43,1488.56,191.82,False
1411,-85.61,-136.42,3.28,-5.88,41.08,-102.26,1489.84,193.67,False
1412,-86.94,-139.49,3.28,-5.98,40.84,-104.83,1489.71,193.49,False
1413,-82.27,-128.72,3.28,-5.62,41.68,-95.82,1490.15,194.13,False
1414,-76.37,-115.09,3.27,-5.17,42.74,-84.42,1490.71,194.94,False
1415,-77.55,-117.83,3.27,-5.26,42.52,-86.71,1490.59,194.77,False
1416,-74.85,-111.6,3.27,-5.05,43.01,-81.49,1490.85,195.14,False
1417,-56.71,-69.72,3.24,-3.66,46.27,-46.44,1492.55,197.62,False
1418,-64.02,-86.59,3.25,-4.22,44.95,-60.56,1491.87,196.62,False
1419,-55.89,-67.84,3.24,-3.59,46.41,-44.86,1492.63,197.74,False
1420,-97.2,-163.18,3.3,-6.77,39.0,-124.67,1488.75,192.09,False
1421,-82.04,-128.18,3.28,-5.6,41.72,-95.37,1490.17,194.16,False
1422,-97.68,-164.28,3.3,-6.81,38.91,-125.59,1488.7,192.02,False
1423,-81.85,-127.74,3.28,-5.59,41.75,-95.0,1490.19,194.19,False
1424,-89.64,-145.73,3.29,-6.19,40.35,-110.06,1489.46,193.12,False
1425,-81.85,-127.76,3.28,-5.59,41.75,-95.02,1490.19,194.18,False
1426,-80.26,-124.07,3.27,-5.47,42.04,-91.93,1490.34,194.4,False
1427,-80.98,-125.73,3.28,-5.52,41.91,-93.32,1490.27,194.3,False
1428,-80.78,-125.28,3.28,-5.51,41.94,-92.94,1490.29,194.33,False
1429,-65.33,-89.62,3.25,-4.32,44.72,-63.09,1491.74,196.44,False
1430,-94.15,-156.12,3.29,-6.53,39.55,-118.76,1489.03,192.5,False
1431,-99.66,-168.84,3.3,-6.96,38.56,-129.4,1488.52,191.75,False
1432,-47.27,-47.94,3.23,-2.93,47.96,-28.2,1493.44,198.91,False
1433,-98.61,-166.43,3.3,-6.88,38.74,-127.39,1488.61,191.89,False
1434,-82.65,-129.58,3.28,-5.65,41.61,-96.54,1490.12,194.08,False
1435,-86.52,-138.52,3.28,-5.95,40.91,-104.02,1489.75,193.55,False
1436,-50.06,-54.38,3.23,-3.14,47.46,-33.6,1493.18,198.53,False
1437,-65.64,-90.33,3.25,-4.34,44.66,-63.69,1491.71,196.4,False
1438,-48.74,-51.34,3.23,-3.04,47.7,-31.05,1493.3,198.71,False
1439,-96.47,-161.49,3.3,-6.71,39.13,-123.25,1488.82,192.19,False
1440,-58.5,-73.85,3.24,-3.79,45.94,-49.9,1492.39,197.38,False
1441,-79.36,-122.01,3.27,-5.4,42.2,-90.21,1490.42,194.53,False
1442,-60.65,-78.81,3.25,-3.96,45.56,-54.05,1492.18,197.09,False
1443,-98.71,-166.64,3.3,-6.89,38.73,-127.57,1488.61,191.88,False
1444,-62.49,-83.06,3.25,-4.1,45.23,-57.61,1492.01,196.83,False
1445,-61.16,-80.01,3.25,-4.0,45.46,-55.05,1492.13,197.01,False
1446,-74.91,-111.72,3.27,-5.06,43.0,-81.59,1490.84,195.13,False
1447,-84.14,-133.04,3.28,-5.77,41.34,-99.43,1489.97,193.87,False
1448,-62.56,-83.23,3.25,-4.11,45.21,-57.75,1492.0,196.82,False
1449,-61.29,-80.3,3.25,-4.01,45.44,-55.29,1492.12,197.0,False
1450,-68.84,-97.73,3.26,-4.59,44.09,-69.88,1491.41,195.96,False
1451,-52.75,-60.59,3.23,-3.35,46.98,-38.79,1492.93,198.17,False
1452,-99.7,-168.93,3.3,-6.96,38.55,-129.48,1488.51,191.74,False
1453,-58.64,-74.18,3.24,-3.8,45.92,-50.17,1492.37,197.36,False
1454,-90.83,-148.47,3.29,-6.28,40.14,-112.35,1489.35,192.96,False
1455,-89.68,-145.82,3.29,-6.19,40.35,-110.13,1489.45,193.11,False
1456,-74.82,-111.53,3.27,-5.05,43.01,-81.44,1490.85,195.15,False
1457,-90.62,-147.99,3.29,-6.26,40.18,-111.95,1489.37,192.99,False
1458,-102.0,-174.24,3.31,-7.14,38.14,-133.92,1488.3,191.43,False
1459,-102.68,-175.81,3.31,-7.19,38.01,-135.24,1488.23,191.34,False
1460,-79.31,-121.88,3.27,-5.39,42.21,-90.1,1490.43,194.53,False
1461,-93.08,-153.66,3.29,-6.45,39.74,-116.7,1489.13,192.65,False
1462,-63.46,-85.31,3.25,-4.17,45.05,-59.49,1491.92,196.7,False
1463,-51.55,-57.82,3.23,-3.26,47.19,-36.47,1493.04,198.33,False
1464,-104.28,-179.5,3.31,-7.31,37.73,-138.33,1488.08,191.12,False
1465,-82.66,-129.62,3.28,-5.65,41.61,-96.58,1490.11,194.07,False
1466,-104.85,-180.82,3.31,-7.36,37.62,-139.43,1488.03,191.04,False
1467,-49.55,-53.22,3.23,-3.1,47.55,-32.63,1493.23,198.6,False
1468,-67.17,-93.87,3.26,-4.46,44.39,-66.65,1491.57,196.19,False
1469,-53.65,-62.67,3.24,-3.42,46.81,-40.54,1492.84,198.04,False
1470,-84.02,-132.76,3.28,-5.76,41.36,-99.2,1489.99,193.89,False
1471,-72.68,-106.58,3.26,-4.88,43.4,-77.29,1491.05,195.44,False
1472,-105.13,-181.48,3.31,-7.38,37.57,-139.98,1488.0,191.0,False
1473,-63.88,-86.29,3.25,-4.21,44.98,-60.3,1491.88,196.64,False
1474,-81.54,-127.02,3.28,-5.56,41.81,-94.4,1490.22,194.23,False
1475,-92.41,-152.12,3.29,-6.4,39.86,-115.41,1489.2,192.74,False
1476,-64.14,-86.87,3.25,-4.23,44.93,-60.8,1491.86,196.61,False
1477,-69.39,-99.0,3.26,-4.63,43.99,-70.94,1491.36,195.89,False
1478,-65.14,-89.18,3.25,-4.3,44.75,-62.72,1491.76,196.47,False
1479,-61.47,-80.71,3.25,-4.02,45.41,-55.64,1492.11,196.97,False
1480,-87.52,-140.83,3.28,-6.03,40.73,-105.96,1489.66,193.41,False
1481,-83.08,-130.59,3.28,-5.68,41.53,-97.39,1490.07,194.02,False
1482,-79.05,-121.29,3.27,-5.37,42.25,-89.6,1490.45,194.57,False
1483,-92.98,-153.43,3.29,-6.45,39.75,-116.51,1489.14,192.66,False
1484,-50.02,-54.29,3.23,-3.14,47.47,-33.52,1493.18,198.54,False
1485,-102.42,-175.21,3.31,-7.17,38.06,-134.73,1488.26,191.37,False
1486,-102.31,-174.97,3.31,-7.16,38.08,-134.53,1488.27,191.39,False
1487,-76.34,-115.03,3.27,-5.17,42.74,-84.36,1490.71,194.94,False
1488,-64.89,-88.61,3.25,-4.28,44.8,-62.24,1491.78,196.5,False
1489,-98.64,-166.5,3.3,-6.88,38.74,-127.44,1488.61,191.89,False
1490,-82.66,-129.62,3.28,-5.65,41.61,-96.58,1490.11,194.07,False
1491,-81.55,-127.06,3.28,-5.57,41.81,-94.43,1490.22,194.23,False
1492,-73.3,-108.02,3.26,-4.93,43.29,-78.49,1490.99,195.35,False
1493,-96.75,-162.12,3.3,-6.74,39.08,-123.78,1488.79,192.15,False
1494,-93.79,-155.3,3.29,-6.51,39.61,-118.07,1489.07,192.55,False
1495,-52.62,-60.3,3.23,-3.34,47.0,-38.55,1492.94,198.18,False
1496,-57.82,-72.3,3.24,-3.74,46.06,-48.59,1492.45,197.47,False
1497,-83.2,-130.85,3.28,-5.69,41.51,-97.61,1490.06,194.0,False
1498,-92.99,-153.47,3.29,-6.45,39.75,-116.53,1489.14,192.66,False
1499,-50.77,-56.02,3.23,-3.2,47.33,-34.97,1493.11,198.44,False
1500,-95.02,-158.13,3.3,-6.6,39.39,-120.44,1488.95,192.38,False
1501,-48.31,-50.36,3.23,-3.01,47.77,-30.23,1493.34,198.77,False
1502,-93.22,-153.98,3.29,-6.46,39.71,-116.96,1489.12,192.63,False
1503,-61.87,-81.64,3.25,-4.05,45.34,-56.41,1492.07,196.92,False
1504,-104.49,-179.99,3.31,-7.33,37.69,-138.73,1488.06,191.09,False
1505,-69.74,-99.81,3.26,-4.66,43.93,-71.62,1491.33,195.84,False
1506,-51.79,-58.38,3.23,-3.28,47.15,-36.95,1493.02,198.3,False
1507,-71.23,-103.23,3.26,-4.77,43.66,-74.49,1491.19,195.64,False
1508,-71.88,-104.75,3.26,-4.82,43.54,-75.76,1491.13,195.55,False
1509,-89.34,-145.04,3.29,-6.17,40.41,-109.48,1489.49,193.16,False
1510,-88.19,-142.38,3.29,-6.08,40.61,-107.25,1489.59,193.32,False
1511,-48.96,-51.85,3.23,-3.06,47.66,-31.48,1493.28,198.68,False
1512,-87.18,-140.05,3.28,-6.0,40.8,-105.31,1489.69,193.46,False
1513,-98.2,-165.47,3.3,-6.85,38.82,-126.58,1488.65,191.95,False
1514,-67.51,-94.65,3.26,-4.49,44.33,-67.31,1491.54,196.15,False
1515,-60.51,-78.5,3.25,-3.95,45.58,-53.78,1492.2,197.1,False
1516,-103.83,-178.47,3.31,-7.28,37.81,-137.46,1488.12,191.18,False
1517,-62.72,-83.61,3.25,-4.12,45.19,-58.06,1491.99,196.8,False
1518,-73.1,-107.56,3.26,-4.92,43.32,-78.11,1491.01,195.38,False
1519,-82.34,-128.87,3.28,-5.63,41.66,-95.95,1490.14,194.12,False
1520,-62.69,-83.54,3.25,-4.12,45.19,-58.0,1491.99,196.81,False
1521,-93.99,-155.76,3.29,-6.52,39.57,-118.46,1489.05,192.53,False
1522,-52.04,-58.96,3.23,-3.3,47.1,-37.43,1492.99,198.26,False
1523,-103.61,-177.95,3.31,-7.26,37.85,-137.03,1488.14,191.21,False
1524,-99.28,-167.98,3.3,-6.93,38.62,-128.68,1488.55,191.8,False
1525,-56.48,-69.2,3.24,-3.64,46.31,-46.0,1492.58,197.65,False
1526,-54.31,-64.19,3.24,-3.47,46.7,-41.81,1492.78,197.95,False
1527,-88.79,-143.77,3.29,-6.12,40.51,-108.42,1489.54,193.24,False
1528,-69.87,-100.11,3.26,-4.67,43.9,-71.87,1491.32,195.82,False
1529,-95.5,-159.25,3.3,-6.64,39.3,-121.37,1488.91,192.32,False
1530,-57.18,-70.81,3.24,-3.69,46.18,-47.35,1492.51,197.56,False
1531,-71.18,-103.12,3.26,-4.77,43.67,-74.4,1491.19,195.64,False
1532,-99.59,-168.69,3.3,-6.95,38.57,-129.28,1488.52,191.76,False
1533,-100.72,-171.29,3.3,-7.04,38.37,-131.45,1488.42,191.61,False
1534,-82.43,-129.09,3.28,-5.63,41.65,-96.13,1490.14,194.11,False
1535,-55.94,-67.96,3.24,-3.6,46.4,-44.96,1492.63,197.73,False
1536,-60.51,-78.51,3.25,-3.95,45.58,-53.79,1492.2,197.1,False
1537,-46.95,-47.22,3.23,-2.9,48.02,-27.6,1493.47,198.96,False
1538,-99.55,-168.59,3.3,-6.95,38.58,-129.19,1488.53,191.77,False
1539,-103.24,-177.11,3.31,-7.23,37.91,-136.33,1488.18,191.26,False
1540,-47.05,-47.43,3.23,-2.91,48.0,-27.78,1493.46,198.94,False
1541,-65.25,-89.44,3.25,-4.31,44.73,-62.94,1491.75,196.46,False
1542,-96.31,-161.13,3.3,-6.7,39.16,-122.95,1488.83,192.21,False
1543,-59.12,-75.3,3.24,-3.84,45.83,-51.1,1492.33,197.29,False
1544,-79.19,-121.61,3.27,-5.38,42.23,-89.87,1490.44,194.55,False
1545,-91.31,-149.58,3.29,-6.32,40.05,-113.28,1489.3,192.89,False
1546,-91.34,-149.66,3.29,-6.32,40.05,-113.35,1489.3,192.89,False
1547,-82.82,-129.98,3.28,-5.66,41.58,-96.88,1490.1,194.05,False
1548,-86.17,-137.73,3.28,-5.92,40.98,-103.36,1489.78,193.59,False
1549,-77.69,-118.14,3.27,-5.27,42.5,-86.96,1490.58,194.75,False
1550,-89.51,-145.43,3.29,-6.18,40.38,-109.8,1489.47,193.14,False
1551,-56.04,-68.18,3.24,-3.6,46.39,-45.14,1492.62,197.72,False
1552,-64.52,-87.76,3.25,-4.26,44.86,-61.53,1491.82,196.56,False
1553,-51.8,-58.4,3.23,-3.28,47.15,-36.96,1493.02,198.3,False
1554,-95.78,-159.9,3.3,-6.66,39.25,-121.92,1488.88,192.28,False
1555,-54.73,-65.16,3.24,-3.5,46.62,-42.62,1492.74,197.89,False
1556,-51.55,-57.83,3.23,-3.26,47.19,-36.48,1493.04,198.33,False
1557,-62.26,-82.53,3.25,-4.08,45.27,-57.16,1492.03,196.86,False
1558,-80.48,-124.58,3.27,-5.48,42.0,-92.36,1490.32,194.37,False
1559,-70.86,-102.39,3.26,-4.74,43.72,-73.78,1491.22,195.69,False
1560,-69.99,-100.39,3.26,-4.68,43.88,-72.11,1491.3,195.81,False
1561,-51.67,-58.09,3.23,-3.27,47.17,-36.7,1493.03,198.31,False
1562,-102.2,-174.7,3.31,-7.15,38.1,-134.31,1488.28,191.4,False
1563,-103.97,-178.8,3.31,-7.29,37.78,-137.74,1488.11,191.16,False
1564,-97.31,-163.42,3.3,-6.78,38.98,-124.87,1488.74,192.07,False
1565,-65.22,-89.38,3.25,-4.31,44.74,-62.89,1491.75,196.46,False
1566,-89.76,-146.0,3.29,-6.2,40.33,-110.28,1489.45,193.1,False
1567,-81.41,-126.73,3.28,-5.56,41.83,-94.16,1490.23,194.25,False
1568,-71.05,-102.83,3.26,-4.76,43.69,-74.15,1491.21,195.66,False
1569,-92.3,-151.87,3.29,-6.39,39.88,-115.2,1489.21,192.76,False
1570,-94.91,-157.89,3.3,-6.59,39.41,-120.23,1488.96,192.4,False
1571,-84.61,-134.13,3.28,-5.8,41.26,-100.35,1489.93,193.81,False
1572,-96.18,-160.81,3.3,-6.69,39.18,-122.68,1488.84,192.23,False
1573,-83.29,-131.07,3.28,-5.7,41.49,-97.79,1490.05,193.99,False
1574,-95.71,-159.73,3.3,-6.66,39.26,-121.78,1488.89,192.29,False
1575,-93.09,-153.7,3.29,-6.45,39.73,-116.73,1489.13,192.65,False
1576,-64.36,-87.39,3.25,-4.24,44.89,-61.22,1491.83,196.58,False
1577,-51.25,-57.13,3.23,-3.24,47.24,-35.9,1493.07,198.37,False
1578,-102.77,-176.03,3.31,-7.2,38.0,-135.43,1488.22,191.32,False
1579,-55.96,-68.0,3.24,-3.6,46.4,-45.0,1492.62,197.73,False
1580,-82.98,-130.37,3.28,-5.68,41.55,-97.2,1490.08,194.03,False
1581,-88.46,-143.0,3.29,-6.1,40.57,-107.78,1489.57,193.28,False
1582,-96.16,-160.77,3.3,-6.69,39.18,-122.65,1488.84,192.23,False
1583,-104.98,-181.13,3.31,-7.37,37.6,-139.69,1488.02,191.02,False
1584,-58.84,-74.64,3.24,-3.82,45.88,-50.56,1492.35,197.33,False
1585,-48.62,-51.05,3.23,-3.03,47.72,-30.81,1493.31,198.73,False
1586,-68.81,-97.65,3.26,-4.59,44.09,-69.81,1491.42,195.97,False
1587,-71.88,-104.75,3.26,-4.82,43.54,-75.76,1491.13,195.55,False
1588,-97.05,-162.81,3.3,-6.76,39.02,-124.36,1488.76,192.11,False
1589,-63.86,-86.22,3.25,-4.2,44.98,-60.25,1491.88,196.65,False
1590,-104.52,-180.05,3.31,-7.33,37.68,-138.79,1488.06,191.09,False
1591,-96.82,-162.29,3.3,-6.74,39.07,-123.92,1488.78,192.14,False
1592,-86.1,-137.56,3.28,-5.92,40.99,-103.22,1489.79,193.6,False
1593,-101.58,-173.28,3.31,-7.11,38.21,-133.12,1488.33,191.49,False
1594,-75.02,-111.99,3.27,-5.06,42.98,-81.81,1490.83,195.12,False
1595,-91.06,-148.99,3.29,-6.3,40.1,-112.79,1489.32,192.93,False
1596,-59.53,-76.23,3.24,-3.87,45.76,-51.88,1492.29,197.24,False
1597,-66.29,-91.83,3.25,-4.39,44.55,-64.94,1491.65,196.31,False
1598,-66.13,-91.46,3.25,-4.38,44.57,-64.63,1491.67,196.34,False
1599,-76.73,-115.94,3.27,-5.2,42.67,-85.12,1490.67,194.89,False
1600,-84.96,-134.92,3.28,-5.83,41.19,-101.01,1489.9,193.76,False
1601,-80.5,-124.63,3.27,-5.49,41.99,-92.39,1490.32,194.37,False
1602,-46.79,-46.83,3.23,-2.89,48.05,-27.28,1493.49,198.98,False
1603,-76.35,-115.07,3.27,-5.17,42.74,-84.39,1490.71,194.94,False
1604,-76.5,-115.4,3.27,-5.18,42.71,-84.68,1490.69,194.92,False
1605,-61.43,-80.62,3.25,-4.02,45.42,-55.56,1492.11,196.98,False
1606,-95.86,-160.09,3.3,-6.67,39.24,-122.08,1488.87,192.27,False
1607,-61.7,-81.24,3.25,-4.04,45.37,-56.08,1492.08,196.94,False
1608,-70.5,-101.55,3.26,-4.72,43.79,-73.08,1491.26,195.74,False
1609,-87.87,-141.63,3.29,-6.05,40.67,-106.63,1489.62,193.36,False
1610,-93.76,-155.23,3.29,-6.51,39.61,-118.01,1489.07,192.56,False
1611,-97.51,-163.89,3.3,-6.79,38.94,-125.26,1488.72,192.04,False
1612,-100.24,-170.18,3.3,-7.0,38.45,-130.53,1488.46,191.67,False
1613,-83.66,-131.92,3.28,-5.73,41.43,-98.5,1490.02,193.94,False
1614,-89.54,-145.5,3.29,-6.18,40.37,-109.87,1489.47,193.13,False
1615,-63.93,-86.4,3.25,-4.21,44.97,-60.4,1491.87,196.64,False
1616,-81.71,-127.42,3.28,-5.58,41.78,-94.73,1490.2,194.2,False
1617,-80.4,-124.41,3.27,-5.48,42.01,-92.21,1490.33,194.38,False
1618,-63.71,-85.89,3.25,-4.19,45.01,-59.97,1491.9,196.67,False
1619,-103.23,-177.08,3.31,-7.23,37.91,-136.3,1488.18,191.26,False
1620,-76.21,-114.73,3.27,-5.16,42.77,-84.11,1490.72,194.96,False
1621,-52.37,-59.72,3.23,-3.32,47.04,-38.07,1492.96,198.22,False
1622,-71.78,-104.51,3.26,-4.81,43.56,-75.55,1491.14,195.56,False
1623,-66.66,-92.7,3.25,-4.42,44.48,-65.67,1491.62,196.26,False
1624,-52.11,-59.13,3.23,-3.3,47.09,-37.57,1492.99,198.25,False
1625,-75.5,-113.09,3.27,-5.1,42.89,-82.74,1490.79,195.05,False
1626,-63.74,-85.96,3.25,-4.2,45.0,-60.03,1491.89,196.66,False
1627,-86.95,-139.52,3.28,-5.98,40.84,-104.86,1489.71,193.49,False
1628,-69.02,-98.15,3.26,-4.6,44.05,-70.23,1491.4,195.94,False
1629,-104.74,-180.57,3.31,-7.35,37.64,-139.22,1488.04,191.05,False
1630,-82.27,-128.72,3.28,-5.62,41.68,-95.82,1490.15,194.13,False
1631,-66.7,-92.79,3.25,-4.42,44.47,-65.75,1491.61,196.26,False
1632,-47.71,-48.95,3.23,-2.96,47.88,-29.05,1493.4,198.85,False
1633,-98.51,-166.2,3.3,-6.87,38.76,-127.19,1488.62,191.91,False
1634,-89.64,-145.72,3.29,-6.19,40.35,-110.05,1489.46,193.12,False
1635,-90.15,-146.9,3.29,-6.23,40.26,-111.04,1489.41,193.05,False
1636,-104.79,-180.69,3.31,-7.35,37.63,-139.32,1488.03,191.05,False
1637,-58.96,-74.92,3.24,-3.83,45.86,-50.79,1492.34,197.32,False
1638,-67.04,-93.57,3.26,-4.45,44.41,-66.4,1491.58,196.21,False
1639,-60.53,-78.54,3.25,-3.95,45.58,-53.82,1492.19,197.1,False
1640,-84.59,-134.07,3.28,-5.8,41.26,-100.3,1489.93,193.81,False
1641,-85.78,-136.81,3.28,-5.89,41.05,-102.6,1489.82,193.65,False
1642,-85.91,-137.11,3.28,-5.9,41.02,-102.84,1489.81,193.63,False
1643,-74.48,-110.74,3.27,-5.02,43.08,-80.77,1490.88,195.19,False
1644,-96.18,-160.81,3.3,-6.69,39.18,-122.68,1488.84,192.23,False
1645,-88.75,-143.66,3.29,-6.12,40.51,-108.33,1489.54,193.24,False
1646,-58.81,-74.57,3.24,-3.82,45.89,-50.5,1492.36,197.34,False
1647,-86.27,-137.95,3.28,-5.93,40.96,-103.55,1489.77,193.58,False
1648,-92.25,-151.74,3.29,-6.39,39.89,-115.09,1489.21,192.76,False
1649,-87.93,-141.78,3.29,-6.06,40.66,-106.75,1489.62,193.35,False
1650,-52.24,-59.41,3.23,-3.31,47.07,-37.81,1492.97,198.23,False
1651,-48.35,-50.44,3.23,-3.01,47.77,-30.3,1493.34,198.77,False
1652,-69.83,-100.02,3.26,-4.66,43.91,-71.8,1491.32,195.83,False
1653,-85.92,-137.13,3.28,-5.9,41.02,-102.86,1489.81,193.63,False
1654,-88.55,-143.21,3.29,-6.1,40.55,-107.95,1489.56,193.27,False
1655,-74.68,-111.2,3.27,-5.04,43.04,-81.15,1490.86,195.17,False
1656,-85.54,-136.26,3.28,-5.87,41.09,-102.13,1489.84,193.68,False
1657,-55.36,-66.61,3.24,-3.55,46.51,-43.83,1492.68,197.81,False
1658,-52.43,-59.85,3.23,-3.33,47.03,-38.17,1492.96,198.21,False
1659,-102.2,-174.7,3.31,-7.15,38.1,-134.31,1488.28,191.4,False
1660,-100.31,-170.34,3.3,-7.01,38.44,-130.66,1488.45,191.66,False
1661,-47.4,-48.25,3.23,-2.94,47.94,-28.46,1493.43,198.9,False
1662,-53.81,-63.05,3.24,-3.43,46.78,-40.85,1492.83,198.02,False
1663,-91.21,-149.34,3.29,-6.31,40.07,-113.08,1489.31,192.91,False
1664,-79.55,-122.44,3.27,-5.41,42.16,-90.57,1490.41,194.5,False
1665,-69.11,-98.35,3.26,-4.61,44.04,-70.4,1491.39,195.93,False
1666,-84.78,-134.52,3.28,-5.81,41.23,-100.67,1489.91,193.78,False
1667,-91.08,-149.04,3.29,-6.3,40.1,-112.83,1489.32,192.92,False
1668,-91.6,-150.24,3.29,-6.34,40.0,-113.83,1489.27,192.85,False
1669,-102.54,-175.49,3.31,-7.18,38.04,-134.97,1488.24,191.36,False
1670,-80.46,-124.53,3.27,-5.48,42.0,-92.31,1490.32,194.38,False
1671,-69.7,-99.7,3.26,-4.65,43.93,-71.53,1491.33,195.85,False
1672,-63.43,-85.24,3.25,-4.17,45.06,-59.42,1491.92,196.7,False
1673,-97.71,-164.35,3.3,-6.81,38.91,-125.64,1488.7,192.02,False
1674,-76.12,-114.51,3.27,-5.15,42.78,-83.93,1490.73,194.97,False
1675,-97.54,-163.95,3.3,-6.8,38.94,-125.31,1488.71,192.04,False
1676,-78.53,-120.1,3.27,-5.33,42.35,-88.6,1490.5,194.64,False
1677,-96.32,-161.14,3.3,-6.7,39.15,-122.96,1488.83,192.21,False
1678,-65.0,-88.86,3.25,-4.29,44.78,-62.45,1491.77,196.49,False
1679,-47.85,-49.3,3.23,-2.97,47.85,-29.34,1493.39,198.83,False
1680,-69.48,-99.2,3.26,-4.64,43.97,-71.11,1491.35,195.88,False
1681,-73.37,-108.17,3.26,-4.94,43.27,-78.62,1490.99,195.35,False
1682,-48.16,-50.0,3.23,-3.0,47.8,-29.93,1493.36,198.79,False
1683,-96.94,-162.57,3.3,-6.75,39.04,-124.16,1488.77,192.12,False
1684,-103.05,-176.68,3.31,-7.22,37.95,-135.97,1488.2,191.29,False
1685,-72.75,-106.75,3.26,-4.89,43.39,-77.43,1491.05,195.43,False
1686,-58.38,-73.58,3.24,-3.78,45.97,-49.66,1492.4,197.4,False
1687,-60.25,-77.9,3.25,-3.93,45.63,-53.28,1492.22,197.14,False
1688,-92.13,-151.47,3.29,-6.38,39.91,-114.86,1489.22,192.78,False
1689,-78.26,-119.46,3.27,-5.31,42.4,-88.07,1490.53,194.68,False
1690,-70.36,-101.22,3.26,-4.71,43.82,-72.81,1491.27,195.76,False
1691,-102.39,-175.15,3.31,-7.17,38.07,-134.69,1488.26,191.38,False
1692,-103.19,-176.99,3.31,-7.23,37.92,-136.23,1488.18,191.27,False
1693,-77.31,-117.27,3.27,-5.24,42.57,-86.24,1490.62,194.81,False
1694,-92.14,-151.49,3.29,-6.38,39.91,-114.88,1489.22,192.78,False
1695,-60.89,-79.37,3.25,-3.98,45.51,-54.52,1492.16,197.05,False
1696,-70.36,-101.22,3.26,-4.7,43.82,-72.8,1491.27,195.76,False
1697,-80.0,-123.48,3.27,-5.45,42.08,-91.44,1490.36,194.44,False
1698,-61.63,-81.09,3.25,-4.03,45.38,-55.95,1492.09,196.95,False
1699,-82.47,-129.19,3.28,-5.64,41.64,-96.21,1490.13,194.1,False
1700,-86.79,-139.14,3.28,-5.97,40.87,-104.54,1489.73,193.51,False
1701,-62.21,-82.43,3.25,-4.08,45.28,-57.08,1492.04,196.87,False
1702,-51.5,-57.71,3.23,-3.25,47.2,-36.38,1493.04,198.34,False
1703,-66.68,-92.75,3.25,-4.42,44.47,-65.71,1491.62,196.26,False
1704,-96.81,-162.27,3.3,-6.74,39.07,-123.91,1488.78,192.14,False
1705,-101.51,-173.12,3.3,-7.1,38.22,-132.99,1488.34,191.5,False
1706,-47.26,-47.91,3.23,-2.93,47.96,-28.18,1493.44,198.92,False
1707,-78.89,-120.91,3.27,-5.36,42.28,-89.28,1490.47,194.59,False
1708,-80.01,-123.51,3.27,-5.45,42.08,-91.46,1490.36,194.44,False
1709,-93.05,-153.59,3.29,-6.45,39.74,-116.64,1489.14,192.65,False
1710,-60.19,-77.76,3.25,-3.92,45.64,-53.17,1492.23,197.15,False
1711,-52.53,-60.08,3.23,-3.33,47.02,-38.36,1492.95,198.2,False
1712,-98.29,-165.69,3.3,-6.85,38.8,-126.76,1488.64,191.94,False
1713,-72.86,-107.01,3.26,-4.9,43.37,-77.65,1491.03,195.41,False
1714,-66.09,-91.38,3.25,-4.38,44.58,-64.56,1491.67,196.34,False
1715,-82.13,-128.39,3.28,-5.61,41.7,-95.55,1490.16,194.15,False
1716,-69.88,-100.13,3.26,-4.67,43.9,-71.89,1491.32,195.82,False
1717,-101.25,-172.52,3.3,-7.08,38.27,-132.48,1488.37,191.53,False
1718,-76.07,-114.41,3.27,-5.14,42.79,-83.84,1490.73,194.98,False
1719,-83.28,-131.05,3.28,-5.7,41.5,-97.77,1490.06,193.99,False
1720,-94.45,-156.83,3.29,-6.56,39.49,-119.35,1489.01,192.46,False
1721,-86.58,-138.65,3.28,-5.95,40.9,-104.14,1489.75,193.54,False
1722,-84.0,-132.71,3.28,-5.75,41.37,-99.16,1489.99,193.89,False
1723,-60.83,-79.23,3.25,-3.97,45.53,-54.4,1492.17,197.06,False
1724,-60.09,-77.53,3.25,-3.92,45.66,-52.97,1492.24,197.16,False
1725,-77.67,-118.1,3.27,-5.27,42.5,-86.93,1490.58,194.76,False
1726,-81.9,-127.87,3.28,-5.59,41.74,-95.11,1490.18,194.18,False
1727,-72.97,-107.25,3.26,-4.91,43.35,-77.85,1491.02,195.4,False
1728,-97.15,-163.05,3.3,-6.77,39.01,-124.56,1488.75,192.09,False
1729,-48.2,-50.08,3.23,-3.0,47.79,-30.0,1493.35,198.79,False
1730,-62.41,-82.89,3.25,-4.09,45.24,-57.46,1492.02,196.84,False
1731,-81.21,-126.28,3.28,-5.54,41.87,-93.78,1490.25,194.27,False
1732,-47.45,-48.36,3.23,-2.94,47.93,-28.56,1493.42,198.89,False
1733,-102.28,-174.88,3.31,-7.16,38.09,-134.46,1488.27,191.39,False
1734,-91.95,-151.06,3.29,-6.37,39.94,-114.52,1489.24,192.8,False
1735,-59.2,-75.48,3.24,-3.85,45.82,-51.26,1492.32,197.28,False
1736,-86.31,-138.04,3.28,-5.93,40.95,-103.62,1489.77,193.58,False
1737,-76.29,-114.91,3.27,-5.16,42.75,-84.26,1490.71,194.95,False
1738,-70.02,-100.45,3.26,-4.68,43.88,-72.16,1491.3,195.8,False
1739,-50.5,-55.41,3.23,-3.18,47.38,-34.46,1493.14,198.47,False
1740,-102.93,-176.4,3.31,-7.21,37.97,-135.73,1488.21,191.3,False
1741,-56.4,-69.01,3.24,-3.63,46.32,-45.84,1492.58,197.67,False
1742,-94.97,-158.03,3.3,-6.6,39.4,-120.36,1488.96,192.39,False
1743,-78.84,-120.79,3.27,-5.36,42.29,-89.19,1490.47,194.6,False
1744,-76.18,-114.65,3.27,-5.15,42.77,-84.05,1490.72,194.96,False
1745,-101.7,-173.55,3.31,-7.12,38.19,-133.35,1488.32,191.47,False
1746,-63.77,-86.03,3.25,-4.2,45.0,-60.09,1491.89,196.66,False
1747,-57.24,-70.94,3.24,-3.7,46.17,-47.46,1492.5,197.55,False
1748,-65.13,-89.16,3.25,-4.3,44.75,-62.71,1491.76,196.47,False
1749,-92.22,-151.67,3.29,-6.39,39.89,-115.03,1489.22,192.77,False
1750,-63.69,-85.84,3.25,-4.19,45.01,-59.93,1491.9,196.67,False
1751,-71.06,-102.84,3.26,-4.76,43.69,-74.16,1491.2,195.66,False
1752,-50.4,-55.17,3.23,-3.17,47.4,-34.25,1493.15,198.49,False
1753,-96.11,-160.66,3.3,-6.69,39.19,-122.55,1488.85,192.24,False
1754,-54.15,-63.84,3.24,-3.46,46.72,-41.51,1492.79,197.97,False
1755,-85.33,-135.77,3.28,-5.86,41.13,-101.72,1489.86,193.71,False
1756,-58.53,-73.94,3.24,-3.8,45.94,-49.97,1492.38,197.37,False
1757,-64.02,-86.6,3.25,-4.22,44.95,-60.56,1491.87,196.62,False
1758,-76.84,-116.19,3.27,-5.2,42.65,-85.33,1490.66,194.87,False
1759,-73.36,-108.16,3.26,-4.94,43.28,-78.61,1490.99,195.35,False
1760,-98.35,-165.82,3.3,-6.86,38.79,-126.88,1488.64,191.93,False
1761,-52.11,-59.11,3.23,-3.3,47.09,-37.55,1492.99,198.25,False
1762,-52.97,-61.09,3.24,-3.37,46.94,-39.21,1492.91,198.14,False
1763,-72.21,-105.5,3.26,-4.85,43.48,-76.38,1491.1,195.5,False
1764,-103.6,-177.94,3.31,-7.26,37.85,-137.02,1488.14,191.21,False
1765,-55.19,-66.23,3.24,-3.54,46.54,-43.51,1492.7,197.83,False
1766,-88.19,-142.38,3.29,-6.08,40.61,-107.25,1489.59,193.32,False
1767,-68.89,-97.84,3.26,-4.59,44.08,-69.97,1491.41,195.96,False
1768,-102.99,-176.54,3.31,-7.22,37.96,-135.85,1488.2,191.29,False
1769,-87.85,-141.59,3.29,-6.05,40.68,-106.6,1489.63,193.36,False
1770,-104.15,-179.21,3.31,-7.3,37.75,-138.08,1488.09,191.14,False
1771,-58.03,-72.77,3.24,-3.76,46.03,-48.99,1492.43,197.44,False
1772,-75.94,-114.1,3.27,-5.13,42.81,-83.58,1490.75,194.99,False
1773,-59.76,-76.78,3.24,-3.89,45.72,-52.34,1492.27,197.21,False
1774,-95.22,-158.59,3.3,-6.62,39.35,-120.83,1488.93,192.36,False
1775,-51.84,-58.5,3.23,-3.28,47.14,-37.04,1493.01,198.29,False
1776,-101.01,-171.96,3.3,-7.06,38.31,-132.01,1488.39,191.57,False
1777,-88.38,-142.82,3.29,-6.09,40.58,-107.63,1489.58,193.29,False
1778,-73.75,-109.06,3.27,-4.97,43.21,-79.37,1490.95,195.29,False
1779,-54.26,-64.09,3.24,-3.47,46.7,-41.72,1492.78,197.96,False
1780,-64.98,-88.81,3.25,-4.29,44.78,-62.42,1491.78,196.49,False
1781,-59.81,-76.89,3.24,-3.89,45.71,-52.44,1492.26,197.2,False
1782,-81.53,-127.02,3.28,-5.56,41.81,-94.4,1490.22,194.23,False
1783,-100.96,-171.86,3.3,-7.06,38.32,-131.93,1488.39,191.57,False
1784,-101.16,-172.31,3.3,-7.07,38.29,-132.31,1488.37,191.54,False
1785,-78.59,-120.22,3.27,-5.34,42.34,-88.71,1490.5,194.63,False
1786,-91.64,-150.33,3.29,-6.34,40.0,-113.91,1489.27,192.85,False
1787,-64.87,-88.57,3.25,-4.28,44.8,-62.21,1491.79,196.51,False
1788,-55.97,-68.02,3.24,-3.6,46.4,-45.01,1492.62,197.73,False
1789,-56.72,-69.76,3.24,-3.66,46.26,-46.47,1492.55,197.62,False
1790,-102.6,-175.63,3.31,-7.19,38.03,-135.09,1488.24,191.35,False
1791,-78.96,-121.08,3.27,-5.37,42.27,-89.43,1490.46,194.58,False
1792,-83.07,-130.57,3.28,-5.68,41.53,-97.37,1490.08,194.02,False
1793,-81.34,-126.58,3.28,-5.55,41.84,-94.03,1490.24,194.25,False
1794,-82.06,-128.23,3.28,-5.61,41.71,-95.41,1490.17,194.16,False
1795,-50.78,-56.04,3.23,-3.2,47.33,-34.99,1493.11,198.43,False
1796,-95.35,-158.9,3.3,-6.63,39.33,-121.08,1488.92,192.34,False
1797,-71.55,-103.98,3.26,-4.8,43.6,-75.11,1491.16,195.59,False
1798,-80.69,-125.07,3.28,-5.5,41.96,-92.76,1490.3,194.34,False
1799,-84.45,-133.75,3.28,-5.79,41.28,-100.04,1489.95,193.83,False
1800,-91.25,-149.44,3.29,-6.31,40.06,-113.17,1489.31,192.9,False
1801,-50.67,-55.79,3.23,-3.19,47.35,-34.78,1493.12,198.45,False
1802,-63.97,-86.49,3.25,-4.21,44.96,-60.48,1491.87,196.63,False
1803,-89.1,-144.49,3.29,-6.15,40.45,-109.02,1489.51,193.19,False
1804,-87.81,-141.49,3.29,-6.05,40.68,-106.51,1489.63,193.37,False
1805,-92.49,-152.3,3.29,-6.41,39.84,-115.56,1489.19,192.73,False
1806,-76.82,-116.15,3.27,-5.2,42.65,-85.3,1490.66,194.87,False
1807,-88.86,-143.93,3.29,-6.13,40.49,-108.55,1489.53,193.23,False
1808,-63.55,-85.51,3.25,-4.18,45.04,-59.65,1491.91,196.69,False
1809,-86.69,-138.91,3.28,-5.96,40.88,-104.35,1489.74,193.52,False
1810,-54.31,-64.2,3.24,-3.47,46.69,-41.82,1492.78,197.95,False
1811,-104.87,-180.87,3.31,-7.36,37.62,-139.48,1488.03,191.04,False
1812,-65.93,-91.0,3.25,-4.36,44.61,-64.25,1491.69,196.36,False
1813,-91.18,-149.28,3.29,-6.31,40.08,-113.03,1489.31,192.91,False
1814,-89.09,-144.46,3.29,-6.15,40.45,-109.0,1489.51,193.19,False
1815,-85.76,-136.78,3.28,-5.89,41.05,-102.57,1489.82,193.65,False
1816,-95.27,-158.72,3.3,-6.62,39.34,-120.93,1488.93,192.35,False
1817,-55.39,-66.69,3.24,-3.55,46.5,-43.9,1492.68,197.8,False
1818,-63.83,-86.15,3.25,-4.2,44.99,-60.19,1491.88,196.65,False
1819,-73.34,-108.1,3.26,-4.93,43.28,-78.56,1490.99,195.35,False
1820,-56.44,-69.1,3.24,-3.63,46.31,-45.92,1492.58,197.66,False
1821,-71.51,-103.89,3.26,-4.79,43.61,-75.04,1491.16,195.6,False
1822,-78.68,-120.42,3.27,-5.35,42.32,-88.88,1490.49,194.62,False
1823,-55.92,-67.92,3.24,-3.59,46.41,-44.93,1492.63,197.73,False
1824,-55.56,-67.07,3.24,-3.57,46.47,-44.22,1492.66,197.78,False
1825,-102.38,-175.12,3.31,-7.17,38.07,-134.66,1488.26,191.38,False
1826,-59.91,-77.12,3.25,-3.9,45.69,-52.63,1492.25,197.19,False
1827,-57.18,-70.81,3.24,-3.69,46.18,-47.35,1492.51,197.56,False
1828,-53.6,-62.55,3.24,-3.42,46.82,-40.43,1492.85,198.05,False
1829,-97.57,-164.03,3.3,-6.8,38.93,-125.38,1488.71,192.04,False
1830,-84.19,-133.15,3.28,-5.77,41.33,-99.53,1489.97,193.86,False
1831,-74.22,-110.14,3.27,-5.0,43.12,-80.27,1490.91,195.23,False
1832,-49.71,-53.58,3.23,-3.12,47.52,-32.93,1493.21,198.58,False
1833,-80.45,-124.52,3.27,-5.48,42.0,-92.31,1490.32,194.38,False
1834,-75.65,-113.44,3.27,-5.11,42.87,-83.03,1490.77,195.03,False
1835,-56.72,-69.75,3.24,-3.66,46.26,-46.46,1492.55,197.62,False
1836,-88.98,-144.19,3.29,-6.14,40.47,-108.77,1489.52,193.21,False
1837,-84.94,-134.89,3.28,-5.83,41.2,-100.98,1489.9,193.76,False
1838,-85.1,-135.24,3.28,-5.84,41.17,-101.28,1489.88,193.74,False
1839,-66.49,-92.3,3.25,-4.41,44.51,-65.33,1491.63,196.29,False
1840,-47.37,-48.18,3.23,-2.94,47.94,-28.41,1493.43,198.9,False
1841,-91.38,-149.73,3.29,-6.32,40.04,-113.41,1489.29,192.88,False
1842,-69.66,-99.61,3.26,-4.65,43.94,-71.46,1491.34,195.85,False
1843,-83.39,-131.31,3.28,-5.71,41.48,-97.99,1490.04,193.97,False
1844,-70.04,-100.5,3.26,-4.68,43.87,-72.2,1491.3,195.8,False
1845,-73.36,-108.15,3.26,-4.94,43.28,-78.6,1490.99,195.35,False
1846,-66.64,-92.64,3.25,-4.42,44.48,-65.62,1491.62,196.27,False
1847,-66.78,-92.97,3.25,-4.43,44.46,-65.89,1491.61,196.25,False
1848,-64.02,-86.61,3.25,-4.22,44.95,-60.57,1491.87,196.62,False
1849,-88.7,-143.55,3.29,-6.12,40.52,-108.24,1489.55,193.25,False
1850,-89.67,-145.8,3.29,-6.19,40.35,-110.12,1489.45,193.12,False
1851,-69.33,-98.86,3.26,-4.63,44.0,-70.83,1491.37,195.9,False
1852,-76.44,-115.26,3.27,-5.17,42.72,-84.55,1490.7,194.93,False
1853,-55.25,-66.37,3.24,-3.54,46.53,-43.63,1492.69,197.82,False
1854,-59.17,-75.4,3.24,-3.84,45.82,-51.19,1492.32,197.29,False
1855,-47.52,-48.53,3.23,-2.95,47.91,-28.7,1493.42,198.88,False
1856,-75.3,-112.63,3.27,-5.09,42.93,-82.35,1490.81,195.08,False
1857,-70.46,-101.46,3.26,-4.71,43.8,-73.0,1491.26,195.74,False
1858,-51.75,-58.29,3.23,-3.27,47.15,-36.87,1493.02,198.3,False
1859,-98.05,-165.14,3.3,-6.84,38.84,-126.31,1488.67,191.97,False
1860,-65.56,-90.16,3.25,-4.34,44.68,-63.54,1491.72,196.41,False
1861,-69.09,-98.3,3.26,-4.61,44.04,-70.36,1491.39,195.93,False
1862,-97.14,-163.02,3.3,-6.77,39.01,-124.53,1488.75,192.09,False
1863,-95.91,-160.19,3.3,-6.67,39.23,-122.16,1488.87,192.26,False
1864,-70.32,-101.13,3.26,-4.7,43.82,-72.73,1491.27,195.76,False
1865,-68.55,-97.05,3.26,-4.57,44.14,-69.32,1491.44,196.0,False
1866,-88.6,-143.32,3.29,-6.11,40.54,-108.04,1489.56,193.26,False
1867,-56.24,-68.64,3.24,-3.62,46.35,-45.53,1492.6,197.69,False
1868,-61.68,-81.21,3.25,-4.04,45.37,-56.06,1492.09,196.94,False
1869,-54.15,-63.83,3.24,-3.46,46.72,-41.5,1492.79,197.97,False
1870,-62.82,-83.82,3.25,-4.13,45.17,-58.24,1491.98,196.79,False
1871,-105.12,-181.44,3.31,-7.38,37.58,-139.95,1488.0,191.0,False
1872,-55.52,-66.99,3.24,-3.56,46.48,-44.15,1492.67,197.79,False
1873,-71.44,-103.72,3.26,-4.79,43.62,-74.89,1491.17,195.61,False
1874,-51.89,-58.61,3.23,-3.28,47.13,-37.13,1493.01,198.28,False
1875,-101.96,-174.16,3.31,-7.14,38.14,-133.86,1488.3,191.43,False
1876,-100.33,-170.39,3.3,-7.01,38.44,-130.7,1488.45,191.66,False
1877,-84.82,-134.61,3.28,-5.82,41.22,-100.75,1489.91,193.78,False
1878,-64.12,-86.84,3.25,-4.23,44.93,-60.77,1491.86,196.61,False
1879,-55.48,-66.89,3.24,-3.56,46.49,-44.07,1492.67,197.79,False
1880,-80.77,-125.26,3.28,-5.51,41.95,-92.92,1490.29,194.33,False
1881,-62.42,-82.92,3.25,-4.09,45.24,-57.48,1492.02,196.84,False
1882,-98.25,-165.59,3.3,-6.85,38.81,-126.68,1488.65,191.94,False
1883,-61.06,-79.76,3.25,-3.99,45.48,-54.84,1492.14,197.03,False
1884,-97.42,-163.69,3.3,-6.79,38.96,-125.09,1488.73,192.06,False
1885,-101.55,-173.22,3.31,-7.1,38.22,-133.07,1488.34,191.49,False
1886,-74.59,-111.0,3.27,-5.03,43.05,-80.99,1490.87,195.18,False
1887,-104.21,-179.34,3.31,-7.31,37.74,-138.19,1488.09,191.13,False
1888,-87.83,-141.56,3.29,-6.05,40.68,-106.57,1489.63,193.37,False
1889,-50.2,-54.71,3.23,-3.15,47.43,-33.87,1493.17,198.51,False
1890,-93.58,-154.81,3.29,-6.49,39.65,-117.66,1489.09,192.58,False
1891,-97.28,-163.36,3.3,-6.78,38.98,-124.82,1488.74,192.07,False
1892,-91.31,-149.57,3.29,-6.32,40.05,-113.27,1489.3,192.89,False
1893,-76.51,-115.41,3.27,-5.18,42.71,-84.68,1490.69,194.92,False
1894,-104.77,-180.64,3.31,-7.35,37.64,-139.28,1488.04,191.05,False
1895,-94.64,-157.25,3.3,-6.57,39.46,-119.7,1488.99,192.44,False
1896,-90.12,-146.84,3.29,-6.23,40.27,-110.99,1489.41,193.05,False
1897,-73.79,-109.14,3.27,-4.97,43.2,-79.43,1490.95,195.29,False
1898,-47.04,-47.42,3.23,-2.91,48.0,-27.77,1493.46,198.95,False
1899,-101.89,-173.98,3.31,-7.13,38.16,-133.71,1488.31,191.45,False
1900,-99.55,-168.6,3.3,-6.95,38.57,-129.2,1488.53,191.76,False
1901,-81.93,-127.92,3.28,-5.6,41.74,-95.15,1490.18,194.17,False
1902,-58.35,-73.52,3.24,-3.78,45.97,-49.61,1492.4,197.4,False
1903,-84.49,-133.84,3.28,-5.79,41.28,-100.11,1489.94,193.82,False
1904,-59.11,-75.26,3.24,-3.84,45.83,-51.07,1492.33,197.3,False
1905,-48.4,-50.55,3.23,-3.02,47.76,-30.39,1493.34,198.76,False
1906,-98.8,-166.86,3.3,-6.89,38.71,-127.75,1488.6,191.87,False
1907,-60.8,-79.17,3.25,-3.97,45.53,-54.35,1492.17,197.06,False
1908,-94.14,-156.12,3.29,-6.53,39.55,-118.75,1489.03,192.5,False
1909,-71.26,-103.31,3.26,-4.77,43.65,-74.55,1491.19,195.63,False
1910,-80.78,-125.27,3.28,-5.51,41.94,-92.93,1490.29,194.33,False
1911,-58.91,-74.82,3.24,-3.82,45.87,-50.7,1492.35,197.32,False
1912,-62.15,-82.29,3.25,-4.07,45.29,-56.96,1492.04,196.88,False
1913,-85.04,-135.1,3.28,-5.83,41.18,-101.16,1489.89,193.75,False
1914,-81.51,-126.97,3.28,-5.56,41.81,-94.36,1490.22,194.23,False
1915,-47.91,-49.43,3.23,-2.98,47.84,-29.45,1493.38,198.83,False
1916,-81.63,-127.24,3.28,-5.57,41.79,-94.58,1490.21,194.22,False
1917,-62.99,-84.23,3.25,-4.14,45.14,-58.58,1491.96,196.76,False
1918,-75.9,-114.01,3.27,-5.13,42.82,-83.51,1490.75,195.0,False
1919,-94.12,-156.06,3.29,-6.53,39.55,-118.71,1489.04,192.51,False
1920,-99.52,-168.52,3.3,-6.95,38.58,-129.14,1488.53,191.77,False
1921,-89.39,-145.15,3.29,-6.17,40.4,-109.58,1489.48,193.15,False
1922,-49.49,-53.07,3.23,-3.1,47.56,-32.5,1493.23,198.61,False
1923,-62.61,-83.34,3.25,-4.11,45.21,-57.84,1492.0,196.82,False
1924,-92.41,-152.11,3.29,-6.4,39.86,-115.4,1489.2,192.74,False
1925,-83.01,-130.41,3.28,-5.68,41.54,-97.24,1490.08,194.03,False
1926,-67.71,-95.12,3.26,-4.5,44.29,-67.7,1491.52,196.12,False
1927,-72.3,-105.7,3.26,-4.85,43.47,-76.55,1491.09,195.49,False
1928,-90.45,-147.59,3.29,-6.25,40.21,-111.62,1489.38,193.01,False
1929,-55.46,-66.85,3.24,-3.56,46.49,-44.04,1492.67,197.79,False
1930,-64.02,-86.61,3.25,-4.22,44.95,-60.57,1491.87,196.62,False
1931,-89.63,-145.7,3.29,-6.19,40.36,-110.03,1489.46,193.12,False
1932,-85.4,-135.94,3.28,-5.86,41.12,-101.86,1489.86,193.7,False
1933,-61.08,-79.83,3.25,-3.99,45.48,-54.9,1492.14,197.03,False
1934,-53.36,-62.0,3.24,-3.4,46.87,-39.98,1492.87,198.08,False
1935,-79.52,-122.37,3.27,-5.41,42.17,-90.51,1490.41,194.5,False
1936,-82.49,-129.22,3.28,-5.64,41.64,-96.24,1490.13,194.1,False
1937,-53.08,-61.36,3.24,-3.38,46.92,-39.44,1492.89,198.12,False
1938,-53.45,-62.2,3.24,-3.4,46.85,-40.14,1492.86,198.07,False
1939,-55.68,-67.36,3.24,-3.58,46.45,-44.46,1492.65,197.76,False
1940,-84.45,-133.74,3.28,-5.79,41.29,-100.03,1489.95,193.83,False
1941,-87.93,-141.79,3.29,-6.06,40.66,-106.76,1489.62,193.35,False
1942,-57.49,-71.53,3.24,-3.72,46.12,-47.95,1492.48,197.52,False
1943,-52.6,-60.26,3.23,-3.34,47.0,-38.52,1492.94,198.18,False
1944,-71.53,-103.93,3.26,-4.8,43.6,-75.07,1491.16,195.6,False
1945,-87.69,-141.22,3.29,-6.04,40.7,-106.28,1489.64,193.39,False
1946,-94.58,-157.13,3.29,-6.57,39.47,-119.61,1488.99,192.44,False
1947,-99.25,-167.91,3.3,-6.93,38.63,-128.62,1488.55,191.81,False
1948,-91.72,-150.53,3.29,-6.35,39.98,-114.08,1489.26,192.84,False
1949,-104.75,-180.59,3.31,-7.35,37.64,-139.24,1488.04,191.05,False
1950,-59.37,-75.87,3.24,-3.86,45.79,-51.59,1492.3,197.26,False
1951,-73.16,-107.7,3.26,-4.92,43.31,-78.23,1491.01,195.37,False
1952,-61.0,-79.63,3.25,-3.99,45.49,-54.73,1492.15,197.04,False
1953,-61.41,-80.58,3.25,-4.02,45.42,-55.53,1492.11,196.98,False
1954,-97.56,-164.01,3.3,-6.8,38.93,-125.36,1488.71,192.04,False
1955,-66.05,-91.27,3.25,-4.37,44.59,-64.48,1491.68,196.35,False
1956,-54.45,-64.51,3.24,-3.48,46.67,-42.07,1492.77,197.93,False
1957,-70.02,-100.45,3.26,-4.68,43.88,-72.16,1491.3,195.8,False
1958,-81.22,-126.3,3.28,-5.54,41.87,-93.79,1490.25,194.27,False
1959,-70.98,-102.66,3.26,-4.75,43.7,-74.01,1491.21,195.67,False
1960,-77.21,-117.05,3.27,-5.23,42.58,-86.05,1490.63,194.82,False
1961,-56.23,-68.61,3.24,-3.62,46.35,-45.51,1492.6,197.69,False
1962,-46.79,-46.83,3.23,-2.89,48.05,-27.28,1493.49,198.98,False
1963,-62.51,-83.11,3.25,-4.1,45.22,-57.65,1492.01,196.83,False
1964,-79.53,-122.4,3.27,-5.41,42.17,-90.53,1490.41,194.5,False
1965,-99.14,-167.65,3.3,-6.92,38.65,-128.41,1488.56,191.82,False
1966,-59.67,-76.57,3.24,-3.88,45.73,-52.17,1492.28,197.22,False
1967,-48.49,-50.76,3.23,-3.02,47.74,-30.57,1493.33,198.75,False
1968,-83.69,-131.99,3.28,-5.73,41.42,-98.56,1490.02,193.93,False
1969,-54.01,-63.51,3.24,-3.45,46.75,-41.24,1492.81,197.99,False
1970,-99.12,-167.61,3.3,-6.92,38.65,-128.37,1488.57,191.82,False
1971,-99.56,-168.62,3.3,-6.95,38.57,-129.22,1488.52,191.76,False
1972,-75.41,-112.88,3.27,-5.09,42.91,-82.56,1490.8,195.07,False
1973,-103.64,-178.03,3.31,-7.27,37.84,-137.09,1488.14,191.21,False
1974,-53.13,-61.47,3.24,-3.38,46.91,-39.53,1492.89,198.11,False
1975,-57.62,-71.83,3.24,-3.73,46.1,-48.2,1492.47,197.5,False
1976,-77.63,-118.01,3.27,-5.26,42.51,-86.86,1490.59,194.76,False
1977,-68.34,-96.57,3.26,-4.55,44.18,-68.91,1491.46,196.03,False
1978,-87.05,-139.75,3.28,-5.99,40.82,-105.05,1489.7,193.47,False
1979,-61.11,-79.88,3.25,-3.99,45.47,-54.94,1492.14,197.02,False
1980,-72.73,-106.71,3.26,-4.89,43.39,-77.4,1491.05,195.43,False
1981,-100.8,-171.48,3.3,-7.05,38.35,-131.61,1488.41,191.59,False
1982,-64.35,-87.36,3.25,-4.24,44.89,-61.2,1491.84,196.58,False
1983,-89.24,-144.8,3.29,-6.16,40.43,-109.28,1489.5,193.17,False
1984,-104.76,-180.62,3.31,-7.35,37.64,-139.27,1488.04,191.05,False
1985,-79.88,-123.2,3.27,-5.44,42.11,-91.2,1490.38,194.46,False
1986,-74.75,-111.36,3.27,-5.04,43.03,-81.29,1490.86,195.16,False
1987,-68.67,-97.34,3.26,-4.58,44.12,-69.55,1491.43,195.99,False
1988,-75.16,-112.31,3.27,-5.07,42.95,-82.08,1490.82,195.1,False
1989,-71.51,-103.88,3.26,-4.79,43.61,-75.03,1491.16,195.6,False
1990,-72.09,-105.22,3.26,-4.84,43.5,-76.15,1491.11,195.52,False
1991,-103.87,-178.55,3.31,-7.28,37.8,-137.53,1488.12,191.17,False
1992,-99.11,-167.59,3.3,-6.92,38.65,-128.35,1488.57,191.82,False
1993,-60.69,-78.92,3.25,-3.96,45.55,-54.13,1492.18,197.08,False
1994,-91.15,-149.22,3.29,-6.3,40.08,-112.98,1489.32,192.91,False
1995,-73.32,-108.06,3.26,-4.93,43.28,-78.52,1490.99,195.35,False
1996,-57.36,-71.22,3.24,-3.71,46.15,-47.69,1492.49,197.53,False
1997,-65.4,-89.79,3.25,-4.32,44.7,-63.24,1491.74,196.43,False
1998,-59.58,-76.36,3.24,-3.88,45.75,-52.0,1492.28,197.23,False
1999,-89.09,-144.46,3.29,-6.15,40.45,-109.0,1489.51,193.19,False
2000,-84.02,-132.75,3.28,-5.76,41.36,-99.2,1489.99,193.89,False
2001,-65.71,-90.5,3.25,-4.35,44.65,-63.83,1491.71,196.39,False
2002,-100.29,-170.3,3.3,-7.01,38.44,-130.62,1488.46,191.66,False
2003,-47.02,-47.37,3.23,-2.91,48.0,-27.73,1493.46,198.95,False
2004,-73.83,-109.24,3.27,-4.97,43.19,-79.51,1490.94,195.28,False
2005,-93.88,-155.51,3.29,-6.51,39.59,-118.24,1489.06,192.54,False
2006,-68.07,-95.94,3.26,-4.53,44.23,-68.38,1491.49,196.07,False
2007,-51.54,-57.8,3.23,-3.26,47.19,-36.46,1493.04,198.33,False
2008,-101.23,-172.48,3.3,-7.08,38.27,-132.45,1488.37,191.53,False
2009,-60.63,-78.78,3.25,-3.96,45.56,-54.02,1492.18,197.09,False
2010,-70.89,-102.44,3.26,-4.75,43.72,-73.83,1491.22,195.68,False
2011,-101.93,-174.09,3.31,-7.13,38.15,-133.8,1488.3,191.44,False
2012,-56.27,-68.72,3.24,-3.62,46.34,-45.59,1492.59,197.68,False
2013,-102.82,-176.14,3.31,-7.2,37.99,-135.51,1488.22,191.32,False
2014,-75.84,-113.88,3.27,-5.13,42.83,-83.4,1490.75,195.01,False
2015,-74.75,-111.37,3.27,-5.04,43.03,-81.3,1490.86,195.16,False
2016,-63.56,-85.55,3.25,-4.18,45.03,-59.68,1491.91,196.69,False
2017,-52.12,-59.15,3.23,-3.3,47.09,-37.59,1492.98,198.25,False
2018,-62.42,-82.9,3.25,-4.09,45.24,-57.47,1492.02,196.84,False
2019,-95.08,-158.27,3.3,-6.61,39.38,-120.56,1488.95,192.38,False
2020,-104.24,-179.42,3.31,-7.31,37.73,-138.26,1488.08,191.12,False
2021,-104.43,-179.86,3.31,-7.33,37.7,-138.63,1488.07,191.1,False
2022,-61.36,-80.47,3.25,-4.01,45.43,-55.44,1492.12,196.99,False
2023,-102.75,-175.98,3.31,-7.2,38.0,-135.38,1488.23,191.33,False
2024,-80.01,-123.5,3.27,-5.45,42.08,-91.45,1490.36,194.44,False
2025,-68.81,-97.65,3.26,-4.59,44.09,-69.82,1491.42,195.97,False
2026,-68.91,-97.88,3.26,-4.59,44.08,-70.01,1491.41,195.96,False
2027,-93.42,-154.45,3.29,-6.48,39.68,-117.36,1489.1,192.6,False
2028,-104.23,-179.39,3.31,-7.31,37.74,-138.23,1488.09,191.13,False
2029,-95.36,-158.91,3.3,-6.63,39.33,-121.1,1488.92,192.34,False
2030,-76.04,-114.35,3.27,-5.14,42.79,-83.79,1490.74,194.98,False
2031,-67.31,-94.19,3.26,-4.47,44.36,-66.92,1491.56,196.17,False
2032,-100.31,-170.34,3.3,-7.01,38.44,-130.66,1488.45,191.66,False
2033,-60.14,-77.65,3.25,-3.92,45.65,-53.07,1492.23,197.15,False
2034,-86.14,-137.65,3.28,-5.92,40.98,-103.29,1489.79,193.6,False
2035,-50.58,-55.58,3.23,-3.18,47.37,-34.6,1493.13,198.46,False
2036,-73.96,-109.54,3.27,-4.98,43.17,-79.77,1490.93,195.26,False
2037,-91.56,-150.16,3.29,-6.34,40.01,-113.77,1489.28,192.86,False
2038,-54.46,-64.54,3.24,-3.48,46.67,-42.1,1492.76,197.93,False
2039,-77.71,-118.2,3.27,-5.27,42.49,-87.02,1490.58,194.75,False
2040,-47.09,-47.54,3.23,-2.92,47.99,-27.87,1493.46,198.94,False
2041,-60.36,-78.15,3.25,-3.94,45.61,-53.49,1492.21,197.12,False
2042,-84.06,-132.84,3.28,-5.76,41.36,-99.27,1489.98,193.88,False
2043,-101.7,-173.56,3.31,-7.12,38.19,-133.35,1488.32,191.47,False
2044,-91.41,-149.8,3.29,-6.32,40.04,-113.47,1489.29,192.88,False
2045,-101.7,-173.55,3.31,-7.12,38.19,-133.34,1488.32,191.47,False
2046,-74.56,-110.93,3.27,-5.03,43.06,-80.93,1490.87,195.18,False
2047,-66.29,-91.85,3.25,-4.39,44.54,-64.96,1491.65,196.31,False
2048,-99.83,-169.23,3.3,-6.97,38.53,-129.73,1488.5,191.73,False
2049,-66.94,-93.33,3.26,-4.44,44.43,-66.2,1491.59,196.22,False
2050,-82.88,-130.12,3.28,-5.67,41.57,-97.0,1490.09,194.04,False
2051,-47.36,-48.16,3.23,-2.94,47.94,-28.39,1493.43,198.9,False
2052,-94.21,-156.26,3.29,-6.54,39.53,-118.87,1489.03,192.5,False
2053,-99.52,-168.53,3.3,-6.95,38.58,-129.15,1488.53,191.77,False
2054,-69.04,-98.17,3.26,-4.6,44.05,-70.25,1491.39,195.94,False
2055,-59.29,-75.69,3.24,-3.85,45.8,-51.43,1492.31,197.27,False
2056,-94.71,-157.43,3.3,-6.58,39.44,-119.86,1488.98,192.43,False
2057,-91.94,-151.04,3.29,-6.37,39.94,-114.5,1489.24,192.81,False
2058,-86.92,-139.46,3.28,-5.98,40.84,-104.81,1489.71,193.49,False
2059,-76.48,-115.36,3.27,-5.18,42.72,-84.63,1490.69,194.92,False
2060,-50.46,-55.31,3.23,-3.17,47.39,-34.37,1493.14,198.48,False
2061,-95.73,-159.78,3.3,-6.66,39.26,-121.82,1488.88,192.29,False
2062,-55.8,-67.64,3.24,-3.59,46.43,-44.7,1492.64,197.75,False
2063,-91.39,-149.77,3.29,-6.32,40.04,-113.44,1489.29,192.88,False
2064,-87.35,-140.43,3.28,-6.01,40.77,-105.63,1489.67,193.43,False
2065,-59.19,-75.46,3.24,-3.85,45.82,-51.24,1492.32,197.28,False
2066,-98.1,-165.24,3.3,-6.84,38.84,-126.39,1488.66,191.96,False
2067,-90.82,-148.46,3.29,-6.28,40.14,-112.34,1489.35,192.96,False
2068,-68.94,-97.95,3.26,-4.6,44.07,-70.06,1491.4,195.95,False
2069,-92.43,-152.17,3.29,-6.4,39.85,-115.45,1489.2,192.74,False
2070,-85.08,-135.2,3.28,-5.84,41.17,-101.24,1489.89,193.74,False
2071,-102.4,-175.18,3.31,-7.17,38.06,-134.71,1488.26,191.37,False
2072,-70.46,-101.46,3.26,-4.71,43.8,-73.01,1491.26,195.74,False
2073,-104.03,-178.94,3.31,-7.3,37.77,-137.86,1488.1,191.15,False
2074,-74.4,-110.56,3.27,-5.02,43.09,-80.62,1490.89,195.2,False
2075,-51.51,-57.74,3.23,-3.26,47.2,-36.41,1493.04,198.33,False
2076,-82.91,-130.19,3.28,-5.67,41.56,-97.05,1490.09,194.04,False
2077,-93.55,-154.74,3.29,-6.49,39.65,-117.6,1489.09,192.59,False
2078,-57.19,-70.84,3.24,-3.69,46.18,-47.38,1492.51,197.56,False
2079,-50.21,-54.74,3.23,-3.16,47.43,-33.9,1493.16,198.51,False
2080,-83.11,-130.66,3.28,-5.69,41.53,-97.44,1490.07,194.01,False
2081,-67.85,-95.43,3.26,-4.51,44.27,-67.96,1491.51,196.1,False
2082,-85.45,-136.07,3.28,-5.87,41.11,-101.97,1489.85,193.69,False
2083,-58.94,-74.89,3.24,-3.83,45.86,-50.76,1492.34,197.32,False
2084,-75.49,-113.06,3.27,-5.1,42.89,-82.71,1490.79,195.06,False
2085,-56.19,-68.53,3.24,-3.62,46.36,-45.44,1492.6,197.69,False
2086,-56.36,-68.93,3.24,-3.63,46.33,-45.78,1492.59,197.67,False
2087,-102.71,-175.89,3.31,-7.19,38.01,-135.3,1488.23,191.33,False
2088,-63.53,-85.47,3.25,-4.18,45.04,-59.62,1491.91,196.69,False
2089,-53.94,-63.33,3.24,-3.44,46.76,-41.09,1492.81,198.0,False
2090,-58.84,-74.64,3.24,-3.82,45.88,-50.55,1492.35,197.33,False
2091,-53.54,-62.41,3.24,-3.41,46.83,-40.31,1492.85,198.06,False
2092,-79.14,-121.5,3.27,-5.38,42.24,-89.78,1490.44,194.56,False
2093,-47.99,-49.6,3.23,-2.98,47.83,-29.6,1493.37,198.82,False
2094,-58.4,-73.63,3.24,-3.79,45.96,-49.71,1492.39,197.39,False
2095,-103.76,-178.31,3.31,-7.27,37.82,-137.33,1488.13,191.19,False
2096,-101.56,-173.24,3.31,-7.11,38.21,-133.09,1488.34,191.49,False
2097,-71.91,-104.82,3.26,-4.82,43.54,-75.82,1491.12,195.54,False
2098,-78.87,-120.86,3.27,-5.36,42.29,-89.24,1490.47,194.59,False
2099,-72.19,-105.45,3.26,-4.85,43.49,-76.35,1491.1,195.51,False
2100,-96.29,-161.06,3.3,-6.7,39.16,-122.89,1488.83,192.21,False
2101,-71.79,-104.53,3.26,-4.82,43.56,-75.57,1491.14,195.56,False
2102,-48.17,-50.03,3.23,-3.0,47.8,-29.96,1493.36,198.79,False
2103,-78.17,-119.25,3.27,-5.31,42.41,-87.9,1490.54,194.69,False
2104,-94.91,-157.89,3.3,-6.59,39.41,-120.24,1488.96,192.4,False
2105,-79.34,-121.96,3.27,-5.4,42.2,-90.17,1490.43,194.53,False
2106,-66.18,-91.59,3.25,-4.38,44.56,-64.74,1491.66,196.33,False
2107,-61.14,-79.94,3.25,-4.0,45.47,-54.99,1492.14,197.02,False
2108,-70.71,-102.03,3.26,-4.73,43.75,-73.48,1491.24,195.71,False
2109,-78.15,-119.2,3.27,-5.3,42.42,-87.85,1490.54,194.69,False
2110,-54.9,-65.56,3.24,-3.52,46.59,-42.95,1492.72,197.87,False
2111,-52.86,-60.85,3.23,-3.36,46.96,-39.01,1492.92,198.15,False
2112,-78.89,-120.93,3.27,-5.36,42.28,-89.3,1490.47,194.59,False
2113,-57.43,-71.4,3.24,-3.71,46.13,-47.84,1492.49,197.52,False
2114,-54.95,-65.67,3.24,-3.52,46.58,-43.04,1492.72,197.86,False
2115,-75.84,-113.89,3.27,-5.13,42.83,-83.4,1490.75,195.01,False
2116,-100.37,-170.49,3.3,-7.01,38.43,-130.78,1488.45,191.65,False
2117,-84.45,-133.75,3.28,-5.79,41.29,-100.03,1489.95,193.83,False
2118,-91.59,-150.22,3.29,-6.34,40.0,-113.81,1489.27,192.85,False
2119,-63.6,-85.64,3.25,-4.19,45.03,-59.76,1491.91,196.68,False
2120,-70.69,-101.99,3.26,-4.73,43.76,-73.45,1491.24,195.71,False
2121,-92.15,-151.51,3.29,-6.38,39.9,-114.9,1489.22,192.78,False
2122,-61.35,-80.45,3.25,-4.01,45.43,-55.42,1492.12,196.99,False
2123,-53.24,-61.73,3.24,-3.39,46.89,-39.75,1492.88,198.1,False
2124,-88.1,-142.17,3.29,-6.07,40.63,-107.08,1489.6,193.33,False
2125,-83.57,-131.72,3.28,-5.72,41.44,-98.34,1490.03,193.95,False
2126,-66.63,-92.61,3.25,-4.42,44.48,-65.6,1491.62,196.27,False
2127,-94.25,-156.36,3.29,-6.54,39.53,-118.96,1489.02,192.49,False
2128,-58.99,-75.0,3.24,-3.83,45.86,-50.85,1492.34,197.31,False
2129,-51.06,-56.69,3.23,-3.22,47.28,-35.53,1493.08,198.4,False
2130,-54.85,-65.43,3.24,-3.51,46.6,-42.85,1492.73,197.88,False
2131,-78.79,-120.68,3.27,-5.35,42.3,-89.09,1490.48,194.6,False
2132,-90.26,-147.17,3.29,-6.24,40.24,-111.26,1489.4,193.03,False
2133,-76.93,-116.38,3.27,-5.21,42.64,-85.49,1490.65,194.86,False
2134,-51.25,-57.13,3.23,-3.24,47.24,-35.9,1493.07,198.37,False
2135,-78.45,-119.89,3.27,-5.33,42.36,-88.43,1490.51,194.65,False
2136,-82.5,-129.24,3.28,-5.64,41.64,-96.26,1490.13,194.1,False
2137,-65.41,-89.81,3.25,-4.32,44.7,-63.25,1491.74,196.43,False
2138,-62.13,-82.24,3.25,-4.07,45.29,-56.92,1492.04,196.88,False
2139,-51.77,-58.33,3.23,-3.28,47.15,-36.9,1493.02,198.3,False
2140,-81.9,-127.86,3.28,-5.59,41.74,-95.1,1490.19,194.18,False
2141,-83.56,-131.7,3.28,-5.72,41.44,-98.32,1490.03,193.95,False
2142,-95.73,-159.78,3.3,-6.66,39.26,-121.82,1488.89,192.29,False
2143,-60.66,-78.84,3.25,-3.96,45.56,-54.07,1492.18,197.08,False
2144,-104.83,-180.77,3.31,-7.36,37.63,-139.39,1488.03,191.04,False
2145,-78.25,-119.45,3.27,-5.31,42.4,-88.06,1490.53,194.68,False
2146,-57.26,-71.01,3.24,-3.7,46.17,-47.51,1492.5,197.55,False
2147,-103.95,-178.75,3.31,-7.29,37.79,-137.7,1488.11,191.16,False
2148,-88.78,-143.74,3.29,-6.12,40.51,-108.39,1489.54,193.24,False
2149,-70.41,-101.34,3.26,-4.71,43.81,-72.9,1491.27,195.75,False
2150,-47.05,-47.44,3.23,-2.91,48.0,-27.79,1493.46,198.94,False
2151,-78.4,-119.78,3.27,-5.32,42.37,-88.33,1490.51,194.66,False
2152,-100.86,-171.62,3.3,-7.05,38.34,-131.73,1488.4,191.59,False
2153,-100.1,-169.86,3.3,-6.99,38.48,-130.26,1488.47,191.69,False
2154,-75.39,-112.85,3.27,-5.09,42.91,-82.53,1490.8,195.07,False
2155,-53.82,-63.05,3.24,-3.43,46.78,-40.86,1492.83,198.02,False
2156,-56.34,-68.88,3.24,-3.63,46.33,-45.73,1492.59,197.67,False
2157,-92.36,-151.99,3.29,-6.4,39.87,-115.3,1489.2,192.75,False
2158,-98.43,-166.0,3.3,-6.86,38.78,-127.03,1488.63,191.92,False
2159,-80.45,-124.53,3.27,-5.48,42.0,-92.31,1490.32,194.38,False
2160,-52.34,-59.65,3.23,-3.32,47.05,-38.01,1492.96,198.22,False
2161,-52.72,-60.53,3.23,-3.35,46.98,-38.74,1492.93,198.17,False
2162,-79.28,-121.83,3.27,-5.39,42.21,-90.05,1490.43,194.54,False
2163,-104.34,-179.65,3.31,-7.32,37.72,-138.45,1488.08,191.11,False
2164,-48.0,-49.64,3.23,-2.99,47.83,-29.63,1493.37,198.81,False
2165,-64.62,-87.97,3.25,-4.26,44.85,-61.72,1491.81,196.54,False
2166,-76.69,-115.83,3.27,-5.19,42.68,-85.04,1490.68,194.89,False
2167,-98.03,-165.08,3.3,-6.83,38.85,-126.26,1488.67,191.97,False
2168,-49.74,-53.65,3.23,-3.12,47.52,-32.99,1493.21,198.58,False
2169,-92.85,-153.13,3.29,-6.44,39.78,-116.26,1489.16,192.68,False
2170,-67.29,-94.15,3.26,-4.47,44.37,-66.88,1491.56,196.18,False
2171,-86.25,-137.91,3.28,-5.93,40.96,-103.52,1489.78,193.58,False
2172,-78.31,-119.57,3.27,-5.32,42.39,-88.16,1490.52,194.67,False
2173,-97.85,-164.68,3.3,-6.82,38.88,-125.92,1488.69,192.0,False
2174,-74.63,-111.09,3.27,-5.03,43.05,-81.07,1490.87,195.17,False
2175,-81.27,-126.41,3.28,-5.54,41.86,-93.88,1490.24,194.26,False
2176,-57.22,-70.92,3.24,-3.69,46.17,-47.44,1492.51,197.55,False
2177,-97.38,-163.58,3.3,-6.78,38.97,-125.0,1488.73,192.06,False
2178,-98.3,-165.71,3.3,-6.85,38.8,-126.79,1488.64,191.94,False
2179,-55.36,-66.62,3.24,-3.55,46.51,-43.84,1492.68,197.81,False
2180,-51.91,-58.65,3.23,-3.29,47.13,-37.17,1493.0,198.28,False
2181,-71.12,-102.99,3.26,-4.76,43.68,-74.28,1491.2,195.65,False
2182,-102.62,-175.68,3.31,-7.19,38.02,-135.13,1488.24,191.35,False
2183,-96.95,-162.6,3.3,-6.75,39.04,-124.18,1488.77,192.12,False
2184,-51.42,-57.51,3.23,-3.25,47.21,-36.22,1493.05,198.35,False
2185,-52.15,-59.2,3.23,-3.3,47.08,-37.63,1492.98,198.25,False
2186,-71.72,-104.38,3.26,-4.81,43.57,-75.44,1491.14,195.57,False
2187,-96.47,-161.49,3.3,-6.71,39.13,-123.25,1488.82,192.19,False
2188,-86.55,-138.59,3.28,-5.95,40.91,-104.09,1489.75,193.54,False
2189,-96.53,-161.62,3.3,-6.72,39.12,-123.36,1488.81,192.18,False
2190,-75.37,-112.8,3.27,-5.09,42.92,-82.49,1490.8,195.07,False
2191,-101.39,-172.84,3.3,-7.09,38.25,-132.75,1488.35,191.51,False
2192,-86.83,-139.25,3.28,-5.97,40.86,-104.64,1489.72,193.5,False
2193,-89.92,-146.37,3.29,-6.21,40.3,-110.6,1489.43,193.08,False
2194,-94.07,-155.95,3.29,-6.53,39.56,-118.62,1489.04,192.51,False
2195,-53.31,-61.89,3.24,-3.39,46.87,-39.88,1492.87,198.09,False
2196,-89.98,-146.5,3.29,-6.21,40.29,-110.7,1489.43,193.07,False
2197,-98.69,-166.6,3.3,-6.88,38.73,-127.53,1488.61,191.88,False
2198,-76.85,-116.21,3.27,-5.2,42.65,-85.35,1490.66,194.87,False
2199,-57.97,-72.63,3.24,-3.75,46.04,-48.87,1492.44,197.45,False
2200,-89.41,-145.2,3.29,-6.17,40.39,-109.62,1489.48,193.15,False
2201,-76.49,-115.39,3.27,-5.18,42.71,-84.66,1490.69,194.92,False
2202,-91.51,-150.05,3.29,-6.33,40.02,-113.68,1489.28,192.86,False
2203,-82.27,-128.71,3.28,-5.62,41.68,-95.82,1490.15,194.13,False
2204,-47.81,-49.2,3.23,-2.97,47.86,-29.26,1493.39,198.84,False
2205,-76.37,-115.09,3.27,-5.17,42.74,-84.41,1490.71,194.94,False
2206,-60.35,-78.14,3.25,-3.94,45.61,-53.48,1492.21,197.13,False
2207,-63.28,-84.88,3.25,-4.16,45.09,-59.13,1491.94,196.73,False
2208,-84.66,-134.22,3.28,-5.81,41.25,-100.43,1489.93,193.8,False
2209,-55.91,-67.88,3.24,-3.59,46.41,-44.9,1492.63,197.73,False
2210,-98.39,-165.91,3.3,-6.86,38.78,-126.95,1488.64,191.92,False
2211,-59.01,-75.05,3.24,-3.83,45.85,-50.89,1492.34,197.31,False
2212,-58.09,-72.93,3.24,-3.76,46.02,-49.12,1492.42,197.43,False
2213,-57.92,-72.54,3.24,-3.75,46.05,-48.79,1492.44,197.46,False
2214,-61.12,-79.91,3.25,-3.99,45.47,-54.96,1492.14,197.02,False
2215,-82.17,-128.49,3.28,-5.61,41.69,-95.63,1490.16,194.14,False
2216,-62.64,-83.42,3.25,-4.11,45.2,-57.9,1492.0,196.81,False
2217,-101.56,-173.23,3.31,-7.11,38.21,-133.08,1488.34,191.49,False
2218,-69.88,-100.13,3.26,-4.67,43.9,-71.89,1491.32,195.82,False
2219,-102.13,-174.54,3.31,-7.15,38.11,-134.18,1488.28,191.41,False
2220,-61.09,-79.84,3.25,-3.99,45.48,-54.9,1492.14,197.02,False
2221,-93.3,-154.18,3.29,-6.47,39.7,-117.13,1489.11,192.62,False
2222,-77.81,-118.43,3.27,-5.28,42.48,-87.21,1490.57,194.74,False
2223,-85.66,-136.53,3.28,-5.88,41.07,-102.36,1489.83,193.66,False
2224,-81.82,-127.67,3.28,-5.59,41.76,-94.94,1490.19,194.19,False
2225,-66.52,-92.36,3.25,-4.41,44.5,-65.39,1491.63,196.28,False
2226,-92.49,-152.3,3.29,-6.41,39.84,-115.56,1489.19,192.73,False
2227,-99.0,-167.33,3.3,-6.91,38.67,-128.14,1488.58,191.84,False
2228,-95.4,-159.01,3.3,-6.63,39.32,-121.17,1488.92,192.33,False
2229,-48.47,-50.71,3.23,-3.02,47.74,-30.52,1493.33,198.75,False
2230,-90.62,-147.98,3.29,-6.26,40.18,-111.94,1489.37,192.99,False
2231,-92.88,-153.2,3.29,-6.44,39.77,-116.31,1489.15,192.68,False
2232,-70.25,-100.99,3.26,-4.7,43.83,-72.61,1491.28,195.77,False
2233,-87.4,-140.56,3.28,-6.02,40.76,-105.73,1489.67,193.43,False
2234,-75.79,-113.77,3.27,-5.12,42.84,-83.31,1490.76,195.01,False
2235,-52.29,-59.52,3.23,-3.32,47.06,-37.9,1492.97,198.23,False
2236,-92.22,-151.67,3.29,-6.39,39.89,-115.03,1489.22,192.77,False
2237,-58.84,-74.65,3.24,-3.82,45.88,-50.56,1492.35,197.33,False
2238,-95.03,-158.15,3.3,-6.6,39.39,-120.46,1488.95,192.38,False
