commit_id,label,pred,score_or_proba,feature,value_actual,min,max,operator,threshold
,True,True,0.5954681842319061,nuc,423.666666666667,0.0,593.0,>,455.6650085449219
,True,True,0.5954681842319061,aexp,62.0,0.0,418.0,<,8.869999885559082
,True,True,0.5954681842319061,ld,1.0,0.0,6893.0,>,0.5
,True,True,0.5954681842319061,la,15.0,0.0,8385.0,<,45.53000068664551
,True,True,0.5954681842319061,ns,1.0,1.0,6.0,>,1.5
