,nuc,arexp,ent,ndev,age,asexp,la,ld,target
0,384.25,132.67,2.17,4.5,3.0,0.99,38.0,24.0,False
1,653.12,98.5,2.09,5.12,7.88,1.67,161.0,54.0,False
2,481.0,7.0,2.02,5.29,13.71,1.12,77.0,13.0,False
3,657.17,222.67,1.91,6.67,5.83,1.0,100.0,16.0,False
4,284.2,26.0,1.79,6.0,17.8,9.0,84.0,4.0,False
5,583.17,71.0,1.77,7.83,3.67,0.38,114.0,10.0,False
6,369.83,73.0,2.39,3.92,22.08,0.22,104.0,33.0,False
7,579.17,40.0,1.58,8.17,4.33,0.84,216.0,44.0,False
8,671.6,22.0,1.73,10.0,20.0,0.51,127.0,10.0,False
9,525.14,25.0,1.77,7.14,23.86,0.51,205.0,48.0,False
10,505.71,0.0,2.09,7.29,9.43,0.0,621.0,26.0,False
11,488.43,32.0,1.63,7.57,10.86,1.59,102.0,15.0,False
12,629.33,5.0,1.93,10.0,7.67,1.07,105.0,22.0,False
13,456.78,6.0,2.38,7.0,20.67,0.45,443.0,44.0,False
14,390.0,65.0,2.53,6.3,26.8,0.96,331.0,25.0,False
15,478.62,7.0,2.09,8.0,35.62,0.78,128.0,17.0,False
16,516.14,8.0,2.16,9.14,11.43,1.08,343.0,234.0,False
17,484.78,33.0,2.56,8.56,19.67,0.83,197.0,22.0,False
18,289.25,2.0,1.85,6.75,5.5,2.0,17.0,8.0,False
19,578.8,15.0,2.01,8.3,26.4,1.08,252.0,105.0,False
20,479.31,16.0,2.39,6.38,6.54,1.08,286.0,143.0,False
21,424.11,20.0,1.89,9.0,41.89,1.39,439.0,36.0,False
22,609.62,16.0,2.12,10.25,27.5,1.0,138.0,89.0,False
23,435.0,21.0,2.98,9.1,20.2,1.0,152.0,34.0,False
24,427.4,155.0,3.08,9.1,7.7,1.07,63.0,46.0,False
25,454.09,24.0,2.42,8.45,19.27,1.0,200.0,115.0,False
26,542.4,206.0,2.25,9.3,19.3,0.51,238.0,77.0,False
27,637.25,211.0,1.67,11.62,4.38,0.51,136.0,41.0,False
28,679.75,1.0,1.63,11.88,14.5,0.33,160.0,1.0,False
29,349.83,27.0,2.8,8.08,8.5,0.99,535.0,150.0,False
30,519.62,238.0,2.09,12.12,20.0,0.51,270.0,30.0,False
31,333.3,6.0,2.9,5.1,23.75,1.16,432.0,155.0,False
32,648.78,290.92,2.5,11.44,2.78,0.5,415.0,52.0,False
33,671.75,72.62,2.21,12.75,18.88,0.17,150.0,15.0,False
34,599.78,73.62,2.41,11.33,10.89,0.17,157.0,18.0,False
35,595.57,259.0,1.68,14.43,5.71,0.51,191.0,15.0,False
36,525.2,296.92,2.29,10.6,27.6,0.63,78.0,61.0,False
37,464.18,14.5,2.3,9.64,16.36,0.92,215.0,11.0,False
38,617.14,81.0,1.95,15.29,3.43,1.08,144.0,45.0,False
39,339.86,14.0,2.5,8.07,22.0,0.73,523.0,118.0,False
40,496.97,16.0,2.35,6.91,9.38,1.07,265.94,135.68,False
41,540.74,16.0,2.26,8.21,16.42,1.04,216.23,117.54,False
42,600.45,16.0,2.14,9.98,26.02,1.01,148.42,92.8,False
43,581.73,16.0,2.18,9.42,23.01,1.02,169.68,100.56,False
44,540.95,16.0,2.26,8.21,16.45,1.04,216.0,117.46,False
45,508.05,16.0,2.33,7.24,11.16,1.06,253.36,131.09,False
46,557.35,16.0,2.23,8.7,19.09,1.03,197.36,110.66,False
47,489.72,16.0,2.37,6.69,8.21,1.07,274.17,138.68,False
48,535.49,16.0,2.27,8.05,15.58,1.04,222.19,119.72,False
49,554.66,16.0,2.23,8.62,18.66,1.03,200.42,111.78,False
50,572.12,16.0,2.2,9.14,21.47,1.02,180.6,104.54,False
51,599.85,16.0,2.14,9.96,25.93,1.01,149.1,93.05,False
52,563.61,16.0,2.21,8.89,20.1,1.03,190.26,108.07,False
53,607.0,16.0,2.12,10.17,27.08,1.0,140.98,90.09,False
54,582.51,16.0,2.18,9.45,23.14,1.02,168.8,100.24,False
55,552.05,16.0,2.24,8.54,18.24,1.03,203.39,112.86,False
56,500.73,16.0,2.35,7.02,9.98,1.06,261.67,134.12,False
57,520.64,16.0,2.3,7.61,13.19,1.05,239.06,125.87,False
58,592.12,16.0,2.16,9.73,24.68,1.01,157.88,96.25,False
59,570.56,16.0,2.2,9.09,21.22,1.02,182.37,105.19,False
60,561.42,16.0,2.22,8.82,19.75,1.03,192.74,108.97,False
61,506.77,16.0,2.33,7.2,10.96,1.06,254.82,131.62,False
62,553.48,16.0,2.24,8.58,18.47,1.03,201.77,112.27,False
63,485.78,16.0,2.38,6.58,7.58,1.07,278.65,140.32,False
64,519.14,16.0,2.31,7.57,12.95,1.05,240.76,126.5,False
65,594.0,16.0,2.15,9.79,24.99,1.01,155.74,95.47,False
66,589.74,16.0,2.16,9.66,24.3,1.01,160.58,97.24,False
67,515.7,16.0,2.31,7.46,12.39,1.05,244.67,127.92,False
68,604.86,16.0,2.13,10.11,26.73,1.0,143.42,90.98,False
69,598.47,16.0,2.14,9.92,25.7,1.01,150.67,93.62,False
70,480.3,16.0,2.39,6.41,6.7,1.08,284.87,142.59,False
71,601.23,16.0,2.14,10.0,26.15,1.0,147.53,92.48,False
72,555.18,16.0,2.23,8.63,18.74,1.03,199.84,111.56,False
73,523.79,16.0,2.3,7.7,13.69,1.05,235.48,124.57,False
74,585.86,16.0,2.17,9.55,23.68,1.01,164.99,98.85,False
75,546.85,16.0,2.25,8.39,17.4,1.04,209.3,115.01,False
76,533.65,16.0,2.28,8.0,15.28,1.04,224.28,120.48,False
77,530.86,16.0,2.28,7.91,14.83,1.05,227.46,121.64,False
78,555.73,16.0,2.23,8.65,18.83,1.03,199.21,111.33,False
79,524.51,16.0,2.3,7.73,13.81,1.05,234.67,124.27,False
80,526.73,16.0,2.29,7.79,14.17,1.05,232.14,123.35,False
81,508.48,16.0,2.33,7.25,11.23,1.06,252.87,130.91,False
82,515.87,16.0,2.31,7.47,12.42,1.05,244.47,127.85,False
83,563.23,16.0,2.22,8.87,20.04,1.03,190.69,108.23,False
84,604.58,16.0,2.13,10.1,26.69,1.0,143.73,91.09,False
85,534.06,16.0,2.28,8.01,15.34,1.04,223.82,120.31,False
86,590.25,16.0,2.16,9.68,24.38,1.01,160.01,97.03,False
87,569.03,16.0,2.2,9.05,20.97,1.02,184.1,105.82,False
88,551.45,16.0,2.24,8.52,18.14,1.03,204.07,113.11,False
89,528.68,16.0,2.29,7.85,14.48,1.05,229.93,122.54,False
90,509.95,16.0,2.33,7.29,11.47,1.06,251.2,130.3,False
91,576.42,16.0,2.19,9.26,22.16,1.02,175.72,102.76,False
92,580.66,16.0,2.18,9.39,22.84,1.02,170.9,101.0,False
93,563.99,16.0,2.21,8.9,20.16,1.03,189.82,107.91,False
94,517.01,16.0,2.31,7.5,12.6,1.05,243.19,127.38,False
95,547.57,16.0,2.25,8.41,17.52,1.04,208.48,114.71,False
96,606.06,16.0,2.13,10.14,26.93,1.0,142.04,90.48,False
97,556.57,16.0,2.23,8.68,18.97,1.03,198.26,110.99,False
98,580.67,16.0,2.18,9.39,22.84,1.02,170.89,101.0,False
99,522.74,16.0,2.3,7.67,13.52,1.05,236.68,125.0,False
100,528.46,16.0,2.29,7.84,14.44,1.05,230.18,122.63,False
101,480.02,16.0,2.39,6.41,6.65,1.08,285.2,142.71,False
102,575.31,16.0,2.19,9.23,21.98,1.02,176.97,103.22,False
103,484.1,16.0,2.38,6.53,7.31,1.07,280.56,141.01,False
104,496.2,16.0,2.36,6.89,9.26,1.07,266.81,136.0,False
105,584.24,16.0,2.17,9.5,23.42,1.01,166.83,99.52,False
106,509.2,16.0,2.33,7.27,11.35,1.06,252.06,130.62,False
107,568.51,16.0,2.2,9.03,20.89,1.02,184.69,106.04,False
108,512.37,16.0,2.32,7.37,11.86,1.06,248.45,129.3,False
109,494.65,16.0,2.36,6.84,9.01,1.07,268.58,136.64,False
110,525.44,16.0,2.29,7.75,13.96,1.05,233.61,123.88,False
111,489.26,16.0,2.37,6.68,8.14,1.07,274.7,138.88,False
112,498.83,16.0,2.35,6.96,9.68,1.06,263.83,134.91,False
113,547.95,16.0,2.25,8.42,17.58,1.04,208.05,114.56,False
114,556.37,16.0,2.23,8.67,18.93,1.03,198.48,111.07,False
115,556.02,16.0,2.23,8.66,18.88,1.03,198.88,111.21,False
116,532.99,16.0,2.28,7.98,15.17,1.04,225.03,120.76,False
117,549.52,16.0,2.24,8.47,17.83,1.04,206.26,113.91,False
118,503.43,16.0,2.34,7.1,10.42,1.06,258.6,133.0,False
119,598.32,16.0,2.14,9.91,25.68,1.01,150.84,93.69,False
120,510.61,16.0,2.33,7.31,11.57,1.06,250.45,130.03,False
121,546.72,16.0,2.25,8.38,17.38,1.04,209.45,115.07,False
122,607.27,16.0,2.12,10.18,27.12,1.0,140.68,89.98,False
123,529.2,16.0,2.29,7.86,14.56,1.05,229.33,122.32,False
124,573.36,16.0,2.19,9.17,21.67,1.02,179.18,104.03,False
125,565.17,16.0,2.21,8.93,20.35,1.03,188.49,107.42,False
126,607.12,16.0,2.12,10.18,27.1,1.0,140.84,90.04,False
127,594.38,16.0,2.15,9.8,25.05,1.01,155.31,95.32,False
128,592.88,16.0,2.15,9.75,24.81,1.01,157.02,95.94,False
129,590.05,16.0,2.16,9.67,24.35,1.01,160.23,97.11,False
130,488.24,16.0,2.37,6.65,7.97,1.07,275.86,139.3,False
131,526.53,16.0,2.29,7.79,14.13,1.05,232.37,123.43,False
132,512.09,16.0,2.32,7.36,11.81,1.06,248.77,129.42,False
133,494.29,16.0,2.36,6.83,8.95,1.07,268.99,136.79,False
134,525.07,16.0,2.3,7.74,13.9,1.05,234.03,124.04,False
135,504.98,16.0,2.34,7.15,10.67,1.06,256.84,132.36,False
136,571.96,16.0,2.2,9.13,21.44,1.02,180.77,104.61,False
137,596.22,16.0,2.15,9.85,25.34,1.01,153.23,94.56,False
138,588.91,16.0,2.16,9.64,24.17,1.01,161.53,97.58,False
139,493.26,16.0,2.36,6.8,8.78,1.07,270.15,137.22,False
140,601.48,16.0,2.14,10.01,26.19,1.0,147.25,92.37,False
141,515.83,16.0,2.31,7.47,12.41,1.05,244.52,127.87,False
142,592.39,16.0,2.15,9.74,24.73,1.01,157.57,96.14,False
143,522.45,16.0,2.3,7.66,13.48,1.05,237.01,125.12,False
144,517.02,16.0,2.31,7.5,12.6,1.05,243.17,127.37,False
145,593.78,16.0,2.15,9.78,24.95,1.01,156.0,95.57,False
146,539.52,16.0,2.27,8.17,16.22,1.04,217.62,118.05,False
147,515.85,16.0,2.31,7.47,12.42,1.05,244.49,127.86,False
148,486.45,16.0,2.38,6.6,7.69,1.07,277.89,140.04,False
149,548.52,16.0,2.25,8.44,17.67,1.04,207.4,114.32,False
150,547.57,16.0,2.25,8.41,17.52,1.04,208.48,114.72,False
151,504.02,16.0,2.34,7.12,10.51,1.06,257.94,132.76,False
152,522.09,16.0,2.3,7.65,13.42,1.05,237.41,125.27,False
153,487.4,16.0,2.37,6.62,7.84,1.07,276.81,139.65,False
154,493.41,16.0,2.36,6.8,8.81,1.07,269.99,137.16,False
155,568.65,16.0,2.2,9.03,20.91,1.02,184.53,105.98,False
156,521.43,16.0,2.3,7.63,13.31,1.05,238.16,125.55,False
157,546.15,16.0,2.25,8.37,17.29,1.04,210.08,115.3,False
158,526.7,16.0,2.29,7.79,14.16,1.05,232.18,123.36,False
159,554.29,16.0,2.23,8.61,18.6,1.03,200.84,111.93,False
160,485.64,16.0,2.38,6.57,7.56,1.07,278.81,140.38,False
161,589.61,16.0,2.16,9.66,24.28,1.01,160.73,97.29,False
162,570.08,16.0,2.2,9.08,21.14,1.02,182.91,105.39,False
163,564.09,16.0,2.21,8.9,20.18,1.03,189.71,107.87,False
164,599.31,16.0,2.14,9.94,25.84,1.01,149.72,93.28,False
165,538.31,16.0,2.27,8.13,16.03,1.04,218.99,118.55,False
166,567.28,16.0,2.21,8.99,20.69,1.02,186.09,106.55,False
167,580.33,16.0,2.18,9.38,22.79,1.02,171.27,101.14,False
168,485.42,16.0,2.38,6.57,7.52,1.07,279.05,140.47,False
169,562.7,16.0,2.22,8.86,19.95,1.03,191.29,108.44,False
170,485.37,16.0,2.38,6.56,7.51,1.07,279.11,140.49,False
171,547.1,16.0,2.25,8.4,17.44,1.04,209.01,114.91,False
172,537.54,16.0,2.27,8.11,15.91,1.04,219.86,118.87,False
173,481.44,16.0,2.39,6.45,6.88,1.07,283.58,142.12,False
174,574.21,16.0,2.19,9.2,21.8,1.02,178.21,103.67,False
175,512.87,16.0,2.32,7.38,11.94,1.06,247.88,129.09,False
176,570.47,16.0,2.2,9.09,21.2,1.02,182.46,105.22,False
177,586.55,16.0,2.17,9.57,23.79,1.01,164.21,98.56,False
178,552.34,16.0,2.24,8.55,18.29,1.03,203.05,112.74,False
179,559.76,16.0,2.22,8.77,19.48,1.03,194.63,109.66,False
180,504.79,16.0,2.34,7.14,10.64,1.06,257.05,132.44,False
181,596.17,16.0,2.15,9.85,25.34,1.01,153.28,94.57,False
182,534.15,16.0,2.28,8.01,15.36,1.04,223.71,120.27,False
183,585.89,16.0,2.17,9.55,23.68,1.01,164.95,98.83,False
184,561.77,16.0,2.22,8.83,19.8,1.03,192.34,108.83,False
185,535.16,16.0,2.27,8.04,15.52,1.04,222.57,119.86,False
186,606.45,16.0,2.13,10.16,26.99,1.0,141.61,90.32,False
187,565.3,16.0,2.21,8.94,20.37,1.03,188.34,107.37,False
188,583.64,16.0,2.17,9.48,23.32,1.02,167.51,99.77,False
189,481.25,16.0,2.39,6.44,6.85,1.07,283.8,142.2,False
190,550.33,16.0,2.24,8.49,17.96,1.03,205.34,113.57,False
191,578.41,16.0,2.18,9.32,22.48,1.02,173.45,101.94,False
192,543.94,16.0,2.26,8.3,16.94,1.04,212.59,116.22,False
193,540.79,16.0,2.26,8.21,16.43,1.04,216.17,117.52,False
194,509.8,16.0,2.33,7.29,11.44,1.06,251.37,130.36,False
195,590.67,16.0,2.16,9.69,24.45,1.01,159.53,96.86,False
196,579.64,16.0,2.18,9.36,22.68,1.02,172.05,101.42,False
197,587.65,16.0,2.16,9.6,23.97,1.01,162.95,98.1,False
198,547.66,16.0,2.25,8.41,17.53,1.04,208.38,114.68,False
199,514.11,16.0,2.32,7.42,12.14,1.06,246.47,128.58,False
200,588.12,16.0,2.16,9.61,24.04,1.01,162.42,97.91,False
201,512.54,16.0,2.32,7.37,11.88,1.06,248.26,129.23,False
202,602.84,16.0,2.13,10.05,26.41,1.0,145.7,91.81,False
203,541.45,16.0,2.26,8.23,16.53,1.04,215.43,117.25,False
204,560.91,16.0,2.22,8.8,19.66,1.03,193.33,109.19,False
205,500.0,16.0,2.35,7.0,9.87,1.06,262.5,134.43,False
206,521.63,16.0,2.3,7.64,13.35,1.05,237.93,125.46,False
207,604.81,16.0,2.13,10.11,26.73,1.0,143.47,91.0,False
208,524.45,16.0,2.3,7.72,13.8,1.05,234.73,124.29,False
209,553.53,16.0,2.24,8.59,18.48,1.03,201.7,112.24,False
210,569.81,16.0,2.2,9.07,21.1,1.02,183.21,105.5,False
211,548.57,16.0,2.25,8.44,17.68,1.04,207.34,114.3,False
212,592.27,16.0,2.15,9.74,24.71,1.01,157.71,96.19,False
213,509.84,16.0,2.33,7.29,11.45,1.06,251.32,130.35,False
214,535.64,16.0,2.27,8.06,15.6,1.04,222.03,119.66,False
215,555.33,16.0,2.23,8.64,18.77,1.03,199.66,111.5,False
216,572.01,16.0,2.2,9.13,21.45,1.02,180.72,104.59,False
217,594.3,16.0,2.15,9.8,25.04,1.01,155.4,95.35,False
218,594.92,16.0,2.15,9.81,25.13,1.01,154.7,95.09,False
219,593.05,16.0,2.15,9.76,24.83,1.01,156.82,95.87,False
220,479.58,16.0,2.39,6.39,6.58,1.08,285.7,142.89,False
221,584.6,16.0,2.17,9.51,23.48,1.01,166.42,99.37,False
222,507.17,16.0,2.33,7.21,11.02,1.06,254.35,131.45,False
223,522.4,16.0,2.3,7.66,13.47,1.05,237.06,125.14,False
224,553.93,16.0,2.24,8.6,18.54,1.03,201.25,112.08,False
225,518.15,16.0,2.31,7.54,12.79,1.05,241.88,126.9,False
226,512.97,16.0,2.32,7.38,11.95,1.06,247.77,129.05,False
227,496.32,16.0,2.36,6.89,9.27,1.07,266.68,135.95,False
228,499.48,16.0,2.35,6.98,9.78,1.06,263.09,134.64,False
229,561.39,16.0,2.22,8.82,19.74,1.03,192.79,108.99,False
230,584.49,16.0,2.17,9.5,23.46,1.01,166.55,99.42,False
231,487.84,16.0,2.37,6.64,7.91,1.07,276.31,139.47,False
232,517.33,16.0,2.31,7.51,12.65,1.05,242.82,127.24,False
233,495.34,16.0,2.36,6.86,9.12,1.07,267.79,136.36,False
234,551.97,16.0,2.24,8.54,18.23,1.03,203.47,112.89,False
235,503.63,16.0,2.34,7.11,10.45,1.06,258.38,132.92,False
236,571.28,16.0,2.2,9.11,21.33,1.02,181.55,104.89,False
237,524.48,16.0,2.3,7.72,13.8,1.05,234.7,124.28,False
238,500.66,16.0,2.35,7.02,9.97,1.06,261.76,134.15,False
239,555.39,16.0,2.23,8.64,18.78,1.03,199.6,111.47,False
240,492.74,16.0,2.36,6.78,8.7,1.07,270.74,137.43,False
241,519.87,16.0,2.31,7.59,13.06,1.05,239.93,126.19,False
242,553.43,16.0,2.24,8.58,18.46,1.03,201.83,112.29,False
243,597.65,16.0,2.14,9.89,25.57,1.01,151.6,93.96,False
244,531.99,16.0,2.28,7.95,15.01,1.05,226.17,121.17,False
245,560.87,16.0,2.22,8.8,19.66,1.03,193.38,109.2,False
246,514.16,16.0,2.32,7.42,12.14,1.06,246.42,128.56,False
247,566.74,16.0,2.21,8.98,20.6,1.03,186.71,106.77,False
248,513.06,16.0,2.32,7.39,11.97,1.06,247.67,129.01,False
249,489.84,16.0,2.37,6.7,8.23,1.07,274.04,138.64,False
250,575.9,16.0,2.19,9.25,22.07,1.02,176.3,102.98,False
251,542.7,16.0,2.26,8.26,16.73,1.04,214.01,116.73,False
252,576.78,16.0,2.19,9.28,22.22,1.02,175.3,102.61,False
253,537.05,16.0,2.27,8.1,15.83,1.04,220.42,119.07,False
254,535.82,16.0,2.27,8.06,15.63,1.04,221.82,119.58,False
255,526.16,16.0,2.29,7.77,14.07,1.05,232.79,123.59,False
256,513.07,16.0,2.32,7.39,11.97,1.06,247.65,129.01,False
257,506.71,16.0,2.33,7.2,10.95,1.06,254.88,131.64,False
258,548.59,16.0,2.25,8.44,17.68,1.04,207.32,114.29,False
259,513.43,16.0,2.32,7.4,12.03,1.06,247.25,128.86,False
260,515.29,16.0,2.32,7.45,12.33,1.06,245.14,128.09,False
261,558.41,16.0,2.23,8.73,19.26,1.03,196.16,110.22,False
262,609.51,16.0,2.12,10.25,27.48,1.0,138.13,89.05,False
263,494.54,16.0,2.36,6.84,8.99,1.07,268.7,136.69,False
264,489.14,16.0,2.37,6.68,8.12,1.07,274.83,138.93,False
265,536.23,16.0,2.27,8.07,15.7,1.04,221.35,119.41,False
266,513.73,16.0,2.32,7.41,12.08,1.06,246.9,128.74,False
267,558.75,16.0,2.22,8.74,19.32,1.03,195.78,110.08,False
268,510.69,16.0,2.33,7.32,11.59,1.06,250.36,130.0,False
269,492.42,16.0,2.36,6.77,8.65,1.07,271.11,137.57,False
270,584.15,16.0,2.17,9.49,23.4,1.01,166.94,99.56,False
271,566.74,16.0,2.21,8.98,20.6,1.03,186.71,106.77,False
272,515.9,16.0,2.31,7.47,12.42,1.05,244.44,127.84,False
273,571.87,16.0,2.2,9.13,21.43,1.02,180.88,104.64,False
274,507.34,16.0,2.33,7.22,11.05,1.06,254.17,131.38,False
275,601.27,16.0,2.14,10.0,26.16,1.0,147.49,92.46,False
276,556.67,16.0,2.23,8.68,18.98,1.03,198.14,110.94,False
277,544.41,16.0,2.25,8.32,17.01,1.04,212.06,116.02,False
278,559.42,16.0,2.22,8.76,19.43,1.03,195.01,109.8,False
279,541.47,16.0,2.26,8.23,16.54,1.04,215.4,117.24,False
280,485.46,16.0,2.38,6.57,7.53,1.07,279.01,140.45,False
281,568.58,16.0,2.2,9.03,20.9,1.02,184.61,106.01,False
282,484.01,16.0,2.38,6.52,7.29,1.07,280.66,141.05,False
283,491.55,16.0,2.37,6.75,8.51,1.07,272.09,137.93,False
284,592.02,16.0,2.16,9.73,24.67,1.01,157.99,96.29,False
285,516.02,16.0,2.31,7.47,12.44,1.05,244.31,127.79,False
286,549.68,16.0,2.24,8.47,17.86,1.04,206.08,113.84,False
287,547.7,16.0,2.25,8.41,17.54,1.04,208.33,114.66,False
288,504.75,16.0,2.34,7.14,10.63,1.06,257.1,132.46,False
289,545.84,16.0,2.25,8.36,17.24,1.04,210.45,115.43,False
290,568.22,16.0,2.21,9.02,20.84,1.02,185.02,106.16,False
291,579.57,16.0,2.18,9.36,22.67,1.02,172.13,101.45,False
292,569.03,16.0,2.2,9.05,20.97,1.02,184.11,105.82,False
293,574.3,16.0,2.19,9.2,21.82,1.02,178.11,103.64,False
294,529.23,16.0,2.29,7.87,14.57,1.05,229.3,122.31,False
295,537.14,16.0,2.27,8.1,15.84,1.04,220.32,119.04,False
296,557.99,16.0,2.23,8.72,19.19,1.03,196.64,110.4,False
297,581.96,16.0,2.18,9.43,23.05,1.02,169.42,100.46,False
298,580.34,16.0,2.18,9.38,22.79,1.02,171.26,101.14,False
299,568.83,16.0,2.2,9.04,20.94,1.02,184.33,105.9,False
300,482.58,16.0,2.38,6.48,7.07,1.07,282.28,141.64,False
301,555.48,16.0,2.23,8.64,18.79,1.03,199.49,111.44,False
302,579.18,16.0,2.18,9.35,22.6,1.02,172.57,101.61,False
303,518.57,16.0,2.31,7.55,12.85,1.05,241.41,126.73,False
304,488.49,16.0,2.37,6.66,8.02,1.07,275.57,139.19,False
305,583.53,16.0,2.17,9.48,23.3,1.02,167.64,99.82,False
306,602.14,16.0,2.13,10.03,26.3,1.0,146.5,92.1,False
307,570.58,16.0,2.2,9.09,21.22,1.02,182.35,105.18,False
308,498.94,16.0,2.35,6.97,9.7,1.06,263.7,134.86,False
309,487.79,16.0,2.37,6.64,7.9,1.07,276.37,139.49,False
310,600.24,16.0,2.14,9.97,25.99,1.01,148.66,92.89,False
311,517.66,16.0,2.31,7.52,12.71,1.05,242.44,127.11,False
312,567.84,16.0,2.21,9.01,20.78,1.02,185.45,106.31,False
313,607.41,16.0,2.12,10.18,27.14,1.0,140.52,89.92,False
314,589.94,16.0,2.16,9.67,24.33,1.01,160.36,97.16,False
315,485.23,16.0,2.38,6.56,7.49,1.07,279.27,140.54,False
316,554.65,16.0,2.23,8.62,18.66,1.03,200.44,111.78,False
317,590.96,16.0,2.16,9.7,24.5,1.01,159.2,96.73,False
318,511.17,16.0,2.32,7.33,11.66,1.06,249.81,129.8,False
319,602.31,16.0,2.13,10.03,26.32,1.0,146.31,92.03,False
320,592.2,16.0,2.16,9.73,24.7,1.01,157.79,96.22,False
321,502.01,16.0,2.34,7.06,10.19,1.06,260.22,133.59,False
322,600.27,16.0,2.14,9.97,26.0,1.01,148.62,92.88,False
323,490.0,16.0,2.37,6.7,8.26,1.07,273.86,138.57,False
324,543.72,16.0,2.26,8.3,16.9,1.04,212.85,116.31,False
325,537.24,16.0,2.27,8.1,15.86,1.04,220.21,118.99,False
326,507.83,16.0,2.33,7.23,11.13,1.06,253.61,131.18,False
327,528.99,16.0,2.29,7.86,14.53,1.05,229.58,122.41,False
328,506.06,16.0,2.34,7.18,10.84,1.06,255.62,131.92,False
329,512.91,16.0,2.32,7.38,11.94,1.06,247.84,129.08,False
330,572.53,16.0,2.2,9.15,21.53,1.02,180.13,104.37,False
331,541.12,16.0,2.26,8.22,16.48,1.04,215.81,117.39,False
332,605.62,16.0,2.13,10.13,26.86,1.0,142.55,90.66,False
333,593.15,16.0,2.15,9.76,24.85,1.01,156.71,95.83,False
334,585.61,16.0,2.17,9.54,23.64,1.01,165.27,98.95,False
335,486.69,16.0,2.38,6.6,7.73,1.07,277.61,139.94,False
336,566.95,16.0,2.21,8.98,20.63,1.02,186.47,106.69,False
337,517.12,16.0,2.31,7.51,12.62,1.05,243.06,127.33,False
338,569.44,16.0,2.2,9.06,21.04,1.02,183.64,105.65,False
339,554.13,16.0,2.23,8.6,18.57,1.03,201.03,112.0,False
340,511.62,16.0,2.32,7.34,11.74,1.06,249.3,129.61,False
341,498.1,16.0,2.35,6.94,9.56,1.07,264.66,135.21,False
342,526.05,16.0,2.29,7.77,14.06,1.05,232.92,123.63,False
343,493.84,16.0,2.36,6.82,8.88,1.07,269.5,136.98,False
344,542.97,16.0,2.26,8.27,16.78,1.04,213.7,116.62,False
345,516.44,16.0,2.31,7.49,12.51,1.05,243.83,127.61,False
346,559.74,16.0,2.22,8.77,19.48,1.03,194.66,109.67,False
347,554.51,16.0,2.23,8.62,18.64,1.03,200.59,111.84,False
348,500.52,16.0,2.35,7.01,9.95,1.06,261.91,134.21,False
349,579.5,16.0,2.18,9.36,22.65,1.02,172.22,101.48,False
350,522.72,16.0,2.3,7.67,13.52,1.05,236.7,125.01,False
351,507.53,16.0,2.33,7.22,11.08,1.06,253.94,131.3,False
352,530.3,16.0,2.28,7.9,14.74,1.05,228.09,121.87,False
353,530.51,16.0,2.28,7.9,14.77,1.05,227.86,121.79,False
354,584.03,16.0,2.17,9.49,23.38,1.01,167.07,99.61,False
355,593.57,16.0,2.15,9.77,24.92,1.01,156.23,95.65,False
356,490.16,16.0,2.37,6.71,8.28,1.07,273.67,138.5,False
357,539.01,16.0,2.27,8.16,16.14,1.04,218.2,118.26,False
358,539.37,16.0,2.27,8.17,16.2,1.04,217.79,118.11,False
359,565.82,16.0,2.21,8.95,20.45,1.03,187.74,107.15,False
360,554.88,16.0,2.23,8.63,18.69,1.03,200.18,111.69,False
361,582.04,16.0,2.18,9.43,23.06,1.02,169.33,100.43,False
362,494.92,16.0,2.36,6.85,9.05,1.07,268.27,136.53,False
363,552.63,16.0,2.24,8.56,18.33,1.03,202.73,112.62,False
364,547.23,16.0,2.25,8.4,17.46,1.04,208.86,114.86,False
365,607.63,16.0,2.12,10.19,27.18,1.0,140.27,89.83,False
366,511.92,16.0,2.32,7.35,11.78,1.06,248.96,129.49,False
367,590.86,16.0,2.16,9.69,24.48,1.01,159.31,96.77,False
368,497.43,16.0,2.35,6.92,9.45,1.07,265.42,135.49,False
369,579.34,16.0,2.18,9.35,22.63,1.02,172.39,101.55,False
370,520.39,16.0,2.31,7.6,13.15,1.05,239.34,125.98,False
371,517.06,16.0,2.31,7.5,12.61,1.05,243.13,127.36,False
372,522.78,16.0,2.3,7.67,13.53,1.05,236.62,124.98,False
373,547.76,16.0,2.25,8.41,17.55,1.04,208.26,114.64,False
374,606.76,16.0,2.12,10.17,27.04,1.0,141.25,90.19,False
375,570.0,16.0,2.2,9.07,21.13,1.02,183.0,105.42,False
376,602.5,16.0,2.13,10.04,26.35,1.0,146.09,91.95,False
377,560.23,16.0,2.22,8.78,19.56,1.03,194.09,109.47,False
378,510.47,16.0,2.33,7.31,11.55,1.06,250.61,130.09,False
379,587.99,16.0,2.16,9.61,24.02,1.01,162.57,97.97,False
380,500.97,16.0,2.35,7.03,10.02,1.06,261.4,134.02,False
381,546.44,16.0,2.25,8.38,17.34,1.04,209.76,115.18,False
382,557.1,16.0,2.23,8.69,19.05,1.03,197.65,110.77,False
383,542.79,16.0,2.26,8.27,16.75,1.04,213.91,116.7,False
384,559.41,16.0,2.22,8.76,19.42,1.03,195.03,109.81,False
385,577.64,16.0,2.19,9.3,22.35,1.02,174.33,102.25,False
386,544.76,16.0,2.25,8.33,17.07,1.04,211.66,115.88,False
387,597.51,16.0,2.14,9.89,25.55,1.01,151.76,94.02,False
388,569.51,16.0,2.2,9.06,21.05,1.02,183.55,105.62,False
389,574.49,16.0,2.19,9.21,21.85,1.02,177.9,103.56,False
390,524.56,16.0,2.3,7.73,13.82,1.05,234.61,124.25,False
391,593.07,16.0,2.15,9.76,24.84,1.01,156.81,95.86,False
392,514.76,16.0,2.32,7.44,12.24,1.06,245.74,128.31,False
393,515.79,16.0,2.31,7.47,12.41,1.05,244.57,127.88,False
394,559.12,16.0,2.22,8.75,19.38,1.03,195.36,109.93,False
395,520.72,16.0,2.3,7.61,13.2,1.05,238.97,125.84,False
396,576.05,16.0,2.19,9.25,22.1,1.02,176.13,102.91,False
397,572.94,16.0,2.2,9.16,21.6,1.02,179.66,104.2,False
398,548.84,16.0,2.25,8.45,17.72,1.04,207.03,114.19,False
399,602.67,16.0,2.13,10.04,26.38,1.0,145.9,91.88,False
400,556.46,16.0,2.23,8.67,18.95,1.03,198.38,111.03,False
401,555.15,16.0,2.23,8.63,18.74,1.03,199.86,111.57,False
402,536.78,16.0,2.27,8.09,15.78,1.04,220.73,119.18,False
403,480.22,16.0,2.39,6.41,6.69,1.08,284.96,142.62,False
404,553.8,16.0,2.24,8.59,18.52,1.03,201.4,112.13,False
405,486.66,16.0,2.38,6.6,7.72,1.07,277.65,139.95,False
406,511.81,16.0,2.32,7.35,11.77,1.06,249.09,129.53,False
407,501.48,16.0,2.34,7.04,10.1,1.06,260.82,133.81,False
408,556.08,16.0,2.23,8.66,18.89,1.03,198.81,111.19,False
409,589.43,16.0,2.16,9.65,24.25,1.01,160.94,97.37,False
410,556.25,16.0,2.23,8.67,18.92,1.03,198.61,111.12,False
411,509.88,16.0,2.33,7.29,11.46,1.06,251.28,130.33,False
412,585.04,16.0,2.17,9.52,23.55,1.01,165.92,99.19,False
413,591.87,16.0,2.16,9.72,24.64,1.01,158.16,96.36,False
414,498.02,16.0,2.35,6.94,9.55,1.07,264.75,135.25,False
415,582.14,16.0,2.18,9.43,23.08,1.02,169.22,100.39,False
416,538.05,16.0,2.27,8.13,15.99,1.04,219.28,118.66,False
417,504.6,16.0,2.34,7.13,10.61,1.06,257.28,132.52,False
418,542.36,16.0,2.26,8.25,16.68,1.04,214.39,116.87,False
419,557.48,16.0,2.23,8.7,19.11,1.03,197.22,110.61,False
420,564.06,16.0,2.21,8.9,20.17,1.03,189.75,107.88,False
421,579.25,16.0,2.18,9.35,22.61,1.02,172.5,101.59,False
422,581.46,16.0,2.18,9.41,22.97,1.02,169.98,100.67,False
423,507.73,16.0,2.33,7.23,11.11,1.06,253.72,131.22,False
424,577.9,16.0,2.18,9.31,22.4,1.02,174.02,102.14,False
425,549.77,16.0,2.24,8.47,17.87,1.03,205.98,113.8,False
426,554.6,16.0,2.23,8.62,18.65,1.03,200.5,111.8,False
427,578.16,16.0,2.18,9.32,22.44,1.02,173.73,102.04,False
428,561.15,16.0,2.22,8.81,19.7,1.03,193.06,109.09,False
429,486.8,16.0,2.38,6.61,7.74,1.07,277.5,139.9,False
430,513.85,16.0,2.32,7.41,12.1,1.06,246.77,128.69,False
431,482.27,16.0,2.38,6.47,7.02,1.07,282.63,141.77,False
432,506.8,16.0,2.33,7.2,10.96,1.06,254.77,131.61,False
433,488.64,16.0,2.37,6.66,8.04,1.07,275.4,139.13,False
434,598.25,16.0,2.14,9.91,25.67,1.01,150.92,93.71,False
435,492.87,16.0,2.36,6.79,8.72,1.07,270.6,137.38,False
436,551.6,16.0,2.24,8.53,18.17,1.03,203.9,113.04,False
437,571.1,16.0,2.2,9.11,21.3,1.02,181.75,104.96,False
438,595.85,16.0,2.15,9.84,25.28,1.01,153.64,94.71,False
439,482.7,16.0,2.38,6.49,7.08,1.07,282.15,141.6,False
440,497.53,16.0,2.35,6.93,9.47,1.07,265.3,135.45,False
441,505.57,16.0,2.34,7.16,10.76,1.06,256.17,132.12,False
442,553.9,16.0,2.24,8.6,18.54,1.03,201.29,112.09,False
443,547.87,16.0,2.25,8.42,17.57,1.04,208.13,114.59,False
444,549.67,16.0,2.24,8.47,17.86,1.04,206.1,113.85,False
445,513.23,16.0,2.32,7.39,11.99,1.06,247.48,128.94,False
446,535.94,16.0,2.27,8.06,15.65,1.04,221.68,119.53,False
447,508.37,16.0,2.33,7.25,11.21,1.06,252.99,130.96,False
448,515.86,16.0,2.31,7.47,12.42,1.05,244.48,127.85,False
449,606.4,16.0,2.13,10.15,26.98,1.0,141.66,90.33,False
450,603.3,16.0,2.13,10.06,26.48,1.0,145.18,91.62,False
451,489.28,16.0,2.37,6.68,8.14,1.07,274.68,138.87,False
452,501.53,16.0,2.34,7.04,10.11,1.06,260.77,133.79,False
453,502.77,16.0,2.34,7.08,10.31,1.06,259.36,133.28,False
454,597.07,16.0,2.14,9.88,25.48,1.01,152.25,94.2,False
455,556.69,16.0,2.23,8.68,18.98,1.03,198.12,110.94,False
456,573.34,16.0,2.19,9.17,21.66,1.02,179.21,104.04,False
457,569.36,16.0,2.2,9.06,21.02,1.02,183.73,105.69,False
458,521.19,16.0,2.3,7.63,13.28,1.05,238.43,125.64,False
459,480.43,16.0,2.39,6.42,6.72,1.08,284.72,142.53,False
460,599.73,16.0,2.14,9.96,25.91,1.01,149.24,93.1,False
461,489.18,16.0,2.37,6.68,8.13,1.07,274.79,138.91,False
462,518.42,16.0,2.31,7.54,12.83,1.05,241.58,126.79,False
463,586.9,16.0,2.17,9.58,23.84,1.01,163.81,98.42,False
464,522.27,16.0,2.3,7.66,13.45,1.05,237.21,125.2,False
465,573.72,16.0,2.19,9.19,21.73,1.02,178.77,103.88,False
466,513.83,16.0,2.32,7.41,12.09,1.06,246.79,128.69,False
467,580.4,16.0,2.18,9.38,22.8,1.02,171.19,101.11,False
468,554.11,16.0,2.23,8.6,18.57,1.03,201.05,112.01,False
469,589.94,16.0,2.16,9.67,24.33,1.01,160.36,97.16,False
470,579.73,16.0,2.18,9.36,22.69,1.02,171.96,101.39,False
471,520.62,16.0,2.3,7.61,13.18,1.05,239.08,125.88,False
472,539.72,16.0,2.26,8.18,16.26,1.04,217.39,117.97,False
473,513.72,16.0,2.32,7.41,12.07,1.06,246.92,128.74,False
474,552.44,16.0,2.24,8.55,18.3,1.03,202.94,112.69,False
475,510.13,16.0,2.33,7.3,11.5,1.06,250.99,130.23,False
476,499.63,16.0,2.35,6.99,9.81,1.06,262.92,134.58,False
477,489.39,16.0,2.37,6.68,8.16,1.07,274.55,138.82,False
478,531.28,16.0,2.28,7.93,14.9,1.05,226.98,121.47,False
479,590.42,16.0,2.16,9.68,24.41,1.01,159.81,96.96,False
480,565.89,16.0,2.21,8.95,20.46,1.03,187.67,107.12,False
481,490.18,16.0,2.37,6.71,8.29,1.07,273.65,138.49,False
482,543.41,16.0,2.26,8.29,16.85,1.04,213.2,116.44,False
483,495.05,16.0,2.36,6.85,9.07,1.07,268.12,136.48,False
484,521.38,16.0,2.3,7.63,13.31,1.05,238.21,125.56,False
485,485.02,16.0,2.38,6.55,7.46,1.07,279.51,140.63,False
486,514.35,16.0,2.32,7.42,12.18,1.06,246.2,128.48,False
487,592.58,16.0,2.15,9.74,24.76,1.01,157.36,96.06,False
488,524.31,16.0,2.3,7.72,13.78,1.05,234.89,124.35,False
489,599.07,16.0,2.14,9.94,25.8,1.01,149.99,93.37,False
490,506.08,16.0,2.34,7.18,10.84,1.06,255.6,131.91,False
491,520.52,16.0,2.3,7.61,13.17,1.05,239.2,125.92,False
492,525.29,16.0,2.29,7.75,13.94,1.05,233.77,123.94,False
493,512.41,16.0,2.32,7.37,11.86,1.06,248.41,129.28,False
494,602.2,16.0,2.13,10.03,26.31,1.0,146.43,92.08,False
495,515.83,16.0,2.31,7.47,12.41,1.05,244.53,127.87,False
496,511.18,16.0,2.32,7.33,11.67,1.06,249.8,129.79,False
497,484.69,16.0,2.38,6.54,7.4,1.07,279.89,140.77,False
498,562.97,16.0,2.22,8.87,20.0,1.03,190.99,108.33,False
499,560.65,16.0,2.22,8.8,19.62,1.03,193.62,109.29,False
500,513.87,16.0,2.32,7.41,12.1,1.06,246.75,128.68,False
501,578.32,16.0,2.18,9.32,22.46,1.02,173.55,101.97,False
502,518.2,16.0,2.31,7.54,12.79,1.05,241.83,126.88,False
503,518.04,16.0,2.31,7.53,12.77,1.05,242.01,126.95,False
504,544.12,16.0,2.26,8.31,16.96,1.04,212.4,116.14,False
505,517.35,16.0,2.31,7.51,12.66,1.05,242.8,127.24,False
506,546.28,16.0,2.25,8.37,17.31,1.04,209.94,115.25,False
507,489.19,16.0,2.37,6.68,8.13,1.07,274.78,138.9,False
508,570.99,16.0,2.2,9.1,21.29,1.02,181.88,105.01,False
509,608.23,16.0,2.12,10.21,27.28,1.0,139.58,89.58,False
510,492.9,16.0,2.36,6.79,8.72,1.07,270.57,137.37,False
511,516.15,16.0,2.31,7.48,12.46,1.05,244.16,127.73,False
512,486.06,16.0,2.38,6.59,7.63,1.07,278.33,140.2,False
513,558.32,16.0,2.23,8.73,19.25,1.03,196.26,110.26,False
514,499.19,16.0,2.35,6.97,9.74,1.06,263.42,134.76,False
515,602.8,16.0,2.13,10.05,26.4,1.0,145.75,91.83,False
516,562.96,16.0,2.22,8.87,19.99,1.03,191.0,108.34,False
517,541.86,16.0,2.26,8.24,16.6,1.04,214.96,117.08,False
518,497.73,16.0,2.35,6.93,9.5,1.07,265.08,135.37,False
519,508.12,16.0,2.33,7.24,11.17,1.06,253.28,131.06,False
520,532.7,16.0,2.28,7.97,15.13,1.04,225.36,120.87,False
521,500.15,16.0,2.35,7.0,9.89,1.06,262.33,134.36,False
522,481.25,16.0,2.39,6.44,6.85,1.07,283.79,142.19,False
523,587.44,16.0,2.16,9.59,23.93,1.01,163.2,98.19,False
524,559.08,16.0,2.22,8.75,19.37,1.03,195.41,109.95,False
525,553.57,16.0,2.24,8.59,18.48,1.03,201.66,112.23,False
526,597.58,16.0,2.14,9.89,25.56,1.01,151.68,93.99,False
527,584.55,16.0,2.17,9.51,23.47,1.01,166.48,99.39,False
528,608.44,16.0,2.12,10.21,27.31,1.0,139.34,89.49,False
529,608.94,16.0,2.12,10.23,27.39,1.0,138.77,89.28,False
530,579.68,16.0,2.18,9.36,22.68,1.02,172.0,101.41,False
531,531.97,16.0,2.28,7.95,15.01,1.05,226.2,121.18,False
532,494.93,16.0,2.36,6.85,9.05,1.07,268.26,136.53,False
533,587.35,16.0,2.17,9.59,23.92,1.01,163.3,98.23,False
534,559.47,16.0,2.22,8.76,19.43,1.03,194.96,109.78,False
535,587.29,16.0,2.17,9.59,23.91,1.01,163.37,98.26,False
536,557.78,16.0,2.23,8.71,19.16,1.03,196.88,110.48,False
537,553.75,16.0,2.24,8.59,18.51,1.03,201.45,112.15,False
538,483.9,16.0,2.38,6.52,7.28,1.07,280.78,141.1,False
539,571.91,16.0,2.2,9.13,21.43,1.02,180.84,104.63,False
540,550.41,16.0,2.24,8.49,17.98,1.03,205.25,113.54,False
541,583.17,16.0,2.17,9.47,23.24,1.02,168.05,99.96,False
542,549.08,16.0,2.25,8.45,17.76,1.04,206.76,114.09,False
543,590.67,16.0,2.16,9.69,24.45,1.01,159.53,96.86,False
544,593.65,16.0,2.15,9.78,24.93,1.01,156.15,95.62,False
545,522.82,16.0,2.3,7.68,13.54,1.05,236.58,124.97,False
546,581.48,16.0,2.18,9.42,22.97,1.02,169.97,100.66,False
547,529.71,16.0,2.29,7.88,14.65,1.05,228.76,122.11,False
548,604.6,16.0,2.13,10.1,26.69,1.0,143.7,91.08,False
549,546.83,16.0,2.25,8.39,17.4,1.04,209.31,115.02,False
550,538.29,16.0,2.27,8.13,16.03,1.04,219.01,118.56,False
551,547.53,16.0,2.25,8.41,17.51,1.04,208.52,114.73,False
552,581.73,16.0,2.18,9.42,23.01,1.02,169.68,100.56,False
553,522.45,16.0,2.3,7.66,13.48,1.05,237.0,125.12,False
554,565.33,16.0,2.21,8.94,20.38,1.03,188.3,107.35,False
555,504.15,16.0,2.34,7.12,10.53,1.06,257.78,132.7,False
556,609.42,16.0,2.12,10.24,27.47,1.0,138.24,89.09,False
557,484.31,16.0,2.38,6.53,7.34,1.07,280.32,140.93,False
558,533.09,16.0,2.28,7.98,15.19,1.04,224.92,120.71,False
559,589.31,16.0,2.16,9.65,24.23,1.01,161.07,97.42,False
560,606.16,16.0,2.13,10.15,26.94,1.0,141.94,90.44,False
561,547.72,16.0,2.25,8.41,17.54,1.04,208.3,114.65,False
562,516.57,16.0,2.31,7.49,12.53,1.05,243.68,127.56,False
563,491.8,16.0,2.36,6.76,8.55,1.07,271.81,137.82,False
564,547.61,16.0,2.25,8.41,17.53,1.04,208.43,114.7,False
565,608.38,16.0,2.12,10.21,27.3,1.0,139.42,89.52,False
566,510.69,16.0,2.33,7.32,11.59,1.06,250.36,130.0,False
567,565.45,16.0,2.21,8.94,20.39,1.03,188.17,107.31,False
568,546.81,16.0,2.25,8.39,17.4,1.04,209.34,115.03,False
569,599.97,16.0,2.14,9.96,25.95,1.01,148.96,93.0,False
570,576.45,16.0,2.19,9.27,22.16,1.02,175.67,102.75,False
571,579.75,16.0,2.18,9.36,22.69,1.02,171.93,101.38,False
572,563.65,16.0,2.21,8.89,20.11,1.03,190.21,108.05,False
573,586.63,16.0,2.17,9.57,23.8,1.01,164.11,98.53,False
574,531.97,16.0,2.28,7.95,15.01,1.05,226.19,121.18,False
575,579.6,16.0,2.18,9.36,22.67,1.02,172.1,101.44,False
576,598.32,16.0,2.14,9.91,25.68,1.01,150.84,93.68,False
577,498.14,16.0,2.35,6.94,9.57,1.07,264.61,135.2,False
578,591.75,16.0,2.16,9.72,24.62,1.01,158.3,96.41,False
579,567.44,16.0,2.21,9.0,20.71,1.02,185.91,106.48,False
580,553.65,16.0,2.24,8.59,18.5,1.03,201.57,112.19,False
581,487.67,16.0,2.37,6.63,7.88,1.07,276.51,139.54,False
582,500.51,16.0,2.35,7.01,9.95,1.06,261.92,134.21,False
583,525.28,16.0,2.29,7.75,13.93,1.05,233.78,123.95,False
584,585.27,16.0,2.17,9.53,23.58,1.01,165.66,99.09,False
585,590.73,16.0,2.16,9.69,24.46,1.01,159.46,96.83,False
586,602.66,16.0,2.13,10.04,26.38,1.0,145.91,91.89,False
587,564.44,16.0,2.21,8.91,20.23,1.03,189.31,107.72,False
588,608.21,16.0,2.12,10.21,27.27,1.0,139.61,89.59,False
589,599.7,16.0,2.14,9.96,25.9,1.01,149.27,93.11,False
590,593.84,16.0,2.15,9.78,24.96,1.01,155.92,95.54,False
591,479.81,16.0,2.39,6.4,6.62,1.08,285.43,142.79,False
592,517.28,16.0,2.31,7.51,12.65,1.05,242.87,127.26,False
593,548.21,16.0,2.25,8.43,17.62,1.04,207.75,114.45,False
594,551.45,16.0,2.24,8.52,18.14,1.03,204.07,113.11,False
595,562.16,16.0,2.22,8.84,19.87,1.03,191.9,108.67,False
596,482.41,16.0,2.38,6.48,7.04,1.07,282.48,141.72,False
597,605.61,16.0,2.13,10.13,26.85,1.0,142.56,90.67,False
598,531.79,16.0,2.28,7.94,14.98,1.05,226.39,121.25,False
599,507.39,16.0,2.33,7.22,11.06,1.06,254.1,131.36,False
600,573.33,16.0,2.19,9.17,21.66,1.02,179.22,104.04,False
601,522.83,16.0,2.3,7.68,13.54,1.05,236.57,124.96,False
602,608.7,16.0,2.12,10.22,27.35,1.0,139.05,89.38,False
603,507.98,16.0,2.33,7.23,11.15,1.06,253.44,131.12,False
604,509.28,16.0,2.33,7.27,11.36,1.06,251.96,130.58,False
605,557.32,16.0,2.23,8.7,19.09,1.03,197.41,110.68,False
606,599.15,16.0,2.14,9.94,25.82,1.01,149.89,93.34,False
607,563.32,16.0,2.22,8.88,20.05,1.03,190.58,108.19,False
608,581.68,16.0,2.18,9.42,23.01,1.02,169.73,100.58,False
609,608.12,16.0,2.12,10.21,27.26,1.0,139.71,89.62,False
610,484.1,16.0,2.38,6.53,7.31,1.07,280.55,141.01,False
611,570.72,16.0,2.2,9.1,21.24,1.02,182.18,105.12,False
612,582.23,16.0,2.18,9.44,23.09,1.02,169.12,100.35,False
613,523.77,16.0,2.3,7.7,13.69,1.05,235.5,124.58,False
614,514.59,16.0,2.32,7.43,12.21,1.06,245.93,128.38,False
615,584.0,16.0,2.17,9.49,23.38,1.01,167.1,99.62,False
616,506.72,16.0,2.33,7.2,10.95,1.06,254.87,131.64,False
617,583.27,16.0,2.17,9.47,23.26,1.02,167.93,99.92,False
618,523.47,16.0,2.3,7.69,13.64,1.05,235.84,124.7,False
619,540.57,16.0,2.26,8.2,16.39,1.04,216.43,117.62,False
620,557.08,16.0,2.23,8.69,19.05,1.03,197.68,110.77,False
621,516.46,16.0,2.31,7.49,12.51,1.05,243.81,127.61,False
622,542.74,16.0,2.26,8.27,16.74,1.04,213.96,116.71,False
623,512.35,16.0,2.32,7.36,11.85,1.06,248.47,129.31,False
624,524.82,16.0,2.3,7.73,13.86,1.05,234.31,124.14,False
625,562.43,16.0,2.22,8.85,19.91,1.03,191.6,108.56,False
626,519.29,16.0,2.31,7.57,12.97,1.05,240.6,126.43,False
627,590.73,16.0,2.16,9.69,24.46,1.01,159.46,96.83,False
628,526.87,16.0,2.29,7.8,14.19,1.05,231.99,123.29,False
629,488.64,16.0,2.37,6.66,8.04,1.07,275.4,139.13,False
630,492.64,16.0,2.36,6.78,8.68,1.07,270.85,137.47,False
631,592.78,16.0,2.15,9.75,24.79,1.01,157.13,95.98,False
632,534.56,16.0,2.28,8.02,15.43,1.04,223.25,120.1,False
633,526.77,16.0,2.29,7.79,14.17,1.05,232.1,123.33,False
634,566.97,16.0,2.21,8.98,20.64,1.02,186.44,106.67,False
635,504.15,16.0,2.34,7.12,10.53,1.06,257.79,132.71,False
636,535.52,16.0,2.27,8.05,15.58,1.04,222.16,119.71,False
637,556.27,16.0,2.23,8.67,18.92,1.03,198.59,111.11,False
638,503.31,16.0,2.34,7.1,10.4,1.06,258.74,133.05,False
639,536.91,16.0,2.27,8.09,15.8,1.04,220.58,119.13,False
640,484.31,16.0,2.38,6.53,7.34,1.07,280.32,140.93,False
641,530.98,16.0,2.28,7.92,14.85,1.05,227.31,121.59,False
642,520.17,16.0,2.31,7.6,13.11,1.05,239.6,126.07,False
643,582.95,16.0,2.17,9.46,23.21,1.02,168.29,100.05,False
644,517.61,16.0,2.31,7.52,12.7,1.05,242.5,127.13,False
645,508.87,16.0,2.33,7.26,11.29,1.06,252.42,130.75,False
646,606.43,16.0,2.13,10.16,26.99,1.0,141.63,90.33,False
647,604.42,16.0,2.13,10.1,26.66,1.0,143.91,91.16,False
648,523.14,16.0,2.3,7.68,13.59,1.05,236.21,124.84,False
649,578.86,16.0,2.18,9.34,22.55,1.02,172.94,101.75,False
650,602.04,16.0,2.13,10.03,26.28,1.0,146.61,92.14,False
651,607.28,16.0,2.12,10.18,27.12,1.0,140.67,89.97,False
652,550.15,16.0,2.24,8.49,17.93,1.03,205.55,113.65,False
653,563.16,16.0,2.22,8.87,20.03,1.03,190.77,108.25,False
654,529.21,16.0,2.29,7.86,14.56,1.05,229.33,122.32,False
655,586.91,16.0,2.17,9.58,23.85,1.01,163.79,98.41,False
656,491.87,16.0,2.36,6.76,8.56,1.07,271.74,137.8,False
657,538.45,16.0,2.27,8.14,16.05,1.04,218.83,118.49,False
658,520.06,16.0,2.31,7.59,13.09,1.05,239.72,126.11,False
659,529.15,16.0,2.29,7.86,14.56,1.05,229.39,122.34,False
660,519.04,16.0,2.31,7.56,12.93,1.05,240.88,126.54,False
661,549.76,16.0,2.24,8.47,17.87,1.03,205.99,113.81,False
662,563.62,16.0,2.21,8.89,20.1,1.03,190.25,108.06,False
663,521.04,16.0,2.3,7.62,13.25,1.05,238.6,125.71,False
664,559.89,16.0,2.22,8.77,19.5,1.03,194.49,109.61,False
665,483.7,16.0,2.38,6.51,7.25,1.07,281.01,141.18,False
666,514.54,16.0,2.32,7.43,12.21,1.06,245.98,128.4,False
667,544.31,16.0,2.26,8.31,16.99,1.04,212.18,116.06,False
668,528.12,16.0,2.29,7.83,14.39,1.05,230.56,122.77,False
669,584.38,16.0,2.17,9.5,23.44,1.01,166.67,99.46,False
670,504.28,16.0,2.34,7.13,10.56,1.06,257.64,132.65,False
671,517.61,16.0,2.31,7.52,12.7,1.05,242.5,127.13,False
672,594.4,16.0,2.15,9.8,25.05,1.01,155.3,95.31,False
673,489.35,16.0,2.37,6.68,8.15,1.07,274.59,138.84,False
674,537.66,16.0,2.27,8.12,15.92,1.04,219.73,118.82,False
675,605.61,16.0,2.13,10.13,26.85,1.0,142.56,90.66,False
676,510.89,16.0,2.33,7.32,11.62,1.06,250.14,129.91,False
677,508.87,16.0,2.33,7.26,11.29,1.06,252.42,130.75,False
678,591.4,16.0,2.16,9.71,24.57,1.01,158.7,96.55,False
679,541.05,16.0,2.26,8.22,16.47,1.04,215.88,117.42,False
680,603.44,16.0,2.13,10.07,26.5,1.0,145.03,91.56,False
681,596.4,16.0,2.15,9.86,25.37,1.01,153.01,94.48,False
682,515.51,16.0,2.32,7.46,12.36,1.05,244.89,128.0,False
683,599.63,16.0,2.14,9.95,25.89,1.01,149.36,93.14,False
684,579.17,16.0,2.18,9.35,22.6,1.02,172.58,101.62,False
685,576.36,16.0,2.19,9.26,22.15,1.02,175.77,102.78,False
686,508.76,16.0,2.33,7.26,11.28,1.06,252.56,130.8,False
687,578.57,16.0,2.18,9.33,22.5,1.02,173.27,101.87,False
688,518.36,16.0,2.31,7.54,12.82,1.05,241.65,126.82,False
689,566.76,16.0,2.21,8.98,20.61,1.03,186.68,106.76,False
690,509.44,16.0,2.33,7.28,11.39,1.06,251.78,130.51,False
691,607.95,16.0,2.12,10.2,27.23,1.0,139.9,89.69,False
692,491.36,16.0,2.37,6.74,8.48,1.07,272.31,138.01,False
693,529.27,16.0,2.29,7.87,14.57,1.05,229.26,122.3,False
694,549.96,16.0,2.24,8.48,17.9,1.03,205.76,113.72,False
695,556.6,16.0,2.23,8.68,18.97,1.03,198.22,110.97,False
696,510.43,16.0,2.33,7.31,11.55,1.06,250.65,130.1,False
697,536.08,16.0,2.27,8.07,15.67,1.04,221.53,119.48,False
698,595.49,16.0,2.15,9.83,25.23,1.01,154.05,94.86,False
699,533.96,16.0,2.28,8.01,15.33,1.04,223.93,120.35,False
700,490.82,16.0,2.37,6.73,8.39,1.07,272.92,138.23,False
701,602.96,16.0,2.13,10.05,26.43,1.0,145.57,91.76,False
702,525.62,16.0,2.29,7.76,13.99,1.05,233.4,123.81,False
703,582.61,16.0,2.18,9.45,23.15,1.02,168.68,100.19,False
704,597.52,16.0,2.14,9.89,25.55,1.01,151.75,94.02,False
705,531.69,16.0,2.28,7.94,14.96,1.05,226.5,121.29,False
706,561.7,16.0,2.22,8.83,19.79,1.03,192.43,108.86,False
707,520.42,16.0,2.31,7.6,13.15,1.05,239.31,125.96,False
708,495.9,16.0,2.36,6.88,9.21,1.07,267.16,136.12,False
709,541.7,16.0,2.26,8.24,16.57,1.04,215.14,117.15,False
710,571.87,16.0,2.2,9.13,21.43,1.02,180.88,104.65,False
711,576.92,16.0,2.19,9.28,22.24,1.02,175.14,102.55,False
712,586.02,16.0,2.17,9.55,23.7,1.01,164.8,98.78,False
713,609.2,16.0,2.12,10.24,27.43,1.0,138.48,89.18,False
714,562.84,16.0,2.22,8.86,19.97,1.03,191.13,108.39,False
715,515.59,16.0,2.32,7.46,12.37,1.05,244.79,127.96,False
716,566.49,16.0,2.21,8.97,20.56,1.03,186.99,106.87,False
717,557.31,16.0,2.23,8.7,19.08,1.03,197.42,110.68,False
718,575.18,16.0,2.19,9.23,21.96,1.02,177.12,103.27,False
719,494.23,16.0,2.36,6.83,8.94,1.07,269.05,136.81,False
720,525.33,16.0,2.29,7.75,13.94,1.05,233.73,123.93,False
721,542.84,16.0,2.26,8.27,16.76,1.04,213.84,116.67,False
722,554.15,16.0,2.23,8.6,18.58,1.03,201.0,111.99,False
723,485.4,16.0,2.38,6.57,7.52,1.07,279.09,140.48,False
724,536.35,16.0,2.27,8.08,15.71,1.04,221.21,119.36,False
725,592.39,16.0,2.15,9.74,24.73,1.01,157.57,96.14,False
726,492.86,16.0,2.36,6.79,8.72,1.07,270.61,137.39,False
727,569.3,16.0,2.2,9.05,21.01,1.02,183.8,105.71,False
728,600.47,16.0,2.14,9.98,26.03,1.01,148.4,92.79,False
729,502.42,16.0,2.34,7.07,10.26,1.06,259.75,133.42,False
730,575.12,16.0,2.19,9.23,21.95,1.02,177.18,103.3,False
731,509.81,16.0,2.33,7.29,11.44,1.06,251.36,130.36,False
732,525.76,16.0,2.29,7.76,14.01,1.05,233.24,123.75,False
733,535.53,16.0,2.27,8.05,15.58,1.04,222.14,119.7,False
734,584.44,16.0,2.17,9.5,23.45,1.01,166.6,99.44,False
735,523.52,16.0,2.3,7.7,13.65,1.05,235.79,124.68,False
736,513.51,16.0,2.32,7.4,12.04,1.06,247.16,128.83,False
737,583.22,16.0,2.17,9.47,23.25,1.02,167.98,99.94,False
738,515.57,16.0,2.32,7.46,12.37,1.05,244.82,127.97,False
739,555.65,16.0,2.23,8.65,18.82,1.03,199.3,111.37,False
740,564.16,16.0,2.21,8.9,20.19,1.03,189.63,107.84,False
741,543.08,16.0,2.26,8.28,16.8,1.04,213.58,116.58,False
742,541.68,16.0,2.26,8.23,16.57,1.04,215.16,117.15,False
743,583.37,16.0,2.17,9.47,23.28,1.02,167.82,99.88,False
744,519.87,16.0,2.31,7.59,13.06,1.05,239.94,126.19,False
745,556.42,16.0,2.23,8.67,18.94,1.03,198.43,111.05,False
746,596.66,16.0,2.15,9.87,25.41,1.01,152.73,94.37,False
747,588.42,16.0,2.16,9.62,24.09,1.01,162.08,97.79,False
748,596.15,16.0,2.15,9.85,25.33,1.01,153.3,94.58,False
749,514.11,16.0,2.32,7.42,12.14,1.06,246.47,128.58,False
750,489.82,16.0,2.37,6.7,8.23,1.07,274.06,138.64,False
751,553.43,16.0,2.24,8.58,18.46,1.03,201.82,112.29,False
752,517.58,16.0,2.31,7.52,12.69,1.05,242.54,127.14,False
753,493.96,16.0,2.36,6.82,8.9,1.07,269.36,136.93,False
754,597.86,16.0,2.14,9.9,25.61,1.01,151.36,93.87,False
755,518.94,16.0,2.31,7.56,12.91,1.05,240.99,126.58,False
756,524.73,16.0,2.3,7.73,13.85,1.05,234.41,124.18,False
757,526.01,16.0,2.29,7.77,14.05,1.05,232.96,123.65,False
758,542.14,16.0,2.26,8.25,16.65,1.04,214.64,116.96,False
759,531.57,16.0,2.28,7.93,14.94,1.05,226.65,121.35,False
760,537.77,16.0,2.27,8.12,15.94,1.04,219.6,118.77,False
761,604.7,16.0,2.13,10.1,26.71,1.0,143.59,91.04,False
762,592.7,16.0,2.15,9.75,24.78,1.01,157.23,96.02,False
763,526.93,16.0,2.29,7.8,14.2,1.05,231.92,123.27,False
764,492.98,16.0,2.36,6.79,8.74,1.07,270.48,137.34,False
765,525.48,16.0,2.29,7.75,13.96,1.05,233.57,123.87,False
766,566.68,16.0,2.21,8.98,20.59,1.03,186.77,106.79,False
767,530.67,16.0,2.28,7.91,14.8,1.05,227.67,121.72,False
768,583.29,16.0,2.17,9.47,23.26,1.02,167.91,99.91,False
769,564.0,16.0,2.21,8.9,20.16,1.03,189.82,107.91,False
770,587.57,16.0,2.16,9.6,23.95,1.01,163.05,98.14,False
771,544.8,16.0,2.25,8.33,17.07,1.04,211.62,115.86,False
772,577.13,16.0,2.19,9.29,22.27,1.02,174.9,102.46,False
773,513.2,16.0,2.32,7.39,11.99,1.06,247.51,128.96,False
774,539.85,16.0,2.26,8.18,16.28,1.04,217.25,117.91,False
775,517.04,16.0,2.31,7.5,12.61,1.05,243.14,127.36,False
776,592.03,16.0,2.16,9.73,24.67,1.01,157.99,96.29,False
777,554.71,16.0,2.23,8.62,18.67,1.03,200.36,111.75,False
778,493.41,16.0,2.36,6.8,8.81,1.07,269.98,137.16,False
779,575.1,16.0,2.19,9.23,21.95,1.02,177.21,103.31,False
780,495.7,16.0,2.36,6.87,9.18,1.07,267.38,136.21,False
781,542.43,16.0,2.26,8.26,16.69,1.04,214.31,116.84,False
782,552.25,16.0,2.24,8.55,18.27,1.03,203.16,112.77,False
783,517.56,16.0,2.31,7.52,12.69,1.05,242.56,127.15,False
784,576.42,16.0,2.19,9.27,22.16,1.02,175.71,102.76,False
785,567.76,16.0,2.21,9.01,20.77,1.02,185.54,106.35,False
786,558.53,16.0,2.23,8.73,19.28,1.03,196.03,110.17,False
787,607.25,16.0,2.12,10.18,27.12,1.0,140.7,89.99,False
788,498.21,16.0,2.35,6.95,9.58,1.07,264.53,135.17,False
789,563.97,16.0,2.21,8.9,20.16,1.03,189.86,107.92,False
790,490.57,16.0,2.37,6.72,8.35,1.07,273.21,138.33,False
791,494.46,16.0,2.36,6.83,8.98,1.07,268.79,136.72,False
792,493.77,16.0,2.36,6.81,8.87,1.07,269.57,137.01,False
793,591.66,16.0,2.16,9.72,24.61,1.01,158.4,96.44,False
794,601.71,16.0,2.14,10.02,26.23,1.0,146.99,92.28,False
795,551.23,16.0,2.24,8.52,18.11,1.03,204.32,113.2,False
796,599.95,16.0,2.14,9.96,25.94,1.01,148.99,93.01,False
797,546.47,16.0,2.25,8.38,17.34,1.04,209.73,115.17,False
798,599.03,16.0,2.14,9.94,25.8,1.01,150.04,93.39,False
799,480.69,16.0,2.39,6.43,6.76,1.08,284.43,142.43,False
800,499.35,16.0,2.35,6.98,9.76,1.06,263.23,134.69,False
801,542.53,16.0,2.26,8.26,16.71,1.04,214.2,116.8,False
802,588.6,16.0,2.16,9.63,24.12,1.01,161.88,97.71,False
803,562.98,16.0,2.22,8.87,20.0,1.03,190.97,108.33,False
804,583.24,16.0,2.17,9.47,23.26,1.02,167.97,99.93,False
805,543.85,16.0,2.26,8.3,16.92,1.04,212.7,116.26,False
806,531.17,16.0,2.28,7.92,14.88,1.05,227.1,121.51,False
807,524.61,16.0,2.3,7.73,13.82,1.05,234.55,124.23,False
808,603.48,16.0,2.13,10.07,26.51,1.0,144.98,91.55,False
809,545.6,16.0,2.25,8.35,17.2,1.04,210.71,115.53,False
810,596.78,16.0,2.15,9.87,25.43,1.01,152.59,94.32,False
811,567.72,16.0,2.21,9.01,20.76,1.02,185.59,106.36,False
812,505.62,16.0,2.34,7.17,10.77,1.06,256.12,132.1,False
813,518.81,16.0,2.31,7.56,12.89,1.05,241.14,126.63,False
814,602.0,16.0,2.13,10.02,26.27,1.0,146.66,92.16,False
815,553.38,16.0,2.24,8.58,18.45,1.03,201.88,112.31,False
816,599.0,16.0,2.14,9.93,25.79,1.01,150.06,93.4,False
817,555.2,16.0,2.23,8.64,18.75,1.03,199.81,111.55,False
818,582.37,16.0,2.18,9.44,23.12,1.02,168.95,100.29,False
819,533.46,16.0,2.28,7.99,15.25,1.04,224.5,120.56,False
820,584.28,16.0,2.17,9.5,23.42,1.01,166.78,99.5,False
821,562.26,16.0,2.22,8.85,19.88,1.03,191.79,108.63,False
822,514.28,16.0,2.32,7.42,12.16,1.06,246.28,128.51,False
823,567.41,16.0,2.21,9.0,20.71,1.02,185.94,106.49,False
824,547.44,16.0,2.25,8.41,17.5,1.04,208.63,114.77,False
825,549.95,16.0,2.24,8.48,17.9,1.03,205.77,113.73,False
826,587.94,16.0,2.16,9.61,24.01,1.01,162.62,97.98,False
827,603.48,16.0,2.13,10.07,26.51,1.0,144.97,91.54,False
828,557.25,16.0,2.23,8.7,19.08,1.03,197.48,110.7,False
829,581.48,16.0,2.18,9.42,22.97,1.02,169.97,100.66,False
830,554.15,16.0,2.23,8.6,18.58,1.03,201.01,111.99,False
831,512.54,16.0,2.32,7.37,11.88,1.06,248.26,129.23,False
832,481.53,16.0,2.39,6.45,6.9,1.07,283.47,142.08,False
833,539.37,16.0,2.27,8.17,16.2,1.04,217.79,118.11,False
834,552.56,16.0,2.24,8.56,18.32,1.03,202.81,112.65,False
835,606.07,16.0,2.13,10.14,26.93,1.0,142.04,90.47,False
836,564.18,16.0,2.21,8.9,20.19,1.03,189.61,107.83,False
837,582.97,16.0,2.17,9.46,23.21,1.02,168.27,100.05,False
838,557.32,16.0,2.23,8.7,19.09,1.03,197.41,110.68,False
839,563.15,16.0,2.22,8.87,20.02,1.03,190.78,108.26,False
840,603.36,16.0,2.13,10.06,26.49,1.0,145.11,91.59,False
841,556.07,16.0,2.23,8.66,18.89,1.03,198.82,111.19,False
842,517.59,16.0,2.31,7.52,12.7,1.05,242.52,127.14,False
843,594.61,16.0,2.15,9.8,25.09,1.01,155.05,95.22,False
844,506.85,16.0,2.33,7.2,10.97,1.06,254.71,131.59,False
845,495.02,16.0,2.36,6.85,9.07,1.07,268.16,136.49,False
846,534.17,16.0,2.28,8.01,15.36,1.04,223.69,120.27,False
847,485.14,16.0,2.38,6.56,7.48,1.07,279.38,140.58,False
848,591.43,16.0,2.16,9.71,24.57,1.01,158.67,96.54,False
849,549.07,16.0,2.25,8.45,17.76,1.04,206.77,114.09,False
850,517.61,16.0,2.31,7.52,12.7,1.05,242.51,127.13,False
851,501.85,16.0,2.34,7.05,10.17,1.06,260.39,133.66,False
852,501.17,16.0,2.35,7.03,10.05,1.06,261.18,133.94,False
853,544.92,16.0,2.25,8.33,17.09,1.04,211.48,115.81,False
854,594.74,16.0,2.15,9.81,25.11,1.01,154.9,95.17,False
855,512.68,16.0,2.32,7.37,11.91,1.06,248.1,129.17,False
856,607.64,16.0,2.12,10.19,27.18,1.0,140.25,89.82,False
857,521.55,16.0,2.3,7.64,13.33,1.05,238.02,125.5,False
858,598.19,16.0,2.14,9.91,25.66,1.01,150.99,93.74,False
859,539.06,16.0,2.27,8.16,16.15,1.04,218.14,118.24,False
860,587.84,16.0,2.16,9.6,24.0,1.01,162.74,98.03,False
861,520.3,16.0,2.31,7.6,13.13,1.05,239.45,126.01,False
862,528.62,16.0,2.29,7.85,14.47,1.05,230.0,122.57,False
863,582.49,16.0,2.18,9.45,23.14,1.02,168.81,100.24,False
864,510.98,16.0,2.32,7.32,11.63,1.06,250.03,129.88,False
865,536.53,16.0,2.27,8.08,15.74,1.04,221.01,119.29,False
866,502.9,16.0,2.34,7.08,10.33,1.06,259.21,133.22,False
867,609.41,16.0,2.12,10.24,27.47,1.0,138.24,89.09,False
868,543.62,16.0,2.26,8.29,16.88,1.04,212.97,116.35,False
869,496.1,16.0,2.36,6.88,9.24,1.07,266.93,136.04,False
870,488.1,16.0,2.37,6.65,7.95,1.07,276.02,139.36,False
871,548.81,16.0,2.25,8.45,17.72,1.04,207.07,114.2,False
872,560.93,16.0,2.22,8.81,19.67,1.03,193.31,109.18,False
873,574.17,16.0,2.19,9.2,21.8,1.02,178.26,103.69,False
874,480.33,16.0,2.39,6.41,6.7,1.08,284.84,142.58,False
875,584.08,16.0,2.17,9.49,23.39,1.01,167.02,99.59,False
876,522.89,16.0,2.3,7.68,13.55,1.05,236.51,124.94,False
877,495.85,16.0,2.36,6.88,9.2,1.07,267.21,136.15,False
878,563.89,16.0,2.21,8.89,20.14,1.03,189.94,107.95,False
879,499.23,16.0,2.35,6.98,9.74,1.06,263.37,134.74,False
880,506.6,16.0,2.33,7.19,10.93,1.06,255.01,131.69,False
881,493.77,16.0,2.36,6.81,8.86,1.07,269.57,137.01,False
882,500.39,16.0,2.35,7.01,9.93,1.06,262.05,134.26,False
883,593.79,16.0,2.15,9.78,24.95,1.01,155.98,95.56,False
884,608.31,16.0,2.12,10.21,27.29,1.0,139.49,89.54,False
885,507.13,16.0,2.33,7.21,11.01,1.06,254.4,131.47,False
886,480.75,16.0,2.39,6.43,6.77,1.08,284.36,142.4,False
887,526.69,16.0,2.29,7.79,14.16,1.05,232.19,123.37,False
888,588.02,16.0,2.16,9.61,24.03,1.01,162.53,97.95,False
889,531.68,16.0,2.28,7.94,14.96,1.05,226.52,121.3,False
890,596.17,16.0,2.15,9.85,25.34,1.01,153.28,94.58,False
891,509.44,16.0,2.33,7.28,11.38,1.06,251.78,130.52,False
892,582.49,16.0,2.18,9.45,23.13,1.02,168.82,100.25,False
893,530.11,16.0,2.28,7.89,14.71,1.05,228.3,121.95,False
894,481.82,16.0,2.39,6.46,6.94,1.07,283.15,141.96,False
895,551.25,16.0,2.24,8.52,18.11,1.03,204.3,113.19,False
896,595.43,16.0,2.15,9.83,25.22,1.01,154.13,94.88,False
897,536.18,16.0,2.27,8.07,15.69,1.04,221.41,119.43,False
898,565.91,16.0,2.21,8.95,20.47,1.03,187.65,107.11,False
899,594.44,16.0,2.15,9.8,25.06,1.01,155.24,95.29,False
900,547.44,16.0,2.25,8.41,17.5,1.04,208.63,114.77,False
901,529.31,16.0,2.29,7.87,14.58,1.05,229.22,122.28,False
902,485.13,16.0,2.38,6.56,7.48,1.07,279.38,140.59,False
903,567.81,16.0,2.21,9.01,20.77,1.02,185.49,106.33,False
904,549.55,16.0,2.24,8.47,17.84,1.04,206.23,113.89,False
905,587.04,16.0,2.17,9.58,23.87,1.01,163.65,98.36,False
906,549.54,16.0,2.24,8.47,17.84,1.04,206.24,113.9,False
907,593.75,16.0,2.15,9.78,24.95,1.01,156.03,95.58,False
908,490.88,16.0,2.37,6.73,8.4,1.07,272.86,138.21,False
909,510.29,16.0,2.33,7.3,11.52,1.06,250.82,130.16,False
910,501.54,16.0,2.34,7.04,10.11,1.06,260.75,133.79,False
911,487.48,16.0,2.37,6.63,7.85,1.07,276.72,139.61,False
912,578.32,16.0,2.18,9.32,22.46,1.02,173.55,101.97,False
913,560.67,16.0,2.22,8.8,19.63,1.03,193.6,109.29,False
914,490.16,16.0,2.37,6.71,8.28,1.07,273.68,138.5,False
915,590.51,16.0,2.16,9.68,24.43,1.01,159.71,96.92,False
916,577.59,16.0,2.19,9.3,22.35,1.02,174.38,102.28,False
917,550.83,16.0,2.24,8.51,18.04,1.03,204.78,113.36,False
918,579.34,16.0,2.18,9.35,22.63,1.02,172.4,101.55,False
919,558.54,16.0,2.23,8.73,19.28,1.03,196.02,110.17,False
920,565.29,16.0,2.21,8.93,20.37,1.03,188.35,107.37,False
921,485.79,16.0,2.38,6.58,7.58,1.07,278.63,140.31,False
922,551.74,16.0,2.24,8.53,18.19,1.03,203.74,112.99,False
923,549.17,16.0,2.24,8.46,17.78,1.04,206.65,114.05,False
924,555.48,16.0,2.23,8.64,18.79,1.03,199.49,111.44,False
925,596.08,16.0,2.15,9.85,25.32,1.01,153.38,94.61,False
926,502.31,16.0,2.34,7.07,10.24,1.06,259.88,133.47,False
927,523.74,16.0,2.3,7.7,13.69,1.05,235.54,124.59,False
928,494.61,16.0,2.36,6.84,9.0,1.07,268.63,136.66,False
929,510.47,16.0,2.33,7.31,11.55,1.06,250.61,130.09,False
930,567.66,16.0,2.21,9.01,20.75,1.02,185.66,106.39,False
931,510.93,16.0,2.32,7.32,11.62,1.06,250.09,129.9,False
932,570.72,16.0,2.2,9.1,21.24,1.02,182.18,105.12,False
933,512.58,16.0,2.32,7.37,11.89,1.06,248.21,129.21,False
934,524.25,16.0,2.3,7.72,13.77,1.05,234.96,124.38,False
935,578.38,16.0,2.18,9.32,22.47,1.02,173.49,101.95,False
936,533.83,16.0,2.28,8.0,15.31,1.04,224.08,120.41,False
937,528.31,16.0,2.29,7.84,14.42,1.05,230.35,122.69,False
938,519.65,16.0,2.31,7.58,13.03,1.05,240.19,126.28,False
939,479.81,16.0,2.39,6.4,6.62,1.08,285.43,142.79,False
940,500.62,16.0,2.35,7.02,9.97,1.06,261.8,134.17,False
941,488.72,16.0,2.37,6.66,8.05,1.07,275.31,139.1,False
942,529.1,16.0,2.29,7.86,14.55,1.05,229.45,122.37,False
943,504.65,16.0,2.34,7.14,10.62,1.06,257.22,132.5,False
944,513.76,16.0,2.32,7.41,12.08,1.06,246.88,128.73,False
945,602.44,16.0,2.13,10.04,26.34,1.0,146.17,91.98,False
946,581.44,16.0,2.18,9.41,22.97,1.02,170.01,100.68,False
947,507.9,16.0,2.33,7.23,11.14,1.06,253.53,131.15,False
948,589.29,16.0,2.16,9.65,24.23,1.01,161.09,97.43,False
949,548.05,16.0,2.25,8.42,17.6,1.04,207.93,114.52,False
950,559.42,16.0,2.22,8.76,19.42,1.03,195.02,109.81,False
951,481.34,16.0,2.39,6.44,6.87,1.07,283.69,142.16,False
952,539.21,16.0,2.27,8.16,16.17,1.04,217.97,118.18,False
953,551.33,16.0,2.24,8.52,18.12,1.03,204.2,113.15,False
954,570.06,16.0,2.2,9.08,21.14,1.02,182.94,105.4,False
955,553.75,16.0,2.24,8.59,18.51,1.03,201.46,112.15,False
956,587.12,16.0,2.17,9.58,23.88,1.01,163.55,98.32,False
957,542.18,16.0,2.26,8.25,16.65,1.04,214.59,116.95,False
958,517.01,16.0,2.31,7.5,12.6,1.05,243.18,127.38,False
959,508.41,16.0,2.33,7.25,11.22,1.06,252.95,130.94,False
960,597.4,16.0,2.14,9.89,25.53,1.01,151.89,94.07,False
961,504.42,16.0,2.34,7.13,10.58,1.06,257.48,132.59,False
962,527.51,16.0,2.29,7.81,14.29,1.05,231.25,123.02,False
963,589.88,16.0,2.16,9.66,24.32,1.01,160.43,97.18,False
964,511.25,16.0,2.32,7.33,11.68,1.06,249.72,129.76,False
965,553.18,16.0,2.24,8.58,18.42,1.03,202.1,112.39,False
966,479.37,16.0,2.39,6.39,6.55,1.08,285.93,142.97,False
967,520.58,16.0,2.3,7.61,13.18,1.05,239.13,125.9,False
968,497.02,16.0,2.35,6.91,9.39,1.07,265.89,135.66,False
969,606.17,16.0,2.13,10.15,26.94,1.0,141.92,90.43,False
970,483.81,16.0,2.38,6.52,7.26,1.07,280.88,141.13,False
971,497.68,16.0,2.35,6.93,9.49,1.07,265.14,135.39,False
972,522.9,16.0,2.3,7.68,13.55,1.05,236.49,124.94,False
973,486.5,16.0,2.38,6.6,7.7,1.07,277.83,140.02,False
974,549.26,16.0,2.24,8.46,17.79,1.04,206.56,114.01,False
975,571.27,16.0,2.2,9.11,21.33,1.02,181.56,104.89,False
976,555.34,16.0,2.23,8.64,18.77,1.03,199.65,111.49,False
977,597.99,16.0,2.14,9.91,25.63,1.01,151.21,93.82,False
978,579.51,16.0,2.18,9.36,22.66,1.02,172.2,101.48,False
979,575.69,16.0,2.19,9.24,22.04,1.02,176.54,103.06,False
980,547.56,16.0,2.25,8.41,17.52,1.04,208.48,114.72,False
981,482.66,16.0,2.38,6.48,7.08,1.07,282.2,141.61,False
982,580.3,16.0,2.18,9.38,22.78,1.02,171.31,101.15,False
983,500.82,16.0,2.35,7.02,10.0,1.06,261.57,134.08,False
984,491.22,16.0,2.37,6.74,8.45,1.07,272.47,138.06,False
985,543.74,16.0,2.26,8.3,16.9,1.04,212.83,116.3,False
986,512.14,16.0,2.32,7.36,11.82,1.06,248.71,129.4,False
987,521.64,16.0,2.3,7.64,13.35,1.05,237.93,125.46,False
988,506.45,16.0,2.33,7.19,10.9,1.06,255.18,131.75,False
989,574.64,16.0,2.19,9.21,21.87,1.02,177.74,103.5,False
990,520.0,16.0,2.31,7.59,13.08,1.05,239.79,126.14,False
991,589.1,16.0,2.16,9.64,24.2,1.01,161.31,97.51,False
992,570.66,16.0,2.2,9.09,21.23,1.02,182.25,105.14,False
993,597.04,16.0,2.14,9.88,25.48,1.01,152.29,94.22,False
994,485.0,16.0,2.38,6.55,7.45,1.07,279.54,140.64,False
995,581.94,16.0,2.18,9.43,23.05,1.02,169.45,100.47,False
996,496.19,16.0,2.36,6.89,9.25,1.07,266.82,136.0,False
997,494.57,16.0,2.36,6.84,8.99,1.07,268.67,136.68,False
998,592.36,16.0,2.15,9.74,24.72,1.01,157.6,96.15,False
999,496.0,16.0,2.36,6.88,9.22,1.07,267.04,136.08,False
1000,522.54,16.0,2.3,7.67,13.49,1.05,236.91,125.09,False
1001,552.68,16.0,2.24,8.56,18.34,1.03,202.67,112.6,False
1002,479.76,16.0,2.39,6.4,6.61,1.08,285.48,142.81,False
1003,595.16,16.0,2.15,9.82,25.17,1.01,154.42,94.99,False
1004,508.54,16.0,2.33,7.25,11.24,1.06,252.8,130.89,False
1005,517.58,16.0,2.31,7.52,12.69,1.05,242.54,127.14,False
1006,563.97,16.0,2.21,8.9,20.16,1.03,189.85,107.92,False
1007,523.99,16.0,2.3,7.71,13.73,1.05,235.25,124.48,False
1008,507.27,16.0,2.33,7.21,11.04,1.06,254.25,131.41,False
1009,537.81,16.0,2.27,8.12,15.95,1.04,219.56,118.76,False
1010,530.97,16.0,2.28,7.92,14.85,1.05,227.33,121.59,False
1011,525.66,16.0,2.29,7.76,13.99,1.05,233.36,123.79,False
1012,507.61,16.0,2.33,7.22,11.09,1.06,253.86,131.27,False
1013,540.25,16.0,2.26,8.19,16.34,1.04,216.79,117.75,False
1014,482.61,16.0,2.38,6.48,7.07,1.07,282.24,141.63,False
1015,602.54,16.0,2.13,10.04,26.36,1.0,146.04,91.93,False
1016,530.91,16.0,2.28,7.92,14.84,1.05,227.4,121.62,False
1017,549.27,16.0,2.24,8.46,17.79,1.04,206.54,114.01,False
1018,573.2,16.0,2.19,9.17,21.64,1.02,179.36,104.09,False
1019,532.26,16.0,2.28,7.96,15.06,1.05,225.86,121.06,False
1020,533.24,16.0,2.28,7.98,15.21,1.04,224.75,120.65,False
1021,532.87,16.0,2.28,7.97,15.15,1.04,225.17,120.8,False
1022,479.8,16.0,2.39,6.4,6.62,1.08,285.44,142.8,False
1023,570.73,16.0,2.2,9.1,21.24,1.02,182.18,105.12,False
1024,492.42,16.0,2.36,6.77,8.65,1.07,271.11,137.57,False
1025,608.05,16.0,2.12,10.2,27.25,1.0,139.79,89.65,False
1026,503.88,16.0,2.34,7.11,10.49,1.06,258.09,132.82,False
1027,569.78,16.0,2.2,9.07,21.09,1.02,183.25,105.51,False
1028,571.49,16.0,2.2,9.12,21.37,1.02,181.31,104.8,False
1029,575.46,16.0,2.19,9.24,22.0,1.02,176.8,103.16,False
1030,528.48,16.0,2.29,7.84,14.45,1.05,230.15,122.62,False
1031,593.99,16.0,2.15,9.79,24.99,1.01,155.75,95.48,False
1032,603.42,16.0,2.13,10.07,26.5,1.0,145.05,91.57,False
1033,584.75,16.0,2.17,9.51,23.5,1.01,166.25,99.31,False
1034,537.35,16.0,2.27,8.11,15.87,1.04,220.08,118.95,False
1035,516.34,16.0,2.31,7.48,12.5,1.05,243.94,127.65,False
1036,480.48,16.0,2.39,6.42,6.73,1.08,284.67,142.51,False
1037,506.48,16.0,2.33,7.19,10.91,1.06,255.14,131.74,False
1038,511.04,16.0,2.32,7.33,11.64,1.06,249.96,129.85,False
1039,481.35,16.0,2.39,6.45,6.87,1.07,283.68,142.15,False
1040,630.32,9.43,2.09,8.55,17.05,1.06,208.59,111.98,False
1041,633.27,8.5,2.09,8.31,15.56,1.07,218.65,115.26,False
1042,622.28,11.99,2.1,9.21,21.11,1.04,181.16,103.05,False
1043,633.81,8.33,2.09,8.26,15.29,1.07,220.47,115.85,False
1044,632.1,8.87,2.09,8.41,16.15,1.07,214.65,113.96,False
1045,629.83,9.59,2.09,8.59,17.3,1.06,206.89,111.43,False
1046,628.45,10.03,2.1,8.7,17.99,1.06,202.19,109.9,False
1047,627.23,10.41,2.1,8.8,18.61,1.05,198.05,108.55,False
1048,624.58,11.26,2.1,9.02,19.95,1.05,189.0,105.6,False
1049,630.2,9.47,2.09,8.56,17.11,1.06,208.15,111.84,False
1050,634.45,8.13,2.09,8.21,14.96,1.07,222.66,116.56,False
1051,625.49,10.97,2.1,8.95,19.49,1.05,192.1,106.62,False
1052,631.16,9.17,2.09,8.48,16.62,1.07,211.45,112.91,False
1053,622.36,11.96,2.1,9.2,21.07,1.04,181.44,103.14,False
1054,628.31,10.07,2.1,8.72,18.06,1.06,201.73,109.75,False
1055,630.78,9.29,2.09,8.51,16.82,1.06,210.13,112.48,False
1056,625.7,10.9,2.1,8.93,19.38,1.05,192.82,106.85,False
1057,623.72,11.53,2.1,9.09,20.38,1.04,186.06,104.65,False
1058,630.71,9.31,2.09,8.52,16.85,1.06,209.89,112.41,False
1059,632.3,8.81,2.09,8.39,16.05,1.07,215.32,114.18,False
1060,623.46,11.61,2.1,9.11,20.52,1.04,185.17,104.36,False
1061,633.39,8.46,2.09,8.3,15.5,1.07,219.06,115.39,False
1062,630.4,9.41,2.09,8.54,17.01,1.06,208.85,112.07,False
1063,626.67,10.59,2.1,8.85,18.89,1.05,196.14,107.93,False
1064,631.53,9.05,2.09,8.45,16.44,1.07,212.71,113.32,False
1065,627.03,10.48,2.1,8.82,18.71,1.05,197.37,108.33,False
1066,627.72,10.26,2.1,8.76,18.36,1.05,199.73,109.1,False
1067,622.5,11.92,2.1,9.19,21.0,1.04,181.91,103.3,False
1068,629.17,9.8,2.1,8.65,17.63,1.06,204.67,110.71,False
1069,634.7,8.05,2.09,8.19,14.84,1.08,223.51,116.84,False
1070,623.43,11.62,2.1,9.12,20.53,1.04,185.07,104.33,False
1071,633.18,8.53,2.09,8.32,15.61,1.07,218.33,115.15,False
1072,622.81,11.82,2.1,9.17,20.84,1.04,182.97,103.64,False
1073,631.02,9.21,2.09,8.49,16.69,1.06,210.98,112.76,False
1074,630.27,9.45,2.09,8.56,17.08,1.06,208.4,111.92,False
1075,624.35,11.33,2.1,9.04,20.06,1.04,188.23,105.35,False
1076,625.69,10.9,2.1,8.93,19.39,1.05,192.8,106.84,False
1077,626.87,10.53,2.1,8.83,18.79,1.05,196.83,108.15,False
1078,632.6,8.71,2.09,8.36,15.9,1.07,216.34,114.51,False
1079,632.55,8.73,2.09,8.37,15.92,1.07,216.19,114.46,False
1080,632.34,8.79,2.09,8.39,16.03,1.07,215.47,114.22,False
1081,633.89,8.3,2.09,8.26,15.25,1.07,220.75,115.94,False
1082,622.5,11.91,2.1,9.19,21.0,1.04,181.92,103.3,False
1083,627.57,10.31,2.1,8.78,18.44,1.05,199.19,108.92,False
1084,634.1,8.24,2.09,8.24,15.14,1.07,221.46,116.17,False
1085,633.81,8.33,2.09,8.26,15.29,1.07,220.48,115.86,False
1086,633.61,8.39,2.09,8.28,15.39,1.07,219.78,115.63,False
1087,622.33,11.97,2.1,9.21,21.09,1.04,181.32,103.1,False
1088,630.49,9.38,2.09,8.54,16.96,1.06,209.16,112.17,False
1089,634.63,8.07,2.09,8.2,14.87,1.08,223.28,116.77,False
1090,627.19,10.43,2.1,8.81,18.63,1.05,197.91,108.51,False
1091,628.09,10.14,2.1,8.73,18.17,1.06,200.98,109.51,False
1092,625.84,10.86,2.1,8.92,19.31,1.05,193.31,107.01,False
1093,626.13,10.77,2.1,8.9,19.17,1.05,194.27,107.32,False
1094,626.19,10.74,2.1,8.89,19.13,1.05,194.49,107.39,False
1095,624.5,11.28,2.1,9.03,19.99,1.04,188.72,105.51,False
1096,624.67,11.23,2.1,9.01,19.9,1.05,189.32,105.71,False
1097,627.95,10.19,2.1,8.75,18.25,1.06,200.48,109.34,False
1098,631.09,9.19,2.09,8.49,16.66,1.06,211.19,112.83,False
1099,634.08,8.24,2.09,8.24,15.15,1.07,221.39,116.15,False
1100,632.22,8.83,2.09,8.4,16.09,1.07,215.06,114.09,False
1101,627.4,10.36,2.1,8.79,18.52,1.05,198.63,108.74,False
1102,625.35,11.01,2.1,8.96,19.56,1.05,191.62,106.46,False
1103,628.71,9.95,2.1,8.68,17.86,1.06,203.08,110.19,False
1104,629.86,9.58,2.09,8.59,17.28,1.06,207.01,111.47,False
1105,624.48,11.29,2.1,9.03,20.0,1.04,188.66,105.49,False
1106,632.0,8.9,2.09,8.41,16.2,1.07,214.31,113.85,False
1107,625.5,10.96,2.1,8.95,19.48,1.05,192.13,106.62,False
1108,628.54,10.0,2.1,8.7,17.95,1.06,202.52,110.01,False
1109,626.27,10.72,2.1,8.88,19.09,1.05,194.76,107.48,False
1110,633.61,8.39,2.09,8.28,15.39,1.07,219.79,115.63,False
1111,630.48,9.38,2.09,8.54,16.97,1.06,209.14,112.16,False
1112,629.23,9.78,2.1,8.64,17.6,1.06,204.87,110.77,False
1113,633.8,8.33,2.09,8.27,15.29,1.07,220.43,115.84,False
1114,623.15,11.71,2.1,9.14,20.67,1.04,184.14,104.02,False
1115,631.04,9.21,2.09,8.49,16.69,1.06,211.03,112.78,False
1116,627.87,10.21,2.1,8.75,18.29,1.06,200.21,109.25,False
1117,623.43,11.62,2.1,9.12,20.53,1.04,185.09,104.33,False
1118,624.81,11.18,2.1,9.0,19.83,1.05,189.78,105.86,False
1119,633.83,8.32,2.09,8.26,15.28,1.07,220.55,115.88,False
1120,625.49,10.97,2.1,8.95,19.49,1.05,192.1,106.61,False
1121,626.49,10.65,2.1,8.87,18.98,1.05,195.51,107.72,False
1122,632.07,8.88,2.09,8.41,16.17,1.07,214.53,113.92,False
1123,623.43,11.62,2.1,9.12,20.53,1.04,185.07,104.32,False
1124,632.9,8.62,2.09,8.34,15.75,1.07,217.37,114.84,False
1125,634.55,8.09,2.09,8.2,14.91,1.08,223.01,116.68,False
1126,624.74,11.21,2.1,9.01,19.87,1.05,189.54,105.78,False
1127,622.81,11.82,2.1,9.17,20.84,1.04,182.98,103.64,False
1128,627.26,10.4,2.1,8.8,18.59,1.05,198.16,108.59,False
1129,630.41,9.41,2.09,8.54,17.0,1.06,208.88,112.08,False
1130,627.37,10.37,2.1,8.79,18.54,1.05,198.51,108.7,False
1131,623.91,11.47,2.1,9.08,20.28,1.04,186.73,104.87,False
1132,622.98,11.76,2.1,9.15,20.76,1.04,183.54,103.83,False
1133,627.79,10.24,2.1,8.76,18.33,1.05,199.95,109.17,False
1134,625.84,10.85,2.1,8.92,19.31,1.05,193.31,107.01,False
1135,630.69,9.32,2.09,8.52,16.86,1.06,209.82,112.38,False
1136,628.76,9.93,2.1,8.68,17.84,1.06,203.27,110.25,False
1137,631.67,9.01,2.09,8.44,16.37,1.07,213.19,113.48,False
1138,624.72,11.21,2.1,9.01,19.88,1.05,189.47,105.76,False
1139,628.59,9.98,2.1,8.69,17.92,1.06,202.68,110.06,False
1140,626.79,10.56,2.1,8.84,18.83,1.05,196.53,108.06,False
1141,623.07,11.73,2.1,9.15,20.71,1.04,183.86,103.93,False
1142,628.63,9.97,2.1,8.69,17.91,1.06,202.8,110.1,False
1143,626.95,10.5,2.1,8.83,18.75,1.05,197.09,108.24,False
1144,623.96,11.45,2.1,9.07,20.26,1.04,186.88,104.91,False
1145,623.42,11.62,2.1,9.12,20.53,1.04,185.04,104.32,False
1146,622.7,11.85,2.1,9.18,20.9,1.04,182.59,103.52,False
1147,622.74,11.84,2.1,9.17,20.88,1.04,182.74,103.57,False
1148,623.18,11.7,2.1,9.14,20.66,1.04,184.22,104.05,False
1149,632.22,8.83,2.09,8.4,16.09,1.07,215.06,114.09,False
1150,624.13,11.4,2.1,9.06,20.17,1.04,187.48,105.11,False
1151,633.37,8.47,2.09,8.3,15.51,1.07,218.97,115.36,False
1152,629.58,9.67,2.09,8.61,17.42,1.06,206.05,111.16,False
1153,634.59,8.08,2.09,8.2,14.89,1.08,223.13,116.72,False
1154,631.76,8.98,2.09,8.43,16.32,1.07,213.5,113.58,False
1155,629.64,9.65,2.09,8.61,17.39,1.06,206.25,111.22,False
1156,634.43,8.13,2.09,8.21,14.97,1.07,222.59,116.54,False
1157,626.43,10.67,2.1,8.87,19.01,1.05,195.33,107.67,False
1158,632.1,8.87,2.09,8.41,16.15,1.07,214.64,113.95,False
1159,629.94,9.56,2.09,8.58,17.24,1.06,207.28,111.56,False
1160,632.57,8.72,2.09,8.37,15.91,1.07,216.26,114.48,False
1161,630.67,9.32,2.09,8.52,16.87,1.06,209.78,112.37,False
1162,622.9,11.79,2.1,9.16,20.8,1.04,183.28,103.74,False
1163,624.3,11.34,2.1,9.05,20.09,1.04,188.04,105.29,False
1164,630.33,9.43,2.09,8.55,17.05,1.06,208.6,111.99,False
1165,631.46,9.07,2.09,8.46,16.47,1.07,212.46,113.24,False
1166,623.76,11.52,2.1,9.09,20.36,1.04,186.2,104.69,False
1167,630.51,9.37,2.09,8.54,16.95,1.06,209.24,112.19,False
1168,632.24,8.83,2.09,8.39,16.08,1.07,215.11,114.11,False
1169,633.76,8.34,2.09,8.27,15.31,1.07,220.31,115.8,False
1170,629.13,9.81,2.1,8.65,17.65,1.06,204.53,110.66,False
1171,627.15,10.44,2.1,8.81,18.65,1.05,197.78,108.46,False
1172,630.77,9.29,2.09,8.51,16.82,1.06,210.13,112.48,False
1173,631.25,9.14,2.09,8.47,16.58,1.07,211.75,113.01,False
1174,632.13,8.86,2.09,8.4,16.14,1.07,214.74,113.98,False
1175,622.46,11.93,2.1,9.2,21.02,1.04,181.78,103.25,False
1176,623.64,11.55,2.1,9.1,20.42,1.04,185.81,104.57,False
1177,634.6,8.08,2.09,8.2,14.89,1.08,223.18,116.73,False
1178,624.99,11.12,2.1,8.99,19.74,1.05,190.41,106.07,False
1179,631.49,9.06,2.09,8.46,16.46,1.07,212.56,113.27,False
1180,626.34,10.7,2.1,8.88,19.06,1.05,194.99,107.56,False
1181,634.67,8.05,2.09,8.19,14.85,1.08,223.41,116.81,False
1182,622.87,11.8,2.1,9.16,20.81,1.04,183.16,103.7,False
1183,627.35,10.38,2.1,8.79,18.55,1.05,198.45,108.68,False
1184,631.18,9.16,2.09,8.48,16.62,1.07,211.5,112.93,False
1185,622.51,11.91,2.1,9.19,20.99,1.04,181.94,103.31,False
1186,628.29,10.08,2.1,8.72,18.07,1.06,201.66,109.73,False
1187,623.3,11.66,2.1,9.13,20.59,1.04,184.64,104.18,False
1188,625.77,10.88,2.1,8.93,19.35,1.05,193.05,106.92,False
1189,628.63,9.97,2.1,8.69,17.9,1.06,202.82,110.1,False
1190,631.44,9.08,2.09,8.46,16.49,1.07,212.39,113.22,False
1191,632.32,8.8,2.09,8.39,16.04,1.07,215.38,114.19,False
1192,634.61,8.07,2.09,8.2,14.88,1.08,223.2,116.74,False
1193,625.73,10.89,2.1,8.93,19.37,1.05,192.93,106.88,False
1194,632.32,8.8,2.09,8.39,16.04,1.07,215.4,114.2,False
1195,633.68,8.37,2.09,8.28,15.35,1.07,220.02,115.7,False
1196,628.89,9.89,2.1,8.67,17.77,1.06,203.72,110.4,False
1197,630.85,9.27,2.09,8.51,16.78,1.06,210.37,112.56,False
1198,633.91,8.3,2.09,8.26,15.24,1.07,220.82,115.97,False
1199,623.96,11.45,2.1,9.07,20.26,1.04,186.9,104.92,False
1200,633.38,8.46,2.09,8.3,15.5,1.07,219.01,115.38,False
1201,633.94,8.29,2.09,8.25,15.22,1.07,220.93,116.0,False
1202,629.3,9.76,2.1,8.63,17.56,1.06,205.1,110.85,False
1203,623.02,11.75,2.1,9.15,20.73,1.04,183.69,103.88,False
1204,622.68,11.86,2.1,9.18,20.91,1.04,182.51,103.49,False
1205,630.44,9.4,2.09,8.54,16.99,1.06,208.99,112.11,False
1206,625.05,11.11,2.1,8.98,19.71,1.05,190.6,106.13,False
1207,629.83,9.59,2.09,8.59,17.3,1.06,206.91,111.44,False
1208,627.58,10.3,2.1,8.78,18.43,1.05,199.22,108.93,False
1209,630.01,9.53,2.09,8.58,17.21,1.06,207.51,111.63,False
1210,626.23,10.73,2.1,8.89,19.12,1.05,194.62,107.43,False
1211,630.6,9.35,2.09,8.53,16.91,1.06,209.53,112.29,False
1212,623.98,11.45,2.1,9.07,20.25,1.04,186.97,104.94,False
1213,626.85,10.53,2.1,8.84,18.8,1.05,196.75,108.13,False
1214,634.73,8.03,2.09,8.19,14.82,1.08,223.62,116.88,False
1215,629.17,9.8,2.1,8.65,17.63,1.06,204.64,110.7,False
1216,628.13,10.13,2.1,8.73,18.16,1.06,201.1,109.54,False
1217,634.73,8.03,2.09,8.19,14.82,1.08,223.63,116.88,False
1218,626.52,10.64,2.1,8.86,18.97,1.05,195.62,107.76,False
1219,633.72,8.36,2.09,8.27,15.33,1.07,220.17,115.75,False
1220,623.23,11.68,2.1,9.13,20.63,1.04,184.4,104.11,False
1221,632.36,8.79,2.09,8.38,16.02,1.07,215.55,114.25,False
1222,625.17,11.07,2.1,8.97,19.65,1.05,191.03,106.27,False
1223,629.81,9.6,2.09,8.59,17.31,1.06,206.84,111.41,False
1224,622.64,11.87,2.1,9.18,20.93,1.04,182.39,103.45,False
1225,623.21,11.69,2.1,9.14,20.64,1.04,184.32,104.08,False
1226,630.68,9.32,2.09,8.52,16.87,1.06,209.8,112.38,False
1227,624.03,11.43,2.1,9.07,20.23,1.04,187.12,104.99,False
1228,628.78,9.92,2.1,8.68,17.83,1.06,203.34,110.27,False
1229,630.92,9.24,2.09,8.5,16.75,1.06,210.63,112.65,False
1230,623.41,11.63,2.1,9.12,20.54,1.04,185.03,104.31,False
1231,633.74,8.35,2.09,8.27,15.32,1.07,220.26,115.78,False
1232,626.16,10.75,2.1,8.89,19.15,1.05,194.4,107.36,False
1233,631.57,9.04,2.09,8.45,16.42,1.07,212.85,113.37,False
1234,630.09,9.51,2.09,8.57,17.16,1.06,207.81,111.73,False
1235,623.48,11.61,2.1,9.11,20.5,1.04,185.24,104.38,False
1236,625.9,10.84,2.1,8.91,19.28,1.05,193.5,107.07,False
1237,624.01,11.44,2.1,9.07,20.23,1.04,187.07,104.98,False
1238,625.07,11.1,2.1,8.98,19.7,1.05,190.67,106.15,False
1239,633.73,8.35,2.09,8.27,15.33,1.07,220.2,115.76,False
1240,632.32,8.8,2.09,8.39,16.04,1.07,215.41,114.2,False
1241,625.38,11.0,2.1,8.96,19.54,1.05,191.75,106.5,False
1242,627.81,10.23,2.1,8.76,18.32,1.05,200.02,109.19,False
1243,630.22,9.46,2.09,8.56,17.1,1.06,208.25,111.87,False
1244,634.45,8.12,2.09,8.21,14.96,1.07,222.67,116.57,False
1245,631.54,9.05,2.09,8.45,16.43,1.07,212.74,113.33,False
1246,631.2,9.16,2.09,8.48,16.6,1.07,211.58,112.96,False
1247,628.98,9.86,2.1,8.66,17.72,1.06,204.02,110.49,False
1248,623.16,11.71,2.1,9.14,20.67,1.04,184.16,104.03,False
1249,629.59,9.67,2.09,8.61,17.42,1.06,206.1,111.17,False
1250,624.44,11.3,2.1,9.03,20.02,1.04,188.51,105.45,False
1251,629.75,9.61,2.09,8.6,17.34,1.06,206.65,111.35,False
1252,629.45,9.71,2.1,8.62,17.49,1.06,205.61,111.01,False
1253,631.63,9.02,2.09,8.44,16.39,1.07,213.04,113.43,False
1254,632.64,8.7,2.09,8.36,15.88,1.07,216.49,114.55,False
1255,623.81,11.5,2.1,9.09,20.34,1.04,186.36,104.75,False
1256,626.41,10.68,2.1,8.87,19.02,1.05,195.24,107.64,False
1257,630.93,9.24,2.09,8.5,16.74,1.06,210.66,112.66,False
1258,632.89,8.62,2.09,8.34,15.75,1.07,217.34,114.83,False
1259,628.78,9.92,2.1,8.68,17.82,1.06,203.34,110.27,False
1260,626.09,10.78,2.1,8.9,19.19,1.05,194.15,107.28,False
1261,622.62,11.88,2.1,9.18,20.94,1.04,182.33,103.43,False
1262,631.21,9.15,2.09,8.48,16.6,1.07,211.63,112.97,False
1263,629.96,9.55,2.09,8.58,17.23,1.06,207.36,111.58,False
1264,632.74,8.67,2.09,8.35,15.83,1.07,216.84,114.67,False
1265,627.8,10.23,2.1,8.76,18.32,1.05,200.0,109.18,False
1266,629.22,9.78,2.1,8.64,17.61,1.06,204.81,110.75,False
1267,629.68,9.64,2.09,8.6,17.37,1.06,206.4,111.27,False
1268,623.29,11.66,2.1,9.13,20.6,1.04,184.61,104.18,False
1269,623.03,11.75,2.1,9.15,20.73,1.04,183.71,103.88,False
1270,629.13,9.81,2.1,8.65,17.65,1.06,204.52,110.66,False
1271,624.35,11.33,2.1,9.04,20.07,1.04,188.2,105.35,False
1272,623.07,11.73,2.1,9.15,20.71,1.04,183.87,103.93,False
1273,624.56,11.26,2.1,9.02,19.96,1.05,188.95,105.59,False
1274,630.28,9.45,2.09,8.55,17.07,1.06,208.43,111.93,False
1275,622.39,11.95,2.1,9.2,21.05,1.04,181.54,103.18,False
1276,631.63,9.02,2.09,8.44,16.39,1.07,213.03,113.43,False
1277,633.77,8.34,2.09,8.27,15.31,1.07,220.35,115.81,False
1278,631.54,9.05,2.09,8.45,16.43,1.07,212.74,113.33,False
1279,632.26,8.82,2.09,8.39,16.07,1.07,215.21,114.14,False
1280,631.1,9.19,2.09,8.49,16.65,1.06,211.25,112.85,False
1281,622.69,11.85,2.1,9.18,20.9,1.04,182.57,103.51,False
1282,629.72,9.62,2.09,8.6,17.35,1.06,206.55,111.32,False
1283,625.94,10.82,2.1,8.91,19.26,1.05,193.64,107.11,False
1284,631.38,9.1,2.09,8.46,16.52,1.07,212.18,113.15,False
1285,634.01,8.27,2.09,8.25,15.19,1.07,221.15,116.07,False
1286,632.93,8.61,2.09,8.34,15.73,1.07,217.48,114.88,False
1287,625.07,11.1,2.1,8.98,19.7,1.05,190.68,106.15,False
1288,633.76,8.34,2.09,8.27,15.31,1.07,220.32,115.8,False
1289,634.74,8.03,2.09,8.19,14.82,1.08,223.65,116.89,False
1290,632.28,8.81,2.09,8.39,16.06,1.07,215.25,114.15,False
1291,634.55,8.09,2.09,8.2,14.92,1.08,222.99,116.67,False
1292,632.95,8.6,2.09,8.34,15.72,1.07,217.53,114.89,False
1293,630.37,9.42,2.09,8.55,17.02,1.06,208.76,112.04,False
1294,623.59,11.57,2.1,9.1,20.45,1.04,185.64,104.51,False
1295,622.84,11.81,2.1,9.17,20.83,1.04,183.06,103.67,False
1296,630.38,9.41,2.09,8.55,17.02,1.06,208.79,112.05,False
1297,626.2,10.74,2.1,8.89,19.13,1.05,194.53,107.4,False
1298,630.23,9.46,2.09,8.56,17.1,1.06,208.26,111.88,False
1299,633.98,8.27,2.09,8.25,15.2,1.07,221.08,116.05,False
1300,632.8,8.65,2.09,8.35,15.8,1.07,217.02,114.73,False
1301,626.28,10.71,2.1,8.88,19.09,1.05,194.82,107.5,False
1302,628.44,10.03,2.1,8.71,18.0,1.06,202.17,109.89,False
1303,632.31,8.8,2.09,8.39,16.05,1.07,215.35,114.18,False
1304,624.94,11.14,2.1,8.99,19.76,1.05,190.24,106.01,False
1305,631.02,9.21,2.09,8.49,16.69,1.06,210.98,112.76,False
1306,629.15,9.81,2.1,8.65,17.64,1.06,204.57,110.67,False
1307,629.3,9.76,2.1,8.64,17.57,1.06,205.09,110.84,False
1308,628.95,9.87,2.1,8.66,17.74,1.06,203.91,110.46,False
1309,630.36,9.42,2.09,8.55,17.03,1.06,208.71,112.02,False
1310,633.34,8.47,2.09,8.3,15.52,1.07,218.89,115.34,False
1311,630.35,9.43,2.09,8.55,17.04,1.06,208.67,112.01,False
1312,632.85,8.63,2.09,8.34,15.77,1.07,217.22,114.79,False
1313,630.04,9.52,2.09,8.57,17.19,1.06,207.62,111.67,False
1314,623.75,11.52,2.1,9.09,20.37,1.04,186.16,104.68,False
1315,634.54,8.1,2.09,8.21,14.92,1.08,222.96,116.66,False
1316,624.25,11.36,2.1,9.05,20.11,1.04,187.88,105.24,False
1317,624.43,11.3,2.1,9.03,20.02,1.04,188.49,105.44,False
1318,626.9,10.52,2.1,8.83,18.77,1.05,196.93,108.19,False
1319,624.98,11.13,2.1,8.99,19.75,1.05,190.36,106.05,False
1320,628.13,10.13,2.1,8.73,18.16,1.06,201.11,109.55,False
1321,622.61,11.88,2.1,9.18,20.94,1.04,182.28,103.42,False
1322,628.5,10.01,2.1,8.7,17.97,1.06,202.39,109.96,False
1323,625.87,10.85,2.1,8.92,19.3,1.05,193.4,107.04,False
1324,627.01,10.48,2.1,8.82,18.72,1.05,197.29,108.3,False
1325,626.47,10.66,2.1,8.87,19.0,1.05,195.43,107.7,False
1326,633.49,8.43,2.09,8.29,15.45,1.07,219.38,115.5,False
1327,622.64,11.87,2.1,9.18,20.93,1.04,182.37,103.45,False
1328,624.23,11.37,2.1,9.05,20.13,1.04,187.79,105.21,False
1329,632.41,8.77,2.09,8.38,16.0,1.07,215.7,114.3,False
1330,625.1,11.09,2.1,8.98,19.68,1.05,190.78,106.19,False
1331,624.04,11.43,2.1,9.07,20.22,1.04,187.17,105.01,False
1332,629.16,9.8,2.1,8.65,17.64,1.06,204.62,110.69,False
1333,632.61,8.71,2.09,8.36,15.89,1.07,216.4,114.52,False
1334,622.61,11.88,2.1,9.18,20.95,1.04,182.27,103.41,False
1335,634.17,8.21,2.09,8.24,15.1,1.07,221.71,116.25,False
1336,628.25,10.09,2.1,8.72,18.1,1.06,201.51,109.68,False
1337,632.91,8.61,2.09,8.34,15.74,1.07,217.41,114.86,False
1338,628.08,10.15,2.1,8.74,18.18,1.06,200.94,109.49,False
1339,622.48,11.92,2.1,9.2,21.01,1.04,181.82,103.27,False
1340,626.8,10.55,2.1,8.84,18.83,1.05,196.57,108.07,False
1341,632.54,8.73,2.09,8.37,15.93,1.07,216.17,114.45,False
1342,626.86,10.53,2.1,8.84,18.8,1.05,196.77,108.13,False
1343,625.79,10.87,2.1,8.92,19.34,1.05,193.13,106.95,False
1344,631.39,9.1,2.09,8.46,16.51,1.07,212.21,113.16,False
1345,630.22,9.47,2.09,8.56,17.1,1.06,208.23,111.87,False
1346,630.07,9.51,2.09,8.57,17.17,1.06,207.74,111.7,False
1347,630.41,9.41,2.09,8.54,17.0,1.06,208.9,112.08,False
1348,634.72,8.04,2.09,8.19,14.83,1.08,223.58,116.86,False
1349,630.09,9.51,2.09,8.57,17.17,1.06,207.79,111.72,False
1350,628.27,10.08,2.1,8.72,18.08,1.06,201.59,109.7,False
1351,630.86,9.26,2.09,8.51,16.78,1.06,210.4,112.57,False
1352,631.9,8.93,2.09,8.42,16.25,1.07,213.98,113.74,False
1353,629.29,9.76,2.1,8.64,17.57,1.06,205.06,110.83,False
1354,625.32,11.02,2.1,8.96,19.58,1.05,191.52,106.43,False
1355,626.25,10.72,2.1,8.89,19.1,1.05,194.71,107.46,False
1356,630.37,9.42,2.09,8.55,17.03,1.06,208.73,112.03,False
1357,634.48,8.12,2.09,8.21,14.95,1.08,222.75,116.59,False
1358,629.71,9.63,2.09,8.6,17.36,1.06,206.5,111.3,False
1359,626.32,10.71,2.1,8.88,19.07,1.05,194.92,107.53,False
1360,624.38,11.32,2.1,9.04,20.05,1.04,188.32,105.38,False
1361,623.92,11.46,2.1,9.08,20.28,1.04,186.76,104.87,False
1362,630.37,9.42,2.09,8.55,17.02,1.06,208.75,112.04,False
1363,622.27,11.99,2.1,9.21,21.12,1.04,181.12,103.04,False
1364,626.99,10.49,2.1,8.82,18.73,1.05,197.23,108.28,False
1365,633.71,8.36,2.09,8.27,15.34,1.07,220.15,115.75,False
1366,632.52,8.74,2.09,8.37,15.94,1.07,216.08,114.42,False
1367,627.63,10.29,2.1,8.77,18.41,1.05,199.4,108.99,False
1368,632.17,8.85,2.09,8.4,16.11,1.07,214.89,114.04,False
1369,624.61,11.25,2.1,9.02,19.93,1.05,189.09,105.63,False
1370,634.17,8.21,2.09,8.24,15.1,1.07,221.72,116.26,False
1371,633.25,8.5,2.09,8.31,15.57,1.07,218.58,115.23,False
1372,632.21,8.84,2.09,8.4,16.1,1.07,215.01,114.07,False
1373,627.07,10.47,2.1,8.82,18.69,1.05,197.5,108.37,False
1374,623.27,11.67,2.1,9.13,20.61,1.04,184.54,104.15,False
1375,623.49,11.6,2.1,9.11,20.5,1.04,185.3,104.4,False
1376,630.67,9.32,2.09,8.52,16.87,1.06,209.78,112.37,False
1377,623.76,11.52,2.1,9.09,20.36,1.04,186.21,104.7,False
1378,626.71,10.58,2.1,8.85,18.87,1.05,196.25,107.97,False
1379,623.74,11.52,2.1,9.09,20.37,1.04,186.15,104.68,False
1380,627.07,10.47,2.1,8.82,18.69,1.05,197.48,108.37,False
1381,630.49,9.38,2.09,8.54,16.96,1.06,209.16,112.17,False
1382,630.61,9.34,2.09,8.53,16.91,1.06,209.55,112.3,False
1383,625.42,10.99,2.1,8.95,19.53,1.05,191.85,106.53,False
1384,632.43,8.77,2.09,8.38,15.98,1.07,215.77,114.32,False
1385,632.64,8.7,2.09,8.36,15.88,1.07,216.49,114.56,False
1386,634.79,8.02,2.09,8.18,14.79,1.08,223.81,116.94,False
1387,627.57,10.31,2.1,8.78,18.44,1.05,199.21,108.93,False
1388,632.68,8.69,2.09,8.36,15.86,1.07,216.63,114.6,False
1389,626.39,10.68,2.1,8.87,19.04,1.05,195.17,107.61,False
1390,629.81,9.6,2.09,8.59,17.31,1.06,206.85,111.42,False
1391,622.53,11.91,2.1,9.19,20.99,1.04,182.0,103.32,False
1392,631.72,8.99,2.09,8.44,16.34,1.07,213.35,113.53,False
1393,631.88,8.94,2.09,8.42,16.26,1.07,213.9,113.71,False
1394,626.77,10.56,2.1,8.84,18.84,1.05,196.48,108.04,False
1395,624.81,11.18,2.1,9.0,19.83,1.05,189.79,105.86,False
1396,630.09,9.51,2.09,8.57,17.17,1.06,207.79,111.72,False
1397,631.9,8.93,2.09,8.42,16.25,1.07,213.97,113.73,False
1398,630.19,9.48,2.09,8.56,17.11,1.06,208.14,111.84,False
1399,625.04,11.11,2.1,8.98,19.72,1.05,190.57,106.12,False
1400,622.48,11.92,2.1,9.19,21.01,1.04,181.84,103.27,False
1401,626.78,10.56,2.1,8.84,18.84,1.05,196.5,108.05,False
1402,627.74,10.25,2.1,8.76,18.35,1.05,199.76,109.11,False
1403,628.75,9.93,2.1,8.68,17.84,1.06,203.23,110.24,False
1404,623.01,11.75,2.1,9.15,20.74,1.04,183.66,103.86,False
1405,624.7,11.22,2.1,9.01,19.89,1.05,189.4,105.74,False
1406,624.53,11.27,2.1,9.03,19.98,1.04,188.82,105.55,False
1407,628.36,10.06,2.1,8.71,18.04,1.06,201.9,109.8,False
1408,634.13,8.22,2.09,8.24,15.12,1.07,221.59,116.21,False
1409,632.71,8.68,2.09,8.36,15.84,1.07,216.73,114.63,False
1410,626.34,10.7,2.1,8.88,19.06,1.05,195.01,107.56,False
1411,625.71,10.9,2.1,8.93,19.38,1.05,192.85,106.86,False
1412,624.77,11.2,2.1,9.01,19.85,1.05,189.64,105.81,False
1413,631.32,9.12,2.09,8.47,16.54,1.07,212.0,113.09,False
1414,627.51,10.33,2.1,8.78,18.47,1.05,198.98,108.85,False
1415,630.12,9.5,2.09,8.57,17.15,1.06,207.9,111.76,False
1416,623.6,11.57,2.1,9.1,20.44,1.04,185.66,104.52,False
1417,624.0,11.44,2.1,9.07,20.24,1.04,187.04,104.97,False
1418,630.99,9.22,2.09,8.5,16.71,1.06,210.85,112.72,False
1419,634.69,8.05,2.09,8.19,14.84,1.08,223.5,116.84,False
1420,627.03,10.48,2.1,8.82,18.71,1.05,197.35,108.32,False
1421,623.08,11.73,2.1,9.15,20.7,1.04,183.9,103.94,False
1422,632.41,8.77,2.09,8.38,15.99,1.07,215.71,114.3,False
1423,631.98,8.91,2.09,8.41,16.21,1.07,214.25,113.83,False
1424,634.57,8.08,2.09,8.2,14.9,1.08,223.09,116.7,False
1425,630.17,9.48,2.09,8.56,17.12,1.06,208.08,111.82,False
1426,629.74,9.62,2.09,8.6,17.34,1.06,206.59,111.33,False
1427,630.45,9.39,2.09,8.54,16.98,1.06,209.01,112.12,False
1428,631.41,9.09,2.09,8.46,16.5,1.07,212.3,113.19,False
1429,634.02,8.26,2.09,8.25,15.18,1.07,221.2,116.09,False
1430,624.27,11.36,2.1,9.05,20.11,1.04,187.93,105.26,False
1431,622.48,11.92,2.1,9.19,21.01,1.04,181.84,103.27,False
1432,632.93,8.61,2.09,8.34,15.73,1.07,217.49,114.88,False
1433,630.92,9.24,2.09,8.5,16.74,1.06,210.64,112.65,False
1434,624.93,11.15,2.1,8.99,19.77,1.05,190.18,105.99,False
1435,626.73,10.57,2.1,8.85,18.86,1.05,196.34,107.99,False
1436,628.7,9.95,2.1,8.68,17.87,1.06,203.06,110.18,False
1437,630.39,9.41,2.09,8.55,17.01,1.06,208.81,112.06,False
1438,633.62,8.39,2.09,8.28,15.38,1.07,219.82,115.64,False
1439,625.02,11.12,2.1,8.99,19.73,1.05,190.49,106.09,False
1440,631.36,9.1,2.09,8.47,16.52,1.07,212.13,113.13,False
1441,631.34,9.11,2.09,8.47,16.54,1.07,212.05,113.11,False
1442,628.68,9.95,2.1,8.69,17.88,1.06,202.99,110.16,False
1443,634.08,8.24,2.09,8.24,15.15,1.07,221.41,116.16,False
1444,634.82,8.01,2.09,8.18,14.78,1.08,223.92,116.97,False
1445,625.92,10.83,2.1,8.91,19.27,1.05,193.56,107.09,False
1446,628.94,9.87,2.1,8.66,17.75,1.06,203.86,110.44,False
1447,632.6,8.71,2.09,8.36,15.9,1.07,216.35,114.51,False
1448,626.9,10.52,2.1,8.83,18.77,1.05,196.93,108.19,False
1449,629.35,9.74,2.1,8.63,17.54,1.06,205.29,110.91,False
1450,624.48,11.29,2.1,9.03,20.0,1.04,188.68,105.5,False
1451,626.82,10.55,2.1,8.84,18.82,1.05,196.64,108.09,False
1452,633.06,8.56,2.09,8.33,15.66,1.07,217.93,115.02,False
1453,623.2,11.69,2.1,9.14,20.64,1.04,184.31,104.08,False
1454,627.99,10.17,2.1,8.74,18.23,1.06,200.63,109.39,False
1455,631.2,9.15,2.09,8.48,16.6,1.07,211.6,112.96,False
1456,626.08,10.78,2.1,8.9,19.19,1.05,194.12,107.27,False
1457,631.6,9.03,2.09,8.45,16.4,1.07,212.93,113.4,False
1458,631.13,9.18,2.09,8.49,16.64,1.06,211.33,112.87,False
1459,628.45,10.03,2.1,8.7,17.99,1.06,202.19,109.9,False
1460,629.63,9.65,2.09,8.61,17.4,1.06,206.21,111.21,False
1461,631.68,9.0,2.09,8.44,16.36,1.07,213.22,113.49,False
1462,624.52,11.27,2.1,9.03,19.98,1.04,188.81,105.54,False
1463,624.19,11.38,2.1,9.05,20.15,1.04,187.67,105.17,False
1464,627.41,10.36,2.1,8.79,18.52,1.05,198.64,108.74,False
1465,629.54,9.68,2.09,8.62,17.44,1.06,205.92,111.11,False
1466,622.78,11.83,2.1,9.17,20.86,1.04,182.87,103.61,False
1467,625.51,10.96,2.1,8.95,19.48,1.05,192.19,106.64,False
1468,630.15,9.49,2.09,8.56,17.13,1.06,208.02,111.8,False
1469,629.72,9.62,2.09,8.6,17.35,1.06,206.54,111.31,False
1470,631.3,9.12,2.09,8.47,16.56,1.07,211.91,113.06,False
1471,622.87,11.8,2.1,9.16,20.81,1.04,183.18,103.71,False
1472,629.72,9.63,2.09,8.6,17.35,1.06,206.53,111.31,False
1473,623.43,11.62,2.1,9.12,20.53,1.04,185.08,104.33,False
1474,630.36,9.42,2.09,8.55,17.03,1.06,208.73,112.03,False
1475,633.56,8.41,2.09,8.29,15.41,1.07,219.62,115.57,False
1476,633.16,8.53,2.09,8.32,15.61,1.07,218.28,115.14,False
1477,625.01,11.12,2.1,8.99,19.73,1.05,190.46,106.08,False
1478,624.66,11.23,2.1,9.02,19.91,1.05,189.27,105.69,False
1479,632.36,8.79,2.09,8.38,16.02,1.07,215.53,114.24,False
1480,631.68,9.0,2.09,8.44,16.36,1.07,213.21,113.49,False
1481,628.41,10.04,2.1,8.71,18.01,1.06,202.08,109.86,False
1482,626.53,10.64,2.1,8.86,18.96,1.05,195.65,107.77,False
1483,630.48,9.38,2.09,8.54,16.97,1.06,209.13,112.16,False
1484,628.86,9.9,2.1,8.67,17.79,1.06,203.6,110.36,False
1485,627.42,10.35,2.1,8.79,18.51,1.05,198.69,108.76,False
1486,633.82,8.33,2.09,8.26,15.28,1.07,220.5,115.86,False
1487,633.22,8.51,2.09,8.31,15.58,1.07,218.47,115.2,False
1488,626.13,10.76,2.1,8.9,19.17,1.05,194.28,107.33,False
1489,630.05,9.52,2.09,8.57,17.19,1.06,207.65,111.68,False
1490,630.69,9.32,2.09,8.52,16.86,1.06,209.86,112.4,False
1491,624.88,11.16,2.1,9.0,19.79,1.05,190.04,105.94,False
1492,624.68,11.23,2.1,9.01,19.9,1.05,189.33,105.71,False
1493,630.31,9.44,2.09,8.55,17.06,1.06,208.53,111.96,False
1494,623.59,11.57,2.1,9.1,20.45,1.04,185.64,104.51,False
1495,626.44,10.67,2.1,8.87,19.01,1.05,195.35,107.67,False
1496,626.44,10.66,2.1,8.87,19.01,1.05,195.36,107.68,False
1497,623.07,11.73,2.1,9.15,20.71,1.04,183.86,103.93,False
1498,634.55,8.09,2.09,8.2,14.91,1.08,223.01,116.68,False
1499,630.58,9.35,2.09,8.53,16.92,1.06,209.45,112.26,False
1500,625.48,10.97,2.1,8.95,19.49,1.05,192.08,106.61,False
1501,627.79,10.24,2.1,8.76,18.33,1.05,199.96,109.17,False
1502,624.61,11.24,2.1,9.02,19.93,1.05,189.12,105.64,False
1503,633.45,8.44,2.09,8.29,15.47,1.07,219.24,115.45,False
1504,631.79,8.97,2.09,8.43,16.3,1.07,213.61,113.62,False
1505,624.51,11.28,2.1,9.03,19.98,1.04,188.78,105.53,False
1506,631.94,8.92,2.09,8.42,16.23,1.07,214.11,113.78,False
1507,631.35,9.11,2.09,8.47,16.53,1.07,212.08,113.12,False
1508,632.17,8.85,2.09,8.4,16.12,1.07,214.88,114.03,False
1509,632.82,8.64,2.09,8.35,15.79,1.07,217.11,114.76,False
1510,631.76,8.98,2.09,8.43,16.32,1.07,213.47,113.57,False
1511,630.93,9.24,2.09,8.5,16.74,1.06,210.65,112.65,False
1512,625.18,11.06,2.1,8.97,19.64,1.05,191.06,106.28,False
1513,634.43,8.13,2.09,8.21,14.97,1.07,222.59,116.54,False
1514,628.66,9.96,2.1,8.69,17.89,1.06,202.9,110.13,False
1515,624.18,11.38,2.1,9.06,20.15,1.04,187.63,105.16,False
1516,627.02,10.48,2.1,8.82,18.71,1.05,197.33,108.32,False
1517,629.37,9.74,2.1,8.63,17.53,1.06,205.34,110.93,False
1518,622.31,11.98,2.1,9.21,21.09,1.04,181.26,103.09,False
1519,624.5,11.28,2.1,9.03,19.99,1.04,188.72,105.51,False
1520,631.53,9.05,2.09,8.45,16.44,1.07,212.72,113.33,False
1521,631.62,9.02,2.09,8.44,16.39,1.07,213.0,113.42,False
1522,631.33,9.11,2.09,8.47,16.54,1.07,212.04,113.11,False
1523,631.67,9.01,2.09,8.44,16.37,1.07,213.18,113.48,False
1524,634.07,8.25,2.09,8.24,15.16,1.07,221.36,116.14,False
1525,627.1,10.46,2.1,8.82,18.68,1.05,197.6,108.4,False
1526,626.68,10.59,2.1,8.85,18.89,1.05,196.18,107.94,False
1527,629.92,9.56,2.09,8.58,17.25,1.06,207.2,111.53,False
1528,632.02,8.89,2.09,8.41,16.19,1.07,214.38,113.87,False
1529,623.06,11.74,2.1,9.15,20.72,1.04,183.8,103.91,False
1530,631.0,9.22,2.09,8.5,16.71,1.06,210.89,112.73,False
1531,623.15,11.71,2.1,9.14,20.67,1.04,184.12,104.02,False
1532,631.23,9.15,2.09,8.48,16.59,1.07,211.69,112.99,False
1533,631.65,9.01,2.09,8.44,16.38,1.07,213.1,113.45,False
1534,623.5,11.6,2.1,9.11,20.49,1.04,185.32,104.41,False
1535,631.99,8.9,2.09,8.41,16.2,1.07,214.29,113.84,False
1536,629.82,9.59,2.09,8.59,17.3,1.06,206.88,111.43,False
1537,625.73,10.89,2.1,8.93,19.37,1.05,192.93,106.89,False
1538,625.02,11.12,2.1,8.99,19.73,1.05,190.49,106.09,False
1539,626.9,10.52,2.1,8.83,18.77,1.05,196.93,108.19,False
1540,634.65,8.06,2.09,8.2,14.86,1.08,223.34,116.78,False
1541,625.48,10.97,2.1,8.95,19.49,1.05,192.06,106.6,False
1542,630.27,9.45,2.09,8.56,17.07,1.06,208.41,111.92,False
1543,626.78,10.56,2.1,8.84,18.84,1.05,196.49,108.04,False
1544,632.0,8.9,2.09,8.41,16.2,1.07,214.31,113.85,False
1545,628.47,10.02,2.1,8.7,17.98,1.06,202.28,109.93,False
1546,634.43,8.13,2.09,8.21,14.98,1.07,222.58,116.54,False
1547,626.15,10.76,2.1,8.89,19.15,1.05,194.37,107.35,False
1548,634.44,8.13,2.09,8.21,14.97,1.07,222.63,116.55,False
1549,633.89,8.3,2.09,8.26,15.25,1.07,220.74,115.94,False
1550,627.35,10.38,2.1,8.8,18.55,1.05,198.44,108.68,False
1551,623.44,11.62,2.1,9.12,20.52,1.04,185.13,104.34,False
1552,622.5,11.92,2.1,9.19,21.0,1.04,181.91,103.3,False
1553,623.11,11.72,2.1,9.14,20.69,1.04,183.98,103.97,False
1554,626.29,10.71,2.1,8.88,19.09,1.05,194.83,107.5,False
1555,629.27,9.77,2.1,8.64,17.58,1.06,205.0,110.81,False
1556,632.64,8.7,2.09,8.36,15.88,1.07,216.5,114.56,False
1557,622.27,11.99,2.1,9.21,21.11,1.04,181.12,103.04,False
1558,633.74,8.35,2.09,8.27,15.32,1.07,220.23,115.77,False
1559,630.5,9.38,2.09,8.54,16.96,1.06,209.2,112.18,False
1560,628.08,10.14,2.1,8.74,18.18,1.06,200.94,109.49,False
1561,627.17,10.43,2.1,8.81,18.64,1.05,197.83,108.48,False
1562,623.29,11.67,2.1,9.13,20.6,1.04,184.6,104.17,False
1563,627.59,10.3,2.1,8.77,18.43,1.05,199.28,108.95,False
1564,628.49,10.02,2.1,8.7,17.97,1.06,202.33,109.94,False
1565,623.31,11.66,2.1,9.13,20.59,1.04,184.69,104.2,False
1566,629.74,9.62,2.09,8.6,17.34,1.06,206.61,111.34,False
1567,628.44,10.03,2.1,8.71,18.0,1.06,202.17,109.89,False
1568,634.63,8.07,2.09,8.2,14.87,1.08,223.29,116.77,False
1569,633.98,8.27,2.09,8.25,15.2,1.07,221.06,116.04,False
1570,625.32,11.02,2.1,8.96,19.57,1.05,191.54,106.43,False
1571,622.29,11.98,2.1,9.21,21.1,1.04,181.2,103.06,False
1572,629.79,9.6,2.09,8.59,17.32,1.06,206.78,111.39,False
1573,634.82,8.01,2.09,8.18,14.78,1.08,223.91,116.97,False
1574,632.66,8.69,2.09,8.36,15.87,1.07,216.55,114.57,False
1575,633.57,8.4,2.09,8.28,15.41,1.07,219.65,115.58,False
1576,624.82,11.18,2.1,9.0,19.83,1.05,189.81,105.87,False
1577,632.04,8.89,2.09,8.41,16.18,1.07,214.45,113.89,False
1578,624.11,11.41,2.1,9.06,20.19,1.04,187.39,105.08,False
1579,622.53,11.91,2.1,9.19,20.99,1.04,181.99,103.32,False
1580,626.03,10.8,2.1,8.9,19.22,1.05,193.94,107.21,False
1581,633.66,8.37,2.09,8.28,15.36,1.07,219.98,115.69,False
1582,624.95,11.14,2.1,8.99,19.76,1.05,190.27,106.02,False
1583,629.51,9.69,2.09,8.62,17.46,1.06,205.83,111.08,False
1584,627.95,10.19,2.1,8.75,18.24,1.06,200.51,109.35,False
1585,630.35,9.43,2.09,8.55,17.03,1.06,208.68,112.01,False
1586,624.37,11.32,2.1,9.04,20.05,1.04,188.29,105.37,False
1587,626.58,10.62,2.1,8.86,18.94,1.05,195.82,107.83,False
1588,623.36,11.64,2.1,9.12,20.56,1.04,184.84,104.25,False
1589,622.82,11.81,2.1,9.17,20.84,1.04,183.01,103.65,False
1590,626.82,10.55,2.1,8.84,18.82,1.05,196.64,108.09,False
1591,633.14,8.54,2.09,8.32,15.63,1.07,218.18,115.11,False
1592,626.16,10.75,2.1,8.89,19.15,1.05,194.41,107.36,False
1593,631.78,8.97,2.09,8.43,16.31,1.07,213.57,113.61,False
1594,625.5,10.96,2.1,8.95,19.48,1.05,192.15,106.63,False
1595,633.96,8.28,2.09,8.25,15.21,1.07,220.99,116.02,False
1596,634.16,8.22,2.09,8.24,15.11,1.07,221.69,116.25,False
1597,632.24,8.82,2.09,8.39,16.08,1.07,215.14,114.12,False
1598,626.23,10.73,2.1,8.89,19.11,1.05,194.63,107.44,False
1599,622.76,11.83,2.1,9.17,20.86,1.04,182.81,103.59,False
1600,632.04,8.89,2.09,8.41,16.18,1.07,214.44,113.89,False
1601,624.81,11.18,2.1,9.0,19.83,1.05,189.8,105.87,False
1602,630.26,9.45,2.09,8.56,17.08,1.06,208.36,111.91,False
1603,631.94,8.92,2.09,8.42,16.23,1.07,214.09,113.77,False
1604,632.09,8.87,2.09,8.41,16.15,1.07,214.63,113.95,False
1605,630.42,9.4,2.09,8.54,17.0,1.06,208.93,112.09,False
1606,634.66,8.06,2.09,8.19,14.86,1.08,223.38,116.8,False
1607,627.78,10.24,2.1,8.76,18.33,1.05,199.9,109.15,False
1608,624.69,11.22,2.1,9.01,19.89,1.05,189.38,105.73,False
1609,627.8,10.23,2.1,8.76,18.32,1.05,200.0,109.19,False
1610,632.68,8.69,2.09,8.36,15.86,1.07,216.62,114.6,False
1611,624.03,11.43,2.1,9.07,20.22,1.04,187.14,105.0,False
1612,626.49,10.65,2.1,8.87,18.98,1.05,195.53,107.73,False
1613,630.29,9.44,2.09,8.55,17.06,1.06,208.49,111.95,False
1614,627.03,10.48,2.1,8.82,18.71,1.05,197.36,108.33,False
1615,632.26,8.82,2.09,8.39,16.07,1.07,215.21,114.14,False
1616,626.49,10.65,2.1,8.87,18.99,1.05,195.5,107.72,False
1617,625.64,10.92,2.1,8.94,19.41,1.05,192.62,106.78,False
1618,629.44,9.71,2.1,8.62,17.49,1.06,205.58,111.0,False
1619,628.21,10.1,2.1,8.72,18.11,1.06,201.39,109.64,False
1620,626.41,10.67,2.1,8.87,19.02,1.05,195.26,107.64,False
1621,634.21,8.2,2.09,8.23,15.09,1.07,221.84,116.3,False
1622,626.33,10.7,2.1,8.88,19.06,1.05,194.98,107.55,False
1623,631.13,9.18,2.09,8.48,16.64,1.06,211.33,112.88,False
1624,623.02,11.75,2.1,9.15,20.74,1.04,183.68,103.87,False
1625,634.49,8.11,2.09,8.21,14.94,1.08,222.8,116.61,False
1626,627.78,10.24,2.1,8.76,18.33,1.05,199.93,109.16,False
1627,634.55,8.09,2.09,8.2,14.91,1.08,223.01,116.68,False
1628,633.97,8.28,2.09,8.25,15.2,1.07,221.04,116.03,False
1629,624.39,11.32,2.1,9.04,20.05,1.04,188.34,105.39,False
1630,623.03,11.75,2.1,9.15,20.73,1.04,183.73,103.89,False
1631,625.31,11.03,2.1,8.96,19.58,1.05,191.48,106.41,False
1632,634.63,8.07,2.09,8.2,14.87,1.08,223.28,116.76,False
1633,634.45,8.13,2.09,8.21,14.97,1.07,222.65,116.56,False
1634,626.58,10.62,2.1,8.86,18.94,1.05,195.82,107.83,False
1635,625.63,10.92,2.1,8.94,19.42,1.05,192.57,106.77,False
1636,632.45,8.76,2.09,8.38,15.97,1.07,215.85,114.35,False
1637,624.68,11.23,2.1,9.01,19.9,1.05,189.33,105.71,False
1638,625.21,11.06,2.1,8.97,19.63,1.05,191.14,106.3,False
1639,623.7,11.53,2.1,9.09,20.39,1.04,186.01,104.63,False
1640,634.83,8.0,2.09,8.18,14.77,1.08,223.95,116.98,False
1641,626.64,10.6,2.1,8.85,18.91,1.05,196.02,107.89,False
1642,624.53,11.27,2.1,9.03,19.97,1.04,188.83,105.55,False
1643,627.06,10.47,2.1,8.82,18.7,1.05,197.45,108.36,False
1644,626.96,10.5,2.1,8.83,18.75,1.05,197.12,108.25,False
1645,629.36,9.74,2.1,8.63,17.53,1.06,205.32,110.92,False
1646,632.24,8.82,2.09,8.39,16.08,1.07,215.14,114.12,False
1647,630.55,9.36,2.09,8.53,16.93,1.06,209.36,112.23,False
1648,623.29,11.67,2.1,9.13,20.6,1.04,184.6,104.17,False
1649,632.95,8.6,2.09,8.34,15.72,1.07,217.54,114.9,False
1650,630.7,9.31,2.09,8.52,16.86,1.06,209.88,112.4,False
1651,625.58,10.94,2.1,8.94,19.44,1.05,192.43,106.72,False
1652,623.69,11.54,2.1,9.1,20.4,1.04,185.98,104.62,False
1653,627.12,10.45,2.1,8.81,18.66,1.05,197.67,108.43,False
1654,627.1,10.46,2.1,8.82,18.68,1.05,197.6,108.4,False
1655,628.88,9.89,2.1,8.67,17.78,1.06,203.66,110.38,False
1656,631.75,8.98,2.09,8.43,16.32,1.07,213.47,113.57,False
1657,624.91,11.15,2.1,9.0,19.78,1.05,190.13,105.97,False
1658,633.84,8.32,2.09,8.26,15.27,1.07,220.58,115.89,False
1659,634.42,8.13,2.09,8.21,14.98,1.07,222.57,116.53,False
1660,623.69,11.54,2.1,9.1,20.4,1.04,185.96,104.62,False
1661,632.13,8.86,2.09,8.4,16.13,1.07,214.76,113.99,False
1662,623.18,11.7,2.1,9.14,20.66,1.04,184.23,104.05,False
1663,624.18,11.38,2.1,9.06,20.15,1.04,187.62,105.16,False
1664,631.87,8.94,2.09,8.42,16.27,1.07,213.87,113.7,False
1665,628.05,10.15,2.1,8.74,18.19,1.06,200.84,109.46,False
1666,633.84,8.32,2.09,8.26,15.27,1.07,220.58,115.89,False
1667,630.82,9.28,2.09,8.51,16.8,1.06,210.29,112.54,False
1668,633.41,8.45,2.09,8.3,15.49,1.07,219.11,115.41,False
1669,625.76,10.88,2.1,8.93,19.35,1.05,193.03,106.92,False
1670,626.61,10.61,2.1,8.86,18.92,1.05,195.92,107.86,False
1671,622.78,11.83,2.1,9.17,20.86,1.04,182.87,103.61,False
1672,633.53,8.42,2.09,8.29,15.43,1.07,219.51,115.54,False
1673,631.51,9.06,2.09,8.45,16.45,1.07,212.62,113.3,False
1674,628.5,10.01,2.1,8.7,17.97,1.06,202.36,109.95,False
1675,626.91,10.52,2.1,8.83,18.77,1.05,196.94,108.19,False
1676,628.7,9.95,2.1,8.68,17.87,1.06,203.04,110.18,False
1677,626.94,10.51,2.1,8.83,18.75,1.05,197.07,108.23,False
1678,623.97,11.45,2.1,9.07,20.26,1.04,186.92,104.93,False
1679,623.97,11.45,2.1,9.07,20.26,1.04,186.92,104.93,False
1680,626.79,10.55,2.1,8.84,18.83,1.05,196.54,108.06,False
1681,627.74,10.25,2.1,8.76,18.35,1.05,199.78,109.12,False
1682,632.53,8.73,2.09,8.37,15.93,1.07,216.11,114.43,False
1683,634.71,8.04,2.09,8.19,14.83,1.08,223.55,116.85,False
1684,633.15,8.54,2.09,8.32,15.62,1.07,218.23,115.12,False
1685,629.26,9.77,2.1,8.64,17.58,1.06,204.96,110.8,False
1686,622.68,11.86,2.1,9.18,20.91,1.04,182.52,103.5,False
1687,634.21,8.2,2.09,8.23,15.08,1.07,221.86,116.3,False
1688,623.49,11.6,2.1,9.11,20.5,1.04,185.29,104.4,False
1689,630.26,9.45,2.09,8.56,17.08,1.06,208.37,111.91,False
1690,633.44,8.44,2.09,8.29,15.47,1.07,219.23,115.45,False
1691,624.36,11.33,2.1,9.04,20.06,1.04,188.25,105.36,False
1692,633.28,8.5,2.09,8.31,15.55,1.07,218.68,115.27,False
1693,633.63,8.39,2.09,8.28,15.38,1.07,219.86,115.65,False
1694,632.74,8.67,2.09,8.35,15.83,1.07,216.83,114.66,False
1695,623.19,11.7,2.1,9.14,20.65,1.04,184.25,104.06,False
1696,628.33,10.07,2.1,8.71,18.06,1.06,201.78,109.76,False
1697,624.94,11.14,2.1,8.99,19.76,1.05,190.25,106.01,False
1698,626.84,10.54,2.1,8.84,18.8,1.05,196.72,108.12,False
1699,631.83,8.96,2.09,8.43,16.29,1.07,213.73,113.65,False
1700,628.14,10.13,2.1,8.73,18.15,1.06,201.13,109.55,False
1701,624.55,11.27,2.1,9.02,19.96,1.05,188.9,105.57,False
1702,631.89,8.94,2.09,8.42,16.25,1.07,213.95,113.73,False
1703,632.15,8.85,2.09,8.4,16.12,1.07,214.83,114.01,False
1704,633.68,8.37,2.09,8.28,15.35,1.07,220.04,115.71,False
1705,626.1,10.77,2.1,8.9,19.18,1.05,194.19,107.29,False
1706,630.57,9.36,2.09,8.53,16.92,1.06,209.43,112.26,False
1707,624.55,11.26,2.1,9.02,19.96,1.05,188.92,105.58,False
1708,633.3,8.49,2.09,8.31,15.54,1.07,218.75,115.29,False
1709,631.35,9.11,2.09,8.47,16.53,1.07,212.09,113.12,False
1710,628.97,9.86,2.1,8.66,17.73,1.06,203.98,110.48,False
1711,625.69,10.9,2.1,8.93,19.39,1.05,192.78,106.83,False
1712,626.6,10.61,2.1,8.86,18.93,1.05,195.91,107.85,False
1713,632.48,8.75,2.09,8.37,15.96,1.07,215.93,114.37,False
1714,632.76,8.66,2.09,8.35,15.81,1.07,216.92,114.69,False
1715,633.05,8.57,2.09,8.33,15.67,1.07,217.9,115.01,False
1716,631.63,9.02,2.09,8.44,16.39,1.07,213.04,113.43,False
1717,632.35,8.79,2.09,8.38,16.02,1.07,215.5,114.23,False
1718,629.71,9.63,2.09,8.6,17.36,1.06,206.5,111.3,False
1719,633.58,8.4,2.09,8.28,15.4,1.07,219.7,115.6,False
1720,625.05,11.11,2.1,8.98,19.71,1.05,190.62,106.13,False
1721,623.34,11.65,2.1,9.12,20.57,1.04,184.78,104.23,False
1722,628.15,10.12,2.1,8.73,18.14,1.06,201.18,109.57,False
1723,627.2,10.42,2.1,8.81,18.63,1.05,197.93,108.51,False
1724,626.71,10.58,2.1,8.85,18.87,1.05,196.27,107.97,False
1725,632.24,8.83,2.09,8.39,16.08,1.07,215.12,114.11,False
1726,627.09,10.46,2.1,8.82,18.68,1.05,197.56,108.39,False
1727,632.13,8.86,2.09,8.4,16.13,1.07,214.77,113.99,False
1728,628.4,10.04,2.1,8.71,18.02,1.06,202.04,109.85,False
1729,630.3,9.44,2.09,8.55,17.06,1.06,208.5,111.95,False
1730,633.74,8.35,2.09,8.27,15.32,1.07,220.24,115.77,False
1731,633.35,8.47,2.09,8.3,15.52,1.07,218.9,115.34,False
1732,633.4,8.46,2.09,8.3,15.49,1.07,219.09,115.4,False
1733,625.64,10.92,2.1,8.94,19.41,1.05,192.63,106.79,False
1734,630.06,9.52,2.09,8.57,17.18,1.06,207.71,111.69,False
1735,631.18,9.16,2.09,8.48,16.61,1.07,211.52,112.94,False
1736,627.63,10.29,2.1,8.77,18.41,1.05,199.39,108.99,False
1737,630.6,9.34,2.09,8.53,16.91,1.06,209.54,112.29,False
1738,625.73,10.89,2.1,8.93,19.37,1.05,192.92,106.88,False
1739,633.52,8.42,2.09,8.29,15.43,1.07,219.49,115.53,False
1740,629.53,9.69,2.09,8.62,17.45,1.06,205.88,111.1,False
1741,624.13,11.4,2.1,9.06,20.18,1.04,187.46,105.1,False
1742,623.59,11.57,2.1,9.1,20.45,1.04,185.63,104.51,False
1743,623.09,11.73,2.1,9.15,20.7,1.04,183.91,103.95,False
1744,624.92,11.15,2.1,8.99,19.77,1.05,190.18,105.99,False
1745,632.82,8.64,2.09,8.35,15.79,1.07,217.11,114.76,False
1746,629.56,9.68,2.09,8.61,17.44,1.06,205.97,111.13,False
1747,629.35,9.74,2.1,8.63,17.54,1.06,205.27,110.9,False
1748,631.43,9.08,2.09,8.46,16.49,1.07,212.36,113.21,False
1749,626.87,10.53,2.1,8.83,18.79,1.05,196.81,108.15,False
1750,626.58,10.62,2.1,8.86,18.94,1.05,195.81,107.82,False
1751,624.38,11.32,2.1,9.04,20.05,1.04,188.33,105.39,False
1752,631.61,9.02,2.09,8.45,16.4,1.07,212.99,113.42,False
1753,623.35,11.65,2.1,9.12,20.57,1.04,184.79,104.24,False
1754,631.73,8.99,2.09,8.44,16.34,1.07,213.39,113.55,False
1755,629.39,9.73,2.1,8.63,17.52,1.06,205.39,110.94,False
1756,628.5,10.01,2.1,8.7,17.97,1.06,202.38,109.96,False
1757,633.54,8.41,2.09,8.29,15.42,1.07,219.55,115.55,False
1758,629.14,9.81,2.1,8.65,17.65,1.06,204.55,110.67,False
1759,625.99,10.81,2.1,8.91,19.24,1.05,193.81,107.17,False
1760,631.03,9.21,2.09,8.49,16.69,1.06,211.0,112.77,False
1761,623.24,11.68,2.1,9.13,20.62,1.04,184.44,104.12,False
1762,632.24,8.82,2.09,8.39,16.08,1.07,215.13,114.11,False
1763,632.0,8.9,2.09,8.41,16.2,1.07,214.32,113.85,False
1764,631.93,8.92,2.09,8.42,16.24,1.07,214.07,113.77,False
1765,623.65,11.55,2.1,9.1,20.42,1.04,185.83,104.57,False
1766,623.11,11.72,2.1,9.14,20.69,1.04,183.97,103.97,False
1767,630.28,9.45,2.09,8.55,17.07,1.06,208.45,111.94,False
1768,631.61,9.02,2.09,8.45,16.4,1.07,212.98,113.41,False
1769,623.25,11.68,2.1,9.13,20.62,1.04,184.47,104.13,False
1770,634.83,8.0,2.09,8.18,14.77,1.08,223.95,116.98,False
1771,623.71,11.53,2.1,9.09,20.39,1.04,186.02,104.64,False
1772,634.41,8.14,2.09,8.22,14.98,1.07,222.52,116.52,False
1773,630.47,9.39,2.09,8.54,16.97,1.06,209.09,112.15,False
1774,633.66,8.38,2.09,8.28,15.36,1.07,219.96,115.69,False
1775,624.1,11.41,2.1,9.06,20.19,1.04,187.38,105.08,False
1776,629.07,9.83,2.1,8.65,17.68,1.06,204.31,110.59,False
1777,628.28,10.08,2.1,8.72,18.08,1.06,201.63,109.72,False
1778,630.54,9.36,2.09,8.53,16.94,1.06,209.34,112.23,False
1779,623.21,11.69,2.1,9.13,20.64,1.04,184.34,104.09,False
1780,634.43,8.13,2.09,8.21,14.97,1.07,222.6,116.54,False
1781,623.27,11.67,2.1,9.13,20.61,1.04,184.53,104.15,False
1782,627.24,10.41,2.1,8.8,18.6,1.05,198.08,108.56,False
1783,625.32,11.02,2.1,8.96,19.57,1.05,191.53,106.43,False
1784,628.63,9.97,2.1,8.69,17.9,1.06,202.8,110.1,False
1785,633.7,8.36,2.09,8.27,15.34,1.07,220.1,115.73,False
1786,626.45,10.66,2.1,8.87,19.0,1.05,195.39,107.69,False
1787,629.24,9.78,2.1,8.64,17.6,1.06,204.89,110.78,False
1788,631.99,8.9,2.09,8.41,16.21,1.07,214.28,113.84,False
1789,631.06,9.2,2.09,8.49,16.67,1.06,211.12,112.81,False
1790,626.28,10.72,2.1,8.88,19.09,1.05,194.79,107.49,False
1791,623.25,11.68,2.1,9.13,20.62,1.04,184.45,104.12,False
1792,628.93,9.87,2.1,8.66,17.75,1.06,203.85,110.44,False
1793,627.88,10.21,2.1,8.75,18.28,1.06,200.26,109.27,False
1794,632.11,8.87,2.09,8.4,16.14,1.07,214.69,113.97,False
1795,633.22,8.51,2.09,8.31,15.58,1.07,218.47,115.2,False
1796,623.5,11.6,2.1,9.11,20.49,1.04,185.33,104.41,False
1797,632.05,8.89,2.09,8.41,16.18,1.07,214.48,113.9,False
1798,623.62,11.56,2.1,9.1,20.43,1.04,185.73,104.54,False
1799,632.77,8.66,2.09,8.35,15.81,1.07,216.93,114.7,False
1800,633.36,8.47,2.09,8.3,15.52,1.07,218.93,115.35,False
1801,623.56,11.58,2.1,9.11,20.46,1.04,185.54,104.48,False
1802,625.55,10.95,2.1,8.94,19.46,1.05,192.32,106.69,False
1803,623.2,11.69,2.1,9.14,20.64,1.04,184.31,104.08,False
1804,625.98,10.81,2.1,8.91,19.24,1.05,193.77,107.16,False
1805,625.89,10.84,2.1,8.91,19.29,1.05,193.47,107.06,False
1806,626.85,10.53,2.1,8.84,18.8,1.05,196.75,108.13,False
1807,626.17,10.75,2.1,8.89,19.15,1.05,194.41,107.37,False
1808,632.16,8.85,2.09,8.4,16.12,1.07,214.86,114.02,False
1809,632.84,8.64,2.09,8.34,15.78,1.07,217.16,114.77,False
1810,629.11,9.82,2.1,8.65,17.66,1.06,204.44,110.63,False
1811,628.72,9.94,2.1,8.68,17.86,1.06,203.12,110.2,False
1812,622.8,11.82,2.1,9.17,20.85,1.04,182.93,103.63,False
1813,630.44,9.4,2.09,8.54,16.99,1.06,208.99,112.11,False
1814,623.64,11.55,2.1,9.1,20.42,1.04,185.81,104.56,False
1815,627.54,10.32,2.1,8.78,18.45,1.05,199.09,108.89,False
1816,626.31,10.71,2.1,8.88,19.07,1.05,194.9,107.53,False
1817,625.76,10.88,2.1,8.93,19.35,1.05,193.01,106.91,False
1818,630.72,9.31,2.09,8.52,16.85,1.06,209.93,112.42,False
1819,634.29,8.17,2.09,8.23,15.04,1.07,222.13,116.39,False
1820,627.44,10.35,2.1,8.79,18.5,1.05,198.77,108.79,False
1821,630.81,9.28,2.09,8.51,16.8,1.06,210.26,112.53,False
1822,631.39,9.1,2.09,8.46,16.51,1.07,212.23,113.17,False
1823,623.77,11.51,2.1,9.09,20.36,1.04,186.24,104.71,False
1824,633.17,8.53,2.09,8.32,15.61,1.07,218.29,115.14,False
1825,629.24,9.78,2.1,8.64,17.59,1.06,204.91,110.78,False
1826,624.87,11.16,2.1,9.0,19.8,1.05,189.99,105.93,False
1827,629.89,9.57,2.09,8.59,17.26,1.06,207.12,111.5,False
1828,631.76,8.98,2.09,8.43,16.32,1.07,213.5,113.58,False
1829,624.7,11.22,2.1,9.01,19.89,1.05,189.42,105.74,False
1830,628.72,9.94,2.1,8.68,17.86,1.06,203.13,110.2,False
1831,631.9,8.93,2.09,8.42,16.25,1.07,213.96,113.73,False
1832,631.21,9.15,2.09,8.48,16.6,1.07,211.6,112.96,False
1833,628.03,10.16,2.1,8.74,18.21,1.06,200.77,109.44,False
1834,626.38,10.68,2.1,8.87,19.04,1.05,195.15,107.61,False
1835,632.59,8.71,2.09,8.36,15.9,1.07,216.33,114.5,False
1836,623.66,11.55,2.1,9.1,20.41,1.04,185.86,104.58,False
1837,631.76,8.98,2.09,8.43,16.32,1.07,213.47,113.57,False
1838,634.79,8.02,2.09,8.18,14.79,1.08,223.82,116.94,False
1839,634.22,8.2,2.09,8.23,15.08,1.07,221.88,116.31,False
1840,626.42,10.67,2.1,8.87,19.02,1.05,195.29,107.65,False
1841,624.92,11.15,2.1,8.99,19.78,1.05,190.16,105.98,False
1842,627.18,10.43,2.1,8.81,18.63,1.05,197.87,108.49,False
1843,624.87,11.16,2.1,9.0,19.8,1.05,190.01,105.93,False
1844,623.11,11.72,2.1,9.14,20.69,1.04,184.0,103.98,False
1845,633.83,8.32,2.09,8.26,15.28,1.07,220.55,115.88,False
1846,627.32,10.39,2.1,8.8,18.56,1.05,198.35,108.65,False
1847,623.28,11.67,2.1,9.13,20.6,1.04,184.57,104.16,False
1848,632.5,8.74,2.09,8.37,15.95,1.07,216.03,114.4,False
1849,630.86,9.26,2.09,8.51,16.78,1.06,210.41,112.57,False
1850,624.73,11.21,2.1,9.01,19.87,1.05,189.5,105.77,False
1851,625.71,10.9,2.1,8.93,19.38,1.05,192.86,106.86,False
1852,632.5,8.74,2.09,8.37,15.95,1.07,216.02,114.4,False
1853,627.58,10.3,2.1,8.78,18.43,1.05,199.24,108.94,False
1854,631.94,8.92,2.09,8.42,16.23,1.07,214.1,113.78,False
1855,627.01,10.48,2.1,8.82,18.72,1.05,197.3,108.31,False
1856,628.45,10.03,2.1,8.7,17.99,1.06,202.21,109.91,False
1857,630.06,9.52,2.09,8.57,17.18,1.06,207.68,111.69,False
1858,633.69,8.37,2.09,8.27,15.35,1.07,220.06,115.72,False
1859,628.21,10.1,2.1,8.72,18.12,1.06,201.38,109.64,False
1860,622.91,11.79,2.1,9.16,20.79,1.04,183.3,103.75,False
1861,634.67,8.05,2.09,8.19,14.85,1.08,223.41,116.81,False
1862,629.55,9.68,2.09,8.61,17.44,1.06,205.96,111.13,False
1863,625.13,11.08,2.1,8.98,19.67,1.05,190.87,106.21,False
1864,624.39,11.32,2.1,9.04,20.05,1.04,188.34,105.39,False
1865,625.6,10.93,2.1,8.94,19.43,1.05,192.48,106.74,False
1866,633.11,8.55,2.09,8.32,15.64,1.07,218.08,115.07,False
1867,626.1,10.77,2.1,8.9,19.18,1.05,194.19,107.29,False
1868,629.24,9.78,2.1,8.64,17.59,1.06,204.91,110.79,False
1869,626.17,10.75,2.1,8.89,19.14,1.05,194.43,107.37,False
1870,633.77,8.34,2.09,8.27,15.31,1.07,220.33,115.81,False
1871,622.38,11.95,2.1,9.2,21.06,1.04,181.5,103.16,False
1872,632.13,8.86,2.09,8.4,16.13,1.07,214.76,113.99,False
1873,626.61,10.61,2.1,8.86,18.92,1.05,195.93,107.86,False
1874,623.82,11.5,2.1,9.09,20.33,1.04,186.4,104.76,False
1875,628.19,10.11,2.1,8.73,18.13,1.06,201.3,109.61,False
1876,632.07,8.88,2.09,8.41,16.16,1.07,214.55,113.92,False
1877,634.82,8.01,2.09,8.18,14.78,1.08,223.92,116.97,False
1878,631.51,9.06,2.09,8.45,16.45,1.07,212.63,113.3,False
1879,627.87,10.21,2.1,8.75,18.29,1.06,200.23,109.26,False
1880,623.19,11.7,2.1,9.14,20.65,1.04,184.25,104.06,False
1881,630.25,9.46,2.09,8.56,17.09,1.06,208.33,111.9,False
1882,622.55,11.9,2.1,9.19,20.97,1.04,182.09,103.36,False
1883,627.5,10.33,2.1,8.78,18.47,1.05,198.98,108.85,False
1884,623.6,11.57,2.1,9.1,20.45,1.04,185.64,104.51,False
1885,633.5,8.43,2.09,8.29,15.44,1.07,219.43,115.51,False
1886,623.82,11.5,2.1,9.08,20.33,1.04,186.41,104.76,False
1887,629.46,9.71,2.09,8.62,17.48,1.06,205.64,111.02,False
1888,623.76,11.52,2.1,9.09,20.36,1.04,186.21,104.7,False
1889,629.64,9.65,2.09,8.61,17.39,1.06,206.27,111.23,False
1890,624.73,11.21,2.1,9.01,19.87,1.05,189.53,105.78,False
1891,632.39,8.78,2.09,8.38,16.0,1.07,215.64,114.28,False
1892,630.04,9.52,2.09,8.57,17.19,1.06,207.63,111.67,False
1893,628.83,9.91,2.1,8.67,17.8,1.06,203.48,110.32,False
1894,628.62,9.97,2.1,8.69,17.91,1.06,202.77,110.09,False
1895,626.67,10.59,2.1,8.85,18.89,1.05,196.13,107.93,False
1896,632.01,8.9,2.09,8.41,16.19,1.07,214.35,113.86,False
1897,629.61,9.66,2.09,8.61,17.41,1.06,206.17,111.2,False
1898,624.94,11.14,2.1,8.99,19.77,1.05,190.22,106.0,False
1899,634.32,8.17,2.09,8.22,15.03,1.07,222.21,116.42,False
1900,632.48,8.75,2.09,8.37,15.96,1.07,215.95,114.38,False
1901,628.79,9.92,2.1,8.68,17.82,1.06,203.37,110.28,False
1902,634.28,8.18,2.09,8.23,15.05,1.07,222.07,116.37,False
1903,631.66,9.01,2.09,8.44,16.37,1.07,213.14,113.46,False
1904,628.24,10.09,2.1,8.72,18.1,1.06,201.5,109.67,False
1905,634.23,8.2,2.09,8.23,15.08,1.07,221.9,116.32,False
1906,628.45,10.03,2.1,8.71,18.0,1.06,202.19,109.9,False
1907,624.55,11.27,2.1,9.03,19.96,1.05,188.89,105.57,False
1908,633.33,8.48,2.09,8.3,15.53,1.07,218.85,115.32,False
1909,626.98,10.49,2.1,8.83,18.74,1.05,197.19,108.27,False
1910,625.95,10.82,2.1,8.91,19.25,1.05,193.69,107.13,False
1911,632.21,8.83,2.09,8.4,16.09,1.07,215.03,114.08,False
1912,624.47,11.29,2.1,9.03,20.01,1.04,188.61,105.48,False
1913,630.83,9.27,2.09,8.51,16.79,1.06,210.32,112.55,False
1914,632.21,8.84,2.09,8.4,16.1,1.07,215.02,114.08,False
1915,633.8,8.33,2.09,8.27,15.29,1.07,220.45,115.84,False
1916,624.92,11.15,2.1,8.99,19.77,1.05,190.17,105.99,False
1917,634.66,8.06,2.09,8.2,14.86,1.08,223.37,116.8,False
1918,630.75,9.3,2.09,8.52,16.83,1.06,210.04,112.45,False
1919,627.99,10.17,2.1,8.74,18.23,1.06,200.62,109.39,False
1920,627.99,10.17,2.1,8.74,18.22,1.06,200.65,109.4,False
1921,632.23,8.83,2.09,8.39,16.08,1.07,215.11,114.1,False
1922,623.19,11.7,2.1,9.14,20.65,1.04,184.26,104.06,False
1923,629.52,9.69,2.09,8.62,17.45,1.06,205.86,111.1,False
1924,633.95,8.28,2.09,8.25,15.22,1.07,220.95,116.01,False
1925,625.7,10.9,2.1,8.93,19.38,1.05,192.81,106.85,False
1926,629.68,9.64,2.09,8.6,17.37,1.06,206.41,111.27,False
1927,629.74,9.62,2.09,8.6,17.34,1.06,206.61,111.34,False
1928,624.54,11.27,2.1,9.03,19.97,1.05,188.87,105.56,False
1929,629.24,9.78,2.1,8.64,17.6,1.06,204.89,110.78,False
1930,625.71,10.9,2.1,8.93,19.38,1.05,192.86,106.86,False
1931,630.68,9.32,2.09,8.52,16.87,1.06,209.81,112.38,False
1932,626.59,10.62,2.1,8.86,18.93,1.05,195.86,107.84,False
1933,630.98,9.23,2.09,8.5,16.72,1.06,210.82,112.71,False
1934,623.54,11.59,2.1,9.11,20.47,1.04,185.45,104.45,False
1935,631.13,9.18,2.09,8.48,16.64,1.06,211.35,112.88,False
1936,634.48,8.11,2.09,8.21,14.95,1.08,222.78,116.6,False
1937,626.35,10.69,2.1,8.88,19.05,1.05,195.04,107.57,False
1938,634.35,8.16,2.09,8.22,15.02,1.07,222.31,116.45,False
1939,626.45,10.66,2.1,8.87,19.0,1.05,195.38,107.68,False
1940,622.61,11.88,2.1,9.18,20.94,1.04,182.27,103.41,False
1941,630.87,9.26,2.09,8.51,16.77,1.06,210.46,112.59,False
1942,626.0,10.81,2.1,8.91,19.23,1.05,193.83,107.18,False
1943,629.11,9.82,2.1,8.65,17.66,1.06,204.46,110.64,False
1944,627.19,10.43,2.1,8.81,18.63,1.05,197.9,108.5,False
1945,631.09,9.19,2.09,8.49,16.66,1.06,211.2,112.83,False
1946,632.48,8.75,2.09,8.37,15.96,1.07,215.93,114.37,False
1947,634.29,8.18,2.09,8.23,15.04,1.07,222.12,116.39,False
1948,634.32,8.17,2.09,8.22,15.03,1.07,222.21,116.42,False
1949,625.36,11.01,2.1,8.96,19.55,1.05,191.66,106.47,False
1950,632.81,8.65,2.09,8.35,15.79,1.07,217.06,114.74,False
1951,622.83,11.81,2.1,9.17,20.83,1.04,183.03,103.66,False
1952,624.56,11.26,2.1,9.02,19.96,1.05,188.92,105.58,False
1953,631.85,8.95,2.09,8.43,16.28,1.07,213.78,113.67,False
1954,625.24,11.04,2.1,8.97,19.61,1.05,191.27,106.34,False
1955,630.59,9.35,2.09,8.53,16.92,1.06,209.48,112.27,False
1956,634.04,8.25,2.09,8.25,15.17,1.07,221.28,116.11,False
1957,626.39,10.68,2.1,8.87,19.03,1.05,195.18,107.62,False
1958,628.2,10.11,2.1,8.73,18.12,1.06,201.35,109.63,False
1959,622.58,11.89,2.1,9.19,20.96,1.04,182.19,103.39,False
1960,630.79,9.28,2.09,8.51,16.81,1.06,210.2,112.51,False
1961,632.75,8.66,2.09,8.35,15.82,1.07,216.87,114.68,False
1962,632.15,8.85,2.09,8.4,16.12,1.07,214.84,114.02,False
1963,623.93,11.46,2.1,9.08,20.28,1.04,186.78,104.88,False
1964,626.16,10.76,2.1,8.89,19.15,1.05,194.38,107.36,False
1965,628.25,10.09,2.1,8.72,18.09,1.06,201.52,109.68,False
1966,633.26,8.5,2.09,8.31,15.57,1.07,218.59,115.24,False
1967,630.8,9.28,2.09,8.51,16.81,1.06,210.22,112.52,False
1968,626.4,10.68,2.1,8.87,19.03,1.05,195.22,107.63,False
1969,632.9,8.62,2.09,8.34,15.75,1.07,217.38,114.85,False
1970,629.31,9.75,2.1,8.63,17.56,1.06,205.14,110.86,False
1971,623.88,11.48,2.1,9.08,20.3,1.04,186.6,104.82,False
1972,622.34,11.97,2.1,9.21,21.08,1.04,181.36,103.12,False
1973,634.48,8.12,2.09,8.21,14.95,1.08,222.76,116.6,False
1974,622.41,11.94,2.1,9.2,21.04,1.04,181.6,103.2,False
1975,625.73,10.89,2.1,8.93,19.37,1.05,192.93,106.88,False
1976,629.9,9.57,2.09,8.59,17.26,1.06,207.13,111.51,False
1977,629.32,9.75,2.1,8.63,17.55,1.06,205.18,110.87,False
1978,630.85,9.27,2.09,8.51,16.78,1.06,210.38,112.57,False
1979,630.25,9.46,2.09,8.56,17.09,1.06,208.33,111.9,False
1980,626.69,10.59,2.1,8.85,18.88,1.05,196.19,107.95,False
1981,623.44,11.62,2.1,9.12,20.53,1.04,185.1,104.34,False
1982,629.73,9.62,2.09,8.6,17.35,1.06,206.57,111.33,False
1983,624.61,11.25,2.1,9.02,19.93,1.05,189.09,105.63,False
1984,624.84,11.17,2.1,9.0,19.82,1.05,189.89,105.89,False
1985,627.5,10.33,2.1,8.78,18.47,1.05,198.95,108.85,False
1986,626.83,10.54,2.1,8.84,18.81,1.05,196.69,108.11,False
1987,633.11,8.55,2.09,8.32,15.64,1.07,218.09,115.08,False
1988,630.92,9.25,2.09,8.5,16.75,1.06,210.61,112.64,False
1989,634.42,8.13,2.09,8.21,14.98,1.07,222.55,116.53,False
1990,633.7,8.36,2.09,8.27,15.34,1.07,220.1,115.73,False
1991,633.34,8.48,2.09,8.3,15.52,1.07,218.89,115.34,False
1992,634.76,8.03,2.09,8.19,14.81,1.08,223.72,116.91,False
1993,625.95,10.82,2.1,8.91,19.26,1.05,193.68,107.13,False
1994,630.98,9.23,2.09,8.5,16.72,1.06,210.82,112.71,False
1995,622.55,11.9,2.1,9.19,20.97,1.04,182.09,103.35,False
1996,625.9,10.84,2.1,8.91,19.28,1.05,193.51,107.07,False
1997,627.25,10.41,2.1,8.8,18.6,1.05,198.09,108.57,False
1998,630.94,9.24,2.09,8.5,16.73,1.06,210.7,112.67,False
1999,629.38,9.73,2.1,8.63,17.53,1.06,205.36,110.93,False
2000,629.02,9.85,2.1,8.66,17.71,1.06,204.15,110.54,False
2001,633.01,8.58,2.09,8.33,15.69,1.07,217.75,114.96,False
2002,622.45,11.93,2.1,9.2,21.02,1.04,181.73,103.24,False
2003,626.06,10.79,2.1,8.9,19.2,1.05,194.05,107.25,False
2004,624.79,11.19,2.1,9.01,19.84,1.05,189.71,105.84,False
2005,622.67,11.86,2.1,9.18,20.91,1.04,182.48,103.48,False
2006,626.58,10.62,2.1,8.86,18.94,1.05,195.82,107.83,False
2007,629.68,9.64,2.09,8.6,17.37,1.06,206.39,111.27,False
2008,627.27,10.4,2.1,8.8,18.59,1.05,198.19,108.6,False
2009,629.59,9.67,2.09,8.61,17.42,1.06,206.09,111.17,False
2010,628.75,9.93,2.1,8.68,17.84,1.06,203.24,110.24,False
2011,631.88,8.94,2.09,8.42,16.26,1.07,213.9,113.71,False
2012,622.5,11.92,2.1,9.19,21.0,1.04,181.91,103.3,False
2013,630.92,9.24,2.09,8.5,16.75,1.06,210.62,112.64,False
2014,623.81,11.5,2.1,9.09,20.34,1.04,186.37,104.75,False
2015,634.72,8.04,2.09,8.19,14.83,1.08,223.58,116.86,False
2016,632.13,8.86,2.09,8.4,16.14,1.07,214.74,113.99,False
2017,631.05,9.2,2.09,8.49,16.68,1.06,211.06,112.79,False
2018,623.13,11.72,2.1,9.14,20.68,1.04,184.04,103.99,False
2019,629.46,9.71,2.09,8.62,17.48,1.06,205.64,111.02,False
2020,628.03,10.16,2.1,8.74,18.21,1.06,200.76,109.43,False
2021,631.37,9.1,2.09,8.46,16.52,1.07,212.17,113.15,False
2022,623.25,11.68,2.1,9.13,20.62,1.04,184.46,104.13,False
2023,623.45,11.61,2.1,9.12,20.52,1.04,185.15,104.35,False
2024,627.71,10.26,2.1,8.77,18.37,1.05,199.66,109.08,False
2025,630.9,9.25,2.09,8.5,16.76,1.06,210.56,112.62,False
2026,624.27,11.35,2.1,9.05,20.1,1.04,187.95,105.26,False
2027,630.54,9.36,2.09,8.53,16.94,1.06,209.33,112.22,False
2028,627.34,10.38,2.1,8.8,18.55,1.05,198.43,108.68,False
2029,634.46,8.12,2.09,8.21,14.96,1.07,222.71,116.58,False
2030,632.99,8.59,2.09,8.33,15.7,1.07,217.67,114.94,False
2031,634.05,8.25,2.09,8.24,15.16,1.07,221.3,116.12,False
2032,627.2,10.42,2.1,8.81,18.62,1.05,197.94,108.52,False
2033,622.57,11.89,2.1,9.19,20.96,1.04,182.14,103.37,False
2034,629.45,9.71,2.1,8.62,17.49,1.06,205.6,111.01,False
2035,628.9,9.88,2.1,8.67,17.76,1.06,203.75,110.41,False
2036,626.97,10.5,2.1,8.83,18.74,1.05,197.14,108.26,False
2037,630.83,9.27,2.09,8.51,16.79,1.06,210.3,112.54,False
2038,622.31,11.98,2.1,9.21,21.1,1.04,181.25,103.08,False
2039,626.86,10.53,2.1,8.84,18.8,1.05,196.79,108.14,False
