commit_id,label,pred,score_or_proba,feature,value_actual,min,max,operator,threshold
,True,True,0.6566666666666666,asexp,0.0164862357073888,0.0,2327.0,<,-2.8949999809265137
,True,True,0.6566666666666666,la,71.0,0.0,9389.0,<,24.21500015258789
,True,True,0.6566666666666666,ndev,4.29166666666667,0.0,67.0,<,0.4500000029802322
,True,True,0.6566666666666666,aexp,122.0,0.0,4144.0,<,4.0
