commit_id,label,pred,score_or_proba,feature,value_actual,min,max,operator,threshold
,True,True,0.6116666666666667,ndev,5.5,0.0,67.0,>,3.990000009536743
,True,True,0.6116666666666667,aexp,0.0,0.0,4144.0,>,61.5
,True,True,0.6116666666666667,ld,107.0,0.0,9950.0,>,45.0
,True,True,0.6116666666666667,nd,4.0,1.0,33.0,>,3.0
,True,True,0.6116666666666667,age,148.65,0.0,1019.0,<,183.43499755859372
