commit_id,label,pred,score_or_proba,feature,value_actual,min,max,operator,threshold
,True,True,0.78572274819261,la,1217.0,0.0,5443.0,<,135.5
,True,True,0.78572274819261,ent,2.41440971961,0.0,6.1766722717358205,>,1.9049999713897705
,True,True,0.78572274819261,aexp,58.0,0.0,1586.0,<,98.5
