feature,value,importance,min,max,rule,importance_ratio
la,1807,0.5367082127653514,0.0,9886.0,la > 658.2665061764585,0.7843547233296481
aexp,100,-0.0575977442187397,0.0,1411.0,2.7519982932250286 < aexp <= 111.43266686158816,0.08417434586724463
asexp,65.0,-0.05342435701156466,0.0,1042.0,14.706492054882105 < asexp <= 620.167566348428,0.0780752851665238
ld,161,-0.017766589448360064,0.0,9281.0,112.20019725353488 < ld <= 3343.50552216309,0.025964403040302297
nd,4,-0.008364563148747471,1.0,51.0,3.508812175977223 < nd <= 5.4934450612931585,0.01222411816749591
