feature,value,importance,min,max,rule,importance_ratio
la,1215,0.47927632795704816,0.0,9886.0,la > 658.2665061764585,0.7017100559187117
aexp,89,-0.04210986620843788,0.0,1411.0,2.7519982932250286 < aexp <= 111.43266686158816,0.061653194301932085
asexp,1.0,0.039952918530598056,0.0,1042.0,0.24155171339806714 < asexp <= 14.706492054882105,0.05849520007742626
nuc,0.0,0.034590765383174384,0.0,251.0,nuc <= 0.8396891218504265,0.05064445393070531
age,0.0,0.03062541256170886,0.0,1520.0,age <= 0.18108203666687217,0.04483876775807765
