feature,value,importance,min,max,rule,importance_ratio
la,2208,0.5380210072943246,0.0,9886.0,la > 658.2665061764585,0.7820219439056562
aexp,34,-0.060254016906030355,0.0,1411.0,2.7519982932250286 < aexp <= 111.43266686158816,0.08758015540311634
ld,56,0.030118128219210463,0.0,9281.0,37.16262802486597 < ld <= 112.20019725353488,0.04377717014291613
asexp,4.0,0.02976839861102167,0.0,1042.0,0.24155171339806714 < asexp <= 14.706492054882105,0.04326883269079217
nd,5,0.013487298057237255,1.0,51.0,3.508812175977223 < nd <= 5.4934450612931585,0.01960399854607484
