feature,value,importance,min,max,rule,importance_ratio
la,6330,0.5192545322266576,0.0,9886.0,la > 658.2665061764585,0.7675450698971593
asexp,4.0,0.060546595556709666,0.0,1042.0,0.24155171339806714 < asexp <= 14.706492054882105,0.0894979976762617
aexp,4,-0.030316804813297377,0.0,1411.0,2.7519982932250286 < aexp <= 111.43266686158816,0.04481330951450144
ld,7,-0.019282167837399392,0.0,9281.0,4.333691487323307 < ld <= 18.403235717698735,0.028502269969721165
nd,12,-0.015059541062260396,1.0,51.0,5.4934450612931585 < nd <= 14.503678360627504,0.022260521150745158
