feature,value,importance,min,max,rule,importance_ratio
la,2724,0.4835666892670032,0.0,9886.0,la > 658.2665061764585,0.8089703679591264
aexp,7,-0.04941772198339457,0.0,1411.0,2.7519982932250286 < aexp <= 111.43266686158816,0.08267209802479757
asexp,5.0,0.04651985692949356,0.0,1042.0,0.24155171339806714 < asexp <= 14.706492054882105,0.07782418974041244
ld,108,0.005557009900556082,0.0,9281.0,37.16262802486597 < ld <= 112.20019725353488,0.009296455781144963
nd,6,0.005516273646022777,1.0,51.0,5.4934450612931585 < nd <= 14.503678360627504,0.009228307119232297
