feature,value,importance,min,max,rule,importance_ratio
la,2665,0.4543383604983371,0.0,9886.0,la > 658.2665061764585,0.7204063837016257
aexp,178,0.06076652011600932,0.0,1411.0,111.43266686158816 < aexp <= 819.6099265651155,0.09635239463137207
asexp,9.54228092790054e-41,0.040059625557104135,0.0,1042.0,asexp <= 0.24155171339806714,0.0635192017429051
age,14.892307692307696,0.03361191020411495,0.0,1520.0,4.1005163349584635 < age <= 191.44947579329659,0.05329559813723642
ld,971,0.02374939085900474,0.0,9281.0,112.20019725353488 < ld <= 3343.50552216309,0.03765742510732741
