feature,value,importance,min,max,rule,importance_ratio
la,721,0.49547878266242523,0.0,9886.0,la > 658.2665061764585,0.7390658673458468
aexp,190,0.06982655681703732,0.0,1411.0,111.43266686158816 < aexp <= 819.6099265651155,0.104154661276218
asexp,79.0,-0.05276181696688335,0.0,1042.0,14.706492054882105 < asexp <= 620.167566348428,0.07870056071793448
nuc,4.75675675675676,0.02851531096722513,0.0,251.0,1.3648501486098876 < nuc <= 29.723545593620806,0.042533996954188816
age,17.108108108108098,-0.015615986721570241,0.0,1520.0,4.1005163349584635 < age <= 191.44947579329659,0.02329311198518404
