feature,value,importance,min,max,rule,importance_ratio
la,1243,0.25811963481151246,0.0,9292.0,480.69791970095315 < la <= 1397.941566989266,0.5509096200027975
ld,36,0.05445021776264801,0.0,3456.0,19.498528902884395 < ld <= 134.4589017322878,0.11621412992698098
aexp,0,0.0518218500062202,0.0,1247.0,aexp <= 9.074885437541383,0.11060435489774455
nuc,29.142857142857103,0.04086311295012237,0.0,125.0,28.93046147751111 < nuc <= 95.74074131209468,0.08721491506805452
age,67.21428571428571,0.03916617634673645,0.0,403.0,14.27436946001454 < age <= 197.77682519321624,0.08359311117071505
