feature,value,importance,min,max,rule,importance_ratio
la,377,0.24631642826484462,0.0,9292.0,65.15107396812635 < la <= 480.69791970095315,0.5111991961376503
aexp,283,-0.09294784953921062,0.0,1247.0,166.80503056010588 < aexp <= 797.7256110503639,0.19290173335933058
nuc,36.26315789473679,0.04490720481413331,0.0,125.0,28.93046147751111 < nuc <= 95.74074131209468,0.0931993337329917
ld,237,0.04031791859874674,0.0,3456.0,ld > 193.112153175861,0.08367483940397885
asexp,0.111263527200178,0.03479027092122193,0.0,318.0,0.2638783839317753 < asexp <= 0.7887405624411663,0.07220289224564905
