feature,value,importance,min,max,rule,importance_ratio
la,550,0.24129882823768956,0.0,8851.0,la > 127.55870158356693,0.6018931630942747
nuc,138.885714285714,0.050832979635947476,0.0,2540.0,98.92887678384466 < nuc <= 651.0101726634492,0.12679722950187267
asexp,0.7138666491518859,0.03360559711436146,0.0,3637.0,-0.6613834552044295 < asexp <= -0.6613834552044295,0.08382543459726384
ent,4.03008307188461,0.02761915380085269,0.0,6.25828457562083,ent > 3.1894578523081085,0.06889291574514965
ndev,3.2285714285714304,0.025306450022965454,0.0,57.5,3.020643397811622 < ndev <= 3.975725636739302,0.06312413268748204
