feature,value,importance,min,max,rule,importance_ratio
asexp,0.0010376573272888,0.09986989172207142,0.0,3637.0,asexp <= -0.6613834552044295,0.3133361701269668
nuc,34.5,-0.07219990572082792,0.0,2540.0,16.979309426715872 < nuc <= 47.171255295131715,0.22652314478371077
age,11.5,0.04257560513137047,0.0,918.0,6.104315757675584 < age <= 152.17610991761703,0.1335785673006131
ent,0.8935711016541908,0.03556516883028895,0.0,6.25828457562083,0.03279585470338198 < ent <= 0.9973314650826041,0.11158371756539018
ndev,4.5,0.03367694628769723,0.0,57.5,ndev > 3.975725636739302,0.10565952550268529
