feature,value,importance,min,max,rule,importance_ratio
la,99,0.19698269607333307,0.0,8851.0,63.87907576461171 < la <= 127.55870158356693,0.5669744839659993
age,13.2,0.04832546124541009,0.0,918.0,6.104315757675584 < age <= 152.17610991761703,0.13909497635180612
ent,0.943096971697463,-0.03208400300529021,0.0,6.25828457562083,0.03279585470338198 < ent <= 0.9973314650826041,0.092347253896433
nuc,13.2,-0.02865001877010618,0.0,2540.0,nuc <= 12.66617430265643,0.08246323119544399
arexp,907.183333333361,0.022626279053201078,0.0,2480.61666666637,722.7612861410488 < arexp <= 1250.903619646496,0.06512512594245107
