feature,value,importance,min,max,rule,importance_ratio
la,3384,0.24205833420423628,0.0,8851.0,la > 127.55870158356693,0.6639522301881644
nuc,43.6388888888889,-0.03297715682052074,0.0,2540.0,16.979309426715872 < nuc <= 47.171255295131715,0.09045446374829424
ent,4.02557713917289,0.032517853171219226,0.0,6.25828457562083,ent > 3.1894578523081085,0.08919461998670743
asexp,0.6040903009913261,0.03244767495047957,0.0,3637.0,-0.6613834552044295 < asexp <= -0.6613834552044295,0.08900212512250905
arexp,85.5,-0.01484913217418554,0.0,2480.61666666637,26.57366470205011 < arexp <= 346.65992743262416,0.040730324183304946
