feature,value,importance,min,max,rule,importance_ratio
la,118,0.18606294583058128,0.0,8851.0,63.87907576461171 < la <= 127.55870158356693,0.6025092833136869
asexp,0.6040903009913261,0.027842528907472325,0.0,3637.0,-0.6613834552044295 < asexp <= -0.6613834552044295,0.09015971483627108
ent,2.2311346110282404,0.025288946868277533,0.0,6.25828457562083,2.005709603206336 < ent <= 3.1894578523081085,0.08189070201671225
age,56.6086956521739,0.02410844559163773,0.0,918.0,6.104315757675584 < age <= 152.17610991761703,0.07806800118305579
nuc,58.5652173913044,-0.01765754779426151,0.0,2540.0,47.171255295131715 < nuc <= 98.92887678384466,0.05717869519428558
