feature,value,importance,min,max,rule,importance_ratio
la,39,0.09110024047193511,0.0,8851.0,33.715042481948714 < la <= 63.87907576461171,0.32420677820115024
nuc,907.0,0.0836133265557931,0.0,2540.0,nuc > 651.0101726634492,0.29756241121762367
asexp,0.713927922741282,0.04385577271536771,0.0,3637.0,-0.6613834552044295 < asexp <= -0.6613834552044295,0.15607355923447275
ent,1.7075603576588,0.022710416562634377,0.0,6.25828457562083,0.9973314650826041 < ent <= 2.005709603206336,0.08082164160308647
ld,7,0.018610154821724383,0.0,9293.0,6.605575463515187 < ld <= 18.97658201765504,0.0662296642173474
