feature,value,importance,min,max,rule,importance_ratio
la,823,0.24407846725401633,0.0,8851.0,la > 127.55870158356693,0.5991457383460641
nuc,553.857142857143,0.06290650336264073,0.0,2540.0,98.92887678384466 < nuc <= 651.0101726634492,0.15441822389335882
ent,2.6599690615317897,0.04704323976445998,0.0,6.25828457562083,2.005709603206336 < ent <= 3.1894578523081085,0.1154782596759547
asexp,0.24,0.02068509165931441,0.0,3637.0,-0.6613834552044295 < asexp <= -0.6613834552044295,0.050776230506552444
ld,205,0.012346994387591013,0.0,9293.0,49.90409840300467 < ld <= 956.0803284937488,0.03030848706948441
