feature,value,importance,min,max,rule,importance_ratio
la,1135,0.2391563201622151,0.0,8851.0,la > 127.55870158356693,0.6113165128984018
nuc,596.777777777778,0.054346746466221264,0.0,2540.0,98.92887678384466 < nuc <= 651.0101726634492,0.13891777359080187
asexp,0.303537095231677,0.03210058684444381,0.0,3637.0,-0.6613834552044295 < asexp <= -0.6613834552044295,0.08205352381416213
ent,1.04932441705582,0.021142841868814488,0.0,6.25828457562083,0.9973314650826041 < ent <= 2.005709603206336,0.054044017549857125
age,0.0,-0.016946317104537374,0.0,918.0,age <= -0.000177132590621909,0.04331712192171897
