feature,value,importance,min,max,rule,importance_ratio
la,52,0.09373677348763394,0.0,8851.0,33.715042481948714 < la <= 63.87907576461171,0.350186853652785
nuc,1236.5,0.05352704719937206,0.0,2540.0,nuc > 651.0101726634492,0.19996920681876307
asexp,0.998346015796884,0.039130498529364684,0.0,3637.0,-0.6613834552044295 < asexp <= -0.6613834552044295,0.14618581002973066
ld,37,0.02597672167177043,0.0,9293.0,18.97658201765504 < ld <= 49.90409840300467,0.09704522667031489
ndev,42.0,-0.01966053159450637,0.0,57.5,ndev > 3.975725636739302,0.07344886584057249
