feature,value,importance,min,max,rule,importance_ratio
la,521,0.23578192843952375,0.0,8851.0,la > 127.55870158356693,0.5845701361163996
nuc,707.8571428571429,0.07476198793775157,0.0,2540.0,nuc > 651.0101726634492,0.18535612866663656
ent,2.3322001824286,0.029486851903498305,0.0,6.25828457562083,2.005709603206336 < ent <= 3.1894578523081085,0.0731062518020473
asexp,1.0,0.02258179758814329,0.0,3637.0,-0.6613834552044295 < asexp <= -0.6613834552044295,0.05598666775363054
arexp,1.0,-0.016184462328130617,0.0,2480.61666666637,arexp <= 26.57366470205011,0.04012586294777344
