feature,value,importance,min,max,rule,importance_ratio
la,1456,0.2360630045761941,0.0,8851.0,la > 127.55870158356693,0.58460754059039
nuc,231.14285714285705,0.06837826715613904,0.0,2540.0,98.92887678384466 < nuc <= 651.0101726634492,0.1693380572858062
ent,2.9334322547111804,0.02957071780339693,0.0,6.25828457562083,2.005709603206336 < ent <= 3.1894578523081085,0.07323157069686675
ld,509,0.026260507498204022,0.0,9293.0,49.90409840300467 < ld <= 956.0803284937488,0.06503386979566021
asexp,0.142857142857143,0.024424407351962326,0.0,3637.0,-0.6613834552044295 < asexp <= -0.6613834552044295,0.06048678715262137
