feature,value,importance,min,max,rule,importance_ratio
nuc,1733.33333333333,0.07794782554491583,0.0,2540.0,nuc > 651.0101726634492,0.3583359773121947
asexp,1.87444286095969,0.03902242359535251,0.0,3637.0,-0.6613834552044295 < asexp <= -0.6613834552044295,0.1793909990224627
la,21,0.030931459405034972,0.0,8851.0,16.957246213802605 < la <= 33.715042481948714,0.14219581698541212
ld,1,-0.02590899210943538,0.0,9293.0,0.42007218644526745 < ld <= 0.42007218644526745,0.11910690187705983
ent,1.02262977889017,0.015181799898107338,0.0,6.25828457562083,0.9973314650826041 < ent <= 2.005709603206336,0.06979264739991593
