feature,value,importance,min,max,rule,importance_ratio
la,178,0.2389313886648916,0.0,8851.0,la > 127.55870158356693,0.5862925228683837
nuc,930.875,0.08945042491940924,0.0,2540.0,nuc > 651.0101726634492,0.2194944565077794
asexp,0.968684907967914,0.030284468089191996,0.0,3637.0,-0.6613834552044295 < asexp <= -0.6613834552044295,0.07431236765899409
age,32.0,0.0193865570426221,0.0,918.0,6.104315757675584 < age <= 152.17610991761703,0.04757095123316832
ld,137,0.019353337056487584,0.0,9293.0,49.90409840300467 < ld <= 956.0803284937488,0.04748943565838641
