feature,value,importance,min,max,rule,importance_ratio
la,59,0.09270499846943304,0.0,8851.0,33.715042481948714 < la <= 63.87907576461171,0.4121600389837262
nuc,674.9,0.04806264217099785,0.0,2540.0,nuc > 651.0101726634492,0.21368319721607032
ld,34,0.037902356792343994,0.0,9293.0,18.97658201765504 < ld <= 49.90409840300467,0.16851126811957692
ent,2.40615056734775,-0.016524276559678634,0.0,6.25828457562083,2.005709603206336 < ent <= 3.1894578523081085,0.07346579562547154
ndev,23.0,0.011889651536187007,0.0,57.5,ndev > 3.975725636739302,0.052860571938562126
