feature,value,importance,min,max,rule,importance_ratio
la,1068,0.18940759742134902,0.0,8851.0,la > 127.55870158356693,0.42139784001621344
ent,2.74970496018338,0.07496562344211619,0.0,6.25828457562083,2.005709603206336 < ent <= 3.1894578523081085,0.16678502987238608
nuc,478.0,0.06482394852690514,0.0,2540.0,98.92887678384466 < nuc <= 651.0101726634492,0.14422162712825284
asexp,0.0,0.04755810441671521,0.0,3637.0,asexp <= -0.6613834552044295,0.10580822918041209
age,35.3333333333333,0.02558275144510107,0.0,918.0,6.104315757675584 < age <= 152.17610991761703,0.05691702100341479
