feature,value,importance,min,max,rule,importance_ratio
la,1236,0.23502115589583075,0.0,8851.0,la > 127.55870158356693,0.6425131444016015
nuc,432.470588235294,0.06081843536706766,0.0,2540.0,98.92887678384466 < nuc <= 651.0101726634492,0.16626862375998305
asexp,0.75,0.03003838664476406,0.0,3637.0,-0.6613834552044295 < asexp <= -0.6613834552044295,0.08212051456522007
age,133.058823529412,0.012578990967861688,0.0,918.0,6.104315757675584 < age <= 152.17610991761703,0.03438910428873239
ent,1.54823524130052,0.01161751551188661,0.0,6.25828457562083,0.9973314650826041 < ent <= 2.005709603206336,0.03176057233326314
