feature,value,importance,min,max,rule,importance_ratio
la,427,0.18732195388794715,0.0,8851.0,la > 127.55870158356693,0.37916990752581764
ent,2.85067910737416,0.1086723705128579,0.0,6.25828457562083,2.005709603206336 < ent <= 3.1894578523081085,0.2199704403180635
nuc,437.6875,0.05461911270264519,0.0,2540.0,98.92887678384466 < nuc <= 651.0101726634492,0.11055791103370893
asexp,0.493861451500077,0.049868269216249025,0.0,3637.0,-0.6613834552044295 < asexp <= -0.6613834552044295,0.10094143603962458
ndev,16.25,-0.03691617600962974,0.0,57.5,ndev > 3.975725636739302,0.07472430621853961
