feature,value,importance,min,max,rule,importance_ratio
la,112,0.19196489595008334,0.0,8851.0,63.87907576461171 < la <= 127.55870158356693,0.543921484377987
nuc,565.363636363636,0.06108280353047714,0.0,2540.0,98.92887678384466 < nuc <= 651.0101726634492,0.17307460826017573
ent,1.67966005153306,0.030744135556237152,0.0,6.25828457562083,0.9973314650826041 < ent <= 2.005709603206336,0.08711173865879565
asexp,0.0783229020262264,0.026261628429902036,0.0,3637.0,-0.6613834552044295 < asexp <= -0.6613834552044295,0.07441081270134826
ld,40,0.016371204140449118,0.0,9293.0,18.97658201765504 < ld <= 49.90409840300467,0.04638686470803291
