feature,value,importance,min,max,rule,importance_ratio
la,44,0.10340611753249355,0.0,8851.0,33.715042481948714 < la <= 63.87907576461171,0.3336530379089065
nuc,936.571428571429,0.0937736609458196,0.0,2540.0,nuc > 651.0101726634492,0.3025726871582895
asexp,1.08,0.04401821140866978,0.0,3637.0,-0.6613834552044295 < asexp <= -0.6613834552044295,0.1420303779919412
ld,12,0.028869288214019895,0.0,9293.0,6.605575463515187 < ld <= 18.97658201765504,0.09315044355909348
age,104.857142857143,0.027240215276949333,0.0,918.0,6.104315757675584 < age <= 152.17610991761703,0.08789403177805956
