feature,value,importance,min,max,rule,importance_ratio
la,179,0.2339274797519533,0.0,8851.0,la > 127.55870158356693,0.6512155272632828
nuc,392.55555555555605,0.052894828397795836,0.0,2540.0,98.92887678384466 < nuc <= 651.0101726634492,0.14725047951226797
asexp,1.48209948469796,0.02329745819962066,0.0,3637.0,-0.6613834552044295 < asexp <= -0.6613834552044295,0.06485628170511497
ent,3.35476550641906,0.022455023000573483,0.0,6.25828457562083,ent > 3.1894578523081085,0.06251108103474322
ld,46,-0.010748426971832004,0.0,9293.0,18.97658201765504 < ld <= 49.90409840300467,0.029921848194724644
