feature,value,importance,min,max,rule,importance_ratio
nuc,2295.3333333333303,0.07910091435384703,0.0,2540.0,nuc > 651.0101726634492,0.4027077725943785
la,22,0.049814921012715715,0.0,8851.0,16.957246213802605 < la <= 33.715042481948714,0.25361092279232295
asexp,0.90138698369151,0.02951577342040969,0.0,3637.0,-0.6613834552044295 < asexp <= -0.6613834552044295,0.15026667476133246
ld,5,0.013249485122426597,0.0,9293.0,3.5128238249802237 < ld <= 6.605575463515187,0.0674539692146463
age,13.333333333333302,0.013049072526655797,0.0,918.0,6.104315757675584 < age <= 152.17610991761703,0.066433655976778
