commit_id,label,pred,score_or_proba,feature,value_actual,min,max,operator,threshold
,True,True,0.9030007759054386,la,228.0,0.0,5956.0,<,79.46500015258789
,True,True,0.9030007759054386,nuc,47.4444444444444,0.0,209.0,<,71.04000091552734
