feature,value,importance,min,max,rule,importance_ratio
la,241,0.08733057481833437,0.0,5443.0,232.12256852430914 < la <= 634.8693949676458,0.2938093380011613
ent,2.28623712546261,0.07114760600932153,0.0,6.1766722717358205,1.859443113064771 < ent <= 3.211235469649216,0.23936440433892134
ld,198,-0.035916807207772725,0.0,7734.0,100.73397805831269 < ld <= 4104.509049685157,0.12083618332734929
ns,4,-0.028430515352509893,1.0,17.0,3.505300715827059 < ns <= 13.99608707425381,0.09564978716937413
ndev,19.307692307692303,0.024768941970886884,0.0,69.0,1.3178935157767122 < ndev <= 19.676973226328325,0.08333102648864776
