feature,value,importance,min,max,rule,importance_ratio
la,756,0.3031406180000306,0.0,9967.0,229.98350223552893 < la <= 1199.5431080984263,0.6389545999140391
ld,44,-0.09501689073808031,0.0,8658.0,35.06259046661786 < ld <= 6168.514134615445,0.20027497406045383
asexp,0.847108694371853,0.03137007342075559,0.0,1122.0,-0.3302944893099209 < asexp <= 1.5309165943878895,0.06612130318950163
nuc,80.7727272727273,0.015895570147432012,0.0,976.0,12.104132594966572 < nuc <= 255.46934596936424,0.03350441036561105
ndev,4.5,0.01037810662527811,0.0,85.0,4.096578965816638 < ndev <= 10.553100765399932,0.021874795302486136
