feature,value,importance,min,max,rule,importance_ratio
la,364.0,0.08026106870636723,0.0,9967.0,229.98350223552893 < la <= 1199.5431080984263,0.2564050280296936
ent,3.93291710652451,0.07355201460477295,0.0,6.08230385583814,ent > 3.4251727475658535,0.23497203152592863
arexp,27.0,-0.050702409795853304,0.0,863.416666666674,-0.02556803069123248 < arexp <= 97.64182103961909,0.16197582482286885
ld,59.0,-0.037465814763628966,0.0,8658.0,35.06259046661786 < ld <= 6168.514134615445,0.11968970061647712
nuc,94.7222222222222,0.03332391770380609,0.0,976.0,12.104132594966572 < nuc <= 255.46934596936424,0.10645784052743074
