feature,value,importance,min,max,rule,importance_ratio
ent,2.76340846085752,0.11329491854450006,0.0,6.08230385583814,1.596054196840603 < ent <= 3.4251727475658535,0.31491380458609886
la,334.0,0.07675379929399068,0.0,9967.0,229.98350223552893 < la <= 1199.5431080984263,0.21334435173819905
arexp,21.0,-0.05005786284319444,0.0,863.416666666674,-0.02556803069123248 < arexp <= 97.64182103961909,0.1391405037394304
ld,58.0,-0.040155429428644356,0.0,8658.0,35.06259046661786 < ld <= 6168.514134615445,0.11161576546079675
nuc,42.4444444444444,0.031212627227191383,0.0,976.0,12.104132594966572 < nuc <= 255.46934596936424,0.08675841174096208
