feature,value,importance,min,max,rule,importance_ratio
la,662.0,0.07891209163288614,0.0,9967.0,229.98350223552893 < la <= 1199.5431080984263,0.2489312211201534
ent,4.583314180078321,0.07625371245605893,0.0,6.08230385583814,ent > 3.4251727475658535,0.2405452619978609
ndev,2.26530612244898,0.04879025755114623,0.0,85.0,0.9878832845357923 < ndev <= 3.937158674468902,0.15391073965541788
ld,241.0,-0.04004784398511338,0.0,8658.0,35.06259046661786 < ld <= 6168.514134615445,0.12633246059199726
nuc,59.1224489795918,0.031992767109707526,0.0,976.0,12.104132594966572 < nuc <= 255.46934596936424,0.10092241149407358
