feature,value,importance,min,max,rule,importance_ratio
ent,1.15794698172897,0.07845554305311715,0.0,6.08230385583814,1.0371568618967764 < ent <= 1.596054196840603,0.34594960711925243
ld,72.0,-0.03970844735447965,0.0,8658.0,35.06259046661786 < ld <= 6168.514134615445,0.1750943429490666
nuc,33.6666666666667,0.03299181100796837,0.0,976.0,12.104132594966572 < nuc <= 255.46934596936424,0.145477344394034
asexp,61.0,-0.01944289865879643,0.0,1122.0,23.865449598761593 < asexp <= 381.21797766874084,0.08573343438227367
la,155.0,-0.01857165565357866,0.0,9967.0,104.87903696289698 < la <= 229.98350223552893,0.08189168957201312
