feature,value,importance,min,max,rule,importance_ratio
ent,3.3771916333744403,0.11342914249298171,0.0,6.08230385583814,1.596054196840603 < ent <= 3.4251727475658535,0.3033619904436961
la,6839.0,0.10963195901993866,0.0,9967.0,la > 1199.5431080984263,0.2932065655577721
ndev,2.4,0.044737418021713694,0.0,85.0,0.9878832845357923 < ndev <= 3.937158674468902,0.11964854780788346
ld,172.0,-0.043161115748869036,0.0,8658.0,35.06259046661786 < ld <= 6168.514134615445,0.11543278645660052
nuc,61.288888888888906,0.029093667827726027,0.0,976.0,12.104132594966572 < nuc <= 255.46934596936424,0.0778099242183091
