feature,value,importance,min,max,rule,importance_ratio
ent,2.6407427468216698,0.11249387519613809,0.0,6.08230385583814,1.596054196840603 < ent <= 3.4251727475658535,0.316304291543787
la,275.0,0.07746792338168898,0.0,9967.0,229.98350223552893 < la <= 1199.5431080984263,0.2178201842535042
arexp,51.5,-0.05155678383262529,0.0,863.416666666674,-0.02556803069123248 < arexp <= 97.64182103961909,0.14496462101622537
ndev,2.84615384615385,0.0462818443744161,0.0,85.0,0.9878832845357923 < ndev <= 3.937158674468902,0.1301328269709394
ld,72.0,-0.040344235569781145,0.0,8658.0,35.06259046661786 < ld <= 6168.514134615445,0.11343777452350902
