feature,value,importance,min,max,rule,importance_ratio
arexp,61.6666666666667,-0.12011692557561006,0.0,863.416666666674,-0.02556803069123248 < arexp <= 97.64182103961909,0.3182701019574648
la,118,0.08444212048723578,0.0,9967.0,104.87903696289698 < la <= 229.98350223552893,0.22374367449206636
ld,34,0.06155386791850687,0.0,8658.0,14.111432331182087 < ld <= 35.06259046661786,0.16309737969415228
asexp,0.0097732543945313,0.028303326824062884,0.0,1122.0,-0.3302944893099209 < asexp <= 1.5309165943878895,0.07499444954041558
ent,1.02783389161367,0.02330848063865505,0.0,6.08230385583814,0.9990502254233335 < ent <= 1.0371568618967764,0.06175976011531096
