feature,value,importance,min,max,rule,importance_ratio
la,403.0,0.07966832061102658,0.0,9967.0,229.98350223552893 < la <= 1199.5431080984263,0.22571757722128546
ent,4.20078358171917,0.07530316564136627,0.0,6.08230385583814,ent > 3.4251727475658535,0.2133501494107034
arexp,8.0,-0.051812392121085016,0.0,863.416666666674,-0.02556803069123248 < arexp <= 97.64182103961909,0.1467957091340002
ndev,3.17647058823529,0.04870904215966934,0.0,85.0,0.9878832845357923 < ndev <= 3.937158674468902,0.13800324772414382
ld,145.0,-0.03910451512643986,0.0,8658.0,35.06259046661786 < ld <= 6168.514134615445,0.11079154606318464
