feature,value,importance,min,max,rule,importance_ratio
arexp,4.0,-0.11975084491037911,0.0,863.416666666674,-0.02556803069123248 < arexp <= 97.64182103961909,0.3538499635570222
la,219,0.08474966735337935,0.0,9967.0,104.87903696289698 < la <= 229.98350223552893,0.2504255124621993
asexp,0.91358024691358,0.04029181536030166,0.0,1122.0,1.5309165943878895 < asexp <= 1.5309165943878895,0.11905767685863981
ld,1,0.03180269145088103,0.0,8658.0,-1.6019362703947877 < ld <= 3.6358532634641847,0.09397329279247627
age,0.444444444444444,0.02917417912394126,0.0,1802.57575757576,-0.10342751540286343 < age <= 2.1794390140157773,0.08620634140442635
