feature,value,importance,min,max,rule,importance_ratio
la,561,0.30588137359065204,0.0,9967.0,229.98350223552893 < la <= 1199.5431080984263,0.5233436406494261
arexp,21.0,-0.1179045901578201,0.0,863.416666666674,-0.02556803069123248 < arexp <= 97.64182103961909,0.20172727988677305
ld,40,-0.09424081689777894,0.0,8658.0,35.06259046661786 < ld <= 6168.514134615445,0.16124006386561762
asexp,0.0873819539169745,0.03217497356285846,0.0,1122.0,-0.3302944893099209 < asexp <= 1.5309165943878895,0.055049340221414444
nuc,38.3809523809524,0.01614852973802636,0.0,976.0,12.104132594966572 < nuc <= 255.46934596936424,0.027629110739983004
