feature,value,importance,min,max,rule,importance_ratio
ndev,23.0,-0.19716644297641261,0.0,85.0,10.553100765399932 < ndev <= 52.00237651581121,0.4857576273478526
ent,1.3351533568257,0.08009792024044565,0.0,6.08230385583814,1.0371568618967764 < ent <= 1.596054196840603,0.19733670245372878
nuc,296.0,-0.04986809771045585,0.0,976.0,255.46934596936424 < nuc <= 470.68410555791735,0.12285969386321917
age,13.5,0.019694478331139405,0.0,1802.57575757576,11.310905131690312 < age <= 252.15332398535617,0.04852115259356005
la,106.0,-0.01873069328555458,0.0,9967.0,104.87903696289698 < la <= 229.98350223552893,0.046146681918179284
