feature,value,importance,min,max,rule,importance_ratio
ndev,3.5,0.04983536749853761,0.0,85.0,0.9878832845357923 < ndev <= 3.937158674468902,0.23308946728269717
ent,0.985228136034252,-0.04322943493609372,0.0,6.08230385583814,0.008277677113822879 < ent <= 0.9990502254233335,0.2021922675794813
nuc,19.0,0.031988074760284216,0.0,976.0,12.104132594966572 < nuc <= 255.46934596936424,0.14961429361371786
ld,26.0,0.020288833612917466,0.0,8658.0,14.111432331182087 < ld <= 35.06259046661786,0.09489472348650756
la,149.0,-0.01981096488339428,0.0,9967.0,104.87903696289698 < la <= 229.98350223552893,0.09265964078948748
