feature,value,importance,min,max,rule,importance_ratio
la,1903,0.18312374017464575,0.0,9967.0,la > 1199.5431080984263,0.5725410660971557
ld,34,0.058906936197434576,0.0,8658.0,14.111432331182087 < ld <= 35.06259046661786,0.1841740454778343
asexp,0.2,0.029713927713578343,0.0,1122.0,-0.3302944893099209 < asexp <= 1.5309165943878895,0.09290135639890894
nuc,149.333333333333,0.017149511975822474,0.0,976.0,12.104132594966572 < nuc <= 255.46934596936424,0.05361838863884669
ndev,7.466666666666669,0.013685168884749042,0.0,85.0,4.096578965816638 < ndev <= 10.553100765399932,0.04278703119279492
