feature,value,importance,min,max,rule,importance_ratio
ent,2.91322795501949,0.11349967972635386,0.0,6.08230385583814,1.596054196840603 < ent <= 3.4251727475658535,0.300048389072468
la,4763.0,0.10957667761981492,0.0,9967.0,la > 1199.5431080984263,0.2896775187296366
ndev,2.40540540540541,0.04444099074330144,0.0,85.0,0.9878832845357923 < ndev <= 3.937158674468902,0.11748445205714436
ld,4174.0,-0.042941109584504665,0.0,8658.0,35.06259046661786 < ld <= 6168.514134615445,0.11351935782443683
nuc,35.0810810810811,0.02941166402437243,0.0,976.0,12.104132594966572 < nuc <= 255.46934596936424,0.07775283975893478
