feature,value,importance,min,max,rule,importance_ratio
ent,2.07931958735368,0.1130157328467939,0.0,6.08230385583814,1.596054196840603 < ent <= 3.4251727475658535,0.33496506061199194
la,977.0,0.07619753915170457,0.0,9967.0,229.98350223552893 < la <= 1199.5431080984263,0.22584035582935583
arexp,71.5,-0.049491698172802655,0.0,863.416666666674,-0.02556803069123248 < arexp <= 97.64182103961909,0.14668745015100387
ld,63.0,-0.041008644963529954,0.0,8658.0,35.06259046661786 < ld <= 6168.514134615445,0.12154469913003933
nuc,130.636363636364,0.030723391563663834,0.0,976.0,12.104132594966572 < nuc <= 255.46934596936424,0.09106044316218904
