feature,value,importance,min,max,rule,importance_ratio
la,35,-0.1860401761576486,0.0,9967.0,21.47606011447573 < la <= 42.326804326581055,0.5433860452757415
ld,35,0.05548272362988715,0.0,8658.0,14.111432331182087 < ld <= 35.06259046661786,0.16205390898374414
asexp,0.4399988638917371,0.028818980648429617,0.0,1122.0,-0.3302944893099209 < asexp <= 1.5309165943878895,0.08417446299426372
age,6.66666666666667,0.021379631354701376,0.0,1802.57575757576,2.1794390140157773 < age <= 11.310905131690312,0.062445615625734315
ndev,29.0,-0.017619799878005413,0.0,85.0,10.553100765399932 < ndev <= 52.00237651581121,0.05146390189475064
