feature,value,importance,min,max,rule,importance_ratio
ent,2.24058351244584,0.11364330186809156,0.0,6.08230385583814,1.596054196840603 < ent <= 3.4251727475658535,0.3225905143168747
la,397.0,0.07688211438399836,0.0,9967.0,229.98350223552893 < la <= 1199.5431080984263,0.21823935430607636
arexp,78.5,-0.050332767122039684,0.0,863.416666666674,-0.02556803069123248 < arexp <= 97.64182103961909,0.14287576096422103
ld,382.0,-0.03993917900489542,0.0,8658.0,35.06259046661786 < ld <= 6168.514134615445,0.11337228050217776
nuc,53.625,0.030600025966395702,0.0,976.0,12.104132594966572 < nuc <= 255.46934596936424,0.08686194392756323
