feature,value,importance,min,max,rule,importance_ratio
la,1134.0,0.08088429877161257,0.0,9967.0,229.98350223552893 < la <= 1199.5431080984263,0.2840555800798553
ent,4.506834754721781,0.07456070769484922,0.0,6.08230385583814,ent > 3.4251727475658535,0.26184791606128277
ld,1083.0,-0.03949747617135378,0.0,8658.0,35.06259046661786 < ld <= 6168.514134615445,0.13871021540563552
ndev,0.836734693877551,0.03434962131986644,0.0,85.0,0.03136153644937778 < ndev <= 0.9878832845357923,0.12063159052770879
asexp,227.0,-0.021854122099124663,0.0,1122.0,23.865449598761593 < asexp <= 381.21797766874084,0.07674895405264423
