feature,value,importance,min,max,rule,importance_ratio
ent,2.2211137639441203,0.11337377807821167,0.0,6.08230385583814,1.596054196840603 < ent <= 3.4251727475658535,0.28490420537432165
la,819.0,0.0773702892971172,0.0,9967.0,229.98350223552893 < la <= 1199.5431080984263,0.1944287397441229
arexp,73.6666666666666,-0.051523699092183003,0.0,863.416666666674,-0.02556803069123248 < arexp <= 97.64182103961909,0.1294771930214536
ndev,1.65384615384615,0.045293872503921695,0.0,85.0,0.9878832845357923 < ndev <= 3.937158674468902,0.1138218640394382
ld,56.0,-0.04175451510297579,0.0,8658.0,35.06259046661786 < ld <= 6168.514134615445,0.10492758685343331
