feature,value,importance,min,max,rule,importance_ratio
la,279.0,0.0793955015955764,0.0,9967.0,229.98350223552893 < la <= 1199.5431080984263,0.26657193827830294
ent,5.32238194025128,0.07482676495441544,0.0,6.08230385583814,ent > 3.4251727475658535,0.2512323162916432
ld,255.0,-0.03941903053285047,0.0,8658.0,35.06259046661786 < ld <= 6168.514134615445,0.1323501604375407
ndev,0.75,0.03310428527437866,0.0,85.0,0.03136153644937778 < ndev <= 0.9878832845357923,0.11114828061493949
nuc,14.1617647058824,0.032263973384845115,0.0,976.0,12.104132594966572 < nuc <= 255.46934596936424,0.10832691712897921
