feature,value,importance,min,max,rule,importance_ratio
la,6730.0,0.10549688815795084,0.0,9967.0,la > 1199.5431080984263,0.3265871626818122
ent,3.48003205127159,0.07214399960329371,0.0,6.08230385583814,ent > 3.4251727475658535,0.22333648457650515
arexp,76.6666666666666,-0.04908697600914526,0.0,863.416666666674,-0.02556803069123248 < arexp <= 97.64182103961909,0.15195875915747317
ld,173.0,-0.03865877756385134,0.0,8658.0,35.06259046661786 < ld <= 6168.514134615445,0.11967614114287961
nuc,72.36,0.03338142637525289,0.0,976.0,12.104132594966572 < nuc <= 255.46934596936424,0.10333902275717523
