feature,value,importance,min,max,rule,importance_ratio
ndev,14.5,-0.19397746956492162,0.0,85.0,10.553100765399932 < ndev <= 52.00237651581121,0.3894774340652192
ent,2.05792197678041,0.11277480012166945,0.0,6.08230385583814,1.596054196840603 < ent <= 3.4251727475658535,0.22643474975275554
la,479.0,0.07363524228166508,0.0,9967.0,229.98350223552893 < la <= 1199.5431080984263,0.1478484345886113
nuc,341.625,-0.05864476316759571,0.0,976.0,255.46934596936424 < nuc <= 470.68410555791735,0.11774981873466053
ld,151.0,-0.039014830443023375,0.0,8658.0,35.06259046661786 < ld <= 6168.514134615445,0.0783358814068489
