feature,value,importance,min,max,rule,importance_ratio
ent,4.42672775991771,0.07620887878086423,0.0,6.08230385583814,ent > 3.4251727475658535,0.2511503019439192
arexp,5.0,-0.05185809885991102,0.0,863.416666666674,-0.02556803069123248 < arexp <= 97.64182103961909,0.1709010471647903
ndev,1.95,0.048910930143727584,0.0,85.0,0.9878832845357923 < ndev <= 3.937158674468902,0.1611885002176359
ld,261.0,-0.03959743424984536,0.0,8658.0,35.06259046661786 < ld <= 6168.514134615445,0.13049539275665448
nuc,56.7,0.033710834792865754,0.0,976.0,12.104132594966572 < nuc <= 255.46934596936424,0.11109579976048295
