feature,value,importance,min,max,rule,importance_ratio
la,6.0,-0.0516435448247126,0.0,9967.0,0.6253159023704029 < la <= 11.050688008423094,0.2433603968680928
ent,0.7219280948873621,-0.04308831618546961,0.0,6.08230385583814,0.008277677113822879 < ent <= 0.9990502254233335,0.2030455067107626
nuc,15.5,0.03171063694556982,0.0,976.0,12.104132594966572 < nuc <= 255.46934596936424,0.14943035413636174
ld,9.0,0.0193174235048657,0.0,8658.0,3.6358532634641847 < ld <= 14.111432331182087,0.09102968951046057
asexp,31.0,-0.0185352022361314,0.0,1122.0,23.865449598761593 < asexp <= 381.21797766874084,0.08734362034065504
