feature,value,importance,min,max,rule,importance_ratio
ndev,11.7777777777778,-0.19500595719335592,0.0,85.0,10.553100765399932 < ndev <= 52.00237651581121,0.5083241386680105
ent,1.5909459483160902,0.08025998443466632,0.0,6.08230385583814,1.0371568618967764 < ent <= 1.596054196840603,0.20921456987494394
nuc,225.111111111111,0.03151085565798437,0.0,976.0,12.104132594966572 < nuc <= 255.46934596936424,0.0821396884052866
age,31.88888888888889,0.019040702201106423,0.0,1802.57575757576,11.310905131690312 < age <= 252.15332398535617,0.04963360445657854
la,214.0,-0.01815120300752205,0.0,9967.0,104.87903696289698 < la <= 229.98350223552893,0.04731493728388115
