feature,value,importance,min,max,rule,importance_ratio
ent,1.993988380992629,0.11457427177871773,0.0,6.08230385583814,1.596054196840603 < ent <= 3.4251727475658535,0.38965849000109415
arexp,30.5,-0.0520059171811771,0.0,863.416666666674,-0.02556803069123248 < arexp <= 97.64182103961909,0.1768682169682669
ndev,1.8333333333333304,0.04690109172958102,0.0,85.0,0.9878832845357923 < ndev <= 3.937158674468902,0.15950708914866538
ld,40.0,-0.04083364687875341,0.0,8658.0,35.06259046661786 < ld <= 6168.514134615445,0.1388721650768411
age,40.8333333333333,0.019180065186847114,0.0,1802.57575757576,11.310905131690312 < age <= 252.15332398535617,0.06522996064302843
