feature,value,importance,min,max,rule,importance_ratio
ndev,11.8888888888889,-0.19405310584660188,0.0,85.0,10.553100765399932 < ndev <= 52.00237651581121,0.4310340208944277
ent,1.78967781880793,0.11560669868491262,0.0,6.08230385583814,1.596054196840603 < ent <= 3.4251727475658535,0.25678754256002045
ld,115.0,-0.039580396918989166,0.0,8658.0,35.06259046661786 < ld <= 6168.514134615445,0.08791664301459605
la,65.0,-0.03374535933963399,0.0,9967.0,42.326804326581055 < la <= 104.87903696289698,0.07495575945168248
nuc,174.77777777777803,0.029314787184001566,0.0,976.0,12.104132594966572 < nuc <= 255.46934596936424,0.06511449809812925
