feature,value,importance,min,max,rule,importance_ratio
ld,153,-0.09894405556651183,0.0,8658.0,35.06259046661786 < ld <= 6168.514134615445,0.33825114371291093
la,160,0.08210435433403288,0.0,9967.0,104.87903696289698 < la <= 229.98350223552893,0.2806827716762427
asexp,131.0,-0.049804790981092695,0.0,1122.0,23.865449598761593 < asexp <= 381.21797766874084,0.17026315947209744
age,5.75,0.021838368591280837,0.0,1802.57575757576,2.1794390140157773 < age <= 11.310905131690312,0.0746568665548512
ndev,23.25,-0.016837951005028634,0.0,85.0,10.553100765399932 < ndev <= 52.00237651581121,0.05756238869149965
