feature,value,importance,min,max,rule,importance_ratio
ndev,15.5,-0.19275078649711674,0.0,85.0,10.553100765399932 < ndev <= 52.00237651581121,0.4460455027683479
ent,1.3448851413618002,0.07830346529585722,0.0,6.08230385583814,1.0371568618967764 < ent <= 1.596054196840603,0.18120241780137675
arexp,383.038095238094,0.07205822377722411,0.0,863.416666666674,218.16753521149144 < arexp <= 822.8741356255406,0.16675027499193543
nuc,129.5,0.030617463060243266,0.0,976.0,12.104132594966572 < nuc <= 255.46934596936424,0.07085201545676605
age,32.5,0.01762722549481852,0.0,1802.57575757576,11.310905131690312 < age <= 252.15332398535617,0.04079124553074121
