feature,value,importance,min,max,rule,importance_ratio
la,5753.0,0.10563617707782384,0.0,9967.0,la > 1199.5431080984263,0.3079421985554074
ent,3.8083001521180897,0.07392344065387801,0.0,6.08230385583814,ent > 3.4251727475658535,0.21549574652786488
ndev,1.55714285714286,0.04778293730912278,0.0,85.0,0.9878832845357923 < ndev <= 3.937158674468902,0.13929302607728933
ld,3536.0,-0.040748638625184075,0.0,8658.0,35.06259046661786 < ld <= 6168.514134615445,0.11878719690068394
nuc,27.21428571428569,0.03173877826480971,0.0,976.0,12.104132594966572 < nuc <= 255.46934596936424,0.09252236713496015
