feature,value,importance,min,max,rule,importance_ratio
ent,3.6793128059003903,0.07591262963754646,0.0,6.08230385583814,ent > 3.4251727475658535,0.2644520860269274
arexp,71.5,-0.05201582479398928,0.0,863.416666666674,-0.02556803069123248 < arexp <= 97.64182103961909,0.18120427969442987
ndev,3.05555555555556,0.049559351927583005,0.0,85.0,0.9878832845357923 < ndev <= 3.937158674468902,0.17264681861198064
ld,88.0,-0.03941155168642243,0.0,8658.0,35.06259046661786 < ld <= 6168.514134615445,0.13729556078870855
nuc,27.0555555555556,0.032848903479907404,0.0,976.0,12.104132594966572 < nuc <= 255.46934596936424,0.11443367316394645
