feature,value,importance,min,max,rule,importance_ratio
ndev,15.7142857142857,-0.19920843743272537,0.0,85.0,10.553100765399932 < ndev <= 52.00237651581121,0.3977319828249536
ent,2.13085725359741,0.1135408450192155,0.0,6.08230385583814,1.596054196840603 < ent <= 3.4251727475658535,0.226691328957208
la,251.0,0.07410838114525801,0.0,9967.0,229.98350223552893 < la <= 1199.5431080984263,0.14796197267901848
nuc,319.142857142857,-0.061834792140267075,0.0,976.0,255.46934596936424 < nuc <= 470.68410555791735,0.12345699209564255
ld,24.0,0.021359560586745215,0.0,8658.0,14.111432331182087 < ld <= 35.06259046661786,0.04264568556392033
