feature,value,importance,min,max,rule,importance_ratio
la,5535,0.18467177355228948,0.0,9967.0,la > 1199.5431080984263,0.39083498426122565
arexp,7.0,-0.11575404025582073,0.0,863.416666666674,-0.02556803069123248 < arexp <= 97.64182103961909,0.2449791196094575
ld,304,-0.09488737192262182,0.0,8658.0,35.06259046661786 < ld <= 6168.514134615445,0.20081739509295574
asexp,6.0,0.048134838965939626,0.0,1122.0,1.5309165943878895 < asexp <= 23.865449598761593,0.1018714374578898
nuc,4.33333333333333,-0.013440216152517673,0.0,976.0,1.2071827423816117 < nuc <= 5.747578514292009,0.028444556346611166
