feature,value,importance,min,max,rule,importance_ratio
arexp,217.5,0.15177408319170552,0.0,863.416666666674,218.16753521149144 < arexp <= 822.8741356255406,0.43459088644021304
la,193,0.08325313145581459,0.0,9967.0,104.87903696289698 < la <= 229.98350223552893,0.23838755232410686
ld,19,0.062235637850795354,0.0,8658.0,14.111432331182087 < ld <= 35.06259046661786,0.1782059258930668
asexp,6.2722547929750505e-06,0.026457865278305376,0.0,1122.0,asexp <= -0.3302944893099209,0.07575962168778795
age,60.8333333333333,0.010138673724337091,0.0,1802.57575757576,11.310905131690312 < age <= 252.15332398535617,0.029031143582151125
