feature,value,importance,min,max,rule,importance_ratio
ent,2.86800430810539,0.11284660687508132,0.0,6.08230385583814,1.596054196840603 < ent <= 3.4251727475658535,0.3952279470495087
ndev,2.4,0.045960956414083175,0.0,85.0,0.9878832845357923 < ndev <= 3.937158674468902,0.160971206410117
ld,117.0,-0.04268852194061771,0.0,8658.0,35.06259046661786 < ld <= 6168.514134615445,0.1495100061612383
nuc,20.9,0.0305901195072824,0.0,976.0,12.104132594966572 < nuc <= 255.46934596936424,0.10713720569592128
age,12.4,0.019221248127111897,0.0,1802.57575757576,11.310905131690312 < age <= 252.15332398535617,0.06731947594505087
