feature,value,importance,min,max,rule,importance_ratio
la,1404.0,0.10563595192535413,0.0,9967.0,la > 1199.5431080984263,0.32257382714684746
arexp,83.6666666666665,-0.05328080426158666,0.0,863.416666666674,-0.02556803069123248 < arexp <= 97.64182103961909,0.16270022308566848
ndev,2.3333333333333304,0.047916462895874076,0.0,85.0,0.9878832845357923 < ndev <= 3.937158674468902,0.14631947303872603
ent,0.102460827765925,-0.042562638816800384,0.0,6.08230385583814,0.008277677113822879 < ent <= 0.9990502254233335,0.12997083896499603
nuc,13.166666666666698,0.03129283815247115,0.0,976.0,12.104132594966572 < nuc <= 255.46934596936424,0.09555696125370682
