feature,value,importance,min,max,rule,importance_ratio
ent,2.9046030638158102,0.11579627890999307,0.0,6.08230385583814,1.596054196840603 < ent <= 3.4251727475658535,0.3786072458102619
arexp,48.0,-0.05195185255545665,0.0,863.416666666674,-0.02556803069123248 < arexp <= 97.64182103961909,0.16986165700584374
ld,55.0,-0.04034162238092781,0.0,8658.0,35.06259046661786 < ld <= 6168.514134615445,0.13190087526933997
nuc,29.25,0.03147725227572976,0.0,976.0,12.104132594966572 < nuc <= 255.46934596936424,0.10291795126726112
ndev,4.0,0.026675224515739743,0.0,85.0,3.937158674468902 < ndev <= 4.096578965816638,0.08721725240518963
