feature,value,importance,min,max,rule,importance_ratio
ent,2.92658049970769,0.11337171256434186,0.0,6.08230385583814,1.596054196840603 < ent <= 3.4251727475658535,0.32535169051812957
la,2246.0,0.11034129733106346,0.0,9967.0,la > 1199.5431080984263,0.316655070375257
ndev,2.72222222222222,0.04523073406251941,0.0,85.0,0.9878832845357923 < ndev <= 3.937158674468902,0.1298021830821769
ld,1667.0,-0.04218067447561124,0.0,8658.0,35.06259046661786 < ld <= 6168.514134615445,0.12104918799781299
age,59.27777777777778,0.01995721938874764,0.0,1802.57575757576,11.310905131690312 < age <= 252.15332398535617,0.05727279688471847
