feature,value,importance,min,max,rule,importance_ratio
ndev,16.5,-0.18638601232182853,0.0,85.0,10.553100765399932 < ndev <= 52.00237651581121,0.40803454786268556
ent,1.49174957744252,0.07969778335234097,0.0,6.08230385583814,1.0371568618967764 < ent <= 1.596054196840603,0.17447365599345577
la,331.0,0.07747959171892632,0.0,9967.0,229.98350223552893 < la <= 1199.5431080984263,0.169617611224118
arexp,52.0,-0.04820654869129337,0.0,863.416666666674,-0.02556803069123248 < arexp <= 97.64182103961909,0.10553333404284003
nuc,197.333333333333,0.03153352350012262,0.0,976.0,12.104132594966572 < nuc <= 255.46934596936424,0.06903290028906861
