feature,value,importance,min,max,rule,importance_ratio
ent,3.3285338442491903,0.1110450455544337,0.0,6.08230385583814,1.596054196840603 < ent <= 3.4251727475658535,0.32203201714086904
arexp,287.5,0.07745985229818045,0.0,863.416666666674,218.16753521149144 < arexp <= 822.8741356255406,0.22463453779924958
ndev,1.13333333333333,0.04698017677276658,0.0,85.0,0.9878832845357923 < ndev <= 3.937158674468902,0.1362430986112965
ld,95.0,-0.04263233119791205,0.0,8658.0,35.06259046661786 < ld <= 6168.514134615445,0.12363429221478725
nuc,23.533333333333307,0.029365259809042008,0.0,976.0,12.104132594966572 < nuc <= 255.46934596936424,0.085159619710687
