feature,value,importance,min,max,rule,importance_ratio
ent,1.83358668412534,0.112484529879868,0.0,6.08230385583814,1.596054196840603 < ent <= 3.4251727475658535,0.29351582299580997
la,1057.0,0.07647665173600274,0.0,9967.0,229.98350223552893 < la <= 1199.5431080984263,0.1995572848837969
arexp,7.0,-0.051811495901468003,0.0,863.416666666674,-0.02556803069123248 < arexp <= 97.64182103961909,0.1351963143412238
ndev,2.96551724137931,0.04542598313767621,0.0,85.0,0.9878832845357923 < ndev <= 3.937158674468902,0.11853403166007404
ld,1020.0,-0.04134037543713727,0.0,8658.0,35.06259046661786 < ld <= 6168.514134615445,0.10787309448104662
