feature,value,importance,min,max,rule,importance_ratio
la,6199.0,0.10388931924955631,0.0,9967.0,la > 1199.5431080984263,0.27787812945954604
ent,3.95174444169184,0.07328317955099761,0.0,6.08230385583814,ent > 3.4251727475658535,0.19601430639431436
arexp,52.5,-0.050806818717038085,0.0,863.416666666674,-0.02556803069123248 < arexp <= 97.64182103961909,0.13589562286924978
ndev,2.7272727272727297,0.047859578217824016,0.0,85.0,0.9878832845357923 < ndev <= 3.937158674468902,0.12801248644189733
ld,70.0,-0.039738790059030756,0.0,8658.0,35.06259046661786 < ld <= 6168.514134615445,0.10629139480703864
