feature,value,importance,min,max,rule,importance_ratio
ent,2.88535299209746,0.11369121603163128,0.0,6.08230385583814,1.596054196840603 < ent <= 3.4251727475658535,0.32729960013115217
la,491.0,0.07674551001981857,0.0,9967.0,229.98350223552893 < la <= 1199.5431080984263,0.22093857043766144
arexp,36.5,-0.05021760404410942,0.0,863.416666666674,-0.02556803069123248 < arexp <= 97.64182103961909,0.1445687916523705
ld,143.0,-0.039952485991354196,0.0,8658.0,35.06259046661786 < ld <= 6168.514134615445,0.11501708879230872
nuc,53.6666666666667,0.030432750774343358,0.0,976.0,12.104132594966572 < nuc <= 255.46934596936424,0.087611228967437
