feature,value,importance,min,max,rule,importance_ratio
la,1079.0,0.08014680863101686,0.0,9967.0,229.98350223552893 < la <= 1199.5431080984263,0.2528909164366709
ent,1.25067713448827,0.07748265722680231,0.0,6.08230385583814,1.0371568618967764 < ent <= 1.596054196840603,0.2444845968133949
arexp,87.9166666666665,-0.05070106611965774,0.0,863.416666666674,-0.02556803069123248 < arexp <= 97.64182103961909,0.15997940896619095
ld,592.0,-0.03773577953677111,0.0,8658.0,35.06259046661786 < ld <= 6168.514134615445,0.11906944309461946
nuc,17.428571428571402,0.032634337825222876,0.0,976.0,12.104132594966572 < nuc <= 255.46934596936424,0.10297262911514905
