feature,value,importance,min,max,rule,importance_ratio
la,3678,0.18118678985363199,0.0,9967.0,la > 1199.5431080984263,0.3685441137405788
arexp,245.916666666668,0.148491282396091,0.0,863.416666666674,218.16753521149144 < arexp <= 822.8741356255406,0.3020396139976778
ld,3695,-0.09903657736388491,0.0,8658.0,35.06259046661786 < ld <= 6168.514134615445,0.20144596447654092
asexp,1.0,0.04039235673052937,0.0,1122.0,1.5309165943878895 < asexp <= 1.5309165943878895,0.08216032374750883
nuc,59.8275862068966,0.01323536373087557,0.0,976.0,12.104132594966572 < nuc <= 255.46934596936424,0.02692147369115696
