feature,value,importance,min,max,rule,importance_ratio
ndev,11.3,-0.18944370999337737,0.0,85.0,10.553100765399932 < ndev <= 52.00237651581121,0.3637073154741633
ent,2.18507010558014,0.11477166173363382,0.0,6.08230385583814,1.596054196840603 < ent <= 3.4251727475658535,0.22034668231058177
la,240.0,0.07439788749187021,0.0,9967.0,229.98350223552893 < la <= 1199.5431080984263,0.14283428010126534
arexp,96.9999999999999,-0.047865497006385434,0.0,863.416666666674,-0.02556803069123248 < arexp <= 97.64182103961909,0.09189553678313012
ld,112.0,-0.03823560411784182,0.0,8658.0,35.06259046661786 < ld <= 6168.514134615445,0.07340739330811913
