feature,value,importance,min,max,rule,importance_ratio
la,921,0.3051575180066082,0.0,9967.0,229.98350223552893 < la <= 1199.5431080984263,0.5109154708480554
arexp,56.0,-0.11786614792951187,0.0,863.416666666674,-0.02556803069123248 < arexp <= 97.64182103961909,0.19733952110971442
ld,106,-0.09359139670535922,0.0,8658.0,35.06259046661786 < ld <= 6168.514134615445,0.15669708164951804
asexp,0.115226340890338,0.03212815871430909,0.0,1122.0,-0.3302944893099209 < asexp <= 1.5309165943878895,0.05379114840174713
ent,1.5190234160185805,0.017190693694422905,0.0,6.08230385583814,1.0371568618967764 < ent <= 1.596054196840603,0.02878182854698858
