feature,value,importance,min,max,rule,importance_ratio
la,1103,0.3089149511901168,0.0,9967.0,229.98350223552893 < la <= 1199.5431080984263,0.5728471523853942
arexp,91.6666666666666,-0.11880854789670454,0.0,863.416666666674,-0.02556803069123248 < arexp <= 97.64182103961909,0.22031675087097027
asexp,107.0,-0.05107604854422605,0.0,1122.0,23.865449598761593 < asexp <= 381.21797766874084,0.09471464184862716
ld,2,0.03341263653654764,0.0,8658.0,-1.6019362703947877 < ld <= 3.6358532634641847,0.06195988125505095
ent,1.27039005151858,0.016891857546076333,0.0,6.08230385583814,1.0371568618967764 < ent <= 1.596054196840603,0.03132400182150569
