feature,value,importance,min,max,rule,importance_ratio
arexp,61.0,-0.1202609563316554,0.0,863.416666666674,-0.02556803069123248 < arexp <= 97.64182103961909,0.29772236840735683
ld,125,-0.0983331956676301,0.0,8658.0,35.06259046661786 < ld <= 6168.514134615445,0.2434372118785885
la,204,0.08409520759936102,0.0,9967.0,104.87903696289698 < la <= 229.98350223552893,0.20818913421196375
asexp,46.0,-0.04894525423961618,0.0,1122.0,23.865449598761593 < asexp <= 381.21797766874084,0.12117063974056431
nuc,178.0,0.016731576509149734,0.0,976.0,12.104132594966572 < nuc <= 255.46934596936424,0.04142129530182147
