feature,value,importance,min,max,rule,importance_ratio
ent,2.18772503807746,0.11502276668644879,0.0,6.08230385583814,1.596054196840603 < ent <= 3.4251727475658535,0.2735660553407937
la,1629.0,0.10770478286651648,0.0,9967.0,la > 1199.5431080984263,0.2561612230250841
arexp,32.25,-0.05041612380870112,0.0,863.416666666674,-0.02556803069123248 < arexp <= 97.64182103961909,0.1199079148697293
ndev,2.77777777777778,0.043959309400017264,0.0,85.0,0.9878832845357923 < ndev <= 3.937158674468902,0.1045512572380594
ld,64.0,-0.04244343466935903,0.0,8658.0,35.06259046661786 < ld <= 6168.514134615445,0.10094595471923364
