feature,value,importance,min,max,rule,importance_ratio
la,583,0.30982270093732905,0.0,9967.0,229.98350223552893 < la <= 1199.5431080984263,0.5807143669792402
arexp,93.8333333333332,-0.11822885773942574,0.0,863.416666666674,-0.02556803069123248 < arexp <= 97.64182103961909,0.22160156784223903
asexp,134.0,-0.05189342168076702,0.0,1122.0,23.865449598761593 < asexp <= 381.21797766874084,0.09726613134080565
ld,6,0.037537552333629966,0.0,8658.0,3.6358532634641847 < ld <= 14.111432331182087,0.07035829161460781
age,80.3333333333333,0.00995195658145466,0.0,1802.57575757576,11.310905131690312 < age <= 252.15332398535617,0.018653391597581327
