feature,value,importance,min,max,rule,importance_ratio
ent,2.3371761932205803,0.11460064714887583,0.0,6.08230385583814,1.596054196840603 < ent <= 3.4251727475658535,0.3671982774890044
arexp,26.0,-0.05304678874285643,0.0,863.416666666674,-0.02556803069123248 < arexp <= 97.64182103961909,0.16997015232728607
ndev,2.88888888888889,0.04666987896524084,0.0,85.0,0.9878832845357923 < ndev <= 3.937158674468902,0.14953754270160646
nuc,20.4444444444444,0.031570877567668076,0.0,976.0,12.104132594966572 < nuc <= 255.46934596936424,0.10115799648673873
ld,18.0,0.024120544322417378,0.0,8658.0,14.111432331182087 < ld <= 35.06259046661786,0.07728597130680102
