feature,value,importance,min,max,rule,importance_ratio
arexp,11.5,-0.1214605690668259,0.0,863.416666666674,-0.02556803069123248 < arexp <= 97.64182103961909,0.35130979495109577
la,129,0.08467895410494844,0.0,9967.0,104.87903696289698 < la <= 229.98350223552893,0.24492348613084014
ld,32,0.06296716861869465,0.0,8658.0,14.111432331182087 < ld <= 35.06259046661786,0.18212481026590643
asexp,0.0039110779762268,0.02808307889355638,0.0,1122.0,-0.3302944893099209 < asexp <= 1.5309165943878895,0.08122686039995974
nuc,197.57142857142892,0.019486618049439075,0.0,976.0,12.104132594966572 < nuc <= 255.46934596936424,0.056362652042839335
