feature,value,importance,min,max,rule,importance_ratio
ent,2.89944551972333,0.11542854707686212,0.0,6.08230385583814,1.596054196840603 < ent <= 3.4251727475658535,0.2992956570474997
age,279.2,-0.11279000461221747,0.0,1802.57575757576,252.15332398535617 < age <= 957.5590815757139,0.29245415795042023
arexp,23.0,-0.05086761166262561,0.0,863.416666666674,-0.02556803069123248 < arexp <= 97.64182103961909,0.13189506097538295
ndev,1.6,0.04692870406105503,0.0,85.0,0.9878832845357923 < ndev <= 3.937158674468902,0.12168183410459468
ld,88.0,-0.04001086215276587,0.0,8658.0,35.06259046661786 < ld <= 6168.514134615445,0.10374450324732042
