feature,value,importance,min,max,rule,importance_ratio
ent,2.98205477343275,0.11682757590208369,0.0,6.08230385583814,1.596054196840603 < ent <= 3.4251727475658535,0.371087009310456
arexp,26.0,-0.05078567153138008,0.0,863.416666666674,-0.02556803069123248 < arexp <= 97.64182103961909,0.16131382354623414
ld,55.0,-0.040765152210349966,0.0,8658.0,35.06259046661786 < ld <= 6168.514134615445,0.12948499787843742
la,48.0,-0.03434436814729877,0.0,9967.0,42.326804326581055 < la <= 104.87903696289698,0.10909024486753112
nuc,36.6,0.03186462071558464,0.0,976.0,12.104132594966572 < nuc <= 255.46934596936424,0.10121366220992874
