feature,value,importance,min,max,rule,importance_ratio
ent,1.93211704731867,0.11673847379422576,0.0,6.08230385583814,1.596054196840603 < ent <= 3.4251727475658535,0.31598446781989215
la,1858.0,0.1087458393262164,0.0,9967.0,la > 1199.5431080984263,0.2943502261961355
arexp,2.0,-0.05004532825679557,0.0,863.416666666674,-0.02556803069123248 < arexp <= 97.64182103961909,0.1354613085311515
nuc,75.9230769230769,0.030880459305147667,0.0,976.0,12.104132594966572 < nuc <= 255.46934596936424,0.08358637201965517
ld,17.0,0.021803462989611232,0.0,8658.0,14.111432331182087 < ld <= 35.06259046661786,0.059017009778174756
