feature,value,importance,min,max,rule,importance_ratio
ent,2.19718278575091,0.11625023519619089,0.0,6.08230385583814,1.596054196840603 < ent <= 3.4251727475658535,0.2433286556586713
age,297.0,-0.11298941332419785,0.0,1802.57575757576,252.15332398535617 < age <= 957.5590815757139,0.23650328105951127
la,1571.0,0.10880591363133223,0.0,9967.0,la > 1199.5431080984263,0.2277466075397074
arexp,15.0,-0.049572721778409615,0.0,863.416666666674,-0.02556803069123248 < arexp <= 97.64182103961909,0.10376291907990043
ndev,3.3333333333333304,0.04513709936626352,0.0,85.0,0.9878832845357923 < ndev <= 3.937158674468902,0.09447851602699076
