feature,value,importance,min,max,rule,importance_ratio
la,94,0.11370988751094017,0.0,5213.0,51.009668350915256 < la <= 118.90743536756628,0.4122331685011614
age,20.0,0.05806840232599628,0.0,2713.05714285714,4.2314858096329 < age <= 205.66766568599962,0.21051574321839492
nuc,46.5,0.036735345929124155,0.0,832.0,22.00151805377125 < nuc <= 240.8531565030858,0.13317688003949624
ns,1,0.02182920837493223,1.0,7.0,ns <= 1.5017949723174673,0.07913756605734591
nd,1,-0.02106909918751635,1.0,33.0,nd <= 1.5082366424900593,0.07638193745200458
