feature,value,importance,min,max,rule,importance_ratio
la,288,0.1984972947612415,0.0,5213.0,la > 239.94258526681375,0.5690185756853273
age,7.0,0.05973972597641783,0.0,2713.05714285714,4.2314858096329 < age <= 205.66766568599962,0.17125177362150368
nuc,32.25,0.03752559412815292,0.0,832.0,22.00151805377125 < nuc <= 240.8531565030858,0.10757204599806257
nd,2,0.021070845545326976,1.0,33.0,1.5082366424900593 < nd <= 2.5011184800605895,0.060402347221452324
ns,1,0.01988544716122975,1.0,7.0,ns <= 1.5017949723174673,0.057004247005779274
