commit_id,label,pred,score_or_proba,feature,value_actual,min,max,operator,threshold
,True,True,0.9999998838424748,nd,14.0,1.0,32.0,<,3.5
,True,True,0.9999998838424748,la,5584.0,0.0,8960.0,<,165.95499420166016
,True,True,0.9999998838424748,ld,911.0,0.0,6029.0,>,346.5
,True,True,0.9999998838424748,aexp,171.0,0.0,1406.0,<,30.0
