commit_id,label,pred,score_or_proba,feature,value_actual,min,max,operator,threshold
,True,True,0.7199362769676757,la,267.0,0.0,8960.0,<,90.0
,True,True,0.7199362769676757,nd,4.0,1.0,32.0,<,3.024999976158142
,True,True,0.7199362769676757,nuc,54.0,0.0,258.0,<,18.21500015258789
