commit_id,label,pred,score_or_proba,feature,value_actual,min,max,operator,threshold
,True,True,0.9496835761484992,nuc,10.1764705882353,0.0,258.0,<,-2.064999938011169
,True,True,0.9496835761484992,asexp,141.0,0.0,1051.0,>,33.920000076293945
,True,True,0.9496835761484992,aexp,376.0,0.0,1406.0,<,219.0
,True,True,0.9496835761484992,nd,5.0,1.0,32.0,<,1.034999966621399
