commit_id,label,pred,score_or_proba,feature,value_actual,min,max,operator,threshold
,True,True,0.6141006591109123,la,269.0,0.0,8960.0,<,103.7599983215332
,True,True,0.6141006591109123,aexp,180.0,0.0,1406.0,<,710.6000061035156
,True,True,0.6141006591109123,age,53.4,0.0,1848.0,<,91.72000122070312
,True,True,0.6141006591109123,nd,3.0,1.0,32.0,<,2.995000004768372
