rule,type,coef,support,importance,Class
ndev > 0.5149999856948853 & ndev > -1.5199999809265137 & age > 6.0,rule,2.295577637462491,0.791005291005291,0.9333603019440221,Defect
la > -2.7700001001358032 & nuc > -0.7450000196695328 & age > 7.804999828338623,rule,1.860803073273876,0.7698412698412699,0.7832758483121972,Defect
asexp > 0.32500000298023224 & ld > -3.1250000596046448 & asexp > -1.1749999821186066,rule,1.448739558776067,0.6005291005291006,0.7095776395109993,Defect
nuc > 36.58500099182129,rule,1.592245256342658,0.746031746031746,0.6930719693087163,Defect
age > 7.254999876022339 & ent > 1.8899999856948853 & nuc > -0.8700000122189522,rule,1.8516057616724906,0.8359788359788359,0.6856399423624792,Defect
