rule,type,coef,support,importance,Class
arexp > 0.9749999940395355 & ld > -0.41499999165534973 & asexp <= 5.4100000858306885,rule,0.40017089217483676,0.4960212201591512,0.20007911100617845,Defect
arexp > 1.3699999749660492 & asexp <= 4.980000019073486,rule,0.3792575112800771,0.53315649867374,0.18921135823107382,Defect
age > 8.53499984741211 & asexp <= 4.56000018119812 & ent <= 1.465000033378601,rule,0.3951587750270585,0.33687002652519893,0.18676786105062157,Defect
ld > -2.1299999952316284 & ld <= 124.86499786376953 & la > 88.1150016784668,rule,0.39037508968909856,0.3395225464190981,0.18486104561952632,Defect
ent > 0.5999999940395355 & ent <= 1.0199999809265137 & arexp > 0.5,rule,0.42488451723316106,0.246684350132626,0.1831598165220852,Defect
