rule,type,coef,support,importance,Class
ent > 3.284999966621399 & age > 9.494999885559082 & arexp > 20.34999942779541,rule,0.4220864886328636,0.43271767810026385,0.20912376741884367,Defect
ent > 3.3249999284744263,rule,0.2906745077564105,0.5567282321899736,0.14439880668357793,Defect
ndev > 0.3149999976158142 & nuc > -4.210000038146973 & la > -79.1400032043457,rule,0.35892248355292505,0.8073878627968337,0.14154143603573677,Defect
asexp > 0.45499999821186066 & arexp > 5.7799999713897705 & ndev > 0.044999999925494194,rule,0.2700969013155905,0.49604221635883905,0.13504421977978978,Defect
ndev > 1.6800000071525574,rule,0.2700243790611285,0.5329815303430079,0.13471814184037148,Defect
