rule,type,coef,support,importance,Class
la > -0.1849999949336052 & ent <= 1.024999976158142 & age > 0.3149999976158142,rule,0.12797029570402513,0.736,0.05640921344586162,Defect
asexp > 2.2549999952316284 & age > 0.9000000059604645 & la > -0.4350000098347664,rule,0.10434484278551903,0.5573333333333333,0.05182829337062145,Defect
la > -0.1849999949336052 & la > 0.4949999898672104 & nuc > -15.230000495910645,rule,0.12991732636336079,0.8693333333333333,0.04378674346128382,Defect
age > 4.380000114440918 & ent <= 1.050000011920929 & ent <= 0.6850000023841858,rule,0.08833065615618677,0.6186666666666667,0.042903448365584684,Defect
ent <= 0.5649999976158142 & ld <= 17.90999984741211,rule,0.0945498618714527,0.72,0.04245278269077322,Defect
