commit_id,label,pred,score_or_proba,feature,value_actual,min,max,operator,threshold
,True,True,0.86,la,147.0,0.0,9967.0,<,82.0
,True,True,0.86,ent,1.84421482224325,0.0,6.08230385583814,>,1.0099999904632568
,True,True,0.86,ld,60.0,0.0,8658.0,<,0.5
,True,True,0.86,age,14.142857142857098,0.0,1802.57575757576,>,35.97999954223633
