rule,type,coef,support,importance,Class
ld > 14.265000343322754 & nuc > -3.3299999237060547 & age <= 306.30999755859375,rule,2.3870135395101224,0.8093994778067886,0.9375585213247858,Defect
asexp > -0.054999999701976776 & ndev > 0.09999999776482582,rule,2.4049132970106526,0.8276762402088773,0.9082433956122742,Defect
asexp > -29.554999351501465 & age > 26.34500026702881 & la <= 1091.5349731445312,rule,2.4480421823888925,0.8668407310704961,0.8317144614066913,Defect
ndev > 0.9449999928474426 & nuc > 2.300000011920929,rule,1.743205007058646,0.6971279373368147,0.8010033197257782,Defect
ndev > 1.6850000023841858 & nuc > -5.730000019073486,rule,1.5413973293125807,0.46475195822454307,0.7687812096685691,Defect
