commit_id,label,pred,score_or_proba,feature,value_actual,min,max,operator,threshold
,True,True,0.92,asexp,0.5464617156882651,0.0,1122.0,>,0.5349999964237213
,True,True,0.92,ndev,3.7058823529411806,0.0,85.0,<,7.889999866485596
,True,True,0.92,arexp,56.00000000000011,0.0,863.416666666674,<,63.329999923706055
,True,True,0.92,ld,2.0,0.0,8658.0,<,0.5
,True,True,0.92,age,3.23529411764706,0.0,1802.57575757576,>,137.43000030517578
