commit_id,label,pred,score_or_proba,feature,value_actual,min,max,operator,threshold
,True,True,0.95,arexp,126.0,0.0,863.416666666674,<,10.09000015258789
,True,True,0.95,la,945.0,0.0,9967.0,<,512.4250030517578
,True,True,0.95,ld,144.0,0.0,8658.0,<,0.4200000017881393
,True,True,0.95,ndev,3.35714285714286,0.0,85.0,<,0.1099999994039535
