commit_id,label,pred,score_or_proba,feature,value_actual,min,max,operator,threshold
,True,True,1.0,nuc,21.6315789473684,0.0,976.0,<,31.19499969482422
,True,True,1.0,la,440.0,0.0,9967.0,<,157.7699966430664
,True,True,1.0,ndev,1.54385964912281,0.0,85.0,<,0.2000000029802322
,True,True,1.0,arexp,58.5,0.0,863.416666666674,<,10.0
,True,True,1.0,ent,5.31473858898538,0.0,6.08230385583814,<,5.620000123977661
