rule,type,coef,support,importance,Class
nuc > -2.6050000190734863 & asexp <= 0.14999999850988388 & arexp > 0.0949999988079071,rule,1.6107449465276236,0.17506631299734748,0.6121214376295298,Defect
arexp > -13.529999732971191 & ent > 0.5450000166893005,rule,1.091956904615435,0.7055702917771883,0.49769864258617796,Defect
asexp <= 7.4649999141693115 & age > 5.865000009536743 & arexp > -0.49000000953674316,rule,0.9235168721256198,0.4880636604774536,0.4616268381348827,Defect
asexp > -0.024999999441206455 & ent > 0.36500000953674316,rule,1.0185505864806768,0.7320954907161804,0.4510830215830785,Defect
asexp > -0.024999999441206455 & asexp > -0.4099999964237213 & la > 18.015000343322754,rule,0.9443141991108978,0.6604774535809018,0.447177381067102,Defect
