commit_id,label,pred,score_or_proba,feature,value_actual,min,max,operator,threshold
,True,True,0.73,la,61.0,0.0,9967.0,>,107.48500061035156
,True,True,0.73,arexp,116.166666666666,0.0,863.416666666674,>,20.03499984741211
,True,True,0.73,nuc,113.5,0.0,976.0,>,134.16000366210938
,True,True,0.73,age,44.0,0.0,1802.57575757576,>,10.0
