rule,type,coef,support,importance,Class
asexp > 7.140000104904175 & ndev > 0.48499999940395355,rule,0.43321891605468055,0.5039164490861618,0.21660281296525147,Defect
la > -11.069999873638153 & ndev > 1.9600000381469727 & ld > -3.009999990463257,rule,0.3477482362589117,0.3681462140992167,0.16771943909658732,Defect
la > -0.38499999046325684 & age <= 41.260000228881836,rule,0.40957727997684457,0.814621409921671,0.15916352719440174,Defect
la <= 446.3999938964844 & asexp > 0.3050000071525574 & ent <= 2.430000066757202,rule,0.38399646804397647,0.7806788511749347,0.15889260784791356,Defect
asexp > 0.2900000065565109 & la > 0.6699999868869781 & ndev > -0.04500000178813934,rule,0.33928211851895274,0.6840731070496083,0.15772681298820268,Defect
