commit_id,label,pred,score_or_proba,feature,value_actual,min,max,operator,threshold
,True,True,0.77,asexp,1.01238725442432,0.0,1122.0,>,0.1649999991059303
,True,True,0.77,ent,1.48056852317534,0.0,6.08230385583814,<,1.0549999475479126
,True,True,0.77,age,26.25,0.0,1802.57575757576,<,10.789999961853027
,True,True,0.77,la,241.0,0.0,9967.0,>,159.08999633789062
,True,True,0.77,ld,21.0,0.0,8658.0,>,3.0199999809265137
