rule,type,coef,support,importance,Class
asexp > -8.0 & ndev <= 1.6749999523162842 & age <= 80.01499938964844,rule,0.18109978087041265,0.6737400530503979,0.08490748726435697,Defect
ent <= 0.07499999925494194 & ent <= 0.32999999821186066,rule,0.14461231613981357,0.41379310344827586,0.07122334521367522,Defect
nuc > -0.9399999976158142 & nuc <= 1.625,rule,0.1251679101803845,0.26525198938992045,0.05525753858070226,Defect
la > -10.024999618530273 & age <= 4.445000171661377 & ent <= 0.5849999785423279,rule,0.11614875754069275,0.3156498673740053,0.053982942320229384,Defect
nuc <= 1.5699999928474426 & nuc > -4.509999990463257,rule,0.11146966595625327,0.34748010610079577,0.05307848895797978,Defect
