rule,type,coef,support,importance,Class
nuc > 7.620000123977661 & ent > 1.7450000047683716 & ld > -0.5899999737739563,rule,0.6050642648435028,0.7579787234042553,0.2591533250813126,Defect
nuc > -3.995000123977661 & nuc > 13.674999713897705 & ld > -0.24500000476837158,rule,0.4343317585418121,0.7313829787234043,0.19251331622825493,Defect
la > -1.0449999868869781 & ld > -19.979999542236328 & age <= 19.914999961853027,rule,0.3580533731500956,0.5452127659574468,0.17829325358751025,Defect
ent > 2.1149998903274536 & ld > -3.0199999809265137 & nuc > -1.8199999928474426,rule,0.3440203520808427,0.5053191489361702,0.17200044227836503,Defect
ld > -0.36500000953674316 & nuc > -0.7350000143051147,rule,0.42970551891438774,0.8164893617021277,0.1663323868931552,Defect
