rule,type,coef,support,importance,Class
age > 6.495000123977661 & asexp > 0.3050000071525574 & ndev > 0.574999988079071,rule,0.6708350811205349,0.613941018766756,0.3265922849510185,Defect
age <= 20.074999809265137 & asexp > 0.8849999904632568 & la > 0.8550000190734863,rule,0.4696978509890367,0.3699731903485255,0.22676875498464277,Defect
ent > 2.2649999856948853 & age > 7.394999980926514 & arexp > 24.875,rule,0.40505012334207896,0.41823056300268097,0.1997984446277758,Defect
ndev <= 3.1449999809265137 & ent <= 2.6049998998641968,rule,0.36549667763289545,0.5576407506702413,0.18152993048847943,Defect
arexp > 3.9000000953674316 & ndev > 1.8350000381469727 & ndev > 2.009999990463257,rule,0.28932296216447306,0.5201072386058981,0.1445444601756593,Defect
