commit_id,label,pred,score_or_proba,feature,value_actual,min,max,operator,threshold
,True,True,0.62,la,22.0,0.0,9967.0,<,44.5
,True,True,0.62,age,23.3333333333333,0.0,1802.57575757576,<,9.389999866485596
,True,True,0.62,arexp,182.833333333335,0.0,863.416666666674,<,206.73999786376956
,True,True,0.62,ld,4.0,0.0,8658.0,<,5.0
