rule,type,coef,support,importance,Class
ld > -2.115000009536743 & nuc > -3.8100000619888306,rule,1.2978064956854247,0.8263157894736842,0.4916580323220874,Defect
arexp > -6.515000104904175 & asexp > 4.390000104904175 & nuc <= 1.600000023841858,rule,1.0430498061385851,0.18157894736842106,0.4020927013057622,Defect
ld > -3.2649999856948853 & ndev <= 0.5649999976158142 & ent <= 0.574999988079071,rule,1.0443633541440969,0.1736842105263158,0.3956442146304698,Defect
ld > -3.399999976158142 & ndev <= 0.7450000047683716,rule,0.7935853883657925,0.26842105263157895,0.3516677559518691,Defect
ndev <= 1.5399999618530273 & ld > -1.2400000095367432,rule,0.6787802099535964,0.4763157894736842,0.3390091349428072,Defect
