rule,type,coef,support,importance,Class
arexp > 0.5250000059604645 & ndev > 1.8550000190734863 & asexp <= 4.634999990463257,rule,0.2136515327687337,0.4155495978552279,0.10529100643087941,Defect
nuc > -0.8499999791383743 & ld > -0.6499999761581421 & ndev > 1.9599999785423279,rule,0.2154240214138406,0.739946380697051,0.09449867195341755,Defect
arexp > -106.65999984741211 & asexp <= 1.0199999809265137 & arexp > -0.054999999701976776,rule,0.17246032447492812,0.3967828418230563,0.08437280426373987,Defect
ndev > 1.8650000095367432 & nuc > 1.7100000381469727 & asexp <= 6.695000171661377,rule,0.15345384387645156,0.4584450402144772,0.07646147641799507,Defect
asexp > -0.28999999538064003 & la > -0.6349999830126762,rule,0.17221672131463348,0.774798927613941,0.07193745170586696,Defect
