rule,type,coef,support,importance,Class
ndev > 0.5049999952316284 & ent <= 3.309999942779541 & asexp > -0.4050000011920929,rule,0.43072874972024333,0.8133333333333334,0.16783074886249563,Defect
arexp <= 194.70999908447266 & la <= 612.7699890136719,rule,0.3244444605119473,0.608,0.15839270901027291,Defect
la > -0.33500003814697266 & ent > 2.215000033378601 & arexp <= 288.625,rule,0.3101196027622387,0.52,0.15493570388114297,Defect
ent > 1.7549999952316284 & nuc > 2.25,rule,0.3824513209383697,0.8,0.15298052837534787,Defect
ent <= 2.5749999284744263 & la > 5.605000019073486 & arexp > -0.8399999737739563,rule,0.3155996570843344,0.7146666666666667,0.14251630068457974,Defect
