rule,type,coef,support,importance,Class
nuc > -0.48499999940395355 & ld > 0.06000000983476639 & ndev > 0.4950000047683716,rule,0.7408142357840432,0.7553191489361702,0.31847442201229315,Defect
asexp > -0.6749999821186066 & ndev > 2.0149999856948853,rule,0.5507165477244318,0.31117021276595747,0.25496648348443735,Defect
ent <= 2.715000033378601 & arexp <= 230.9550018310547 & arexp <= 240.01499938964844,rule,0.47722343893091,0.723404255319149,0.2134691116248526,Defect
ndev > 1.8899999856948853 & ent > 1.7799999713897705 & asexp > 0.9750000238418579,rule,0.5584355491549011,0.1702127659574468,0.20987103103798113,Defect
ndev > 1.8700000047683716 & asexp > 0.675000011920929,rule,0.3851065704587768,0.21010638297872342,0.15688623966953813,Defect
