rule,type,coef,support,importance,Class
nuc > 4.700000047683716 & asexp <= 3.0449999570846558 & arexp > -4.635000228881836,rule,2.035502885711282,0.39947780678851175,0.9969711289420586,Defect
nuc > -2.5850000381469727 & ld > 1.3550000190734863,rule,1.7714944237253238,0.741514360313316,0.7755642519689067,Defect
arexp > -12.105000019073486 & asexp <= 2.5049999952316284,rule,1.3944374036719411,0.402088772845953,0.683720105817042,Defect
arexp > 77.26499938964844 & ld <= 33.935001373291016 & nuc > -13.210000038146973,rule,1.3477893982593048,0.5509138381201044,0.6703918300978766,Defect
asexp <= 5.490000009536743 & nuc > -1.2800000309944153,rule,1.237386982877829,0.4308093994778068,0.6127410662074069,Defect
