rule,type,coef,support,importance,Class
ent > 2.2549999952316284 & ndev > 1.850000023841858,rule,2.0558658957465923,0.7180851063829787,0.9250000409742404,Defect
la > 315.36000061035156 & asexp > -0.3799999952316284 & asexp > -39.875,rule,1.7366500346174663,0.43882978723404253,0.861802330443442,Defect
asexp > 0.35500000417232513,rule,1.815939712988256,0.6888297872340425,0.8407297088738152,Defect
asexp > 0.35500000417232513 & asexp > -0.4050000011920929 & ld > -0.29499998688697815,rule,1.7020103808591966,0.5851063829787234,0.8385867560958967,Defect
ld > -9.25499963760376 & nuc > -0.3399999737739563,rule,2.673930932910922,0.898936170212766,0.8059581454327654,Defect
