rule,type,coef,support,importance,Class
asexp <= 4.924999952316284 & ent > 0.1849999949336052,rule,3.1961000102154395,0.6949602122015915,1.4715620392252604,Defect
arexp <= 5.105000019073486 & asexp > -0.1850000061094761 & nuc > -31.82499885559082,rule,3.196723504739106,0.1246684350132626,1.056013871539505,Defect
nuc > -5.105000019073486 & asexp <= 13.489999771118164 & ld > -66.16999816894531,rule,2.267688395665702,0.7400530503978779,0.9946199521188753,Defect
ld <= 173.56999969482422 & ndev > 1.524999976158142 & la > -122.46500396728516,rule,1.4350289876430042,0.35278514588859416,0.685709327953863,Defect
la > -20.974998474121094 & la <= 4311.60498046875,rule,1.4966315378990285,0.7427055702917772,0.6542420067061642,Defect
