rule,type,coef,support,importance,Class
ent <= 3.2949999570846558 & asexp > 0.3449999988079071 & ent > 0.7550000250339508,rule,1.3603426188274448,0.38605898123324395,0.6622751503350198,Defect
ndev > 0.014999999664723873 & asexp > 0.3150000125169754 & ent <= 3.6450001001358032,rule,1.0437438821763783,0.48257372654155495,0.5215548858468212,Defect
ent <= 2.7100000381469727 & age <= 268.50999450683594,rule,0.9418841556447302,0.4477211796246649,0.4683607634135204,Defect
ndev > 0.5149999856948853 & ent > -0.9399999976158142 & asexp <= 12.789999961853027,rule,0.8595859665800709,0.5522788203753352,0.4274372141353298,Defect
ndev > -0.015000000596046448 & ndev > 0.48499999940395355 & nuc > -11.15999984741211,rule,0.8045785082784601,0.7345844504021448,0.3552650415096153,Defect
