rule,type,coef,support,importance,Class
ent > 0.574999988079071 & ld > -2.3600000143051147 & nuc > -0.5300000011920929,rule,1.2031750008422422,0.762402088772846,0.5120851096275151,Defect
la > -1.2350000143051147 & arexp > -39.7450008392334 & ent > 0.5799999833106995,rule,1.2086882727673107,0.7702349869451697,0.5084729786243475,Defect
ent <= 1.1549999713897705 & ent > 0.5849999785423279,rule,0.9568623780276249,0.5169712793733682,0.4781555099494735,Defect
arexp > -16.119999885559082 & ndev <= 6.039999961853027 & ent <= 1.590000033378601,rule,1.2597868099843734,0.856396866840731,0.44179067981764963,Defect
ent > 0.5850000083446503 & asexp <= 118.80500030517578 & ld > -0.4950000047683716,rule,1.0194404252544293,0.7650130548302873,0.4322332199392483,Defect
