commit_id,label,pred,score_or_proba,feature,value_actual,min,max,operator,threshold
,True,True,0.98,ld,335.0,0.0,8658.0,<,0.4849999919533729
,True,True,0.98,arexp,82.7499999999998,0.0,863.416666666674,<,32.98000144958496
,True,True,0.98,age,65.5641025641026,0.0,1802.57575757576,<,78.67499923706055
,True,True,0.98,ent,3.67057391961609,0.0,6.08230385583814,>,1.465000033378601
