rule,type,coef,support,importance,Class
asexp > 0.29500000178813934,rule,2.0893254031134423,0.7566137566137566,0.8965844762404456,Defect
asexp <= 5.244999885559082 & asexp > -0.019999999552965164 & ent <= 1.3650000095367432,rule,1.9532616461999113,0.2857142857142857,0.8823936668916703,Defect
ld > 1.0099999904632568 & ent <= 1.0049999952316284,rule,1.6484503480159733,0.32275132275132273,0.770697532814578,Defect
ent > 0.6100000143051147 & arexp > 0.8700000047683716,rule,1.4437368626548124,0.6931216931216931,0.6658492053982705,Defect
ent <= 1.3849999904632568 & asexp > -0.009999999776482582 & asexp <= 5.56000018119812,rule,1.3030993981365242,0.2962962962962963,0.5950254946024618,Defect
