rule,type,coef,support,importance,Class
ld > 1.0799999833106995 & ent > 0.5999999940395355 & age > 6.775000095367432,rule,2.072948145249223,0.6356382978723404,0.9976077802084448,Defect
ent <= 1.9350000023841858 & asexp <= 6.494999885559082,rule,1.5294281847472635,0.48138297872340424,0.7641838186816653,Defect
la > -1.100000023841858 & asexp > 0.39499999582767487 & ld > -0.19999999273568392,rule,1.5199788050773098,0.5186170212765957,0.759462405075997,Defect
ent > 1.0049999952316284 & ld > -0.19499999284744263 & asexp <= 5.049999952316284,rule,1.2541137944525353,0.4946808510638298,0.6270214131475121,Defect
asexp > -0.35999999940395355 & asexp > -0.014999999664723873,rule,1.8060374875148748,0.8696808510638298,0.6080101537552185,Defect
