rule,type,coef,support,importance,Class
arexp > -2.534999966621399 & ndev <= 1.8350000381469727,rule,0.7127610531299113,0.6836461126005362,0.3314715223693178,Defect
age > 13.089999675750732 & ld > 1.2400000095367432 & nuc > -0.6600000113248825,rule,0.4774933423879806,0.6648793565683646,0.22539243517658483,Defect
ndev > 0.5349999964237213 & asexp > 0.3200000077486038 & ndev <= 1.784999966621399,rule,0.45176951134983634,0.38873994638069703,0.2202213958666206,Defect
nuc > -0.2150000035762787 & ld > -0.32499998807907104,rule,0.5758915520461029,0.8230563002680965,0.21977233957323164,Defect
ent <= 3.274999976158142 & ndev > 0.4950000047683716 & ld > 27.570000648498535,rule,0.42121603521180817,0.38337801608579086,0.20479907975804545,Defect
