rule,type,coef,support,importance,Class
la > -0.6300000548362732 & asexp > -0.06499999947845936 & ent <= 2.09499990940094,rule,1.4590182090724542,0.6346666666666667,0.702551566468824,Defect
asexp > -0.2849999964237213 & ent > 0.4949999898672104 & age > 7.630000114440918,rule,0.8970933546890539,0.6906666666666667,0.41465341694799224,Defect
ent > 0.4649999886751175 & asexp > -9.864999771118164 & ent <= 1.9350000023841858,rule,0.8742371088292821,0.6773333333333333,0.40870270568318934,Defect
ent <= 2.1500000953674316 & la > 0.8100000023841858 & asexp > 0.044999999925494194,rule,0.8325293053075811,0.6586666666666666,0.39474962260865676,Defect
ent > 1.7549999952316284 & ent <= 1.9249999523162842 & arexp > 4.5899999141693115,rule,1.1227316361512136,0.128,0.37509319707741784,Defect
