commit_id,label,pred,score_or_proba,feature,value_actual,min,max,operator,threshold
,True,True,0.99,ld,552.0,0.0,8658.0,<,952.7649841308594
,True,True,0.99,age,17.7083333333333,0.0,1802.57575757576,<,11.085000038146973
,True,True,0.99,ndev,2.4375,0.0,85.0,<,3.100000023841858
,True,True,0.99,arexp,244.833333333334,0.0,863.416666666674,<,35.01000022888184
,True,True,0.99,nuc,51.5625,0.0,976.0,<,2.5199999809265137
