rule,type,coef,support,importance,Class
ndev > 1.8949999809265137 & la > -0.32999999914318323 & ent <= 2.1450001001358032,rule,0.43694428810948777,0.5718015665796344,0.21620775831175004,Defect
la > 33.44000053405762 & ent > 0.6299999952316284,rule,0.4233724778946027,0.7284595300261096,0.1882966613980749,Defect
asexp > 0.3149999976158142 & ndev > -0.7150000035762787 & ld > -0.4599999934434891,rule,0.4281201729368008,0.7493472584856397,0.1855425338014033,Defect
asexp > 0.35500000417232513 & nuc > -0.9949999749660492 & ld > -0.4449999928474426,rule,0.3523768874671081,0.6553524804177546,0.16746824438234473,Defect
ent <= 2.1299999952316284 & ent <= 1.774999976158142 & ndev > 0.5949999988079071,rule,0.33893187354349613,0.7154046997389034,0.15293333833838255,Defect
