rule,type,coef,support,importance,Class
asexp > -0.4299999922513962 & ent > 3.2949999570846558,rule,1.4019720457562046,0.4691689008042895,0.6996520998111257,Defect
ndev > 0.48499999940395355 & ndev <= 2.165000081062317 & arexp > -55.43499946594238,rule,1.2556805687308321,0.5067024128686327,0.6277838737239472,Defect
arexp > -58.665000915527344 & ndev <= 1.8550000190734863,rule,1.435219105720815,0.7667560321715817,0.6069487455578321,Defect
ent > 3.4850000143051147,rule,1.0997929080772895,0.4745308310991957,0.5491825785773014,Defect
ndev > 0.19500000029802322 & ld > -3.299999952316284 & age <= 84.86999893188477,rule,1.06137890221159,0.6595174262734584,0.5029572037273093,Defect
