rule,type,coef,support,importance,Class
la <= 495.5649871826172,rule,0.8808079192951337,0.8311345646437994,0.3299797313437032,Defect
nuc > -1.5499999523162842 & la > 383.38999938964844 & age <= 82.68000030517578,rule,0.7231703599693733,0.24010554089709762,0.3089003126075418,Defect
ld > 2.659999966621399 & ent > 2.2350000143051147 & la > 95.0250015258789,rule,0.5751875864393972,0.6411609498680739,0.2758944001454528,Defect
ld > -0.044999999925494194 & arexp > 18.40999984741211,rule,0.6132911581304832,0.7308707124010554,0.2719990980522877,Defect
ent > 2.8149999380111694,rule,0.5139350887498502,0.39050131926121373,0.250729773119252,Defect
