rule,type,coef,support,importance,Class
ld > -0.9150000214576721 & nuc > -2.940000057220459,rule,0.8413703068409292,0.8586666666666667,0.2931040261116207,Defect
nuc > 7.615000009536743 & ld > -26.375 & asexp > -0.17999999970197678,rule,0.46694188178119567,0.6693333333333333,0.21967430688101666,Defect
arexp > -74.91999816894531 & ld > -0.10499999672174454 & nuc > 7.999999761581421,rule,0.4157775459953557,0.6906666666666667,0.1921801997931229,Defect
nuc > -1.5949999690055847 & ld > -14.599999904632568 & ndev > 0.1850000023841858,rule,0.4415409543219302,0.7786666666666666,0.18330326308603473,Defect
ndev > 0.17500000447034836 & ent > 3.274999976158142,rule,0.3411810900960252,0.5866666666666667,0.1680083529299918,Defect
