rule,type,coef,support,importance,Class
asexp > 0.42499999701976776 & ent <= 3.2949999570846558 & ndev <= 2.069999933242798,rule,0.6242911541097926,0.2727272727272727,0.27803541427312894,Defect
nuc > -0.8250000178813934 & ndev > 0.5949999988079071 & ndev > -0.125,rule,0.5671960342370107,0.6631016042780749,0.2680851120886148,Defect
ent <= 3.2899999618530273 & ndev > 0.4749999940395355 & asexp > 0.41499999165534973,rule,0.5000660745942135,0.3048128342245989,0.23019447178630478,Defect
asexp > 0.3149999976158142 & nuc > -7.319999933242798 & ent <= 3.3549998998641968,rule,0.41763685471101136,0.41711229946524064,0.20592911834969146,Defect
nuc > -10.514999866485596 & age > 22.28499984741211,rule,0.3760309064799622,0.6122994652406417,0.18321190132047438,Defect
