rule,type,coef,support,importance,Class
la > 9.600000023841858 & asexp > -0.3799999952316284 & ent > 3.3399999141693115,rule,0.4313737840177002,0.44533333333333336,0.2143938797079227,Defect
arexp > 14.799999713897705 & asexp > -0.14000000432133675 & ndev <= 1.8250000476837158,rule,0.4280278654655358,0.6426666666666667,0.205117018952896,Defect
ndev > -0.14499999955296516 & age > 5.275000095367432 & ent > 2.0049999952316284,rule,0.48673507573174263,0.7946666666666666,0.19661419566629088,Defect
age > 22.59000015258789 & asexp > -0.16499999538064003,rule,0.3955981558225176,0.6293333333333333,0.19106731129551854,Defect
ld > -54.220001220703125 & ent <= 3.774999976158142 & ld <= 1969.5299682617188,rule,0.3679889326367406,0.5866666666666667,0.18120938194834837,Defect
