rule,type,coef,support,importance,Class
ndev > 0.48000000417232513 & asexp <= 42.19499969482422 & ld > 873.614990234375,rule,0.6116781671577052,0.4026666666666667,0.2999882154049323,Defect
nuc > -7.650000125169754 & ndev > 0.4449999928474426,rule,0.6341103466955974,0.6666666666666666,0.298922484112673,Defect
ent > 0.6150000095367432 & arexp > 40.56500053405762 & age > 14.975000381469727,rule,0.469676751497609,0.56,0.23314140820777898,Defect
ent > 3.475000023841858 & ndev > 0.1550000011920929 & la > 0.7399997711181641,rule,0.4709040162800781,0.392,0.22989377813609677,Defect
ent > 1.9900000095367432 & nuc > 23.114999771118164,rule,0.47064051417978436,0.3893333333333333,0.22948389430742136,Defect
