rule,type,coef,support,importance,Class
ndev > 0.4299999922513962 & ndev > 0.1900000050663948,rule,0.9702313590909117,0.6963350785340314,0.4461508836345765,Defect
arexp > 66.74499893188477 & ld > -226.01499938964844,rule,0.814809536470498,0.5392670157068062,0.40614647144807403,Defect
age > 58.93499946594238 & nuc > -5.804999828338623,rule,0.7746586257050794,0.5366492146596858,0.3862874172273524,Defect
age > 43.85499954223633,rule,0.7502825711442604,0.6073298429319371,0.36639633183186354,Defect
ndev <= 1.8149999976158142 & asexp > -0.3700000047683716,rule,0.6646189410767103,0.6884816753926701,0.3077943944321109,Defect
