rule,type,coef,support,importance,Class
asexp <= 1.1949999928474426 & age <= 80.38999938964844,rule,0.2817031461958045,0.4787234042553192,0.14072399012507428,Defect
asexp <= 0.8149999976158142,rule,0.2762902761442453,0.5531914893617021,0.1373611961052093,Defect
asexp <= 0.8349999785423279 & asexp > -17.5600004196167,rule,0.2710305172853893,0.4867021276595745,0.13546732291430133,Defect
nuc > 3.0399999022483826 & ld > -0.3449999988079071 & arexp > 6.75,rule,0.36720275333829017,0.851063829787234,0.13073355972399975,Defect
asexp > -0.10499999672174454 & la > -3.0349999889731407,rule,0.2877120419824053,0.7898936170212766,0.1172092709830709,Defect
