rule,type,coef,support,importance,Class
asexp > 0.3149999976158142 & la > -3.349999785423279 & asexp > -0.39499999582767487,rule,1.339901991460692,0.536,0.6682122263762708,Defect
ndev <= 6.4750001430511475 & ent > 2.1450001001358032,rule,1.241914574240129,0.7706666666666667,0.5221059024359516,Defect
ndev > 1.8449999690055847 & age > 9.710000038146973 & ndev <= 6.684999942779541,rule,1.057541567056554,0.6,0.5180874442143755,Defect
ld > -1.3599999845027924 & la > -0.9450000524520874 & nuc > -5.730000019073486,rule,1.2472067131855353,0.8506666666666667,0.4445253444101552,Defect
ent <= 3.2899999618530273 & ent > 1.9149999618530273 & nuc > 10.945000171661377,rule,1.2615845213508,0.8853333333333333,0.40196510559367177,Defect
