rule,type,coef,support,importance,Class
arexp <= 20.190000534057617 & ld > 6.794999837875366,rule,0.4091371076322895,0.3048128342245989,0.1883373121362335,Defect
ld > -1.8850000500679016 & nuc > 2.78000009059906 & age > 5.820000171661377,rule,0.4548783597953686,0.8288770053475936,0.1713146518769816,Defect
asexp <= 0.7350000143051147,rule,0.3464729384650693,0.3422459893048128,0.1643880544397773,Defect
age > 8.279999732971191 & ld > -0.4300000071525574 & nuc > -1.5499999523162842,rule,0.42221918130834735,0.8342245989304813,0.15701440538765155,Defect
ld > -0.20499999821186066 & arexp > -19.549999237060547 & nuc > -2.1899999380111694,rule,0.42982204173650557,0.8475935828877005,0.15448422538235582,Defect
