rule,type,coef,support,importance,Class
asexp <= 3.9600000381469727 & ent <= 1.3899999856948853 & arexp > 0.9050000011920929,rule,0.5350675069971221,0.28609625668449196,0.24181570084359352,Defect
ld > 0.004999999888241291 & asexp <= 4.9649999141693115,rule,0.41067052970358187,0.3877005347593583,0.20008921412232092,Defect
ld > -0.33500000834465027 & ld <= 13.019999980926514,rule,0.3983857844647578,0.6443850267379679,0.19070697294802885,Defect
ent > 0.6150000095367432 & ld > -0.6949999928474426 & asexp > -74.60000228881836,rule,0.42857230019092774,0.2620320855614973,0.18846038528281928,Defect
nuc > -97.63999938964844 & ld <= 14.265000343322754 & la <= 79.85499954223633,rule,0.3790443772207995,0.7406417112299465,0.1661285246147734,Defect
