rule,type,coef,support,importance,Class
ent > 1.9350000023841858 & ent > 1.7649999856948853 & ent > 1.9450000524520874,rule,0.7270994847580935,0.6096256684491979,0.35470400003373215,Defect
ent > 1.9350000023841858 & age > 9.184999942779541 & ent > 1.9500000476837158,rule,0.707090673401535,0.393048128342246,0.34536243896268654,Defect
asexp <= 13.71500015258789,rule,0.5329374090592809,0.7994652406417112,0.2133884112100703,Defect
asexp > -0.48499999940395355 & asexp > 0.5049999952316284 & la > 21.369999885559082,rule,0.4137790966954526,0.5508021390374331,0.20581887310401487,Defect
asexp > -0.6349999904632568 & asexp > 0.3149999976158142 & asexp > -49.48499870300293,rule,0.4311672470244497,0.7032085561497327,0.1969760954151196,Defect
