rule,type,coef,support,importance,Class
ent > 1.75,rule,2.2325333504969467,0.7824933687002652,0.9210316178927026,Defect
age <= 25.40499973297119 & ndev > 0.4950000047683716,rule,1.7596911508038104,0.44297082228116713,0.8741037487328828,Defect
asexp <= 19.855000495910645 & la > 175.69000244140625,rule,1.7931795755269553,0.7374005305039788,0.7890825304630087,Defect
arexp > -1.125 & asexp <= 5.494999885559082,rule,1.558657026570637,0.4986737400530504,0.7793257716566429,Defect
ent <= 3.2949999570846558 & arexp > -1.0950000286102295,rule,2.0084972671118284,0.8355437665782494,0.7445279680403788,Defect
