rule,type,coef,support,importance,Class
ent > 1.7649999856948853 & ent > 1.9550000429153442,rule,0.3393294545051045,0.6203208556149733,0.16467896218382647,Defect
ndev > 9.450000286102295 & la <= 466.6699981689453 & la > 121.4900016784668,rule,0.3861088074674848,0.18449197860962566,0.14976577258531137,Defect
ent > 1.9249999523162842 & ent > 1.75 & ent > 1.9450000524520874,rule,0.3038656539527879,0.6684491978609626,0.14305098715762,Defect
arexp > 1.909999966621399 & ld > -0.10500000044703484,rule,0.3519434468570678,0.8288770053475936,0.13254767517590188,Defect
arexp <= 27.899999618530273 & ld > -0.8099999874830246 & ndev > 3.3700000047683716,rule,0.29271070819213935,0.25935828877005346,0.1282899866433824,Defect
