rule,type,coef,support,importance,Class
ld > -0.11999999731779099 & nuc > -1.4749999791383743 & arexp > 0.08500000089406967,rule,0.552219856682441,0.7736842105263158,0.23107412284014547,Defect
ld > 0.48499999940395355 & nuc > -1.3950000405311584 & ld > -2.2450000047683716,rule,0.5508271849821518,0.8026315789473685,0.21923622762690984,Defect
ld > -1.0249999910593033 & arexp <= 12.400000095367432 & nuc > -1.2099999785423279,rule,0.5124508067607098,0.15263157894736842,0.18429371183668156,Defect
nuc > -0.004999995231628418 & ld > -0.11999999731779099 & arexp > 8.5600004196167,rule,0.40028632748101933,0.718421052631579,0.18003642145480306,Defect
ndev > 1.1749999523162842,rule,0.3593162956757451,0.5605263157894737,0.17833695802369887,Defect
