rule,type,coef,support,importance,Class
asexp <= 4.769999980926514 & ld > 53.19000053405762 & ent > 3.274999976158142,rule,0.23421586306070297,0.24396782841823056,0.10058951734755868,Defect
ent <= 3.309999942779541 & arexp > 2.7549999952316284 & ndev <= 1.7549999952316284,rule,0.16869490382733698,0.4155495978552279,0.08313563667697715,Defect
arexp > 4.210000038146973 & asexp <= 4.980000019073486,rule,0.1618076631456107,0.5040214477211796,0.08090121477019785,Defect
la > -3.0150002241134644 & ndev > -1.5450000166893005 & asexp <= 5.360000133514404,rule,0.15859746675537895,0.6273458445040214,0.07668364414697292,Defect
ndev <= 1.8399999737739563 & asexp > 0.38499999046325684,rule,0.1490077550593992,0.67828418230563,0.06960668058011305,Defect
