rule,type,coef,support,importance,Class
asexp > 0.3149999976158142 & arexp > 9.0 & ndev <= 1.8600000143051147,rule,0.72674053214436,0.4732620320855615,0.3628503335341288,Defect
asexp <= 10.724999904632568,rule,0.9288939478979262,0.8449197860962567,0.3362420843530304,Defect
ld <= 431.38999938964844 & age <= 94.47000122070312 & ent > 0.39499999582767487,rule,0.4850136373968831,0.6390374331550802,0.23294220524927012,Defect
nuc > -8.765000104904175 & ld > 4.159999966621399 & ndev > -0.3449999988079071,rule,0.5429967454335265,0.7807486631016043,0.22465908010400118,Defect
nuc > -11.204999923706055 & nuc <= 10.46500015258789 & la > -109.8949966430664,rule,0.47210579728959695,0.26737967914438504,0.20895030656080632,Defect
