feature,value,importance,min,max,rule,importance_ratio
la,1085,0.199711493328587,0.0,9967.0,229.98350223552893 < la <= 1199.5431080984263,0.5815643868836529
age,16.970588235294098,0.05346405112823732,0.0,1802.57575757576,11.310905131690312 < age <= 252.15332398535617,0.15568852646628797
nuc,3.44117647058824,-0.046514048709358866,0.0,976.0,1.2071827423816117 < nuc <= 5.747578514292009,0.13544996218433739
ndev,0.3823529411764711,0.01228927901186532,0.0,85.0,0.03136153644937778 < ndev <= 0.9878832845357923,0.035786658517537435
ld,454,0.010388028410748712,0.0,8658.0,35.06259046661786 < ld <= 6168.514134615445,0.030250173752830678
