feature,value,importance,min,max,rule,importance_ratio
la,428,0.17801411892830732,0.0,9967.0,229.98350223552893 < la <= 1199.5431080984263,0.5827304845988526
ld,136,-0.0317337309674851,0.0,8658.0,35.06259046661786 < ld <= 6168.514134615445,0.1038805940570348
arexp,104.0,-0.023958818742224882,0.0,863.416666666674,97.64182103961909 < arexp <= 214.01147610211652,0.0784293635815235
asexp,60.0,-0.02225279284141387,0.0,1122.0,23.865449598761593 < asexp <= 381.21797766874084,0.07284467565956053
ndev,0.5,-0.016203915054001976,0.0,85.0,0.03136153644937778 < ndev <= 0.9878832845357923,0.053043631194332704
