feature,value,importance,min,max,rule,importance_ratio
la,31,-0.09075117016023458,0.0,9967.0,21.47606011447573 < la <= 42.326804326581055,0.29348509729434313
ndev,44.5,-0.0764702933811917,0.0,85.0,10.553100765399932 < ndev <= 52.00237651581121,0.2473014006704241
ld,16,0.0542039045228679,0.0,8658.0,3.6358532634641847 < ld <= 14.111432331182087,0.17529292641118766
arexp,64.5,-0.03805809597709764,0.0,863.416666666674,-0.02556803069123248 < arexp <= 97.64182103961909,0.123078126496381
age,28.5,0.03092216298890435,0.0,1802.57575757576,11.310905131690312 < age <= 252.15332398535617,0.10000084844445019
