feature,value,importance,min,max,rule,importance_ratio
la,10,-0.17783878839568884,0.0,9967.0,11.050688008423094 < la <= 21.47606011447573,0.4040655004130861
ld,8,0.08208248663366766,0.0,8658.0,3.6358532634641847 < ld <= 14.111432331182087,0.18649868983018442
ent,0.0,-0.06428447206396695,0.0,6.08230385583814,ent <= 0.008277677113822879,0.14606002215626626
nuc,168.0,0.04773100829594718,0.0,976.0,12.104132594966572 < nuc <= 255.46934596936424,0.10844908428756818
asexp,200.0,-0.024795651407949156,0.0,1122.0,23.865449598761593 < asexp <= 381.21797766874084,0.056337919216639804
