feature,value,importance,min,max,rule,importance_ratio
la,751,0.206222524578972,0.0,9967.0,229.98350223552893 < la <= 1199.5431080984263,0.5314407708554609
ndev,11.875,-0.08030849492737348,0.0,85.0,10.553100765399932 < ndev <= 52.00237651581121,0.20695706512942733
nuc,181.75,0.04414526947245979,0.0,976.0,12.104132594966572 < nuc <= 255.46934596936424,0.11376349933628102
age,91.5,0.025277854726528066,0.0,1802.57575757576,11.310905131690312 < age <= 252.15332398535617,0.06514168434735684
ent,1.88667728054932,0.0251217278164589,0.0,6.08230385583814,1.596054196840603 < ent <= 3.4251727475658535,0.06473934126864692
