feature,value,importance,min,max,rule,importance_ratio
asexp,0.489785633150941,-0.11102868463094907,0.0,1122.0,-0.3302944893099209 < asexp <= 1.5309165943878895,0.23120147813248407
la,206,0.0833506769672259,0.0,9967.0,104.87903696289698 < la <= 229.98350223552893,0.17356595534046448
ent,1.8057970548519704,0.07661474030347457,0.0,6.08230385583814,1.596054196840603 < ent <= 3.4251727475658535,0.15953932322784742
arexp,138.0,0.07359351001972983,0.0,863.416666666674,97.64182103961909 < arexp <= 214.01147610211652,0.15324803994639444
age,63.2727272727273,0.06114018609591512,0.0,1802.57575757576,11.310905131690312 < age <= 252.15332398535617,0.12731576029795116
