feature,value,importance,min,max,rule,importance_ratio
la,5018,0.1537990229469289,0.0,9967.0,la > 1199.5431080984263,0.34087865786230653
nuc,49.0,0.09110140133409947,0.0,976.0,12.104132594966572 < nuc <= 255.46934596936424,0.20191625942161598
ent,2.8467112120578904,0.06823505418095724,0.0,6.08230385583814,1.596054196840603 < ent <= 3.4251727475658535,0.15123551010068967
ndev,3.3333333333333304,0.050285358857502765,0.0,85.0,0.9878832845357923 < ndev <= 3.937158674468902,0.1114519800518165
asexp,0.152319920297676,0.048623770067060285,0.0,1122.0,-0.3302944893099209 < asexp <= 1.5309165943878895,0.10776925082537316
