feature,value,importance,min,max,rule,importance_ratio
la,3,-0.26013203387481876,0.0,9967.0,0.6253159023704029 < la <= 11.050688008423094,0.5751592365407567
age,41.5,0.03870988457170354,0.0,1802.57575757576,11.310905131690312 < age <= 252.15332398535617,0.08558864252587944
arexp,66.0,-0.038427006643896484,0.0,863.416666666674,-0.02556803069123248 < arexp <= 97.64182103961909,0.08496319147870071
ndev,46.0,-0.03767138608091966,0.0,85.0,10.553100765399932 < ndev <= 52.00237651581121,0.08329249318121465
ld,1,0.0341956365507354,0.0,8658.0,-1.6019362703947877 < ld <= 3.6358532634641847,0.0756075133023056
