feature,value,importance,min,max,rule,importance_ratio
la,31,-0.09052126167425545,0.0,9967.0,21.47606011447573 < la <= 42.326804326581055,0.3524068770572345
ld,17,0.06506727914099866,0.0,8658.0,14.111432331182087 < ld <= 35.06259046661786,0.25331238447830967
nuc,30.3333333333333,0.04045351613186568,0.0,976.0,12.104132594966572 < nuc <= 255.46934596936424,0.15748893709984293
age,22.6666666666667,0.0283347441762256,0.0,1802.57575757576,11.310905131690312 < age <= 252.15332398535617,0.1103095396890518
asexp,0.408741233361692,0.011229988229278629,0.0,1122.0,-0.3302944893099209 < asexp <= 1.5309165943878895,0.04371928769078478
