feature,value,importance,min,max,rule,importance_ratio
la,374,0.17721445826249946,0.0,9967.0,229.98350223552893 < la <= 1199.5431080984263,0.4819591087620372
ndev,11.8,-0.0720871208491067,0.0,85.0,10.553100765399932 < ndev <= 52.00237651581121,0.19605084629265124
ld,14,0.04620145582654843,0.0,8658.0,3.6358532634641847 < ld <= 14.111432331182087,0.12565121769403564
age,12.0,0.03369733350588345,0.0,1802.57575757576,11.310905131690312 < age <= 252.15332398535617,0.09164453613652719
ent,1.48356642995442,-0.014827589623296004,0.0,6.08230385583814,1.0371568618967764 < ent <= 1.596054196840603,0.04032567065914851
