feature,value,importance,min,max,rule,importance_ratio
ent,2.15805772367431,0.10382379868766904,0.0,6.08230385583814,1.596054196840603 < ent <= 3.4251727475658535,0.262752166480857
ndev,8.888888888888891,-0.06324296944600205,0.0,85.0,4.096578965816638 < ndev <= 10.553100765399932,0.1600521985003548
nuc,75.55555555555559,0.05003494081392219,0.0,976.0,12.104132594966572 < nuc <= 255.46934596936424,0.12662596885082888
ld,29,-0.046405132948641306,0.0,8658.0,14.111432331182087 < ld <= 35.06259046661786,0.1174398295208577
age,320.555555555556,-0.038023247724679056,0.0,1802.57575757576,252.15332398535617 < age <= 957.5590815757139,0.09622736638978624
