feature,value,importance,min,max,rule,importance_ratio
ld,0,-0.1375422032533269,0.0,8658.0,ld <= -1.6019362703947877,0.3911704115901301
age,9.66666666666667,0.04782065571120986,0.0,1802.57575757576,2.1794390140157773 < age <= 11.310905131690312,0.13600207888636828
ent,1.42763157110731,0.046558788679466834,0.0,6.08230385583814,1.0371568618967764 < ent <= 1.596054196840603,0.13241332551101478
nuc,34.3333333333333,0.03741981553036711,0.0,976.0,12.104132594966572 < nuc <= 255.46934596936424,0.10642206025797679
la,64,0.027816169711079836,0.0,9967.0,42.326804326581055 < la <= 104.87903696289698,0.07910926462842467
