feature,value,importance,min,max,rule,importance_ratio
la,3043,0.18184959163328643,0.0,9967.0,la > 1199.5431080984263,0.45431640164509557
nuc,143.95,0.07523935339893587,0.0,976.0,12.104132594966572 < nuc <= 255.46934596936424,0.18797112488016907
age,2.0,-0.06326299548656072,0.0,1802.57575757576,-0.10342751540286343 < age <= 2.1794390140157773,0.15805048671598584
ld,9,0.02448881350038319,0.0,8658.0,3.6358532634641847 < ld <= 14.111432331182087,0.06118061377056974
ent,2.51631926307395,0.021911509368211197,0.0,6.08230385583814,1.596054196840603 < ent <= 3.4251727475658535,0.054741712650381094
