feature,value,importance,min,max,rule,importance_ratio
la,1579,0.1777356789057626,0.0,9967.0,la > 1199.5431080984263,0.36173964012558096
arexp,222.0,0.08747805054793345,0.0,863.416666666674,218.16753521149144 < arexp <= 822.8741356255406,0.17804122795668373
ld,57,-0.05504056224951006,0.0,8658.0,35.06259046661786 < ld <= 6168.514134615445,0.1120222642016862
ndev,4.0,0.0540461298349162,0.0,85.0,3.937158674468902 < ndev <= 4.096578965816638,0.10999832828741699
ent,2.64149439214088,0.0512378831840854,0.0,6.08230385583814,1.596054196840603 < ent <= 3.4251727475658535,0.1042827953167183
