feature,value,importance,min,max,rule,importance_ratio
la,35,-0.08461809710587036,0.0,9967.0,21.47606011447573 < la <= 42.326804326581055,0.26314441429727514
arexp,84.6666666666665,-0.07378934694870602,0.0,863.416666666674,-0.02556803069123248 < arexp <= 97.64182103961909,0.22946928787469276
age,84.6,0.04716659681823578,0.0,1802.57575757576,11.310905131690312 < age <= 252.15332398535617,0.1466781565484923
ent,1.76965826523635,0.04651624398816741,0.0,6.08230385583814,1.596054196840603 < ent <= 3.4251727475658535,0.1446556965735203
ndev,8.2,-0.03714237694818654,0.0,85.0,4.096578965816638 < ndev <= 10.553100765399932,0.11550494943665077
