feature,value,importance,min,max,rule,importance_ratio
la,325,0.21424738204687158,0.0,9967.0,229.98350223552893 < la <= 1199.5431080984263,0.36898925631560303
ndev,12.0,-0.08392888638708926,0.0,85.0,10.553100765399932 < ndev <= 52.00237651581121,0.14454719154791656
ld,13,0.06214801414566923,0.0,8658.0,3.6358532634641847 < ld <= 14.111432331182087,0.10703491124145999
arexp,231.500000000001,0.06131284293995781,0.0,863.416666666674,218.16753521149144 < arexp <= 822.8741356255406,0.10559653099546827
age,57.4285714285714,0.052130969589802144,0.0,1802.57575757576,11.310905131690312 < age <= 252.15332398535617,0.08978297665146798
