feature,value,importance,min,max,rule,importance_ratio
la,279,0.18506880355696345,0.0,9967.0,229.98350223552893 < la <= 1199.5431080984263,0.5010510848872151
arexp,266.5,0.0627037179373455,0.0,863.416666666674,218.16753521149144 < arexp <= 822.8741356255406,0.16976262500826417
nuc,23.1818181818182,0.03626849241678514,0.0,976.0,12.104132594966572 < nuc <= 255.46934596936424,0.09819249448522287
ent,1.98246725470496,0.032963184532938526,0.0,6.08230385583814,1.596054196840603 < ent <= 3.4251727475658535,0.08924377882241338
ndev,3.81818181818182,0.027905753768473887,0.0,85.0,0.9878832845357923 < ndev <= 3.937158674468902,0.07555140537765277
