feature,value,importance,min,max,rule,importance_ratio
la,1507,0.1703931283583488,0.0,9967.0,la > 1199.5431080984263,0.4703169501670989
arexp,30.5,-0.04746893520087616,0.0,863.416666666674,-0.02556803069123248 < arexp <= 97.64182103961909,0.13102315243842305
asexp,0.500771640967118,0.03397804409727542,0.0,1122.0,-0.3302944893099209 < asexp <= 1.5309165943878895,0.09378576604841574
age,114.828947368421,0.03173594853921805,0.0,1802.57575757576,11.310905131690312 < age <= 252.15332398535617,0.08759716234703253
ndev,1.46052631578947,0.028354296555544094,0.0,85.0,0.9878832845357923 < ndev <= 3.937158674468902,0.07826316946356818
