feature,value,importance,min,max,rule,importance_ratio
la,849,0.19566451623528203,0.0,9967.0,229.98350223552893 < la <= 1199.5431080984263,0.556519394742782
age,4.66666666666667,0.04333577377370629,0.0,1802.57575757576,2.1794390140157773 < age <= 11.310905131690312,0.12325790621255403
arexp,0.0,-0.03721965782833603,0.0,863.416666666674,arexp <= -0.02556803069123248,0.10586212485380618
ndev,3.1666666666666696,0.03146971363611701,0.0,85.0,0.9878832845357923 < ndev <= 3.937158674468902,0.08950782861641059
ent,1.97129820834146,0.02341246193266861,0.0,6.08230385583814,1.596054196840603 < ent <= 3.4251727475658535,0.06659096598046169
