feature,value,importance,min,max,rule,importance_ratio
la,1700,0.1567882370111287,0.0,9967.0,la > 1199.5431080984263,0.3975566586947194
age,394.755102040816,-0.09329561849582252,0.0,1802.57575757576,252.15332398535617 < age <= 957.5590815757139,0.23656299137685835
nuc,13.469387755102,0.05546591766775903,0.0,976.0,12.104132594966572 < nuc <= 255.46934596936424,0.1406409391405143
ent,5.4140817808871615,0.03563409259204368,0.0,6.08230385583814,ent > 3.4251727475658535,0.09035480630798601
arexp,31.0,-0.03515860457680477,0.0,863.416666666674,-0.02556803069123248 < arexp <= 97.64182103961909,0.08914914553782027
