feature,value,importance,min,max,rule,importance_ratio
la,743,0.4830245543640149,0.0,8960.0,la > 476.1618029404084,0.7871045587594684
age,182.846153846154,0.04527742494960863,0.0,1848.0,69.01912192572016 < age <= 536.7965087044349,0.07378106819776545
ns,6,0.03495247062149827,1.0,22.0,5.499821160683655 < ns <= 7.501460420169374,0.05695621209632082
asexp,0.0055341022396657,-0.01932981947752708,0.0,1051.0,asexp <= 0.4721763844552811,0.03149858302916248
ld,72,0.01508054678536147,0.0,6029.0,41.046938775510206 < ld <= 2168.054608676072,0.024574252004584567
