feature,value,importance,min,max,rule,importance_ratio
la,387,0.3560703479231018,0.0,9389.0,la > 259.02565808320827,0.7790765137848896
nd,2,-0.027956035895289756,1.0,33.0,1.5105962363484104 < nd <= 2.4996932323495513,0.061167381983886056
nuc,39.6666666666667,-0.0234145297280268,0.0,1520.0,23.10887044038192 < nuc <= 48.480082529455615,0.05123063545960676
ld,219,-0.020776519461339914,0.0,9950.0,24.882467942900547 < ld <= 1866.9949643956745,0.045458709058301884
asexp,0.757164004342913,-0.012973475223583912,0.0,2327.0,-0.8058376987231384 < asexp <= -0.8058376987231384,0.028385766767209743
