feature,value,importance,min,max,rule,importance_ratio
la,805,0.35457609208630414,0.0,9389.0,la > 259.02565808320827,0.7551526854527721
ndev,12.666666666666698,-0.055312714814241014,0.0,67.0,10.846402884905007 < ndev <= 15.443430675385592,0.11780135791414467
ld,579,-0.02153268678670707,0.0,9950.0,24.882467942900547 < ld <= 1866.9949643956745,0.04585889070049724
nd,3,0.017414410397125983,1.0,33.0,2.4996932323495513 < nd <= 3.4887902283506924,0.03708805830531154
nuc,102.833333333333,-0.008131806757038056,0.0,1520.0,48.480082529455615 < nuc <= 193.0959914371757,0.01731858364738709
