feature,value,importance,min,max,rule,importance_ratio
nd,9,0.21463872754032315,1.0,33.0,4.503916092667653 < nd <= 23.50498996321589,0.6706668303182193
la,163,-0.03065699259051794,0.0,9389.0,77.73891199130318 < la <= 259.02565808320827,0.09579179062133218
ld,139,-0.028589870899446135,0.0,9950.0,24.882467942900547 < ld <= 1866.9949643956745,0.08933279802330386
ndev,4.76190476190476,-0.016506871502517704,0.0,67.0,3.000808789151475 < ndev <= 10.846402884905007,0.05157788305926249
aexp,82,-0.013885977672796238,0.0,4144.0,aexp <= 82.00568065157063,0.04338855684808443
