feature,value,importance,min,max,rule,importance_ratio
la,30,-0.06966988267538349,0.0,9389.0,25.107276029137182 < la <= 36.80319513184074,0.3852925448444137
nd,4,0.040682065563192545,1.0,33.0,3.4887902283506924 < nd <= 4.503916092667653,0.22498238791936453
ndev,5.0,-0.01519353007798981,0.0,67.0,3.000808789151475 < ndev <= 10.846402884905007,0.08402416717413562
age,153.166666666667,0.014304294554007958,0.0,1019.0,151.08747456179282 < age <= 301.4315160093245,0.07910646378718733
ld,5,0.01305860778816392,0.0,9950.0,2.325988394499234 < ld <= 6.085401652566119,0.07221749246040426
