feature,value,importance,min,max,rule,importance_ratio
la,3392,0.35776237192088445,0.0,9389.0,la > 259.02565808320827,0.5463132757452498
nd,16,0.21991792795480994,1.0,33.0,4.503916092667653 < nd <= 23.50498996321589,0.3358209052870119
ndev,1.96969696969697,0.04200953212137888,0.0,67.0,ndev <= 2.0201095271822833,0.06414974549316504
ld,899,-0.023011547895153417,0.0,9950.0,24.882467942900547 < ld <= 1866.9949643956745,0.035139285451042446
nuc,55.7727272727273,-0.004800645697398331,0.0,1520.0,48.480082529455615 < nuc <= 193.0959914371757,0.00733072196093891
