feature,value,importance,min,max,rule,importance_ratio
la,384,0.35409710712973125,0.0,9389.0,la > 259.02565808320827,0.8146998712465703
ld,347,-0.021530443205441622,0.0,9950.0,24.882467942900547 < ld <= 1866.9949643956745,0.049536833129021886
nuc,7.33333333333333,-0.020823671229433252,0.0,1520.0,0.2747795602155918 < nuc <= 7.886143186937701,0.047910705645173954
nd,3,0.018038147313723146,1.0,33.0,2.4996932323495513 < nd <= 3.4887902283506924,0.04150182534146722
ndev,3.11111111111111,-0.010805315170597962,0.0,67.0,3.000808789151475 < ndev <= 10.846402884905007,0.024860663080875065
