feature,value,importance,min,max,rule,importance_ratio
la,389,0.3550365796239603,0.0,9389.0,la > 259.02565808320827,0.7209144030080314
ndev,12.0,-0.05740233669118213,0.0,67.0,10.846402884905007 < ndev <= 15.443430675385592,0.11655748636047539
nd,4,0.044033319934788304,1.0,33.0,3.4887902283506924 < nd <= 4.503916092667653,0.08941122232213856
ld,125,-0.021287663395541546,0.0,9950.0,24.882467942900547 < ld <= 1866.9949643956745,0.04322535769268397
nuc,169.625,-0.007390080127004971,0.0,1520.0,48.480082529455615 < nuc <= 193.0959914371757,0.01500582055117839
