feature,value,importance,min,max,rule,importance_ratio
la,857,0.3581585161522996,0.0,9389.0,la > 259.02565808320827,0.5794340359497704
nd,7,0.2195332708948031,1.0,33.0,4.503916092667653 < nd <= 23.50498996321589,0.3551641059561981
ld,7,0.017276799840787595,0.0,9950.0,6.085401652566119 < ld <= 13.60422816869989,0.027950657065451523
ndev,5.5625,-0.012049302345998495,0.0,67.0,3.000808789151475 < ndev <= 10.846402884905007,0.019493535889433065
nuc,78.0625,-0.00495864207712686,0.0,1520.0,48.480082529455615 < nuc <= 193.0959914371757,0.008022162986509014
