feature,value,importance,min,max,rule,importance_ratio
la,852,0.357064278777111,0.0,9389.0,la > 259.02565808320827,0.5512215146271703
nd,6,0.21922956156068146,1.0,33.0,4.503916092667653 < nd <= 23.50498996321589,0.3384378056197645
ld,35,-0.02215907541582401,0.0,9950.0,24.882467942900547 < ld <= 1866.9949643956745,0.03420829200636129
nuc,36.85,-0.021777145589979372,0.0,1520.0,23.10887044038192 < nuc <= 48.480082529455615,0.03361868405732646
ndev,4.3,-0.011416063864692164,0.0,67.0,3.000808789151475 < ndev <= 10.846402884905007,0.017623661588686227
