feature,value,importance,min,max,rule,importance_ratio
la,497,0.3581395102596539,0.0,9389.0,la > 259.02565808320827,0.7328228380525591
ndev,15.5714285714286,-0.06510412222154487,0.0,67.0,15.443430675385592 < ndev <= 15.81119289862404,0.13321564990336648
nd,2,-0.0278049160864973,1.0,33.0,1.5105962363484104 < nd <= 2.4996932323495513,0.05689424633307672
ld,144,-0.021712368674092736,0.0,9950.0,24.882467942900547 < ld <= 1866.9949643956745,0.044427713717082734
nuc,110.0,-0.0072805047094034936,0.0,1520.0,48.480082529455615 < nuc <= 193.0959914371757,0.014897323447312311
