feature,value,importance,min,max,rule,importance_ratio
la,918.0,0.28173361477837666,0.0,5213.0,la > 239.94258526681375,0.7654879914572628
ns,1.0,-0.028152016770424414,1.0,7.0,ns <= 1.5017949723174673,0.07649080423014311
ld,124.0,-0.019922508170613272,0.0,4850.0,97.36831194335214 < ld <= 3595.889440929455,0.05413071058741176
arexp,67.0,-0.019131834498463684,0.0,907.416666666682,arexp <= 108.72431331059042,0.05198240037718696
nd,4.0,0.01391527038094283,1.0,33.0,3.494000317631119 < nd <= 4.505268855897399,0.037808666824766184
