feature,value,importance,min,max,rule,importance_ratio
ns,1,0.48294996672230506,1.0,6.0,ns <= 1.4968350645973174,0.5878499412355218
nd,2,-0.10283876075060944,1.0,35.0,1.4827649840212431 < nd <= 2.5091144786496407,0.12517602987793638
aexp,24,-0.07178772622082595,0.0,418.0,aexp <= 36.753235045875066,0.08738050222210572
la,10,-0.06984257945525192,0.0,8385.0,8.552227006528142 < la <= 31.73099605258426,0.0850128565224951
age,53.5,0.05071496533730686,0.0,536.25,age <= 91.7448502777025,0.06173059622641953
