feature,value,importance,min,max,rule,importance_ratio
ns,1,0.46232899008186845,1.0,6.0,ns <= 1.4968350645973174,0.6286721659016093
nd,2,-0.10982033998484532,1.0,35.0,1.4827649840212431 < nd <= 2.5091144786496407,0.14933303443960577
age,46.0,0.0675438487006622,0.0,536.25,age <= 91.7448502777025,0.09184571715577827
ld,53,0.048333727943417996,0.0,6893.0,19.414412417987634 < ld <= 56.843026768805146,0.06572391107662752
aexp,141,0.024616016967979798,0.0,418.0,77.34852688871881 < aexp <= 157.78734591064995,0.033472711067480905
