feature,value,importance,min,max,rule,importance_ratio
ns,2,-0.4259657369002753,1.0,6.0,1.4968350645973174 < ns <= 2.497149685556895,0.5108221978170228
aexp,534,0.16650732042465563,0.0,418.0,aexp > 173.5744038495336,0.19967717589421652
nd,6,0.13207521194183855,1.0,35.0,4.485787579415443 < nd <= 8.51515966943804,0.1583858611075896
age,65.14285714285711,0.04212323165501096,0.0,536.25,age <= 91.7448502777025,0.0505145834727215
la,163,0.03692346549633988,0.0,8385.0,70.36227779601131 < la <= 363.9600190460562,0.04427897401587737
