feature,value,importance,min,max,rule,importance_ratio
ns,1,0.46937440752361215,1.0,6.0,ns <= 1.4968350645973174,0.4501546632578531
ld,0,-0.18971048490733056,0.0,6893.0,ld <= -1.0011954097309967,0.18194230039192616
aexp,245,0.14639821825147376,0.0,418.0,aexp > 173.5744038495336,0.14040356607049698
nd,2,-0.1014039236517076,1.0,35.0,1.4827649840212431 < nd <= 2.5091144786496407,0.09725167877237353
la,29,-0.07442691436316949,0.0,8385.0,8.552227006528142 < la <= 31.73099605258426,0.07137931262430028
