feature,value,importance,min,max,rule,importance_ratio
ns,2,-0.4435311729770419,1.0,6.0,1.4968350645973174 < ns <= 2.497149685556895,0.6068316570342168
nd,16,0.14764296663611612,1.0,35.0,nd > 15.509541410609344,0.20200254582304078
ld,72,0.06863794880567198,0.0,6893.0,56.843026768805146 < ld <= 5592.8753493851755,0.09390925090925153
aexp,87,0.02416895913202597,0.0,418.0,77.34852688871881 < aexp <= 157.78734591064995,0.033067550631077636
la,124,0.023642188050680454,0.0,8385.0,70.36227779601131 < la <= 363.9600190460562,0.032346831575357164
