feature,value,importance,min,max,rule,importance_ratio
ns,1,0.4639169407535443,1.0,6.0,ns <= 1.4968350645973174,0.6888445134019184
aexp,9,-0.08651629799714082,0.0,418.0,aexp <= 36.753235045875066,0.12846324839608808
age,6.5,0.03762481015774949,0.0,536.25,age <= 91.7448502777025,0.05586699205865656
nuc,438.75,-0.033424333405107545,0.0,593.0,332.72166808732266 < nuc <= 569.9225409414807,0.04962993729616004
ld,4,0.02337759543014808,0.0,6893.0,2.401405894888768 < ld <= 19.414412417987634,0.03471209376926432
