feature,value,importance,min,max,rule,importance_ratio
ns,1,0.44283500140801163,1.0,6.0,ns <= 1.4968350645973174,0.48694730242797263
ld,19,0.12429285432847968,0.0,6893.0,19.414412417987634 < ld <= 56.843026768805146,0.13667408839384293
nd,13,0.11832951417618061,1.0,35.0,8.51515966943804 < nd <= 15.509541410609344,0.13011671964162236
nuc,115.315789473684,-0.08174239758251158,0.0,593.0,49.010820163721846 < nuc <= 122.26403089809419,0.08988503589427138
age,453.684210526316,-0.06313728192537796,0.0,536.25,age > 172.46486330358397,0.06942660137171572
