feature,value,importance,min,max,rule,importance_ratio
ns,1,0.4731473452390775,1.0,6.0,ns <= 1.4968350645973174,0.5522207247535843
nd,1,-0.10890846413737347,1.0,35.0,nd <= 1.4827649840212431,0.12710947573287368
age,32.0,0.08681808816315016,0.0,536.25,age <= 91.7448502777025,0.10132730966280765
ld,2,-0.06931361333135479,0.0,6893.0,2.401405894888768 < ld <= 2.401405894888768,0.08089745017968913
la,101,0.06260228999657168,0.0,8385.0,70.36227779601131 < la <= 363.9600190460562,0.07306451637316658
