feature,value,importance,min,max,rule,importance_ratio
la,385,0.3913263868060614,0.0,5213.0,la > 239.94258526681375,0.4030222999108572
nd,5,0.264599531294103,1.0,33.0,nd > 4.505268855897399,0.2725078483152071
ns,1,0.14673671836967817,1.0,7.0,ns <= 1.5017949723174673,0.15112236668064982
arexp,1.0,-0.14007702702046224,0.0,907.416666666682,arexp <= 108.72431331059042,0.14426363132634923
nuc,22.7777777777778,-0.013317672245987006,0.0,832.0,22.00151805377125 < nuc <= 240.8531565030858,0.013715709134371968
