feature,value,importance,min,max,rule,importance_ratio
la,260,0.39366116111788235,0.0,5213.0,la > 239.94258526681375,0.5920843273807308
ns,1,0.1430792336068005,1.0,7.0,ns <= 1.5017949723174673,0.21519768816326007
nd,4,0.08950369626193107,1.0,33.0,3.494000317631119 < nd <= 4.505268855897399,0.13461763829799211
arexp,144.5,-0.01745481970546638,0.0,907.416666666682,120.49057330473394 < arexp <= 552.9006280895086,0.026252844338301995
nuc,53.8,-0.015446847572453997,0.0,832.0,22.00151805377125 < nuc <= 240.8531565030858,0.023232762737166155
