feature,value,importance,min,max,rule,importance_ratio
la,480,0.393767928360827,0.0,5213.0,la > 239.94258526681375,0.6554698348964165
ns,1,0.14376905297823162,1.0,7.0,ns <= 1.5017949723174673,0.23931933159498647
nuc,1.375,0.018433754082522874,0.0,832.0,1.1585048681222432 < nuc <= 3.4743952220832455,0.030685002192256845
arexp,357.49999999999915,-0.017524222491762532,0.0,907.416666666682,120.49057330473394 < arexp <= 552.9006280895086,0.029170987264452823
age,1.125,0.01080021093089666,0.0,2713.05714285714,1.0340861290556518 < age <= 2.632785969344283,0.017978133732705397
