feature,value,importance,min,max,rule,importance_ratio
la,170,0.3091409043988798,0.0,9292.0,65.15107396812635 < la <= 480.69791970095315,0.7220838981578728
aexp,251,-0.07634579365587928,0.0,1247.0,166.80503056010588 < aexp <= 797.7256110503639,0.17832667080465997
ld,35,0.022293341599035336,0.0,3456.0,19.498528902884395 < ld <= 134.4589017322878,0.05207225176525307
nuc,7.0,-0.01592648095841226,0.0,125.0,1.300976592648274 < nuc <= 10.97910124158328,0.037200691628788314
asexp,0.0780525458124274,0.0035458758427006254,0.0,318.0,0.2638783839317753 < asexp <= 0.7887405624411663,0.008282371612581649
