feature,value,importance,min,max,rule,importance_ratio
la,205,0.314045090977328,0.0,9292.0,65.15107396812635 < la <= 480.69791970095315,0.8571294026730943
ld,66,0.024175515035015957,0.0,3456.0,19.498528902884395 < ld <= 134.4589017322878,0.06598270553056852
nuc,59.4117647058824,0.01567281765235551,0.0,125.0,28.93046147751111 < nuc <= 95.74074131209468,0.042776127436864236
age,129.764705882353,-0.006222331081498992,0.0,403.0,14.27436946001454 < age <= 197.77682519321624,0.01698272979374319
asexp,0.3330965833738449,0.0044209233106090925,0.0,318.0,0.2638783839317753 < asexp <= 0.7887405624411663,0.012066112368428942
