feature,value,importance,min,max,rule,importance_ratio
la,468,0.3202073246137502,0.0,9292.0,65.15107396812635 < la <= 480.69791970095315,0.5836004938590647
aexp,1269,0.1707118667651559,0.0,1247.0,aexp > 1238.6530621884417,0.31113444975664895
ld,111,0.03955030620449395,0.0,3456.0,19.498528902884395 < ld <= 134.4589017322878,0.0720832300168712
asexp,3.46869601181963e-19,0.014213875264353184,0.0,318.0,asexp <= 0.2638783839317753,0.025905792860715378
age,128.769230769231,0.003714077729328434,0.0,403.0,14.27436946001454 < age <= 197.77682519321624,0.006769169317665104
