feature,value,importance,min,max,rule,importance_ratio
la,915,0.3132126297825456,0.0,9292.0,480.69791970095315 < la <= 1397.941566989266,0.6483252317505165
age,46.6111111111111,-0.05495082598987538,0.0,403.0,14.27436946001454 < age <= 197.77682519321624,0.11374383919161356
ld,533,0.04075658090635346,0.0,3456.0,ld > 193.112153175861,0.08436288083215342
nuc,25.4444444444444,0.03704321864831447,0.0,125.0,10.97910124158328 < nuc <= 27.993868769549657,0.07667651630659715
aexp,423,-0.025639389885853448,0.0,1247.0,166.80503056010588 < aexp <= 797.7256110503639,0.05307149779122386
