,nuc,arexp,ent,ndev,age,asexp,la,ld,target
0,13.33,42.0,0.99,0.5,7.5,0.47,264.0,13.0,False
1,28.0,32.0,1.32,1.0,9.67,0.56,17.0,8.0,False
2,47.5,4.0,0.99,2.0,17.0,0.94,5.0,2.0,False
3,51.5,12.0,0.87,2.0,2.5,1.96,13.0,4.0,False
4,0.0,8.0,2.26,0.0,0.0,6.0,603.0,0.0,False
5,47.83,38.0,1.9,1.5,1.17,1.96,56.0,20.0,False
6,10.67,2.0,1.53,2.0,13.33,0.0,17.0,16.0,False
7,18.0,164.0,1.64,0.53,111.35,0.25,41.0,29.0,False
8,66.86,55.0,3.19,0.55,54.86,0.16,488.0,262.0,False
9,87.71,49.0,3.34,0.93,18.14,1.98,116.0,26.0,False
10,92.15,294.0,2.51,1.0,97.15,0.5,417.0,23.0,False
11,8.5,30.0,0.89,3.0,300.0,2.0,100.0,59.0,False
12,55.14,32.0,2.16,2.29,9.29,0.12,112.0,3.0,False
13,21.71,35.0,2.76,1.0,73.43,0.17,516.0,64.0,False
14,17.25,20.0,2.2,1.5,143.5,12.0,609.0,30.0,False
15,43.33,76.5,2.8,1.67,151.11,85.0,72.0,14.0,False
16,10.0,120.5,0.0,5.0,142.0,9.0,2.0,2.0,False
17,26.27,86.0,2.64,1.0,228.4,85.0,605.0,210.0,False
18,2.86,1.0,2.2,1.0,13.86,1.0,1050.0,34.0,False
19,102.0,0.0,0.14,8.0,53.0,0.0,105.0,1.0,False
20,6.0,30.0,2.85,0.89,42.22,0.78,48.0,20.0,False
21,8.91,52.0,2.55,0.82,80.55,26.0,128.0,104.0,False
22,9.64,83.0,2.79,1.27,177.73,50.0,204.0,254.0,False
23,18.92,13.5,2.32,1.31,7.0,0.13,484.0,22.0,False
24,72.67,78.0,1.35,6.0,102.67,0.73,8.0,3.0,False
25,30.0,116.0,0.0,13.0,172.0,3.0,6.0,0.0,False
26,4.0,188.5,0.0,4.0,59.0,45.0,12.0,1.0,False
27,6.48,192.5,3.05,0.52,517.28,108.0,243.0,66.0,False
28,1.4,3.6,1.55,0.6,30.2,1.14,435.0,4.0,False
29,1.5,12.6,0.64,0.5,22.67,9.0,717.0,6.0,False
30,1.83,20.6,2.14,0.33,4.67,17.0,628.0,130.0,False
31,0.33,379.0,1.19,0.33,400.67,274.0,201.0,0.0,False
32,1.0,3.0,2.0,0.2,0.0,3.0,0.0,8.0,True
33,42.45,26.0,1.03,1.73,58.0,24.0,789.0,37.0,False
34,20.75,15.0,1.76,3.0,62.5,1.03,70.0,8.0,False
35,11.0,32.0,0.0,6.0,10.0,4.0,14.0,2.0,False
36,60.85,35.5,3.32,1.05,30.25,0.93,605.0,262.0,False
37,4.0,39.0,0.0,2.0,6.0,4.0,17.0,17.0,False
38,38.9,46.0,2.9,2.3,2.7,0.49,49.0,7.0,False
39,26.5,83.0,0.52,8.0,0.5,0.73,4.0,13.0,False
40,31.0,76.0,0.0,9.0,21.0,1.0,16.0,1.0,False
41,0.67,39.0,0.62,0.33,258.67,0.73,0.0,123.0,False
42,2.62,135.0,0.81,0.38,29.12,0.05,579.0,388.0,False
43,20.0,115.0,0.0,8.0,46.0,8.0,5.0,0.0,False
44,49.71,95.0,2.47,3.29,108.14,0.15,83.0,20.0,False
45,3.0,15.0,0.0,1.0,3.0,5.0,200.0,0.0,False
46,5.0,22.0,1.48,1.67,64.0,22.0,138.0,0.0,False
47,50.45,212.0,2.55,2.36,128.64,0.08,296.0,24.0,False
48,24.17,1.0,3.46,1.17,92.04,1.0,554.0,211.0,False
49,6.67,133.0,1.54,2.0,33.33,0.99,45.0,6.0,False
50,0.09,46.0,3.24,0.09,2.82,33.0,67.0,3.0,False
51,4.17,38.5,1.44,1.33,49.33,1.16,1187.0,155.0,False
52,53.25,58.0,1.88,5.25,21.25,40.0,17.0,5.0,False
53,175.0,61.0,1.25,9.0,180.67,0.37,17.0,1.0,False
54,9.5,181.0,0.81,3.0,16.0,57.0,0.0,8.0,False
55,2.0,186.0,0.0,1.0,232.0,14.0,16.0,2.0,False
56,29.16,4.0,2.97,1.2,96.44,0.49,1476.0,328.0,False
57,2.0,86.0,0.98,0.75,3.75,58.0,350.0,19.0,False
58,113.5,196.0,1.52,5.33,59.67,0.0,76.0,9.0,False
59,11.0,66.0,0.0,5.0,111.0,5.0,58.0,56.0,False
60,5.6,7.0,1.92,1.0,121.9,3.0,64.0,30.0,False
61,1.4,145.0,2.2,0.2,15.0,74.0,60.0,21.0,False
62,21.33,17.0,0.92,1.33,57.0,16.0,13.0,12.0,False
63,7.0,217.0,0.98,2.0,9.0,0.0,27.0,9.0,False
64,13.0,169.5,0.95,7.5,1.0,0.0,16.0,16.0,False
65,3.0,19.0,0.0,2.0,26.0,15.0,2.0,0.0,False
66,13.0,19.0,0.0,4.0,6.0,18.0,5.0,2.0,False
67,9.5,103.0,1.0,2.0,19.0,17.0,11.0,4.0,False
68,4.0,31.0,0.0,2.0,18.0,5.0,157.0,143.0,False
69,6.0,238.5,1.7,0.75,200.25,26.0,21.0,11.0,False
70,5.5,107.0,0.79,1.5,29.0,76.0,0.0,21.0,False
71,41.67,39.0,3.18,2.42,5.17,12.0,6.0,11.0,False
72,7.0,51.0,0.0,3.0,29.0,51.0,1.0,0.0,False
73,4.08,244.0,2.82,0.83,35.42,14.0,440.0,25.0,False
74,22.0,38.0,0.93,3.5,3.0,37.0,15.0,11.0,False
75,43.5,34.0,1.44,5.25,8.0,24.0,88.0,0.0,False
76,10.0,264.0,0.81,3.5,70.5,162.0,3.0,1.0,False
77,20.5,42.0,1.6,2.5,4.0,1.5,471.0,10.0,False
78,4.86,56.0,1.69,1.43,35.71,26.0,410.0,187.0,False
79,21.0,167.0,0.82,5.0,149.0,0.0,120.0,45.0,False
80,6.0,56.0,0.0,3.0,7.0,42.0,4.0,0.0,False
81,9.5,66.0,0.96,3.5,65.0,30.0,320.0,17.0,False
82,6.86,311.5,2.01,0.71,85.43,0.94,122.0,66.0,False
83,89.33,4.0,2.38,5.17,0.0,4.0,198.0,41.0,False
84,6.33,61.0,2.0,1.67,60.83,58.0,215.0,37.0,False
85,9.5,71.0,1.41,2.25,39.0,58.0,46.0,19.0,False
86,32.12,317.0,2.2,3.5,65.88,0.33,59.0,20.0,False
87,4.33,7.0,0.4,1.67,121.0,7.0,1329.0,4.0,False
88,33.33,53.0,2.03,3.11,13.22,36.0,259.0,0.0,False
89,41.25,86.0,1.4,7.25,1.0,0.4,80.0,1.0,False
90,34.31,88.0,3.31,2.12,47.75,0.15,215.0,58.0,False
91,13.86,95.0,1.35,2.0,1.14,0.97,230.0,100.0,False
92,6.83,92.0,2.05,0.83,385.67,5.0,134.0,36.0,False
93,3.0,0.0,1.04,1.33,2.33,0.0,188.0,7.0,False
94,0.5,3.0,0.95,0.5,0.0,3.0,5.0,3.0,True
95,19.5,11.0,0.1,5.0,72.0,0.0,76.0,4.0,False
96,4.12,5.0,1.54,0.62,5.0,5.0,725.0,62.0,False
97,26.4,107.0,1.65,2.8,6.4,0.5,96.0,9.0,False
98,28.58,57.5,2.31,2.75,10.42,0.21,815.0,26.0,False
99,3.0,1.0,0.0,1.0,4.0,1.0,3.0,0.0,True
100,32.0,150.0,1.56,5.0,5.0,118.0,49.0,22.0,False
101,58.0,117.0,0.99,7.0,53.5,94.0,7.0,7.0,False
102,49.14,373.5,2.08,5.14,96.86,0.07,49.0,26.0,False
103,38.5,0.0,0.58,8.0,9.0,0.0,101.0,0.0,False
104,40.14,87.0,1.99,3.43,5.43,72.0,704.0,0.0,False
105,78.71,27.0,1.95,5.29,7.29,0.5,95.0,46.0,False
106,15.04,164.0,2.74,0.96,18.77,0.49,919.0,200.0,False
107,4.0,2.0,2.49,1.33,46.5,0.0,20.0,15.0,False
108,43.67,100.0,0.95,9.0,187.67,0.0,14.0,0.0,False
109,18.0,1.0,0.0,3.0,2.0,1.0,13.0,13.0,False
110,10.42,84.83,3.49,1.42,225.26,1.0,173.0,112.0,False
111,7.0,14.0,0.0,3.0,16.0,10.0,2.0,2.0,False
112,46.5,9.0,1.92,4.0,0.0,5.0,226.0,0.0,False
113,19.92,18.0,1.95,2.0,53.54,0.85,300.0,52.0,False
114,5.0,5.0,0.0,3.0,101.0,0.0,2.0,2.0,False
115,4.09,22.0,2.77,0.55,21.09,20.0,196.0,44.0,False
116,6.4,23.0,1.79,1.0,15.8,1.0,64.0,9.0,False
117,62.5,181.0,0.82,7.5,12.5,0.97,51.0,28.0,False
118,14.83,36.0,1.88,1.17,8.67,33.0,95.0,41.0,False
119,17.62,49.0,1.75,1.85,14.0,0.31,855.0,624.0,False
120,13.5,15.0,0.99,2.5,28.0,14.0,95.0,104.0,False
121,6.0,212.0,0.0,4.0,38.0,40.0,5.0,1.0,False
122,23.5,0.0,0.62,6.0,83.5,0.0,3.0,10.0,False
123,57.0,43.0,0.66,8.0,2.0,31.0,112.0,5.0,False
124,8.0,45.0,2.02,2.17,101.33,33.0,36.0,34.0,False
125,26.67,7.0,1.46,4.67,176.0,2.0,66.0,34.0,False
126,32.0,52.0,1.14,6.33,162.0,39.0,20.0,17.0,False
127,65.5,212.5,0.7,7.5,14.5,0.97,15.0,6.0,False
128,9.0,39.0,0.0,1.0,28.0,36.0,2.0,1.0,False
129,6.0,49.0,0.77,2.5,37.5,20.0,75.0,13.0,False
130,44.5,111.67,1.87,6.75,40.0,0.0,10.0,7.0,False
131,18.67,22.0,1.44,2.67,43.67,20.0,8.0,3.0,False
132,24.08,23.0,2.81,2.08,10.92,16.0,977.0,1.0,False
133,10.0,23.0,1.17,2.25,536.25,3.0,108.0,20.0,False
134,9.0,47.0,2.56,0.7,10.3,1.0,652.0,535.0,False
135,139.6,52.5,2.03,10.6,61.0,0.1,239.0,132.0,False
136,7.0,16.0,0.0,7.0,312.0,8.0,8.0,7.0,False
137,2.0,13.0,0.73,1.0,35.0,8.0,357.0,0.0,False
138,8.0,29.0,0.8,3.67,371.67,19.0,69.0,3.0,False
139,13.33,140.0,1.01,5.0,98.67,0.0,85.0,9.0,False
140,48.83,305.5,2.34,6.33,149.33,0.0,13.0,14.0,False
141,28.0,144.0,0.63,8.5,26.0,0.0,18.0,7.0,False
142,51.5,68.0,1.15,7.17,40.33,0.51,464.0,240.0,False
143,85.0,29.0,2.62,5.75,40.75,23.0,129.0,34.0,False
144,10.33,115.0,1.58,3.33,16.67,113.0,26.0,19.0,False
145,8.33,31.0,0.75,4.67,121.0,1.0,85.0,0.0,False
146,15.07,22.0,3.37,0.98,11.8,0.37,62.0,318.0,False
147,120.0,276.0,1.02,7.88,69.38,0.29,402.0,65.0,False
148,38.5,34.0,0.5,9.5,31.0,0.0,9.0,0.0,False
149,15.0,58.0,0.97,3.0,0.0,53.0,2.0,3.0,False
150,27.0,345.0,2.75,2.57,60.14,0.97,369.0,64.0,False
151,17.33,62.0,1.43,2.33,34.67,56.0,62.0,32.0,False
152,108.27,81.0,2.69,5.18,103.09,50.0,121.0,14.0,False
153,5.33,5.0,2.14,1.83,244.67,1.0,23.0,12.0,False
154,17.7,164.0,2.75,1.6,65.9,0.32,291.0,93.0,False
155,18.67,23.0,2.03,3.67,46.33,23.0,985.0,19.0,False
156,67.25,125.0,1.47,11.25,59.5,0.49,87.0,19.0,False
157,0.0,0.0,0.0,0.0,0.0,0.0,0.0,1.0,True
158,25.55,35.0,2.02,3.09,64.73,32.0,121.0,162.0,False
159,39.75,68.0,1.76,7.25,18.75,0.0,116.0,48.0,False
160,1.5,104.5,1.0,1.0,169.5,4.0,34.0,0.0,False
161,21.25,120.0,1.26,2.75,23.38,121.0,604.0,96.0,False
162,3.5,133.67,0.08,0.5,50.5,0.13,62.0,37.0,False
163,30.0,74.5,0.0,14.0,202.0,49.0,18.0,10.0,False
164,16.0,122.5,0.95,4.33,1.33,127.0,125.0,3.0,False
165,104.0,76.0,1.11,12.2,107.6,1.0,45.0,37.0,False
166,3.0,90.5,1.0,1.0,189.0,78.0,6.0,6.0,False
167,3.0,0.0,0.38,2.0,272.0,0.0,164.0,0.0,False
168,43.67,4.0,0.81,8.0,102.67,4.0,100.0,1.0,False
169,16.67,3.0,2.23,3.44,249.33,1.0,228.0,12.0,False
170,16.0,122.5,1.58,4.0,19.0,136.0,306.0,14.0,False
171,8.37,48.0,3.02,1.68,27.16,0.0,1155.0,3.0,False
172,11.86,100.67,1.42,2.86,31.86,0.02,364.0,12.0,False
173,0.0,101.67,0.86,0.0,0.0,24.0,161.0,0.0,False
174,7.67,111.0,1.2,4.0,24.67,126.0,61.0,1.0,False
175,12.44,112.0,2.73,2.56,209.44,127.0,58.0,54.0,False
176,4.5,191.5,0.64,1.5,118.0,41.0,278.0,170.0,False
177,56.67,32.5,2.14,7.0,106.83,1.0,277.0,1.0,False
178,54.7,95.67,2.79,5.1,148.8,0.06,102.0,19.0,False
179,27.33,20.0,1.73,5.17,265.0,22.0,28.0,0.0,False
180,44.59,103.5,4.02,2.55,203.86,68.0,401.0,712.0,False
181,1.92,104.5,1.9,0.83,166.5,4.0,1030.0,113.0,False
182,12.33,61.5,0.3,5.0,180.33,1.0,130.0,540.0,False
183,12.67,135.5,1.42,2.0,82.67,15.0,72.0,6.0,False
184,1.0,9.0,1.23,0.5,24.75,1.06,168.0,109.0,False
185,26.0,31.0,1.15,8.33,20.67,0.0,7.0,7.0,False
186,6.33,134.5,1.26,3.67,10.67,164.0,360.0,22.0,False
187,3.75,1.0,1.57,1.5,407.75,0.0,806.0,4.0,False
188,116.75,21.0,2.32,10.0,404.0,0.25,55.0,14.0,False
189,3.0,63.33,0.0,2.0,79.0,62.0,26.0,4.0,False
190,6.0,128.75,0.65,1.5,140.0,0.13,5.0,1.0,False
191,11.6,79.72,2.12,2.4,80.2,1.0,353.0,3.0,False
192,10.67,81.38,1.19,2.33,3.33,0.0,155.0,2.0,False
193,16.0,131.75,0.0,4.0,168.0,11.0,23.0,1.0,False
194,11.67,6.0,2.66,1.56,18.44,0.09,231.0,105.0,False
195,9.5,14.0,2.35,1.83,99.25,1.0,463.0,247.0,False
196,51.23,100.67,3.42,3.55,222.41,102.0,977.0,152.0,False
197,46.75,101.67,1.47,9.25,17.25,103.0,61.0,1.0,False
198,14.67,8.75,1.92,2.44,34.78,0.94,706.0,269.0,False
199,3.67,56.17,1.07,1.33,28.33,0.79,13.0,10.0,False
200,7.0,37.0,0.0,4.0,5.0,5.0,8.0,2.0,False
201,42.55,75.5,1.85,5.45,142.36,0.0,297.0,51.0,False
202,5.0,122.83,0.18,2.5,104.0,1.0,37.0,0.0,False
203,161.67,46.5,2.37,10.67,149.33,0.91,73.0,15.0,False
204,2.94,9.42,0.88,1.0,7.33,3.41,538.9,13.56,False
205,2.95,10.46,0.71,1.0,6.52,3.7,475.43,11.02,False
206,2.87,2.66,1.94,1.0,12.57,1.48,949.01,29.96,False
207,2.92,7.48,1.18,1.0,8.83,2.85,656.81,18.27,False
208,2.97,12.2,0.44,1.0,5.17,4.2,369.85,6.79,False
209,2.95,9.93,0.8,1.0,6.93,3.55,507.58,12.3,False
210,2.99,14.1,0.14,1.0,3.7,4.74,254.45,2.18,False
211,2.89,4.32,1.68,1.0,11.28,1.95,848.55,25.94,False
212,2.93,8.17,1.07,1.0,8.3,3.05,614.82,16.59,False
213,2.89,4.66,1.63,1.0,11.02,2.04,828.08,25.12,False
214,2.86,1.28,2.16,1.0,13.64,1.08,1032.76,33.31,False
215,2.98,12.97,0.32,1.0,4.57,4.42,323.15,4.93,False
216,2.93,8.13,1.08,1.0,8.33,3.04,617.34,16.69,False
217,2.93,8.39,1.04,1.0,8.13,3.11,601.31,16.05,False
218,2.95,10.46,0.71,1.0,6.52,3.7,475.79,11.03,False
219,2.94,8.71,0.99,1.0,7.88,3.2,581.97,15.28,False
220,2.98,13.52,0.23,1.0,4.15,4.58,290.03,3.6,False
221,2.9,5.43,1.51,1.0,10.42,2.27,780.95,23.24,False
222,2.88,3.29,1.84,1.0,12.08,1.66,910.74,28.43,False
223,2.99,13.59,0.22,1.0,4.1,4.6,285.74,3.43,False
224,2.87,2.42,1.98,1.0,12.76,1.41,963.92,30.56,False
225,2.89,3.8,1.76,1.0,11.69,1.8,880.03,27.2,False
226,3.0,14.87,0.02,1.0,3.1,4.96,207.77,0.31,False
227,2.97,12.52,0.39,1.0,4.93,4.29,350.86,6.03,False
228,2.9,5.49,1.5,1.0,10.37,2.28,777.12,23.08,False
229,2.87,2.14,2.02,1.0,12.98,1.32,980.98,31.24,False
230,2.93,8.25,1.06,1.0,8.24,3.07,610.09,16.4,False
231,2.88,3.69,1.78,1.0,11.77,1.77,886.53,27.46,False
232,2.86,1.68,2.1,1.0,13.33,1.2,1008.5,32.34,False
233,2.9,4.81,1.6,1.0,10.9,2.09,818.39,24.74,False
234,2.88,2.91,1.9,1.0,12.37,1.55,933.87,29.35,False
235,2.94,9.01,0.94,1.0,7.65,3.29,563.69,14.55,False
236,2.98,13.29,0.27,1.0,4.33,4.51,303.96,4.16,False
237,2.89,4.31,1.68,1.0,11.29,1.95,848.9,25.96,False
238,2.91,5.95,1.42,1.0,10.02,2.41,749.56,21.98,False
239,2.97,11.75,0.51,1.0,5.52,4.07,397.42,7.9,False
240,2.98,13.18,0.29,1.0,4.41,4.48,310.67,4.43,False
241,2.91,6.26,1.38,1.0,9.78,2.5,730.59,21.22,False
242,2.89,4.14,1.71,1.0,11.42,1.9,859.32,26.37,False
243,2.89,3.98,1.73,1.0,11.55,1.85,869.13,26.77,False
244,2.9,5.13,1.55,1.0,10.65,2.18,799.29,23.97,False
245,2.88,2.91,1.9,1.0,12.37,1.55,933.92,29.36,False
246,2.98,12.97,0.32,1.0,4.57,4.42,323.25,4.93,False
247,2.86,1.61,2.11,1.0,13.38,1.18,1012.74,32.51,False
248,2.9,5.67,1.47,1.0,10.24,2.33,766.72,22.67,False
249,2.95,9.76,0.82,1.0,7.06,3.5,517.85,12.71,False
250,2.99,13.58,0.22,1.0,4.1,4.59,286.42,3.46,False
251,2.98,13.09,0.3,1.0,4.48,4.45,315.98,4.64,False
252,2.93,8.0,1.1,1.0,8.43,3.0,625.23,17.01,False
253,2.92,6.86,1.28,1.0,9.31,2.67,694.3,19.77,False
254,2.97,12.41,0.41,1.0,5.01,4.26,357.39,6.3,False
255,2.87,2.32,2.0,1.0,12.83,1.38,969.94,30.8,False
256,2.9,4.9,1.59,1.0,10.83,2.11,813.09,24.52,False
257,2.89,4.48,1.66,1.0,11.16,1.99,838.81,25.55,False
258,2.95,9.69,0.84,1.0,7.12,3.48,522.44,12.9,False
259,2.94,8.75,0.98,1.0,7.85,3.21,579.63,15.19,False
260,2.99,13.74,0.2,1.0,3.97,4.64,276.31,3.05,False
261,2.88,3.16,1.86,1.0,12.18,1.62,918.99,28.76,False
262,2.93,8.07,1.09,1.0,8.37,3.02,620.78,16.83,False
263,2.91,6.07,1.4,1.0,9.92,2.45,742.07,21.68,False
264,2.99,13.74,0.2,1.0,3.98,4.64,276.34,3.05,False
265,2.93,8.15,1.08,1.0,8.31,3.04,615.83,16.63,False
266,2.93,7.96,1.11,1.0,8.46,2.99,627.6,17.1,False
267,2.97,11.79,0.51,1.0,5.49,4.08,395.13,7.81,False
268,2.95,10.4,0.72,1.0,6.57,3.68,479.45,11.18,False
269,2.93,8.01,1.1,1.0,8.42,3.0,624.35,16.97,False
270,2.97,12.17,0.45,1.0,5.19,4.19,371.74,6.87,False
271,2.99,14.49,0.08,1.0,3.4,4.85,231.17,1.25,False
272,2.95,10.55,0.7,1.0,6.45,3.73,470.26,10.81,False
273,2.97,11.57,0.54,1.0,5.66,4.02,408.19,8.33,False
274,2.87,2.22,2.01,1.0,12.91,1.35,975.73,31.03,False
275,2.97,12.11,0.45,1.0,5.24,4.17,375.34,7.01,False
276,2.9,4.94,1.58,1.0,10.8,2.13,810.77,24.43,False
277,2.99,14.32,0.11,1.0,3.53,4.81,241.18,1.65,False
278,2.94,9.28,0.9,1.0,7.44,3.36,547.52,13.9,False
279,2.93,8.38,1.04,1.0,8.13,3.11,601.81,16.07,False
280,2.99,13.64,0.21,1.0,4.06,4.61,282.87,3.31,False
281,2.91,6.08,1.4,1.0,9.92,2.45,741.5,21.66,False
282,2.88,3.09,1.87,1.0,12.24,1.6,923.31,28.93,False
283,2.98,13.34,0.26,1.0,4.28,4.53,300.56,4.02,False
284,2.92,7.55,1.17,1.0,8.77,2.87,652.09,18.08,False
285,2.98,13.06,0.31,1.0,4.51,4.44,318.03,4.72,False
286,2.9,5.07,1.56,1.0,10.7,2.16,803.17,24.13,False
287,2.97,12.42,0.41,1.0,5.0,4.26,356.5,6.26,False
288,2.9,5.57,1.48,1.0,10.31,2.31,772.67,22.91,False
289,2.9,5.18,1.54,1.0,10.61,2.19,796.09,23.84,False
290,2.98,12.93,0.33,1.0,4.6,4.41,325.6,5.02,False
291,2.99,14.49,0.08,1.0,3.4,4.85,231.03,1.24,False
292,2.91,6.4,1.35,1.0,9.67,2.54,722.08,20.88,False
293,2.96,11.23,0.59,1.0,5.92,3.92,428.93,9.16,False
294,2.88,3.57,1.8,1.0,11.86,1.73,893.94,27.76,False
295,3.0,14.62,0.06,1.0,3.29,4.89,222.94,0.92,False
296,2.98,13.51,0.23,1.0,4.15,4.58,290.27,3.61,False
297,2.9,5.39,1.51,1.0,10.45,2.25,783.33,23.33,False
298,2.98,13.35,0.26,1.0,4.28,4.53,300.02,4.0,False
299,2.87,2.43,1.98,1.0,12.74,1.41,962.92,30.52,False
300,2.9,5.17,1.55,1.0,10.62,2.19,796.84,23.87,False
301,2.95,9.76,0.83,1.0,7.07,3.5,518.4,12.74,False
302,3.0,14.73,0.04,1.0,3.21,4.92,216.37,0.65,False
303,2.92,7.21,1.23,1.0,9.04,2.77,673.12,18.92,False
304,2.94,9.04,0.94,1.0,7.62,3.3,561.71,14.47,False
305,2.89,4.06,1.72,1.0,11.48,1.87,864.2,26.57,False
306,2.9,5.61,1.48,1.0,10.28,2.32,770.22,22.81,False
307,2.98,13.0,0.32,1.0,4.55,4.43,321.72,4.87,False
308,2.9,5.65,1.47,1.0,10.25,2.33,767.47,22.7,False
309,2.92,7.27,1.22,1.0,8.99,2.79,669.19,18.77,False
310,2.87,2.51,1.97,1.0,12.69,1.43,958.27,30.33,False
311,2.87,2.12,2.03,1.0,12.99,1.32,982.09,31.28,False
312,2.89,4.0,1.73,1.0,11.53,1.86,867.78,26.71,False
313,2.96,11.38,0.57,1.0,5.81,3.97,419.88,8.8,False
314,2.88,3.16,1.86,1.0,12.18,1.62,919.08,28.76,False
315,2.9,5.59,1.48,1.0,10.3,2.31,771.49,22.86,False
316,2.92,7.51,1.18,1.0,8.81,2.86,654.58,18.18,False
317,2.99,14.18,0.13,1.0,3.64,4.77,249.91,2.0,False
318,2.97,12.26,0.43,1.0,5.13,4.22,366.62,6.66,False
319,2.97,12.51,0.39,1.0,4.93,4.29,350.91,6.04,False
320,2.88,3.57,1.8,1.0,11.86,1.73,893.87,27.75,False
321,2.97,12.4,0.41,1.0,5.02,4.26,357.97,6.32,False
322,2.97,12.11,0.45,1.0,5.24,4.18,375.16,7.01,False
323,2.94,9.1,0.93,1.0,7.58,3.31,558.22,14.33,False
324,2.98,13.42,0.25,1.0,4.23,4.55,296.12,3.84,False
325,2.87,2.13,2.03,1.0,12.98,1.32,981.67,31.27,False
326,2.91,6.6,1.32,1.0,9.51,2.6,709.94,20.4,False
327,2.94,8.89,0.96,1.0,7.74,3.25,571.27,14.85,False
328,2.87,2.16,2.02,1.0,12.95,1.33,979.36,31.17,False
329,2.88,3.02,1.88,1.0,12.29,1.58,927.17,29.09,False
330,2.98,12.79,0.35,1.0,4.71,4.37,334.18,5.37,False
331,2.88,2.97,1.89,1.0,12.33,1.56,930.51,29.22,False
332,2.97,12.18,0.44,1.0,5.19,4.19,371.17,6.85,False
333,2.95,9.79,0.82,1.0,7.04,3.51,516.25,12.65,False
334,2.9,4.8,1.61,1.0,10.91,2.09,819.41,24.78,False
335,2.91,6.66,1.31,1.0,9.47,2.62,706.19,20.25,False
336,2.87,2.56,1.96,1.0,12.65,1.44,955.58,30.22,False
337,2.99,14.32,0.11,1.0,3.52,4.81,241.1,1.64,False
338,2.86,1.64,2.1,1.0,13.36,1.18,1011.14,32.45,False
339,2.88,3.13,1.87,1.0,12.21,1.61,920.72,28.83,False
340,2.95,10.22,0.75,1.0,6.7,3.64,490.03,11.6,False
341,2.93,8.08,1.09,1.0,8.37,3.02,620.1,16.8,False
342,2.99,14.37,0.1,1.0,3.49,4.82,238.1,1.52,False
343,2.86,1.74,2.09,1.0,13.29,1.21,1005.3,32.21,False
344,2.99,13.74,0.2,1.0,3.98,4.64,276.6,3.06,False
345,2.95,9.92,0.8,1.0,6.94,3.55,508.21,12.33,False
346,2.91,6.45,1.35,1.0,9.63,2.56,719.14,20.77,False
347,2.88,3.7,1.78,1.0,11.77,1.77,886.23,27.45,False
348,2.94,8.97,0.95,1.0,7.68,3.28,566.18,14.65,False
349,2.94,9.5,0.86,1.0,7.26,3.43,533.76,13.35,False
350,2.95,9.98,0.79,1.0,6.9,3.56,504.96,12.2,False
351,2.91,6.25,1.38,1.0,9.78,2.5,730.99,21.24,False
352,2.97,12.18,0.44,1.0,5.19,4.19,371.35,6.85,False
353,2.95,10.13,0.77,1.0,6.78,3.61,495.56,11.82,False
354,2.89,4.52,1.65,1.0,11.13,2.01,836.42,25.46,False
355,2.86,1.54,2.12,1.0,13.44,1.15,1017.26,32.69,False
356,2.96,11.08,0.62,1.0,6.04,3.88,438.1,9.52,False
357,2.89,4.38,1.67,1.0,11.24,1.96,844.99,25.8,False
358,2.87,2.45,1.97,1.0,12.73,1.41,961.86,30.47,False
359,2.97,11.86,0.49,1.0,5.43,4.1,390.35,7.61,False
360,2.92,7.24,1.22,1.0,9.02,2.78,670.92,18.84,False
361,2.92,7.57,1.17,1.0,8.76,2.88,651.18,18.05,False
362,2.86,1.47,2.13,1.0,13.49,1.13,1021.36,32.85,False
363,2.9,5.37,1.52,1.0,10.47,2.25,784.69,23.39,False
364,2.95,10.41,0.72,1.0,6.56,3.69,478.59,11.14,False
365,2.86,1.51,2.12,1.0,13.46,1.15,1019.02,32.76,False
366,2.88,2.89,1.9,1.0,12.39,1.54,934.99,29.4,False
367,2.96,11.21,0.6,1.0,5.94,3.92,430.23,9.21,False
368,2.88,3.58,1.8,1.0,11.85,1.74,893.24,27.73,False
369,2.91,5.91,1.43,1.0,10.05,2.4,752.0,22.08,False
370,2.93,8.48,1.03,1.0,8.06,3.14,596.08,15.84,False
371,2.92,7.31,1.21,1.0,8.96,2.8,666.65,18.67,False
372,2.92,7.16,1.23,1.0,9.08,2.76,675.96,19.04,False
373,3.0,14.9,0.02,1.0,3.08,4.97,205.9,0.24,False
374,2.92,6.83,1.29,1.0,9.34,2.67,696.09,19.84,False
375,2.87,1.86,2.07,1.0,13.19,1.25,997.81,31.91,False
376,2.93,7.84,1.13,1.0,8.55,2.96,634.44,17.38,False
377,2.97,11.93,0.48,1.0,5.38,4.12,386.39,7.46,False
378,2.93,8.35,1.05,1.0,8.16,3.1,603.65,16.15,False
379,2.89,3.78,1.77,1.0,11.7,1.79,881.29,27.25,False
380,2.91,6.29,1.37,1.0,9.75,2.51,728.57,21.14,False
381,2.99,14.3,0.11,1.0,3.54,4.8,242.5,1.7,False
382,2.88,3.18,1.86,1.0,12.17,1.62,917.9,28.72,False
383,2.89,4.68,1.62,1.0,11.0,2.05,826.53,25.06,False
384,2.91,6.63,1.32,1.0,9.49,2.61,708.09,20.32,False
385,2.94,9.35,0.89,1.0,7.38,3.38,543.22,13.73,False
386,2.96,11.38,0.57,1.0,5.81,3.97,419.68,8.79,False
387,2.92,7.03,1.25,1.0,9.18,2.72,683.74,19.35,False
388,3.0,14.61,0.06,1.0,3.3,4.89,223.66,0.95,False
389,2.88,2.87,1.91,1.0,12.41,1.53,936.52,29.46,False
390,2.88,2.82,1.92,1.0,12.45,1.52,939.74,29.59,False
391,2.96,10.84,0.66,1.0,6.23,3.81,452.87,10.11,False
392,2.96,11.49,0.55,1.0,5.72,4.0,413.22,8.53,False
393,2.98,12.99,0.32,1.0,4.56,4.43,322.03,4.88,False
394,2.87,2.64,1.94,1.0,12.58,1.47,950.28,30.01,False
395,2.93,7.78,1.14,1.0,8.6,2.94,638.54,17.54,False
396,2.93,7.85,1.13,1.0,8.55,2.96,634.21,17.37,False
397,2.98,12.66,0.37,1.0,4.82,4.33,342.22,5.69,False
398,2.86,1.7,2.09,1.0,13.32,1.2,1007.67,32.31,False
399,2.92,7.31,1.21,1.0,8.96,2.8,666.66,18.67,False
400,3.0,14.85,0.02,1.0,3.11,4.96,208.85,0.35,False
401,2.96,11.46,0.56,1.0,5.75,3.99,415.08,8.6,False
402,2.88,3.57,1.8,1.0,11.86,1.74,893.78,27.75,False
403,2.98,13.48,0.24,1.0,4.18,4.57,292.02,3.68,False
404,2.91,5.95,1.42,1.0,10.02,2.41,749.43,21.98,False
405,2.86,1.31,2.15,1.0,13.61,1.09,1031.04,33.24,False
406,2.95,10.14,0.76,1.0,6.77,3.61,494.83,11.79,False
407,2.89,3.98,1.73,1.0,11.55,1.85,869.24,26.77,False
408,2.99,13.7,0.2,1.0,4.01,4.63,278.76,3.15,False
409,2.88,3.25,1.85,1.0,12.11,1.64,913.44,28.54,False
410,2.86,1.69,2.09,1.0,13.32,1.2,1008.29,32.33,False
411,2.89,4.17,1.7,1.0,11.4,1.9,857.69,26.31,False
412,2.92,7.53,1.18,1.0,8.79,2.87,653.52,18.14,False
413,2.91,6.39,1.35,1.0,9.68,2.54,722.82,20.91,False
414,2.92,7.57,1.17,1.0,8.76,2.88,651.1,18.04,False
415,2.99,14.02,0.15,1.0,3.76,4.72,259.62,2.38,False
416,2.92,7.47,1.19,1.0,8.84,2.85,657.35,18.29,False
417,2.98,12.8,0.35,1.0,4.71,4.37,333.52,5.34,False
418,2.87,1.83,2.07,1.0,13.22,1.24,999.89,32.0,False
419,2.9,5.2,1.54,1.0,10.6,2.2,795.15,23.81,False
420,2.91,6.35,1.36,1.0,9.71,2.53,725.07,21.0,False
421,2.97,11.85,0.5,1.0,5.44,4.1,391.28,7.65,False
422,2.95,9.92,0.8,1.0,6.94,3.55,508.18,12.33,False
423,2.91,6.17,1.39,1.0,9.84,2.48,735.84,21.43,False
424,2.99,13.98,0.16,1.0,3.79,4.71,261.71,2.47,False
425,2.88,3.65,1.79,1.0,11.8,1.76,889.21,27.57,False
426,2.92,7.56,1.17,1.0,8.77,2.88,651.45,18.06,False
427,2.88,2.89,1.91,1.0,12.39,1.54,935.16,29.41,False
428,2.92,6.74,1.3,1.0,9.41,2.64,701.56,20.06,False
429,2.97,12.03,0.47,1.0,5.3,4.15,380.06,7.2,False
430,2.91,6.11,1.4,1.0,9.89,2.46,739.57,21.58,False
431,2.9,5.16,1.55,1.0,10.63,2.19,797.34,23.89,False
432,2.87,2.3,2.0,1.0,12.85,1.37,970.89,30.84,False
433,2.97,11.66,0.53,1.0,5.59,4.05,402.92,8.12,False
434,2.96,10.67,0.68,1.0,6.36,3.76,462.88,10.52,False
435,2.91,6.15,1.39,1.0,9.86,2.47,737.07,21.48,False
436,2.9,5.42,1.51,1.0,10.43,2.26,781.88,23.28,False
437,2.88,2.77,1.92,1.0,12.48,1.51,942.41,29.7,False
438,2.95,10.0,0.79,1.0,6.87,3.57,503.32,12.13,False
439,2.89,3.92,1.74,1.0,11.6,1.83,873.01,26.92,False
440,2.95,9.72,0.83,1.0,7.09,3.49,520.57,12.82,False
441,2.91,6.31,1.37,1.0,9.74,2.52,727.71,21.11,False
442,2.89,4.08,1.72,1.0,11.47,1.88,862.85,26.51,False
443,2.99,13.92,0.17,1.0,3.84,4.69,265.62,2.62,False
444,3.0,14.77,0.04,1.0,3.18,4.93,214.17,0.57,False
445,2.94,8.88,0.96,1.0,7.74,3.25,571.33,14.85,False
446,2.9,5.11,1.56,1.0,10.67,2.17,800.53,24.02,False
447,2.93,7.91,1.12,1.0,8.5,2.97,630.42,17.22,False
448,2.95,9.95,0.79,1.0,6.92,3.56,506.71,12.27,False
449,2.89,4.17,1.7,1.0,11.4,1.91,857.49,26.3,False
450,2.89,3.87,1.75,1.0,11.63,1.82,875.77,27.03,False
451,2.97,11.73,0.51,1.0,5.53,4.07,398.43,7.94,False
452,2.99,13.89,0.17,1.0,3.86,4.68,267.12,2.68,False
453,2.99,14.09,0.14,1.0,3.7,4.74,255.06,2.2,False
454,2.98,12.72,0.36,1.0,4.77,4.35,338.25,5.53,False
455,2.97,12.18,0.44,1.0,5.19,4.19,371.28,6.85,False
456,2.93,8.59,1.01,1.0,7.97,3.17,588.96,15.56,False
457,2.88,3.68,1.78,1.0,11.78,1.77,887.28,27.49,False
458,2.96,11.06,0.62,1.0,6.06,3.87,439.51,9.58,False
459,2.91,6.22,1.38,1.0,9.81,2.49,732.87,21.31,False
460,2.9,5.25,1.53,1.0,10.56,2.21,791.85,23.67,False
461,2.92,6.74,1.3,1.0,9.41,2.64,701.53,20.06,False
462,2.91,5.93,1.43,1.0,10.03,2.41,750.64,22.03,False
463,2.86,1.23,2.17,1.0,13.68,1.07,1036.08,33.44,False
464,2.89,4.23,1.69,1.0,11.35,1.92,853.98,26.16,False
465,2.91,6.14,1.39,1.0,9.87,2.47,737.9,21.52,False
466,2.9,4.98,1.58,1.0,10.77,2.14,808.13,24.33,False
467,2.97,11.62,0.53,1.0,5.62,4.03,405.33,8.21,False
468,2.94,8.8,0.97,1.0,7.81,3.23,576.19,15.05,False
469,2.97,12.42,0.41,1.0,5.0,4.26,356.47,6.26,False
470,2.97,12.12,0.45,1.0,5.24,4.18,375.08,7.0,False
471,2.88,3.18,1.86,1.0,12.17,1.62,917.74,28.71,False
472,2.96,11.12,0.61,1.0,6.01,3.89,435.7,9.43,False
473,2.96,11.38,0.57,1.0,5.81,3.97,419.73,8.79,False
474,2.96,11.28,0.59,1.0,5.88,3.94,425.81,9.03,False
475,2.98,12.93,0.33,1.0,4.61,4.41,325.88,5.04,False
476,2.91,6.13,1.4,1.0,9.88,2.46,738.77,21.55,False
477,2.92,7.18,1.23,1.0,9.07,2.77,674.91,19.0,False
478,2.9,5.1,1.56,1.0,10.68,2.17,801.16,24.05,False
479,2.91,5.78,1.45,1.0,10.15,2.37,759.67,22.39,False
480,2.87,2.09,2.03,1.0,13.01,1.31,983.75,31.35,False
481,2.94,9.16,0.92,1.0,7.53,3.33,554.62,14.18,False
482,2.9,5.29,1.53,1.0,10.53,2.23,789.53,23.58,False
483,2.96,11.42,0.56,1.0,5.78,3.98,417.55,8.7,False
484,3.0,14.86,0.02,1.0,3.11,4.96,208.23,0.33,False
485,2.99,14.43,0.09,1.0,3.44,4.84,234.74,1.39,False
486,2.91,6.19,1.39,1.0,9.83,2.48,735.1,21.4,False
487,2.88,3.48,1.81,1.0,11.94,1.71,899.52,27.98,False
488,2.87,2.37,1.99,1.0,12.79,1.39,966.58,30.66,False
489,2.88,3.15,1.86,1.0,12.19,1.61,919.58,28.78,False
490,2.92,6.9,1.27,1.0,9.28,2.69,691.73,19.67,False
491,2.92,7.59,1.17,1.0,8.75,2.88,650.19,18.01,False
492,2.87,1.81,2.08,1.0,13.23,1.23,1000.86,32.03,False
493,2.96,11.19,0.6,1.0,5.96,3.91,431.39,9.26,False
494,2.93,7.94,1.11,1.0,8.47,2.98,628.47,17.14,False
495,2.97,12.27,0.43,1.0,5.11,4.22,365.51,6.62,False
496,2.96,11.55,0.54,1.0,5.68,4.01,409.51,8.38,False
497,2.97,12.53,0.39,1.0,4.92,4.29,349.95,6.0,False
498,2.86,1.65,2.1,1.0,13.35,1.19,1010.45,32.42,False
499,2.99,13.78,0.19,1.0,3.95,4.65,274.23,2.97,False
500,2.9,5.61,1.48,1.0,10.28,2.32,770.21,22.81,False
501,2.97,12.43,0.4,1.0,4.99,4.27,356.17,6.25,False
502,2.91,5.88,1.43,1.0,10.07,2.39,753.68,22.15,False
503,2.93,8.14,1.08,1.0,8.32,3.04,616.79,16.67,False
504,2.97,11.85,0.5,1.0,5.44,4.1,391.4,7.66,False
505,2.9,5.63,1.48,1.0,10.27,2.32,769.18,22.77,False
506,2.89,3.9,1.75,1.0,11.61,1.83,873.88,26.96,False
507,2.9,5.24,1.54,1.0,10.57,2.21,792.83,23.71,False
508,2.88,3.16,1.86,1.0,12.19,1.62,919.09,28.76,False
509,2.91,6.25,1.38,1.0,9.78,2.5,731.15,21.25,False
510,2.97,12.27,0.43,1.0,5.12,4.22,365.79,6.63,False
511,2.88,2.84,1.91,1.0,12.43,1.53,938.14,29.53,False
512,2.99,13.95,0.17,1.0,3.82,4.7,263.84,2.55,False
513,2.94,9.6,0.85,1.0,7.19,3.46,527.86,13.11,False
514,2.98,13.15,0.29,1.0,4.43,4.47,312.13,4.49,False
515,2.95,10.21,0.75,1.0,6.72,3.63,490.9,11.64,False
516,3.0,14.54,0.07,1.0,3.36,4.87,228.05,1.12,False
517,2.91,6.58,1.32,1.0,9.53,2.59,711.1,20.44,False
518,2.88,3.02,1.89,1.0,12.29,1.58,927.48,29.1,False
519,2.97,12.16,0.45,1.0,5.2,4.19,372.5,6.9,False
520,2.92,6.77,1.29,1.0,9.38,2.65,699.43,19.98,False
521,2.92,6.74,1.3,1.0,9.4,2.64,701.22,20.05,False
522,2.99,14.47,0.08,1.0,3.41,4.85,232.13,1.29,False
523,2.87,1.78,2.08,1.0,13.25,1.22,1002.38,32.1,False
524,2.94,9.24,0.91,1.0,7.47,3.35,549.78,13.99,False
525,2.95,9.64,0.84,1.0,7.16,3.47,525.48,13.02,False
526,2.95,10.11,0.77,1.0,6.8,3.6,497.11,11.88,False
527,2.89,4.34,1.68,1.0,11.27,1.95,847.23,25.89,False
528,2.9,5.39,1.51,1.0,10.45,2.26,783.23,23.33,False
529,2.94,9.6,0.85,1.0,7.19,3.46,527.99,13.12,False
530,2.92,7.4,1.2,1.0,8.89,2.83,661.4,18.46,False
531,2.94,9.47,0.87,1.0,7.29,3.42,535.85,13.43,False
532,2.91,6.26,1.37,1.0,9.78,2.5,730.57,21.22,False
533,2.91,5.9,1.43,1.0,10.05,2.4,752.31,22.09,False
534,2.88,2.96,1.89,1.0,12.34,1.56,930.84,29.23,False
535,2.91,6.37,1.36,1.0,9.69,2.53,724.04,20.96,False
536,2.98,12.9,0.33,1.0,4.63,4.4,327.36,5.09,False
537,2.95,10.42,0.72,1.0,6.55,3.69,477.8,11.11,False
538,2.96,11.45,0.56,1.0,5.76,3.98,415.82,8.63,False
539,2.87,1.78,2.08,1.0,13.25,1.22,1002.66,32.11,False
540,2.88,2.81,1.92,1.0,12.46,1.52,940.34,29.61,False
541,2.99,14.35,0.1,1.0,3.51,4.81,239.76,1.59,False
542,2.9,5.68,1.47,1.0,10.23,2.34,766.04,22.64,False
543,2.89,3.95,1.74,1.0,11.57,1.84,870.66,26.83,False
544,2.93,8.41,1.04,1.0,8.11,3.12,600.0,16.0,False
545,2.92,7.11,1.24,1.0,9.12,2.74,679.31,19.17,False
546,2.9,5.34,1.52,1.0,10.49,2.24,786.66,23.47,False
547,2.9,5.34,1.52,1.0,10.49,2.24,786.42,23.46,False
548,2.99,13.97,0.16,1.0,3.8,4.71,262.61,2.5,False
549,2.91,6.03,1.41,1.0,9.96,2.44,744.67,21.79,False
550,2.86,1.22,2.17,1.0,13.69,1.06,1036.84,33.47,False
551,2.87,1.8,2.08,1.0,13.23,1.23,1001.24,32.05,False
552,2.99,13.63,0.22,1.0,4.07,4.61,283.47,3.34,False
553,2.92,6.92,1.27,1.0,9.27,2.69,690.57,19.62,False
554,2.9,5.62,1.48,1.0,10.28,2.32,769.59,22.78,False
555,2.87,1.83,2.07,1.0,13.22,1.24,999.8,31.99,False
556,2.93,8.23,1.07,1.0,8.25,3.06,611.34,16.45,False
557,2.99,14.32,0.11,1.0,3.53,4.81,241.26,1.65,False
558,2.96,11.39,0.57,1.0,5.8,3.97,419.0,8.76,False
559,2.92,7.14,1.24,1.0,9.09,2.75,677.17,19.09,False
560,2.88,3.1,1.87,1.0,12.23,1.6,922.71,28.91,False
561,2.97,11.79,0.5,1.0,5.49,4.08,394.69,7.79,False
562,2.86,1.37,2.14,1.0,13.57,1.11,1027.34,33.09,False
563,2.97,12.28,0.43,1.0,5.11,4.22,364.87,6.59,False
564,2.99,13.66,0.21,1.0,4.04,4.62,281.53,3.26,False
565,2.92,7.55,1.17,1.0,8.78,2.87,652.58,18.1,False
566,2.98,12.61,0.38,1.0,4.85,4.32,345.12,5.8,False
567,2.89,3.76,1.77,1.0,11.71,1.79,882.13,27.29,False
568,2.93,7.81,1.13,1.0,8.57,2.95,636.33,17.45,False
569,2.87,2.03,2.04,1.0,13.06,1.29,987.49,31.5,False
570,2.94,9.43,0.88,1.0,7.32,3.41,537.98,13.52,False
571,2.87,2.1,2.03,1.0,13.0,1.31,983.13,31.33,False
572,2.97,11.67,0.52,1.0,5.59,4.05,402.46,8.1,False
573,2.99,14.02,0.15,1.0,3.76,4.72,259.57,2.38,False
574,2.95,10.51,0.71,1.0,6.48,3.72,472.43,10.9,False
575,2.97,11.62,0.53,1.0,5.62,4.03,405.41,8.22,False
576,2.86,1.57,2.11,1.0,13.41,1.16,1015.26,32.61,False
577,2.87,2.17,2.02,1.0,12.95,1.33,979.17,31.17,False
578,2.94,9.36,0.89,1.0,7.38,3.39,542.54,13.7,False
579,2.89,4.44,1.66,1.0,11.19,1.98,841.33,25.65,False
580,2.94,9.58,0.85,1.0,7.2,3.45,528.84,13.15,False
581,2.97,12.05,0.46,1.0,5.29,4.16,379.02,7.16,False
582,2.86,1.56,2.11,1.0,13.42,1.16,1015.93,32.64,False
583,2.93,8.42,1.04,1.0,8.1,3.12,599.46,15.98,False
584,2.89,4.05,1.72,1.0,11.49,1.87,864.71,26.59,False
585,2.97,11.68,0.52,1.0,5.57,4.05,401.42,8.06,False
586,2.88,3.73,1.77,1.0,11.74,1.78,884.38,27.38,False
587,2.93,8.37,1.04,1.0,8.14,3.11,602.59,16.1,False
588,2.87,2.63,1.95,1.0,12.59,1.47,950.73,30.03,False
589,2.92,7.38,1.2,1.0,8.91,2.82,662.73,18.51,False
590,2.98,13.3,0.27,1.0,4.32,4.51,303.11,4.12,False
591,2.93,7.96,1.11,1.0,8.46,2.99,627.52,17.1,False
592,2.97,12.5,0.39,1.0,4.94,4.28,351.94,6.08,False
593,2.97,11.76,0.51,1.0,5.51,4.07,396.85,7.87,False
594,2.99,14.49,0.08,1.0,3.4,4.85,231.02,1.24,False
595,2.86,1.06,2.19,1.0,13.81,1.02,1046.46,33.86,False
596,2.99,13.59,0.22,1.0,4.09,4.6,285.6,3.42,False
597,2.91,6.2,1.39,1.0,9.83,2.48,734.54,21.38,False
598,2.94,9.18,0.92,1.0,7.52,3.34,553.61,14.14,False
599,2.9,5.47,1.5,1.0,10.39,2.28,778.31,23.13,False
600,2.91,6.65,1.31,1.0,9.47,2.62,706.8,20.27,False
601,2.96,11.49,0.55,1.0,5.72,4.0,413.3,8.53,False
602,2.94,8.67,1.0,1.0,7.91,3.19,584.44,15.38,False
603,2.87,2.35,1.99,1.0,12.81,1.38,968.26,30.73,False
604,2.87,2.36,1.99,1.0,12.8,1.39,967.58,30.7,False
605,2.91,6.14,1.39,1.0,9.87,2.47,738.0,21.52,False
606,2.96,11.19,0.6,1.0,5.96,3.91,431.35,9.25,False
607,2.91,6.44,1.35,1.0,9.64,2.55,719.73,20.79,False
608,2.99,13.76,0.19,1.0,3.96,4.65,275.07,3.0,False
609,2.87,2.1,2.03,1.0,13.01,1.31,983.33,31.33,False
610,2.91,5.73,1.46,1.0,10.19,2.35,763.09,22.52,False
611,3.0,14.68,0.05,1.0,3.25,4.91,219.51,0.78,False
612,2.89,4.02,1.73,1.0,11.51,1.86,866.48,26.66,False
613,2.98,13.15,0.29,1.0,4.43,4.47,312.06,4.48,False
614,2.87,2.52,1.96,1.0,12.68,1.43,957.7,30.31,False
615,2.86,1.63,2.1,1.0,13.37,1.18,1011.87,32.47,False
616,2.87,1.99,2.05,1.0,13.09,1.28,989.94,31.6,False
617,2.92,7.11,1.24,1.0,9.12,2.75,678.75,19.15,False
618,2.93,7.82,1.13,1.0,8.57,2.95,635.79,17.43,False
619,2.92,6.82,1.29,1.0,9.34,2.66,696.72,19.87,False
620,2.88,3.36,1.83,1.0,12.03,1.67,906.88,28.28,False
621,2.88,3.43,1.82,1.0,11.97,1.69,902.55,28.1,False
622,2.98,12.95,0.32,1.0,4.59,4.41,324.36,4.97,False
623,2.93,8.44,1.03,1.0,8.09,3.12,598.45,15.94,False
624,2.87,2.52,1.96,1.0,12.68,1.43,957.83,30.31,False
625,3.0,14.98,0.0,1.0,3.02,4.99,201.33,0.05,False
626,2.92,7.34,1.21,1.0,8.94,2.81,665.22,18.61,False
627,2.98,12.66,0.37,1.0,4.82,4.33,342.28,5.69,False
628,2.97,12.25,0.43,1.0,5.14,4.21,367.27,6.69,False
629,2.99,14.25,0.12,1.0,3.58,4.79,245.34,1.81,False
630,2.87,1.87,2.07,1.0,13.18,1.25,997.17,31.89,False
631,2.91,6.19,1.39,1.0,9.83,2.48,734.67,21.39,False
632,2.91,5.78,1.45,1.0,10.15,2.36,759.98,22.4,False
633,2.9,5.12,1.55,1.0,10.66,2.18,799.98,24.0,False
634,2.96,10.68,0.68,1.0,6.35,3.76,462.54,10.5,False
635,2.96,10.85,0.65,1.0,6.22,3.81,452.21,10.09,False
636,2.98,12.76,0.35,1.0,4.74,4.36,335.86,5.43,False
637,2.9,4.83,1.6,1.0,10.88,2.1,817.25,24.69,False
638,2.94,9.04,0.94,1.0,7.62,3.3,561.79,14.47,False
639,2.92,7.14,1.24,1.0,9.09,2.76,676.91,19.08,False
640,2.89,4.4,1.67,1.0,11.22,1.97,843.36,25.73,False
641,2.92,6.8,1.29,1.0,9.36,2.66,698.06,19.92,False
642,2.87,1.79,2.08,1.0,13.24,1.23,1001.83,32.07,False
643,2.93,7.9,1.12,1.0,8.51,2.97,631.18,17.25,False
644,2.99,13.61,0.22,1.0,4.08,4.6,284.33,3.37,False
645,2.99,13.79,0.19,1.0,3.94,4.65,273.37,2.93,False
646,2.91,6.08,1.4,1.0,9.91,2.45,741.3,21.65,False
647,2.92,7.61,1.16,1.0,8.73,2.89,648.88,17.96,False
648,2.94,8.98,0.95,1.0,7.67,3.28,565.31,14.61,False
649,2.91,6.25,1.38,1.0,9.79,2.5,731.32,21.25,False
650,2.94,9.29,0.9,1.0,7.43,3.37,546.43,13.86,False
651,2.98,12.65,0.37,1.0,4.82,4.33,342.73,5.71,False
652,2.87,2.14,2.02,1.0,12.97,1.33,980.76,31.23,False
653,2.87,1.83,2.07,1.0,13.21,1.24,999.68,31.99,False
654,2.95,10.29,0.74,1.0,6.65,3.65,485.82,11.43,False
655,2.9,5.03,1.57,1.0,10.73,2.15,805.4,24.22,False
656,2.97,11.87,0.49,1.0,5.42,4.11,389.78,7.59,False
657,2.91,6.32,1.37,1.0,9.73,2.52,726.86,21.07,False
658,2.93,7.8,1.13,1.0,8.58,2.94,636.89,17.48,False
659,2.91,5.95,1.42,1.0,10.02,2.41,749.57,21.98,False
660,2.92,6.87,1.28,1.0,9.31,2.68,693.73,19.75,False
661,2.91,6.54,1.33,1.0,9.56,2.58,713.5,20.54,False
662,2.93,8.44,1.03,1.0,8.09,3.13,598.21,15.93,False
663,2.88,3.03,1.88,1.0,12.28,1.58,926.48,29.06,False
664,2.86,1.44,2.13,1.0,13.52,1.12,1023.55,32.94,False
665,2.87,2.06,2.04,1.0,13.04,1.3,985.71,31.43,False
666,2.88,3.04,1.88,1.0,12.28,1.58,926.22,29.05,False
667,2.99,14.44,0.09,1.0,3.43,4.84,233.79,1.35,False
668,2.99,13.83,0.18,1.0,3.91,4.67,270.97,2.84,False
669,2.88,3.18,1.86,1.0,12.17,1.62,917.94,28.72,False
670,2.91,6.26,1.38,1.0,9.78,2.5,730.8,21.23,False
671,2.94,8.79,0.98,1.0,7.82,3.23,576.97,15.08,False
672,2.99,14.35,0.1,1.0,3.5,4.82,239.3,1.57,False
673,2.99,13.94,0.17,1.0,3.82,4.7,264.06,2.56,False
674,2.96,11.19,0.6,1.0,5.95,3.91,431.31,9.25,False
675,2.97,12.11,0.46,1.0,5.24,4.17,375.61,7.02,False
676,2.9,4.81,1.6,1.0,10.9,2.09,818.74,24.75,False
677,2.88,2.78,1.92,1.0,12.48,1.51,942.06,29.68,False
678,2.9,5.04,1.57,1.0,10.73,2.15,804.82,24.19,False
679,2.99,14.07,0.15,1.0,3.72,4.74,256.3,2.25,False
680,2.93,8.52,1.02,1.0,8.02,3.15,593.13,15.73,False
681,2.96,10.79,0.66,1.0,6.27,3.8,455.83,10.23,False
682,2.91,6.06,1.41,1.0,9.93,2.45,742.57,21.7,False
683,2.89,4.09,1.72,1.0,11.46,1.88,862.58,26.5,False
684,2.86,1.2,2.17,1.0,13.7,1.06,1037.68,33.51,False
685,2.95,9.64,0.84,1.0,7.16,3.47,525.39,13.02,False
686,2.91,6.36,1.36,1.0,9.7,2.53,724.65,20.99,False
687,2.86,1.65,2.1,1.0,13.36,1.18,1010.7,32.43,False
688,2.88,3.18,1.86,1.0,12.17,1.62,917.61,28.7,False
689,2.89,3.86,1.75,1.0,11.64,1.82,876.14,27.05,False
690,2.89,4.49,1.65,1.0,11.15,2.0,838.21,25.53,False
691,2.92,6.72,1.3,1.0,9.42,2.63,702.67,20.11,False
692,2.87,2.0,2.05,1.0,13.09,1.28,989.56,31.58,False
693,2.98,13.24,0.28,1.0,4.36,4.5,306.76,4.27,False
694,2.89,3.96,1.74,1.0,11.56,1.85,870.15,26.81,False
695,2.91,6.61,1.32,1.0,9.51,2.6,709.69,20.39,False
696,2.99,14.17,0.13,1.0,3.64,4.76,250.4,2.02,False
697,2.98,12.57,0.38,1.0,4.88,4.31,347.27,5.89,False
698,2.97,12.44,0.4,1.0,4.99,4.27,355.44,6.22,False
699,2.94,8.73,0.99,1.0,7.86,3.21,580.66,15.23,False
700,2.91,5.77,1.45,1.0,10.16,2.36,760.37,22.41,False
701,2.97,12.41,0.41,1.0,5.01,4.26,357.52,6.3,False
702,2.9,5.24,1.54,1.0,10.57,2.21,792.71,23.71,False
703,2.9,5.48,1.5,1.0,10.38,2.28,777.78,23.11,False
704,2.87,1.81,2.08,1.0,13.23,1.23,1001.09,32.04,False
705,2.96,11.0,0.63,1.0,6.11,3.86,443.15,9.73,False
706,2.95,9.65,0.84,1.0,7.15,3.47,525.09,13.0,False
707,2.96,10.89,0.65,1.0,6.19,3.83,449.56,9.98,False
708,3.0,14.57,0.07,1.0,3.33,4.88,225.85,1.03,False
709,2.91,6.2,1.39,1.0,9.83,2.48,734.54,21.38,False
710,2.92,7.0,1.26,1.0,9.21,2.71,686.0,19.44,False
711,2.93,8.57,1.01,1.0,7.98,3.16,590.24,15.61,False
712,2.97,12.33,0.42,1.0,5.07,4.24,362.32,6.49,False
713,2.94,9.19,0.91,1.0,7.5,3.34,552.51,14.1,False
714,2.94,8.88,0.96,1.0,7.74,3.25,571.47,14.86,False
715,2.9,5.34,1.52,1.0,10.49,2.24,786.25,23.45,False
716,2.88,3.35,1.83,1.0,12.03,1.67,907.04,28.28,False
717,2.94,9.29,0.9,1.0,7.43,3.37,546.91,13.88,False
718,2.93,7.9,1.12,1.0,8.51,2.97,631.26,17.25,False
719,2.93,8.54,1.02,1.0,8.01,3.15,592.11,15.68,False
720,2.94,9.07,0.93,1.0,7.6,3.31,560.15,14.41,False
721,2.88,2.85,1.91,1.0,12.42,1.53,937.65,29.51,False
722,2.9,5.12,1.55,1.0,10.66,2.18,799.95,24.0,False
723,2.96,10.62,0.69,1.0,6.39,3.75,465.64,10.63,False
724,2.94,9.55,0.86,1.0,7.23,3.44,531.03,13.24,False
725,3.0,14.82,0.03,1.0,3.14,4.95,211.19,0.45,False
726,2.96,11.4,0.57,1.0,5.79,3.97,418.56,8.74,False
727,2.94,9.32,0.89,1.0,7.4,3.38,544.78,13.79,False
728,2.92,7.04,1.25,1.0,9.18,2.72,683.47,19.34,False
729,2.91,6.03,1.41,1.0,9.95,2.44,744.31,21.77,False
730,2.92,7.13,1.24,1.0,9.11,2.75,677.99,19.12,False
731,2.89,3.81,1.76,1.0,11.67,1.8,879.13,27.17,False
732,2.98,12.78,0.35,1.0,4.72,4.37,334.85,5.39,False
733,2.87,2.33,1.99,1.0,12.82,1.38,969.1,30.76,False
734,2.88,2.86,1.91,1.0,12.42,1.53,937.37,29.49,False
735,2.87,2.66,1.94,1.0,12.57,1.48,949.05,29.96,False
736,2.93,8.21,1.07,1.0,8.27,3.06,612.53,16.5,False
737,2.99,13.6,0.22,1.0,4.09,4.6,285.19,3.41,False
738,2.92,7.02,1.26,1.0,9.19,2.72,684.33,19.37,False
739,2.91,6.05,1.41,1.0,9.94,2.44,743.27,21.73,False
740,2.91,5.77,1.45,1.0,10.16,2.36,760.5,22.42,False
741,2.98,13.47,0.24,1.0,4.19,4.56,293.17,3.73,False
742,2.88,3.41,1.82,1.0,11.99,1.69,903.57,28.14,False
743,2.94,9.48,0.87,1.0,7.28,3.42,535.16,13.41,False
744,2.99,13.64,0.21,1.0,4.06,4.61,282.71,3.31,False
745,2.91,5.71,1.46,1.0,10.2,2.35,763.93,22.56,False
746,2.96,10.77,0.67,1.0,6.28,3.79,457.02,10.28,False
747,2.91,5.71,1.46,1.0,10.21,2.35,764.11,22.56,False
748,2.94,9.27,0.9,1.0,7.44,3.36,547.83,13.91,False
749,2.95,10.01,0.78,1.0,6.87,3.57,502.81,12.11,False
750,2.88,2.98,1.89,1.0,12.32,1.57,929.61,29.18,False
751,2.88,2.85,1.91,1.0,12.42,1.53,937.72,29.51,False
752,2.93,8.14,1.08,1.0,8.32,3.04,616.56,16.66,False
753,2.87,1.8,2.08,1.0,13.24,1.23,1001.62,32.06,False
754,2.93,7.86,1.12,1.0,8.54,2.96,633.66,17.35,False
755,2.98,13.21,0.28,1.0,4.39,4.49,308.49,4.34,False
756,2.97,12.37,0.41,1.0,5.04,4.25,359.47,6.38,False
757,2.87,2.69,1.94,1.0,12.55,1.48,947.35,29.89,False
758,2.86,1.15,2.18,1.0,13.74,1.04,1041.17,33.65,False
759,2.98,12.88,0.33,1.0,4.64,4.4,328.48,5.14,False
760,2.89,4.04,1.72,1.0,11.5,1.87,865.51,26.62,False
761,2.97,11.63,0.53,1.0,5.62,4.04,404.73,8.19,False
762,2.97,11.9,0.49,1.0,5.41,4.11,388.45,7.54,False
763,2.99,13.66,0.21,1.0,4.04,4.62,281.51,3.26,False
764,2.96,10.83,0.66,1.0,6.23,3.81,452.99,10.12,False
765,2.9,5.33,1.52,1.0,10.5,2.24,787.15,23.49,False
766,2.97,12.26,0.43,1.0,5.12,4.22,366.21,6.65,False
767,2.93,7.88,1.12,1.0,8.52,2.97,632.13,17.29,False
768,2.97,12.42,0.41,1.0,5.0,4.26,356.4,6.26,False
769,2.86,1.7,2.09,1.0,13.31,1.2,1007.34,32.29,False
770,3.0,14.52,0.08,1.0,3.37,4.86,228.95,1.16,False
771,2.9,5.64,1.47,1.0,10.26,2.33,768.13,22.73,False
772,2.97,12.0,0.47,1.0,5.33,4.14,382.14,7.29,False
773,2.96,10.71,0.67,1.0,6.32,3.78,460.2,10.41,False
774,2.88,3.03,1.88,1.0,12.28,1.58,926.88,29.08,False
775,2.94,8.7,0.99,1.0,7.88,3.2,582.37,15.29,False
776,2.9,5.42,1.51,1.0,10.43,2.26,781.89,23.28,False
777,2.97,11.97,0.48,1.0,5.35,4.13,383.84,7.35,False
778,2.91,5.74,1.46,1.0,10.18,2.35,762.18,22.49,False
779,2.91,5.71,1.46,1.0,10.21,2.35,764.14,22.57,False
780,2.99,13.64,0.21,1.0,4.05,4.61,282.5,3.3,False
781,2.92,6.77,1.29,1.0,9.38,2.65,699.65,19.99,False
782,2.95,9.76,0.82,1.0,7.06,3.5,518.21,12.73,False
783,2.92,6.67,1.31,1.0,9.46,2.62,705.66,20.23,False
784,2.94,9.15,0.92,1.0,7.54,3.33,555.42,14.22,False
785,2.93,8.35,1.05,1.0,8.15,3.1,603.5,16.14,False
786,2.98,12.84,0.34,1.0,4.67,4.38,331.03,5.24,False
787,2.93,7.74,1.14,1.0,8.63,2.93,640.88,17.64,False
788,2.89,4.58,1.64,1.0,11.08,2.02,832.53,25.3,False
789,2.91,6.33,1.36,1.0,9.72,2.52,726.34,21.05,False
790,2.89,4.53,1.65,1.0,11.12,2.01,835.9,25.44,False
791,2.93,8.37,1.04,1.0,8.14,3.11,602.27,16.09,False
792,2.98,13.17,0.29,1.0,4.42,4.48,310.91,4.44,False
793,2.93,8.04,1.09,1.0,8.4,3.01,622.46,16.9,False
794,2.88,3.69,1.78,1.0,11.77,1.77,886.84,27.47,False
795,2.97,11.91,0.49,1.0,5.4,4.12,387.6,7.5,False
796,2.88,3.57,1.8,1.0,11.87,1.73,894.06,27.76,False
797,2.88,3.62,1.79,1.0,11.83,1.75,891.21,27.65,False
798,2.93,7.72,1.14,1.0,8.64,2.92,641.71,17.67,False
799,2.91,6.62,1.32,1.0,9.5,2.6,708.95,20.36,False
800,2.9,5.56,1.48,1.0,10.32,2.3,772.86,22.91,False
801,2.98,12.86,0.34,1.0,4.66,4.39,329.76,5.19,False
802,2.95,10.19,0.76,1.0,6.73,3.63,492.01,11.68,False
803,2.95,10.18,0.76,1.0,6.74,3.62,492.47,11.7,False
804,2.89,3.99,1.73,1.0,11.54,1.85,868.35,26.73,False
805,2.95,10.44,0.72,1.0,6.54,3.7,476.88,11.08,False
806,2.89,3.84,1.76,1.0,11.66,1.81,877.64,27.11,False
807,2.92,6.89,1.28,1.0,9.29,2.68,692.1,19.68,False
808,2.91,5.72,1.46,1.0,10.2,2.35,763.71,22.55,False
809,2.96,11.27,0.59,1.0,5.89,3.93,426.52,9.06,False
810,2.91,5.72,1.46,1.0,10.2,2.35,763.39,22.54,False
811,2.91,5.86,1.44,1.0,10.09,2.39,755.01,22.2,False
812,2.91,6.27,1.37,1.0,9.77,2.51,729.84,21.19,False
813,2.89,4.06,1.72,1.0,11.49,1.87,864.48,26.58,False
814,2.86,1.16,2.18,1.0,13.73,1.05,1040.43,33.62,False
815,2.92,7.02,1.26,1.0,9.19,2.72,684.74,19.39,False
816,2.86,1.47,2.13,1.0,13.49,1.13,1021.35,32.85,False
817,2.92,6.77,1.29,1.0,9.38,2.65,699.4,19.98,False
818,2.89,3.87,1.75,1.0,11.63,1.82,875.67,27.03,False
819,2.97,12.31,0.42,1.0,5.09,4.23,363.33,6.53,False
820,2.89,4.02,1.73,1.0,11.52,1.86,866.86,26.67,False
821,2.93,7.72,1.15,1.0,8.64,2.92,641.85,17.67,False
822,2.9,4.99,1.57,1.0,10.76,2.14,807.72,24.31,False
823,2.91,6.66,1.31,1.0,9.47,2.62,706.35,20.25,False
824,2.92,7.01,1.26,1.0,9.19,2.72,684.96,19.4,False
825,2.87,2.21,2.01,1.0,12.92,1.35,976.56,31.06,False
826,2.92,6.93,1.27,1.0,9.26,2.69,689.84,19.59,False
827,2.91,6.12,1.4,1.0,9.89,2.46,739.06,21.56,False
828,2.91,6.22,1.38,1.0,9.81,2.49,732.96,21.32,False
829,3.0,14.62,0.06,1.0,3.29,4.89,222.87,0.91,False
830,2.94,8.97,0.95,1.0,7.68,3.28,566.2,14.65,False
831,2.96,10.82,0.66,1.0,6.24,3.8,454.0,10.16,False
832,2.96,11.56,0.54,1.0,5.67,4.02,408.85,8.35,False
833,2.99,13.66,0.21,1.0,4.04,4.62,281.46,3.26,False
834,2.86,1.41,2.14,1.0,13.54,1.12,1024.91,33.0,False
835,2.92,6.78,1.29,1.0,9.37,2.65,698.83,19.95,False
836,2.86,1.67,2.1,1.0,13.34,1.19,1009.58,32.38,False
837,2.97,11.93,0.48,1.0,5.38,4.12,386.33,7.45,False
838,2.94,9.01,0.94,1.0,7.64,3.29,563.5,14.54,False
839,2.86,1.3,2.16,1.0,13.63,1.08,1031.96,33.28,False
840,2.9,5.68,1.47,1.0,10.22,2.34,765.64,22.63,False
841,2.98,13.02,0.31,1.0,4.54,4.43,320.48,4.82,False
842,2.91,5.83,1.44,1.0,10.11,2.38,756.72,22.27,False
843,2.88,2.98,1.89,1.0,12.33,1.56,930.05,29.2,False
844,2.86,1.12,2.18,1.0,13.76,1.03,1042.73,33.71,False
845,2.99,13.59,0.22,1.0,4.1,4.6,285.83,3.43,False
846,2.97,12.54,0.39,1.0,4.91,4.3,349.33,5.97,False
847,2.95,10.38,0.73,1.0,6.58,3.68,480.26,11.21,False
848,2.96,10.65,0.68,1.0,6.38,3.76,464.3,10.57,False
849,2.95,10.31,0.74,1.0,6.64,3.66,484.74,11.39,False
850,2.88,3.68,1.78,1.0,11.78,1.77,887.34,27.49,False
851,2.97,12.16,0.45,1.0,5.2,4.19,372.14,6.89,False
852,2.96,10.6,0.69,1.0,6.41,3.74,467.07,10.68,False
853,3.0,14.77,0.04,1.0,3.18,4.93,214.19,0.57,False
854,2.96,11.22,0.59,1.0,5.93,3.92,429.49,9.18,False
855,2.93,8.16,1.08,1.0,8.3,3.05,615.27,16.61,False
856,2.97,12.06,0.46,1.0,5.28,4.16,378.41,7.14,False
857,2.89,4.31,1.68,1.0,11.29,1.95,848.79,25.95,False
858,2.89,4.51,1.65,1.0,11.13,2.0,836.64,25.47,False
859,2.99,13.73,0.2,1.0,3.99,4.64,277.26,3.09,False
860,2.9,5.37,1.52,1.0,10.47,2.25,784.85,23.39,False
861,2.99,13.9,0.17,1.0,3.85,4.69,266.56,2.66,False
862,2.9,4.89,1.59,1.0,10.84,2.11,813.69,24.55,False
863,2.87,1.81,2.07,1.0,13.23,1.23,1000.52,32.02,False
864,2.96,11.22,0.59,1.0,5.93,3.92,429.58,9.18,False
865,2.91,5.84,1.44,1.0,10.11,2.38,756.39,22.26,False
866,2.93,8.58,1.01,1.0,7.98,3.17,589.83,15.59,False
867,2.9,5.36,1.52,1.0,10.48,2.25,785.36,23.41,False
868,2.95,10.46,0.71,1.0,6.52,3.7,475.47,11.02,False
869,2.92,6.93,1.27,1.0,9.26,2.69,689.97,19.6,False
870,2.9,4.79,1.61,1.0,10.92,2.08,820.16,24.81,False
871,2.94,8.74,0.98,1.0,7.85,3.21,580.05,15.2,False
872,2.93,7.81,1.13,1.0,8.58,2.94,636.79,17.47,False
873,3.0,14.51,0.08,1.0,3.38,4.86,229.58,1.18,False
874,2.9,5.23,1.54,1.0,10.58,2.21,793.06,23.72,False
875,2.98,12.6,0.38,1.0,4.87,4.31,346.01,5.84,False
876,2.94,9.38,0.88,1.0,7.36,3.39,541.16,13.65,False
877,2.88,3.72,1.78,1.0,11.75,1.78,885.08,27.4,False
878,3.0,14.92,0.01,1.0,3.06,4.98,204.62,0.18,False
879,2.95,10.33,0.73,1.0,6.62,3.67,483.33,11.33,False
880,2.99,14.05,0.15,1.0,3.74,4.73,257.85,2.31,False
881,2.91,6.13,1.4,1.0,9.88,2.47,738.65,21.55,False
882,2.94,8.65,1.0,1.0,7.93,3.18,585.82,15.43,False
883,2.91,6.32,1.37,1.0,9.73,2.52,726.96,21.08,False
884,2.99,13.95,0.16,1.0,3.81,4.7,263.51,2.54,False
885,2.9,5.61,1.48,1.0,10.28,2.32,770.3,22.81,False
886,2.9,5.22,1.54,1.0,10.59,2.2,794.08,23.76,False
887,2.93,8.03,1.1,1.0,8.4,3.01,622.89,16.92,False
888,2.93,7.93,1.11,1.0,8.48,2.98,629.09,17.16,False
889,2.96,11.4,0.57,1.0,5.79,3.97,418.52,8.74,False
890,2.87,2.54,1.96,1.0,12.66,1.44,956.47,30.26,False
891,2.96,11.0,0.63,1.0,6.1,3.86,442.59,9.7,False
892,2.88,3.23,1.85,1.0,12.13,1.64,914.62,28.58,False
893,2.98,13.36,0.26,1.0,4.27,4.53,299.59,3.98,False
894,2.97,11.71,0.52,1.0,5.55,4.06,399.59,7.98,False
895,2.98,13.06,0.31,1.0,4.5,4.45,317.77,4.71,False
896,2.95,9.75,0.83,1.0,7.07,3.5,518.63,12.75,False
897,2.95,10.06,0.78,1.0,6.83,3.59,499.98,12.0,False
898,2.96,11.09,0.62,1.0,6.03,3.88,437.46,9.5,False
899,2.87,2.2,2.01,1.0,12.92,1.34,976.93,31.08,False
900,2.94,9.07,0.93,1.0,7.6,3.3,560.32,14.41,False
901,2.97,11.93,0.48,1.0,5.38,4.12,386.15,7.45,False
902,2.96,11.04,0.62,1.0,6.07,3.87,440.63,9.63,False
903,2.9,4.74,1.61,1.0,10.96,2.07,823.18,24.93,False
904,2.94,9.39,0.88,1.0,7.35,3.4,540.36,13.61,False
905,2.93,8.47,1.03,1.0,8.07,3.13,596.58,15.86,False
906,2.93,8.05,1.09,1.0,8.39,3.02,621.67,16.87,False
907,2.87,2.49,1.97,1.0,12.7,1.43,959.34,30.37,False
908,2.86,1.07,2.19,1.0,13.8,1.02,1045.64,33.83,False
909,2.91,6.46,1.34,1.0,9.62,2.56,718.35,20.73,False
910,2.94,9.61,0.85,1.0,7.18,3.46,527.49,13.1,False
911,2.89,4.21,1.7,1.0,11.37,1.92,855.16,26.21,False
912,2.87,2.66,1.94,1.0,12.57,1.47,949.17,29.97,False
913,2.87,2.11,2.03,1.0,13.0,1.32,982.81,31.31,False
914,2.98,12.89,0.33,1.0,4.63,4.4,327.81,5.11,False
915,2.98,12.82,0.34,1.0,4.69,4.38,332.53,5.3,False
916,2.95,9.89,0.8,1.0,6.96,3.54,510.28,12.41,False
917,2.95,10.54,0.7,1.0,6.46,3.72,471.04,10.84,False
918,2.98,13.33,0.26,1.0,4.29,4.52,301.29,4.05,False
919,2.93,8.37,1.04,1.0,8.14,3.1,602.8,16.11,False
920,2.99,14.3,0.11,1.0,3.54,4.8,242.63,1.71,False
921,2.9,4.78,1.61,1.0,10.93,2.08,820.54,24.82,False
922,2.94,9.15,0.92,1.0,7.54,3.33,555.43,14.22,False
923,2.93,8.27,1.06,1.0,8.22,3.08,608.59,16.34,False
924,2.9,4.73,1.62,1.0,10.96,2.07,823.56,24.94,False
925,2.92,6.71,1.3,1.0,9.43,2.63,703.33,20.13,False
926,2.87,2.42,1.98,1.0,12.75,1.41,963.61,30.54,False
927,2.94,8.83,0.97,1.0,7.78,3.24,574.34,14.97,False
928,2.91,6.52,1.33,1.0,9.57,2.58,714.66,20.59,False
929,2.88,3.67,1.78,1.0,11.78,1.76,887.65,27.51,False
930,2.87,1.84,2.07,1.0,13.2,1.24,998.88,31.96,False
931,2.91,6.34,1.36,1.0,9.72,2.52,726.08,21.04,False
932,2.9,5.29,1.53,1.0,10.53,2.23,789.66,23.59,False
933,2.92,6.78,1.29,1.0,9.37,2.65,698.95,19.96,False
934,3.0,14.9,0.01,1.0,3.07,4.97,205.79,0.23,False
935,2.87,2.36,1.99,1.0,12.81,1.39,967.65,30.71,False
936,2.98,13.44,0.25,1.0,4.21,4.55,294.88,3.8,False
937,2.94,8.82,0.97,1.0,7.79,3.23,575.22,15.01,False
938,2.91,6.52,1.33,1.0,9.58,2.58,714.89,20.6,False
939,2.91,6.64,1.31,1.0,9.48,2.61,707.28,20.29,False
940,2.89,4.13,1.71,1.0,11.43,1.9,859.68,26.39,False
941,2.94,9.4,0.88,1.0,7.35,3.4,540.25,13.61,False
942,2.98,13.01,0.31,1.0,4.55,4.43,321.09,4.84,False
943,2.96,11.14,0.61,1.0,5.99,3.9,434.17,9.37,False
944,2.97,12.38,0.41,1.0,5.03,4.25,358.79,6.35,False
945,2.97,11.75,0.51,1.0,5.52,4.07,397.46,7.9,False
946,2.91,5.76,1.45,1.0,10.16,2.36,760.92,22.44,False
947,2.91,6.05,1.41,1.0,9.94,2.44,743.53,21.74,False
948,2.9,5.61,1.48,1.0,10.28,2.32,770.27,22.81,False
949,2.98,13.27,0.27,1.0,4.34,4.51,304.8,4.19,False
950,2.96,10.78,0.66,1.0,6.27,3.8,456.04,10.24,False
951,2.98,13.04,0.31,1.0,4.52,4.44,319.08,4.76,False
952,2.89,4.68,1.62,1.0,11.0,2.05,826.28,25.05,False
953,2.98,13.27,0.27,1.0,4.34,4.51,304.74,4.19,False
954,2.87,2.02,2.04,1.0,13.06,1.29,987.98,31.52,False
955,2.86,1.27,2.16,1.0,13.65,1.08,1033.82,33.35,False
956,2.96,11.33,0.58,1.0,5.85,3.95,422.87,8.91,False
957,2.93,7.74,1.14,1.0,8.63,2.93,640.8,17.63,False
958,2.96,11.29,0.58,1.0,5.88,3.94,425.42,9.02,False
959,2.87,2.34,1.99,1.0,12.81,1.38,968.34,30.73,False
960,2.92,7.04,1.25,1.0,9.17,2.73,683.07,19.32,False
961,2.98,12.93,0.33,1.0,4.6,4.41,325.49,5.02,False
962,2.9,5.46,1.5,1.0,10.4,2.28,778.96,23.16,False
963,2.98,12.74,0.36,1.0,4.76,4.35,337.49,5.5,False
964,3.0,14.61,0.06,1.0,3.3,4.89,223.87,0.95,False
965,2.89,4.5,1.65,1.0,11.14,2.0,837.62,25.5,False
966,2.89,4.27,1.69,1.0,11.32,1.93,851.54,26.06,False
967,2.87,2.47,1.97,1.0,12.71,1.42,960.49,30.42,False
968,2.88,2.83,1.92,1.0,12.44,1.52,939.15,29.57,False
969,2.92,7.47,1.19,1.0,8.84,2.85,657.42,18.3,False
970,2.89,4.36,1.67,1.0,11.25,1.96,846.26,25.85,False
971,2.99,13.72,0.2,1.0,3.99,4.64,277.54,3.1,False
972,2.94,8.96,0.95,1.0,7.69,3.27,566.87,14.67,False
973,2.99,14.35,0.1,1.0,3.5,4.82,239.26,1.57,False
974,2.99,13.74,0.2,1.0,3.98,4.64,276.55,3.06,False
975,2.99,13.88,0.18,1.0,3.87,4.68,267.99,2.72,False
976,2.95,10.22,0.75,1.0,6.71,3.63,490.08,11.6,False
977,2.88,2.79,1.92,1.0,12.47,1.51,941.05,29.64,False
978,2.96,10.82,0.66,1.0,6.24,3.81,453.6,10.14,False
979,2.98,13.28,0.27,1.0,4.33,4.51,304.28,4.17,False
980,2.99,13.71,0.2,1.0,4.0,4.63,278.29,3.13,False
981,2.98,12.99,0.32,1.0,4.56,4.43,321.96,4.88,False
982,2.9,4.95,1.58,1.0,10.79,2.13,810.17,24.41,False
983,2.89,3.77,1.77,1.0,11.71,1.79,882.08,27.28,False
984,2.91,6.64,1.31,1.0,9.48,2.61,707.43,20.3,False
985,2.95,10.18,0.76,1.0,6.74,3.62,492.56,11.7,False
986,2.91,6.38,1.36,1.0,9.69,2.54,723.43,20.94,False
987,2.94,9.25,0.91,1.0,7.46,3.36,549.3,13.97,False
988,2.89,4.19,1.7,1.0,11.39,1.91,856.5,26.26,False
989,2.96,11.35,0.57,1.0,5.83,3.96,421.74,8.87,False
990,2.94,8.98,0.95,1.0,7.67,3.28,565.61,14.62,False
991,2.96,10.88,0.65,1.0,6.2,3.82,450.32,10.01,False
992,2.91,6.42,1.35,1.0,9.65,2.55,720.93,20.84,False
993,2.9,5.36,1.52,1.0,10.48,2.25,785.27,23.41,False
994,2.93,8.44,1.03,1.0,8.09,3.13,598.42,15.94,False
995,3.0,14.83,0.03,1.0,3.13,4.95,210.17,0.41,False
996,2.92,6.74,1.3,1.0,9.4,2.64,701.28,20.05,False
997,2.99,14.17,0.13,1.0,3.64,4.76,250.39,2.02,False
998,2.88,3.62,1.79,1.0,11.83,1.75,891.18,27.65,False
999,2.86,1.35,2.15,1.0,13.59,1.1,1028.82,33.15,False
1000,2.96,11.19,0.6,1.0,5.96,3.91,431.35,9.25,False
1001,2.93,7.88,1.12,1.0,8.52,2.97,632.32,17.29,False
1002,2.96,10.75,0.67,1.0,6.29,3.79,457.9,10.32,False
1003,2.98,13.46,0.24,1.0,4.2,4.56,293.6,3.74,False
1004,2.99,13.71,0.2,1.0,4.0,4.63,278.19,3.13,False
1005,2.87,1.84,2.07,1.0,13.2,1.24,998.93,31.96,False
1006,3.0,14.56,0.07,1.0,3.34,4.87,227.0,1.08,False
1007,2.86,1.56,2.12,1.0,13.43,1.16,1016.24,32.65,False
1008,2.98,12.89,0.33,1.0,4.63,4.4,327.83,5.11,False
1009,2.9,5.03,1.57,1.0,10.73,2.15,805.1,24.2,False
1010,2.89,4.0,1.73,1.0,11.53,1.86,867.69,26.71,False
1011,2.94,9.31,0.9,1.0,7.41,3.37,545.53,13.82,False
1012,2.95,10.23,0.75,1.0,6.7,3.64,489.83,11.59,False
1013,2.97,11.62,0.53,1.0,5.62,4.03,405.26,8.21,False
1014,2.9,5.03,1.57,1.0,10.73,2.15,805.37,24.21,False
1015,2.91,6.39,1.35,1.0,9.68,2.54,722.83,20.91,False
1016,2.91,5.89,1.43,1.0,10.06,2.4,753.06,22.12,False
1017,2.88,2.76,1.93,1.0,12.49,1.5,943.08,29.72,False
1018,2.88,3.64,1.79,1.0,11.81,1.75,889.63,27.59,False
1019,2.97,11.59,0.54,1.0,5.65,4.02,407.29,8.29,False
1020,2.89,4.67,1.62,1.0,11.01,2.05,826.94,25.08,False
1021,2.89,4.0,1.73,1.0,11.53,1.86,868.07,26.72,False
1022,2.96,11.44,0.56,1.0,5.76,3.98,416.07,8.64,False
1023,2.99,13.73,0.2,1.0,3.98,4.64,277.04,3.08,False
1024,2.92,7.35,1.2,1.0,8.93,2.81,664.5,18.58,False
1025,2.99,14.12,0.14,1.0,3.68,4.75,253.49,2.14,False
1026,2.92,6.78,1.29,1.0,9.37,2.65,698.9,19.96,False
1027,2.86,1.43,2.14,1.0,13.52,1.12,1023.95,32.96,False
1028,2.91,5.81,1.45,1.0,10.13,2.37,757.85,22.31,False
1029,2.92,7.2,1.23,1.0,9.05,2.77,673.47,18.94,False
1030,2.9,5.3,1.53,1.0,10.53,2.23,789.23,23.57,False
1031,2.89,4.18,1.7,1.0,11.39,1.91,857.01,26.28,False
1032,2.89,3.89,1.75,1.0,11.62,1.83,874.54,26.98,False
1033,2.88,2.8,1.92,1.0,12.46,1.51,940.68,29.63,False
1034,2.94,9.01,0.94,1.0,7.64,3.29,563.51,14.54,False
1035,2.96,11.08,0.62,1.0,6.04,3.88,438.3,9.53,False
1036,2.94,8.95,0.95,1.0,7.69,3.27,567.55,14.7,False
1037,2.96,11.28,0.59,1.0,5.88,3.94,425.85,9.03,False
1038,2.97,11.85,0.5,1.0,5.45,4.1,391.51,7.66,False
1039,2.91,5.73,1.46,1.0,10.19,2.35,762.97,22.52,False
1040,2.92,6.69,1.31,1.0,9.45,2.62,704.73,20.19,False
1041,2.98,13.21,0.28,1.0,4.39,4.49,308.74,4.35,False
1042,3.0,14.51,0.08,1.0,3.38,4.86,229.54,1.18,False
1043,2.95,10.33,0.73,1.0,6.62,3.67,483.52,11.34,False
1044,2.97,12.05,0.46,1.0,5.29,4.16,379.06,7.16,False
1045,2.96,11.28,0.58,1.0,5.88,3.94,425.7,9.03,False
1046,2.99,13.64,0.21,1.0,4.06,4.61,282.77,3.31,False
1047,2.92,7.56,1.17,1.0,8.77,2.87,651.77,18.07,False
1048,2.87,2.49,1.97,1.0,12.7,1.43,959.63,30.39,False
1049,2.89,3.9,1.75,1.0,11.61,1.83,874.02,26.96,False
1050,2.92,7.59,1.17,1.0,8.74,2.88,649.62,17.98,False
1051,2.95,9.86,0.81,1.0,6.99,3.53,512.22,12.49,False
1052,2.92,7.05,1.25,1.0,9.17,2.73,682.68,19.31,False
1053,2.89,4.05,1.72,1.0,11.49,1.87,864.76,26.59,False
1054,2.95,10.05,0.78,1.0,6.84,3.59,500.68,12.03,False
1055,2.98,12.75,0.35,1.0,4.75,4.36,336.81,5.47,False
1056,2.9,5.64,1.47,1.0,10.26,2.33,768.07,22.72,False
1057,2.98,13.52,0.23,1.0,4.14,4.58,289.57,3.58,False
1058,2.9,5.63,1.47,1.0,10.27,2.32,768.82,22.75,False
1059,2.98,12.71,0.36,1.0,4.77,4.35,338.77,5.55,False
1060,2.9,5.25,1.53,1.0,10.56,2.21,791.91,23.68,False
1061,2.96,10.6,0.69,1.0,6.41,3.74,467.2,10.69,False
1062,2.88,3.42,1.82,1.0,11.98,1.69,902.82,28.11,False
1063,2.95,10.26,0.75,1.0,6.67,3.65,487.54,11.5,False
1064,2.87,2.07,2.03,1.0,13.03,1.31,984.99,31.4,False
1065,2.91,5.98,1.42,1.0,10.0,2.42,747.68,21.91,False
1066,2.86,1.57,2.11,1.0,13.42,1.16,1015.43,32.62,False
1067,2.89,3.8,1.76,1.0,11.69,1.8,879.96,27.2,False
1068,2.91,6.23,1.38,1.0,9.8,2.49,732.53,21.3,False
1069,2.88,3.03,1.88,1.0,12.28,1.58,926.53,29.06,False
1070,2.95,9.82,0.82,1.0,7.02,3.52,514.74,12.59,False
1071,2.9,5.28,1.53,1.0,10.54,2.22,790.26,23.61,False
1072,2.99,13.54,0.23,1.0,4.13,4.58,288.84,3.55,False
1073,2.98,13.4,0.25,1.0,4.24,4.54,297.27,3.89,False
1074,2.88,3.54,1.8,1.0,11.89,1.72,896.05,27.84,False
1075,2.95,10.16,0.76,1.0,6.75,3.62,493.57,11.74,False
1076,2.94,9.53,0.86,1.0,7.24,3.44,531.86,13.27,False
1077,2.93,8.44,1.03,1.0,8.09,3.12,598.52,15.94,False
1078,2.91,6.65,1.31,1.0,9.48,2.61,706.94,20.28,False
1079,2.87,2.37,1.99,1.0,12.79,1.39,966.66,30.67,False
1080,2.87,2.1,2.03,1.0,13.01,1.31,983.37,31.33,False
1081,2.91,6.08,1.4,1.0,9.91,2.45,741.34,21.65,False
1082,2.89,4.38,1.67,1.0,11.24,1.97,844.72,25.79,False
1083,2.92,7.55,1.17,1.0,8.78,2.87,652.49,18.1,False
1084,2.97,11.58,0.54,1.0,5.65,4.02,407.65,8.31,False
1085,2.89,4.32,1.68,1.0,11.28,1.95,848.48,25.94,False
1086,2.89,4.47,1.66,1.0,11.17,1.99,839.34,25.57,False
1087,2.87,2.73,1.93,1.0,12.51,1.5,944.8,29.79,False
1088,2.92,6.93,1.27,1.0,9.26,2.69,690.22,19.61,False
1089,3.0,14.89,0.02,1.0,3.09,4.97,206.7,0.27,False
1090,2.96,11.33,0.58,1.0,5.85,3.95,422.85,8.91,False
1091,2.92,6.8,1.29,1.0,9.36,2.66,698.15,19.93,False
1092,2.94,9.21,0.91,1.0,7.49,3.35,551.6,14.06,False
1093,2.99,14.47,0.08,1.0,3.41,4.85,232.34,1.29,False
1094,3.0,14.76,0.04,1.0,3.18,4.93,214.47,0.58,False
1095,2.96,11.17,0.6,1.0,5.97,3.91,432.57,9.3,False
1096,2.91,6.26,1.38,1.0,9.78,2.5,730.7,21.23,False
1097,2.95,10.07,0.78,1.0,6.83,3.59,499.54,11.98,False
1098,2.93,8.3,1.05,1.0,8.2,3.09,606.87,16.27,False
1099,2.89,3.97,1.73,1.0,11.55,1.85,869.4,26.78,False
1100,2.95,10.12,0.77,1.0,6.78,3.61,496.29,11.85,False
1101,2.89,4.62,1.63,1.0,11.05,2.04,830.06,25.2,False
1102,2.89,4.36,1.67,1.0,11.26,1.96,846.29,25.85,False
1103,2.88,3.6,1.79,1.0,11.84,1.74,892.13,27.69,False
1104,2.96,10.97,0.63,1.0,6.13,3.85,444.8,9.79,False
1105,2.92,7.35,1.2,1.0,8.93,2.81,664.64,18.59,False
1106,2.88,3.72,1.77,1.0,11.75,1.78,884.77,27.39,False
1107,2.88,2.9,1.9,1.0,12.38,1.54,934.72,29.39,False
1108,2.9,4.79,1.61,1.0,10.92,2.08,819.93,24.8,False
1109,2.99,14.16,0.13,1.0,3.65,4.76,250.82,2.03,False
1110,2.96,10.77,0.66,1.0,6.28,3.79,456.56,10.26,False
1111,2.95,10.41,0.72,1.0,6.56,3.69,478.61,11.14,False
1112,2.99,13.68,0.21,1.0,4.03,4.62,280.45,3.22,False
1113,2.86,1.56,2.11,1.0,13.42,1.16,1015.89,32.64,False
1114,2.99,14.05,0.15,1.0,3.74,4.73,257.66,2.31,False
1115,2.91,6.6,1.32,1.0,9.52,2.6,710.17,20.41,False
1116,2.98,13.27,0.27,1.0,4.34,4.51,304.82,4.19,False
1117,2.86,1.24,2.17,1.0,13.67,1.07,1035.7,33.43,False
1118,2.97,12.32,0.42,1.0,5.08,4.23,362.9,6.52,False
1119,2.89,3.99,1.73,1.0,11.54,1.85,868.67,26.75,False
1120,2.92,7.44,1.19,1.0,8.86,2.84,658.83,18.35,False
1121,2.91,6.5,1.34,1.0,9.59,2.57,715.78,20.63,False
1122,2.91,6.06,1.41,1.0,9.93,2.45,742.54,21.7,False
1123,2.93,8.57,1.01,1.0,7.98,3.16,590.17,15.61,False
1124,2.93,8.52,1.02,1.0,8.03,3.15,593.56,15.74,False
1125,2.97,11.76,0.51,1.0,5.51,4.07,396.68,7.87,False
1126,2.97,12.41,0.41,1.0,5.01,4.26,357.21,6.29,False
1127,2.87,2.07,2.03,1.0,13.03,1.31,984.91,31.4,False
1128,2.93,7.93,1.11,1.0,8.48,2.98,629.23,17.17,False
1129,2.97,12.44,0.4,1.0,4.98,4.27,355.28,6.21,False
1130,2.99,14.4,0.1,1.0,3.47,4.83,236.7,1.47,False
1131,2.9,5.43,1.51,1.0,10.42,2.26,781.24,23.25,False
1132,2.93,8.61,1.0,1.0,7.95,3.18,587.8,15.51,False
1133,2.92,7.06,1.25,1.0,9.16,2.73,681.91,19.28,False
1134,2.98,12.8,0.35,1.0,4.71,4.37,333.49,5.34,False
1135,2.99,14.37,0.1,1.0,3.49,4.82,238.04,1.52,False
1136,2.98,12.77,0.35,1.0,4.73,4.36,335.29,5.41,False
1137,2.94,8.73,0.99,1.0,7.86,3.21,580.78,15.23,False
1138,2.93,8.12,1.08,1.0,8.34,3.03,617.83,16.71,False
1139,2.86,1.22,2.17,1.0,13.68,1.06,1036.45,33.46,False
1140,2.93,8.0,1.1,1.0,8.43,3.0,625.06,17.0,False
1141,2.89,4.44,1.66,1.0,11.19,1.98,841.01,25.64,False
1142,2.91,6.39,1.35,1.0,9.68,2.54,722.87,20.91,False
1143,2.94,9.22,0.91,1.0,7.48,3.35,550.75,14.03,False
1144,2.97,11.61,0.53,1.0,5.63,4.03,405.91,8.24,False
1145,2.98,12.61,0.38,1.0,4.85,4.32,344.84,5.79,False
1146,2.95,9.77,0.82,1.0,7.05,3.51,517.31,12.69,False
1147,2.98,13.13,0.29,1.0,4.45,4.47,313.49,4.54,False
1148,2.97,12.52,0.39,1.0,4.93,4.29,350.82,6.03,False
1149,2.92,6.75,1.3,1.0,9.4,2.64,700.73,20.03,False
1150,2.87,2.59,1.95,1.0,12.63,1.45,953.72,30.15,False
1151,2.88,3.25,1.85,1.0,12.11,1.64,913.38,28.54,False
1152,2.94,8.99,0.95,1.0,7.66,3.28,564.93,14.6,False
1153,3.0,14.78,0.03,1.0,3.17,4.94,213.3,0.53,False
1154,2.88,2.75,1.93,1.0,12.5,1.5,943.47,29.74,False
1155,2.98,12.86,0.34,1.0,4.66,4.39,330.01,5.2,False
1156,2.94,9.6,0.85,1.0,7.19,3.46,528.01,13.12,False
1157,2.88,3.32,1.84,1.0,12.06,1.66,909.09,28.36,False
1158,2.94,8.71,0.99,1.0,7.88,3.2,582.17,15.29,False
1159,3.0,14.71,0.05,1.0,3.22,4.92,217.43,0.7,False
1160,3.0,14.56,0.07,1.0,3.35,4.87,227.01,1.08,False
1161,2.99,13.98,0.16,1.0,3.79,4.71,261.94,2.48,False
1162,2.88,2.77,1.92,1.0,12.49,1.51,942.62,29.7,False
1163,2.92,6.79,1.29,1.0,9.37,2.65,698.71,19.95,False
1164,3.0,14.79,0.03,1.0,3.16,4.94,212.86,0.51,False
1165,2.87,2.0,2.05,1.0,13.08,1.29,989.38,31.58,False
1166,2.98,13.03,0.31,1.0,4.53,4.44,319.64,4.79,False
1167,2.86,1.3,2.16,1.0,13.62,1.09,1031.69,33.27,False
1168,2.99,14.35,0.1,1.0,3.5,4.81,239.41,1.58,False
1169,2.92,6.83,1.29,1.0,9.33,2.67,695.89,19.84,False
1170,2.97,12.08,0.46,1.0,5.26,4.17,377.3,7.09,False
1171,2.99,13.76,0.19,1.0,3.96,4.65,274.98,3.0,False
1172,2.97,11.57,0.54,1.0,5.66,4.02,408.21,8.33,False
1173,2.94,8.79,0.98,1.0,7.81,3.23,576.86,15.07,False
1174,2.98,13.52,0.23,1.0,4.15,4.58,290.13,3.61,False
1175,3.0,14.85,0.02,1.0,3.11,4.96,208.82,0.35,False
1176,2.9,5.27,1.53,1.0,10.54,2.22,790.53,23.62,False
1177,2.86,1.5,2.12,1.0,13.47,1.14,1019.89,32.8,False
1178,2.91,5.72,1.46,1.0,10.19,2.35,763.27,22.53,False
1179,2.9,5.09,1.56,1.0,10.69,2.17,801.95,24.08,False
1180,2.91,6.23,1.38,1.0,9.8,2.49,732.69,21.31,False
1181,2.99,14.11,0.14,1.0,3.69,4.74,254.26,2.17,False
1182,2.97,12.07,0.46,1.0,5.27,4.16,377.73,7.11,False
1183,2.92,6.92,1.27,1.0,9.26,2.69,690.34,19.61,False
1184,2.95,10.21,0.75,1.0,6.71,3.63,490.65,11.63,False
1185,2.88,3.3,1.84,1.0,12.08,1.66,910.64,28.43,False
1186,2.91,5.93,1.43,1.0,10.04,2.41,750.94,22.04,False
1187,2.99,13.86,0.18,1.0,3.89,4.67,269.41,2.78,False
1188,2.96,11.01,0.63,1.0,6.09,3.86,442.12,9.68,False
1189,2.88,3.36,1.83,1.0,12.03,1.67,907.0,28.28,False
1190,2.95,10.49,0.71,1.0,6.5,3.71,474.01,10.96,False
1191,2.87,1.79,2.08,1.0,13.24,1.23,1001.92,32.08,False
1192,2.99,14.33,0.11,1.0,3.52,4.81,240.6,1.62,False
1193,3.0,14.93,0.01,1.0,3.05,4.98,204.1,0.16,False
1194,2.99,13.95,0.16,1.0,3.81,4.7,263.54,2.54,False
1195,2.96,11.02,0.63,1.0,6.09,3.86,441.82,9.67,False
1196,2.94,8.79,0.98,1.0,7.82,3.23,577.06,15.08,False
1197,2.92,6.8,1.29,1.0,9.36,2.66,697.99,19.92,False
1198,2.94,8.81,0.97,1.0,7.8,3.23,576.0,15.04,False
1199,2.94,8.85,0.97,1.0,7.77,3.24,573.3,14.93,False
1200,2.99,14.3,0.11,1.0,3.55,4.8,242.67,1.71,False
1201,2.91,6.54,1.33,1.0,9.56,2.58,713.74,20.55,False
1202,2.98,12.82,0.34,1.0,4.69,4.38,332.47,5.3,False
1203,2.92,7.43,1.19,1.0,8.87,2.84,659.6,18.38,False
1204,-18.21,-4.87,1.65,0.61,-15.51,-9.15,735.46,14.24,False
1205,-20.16,-5.42,1.6,0.58,-18.22,-10.08,706.43,12.42,False
1206,-18.79,-5.04,1.64,0.6,-16.32,-9.42,726.85,13.7,False
1207,-19.72,-5.3,1.62,0.58,-17.62,-9.87,712.9,12.82,False
1208,-25.19,-6.82,1.47,0.48,-25.25,-12.51,631.24,7.69,False
1209,-25.9,-7.02,1.45,0.47,-26.22,-12.85,620.77,7.04,False
1210,-21.87,-5.89,1.56,0.54,-20.61,-10.91,680.89,10.81,False
1211,-34.97,-9.55,1.22,0.3,-38.87,-17.22,485.32,-1.47,False
1212,-17.27,-4.61,1.68,0.63,-14.21,-8.69,749.48,15.12,False
1213,-27.43,-7.44,1.41,0.44,-28.36,-13.58,597.9,5.6,False
1214,-26.77,-7.26,1.43,0.45,-27.44,-13.27,607.74,6.22,False
1215,-28.82,-7.83,1.38,0.42,-30.3,-14.25,577.13,4.3,False
1216,-31.51,-8.58,1.31,0.37,-34.05,-15.55,536.94,1.77,False
1217,-22.0,-5.93,1.56,0.54,-20.79,-10.97,678.92,10.69,False
1218,-20.93,-5.63,1.58,0.56,-19.31,-10.46,694.85,11.69,False
1219,-25.09,-6.79,1.48,0.48,-25.1,-12.46,632.85,7.8,False
1220,-36.33,-9.92,1.18,0.28,-40.77,-17.87,465.03,-2.75,False
1221,-34.55,-9.43,1.23,0.31,-38.28,-17.01,491.64,-1.08,False
1222,-19.9,-5.35,1.61,0.58,-17.87,-9.96,710.22,12.66,False
1223,-22.71,-6.13,1.54,0.53,-21.78,-11.31,668.39,10.03,False
1224,-26.78,-7.26,1.43,0.45,-27.46,-13.27,607.52,6.2,False
1225,-26.65,-7.23,1.43,0.46,-27.28,-13.21,609.45,6.33,False
1226,-29.81,-8.11,1.35,0.4,-31.68,-14.73,562.37,3.37,False
1227,-30.85,-8.4,1.33,0.38,-33.13,-15.23,546.8,2.39,False
1228,-28.02,-7.61,1.4,0.43,-29.19,-13.87,589.01,5.04,False
1229,-32.03,-8.73,1.29,0.36,-34.78,-15.8,529.16,1.28,False
1230,-32.9,-8.97,1.27,0.34,-35.99,-16.22,516.14,0.46,False
1231,-18.61,-4.99,1.64,0.6,-16.07,-9.34,729.51,13.87,False
1232,-28.59,-7.77,1.38,0.42,-29.98,-14.14,580.6,4.51,False
1233,-32.36,-8.82,1.29,0.35,-35.24,-15.96,524.25,0.97,False
1234,-27.46,-7.45,1.41,0.44,-28.41,-13.6,597.33,5.56,False
1235,-28.93,-7.86,1.38,0.41,-30.45,-14.31,575.49,4.19,False
1236,-29.34,-7.98,1.36,0.41,-31.03,-14.51,569.32,3.8,False
1237,-35.07,-9.57,1.22,0.3,-39.01,-17.26,483.79,-1.57,False
1238,-35.19,-9.61,1.21,0.3,-39.18,-17.32,482.05,-1.68,False
1239,-20.59,-5.54,1.59,0.57,-18.83,-10.29,699.98,12.01,False
1240,-27.89,-7.57,1.4,0.43,-29.01,-13.81,590.97,5.16,False
1241,-25.74,-6.97,1.46,0.47,-26.0,-12.77,623.14,7.19,False
1242,-33.87,-9.24,1.25,0.32,-37.35,-16.69,501.66,-0.45,False
1243,-24.23,-6.55,1.5,0.5,-23.91,-12.05,645.56,8.59,False
1244,-25.08,-6.79,1.48,0.49,-25.08,-12.45,633.01,7.81,False
1245,-30.89,-8.41,1.32,0.38,-33.18,-15.25,546.26,2.36,False
1246,-17.17,-4.58,1.68,0.63,-14.06,-8.64,751.08,15.22,False
1247,-31.86,-8.68,1.3,0.36,-34.54,-15.72,531.71,1.44,False
1248,-30.25,-8.23,1.34,0.39,-32.3,-14.94,555.75,2.95,False
1249,-32.51,-8.86,1.28,0.35,-35.44,-16.03,522.03,0.83,False
1250,-17.91,-4.79,1.66,0.62,-15.1,-9.0,739.9,14.52,False
1251,-16.93,-4.52,1.69,0.64,-13.72,-8.53,754.64,15.45,False
1252,-17.96,-4.8,1.66,0.62,-15.16,-9.02,739.27,14.48,False
1253,-21.55,-5.8,1.57,0.55,-20.17,-10.75,685.63,11.11,False
1254,-29.75,-8.09,1.35,0.4,-31.59,-14.7,563.26,3.42,False
1255,-26.98,-7.32,1.43,0.45,-27.74,-13.37,604.52,6.02,False
1256,-28.12,-7.64,1.4,0.43,-29.32,-13.92,587.63,4.95,False
1257,-22.47,-6.06,1.54,0.53,-21.44,-11.19,671.96,10.25,False
1258,-28.46,-7.73,1.39,0.42,-29.8,-14.08,582.43,4.63,False
1259,-22.88,-6.18,1.53,0.53,-22.02,-11.4,665.74,9.86,False
1260,-22.32,-6.02,1.55,0.54,-21.25,-11.13,674.08,10.39,False
1261,-31.37,-8.54,1.31,0.37,-33.86,-15.48,538.98,1.9,False
1262,-21.3,-5.74,1.57,0.55,-19.82,-10.63,689.33,11.34,False
1263,-32.77,-8.93,1.28,0.34,-35.8,-16.15,518.21,0.59,False
1264,-21.75,-5.86,1.56,0.55,-20.44,-10.85,682.7,10.93,False
1265,-17.49,-4.67,1.67,0.62,-14.5,-8.8,746.27,14.92,False
1266,-17.36,-4.64,1.68,0.63,-14.33,-8.74,748.13,15.04,False
1267,-19.1,-5.12,1.63,0.6,-16.75,-9.57,722.21,13.41,False
1268,-21.76,-5.86,1.56,0.55,-20.45,-10.85,682.57,10.92,False
1269,-23.98,-6.48,1.5,0.51,-23.55,-11.92,649.38,8.83,False
1270,-22.9,-6.18,1.53,0.53,-22.05,-11.4,665.48,9.85,False
1271,-25.94,-7.03,1.45,0.47,-26.28,-12.87,620.17,7.0,False
1272,-22.98,-6.2,1.53,0.52,-22.16,-11.44,664.28,9.77,False
1273,-31.23,-8.5,1.32,0.37,-33.66,-15.42,541.08,2.03,False
1274,-20.41,-5.49,1.6,0.57,-18.58,-10.2,702.66,12.18,False
1275,-18.8,-5.04,1.64,0.6,-16.34,-9.43,726.64,13.69,False
1276,-22.63,-6.11,1.54,0.53,-21.67,-11.27,669.49,10.1,False
1277,-24.74,-6.69,1.48,0.49,-24.61,-12.29,638.08,8.12,False
1278,-17.78,-4.75,1.67,0.62,-14.91,-8.94,741.97,14.65,False
1279,-32.32,-8.81,1.29,0.35,-35.18,-15.94,524.81,1.01,False
1280,-18.53,-4.96,1.65,0.61,-15.96,-9.3,730.65,13.94,False
1281,-21.91,-5.91,1.56,0.54,-20.67,-10.93,680.24,10.77,False
1282,-29.39,-7.99,1.36,0.41,-31.09,-14.53,568.66,3.76,False
1283,-30.17,-8.21,1.34,0.39,-32.18,-14.9,557.0,3.03,False
1284,-28.14,-7.64,1.4,0.43,-29.35,-13.93,587.29,4.93,False
1285,-22.96,-6.2,1.53,0.52,-22.13,-11.43,664.63,9.79,False
1286,-18.05,-4.83,1.66,0.61,-15.29,-9.07,737.82,14.39,False
1287,-35.56,-9.71,1.2,0.29,-39.7,-17.5,476.46,-2.03,False
1288,-18.41,-4.93,1.65,0.61,-15.79,-9.24,732.5,14.06,False
1289,-35.4,-9.67,1.21,0.29,-39.47,-17.42,478.9,-1.88,False
1290,-26.05,-7.06,1.45,0.47,-26.44,-12.92,618.42,6.89,False
1291,-29.28,-7.96,1.37,0.41,-30.94,-14.48,570.24,3.86,False
1292,-23.15,-6.25,1.53,0.52,-22.4,-11.53,661.7,9.61,False
1293,-32.39,-8.83,1.29,0.35,-35.27,-15.97,523.88,0.95,False
1294,-18.72,-5.01,1.64,0.6,-16.22,-9.39,727.94,13.77,False
1295,-18.56,-4.97,1.65,0.61,-16.01,-9.32,730.2,13.91,False
1296,-36.04,-9.84,1.19,0.28,-40.37,-17.73,469.31,-2.48,False
1297,-27.26,-7.4,1.42,0.44,-28.13,-13.51,600.33,5.75,False
1298,-17.79,-4.76,1.67,0.62,-14.93,-8.94,741.75,14.64,False
1299,-36.43,-9.95,1.18,0.28,-40.9,-17.92,463.55,-2.84,False
1300,-17.8,-4.76,1.67,0.62,-14.94,-8.95,741.59,14.63,False
1301,-32.7,-8.91,1.28,0.34,-35.71,-16.12,519.16,0.65,False
1302,-36.08,-9.86,1.19,0.28,-40.43,-17.75,468.65,-2.52,False
1303,-21.08,-5.67,1.58,0.56,-19.51,-10.53,692.67,11.55,False
1304,-25.4,-6.88,1.47,0.48,-25.54,-12.61,628.11,7.5,False
1305,-35.45,-9.68,1.21,0.29,-39.54,-17.45,478.18,-1.92,False
1306,-35.42,-9.67,1.21,0.29,-39.5,-17.43,478.55,-1.9,False
1307,-25.26,-6.84,1.47,0.48,-25.34,-12.54,630.21,7.63,False
1308,-35.2,-9.61,1.21,0.3,-39.19,-17.33,481.89,-1.69,False
1309,-27.81,-7.55,1.4,0.43,-28.89,-13.77,592.25,5.24,False
1310,-27.16,-7.37,1.42,0.45,-27.99,-13.46,601.85,5.85,False
1311,-22.23,-5.99,1.55,0.54,-21.11,-11.08,675.49,10.47,False
1312,-29.79,-8.1,1.35,0.4,-31.66,-14.72,562.58,3.38,False
1313,-25.57,-6.93,1.46,0.48,-25.78,-12.69,625.55,7.34,False
1314,-33.67,-9.18,1.25,0.33,-37.06,-16.59,504.75,-0.25,False
1315,-31.38,-8.55,1.31,0.37,-33.87,-15.49,538.85,1.89,False
1316,-26.16,-7.09,1.45,0.47,-26.6,-12.98,616.75,6.78,False
1317,-34.94,-9.54,1.22,0.3,-38.83,-17.2,485.76,-1.44,False
1318,-30.23,-8.23,1.34,0.39,-32.27,-14.94,555.99,2.97,False
1319,-34.87,-9.52,1.22,0.3,-38.74,-17.17,486.78,-1.38,False
1320,-17.55,-4.69,1.67,0.62,-14.59,-8.83,745.36,14.86,False
1321,-33.88,-9.24,1.25,0.32,-37.36,-16.69,501.54,-0.45,False
1322,-30.97,-8.43,1.32,0.38,-33.3,-15.29,544.94,2.27,False
1323,-23.87,-6.45,1.51,0.51,-23.4,-11.87,651.01,8.94,False
1324,-31.2,-8.5,1.32,0.37,-33.62,-15.4,541.53,2.06,False
1325,-20.03,-5.38,1.61,0.58,-18.05,-10.02,708.28,12.53,False
1326,-23.92,-6.46,1.51,0.51,-23.47,-11.89,650.3,8.89,False
1327,-22.13,-5.97,1.55,0.54,-20.98,-11.03,676.94,10.56,False
1328,-29.11,-7.91,1.37,0.41,-30.71,-14.39,572.77,4.02,False
1329,-25.32,-6.85,1.47,0.48,-25.42,-12.57,629.42,7.58,False
1330,-27.24,-7.39,1.42,0.45,-28.1,-13.5,600.63,5.77,False
1331,-34.67,-9.46,1.23,0.31,-38.45,-17.07,489.81,-1.19,False
1332,-26.14,-7.08,1.45,0.47,-26.56,-12.96,617.17,6.81,False
1333,-18.48,-4.95,1.65,0.61,-15.88,-9.27,731.51,13.99,False
1334,-18.82,-5.04,1.64,0.6,-16.36,-9.44,726.45,13.68,False
1335,-36.15,-9.88,1.19,0.28,-40.52,-17.78,467.67,-2.58,False
1336,-24.8,-6.71,1.48,0.49,-24.7,-12.32,637.06,8.06,False
1337,-35.19,-9.61,1.21,0.3,-39.19,-17.32,481.95,-1.68,False
1338,-20.27,-5.45,1.6,0.57,-18.38,-10.14,704.75,12.31,False
1339,-36.02,-9.84,1.19,0.28,-40.34,-17.72,469.62,-2.46,False
1340,-36.5,-9.97,1.18,0.27,-41.01,-17.95,462.43,-2.91,False
1341,-19.25,-5.16,1.63,0.59,-16.97,-9.65,719.91,13.26,False
1342,-23.59,-6.37,1.51,0.51,-23.02,-11.74,655.13,9.19,False
1343,-29.37,-7.98,1.36,0.41,-31.07,-14.52,568.92,3.78,False
1344,-36.17,-9.88,1.19,0.28,-40.55,-17.8,467.32,-2.6,False
1345,-23.48,-6.34,1.52,0.51,-22.86,-11.68,656.81,9.3,False
1346,-32.99,-8.99,1.27,0.34,-36.11,-16.26,514.86,0.38,False
1347,-17.05,-4.55,1.68,0.63,-13.9,-8.59,752.74,15.33,False
1348,-35.84,-9.79,1.2,0.29,-40.09,-17.64,472.29,-2.29,False
1349,-18.13,-4.85,1.66,0.61,-15.4,-9.11,736.68,14.32,False
1350,-17.1,-4.56,1.68,0.63,-13.96,-8.61,752.14,15.29,False
1351,-24.97,-6.76,1.48,0.49,-24.94,-12.4,634.51,7.9,False
1352,-25.77,-6.98,1.46,0.47,-26.05,-12.79,622.62,7.15,False
1353,-35.55,-9.71,1.2,0.29,-39.69,-17.5,476.57,-2.02,False
1354,-28.62,-7.78,1.38,0.42,-30.02,-14.16,580.13,4.48,False
1355,-22.84,-6.16,1.53,0.53,-21.97,-11.38,666.36,9.9,False
1356,-34.79,-9.5,1.22,0.31,-38.62,-17.13,487.99,-1.3,False
1357,-30.57,-8.32,1.33,0.38,-32.74,-15.1,550.97,2.65,False
1358,-24.67,-6.68,1.49,0.49,-24.52,-12.26,639.02,8.18,False
1359,-30.99,-8.44,1.32,0.38,-33.33,-15.3,544.67,2.26,False
1360,-32.58,-8.88,1.28,0.35,-35.55,-16.07,520.94,0.77,False
1361,-34.51,-9.42,1.23,0.31,-38.24,-17.0,492.1,-1.05,False
1362,-24.67,-6.67,1.49,0.49,-24.51,-12.25,639.12,8.19,False
1363,-35.9,-9.81,1.19,0.29,-40.18,-17.67,471.35,-2.35,False
1364,-35.77,-9.77,1.2,0.29,-39.99,-17.6,473.4,-2.22,False
1365,-21.78,-5.87,1.56,0.55,-20.48,-10.86,682.24,10.9,False
1366,-32.78,-8.94,1.28,0.34,-35.82,-16.16,518.02,0.58,False
1367,-25.0,-6.77,1.48,0.49,-24.98,-12.42,634.09,7.87,False
1368,-25.31,-6.85,1.47,0.48,-25.41,-12.57,629.44,7.58,False
1369,-32.61,-8.89,1.28,0.35,-35.59,-16.08,520.49,0.74,False
1370,-30.72,-8.36,1.33,0.38,-32.95,-15.17,548.73,2.51,False
1371,-19.32,-5.18,1.63,0.59,-17.06,-9.68,718.96,13.2,False
1372,-27.77,-7.54,1.41,0.44,-28.84,-13.75,592.8,5.28,False
1373,-22.93,-6.19,1.53,0.52,-22.09,-11.42,665.02,9.82,False
1374,-18.08,-4.84,1.66,0.61,-15.33,-9.08,737.46,14.37,False
1375,-19.98,-5.37,1.61,0.58,-17.98,-10.0,709.01,12.58,False
1376,-34.67,-9.46,1.23,0.31,-38.46,-17.07,489.71,-1.2,False
1377,-20.41,-5.49,1.6,0.57,-18.57,-10.2,702.72,12.18,False
1378,-19.68,-5.28,1.62,0.58,-17.56,-9.85,713.56,12.87,False
1379,-31.63,-8.61,1.31,0.36,-34.22,-15.61,535.18,1.66,False
1380,-29.57,-8.04,1.36,0.4,-31.35,-14.62,565.91,3.59,False
1381,-22.41,-6.05,1.55,0.53,-21.37,-11.17,672.74,10.3,False
1382,-25.32,-6.86,1.47,0.48,-25.43,-12.57,629.31,7.57,False
1383,-35.43,-9.67,1.21,0.29,-39.51,-17.44,478.45,-1.9,False
1384,-36.52,-9.98,1.18,0.27,-41.03,-17.96,462.19,-2.93,False
1385,-26.75,-7.25,1.43,0.45,-27.42,-13.26,608.0,6.23,False
1386,-19.34,-5.19,1.63,0.59,-17.08,-9.69,718.66,13.19,False
1387,-31.9,-8.69,1.3,0.36,-34.59,-15.74,531.13,1.41,False
1388,-35.5,-9.69,1.2,0.29,-39.61,-17.47,477.38,-1.97,False
1389,-18.7,-5.01,1.64,0.6,-16.19,-9.38,728.25,13.79,False
1390,-30.22,-8.22,1.34,0.39,-32.25,-14.93,556.26,2.98,False
1391,-22.83,-6.16,1.53,0.53,-21.96,-11.37,666.48,9.91,False
1392,-19.38,-5.2,1.62,0.59,-17.14,-9.71,718.08,13.15,False
1393,-25.99,-7.04,1.45,0.47,-26.36,-12.89,619.33,6.95,False
1394,-24.15,-6.53,1.5,0.5,-23.79,-12.01,646.83,8.67,False
1395,-27.78,-7.54,1.41,0.44,-28.85,-13.75,592.62,5.27,False
1396,-17.08,-4.56,1.68,0.63,-13.93,-8.6,752.44,15.31,False
1397,-29.74,-8.09,1.35,0.4,-31.58,-14.7,563.39,3.43,False
1398,-24.08,-6.51,1.5,0.5,-23.7,-11.97,647.79,8.73,False
1399,-20.56,-5.53,1.59,0.57,-18.78,-10.28,700.46,12.04,False
1400,-17.44,-4.66,1.67,0.63,-14.43,-8.77,747.05,14.97,False
1401,-35.74,-9.76,1.2,0.29,-39.94,-17.59,473.84,-2.19,False
1402,-24.12,-6.52,1.5,0.5,-23.75,-11.99,647.26,8.7,False
1403,-35.08,-9.58,1.22,0.3,-39.03,-17.27,483.64,-1.58,False
1404,-17.64,-4.72,1.67,0.62,-14.72,-8.87,743.96,14.77,False
1405,-36.56,-9.99,1.18,0.27,-41.09,-17.98,461.61,-2.96,False
1406,-26.31,-7.13,1.44,0.46,-26.81,-13.05,614.51,6.64,False
1407,-17.53,-4.68,1.67,0.62,-14.57,-8.82,745.62,14.88,False
1408,-18.67,-5.0,1.64,0.6,-16.15,-9.37,728.62,13.81,False
1409,-32.2,-8.77,1.29,0.35,-35.01,-15.88,526.71,1.13,False
1410,-34.87,-9.52,1.22,0.3,-38.73,-17.17,486.82,-1.38,False
1411,-22.15,-5.97,1.55,0.54,-21.01,-11.04,676.65,10.55,False
1412,-17.69,-4.73,1.67,0.62,-14.79,-8.9,743.25,14.73,False
1413,-22.36,-6.03,1.55,0.54,-21.3,-11.15,673.49,10.35,False
1414,-17.85,-4.77,1.66,0.62,-15.01,-8.97,740.9,14.58,False
1415,-34.95,-9.54,1.22,0.3,-38.85,-17.21,485.55,-1.46,False
1416,-34.06,-9.29,1.24,0.32,-37.61,-16.78,498.84,-0.62,False
1417,-25.16,-6.81,1.47,0.48,-25.21,-12.49,631.68,7.72,False
1418,-30.54,-8.31,1.33,0.38,-32.7,-15.08,551.4,2.68,False
1419,-22.92,-6.19,1.53,0.52,-22.08,-11.41,665.19,9.83,False
1420,-20.07,-5.39,1.61,0.58,-18.11,-10.04,707.67,12.5,False
1421,-32.0,-8.72,1.3,0.36,-34.73,-15.79,529.63,1.31,False
1422,-19.13,-5.13,1.63,0.59,-16.79,-9.59,721.81,13.38,False
1423,-21.15,-5.69,1.58,0.56,-19.61,-10.56,691.62,11.49,False
1424,-21.98,-5.93,1.56,0.54,-20.77,-10.96,679.15,10.7,False
1425,-18.71,-5.01,1.64,0.6,-16.21,-9.39,727.99,13.77,False
1426,-33.8,-9.22,1.25,0.32,-37.24,-16.65,502.8,-0.37,False
1427,-27.08,-7.35,1.42,0.45,-27.88,-13.42,603.08,5.93,False
1428,-29.85,-8.12,1.35,0.4,-31.74,-14.75,561.66,3.32,False
1429,-24.24,-6.55,1.5,0.5,-23.92,-12.05,645.47,8.59,False
1430,-18.15,-4.86,1.66,0.61,-15.42,-9.11,736.45,14.3,False
1431,-32.66,-8.9,1.28,0.35,-35.66,-16.11,519.72,0.69,False
1432,-32.95,-8.98,1.27,0.34,-36.06,-16.24,515.48,0.42,False
1433,-29.29,-7.96,1.37,0.41,-30.95,-14.48,570.15,3.86,False
1434,-17.03,-4.54,1.69,0.63,-13.86,-8.58,753.14,15.35,False
1435,-32.14,-8.76,1.29,0.35,-34.93,-15.85,527.56,1.18,False
1436,-26.35,-7.14,1.44,0.46,-26.86,-13.07,613.92,6.61,False
1437,-22.0,-5.93,1.56,0.54,-20.79,-10.97,678.92,10.69,False
1438,-25.33,-6.86,1.47,0.48,-25.44,-12.57,629.18,7.56,False
1439,-27.82,-7.55,1.4,0.43,-28.91,-13.77,591.98,5.23,False
1440,-32.28,-8.8,1.29,0.35,-35.13,-15.92,525.41,1.05,False
1441,-24.17,-6.54,1.5,0.5,-23.82,-12.02,646.52,8.65,False
1442,-24.9,-6.74,1.48,0.49,-24.83,-12.36,635.69,7.97,False
1443,-27.72,-7.52,1.41,0.44,-28.77,-13.72,593.54,5.33,False
1444,-30.88,-8.41,1.32,0.38,-33.17,-15.25,546.35,2.36,False
1445,-18.89,-5.06,1.64,0.6,-16.45,-9.47,725.4,13.61,False
1446,-17.31,-4.62,1.68,0.63,-14.26,-8.71,748.93,15.09,False
1447,-22.85,-6.17,1.53,0.53,-21.98,-11.38,666.18,9.89,False
1448,-25.52,-6.91,1.46,0.48,-25.7,-12.67,626.38,7.39,False
1449,-27.86,-7.56,1.4,0.43,-28.96,-13.79,591.43,5.19,False
1450,-22.07,-5.95,1.55,0.54,-20.89,-11.0,677.93,10.63,False
1451,-35.49,-9.69,1.2,0.29,-39.6,-17.47,477.48,-1.96,False
1452,-20.82,-5.6,1.59,0.56,-19.15,-10.4,696.57,11.8,False
1453,-32.0,-8.72,1.3,0.36,-34.73,-15.78,529.68,1.31,False
1454,-31.61,-8.61,1.31,0.36,-34.19,-15.6,535.42,1.68,False
1455,-21.89,-5.9,1.56,0.54,-20.65,-10.92,680.5,10.79,False
1456,-26.69,-7.24,1.43,0.46,-27.33,-13.23,608.94,6.29,False
1457,-25.44,-6.89,1.47,0.48,-25.58,-12.62,627.63,7.47,False
1458,-27.25,-7.39,1.42,0.45,-28.11,-13.5,600.6,5.77,False
1459,-26.78,-7.26,1.43,0.45,-27.46,-13.27,607.54,6.21,False
1460,-17.45,-4.66,1.67,0.63,-14.45,-8.78,746.87,14.96,False
1461,-23.7,-6.4,1.51,0.51,-23.16,-11.79,653.56,9.1,False
1462,-24.93,-6.75,1.48,0.49,-24.88,-12.38,635.14,7.94,False
1463,-32.91,-8.97,1.27,0.34,-36.01,-16.23,515.98,0.45,False
1464,-31.25,-8.51,1.32,0.37,-33.69,-15.42,540.85,2.02,False
1465,-21.85,-5.89,1.56,0.54,-20.59,-10.9,681.13,10.83,False
1466,-27.04,-7.34,1.42,0.45,-27.82,-13.4,603.69,5.96,False
1467,-29.01,-7.88,1.37,0.41,-30.57,-14.35,574.27,4.12,False
1468,-17.44,-4.66,1.67,0.63,-14.43,-8.77,747.06,14.97,False
1469,-18.47,-4.94,1.65,0.61,-15.87,-9.27,731.68,14.0,False
1470,-26.92,-7.3,1.43,0.45,-27.65,-13.34,605.52,6.08,False
1471,-26.41,-7.16,1.44,0.46,-26.94,-13.09,613.13,6.56,False
1472,-20.67,-5.56,1.59,0.57,-18.95,-10.33,698.7,11.93,False
1473,-21.81,-5.88,1.56,0.55,-20.54,-10.88,681.69,10.86,False
1474,-18.82,-5.04,1.64,0.6,-16.36,-9.44,726.36,13.67,False
1475,-25.06,-6.78,1.48,0.49,-25.07,-12.45,633.18,7.82,False
1476,-30.96,-8.43,1.32,0.38,-33.29,-15.29,545.13,2.29,False
1477,-29.88,-8.13,1.35,0.4,-31.78,-14.77,561.27,3.3,False
1478,-21.34,-5.75,1.57,0.55,-19.88,-10.65,688.73,11.31,False
1479,-30.81,-8.39,1.33,0.38,-33.08,-15.21,547.39,2.43,False
1480,-17.32,-4.63,1.68,0.63,-14.27,-8.72,748.78,15.08,False
1481,-22.61,-6.1,1.54,0.53,-21.65,-11.26,669.79,10.12,False
1482,-31.29,-8.52,1.31,0.37,-33.74,-15.44,540.3,1.98,False
1483,-25.68,-6.96,1.46,0.47,-25.93,-12.74,623.91,7.23,False
1484,-25.18,-6.82,1.47,0.48,-25.22,-12.5,631.48,7.71,False
1485,-24.09,-6.51,1.5,0.5,-23.71,-11.98,647.65,8.72,False
1486,-24.33,-6.58,1.5,0.5,-24.04,-12.09,644.12,8.5,False
1487,-33.02,-9.0,1.27,0.34,-36.16,-16.28,514.41,0.36,False
1488,-33.36,-9.1,1.26,0.33,-36.63,-16.44,509.31,0.03,False
1489,-33.45,-9.12,1.26,0.33,-36.76,-16.49,507.92,-0.05,False
1490,-16.97,-4.53,1.69,0.63,-13.79,-8.55,753.98,15.4,False
1491,-25.96,-7.03,1.45,0.47,-26.31,-12.88,619.83,6.98,False
1492,-19.89,-5.34,1.61,0.58,-17.85,-9.95,710.45,12.67,False
1493,-18.01,-4.82,1.66,0.62,-15.23,-9.05,738.45,14.43,False
1494,-25.14,-6.81,1.47,0.48,-25.17,-12.48,632.05,7.74,False
1495,-17.16,-4.58,1.68,0.63,-14.05,-8.64,751.14,15.23,False
1496,-29.15,-7.92,1.37,0.41,-30.76,-14.41,572.2,3.99,False
1497,-18.41,-4.93,1.65,0.61,-15.79,-9.24,732.55,14.06,False
1498,-17.81,-4.76,1.66,0.62,-14.96,-8.95,741.41,14.61,False
1499,-17.84,-4.77,1.66,0.62,-15.0,-8.97,740.95,14.59,False
1500,-27.32,-7.41,1.42,0.44,-28.22,-13.53,599.43,5.7,False
1501,-17.01,-4.54,1.69,0.63,-13.83,-8.57,753.45,15.37,False
1502,-28.73,-7.81,1.38,0.42,-30.18,-14.21,578.43,4.38,False
1503,-24.04,-6.5,1.5,0.5,-23.64,-11.95,648.43,8.77,False
1504,-23.02,-6.21,1.53,0.52,-22.21,-11.46,663.72,9.73,False
1505,-27.67,-7.51,1.41,0.44,-28.7,-13.7,594.29,5.37,False
1506,-21.36,-5.75,1.57,0.55,-19.91,-10.66,688.42,11.29,False
1507,-31.29,-8.52,1.31,0.37,-33.74,-15.44,540.3,1.98,False
1508,-33.35,-9.1,1.26,0.33,-36.62,-16.44,509.42,0.04,False
1509,-18.05,-4.83,1.66,0.61,-15.29,-9.07,737.86,14.39,False
1510,-22.9,-6.18,1.53,0.53,-22.06,-11.41,665.41,9.84,False
1511,-30.86,-8.4,1.33,0.38,-33.14,-15.24,546.67,2.38,False
1512,-18.42,-4.93,1.65,0.61,-15.8,-9.25,732.39,14.05,False
1513,-22.86,-6.17,1.53,0.53,-21.99,-11.38,666.13,9.89,False
1514,-25.39,-6.87,1.47,0.48,-25.52,-12.6,628.36,7.51,False
1515,-32.96,-8.99,1.27,0.34,-36.07,-16.25,515.33,0.41,False
1516,-28.42,-7.72,1.39,0.42,-29.75,-14.06,583.04,4.67,False
1517,-25.98,-7.04,1.45,0.47,-26.34,-12.89,619.55,6.96,False
1518,-34.54,-9.43,1.23,0.31,-38.27,-17.01,491.76,-1.07,False
1519,-31.53,-8.59,1.31,0.37,-34.08,-15.56,536.61,1.75,False
1520,-31.13,-8.47,1.32,0.37,-33.52,-15.37,542.67,2.13,False
1521,-36.19,-9.89,1.19,0.28,-40.58,-17.8,467.07,-2.62,False
1522,-32.61,-8.89,1.28,0.35,-35.59,-16.08,520.52,0.74,False
1523,-18.41,-4.93,1.65,0.61,-15.79,-9.24,732.52,14.06,False
1524,-23.36,-6.31,1.52,0.52,-22.69,-11.63,658.58,9.41,False
1525,-30.63,-8.34,1.33,0.38,-32.83,-15.13,550.05,2.59,False
1526,-26.58,-7.21,1.44,0.46,-27.18,-13.18,610.5,6.39,False
1527,-25.15,-6.81,1.47,0.48,-25.19,-12.49,631.85,7.73,False
1528,-25.1,-6.8,1.48,0.48,-25.12,-12.46,632.61,7.78,False
1529,-18.85,-5.05,1.64,0.6,-16.4,-9.45,725.94,13.64,False
1530,-28.35,-7.7,1.39,0.42,-29.65,-14.03,584.11,4.73,False
1531,-27.89,-7.57,1.4,0.43,-29.0,-13.81,591.0,5.17,False
1532,-31.98,-8.71,1.3,0.36,-34.7,-15.77,530.0,1.33,False
1533,-32.93,-8.98,1.27,0.34,-36.03,-16.23,515.79,0.44,False
1534,-33.66,-9.18,1.25,0.33,-37.05,-16.59,504.86,-0.24,False
1535,-34.96,-9.54,1.22,0.3,-38.85,-17.21,485.51,-1.46,False
1536,-21.26,-5.72,1.58,0.56,-19.76,-10.61,690.03,11.39,False
1537,-24.73,-6.69,1.48,0.49,-24.59,-12.28,638.23,8.13,False
1538,-28.28,-7.68,1.39,0.43,-29.54,-13.99,585.24,4.8,False
1539,-30.15,-8.2,1.34,0.39,-32.16,-14.9,557.25,3.05,False
1540,-20.48,-5.51,1.6,0.57,-18.67,-10.24,701.63,12.12,False
1541,-31.09,-8.46,1.32,0.37,-33.47,-15.35,543.19,2.16,False
1542,-31.73,-8.64,1.3,0.36,-34.36,-15.66,533.6,1.56,False
1543,-19.22,-5.16,1.63,0.59,-16.92,-9.63,720.35,13.29,False
1544,-34.69,-9.47,1.23,0.31,-38.49,-17.08,489.41,-1.22,False
1545,-35.24,-9.62,1.21,0.3,-39.26,-17.35,481.21,-1.73,False
1546,-24.15,-6.53,1.5,0.5,-23.79,-12.0,646.86,8.68,False
1547,-17.27,-4.61,1.68,0.63,-14.2,-8.69,749.55,15.13,False
1548,-35.69,-9.75,1.2,0.29,-39.87,-17.56,474.59,-2.15,False
1549,-21.68,-5.84,1.56,0.55,-20.35,-10.82,683.63,10.98,False
1550,-36.36,-9.93,1.18,0.28,-40.81,-17.88,464.6,-2.77,False
1551,-31.36,-8.54,1.31,0.37,-33.84,-15.48,539.21,1.91,False
1552,-17.84,-4.77,1.66,0.62,-14.99,-8.97,741.05,14.59,False
1553,-31.73,-8.64,1.3,0.36,-34.36,-15.66,533.6,1.56,False
1554,-28.46,-7.73,1.39,0.42,-29.8,-14.08,582.44,4.63,False
1555,-20.09,-5.4,1.61,0.58,-18.14,-10.05,707.39,12.48,False
1556,-27.04,-7.34,1.42,0.45,-27.82,-13.4,603.7,5.96,False
1557,-29.07,-7.9,1.37,0.41,-30.64,-14.37,573.43,4.06,False
1558,-31.16,-8.48,1.32,0.37,-33.56,-15.38,542.18,2.1,False
1559,-25.86,-7.01,1.46,0.47,-26.17,-12.83,621.36,7.07,False
1560,-25.75,-6.98,1.46,0.47,-26.02,-12.78,622.95,7.17,False
1561,-19.45,-5.22,1.62,0.59,-17.24,-9.74,716.96,13.08,False
1562,-34.38,-9.38,1.23,0.31,-38.05,-16.93,494.08,-0.92,False
1563,-35.34,-9.65,1.21,0.3,-39.39,-17.4,479.74,-1.82,False
1564,-20.05,-5.39,1.61,0.58,-18.08,-10.03,708.03,12.52,False
1565,-35.99,-9.83,1.19,0.28,-40.29,-17.71,470.12,-2.43,False
1566,-17.71,-4.73,1.67,0.62,-14.81,-8.9,742.99,14.71,False
1567,-20.27,-5.45,1.6,0.57,-18.38,-10.14,704.73,12.31,False
1568,-23.68,-6.4,1.51,0.51,-23.13,-11.78,653.87,9.12,False
1569,-27.32,-7.41,1.42,0.44,-28.21,-13.53,599.53,5.7,False
1570,-34.6,-9.44,1.23,0.31,-38.36,-17.04,490.84,-1.13,False
1571,-23.27,-6.28,1.52,0.52,-22.57,-11.58,659.93,9.5,False
1572,-19.86,-5.33,1.61,0.58,-17.82,-9.94,710.82,12.69,False
1573,-28.02,-7.61,1.4,0.43,-29.19,-13.87,589.0,5.04,False
1574,-21.92,-5.91,1.56,0.54,-20.68,-10.93,680.11,10.76,False
1575,-23.51,-6.35,1.52,0.51,-22.9,-11.7,656.33,9.27,False
1576,-30.19,-8.21,1.34,0.39,-32.21,-14.91,556.64,3.01,False
1577,-27.3,-7.41,1.42,0.44,-28.19,-13.52,599.74,5.72,False
1578,-32.25,-8.79,1.29,0.35,-35.08,-15.91,525.89,1.08,False
1579,-33.93,-9.26,1.25,0.32,-37.43,-16.72,500.81,-0.5,False
1580,-29.03,-7.89,1.37,0.41,-30.59,-14.35,574.04,4.1,False
1581,-19.83,-5.32,1.61,0.58,-17.76,-9.92,711.38,12.73,False
1582,-23.27,-6.28,1.52,0.52,-22.56,-11.58,659.96,9.5,False
1583,-31.55,-8.59,1.31,0.37,-34.11,-15.57,536.36,1.73,False
1584,-27.13,-7.36,1.42,0.45,-27.95,-13.44,602.29,5.88,False
1585,-32.42,-8.84,1.28,0.35,-35.32,-15.99,523.37,0.92,False
1586,-18.49,-4.95,1.65,0.61,-15.9,-9.28,731.28,13.98,False
1587,-24.67,-6.68,1.49,0.49,-24.52,-12.26,639.02,8.18,False
1588,-33.08,-9.02,1.27,0.34,-36.23,-16.3,513.56,0.3,False
1589,-32.91,-8.97,1.27,0.34,-36.0,-16.22,516.09,0.46,False
1590,-20.85,-5.61,1.59,0.56,-19.19,-10.42,696.09,11.77,False
1591,-18.75,-5.02,1.64,0.6,-16.26,-9.4,727.47,13.74,False
1592,-19.74,-5.3,1.61,0.58,-17.65,-9.88,712.59,12.8,False
1593,-18.04,-4.83,1.66,0.61,-15.28,-9.06,738.01,14.4,False
1594,-21.37,-5.76,1.57,0.55,-19.92,-10.67,688.27,11.28,False
1595,-27.47,-7.46,1.41,0.44,-28.42,-13.61,597.24,5.56,False
1596,-19.45,-5.22,1.62,0.59,-17.24,-9.74,716.95,13.08,False
1597,-31.79,-8.66,1.3,0.36,-34.44,-15.69,532.74,1.51,False
1598,-30.6,-8.33,1.33,0.38,-32.78,-15.11,550.54,2.62,False
1599,-24.27,-6.56,1.5,0.5,-23.96,-12.06,644.99,8.56,False
1600,-19.9,-5.34,1.61,0.58,-17.86,-9.96,710.31,12.66,False
1601,-16.88,-4.5,1.69,0.64,-13.66,-8.51,755.33,15.49,False
1602,-18.42,-4.93,1.65,0.61,-15.8,-9.24,732.43,14.05,False
1603,-21.8,-5.87,1.56,0.55,-20.51,-10.87,681.97,10.88,False
1604,-34.92,-9.53,1.22,0.3,-38.8,-17.19,486.11,-1.42,False
1605,-21.72,-5.85,1.56,0.55,-20.4,-10.83,683.17,10.96,False
1606,-26.03,-7.06,1.45,0.47,-26.42,-12.91,618.69,6.91,False
1607,-35.67,-9.74,1.2,0.29,-39.85,-17.55,474.81,-2.13,False
1608,-33.99,-9.27,1.24,0.32,-37.51,-16.75,499.85,-0.56,False
1609,-29.76,-8.09,1.35,0.4,-31.61,-14.71,563.12,3.42,False
1610,-21.74,-5.86,1.56,0.55,-20.43,-10.84,682.84,10.94,False
1611,-22.54,-6.08,1.54,0.53,-21.54,-11.23,670.88,10.18,False
1612,-24.78,-6.71,1.48,0.49,-24.67,-12.31,637.41,8.08,False
1613,-21.34,-5.75,1.57,0.55,-19.87,-10.65,688.79,11.31,False
1614,-33.01,-9.0,1.27,0.34,-36.14,-16.27,514.54,0.36,False
1615,-36.07,-9.85,1.19,0.28,-40.41,-17.75,468.85,-2.51,False
1616,-23.85,-6.45,1.51,0.51,-23.37,-11.86,651.33,8.96,False
1617,-24.58,-6.65,1.49,0.49,-24.39,-12.21,640.45,8.27,False
1618,-24.86,-6.73,1.48,0.49,-24.78,-12.35,636.28,8.01,False
1619,-30.84,-8.4,1.33,0.38,-33.12,-15.23,546.88,2.39,False
1620,-19.6,-5.26,1.62,0.59,-17.45,-9.81,714.75,12.94,False
1621,-31.73,-8.64,1.3,0.36,-34.36,-15.66,533.68,1.57,False
1622,-24.97,-6.76,1.48,0.49,-24.93,-12.4,634.6,7.91,False
1623,-18.02,-4.82,1.66,0.62,-15.24,-9.05,738.37,14.42,False
1624,-27.34,-7.42,1.42,0.44,-28.23,-13.54,599.27,5.69,False
1625,-17.56,-4.69,1.67,0.62,-14.61,-8.83,745.15,14.85,False
1626,-28.94,-7.87,1.38,0.41,-30.47,-14.31,575.31,4.18,False
1627,-34.25,-9.35,1.24,0.32,-37.87,-16.87,496.02,-0.8,False
1628,-32.85,-8.96,1.27,0.34,-35.92,-16.2,516.93,0.51,False
1629,-27.92,-7.58,1.4,0.43,-29.04,-13.82,590.56,5.14,False
1630,-20.78,-5.59,1.59,0.56,-19.1,-10.38,697.09,11.83,False
1631,-27.1,-7.35,1.42,0.45,-27.9,-13.42,602.83,5.91,False
1632,-33.51,-9.14,1.26,0.33,-36.83,-16.51,507.15,-0.1,False
1633,-21.9,-5.9,1.56,0.54,-20.66,-10.92,680.41,10.78,False
1634,-20.44,-5.5,1.6,0.57,-18.62,-10.22,702.22,12.15,False
1635,-27.46,-7.45,1.41,0.44,-28.4,-13.6,597.47,5.57,False
1636,-34.22,-9.34,1.24,0.32,-37.83,-16.86,496.45,-0.77,False
1637,-22.77,-6.14,1.54,0.53,-21.86,-11.34,667.48,9.97,False
1638,-27.61,-7.49,1.41,0.44,-28.62,-13.67,595.14,5.43,False
1639,-22.91,-6.18,1.53,0.52,-22.07,-11.41,665.28,9.83,False
1640,-26.56,-7.2,1.44,0.46,-27.14,-13.16,610.91,6.42,False
1641,-32.75,-8.93,1.28,0.34,-35.77,-16.15,518.49,0.61,False
1642,-22.95,-6.2,1.53,0.52,-22.12,-11.43,664.74,9.8,False
1643,-28.56,-7.76,1.39,0.42,-29.93,-14.13,581.05,4.54,False
1644,-20.79,-5.59,1.59,0.56,-19.11,-10.39,696.94,11.82,False
1645,-20.66,-5.56,1.59,0.57,-18.93,-10.33,698.89,11.94,False
1646,-20.8,-5.6,1.59,0.56,-19.12,-10.39,696.8,11.81,False
1647,-31.67,-8.63,1.3,0.36,-34.27,-15.63,534.55,1.62,False
1648,-36.33,-9.93,1.18,0.28,-40.78,-17.87,464.92,-2.75,False
1649,-28.7,-7.8,1.38,0.42,-30.14,-14.2,578.83,4.4,False
1650,-23.15,-6.25,1.53,0.52,-22.4,-11.53,661.72,9.61,False
1651,-23.46,-6.34,1.52,0.51,-22.83,-11.67,657.16,9.32,False
1652,-24.91,-6.74,1.48,0.49,-24.84,-12.37,635.54,7.96,False
1653,-20.97,-5.64,1.58,0.56,-19.36,-10.47,694.3,11.66,False
1654,-34.42,-9.39,1.23,0.31,-38.11,-16.95,493.46,-0.96,False
1655,-18.94,-5.08,1.64,0.6,-16.53,-9.5,724.61,13.56,False
1656,-23.62,-6.38,1.51,0.51,-23.05,-11.75,654.78,9.17,False
1657,-21.02,-5.66,1.58,0.56,-19.43,-10.5,693.5,11.61,False
1658,-20.35,-5.47,1.6,0.57,-18.5,-10.18,703.52,12.23,False
1659,-21.0,-5.65,1.58,0.56,-19.4,-10.49,693.8,11.62,False
1660,-27.78,-7.54,1.41,0.44,-28.85,-13.75,592.6,5.27,False
1661,-18.38,-4.92,1.65,0.61,-15.75,-9.23,732.92,14.08,False
1662,-18.56,-4.97,1.65,0.61,-16.0,-9.31,730.29,13.92,False
1663,-33.55,-9.15,1.26,0.33,-36.89,-16.53,506.54,-0.14,False
1664,-18.68,-5.0,1.64,0.6,-16.16,-9.37,728.51,13.8,False
1665,-35.86,-9.79,1.2,0.29,-40.11,-17.64,472.05,-2.31,False
1666,-22.58,-6.09,1.54,0.53,-21.61,-11.25,670.23,10.14,False
1667,-24.41,-6.6,1.49,0.5,-24.16,-12.13,642.91,8.43,False
1668,-21.49,-5.79,1.57,0.55,-20.08,-10.72,686.6,11.17,False
1669,-25.58,-6.93,1.46,0.48,-25.78,-12.69,625.5,7.33,False
1670,-20.91,-5.63,1.58,0.56,-19.27,-10.44,695.24,11.71,False
1671,-34.9,-9.53,1.22,0.3,-38.77,-17.18,486.37,-1.41,False
1672,-25.25,-6.84,1.47,0.48,-25.32,-12.53,630.42,7.64,False
1673,-17.33,-4.63,1.68,0.63,-14.28,-8.72,748.7,15.07,False
1674,-19.45,-5.22,1.62,0.59,-17.24,-9.74,716.94,13.08,False
1675,-31.09,-8.47,1.32,0.37,-33.47,-15.35,543.17,2.16,False
1676,-35.71,-9.75,1.2,0.29,-39.9,-17.57,474.27,-2.17,False
1677,-26.8,-7.27,1.43,0.45,-27.48,-13.28,607.31,6.19,False
1678,-19.29,-5.18,1.63,0.59,-17.02,-9.67,719.31,13.23,False
1679,-23.81,-6.43,1.51,0.51,-23.31,-11.84,651.92,8.99,False
1680,-32.59,-8.88,1.28,0.35,-35.56,-16.07,520.76,0.75,False
1681,-31.02,-8.44,1.32,0.38,-33.37,-15.31,544.28,2.23,False
1682,-31.74,-8.65,1.3,0.36,-34.37,-15.66,533.49,1.55,False
1683,-31.27,-8.52,1.31,0.37,-33.72,-15.44,540.46,1.99,False
1684,-25.88,-7.01,1.45,0.47,-26.2,-12.84,621.02,7.05,False
1685,-33.64,-9.18,1.25,0.33,-37.02,-16.58,505.12,-0.23,False
1686,-25.5,-6.91,1.46,0.48,-25.67,-12.66,626.69,7.41,False
1687,-21.84,-5.89,1.56,0.54,-20.57,-10.89,681.34,10.84,False
1688,-33.81,-9.22,1.25,0.32,-37.26,-16.66,502.56,-0.39,False
1689,-25.14,-6.81,1.47,0.48,-25.17,-12.48,632.0,7.74,False
1690,-27.08,-7.35,1.42,0.45,-27.87,-13.41,603.15,5.93,False
1691,-28.71,-7.8,1.38,0.42,-30.15,-14.2,578.68,4.39,False
1692,-27.36,-7.43,1.42,0.44,-28.27,-13.55,598.85,5.66,False
1693,-17.76,-4.75,1.67,0.62,-14.89,-8.93,742.19,14.66,False
1694,-33.8,-9.22,1.25,0.32,-37.24,-16.65,502.83,-0.37,False
1695,-31.58,-8.6,1.31,0.37,-34.14,-15.58,535.95,1.71,False
1696,-29.35,-7.98,1.36,0.41,-31.04,-14.51,569.23,3.8,False
1697,-36.09,-9.86,1.19,0.28,-40.43,-17.75,468.63,-2.52,False
1698,-19.23,-5.16,1.63,0.59,-16.93,-9.63,720.32,13.29,False
1699,-18.61,-4.98,1.64,0.6,-16.07,-9.34,729.54,13.87,False
1700,-34.74,-9.48,1.22,0.31,-38.55,-17.11,488.73,-1.26,False
1701,-26.78,-7.26,1.43,0.45,-27.46,-13.27,607.53,6.21,False
1702,-36.24,-9.9,1.19,0.28,-40.64,-17.83,466.34,-2.66,False
1703,-27.12,-7.36,1.42,0.45,-27.93,-13.44,602.51,5.89,False
1704,-28.36,-7.7,1.39,0.42,-29.66,-14.03,583.94,4.72,False
1705,-25.0,-6.77,1.48,0.49,-24.98,-12.41,634.14,7.88,False
1706,-29.09,-7.91,1.37,0.41,-30.67,-14.38,573.11,4.04,False
1707,-26.88,-7.29,1.43,0.45,-27.59,-13.32,606.12,6.12,False
1708,-22.42,-6.05,1.54,0.53,-21.39,-11.17,672.58,10.29,False
1709,-29.58,-8.04,1.36,0.4,-31.36,-14.62,565.75,3.58,False
1710,-35.32,-9.64,1.21,0.3,-39.37,-17.39,480.02,-1.81,False
1711,-24.85,-6.72,1.48,0.49,-24.76,-12.34,636.4,8.02,False
1712,-35.35,-9.65,1.21,0.3,-39.41,-17.4,479.57,-1.83,False
1713,-24.73,-6.69,1.48,0.49,-24.6,-12.29,638.15,8.13,False
1714,-27.51,-7.47,1.41,0.44,-28.48,-13.62,596.65,5.52,False
1715,-19.67,-5.28,1.62,0.58,-17.55,-9.85,713.65,12.87,False
1716,-18.05,-4.83,1.66,0.61,-15.29,-9.07,737.85,14.39,False
1717,-34.52,-9.42,1.23,0.31,-38.25,-17.0,491.99,-1.05,False
1718,-19.65,-5.28,1.62,0.59,-17.52,-9.84,713.95,12.89,False
1719,-20.5,-5.51,1.59,0.57,-18.71,-10.25,701.28,12.09,False
1720,-17.07,-4.56,1.68,0.63,-13.92,-8.6,752.55,15.31,False
1721,-28.71,-7.8,1.38,0.42,-30.15,-14.2,578.69,4.39,False
1722,-20.24,-5.44,1.6,0.57,-18.35,-10.12,705.14,12.34,False
1723,-20.81,-5.6,1.59,0.56,-19.13,-10.4,696.7,11.81,False
1724,-25.05,-6.78,1.48,0.49,-25.04,-12.44,633.41,7.83,False
1725,-26.47,-7.18,1.44,0.46,-27.02,-13.12,612.22,6.5,False
1726,-20.2,-5.43,1.6,0.57,-18.29,-10.1,705.76,12.38,False
1727,-20.76,-5.58,1.59,0.56,-19.06,-10.37,697.46,11.85,False
1728,-29.72,-8.08,1.35,0.4,-31.55,-14.69,563.68,3.45,False
1729,-17.0,-4.54,1.69,0.63,-13.82,-8.56,753.57,15.38,False
1730,-18.23,-4.88,1.65,0.61,-15.53,-9.15,735.25,14.23,False
1731,-24.18,-6.54,1.5,0.5,-23.84,-12.02,646.35,8.64,False
1732,-27.07,-7.34,1.42,0.45,-27.85,-13.41,603.3,5.94,False
1733,-23.82,-6.44,1.51,0.51,-23.33,-11.85,651.8,8.99,False
1734,-35.88,-9.8,1.19,0.29,-40.15,-17.66,471.64,-2.33,False
1735,-17.14,-4.57,1.68,0.63,-14.01,-8.63,751.52,15.25,False
1736,-23.88,-6.45,1.51,0.51,-23.41,-11.88,650.86,8.93,False
1737,-25.94,-7.03,1.45,0.47,-26.28,-12.87,620.13,7.0,False
1738,-28.11,-7.63,1.4,0.43,-29.31,-13.91,587.73,4.96,False
1739,-21.09,-5.68,1.58,0.56,-19.53,-10.53,692.48,11.54,False
1740,-26.27,-7.12,1.44,0.46,-26.75,-13.03,615.18,6.69,False
1741,-29.26,-7.96,1.37,0.41,-30.92,-14.47,570.47,3.88,False
1742,-19.57,-5.25,1.62,0.59,-17.41,-9.8,715.15,12.97,False
1743,-21.16,-5.7,1.58,0.56,-19.63,-10.57,691.43,11.48,False
1744,-24.11,-6.52,1.5,0.5,-23.73,-11.98,647.47,8.71,False
1745,-36.52,-9.98,1.18,0.27,-41.03,-17.96,462.16,-2.93,False
1746,-31.67,-8.63,1.3,0.36,-34.28,-15.63,534.52,1.62,False
1747,-31.97,-8.71,1.3,0.36,-34.7,-15.77,530.04,1.34,False
1748,-18.09,-4.84,1.66,0.61,-15.35,-9.09,737.25,14.35,False
1749,-22.4,-6.04,1.55,0.53,-21.36,-11.17,672.88,10.31,False
1750,-33.05,-9.01,1.27,0.34,-36.2,-16.29,513.95,0.33,False
1751,-25.25,-6.84,1.47,0.48,-25.33,-12.54,630.35,7.64,False
1752,-21.05,-5.66,1.58,0.56,-19.47,-10.51,693.12,11.58,False
1753,-18.81,-5.04,1.64,0.6,-16.34,-9.43,726.61,13.68,False
1754,-33.0,-9.0,1.27,0.34,-36.12,-16.27,514.75,0.38,False
1755,-26.13,-7.08,1.45,0.47,-26.55,-12.96,617.22,6.81,False
1756,-22.89,-6.18,1.53,0.53,-22.04,-11.4,665.6,9.85,False
1757,-27.68,-7.51,1.41,0.44,-28.71,-13.7,594.15,5.36,False
1758,-28.53,-7.75,1.39,0.42,-29.9,-14.12,581.39,4.56,False
1759,-30.47,-8.29,1.34,0.39,-32.6,-15.05,552.45,2.75,False
1760,-21.33,-5.74,1.57,0.55,-19.87,-10.65,688.86,11.31,False
1761,-30.54,-8.31,1.33,0.38,-32.7,-15.08,551.38,2.68,False
1762,-26.87,-7.29,1.43,0.45,-27.58,-13.32,606.22,6.12,False
1763,-22.72,-6.13,1.54,0.53,-21.79,-11.31,668.24,10.02,False
1764,-18.48,-4.95,1.65,0.61,-15.89,-9.28,731.47,13.99,False
1765,-23.49,-6.35,1.52,0.51,-22.88,-11.69,656.61,9.29,False
1766,-32.69,-8.91,1.28,0.34,-35.7,-16.12,519.28,0.66,False
1767,-24.0,-6.49,1.5,0.5,-23.58,-11.93,649.09,8.82,False
1768,-23.16,-6.25,1.53,0.52,-22.41,-11.53,661.62,9.6,False
1769,-26.05,-7.06,1.45,0.47,-26.44,-12.92,618.47,6.89,False
1770,-30.5,-8.3,1.33,0.39,-32.64,-15.06,552.08,2.72,False
1771,-27.99,-7.6,1.4,0.43,-29.14,-13.85,589.54,5.07,False
1772,-36.4,-9.95,1.18,0.28,-40.87,-17.91,463.94,-2.82,False
1773,-31.99,-8.72,1.3,0.36,-34.73,-15.78,529.72,1.32,False
1774,-28.44,-7.72,1.39,0.42,-29.77,-14.07,582.83,4.65,False
1775,-32.97,-8.99,1.27,0.34,-36.09,-16.25,515.15,0.4,False
1776,-27.66,-7.51,1.41,0.44,-28.69,-13.7,594.38,5.38,False
1777,-18.89,-5.06,1.64,0.6,-16.46,-9.47,725.28,13.6,False
1778,-34.69,-9.47,1.23,0.31,-38.48,-17.08,489.53,-1.21,False
1779,-27.79,-7.54,1.41,0.44,-28.87,-13.76,592.47,5.26,False
1780,-29.61,-8.05,1.36,0.4,-31.4,-14.64,565.3,3.55,False
1781,-23.91,-6.46,1.51,0.51,-23.46,-11.89,650.34,8.89,False
1782,-36.06,-9.85,1.19,0.28,-40.4,-17.74,469.01,-2.5,False
1783,-19.27,-5.17,1.63,0.59,-16.98,-9.65,719.72,13.25,False
1784,-29.93,-8.14,1.35,0.4,-31.85,-14.79,560.55,3.25,False
1785,-30.89,-8.41,1.32,0.38,-33.18,-15.25,546.25,2.36,False
1786,-32.42,-8.84,1.28,0.35,-35.32,-15.99,523.34,0.92,False
1787,-32.67,-8.91,1.28,0.35,-35.67,-16.11,519.57,0.68,False
1788,-26.39,-7.15,1.44,0.46,-26.91,-13.08,613.43,6.58,False
1789,-32.13,-8.75,1.29,0.36,-34.91,-15.85,527.75,1.19,False
1790,-29.7,-8.08,1.36,0.4,-31.53,-14.68,563.93,3.47,False
1791,-17.33,-4.63,1.68,0.63,-14.28,-8.72,748.68,15.07,False
1792,-25.86,-7.01,1.46,0.47,-26.18,-12.83,621.26,7.07,False
1793,-22.72,-6.13,1.54,0.53,-21.8,-11.32,668.13,10.01,False
1794,-33.43,-9.12,1.26,0.33,-36.73,-16.47,508.28,-0.03,False
1795,-24.64,-6.67,1.49,0.49,-24.47,-12.24,639.54,8.22,False
1796,-29.73,-8.08,1.35,0.4,-31.56,-14.69,563.58,3.44,False
1797,-20.62,-5.55,1.59,0.57,-18.88,-10.31,699.46,11.98,False
1798,-31.11,-8.47,1.32,0.37,-33.49,-15.36,542.97,2.15,False
1799,-18.64,-4.99,1.64,0.6,-16.11,-9.35,729.1,13.84,False
1800,-34.72,-9.48,1.22,0.31,-38.53,-17.1,488.96,-1.24,False
1801,-22.73,-6.13,1.54,0.53,-21.82,-11.32,667.97,10.0,False
1802,-32.4,-8.83,1.29,0.35,-35.29,-15.98,523.67,0.94,False
1803,-18.97,-5.08,1.63,0.6,-16.56,-9.51,724.21,13.53,False
1804,-21.59,-5.82,1.57,0.55,-20.22,-10.77,685.03,11.07,False
1805,-28.11,-7.63,1.4,0.43,-29.31,-13.91,587.72,4.96,False
1806,-18.28,-4.89,1.65,0.61,-15.61,-9.18,734.48,14.18,False
1807,-20.81,-5.6,1.59,0.56,-19.13,-10.4,696.7,11.81,False
1808,-22.01,-5.93,1.56,0.54,-20.81,-10.97,678.79,10.68,False
1809,-25.63,-6.94,1.46,0.47,-25.85,-12.72,624.77,7.29,False
1810,-33.8,-9.22,1.25,0.32,-37.24,-16.65,502.82,-0.37,False
1811,-24.9,-6.74,1.48,0.49,-24.83,-12.36,635.69,7.97,False
1812,-34.52,-9.42,1.23,0.31,-38.25,-17.0,492.02,-1.05,False
1813,-24.56,-6.64,1.49,0.49,-24.36,-12.2,640.76,8.29,False
1814,-21.86,-5.89,1.56,0.54,-20.6,-10.9,680.97,10.82,False
1815,-21.92,-5.91,1.56,0.54,-20.68,-10.93,680.16,10.77,False
1816,-31.17,-8.49,1.32,0.37,-33.58,-15.39,541.98,2.09,False
1817,-25.36,-6.87,1.47,0.48,-25.48,-12.59,628.75,7.54,False
1818,-19.12,-5.13,1.63,0.59,-16.77,-9.58,721.97,13.39,False
1819,-17.39,-4.65,1.68,0.63,-14.37,-8.75,747.68,15.01,False
1820,-31.86,-8.68,1.3,0.36,-34.54,-15.72,531.67,1.44,False
1821,-19.18,-5.14,1.63,0.59,-16.86,-9.61,721.03,13.33,False
1822,-35.78,-9.77,1.2,0.29,-40.01,-17.61,473.15,-2.24,False
1823,-24.41,-6.6,1.49,0.5,-24.15,-12.13,642.97,8.43,False
1824,-18.28,-4.89,1.65,0.61,-15.6,-9.18,734.52,14.18,False
1825,-24.79,-6.71,1.48,0.49,-24.68,-12.31,637.26,8.07,False
1826,-21.05,-5.67,1.58,0.56,-19.47,-10.51,693.1,11.58,False
1827,-20.84,-5.61,1.59,0.56,-19.18,-10.41,696.22,11.78,False
1828,-26.19,-7.1,1.45,0.46,-26.63,-12.99,616.43,6.76,False
1829,-23.18,-6.26,1.53,0.52,-22.44,-11.54,661.27,9.58,False
1830,-33.22,-9.06,1.26,0.33,-36.44,-16.37,511.41,0.17,False
1831,-33.01,-9.0,1.27,0.34,-36.14,-16.27,514.61,0.37,False
1832,-30.23,-8.22,1.34,0.39,-32.26,-14.93,556.08,2.97,False
1833,-29.39,-7.99,1.36,0.41,-31.09,-14.53,568.65,3.76,False
1834,-32.31,-8.8,1.29,0.35,-35.16,-15.93,525.03,1.02,False
1835,-25.52,-6.91,1.46,0.48,-25.7,-12.67,626.36,7.39,False
1836,-28.23,-7.67,1.39,0.43,-29.48,-13.97,585.85,4.84,False
1837,-16.89,-4.5,1.69,0.64,-13.66,-8.51,755.27,15.49,False
1838,-30.2,-8.22,1.34,0.39,-32.23,-14.92,556.48,3.0,False
1839,-24.4,-6.6,1.49,0.5,-24.14,-12.13,643.08,8.44,False
1840,-35.95,-9.82,1.19,0.28,-40.23,-17.69,470.73,-2.39,False
1841,-21.13,-5.69,1.58,0.56,-19.58,-10.55,691.91,11.51,False
1842,-32.23,-8.78,1.29,0.35,-35.05,-15.9,526.21,1.1,False
1843,-25.11,-6.8,1.47,0.48,-25.14,-12.47,632.42,7.77,False
1844,-32.58,-8.88,1.28,0.35,-35.55,-16.07,520.93,0.76,False
1845,-29.73,-8.09,1.35,0.4,-31.58,-14.7,563.45,3.44,False
1846,-17.26,-4.61,1.68,0.63,-14.19,-8.69,749.66,15.13,False
1847,-22.35,-6.03,1.55,0.54,-21.28,-11.14,673.66,10.36,False
1848,-20.86,-5.61,1.59,0.56,-19.21,-10.42,695.9,11.76,False
1849,-32.84,-8.95,1.27,0.34,-35.9,-16.19,517.17,0.53,False
1850,-34.2,-9.33,1.24,0.32,-37.8,-16.85,496.79,-0.75,False
1851,-23.17,-6.26,1.53,0.52,-22.43,-11.54,661.4,9.59,False
1852,-27.18,-7.37,1.42,0.45,-28.02,-13.47,601.57,5.83,False
1853,-18.68,-5.0,1.64,0.6,-16.17,-9.37,728.48,13.8,False
1854,-32.51,-8.86,1.28,0.35,-35.44,-16.03,522.02,0.83,False
1855,-19.68,-5.28,1.62,0.58,-17.56,-9.85,713.54,12.86,False
1856,-34.43,-9.4,1.23,0.31,-38.12,-16.96,493.38,-0.97,False
1857,-19.57,-5.25,1.62,0.59,-17.41,-9.8,715.2,12.97,False
1858,-19.88,-5.34,1.61,0.58,-17.84,-9.95,710.55,12.68,False
1859,-32.57,-8.88,1.28,0.35,-35.53,-16.06,521.08,0.77,False
1860,-34.15,-9.32,1.24,0.32,-37.73,-16.82,497.59,-0.7,False
1861,-35.19,-9.61,1.21,0.3,-39.17,-17.32,482.08,-1.68,False
1862,-29.73,-8.09,1.35,0.4,-31.58,-14.7,563.45,3.44,False
1863,-31.79,-8.66,1.3,0.36,-34.45,-15.69,532.71,1.5,False
1864,-28.92,-7.86,1.38,0.41,-30.44,-14.3,575.64,4.2,False
1865,-16.95,-4.52,1.69,0.63,-13.75,-8.54,754.36,15.43,False
1866,-20.49,-5.51,1.6,0.57,-18.68,-10.24,701.53,12.11,False
1867,-23.03,-6.22,1.53,0.52,-22.23,-11.47,663.52,9.72,False
1868,-21.77,-5.87,1.56,0.55,-20.48,-10.86,682.33,10.9,False
1869,-28.61,-7.77,1.38,0.42,-30.01,-14.15,580.21,4.49,False
1870,-35.26,-9.63,1.21,0.3,-39.27,-17.35,481.02,-1.74,False
1871,-20.01,-5.38,1.61,0.58,-18.02,-10.01,708.59,12.55,False
1872,-27.9,-7.58,1.4,0.43,-29.02,-13.81,590.83,5.16,False
1873,-28.8,-7.83,1.38,0.42,-30.28,-14.25,577.34,4.31,False
1874,-34.57,-9.43,1.23,0.31,-38.32,-17.02,491.26,-1.1,False
1875,-19.49,-5.23,1.62,0.59,-17.3,-9.76,716.38,13.04,False
1876,-36.16,-9.88,1.19,0.28,-40.54,-17.79,467.46,-2.59,False
1877,-22.5,-6.07,1.54,0.53,-21.49,-11.21,671.51,10.22,False
1878,-27.47,-7.45,1.41,0.44,-28.42,-13.6,597.29,5.56,False
1879,-22.97,-6.2,1.53,0.52,-22.15,-11.44,664.42,9.78,False
1880,-24.63,-6.66,1.49,0.49,-24.46,-12.24,639.61,8.22,False
1881,-30.66,-8.34,1.33,0.38,-32.86,-15.14,549.69,2.57,False
1882,-30.3,-8.24,1.34,0.39,-32.36,-14.97,555.08,2.91,False
1883,-28.12,-7.64,1.4,0.43,-29.33,-13.92,587.52,4.95,False
1884,-19.61,-5.27,1.62,0.59,-17.47,-9.82,714.53,12.93,False
1885,-31.0,-8.44,1.32,0.38,-33.33,-15.3,544.62,2.25,False
1886,-21.85,-5.89,1.56,0.54,-20.59,-10.9,681.12,10.83,False
1887,-20.69,-5.57,1.59,0.57,-18.97,-10.34,698.42,11.91,False
1888,-26.44,-7.17,1.44,0.46,-26.99,-13.11,612.57,6.52,False
1889,-23.14,-6.25,1.53,0.52,-22.38,-11.52,661.97,9.62,False
1890,-32.3,-8.8,1.29,0.35,-35.15,-15.93,525.22,1.03,False
1891,-32.11,-8.75,1.29,0.36,-34.89,-15.84,527.94,1.21,False
1892,-18.17,-4.86,1.66,0.61,-15.46,-9.13,736.05,14.28,False
1893,-19.41,-5.21,1.62,0.59,-17.18,-9.72,717.61,13.12,False
1894,-23.1,-6.24,1.53,0.52,-22.32,-11.5,662.54,9.66,False
1895,-21.86,-5.89,1.56,0.54,-20.6,-10.9,681.04,10.82,False
1896,-26.29,-7.13,1.44,0.46,-26.78,-13.04,614.83,6.66,False
1897,-29.55,-8.04,1.36,0.4,-31.32,-14.61,566.16,3.61,False
1898,-21.42,-5.77,1.57,0.55,-19.99,-10.69,687.53,11.23,False
1899,-18.99,-5.09,1.63,0.6,-16.6,-9.52,723.87,13.51,False
1900,-29.95,-8.15,1.35,0.4,-31.88,-14.8,560.2,3.23,False
1901,-22.87,-6.17,1.53,0.53,-22.0,-11.39,665.97,9.88,False
1902,-21.54,-5.8,1.57,0.55,-20.15,-10.75,685.77,11.12,False
1903,-35.82,-9.78,1.2,0.29,-40.05,-17.62,472.67,-2.27,False
1904,-22.15,-5.97,1.55,0.54,-21.01,-11.04,676.61,10.54,False
1905,-19.76,-5.3,1.61,0.58,-17.67,-9.89,712.41,12.79,False
1906,-31.18,-8.49,1.32,0.37,-33.59,-15.39,541.87,2.08,False
1907,-35.78,-9.77,1.2,0.29,-40.0,-17.6,473.27,-2.23,False
1908,-23.55,-6.36,1.52,0.51,-22.95,-11.71,655.85,9.24,False
1909,-21.63,-5.83,1.57,0.55,-20.28,-10.79,684.41,11.03,False
1910,-33.23,-9.06,1.26,0.33,-36.45,-16.38,511.29,0.16,False
1911,-34.35,-9.37,1.23,0.31,-38.02,-16.92,494.48,-0.9,False
1912,-31.74,-8.65,1.3,0.36,-34.38,-15.66,533.45,1.55,False
1913,-22.64,-6.11,1.54,0.53,-21.69,-11.28,669.32,10.09,False
1914,-33.81,-9.22,1.25,0.32,-37.26,-16.66,502.57,-0.39,False
1915,-27.57,-7.48,1.41,0.44,-28.56,-13.65,595.75,5.46,False
1916,-28.66,-7.79,1.38,0.42,-30.07,-14.18,579.55,4.45,False
1917,-20.63,-5.55,1.59,0.57,-18.88,-10.31,699.41,11.98,False
1918,-29.42,-8.0,1.36,0.4,-31.14,-14.55,568.09,3.73,False
1919,-28.46,-7.73,1.39,0.42,-29.8,-14.08,582.48,4.63,False
1920,-29.52,-8.03,1.36,0.4,-31.27,-14.59,566.68,3.64,False
1921,-20.95,-5.64,1.58,0.56,-19.33,-10.47,694.56,11.67,False
1922,-32.27,-8.79,1.29,0.35,-35.11,-15.92,525.61,1.06,False
1923,-21.04,-5.66,1.58,0.56,-19.46,-10.51,693.19,11.59,False
1924,-18.75,-5.03,1.64,0.6,-16.27,-9.41,727.38,13.73,False
1925,-32.92,-8.97,1.27,0.34,-36.01,-16.23,515.93,0.45,False
1926,-35.3,-9.64,1.21,0.3,-39.34,-17.38,480.32,-1.79,False
1927,-21.33,-5.74,1.57,0.55,-19.86,-10.65,688.88,11.31,False
1928,-20.55,-5.52,1.59,0.57,-18.77,-10.27,700.63,12.05,False
1929,-27.2,-7.38,1.42,0.45,-28.04,-13.47,601.36,5.82,False
1930,-27.43,-7.44,1.41,0.44,-28.37,-13.59,597.81,5.59,False
1931,-26.46,-7.17,1.44,0.46,-27.02,-13.12,612.28,6.5,False
1932,-23.43,-6.33,1.52,0.52,-22.79,-11.66,657.52,9.34,False
1933,-19.05,-5.11,1.63,0.6,-16.68,-9.55,722.94,13.45,False
1934,-36.16,-9.88,1.19,0.28,-40.54,-17.79,467.46,-2.59,False
1935,-30.1,-8.19,1.35,0.39,-32.08,-14.87,558.01,3.09,False
1936,-22.4,-6.04,1.55,0.53,-21.35,-11.16,672.93,10.31,False
1937,-17.75,-4.75,1.67,0.62,-14.87,-8.93,742.32,14.67,False
1938,-32.45,-8.84,1.28,0.35,-35.36,-16.0,522.95,0.89,False
1939,-32.87,-8.96,1.27,0.34,-35.95,-16.21,516.62,0.49,False
1940,-17.62,-4.71,1.67,0.62,-14.68,-8.86,744.36,14.8,False
1941,-34.05,-9.29,1.24,0.32,-37.59,-16.77,499.05,-0.61,False
1942,-27.48,-7.46,1.41,0.44,-28.43,-13.61,597.18,5.55,False
1943,-23.27,-6.28,1.52,0.52,-22.56,-11.58,660.01,9.5,False
1944,-28.63,-7.78,1.38,0.42,-30.04,-14.16,579.93,4.47,False
1945,-33.24,-9.06,1.26,0.33,-36.46,-16.38,511.16,0.15,False
1946,-23.66,-6.39,1.51,0.51,-23.11,-11.77,654.11,9.13,False
1947,-31.41,-8.56,1.31,0.37,-33.92,-15.5,538.37,1.86,False
1948,-20.41,-5.49,1.6,0.57,-18.58,-10.2,702.66,12.18,False
1949,-24.12,-6.52,1.5,0.5,-23.75,-11.99,647.21,8.7,False
1950,-31.96,-8.71,1.3,0.36,-34.68,-15.77,530.2,1.35,False
1951,-30.12,-8.19,1.34,0.39,-32.11,-14.88,557.77,3.08,False
1952,-25.5,-6.91,1.46,0.48,-25.68,-12.66,626.62,7.4,False
1953,-26.13,-7.08,1.45,0.47,-26.56,-12.96,617.21,6.81,False
1954,-31.36,-8.54,1.31,0.37,-33.85,-15.48,539.14,1.91,False
1955,-30.78,-8.38,1.33,0.38,-33.04,-15.2,547.82,2.45,False
1956,-32.81,-8.94,1.27,0.34,-35.86,-16.18,517.54,0.55,False
1957,-25.65,-6.95,1.46,0.47,-25.89,-12.73,624.38,7.26,False
1958,-18.53,-4.96,1.65,0.61,-15.95,-9.3,730.75,13.95,False
1959,-30.27,-8.24,1.34,0.39,-32.33,-14.95,555.42,2.93,False
1960,-20.52,-5.52,1.59,0.57,-18.73,-10.26,701.05,12.08,False
1961,-25.07,-6.79,1.48,0.49,-25.08,-12.45,633.05,7.81,False
1962,-31.28,-8.52,1.31,0.37,-33.73,-15.44,540.4,1.99,False
1963,-22.11,-5.96,1.55,0.54,-20.94,-11.02,677.3,10.59,False
1964,-26.12,-7.08,1.45,0.47,-26.54,-12.96,617.37,6.82,False
1965,-27.55,-7.48,1.41,0.44,-28.53,-13.64,596.11,5.49,False
1966,-31.02,-8.44,1.32,0.38,-33.37,-15.31,544.29,2.23,False
1967,-30.47,-8.29,1.34,0.39,-32.6,-15.05,552.47,2.75,False
1968,-33.4,-9.11,1.26,0.33,-36.69,-16.46,508.66,-0.01,False
1969,-35.26,-9.63,1.21,0.3,-39.28,-17.36,480.92,-1.75,False
1970,-20.13,-5.41,1.6,0.58,-18.18,-10.07,706.87,12.45,False
1971,-21.78,-5.87,1.56,0.55,-20.49,-10.86,682.2,10.9,False
1972,-18.55,-4.97,1.65,0.61,-15.98,-9.31,730.45,13.93,False
1973,-29.33,-7.97,1.37,0.41,-31.01,-14.5,569.47,3.81,False
1974,-29.51,-8.02,1.36,0.4,-31.27,-14.59,566.78,3.64,False
1975,-27.37,-7.43,1.42,0.44,-28.28,-13.56,598.71,5.65,False
1976,-19.71,-5.29,1.62,0.58,-17.61,-9.87,713.07,12.83,False
1977,-25.46,-6.9,1.47,0.48,-25.62,-12.64,627.21,7.44,False
1978,-30.93,-8.42,1.32,0.38,-33.24,-15.27,545.58,2.31,False
1979,-24.16,-6.53,1.5,0.5,-23.81,-12.01,646.65,8.66,False
1980,-27.53,-7.47,1.41,0.44,-28.51,-13.64,596.31,5.5,False
1981,-18.23,-4.88,1.65,0.61,-15.53,-9.15,735.25,14.23,False
1982,-30.16,-8.2,1.34,0.39,-32.17,-14.9,557.14,3.04,False
1983,-24.87,-6.73,1.48,0.49,-24.8,-12.35,636.05,8.0,False
1984,-27.46,-7.45,1.41,0.44,-28.41,-13.6,597.38,5.57,False
1985,-34.31,-9.36,1.24,0.31,-37.95,-16.9,495.2,-0.85,False
1986,-23.93,-6.47,1.51,0.51,-23.49,-11.9,650.06,8.88,False
1987,-20.45,-5.5,1.6,0.57,-18.64,-10.23,702.02,12.14,False
1988,-30.45,-8.29,1.34,0.39,-32.58,-15.04,552.75,2.76,False
1989,-23.34,-6.3,1.52,0.52,-22.66,-11.61,658.98,9.44,False
1990,-19.17,-5.14,1.63,0.59,-16.84,-9.61,721.21,13.35,False
1991,-29.04,-7.89,1.37,0.41,-30.61,-14.36,573.83,4.09,False
1992,-27.18,-7.38,1.42,0.45,-28.02,-13.47,601.53,5.83,False
1993,-29.05,-7.9,1.37,0.41,-30.62,-14.36,573.7,4.08,False
1994,-23.8,-6.43,1.51,0.51,-23.31,-11.84,651.98,9.0,False
1995,-20.88,-5.62,1.58,0.56,-19.24,-10.43,695.57,11.74,False
1996,-21.67,-5.84,1.56,0.55,-20.34,-10.81,683.82,11.0,False
1997,-19.07,-5.11,1.63,0.6,-16.7,-9.56,722.71,13.44,False
1998,-31.51,-8.58,1.31,0.37,-34.06,-15.55,536.89,1.77,False
1999,-21.28,-5.73,1.57,0.56,-19.8,-10.63,689.61,11.36,False
2000,-19.16,-5.14,1.63,0.59,-16.83,-9.6,721.37,13.36,False
2001,-19.45,-5.22,1.62,0.59,-17.24,-9.74,716.94,13.08,False
2002,-32.74,-8.92,1.28,0.34,-35.76,-16.14,518.59,0.62,False
2003,-20.03,-5.38,1.61,0.58,-18.04,-10.02,708.39,12.54,False
2004,-25.12,-6.8,1.47,0.48,-25.14,-12.47,632.34,7.76,False
2005,-34.18,-9.33,1.24,0.32,-37.78,-16.84,497.04,-0.74,False
2006,-20.33,-5.46,1.6,0.57,-18.46,-10.17,703.86,12.26,False
2007,-17.35,-4.63,1.68,0.63,-14.32,-8.73,748.29,15.05,False
2008,-31.9,-8.69,1.3,0.36,-34.59,-15.74,531.18,1.41,False
2009,-34.71,-9.47,1.23,0.31,-38.51,-17.09,489.16,-1.23,False
2010,-20.38,-5.48,1.6,0.57,-18.54,-10.19,703.05,12.21,False
2011,-21.02,-5.66,1.58,0.56,-19.43,-10.5,693.53,11.61,False
2012,-33.36,-9.1,1.26,0.33,-36.63,-16.44,509.28,0.03,False
2013,-30.9,-8.41,1.32,0.38,-33.21,-15.26,545.99,2.34,False
2014,-32.42,-8.84,1.28,0.35,-35.33,-15.99,523.3,0.91,False
2015,-23.18,-6.26,1.53,0.52,-22.43,-11.54,661.36,9.59,False
2016,-18.96,-5.08,1.63,0.6,-16.55,-9.51,724.32,13.54,False
2017,-26.23,-7.11,1.45,0.46,-26.69,-13.01,615.77,6.72,False
2018,-22.01,-5.93,1.56,0.54,-20.81,-10.97,678.79,10.68,False
2019,-25.05,-6.78,1.48,0.49,-25.04,-12.44,633.4,7.83,False
2020,-17.98,-4.81,1.66,0.62,-15.19,-9.03,738.92,14.46,False
2021,-32.99,-8.99,1.27,0.34,-36.11,-16.26,514.86,0.38,False
2022,-18.72,-5.01,1.64,0.6,-16.22,-9.39,727.95,13.77,False
2023,-33.99,-9.27,1.24,0.32,-37.5,-16.74,499.96,-0.55,False
2024,-25.55,-6.92,1.46,0.48,-25.74,-12.68,625.9,7.36,False
2025,-28.72,-7.8,1.38,0.42,-30.16,-14.21,578.64,4.39,False
2026,-23.32,-6.3,1.52,0.52,-22.63,-11.6,659.27,9.45,False
2027,-20.99,-5.65,1.58,0.56,-19.38,-10.48,694.03,11.64,False
2028,-22.34,-6.02,1.55,0.54,-21.27,-11.13,673.87,10.37,False
2029,-20.38,-5.48,1.6,0.57,-18.53,-10.19,703.16,12.21,False
2030,-17.26,-4.61,1.68,0.63,-14.19,-8.69,749.68,15.13,False
2031,-35.55,-9.71,1.2,0.29,-39.69,-17.5,476.58,-2.02,False
2032,-16.97,-4.53,1.69,0.63,-13.78,-8.55,754.07,15.41,False
2033,-21.79,-5.87,1.56,0.55,-20.51,-10.87,682.0,10.88,False
2034,-33.75,-9.21,1.25,0.33,-37.17,-16.63,503.55,-0.33,False
2035,-24.52,-6.63,1.49,0.5,-24.31,-12.18,641.3,8.33,False
2036,-29.2,-7.94,1.37,0.41,-30.83,-14.44,571.42,3.94,False
2037,-21.49,-5.79,1.57,0.55,-20.08,-10.72,686.58,11.17,False
2038,-30.66,-8.35,1.33,0.38,-32.87,-15.14,549.57,2.56,False
2039,-21.95,-5.92,1.56,0.54,-20.72,-10.94,679.72,10.74,False
2040,-22.27,-6.0,1.55,0.54,-21.16,-11.1,674.96,10.44,False
2041,-16.97,-4.53,1.69,0.63,-13.79,-8.55,753.97,15.4,False
2042,-26.09,-7.07,1.45,0.47,-26.49,-12.94,617.93,6.86,False
2043,-29.06,-7.9,1.37,0.41,-30.63,-14.37,573.54,4.07,False
2044,-22.55,-6.08,1.54,0.53,-21.57,-11.24,670.64,10.17,False
2045,-35.05,-9.57,1.22,0.3,-38.99,-17.25,484.11,-1.55,False
2046,-31.61,-8.61,1.31,0.36,-34.19,-15.6,535.48,1.68,False
2047,-18.7,-5.01,1.64,0.6,-16.19,-9.38,728.24,13.79,False
2048,-19.5,-5.23,1.62,0.59,-17.31,-9.77,716.23,13.03,False
2049,-20.21,-5.43,1.6,0.57,-18.3,-10.11,705.66,12.37,False
2050,-32.09,-8.74,1.29,0.36,-34.85,-15.83,528.35,1.23,False
2051,-26.36,-7.15,1.44,0.46,-26.87,-13.07,613.87,6.6,False
2052,-28.23,-7.67,1.39,0.43,-29.48,-13.97,585.9,4.85,False
2053,-27.16,-7.37,1.42,0.45,-27.98,-13.45,601.96,5.85,False
2054,-36.49,-9.97,1.18,0.27,-40.99,-17.95,462.59,-2.9,False
2055,-19.1,-5.12,1.63,0.6,-16.75,-9.57,722.26,13.41,False
2056,-28.41,-7.72,1.39,0.42,-29.73,-14.06,583.24,4.68,False
2057,-28.64,-7.78,1.38,0.42,-30.04,-14.17,579.85,4.47,False
2058,-31.52,-8.58,1.31,0.37,-34.06,-15.55,536.83,1.76,False
2059,-25.54,-6.92,1.46,0.48,-25.74,-12.68,626.0,7.37,False
2060,-19.29,-5.18,1.63,0.59,-17.02,-9.67,719.3,13.23,False
2061,-24.2,-6.54,1.5,0.5,-23.86,-12.03,646.07,8.63,False
2062,-32.35,-8.81,1.29,0.35,-35.22,-15.95,524.48,0.99,False
2063,-31.72,-8.64,1.3,0.36,-34.35,-15.65,533.78,1.57,False
2064,-31.13,-8.48,1.32,0.37,-33.52,-15.37,542.62,2.13,False
2065,-28.44,-7.73,1.39,0.42,-29.77,-14.07,582.74,4.65,False
2066,-26.24,-7.11,1.45,0.46,-26.71,-13.01,615.57,6.71,False
2067,-36.17,-9.88,1.19,0.28,-40.54,-17.79,467.43,-2.6,False
2068,-25.68,-6.96,1.46,0.47,-25.92,-12.74,624.03,7.24,False
2069,-21.21,-5.71,1.58,0.56,-19.69,-10.59,690.72,11.43,False
2070,-17.12,-4.57,1.68,0.63,-14.0,-8.62,751.71,15.26,False
2071,-18.87,-5.06,1.64,0.6,-16.43,-9.46,725.65,13.62,False
2072,-27.12,-7.36,1.42,0.45,-27.93,-13.44,602.51,5.89,False
2073,-17.92,-4.79,1.66,0.62,-15.11,-9.01,739.82,14.51,False
2074,-31.34,-8.53,1.31,0.37,-33.81,-15.47,539.49,1.93,False
2075,-35.3,-9.64,1.21,0.3,-39.33,-17.37,480.4,-1.78,False
2076,-18.1,-4.84,1.66,0.61,-15.35,-9.09,737.2,14.35,False
2077,-34.98,-9.55,1.22,0.3,-38.89,-17.22,485.14,-1.48,False
2078,-24.91,-6.74,1.48,0.49,-24.85,-12.37,635.47,7.96,False
2079,-18.57,-4.97,1.65,0.61,-16.01,-9.32,730.12,13.91,False
2080,-30.03,-8.17,1.35,0.39,-31.99,-14.84,558.97,3.15,False
2081,-36.47,-9.96,1.18,0.28,-40.97,-17.94,462.88,-2.88,False
2082,-19.0,-5.09,1.63,0.6,-16.61,-9.53,723.69,13.5,False
2083,-26.0,-7.04,1.45,0.47,-26.37,-12.9,619.24,6.94,False
2084,-32.22,-8.78,1.29,0.35,-35.04,-15.89,526.39,1.11,False
2085,-25.31,-6.85,1.47,0.48,-25.4,-12.56,629.56,7.59,False
2086,-31.7,-8.64,1.3,0.36,-34.32,-15.64,534.08,1.59,False
2087,-25.16,-6.81,1.47,0.48,-25.2,-12.49,631.71,7.72,False
2088,-36.55,-9.99,1.18,0.27,-41.08,-17.98,461.68,-2.96,False
2089,-23.81,-6.43,1.51,0.51,-23.32,-11.84,651.89,8.99,False
2090,-18.76,-5.03,1.64,0.6,-16.27,-9.41,727.32,13.73,False
2091,-29.86,-8.12,1.35,0.4,-31.75,-14.76,561.58,3.32,False
2092,-19.5,-5.23,1.62,0.59,-17.31,-9.77,716.26,13.03,False
2093,-28.26,-7.68,1.39,0.43,-29.52,-13.99,585.45,4.82,False
2094,-29.65,-8.06,1.36,0.4,-31.46,-14.65,564.74,3.52,False
2095,-20.16,-5.42,1.6,0.58,-18.24,-10.09,706.32,12.41,False
2096,-17.54,-4.69,1.67,0.62,-14.57,-8.82,745.56,14.88,False
2097,-20.19,-5.43,1.6,0.58,-18.27,-10.1,705.9,12.38,False
2098,-19.83,-5.33,1.61,0.58,-17.77,-9.93,711.28,12.72,False
2099,-31.46,-8.57,1.31,0.37,-33.98,-15.53,537.68,1.82,False
2100,-29.24,-7.95,1.37,0.41,-30.88,-14.45,570.91,3.9,False
2101,-18.03,-4.82,1.66,0.61,-15.27,-9.06,738.12,14.41,False
2102,-26.25,-7.12,1.45,0.46,-26.72,-13.02,615.43,6.7,False
2103,-34.14,-9.31,1.24,0.32,-37.71,-16.82,497.72,-0.69,False
2104,-23.84,-6.44,1.51,0.51,-23.36,-11.86,651.48,8.97,False
2105,-17.65,-4.72,1.67,0.62,-14.72,-8.87,743.92,14.77,False
2106,-18.08,-4.84,1.66,0.61,-15.33,-9.08,737.39,14.36,False
2107,-18.26,-4.89,1.65,0.61,-15.58,-9.17,734.75,14.2,False
2108,-20.18,-5.42,1.6,0.58,-18.26,-10.09,706.08,12.4,False
2109,-30.73,-8.36,1.33,0.38,-32.96,-15.17,548.59,2.5,False
2110,-35.34,-9.65,1.21,0.3,-39.4,-17.4,479.72,-1.82,False
2111,-29.8,-8.11,1.35,0.4,-31.67,-14.73,562.45,3.37,False
2112,-18.01,-4.82,1.66,0.62,-15.24,-9.05,738.43,14.43,False
2113,-31.77,-8.65,1.3,0.36,-34.41,-15.67,533.12,1.53,False
2114,-32.3,-8.8,1.29,0.35,-35.15,-15.93,525.2,1.03,False
2115,-23.76,-6.42,1.51,0.51,-23.25,-11.82,652.67,9.04,False
2116,-33.23,-9.06,1.26,0.33,-36.45,-16.38,511.27,0.16,False
2117,-35.4,-9.67,1.21,0.29,-39.48,-17.43,478.81,-1.88,False
2118,-34.88,-9.52,1.22,0.3,-38.75,-17.17,486.61,-1.39,False
2119,-26.24,-7.11,1.45,0.46,-26.7,-13.01,615.65,6.71,False
2120,-29.73,-8.09,1.35,0.4,-31.58,-14.69,563.46,3.44,False
2121,-20.08,-5.4,1.61,0.58,-18.12,-10.05,707.51,12.49,False
2122,-21.68,-5.84,1.56,0.55,-20.35,-10.82,683.72,10.99,False
2123,-36.24,-9.9,1.19,0.28,-40.65,-17.83,466.3,-2.67,False
2124,-28.33,-7.7,1.39,0.43,-29.62,-14.02,584.41,4.75,False
2125,-29.08,-7.9,1.37,0.41,-30.66,-14.38,573.23,4.05,False
2126,-17.18,-4.59,1.68,0.63,-14.08,-8.65,750.87,15.21,False
2127,-23.02,-6.21,1.53,0.52,-22.21,-11.46,663.74,9.74,False
2128,-30.1,-8.19,1.34,0.39,-32.09,-14.87,557.94,3.09,False
2129,-26.94,-7.31,1.43,0.45,-27.68,-13.35,605.16,6.06,False
2130,-19.04,-5.11,1.63,0.6,-16.67,-9.55,723.04,13.46,False
2131,-22.32,-6.02,1.55,0.54,-21.24,-11.12,674.13,10.39,False
2132,-32.77,-8.93,1.28,0.34,-35.8,-16.16,518.17,0.59,False
2133,-34.16,-9.32,1.24,0.32,-37.75,-16.83,497.32,-0.72,False
2134,-34.02,-9.28,1.24,0.32,-37.55,-16.76,499.42,-0.59,False
2135,-24.61,-6.66,1.49,0.49,-24.43,-12.23,639.95,8.24,False
2136,-34.14,-9.32,1.24,0.32,-37.72,-16.82,497.67,-0.7,False
2137,-23.24,-6.28,1.52,0.52,-22.53,-11.57,660.38,9.52,False
2138,-17.18,-4.59,1.68,0.63,-14.08,-8.65,750.84,15.21,False
2139,-27.51,-7.47,1.41,0.44,-28.47,-13.62,596.67,5.52,False
2140,-27.86,-7.56,1.4,0.43,-28.96,-13.79,591.49,5.2,False
2141,-23.86,-6.45,1.51,0.51,-23.39,-11.87,651.1,8.94,False
2142,-29.77,-8.1,1.35,0.4,-31.63,-14.71,562.87,3.4,False
2143,-24.18,-6.54,1.5,0.5,-23.83,-12.02,646.36,8.64,False
2144,-31.34,-8.53,1.31,0.37,-33.81,-15.47,539.49,1.93,False
2145,-19.69,-5.29,1.62,0.58,-17.58,-9.86,713.33,12.85,False
2146,-20.12,-5.41,1.6,0.58,-18.18,-10.07,706.96,12.45,False
2147,-31.65,-8.62,1.3,0.36,-34.25,-15.62,534.82,1.64,False
2148,-23.18,-6.26,1.53,0.52,-22.44,-11.54,661.27,9.58,False
2149,-22.92,-6.19,1.53,0.52,-22.07,-11.41,665.2,9.83,False
2150,-25.87,-7.01,1.46,0.47,-26.18,-12.83,621.2,7.06,False
2151,-24.68,-6.68,1.49,0.49,-24.53,-12.26,638.91,8.18,False
2152,-21.99,-5.93,1.56,0.54,-20.78,-10.97,679.02,10.7,False
2153,-18.22,-4.88,1.65,0.61,-15.52,-9.15,735.35,14.23,False
2154,-32.12,-8.75,1.29,0.36,-34.9,-15.84,527.89,1.2,False
2155,-18.07,-4.83,1.66,0.61,-15.32,-9.08,737.57,14.37,False
2156,-29.95,-8.15,1.35,0.4,-31.87,-14.8,560.3,3.24,False
2157,-35.68,-9.75,1.2,0.29,-39.87,-17.56,474.63,-2.14,False
2158,-31.65,-8.62,1.3,0.36,-34.25,-15.62,534.82,1.64,False
2159,-27.71,-7.52,1.41,0.44,-28.75,-13.72,593.71,5.34,False
2160,-26.19,-7.1,1.45,0.46,-26.64,-12.99,616.31,6.76,False
2161,-21.54,-5.8,1.57,0.55,-20.15,-10.75,685.85,11.12,False
2162,-33.03,-9.0,1.27,0.34,-36.17,-16.28,514.29,0.35,False
2163,-35.02,-9.56,1.22,0.3,-38.94,-17.24,484.55,-1.52,False
2164,-26.64,-7.22,1.44,0.46,-27.26,-13.2,609.69,6.34,False
2165,-34.64,-9.45,1.23,0.31,-38.41,-17.06,490.22,-1.16,False
2166,-27.29,-7.4,1.42,0.44,-28.17,-13.52,599.96,5.73,False
2167,-33.88,-9.24,1.25,0.32,-37.35,-16.69,501.58,-0.45,False
2168,-23.95,-6.47,1.51,0.51,-23.51,-11.91,649.83,8.86,False
2169,-31.74,-8.65,1.3,0.36,-34.37,-15.66,533.49,1.55,False
2170,-28.33,-7.69,1.39,0.43,-29.61,-14.02,584.49,4.76,False
2171,-31.78,-8.66,1.3,0.36,-34.42,-15.68,532.94,1.52,False
2172,-28.04,-7.61,1.4,0.43,-29.21,-13.88,588.74,5.02,False
2173,-30.76,-8.37,1.33,0.38,-33.01,-15.19,548.13,2.47,False
2174,-32.07,-8.74,1.29,0.36,-34.83,-15.82,528.61,1.25,False
2175,-20.09,-5.4,1.61,0.58,-18.13,-10.05,707.42,12.48,False
2176,-27.99,-7.6,1.4,0.43,-29.15,-13.86,589.45,5.07,False
2177,-17.83,-4.77,1.66,0.62,-14.98,-8.96,741.22,14.6,False
2178,-29.45,-8.01,1.36,0.4,-31.19,-14.56,567.63,3.7,False
2179,-34.16,-9.32,1.24,0.32,-37.75,-16.83,497.37,-0.72,False
2180,-31.73,-8.64,1.3,0.36,-34.36,-15.66,533.61,1.56,False
2181,-22.65,-6.11,1.54,0.53,-21.7,-11.28,669.17,10.08,False
2182,-35.3,-9.64,1.21,0.3,-39.33,-17.37,480.41,-1.78,False
2183,-28.77,-7.82,1.38,0.42,-30.23,-14.23,577.84,4.34,False
2184,-21.54,-5.8,1.57,0.55,-20.15,-10.75,685.81,11.12,False
2185,-30.13,-8.2,1.34,0.39,-32.13,-14.89,557.56,3.07,False
2186,-27.4,-7.44,1.42,0.44,-28.33,-13.57,598.25,5.62,False
2187,-16.9,-4.51,1.69,0.64,-13.68,-8.51,755.08,15.47,False
2188,-23.39,-6.32,1.52,0.52,-22.73,-11.64,658.19,9.39,False
2189,-32.97,-8.99,1.27,0.34,-36.09,-16.25,515.16,0.4,False
2190,-22.65,-6.11,1.54,0.53,-21.71,-11.29,669.15,10.08,False
2191,-28.28,-7.68,1.39,0.43,-29.55,-13.99,585.18,4.8,False
2192,-26.44,-7.17,1.44,0.46,-26.98,-13.11,612.64,6.53,False
2193,-24.15,-6.53,1.5,0.5,-23.79,-12.01,646.81,8.67,False
2194,-34.67,-9.46,1.23,0.31,-38.46,-17.07,489.78,-1.19,False
2195,-26.04,-7.06,1.45,0.47,-26.43,-12.92,618.56,6.9,False
2196,-24.66,-6.67,1.49,0.49,-24.5,-12.25,639.21,8.19,False
2197,-31.95,-8.71,1.3,0.36,-34.67,-15.76,530.33,1.36,False
2198,-28.35,-7.7,1.39,0.42,-29.64,-14.03,584.19,4.74,False
2199,-27.79,-7.54,1.41,0.44,-28.86,-13.76,592.53,5.26,False
2200,-23.65,-6.39,1.51,0.51,-23.1,-11.77,654.22,9.14,False
2201,-21.95,-5.92,1.56,0.54,-20.72,-10.95,679.67,10.74,False
2202,-28.28,-7.68,1.39,0.43,-29.55,-14.0,585.1,4.8,False
2203,-32.71,-8.92,1.28,0.34,-35.73,-16.13,519.0,0.64,False
