feature,value,importance,min,max,rule,importance_ratio
la,601,0.13446495869528974,0.0,9153.0,283.27934550011827 < la <= 949.9322361187499,0.3831235991856417
ent,2.15717982734268,0.0941981505615214,0.0,6.569855608330951,2.0170526261979376 < ent <= 2.5737626577140995,0.2683936010536644
ld,409,-0.03983872324821965,0.0,8832.0,72.45479791656265 < ld <= 3335.0592083137003,0.11351027945062148
arexp,22.3333333333333,0.03182436236767035,0.0,4413.603968254571,arexp <= 137.43529248710115,0.09067540250184941
ns,2,-0.02507600165844312,1.0,11.0,1.5006082876265054 < ns <= 2.4981168822143167,0.0714476700977441
