feature,value,importance,min,max,rule,importance_ratio
ent,1.6644930852222402,0.04839701540334479,0.0,6.569855608330951,1.5345705988839307 < ent <= 2.0170526261979376,0.2669754127759655
asexp,124.0,-0.03377355137435301,0.0,6624.0,7.62507953411864 < asexp <= 773.4853226775799,0.1863071047652871
la,266,0.026961632829415334,0.0,9153.0,162.79990743651015 < la <= 283.27934550011827,0.14873010233704845
ns,1,0.025181587439642154,1.0,11.0,ns <= 1.5006082876265054,0.13891072920558453
arexp,159.0,0.02286887604962759,0.0,4413.603968254571,137.43529248710115 < arexp <= 944.3927787874678,0.12615297807496123
