feature,value,importance,min,max,rule,importance_ratio
ent,1.94766595251962,0.04469986499916836,0.0,6.569855608330951,1.5345705988839307 < ent <= 2.0170526261979376,0.4109143317321903
la,191,0.028030221851874555,0.0,9153.0,162.79990743651015 < la <= 283.27934550011827,0.2576746010481768
arexp,325.283333333332,0.022461251572216682,0.0,4413.603968254571,137.43529248710115 < arexp <= 944.3927787874678,0.20648049339383337
ns,2,-0.009512088424047199,1.0,11.0,1.5006082876265054 < ns <= 2.4981168822143167,0.0874421759040565
asexp,0.508803769972989,-0.0015219431446436274,0.0,6624.0,7.62507953411864 < asexp <= 7.62507953411864,0.013990830849875267
