feature,value,importance,min,max,rule,importance_ratio
la,8465,0.38301075218069347,0.0,9153.0,la > 949.9322361187499,0.5363221582721545
ent,5.721071763970048,0.2531735406958035,0.0,6.569855608330951,ent > 4.26863542032997,0.35451375448415123
arexp,3117.5000000002,-0.04181660430836314,0.0,4413.603968254571,3042.4822431684215 < arexp <= 4274.926404063527,0.058554939637030075
ns,2,-0.013208064345559843,1.0,11.0,1.5006082876265054 < ns <= 2.4981168822143167,0.018494983590085282
age,552.373493975904,-0.009221231613718066,0.0,2414.0,223.21448330551658 < age <= 814.8863495609354,0.012912302886639396
