feature,value,importance,min,max,rule,importance_ratio
la,605,0.17068520778255622,0.0,9153.0,283.27934550011827 < la <= 949.9322361187499,0.4395474766631972
ent,2.3151777997961096,0.09488050969048233,0.0,6.569855608330951,2.0170526261979376 < ent <= 2.5737626577140995,0.244335693530624
ld,329,-0.04922645588814521,0.0,8832.0,72.45479791656265 < ld <= 3335.0592083137003,0.1267676604891928
arexp,8.0,0.0339800316811953,0.0,4413.603968254571,arexp <= 137.43529248710115,0.08750516448638213
ns,1,0.019360247776584197,1.0,11.0,ns <= 1.5006082876265054,0.04985638866030394
