feature,value,importance,min,max,rule,importance_ratio
la,1854.0,0.2340603565314589,0.0,9153.0,la > 949.9322361187499,0.479104551059722
ent,3.4482369155506096,0.11967964886667273,0.0,6.569855608330951,2.5737626577140995 < ent <= 4.26863542032997,0.2449755494307544
nuc,410.958333333333,-0.03696469433172461,0.0,1956.5,nuc > 264.6016787473188,0.07566404471609212
age,0.0,0.03338871610005887,0.0,2414.0,age <= 0.6241027528349719,0.06834427698322838
ns,6.0,0.030186629201891035,1.0,11.0,3.501821182358574 < ns <= 8.997412010926206,0.06178983765597425
