feature,value,importance,min,max,rule,importance_ratio
la,132.0,0.3764058448136169,0.0,8851.0,la > 127.55870158356693,0.42944142357468235
ent,2.45303660359586,0.18297277269986142,0.0,6.25828457562083,2.005709603206336 < ent <= 3.1894578523081085,0.20875363405300842
ndev,12.666666666666698,-0.08599298273568606,0.0,57.5,ndev > 3.975725636739302,0.09810939291267393
ld,52.0,-0.08461938354387644,0.0,9293.0,49.90409840300467 < ld <= 956.0803284937488,0.09654225361215682
arexp,336.0,-0.07181888069334355,0.0,2480.61666666637,26.57366470205011 < arexp <= 346.65992743262416,0.08193816007230603
