feature,value,importance,min,max,rule,importance_ratio
la,436,0.3908758247348866,0.0,8851.0,la > 127.55870158356693,0.6265582169359444
ndev,8.071428571428571,-0.09908508282221568,0.0,57.5,ndev > 3.975725636739302,0.1588294002581143
ent,1.96478472901229,0.06680367925644175,0.0,6.25828457562083,0.9973314650826041 < ent <= 2.005709603206336,0.10708360945081773
arexp,326.666666666666,-0.034305158811158226,0.0,2480.61666666637,26.57366470205011 < arexp <= 346.65992743262416,0.054989789023156474
ld,42,0.01451163461745927,0.0,9293.0,18.97658201765504 < ld <= 49.90409840300467,0.023261566296427155
