feature,value,importance,min,max,rule,importance_ratio
la,240.0,0.32823207600627047,0.0,8851.0,la > 127.55870158356693,0.44240114271962305
ent,2.4193273466236,0.212504316515991,0.0,6.25828457562083,2.005709603206336 < ent <= 3.1894578523081085,0.2864197600777168
ndev,9.0,-0.10565170825771543,0.0,57.5,ndev > 3.975725636739302,0.1424005753252483
arexp,44.0,-0.04623365611288576,0.0,2480.61666666637,26.57366470205011 < arexp <= 346.65992743262416,0.06231512332772743
ld,216.0,-0.01910331955772259,0.0,9293.0,49.90409840300467 < ld <= 956.0803284937488,0.02574803323582899
