feature,value,importance,min,max,rule,importance_ratio
la,2335,0.391205308693133,0.0,8851.0,la > 127.55870158356693,0.4275268023179508
ent,3.16110056604867,0.2052022252980212,0.0,6.25828457562083,2.005709603206336 < ent <= 3.1894578523081085,0.22425424517694093
ld,1833,-0.14565793686659698,0.0,9293.0,ld > 956.0803284937488,0.15918156169412753
nuc,65.28571428571429,-0.07104681198676162,0.0,2540.0,47.171255295131715 < nuc <= 98.92887678384466,0.0776431599178808
ndev,1.26530612244898,0.05813908166986961,0.0,57.5,1.0370110554233651 < ndev <= 2.9471755332787235,0.06353701016751527
