feature,value,importance,min,max,rule,importance_ratio
la,133,0.32551886309041306,0.0,8851.0,la > 127.55870158356693,0.3975568756655062
nuc,703.714285714286,0.20351088450174842,0.0,2540.0,nuc > 651.0101726634492,0.24854827348044276
ndev,18.0,-0.10531780644436557,0.0,57.5,ndev > 3.975725636739302,0.12862485966085818
ent,1.73957551291285,0.06891763064289798,0.0,6.25828457562083,0.9973314650826041 < ent <= 2.005709603206336,0.08416924800161234
age,4.28571428571429,0.05346979726681257,0.0,918.0,0.8718932803045476 < age <= 6.104315757675584,0.065302776441431
