feature,value,importance,min,max,rule,importance_ratio
la,210.0,0.36967365135222324,0.0,8851.0,la > 127.55870158356693,0.441334955173232
ent,2.86283001287984,0.19088423271440189,0.0,6.25828457562083,2.005709603206336 < ent <= 3.1894578523081085,0.22788717556724156
nuc,10.0714285714286,-0.12112422974695439,0.0,2540.0,nuc <= 12.66617430265643,0.14460418347433535
ndev,0.75,0.09084618182968701,0.0,57.5,ndev <= 0.8166074618246695,0.10845673052111365
age,19.6428571428571,-0.038312316168988836,0.0,918.0,6.104315757675584 < age <= 152.17610991761703,0.045739165550949645
