feature,value,importance,min,max,rule,importance_ratio
la,927.0,0.3614910443404023,0.0,8851.0,la > 127.55870158356693,0.6077563075816936
nuc,4.0,-0.08963014496224385,0.0,2540.0,nuc <= 12.66617430265643,0.1506905545880408
ndev,1.0,0.05660481749269753,0.0,57.5,0.9635431908904666 < ndev <= 1.0370110554233651,0.09516676943814555
ent,1.64668635228881,0.048617465791923886,0.0,6.25828457562083,0.9973314650826041 < ent <= 2.005709603206336,0.08173804567577377
ld,11.0,0.030115772388572448,0.0,9293.0,6.605575463515187 < ld <= 18.97658201765504,0.05063209978063586
