feature,value,importance,min,max,rule,importance_ratio
ent,3.56081356977517,0.32430219244362063,0.0,6.25828457562083,ent > 3.1894578523081085,0.5730632632443524
nuc,14.1111111111111,-0.08973455285359781,0.0,2540.0,nuc <= 12.66617430265643,0.1585668456219132
ndev,1.22222222222222,0.0597567924181962,0.0,57.5,1.0370110554233651 < ndev <= 2.9471755332787235,0.10559417500743608
arexp,436.5,0.032168916079121486,0.0,2480.61666666637,346.65992743262416 < arexp <= 530.7095285027044,0.05684458647790344
ld,278,-0.022299567346345254,0.0,9293.0,49.90409840300467 < ld <= 956.0803284937488,0.039404799382154757
