feature,value,importance,min,max,rule,importance_ratio
ent,3.62744152712589,0.3321216875525596,0.0,6.25828457562083,ent > 3.1894578523081085,0.4013468169853536
la,739.0,0.3275939850129458,0.0,8851.0,la > 127.55870158356693,0.395875391689639
ndev,5.66666666666667,-0.06188382642692121,0.0,57.5,ndev > 3.975725636739302,0.07478245983375717
asexp,0.384511157097563,0.03796875421321943,0.0,3637.0,-0.6613834552044295 < asexp <= -0.6613834552044295,0.04588269667262628
arexp,50.0,-0.03596543791621908,0.0,2480.61666666637,26.57366470205011 < arexp <= 346.65992743262416,0.04346182309119618
