feature,value,importance,min,max,rule,importance_ratio
la,1384.0,0.3687036795531341,0.0,8851.0,la > 127.55870158356693,0.4789256291397721
ent,2.0579342384348704,0.18073666455784973,0.0,6.25828457562083,2.005709603206336 < ent <= 3.1894578523081085,0.23476690248087964
ndev,11.833333333333302,-0.13261171267349944,0.0,57.5,ndev > 3.975725636739302,0.17225525929232224
asexp,0.333333333333333,-0.03788683090688409,0.0,3637.0,-0.6613834552044295 < asexp <= -0.6613834552044295,0.04921289190870888
ld,13.0,0.020456955543042433,0.0,9293.0,6.605575463515187 < ld <= 18.97658201765504,0.026572450580396343
