feature,value,importance,min,max,rule,importance_ratio
nuc,1199.6,0.2462662146249826,0.0,2540.0,nuc > 651.0101726634492,0.4755212920095322
ndev,28.4,-0.08162578717778363,0.0,57.5,ndev > 3.975725636739302,0.15761317417893664
la,17,-0.06541487248242164,0.0,8851.0,16.957246213802605 < la <= 33.715042481948714,0.12631113336780203
ent,1.66678995634227,0.055728166361185924,0.0,6.25828457562083,0.9973314650826041 < ent <= 2.005709603206336,0.10760684209057146
arexp,221.5,-0.03379972840097546,0.0,2480.61666666637,26.57366470205011 < arexp <= 346.65992743262416,0.06526469959867832
