feature,value,importance,min,max,rule,importance_ratio
la,566.0,0.3648456484698508,0.0,8851.0,la > 127.55870158356693,0.4046259908819357
nuc,937.6,0.20732095102855114,0.0,2540.0,nuc > 651.0101726634492,0.2299258483480168
ndev,28.2,-0.1853460227377213,0.0,57.5,ndev > 3.975725636739302,0.2055549200622399
ent,0.703246681393214,-0.07533447709453141,0.0,6.25828457562083,0.03279585470338198 < ent <= 0.9973314650826041,0.08354844732228231
ld,33.0,-0.031375780261753354,0.0,9293.0,18.97658201765504 < ld <= 49.90409840300467,0.03479678661743701
