feature,value,importance,min,max,rule,importance_ratio
la,374,0.3190833870111929,0.0,8851.0,la > 127.55870158356693,0.38586341326645185
nuc,953.2,0.20339664780443384,0.0,2540.0,nuc > 651.0101726634492,0.24596493569883082
ndev,30.4,-0.12092230393630488,0.0,57.5,ndev > 3.975725636739302,0.1462297782844745
ld,177,-0.08588918437161229,0.0,9293.0,49.90409840300467 < ld <= 956.0803284937488,0.1038646798717207
age,276.2,-0.058681106389260274,0.0,918.0,152.17610991761703 < age <= 385.89098057352334,0.07096230304468183
