feature,value,importance,min,max,rule,importance_ratio
la,338.0,0.4085264324714935,0.0,8851.0,la > 127.55870158356693,0.5130118100871229
ent,2.7643202257347297,0.19427559340447348,0.0,6.25828457562083,2.005709603206336 < ent <= 3.1894578523081085,0.24396383172864441
ndev,9.5,-0.08327263916492308,0.0,57.5,ndev > 3.975725636739302,0.10457058332868088
nuc,328.0,-0.04627094305035261,0.0,2540.0,98.92887678384466 < nuc <= 651.0101726634492,0.05810527388666816
ld,125.0,-0.02236905382377321,0.0,9293.0,49.90409840300467 < ld <= 956.0803284937488,0.028090199017589704
