feature,value,importance,min,max,rule,importance_ratio
ent,2.5970677631265,0.22444907593085378,0.0,6.25828457562083,2.005709603206336 < ent <= 3.1894578523081085,0.4407479710399858
ndev,17.4444444444444,-0.08221736466385175,0.0,57.5,ndev > 3.975725636739302,0.16144925751893446
asexp,1.0250560999813,0.054027570595415124,0.0,3637.0,-0.6613834552044295 < asexp <= -0.6613834552044295,0.10609329542298836
arexp,53.5,-0.04099757609082405,0.0,2480.61666666637,26.57366470205011 < arexp <= 346.65992743262416,0.0805064507601486
la,86,0.039346272949398534,0.0,8851.0,63.87907576461171 < la <= 127.55870158356693,0.07726380649379631
