feature,value,importance,min,max,rule,importance_ratio
ent,3.67439939428794,0.33355726461105334,0.0,6.25828457562083,ent > 3.1894578523081085,0.40248997286878596
la,855.0,0.3281354259701942,0.0,8851.0,la > 127.55870158356693,0.39594766089125205
ndev,5.19354838709677,-0.06169163904619482,0.0,57.5,ndev > 3.975725636739302,0.07444078951447028
asexp,0.9949720761457672,0.03815331382169682,0.0,3637.0,-0.6613834552044295 < asexp <= -0.6613834552044295,0.04603805065632546
arexp,82.7500000000003,-0.035558000076424026,0.0,2480.61666666637,26.57366470205011 < arexp <= 346.65992743262416,0.04290639120906718
