feature,value,importance,min,max,rule,importance_ratio
la,251.0,0.3078959325170207,0.0,8851.0,la > 127.55870158356693,0.46227075880584223
ent,2.6904098522086697,0.16788308573711833,0.0,6.25828457562083,2.005709603206336 < ent <= 3.1894578523081085,0.25205737795861843
ndev,14.6363636363636,-0.09065718867859378,0.0,57.5,ndev > 3.975725636739302,0.13611146811541996
arexp,83.5333333333337,-0.036268580371090514,0.0,2480.61666666637,26.57366470205011 < arexp <= 346.65992743262416,0.05445315250479269
age,21.7272727272727,-0.025808797785393044,0.0,918.0,6.104315757675584 < age <= 152.17610991761703,0.038748977417753475
