feature,value,importance,min,max,rule,importance_ratio
nuc,1549.75,0.23940627690384744,0.0,2540.0,nuc > 651.0101726634492,0.3740137866094636
ent,1.4186110796221,0.10617736181345643,0.0,6.25828457562083,0.9973314650826041 < ent <= 2.005709603206336,0.16587617358087614
ndev,41.25,-0.09926746577508931,0.0,57.5,ndev > 3.975725636739302,0.15508115009272683
age,0.75,-0.07836822846170269,0.0,918.0,-0.000177132590621909 < age <= 0.8718932803045476,0.12243120045097662
asexp,1.66426022112117,-0.03788704016209963,0.0,3637.0,-0.6613834552044295 < asexp <= -0.6613834552044295,0.05918923905300488
