feature,value,importance,min,max,rule,importance_ratio
la,184.0,0.29541355321967255,0.0,8851.0,la > 127.55870158356693,0.33742714592968726
ent,3.5793275032811804,0.289349029467701,0.0,6.25828457562083,ent > 3.1894578523081085,0.3305001281312558
ndev,6.23076923076923,-0.10109870881220162,0.0,57.5,ndev > 3.975725636739302,0.11547692514402211
age,163.346153846154,0.08000366837032911,0.0,918.0,152.17610991761703 < age <= 385.89098057352334,0.0913817568215338
arexp,302.0,-0.03764457579841378,0.0,2480.61666666637,26.57366470205011 < arexp <= 346.65992743262416,0.04299837171636799
