feature,value,importance,min,max,rule,importance_ratio
la,244.0,0.3141032481498126,0.0,8851.0,la > 127.55870158356693,0.4604187731166362
ent,2.06055216278377,0.11677024350573177,0.0,6.25828457562083,2.005709603206336 < ent <= 3.1894578523081085,0.171164139715605
ndev,12.4285714285714,-0.10873511100165911,0.0,57.5,ndev > 3.975725636739302,0.15938608306975258
asexp,0.994868277044562,0.06513447503308036,0.0,3637.0,-0.6613834552044295 < asexp <= -0.6613834552044295,0.09547540580676711
age,106.928571428571,0.03474269278943148,0.0,918.0,6.104315757675584 < age <= 152.17610991761703,0.05092652840459901
