feature,value,importance,min,max,rule,importance_ratio
la,680,0.3628799186493564,0.0,8851.0,la > 127.55870158356693,0.48549317553632687
ent,4.30769144472014,0.28349317127740725,0.0,6.25828457562083,ent > 3.1894578523081085,0.3792824923423917
ld,708,0.050364454337122666,0.0,9293.0,49.90409840300467 < ld <= 956.0803284937488,0.06738206666627673
asexp,1.3332762276899,0.027249610573987552,0.0,3637.0,-0.6613834552044295 < asexp <= -0.6613834552044295,0.036456963556798214
nuc,133.340425531915,0.01619542881498924,0.0,2540.0,98.92887678384466 < nuc <= 651.0101726634492,0.02166769159844112
