feature,value,importance,min,max,rule,importance_ratio
la,540.0,0.388554227088491,0.0,8851.0,la > 127.55870158356693,0.5021821474657054
ent,3.07905110057884,0.1897534008212642,0.0,6.25828457562083,2.005709603206336 < ent <= 3.1894578523081085,0.245244456680795
ndev,7.1153846153846105,-0.11304174981474972,0.0,57.5,ndev > 3.975725636739302,0.14609942375513918
arexp,20.0,0.03193119868706227,0.0,2480.61666666637,arexp <= 26.57366470205011,0.041269086294539535
age,117.5,-0.02901705140110438,0.0,918.0,6.104315757675584 < age <= 152.17610991761703,0.03750273235969892
