feature,value,importance,min,max,rule,importance_ratio
la,1026.0,0.3638100393415102,0.0,8851.0,la > 127.55870158356693,0.37341606924026516
ent,3.7585699327221103,0.3581590972963531,0.0,6.25828457562083,ent > 3.1894578523081085,0.36761591988257714
ndev,5.31428571428571,-0.11703885025694687,0.0,57.5,ndev > 3.975725636739302,0.12012914071984629
age,189.8,-0.04472861298248495,0.0,918.0,152.17610991761703 < age <= 385.89098057352334,0.045909626003503484
ld,198.0,-0.032215703312597606,0.0,9293.0,49.90409840300467 < ld <= 956.0803284937488,0.03306632582370356
