feature,value,importance,min,max,rule,importance_ratio
ent,4.09988454603342,0.3364393204369125,0.0,6.25828457562083,ent > 3.1894578523081085,0.40477486413129654
la,826.0,0.3292224195634422,0.0,8851.0,la > 127.55870158356693,0.3960921094915762
ndev,5.51428571428571,-0.06130580482224852,0.0,57.5,ndev > 3.975725636739302,0.07375787344107011
asexp,0.347985461883562,0.03852383457617916,0.0,3637.0,-0.6613834552044295 < asexp <= -0.6613834552044295,0.046348565578301595
arexp,312.36666666666696,-0.034740030331847103,0.0,2480.61666666637,26.57366470205011 < arexp <= 346.65992743262416,0.0417962176336263
