feature,value,importance,min,max,rule,importance_ratio
la,1626,0.3753617349087626,0.0,8851.0,la > 127.55870158356693,0.408604290769225
ent,2.7803188223982,0.20795982165728316,0.0,6.25828457562083,2.005709603206336 < ent <= 3.1894578523081085,0.22637703189810424
ld,2030,-0.15349625481657386,0.0,9293.0,ld > 956.0803284937488,0.16709009603843414
nuc,1.77777777777778,-0.08624541743832938,0.0,2540.0,nuc <= 12.66617430265643,0.0938834312268138
ndev,0.6111111111111109,0.06236278555774754,0.0,57.5,ndev <= 0.8166074618246695,0.06788572034229971
