feature,value,importance,min,max,rule,importance_ratio
la,201.0,0.28041894090592834,0.0,8851.0,la > 127.55870158356693,0.31883712192580815
nuc,689.5,0.26152109366960424,0.0,2540.0,nuc > 651.0101726634492,0.2973502166406032
ent,2.6674403788384904,0.13590069373515193,0.0,6.25828457562083,2.005709603206336 < ent <= 3.1894578523081085,0.15451946975569117
ndev,17.25,-0.08225754319495918,0.0,57.5,ndev > 3.975725636739302,0.093527057210329
age,41.3333333333333,-0.05477549449973872,0.0,918.0,6.104315757675584 < age <= 152.17610991761703,0.062279890801735814
