feature,value,importance,min,max,rule,importance_ratio
nuc,783.444444444444,0.2719476386041812,0.0,2540.0,nuc > 651.0101726634492,0.5717924488061148
ndev,23.2222222222222,-0.06029242300549428,0.0,57.5,ndev > 3.975725636739302,0.12676981632094106
ent,1.72380073168172,0.05236367863952749,0.0,6.25828457562083,0.9973314650826041 < ent <= 2.005709603206336,0.11009897416822624
ld,71,-0.043648832512082014,0.0,9293.0,49.90409840300467 < ld <= 956.0803284937488,0.0917752879109854
arexp,202.0,-0.024732816153788105,0.0,2480.61666666637,26.57366470205011 < arexp <= 346.65992743262416,0.052002795784631246
