feature,value,importance,min,max,rule,importance_ratio
la,1832.0,0.29433622608650456,0.0,8851.0,la > 127.55870158356693,0.5364106713166595
ent,1.8299914380441893,0.09560714475657439,0.0,6.25828457562083,0.9973314650826041 < ent <= 2.005709603206336,0.17423846661155018
ndev,10.4,-0.06786363815725907,0.0,57.5,ndev > 3.975725636739302,0.123677537712356
ld,282.0,-0.03543042204867712,0.0,9293.0,49.90409840300467 < ld <= 956.0803284937488,0.06456988570131995
arexp,1.0,-0.03428226498502608,0.0,2480.61666666637,arexp <= 26.57366470205011,0.06247743615992707
