feature,value,importance,min,max,rule,importance_ratio
la,1156.0,0.3815389316853628,0.0,8851.0,la > 127.55870158356693,0.4505071391280578
ent,4.945617696588831,0.3617820253071167,0.0,6.25828457562083,ent > 3.1894578523081085,0.42717891065300284
ld,190.0,-0.03712263832165436,0.0,9293.0,49.90409840300467 < ld <= 956.0803284937488,0.04383304611484738
age,143.777777777778,-0.024851340530370587,0.0,918.0,6.104315757675584 < age <= 152.17610991761703,0.029343548969904272
arexp,21.1666666666667,-0.011755242180737127,0.0,2480.61666666637,arexp <= 26.57366470205011,0.013880157658376443
