feature,value,importance,min,max,rule,importance_ratio
la,652.0,0.3997758920294418,0.0,8851.0,la > 127.55870158356693,0.41649344478681066
ent,4.41127428446274,0.3178851422707823,0.0,6.25828457562083,ent > 3.1894578523081085,0.3311782440876976
ndev,7.47222222222222,-0.09054823632959326,0.0,57.5,ndev > 3.975725636739302,0.09433472007738063
age,174.194444444444,-0.0827943108356292,0.0,918.0,152.17610991761703 < age <= 385.89098057352334,0.08625654627053304
asexp,1.03703703703704,-0.038120098856735535,0.0,3637.0,-0.6613834552044295 < asexp <= -0.6613834552044295,0.0397141788812175
