feature,value,importance,min,max,rule,importance_ratio
la,2399.0,0.3752399341850765,0.0,8851.0,la > 127.55870158356693,0.3912163604320039
ent,3.86579232365727,0.3691542801472289,0.0,6.25828457562083,ent > 3.1894578523081085,0.38487160016893235
ndev,9.87096774193548,-0.09921531991442917,0.0,57.5,ndev > 3.975725636739302,0.10343956711407924
arexp,159.0,-0.05122713483443486,0.0,2480.61666666637,26.57366470205011 < arexp <= 346.65992743262416,0.053408210106450256
asexp,0.99486827710249,-0.02614135496548622,0.0,3637.0,-0.6613834552044295 < asexp <= -0.6613834552044295,0.027254363980659026
