feature,value,importance,min,max,rule,importance_ratio
la,273,0.3583702576940272,0.0,8851.0,la > 127.55870158356693,0.45046498497782217
ent,3.31832884851686,0.20813505190325296,0.0,6.25828457562083,ent > 3.1894578523081085,0.26162202642666377
ndev,17.7777777777778,-0.09711492397724679,0.0,57.5,ndev > 3.975725636739302,0.12207171725697015
arexp,137.233333333333,-0.054897958913480135,0.0,2480.61666666637,26.57366470205011 < arexp <= 346.65992743262416,0.06900574951838724
nuc,393.944444444444,0.04685131369390987,0.0,2540.0,98.92887678384466 < nuc <= 651.0101726634492,0.05889126082928866
