feature,value,importance,min,max,rule,importance_ratio
la,69,0.08910233889058147,0.0,9389.0,36.80319513184074 < la <= 77.73891199130318,0.4372361117560071
nd,7,0.038511987827593554,1.0,33.0,4.503916092667653 < nd <= 23.50498996321589,0.18898305053933462
ld,307,-0.02400616157534337,0.0,9950.0,24.882467942900547 < ld <= 1866.9949643956745,0.11780118093509565
age,60.36,0.016111842819210093,0.0,1019.0,21.355116215938807 < age <= 151.08747456179282,0.07906278999192488
nuc,40.84,-0.013557582037527681,0.0,1520.0,23.10887044038192 < nuc <= 48.480082529455615,0.06652871887214051
