feature,value,importance,min,max,rule,importance_ratio
la,463.0,0.26031366752785123,0.0,9389.0,la > 259.02565808320827,0.6923127781189511
nd,3.0,0.03611369493399974,1.0,33.0,2.4996932323495513 < nd <= 3.4887902283506924,0.09604556189975182
age,69.1,0.020667820040293765,0.0,1019.0,21.355116215938807 < age <= 151.08747456179282,0.05496674856009017
ld,72.0,-0.017500873823732537,0.0,9950.0,24.882467942900547 < ld <= 1866.9949643956745,0.04654415072201767
nuc,54.5,-0.013736166948442397,0.0,1520.0,48.480082529455615 < nuc <= 193.0959914371757,0.03653178871126471
