feature,value,importance,min,max,rule,importance_ratio
la,268,0.26232969469374884,0.0,9389.0,la > 259.02565808320827,0.6940989246519783
nd,11,0.04202827964240249,1.0,33.0,4.503916092667653 < nd <= 23.50498996321589,0.11120275094598105
ld,262,-0.019348430006200172,0.0,9950.0,24.882467942900547 < ld <= 1866.9949643956745,0.051194068886047585
age,43.8571428571429,0.018566123278020912,0.0,1019.0,21.355116215938807 < age <= 151.08747456179282,0.049124161171592524
aexp,0,0.01180472696168866,0.0,4144.0,aexp <= 82.00568065157063,0.03123416241338524
