feature,value,importance,min,max,rule,importance_ratio
la,160,0.21606381026475996,0.0,9389.0,77.73891199130318 < la <= 259.02565808320827,0.6375382297667945
nd,13,0.036175861591809994,1.0,33.0,4.503916092667653 < nd <= 23.50498996321589,0.10674390464219624
ld,66,-0.026826529563288744,0.0,9950.0,24.882467942900547 < ld <= 1866.9949643956745,0.07915688493879708
age,40.3,0.018239766100194288,0.0,1019.0,21.355116215938807 < age <= 151.08747456179282,0.05381997187140634
asexp,0.2912,-0.014662802647008673,0.0,2327.0,-0.8058376987231384 < asexp <= -0.8058376987231384,0.04326544658977744
