feature,value,importance,min,max,rule,importance_ratio
la,365,0.26388597798438135,0.0,9389.0,la > 259.02565808320827,0.6548115952984735
ndev,2.88,0.041662159623302136,0.0,67.0,2.0201095271822833 < ndev <= 3.000808789151475,0.10338126116018488
age,17.72,0.02371041310139765,0.0,1019.0,1.9558850614185843 < age <= 21.355116215938807,0.05883546199272079
nuc,42.32,-0.020975788027426855,0.0,1520.0,23.10887044038192 < nuc <= 48.480082529455615,0.0520497122499436
nd,4,0.01918905838995528,1.0,33.0,3.4887902283506924 < nd <= 4.503916092667653,0.04761608795047789
