feature,value,importance,min,max,rule,importance_ratio
la,317,0.26361580645563515,0.0,9389.0,la > 259.02565808320827,0.6196251264072157
nd,23,0.04292236295164486,1.0,33.0,4.503916092667653 < nd <= 23.50498996321589,0.1008883910536117
ndev,2.11320754716981,0.03983124318708916,0.0,67.0,2.0201095271822833 < ndev <= 3.000808789151475,0.09362275891794913
age,91.4150943396226,0.018999965011697467,0.0,1019.0,21.355116215938807 < age <= 151.08747456179282,0.044659141955082325
nuc,30.9622641509434,-0.01879783074076025,0.0,1520.0,23.10887044038192 < nuc <= 48.480082529455615,0.04418402828544058
