feature,value,importance,min,max,rule,importance_ratio
la,183.0,0.2177521934508778,0.0,9389.0,77.73891199130318 < la <= 259.02565808320827,0.6379462171662839
nd,6.0,0.04156698803649171,1.0,33.0,4.503916092667653 < nd <= 23.50498996321589,0.12177834976830249
ld,172.0,-0.02708126742346332,0.0,9950.0,24.882467942900547 < ld <= 1866.9949643956745,0.07933969268035998
age,49.3636363636364,0.019353403123470152,0.0,1019.0,21.355116215938807 < age <= 151.08747456179282,0.0566994532465967
asexp,0.507900218462633,-0.015820772838010647,0.0,2327.0,-0.8058376987231384 < asexp <= -0.8058376987231384,0.04634994497510215
