feature,value,importance,min,max,rule,importance_ratio
la,962.0,0.26015163179530354,0.0,9389.0,la > 259.02565808320827,0.6662039932093553
nd,1.0,-0.045612561924546026,1.0,33.0,nd <= 1.5105962363484104,0.11680599765967001
asexp,1.6874449402093898,0.021707387122914163,0.0,2327.0,3.0562456227978316 < asexp <= 284.98832809382935,0.055588918984008556
age,1.2,-0.019997602393273722,0.0,1019.0,0.743433114261066 < age <= 1.9558850614185843,0.05121045167802181
ld,603.0,-0.01790951271539288,0.0,9950.0,24.882467942900547 < ld <= 1866.9949643956745,0.04586320987145103
