feature,value,importance,min,max,rule,importance_ratio
la,1180,0.2663622631556826,0.0,9389.0,la > 259.02565808320827,0.6834719585844802
nd,15,0.04322701072216119,1.0,33.0,4.503916092667653 < nd <= 23.50498996321589,0.1109183010085771
age,33.754098360655696,0.019722668978125076,0.0,1019.0,21.355116215938807 < age <= 151.08747456179282,0.05060736095005255
nuc,48.0655737704918,-0.01898674316443442,0.0,1520.0,23.10887044038192 < nuc <= 48.480082529455615,0.04871901291119373
ld,308,-0.017075016466023746,0.0,9950.0,24.882467942900547 < ld <= 1866.9949643956745,0.04381361987480366
