feature,value,importance,min,max,rule,importance_ratio
la,158.0,0.21733109112672674,0.0,9389.0,77.73891199130318 < la <= 259.02565808320827,0.5793998989092183
nd,9.0,0.042052650618857164,1.0,33.0,4.503916092667653 < nd <= 23.50498996321589,0.11211143969834945
ndev,2.34782608695652,0.038580270314245727,0.0,67.0,2.0201095271822833 < ndev <= 3.000808789151475,0.10285415033843417
ld,405.0,-0.027468389784141026,0.0,9950.0,24.882467942900547 < ld <= 1866.9949643956745,0.07323012175395605
age,92.6521739130435,0.020257190388403425,0.0,1019.0,21.355116215938807 < age <= 151.08747456179282,0.054005223101658416
