feature,value,importance,min,max,rule,importance_ratio
la,487.0,0.2604227413669281,0.0,9389.0,la > 259.02565808320827,0.6616361195149412
nd,5.0,0.047399438993387125,1.0,33.0,4.503916092667653 < nd <= 23.50498996321589,0.12042412547444484
age,8.33333333333333,0.022789230692017656,0.0,1019.0,1.9558850614185843 < age <= 21.355116215938807,0.05789885354348775
asexp,158.0,0.02066183126325253,0.0,2327.0,3.0562456227978316 < asexp <= 284.98832809382935,0.052493932700867316
ld,145.0,-0.01855757561777529,0.0,9950.0,24.882467942900547 < ld <= 1866.9949643956745,0.04714781149642409
