feature,value,importance,min,max,rule,importance_ratio
la,728.0,0.2619586574339663,0.0,9389.0,la > 259.02565808320827,0.6112814180087045
ndev,2.6666666666666696,0.03972099574081943,0.0,67.0,2.0201095271822833 < ndev <= 3.000808789151475,0.09268907864702436
nd,3.0,0.035378138871792135,1.0,33.0,2.4996932323495513 < nd <= 3.4887902283506924,0.0825550073736707
age,19.0833333333333,0.023532699706723063,0.0,1019.0,1.9558850614185843 < age <= 21.355116215938807,0.054913634797219286
nuc,28.4583333333333,-0.020148692481128178,0.0,1520.0,23.10887044038192 < nuc <= 48.480082529455615,0.047017042427735245
