feature,value,importance,min,max,rule,importance_ratio
la,397.0,0.2585963397164934,0.0,9389.0,la > 259.02565808320827,0.6671201470383218
nd,5.0,0.04838838988729237,1.0,33.0,4.503916092667653 < nd <= 23.50498996321589,0.1248311163721365
ld,5.0,0.023682733171392314,0.0,9950.0,2.325988394499234 < ld <= 6.085401652566119,0.06109610233806763
age,43.77777777777778,0.02069375160481381,0.0,1019.0,21.355116215938807 < age <= 151.08747456179282,0.05338520502073987
nuc,60.22222222222221,-0.012049361193260522,0.0,1520.0,48.480082529455615 < nuc <= 193.0959914371757,0.031084630276586693
