feature,value,importance,min,max,rule,importance_ratio
la,514.0,0.2595027580721637,0.0,9389.0,la > 259.02565808320827,0.6934493882091485
ndev,13.166666666666698,-0.026686256054496683,0.0,67.0,10.846402884905007 < ndev <= 15.443430675385592,0.07131164258931419
age,37.8333333333333,0.02147025879482248,0.0,1019.0,21.355116215938807 < age <= 151.08747456179282,0.05737333173862247
asexp,8.0,0.0196605619793098,0.0,2327.0,3.0562456227978316 < asexp <= 284.98832809382935,0.0525374172424369
ld,110.0,-0.0184390836189858,0.0,9950.0,24.882467942900547 < ld <= 1866.9949643956745,0.049273353970161984
