feature,value,importance,min,max,rule,importance_ratio
la,376.0,0.2593417146192427,0.0,9389.0,la > 259.02565808320827,0.6599912175437728
nd,8.0,0.048322048868867956,1.0,33.0,4.503916092667653 < nd <= 23.50498996321589,0.12297338248880194
ld,4.0,0.024000033400263788,0.0,9950.0,2.325988394499234 < ld <= 6.085401652566119,0.06107698982474462
age,46.8125,0.02029698847482506,0.0,1019.0,21.355116215938807 < age <= 151.08747456179282,0.05165321805494752
nuc,36.25,-0.016933760741098376,0.0,1520.0,23.10887044038192 < nuc <= 48.480082529455615,0.04309423721332645
