feature,value,importance,min,max,rule,importance_ratio
ld,18,0.04746819464059731,0.0,9950.0,13.60422816869989 < ld <= 24.882467942900547,0.25830149569561595
nd,1,-0.0438383724393851,1.0,33.0,nd <= 1.5105962363484104,0.23854956472834063
asexp,67.0,0.028141884479803068,0.0,2327.0,3.0562456227978316 < asexp <= 284.98832809382935,0.15313602945854324
la,39,-0.026053776395400588,0.0,9389.0,25.107276029137182 < la <= 36.80319513184074,0.14177344351106805
nuc,25.0,-0.017574924139460296,0.0,1520.0,23.10887044038192 < nuc <= 48.480082529455615,0.09563517690805645
