feature,value,importance,min,max,rule,importance_ratio
la,304.0,0.26486962870752645,0.0,9389.0,la > 259.02565808320827,0.727080551287802
age,2.8333333333333304,0.022774816724359218,0.0,1019.0,1.9558850614185843 < age <= 21.355116215938807,0.06251802586891012
nd,4.0,0.022158102631948253,1.0,33.0,3.4887902283506924 < nd <= 4.503916092667653,0.060825114437406375
ld,955.0,-0.016209225711147697,0.0,9950.0,24.882467942900547 < ld <= 1866.9949643956745,0.044495145870511774
asexp,0.459359999959355,-0.012128515753237793,0.0,2327.0,-0.8058376987231384 < asexp <= -0.8058376987231384,0.033293390273538545
