feature,value,importance,min,max,rule,importance_ratio
la,57.0,0.09153615266694015,0.0,9389.0,36.80319513184074 < la <= 77.73891199130318,0.38753603168489964
nd,1.0,-0.04886571786706329,1.0,33.0,nd <= 1.5105962363484104,0.20688248124803602
asexp,11.0,0.026439254112166282,0.0,2327.0,3.0562456227978316 < asexp <= 284.98832809382935,0.11193570322557551
age,11.8,0.024942404751656565,0.0,1019.0,1.9558850614185843 < age <= 21.355116215938807,0.1055985015374875
ld,50.0,-0.022342582639335144,0.0,9950.0,24.882467942900547 < ld <= 1866.9949643956745,0.09459165107304164
