feature,value,importance,min,max,rule,importance_ratio
la,518.0,0.259103540184804,0.0,9389.0,la > 259.02565808320827,0.73799027632278
age,59.5,0.021257329637080935,0.0,1019.0,21.355116215938807 < age <= 151.08747456179282,0.06054607575629658
asexp,43.0,0.020457247503903465,0.0,2327.0,3.0562456227978316 < asexp <= 284.98832809382935,0.058267246087958496
ld,35.0,-0.0186879004680775,0.0,9950.0,24.882467942900547 < ld <= 1866.9949643956745,0.05322771283052492
nuc,61.8,-0.014014502991003428,0.0,1520.0,48.480082529455615 < nuc <= 193.0959914371757,0.0399167333934545
