feature,value,importance,min,max,rule,importance_ratio
la,96.0,0.21718763611235298,0.0,9389.0,77.73891199130318 < la <= 259.02565808320827,0.6357252617584581
nd,1.0,-0.04394120996459301,1.0,33.0,nd <= 1.5105962363484104,0.1286193712807551
asexp,177.0,0.023450766596117993,0.0,2327.0,3.0562456227978316 < asexp <= 284.98832809382935,0.06864223488781589
age,31.0,0.018568671205846522,0.0,1019.0,21.355116215938807 < age <= 151.08747456179282,0.0543519583994041
ld,7.0,0.018533565843297867,0.0,9950.0,6.085401652566119 < ld <= 13.60422816869989,0.05424920224719005
