feature,value,importance,min,max,rule,importance_ratio
la,133.0,0.21618949539204213,0.0,9389.0,77.73891199130318 < la <= 259.02565808320827,0.6449284244788389
nd,6.0,0.040107321715812355,1.0,33.0,4.503916092667653 < nd <= 23.50498996321589,0.11964666348537542
ld,6.0,0.024270239745573616,0.0,9950.0,2.325988394499234 < ld <= 6.085401652566119,0.07240207232294903
age,9.714285714285714,0.024155038156880537,0.0,1019.0,1.9558850614185843 < age <= 21.355116215938807,0.07205840724820266
asexp,0.0,-0.01048533524515419,0.0,2327.0,asexp <= -0.8058376987231384,0.03127946030646339
