feature,value,importance,min,max,rule,importance_ratio
la,222,0.21528312798347843,0.0,9389.0,77.73891199130318 < la <= 259.02565808320827,0.5632928497528906
nd,1,-0.041189299911703225,1.0,33.0,nd <= 1.5105962363484104,0.10777267286998157
ndev,2.86666666666667,0.041108491572333206,0.0,67.0,2.0201095271822833 < ndev <= 3.000808789151475,0.10756123614387161
asexp,37.0,0.027280922261379813,0.0,2327.0,3.0562456227978316 < asexp <= 284.98832809382935,0.07138110909313357
ld,48,-0.02563239015595833,0.0,9950.0,24.882467942900547 < ld <= 1866.9949643956745,0.06706769003298657
