feature,value,importance,min,max,rule,importance_ratio
nd,1.0,-0.048246843901533255,1.0,33.0,nd <= 1.5105962363484104,0.25054579493070517
ld,21.0,0.041775112838786946,0.0,9950.0,13.60422816869989 < ld <= 24.882467942900547,0.2169381043011844
la,30.0,-0.027926776540564135,0.0,9389.0,25.107276029137182 < la <= 36.80319513184074,0.14502371269067513
asexp,40.0,0.02784581919570079,0.0,2327.0,3.0562456227978316 < asexp <= 284.98832809382935,0.14460330130862364
age,12.0,0.022154141291505045,0.0,1019.0,1.9558850614185843 < age <= 21.355116215938807,0.11504642567326348
