feature,value,importance,min,max,rule,importance_ratio
la,125.0,0.2180273689756777,0.0,9389.0,77.73891199130318 < la <= 259.02565808320827,0.5921543265283329
ndev,11.333333333333302,-0.039928243639073546,0.0,67.0,10.846402884905007 < ndev <= 15.443430675385592,0.10844364325743153
asexp,0.75,-0.033613266073719894,0.0,2327.0,-0.8058376987231384 < asexp <= -0.8058376987231384,0.0912923961235422
ld,27.0,-0.026202177042181897,0.0,9950.0,24.882467942900547 < ld <= 1866.9949643956745,0.07116415050497739
age,55.3333333333333,0.02114648382358482,0.0,1019.0,21.355116215938807 < age <= 151.08747456179282,0.05743307340645871
