feature,value,importance,min,max,rule,importance_ratio
la,160,0.2142556003760313,0.0,9389.0,77.73891199130318 < la <= 259.02565808320827,0.6599967633081645
nd,3,0.02774016429383842,1.0,33.0,2.4996932323495513 < nd <= 3.4887902283506924,0.08545129562745482
age,13.666666666666698,0.023357416224585557,0.0,1019.0,1.9558850614185843 < age <= 21.355116215938807,0.07195060049964808
asexp,0.4504590140228179,-0.016177469811257533,0.0,2327.0,-0.8058376987231384 < asexp <= -0.8058376987231384,0.04983336582664168
ld,2,0.01582623826437139,0.0,9950.0,2.325988394499234 < ld <= 2.325988394499234,0.04875142592070815
