feature,value,importance,min,max,rule,importance_ratio
la,852.0,0.26105025819626126,0.0,9389.0,la > 259.02565808320827,0.681508219293273
nd,6.0,0.0477331354692808,1.0,33.0,4.503916092667653 < nd <= 23.50498996321589,0.12461402788767677
age,121.75,0.0198265693821707,0.0,1019.0,21.355116215938807 < age <= 151.08747456179282,0.051760033059148294
ld,35.0,-0.01847589532262245,0.0,9950.0,24.882467942900547 < ld <= 1866.9949643956745,0.048233909470807294
nuc,36.85,-0.017407338710779433,0.0,1520.0,23.10887044038192 < nuc <= 48.480082529455615,0.04544429294721936
