feature,value,importance,min,max,rule,importance_ratio
la,244,0.21632401791058692,0.0,9389.0,77.73891199130318 < la <= 259.02565808320827,0.6500701095233574
nd,3,0.02716024551789397,1.0,33.0,2.4996932323495513 < nd <= 3.4887902283506924,0.08161860134179082
ld,153,-0.025765660456392454,0.0,9950.0,24.882467942900547 < ld <= 1866.9949643956745,0.07742776727525344
age,17.0,0.02498927532971878,0.0,1019.0,1.9558850614185843 < age <= 21.355116215938807,0.07509467098199916
nuc,32.4444444444444,-0.014337396779278326,0.0,1520.0,23.10887044038192 < nuc <= 48.480082529455615,0.04308496663758184
