feature,value,importance,min,max,rule,importance_ratio
la,145.0,0.2162280459750042,0.0,9389.0,77.73891199130318 < la <= 259.02565808320827,0.6078240375206698
nd,1.0,-0.04496508774756291,1.0,33.0,nd <= 1.5105962363484104,0.1263983173827243
asexp,0.757164004342913,-0.03454593804732603,0.0,2327.0,-0.8058376987231384 < asexp <= -0.8058376987231384,0.0971097502601118
age,35.5,0.018832579418640926,0.0,1019.0,21.355116215938807 < age <= 151.08747456179282,0.052938990442018094
ld,12.0,0.018713025307809456,0.0,9950.0,6.085401652566119 < ld <= 13.60422816869989,0.052602919965960705
