feature,value,importance,min,max,rule,importance_ratio
la,349.0,0.2599202240440979,0.0,9389.0,la > 259.02565808320827,0.6540644557061617
nd,6.0,0.047876854902031,1.0,33.0,4.503916092667653 < nd <= 23.50498996321589,0.12047753943574233
aexp,764.0,-0.023842735706526036,0.0,4144.0,698.7740244827294 < aexp <= 1186.219973639613,0.05999797056880434
age,128.108108108108,0.02150282555803941,0.0,1019.0,21.355116215938807 < age <= 151.08747456179282,0.054109809832948816
ld,39.0,-0.019161696188916652,0.0,9950.0,24.882467942900547 < ld <= 1866.9949643956745,0.048218581044637235
