feature,value,importance,min,max,rule,importance_ratio
la,418.0,0.2610841230842356,0.0,9389.0,la > 259.02565808320827,0.6686088860907006
ndev,2.21052631578947,0.03908649544913352,0.0,67.0,2.0201095271822833 < ndev <= 3.000808789151475,0.10009638990955694
age,55.47368421052629,0.021022067392528192,0.0,1019.0,21.355116215938807 < age <= 151.08747456179282,0.053835296059374184
asexp,17.0,0.019677746999340762,0.0,2327.0,3.0562456227978316 < asexp <= 284.98832809382935,0.05039263340329201
nuc,26.947368421052605,-0.018609003930466793,0.0,1520.0,23.10887044038192 < nuc <= 48.480082529455615,0.04765569519212995
