feature,value,importance,min,max,rule,importance_ratio
la,424.0,0.2613283115959448,0.0,9389.0,la > 259.02565808320827,0.6835320082665702
nd,3.0,0.03581998506678347,1.0,33.0,2.4996932323495513 < nd <= 3.4887902283506924,0.09369098273069393
age,119.888888888889,0.020711046250171405,0.0,1019.0,21.355116215938807 < age <= 151.08747456179282,0.054171945436091655
asexp,0.0004887752301166,-0.018510711204469853,0.0,2327.0,-0.8058376987231384 < asexp <= -0.8058376987231384,0.04841673497510984
nuc,25.3333333333333,-0.017293729730298222,0.0,1520.0,23.10887044038192 < nuc <= 48.480082529455615,0.045233590424166914
