feature,value,importance,min,max,rule,importance_ratio
la,99.0,0.2169403175636867,0.0,9389.0,77.73891199130318 < la <= 259.02565808320827,0.6843544046436464
ld,4.0,0.025401619777240488,0.0,9950.0,2.325988394499234 < ld <= 6.085401652566119,0.08013130327669217
asexp,1.0,-0.023651482237947816,0.0,2327.0,-0.8058376987231384 < asexp <= 3.0562456227978316,0.07461036393633409
age,52.25,0.020060686145860148,0.0,1019.0,21.355116215938807 < age <= 151.08747456179282,0.06328292997018817
nuc,33.25,-0.011992697134383862,0.0,1520.0,23.10887044038192 < nuc <= 48.480082529455615,0.037831857165339704
