feature,value,importance,min,max,rule,importance_ratio
la,192,0.2170810527901251,0.0,9389.0,77.73891199130318 < la <= 259.02565808320827,0.5367427392939296
ndev,16.0,-0.06869520647651495,0.0,67.0,15.81119289862404 < ndev <= 51.97447818373797,0.16985201069673453
asexp,13.0,0.025526825259457587,0.0,2327.0,3.0562456227978316 < asexp <= 284.98832809382935,0.06311623211301289
ld,40,-0.025284220381608956,0.0,9950.0,24.882467942900547 < ld <= 1866.9949643956745,0.06251638055973874
age,9.0,0.024896857717295374,0.0,1019.0,1.9558850614185843 < age <= 21.355116215938807,0.061558608820236074
