feature,value,importance,min,max,rule,importance_ratio
la,588,0.26273071699770933,0.0,9389.0,la > 259.02565808320827,0.6370937937180582
nd,5,0.041461287114312115,1.0,33.0,4.503916092667653 < nd <= 23.50498996321589,0.10053917182558082
aexp,405,-0.0343095998277105,0.0,4144.0,400.33772908055585 < aexp <= 698.7740244827294,0.08319709764037637
asexp,335.0,-0.022890771002659738,0.0,2327.0,284.98832809382935 < asexp <= 1150.0949921145288,0.055507663153612
ld,61,-0.019334319672916468,0.0,9950.0,24.882467942900547 < ld <= 1866.9949643956745,0.04688365034029665
