feature,value,importance,min,max,rule,importance_ratio
la,290.0,0.25955396135436287,0.0,9389.0,la > 259.02565808320827,0.6507457128304632
nd,5.0,0.04839249546487383,1.0,33.0,4.503916092667653 < nd <= 23.50498996321589,0.12132817697180154
age,224.333333333333,-0.029710845786198682,0.0,1019.0,151.08747456179282 < age <= 301.4315160093245,0.07449011919929549
ld,186.0,-0.018690774683588058,0.0,9950.0,24.882467942900547 < ld <= 1866.9949643956745,0.046860935704307397
asexp,0.971678166410108,-0.01752727889533545,0.0,2327.0,-0.8058376987231384 < asexp <= -0.8058376987231384,0.04394385483160216
