feature,value,importance,min,max,rule,importance_ratio
la,493.0,0.26354155032974463,0.0,9389.0,la > 259.02565808320827,0.6941363307559917
nd,3.0,0.03725946172713799,1.0,33.0,2.4996932323495513 < nd <= 3.4887902283506924,0.09813688208504032
age,72.5454545454545,0.021552229190448347,0.0,1019.0,21.355116215938807 < age <= 151.08747456179282,0.05676594552605358
ld,245.0,-0.016071589422256137,0.0,9950.0,24.882467942900547 < ld <= 1866.9949643956745,0.042330608198302665
nuc,7.36363636363636,-0.015426136239861343,0.0,1520.0,0.2747795602155918 < nuc <= 7.886143186937701,0.04063056316501771
