feature,value,importance,min,max,rule,importance_ratio
la,1491.0,0.2599578415609309,0.0,9389.0,la > 259.02565808320827,0.6756332229162267
nd,6.0,0.048712942696481853,1.0,33.0,4.503916092667653 < nd <= 23.50498996321589,0.12660546138610448
age,51.1304347826087,0.020718012100302847,0.0,1019.0,21.355116215938807 < age <= 151.08747456179282,0.053846336020081514
ld,25.0,-0.018537861051811908,0.0,9950.0,24.882467942900547 < ld <= 1866.9949643956745,0.04818010002392337
nuc,75.4782608695652,-0.012375197644957148,0.0,1520.0,48.480082529455615 < nuc <= 193.0959914371757,0.03216327162467211
