feature,value,importance,min,max,rule,importance_ratio
la,335.0,0.25890107188948525,0.0,9389.0,la > 259.02565808320827,0.6590984757666488
nd,7.0,0.04827004345106881,1.0,33.0,4.503916092667653 < nd <= 23.50498996321589,0.12288366298216727
age,187.666666666667,-0.029634649901394236,0.0,1019.0,151.08747456179282 < age <= 301.4315160093245,0.07544253269150127
ld,305.0,-0.018945792035105064,0.0,9950.0,24.882467942900547 < ld <= 1866.9949643956745,0.04823132852018448
nuc,59.0555555555556,-0.012798278303120098,0.0,1520.0,48.480082529455615 < nuc <= 193.0959914371757,0.03258126998263082
