feature,value,importance,min,max,rule,importance_ratio
la,211.0,0.21720296874693482,0.0,9389.0,77.73891199130318 < la <= 259.02565808320827,0.6730419779266675
age,248.5,-0.032392029823277,0.0,1019.0,151.08747456179282 < age <= 301.4315160093245,0.10037245783099184
ld,6.0,0.025441921009370427,0.0,9950.0,2.325988394499234 < ld <= 6.085401652566119,0.07883631120323883
asexp,23.0,0.0234994826536101,0.0,2327.0,3.0562456227978316 < asexp <= 284.98832809382935,0.07281732094493922
nd,2.0,0.008397172147647985,1.0,33.0,1.5105962363484104 < nd <= 2.4996932323495513,0.026020129392561445
