feature,value,importance,min,max,rule,importance_ratio
la,285,0.11922022680198748,0.0,9292.0,65.15107396812635 < la <= 480.69791970095315,0.4007756446431924
ld,662,0.08197589391110588,0.0,3456.0,ld > 193.112153175861,0.2755735549974454
asexp,0.481481481822672,0.04129223000235409,0.0,318.0,0.2638783839317753 < asexp <= 0.7887405624411663,0.13880966797215108
aexp,213,0.025620359663568078,0.0,1247.0,166.80503056010588 < aexp <= 797.7256110503639,0.08612646054776475
age,84.25,0.019120469322272036,0.0,403.0,14.27436946001454 < age <= 197.77682519321624,0.06427616038041467
