feature,value,importance,min,max,rule,importance_ratio
la,189,0.12166308775477573,0.0,9292.0,65.15107396812635 < la <= 480.69791970095315,0.31608702211295275
nuc,52.125,0.1130830296232716,0.0,125.0,28.93046147751111 < nuc <= 95.74074131209468,0.2937955853724225
ld,264,0.07973953023658872,0.0,3456.0,ld > 193.112153175861,0.20716744184539823
asexp,0.253907366434888,0.039027193294918744,0.0,318.0,0.2638783839317753 < asexp <= 0.7887405624411663,0.10139467555584236
aexp,290,0.023839780466720733,0.0,1247.0,166.80503056010588 < aexp <= 797.7256110503639,0.06193698807596227
