feature,value,importance,min,max,rule,importance_ratio
la,915,0.4587620415199287,0.0,9292.0,480.69791970095315 < la <= 1397.941566989266,0.7145334269461259
ld,533,0.07986680735199213,0.0,3456.0,ld > 193.112153175861,0.12439456273974654
asexp,0.0004179061587702,0.04387251641606675,0.0,318.0,asexp <= 0.2638783839317753,0.06833254861204675
aexp,423,0.030861383008764884,0.0,1247.0,166.80503056010588 < aexp <= 797.7256110503639,0.04806738083318908
age,46.6111111111111,0.016039304763337234,0.0,403.0,14.27436946001454 < age <= 197.77682519321624,0.024981620886528434
