feature,value,importance,min,max,rule,importance_ratio
la,2474.0,0.3810473733843843,0.0,9886.0,la > 658.2665061764585,0.47030477577278046
nd,29.0,0.26054112043970534,1.0,51.0,nd > 14.503678360627504,0.3215708643774794
asexp,9.542280927900942e-41,0.08031086648621308,0.0,1042.0,asexp <= 0.24155171339806714,0.09912306629867462
aexp,201.0,-0.03218667497503271,0.0,1411.0,111.43266686158816 < aexp <= 819.6099265651155,0.03972615484147168
ld,1167.0,-0.01777675209293959,0.0,9281.0,112.20019725353488 < ld <= 3343.50552216309,0.02194081888764144
