feature,value,importance,min,max,rule,importance_ratio
la,954.0,0.3738392236261213,0.0,9886.0,la > 658.2665061764585,0.5561758568897667
asexp,2.6045142923439913e-08,0.08726159298400789,0.0,1042.0,asexp <= 0.24155171339806714,0.12982263011541173
aexp,1335.0,0.08703829971524599,0.0,1411.0,1075.535371903519 < aexp <= 1359.5074413885968,0.12949042761432913
nuc,37.4117647058824,-0.041773784458946195,0.0,251.0,29.723545593620806 < nuc <= 77.33814535314531,0.062148562533445764
nd,5.0,0.041128618418565716,1.0,51.0,3.508812175977223 < nd <= 5.4934450612931585,0.06118872270747915
