feature,value,importance,min,max,rule,importance_ratio
la,2428.0,0.3900620309279653,0.0,9886.0,la > 658.2665061764585,0.5488908283264511
ns,1.0,-0.119212729776476,1.0,25.0,ns <= 1.4938515894974689,0.16775478976612174
nd,10.0,0.08572113022094707,1.0,51.0,5.4934450612931585 < nd <= 14.503678360627504,0.12062579395415306
asexp,21.0,-0.06120243253305263,0.0,1042.0,14.706492054882105 < asexp <= 620.167566348428,0.08612336301675276
aexp,74.0,-0.026158843904304535,0.0,1411.0,2.7519982932250286 < aexp <= 111.43266686158816,0.036810425932863176
