feature,value,importance,min,max,rule,importance_ratio
la,1156.0,0.35718033633555707,0.0,9886.0,la > 658.2665061764585,0.5161776352418874
ns,1.0,-0.1359389223035854,1.0,25.0,ns <= 1.4938515894974689,0.1964515520979707
nd,13.0,0.07859470857204108,1.0,51.0,5.4934450612931585 < nd <= 14.503678360627504,0.1135808069096184
asexp,4.0,0.05280144995306661,0.0,1042.0,0.24155171339806714 < asexp <= 14.706492054882105,0.07630578954523366
aexp,4.0,-0.03497556430198767,0.0,1411.0,2.7519982932250286 < aexp <= 111.43266686158816,0.05054478714553287
