feature,value,importance,min,max,rule,importance_ratio
nd,18.0,0.3031581159952653,1.0,51.0,nd > 14.503678360627504,0.5343981912200487
ns,1.0,-0.12379379155433044,1.0,25.0,ns <= 1.4938515894974689,0.21822004690100108
asexp,30.0,-0.053307966229613625,0.0,1042.0,14.706492054882105 < asexp <= 620.167566348428,0.09396971160478473
aexp,31.0,-0.03781585156153659,0.0,1411.0,2.7519982932250286 < aexp <= 111.43266686158816,0.06666066850160339
ld,242.0,-0.03218455795980678,0.0,9281.0,112.20019725353488 < ld <= 3343.50552216309,0.05673399012417065
