feature,value,importance,min,max,rule,importance_ratio
ns,7.0,0.3184396866603385,1.0,25.0,ns > 5.502199396395964,0.40019110520574697
la,733.0,0.2425072237263719,0.0,9886.0,la > 658.2665061764585,0.3047648831125469
nd,12.0,0.1007332541100887,1.0,51.0,5.4934450612931585 < nd <= 14.503678360627504,0.12659399560421894
asexp,0.0680074062022842,0.08748922187386766,0.0,1042.0,asexp <= 0.24155171339806714,0.10994988960857652
aexp,105.0,-0.033257096275627715,0.0,1411.0,2.7519982932250286 < aexp <= 111.43266686158816,0.04179502327130961
