feature,value,importance,min,max,rule,importance_ratio
nd,16.0,0.2494408749165873,1.0,51.0,nd > 14.503678360627504,0.34241833323221854
ns,9.0,0.1943750570534268,1.0,25.0,ns > 5.502199396395964,0.26682709111090375
asexp,0.149693682006125,0.06670146160089836,0.0,1042.0,asexp <= 0.24155171339806714,0.09156399613002497
aexp,55.0,-0.06353313900220987,0.0,1411.0,2.7519982932250286 < aexp <= 111.43266686158816,0.08721470195861994
nuc,21.5686274509804,0.05853201776184546,0.0,251.0,1.3648501486098876 < nuc <= 29.723545593620806,0.08034944541239239
