feature,value,importance,min,max,rule,importance_ratio
la,2114,0.4276731947027194,0.0,9886.0,la > 658.2665061764585,0.555618408909493
ns,1,-0.1397872748258977,1.0,25.0,ns <= 1.4938515894974689,0.18160685351942035
nd,1,-0.07005377603799569,1.0,51.0,nd <= 1.4844866329549686,0.09101147339240907
aexp,91,-0.06726065920456749,0.0,1411.0,2.7519982932250286 < aexp <= 111.43266686158816,0.08738275139133428
asexp,78.0,-0.050005676549016796,0.0,1042.0,14.706492054882105 < asexp <= 620.167566348428,0.06496566720745847
