feature,value,importance,min,max,rule,importance_ratio
ns,3,0.13953568783111678,1.0,25.0,2.4993354461431934 < ns <= 3.5048193027889174,0.39281062262778615
asexp,0.0018289907738534,0.10019942142366106,0.0,1042.0,asexp <= 0.24155171339806714,0.2820740538005575
aexp,294,0.041402772448968714,0.0,1411.0,111.43266686158816 < aexp <= 819.6099265651155,0.11655404489695835
la,145,-0.024098489269314405,0.0,9886.0,135.1965422698356 < la <= 229.79430169975677,0.06784029749955797
age,45.5833333333333,-0.023053141298440716,0.0,1520.0,4.1005163349584635 < age <= 191.44947579329659,0.06489751064922494
