feature,value,importance,min,max,rule,importance_ratio
nd,10,0.13550541466117516,1.0,51.0,5.4934450612931585 < nd <= 14.503678360627504,0.34416161250364224
ld,185,0.06381232044046793,0.0,9281.0,112.20019725353488 < ld <= 3343.50552216309,0.16207286738544646
la,515,0.05629814035769386,0.0,9886.0,452.37726506427714 < la <= 658.2665061764585,0.14298807774514552
ns,3,0.04593599559113521,1.0,25.0,2.4993354461431934 < ns <= 3.5048193027889174,0.11666992314761711
asexp,2.08933637325172e-24,0.03098414778392677,0.0,1042.0,asexp <= 0.24155171339806714,0.07869467275555815
