feature,value,importance,min,max,rule,importance_ratio
la,5084,0.44274260096021206,0.0,9886.0,la > 658.2665061764585,0.5197216732525909
ns,3,0.11904330998433778,1.0,25.0,2.4993354461431934 < ns <= 3.5048193027889174,0.13974121333796588
nd,11,0.10665546258403508,1.0,51.0,5.4934450612931585 < nd <= 14.503678360627504,0.12519950724300244
asexp,0.333333333333333,0.10323308339610293,0.0,1042.0,asexp <= 0.24155171339806714,0.12118208349792041
aexp,1,-0.044826804889074943,0.0,1411.0,-0.7538297251092558 < aexp <= 2.7519982932250286,0.05262078235297517
