feature,value,importance,min,max,rule,importance_ratio
la,9742.0,0.3510360936613958,0.0,9886.0,la > 658.2665061764585,0.37874597756513806
nd,15.0,0.24145650117666573,1.0,51.0,nd > 14.503678360627504,0.26051645465786816
ns,1.0,-0.15811742829367292,1.0,25.0,ns <= 1.4938515894974689,0.17059881029481327
asexp,3.0,0.06212386892657082,0.0,1042.0,0.24155171339806714 < asexp <= 14.706492054882105,0.06702776692079548
age,1.5645161290322598,0.0486908287439198,0.0,1520.0,0.18108203666687217 < age <= 4.1005163349584635,0.052534357190235206
