feature,value,importance,min,max,rule,importance_ratio
la,2012.0,0.3270880578742223,0.0,9886.0,la > 658.2665061764585,0.37094429176646704
nd,16.0,0.1922267743356778,1.0,51.0,nd > 14.503678360627504,0.21800069720650003
ns,1.0,-0.1447616240917668,1.0,25.0,ns <= 1.4938515894974689,0.16417138085895228
asexp,1.0,0.092036822731558,0.0,1042.0,0.24155171339806714 < asexp <= 14.706492054882105,0.10437719507852525
ld,22.0,-0.04997610992322085,0.0,9281.0,18.403235717698735 < ld <= 32.47277994807415,0.056676947551050495
