feature,value,importance,min,max,rule,importance_ratio
ns,7,0.3602489146638853,1.0,25.0,ns > 5.502199396395964,0.5227610811371963
nd,8,0.08273434295100329,1.0,51.0,5.4934450612931585 < nd <= 14.503678360627504,0.1200566963778222
ld,36,-0.07667779757813936,0.0,9281.0,32.47277994807415 < ld <= 37.16262802486597,0.11126797813829925
la,106,-0.05031149647414462,0.0,9886.0,62.857079176366454 < la <= 135.1965422698356,0.07300755455430863
asexp,8.49985975231409e-06,0.04308837394666372,0.0,1042.0,asexp <= 0.24155171339806714,0.06252600363783922
