feature,value,importance,min,max,rule,importance_ratio
la,1396.0,0.3860655177779967,0.0,9886.0,la > 658.2665061764585,0.6594597825632172
nd,8.0,0.07877983353023922,1.0,51.0,5.4934450612931585 < nd <= 14.503678360627504,0.13456817430686102
asexp,0.5,0.03952019498391651,0.0,1042.0,0.24155171339806714 < asexp <= 0.24155171339806714,0.06750662255709723
ld,203.0,-0.025163197590780895,0.0,9281.0,112.20019725353488 < ld <= 3343.50552216309,0.042982644260277945
aexp,1.0,-0.025038164699449923,0.0,1411.0,-0.7538297251092558 < aexp <= 2.7519982932250286,0.042769068689465665
