feature,value,importance,min,max,rule,importance_ratio
la,5090.0,0.3962940320586611,0.0,9886.0,la > 658.2665061764585,0.3930403648703145
nd,18.0,0.31827355803502877,1.0,51.0,nd > 14.503678360627504,0.31566045728426195
ns,1.0,-0.13143656585604224,1.0,25.0,ns <= 1.4938515894974689,0.13035744074418223
asexp,12.0,0.0554906027322793,0.0,1042.0,0.24155171339806714 < asexp <= 14.706492054882105,0.055035011835707665
aexp,12.0,-0.04340962711405673,0.0,1411.0,2.7519982932250286 < aexp <= 111.43266686158816,0.04305322386804857
