feature,value,importance,min,max,rule,importance_ratio
ns,1,0.4150696747183125,1.0,7.0,ns <= 1.4973267047410423,0.545621213332478
nd,5,0.10806379137816648,1.0,40.0,3.5069244908215746 < nd <= 5.487575744339811,0.1420530107603682
age,132.090909090909,0.08708251580752129,0.0,511.03030303030295,84.25039107908812 < age <= 379.6012832253171,0.11447251107224332
la,297,0.07345529639245718,0.0,9176.0,la > 135.835850879889,0.09655913304326263
nuc,357.545454545455,-0.049213444090409765,0.0,2086.0,113.47699669467761 < nuc <= 1752.541484763698,0.06469250998667277
