feature,value,importance,min,max,rule,importance_ratio
ns,1,0.41635129888889993,1.0,7.0,ns <= 1.4973267047410423,0.4616887642784547
nd,2,-0.23732390127119235,1.0,40.0,1.4991410283510338 < nd <= 2.5030327595863042,0.2631666551876823
aexp,372,0.10101098997687247,0.0,726.0,315.32115273373984 < aexp <= 398.4047669941732,0.11201031260241119
la,224,0.0702385365563582,0.0,9176.0,la > 135.835850879889,0.07788697485506182
nuc,853.0,-0.052843401943183065,0.0,2086.0,113.47699669467761 < nuc <= 1752.541484763698,0.05859764340480197
