feature,value,importance,min,max,rule,importance_ratio
ns,1,0.4136532708744924,1.0,7.0,ns <= 1.4973267047410423,0.45772684319984913
nd,7,0.3333156924828772,1.0,40.0,5.487575744339811 < nd <= 12.487685654034399,0.3688295257199839
la,161,0.07065783118763108,0.0,9176.0,la > 135.835850879889,0.0781862209103024
nuc,303.769230769231,-0.05129066648323447,0.0,2086.0,113.47699669467761 < nuc <= 1752.541484763698,0.056755540226612826
aexp,106,-0.020916180016423973,0.0,726.0,54.40945181062462 < aexp <= 149.15392421287316,0.02314473914464067
