feature,value,importance,min,max,rule,importance_ratio
ns,1,0.41296184999485575,1.0,7.0,ns <= 1.4973267047410423,0.541167167534209
nd,5,0.10911859309938078,1.0,40.0,3.5069244908215746 < nd <= 5.487575744339811,0.1429948067930376
aexp,351,0.10323872917979128,0.0,726.0,315.32115273373984 < aexp <= 398.4047669941732,0.13528952045026654
la,249,0.07144765301981633,0.0,9176.0,la > 135.835850879889,0.09362880375555908
nuc,39.125,0.03758372570100883,0.0,2086.0,11.446877959457481 < nuc <= 113.47699669467761,0.049251712678183145
