feature,value,importance,min,max,rule,importance_ratio
ns,1,0.41365680596446935,1.0,7.0,ns <= 1.4973267047410423,0.45772663554485254
nd,7,0.3333265494812376,1.0,40.0,5.487575744339811 < nd <= 12.487685654034399,0.36883822007010986
la,388,0.07066202148793131,0.0,9176.0,la > 135.835850879889,0.07819015398781332
nuc,260.473684210526,-0.05128730379931514,0.0,2086.0,113.47699669467761 < nuc <= 1752.541484763698,0.05675130851405274
aexp,101,-0.02090947856131277,0.0,726.0,54.40945181062462 < aexp <= 149.15392421287316,0.023137115441753408
