feature,value,importance,min,max,rule,importance_ratio
ns,1,0.41570411571178184,1.0,7.0,ns <= 1.4973267047410423,0.5163819316135728
aexp,426,0.16488251470955897,0.0,726.0,aexp > 398.4047669941732,0.20481479065763386
nd,4,0.1069811966801945,1.0,40.0,3.5069244908215746 < nd <= 5.487575744339811,0.13289057023999218
la,291,0.07217258238168073,0.0,9176.0,la > 135.835850879889,0.08965178859482663
nuc,9.14285714285714,0.036135964502259185,0.0,2086.0,1.5729955012103574 < nuc <= 11.446877959457481,0.04488759780125323
