feature,value,importance,min,max,rule,importance_ratio
ns,1,0.41361769134715254,1.0,7.0,ns <= 1.4973267047410423,0.4454109133840237
nd,6,0.3307812605754007,1.0,40.0,5.487575744339811 < nd <= 12.487685654034399,0.3562071605867307
age,337.58333333333303,0.07659153305783215,0.0,511.03030303030295,84.25039107908812 < age <= 379.6012832253171,0.08247883349878021
aexp,308,0.04297920206044994,0.0,726.0,289.08422191465564 < aexp <= 315.32115273373984,0.04628285019412845
nuc,11.416666666666698,0.03628165836789512,0.0,2086.0,1.5729955012103574 < nuc <= 11.446877959457481,0.039070491738632744
