feature,value,importance,min,max,rule,importance_ratio
ns,1,0.4159530935037978,1.0,7.0,ns <= 1.4973267047410423,0.4646191575508104
nd,1,-0.2767636910301006,1.0,40.0,nd <= 1.4991410283510338,0.3091447448650459
age,273.0,0.08496690154867304,0.0,511.03030303030295,84.25039107908812 < age <= 379.6012832253171,0.09490793753860295
aexp,239,0.039181688119491805,0.0,726.0,185.59410590604568 < aexp <= 289.08422191465564,0.04376590343913542
nuc,32.0,0.038460350105010324,0.0,2086.0,11.446877959457481 < nuc <= 113.47699669467761,0.04296016965368708
