feature,value,importance,min,max,rule,importance_ratio
ns,1,0.42058515472453734,1.0,7.0,ns <= 1.4973267047410423,0.4412997536913862
nd,2,-0.23739567444230134,1.0,40.0,1.4991410283510338 < nd <= 2.5030327595863042,0.24908785172744027
age,95.3333333333333,0.08289975165968787,0.0,511.03030303030295,84.25039107908812 < age <= 379.6012832253171,0.0869827181904645
aexp,32,-0.07924876957112947,0.0,726.0,6.308411975636886 < aexp <= 54.40945181062462,0.08315191846224365
la,313,0.07163542591320701,0.0,9176.0,la > 135.835850879889,0.0751636035080234
