feature,value,importance,min,max,rule,importance_ratio
ns,1,0.4139369880238598,1.0,7.0,ns <= 1.4973267047410423,0.4250224623217751
nd,9,0.3310269080306594,1.0,40.0,5.487575744339811 < nd <= 12.487685654034399,0.3398920019629772
age,232.535714285714,0.07917127453966061,0.0,511.03030303030295,84.25039107908812 < age <= 379.6012832253171,0.08129152751157433
la,972,0.06955097629236506,0.0,9176.0,la > 135.835850879889,0.07141359205851033
nuc,12.125,0.044652270745621996,0.0,2086.0,11.446877959457481 < nuc <= 113.47699669467761,0.045848084635212394
