feature,value,importance,min,max,rule,importance_ratio
ns,1,0.4153535948729524,1.0,7.0,ns <= 1.4973267047410423,0.5589926225001828
nd,5,0.10893543293802181,1.0,40.0,3.5069244908215746 < nd <= 5.487575744339811,0.1466078639811551
age,133.666666666667,0.08763896756957879,0.0,511.03030303030295,84.25039107908812 < age <= 379.6012832253171,0.11794658074384103
la,395,0.07239923538557694,0.0,9176.0,la > 135.835850879889,0.09743659126766621
nuc,28.5555555555556,0.0374132220125596,0.0,2086.0,11.446877959457481 < nuc <= 113.47699669467761,0.050351592828706125
