feature,value,importance,min,max,rule,importance_ratio
ns,1,0.42085088499382445,1.0,7.0,ns <= 1.4973267047410423,0.46094252704189015
nd,2,-0.2365657945771826,1.0,40.0,1.4991410283510338 < nd <= 2.5030327595863042,0.2591018316753197
age,134.8,0.08252593023384448,0.0,511.03030303030295,84.25039107908812 < age <= 379.6012832253171,0.09038762227868237
aexp,14,-0.08015099939464661,0.0,726.0,6.308411975636886 < aexp <= 54.40945181062462,0.0877864477021203
la,46,-0.04856711096879139,0.0,9176.0,36.91960315163976 < la <= 92.55999249877996,0.05319377399291225
