feature,value,importance,min,max,rule,importance_ratio
ns,1,0.4137787655809775,1.0,7.0,ns <= 1.4973267047410423,0.37599173298849337
nd,6,0.32688473212128194,1.0,40.0,5.487575744339811 < nd <= 12.487685654034399,0.29703302136635923
aexp,544,0.15538078414568934,0.0,726.0,aexp > 398.4047669941732,0.14119112715225945
age,93.5217391304348,0.07814112429065037,0.0,511.03030303030295,84.25039107908812 < age <= 379.6012832253171,0.07100513410459453
la,200,0.06918730391595751,0.0,9176.0,la > 135.835850879889,0.0628689929596483
