feature,value,importance,min,max,rule,importance_ratio
ns,1,0.41829368635439046,1.0,7.0,ns <= 1.4973267047410423,0.5895247046629227
age,104.875,0.08580699678566373,0.0,511.03030303030295,84.25039107908812 < age <= 379.6012832253171,0.12093260330786683
la,169,0.07428260943994906,0.0,9176.0,la > 135.835850879889,0.10469063918544504
nd,3,-0.0710859013431054,1.0,40.0,2.5030327595863042 < nd <= 3.5069244908215746,0.1001853395403323
nuc,52.125,0.037101387848761255,0.0,2086.0,11.446877959457481 < nuc <= 113.47699669467761,0.05228906251191844
