feature,value,importance,min,max,rule,importance_ratio
ns,2,-0.3528042633150066,1.0,7.0,1.4973267047410423 < ns <= 2.502438908657955,0.5121321204410288
nd,4,0.11060514853153833,1.0,40.0,3.5069244908215746 < nd <= 5.487575744339811,0.16055488875591004
age,303.285714285714,0.08872908157047349,0.0,511.03030303030295,84.25039107908812 < age <= 379.6012832253171,0.12879949993376047
aexp,40,-0.07577740653736756,0.0,726.0,6.308411975636886 < aexp <= 54.40945181062462,0.10999879515870131
nuc,16.1428571428571,0.03732958885945211,0.0,2086.0,11.446877959457481 < nuc <= 113.47699669467761,0.054187784802117056
