feature,value,importance,min,max,rule,importance_ratio
ns,1,0.4186454862120493,1.0,7.0,ns <= 1.4973267047410423,0.46480081625339864
nd,2,-0.2382557056370298,1.0,40.0,1.4991410283510338 < nd <= 2.5030327595863042,0.2645232066374865
age,148.166666666667,0.08296612575307064,0.0,511.03030303030295,84.25039107908812 < age <= 379.6012832253171,0.09211307476483059
nuc,205.333333333333,-0.05489426120580945,0.0,2086.0,113.47699669467761 < nuc <= 1752.541484763698,0.060946309601828334
aexp,233,0.047139844088782745,0.0,726.0,185.59410590604568 < aexp <= 289.08422191465564,0.05233697419927789
