feature,value,importance,min,max,rule,importance_ratio
ns,1,0.4173703575601498,1.0,7.0,ns <= 1.4973267047410423,0.5059138139230716
nd,4,0.10791186501390095,1.0,40.0,3.5069244908215746 < nd <= 5.487575744339811,0.13080493668951182
age,106.888888888889,0.08849067058372356,0.0,511.03030303030295,84.25039107908812 < age <= 379.6012832253171,0.10726361333691471
aexp,8,-0.07821731815868542,0.0,726.0,6.308411975636886 < aexp <= 54.40945181062462,0.0948108101778455
la,719,0.07403635374348776,0.0,9176.0,la > 135.835850879889,0.08974287084086358
