feature,value,importance,min,max,rule,importance_ratio
la,2780,0.352773290827782,0.0,8851.0,la > 127.55870158356693,0.39785857111721185
ent,3.21534762765937,0.33747988855020655,0.0,6.25828457562083,ent > 3.1894578523081085,0.38061063501808323
ld,818,-0.06796686778714447,0.0,9293.0,49.90409840300467 < ld <= 956.0803284937488,0.0766531979721413
nuc,23.34375,-0.05924942450146085,0.0,2540.0,16.979309426715872 < nuc <= 47.171255295131715,0.06682164433808063
age,117.59375,-0.025804526204078727,0.0,918.0,6.104315757675584 < age <= 152.17610991761703,0.02910240710066503
