feature,value,importance,min,max,rule,importance_ratio
la,584,0.37285909728192057,0.0,8851.0,la > 127.55870158356693,0.45972893074693627
ent,3.49310747201144,0.302093683066591,0.0,6.25828457562083,ent > 3.1894578523081085,0.37247637757541147
arexp,45.0,-0.060967630800839695,0.0,2480.61666666637,26.57366470205011 < arexp <= 346.65992743262416,0.0751720527206326
nuc,186.125,0.030706602072750434,0.0,2540.0,98.92887678384466 < nuc <= 651.0101726634492,0.03786071854136228
ndev,3.025,-0.02228203815308753,0.0,57.5,3.020643397811622 < ndev <= 3.975725636739302,0.027473374391710385
