feature,value,importance,min,max,rule,importance_ratio
la,133,0.3625359006661334,0.0,8851.0,la > 127.55870158356693,0.5322676594503822
ent,2.10954284608055,0.19272560625649643,0.0,6.25828457562083,2.005709603206336 < ent <= 3.1894578523081085,0.28295572154320453
ndev,15.5,-0.09084427698067236,0.0,57.5,ndev > 3.975725636739302,0.13337567560652264
asexp,1.66426022112117,0.01567772285827896,0.0,3637.0,-0.6613834552044295 < asexp <= -0.6613834552044295,0.023017706207730148
ld,21,-0.008485182329196848,0.0,9293.0,18.97658201765504 < ld <= 49.90409840300467,0.012457767989522731
