feature,value,importance,min,max,rule,importance_ratio
la,717,0.3279134992835109,0.0,8851.0,la > 127.55870158356693,0.3984230005627569
ent,3.69803409100486,0.19746996190321123,0.0,6.25828457562083,ent > 3.1894578523081085,0.23993088090120895
ndev,6.94736842105263,-0.10912786187768353,0.0,57.5,ndev > 3.975725636739302,0.13259304746314574
ld,91,-0.06584766807186232,0.0,9293.0,49.90409840300467 < ld <= 956.0803284937488,0.08000654303825751
asexp,1.48209948469796,0.06187051803871809,0.0,3637.0,-0.6613834552044295 < asexp <= -0.6613834552044295,0.07517420751881135
