feature,value,importance,min,max,rule,importance_ratio
la,2270,0.3029155069920099,0.0,8851.0,la > 127.55870158356693,0.41824012069647226
ent,3.36969317127494,0.22511959243209595,0.0,6.25828457562083,ent > 3.1894578523081085,0.31082609947870377
ndev,2.85106382978723,0.08474192964426905,0.0,57.5,1.0370110554233651 < ndev <= 2.9471755332787235,0.11700449156406484
asexp,0.69168000839166,0.04055055893949556,0.0,3637.0,-0.6613834552044295 < asexp <= -0.6613834552044295,0.055988783253712364
age,53.0212765957447,0.035923837869817815,0.0,918.0,6.104315757675584 < age <= 152.17610991761703,0.049600597987706906
