feature,value,importance,min,max,rule,importance_ratio
la,823,0.3753853144666707,0.0,8851.0,la > 127.55870158356693,0.451814704523214
ent,2.6599690615317897,0.20059916000035288,0.0,6.25828457562083,2.005709603206336 < ent <= 3.1894578523081085,0.2414416513121518
ndev,11.2142857142857,-0.1241191684478763,0.0,57.5,ndev > 3.975725636739302,0.149390141960184
arexp,2.0,-0.06399432998177479,0.0,2480.61666666637,arexp <= 26.57366470205011,0.07702373581916928
age,159.5,-0.024690532014239347,0.0,918.0,152.17610991761703 < age <= 385.89098057352334,0.029717586161791557
