feature,value,importance,min,max,rule,importance_ratio
la,271,0.35087467417826007,0.0,8851.0,la > 127.55870158356693,0.41236461091902327
nuc,871.714285714286,0.23396820246863018,0.0,2540.0,nuc > 651.0101726634492,0.27497056321991387
ndev,27.5714285714286,-0.09145624037616376,0.0,57.5,ndev > 3.975725636739302,0.10748372497147908
ld,25,-0.061216752414357464,0.0,9293.0,18.97658201765504 < ld <= 49.90409840300467,0.07194483999220702
arexp,319.0,-0.05074335487166274,0.0,2480.61666666637,26.57366470205011 < arexp <= 346.65992743262416,0.05963600489942575
