feature,value,importance,min,max,rule,importance_ratio
la,1068,0.35232265194124424,0.0,8851.0,la > 127.55870158356693,0.4962580886438534
ent,2.74970496018338,0.19916327322424315,0.0,6.25828457562083,2.005709603206336 < ent <= 3.1894578523081085,0.28052804653275343
ndev,20.3333333333333,-0.08921309685034902,0.0,57.5,ndev > 3.975725636739302,0.1256595926518412
ld,920,-0.035289805257122255,0.0,9293.0,49.90409840300467 < ld <= 956.0803284937488,0.04970685594304014
asexp,0.0,0.012713486809623186,0.0,3637.0,asexp <= -0.6613834552044295,0.01790736595952566
