feature,value,importance,min,max,rule,importance_ratio
la,3445,0.40212940088736915,0.0,8851.0,la > 127.55870158356693,0.44166121096452504
ent,4.7991906834428,0.30797141967363745,0.0,6.25828457562083,ent > 3.1894578523081085,0.33824691717485167
asexp,0.0,-0.07556516368280547,0.0,3637.0,asexp <= -0.6613834552044295,0.08299368716943943
age,158.925925925926,-0.04214873105213512,0.0,918.0,152.17610991761703 < age <= 385.89098057352334,0.04629221229789664
arexp,0.0,-0.031379616753823836,0.0,2480.61666666637,arexp <= 26.57366470205011,0.03446442738211597
