feature,value,importance,min,max,rule,importance_ratio
la,137,0.29859623159061827,0.0,8851.0,la > 127.55870158356693,0.4168458209300594
ent,2.5701564441605296,0.17386654795760212,0.0,6.25828457562083,2.005709603206336 < ent <= 3.1894578523081085,0.24272089279086312
ndev,27.9090909090909,-0.132742316641919,0.0,57.5,ndev > 3.975725636739302,0.1853107109155397
arexp,133.88333333333298,-0.045783783109612286,0.0,2480.61666666637,26.57366470205011 < arexp <= 346.65992743262416,0.06391500171969938
asexp,1.48209948469796,0.0270151142145741,0.0,3637.0,-0.6613834552044295 < asexp <= -0.6613834552044295,0.03771359538700647
