{
    "18376": {
        "la": [
            872.0,
            754.5,
            633.5,
            545.0,
            453.5,
            369.5,
            286.5,
            204.5,
            122.5,
            40.5
        ],
        "ld": [
            69.0,
            62.0,
            55.0,
            48.0,
            41.0,
            34.0,
            27.0,
            19.5,
            11.5,
            3.5
        ],
        "arexp": [
            282.0,
            757.5,
            1140.0,
            1801.5,
            2532.25000000017,
            2737.41666666649,
            2956.26666666644,
            3623.2904761904,
            4079.5892857143153,
            4267.979761905204
        ],
        "ent": [
            2.44580571510438,
            2.1951261702882903,
            1.94538799425056,
            1.6951416310416398,
            1.4450531033214298,
            1.19511845830805,
            0.9402193744939865,
            0.6802556985463819,
            0.4206252890785595,
            0.16026515304965044
        ],
        "nuc": [
            9.375,
            13.4285714285714,
            18.3333333333333,
            24.6095238095238,
            34.29166666666665,
            49.27777777777776,
            79.07670454545455,
            128.16666666666652,
            239.8555555555555,
            577.4333333333335
        ]
    },
    "18423": {
        "la": [
            872.0,
            754.5,
            633.5,
            545.0,
            453.5,
            369.5,
            286.5,
            204.5,
            122.5,
            40.5
        ],
        "arexp": [
            878.0,
            736.0,
            586.25,
            423.75,
            348.1666666666665,
            281.3130952380955,
            218.833333333334,
            139.91666666666652,
            73.41666666666666,
            24.2761904761905
        ],
        "ent": [
            2.44580571510438,
            2.1951261702882903,
            1.94538799425056,
            1.6951416310416398,
            1.4450531033214298,
            1.19511845830805,
            0.9402193744939865,
            0.6802556985463819,
            0.4206252890785595,
            0.16026515304965044
        ],
        "nuc": [
            3.3,
            7.22222222222222,
            11.8181818181818,
            17.1428571428571,
            24.4166666666667,
            36.6615384615385,
            57.75,
            102.2,
            200.0,
            535.3
        ],
        "age": [
            17.23214285714285,
            34.6666666666667,
            56.4285714285714,
            82.25,
            116.571428571429,
            161.666666666667,
            227.0,
            329.0,
            491.5,
            877.333333333333
        ]
    },
    "18896": {
        "la": [
            872.0,
            754.5,
            633.5,
            545.0,
            453.5,
            369.5,
            286.5,
            204.5,
            122.5,
            40.5
        ],
        "arexp": [
            282.0,
            757.5,
            1140.0,
            1801.5,
            2532.25000000017,
            2737.41666666649,
            2956.26666666644,
            3623.2904761904,
            4079.5892857143153,
            4267.979761905204
        ],
        "ent": [
            4.06193064206699,
            3.6403780275710096,
            3.2205817971329704,
            2.8001124674550653,
            2.380057516303275,
            1.96043688134064,
            1.5354675613966,
            1.10501399711353,
            0.6750063424904039,
            0.246022578220332
        ],
        "nuc": [
            9.375,
            13.4285714285714,
            18.3333333333333,
            24.6095238095238,
            34.29166666666665,
            49.27777777777776,
            79.07670454545455,
            128.16666666666652,
            239.8555555555555,
            577.4333333333335
        ]
    },
    "18915": {
        "la": [
            872.0,
            754.5,
            633.5,
            545.0,
            453.5,
            369.5,
            286.5,
            204.5,
            122.5,
            40.5
        ],
        "ns": [
            2,
            1
        ],
        "arexp": [
            282.0,
            757.5,
            1140.0,
            1801.5,
            2532.25000000017,
            2737.41666666649,
            2956.26666666644,
            3623.2904761904,
            4079.5892857143153,
            4267.979761905204
        ],
        "ent": [
            4.06193064206699,
            3.6403780275710096,
            3.2205817971329704,
            2.8001124674550653,
            2.380057516303275,
            1.96043688134064,
            1.5354675613966,
            1.10501399711353,
            0.6750063424904039,
            0.246022578220332
        ]
    },
    "19000": {
        "la": [
            872.0,
            754.5,
            633.5,
            545.0,
            453.5,
            369.5,
            286.5,
            204.5,
            122.5,
            40.5
        ],
        "ns": [
            3,
            2,
            1
        ],
        "ld": [
            69.0,
            62.0,
            55.0,
            48.0,
            41.0,
            34.0,
            27.0,
            19.5,
            11.5,
            3.5
        ],
        "ent": [
            4.06193064206699,
            3.6403780275710096,
            3.2205817971329704,
            2.8001124674550653,
            2.380057516303275,
            1.96043688134064,
            1.5354675613966,
            1.10501399711353,
            0.6750063424904039,
            0.246022578220332
        ],
        "age": [
            9.320512820512821,
            7.7729591836734695,
            6.633333333333335,
            5.596296296296295,
            4.35923753665689,
            3.3397435897435903,
            2.42857142857143,
            1.6,
            0.8888888888888891,
            0.260869565217391
        ]
    },
    "19184": {
        "la": [
            872.0,
            754.5,
            633.5,
            545.0,
            453.5,
            369.5,
            286.5,
            204.5,
            122.5,
            40.5
        ],
        "ld": [
            69.0,
            62.0,
            55.0,
            48.0,
            41.0,
            34.0,
            27.0,
            19.5,
            11.5,
            3.5
        ],
        "ns": [
            4,
            5,
            6,
            7,
            8,
            10,
            11
        ],
        "arexp": [
            282.0,
            757.5,
            1140.0,
            1801.5,
            2532.25000000017,
            2737.41666666649,
            2956.26666666644,
            3623.2904761904,
            4079.5892857143153,
            4267.979761905204
        ],
        "ent": [
            2.44580571510438,
            2.1951261702882903,
            1.94538799425056,
            1.6951416310416398,
            1.4450531033214298,
            1.19511845830805,
            0.9402193744939865,
            0.6802556985463819,
            0.4206252890785595,
            0.16026515304965044
        ]
    },
    "19705": {
        "la": [
            872.0,
            754.5,
            633.5,
            545.0,
            453.5,
            369.5,
            286.5,
            204.5,
            122.5,
            40.5
        ],
        "arexp": [
            878.0,
            736.0,
            586.25,
            423.75,
            348.1666666666665,
            281.3130952380955,
            218.833333333334,
            139.91666666666652,
            73.41666666666666,
            24.2761904761905
        ],