feature,value,importance,min,max,rule,importance_ratio
ld,27,0.06727661072133356,0.0,8658.0,14.111432331182087 < ld <= 35.06259046661786,0.2989571690531411
la,60,0.04148391995181284,0.0,9967.0,42.326804326581055 < la <= 104.87903696289698,0.18434215304619098
nuc,43.3076923076923,0.04116370083036645,0.0,976.0,12.104132594966572 < nuc <= 255.46934596936424,0.18291919488884817
ent,3.10082056200084,0.028165590061931305,0.0,6.08230385583814,1.596054196840603 < ent <= 3.4251727475658535,0.1251594719077632
age,58.6923076923077,0.027837983735795976,0.0,1802.57575757576,11.310905131690312 < age <= 252.15332398535617,0.12370368721862365
