feature,value,importance,min,max,rule,importance_ratio
la,486.0,0.1925275074836307,0.0,9967.0,229.98350223552893 < la <= 1199.5431080984263,0.5238874672753472
ndev,25.0,-0.07331703239640734,0.0,85.0,10.553100765399932 < ndev <= 52.00237651581121,0.19950330689012918
arexp,94.0,-0.037681335736591215,0.0,863.416666666674,-0.02556803069123248 < arexp <= 97.64182103961909,0.10253485229518813
age,0.5,-0.02082939077835935,0.0,1802.57575757576,-0.10342751540286343 < age <= 2.1794390140157773,0.05667894901039503
ld,5.0,0.016624946495078938,0.0,8658.0,3.6358532634641847 < ld <= 3.6358532634641847,0.04523821674487519
