feature,value,importance,min,max,rule,importance_ratio
ndev,18.0,-0.0790119514291482,0.0,85.0,10.553100765399932 < ndev <= 52.00237651581121,0.23821142640051468
ld,21.0,0.06959262524040087,0.0,8658.0,14.111432331182087 < ld <= 35.06259046661786,0.2098133032486611
la,102.0,0.04606552794753285,0.0,9967.0,42.326804326581055 < la <= 104.87903696289698,0.13888196559876909
nuc,90.0,0.0415594500123568,0.0,976.0,12.104132594966572 < nuc <= 255.46934596936424,0.1252966885236583
age,9.25,0.04058593374982553,0.0,1802.57575757576,2.1794390140157773 < age <= 11.310905131690312,0.12236165536314178
