feature,value,importance,min,max,rule,importance_ratio
la,114,0.10453468926709997,0.0,9967.0,104.87903696289698 < la <= 229.98350223552893,0.33996940185108426
ld,14,0.0511561785275802,0.0,8658.0,3.6358532634641847 < ld <= 14.111432331182087,0.1663709486003354
nuc,21.8333333333333,0.04303769513498526,0.0,976.0,12.104132594966572 < nuc <= 255.46934596936424,0.1399678860163332
ndev,3.6666666666666696,0.036706100206847364,0.0,85.0,0.9878832845357923 < ndev <= 3.937158674468902,0.11937617090650633
age,17.1666666666667,0.029866461284693814,0.0,1802.57575757576,11.310905131690312 < age <= 252.15332398535617,0.09713218692812983
