feature,value,importance,min,max,rule,importance_ratio
la,128.0,0.10294445144780985,0.0,9967.0,104.87903696289698 < la <= 229.98350223552893,0.41496786391957335
nuc,68.625,0.044844748318223555,0.0,976.0,12.104132594966572 < nuc <= 255.46934596936424,0.1807686490714699
age,5.375,0.04083011364740264,0.0,1802.57575757576,2.1794390140157773 < age <= 11.310905131690312,0.1645857042858288
ent,2.81425491406421,0.0245094847615268,0.0,6.08230385583814,1.596054196840603 < ent <= 3.4251727475658535,0.09879744264232021
arexp,182.500000000001,-0.012633932984425842,0.0,863.416666666674,97.64182103961909 < arexp <= 214.01147610211652,0.050927234151207576
