feature,value,importance,min,max,rule,importance_ratio
la,1392,0.1755954091599535,0.0,9967.0,la > 1199.5431080984263,0.5417195559091407
nuc,85.6666666666667,0.04136537835906063,0.0,976.0,12.104132594966572 < nuc <= 255.46934596936424,0.1276140105364121
ndev,3.13888888888889,0.036076600824364695,0.0,85.0,0.9878832845357923 < ndev <= 3.937158674468902,0.11129789936298215
age,50.1666666666667,0.03025710410808121,0.0,1802.57575757576,11.310905131690312 < age <= 252.15332398535617,0.09334449618552162
arexp,109.833333333333,-0.013119953876058247,0.0,863.416666666674,97.64182103961909 < arexp <= 214.01147610211652,0.04047563442169756
