feature,value,importance,min,max,rule,importance_ratio
la,454.0,0.19509140832928923,0.0,9967.0,229.98350223552893 < la <= 1199.5431080984263,0.49010808987352567
nuc,25.3333333333333,0.04271057516160901,0.0,976.0,12.104132594966572 < nuc <= 255.46934596936424,0.10729738735866813
ndev,3.55555555555556,0.04077528416332377,0.0,85.0,0.9878832845357923 < ndev <= 3.937158674468902,0.10243555473035446
arexp,50.5,-0.04004750283422918,0.0,863.416666666674,-0.02556803069123248 < arexp <= 97.64182103961909,0.1006072245127258
age,43.72222222222221,0.027573648896394316,0.0,1802.57575757576,11.310905131690312 < age <= 252.15332398535617,0.06927044356891952
