feature,value,importance,min,max,rule,importance_ratio
la,10.0,-0.18862272546475656,0.0,9967.0,11.050688008423094 < la <= 21.47606011447573,0.3907350362005373
ndev,38.0,-0.07705824990238837,0.0,85.0,10.553100765399932 < ndev <= 52.00237651581121,0.15962741494150232
ld,8.0,0.059641251330917154,0.0,8658.0,3.6358532634641847 < ld <= 14.111432331182087,0.12354781981021427
ent,0.0,-0.0556336482377525,0.0,6.08230385583814,ent <= 0.008277677113822879,0.11524600497943631
nuc,168.0,0.043358632354695635,0.0,976.0,12.104132594966572 < nuc <= 255.46934596936424,0.0898181104157743
