feature,value,importance,min,max,rule,importance_ratio
la,454.0,0.18984201972063663,0.0,9967.0,229.98350223552893 < la <= 1199.5431080984263,0.3852602914498263
ndev,11.0,-0.07588312759196604,0.0,85.0,10.553100765399932 < ndev <= 52.00237651581121,0.15399517922968692
ld,21.0,0.06272963512207626,0.0,8658.0,14.111432331182087 < ld <= 35.06259046661786,0.12730183520611418
nuc,87.6,0.04212748695609698,0.0,976.0,12.104132594966572 < nuc <= 255.46934596936424,0.08549238954915314
age,10.4,0.04183027488136295,0.0,1802.57575757576,2.1794390140157773 < age <= 11.310905131690312,0.08488923535440247
