feature,value,importance,min,max,rule,importance_ratio
la,281.0,0.1938066988136574,0.0,9967.0,229.98350223552893 < la <= 1199.5431080984263,0.6155457745034822
nuc,33.6428571428571,0.043505610454134716,0.0,976.0,12.104132594966572 < nuc <= 255.46934596936424,0.13817734292035733
age,1.92857142857143,-0.020570772371637954,0.0,1802.57575757576,-0.10342751540286343 < age <= 2.1794390140157773,0.06533443936222921
ent,3.287894903625049,0.020499056048303058,0.0,6.08230385583814,1.596054196840603 < ent <= 3.4251727475658535,0.06510666251002574
asexp,0.408741233361692,0.01480352972943636,0.0,1122.0,-0.3302944893099209 < asexp <= 1.5309165943878895,0.04701720956225841
