feature,value,importance,min,max,rule,importance_ratio
la,206.0,0.10415560670349336,0.0,9967.0,104.87903696289698 < la <= 229.98350223552893,0.45170453330459054
nuc,122.454545454545,0.04398604553348467,0.0,976.0,12.104132594966572 < nuc <= 255.46934596936424,0.1907597372667483
age,63.2727272727273,0.026736590647527148,0.0,1802.57575757576,11.310905131690312 < age <= 252.15332398535617,0.11595188759235626
ent,1.8057970548519704,0.02570731241407301,0.0,6.08230385583814,1.596054196840603 < ent <= 3.4251727475658535,0.11148808906246511
asexp,0.489785633150941,0.011360055854299254,0.0,1122.0,-0.3302944893099209 < asexp <= 1.5309165943878895,0.04926656269775461
