feature,value,importance,min,max,rule,importance_ratio
la,14.0,-0.1908072569056517,0.0,9967.0,11.050688008423094 < la <= 21.47606011447573,0.5164049972115756
ld,13.0,0.060495134658870985,0.0,8658.0,3.6358532634641847 < ld <= 14.111432331182087,0.16372537581353822
nuc,13.0,0.04396328258837224,0.0,976.0,12.104132594966572 < nuc <= 255.46934596936424,0.11898320425876642
age,194.0,0.02537422400735685,0.0,1802.57575757576,11.310905131690312 < age <= 252.15332398535617,0.06867336332099896
asexp,202.0,-0.02426446184989945,0.0,1122.0,23.865449598761593 < asexp <= 381.21797766874084,0.06566987837435108
