feature,value,importance,min,max,rule,importance_ratio
la,541,0.1919038909055782,0.0,9967.0,229.98350223552893 < la <= 1199.5431080984263,0.41148906106615424
age,0.0,-0.10573841967469458,0.0,1802.57575757576,age <= -0.10342751540286343,0.22672913417877089
ndev,18.0,-0.0723738590802999,0.0,85.0,10.553100765399932 < ndev <= 52.00237651581121,0.1551873241243443
nuc,101.666666666667,0.04143137281290407,0.0,976.0,12.104132594966572 < nuc <= 255.46934596936424,0.0888390361290383
ld,3,0.01996491168656481,0.0,8658.0,3.6358532634641847 < ld <= 3.6358532634641847,0.04280967272422533
