feature,value,importance,min,max,rule,importance_ratio
la,623.0,0.1933023796103918,0.0,9967.0,229.98350223552893 < la <= 1199.5431080984263,0.4500894785990765
nuc,0.5,-0.07417949493319688,0.0,976.0,nuc <= 1.2071827423816117,0.1727211546206467
ld,6.0,0.05331741468491536,0.0,8658.0,3.6358532634641847 < ld <= 14.111432331182087,0.12414543175387897
age,5.0,0.04180474774247299,0.0,1802.57575757576,2.1794390140157773 < age <= 11.310905131690312,0.09733908683534934
arexp,76.5,-0.03948119473216892,0.0,863.416666666674,-0.02556803069123248 < arexp <= 97.64182103961909,0.09192887530555371
