feature,value,importance,min,max,rule,importance_ratio
la,859.0,0.19151824981900287,0.0,9967.0,229.98350223552893 < la <= 1199.5431080984263,0.30687394709359656
ld,0.0,-0.1656037031543886,0.0,8658.0,ld <= -1.6019362703947877,0.2653504931688296
age,0.0,-0.09755999400647486,0.0,1802.57575757576,age <= -0.10342751540286343,0.15632254611499685
nuc,0.0,-0.06300719497225367,0.0,976.0,nuc <= 1.2071827423816117,0.10095782848216488
ent,0.0,-0.05295930405022896,0.0,6.08230385583814,ent <= 0.008277677113822879,0.08485786960032626
