feature,value,importance,min,max,rule,importance_ratio
la,1353.0,0.1658732925079673,0.0,9967.0,la > 1199.5431080984263,0.27635165951007384
ld,0.0,-0.1599441314502268,0.0,8658.0,ld <= -1.6019362703947877,0.26647343575846905
age,0.0,-0.10533069234898612,0.0,1802.57575757576,age <= -0.10342751540286343,0.17548522241209633
ent,0.0,-0.05929774105010735,0.0,6.08230385583814,ent <= 0.008277677113822879,0.09879245113319667
nuc,0.0,-0.05755569204701346,0.0,976.0,nuc <= 1.2071827423816117,0.09589012655957826
