feature,value,importance,min,max,rule,importance_ratio
la,1495.0,0.1657932613582384,0.0,9967.0,la > 1199.5431080984263,0.27624261277345213
ld,0.0,-0.15999885094687508,0.0,8658.0,ld <= -1.6019362703947877,0.266588040214812
age,0.0,-0.10543643165908297,0.0,1802.57575757576,age <= -0.10342751540286343,0.1756768346578358
ent,0.0,-0.05933622540697754,0.0,6.08230385583814,ent <= 0.008277677113822879,0.09886526029016726
nuc,0.0,-0.057817217651520224,0.0,976.0,nuc <= 1.2071827423816117,0.09633430898519244
