feature,value,importance,min,max,rule,importance_ratio
la,1080.0,0.19148523292032413,0.0,9967.0,229.98350223552893 < la <= 1199.5431080984263,0.30682493867163985
ld,0.0,-0.16565628330494647,0.0,8658.0,ld <= -1.6019362703947877,0.26543811337535883
age,0.0,-0.09766802366070525,0.0,1802.57575757576,age <= -0.10342751540286343,0.15649763124211902
nuc,0.0,-0.0632615648466006,0.0,976.0,nuc <= 1.2071827423816117,0.10136669788216346
ent,0.0,-0.05299916054745343,0.0,6.08230385583814,ent <= 0.008277677113822879,0.08492281068685381
