feature,value,importance,min,max,rule,importance_ratio
la,15,-0.18852225060588068,0.0,9967.0,11.050688008423094 < la <= 21.47606011447573,0.540186174169838
ld,29,0.06062972760963472,0.0,8658.0,14.111432331182087 < ld <= 35.06259046661786,0.17372665822283764
nuc,18.0,0.04214964397503736,0.0,976.0,12.104132594966572 < nuc <= 255.46934596936424,0.12077436402504925
age,15.5,0.028224754127011024,0.0,1802.57575757576,11.310905131690312 < age <= 252.15332398535617,0.08087438962644569
asexp,2.0,0.01090508368398691,0.0,1122.0,1.5309165943878895 < asexp <= 23.865449598761593,0.031247109639964472
