feature,value,importance,min,max,rule,importance_ratio
la,3910.0,0.16638518069963498,0.0,9967.0,la > 1199.5431080984263,0.42673813558164037
ld,21.0,0.06924539542008926,0.0,8658.0,14.111432331182087 < ld <= 35.06259046661786,0.17759785345623136
nuc,101.425,0.04292790315571715,0.0,976.0,12.104132594966572 < nuc <= 255.46934596936424,0.11009978941676349
ndev,3.15,0.04069317654575918,0.0,85.0,0.9878832845357923 < ndev <= 3.937158674468902,0.10436825092843081
age,22.3,0.02720232572400499,0.0,1802.57575757576,11.310905131690312 < age <= 252.15332398535617,0.0697674499263374
