feature,value,importance,min,max,rule,importance_ratio
la,22,-0.10015980035840825,0.0,9967.0,21.47606011447573 < la <= 42.326804326581055,0.43211261336619206
nuc,3.3333333333333304,-0.04508066548535357,0.0,976.0,1.2071827423816117 < nuc <= 5.747578514292009,0.19448844851384448
age,23.3333333333333,0.028198673722014355,0.0,1802.57575757576,11.310905131690312 < age <= 252.15332398535617,0.12165561983827655
ent,1.5696670098234902,0.027514103278294726,0.0,6.08230385583814,1.0371568618967764 < ent <= 1.596054196840603,0.11870222414049739
arexp,182.833333333335,-0.011010915887768187,0.0,863.416666666674,97.64182103961909 < arexp <= 214.01147610211652,0.04750364540257806
