feature,value,importance,min,max,rule,importance_ratio
la,3713,0.1767208004940049,0.0,9967.0,la > 1199.5431080984263,0.5072205904122095
nuc,3.6875,-0.042492032745058,0.0,976.0,1.2071827423816117 < nuc <= 5.747578514292009,0.1219598025615237
arexp,48.0,-0.04077108095264603,0.0,863.416666666674,-0.02556803069123248 < arexp <= 97.64182103961909,0.117020360335266
ent,3.2758317241920296,0.031139418147117105,0.0,6.08230385583814,1.596054196840603 < ent <= 3.4251727475658535,0.08937574984677157
age,11.375,0.030413651654748148,0.0,1802.57575757576,11.310905131690312 < age <= 252.15332398535617,0.08729266903380711
