feature,value,importance,min,max,rule,importance_ratio
la,19.0,-0.10374386897861385,0.0,9967.0,21.47606011447573 < la <= 42.326804326581055,0.37558784046685406
ld,6.0,0.053977908467729006,0.0,8658.0,3.6358532634641847 < ld <= 14.111432331182087,0.19541825723205963
ndev,1.25,0.039005776527678795,0.0,85.0,0.9878832845357923 < ndev <= 3.937158674468902,0.14121408345377603
age,17.25,0.02861262348566926,0.0,1802.57575757576,11.310905131690312 < age <= 252.15332398535617,0.10358735962786429
ent,1.91030833266923,0.021786902756469915,0.0,6.08230385583814,1.596054196840603 < ent <= 3.4251727475658535,0.07887594551202576
