feature,value,importance,min,max,rule,importance_ratio
la,155.0,0.10057201572372436,0.0,9967.0,104.87903696289698 < la <= 229.98350223552893,0.33242687524861947
ld,19.0,0.06849325655587164,0.0,8658.0,14.111432331182087 < ld <= 35.06259046661786,0.22639497765479663
nuc,29.3333333333333,0.04209885573212779,0.0,976.0,12.104132594966572 < nuc <= 255.46934596936424,0.13915193965106523
age,2.0,-0.024625400780274833,0.0,1802.57575757576,-0.10342751540286343 < age <= 2.1794390140157773,0.08139585325225429
ent,1.4746975045616897,0.02330447269826628,0.0,6.08230385583814,1.0371568618967764 < ent <= 1.596054196840603,0.07702970834036832
