feature,value,importance,min,max,rule,importance_ratio
la,128.0,0.10188394866586994,0.0,9967.0,104.87903696289698 < la <= 229.98350223552893,0.34920004542836236
ndev,21.6666666666667,-0.07936076435150477,0.0,85.0,10.553100765399932 < ndev <= 52.00237651581121,0.2720034203587804
nuc,137.666666666667,0.041639021786570245,0.0,976.0,12.104132594966572 < nuc <= 255.46934596936424,0.14271480924976915
age,12.0,0.02707528837517709,0.0,1802.57575757576,11.310905131690312 < age <= 252.15332398535617,0.09279864055529165
asexp,230.0,-0.023636488390435178,0.0,1122.0,23.865449598761593 < asexp <= 381.21797766874084,0.08101239623893652
