feature,value,importance,min,max,rule,importance_ratio
la,1559,0.17556069177435535,0.0,9967.0,la > 1199.5431080984263,0.541784455655284
nuc,44.6285714285714,0.041359649826579005,0.0,976.0,12.104132594966572 < nuc <= 255.46934596936424,0.1276368596005924
ndev,2.68571428571429,0.03606764795876094,0.0,85.0,0.9878832845357923 < ndev <= 3.937158674468902,0.11130561641451737
age,75.8,0.03025045569733937,0.0,1802.57575757576,11.310905131690312 < age <= 252.15332398535617,0.09335362322661636
arexp,179.333333333335,-0.013135948313658401,0.0,863.416666666674,97.64182103961909 < arexp <= 214.01147610211652,0.040537847821757914
