feature,value,importance,min,max,rule,importance_ratio
la,523.0,0.19510714546466187,0.0,9967.0,229.98350223552893 < la <= 1199.5431080984263,0.5533614213076975
nuc,14.666666666666698,0.0435096496940595,0.0,976.0,12.104132594966572 < nuc <= 255.46934596936424,0.12340174183761801
ndev,3.55555555555556,0.04057870702538601,0.0,85.0,0.9878832845357923 < ndev <= 3.937158674468902,0.11508902424316018
age,13.1111111111111,0.027090429982261344,0.0,1802.57575757576,11.310905131690312 < age <= 252.15332398535617,0.07683367414924307
ent,2.32778087961707,0.02148264422069968,0.0,6.08230385583814,1.596054196840603 < ent <= 3.4251727475658535,0.06092891426965744
