feature,value,importance,min,max,rule,importance_ratio
ndev,12.5,-0.07996173897260318,0.0,85.0,10.553100765399932 < ndev <= 52.00237651581121,0.2990708479298951
la,68.0,0.04846669990829396,0.0,9967.0,42.326804326581055 < la <= 104.87903696289698,0.18127390954946054
nuc,73.75,0.04056632002949329,0.0,976.0,12.104132594966572 < nuc <= 255.46934596936424,0.15172511109060335
ent,1.42198498830798,0.026522763514767518,0.0,6.08230385583814,1.0371568618967764 < ent <= 1.596054196840603,0.09919976073210919
age,19.0,0.02486553555489989,0.0,1802.57575757576,11.310905131690312 < age <= 252.15332398535617,0.09300143916558402
