feature,value,importance,min,max,rule,importance_ratio
la,6348.0,0.16864124220250543,0.0,9967.0,la > 1199.5431080984263,0.46303360611070454
nuc,32.4736842105263,0.04234346511206725,0.0,976.0,12.104132594966572 < nuc <= 255.46934596936424,0.11626128395401503
ndev,3.47368421052632,0.03918637777509777,0.0,85.0,0.9878832845357923 < ndev <= 3.937158674468902,0.10759295635305942
arexp,77.6666666666665,-0.03759158614495587,0.0,863.416666666674,-0.02556803069123248 < arexp <= 97.64182103961909,0.10321418097252084
age,143.47368421052602,0.028992569579166048,0.0,1802.57575757576,11.310905131690312 < age <= 252.15332398535617,0.07960409842413581
