feature,value,importance,min,max,rule,importance_ratio
la,214,0.10403771523302509,0.0,9967.0,104.87903696289698 < la <= 229.98350223552893,0.2908555995346622
ndev,11.7777777777778,-0.07767631277016535,0.0,85.0,10.553100765399932 < ndev <= 52.00237651581121,0.21715769583948658
ld,19,0.06637726863659506,0.0,8658.0,14.111432331182087 < ld <= 35.06259046661786,0.18556924497551583
nuc,225.111111111111,0.04101751946031214,0.0,976.0,12.104132594966572 < nuc <= 255.46934596936424,0.11467163794718475
age,31.88888888888889,0.029428394299100703,0.0,1802.57575757576,11.310905131690312 < age <= 252.15332398535617,0.08227221491779092
