feature,value,importance,min,max,rule,importance_ratio
ld,0,-0.16183889043196753,0.0,8658.0,ld <= -1.6019362703947877,0.4862825302721453
nuc,34.3333333333333,0.04402915667749509,0.0,976.0,12.104132594966572 < nuc <= 255.46934596936424,0.13229582616226254
age,9.66666666666667,0.041496882391164294,0.0,1802.57575757576,2.1794390140157773 < age <= 11.310905131690312,0.12468701999698749
la,64,0.038790830922056124,0.0,9967.0,42.326804326581055 < la <= 104.87903696289698,0.11655605992964975
ent,1.42763157110731,0.029708229808115834,0.0,6.08230385583814,1.0371568618967764 < ent <= 1.596054196840603,0.08926527562341312
