feature,value,importance,min,max,rule,importance_ratio
la,1197.0,0.17075897560779826,0.0,9967.0,la > 1199.5431080984263,0.5647742159385455
nuc,76.8636363636364,0.0424418577183385,0.0,976.0,12.104132594966572 < nuc <= 255.46934596936424,0.14037368653993762
ent,2.55491701558693,0.026659981579448197,0.0,6.08230385583814,1.596054196840603 < ent <= 3.4251727475658535,0.08817615671372825
age,23.2272727272727,0.02615693196862505,0.0,1802.57575757576,11.310905131690312 < age <= 252.15332398535617,0.08651235281399428
asexp,0.0123463099785629,0.013878000794911704,0.0,1122.0,-0.3302944893099209 < asexp <= 1.5309165943878895,0.045900585839441066
