feature,value,importance,min,max,rule,importance_ratio
ndev,11.8888888888889,-0.08042523651274576,0.0,85.0,10.553100765399932 < ndev <= 52.00237651581121,0.3297350193886961
la,65.0,0.047455891252986916,0.0,9967.0,42.326804326581055 < la <= 104.87903696289698,0.19456416792671322
nuc,174.77777777777803,0.04207245783784946,0.0,976.0,12.104132594966572 < nuc <= 255.46934596936424,0.17249265656427182
age,32.0,0.026773949213250013,0.0,1802.57575757576,11.310905131690312 < age <= 252.15332398535617,0.1097703786241754
ent,1.78967781880793,0.023679262322753213,0.0,6.08230385583814,1.596054196840603 < ent <= 3.4251727475658535,0.09708248753319688
