feature,value,importance,min,max,rule,importance_ratio
ndev,11.8888888888889,-0.07659545006605238,0.0,85.0,10.553100765399932 < ndev <= 52.00237651581121,0.31883784144538885
la,65,0.04242603057699333,0.0,9967.0,42.326804326581055 < la <= 104.87903696289698,0.17660349274793136
nuc,174.77777777777803,0.040516541849808345,0.0,976.0,12.104132594966572 < nuc <= 255.46934596936424,0.16865501456136872
age,32.0,0.02930573028023696,0.0,1802.57575757576,11.310905131690312 < age <= 252.15332398535617,0.12198865306586595
ent,1.78967781880793,0.027057776130592376,0.0,6.08230385583814,1.596054196840603 < ent <= 3.4251727475658535,0.11263127154878097
