feature,value,importance,min,max,rule,importance_ratio
la,18.0,-0.18825235690631614,0.0,9967.0,11.050688008423094 < la <= 21.47606011447573,0.5941263362625249
nuc,51.5,0.04314466148122157,0.0,976.0,12.104132594966572 < nuc <= 255.46934596936424,0.1361649865976526
asexp,157.0,-0.02434292872073598,0.0,1122.0,23.865449598761593 < asexp <= 381.21797766874084,0.07682652845588576
age,1.5,-0.021591183214687146,0.0,1802.57575757576,-0.10342751540286343 < age <= 2.1794390140157773,0.06814199189707253
ld,3.0,0.013836832588835408,0.0,8658.0,3.6358532634641847 < ld <= 3.6358532634641847,0.04366918314639633
