feature,value,importance,min,max,rule,importance_ratio
la,122,0.10566147801620052,0.0,9967.0,104.87903696289698 < la <= 229.98350223552893,0.32707854294908484
ndev,24.25,-0.07930881145733598,0.0,85.0,10.553100765399932 < ndev <= 52.00237651581121,0.24550300621870788
ld,14,0.04743178866934742,0.0,8658.0,3.6358532634641847 < ld <= 14.111432331182087,0.14682664504333737
age,17.5,0.030472609025380782,0.0,1802.57575757576,11.310905131690312 < age <= 252.15332398535617,0.09432895267990195
ent,1.7086249574456,0.02934597509710453,0.0,6.08230385583814,1.596054196840603 < ent <= 3.4251727475658535,0.09084142069931485
