feature,value,importance,min,max,rule,importance_ratio
la,3583.0,0.16441853312440993,0.0,9967.0,la > 1199.5431080984263,0.45428214552484725
nuc,33.5,0.04359103317303781,0.0,976.0,12.104132594966572 < nuc <= 255.46934596936424,0.12044036459386503
age,6.75,0.038965078021397405,0.0,1802.57575757576,2.1794390140157773 < age <= 11.310905131690312,0.10765902667863866
ndev,1.625,0.03761434664735171,0.0,85.0,0.9878832845357923 < ndev <= 3.937158674468902,0.1039270073316171
arexp,43.6666666666667,-0.03741362106730427,0.0,863.416666666674,-0.02556803069123248 < arexp <= 97.64182103961909,0.10337241019811345
