feature,value,importance,min,max,rule,importance_ratio
la,5088,0.17656517493040733,0.0,9967.0,la > 1199.5431080984263,0.47424276499917073
nuc,50.6666666666667,0.04174261223722607,0.0,976.0,12.104132594966572 < nuc <= 255.46934596936424,0.11211798619672822
arexp,82.9999999999999,-0.04037274088580224,0.0,863.416666666674,-0.02556803069123248 < arexp <= 97.64182103961909,0.10843859937739396
ndev,2.4166666666666696,0.03582487898386934,0.0,85.0,0.9878832845357923 < ndev <= 3.937158674468902,0.09622333323526179
age,26.4791666666667,0.031012396718107856,0.0,1802.57575757576,11.310905131690312 < age <= 252.15332398535617,0.08329731372363525
