feature,value,importance,min,max,rule,importance_ratio
la,2095.0,0.16164009482952005,0.0,9967.0,la > 1199.5431080984263,0.2949928894673525
ld,0.0,-0.15659660880941606,0.0,8658.0,ld <= -1.6019362703947877,0.285788536329427
ndev,15.833333333333302,-0.0715880316899432,0.0,85.0,10.553100765399932 < ndev <= 52.00237651581121,0.1306480322333986
nuc,189.166666666667,0.04498334029310269,0.0,976.0,12.104132594966572 < nuc <= 255.46934596936424,0.08209451711192707
arexp,90.9999999999998,-0.040775879415425716,0.0,863.416666666674,-0.02556803069123248 < arexp <= 97.64182103961909,0.07441590839213003
