feature,value,importance,min,max,rule,importance_ratio
la,2095,0.16809273980167916,0.0,9967.0,la > 1199.5431080984263,0.30391351324586946
ld,0,-0.16143299829565785,0.0,8658.0,ld <= -1.6019362703947877,0.2918726277157018
ndev,15.833333333333302,-0.06799268823500283,0.0,85.0,10.553100765399932 < ndev <= 52.00237651581121,0.12293152447220915
nuc,189.166666666667,0.04355198884492571,0.0,976.0,12.104132594966572 < nuc <= 255.46934596936424,0.07874247248466866
arexp,90.9999999999998,-0.04262299336424441,0.0,863.416666666674,-0.02556803069123248 < arexp <= 97.64182103961909,0.07706283848824207
