feature,value,importance,min,max,rule,importance_ratio
la,32.0,-0.10044599198553499,0.0,9967.0,21.47606011447573 < la <= 42.326804326581055,0.2939023827847219
ndev,14.0,-0.07762071691355585,0.0,85.0,10.553100765399932 < ndev <= 52.00237651581121,0.22711621642043883
ent,0.0,-0.05680836408017273,0.0,6.08230385583814,ent <= 0.008277677113822879,0.16621980862779617
nuc,28.0,0.04032746307568087,0.0,976.0,12.104132594966572 < nuc <= 255.46934596936424,0.11799711721013546
age,111.0,0.02634374410786124,0.0,1802.57575757576,11.310905131690312 < age <= 252.15332398535617,0.07708111604777994
