feature,value,importance,min,max,rule,importance_ratio
la,251.0,0.18929875470778673,0.0,9967.0,229.98350223552893 < la <= 1199.5431080984263,0.4506145822182124
ndev,15.7142857142857,-0.08236751481965494,0.0,85.0,10.553100765399932 < ndev <= 52.00237651581121,0.19607103774193227
ld,24.0,0.06388933633325551,0.0,8658.0,14.111432331182087 < ld <= 35.06259046661786,0.1520848176970313
age,37.1428571428571,0.026819415597617892,0.0,1802.57575757576,11.310905131690312 < age <= 252.15332398535617,0.06384204573090134
ent,2.13085725359741,0.023271877830356197,0.0,6.08230385583814,1.596054196840603 < ent <= 3.4251727475658535,0.055397340157609984
