feature,value,importance,min,max,rule,importance_ratio
la,1341.0,0.16509841082421506,0.0,9967.0,la > 1199.5431080984263,0.49310727693227957
nuc,93.6666666666667,0.04471879414602371,0.0,976.0,12.104132594966572 < nuc <= 255.46934596936424,0.1335637496385075
age,7.83333333333333,0.04046383645401238,0.0,1802.57575757576,2.1794390140157773 < age <= 11.310905131690312,0.12085526510194994
arexp,14.0,-0.03798478496184378,0.0,863.416666666674,-0.02556803069123248 < arexp <= 97.64182103961909,0.11345096408793395
ent,1.53676040301602,0.019162230225679925,0.0,6.08230385583814,1.0371568618967764 < ent <= 1.596054196840603,0.0572327445149978
