feature,value,importance,min,max,rule,importance_ratio
ld,19.0,0.07031758000467811,0.0,8658.0,14.111432331182087 < ld <= 35.06259046661786,0.255411799298893
la,67.0,0.048488602249584525,0.0,9967.0,42.326804326581055 < la <= 104.87903696289698,0.17612325602261641
nuc,14.0,0.042876720416121915,0.0,976.0,12.104132594966572 < nuc <= 255.46934596936424,0.15573943683483862
ndev,2.3333333333333304,0.0419730711311059,0.0,85.0,0.9878832845357923 < ndev <= 3.937158674468902,0.15245714683274036
age,26.6666666666667,0.026883376875388984,0.0,1802.57575757576,11.310905131690312 < age <= 252.15332398535617,0.09764743977987506
