feature,value,importance,min,max,rule,importance_ratio
ld,31.0,0.07042987680412152,0.0,8658.0,14.111432331182087 < ld <= 35.06259046661786,0.25843597764906073
la,99.0,0.04653767126626606,0.0,9967.0,42.326804326581055 < la <= 104.87903696289698,0.17076571927929676
nuc,37.8461538461538,0.0432159198830869,0.0,976.0,12.104132594966572 < nuc <= 255.46934596936424,0.15857685703541466
arexp,45.5,-0.040736907139260654,0.0,863.416666666674,-0.02556803069123248 < arexp <= 97.64182103961909,0.14948034698702956
ent,3.16883396419252,0.02539680719784687,0.0,6.08230385583814,1.596054196840603 < ent <= 3.4251727475658535,0.09319125625612579
