feature,value,importance,min,max,rule,importance_ratio
la,193.0,0.10376430691114406,0.0,9967.0,104.87903696289698 < la <= 229.98350223552893,0.31395217475577286
arexp,228.0,0.06328152775298922,0.0,863.416666666674,218.16753521149144 < arexp <= 822.8741356255406,0.19146635149726085
nuc,13.333333333333302,0.04430727779969114,0.0,976.0,12.104132594966572 < nuc <= 255.46934596936424,0.13405733278431664
age,2.2083333333333304,0.03934211786054829,0.0,1802.57575757576,2.1794390140157773 < age <= 11.310905131690312,0.11903460669181745
ndev,1.125,0.039174757378746,0.0,85.0,0.9878832845357923 < ndev <= 3.937158674468902,0.11852823616042657
