feature,value,importance,min,max,rule,importance_ratio
la,109.0,0.1022105581989355,0.0,9967.0,104.87903696289698 < la <= 229.98350223552893,0.30573906396282946
ndev,14.0,-0.07910667163134878,0.0,85.0,10.553100765399932 < ndev <= 52.00237651581121,0.23662917181911433
nuc,206.57142857142892,0.04343218324828952,0.0,976.0,12.104132594966572 < nuc <= 255.46934596936424,0.12991725401155688
arexp,16.5,-0.03901173624844551,0.0,863.416666666674,-0.02556803069123248 < arexp <= 97.64182103961909,0.1166945170277794
age,67.14285714285711,0.02598832852696706,0.0,1802.57575757576,11.310905131690312 < age <= 252.15332398535617,0.07773802802572073
