feature,value,importance,min,max,rule,importance_ratio
nuc,0.75,-0.07202019129038786,0.0,976.0,nuc <= 1.2071827423816117,0.23311709223605523
ld,17,0.06674527661812418,0.0,8658.0,14.111432331182087 < ld <= 35.06259046661786,0.21604309190143614
arexp,26.0,-0.04223761539711598,0.0,863.416666666674,-0.02556803069123248 < arexp <= 97.64182103961909,0.1367159668412967
age,2.5,0.04097304494629669,0.0,1802.57575757576,2.1794390140157773 < age <= 11.310905131690312,0.13262276768227177
la,46,0.04094542064853757,0.0,9967.0,42.326804326581055 < la <= 104.87903696289698,0.13253335253558457
