feature,value,importance,min,max,rule,importance_ratio
la,193,0.10654318532282119,0.0,9967.0,104.87903696289698 < la <= 229.98350223552893,0.39293275641184655
arexp,56.0,-0.0431242010560587,0.0,863.416666666674,-0.02556803069123248 < arexp <= 97.64182103961909,0.15904265615556237
nuc,55.2,0.04302230787427946,0.0,976.0,12.104132594966572 < nuc <= 255.46934596936424,0.15866687267720306
ent,2.54018440807592,0.029770313128279432,0.0,6.08230385583814,1.596054196840603 < ent <= 3.4251727475658535,0.10979333085729516
age,22.5,0.029337128678910467,0.0,1802.57575757576,11.310905131690312 < age <= 252.15332398535617,0.10819574055426864
