feature,value,importance,min,max,rule,importance_ratio
age,0.0,-0.10853657595182442,0.0,1802.57575757576,age <= -0.10342751540286343,0.30483988360307446
arexp,285.5,0.06579467631889947,0.0,863.416666666674,218.16753521149144 < arexp <= 822.8741356255406,0.18479338688238886
ld,33,0.06578207723337073,0.0,8658.0,14.111432331182087 < ld <= 35.06259046661786,0.18475800061990172
la,79,0.044171507397376616,0.0,9967.0,42.326804326581055 < la <= 104.87903696289698,0.12406174651727889
nuc,44.5,0.040973550973401635,0.0,976.0,12.104132594966572 < nuc <= 255.46934596936424,0.11507984658628286
