feature,value,importance,min,max,rule,importance_ratio
ndev,18.0,-0.0739171490860225,0.0,85.0,10.553100765399932 < ndev <= 52.00237651581121,0.20266910447736075
ld,25,0.06537993793075611,0.0,8658.0,14.111432331182087 < ld <= 35.06259046661786,0.17926142492036937
ent,0.0,-0.06208445516316964,0.0,6.08230385583814,ent <= 0.008277677113822879,0.17022573361482332
la,53,0.04292202299278334,0.0,9967.0,42.326804326581055 < la <= 104.87903696289698,0.11768538248384683
arexp,36.0,-0.04026789926690636,0.0,863.416666666674,-0.02556803069123248 < arexp <= 97.64182103961909,0.11040819599401615
