feature,value,importance,min,max,rule,importance_ratio
la,491,0.19477328438071115,0.0,9967.0,229.98350223552893 < la <= 1199.5431080984263,0.5349034373084436
arexp,36.5,-0.04179691282222271,0.0,863.416666666674,-0.02556803069123248 < arexp <= 97.64182103961909,0.11478633945396663
nuc,53.6666666666667,0.04119470274911722,0.0,976.0,12.104132594966572 < nuc <= 255.46934596936424,0.1131324974544845
age,53.4666666666667,0.028662983112167816,0.0,1802.57575757576,11.310905131690312 < age <= 252.15332398535617,0.07871679239255458
ent,2.88535299209746,0.025660637863344448,0.0,6.08230385583814,1.596054196840603 < ent <= 3.4251727475658535,0.07047148914838268
