feature,value,importance,min,max,rule,importance_ratio
la,482.0,0.1936246276813353,0.0,9967.0,229.98350223552893 < la <= 1199.5431080984263,0.5462702398166752
nuc,124.411764705882,0.043752640208191244,0.0,976.0,12.104132594966572 < nuc <= 255.46934596936424,0.12343866348694488
arexp,66.5,-0.039608520142747496,0.0,863.416666666674,-0.02556803069123248 < arexp <= 97.64182103961909,0.11174692009103349
age,65.64705882352939,0.02514879760003841,0.0,1802.57575757576,11.310905131690312 < age <= 252.15332398535617,0.07095192311323062
ent,3.3339857118774,0.022156708716719306,0.0,6.08230385583814,1.596054196840603 < ent <= 3.4251727475658535,0.06251038790453003
