feature,value,importance,min,max,rule,importance_ratio
la,368.0,0.19141184149117824,0.0,9967.0,229.98350223552893 < la <= 1199.5431080984263,0.43749937139653944
ndev,16.0,-0.0733032564336453,0.0,85.0,10.553100765399932 < ndev <= 52.00237651581121,0.16754516523742444
nuc,246.666666666667,0.04293892464938178,0.0,976.0,12.104132594966572 < nuc <= 255.46934596936424,0.09814310544321103
age,4.5,0.04192402139667848,0.0,1802.57575757576,2.1794390140157773 < age <= 11.310905131690312,0.09582339767786642
arexp,11.0,-0.03722222103084193,0.0,863.416666666674,-0.02556803069123248 < arexp <= 97.64182103961909,0.08507675479276408
