feature,value,importance,min,max,rule,importance_ratio
la,931.0,0.19345642782924907,0.0,9967.0,229.98350223552893 < la <= 1199.5431080984263,0.6078076280656824
nuc,123.642857142857,0.04344141369185144,0.0,976.0,12.104132594966572 < nuc <= 255.46934596936424,0.136485630961662
age,57.8571428571429,0.02512365182727735,0.0,1802.57575757576,11.310905131690312 < age <= 252.15332398535617,0.07893429748927029
ent,2.23261046972255,0.021544357416966094,0.0,6.08230385583814,1.596054196840603 < ent <= 3.4251727475658535,0.0676887551721123
asexp,0.0626289232419085,0.01375258308832564,0.0,1122.0,-0.3302944893099209 < asexp <= 1.5309165943878895,0.04320830794037655
