feature,value,importance,min,max,rule,importance_ratio
ld,9,0.047898115913754105,0.0,8658.0,3.6358532634641847 < ld <= 14.111432331182087,0.21328856282952685
arexp,17.5,-0.04268019310834092,0.0,863.416666666674,-0.02556803069123248 < arexp <= 97.64182103961909,0.19005334292806073
la,49,0.04226754509258317,0.0,9967.0,42.326804326581055 < la <= 104.87903696289698,0.18821583636738715
ndev,1.5,0.0380210271174961,0.0,85.0,0.9878832845357923 < ndev <= 3.937158674468902,0.16930624673828884
age,24.0,0.029557728008177984,0.0,1802.57575757576,11.310905131690312 < age <= 252.15332398535617,0.1316194845476172
