feature,value,importance,min,max,rule,importance_ratio
la,613.0,0.19279095054607925,0.0,9967.0,229.98350223552893 < la <= 1199.5431080984263,0.4946057867985692
ndev,21.8,-0.07599234899720018,0.0,85.0,10.553100765399932 < ndev <= 52.00237651581121,0.19495860910467427
age,9.6,0.0400890894211619,0.0,1802.57575757576,2.1794390140157773 < age <= 11.310905131690312,0.10284868433413728
arexp,3.0,-0.03731217339305502,0.0,863.416666666674,-0.02556803069123248 < arexp <= 97.64182103961909,0.09572449757607115
ent,1.8762029604104296,0.02241677321682329,0.0,6.08230385583814,1.596054196840603 < ent <= 3.4251727475658535,0.05751030182167157
