feature,value,importance,min,max,rule,importance_ratio
la,1061.0,0.19330795478427912,0.0,9967.0,229.98350223552893 < la <= 1199.5431080984263,0.5935580297682195
nuc,74.2352941176471,0.04245960742796941,0.0,976.0,12.104132594966572 < nuc <= 255.46934596936424,0.130373532521214
age,17.7647058823529,0.02606260768685683,0.0,1802.57575757576,11.310905131690312 < age <= 252.15332398535617,0.08002603972762569
asexp,1.71232806411219,0.02158447763344535,0.0,1122.0,1.5309165943878895 < asexp <= 1.5309165943878895,0.06627580345558513
ent,2.5288497160266403,0.021517521970058663,0.0,6.08230385583814,1.596054196840603 < ent <= 3.4251727475658535,0.06607021402867316
