feature,value,importance,min,max,rule,importance_ratio
la,2848.0,0.1681485898871723,0.0,9967.0,la > 1199.5431080984263,0.5035261729298495
nuc,56.4166666666667,0.04196840522311805,0.0,976.0,12.104132594966572 < nuc <= 255.46934596936424,0.12567569243456303
arexp,87.6666666666666,-0.03762838091109562,0.0,863.416666666674,-0.02556803069123248 < arexp <= 97.64182103961909,0.11267935488738819
ent,1.76338009871811,0.027374478890770857,0.0,6.08230385583814,1.596054196840603 < ent <= 3.4251727475658535,0.08197372693441977
age,88.3333333333333,0.027021137695447926,0.0,1802.57575757576,11.310905131690312 < age <= 252.15332398535617,0.08091563575483393
