feature,value,importance,min,max,rule,importance_ratio
la,1214,0.17741898771609255,0.0,9967.0,la > 1199.5431080984263,0.5184424785398355
nuc,1.88235294117647,-0.04391870775783655,0.0,976.0,1.2071827423816117 < nuc <= 5.747578514292009,0.1283364537096512
arexp,16.0,-0.04071914917560839,0.0,863.416666666674,-0.02556803069123248 < arexp <= 97.64182103961909,0.11898690717600635
ent,3.38405777037003,0.03054172742143334,0.0,6.08230385583814,1.596054196840603 < ent <= 3.4251727475658535,0.08924709281169993
age,69.17647058823529,0.03001529253236251,0.0,1802.57575757576,11.310905131690312 < age <= 252.15332398535617,0.08770877827055022
