feature,value,importance,min,max,rule,importance_ratio
la,3603.0,0.16734031231564767,0.0,9967.0,la > 1199.5431080984263,0.4530234756836759
arexp,274.5,0.06006709023487544,0.0,863.416666666674,218.16753521149144 < arexp <= 822.8741356255406,0.1626135484979834
nuc,46.7254901960784,0.04248944628139565,0.0,976.0,12.104132594966572 < nuc <= 255.46934596936424,0.11502737366692954
ndev,2.5098039215686296,0.04029555253618338,0.0,85.0,0.9878832845357923 < ndev <= 3.937158674468902,0.109088067375556
age,24.058823529411807,0.026526496257988304,0.0,1802.57575757576,11.310905131690312 < age <= 252.15332398535617,0.07181249614161372
