feature,value,importance,min,max,rule,importance_ratio
la,22.0,-0.1006496230319686,0.0,9967.0,21.47606011447573 < la <= 42.326804326581055,0.34340571191655483
ld,8.0,0.0571795550801884,0.0,8658.0,3.6358532634641847 < ld <= 14.111432331182087,0.1950905053379801
nuc,1.0,-0.043139430760415653,0.0,976.0,1.2071827423816117 < nuc <= 1.2071827423816117,0.14718710796611822
arexp,80.5,-0.04077547486801279,0.0,863.416666666674,-0.02556803069123248 < arexp <= 97.64182103961909,0.13912154416453207
age,22.0,0.026529381406852497,0.0,1802.57575757576,11.310905131690312 < age <= 252.15332398535617,0.09051540218717306
