feature,value,importance,min,max,rule,importance_ratio
la,987.0,0.1908690235913006,0.0,9967.0,229.98350223552893 < la <= 1199.5431080984263,0.4618967960098852
ld,34.0,0.06373076700294704,0.0,8658.0,14.111432331182087 < ld <= 35.06259046661786,0.15422637226324362
nuc,157.666666666667,0.043260667314634786,0.0,976.0,12.104132594966572 < nuc <= 255.46934596936424,0.10468940035375185
arexp,52.7000000000001,-0.03992817703566519,0.0,863.416666666674,-0.02556803069123248 < arexp <= 97.64182103961909,0.09662488284521097
age,72.6,0.024513037720356873,0.0,1802.57575757576,11.310905131690312 < age <= 252.15332398535617,0.05932074975008336
