feature,value,importance,min,max,rule,importance_ratio
la,207.0,0.10292732878772638,0.0,9967.0,104.87903696289698 < la <= 229.98350223552893,0.4882795488784985
nuc,1.0,-0.04638073782056992,0.0,976.0,1.2071827423816117 < nuc <= 1.2071827423816117,0.22002675097481322
age,83.0,0.026929496155117822,0.0,1802.57575757576,11.310905131690312 < age <= 252.15332398535617,0.1277515154528538
arexp,203.333333333334,-0.011568403885389072,0.0,863.416666666674,97.64182103961909 < arexp <= 214.01147610211652,0.05487964272396057
ent,0.934907767406004,-0.007986650623458902,0.0,6.08230385583814,0.008277677113822879 < ent <= 0.9990502254233335,0.03788807316194254
