feature,value,importance,min,max,rule,importance_ratio
ld,33.0,0.07107854783089627,0.0,8658.0,14.111432331182087 < ld <= 35.06259046661786,0.23668165109186104
arexp,255.083333333334,0.06321988668261398,0.0,863.416666666674,218.16753521149144 < arexp <= 822.8741356255406,0.21051340550006784
la,84.0,0.04867180301455154,0.0,9967.0,42.326804326581055 < la <= 104.87903696289698,0.16207031587798573
nuc,16.8,0.04075071378102803,0.0,976.0,12.104132594966572 < nuc <= 255.46934596936424,0.13569419346906134
ent,1.71373723104662,0.025888193985242856,0.0,6.08230385583814,1.596054196840603 < ent <= 3.4251727475658535,0.08620407539544978
