feature,value,importance,min,max,rule,importance_ratio
la,1700,0.17268457330875536,0.0,9967.0,la > 1199.5431080984263,0.45713917441887986
age,394.755102040816,-0.09390223889734006,0.0,1802.57575757576,252.15332398535617 < age <= 957.5590815757139,0.24858266805838664
nuc,13.469387755102,0.04049291044343998,0.0,976.0,12.104132594966572 < nuc <= 255.46934596936424,0.10719484256902792
arexp,31.0,-0.0392993419536001,0.0,863.416666666674,-0.02556803069123248 < arexp <= 97.64182103961909,0.10403516881471853
ld,1213,0.009684599933439593,0.0,8658.0,35.06259046661786 < ld <= 6168.514134615445,0.025637553681381733
