feature,value,importance,min,max,rule,importance_ratio
la,1091,0.19399454609130948,0.0,9967.0,229.98350223552893 < la <= 1199.5431080984263,0.4892794779111391
ld,23,0.06133737060213641,0.0,8658.0,14.111432331182087 < ld <= 35.06259046661786,0.15470082674659166
arexp,10.0,-0.04142770364859435,0.0,863.416666666674,-0.02556803069123248 < arexp <= 97.64182103961909,0.10448605706008389
ndev,1.5,0.039511876976431305,0.0,85.0,0.9878832845357923 < ndev <= 3.937158674468902,0.0996540930033059
age,62.7727272727273,0.029034324291005626,0.0,1802.57575757576,11.310905131690312 < age <= 252.15332398535617,0.07322834232628114
