feature,value,importance,min,max,rule,importance_ratio
la,431,0.19687668402472525,0.0,9967.0,229.98350223552893 < la <= 1199.5431080984263,0.42743255536018077
age,272.653846153846,-0.10504820892753595,0.0,1802.57575757576,252.15332398535617 < age <= 957.5590815757139,0.22806674442092817
arexp,49.0,-0.041069373857328575,0.0,863.416666666674,-0.02556803069123248 < arexp <= 97.64182103961909,0.08916437973262463
nuc,32.5384615384615,0.04029337650024195,0.0,976.0,12.104132594966572 < nuc <= 255.46934596936424,0.08747963714903548
ndev,3.0,0.036907349828137634,0.0,85.0,0.9878832845357923 < ndev <= 3.937158674468902,0.08012834494221674
