feature,value,importance,min,max,rule,importance_ratio
la,197.0,0.10458042277567985,0.0,9967.0,104.87903696289698 < la <= 229.98350223552893,0.2807864242138836
ld,18.0,0.07189577149529136,0.0,8658.0,14.111432331182087 < ld <= 35.06259046661786,0.1930318893198803
nuc,20.4444444444444,0.0445286369535022,0.0,976.0,12.104132594966572 < nuc <= 255.46934596936424,0.11955427615845955
ndev,2.88888888888889,0.041900934642322744,0.0,85.0,0.9878832845357923 < ndev <= 3.937158674468902,0.1124991972414692
arexp,26.0,-0.04107429003198035,0.0,863.416666666674,-0.02556803069123248 < arexp <= 97.64182103961909,0.11027975140186319
