feature,value,importance,min,max,rule,importance_ratio
la,1559.0,0.1662813920928686,0.0,9967.0,la > 1199.5431080984263,0.42637392815069775
age,312.256097560976,-0.08844108255288562,0.0,1802.57575757576,252.15332398535617 < age <= 957.5590815757139,0.22677806159400815
arexp,236.71666666666692,0.058820600860941645,0.0,863.416666666674,218.16753521149144 < arexp <= 822.8741356255406,0.15082608059509747
nuc,23.0243902439024,0.04129697955473641,0.0,976.0,12.104132594966572 < nuc <= 255.46934596936424,0.10589251853074409
ent,4.04656709562871,0.014086197322715552,0.0,6.08230385583814,ent > 3.4251727475658535,0.03611941907388959
