commit_id,label,pred,score_or_proba,feature,value_actual,min,max,operator,threshold
,True,True,0.6281980934511286,arexp,117.0,0.0,2480.61666666637,>,-3.5049999952316284
,True,True,0.6281980934511286,la,258.0,0.0,8851.0,>,77.15499877929688
,True,True,0.6281980934511286,ent,3.1146717299432702,0.0,6.25828457562083,>,1.8149999976158144
