commit_id,label,pred,score_or_proba,feature,value_actual,min,max,operator,threshold
,True,True,0.6987355089117002,asexp,0.8694664185383361,0.0,3637.0,>,0.9699999988079072
,True,True,0.6987355089117002,la,62.0,0.0,8851.0,>,20.5
,True,True,0.6987355089117002,ent,2.0442028040441,0.0,6.25828457562083,<,1.5550000071525574
