commit_id,label,pred,score_or_proba,feature,value_actual,min,max,operator,threshold
,True,True,0.7933333333333333,asexp,0.9949720761457672,0.0,3637.0,<,0.625
,True,True,0.7933333333333333,nuc,442.181818181818,0.0,2540.0,<,782.8349914550781
