commit_id,label,pred,score_or_proba,feature,value_actual,min,max,operator,threshold
,True,True,0.9166666666666666,nuc,172.70967741935505,0.0,2540.0,<,44.30500030517578
,True,True,0.9166666666666666,ent,3.97209293171559,0.0,6.25828457562083,>,2.539999961853028
