commit_id,label,pred,score_or_proba,feature,value_actual,min,max,operator,threshold
,True,True,0.5734581600770249,ndev,7.39473684210526,0.0,57.5,>,0.0149999996647238
,True,True,0.5734581600770249,la,3652.0,0.0,8851.0,>,627.8200073242188
