commit_id,label,pred,score_or_proba,feature,value_actual,min,max,operator,threshold
,True,True,0.7533333333333333,ent,2.83806941650001,0.0,6.25828457562083,>,2.314999938011169
,True,True,0.7533333333333333,nuc,395.6875,0.0,2540.0,<,942.875
,True,True,0.7533333333333333,ndev,19.0625,0.0,57.5,>,8.849999904632568
