feature,value,importance,min,max,rule,importance_ratio
la,425,0.32823679335753564,0.0,5443.0,232.12256852430914 < la <= 634.8693949676458,0.7495289594845547
aexp,4,-0.034027219177339196,0.0,1586.0,aexp <= 7.469056931592149,0.07770118006351284
asexp,1.0,0.028439699799832976,0.0,601.0,1.223116260852592 < asexp <= 2.1975473009537083,0.06494207544796114
ld,88,-0.026502535644287277,0.0,7734.0,12.389426610235802 < ld <= 100.73397805831269,0.06051855967142423
ndev,2.0,0.00964051433147337,0.0,69.0,1.3178935157767122 < ndev <= 19.676973226328325,0.022014121579278102
