feature,value,importance,min,max,rule,importance_ratio
la,1402.0,0.21120578299433315,0.0,5443.0,la > 634.8693949676458,0.41981353050928016
ndev,5.21428571428571,0.11716153148723175,0.0,69.0,1.3178935157767122 < ndev <= 19.676973226328325,0.2328818627795275
ld,258.0,0.07192135739357995,0.0,7734.0,100.73397805831269 < ld <= 4104.509049685157,0.14295801250493526
ent,3.21131973991899,0.058760990705784125,0.0,6.1766722717358205,1.859443113064771 < ent <= 3.211235469649216,0.11679916437269199
age,12.5714285714286,0.016412444499730776,0.0,719.0,4.711007645331282 < age <= 231.9953250592234,0.0326230000525339
