feature,value,importance,min,max,rule,importance_ratio
la,1217,0.2705462443295564,0.0,5443.0,la > 634.8693949676458,0.8153261360731867
ld,33,-0.025184270432614175,0.0,7734.0,12.389426610235802 < ld <= 100.73397805831269,0.0758960596645115
ndev,16.2307692307692,0.01650611520786532,0.0,69.0,1.3178935157767122 < ndev <= 19.676973226328325,0.04974331529664285
asexp,47.0,0.005686329941588997,0.0,601.0,2.1975473009537083 < asexp <= 82.10089258924503,0.017136491512577002
ent,2.41440971961,0.0054844307795863835,0.0,6.1766722717358205,1.859443113064771 < ent <= 3.211235469649216,0.016528042247129105
