feature,value,importance,min,max,rule,importance_ratio
la,443,0.32845825886609614,0.0,5443.0,232.12256852430914 < la <= 634.8693949676458,0.8259111782417826
ld,82,-0.026962688509868955,0.0,7734.0,12.389426610235802 < ld <= 100.73397805831269,0.0677979171923652
asexp,0.499981116298762,0.018673816144232545,0.0,601.0,0.2486852207514758 < asexp <= 1.223116260852592,0.046955474790606626
ndev,6.95652173913043,0.008954232915013897,0.0,69.0,1.3178935157767122 < ndev <= 19.676973226328325,0.02251549735001607
ent,3.95283179812142,-0.00829700871550809,0.0,6.1766722717358205,ent > 3.2367409858111866,0.020862901325009
