feature,value,importance,min,max,rule,importance_ratio
ent,4.6814475496205805,0.236774309173534,0.0,6.1766722717358205,ent > 3.2367409858111866,0.38186323613716106
la,337.0,0.15585979118919877,0.0,5443.0,232.12256852430914 < la <= 634.8693949676458,0.2513664782928328
ndev,4.28571428571429,0.10689200447219403,0.0,69.0,1.3178935157767122 < ndev <= 19.676973226328325,0.1723925492061047
ld,228.0,0.07328647801662576,0.0,7734.0,100.73397805831269 < ld <= 4104.509049685157,0.11819446019379098
aexp,3.0,-0.01808809876146273,0.0,1586.0,aexp <= 7.469056931592149,0.029171999076801864
