feature,value,importance,min,max,rule,importance_ratio
ent,3.64518660419168,0.23789687228173784,0.0,6.1766722717358205,ent > 3.2367409858111866,0.4306255280032721
la,361.0,0.1558797269938052,0.0,5443.0,232.12256852430914 < la <= 634.8693949676458,0.2821633975171274
ndev,6.21052631578947,0.10658471111722524,0.0,69.0,1.3178935157767122 < ndev <= 19.676973226328325,0.1929327488071171
ld,77.0,-0.01842414882120901,0.0,7734.0,12.389426610235802 < ld <= 100.73397805831269,0.03335020228743478
age,7.84210526315789,0.013339591845170714,0.0,719.0,4.711007645331282 < age <= 231.9953250592234,0.02414646618334607
