feature,value,importance,min,max,rule,importance_ratio
la,856,0.2653050443970621,0.0,5443.0,la > 634.8693949676458,0.5865259078691542
ld,162,0.12637171616977982,0.0,7734.0,100.73397805831269 < ld <= 4104.509049685157,0.27937759617013885
asexp,0.987714171409607,0.023530290607773688,0.0,601.0,0.2486852207514758 < asexp <= 1.223116260852592,0.052019836609266984
ndev,10.2916666666667,0.016494154731616462,0.0,69.0,1.3178935157767122 < ndev <= 19.676973226328325,0.03646462546719213
ns,2,0.006388684132310914,1.0,17.0,1.4982210105975038 < ns <= 2.4933277552071154,0.01412385041267769
