commit_id,label,pred,score_or_proba,feature,value_actual,min,max,operator,threshold
,True,True,0.7757548206288397,la,1750.0,0.0,9389.0,<,126.0
,True,True,0.7757548206288397,age,6.8461538461538485,0.0,1019.0,<,19.13000011444092
,True,True,0.7757548206288397,ld,312.0,0.0,9950.0,<,349.9850006103516
