commit_id,label,pred,score_or_proba,feature,value_actual,min,max,operator,threshold
,True,True,0.6941335182926048,nd,3.0,1.0,33.0,>,3.190000057220459
,True,True,0.6941335182926048,nuc,11.5,0.0,1520.0,>,16.515000343322754
,True,True,0.6941335182926048,la,215.0,0.0,9389.0,<,126.5
,True,True,0.6941335182926048,age,47.5,0.0,1019.0,<,38.15999984741211
,True,True,0.6941335182926048,aexp,10.0,0.0,4144.0,<,70.51499938964844
