feature,value,importance,min,max,rule,importance_ratio
la,2474,0.3726276581883509,0.0,9886.0,la > 658.2665061764585,0.44696814843863697
nd,29,0.2721201477440546,1.0,51.0,nd > 14.503678360627504,0.3264090464496035
asexp,9.542280927900942e-41,0.1014409382531872,0.0,1042.0,asexp <= 0.24155171339806714,0.12167875183324926
ld,1167,-0.04249202883533709,0.0,9281.0,112.20019725353488 < ld <= 3343.50552216309,0.050969333688943914
age,20.6276595744681,0.02402680815705069,0.0,1520.0,4.1005163349584635 < age <= 191.44947579329659,0.02882023843066144
