feature,value,importance,min,max,rule,importance_ratio
la,943,0.29999504458437287,0.0,9886.0,la > 658.2665061764585,0.3320290088002366
ns,5,0.22110386518333605,1.0,25.0,3.5048193027889174 < ns <= 5.502199396395964,0.24471369952271668
age,241.91836734693905,-0.13909770890129672,0.0,1520.0,191.44947579329659 < age <= 478.3520664282412,0.15395079101012327
nd,15,0.09707296320998385,1.0,51.0,nd > 14.503678360627504,0.10743857386233549
asexp,0.240336085188929,0.07943169820830262,0.0,1042.0,asexp <= 0.24155171339806714,0.0879135455719327
