feature,value,importance,min,max,rule,importance_ratio
la,3004,0.42255147619338046,0.0,9886.0,la > 658.2665061764585,0.4659117068765772
ns,1,-0.18609661496875152,1.0,25.0,ns <= 1.4938515894974689,0.20519296797903952
nd,7,0.09442182323525862,1.0,51.0,5.4934450612931585 < nd <= 14.503678360627504,0.10411094341983738
asexp,3.0,0.08106783022521241,0.0,1042.0,0.24155171339806714 < asexp <= 14.706492054882105,0.08938662691057234
aexp,21,-0.0486850331630908,0.0,1411.0,2.7519982932250286 < aexp <= 111.43266686158816,0.05368086062484271
