feature,value,importance,min,max,rule,importance_ratio
la,2981,0.4156604714798833,0.0,9886.0,la > 658.2665061764585,0.5348583996630544
nd,11,0.11472512452177709,1.0,51.0,5.4934450612931585 < nd <= 14.503678360627504,0.14762456551231637
asexp,0.9999999916180968,0.0855999639782364,0.0,1042.0,0.24155171339806714 < asexp <= 14.706492054882105,0.1101472545166721
aexp,30,-0.07494691779011403,0.0,1411.0,2.7519982932250286 < aexp <= 111.43266686158816,0.09643926054883219
ns,2,0.04135049939299558,1.0,25.0,1.4938515894974689 < ns <= 2.4993354461431934,0.05320848011326018
