feature,value,importance,min,max,rule,importance_ratio
ns,1,-0.1426301890616612,1.0,25.0,ns <= 1.4938515894974689,0.252491902314638
aexp,1443,0.13540561602154405,0.0,1411.0,aexp > 1359.5074413885968,0.23970256085536518
la,6,-0.08996350278068803,0.0,9886.0,1.6467642511233578 < la <= 18.340486503462415,0.15925840178311818
asexp,34.0,-0.0679403664476213,0.0,1042.0,14.706492054882105 < asexp <= 620.167566348428,0.12027181959982822
nd,1,-0.0674193911481386,1.0,51.0,nd <= 1.4844866329549686,0.11934956011682031
