feature,value,importance,min,max,rule,importance_ratio
la,665,0.407966560523342,0.0,9886.0,la > 658.2665061764585,0.5536427237102627
nuc,1.25,-0.13468313993838832,0.0,251.0,1.014742797436913 < nuc <= 1.3648501486098876,0.18277561851560975
aexp,85,-0.05696700432884898,0.0,1411.0,2.7519982932250286 < aexp <= 111.43266686158816,0.0773087073552778
nd,2,-0.04407602154920446,1.0,51.0,1.4844866329549686 < nd <= 2.516495733319255,0.05981462938901238
ns,2,0.03752425824252553,1.0,25.0,1.4938515894974689 < ns <= 2.4993354461431934,0.05092337105263915
