feature,value,importance,min,max,rule,importance_ratio
la,1373,0.4201450013571734,0.0,9886.0,la > 658.2665061764585,0.555451254617972
nd,9,0.14147013903844985,1.0,51.0,5.4934450612931585 < nd <= 14.503678360627504,0.18703011095229888
ns,1,-0.09516601652863989,1.0,25.0,ns <= 1.4938515894974689,0.12581390497822514
asexp,7.0,0.04514294593173908,0.0,1042.0,0.24155171339806714 < asexp <= 14.706492054882105,0.05968107647107112
aexp,7,-0.04041562992081246,0.0,1411.0,2.7519982932250286 < aexp <= 111.43266686158816,0.05343134459097533
