feature,value,importance,min,max,rule,importance_ratio
la,1220,0.4292915636339872,0.0,9886.0,la > 658.2665061764585,0.5311507693952517
ns,1,-0.14874508747079992,1.0,25.0,ns <= 1.4938515894974689,0.18403824893526152
asexp,15.0,-0.07280601640052085,0.0,1042.0,14.706492054882105 < asexp <= 620.167566348428,0.09008090282601204
nd,1,-0.07115894740173749,1.0,51.0,nd <= 1.4844866329549686,0.08804302917542073
aexp,19,-0.04707523797392955,0.0,1411.0,2.7519982932250286 < aexp <= 111.43266686158816,0.0582449108891309
