feature,value,importance,min,max,rule,importance_ratio
aexp,1484,0.12619805858400174,0.0,1411.0,aexp > 1359.5074413885968,0.2716632250229671
ns,3,0.11560792238386267,1.0,25.0,2.4993354461431934 < ns <= 3.5048193027889174,0.248866118745399
asexp,6.69637982334542e-17,0.08936269272230575,0.0,1042.0,asexp <= 0.24155171339806714,0.1923687065718107
la,364,0.046963939790162466,0.0,9886.0,229.79430169975677 < la <= 452.37726506427714,0.10109803182659559
nd,3,-0.031170562004859168,1.0,51.0,2.516495733319255 < nd <= 3.508812175977223,0.06710004492170442
