feature,value,importance,min,max,rule,importance_ratio
la,2178,0.4119507785346965,0.0,9886.0,la > 658.2665061764585,0.43892573758986414
nd,20,0.29202769466147394,1.0,51.0,nd > 14.503678360627504,0.3111499673137752
ns,1,-0.13134327645194072,1.0,25.0,ns <= 1.4938515894974689,0.1399437687657676
asexp,19.0,-0.06906419973101222,0.0,1042.0,14.706492054882105 < asexp <= 620.167566348428,0.073586594291228
ld,2055,-0.025524521493962154,0.0,9281.0,112.20019725353488 < ld <= 3343.50552216309,0.027195893313312614
