feature,value,importance,min,max,rule,importance_ratio
la,951,0.31175308104644556,0.0,9886.0,la > 658.2665061764585,0.38562380066233515
ns,4,0.22672769037749818,1.0,25.0,3.5048193027889174 < ns <= 5.502199396395964,0.28045141810719837
nd,12,0.1404549180321295,1.0,51.0,5.4934450612931585 < nd <= 14.503678360627504,0.17373608347818467
asexp,0.396139711141586,-0.05001648439125121,0.0,1042.0,0.24155171339806714 < asexp <= 0.24155171339806714,0.061868023058444646
aexp,13,-0.030248697265246264,0.0,1411.0,2.7519982932250286 < aexp <= 111.43266686158816,0.03741620633019768
