feature,value,importance,min,max,rule,importance_ratio
la,7027,0.420417298784402,0.0,9886.0,la > 658.2665061764585,0.4981734248857722
ns,1,-0.14929691769563597,1.0,25.0,ns <= 1.4938515894974689,0.17690936369263324
nd,9,0.10862141406371444,1.0,51.0,5.4934450612931585 < nd <= 14.503678360627504,0.12871093082163118
asexp,6.0,0.07203141465674619,0.0,1042.0,0.24155171339806714 < asexp <= 14.706492054882105,0.08535361566394661
aexp,15,-0.04527482877225491,0.0,1411.0,2.7519982932250286 < aexp <= 111.43266686158816,0.053648402612846854
