feature,value,importance,min,max,rule,importance_ratio
la,3690,0.3164049101628127,0.0,9886.0,la > 658.2665061764585,0.46089600077272797
nd,22,0.1437691534811644,1.0,51.0,nd > 14.503678360627504,0.20942351318079225
ns,2,0.05017510215366595,1.0,25.0,1.4938515894974689 < ns <= 2.4993354461431934,0.07308832188820337
asexp,0.6157268742094859,0.047271392606041254,0.0,1042.0,0.24155171339806714 < asexp <= 0.24155171339806714,0.06885858943172173
age,11.84,-0.04604721177660669,0.0,1520.0,4.1005163349584635 < age <= 191.44947579329659,0.06707536790011306
