feature,value,importance,min,max,rule,importance_ratio
la,1396,0.3949024398987051,0.0,9886.0,la > 658.2665061764585,0.5860278496595438
nd,8,0.11607356206431332,1.0,51.0,5.4934450612931585 < nd <= 14.503678360627504,0.17225099950337425
asexp,0.5,0.06913069018590473,0.0,1042.0,0.24155171339806714 < asexp <= 0.24155171339806714,0.1025886538597168
ns,2,0.04308329313339292,1.0,25.0,1.4938515894974689 < ns <= 2.4993354461431934,0.06393480282798535
ld,203,-0.019708719000184196,0.0,9281.0,112.20019725353488 < ld <= 3343.50552216309,0.029247371118255806
