feature,value,importance,min,max,rule,importance_ratio
la,288.0,0.23179752426422967,0.0,8851.0,la > 127.55870158356693,0.677844033036187
nuc,40.3076923076923,-0.04134315042035652,0.0,2540.0,16.979309426715872 < nuc <= 47.171255295131715,0.12089951309148132
ld,141.0,0.02405962122369606,0.0,9293.0,49.90409840300467 < ld <= 956.0803284937488,0.07035739805832726
asexp,0.0010376573272888,0.0218696993797373,0.0,3637.0,asexp <= -0.6613834552044295,0.06395342347121764
age,53.0769230769231,0.008393858908041882,0.0,918.0,6.104315757675584 < age <= 152.17610991761703,0.024546108475593655
