feature,value,importance,min,max,rule,importance_ratio
la,113.0,0.1719452565402573,0.0,8851.0,63.87907576461171 < la <= 127.55870158356693,0.5587603598601542
nuc,533.222222222222,0.050167084362334996,0.0,2540.0,98.92887678384466 < nuc <= 651.0101726634492,0.16302501549305645
asexp,0.514720126831093,0.029135202256153413,0.0,3637.0,-0.6613834552044295 < asexp <= -0.6613834552044295,0.09467894854915719
ent,2.01614880018056,0.023339445587699667,0.0,6.25828457562083,2.005709603206336 < ent <= 3.1894578523081085,0.07584481990328268
age,20.7777777777778,0.010769543497934648,0.0,918.0,6.104315757675584 < age <= 152.17610991761703,0.03499715038097987
