feature,value,importance,min,max,rule,importance_ratio
la,99.0,0.1791093989855147,0.0,8851.0,63.87907576461171 < la <= 127.55870158356693,0.5671806851868076
nuc,13.2,-0.07287146971501683,0.0,2540.0,nuc <= 12.66617430265643,0.23076002910866547
ent,0.943096971697463,0.0177156975160269,0.0,6.25828457562083,0.03279585470338198 < ent <= 0.9973314650826041,0.056099799969263404
ndev,3.4,0.016889590527006657,0.0,57.5,3.020643397811622 < ndev <= 3.975725636739302,0.053483790252721354
age,13.2,0.013333225664758832,0.0,918.0,6.104315757675584 < age <= 152.17610991761703,0.04222194988717393
