feature,value,importance,min,max,rule,importance_ratio
la,147.0,0.24704240486061574,0.0,8851.0,la > 127.55870158356693,0.5923193586263439
nuc,946.4,0.0539039398535633,0.0,2540.0,nuc > 651.0101726634492,0.12924237480407458
ent,1.30513146320747,0.03165212008494202,0.0,6.25828457562083,0.9973314650826041 < ent <= 2.005709603206336,0.07589046697652903
arexp,1015.26666666669,0.02818237435889715,0.0,2480.61666666637,722.7612861410488 < arexp <= 1250.903619646496,0.06757125730802309
asexp,0.0620360895068831,0.01955772653465206,0.0,3637.0,-0.6613834552044295 < asexp <= -0.6613834552044295,0.046892435506084885
