feature,value,importance,min,max,rule,importance_ratio
la,358,0.22819290947544926,0.0,8851.0,la > 127.55870158356693,0.5792163456136146
nuc,19.75,-0.06078309109626807,0.0,2540.0,16.979309426715872 < nuc <= 47.171255295131715,0.15428419743983157
asexp,1.91097259521484,0.02994541377753832,0.0,3637.0,-0.6613834552044295 < asexp <= -0.6613834552044295,0.07600969362275223
ndev,2.0833333333333304,0.028252954471972506,0.0,57.5,1.0370110554233651 < ndev <= 2.9471755332787235,0.07171376656558372
ent,2.03522195604448,0.022143621494219643,0.0,6.25828457562083,2.005709603206336 < ent <= 3.1894578523081085,0.05620659971432155
