feature,value,importance,min,max,rule,importance_ratio
la,722,0.23429451566462312,0.0,8851.0,la > 127.55870158356693,0.6680343656419484
ld,1,-0.04395981974273091,0.0,9293.0,0.42007218644526745 < ld <= 0.42007218644526745,0.12534083528274328
asexp,1.16909826683098,0.032991521217527395,0.0,3637.0,-0.6613834552044295 < asexp <= -0.6613834552044295,0.09406737449911895
ent,3.16433398422954,0.018407696408300922,0.0,6.25828457562083,2.005709603206336 < ent <= 3.1894578523081085,0.05248511156211259
ndev,2.75,-0.008886417632106501,0.0,57.5,1.0370110554233651 < ndev <= 2.9471755332787235,0.025337478979624503
