feature,value,importance,min,max,rule,importance_ratio
la,190.0,0.24004130969708853,0.0,8851.0,la > 127.55870158356693,0.5394937571531788
nuc,787.5,0.07596576753578109,0.0,2540.0,nuc > 651.0101726634492,0.17073335166609702
ent,2.2045986519849903,0.03986874310089076,0.0,6.25828457562083,2.005709603206336 < ent <= 3.1894578523081085,0.0896051518616394
ld,15.0,0.03518045518061052,0.0,9293.0,6.605575463515187 < ld <= 18.97658201765504,0.0790682069169563
asexp,0.6368575109279829,0.02260798342493679,0.0,3637.0,-0.6613834552044295 < asexp <= -0.6613834552044295,0.05081152879463679
