feature,value,importance,min,max,rule,importance_ratio
la,1256,0.23433558040464275,0.0,8851.0,la > 127.55870158356693,0.5873519797936074
nuc,163.28125,0.05222517684276014,0.0,2540.0,98.92887678384466 < nuc <= 651.0101726634492,0.13090014312251955
ent,3.1725258604855,0.03861766504266573,0.0,6.25828457562083,2.005709603206336 < ent <= 3.1894578523081085,0.09679350433531822
asexp,0.0,-0.02349357928325313,0.0,3637.0,asexp <= -0.6613834552044295,0.058885638624015864
age,74.6875,0.01473990862226357,0.0,918.0,6.104315757675584 < age <= 152.17610991761703,0.03694494236135148
