feature,value,importance,min,max,rule,importance_ratio
nuc,1289.0,0.07845586255392824,0.0,2540.0,nuc > 651.0101726634492,0.31528031689025476
la,24.0,0.05937487191966302,0.0,8851.0,16.957246213802605 < la <= 33.715042481948714,0.23860203463166643
ld,11.0,0.04144189293667423,0.0,9293.0,6.605575463515187 < ld <= 18.97658201765504,0.16653711669571677
arexp,2.5,0.026056331214907386,0.0,2480.61666666637,arexp <= 26.57366470205011,0.10470917143746468
ent,1.7256531421256998,0.024062308556093467,0.0,6.25828457562083,0.9973314650826041 < ent <= 2.005709603206336,0.09669605329316965
