feature,value,importance,min,max,rule,importance_ratio
la,1261.0,0.22862549886305805,0.0,8851.0,la > 127.55870158356693,0.6912048643275102
asexp,0.498015385552507,0.03660712955124422,0.0,3637.0,-0.6613834552044295 < asexp <= -0.6613834552044295,0.11067455791553389
ent,4.569705407963401,0.01762378366051292,0.0,6.25828457562083,ent > 3.1894578523081085,0.053282092568768
nuc,77.8666666666667,-0.01402507540124729,0.0,2540.0,47.171255295131715 < nuc <= 98.92887678384466,0.04240209595216174
ld,617.0,0.013209901503266775,0.0,9293.0,49.90409840300467 < ld <= 956.0803284937488,0.03993757573740457
