feature,value,importance,min,max,rule,importance_ratio
la,263,0.2373899106280106,0.0,8851.0,la > 127.55870158356693,0.6904390157911732
nuc,281.304347826087,0.05408799445530488,0.0,2540.0,98.92887678384466 < nuc <= 651.0101726634492,0.1573127584026004
asexp,0.4044758880140129,0.02617589863572376,0.0,3637.0,-0.6613834552044295 < asexp <= -0.6613834552044295,0.07613154933032835
ent,3.6726387406928,0.017928549745591084,0.0,6.25828457562083,ent > 3.1894578523081085,0.052144466494644694
ndev,5.69565217391304,-0.004251007765092372,0.0,57.5,ndev > 3.975725636739302,0.01236388526237851
