feature,value,importance,min,max,rule,importance_ratio
la,1318,0.23131195818261893,0.0,8851.0,la > 127.55870158356693,0.600299098678868
nuc,197.32258064516105,0.037428380107069475,0.0,2540.0,98.92887678384466 < nuc <= 651.0101726634492,0.09713385775561761
ld,1025,-0.03379180433187654,0.0,9293.0,ld > 956.0803284937488,0.08769624295490663
arexp,716.1666666666838,0.03322101632478921,0.0,2480.61666666637,530.7095285027044 < arexp <= 722.7612861410488,0.08621493810200008
ent,2.48696529015262,0.028313973112971114,0.0,6.25828457562083,2.005709603206336 < ent <= 3.1894578523081085,0.07348021552052827
