feature,value,importance,min,max,rule,importance_ratio
la,52,0.11249796803931583,0.0,8851.0,33.715042481948714 < la <= 63.87907576461171,0.3074018077912055
nuc,1653.66666666667,0.0873941406388162,0.0,2540.0,nuc > 651.0101726634492,0.23880535169614914
arexp,0.0,0.06578999051686749,0.0,2480.61666666637,arexp <= 26.57366470205011,0.17977179829935644
ld,42,-0.03145209556413453,0.0,9293.0,18.97658201765504 < ld <= 49.90409840300467,0.08594316149655062
asexp,0.0,-0.030110740343017587,0.0,3637.0,asexp <= -0.6613834552044295,0.08227789511842887
