feature,value,importance,min,max,rule,importance_ratio
la,207,0.24949020045003728,0.0,8851.0,la > 127.55870158356693,0.5809108437142472
nuc,5.71428571428571,-0.06430962083495491,0.0,2540.0,nuc <= 12.66617430265643,0.1497379697911554
arexp,195.5,-0.037125881598761616,0.0,2480.61666666637,26.57366470205011 < arexp <= 346.65992743262416,0.08644358441441395
asexp,1.15547929956196,0.02709089419543906,0.0,3637.0,-0.6613834552044295 < asexp <= -0.6613834552044295,0.06307820577985974
age,42.2857142857143,0.020330635745682668,0.0,918.0,6.104315757675584 < age <= 152.17610991761703,0.0473376779647771
