feature,value,importance,min,max,rule,importance_ratio
la,361,0.23888164568653664,0.0,8851.0,la > 127.55870158356693,0.6345641731382867
nuc,899.2,0.07654188710140791,0.0,2540.0,nuc > 651.0101726634492,0.20332553871754597
asexp,1.66426022112117,0.026060245624105267,0.0,3637.0,-0.6613834552044295 < asexp <= -0.6613834552044295,0.06922632405982722
age,11.6,0.013032806671293298,0.0,918.0,6.104315757675584 < age <= 152.17610991761703,0.03462029142202315
arexp,879.4666666666991,0.010768536215121772,0.0,2480.61666666637,722.7612861410488 < arexp <= 1250.903619646496,0.02860549314962949
