feature,value,importance,min,max,rule,importance_ratio
la,1232,0.2126809698023655,0.0,8851.0,la > 127.55870158356693,0.5378658311825231
nuc,266.947368421053,0.0672759111139907,0.0,2540.0,98.92887678384466 < nuc <= 651.0101726634492,0.17013940590694865
asexp,1.15703902668251,0.042150163211049474,0.0,3637.0,-0.6613834552044295 < asexp <= -0.6613834552044295,0.10659690235124165
age,25.4736842105263,0.02772155855506912,0.0,918.0,6.104315757675584 < age <= 152.17610991761703,0.07010725570676515
arexp,77.0,-0.021113227795022543,0.0,2480.61666666637,26.57366470205011 < arexp <= 346.65992743262416,0.05339492211018423
