feature,value,importance,min,max,rule,importance_ratio
la,566.0,0.20896906251101147,0.0,8851.0,la > 127.55870158356693,0.48975205323836196
nuc,937.6,0.07925541308289664,0.0,2540.0,nuc > 651.0101726634492,0.18574759737728075
ent,0.703246681393214,0.0383890653875856,0.0,6.25828457562083,0.03279585470338198 < ent <= 0.9973314650826041,0.08997084721323795
arexp,32.0,-0.03190352225908216,0.0,2480.61666666637,26.57366470205011 < arexp <= 346.65992743262416,0.07477095099231704
ndev,28.2,-0.021871258558590463,0.0,57.5,ndev > 3.975725636739302,0.05125875408189833
