feature,value,importance,min,max,rule,importance_ratio
la,70.0,0.16695294061880855,0.0,8851.0,63.87907576461171 < la <= 127.55870158356693,0.3996978080277304
ld,27.0,0.06489026994777264,0.0,9293.0,18.97658201765504 < ld <= 49.90409840300467,0.1553521523150128
nuc,1076.2,0.04777369851233323,0.0,2540.0,nuc > 651.0101726634492,0.11437380201859129
asexp,0.925925925925926,0.04100996477297634,0.0,3637.0,-0.6613834552044295 < asexp <= -0.6613834552044295,0.09818091832523519
arexp,4.0,0.03551544064981418,0.0,2480.61666666637,arexp <= 26.57366470205011,0.08502661723869302
