feature,value,importance,min,max,rule,importance_ratio
la,338,0.2169938813406611,0.0,8851.0,la > 127.55870158356693,0.4796509225293143
ent,2.7643202257347297,0.047640486607985165,0.0,6.25828457562083,2.005709603206336 < ent <= 3.1894578523081085,0.10530621052577882
ld,125,0.04472085468377685,0.0,9293.0,49.90409840300467 < ld <= 956.0803284937488,0.09885255322797676
nuc,328.0,0.04262511502347259,0.0,2540.0,98.92887678384466 < nuc <= 651.0101726634492,0.09422005642559872
asexp,1.66426022112117,0.04206552411694526,0.0,3637.0,-0.6613834552044295 < asexp <= -0.6613834552044295,0.09298311696492575
