feature,value,importance,min,max,rule,importance_ratio
la,46,0.09844871218658173,0.0,8851.0,33.715042481948714 < la <= 63.87907576461171,0.3953726228748609
nuc,799.166666666667,0.06888130612043768,0.0,2540.0,nuc > 651.0101726634492,0.27662914082887863
ld,24,0.025385761936586836,0.0,9293.0,18.97658201765504 < ld <= 49.90409840300467,0.10194988900944849
asexp,1.25720880955949,0.018593703406222198,0.0,3637.0,-0.6613834552044295 < asexp <= -0.6613834552044295,0.07467280293867862
age,67.1666666666667,0.015440380188301999,0.0,918.0,6.104315757675584 < age <= 152.17610991761703,0.0620089737859065
