feature,value,importance,min,max,rule,importance_ratio
la,46.0,0.09499278090197825,0.0,8851.0,33.715042481948714 < la <= 63.87907576461171,0.3539902831445172
nuc,799.166666666667,0.06671803241610193,0.0,2540.0,nuc > 651.0101726634492,0.24862452663841486
asexp,1.25720880955949,0.02881869072232425,0.0,3637.0,-0.6613834552044295 < asexp <= -0.6613834552044295,0.10739275544713928
ent,1.50649728777597,0.02515828439923809,0.0,6.25828457562083,0.9973314650826041 < ent <= 2.005709603206336,0.09375226341785217
ld,24.0,0.024668027245136927,0.0,9293.0,18.97658201765504 < ld <= 49.90409840300467,0.09192532175822252
