feature,value,importance,min,max,rule,importance_ratio
la,581,0.2438028935843399,0.0,8851.0,la > 127.55870158356693,0.5101191362047242
ent,1.01858248687828,0.046230235181524776,0.0,6.25828457562083,0.9973314650826041 < ent <= 2.005709603206336,0.09672948212643963
arexp,5.5,-0.04373950390800456,0.0,2480.61666666637,arexp <= 26.57366470205011,0.09151801942767272
nuc,837.0,0.04353555431517929,0.0,2540.0,nuc > 651.0101726634492,0.09109128704319698
ld,30,0.04117966411547631,0.0,9293.0,18.97658201765504 < ld <= 49.90409840300467,0.08616195804304742
