feature,value,importance,min,max,rule,importance_ratio
la,100,0.17568045188080303,0.0,8851.0,63.87907576461171 < la <= 127.55870158356693,0.3719782122586128
nuc,1657.0,0.09688554527803968,0.0,2540.0,nuc > 651.0101726634492,0.20514127519821215
arexp,10.0,0.05388543397554931,0.0,2480.61666666637,arexp <= 26.57366470205011,0.11409469398794629
ndev,52.3333333333333,-0.044055840225422714,0.0,57.5,ndev > 3.975725636739302,0.093281936101364
ent,0.533506541391856,0.0355387785085889,0.0,6.25828457562083,0.03279585470338198 < ent <= 0.9973314650826041,0.07524827693663422
