feature,value,importance,min,max,rule,importance_ratio
la,73.0,0.21008619448433713,0.0,8851.0,63.87907576461171 < la <= 127.55870158356693,0.6059759246557876
nuc,821.833333333333,0.07905573650576275,0.0,2540.0,nuc > 651.0101726634492,0.22802961016077375
asexp,1.68516920438444,0.03921755084839573,0.0,3637.0,-0.6613834552044295 < asexp <= -0.6613834552044295,0.11311972067666613
arexp,62.0,-0.010114306525988454,0.0,2480.61666666637,26.57366470205011 < arexp <= 346.65992743262416,0.029173864871900792
ndev,26.8333333333333,0.004881090700291427,0.0,57.5,ndev > 3.975725636739302,0.01407909481009892
