feature,value,importance,min,max,rule,importance_ratio
la,396.0,0.25594473543420704,0.0,8851.0,la > 127.55870158356693,0.5825291992263705
nuc,567.777777777778,0.05314005333086349,0.0,2540.0,98.92887678384466 < nuc <= 651.0101726634492,0.12094654989155641
arexp,440.666666666665,-0.04533736435661515,0.0,2480.61666666637,346.65992743262416 < arexp <= 530.7095285027044,0.10318766083970592
asexp,0.931136402980458,0.027421357044957916,0.0,3637.0,-0.6613834552044295 < asexp <= -0.6613834552044295,0.0624108995014118
ld,181.0,0.023536644386587997,0.0,9293.0,49.90409840300467 < ld <= 956.0803284937488,0.05356930895153902
