feature,value,importance,min,max,rule,importance_ratio
la,2387,0.2397780540981196,0.0,8851.0,la > 127.55870158356693,0.6210024810277266
nuc,108.40350877193,0.05511140342266677,0.0,2540.0,98.92887678384466 < nuc <= 651.0101726634492,0.142733322226358
asexp,0.699999487173208,0.03499551061258426,0.0,3637.0,-0.6613834552044295 < asexp <= -0.6613834552044295,0.09063506248304896
ent,4.63906140385113,0.020448322070376047,0.0,6.25828457562083,ent > 3.1894578523081085,0.05295922008509255
age,75.4561403508772,0.014111964175336139,0.0,918.0,6.104315757675584 < age <= 152.17610991761703,0.0365486524528721
