feature,value,importance,min,max,rule,importance_ratio
nuc,1623.33333333333,0.0790914528578614,0.0,2540.0,nuc > 651.0101726634492,0.3377090455844024
la,24,0.048295659152204296,0.0,8851.0,16.957246213802605 < la <= 33.715042481948714,0.20621546790234968
asexp,1.4098538738451103,0.029687577079336856,0.0,3637.0,-0.6613834552044295 < asexp <= -0.6613834552044295,0.12676165323696803
ent,0.744194213826323,0.024199357178119937,0.0,6.25828457562083,0.03279585470338198 < ent <= 0.9973314650826041,0.10332774934689597
arexp,87.5,-0.02017286279985705,0.0,2480.61666666637,26.57366470205011 < arexp <= 346.65992743262416,0.08613520167707574
