feature,value,importance,min,max,rule,importance_ratio
la,209,0.19680226899919911,0.0,8851.0,la > 127.55870158356693,0.5191838403579957
nuc,1639.66666666667,0.07463951290631912,0.0,2540.0,nuc > 651.0101726634492,0.19690641347895557
ent,0.2049709381239939,0.045341168584606045,0.0,6.25828457562083,0.03279585470338198 < ent <= 0.9973314650826041,0.11961448489280817
asexp,1.72361189698143,0.044543330845848814,0.0,3637.0,-0.6613834552044295 < asexp <= -0.6613834552044295,0.11750971006832582
age,1.33333333333333,-0.011251047478804186,0.0,918.0,0.8718932803045476 < age <= 6.104315757675584,0.0296813754627975
