feature,value,importance,min,max,rule,importance_ratio
la,43,0.09521498016513645,0.0,8851.0,33.715042481948714 < la <= 63.87907576461171,0.36873083817387264
nuc,1022.2,0.07945347913395907,0.0,2540.0,nuc > 651.0101726634492,0.3076926330928575
asexp,1.6729214586464098,0.029161068922287516,0.0,3637.0,-0.6613834552044295 < asexp <= -0.6613834552044295,0.11292955548709205
ent,1.72705054125125,0.022791597476694268,0.0,6.25828457562083,0.9973314650826041 < ent <= 2.005709603206336,0.08826305300203341
ld,36,0.013342524680874943,0.0,9293.0,18.97658201765504 < ld <= 49.90409840300467,0.051670444087704756
