feature,value,importance,min,max,rule,importance_ratio
la,43.0,0.123623424507758,0.0,8851.0,33.715042481948714 < la <= 63.87907576461171,0.42025481777252827
ld,36.0,0.09681791661908827,0.0,9293.0,18.97658201765504 < ld <= 49.90409840300467,0.32913014720213796
arexp,487.916666666665,0.024158558250074687,0.0,2480.61666666637,346.65992743262416 < arexp <= 530.7095285027044,0.08212642980453118
nuc,1022.2,0.015877027620094776,0.0,2540.0,nuc > 651.0101726634492,0.053973568325100085
asexp,1.6729214586464098,-0.011754203489826425,0.0,3637.0,-0.6613834552044295 < asexp <= -0.6613834552044295,0.0399581282054537
