feature,value,importance,min,max,rule,importance_ratio
la,1248.0,0.23685302156994545,0.0,8851.0,la > 127.55870158356693,0.6114083579986919
nuc,577.333333333333,0.05282917128117269,0.0,2540.0,98.92887678384466 < nuc <= 651.0101726634492,0.13637232344918523
asexp,1.4254037607185,0.03442041627837255,0.0,3637.0,-0.6613834552044295 < asexp <= -0.6613834552044295,0.08885227665198434
ent,1.6100789661100805,0.0276803296569304,0.0,6.25828457562083,0.9973314650826041 < ent <= 2.005709603206336,0.07145353178198093
ld,10.0,0.020287341337186935,0.0,9293.0,6.605575463515187 < ld <= 18.97658201765504,0.05236939758214336
