feature,value,importance,min,max,rule,importance_ratio
la,475.0,0.22957266664792209,0.0,8851.0,la > 127.55870158356693,0.6214691108131442
nuc,640.8,0.049636887957403446,0.0,2540.0,98.92887678384466 < nuc <= 651.0101726634492,0.13437049398275303
asexp,1.68516920438444,0.03344389184543362,0.0,3637.0,-0.6613834552044295 < asexp <= -0.6613834552044295,0.09053493184006937
ld,12.0,0.023640713702057968,0.0,9293.0,6.605575463515187 < ld <= 18.97658201765504,0.06399704955267181
ent,1.64821751827914,0.01945181464234002,0.0,6.25828457562083,0.9973314650826041 < ent <= 2.005709603206336,0.052657409638476954
