feature,value,importance,min,max,rule,importance_ratio
la,352.0,0.22887397364755904,0.0,8851.0,la > 127.55870158356693,0.6769877895802902
asexp,1.91098757087728,0.030937397901009897,0.0,3637.0,-0.6613834552044295 < asexp <= -0.6613834552044295,0.09150992699861298
age,71.5789473684211,0.029120801201718966,0.0,918.0,6.104315757675584 < age <= 152.17610991761703,0.08613660401036619
ndev,2.5789473684210487,0.02252263779792881,0.0,57.5,1.0370110554233651 < ndev <= 2.9471755332787235,0.06661985430382261
ent,2.51081449676243,0.016135572419552623,0.0,6.25828457562083,2.005709603206336 < ent <= 3.1894578523081085,0.04772751279595798
