feature,value,importance,min,max,rule,importance_ratio
nuc,1531.5,0.07190749888825274,0.0,2540.0,nuc > 651.0101726634492,0.3202284120240186
la,17.0,0.0385068440761149,0.0,8851.0,16.957246213802605 < la <= 33.715042481948714,0.17148399987758758
ld,3.0,-0.034218948573240475,0.0,9293.0,0.42007218644526745 < ld <= 3.5128238249802237,0.15238855101565077
asexp,1.55438995361328,0.031656964916738875,0.0,3637.0,-0.6613834552044295 < asexp <= -0.6613834552044295,0.1409791713176034
age,4.5,0.018242159893960875,0.0,918.0,0.8718932803045476 < age <= 6.104315757675584,0.08123850759723282
