feature,value,importance,min,max,rule,importance_ratio
la,131.0,0.2258473271554472,0.0,8851.0,la > 127.55870158356693,0.5526699313856913
nuc,913.833333333333,0.08472519788225977,0.0,2540.0,nuc > 651.0101726634492,0.20733063299880744
ent,1.56157810837182,0.03432512697077708,0.0,6.25828457562083,0.9973314650826041 < ent <= 2.005709603206336,0.08399685666719196
asexp,0.7038053142305541,0.022366993912198256,0.0,3637.0,-0.6613834552044295 < asexp <= -0.6613834552044295,0.054734165537635576
ld,5.0,-0.014273287230526257,0.0,9293.0,3.5128238249802237 < ld <= 6.605575463515187,0.03492809400800983
