feature,value,importance,min,max,rule,importance_ratio
la,105,0.18796983809475082,0.0,8851.0,63.87907576461171 < la <= 127.55870158356693,0.45246408125767146
nuc,1352.0,0.08556487949237722,0.0,2540.0,nuc > 651.0101726634492,0.2059640790238196
asexp,0.931136402980458,0.04357867419960704,0.0,3637.0,-0.6613834552044295 < asexp <= -0.6613834552044295,0.10489866344521377
ld,28,0.040202408726417393,0.0,9293.0,18.97658201765504 < ld <= 49.90409840300467,0.09677162098514257
ndev,46.0,-0.02360642029053736,0.0,57.5,ndev > 3.975725636739302,0.05682325088324219
