feature,value,importance,min,max,rule,importance_ratio
la,540.0,0.22939153072538743,0.0,8851.0,la > 127.55870158356693,0.6042577372151541
nuc,407.666666666667,0.04568181338941857,0.0,2540.0,98.92887678384466 < nuc <= 651.0101726634492,0.120333950879905
asexp,1.26025780221448,0.025873250712365844,0.0,3637.0,-0.6613834552044295 < asexp <= -0.6613834552044295,0.0681547042317386
ent,2.9735453989960496,0.023324119656666576,0.0,6.25828457562083,2.005709603206336 < ent <= 3.1894578523081085,0.06143984357968731
ld,77.0,0.021932005349060327,0.0,9293.0,49.90409840300467 < ld <= 956.0803284937488,0.057772769042109824
