feature,value,importance,min,max,rule,importance_ratio
la,79.0,0.16806377102516518,0.0,8851.0,63.87907576461171 < la <= 127.55870158356693,0.48494600589580267
nuc,932.5,0.07489906061773255,0.0,2540.0,nuc > 651.0101726634492,0.2161203456899602
ndev,32.0,0.03445581478391406,0.0,57.5,ndev > 3.975725636739302,0.09942184241981994
age,52.1666666666667,0.025495221735789702,0.0,918.0,6.104315757675584 < age <= 152.17610991761703,0.07356615810047344
ent,2.10929664237446,0.023873368633471326,0.0,6.25828457562083,2.005709603206336 < ent <= 3.1894578523081085,0.06888632032626782
