feature,value,importance,min,max,rule,importance_ratio
la,255.0,0.2373308666555221,0.0,8851.0,la > 127.55870158356693,0.5637322354638278
nuc,1301.75,0.06434077598893652,0.0,2540.0,nuc > 651.0101726634492,0.15282870698975143
arexp,1072.31666666673,0.031776633230473174,0.0,2480.61666666637,722.7612861410488 < arexp <= 1250.903619646496,0.07547906742585517
ent,1.50914622890787,0.026525112135904805,0.0,6.25828457562083,0.9973314650826041 < ent <= 2.005709603206336,0.06300512432715377
asexp,1.25720880955949,0.024814993624572793,0.0,3637.0,-0.6613834552044295 < asexp <= -0.6613834552044295,0.05894307818504553
