feature,value,importance,min,max,rule,importance_ratio
la,227.0,0.21807832812616695,0.0,8851.0,la > 127.55870158356693,0.48779771074724965
nuc,1030.83333333333,0.07373654771345897,0.0,2540.0,nuc > 651.0101726634492,0.1649339458995734
ent,2.32546477511608,0.06027103897147653,0.0,6.25828457562083,2.005709603206336 < ent <= 3.1894578523081085,0.13481428937604203
arexp,47.5,0.030999549289614847,0.0,2480.61666666637,26.57366470205011 < arexp <= 346.65992743262416,0.06933980697486941
asexp,1.3332762276899,0.02515296958487489,0.0,3637.0,-0.6613834552044295 < asexp <= -0.6613834552044295,0.05626217463891571
