feature,value,importance,min,max,rule,importance_ratio
la,7.0,-0.1708430933372719,0.0,8851.0,0.19944994565651086 < la <= 6.9025684529149345,0.5088408049751084
ld,3.0,0.05595245519763392,0.0,9293.0,0.42007218644526745 < ld <= 3.5128238249802237,0.16664936104201525
ent,1.15677964944704,0.0337679659448913,0.0,6.25828457562083,0.9973314650826041 < ent <= 2.005709603206336,0.10057485285547638
nuc,1767.66666666667,0.024455857543998025,0.0,2540.0,nuc > 651.0101726634492,0.07283957458249594
age,55.3333333333333,0.01984231250398763,0.0,918.0,6.104315757675584 < age <= 152.17610991761703,0.05909854516134549
