feature,value,importance,min,max,rule,importance_ratio
la,254.0,0.19580536630859977,0.0,8851.0,la > 127.55870158356693,0.5134174771651618
nuc,1743.33333333333,0.04023424947206952,0.0,2540.0,nuc > 651.0101726634492,0.10549745009044947
age,63.3333333333333,0.03503525549075002,0.0,918.0,6.104315757675584 < age <= 152.17610991761703,0.09186526817425504
ld,109.0,0.0319167094048301,0.0,9293.0,49.90409840300467 < ld <= 956.0803284937488,0.08368818858731027
arexp,41.0,-0.028772210181766688,0.0,2480.61666666637,26.57366470205011 < arexp <= 346.65992743262416,0.0754430577796664
