feature,value,importance,min,max,rule,importance_ratio
la,91.0,0.16111703915276285,0.0,8851.0,63.87907576461171 < la <= 127.55870158356693,0.5331833739471937
nuc,469.133333333333,0.04432799115766434,0.0,2540.0,98.92887678384466 < nuc <= 651.0101726634492,0.146694278954167
asexp,0.4600635908095999,0.035670060584568786,0.0,3637.0,-0.6613834552044295 < asexp <= -0.6613834552044295,0.118042656142338
age,38.2,0.02799690321479983,0.0,918.0,6.104315757675584 < age <= 152.17610991761703,0.09264993569045506
ld,16.0,0.015607010417536477,0.0,9293.0,6.605575463515187 < ld <= 18.97658201765504,0.051648159098561755
