feature,value,importance,min,max,rule,importance_ratio
la,99,0.20049781069870867,0.0,8851.0,63.87907576461171 < la <= 127.55870158356693,0.551635796242861
nuc,1373.25,0.06327609798988457,0.0,2540.0,nuc > 651.0101726634492,0.17409347551552132
arexp,68.3333333333333,-0.02847206759655718,0.0,2480.61666666637,26.57366470205011 < arexp <= 346.65992743262416,0.07833607571361145
ld,25,0.023900645653168174,0.0,9293.0,18.97658201765504 < ld <= 49.90409840300467,0.06575858185013496
age,27.75,0.018208101298760236,0.0,918.0,6.104315757675584 < age <= 152.17610991761703,0.05009650939832913
