feature,value,importance,min,max,rule,importance_ratio
la,202.0,0.24267839400966376,0.0,8851.0,la > 127.55870158356693,0.4682804366136371
nuc,590.2,0.08449707249384997,0.0,2540.0,98.92887678384466 < nuc <= 651.0101726634492,0.16304840882711027
ent,2.61511717018913,0.05191385404997244,0.0,6.25828457562083,2.005709603206336 < ent <= 3.1894578523081085,0.10017472853331007
asexp,1.4254120125038,0.04451235864335015,0.0,3637.0,-0.6613834552044295 < asexp <= -0.6613834552044295,0.08589255267356338
age,50.9,0.03696606091375028,0.0,918.0,6.104315757675584 < age <= 152.17610991761703,0.0713309613540955
