feature,value,importance,min,max,rule,importance_ratio
la,636,0.2328288078651117,0.0,8851.0,la > 127.55870158356693,0.615943147322397
nuc,414.066666666667,0.05176785667283278,0.0,2540.0,98.92887678384466 < nuc <= 651.0101726634492,0.13695064997142625
asexp,0.732251158794228,0.034664921694211946,0.0,3637.0,-0.6613834552044295 < asexp <= -0.6613834552044295,0.09170523684675354
ent,3.1972603901416896,0.023928036465971213,0.0,6.25828457562083,ent > 3.1894578523081085,0.06330105894213041
arexp,205.5,-0.01080945657419672,0.0,2480.61666666637,26.57366470205011 < arexp <= 346.65992743262416,0.02859616369728951
