feature,value,importance,min,max,rule,importance_ratio
la,494.0,0.21368550750442628,0.0,8851.0,la > 127.55870158356693,0.5558996280625635
nuc,628.0,0.0445681135440951,0.0,2540.0,98.92887678384466 < nuc <= 651.0101726634492,0.11594327585411646
ent,2.4111204706076204,0.03959714818258924,0.0,6.25828457562083,2.005709603206336 < ent <= 3.1894578523081085,0.10301138436626833
age,115.777777777778,0.027288231538288334,0.0,918.0,6.104315757675584 < age <= 152.17610991761703,0.07098992318094094
asexp,0.666666666666667,0.0229131734934706,0.0,3637.0,-0.6613834552044295 < asexp <= -0.6613834552044295,0.05960827559861285
