feature,value,importance,min,max,rule,importance_ratio
la,180.0,0.23505705696539858,0.0,8851.0,la > 127.55870158356693,0.554529388944359
nuc,943.0,0.08700288419206847,0.0,2540.0,nuc > 651.0101726634492,0.20525083071437641
asexp,1.25720880955949,0.04664776461088989,0.0,3637.0,-0.6613834552044295 < asexp <= -0.6613834552044295,0.11004798894042513
ld,29.0,0.03003350165275738,0.0,9293.0,18.97658201765504 < ld <= 49.90409840300467,0.07085283689999809
ent,1.33690984270705,0.013245430504241085,0.0,6.25828457562083,0.9973314650826041 < ent <= 2.005709603206336,0.03124764930968652
