feature,value,importance,min,max,rule,importance_ratio
la,1068.0,0.20949774489653822,0.0,8851.0,la > 127.55870158356693,0.625792577267218
ld,920.0,0.04906319673840048,0.0,9293.0,49.90409840300467 < ld <= 956.0803284937488,0.14655711139542463
nuc,478.0,0.04418971007318474,0.0,2540.0,98.92887678384466 < nuc <= 651.0101726634492,0.13199947602799414
age,35.3333333333333,0.017671374657498812,0.0,918.0,6.104315757675584 < age <= 152.17610991761703,0.05278632042665734
arexp,0.0,0.01002909271704076,0.0,2480.61666666637,arexp <= 26.57366470205011,0.029957992064059354
