feature,value,importance,min,max,rule,importance_ratio
la,38.0,0.1162009779185278,0.0,8851.0,33.715042481948714 < la <= 63.87907576461171,0.32912121322576665
nuc,1718.75,0.09547026584052133,0.0,2540.0,nuc > 651.0101726634492,0.27040469265628136
ld,6.0,0.0348058088202214,0.0,9293.0,3.5128238249802237 < ld <= 6.605575463515187,0.09858204493121436
age,94.5,0.02742483941955115,0.0,918.0,6.104315757675584 < age <= 152.17610991761703,0.07767659604907101
ent,1.34992892851346,0.024002026088043187,0.0,6.25828457562083,0.9973314650826041 < ent <= 2.005709603206336,0.0679820091661528
