feature,value,importance,min,max,rule,importance_ratio
la,38,0.0918112991228819,0.0,8851.0,33.715042481948714 < la <= 63.87907576461171,0.3626855273291177
nuc,1718.75,0.06718795715704211,0.0,2540.0,nuc > 651.0101726634492,0.26541504046308373
asexp,0.931136402980458,0.03141558996741383,0.0,3637.0,-0.6613834552044295 < asexp <= -0.6613834552044295,0.12410215215925564
ent,1.34992892851346,0.023651423145693188,0.0,6.25828457562083,0.9973314650826041 < ent <= 2.005709603206336,0.09343108046209916
ld,6,0.022669896653207927,0.0,9293.0,3.5128238249802237 < ld <= 6.605575463515187,0.08955372051930978
