feature,value,importance,min,max,rule,importance_ratio
la,1891,0.23987118052460074,0.0,8851.0,la > 127.55870158356693,0.683160091396448
nuc,252.153846153846,0.053275200020196124,0.0,2540.0,98.92887678384466 < nuc <= 651.0101726634492,0.15172931752519797
asexp,0.8509190901805991,0.026408516537950153,0.0,3637.0,-0.6613834552044295 < asexp <= -0.6613834552044295,0.07521222237808746
ent,3.7426267065757104,0.012104708373686199,0.0,6.25828457562083,ent > 3.1894578523081085,0.03447456114073159
ld,1371,0.011551330398227172,0.0,9293.0,ld > 956.0803284937488,0.03289852458867652
