feature,value,importance,min,max,rule,importance_ratio
la,676.0,0.21976773094221544,0.0,8851.0,la > 127.55870158356693,0.5572686805187068
nuc,652.25,0.06562874643959984,0.0,2540.0,nuc > 651.0101726634492,0.166415900895427
asexp,1.0250560999813,0.054986452531926674,0.0,3637.0,-0.6613834552044295 < asexp <= -0.6613834552044295,0.13943005971576505
age,51.3333333333333,0.014315087305385846,0.0,918.0,6.104315757675584 < age <= 152.17610991761703,0.036299004316880275
ent,2.03121415966757,0.011746684876984988,0.0,6.25828457562083,2.005709603206336 < ent <= 3.1894578523081085,0.029786263678481802
