feature,value,importance,min,max,rule,importance_ratio
la,99.0,0.1618940872287101,0.0,8851.0,63.87907576461171 < la <= 127.55870158356693,0.4813147174658695
nuc,1090.83333333333,0.06919359107880078,0.0,2540.0,nuc > 651.0101726634492,0.20571408326662988
ent,1.6161707325286103,0.03646252843729241,0.0,6.25828457562083,0.9973314650826041 < ent <= 2.005709603206336,0.1084039069820602
asexp,0.931136402980458,0.028803696711525054,0.0,3637.0,-0.6613834552044295 < asexp <= -0.6613834552044295,0.08563403013659733
ld,15.0,0.01544769423565731,0.0,9293.0,6.605575463515187 < ld <= 18.97658201765504,0.045926338100481225
