feature,value,importance,min,max,rule,importance_ratio
la,1046,0.24693604258048366,0.0,8851.0,la > 127.55870158356693,0.5629048890439322
nuc,363.55,0.057561030046966714,0.0,2540.0,98.92887678384466 < nuc <= 651.0101726634492,0.13121367335949627
ent,3.09602575247561,-0.044936112658615884,0.0,6.25828457562083,2.005709603206336 < ent <= 3.1894578523081085,0.1024344492032568
asexp,0.8509190901805991,0.04299778947549143,0.0,3637.0,-0.6613834552044295 < asexp <= -0.6613834552044295,0.09801593020163178
ndev,15.1,0.023659337174166694,0.0,57.5,ndev > 3.975725636739302,0.053932817695240144
