feature,value,importance,min,max,rule,importance_ratio
la,758,0.24634125318949993,0.0,8851.0,la > 127.55870158356693,0.5626731906965657
nuc,891.1428571428571,0.1015030268420925,0.0,2540.0,nuc > 651.0101726634492,0.23184517915342706
ld,30,0.04829517225621426,0.0,9293.0,18.97658201765504 < ld <= 49.90409840300467,0.11031200952663914
ndev,43.0,0.015178894957215378,0.0,57.5,ndev > 3.975725636739302,0.034670430332894124
ent,1.75904518615564,-0.009169751561643034,0.0,6.25828457562083,0.9973314650826041 < ent <= 2.005709603206336,0.020944820659475418
