feature,value,importance,min,max,rule,importance_ratio
la,58.0,0.11636681600772897,0.0,8851.0,33.715042481948714 < la <= 63.87907576461171,0.3874997046325566
nuc,566.818181818182,0.07437978435810641,0.0,2540.0,98.92887678384466 < nuc <= 651.0101726634492,0.24768353606482754
ent,2.13454554988671,0.037035013182539954,0.0,6.25828457562083,2.005709603206336 < ent <= 3.1894578523081085,0.123326023359992
asexp,0.8509190901805991,0.03421455394550562,0.0,3637.0,-0.6613834552044295 < asexp <= -0.6613834552044295,0.1139339375508694
age,12.0909090909091,0.01416124984713272,0.0,918.0,6.104315757675584 < age <= 152.17610991761703,0.04715674383174061
