feature,value,importance,min,max,rule,importance_ratio
la,137.0,0.23372290885693742,0.0,8851.0,la > 127.55870158356693,0.6089704415814334
nuc,571.4545454545449,0.052025719229004945,0.0,2540.0,98.92887678384466 < nuc <= 651.0101726634492,0.13555421403672308
asexp,1.48209948469796,0.03836011242164994,0.0,3637.0,-0.6613834552044295 < asexp <= -0.6613834552044295,0.09994815961675556
ent,2.5701564441605296,0.018516906348550168,0.0,6.25828457562083,2.005709603206336 < ent <= 3.1894578523081085,0.048246227513370855
arexp,133.88333333333298,0.01348986727655317,0.0,2480.61666666637,26.57366470205011 < arexp <= 346.65992743262416,0.03514816101020674
