feature,value,importance,min,max,rule,importance_ratio
la,442.0,0.2419049610255488,0.0,8851.0,la > 127.55870158356693,0.7005564052518314
ent,2.11384024100568,0.03879879324759807,0.0,6.25828457562083,2.005709603206336 < ent <= 3.1894578523081085,0.11236124720392004
arexp,296.016666666666,0.019663794800168923,0.0,2480.61666666637,26.57366470205011 < arexp <= 346.65992743262416,0.05694632032520029
nuc,823.25,0.01956703921086659,0.0,2540.0,nuc > 651.0101726634492,0.05666611628332243
ld,71.0,0.015590147107414258,0.0,9293.0,49.90409840300467 < ld <= 956.0803284937488,0.045149042700963316
