feature,value,importance,min,max,rule,importance_ratio
la,199.0,0.1984599879436703,0.0,8851.0,la > 127.55870158356693,0.5545262842713093
nuc,946.428571428571,0.08196240183261515,0.0,2540.0,nuc > 651.0101726634492,0.2290149596859412
arexp,292.966666666665,-0.03153981218608885,0.0,2480.61666666637,26.57366470205011 < arexp <= 346.65992743262416,0.08812685639752721
asexp,0.931136402980458,0.01574992566363609,0.0,3637.0,-0.6613834552044295 < asexp <= -0.6613834552044295,0.044007599951504536
ent,2.1459998300563203,0.011707412351115259,0.0,6.25828457562083,2.005709603206336 < ent <= 3.1894578523081085,0.032712225455433605
