feature,value,importance,min,max,rule,importance_ratio
la,366,0.23370607306217944,0.0,8851.0,la > 127.55870158356693,0.5148308060980853
nuc,742.555555555556,0.07735877668559081,0.0,2540.0,nuc > 651.0101726634492,0.1704135491130702
ent,2.51164688317779,0.03790125088983969,0.0,6.25828457562083,2.005709603206336 < ent <= 3.1894578523081085,0.0834926165677792
asexp,0.514720126831093,0.03111922883997197,0.0,3637.0,-0.6613834552044295 < asexp <= -0.6613834552044295,0.06855250896527193
age,236.77777777777803,-0.026324916846026277,0.0,918.0,152.17610991761703 < age <= 385.89098057352334,0.057991125274262416
