feature,value,importance,min,max,rule,importance_ratio
la,122.0,0.13416988380805953,0.0,8851.0,63.87907576461171 < la <= 127.55870158356693,0.34620628509753687
asexp,0.931136402980458,0.10246866837239657,0.0,3637.0,-0.6613834552044295 < asexp <= -0.6613834552044295,0.2644058115668421
nuc,1093.14285714286,0.06801559047603534,0.0,2540.0,nuc > 651.0101726634492,0.17550454870416396
ent,2.25238763532462,0.024703720950284783,0.0,6.25828457562083,2.005709603206336 < ent <= 3.1894578523081085,0.06374443515595068
ld,28.0,0.02205930108003917,0.0,9293.0,18.97658201765504 < ld <= 49.90409840300467,0.056920886133387916
