feature,value,importance,min,max,rule,importance_ratio
la,207,0.21082721548459113,0.0,8960.0,143.122304060467 < la <= 476.1618029404084,0.4247374995073406
nd,5,0.06290864551935646,1.0,32.0,3.5021749794480725 < nd <= 9.505482373642016,0.12673724658303429
age,96.8181818181818,0.05642621889061717,0.0,1848.0,69.01912192572016 < age <= 536.7965087044349,0.11367759642969931
ns,4,0.055837723435221455,1.0,22.0,1.5032147725771707 < ns <= 5.499821160683655,0.11249199955302625
asexp,0.5,0.05217122706960827,0.0,1051.0,0.4721763844552811 < asexp <= 0.4721763844552811,0.10510538917303422
