feature,value,importance,min,max,rule,importance_ratio
la,742,0.2913330968961686,0.0,8960.0,la > 476.1618029404084,0.6368396984431861
ns,1,-0.058592515880910696,1.0,22.0,ns <= 1.5032147725771707,0.12808033327543805
nuc,7.0,-0.033148894608625856,0.0,258.0,2.691750895275984 < nuc <= 12.62508428119034,0.07246183928702774
aexp,181,-0.027883940148094373,0.0,1406.0,0.37596446854337273 < aexp <= 288.3855622881154,0.060952910000641285
nd,2,-0.023207851165423888,1.0,32.0,1.4941000322612483 < nd <= 2.4981375058546607,0.0507312114386042
