feature,value,importance,min,max,rule,importance_ratio
la,1919,0.28840199851420817,0.0,8960.0,la > 476.1618029404084,0.4859947891340107
nd,10,0.08699392163648263,1.0,32.0,nd > 9.505482373642016,0.14659604586471048
age,203.93023255814,0.05525830943127083,0.0,1848.0,69.01912192572016 < age <= 536.7965087044349,0.09311742144057768
ns,5,0.05198802027148126,1.0,22.0,1.5032147725771707 < ns <= 5.499821160683655,0.08760655986955124
nuc,7.3953488372092995,-0.0331373917438416,0.0,258.0,2.691750895275984 < nuc <= 12.62508428119034,0.055840804834804254
