feature,value,importance,min,max,rule,importance_ratio
nuc,33.5,0.10778370365144153,0.0,258.0,nuc > 28.879629821777467,0.3078806047682166
age,504.5,0.056773706887634084,0.0,1848.0,69.01912192572016 < age <= 536.7965087044349,0.1621722265921085
asexp,0.166338686541857,0.05405877748047811,0.0,1051.0,0.4721763844552811 < asexp <= 0.4721763844552811,0.15441712002719302
ns,2,0.05001296027606102,1.0,22.0,1.5032147725771707 < ns <= 5.499821160683655,0.142860376238672
la,51,0.048482511628933356,0.0,8960.0,29.88887444128696 < la <= 53.20163936288285,0.13848870001043484
