feature,value,importance,min,max,rule,importance_ratio
la,247,0.20993139500869082,0.0,8960.0,143.122304060467 < la <= 476.1618029404084,0.3892534735913068
nuc,29.25,0.10966006955904949,0.0,258.0,nuc > 28.879629821777467,0.20333101196396672
nd,4,0.061370319566780546,1.0,32.0,3.5021749794480725 < nd <= 9.505482373642016,0.11379246094081792
age,261.0,0.05707984464845187,0.0,1848.0,69.01912192572016 < age <= 536.7965087044349,0.10583708930501912
ns,2,0.053734091332876766,1.0,22.0,1.5032147725771707 < ns <= 5.499821160683655,0.0996334145292033
