commit_id,label,pred,score_or_proba,feature,value_actual,min,max,operator,threshold
,True,True,0.5719488440848367,arexp,270.0,0.0,907.416666666682,<,288.0950012207031
,True,True,0.5719488440848367,la,145.0,0.0,5213.0,<,78.5
,True,True,0.5719488440848367,ld,51.0,0.0,4850.0,<,32.30500030517578
,True,True,0.5719488440848367,nd,4.0,1.0,33.0,<,3.4800000190734863
