commit_id,label,pred,score_or_proba,feature,value_actual,min,max,operator,threshold
,True,True,0.6190992358896046,arexp,580.5,0.0,907.416666666682,>,442.3049926757813
,True,True,0.6190992358896046,nd,2.0,1.0,33.0,<,1.5
,True,True,0.6190992358896046,la,130.0,0.0,5213.0,<,50.0
