rule,type,coef,support,importance,Class
age > -77.53499984741211 & la > 2.0299999713897705 & age > -0.7449999749660492,rule,0.10337123900141884,0.7296587926509186,0.04591089471032967,Defect
ld > -2.725000023841858 & age > -1.5099999904632568,rule,0.10700134370873052,0.8136482939632546,0.04166527735266013,Defect
arexp > 0.8500000238418579 & la > 0.6450000107288361,rule,0.08387570197451076,0.7690288713910761,0.03534974932799031,Defect
la > -0.014999999664723873 & arexp > 0.3449999988079071,rule,0.08787448894559417,0.8083989501312336,0.03458395241194745,Defect
la > -0.014999999664723873 & arexp > 0.28999999165534973,rule,0.08787448894559417,0.8136482939632546,0.0342174670638525,Defect
