rule,type,coef,support,importance,Class
nuc > -4.650000095367432 & la > 0.14499999582767487,rule,9.130381699056309e-23,0.7506561679790026,3.950106248643495e-23,Defect
la > -0.5600000023841858 & nuc > -2.7949999570846558,rule,9.162456906224519e-23,0.7769028871391076,3.814541004787223e-23,Defect
nuc > -3.4600000381469727 & la > -0.8199999928474426,rule,9.200344750492823e-23,0.7874015748031497,3.7642829657487806e-23,Defect
nuc > -5.879999876022339 & la > -0.17000000178813934,rule,9.198744398817636e-23,0.7874015748031497,3.763628188486245e-23,Defect
la > 0.255000002682209 & nuc > -1.850000023841858,rule,9.077456471000822e-23,0.7795275590551181,3.7631979808409944e-23,Defect
