rule,type,coef,support,importance,Class
age > -4.085000157356262 & ld > 0.009999999776482582,rule,0.3040903861757813,0.7900262467191601,0.12385283605014791,Defect
arexp > 1.2899999618530273 & age > -1.9200000166893005,rule,0.27066533034743284,0.8267716535433071,0.10243182236803205,Defect
nuc > -13.880000114440918 & la > 0.6550000011920929,rule,0.2626587506051446,0.8162729658792651,0.10171760196698439,Defect
nuc > -5.259999990463257 & la > 3.034999966621399,rule,0.2270391078718799,0.7244094488188977,0.10144365455729969,Defect
ld > -0.23999999463558197 & arexp > -230.8899917602539,rule,0.2678108398503228,0.863517060367454,0.091939639505458,Defect
