rule,type,coef,support,importance,Class
arexp > -673.1549987792969 & la > -0.19999998807907104 & nuc > -3.765000104904175,rule,0.2363651605813917,0.7900262467191601,0.0962690595043399,Defect
la > -0.940000057220459 & nd > 0.35500000417232513 & arexp > -238.5,rule,0.2565690277793682,0.8320209973753281,0.0959177253156534,Defect
nd > 0.22999999672174454 & la > 2.634999990463257,rule,0.23571370976067157,0.7926509186351706,0.09556016357338261,Defect
la > 2.634999990463257 & nd > 0.17999999970197678,rule,0.21790291576382875,0.800524934383202,0.08707526036602456,Defect
nd > -6.675000190734863 & nuc > -1.840000033378601 & la > -0.5799999833106995,rule,0.20304590233311196,0.7690288713910761,0.08557450585310558,Defect
