rule,type,coef,support,importance,Class
la > 9.875,rule,0.08686869056536531,0.6482939632545932,0.04148004083555412,Defect
la > -0.17499999701976776 & arexp > 0.5 & arexp <= 1691.135009765625,rule,0.08800389576932621,0.7664041994750657,0.03723602827045922,Defect
la > -0.17499999701976776 & nd > -0.26499999314546585 & nuc > -0.4100000113248825,rule,0.08720027297865457,0.8110236220472441,0.03413802221999617,Defect
nuc <= 105.6500015258789 & age > -0.875 & la > -0.3149999976158142,rule,0.08233884066068609,0.7821522309711286,0.033988104928643445,Defect
la > -0.3149999976158142 & age > -0.9800000190734863,rule,0.08625323469315266,0.8083989501312336,0.03394589032377054,Defect
