rule,type,coef,support,importance,Class
la > 6.7200000286102295 & nd > -0.06500000134110451,rule,0.36721909728302116,0.7217847769028871,0.16455821299724813,Defect
age > -1.2649999856948853 & ld > -0.1850000023841858,rule,0.3751445238042208,0.7926509186351706,0.152086495498241,Defect
age > -3.9250000715255737 & ld > -0.30000001192092896,rule,0.3632747583444964,0.8372703412073491,0.13409155685958352,Defect
la > 3.375 & nuc > -0.6050000190734863,rule,0.2568032748693245,0.7349081364829396,0.11334837142904057,Defect
la > 3.375 & nd > 0.17000000178813934,rule,0.2521653856049605,0.7506561679790026,0.10909511761952986,Defect
