rule,type,coef,support,importance,Class
nuc > -6.099999904632568 & la > 2.049999952316284 & age > -82.68499946594238,rule,0.37857253812393266,0.7690288713910761,0.15955090699817814,Defect
la > 7.474999904632568,rule,0.3258651550590484,0.7060367454068242,0.14845611776837653,Defect
nd > -0.33500000461935997 & nuc > -3.740000009536743,rule,0.4313882987208263,0.868766404199475,0.14566069714598037,Defect
arexp > -607.4800109863281 & ld > 0.12999999895691872 & age > -10.53000020980835,rule,0.353943319876576,0.7952755905511811,0.14281616273852185,Defect
age > -5.039999961853027 & ld > 0.12999999895691872,rule,0.3632382890046252,0.8320209973753281,0.13579577679514157,Defect
