commit_id,label,pred,score_or_proba,feature,value_actual,min,max,operator,threshold
,True,True,0.7916666666666665,arexp,57.0,0.0,2143.5,<,644.8550109863281
,True,True,0.7916666666666665,age,29.1304347826087,0.0,575.0,<,6.815000057220459
,True,True,0.7916666666666665,nd,8.0,1.0,46.0,>,4.5
,True,True,0.7916666666666665,nuc,11.304347826087,0.0,480.0,>,39.91499900817871
