rule,type,coef,support,importance,Class
arexp > -82.33000183105469 & nd > 0.3099999949336052,rule,0.4806104161799898,0.8740157480314961,0.15948173023265594,Defect
ld > 0.009999999776482582 & age > -0.4750000089406967,rule,0.31927592088042045,0.7874015748031497,0.13063042124367616,Defect
la > 0.7249999940395355 & nd > -2.994999945163727 & nuc > -29.664999961853027,rule,0.30966934366582344,0.8713910761154856,0.10366694965224596,Defect
ld > -3.7850000858306885 & la > -0.22000000346451998,rule,0.2720887860723408,0.8293963254593176,0.1023495380876791,Defect
nuc > -1.014999957755208 & la > -0.9300000118091702 & ld > -67.13000106811523,rule,0.24647260469075924,0.7795275590551181,0.10217897615570971,Defect
