rule,type,coef,support,importance,Class
arexp > 26.1850004196167 & la > -0.7099999785423279,rule,0.17125381516145016,0.7979002624671916,0.06876974819090322,Defect
la > -0.07999999821186066 & arexp > 26.460000038146973,rule,0.1627378946303839,0.7690288713910761,0.06858653514574685,Defect
nuc > -41.21999931335449 & la > 0.45000000298023224 & arexp > 27.5649995803833,rule,0.15647353612709428,0.7532808398950132,0.0674560329091819,Defect
nuc > -25.550000190734863 & ld > -8.830000400543213,rule,0.19330454329977925,0.8740157480314961,0.06414455864755288,Defect
arexp > 0.5 & nuc > 0.03500000014901161,rule,0.15388781747714697,0.8110236220472441,0.06024551934266909,Defect
