rule,type,coef,support,importance,Class
la > -0.42500001192092896 & nuc <= 55.76500129699707,rule,0.41863299926053177,0.7874015748031497,0.17128195853012249,Defect
la > 10.445000171661377,rule,0.352727936375693,0.6797900262467191,0.16456773022952398,Defect
nuc > -18.55999994277954 & nd > 0.26999999582767487,rule,0.39684254740545183,0.9002624671916011,0.11891375997659105,Defect
nd > 0.26000000536441803 & la > 3.065000057220459,rule,0.28004255116445376,0.7874015748031497,0.11457825044835607,Defect
ns > 0.7150000035762787 & la > -0.16500000655651093 & ld > 0.05999999865889549,rule,0.24880170467939702,0.7795275590551181,0.10314454006696823,Defect
