rule,type,coef,support,importance,Class
la > 11.130000114440918,rule,0.1981508406137481,0.6482939632545932,0.09461757633002353,Defect
la > -0.06499999761581421 & age > -0.8699999749660492,rule,0.22279811123553606,0.7900262467191601,0.09074334210351023,Defect
nuc > -4.074999928474426 & la > 0.2149999961256981 & ld > -102.52999877929688,rule,0.2229413549057096,0.7926509186351706,0.09038215199146529,Defect
nuc > -4.205000162124634 & la > -0.33000001311302185,rule,0.21441697022894893,0.7795275590551181,0.08888982414857688,Defect
nd > -0.8799999952316284 & nuc > -8.850000143051147 & la > -0.06499999761581421,rule,0.22090963021862148,0.8083989501312336,0.08694136637940314,Defect
