rule,type,coef,support,importance,Class
nuc > -0.3199999928474426 & arexp > 0.5299999713897705,rule,0.420921710310585,0.8188976377952756,0.16209820028938565,Defect
ld > 0.029999999329447746 & la <= 443.5899963378906,rule,0.3671604113935087,0.8608923884514436,0.12705908654709624,Defect
nuc > -4.320000171661377 & la > -0.17499999701976776,rule,0.2488439919504569,0.7742782152230971,0.10403091482752153,Defect
la > 0.9399999976158142 & ld > -14.475000381469727,rule,0.24774143588986158,0.8162729658792651,0.09594070141777544,Defect
arexp <= 1464.7550048828125 & la > -0.3400000035762787 & arexp > -653.9049987792969,rule,0.29827366706716485,0.8871391076115486,0.0943805526069135,Defect
