rule,type,coef,support,importance,Class
nuc > -60.90500068664551 & arexp > 0.054999999701976776 & la > -0.14000000059604645,rule,0.20079125367413675,0.7559055118110236,0.0862496882133372,Defect
la > 3.009999990463257 & nuc > -40.545000076293945 & nd > -0.03499999921768904,rule,0.15179832679989627,0.7611548556430446,0.06472345674699288,Defect
la > -0.03999999165534973 & nuc > -68.74499893188477 & la <= 425.4750061035156,rule,0.15175660038220948,0.8372703412073491,0.05601622006908267,Defect
ld > -2.315000057220459 & la <= 437.94500732421875,rule,0.17651085543337783,0.8871391076115486,0.05585203762948985,Defect
la > -0.19499999284744263 & arexp > 0.054999999701976776,rule,0.1384695099881764,0.8031496062992126,0.05505801180858915,Defect
