rule,type,coef,support,importance,Class
ld > 0.019999999552965164 & age > -0.824999988079071,rule,0.20353192857780414,0.7821522309711286,0.08401459735556507,Defect
arexp > 0.10499999672174454 & la > -0.14499999582767487,rule,0.17603942489918503,0.7821522309711286,0.07266614877064136,Defect
arexp > 0.18000000715255737 & la > -0.14499999582767487,rule,0.17603942489918503,0.8110236220472441,0.06891764891922762,Defect
ld > 0.054999999701976776 & age > -2.225000023841858,rule,0.16510584540758627,0.800524934383202,0.06597724691486048,Defect
age > -0.26499998569488525 & la > -0.25,rule,0.16908061081275857,0.8136482939632546,0.06583833716749829,Defect
