rule,type,coef,support,importance,Class
nuc > -1.5799999237060547 & ns > 0.23499999195337296 & la > -0.7099999785423279,rule,0.08640875807301342,0.7926509186351706,0.03503077977099367,Defect
la > -0.4050000011920929 & nuc > -0.789999932050705,rule,0.07799864377314841,0.7637795275590551,0.03313063995609635,Defect
la > -0.4050000011920929 & nuc > -1.3299999833106995,rule,0.07873252569986522,0.7716535433070866,0.033049317814743365,Defect
la > -0.20999997854232788 & nuc > -1.4199999570846558,rule,0.07873252569986522,0.7795275590551181,0.032639768936019796,Defect
nuc > -0.5399999916553497 & la > -0.4050000011920929,rule,0.07796881350585905,0.7742782152230971,0.03259539012155781,Defect
