rule,type,coef,support,importance,Class
nd > 0.3449999988079071 & nuc > -128.8900032043457 & la > 5.019999980926514,rule,0.851187607787598,0.7349081364829396,0.3756989827033935,Defect
age > -0.8849999904632568 & ld > 0.03499999921768904,rule,0.5145937834794683,0.7217847769028871,0.23059975381293832,Defect
la > 0.5399999916553497 & arexp > 0.014999999664723873,rule,0.43759272847927266,0.7585301837270341,0.18727851457966632,Defect
la > 0.055000001564621925 & nuc > -1.100000023841858,rule,0.4490056473883619,0.7795275590551181,0.18614213695610177,Defect
nuc > -75.81499862670898 & ld > -0.9399999678134918,rule,0.51599493312263,0.863517060367454,0.17714140385225463,Defect
