rule,type,coef,support,importance,Class
ld > -5.0 & age > -3.674999952316284,rule,0.49392177828925865,0.8083989501312336,0.19438824032485735,Defect
la <= 443.4250030517578 & la > -0.20999999344348907 & nuc > -66.82000350952148,rule,0.5179708118149571,0.863517060367454,0.17781972432195853,Defect
la <= 444.63999938964844 & la > -0.6499999761581421,rule,0.3535106827170747,0.8766404199475065,0.11625181147735687,Defect
age > -2.365000009536743 & la > -0.28999999165534973,rule,0.2766724729527048,0.8031496062992126,0.11001003964152326,Defect
la > 3.659999966621399 & nd > 0.3799999952316284,rule,0.2537488373248259,0.7585301837270341,0.1085980233164723,Defect
