rule,type,coef,support,importance,Class
age > -1.0049999952316284 & la > 3.2050000429153442,rule,0.16829843552380994,0.7270341207349081,0.07497416840421182,Defect
nd > 0.23000000417232513 & arexp > 1.0,rule,0.19997135610535866,0.8320209973753281,0.07475881937864563,Defect
nuc > -0.09000000357627869 & la > -0.5899999439716339 & nd > -3.649999976158142,rule,0.16803413327284997,0.7611548556430446,0.07164604634437363,Defect
la > -0.1550000011920929 & nuc > -0.23999998718500137,rule,0.15295848472645987,0.7847769028871391,0.06286242309520788,Defect
nuc > -0.32499998807907104 & la > -0.1550000011920929,rule,0.1529584847264605,0.7900262467191601,0.06229839216408003,Defect
