rule,type,coef,support,importance,Class
la > -0.42500001192092896 & arexp > 0.33000001311302185 & nd > 0.8849999904632568,rule,0.04744830234957176,0.7217847769028871,0.021262532101866457,Defect
nuc > -1.3849999904632568 & la > 3.0049999952316284,rule,0.042508012078119224,0.7427821522309711,0.018580272334490035,Defect
la > -0.41999998688697815 & arexp > 1.8650000095367432,rule,0.042858527857750746,0.7795275590551181,0.017767656172337765,Defect
la > -0.2549999952316284 & arexp > 0.33000001311302185,rule,0.0430206364250319,0.7952755905511811,0.01735883082900006,Defect
la > -0.2549999952316284 & arexp > 1.8650000095367432,rule,0.042858527857750746,0.7952755905511811,0.017293420006910785,Defect
