rule,type,coef,support,importance,Class
ld > 0.1599999964237213 & age > -3.9950000047683716,rule,0.43426366257337523,0.7690288713910761,0.1830221536493236,Defect
age <= 98.81999969482422 & age > -0.8400000035762787 & la > -0.044999999925494194,rule,0.3093949514939331,0.7585301837270341,0.13241313934899235,Defect
la > -0.04500000178813934 & nuc > -0.625,rule,0.29368587349293235,0.7611548556430446,0.12522117556196685,Defect
la > -0.054999999701976776 & nuc > -0.38500000536441803,rule,0.29331871437833007,0.7637795275590551,0.12458981654497625,Defect
la > -0.04500000178813934 & nuc > -0.4650000035762787,rule,0.29331871437833007,0.7769028871391076,0.1221153097819759,Defect
