rule,type,coef,support,importance,Class
ld > 0.009999999776482582 & nd > 0.3050000071525574,rule,0.11597618265457264,0.8031496062992126,0.0461142531280409,Defect
la > -0.3850000146776438 & nd > -1.7199999690055847 & arexp > 0.45500001311302185,rule,0.09742223089727645,0.800524934383202,0.03893048466599488,Defect
nd > -1.7949999570846558 & la > -0.5649999976158142 & arexp > 0.07500000298023224,rule,0.08000171369033697,0.7821522309711286,0.03302337775903058,Defect
nd > -1.524999976158142 & arexp > 0.5 & la > -0.8499999884516001,rule,0.08923929565867808,0.8372703412073491,0.03293990516284959,Defect
nd > -0.009999999776482582 & la > 9.059999942779541,rule,0.06804921242241746,0.7007874015748031,0.031160626720692138,Defect
