rule,type,coef,support,importance,Class
la > -0.03500000014901161 & age > -2.584999918937683 & ld > 0.05999999865889549,rule,0.15408335373065032,0.7926509186351706,0.06246658500002544,Defect
age > -0.26499999314546585 & ld > -58.005001068115234,rule,0.1718714527453816,0.8451443569553806,0.062177422356861384,Defect
ld > 0.05000000074505806 & nd > 0.3999999910593033,rule,0.1504811264234308,0.8110236220472441,0.05891183435619098,Defect
age > -0.6199999898672104 & ld > -114.46499633789062 & la > -0.2199999988079071,rule,0.12958353867147962,0.7900262467191601,0.05277802094210034,Defect
ld > 0.08500000089406967 & age > -2.584999918937683,rule,0.12904607053004774,0.7952755905511811,0.05207010155188906,Defect
