rule,type,coef,support,importance,Class
age > -0.7599999904632568 & ld > 0.014999999664723873,rule,0.05263697279713845,0.7847769028871391,0.021632586517459595,Defect
age > -2.100000023841858 & ld > 0.004999999888241291,rule,0.04757518598128132,0.7637795275590551,0.02020799697715732,Defect
la > -0.19499999284744263 & arexp > 4.2799999713897705,rule,0.03591424021835554,0.7611548556430446,0.015313039493762295,Defect
arexp > 5.429999828338623 & ld > -0.9749999940395355,rule,0.03829358757737199,0.8057742782152231,0.015149075413179072,Defect
arexp > -3.130000114440918 & la > -0.2199999988079071 & arexp > 4.0,rule,0.03591424021835554,0.7769028871391076,0.014951922106790715,Defect
