commit_id,label,pred,score_or_proba,feature,value_actual,min,max,operator,threshold
,True,True,0.5223333333333333,la,382.0,0.0,9094.0,<,289.875
,True,True,0.5223333333333333,nd,5.0,1.0,46.0,<,2.5049999952316284
,True,True,0.5223333333333333,arexp,12.0,0.0,2143.5,>,43.43000030517578
,True,True,0.5223333333333333,nuc,134.166666666667,0.0,480.0,>,97.83499908447266
