rule,type,coef,support,importance,Class
la > -0.2549999952316284 & nuc > -0.47999998927116394,rule,6.456094999277208e-23,0.7532808398950132,2.783234580845127e-23,Defect
nuc > -1.0049999952316284 & la > 0.009999999776482582,rule,6.353034646351085e-23,0.7506561679790026,2.748533706646e-23,Defect
la > -0.19499999284744263 & nuc > -0.6949999928474426,rule,6.467755916879243e-23,0.7637795275590551,2.7472386985247264e-23,Defect
la > -0.2549999952316284 & nuc > -0.7700000107288361,rule,6.471586477247764e-23,0.7664041994750657,2.738244425600891e-23,Defect
la > 2.125 & nuc > -4.795000076293945,rule,6.055641316312653e-23,0.7139107611548556,2.736735770833269e-23,Defect
