rule,type,coef,support,importance,Class
ld > -40.27000045776367 & la > 0.5799999982118607 & nuc > -0.33500000834465027,rule,0.31388617309513683,0.7349081364829396,0.138543741517829,Defect
arexp > 0.16500000655651093 & la > -0.24500000476837158,rule,0.3342759112987457,0.7874015748031497,0.13676760522420822,Defect
arexp > 0.16500000655651093 & la > -0.949999988079071,rule,0.2825695211650592,0.7637795275590551,0.12002399805198866,Defect
la > -0.9200000166893005 & arexp > 0.16500000655651093,rule,0.2825695211650592,0.7795275590551181,0.11714350323712625,Defect
la > 0.09000001847743988 & nuc > -6.065000057220459 & nd > -1.9050000309944153,rule,0.2838382208528611,0.8136482939632546,0.11052382881576026,Defect
