rule,type,coef,support,importance,Class
arexp <= 41.095001220703125 & arexp <= 39.11000061035156 & la <= 349.45001220703125,rule,0.3685826331780681,0.12860892388451445,0.12338915058248967,Defect
nuc > -0.9849999845027924 & la > 1.1850000023841858,rule,0.2836547945560778,0.7664041994750657,0.12001943614890359,Defect
la > 1.1100000143051147 & nd > 0.7249999940395355,rule,0.2998603375799831,0.8372703412073491,0.11068409952229584,Defect
nuc > -27.09500026702881 & la > 1.0049999952316284,rule,0.2798682658712974,0.8530183727034121,0.09909788260227095,Defect
ld > -40.42499923706055 & la > 1.0099999904632568,rule,0.24989200106684273,0.84251968503937,0.09102391701651953,Defect
