rule,type,coef,support,importance,Class
la > 3.100000023841858 & nuc > -1.0600000023841858,rule,0.04964574250893066,0.7349081364829396,0.02191274260282015,Defect
arexp > 0.5 & la > -0.08500000089406967,rule,0.045420262825421595,0.7900262467191601,0.01849919833315531,Defect
nuc > -0.48499998450279236 & la > -0.11500000208616257,rule,0.04300875175024825,0.7585301837270341,0.018406647591479888,Defect
nuc > -1.9550000429153442 & arexp > 0.0949999988079071,rule,0.047235752260880934,0.8188976377952756,0.018190628431007615,Defect
nuc > -0.945000022649765 & la > -0.08500000089406967,rule,0.043242891017671675,0.7847769028871391,0.017771834729365627,Defect
