rule,type,coef,support,importance,Class
la > 1.1200000047683716 & nuc > -1.2049999833106995,rule,6.502443175011461e-23,0.7060367454068242,2.9623525399540046e-23,Defect
la > 0.20499999821186066 & nuc > -0.04500000178813934,rule,6.695314056950719e-23,0.7506561679790026,2.8966151432338445e-23,Defect
nuc > -3.584999978542328 & la > -0.09000000357627869,rule,6.62493671367846e-23,0.7532808398950132,2.856022558448206e-23,Defect
ld > 0.21000000089406967 & la > 0.2750000059604645,rule,6.572021567967501e-23,0.7506561679790026,2.84327471923013e-23,Defect
nuc > -0.1899999976158142 & la > 0.16999999806284904,rule,6.658799347166823e-23,0.7611548556430446,2.839165098976248e-23,Defect
