rule,type,coef,support,importance,Class
nd > 0.29500000178813934 & arexp > 1.0,rule,0.13974086997501464,0.8346456692913385,0.05191373809032545,Defect
nuc > -0.30500001087784767 & la > 3.1200000047683716,rule,0.10091618591065626,0.7165354330708661,0.0454809003768451,Defect
arexp > 0.7200000137090683 & la > -0.4050000011920929,rule,0.09299078385446442,0.7742782152230971,0.03887542648340998,Defect
nd > 0.4399999976158142 & ld > 0.0949999988079071,rule,0.0930909932284977,0.7795275590551181,0.03859229056852104,Defect
la > 2.149999976158142 & arexp > -655.5849914550781 & nuc > -0.6550000263378024,rule,0.08844049770288678,0.7611548556430446,0.037709076565126065,Defect
