rule,type,coef,support,importance,Class
arexp <= 1946.6100463867188 & la > -0.5849999785423279 & arexp > 23.980000495910645,rule,0.047116874535029725,0.7506561679790026,0.020384324188397182,Defect
la > -0.03500000014901161 & arexp > 1.0,rule,0.045509316437446094,0.7716535433070866,0.01910331021522729,Defect
la > -0.03500000014901161 & arexp > 0.38999998569488525 & nd > -2.8899999260902405,rule,0.047197982223740054,0.7979002624671916,0.018953115582186274,Defect
la > -0.2299999948590994 & arexp > 1.6349999904632568 & arexp > -683.9599914550781,rule,0.04544889185700305,0.7874015748031497,0.018595225947409297,Defect
la > -0.2549999952316284 & arexp > 1.0,rule,0.045509316437446094,0.7900262467191601,0.018535468938577764,Defect
