rule,type,coef,support,importance,Class
la > -0.20499999821186066 & age > -0.2900000065565109,rule,0.11283160285040474,0.7874015748031497,0.046164583189685277,Defect
arexp > 1.0 & nd > -2.4950000047683716 & la > -0.5199999809265137,rule,0.08228516366004228,0.7742782152230971,0.034399869513388956,Defect
la > -0.3499999940395355 & arexp > 1.0,rule,0.08173059258533089,0.7742782152230971,0.03416802732267778,Defect
arexp > 1.0 & la > -0.5199999809265137,rule,0.08113742852437955,0.7847769028871391,0.03334561904086655,Defect
la > -0.8349999785423279 & arexp > 1.0,rule,0.08038604520287299,0.7926509186351706,0.03258912532666587,Defect
