rule,type,coef,support,importance,Class
arexp > -81.67499923706055 & la > 3.034999966621399,rule,0.1616140845289308,0.7611548556430446,0.06890867923400755,Defect
nuc > -16.230000019073486 & la > 5.9700000286102295,rule,0.14689939817506883,0.6797900262467191,0.06853696017999918,Defect
la > 0.08000001311302185 & nuc > -0.5750000029802322 & nd > -0.4900000002235174,rule,0.16320223955408814,0.8136482939632546,0.06354935685767041,Defect
la > -0.2150000035762787 & arexp > 0.5 & nuc > -86.88000106811523,rule,0.14158495756776474,0.7795275590551181,0.058696202855790254,Defect
arexp > 3.5 & nuc > -92.58499908447266 & la > 0.23500001430511475,rule,0.12317312287697958,0.7349081364829396,0.05436641292459799,Defect
