commit_id,label,pred,score_or_proba,feature,value_actual,min,max,operator,threshold
,True,True,0.52,age,27.92307692307689,0.0,575.0,<,3.649999976158142
,True,True,0.52,arexp,1.0,0.0,2143.5,<,235.5449981689453
,True,True,0.52,nd,11.0,1.0,46.0,>,9.589999675750732
,True,True,0.52,ld,80.0,0.0,9176.0,<,167.43000030517578
