commit_id,label,pred,score_or_proba,feature,value_actual,min,max,operator,threshold
,True,True,0.7316666666666666,nuc,68.0,0.0,480.0,<,22.15999984741211
,True,True,0.7316666666666666,nd,6.0,1.0,46.0,<,7.0
,True,True,0.7316666666666666,la,382.0,0.0,9094.0,<,349.875
,True,True,0.7316666666666666,arexp,10.0,0.0,2143.5,<,51.0
