rule,type,coef,support,importance,Class
age > -0.925000011920929,rule,0.5778277901965639,0.89501312335958,0.17712531457498343,Defect
la > 1.3199999928474426 & nuc > -1.9599999785423279,rule,0.3819894313463767,0.7847769028871391,0.1569888803104748,Defect
nd > 0.019999999552965164 & arexp > 2.5 & la > -0.32499998807907104,rule,0.33938308174312065,0.800524934383202,0.13561943447620242,Defect
nd > -0.2900000065565109 & la > 1.324999988079071,rule,0.30120731562977265,0.7874015748031497,0.12323772620839402,Defect
nd > -2.6549999713897705 & la <= 441.9150085449219,rule,0.5537570487076057,0.952755905511811,0.11748538833728203,Defect
