rule,type,coef,support,importance,Class
nuc > -0.46000000834465027 & la > -1.0,rule,6.864738478158844e-23,0.7532808398950132,2.9594015458274505e-23,Defect
la > 0.9699999988079071 & nuc > -5.379999876022339,rule,6.691150188823367e-23,0.7375328083989501,2.94394005373569e-23,Defect
nuc > -0.6100000143051147 & la > -0.14000000059604645,rule,6.932314264481503e-23,0.7664041994750657,2.9331866240166257e-23,Defect
nuc > -2.130000054836273 & la > 0.4349999874830246,rule,6.819532879930378e-23,0.7559055118110236,2.9293237324428263e-23,Defect
nuc > -1.1500000059604645 & la > 0.9699999988079071,rule,6.82190054502286e-23,0.7611548556430446,2.908707850516149e-23,Defect
