rule,type,coef,support,importance,Class
la > -0.054999999701976776 & nuc > -0.8050000071525574 & nd > -0.4599999785423279,rule,5.52875480347763e-23,0.7637795275590551,2.3483893557468953e-23,Defect
nuc > -0.6150000095367432 & la > -0.19499999284744263,rule,5.463253980233007e-23,0.7585301837270341,2.3381332083491206e-23,Defect
la > -0.2549999952316284 & nuc > -0.20999999344348907,rule,5.472357527193479e-23,0.7690288713910761,2.3063469188993185e-23,Defect
la > -0.26499998569488525 & nuc > -0.20999999344348907,rule,5.472357527193479e-23,0.7690288713910761,2.3063469188993185e-23,Defect
la > -0.2549999952316284 & nuc > -1.26500004529953,rule,5.440000212103276e-23,0.7664041994750657,2.301761756321991e-23,Defect
