rule,type,coef,support,importance,Class
la > 2.0850000381469727 & nuc > -2.840000033378601,rule,7.30922907169304e-23,0.7086614173228346,3.321161300521634e-23,Defect
la > 0.32500000298023224 & nuc > -3.490000009536743,rule,7.476887327398399e-23,0.7559055118110236,3.211689697604735e-23,Defect
la > 1.3399999737739563 & nuc > -3.490000009536743,rule,7.385066907804577e-23,0.7559055118110236,3.172248325449963e-23,Defect
nuc > -14.734999656677246 & la > -0.16500000655651093,rule,7.433365885106458e-23,0.7611548556430446,3.169423178053034e-23,Defect
la > -0.1600000038743019 & nuc > -21.454999923706055 & nuc > -1.4249999523162842,rule,7.461350670887076e-23,0.7637795275590551,3.169277191309803e-23,Defect
