rule,type,coef,support,importance,Class
age <= 114.13999938964844 & nd > -2.7450000047683716 & la > 15.849999904632568,rule,0.1870330023844251,0.6115485564304461,0.09115953223947015,Defect
la > 3.274999976158142 & nuc > -9.99500036239624,rule,0.17174386056040117,0.7217847769028871,0.07696185464256056,Defect
la > 8.78499984741211 & nd > -0.9400000274181366,rule,0.16404515500233482,0.7165354330708661,0.07393186023271482,Defect
la > 0.0949999988079071 & nuc > -1.2950000166893005,rule,0.1511782551476158,0.7742782152230971,0.06320109262740856,Defect
la > 0.16999999433755875 & nd > 1.0199999809265137,rule,0.1306822071765394,0.6614173228346457,0.06184243920660367,Defect
