rule,type,coef,support,importance,Class
ld > 0.08500000089406967 & age > -1.0550000071525574,rule,0.40003393077962496,0.7874015748031497,0.16367222666026812,Defect
la > 0.04499998688697815 & nd > -0.1900000050663948 & arexp > 0.009999999776482582,rule,0.3805372298719641,0.800524934383202,0.15206486913640183,Defect
arexp > 0.3799999952316284 & nuc > -57.89000129699707 & la > -0.1250000074505806,rule,0.3441086643411777,0.7795275590551181,0.1426554933064679,Defect
nuc > -17.74000072479248 & la > 0.75,rule,0.3686056950886472,0.8320209973753281,0.1378023688880403,Defect
arexp > 0.004999999888241291 & la > -0.014999999664723873,rule,0.3360525539323778,0.7900262467191601,0.13687069292075865,Defect
