rule,type,coef,support,importance,Class
ld > -5.119999885559082 & age > -0.2849999964237213,rule,0.2348058182959657,0.7874015748031497,0.09606982847277128,Defect
nd > 0.3449999988079071 & la > 0.3399999998509884 & arexp > 0.6850000023841858,rule,0.22300169052285823,0.7926509186351706,0.09040661251796533,Defect
la > 4.115000009536743 & age > -62.505001068115234,rule,0.19370167592690052,0.7532808398950132,0.08350515332685816,Defect
ld > 0.054999999701976776 & nd > 0.46000000834465027,rule,0.19424214563616685,0.8346456692913385,0.07216096390742226,Defect
ld > -7.270000219345093 & la > 11.230000019073486,rule,0.1466323849655297,0.6062992125984252,0.07164015918722519,Defect
