rule,type,coef,support,importance,Class
arexp > 0.5 & la > -0.09000000357627869 & ld > -202.27000427246094,rule,0.09802080905621437,0.7296587926509186,0.04353457584018528,Defect
arexp > 0.09000000357627869 & la > -0.14500000700354576,rule,0.0919113344740327,0.7532808398950132,0.03962314750764819,Defect
la > 5.419999837875366 & nd > 0.14500000327825546,rule,0.08400598689567865,0.7559055118110236,0.03608469017064184,Defect
arexp > 0.5 & la > -0.17999999225139618,rule,0.08231748312132477,0.7742782152230971,0.03441338088289238,Defect
la > 3.225000023841858 & age > -8.250000238418579,rule,0.07987946916364387,0.7821522309711286,0.03297291725015216,Defect
