rule,type,coef,support,importance,Class
age <= 68.46500015258789 & arexp > 0.25 & la > -0.30000001192092896,rule,0.045233388599234016,0.7900262467191601,0.01842308641396879,Defect
la > -0.7900000214576721 & age > -0.574999988079071 & ld > -322.5749969482422,rule,0.04376920471835328,0.7874015748031497,0.01790798890844204,Defect
la > -0.004999999888241291 & arexp > 0.25,rule,0.04281381408455822,0.821522309711286,0.01639402406637475,Defect
la > -0.1549999862909317 & age > -0.054999999701976776,rule,0.03981240034692129,0.7952755905511811,0.01606430727083595,Defect
age <= 74.16500091552734 & nuc > -0.6299999952316284 & la > -0.28999999165534973,rule,0.03884443886198833,0.7900262467191601,0.0158209339609073,Defect
