rule,type,coef,support,importance,Class
ld > 0.019999999552965164 & age > -0.7949999868869781,rule,0.2789344558203825,0.7506561679790026,0.12067630611893773,Defect
la > -0.35499998927116394 & ld > -65.06500053405762 & la <= 397.86000061035156,rule,0.1961723190783959,0.8083989501312336,0.0772057309118356,Defect
la > -0.2800000011920929 & ld > -62.96999931335449 & age > -1.5149999856948853,rule,0.18196975779310715,0.7900262467191601,0.0741143804691244,Defect
la > -0.12000000290572643 & nuc > -74.09500122070312 & arexp > 1.5,rule,0.1749528169487845,0.7874015748031497,0.07158122075966743,Defect
la > 3.6699999570846558 & ld > -180.93499755859375,rule,0.15958525059695464,0.7427821522309711,0.06975478907858748,Defect
