rule,type,coef,support,importance,Class
nd > -1.090000033378601 & la > 5.625,rule,0.09772070420647114,0.7244094488188977,0.04366272160570413,Defect
nd > 0.48499999940395355 & ld > 0.03999999910593033,rule,0.10504836223857841,0.821522309711286,0.04022452602029786,Defect
la > 3.125 & nuc > -0.02500000037252903,rule,0.08327690738095708,0.6955380577427821,0.03832229807098699,Defect
nd > 0.10500000044703484 & la > -0.19499999284744263 & nuc > -1.0099999904632568,rule,0.08634149891001168,0.7637795275590551,0.036674344261381206,Defect
nuc > -27.234999656677246 & la > -0.03500000014901161 & arexp > 0.08500000089406967,rule,0.08568486752778541,0.7716535433070866,0.035967681636876685,Defect
