rule,type,coef,support,importance,Class
nd > -0.3150000050663948 & la > -0.1550000011920929 & arexp > 0.75,rule,0.39105419840711164,0.7716535433070866,0.16415165614290037,Defect
age <= 75.83499908447266 & la > -0.1550000011920929 & nuc > -0.6200000047683716,rule,0.3281921172551988,0.7690288713910761,0.1383178775650581,Defect
ld > 0.019999999552965164 & la > 1.0950000286102295,rule,0.3252131105480224,0.7874015748031497,0.13305959781654061,Defect
la > -0.1550000011920929 & nuc > -8.309999704360962,rule,0.3173859896588657,0.7952755905511811,0.1280652765698579,Defect
la > -0.2549999952316284 & nuc > -0.5649999976158142,rule,0.3053130285027929,0.7979002624671916,0.12260340051253622,Defect
