rule,type,coef,support,importance,Class
la > 0.5899999886751175 & nuc > -0.5550000071525574,rule,4.7862854639545046e-20,0.7559055118110236,2.055944277513505e-20,Defect
nuc > -0.4749999940395355 & la > 0.4999999850988388,rule,4.800696697177836e-20,0.7664041994750657,2.0312609614757596e-20,Defect
la > 0.9050000011920929 & nuc > -3.509999990463257,rule,4.685680983732341e-20,0.7585301837270341,2.0053518198923822e-20,Defect
la > -0.04000000283122063 & nuc > -0.4599999934434891,rule,4.7939986271035623e-20,0.7742782152230971,2.004163568308124e-20,Defect
nuc > -2.119999945163727 & la > -0.1550000011920929,rule,4.752713597293295e-20,0.7690288713910761,2.003050112690625e-20,Defect
