feature,value,importance,min,max,rule,importance_ratio
la,412,0.17896442390845788,0.0,9094.0,295.36187796957415 < la <= 471.1648215786653,0.5546215912286567
ns,1,0.051073983259456876,1.0,8.0,ns <= 1.4995095840290027,0.15828136814630356
nd,21,0.048493201406063786,1.0,46.0,6.501361706446655 < nd <= 43.480788426363866,0.15028336884072607
arexp,1432.2499999999698,0.019849460182577883,0.0,2143.5,741.0350150255845 < arexp <= 1860.7231364184076,0.06151467957185945
ld,258,0.019096285358981023,0.0,9176.0,106.9077758780692 < ld <= 326.31207862573433,0.05918054516674257
