feature,value,importance,min,max,rule,importance_ratio
la,730,0.6725690350865481,0.0,9094.0,la > 471.1648215786653,0.9181205339063744
ld,468,0.03272225038301989,0.0,9176.0,ld > 326.31207862573433,0.044668975859720135
arexp,291.0,-0.015611696324730265,0.0,2143.5,18.99314235170766 < arexp <= 741.0350150255845,0.021311446434641564
age,5.0,0.003750329524160146,0.0,575.0,0.035001551722574575 < age <= 7.346025962989069,0.005119555562952232
nuc,10.857142857142902,-0.0035986186380927944,0.0,480.0,4.2830446400006785 < nuc <= 17.021870288644497,0.004912455811924232
