feature,value,importance,min,max,rule,importance_ratio
la,1584,0.621677768734706,0.0,9094.0,la > 471.1648215786653,0.9395925278397714
ld,154,0.015072246247418916,0.0,9176.0,106.9077758780692 < ld <= 326.31207862573433,0.02277992018382633
nd,10,-0.009306804244529005,1.0,46.0,6.501361706446655 < nd <= 43.480788426363866,0.014066135490134572
ns,2,-0.007393578896932086,1.0,8.0,1.4995095840290027 < ns <= 2.4998972545934754,0.011174521327488134
age,35.5769230769231,0.0033884331134429414,0.0,575.0,7.346025962989069 < age <= 349.3395012011218,0.005121216479971102
