feature,value,importance,min,max,rule,importance_ratio
la,2805,0.7280316713047432,0.0,9094.0,la > 471.1648215786653,0.9610196291567259
ld,79,0.009581027419029777,0.0,9176.0,71.3286997568262 < ld <= 106.9077758780692,0.012647190747450701
nuc,11.266666666666698,-0.008013675190358397,0.0,480.0,4.2830446400006785 < nuc <= 17.021870288644497,0.010578247435058401
ns,3,-0.00798364654743946,1.0,8.0,2.4998972545934754 < ns <= 4.500672595722421,0.010538608891270439
arexp,6.0,-0.0029297273595454833,0.0,2143.5,3.296579902275539 < arexp <= 18.99314235170766,0.003867311837622208
