feature,value,importance,min,max,rule,importance_ratio
la,1462,0.627271407662684,0.0,9094.0,la > 471.1648215786653,0.8955383688681285
arexp,8.0,0.022639375128132924,0.0,2143.5,3.296579902275539 < arexp <= 18.99314235170766,0.03232162159277701
ld,118,0.01316688949263006,0.0,9176.0,106.9077758780692 < ld <= 326.31207862573433,0.018798010869383822
ns,2,0.012712996764552457,1.0,8.0,1.4995095840290027 < ns <= 2.4998972545934754,0.01815000053704885
nd,5,0.010130996154980388,1.0,46.0,4.49814249084984 < nd <= 6.501361706446655,0.014463748324583723
