feature,value,importance,min,max,rule,importance_ratio
la,3361,0.6704503106053199,0.0,9094.0,la > 471.1648215786653,0.9394642602955979
ld,37,0.01376338353332687,0.0,9176.0,35.749623635583205 < ld <= 71.3286997568262,0.019285854187504857
nd,15,0.009311286706482897,1.0,46.0,6.501361706446655 < nd <= 43.480788426363866,0.013047381647430889
arexp,4.0,-0.00860801369923976,0.0,2143.5,3.296579902275539 < arexp <= 18.99314235170766,0.012061924790920496
nuc,15.9795918367347,-0.005575479886680596,0.0,480.0,4.2830446400006785 < nuc <= 17.021870288644497,0.007812605952563799
