feature,value,importance,min,max,rule,importance_ratio
la,1030,0.6422159673064125,0.0,9094.0,la > 471.1648215786653,0.9451992629356362
ns,1,0.00851269637507237,1.0,8.0,ns <= 1.4995095840290027,0.012528798330973737
nuc,27.35,0.008343218415748019,0.0,480.0,17.021870288644497 < nuc <= 98.64471611143635,0.01227936441716265
age,8.2,0.007321119424991487,0.0,575.0,7.346025962989069 < age <= 349.3395012011218,0.010775061718551306
arexp,0.0,0.007210331990714994,0.0,2143.5,arexp <= 3.296579902275539,0.010612007222008854
