feature,value,importance,min,max,rule,importance_ratio
la,656,0.582230676529019,0.0,9094.0,la > 471.1648215786653,0.8830461685178302
ld,175,0.027875440635853198,0.0,9176.0,106.9077758780692 < ld <= 326.31207862573433,0.04227757492267679
ns,1,0.02088773533134852,1.0,8.0,ns <= 1.4995095840290027,0.0316795995073999
arexp,3.0,0.01744680590854851,0.0,2143.5,arexp <= 3.296579902275539,0.02646087836227251
age,59.53846153846151,0.006115274540542833,0.0,575.0,7.346025962989069 < age <= 349.3395012011218,0.009274794287126227
