feature,value,importance,min,max,rule,importance_ratio
la,849,0.6321752607826167,0.0,9094.0,la > 471.1648215786653,0.8548329362673301
nd,10,0.040710528925886814,1.0,46.0,6.501361706446655 < nd <= 43.480788426363866,0.05504913453213834
arexp,255.5,-0.0253941445874533,0.0,2143.5,18.99314235170766 < arexp <= 741.0350150255845,0.034338185196959775
ns,1,0.01588279408021296,1.0,8.0,ns <= 1.4995095840290027,0.021476853559422224
age,82.1428571428571,0.01573016293142043,0.0,575.0,7.346025962989069 < age <= 349.3395012011218,0.021270464380372965
