feature,value,importance,min,max,rule,importance_ratio
la,805,0.5170993108578756,0.0,9094.0,la > 471.1648215786653,0.8280425190446911
arexp,20.0,0.041488536785741895,0.0,2143.5,3.296579902275539 < arexp <= 18.99314235170766,0.06643650801728934
ld,3,0.03234392886727527,0.0,9176.0,ld <= 6.100393534547379,0.05179304588634807
nuc,0.9,0.02240564592410664,0.0,480.0,nuc <= 1.924002853214784,0.03587865445235511
nd,6,0.006062311923755218,1.0,46.0,4.49814249084984 < nd <= 6.501361706446655,0.009707713646442356
