feature,value,importance,min,max,rule,importance_ratio
la,723,0.48087683285584953,0.0,9094.0,la > 471.1648215786653,0.8447644169289942
ns,2,0.028758609342787917,1.0,8.0,1.4995095840290027 < ns <= 2.4998972545934754,0.05052073253117508
arexp,27.0,-0.02233921055899342,0.0,2143.5,18.99314235170766 < arexp <= 741.0350150255845,0.039243666762751074
nd,5,0.01992454816310135,1.0,46.0,4.49814249084984 < nd <= 6.501361706446655,0.03500178873583103
age,12.8,0.013744872652680661,0.0,575.0,7.346025962989069 < age <= 349.3395012011218,0.024145848872045145
