feature,value,importance,min,max,rule,importance_ratio
la,981,0.6764457933528097,0.0,9094.0,la > 471.1648215786653,0.9358742454189526
age,143.5,0.016735800393197355,0.0,575.0,7.346025962989069 < age <= 349.3395012011218,0.0231542641234177
nd,5,0.0120302725710449,1.0,46.0,4.49814249084984 < nd <= 6.501361706446655,0.01664408645193359
arexp,8.0,0.009005393766348116,0.0,2143.5,3.296579902275539 < arexp <= 18.99314235170766,0.012459115244118142
ns,1,-0.006524299316553672,1.0,8.0,ns <= 1.4995095840290027,0.009026478928197615
