feature,value,importance,min,max,rule,importance_ratio
la,1980,0.6617252913362837,0.0,9094.0,la > 471.1648215786653,0.9080415625502215
arexp,5.0,0.027165404401186147,0.0,2143.5,3.296579902275539 < arexp <= 18.99314235170766,0.037277275906968464
ns,1,0.01460196542513182,1.0,8.0,ns <= 1.4995095840290027,0.020037305018469953
nd,14,0.009981044220643125,1.0,46.0,6.501361706446655 < nd <= 43.480788426363866,0.01369632249009777
age,103.5,0.007865893182961834,0.0,575.0,7.346025962989069 < age <= 349.3395012011218,0.010793841538512402
