feature,value,importance,min,max,rule,importance_ratio
la,1735,0.5861461303580151,0.0,9094.0,la > 471.1648215786653,0.8262945920914764
age,467.793103448276,0.0638588426494775,0.0,575.0,age > 349.3395012011218,0.09002228899174758
arexp,14.0,0.023863317367585325,0.0,2143.5,3.296579902275539 < arexp <= 18.99314235170766,0.03364029730632978
nuc,8.2183908045977,0.014529261019686877,0.0,480.0,4.2830446400006785 < nuc <= 17.021870288644497,0.020482008130497914
ns,1,0.014167137522205272,1.0,8.0,ns <= 1.4995095840290027,0.019971519922624668
