feature,value,importance,min,max,rule,importance_ratio
la,3084,0.6355288537449355,0.0,9094.0,la > 471.1648215786653,0.9097124552906819
ld,245,0.032384223923756686,0.0,9176.0,106.9077758780692 < ld <= 326.31207862573433,0.046355616562120096
nuc,34.5416666666667,0.016348799035532848,0.0,480.0,17.021870288644497 < nuc <= 98.64471611143635,0.0234020942149663
age,41.5208333333333,-0.004843741242354025,0.0,575.0,7.346025962989069 < age <= 349.3395012011218,0.006933456620276593
nd,18,0.004832026192054797,1.0,46.0,6.501361706446655 < nd <= 43.480788426363866,0.0069166873939719735
