feature,value,importance,min,max,rule,importance_ratio
la,582,0.5961427744972603,0.0,9094.0,la > 471.1648215786653,0.8664349827538667
ld,356,-0.042868132845883804,0.0,9176.0,ld > 326.31207862573433,0.0623046215301977
nuc,112.5,0.027672460969110347,0.0,480.0,98.64471611143635 < nuc <= 253.39785732459083,0.040219204640613085
age,41.0,0.011013341042486842,0.0,575.0,7.346025962989069 < age <= 349.3395012011218,0.01600680971811962
arexp,196.833333333334,-0.004604453610125504,0.0,2143.5,18.99314235170766 < arexp <= 741.0350150255845,0.006692121174570077
