feature,value,importance,min,max,rule,importance_ratio
la,1632,0.6611068174317359,0.0,9094.0,la > 471.1648215786653,0.9136512921395772
arexp,10.0,0.024511605968780766,0.0,2143.5,3.296579902275539 < arexp <= 18.99314235170766,0.03387510138345408
ns,1,0.014675257900402403,1.0,8.0,ns <= 1.4995095840290027,0.020281243499003357
nd,8,0.009098672290989082,1.0,46.0,6.501361706446655 < nd <= 43.480788426363866,0.012574388096179511
age,58.4,0.00760898763759474,0.0,575.0,7.346025962989069 < age <= 349.3395012011218,0.010515640141133991
