feature,value,importance,min,max,rule,importance_ratio
la,2189,0.6198396370274241,0.0,9094.0,la > 471.1648215786653,0.859267510166424
nuc,66.08,0.02831370235588952,0.0,480.0,17.021870288644497 < nuc <= 98.64471611143635,0.03925054655041686
nd,18,0.020761529868994183,1.0,46.0,6.501361706446655 < nd <= 43.480788426363866,0.028781166953650593
ns,1,0.02001119732759463,1.0,8.0,ns <= 1.4995095840290027,0.02774100053619266
arexp,1.0,0.01920060100303677,0.0,2143.5,arexp <= 3.296579902275539,0.026617292009107823
