feature,value,importance,min,max,rule,importance_ratio
la,1885,0.6418892196798288,0.0,9094.0,la > 471.1648215786653,0.9240704164085632
nd,10,0.015587786097688383,1.0,46.0,6.501361706446655 < nd <= 43.480788426363866,0.02244033946755371
arexp,1.0,0.015141343369514467,0.0,2143.5,arexp <= 3.296579902275539,0.021797635859083668
ld,8,-0.009197378955950039,0.0,9176.0,6.100393534547379 < ld <= 9.065316544650969,0.013240642685869348
age,5.55,-0.006130313760500029,0.0,575.0,0.035001551722574575 < age <= 7.346025962989069,0.008825263636934115
