feature,value,importance,min,max,rule,importance_ratio
la,2046,0.5884282463883543,0.0,9094.0,la > 471.1648215786653,0.9053950629547621
nd,10,0.029806964052491614,1.0,46.0,6.501361706446655 < nd <= 43.480788426363866,0.04586298883582976
ns,1,0.012735937661443925,1.0,8.0,ns <= 1.4995095840290027,0.01959636565978278
arexp,105.0,-0.009899768679851208,0.0,2143.5,18.99314235170766 < arexp <= 741.0350150255845,0.015232446338437466
age,8.64,0.007982644346249361,0.0,575.0,7.346025962989069 < age <= 349.3395012011218,0.012282630592223311
