,nuc,arexp,ent,ndev,age,asexp,la,ld,target
0,217.0,11.0,0.0,16.0,3.0,7.0,8.0,0.0,False
1,155.0,183.0,0.0,22.0,3.0,132.0,8.0,2.0,False
2,158.0,122.0,0.0,22.0,8.0,57.0,3.0,0.0,False
3,150.0,43.5,0.0,22.0,14.0,36.0,15.0,15.0,False
4,381.0,135.0,0.0,27.0,25.0,21.0,1.0,1.0,False
5,399.0,72.0,0.0,30.0,2.0,10.0,3.0,4.0,False
6,207.0,214.0,0.81,15.5,4.0,0.01,7.0,1.0,True
7,236.0,27.0,0.83,14.0,34.0,19.0,33.0,1.0,False
8,233.0,56.5,0.98,14.5,0.0,43.0,83.0,4.0,True
9,205.0,38.45,0.0,29.0,0.0,46.0,4.0,2.0,True
10,316.5,266.5,0.45,17.0,8.5,0.94,41.0,1.0,True
11,229.5,371.0,0.81,16.5,3.0,0.29,3.0,1.0,True
12,180.0,268.5,0.0,26.0,7.0,171.0,2.0,1.0,False
13,240.0,57.0,1.0,17.0,5.5,0.02,13.0,0.0,True
14,266.5,63.0,0.14,15.0,10.0,28.0,9.0,44.0,False
15,250.0,319.5,1.0,17.0,4.5,1.64,45.0,8.0,True
16,133.0,73.5,0.0,27.0,8.0,16.0,1.0,0.0,False
17,210.0,89.0,0.0,27.0,37.0,63.0,2.0,1.0,False
18,346.0,332.0,0.35,16.5,1.0,1.0,13.0,2.0,True
19,215.0,381.5,0.0,29.0,10.0,33.0,4.0,2.0,False
20,259.0,365.0,0.57,17.0,0.0,0.29,10.0,5.0,True
21,273.0,114.0,0.97,17.5,3.5,0.04,4.0,1.0,True
22,288.5,22.0,0.22,16.5,3.5,5.0,194.0,2.0,False
23,176.0,93.0,0.0,32.0,8.0,78.0,4.0,2.0,False
24,275.5,197.0,0.24,19.0,45.0,0.0,26.0,0.0,False
25,178.0,2.0,0.0,32.0,14.0,2.0,1.0,1.0,True
26,229.0,4.0,0.0,30.0,18.0,0.0,8.0,2.0,False
27,303.0,7.0,0.92,18.5,3.0,3.0,2.0,4.0,True
28,262.67,6.0,1.06,14.0,1.0,0.03,82.0,11.0,True
29,314.0,21.0,0.72,21.0,4.0,0.84,7.0,3.0,True
30,179.0,100.83,0.0,33.0,16.0,20.0,2.0,0.0,False
31,197.33,39.0,1.02,12.67,0.0,16.0,126.0,4.0,True
32,284.5,165.0,0.71,20.5,14.0,1.72,17.0,14.0,True
33,202.0,208.5,0.0,31.0,4.0,117.0,3.0,0.0,False
34,198.0,6.0,0.8,12.67,5.0,6.0,373.0,0.0,True
35,288.0,4.0,0.26,21.0,30.0,0.0,464.0,17.0,False
36,239.0,23.0,0.0,34.0,0.0,2.0,1.0,1.0,True
37,242.0,16.0,0.0,35.0,13.0,1.0,4.0,7.0,True
38,208.33,8.0,0.81,15.67,18.67,0.77,54.0,7.0,True
39,215.67,386.0,1.19,15.33,16.67,0.87,8.0,15.0,True
40,204.33,0.0,1.15,15.67,16.0,0.0,95.0,5.0,True
41,135.5,119.67,0.92,19.0,1.5,46.0,10.0,2.0,True
42,202.0,32.0,0.7,14.0,0.67,23.0,103.0,0.0,True
43,196.33,1.0,1.0,16.33,4.33,1.0,475.0,0.0,True
44,207.0,302.0,0.78,17.0,58.67,0.75,57.0,11.0,True
45,145.5,46.0,0.98,19.0,38.5,32.0,17.0,5.0,True
46,208.33,47.0,1.29,15.33,0.67,45.0,183.0,0.0,True
47,221.0,53.0,0.88,19.0,0.67,0.76,159.0,56.0,True
48,224.33,54.0,1.27,19.33,9.33,0.76,71.0,1.0,True
49,323.5,327.5,0.32,29.0,3.0,0.75,29.0,6.0,True
50,246.25,140.0,1.06,15.0,8.5,0.15,172.0,12.0,True
51,228.33,319.67,1.38,19.67,25.0,1.64,22.0,2.0,True
52,231.33,273.83,1.1,19.33,10.67,0.06,436.0,44.0,True
53,346.5,339.0,1.0,29.0,0.5,0.75,5.0,1.0,True
54,341.0,25.0,0.88,30.0,12.5,1.0,8.0,2.0,True
55,239.67,29.0,1.07,20.67,12.67,0.07,373.0,153.0,True
56,250.33,78.0,0.97,17.0,13.0,74.0,24.0,14.0,True
57,230.0,15.0,1.31,15.0,3.0,0.96,80.0,2.0,True
58,224.67,81.5,1.57,17.33,3.67,78.0,20.0,6.0,True
59,192.25,12.0,1.53,16.25,54.25,0.59,171.0,82.0,False
60,224.0,85.0,0.38,17.33,0.33,86.0,698.0,0.0,False
61,134.0,64.5,1.0,22.5,8.5,46.0,14.0,4.0,True
62,260.0,7.0,1.51,21.0,17.0,0.38,38.0,3.0,False
63,143.5,3.0,0.1,23.0,3.5,0.0,152.0,1.0,True
64,277.0,345.33,0.33,21.0,10.33,0.94,60.0,18.0,False
65,289.67,346.33,0.15,22.0,23.33,1.72,218.0,111.0,False
66,342.0,82.0,0.07,26.5,22.5,56.0,100.0,21.0,False
67,183.0,58.0,1.49,17.67,6.33,0.82,16.0,4.0,True
68,382.0,95.0,0.26,32.5,3.5,1.0,92.0,19.0,True
69,397.5,114.0,0.95,32.5,8.5,1.0,7.0,1.0,True
70,229.0,115.0,1.14,17.67,2.33,116.0,35.0,0.0,True
71,261.0,369.33,1.81,17.0,17.5,0.76,117.0,77.0,True
72,255.67,131.83,0.83,21.67,10.67,1.28,57.0,33.0,True
73,241.5,4.0,0.89,26.5,20.0,1.0,136.0,61.0,True
74,150.0,1.0,0.68,24.0,9.0,1.0,110.0,13.0,True
75,217.83,5.0,1.06,12.0,12.5,0.56,155.0,121.0,True
76,152.5,1.0,0.71,24.5,2.5,1.0,83.0,10.0,True
77,365.0,0.0,0.92,27.0,95.0,0.0,3.0,3.0,True
78,271.25,2.0,1.74,17.25,2.5,0.75,85.0,5.0,True
79,140.5,12.5,0.63,24.5,54.5,0.2,25.0,0.0,True
80,199.2,52.5,1.59,13.4,20.2,0.13,67.0,4.0,False
81,221.0,75.5,0.0,32.0,8.0,54.0,9.0,14.0,False
82,286.67,110.5,1.53,22.67,8.0,0.0,15.0,4.0,False
83,277.67,131.5,1.49,23.0,48.67,0.5,6.0,5.0,False
84,165.0,34.5,0.19,24.5,82.0,0.56,51.0,18.0,False
85,252.57,54.0,0.97,11.43,20.43,0.04,537.0,18.0,True
86,205.75,0.0,1.9,17.25,51.5,0.0,33.0,4.0,True
87,193.4,194.5,1.73,14.2,51.0,0.0,72.0,41.0,False
88,200.0,19.0,0.3,28.0,3.5,21.0,19.0,0.0,False
89,302.5,45.5,1.0,35.0,5.5,49.0,2.0,2.0,True
90,242.6,33.0,1.18,15.8,14.8,0.11,613.0,2.0,True
91,171.5,6.0,0.97,28.5,74.5,4.0,144.0,14.0,True
92,312.0,22.5,1.15,24.33,4.67,0.22,21.0,7.0,True
93,204.2,3.0,1.21,15.6,15.0,1.47,229.0,0.0,True
94,302.67,48.5,1.36,24.67,23.67,0.99,30.0,2.0,True
95,178.0,1.0,0.9,26.0,8.5,0.0,119.0,1.0,True
96,173.2,154.0,1.49,14.8,8.8,0.0,132.0,56.0,False
97,191.0,155.0,1.37,11.29,13.43,0.5,678.0,11.0,True
98,191.5,52.5,1.4,16.25,67.5,1.43,91.0,5.0,True
99,403.33,60.0,0.93,27.67,10.67,0.14,196.0,57.0,True
100,403.33,7.0,1.52,27.33,1.67,0.64,5.0,5.0,True
101,257.33,22.0,0.32,22.67,25.0,22.0,708.0,0.0,False
102,271.0,422.08,1.39,19.5,81.25,1.72,50.0,34.0,False
103,141.0,16.0,0.85,24.0,25.0,0.0,83.0,60.0,True
104,177.0,66.5,0.99,27.0,30.0,0.03,28.0,35.0,True
105,232.5,136.67,0.71,19.25,7.75,1.28,299.0,1.0,True
106,224.75,14.0,1.44,19.5,5.75,1.87,18.0,3.0,False
107,190.75,37.0,1.7,19.0,21.75,0.96,45.0,1.0,False
108,156.5,35.0,0.65,27.0,36.5,0.2,4.0,2.0,True
109,160.5,80.72,0.57,30.0,0.0,0.0,84.0,20.0,True
110,263.33,132.75,1.36,22.67,116.33,0.5,22.0,11.0,True
111,124.0,151.17,0.72,23.5,10.0,8.0,57.0,4.0,True
112,268.0,49.67,0.32,34.0,5.0,0.56,17.0,0.0,True
113,183.0,82.05,0.76,31.0,29.0,54.0,151.0,9.0,True
114,228.75,37.0,1.0,18.0,104.5,29.0,24.0,2.0,True
115,214.5,22.0,0.43,35.0,18.5,0.0,22.0,1.0,False
116,193.6,60.0,0.92,16.4,8.6,0.54,131.0,13.0,True
117,256.0,134.0,0.45,20.5,38.5,1.28,291.0,3.0,True
118,231.6,41.0,2.06,17.0,46.8,0.08,38.0,36.0,False
119,210.8,44.0,1.47,16.8,1.4,0.0,162.0,14.0,True
120,254.5,145.33,1.27,20.75,64.5,1.0,217.0,12.0,True
121,278.2,39.0,0.94,18.4,4.2,0.52,284.0,3.0,True
122,187.5,0.0,0.66,32.0,14.0,0.0,46.0,82.0,True
123,268.17,11.0,2.04,16.33,82.0,0.01,150.0,20.0,False
124,157.0,16.0,1.45,22.67,4.67,0.12,119.0,9.0,True
125,169.5,63.0,0.65,33.0,0.5,32.0,5.0,1.0,True
126,144.33,20.0,0.88,21.67,26.67,0.58,31.0,5.0,True
127,228.62,303.67,1.36,19.35,23.48,4.15,25.71,2.12,True
128,229.06,278.73,1.32,18.86,21.11,8.07,31.49,2.31,False
129,232.6,79.23,1.01,14.95,2.16,39.43,77.73,3.83,True
130,231.93,116.78,1.07,15.68,5.73,33.53,69.03,3.54,False
131,231.8,123.98,1.08,15.82,6.41,32.39,67.36,3.49,False
132,228.79,293.83,1.34,19.16,22.55,5.7,27.99,2.2,False
133,232.79,68.19,1.0,14.73,1.11,41.16,80.29,3.91,True
134,232.12,106.27,1.06,15.48,4.73,35.18,71.46,3.62,False
135,232.49,85.31,1.02,15.07,2.74,38.47,76.32,3.78,True
136,229.23,269.01,1.31,18.67,20.19,9.6,33.74,2.38,False
137,231.97,114.39,1.07,15.64,5.5,33.9,69.58,3.56,True
138,232.73,71.99,1.0,14.8,1.47,40.56,79.41,3.88,True
139,232.6,79.29,1.01,14.95,2.17,39.42,77.72,3.83,True
140,228.88,288.65,1.34,19.06,22.05,6.51,29.19,2.24,False
141,228.82,292.4,1.34,19.13,22.41,5.92,28.32,2.21,False
142,231.1,163.82,1.14,16.61,10.2,26.13,58.12,3.18,False
143,232.81,67.05,0.99,14.71,1.0,41.34,80.56,3.92,True
144,231.32,151.0,1.12,16.36,8.98,28.15,61.1,3.28,False
145,230.02,224.35,1.24,17.8,15.95,16.62,44.09,2.72,False
146,232.55,81.94,1.02,15.0,2.42,39.0,77.1,3.81,True
147,230.69,186.92,1.18,17.06,12.39,22.5,52.77,3.01,False
148,231.12,162.38,1.14,16.58,10.06,26.36,58.46,3.2,False
149,228.86,290.19,1.34,19.09,22.2,6.27,28.83,2.22,False
150,231.99,113.19,1.07,15.61,5.38,34.09,69.86,3.57,True
151,229.36,261.5,1.29,18.52,19.47,10.78,35.48,2.44,False
152,232.01,112.19,1.06,15.59,5.29,34.25,70.09,3.58,True
153,232.66,75.61,1.01,14.88,1.82,40.0,78.57,3.85,True
154,228.61,304.33,1.36,19.37,23.54,4.05,25.55,2.12,True
155,232.97,58.18,0.98,14.53,0.16,42.74,82.61,3.99,True
156,231.31,152.05,1.13,16.38,9.08,27.98,60.85,3.27,False
157,232.74,71.38,1.0,14.79,1.41,40.66,79.55,3.89,True
158,231.73,128.16,1.09,15.91,6.81,31.74,66.39,3.46,False
159,232.79,68.56,1.0,14.74,1.15,41.11,80.21,3.91,True
160,231.27,154.07,1.13,16.42,9.27,27.66,60.38,3.26,False
161,232.42,89.06,1.03,15.14,3.09,37.88,75.45,3.75,True
162,229.33,263.26,1.3,18.56,19.64,10.5,35.07,2.43,False
163,232.18,102.5,1.05,15.4,4.37,35.77,72.34,3.65,True
164,229.38,260.88,1.29,18.51,19.42,10.88,35.63,2.45,False
165,230.69,187.04,1.18,17.06,12.4,22.48,52.74,3.01,False
166,230.95,172.31,1.16,16.77,11.0,24.8,56.16,3.12,False
167,229.82,235.61,1.25,18.02,17.01,14.85,41.48,2.64,False
168,230.57,193.49,1.19,17.19,13.01,21.47,51.25,2.96,False
169,231.29,152.93,1.13,16.39,9.16,27.84,60.65,3.27,False
170,231.68,130.72,1.09,15.96,7.05,31.33,65.8,3.44,False
171,229.72,241.49,1.26,18.13,17.57,13.92,40.12,2.59,False
172,228.39,316.68,1.38,19.61,24.72,2.11,22.69,2.02,False
173,232.95,59.54,0.98,14.56,0.29,42.52,82.3,3.98,True
174,232.73,71.76,1.0,14.8,1.45,40.6,79.46,3.88,True
175,231.19,158.81,1.14,16.51,9.72,26.92,59.28,3.22,False
176,231.69,130.2,1.09,15.95,7.0,31.42,65.92,3.44,False
177,229.04,279.91,1.32,18.89,21.22,7.88,31.21,2.3,False
178,229.16,272.82,1.31,18.75,20.55,9.0,32.86,2.36,False
179,228.76,295.61,1.35,19.19,22.72,5.42,27.57,2.18,False
180,232.46,86.76,1.03,15.09,2.87,38.24,75.99,3.77,True
181,229.21,270.41,1.31,18.7,20.32,9.38,33.42,2.37,False
182,231.18,159.02,1.14,16.51,9.74,26.89,59.24,3.22,False
183,228.45,313.19,1.37,19.54,24.38,2.65,23.5,2.05,False
184,229.93,229.51,1.25,17.9,16.44,15.81,42.9,2.69,False
185,232.43,88.85,1.03,15.14,3.07,37.92,75.5,3.75,True
186,230.65,188.92,1.18,17.1,12.58,22.19,52.31,2.99,False
187,228.98,282.94,1.33,18.95,21.51,7.41,30.51,2.28,False
188,230.01,225.25,1.24,17.81,16.03,16.48,43.89,2.72,False
189,231.97,114.73,1.07,15.64,5.53,33.85,69.5,3.56,False
190,232.83,66.22,0.99,14.69,0.92,41.47,80.75,3.93,True
191,229.44,257.41,1.29,18.44,19.09,11.42,36.43,2.47,False
192,230.71,185.43,1.18,17.03,12.25,22.74,53.11,3.02,False
193,230.02,224.76,1.24,17.8,15.98,16.55,44.0,2.72,False
194,229.25,267.97,1.3,18.65,20.09,9.76,33.98,2.39,False
195,232.8,67.79,1.0,14.72,1.07,41.23,80.38,3.91,True
196,229.77,238.88,1.26,18.08,17.33,14.33,40.72,2.61,False
197,232.24,99.32,1.04,15.34,4.07,36.27,73.07,3.67,True
198,231.19,158.79,1.14,16.51,9.72,26.92,59.29,3.22,False
199,229.75,239.55,1.26,18.09,17.39,14.23,40.57,2.61,False
200,232.47,86.56,1.02,15.09,2.86,38.28,76.03,3.77,True
201,231.35,149.28,1.12,16.32,8.81,28.42,61.49,3.29,False
202,229.08,277.45,1.32,18.84,20.99,8.27,31.79,2.32,False
203,232.41,89.91,1.03,15.16,3.17,37.75,75.26,3.75,True
204,229.58,249.33,1.28,18.29,18.32,12.69,38.3,2.53,False
205,229.48,254.77,1.28,18.39,18.84,11.84,37.04,2.49,False
206,228.52,309.33,1.37,19.46,24.02,3.26,24.4,2.08,True
207,229.9,231.2,1.25,17.93,16.6,15.54,42.5,2.67,False
208,232.51,83.96,1.02,15.04,2.61,38.68,76.63,3.79,True
209,228.85,290.78,1.34,19.1,22.26,6.18,28.7,2.22,False
210,228.79,294.01,1.34,19.16,22.56,5.67,27.95,2.19,False
211,230.09,220.41,1.23,17.72,15.57,17.24,45.01,2.75,False
212,232.42,89.28,1.03,15.14,3.11,37.85,75.4,3.75,True
213,232.5,84.46,1.02,15.05,2.66,38.61,76.52,3.79,True
214,229.13,274.51,1.31,18.78,20.71,8.73,32.47,2.34,False
215,231.64,133.16,1.1,16.01,7.28,30.95,65.23,3.42,False
216,231.67,131.3,1.09,15.97,7.11,31.24,65.66,3.43,False
217,228.85,290.53,1.34,19.09,22.23,6.22,28.75,2.22,False
218,229.15,273.36,1.31,18.76,20.6,8.91,32.73,2.35,False
219,230.2,214.65,1.22,17.6,15.02,18.14,46.34,2.8,False
220,230.15,217.06,1.23,17.65,15.25,17.76,45.78,2.78,False
221,230.17,215.86,1.22,17.63,15.14,17.95,46.06,2.79,False
222,231.4,146.61,1.12,16.27,8.56,28.84,62.11,3.32,False
223,228.62,303.64,1.36,19.35,23.48,4.16,25.72,2.12,True
224,232.42,88.94,1.03,15.14,3.08,37.9,75.48,3.75,True
225,231.44,144.46,1.11,16.23,8.36,29.18,62.61,3.33,False
226,231.73,127.92,1.09,15.9,6.78,31.77,66.45,3.46,False
227,232.9,62.0,0.99,14.61,0.52,42.14,81.73,3.96,True
228,232.78,69.16,1.0,14.75,1.2,41.01,80.06,3.9,True
229,231.72,128.41,1.09,15.91,6.83,31.7,66.33,3.45,False
230,232.29,96.34,1.04,15.28,3.79,36.74,73.76,3.7,True
231,228.98,283.42,1.33,18.96,21.56,7.33,30.4,2.28,False
232,229.58,249.62,1.28,18.29,18.35,12.65,38.24,2.53,False
233,231.88,119.69,1.08,15.74,6.0,33.07,68.35,3.52,False
234,232.39,90.82,1.03,15.17,3.26,37.61,75.04,3.74,True
235,229.77,238.39,1.26,18.07,17.28,14.41,40.84,2.62,False
236,229.01,281.58,1.33,18.92,21.38,7.62,30.83,2.29,False
237,230.88,176.02,1.16,16.85,11.35,24.21,55.3,3.09,False
238,229.46,256.06,1.29,18.42,18.96,11.63,36.74,2.48,False
239,231.78,125.24,1.08,15.85,6.53,32.2,67.07,3.48,False
240,231.39,147.14,1.12,16.28,8.61,28.75,61.99,3.31,False
241,229.91,230.87,1.25,17.92,16.56,15.59,42.58,2.67,False
242,231.77,125.9,1.09,15.86,6.59,32.09,66.91,3.47,False
243,231.39,147.15,1.12,16.28,8.61,28.75,61.99,3.31,False
244,228.9,287.47,1.33,19.03,21.94,6.7,29.46,2.24,False
245,228.54,308.17,1.37,19.44,23.91,3.44,24.67,2.09,True
246,229.33,263.69,1.3,18.57,19.68,10.43,34.97,2.43,False
247,230.54,195.04,1.19,17.22,13.16,21.22,50.89,2.95,False
248,231.04,167.02,1.15,16.67,10.5,25.63,57.38,3.16,False
249,232.26,98.4,1.04,15.32,3.98,36.41,73.29,3.68,True
250,232.45,87.55,1.03,15.11,2.95,38.12,75.8,3.76,True
251,229.51,253.06,1.28,18.36,18.67,12.11,37.44,2.51,False
252,231.41,145.94,1.12,16.26,8.5,28.94,62.27,3.32,False
253,231.35,149.55,1.12,16.33,8.84,28.38,61.43,3.29,False
254,228.35,318.56,1.38,19.65,24.9,1.81,22.26,2.01,False
255,232.74,71.11,1.0,14.79,1.39,40.7,79.61,3.89,True
256,229.78,238.33,1.26,18.07,17.27,14.42,40.85,2.62,False
257,228.41,315.27,1.38,19.58,24.58,2.33,23.02,2.03,False
258,232.48,85.68,1.02,15.07,2.77,38.41,76.24,3.78,True
259,228.66,301.23,1.36,19.3,23.25,4.53,26.27,2.14,True
260,229.81,236.13,1.26,18.03,17.06,14.77,41.36,2.63,False
261,230.73,184.68,1.18,17.02,12.18,22.85,53.29,3.03,False
262,230.32,207.86,1.21,17.47,14.38,19.21,47.92,2.85,False
263,229.07,278.28,1.32,18.85,21.07,8.14,31.59,2.31,False
264,229.1,276.65,1.32,18.82,20.91,8.4,31.97,2.33,False
265,231.51,140.56,1.11,16.15,7.99,29.79,63.51,3.36,False
266,231.85,121.28,1.08,15.77,6.15,32.82,67.98,3.51,False
267,231.15,160.91,1.14,16.55,9.92,26.59,58.8,3.21,False
268,230.26,211.11,1.22,17.54,14.69,18.7,47.16,2.82,False
269,229.37,261.41,1.29,18.52,19.47,10.79,35.5,2.44,False
270,229.02,280.8,1.32,18.9,21.31,7.75,31.01,2.3,False
271,229.11,275.62,1.32,18.8,20.82,8.56,32.21,2.33,False
272,230.64,189.53,1.18,17.11,12.64,22.09,52.17,2.99,False
273,231.04,166.99,1.15,16.67,10.5,25.63,57.39,3.16,False
274,230.12,218.98,1.23,17.69,15.44,17.46,45.34,2.77,False
275,232.31,95.65,1.04,15.27,3.72,36.85,73.93,3.7,True
276,231.55,138.44,1.1,16.11,7.78,30.12,64.01,3.38,False
277,230.67,188.03,1.18,17.08,12.49,22.33,52.51,3.0,False
278,231.56,137.49,1.1,16.09,7.69,30.27,64.23,3.38,False
279,232.97,58.35,0.98,14.54,0.18,42.71,82.57,3.99,True
280,228.98,282.99,1.33,18.95,21.52,7.4,30.5,2.28,False
281,232.93,60.4,0.98,14.58,0.37,42.39,82.1,3.97,True
282,228.55,307.59,1.37,19.43,23.85,3.53,24.8,2.09,True
283,231.68,131.2,1.09,15.97,7.1,31.26,65.68,3.43,False
284,229.21,270.01,1.31,18.69,20.28,9.44,33.51,2.38,False
285,231.78,125.18,1.08,15.85,6.52,32.21,67.08,3.48,False
286,232.25,98.99,1.04,15.33,4.04,36.32,73.15,3.68,True
287,228.81,292.51,1.34,19.13,22.42,5.9,28.29,2.21,False
288,232.86,64.45,0.99,14.66,0.76,41.75,81.16,3.94,True
289,229.45,256.53,1.29,18.43,19.0,11.56,36.63,2.48,False
290,228.34,319.45,1.38,19.66,24.98,1.67,22.05,2.0,False
291,229.65,245.34,1.27,18.21,17.94,13.32,39.23,2.56,False
292,229.91,230.76,1.25,17.92,16.55,15.61,42.61,2.68,False
293,231.01,168.89,1.15,16.71,10.68,25.33,56.95,3.15,False
294,232.84,65.68,0.99,14.68,0.87,41.56,80.87,3.93,True
295,228.97,283.94,1.33,18.97,21.61,7.25,30.28,2.27,False
296,229.68,243.72,1.27,18.18,17.79,13.57,39.6,2.58,False
297,231.87,120.4,1.08,15.75,6.07,32.96,68.19,3.51,False
298,232.18,102.73,1.05,15.41,4.39,35.73,72.28,3.65,True
299,230.4,203.16,1.2,17.38,13.93,19.95,49.01,2.89,False
300,232.7,73.26,1.0,14.83,1.59,40.37,79.12,3.87,True
301,228.4,315.66,1.38,19.59,24.62,2.27,22.93,2.03,False
302,232.45,87.3,1.03,15.1,2.93,38.16,75.86,3.77,True
303,232.45,87.51,1.03,15.11,2.95,38.13,75.81,3.76,True
304,228.44,313.82,1.38,19.55,24.44,2.55,23.35,2.04,False
305,232.52,83.76,1.02,15.04,2.59,38.72,76.68,3.79,True
306,232.93,60.19,0.98,14.57,0.35,42.42,82.14,3.97,True
307,230.78,181.64,1.17,16.96,11.89,23.33,53.99,3.05,False
308,232.19,102.07,1.05,15.39,4.33,35.84,72.44,3.65,True
309,231.67,131.4,1.09,15.97,7.12,31.23,65.64,3.43,False
310,229.37,261.11,1.29,18.52,19.44,10.84,35.57,2.44,False
311,229.46,256.26,1.29,18.42,18.98,11.6,36.7,2.48,False
312,228.97,283.54,1.33,18.96,21.57,7.31,30.37,2.27,False
313,231.81,123.87,1.08,15.82,6.4,32.41,67.38,3.49,False
314,230.21,214.02,1.22,17.59,14.96,18.24,46.49,2.8,False
315,232.38,91.68,1.03,15.19,3.34,37.47,74.84,3.73,True
316,228.39,316.74,1.38,19.61,24.72,2.1,22.68,2.02,False
317,229.32,264.12,1.3,18.58,19.72,10.37,34.87,2.42,False
318,233.0,56.74,0.98,14.5,0.02,42.96,82.94,4.0,True
319,232.94,59.65,0.98,14.56,0.3,42.51,82.27,3.98,True
320,228.7,299.08,1.35,19.26,23.04,4.87,26.77,2.16,True
321,230.99,169.77,1.15,16.72,10.76,25.2,56.74,3.14,False
322,231.82,122.93,1.08,15.8,6.31,32.56,67.6,3.5,False
323,232.49,85.49,1.02,15.07,2.75,38.44,76.28,3.78,True
324,232.6,78.89,1.01,14.94,2.13,39.48,77.81,3.83,True
325,231.89,119.1,1.08,15.73,5.95,33.16,68.49,3.52,False
326,230.18,215.73,1.22,17.63,15.13,17.97,46.09,2.79,False
327,229.25,267.73,1.3,18.65,20.07,9.8,34.04,2.39,False
328,229.35,262.33,1.3,18.54,19.55,10.65,35.29,2.44,False
329,230.81,180.09,1.17,16.93,11.74,23.57,54.35,3.06,False
330,232.77,69.24,1.0,14.75,1.21,41.0,80.05,3.9,True
331,229.13,274.78,1.32,18.79,20.74,8.69,32.4,2.34,False
332,228.4,315.71,1.38,19.59,24.62,2.26,22.92,2.03,False
333,232.94,60.04,0.98,14.57,0.34,42.44,82.18,3.97,True
334,229.5,253.78,1.28,18.37,18.74,11.99,37.27,2.5,False
335,231.63,133.62,1.1,16.01,7.33,30.88,65.12,3.41,False
336,229.88,232.64,1.25,17.96,16.73,15.31,42.17,2.66,False
337,231.59,135.96,1.1,16.06,7.55,30.51,64.58,3.4,False
338,228.88,288.94,1.34,19.06,22.08,6.47,29.12,2.23,False
339,229.94,229.27,1.24,17.89,16.41,15.84,42.95,2.69,False
340,230.16,216.67,1.23,17.64,15.22,17.83,45.87,2.78,False
341,231.91,117.78,1.07,15.7,5.82,33.37,68.8,3.53,False
342,232.79,68.11,1.0,14.73,1.1,41.18,80.31,3.91,True
343,232.06,109.33,1.06,15.54,5.02,34.7,70.75,3.6,False
344,228.81,292.82,1.34,19.14,22.45,5.86,28.22,2.2,False
345,229.66,244.88,1.27,18.2,17.9,13.39,39.34,2.57,False
346,232.13,105.71,1.05,15.47,4.67,35.27,71.59,3.63,False
347,231.43,145.04,1.12,16.24,8.41,29.08,62.48,3.33,False
348,231.4,146.63,1.12,16.27,8.56,28.83,62.11,3.32,False
349,231.97,114.67,1.07,15.64,5.53,33.86,69.52,3.56,False
350,232.61,78.52,1.01,14.93,2.09,39.54,77.89,3.83,True
351,231.15,160.55,1.14,16.54,9.88,26.65,58.88,3.21,False
352,231.1,163.63,1.14,16.6,10.18,26.16,58.17,3.19,False
353,230.45,200.15,1.2,17.32,13.65,20.42,49.7,2.91,False
354,231.07,165.17,1.15,16.63,10.32,25.92,57.81,3.17,False
355,232.47,86.6,1.02,15.09,2.86,38.27,76.02,3.77,True
356,231.84,121.64,1.08,15.78,6.19,32.76,67.9,3.5,False
357,230.05,222.73,1.23,17.76,15.79,16.87,44.47,2.74,False
358,232.1,107.09,1.06,15.49,4.81,35.05,71.27,3.62,False
359,229.25,268.07,1.3,18.65,20.1,9.75,33.96,2.39,False
360,228.85,290.77,1.34,19.1,22.25,6.18,28.7,2.22,False
361,232.6,78.91,1.01,14.94,2.13,39.48,77.81,3.83,True
362,228.75,296.1,1.35,19.2,22.76,5.34,27.46,2.18,False
363,232.69,73.86,1.01,14.84,1.65,40.27,78.98,3.87,True
364,230.19,214.95,1.22,17.61,15.05,18.09,46.27,2.8,False
365,232.33,94.04,1.04,15.24,3.57,37.1,74.3,3.71,True
366,228.43,314.26,1.38,19.56,24.49,2.49,23.25,2.04,False
367,230.03,224.04,1.24,17.79,15.92,16.67,44.17,2.73,False
368,228.64,302.36,1.36,19.33,23.36,4.36,26.01,2.13,True
369,232.99,56.91,0.98,14.51,0.04,42.93,82.9,4.0,True
370,228.62,303.37,1.36,19.35,23.45,4.2,25.78,2.12,True
371,231.57,137.26,1.1,16.09,7.67,30.31,64.28,3.39,False
372,230.83,178.73,1.17,16.9,11.61,23.79,54.67,3.07,False
373,231.44,144.63,1.11,16.23,8.37,29.15,62.57,3.33,False
374,232.74,71.04,1.0,14.79,1.38,40.71,79.63,3.89,True
375,230.93,173.31,1.16,16.79,11.1,24.64,55.92,3.11,False
376,230.91,174.13,1.16,16.81,11.17,24.51,55.73,3.11,False
377,229.72,241.21,1.26,18.13,17.55,13.97,40.19,2.6,False
378,229.63,246.4,1.27,18.23,18.04,13.15,38.98,2.56,False
379,228.6,304.76,1.36,19.37,23.58,3.98,25.46,2.11,True
380,231.7,129.91,1.09,15.94,6.97,31.46,65.98,3.44,False
381,228.95,285.04,1.33,18.99,21.71,7.08,30.03,2.26,False
382,228.38,316.93,1.38,19.61,24.74,2.07,22.63,2.02,False
383,228.37,317.73,1.38,19.63,24.82,1.94,22.45,2.01,False
384,231.76,126.17,1.09,15.87,6.62,32.05,66.85,3.47,False
385,230.88,176.01,1.16,16.85,11.35,24.22,55.3,3.09,False
386,230.76,182.95,1.17,16.98,12.01,23.13,53.69,3.04,False
387,232.02,111.62,1.06,15.58,5.24,34.34,70.22,3.58,True
388,228.82,291.95,1.34,19.12,22.37,5.99,28.43,2.21,False
389,229.95,228.29,1.24,17.87,16.32,16.0,43.18,2.69,False
390,229.7,242.71,1.27,18.16,17.69,13.73,39.84,2.58,False
391,231.59,136.17,1.1,16.06,7.57,30.48,64.53,3.39,False
392,230.74,183.96,1.18,17.0,12.11,22.97,53.45,3.03,False
393,232.35,92.9,1.03,15.21,3.46,37.28,74.56,3.72,True
394,229.65,245.28,1.27,18.21,17.93,13.33,39.24,2.57,False
395,232.89,62.69,0.99,14.62,0.59,42.03,81.57,3.95,True
396,231.68,131.14,1.09,15.97,7.09,31.27,65.7,3.43,False
397,231.38,147.79,1.12,16.29,8.67,28.65,61.84,3.31,False
398,229.77,238.83,1.26,18.08,17.32,14.34,40.74,2.61,False
399,230.07,221.77,1.23,17.74,15.7,17.02,44.69,2.74,False
400,230.48,198.8,1.2,17.29,13.52,20.63,50.02,2.92,False
401,231.4,146.67,1.12,16.27,8.57,28.83,62.1,3.31,False
402,229.17,272.75,1.31,18.75,20.54,9.01,32.88,2.36,False
403,229.57,249.66,1.28,18.29,18.35,12.64,38.23,2.53,False
404,231.23,156.31,1.13,16.46,9.48,27.31,59.86,3.24,False
405,232.1,107.02,1.06,15.49,4.8,35.06,71.29,3.62,False
406,230.42,202.02,1.2,17.36,13.82,20.13,49.27,2.89,False
407,229.39,260.29,1.29,18.5,19.36,10.97,35.76,2.45,False
408,229.61,247.87,1.27,18.26,18.18,12.92,38.64,2.55,False
409,230.47,199.34,1.2,17.3,13.57,20.55,49.89,2.91,False
410,229.85,234.01,1.25,17.99,16.86,15.1,41.85,2.65,False
411,229.08,277.63,1.32,18.84,21.01,8.24,31.74,2.32,False
412,232.64,76.81,1.01,14.9,1.93,39.81,78.29,3.85,True
413,228.44,313.88,1.38,19.55,24.45,2.55,23.34,2.04,False
414,231.69,130.11,1.09,15.95,6.99,31.43,65.94,3.44,False
415,232.23,99.71,1.05,15.35,4.11,36.21,72.98,3.67,True
416,230.91,174.12,1.16,16.81,11.17,24.51,55.74,3.11,False
417,231.03,167.33,1.15,16.68,10.53,25.58,57.31,3.16,False
418,228.74,296.77,1.35,19.22,22.82,5.24,27.31,2.17,False
419,231.52,139.75,1.11,16.13,7.91,29.91,63.7,3.37,False
420,228.53,308.72,1.37,19.45,23.96,3.36,24.54,2.08,True
421,229.88,232.49,1.25,17.96,16.72,15.34,42.21,2.66,False
422,230.37,204.92,1.21,17.41,14.1,19.67,48.6,2.87,False
423,229.15,273.62,1.31,18.76,20.63,8.87,32.67,2.35,False
424,228.65,301.64,1.36,19.31,23.29,4.47,26.18,2.14,True
425,232.32,94.82,1.04,15.25,3.64,36.98,74.12,3.71,True
426,228.72,297.65,1.35,19.23,22.91,5.1,27.1,2.17,False
427,228.82,292.34,1.34,19.13,22.4,5.93,28.33,2.21,False
428,228.89,288.01,1.34,19.05,21.99,6.61,29.34,2.24,False
429,229.75,239.65,1.26,18.1,17.4,14.21,40.55,2.61,False
430,232.27,97.54,1.04,15.31,3.9,36.55,73.49,3.69,True
431,232.55,81.8,1.02,15.0,2.4,39.02,77.14,3.81,True
432,228.62,303.73,1.36,19.35,23.49,4.14,25.7,2.12,True
433,232.63,77.38,1.01,14.91,1.98,39.72,78.16,3.84,True
434,231.11,163.32,1.14,16.6,10.15,26.21,58.24,3.19,False
435,232.58,80.22,1.02,14.97,2.25,39.27,77.5,3.82,True
436,228.38,317.07,1.38,19.62,24.75,2.04,22.6,2.02,False
437,231.8,123.96,1.08,15.82,6.41,32.4,67.36,3.49,False
438,230.09,220.71,1.23,17.72,15.6,17.19,44.94,2.75,False
439,232.92,60.92,0.99,14.59,0.42,42.3,81.98,3.97,True
440,231.21,157.67,1.13,16.49,9.61,27.1,59.55,3.23,False
441,230.92,173.91,1.16,16.81,11.15,24.55,55.78,3.11,False
442,232.4,90.48,1.03,15.17,3.23,37.66,75.12,3.74,True
443,232.54,82.68,1.02,15.01,2.49,38.88,76.93,3.8,True
444,229.15,273.44,1.31,18.76,20.61,8.9,32.72,2.35,False
445,230.29,209.5,1.21,17.5,14.53,18.95,47.54,2.84,False
446,230.96,171.67,1.16,16.76,10.94,24.9,56.31,3.12,False
447,231.53,139.37,1.11,16.13,7.87,29.98,63.79,3.37,False
448,228.98,283.41,1.33,18.95,21.56,7.33,30.4,2.28,False
449,229.06,278.53,1.32,18.86,21.09,8.1,31.54,2.31,False
450,231.28,153.51,1.13,16.4,9.22,27.75,60.51,3.26,False
451,230.15,217.03,1.23,17.65,15.25,17.77,45.79,2.78,False
452,228.63,302.67,1.36,19.33,23.39,4.31,25.94,2.13,True
453,228.5,310.17,1.37,19.48,24.1,3.13,24.2,2.07,False
454,231.49,141.55,1.11,16.17,8.08,29.63,63.29,3.35,False
455,232.99,57.17,0.98,14.51,0.06,42.9,82.85,3.99,True
456,228.84,291.07,1.34,19.11,22.28,6.13,28.63,2.22,False
457,229.23,269.04,1.31,18.67,20.19,9.59,33.73,2.38,False
458,230.88,176.17,1.16,16.85,11.37,24.19,55.26,3.09,False
459,231.67,131.59,1.09,15.97,7.13,31.2,65.59,3.43,False
460,229.66,244.9,1.27,18.2,17.9,13.39,39.33,2.57,False
461,230.86,177.3,1.16,16.87,11.48,24.01,55.0,3.08,False
462,230.55,194.69,1.19,17.21,13.13,21.28,50.97,2.95,False
463,230.33,207.15,1.21,17.46,14.31,19.32,48.08,2.86,False
464,229.08,277.48,1.32,18.84,20.99,8.27,31.78,2.32,False
465,229.7,242.46,1.27,18.15,17.67,13.77,39.9,2.59,False
466,228.93,285.83,1.33,19.0,21.79,6.95,29.84,2.26,False
467,230.49,198.12,1.2,17.28,13.45,20.74,50.17,2.92,False
468,232.13,105.77,1.05,15.47,4.68,35.26,71.58,3.63,False
469,228.58,305.6,1.36,19.39,23.66,3.85,25.26,2.11,True
470,230.23,212.7,1.22,17.57,14.84,18.45,46.79,2.81,False
471,229.43,257.75,1.29,18.45,19.12,11.37,36.35,2.47,False
472,229.24,268.57,1.31,18.66,20.15,9.67,33.84,2.39,False
473,231.93,116.76,1.07,15.68,5.72,33.53,69.03,3.54,False
474,230.06,222.03,1.23,17.75,15.73,16.98,44.63,2.74,False
475,231.07,165.51,1.15,16.64,10.36,25.87,57.73,3.17,False
476,231.66,131.93,1.09,15.98,7.17,31.14,65.52,3.43,False
477,228.91,286.98,1.33,19.02,21.89,6.77,29.58,2.25,False
478,231.09,164.28,1.14,16.62,10.24,26.06,58.02,3.18,False
479,232.9,62.01,0.99,14.61,0.52,42.13,81.72,3.96,True
480,232.07,108.72,1.06,15.53,4.96,34.79,70.9,3.6,False
481,230.42,201.73,1.2,17.35,13.8,20.17,49.34,2.9,False
482,230.41,202.56,1.2,17.37,13.88,20.04,49.14,2.89,False
483,229.22,269.74,1.31,18.69,20.26,9.48,33.57,2.38,False
484,232.82,66.66,0.99,14.7,0.97,41.4,80.64,3.92,True
485,232.62,78.04,1.01,14.92,2.05,39.61,78.01,3.84,True
486,230.3,208.67,1.21,17.49,14.46,19.08,47.73,2.84,False
487,230.85,177.71,1.17,16.88,11.51,23.95,54.9,3.08,False
488,230.93,173.13,1.16,16.79,11.08,24.67,55.97,3.11,False
489,229.25,267.97,1.3,18.65,20.09,9.76,33.98,2.39,False
490,229.17,272.66,1.31,18.74,20.53,9.03,32.9,2.36,False
491,233.0,56.63,0.98,14.5,0.01,42.98,82.97,4.0,True
492,231.58,136.31,1.1,16.07,7.58,30.46,64.5,3.39,False
493,231.75,126.94,1.09,15.88,6.69,31.93,66.67,3.46,False
494,231.79,124.75,1.08,15.84,6.48,32.27,67.18,3.48,False
495,230.08,221.13,1.23,17.73,15.64,17.12,44.84,2.75,False
496,230.01,224.87,1.24,17.81,15.99,16.54,43.97,2.72,False
497,232.75,70.47,1.0,14.77,1.33,40.8,79.76,3.89,True
498,231.1,163.83,1.14,16.61,10.2,26.13,58.12,3.18,False
499,229.78,237.86,1.26,18.06,17.23,14.49,40.96,2.62,False
500,230.75,183.63,1.17,17.0,12.08,23.02,53.53,3.03,False
501,228.48,311.64,1.37,19.51,24.24,2.9,23.86,2.06,False
502,231.51,140.41,1.11,16.15,7.97,29.81,63.55,3.36,False
503,230.52,196.54,1.19,17.25,13.3,20.99,50.54,2.94,False
504,231.01,168.51,1.15,16.7,10.64,25.39,57.04,3.15,False
505,230.21,214.04,1.22,17.59,14.97,18.24,46.48,2.8,False
506,231.35,149.76,1.12,16.33,8.86,28.34,61.38,3.29,False
507,231.53,139.47,1.11,16.13,7.88,29.96,63.77,3.37,False
508,229.44,257.3,1.29,18.44,19.08,11.44,36.46,2.47,False
509,231.44,144.5,1.11,16.23,8.36,29.17,62.6,3.33,False
510,232.43,88.67,1.03,15.13,3.06,37.94,75.54,3.76,True
511,228.76,295.55,1.35,19.19,22.71,5.43,27.59,2.18,False
512,232.84,65.27,0.99,14.67,0.83,41.62,80.97,3.93,True
513,231.33,150.74,1.12,16.35,8.95,28.19,61.16,3.28,False
514,229.27,267.12,1.3,18.64,20.01,9.9,34.18,2.4,False
515,232.59,79.48,1.01,14.95,2.18,39.39,77.67,3.83,True
516,229.92,230.43,1.25,17.91,16.52,15.66,42.68,2.68,False
517,232.21,101.15,1.05,15.38,4.24,35.98,72.65,3.66,False
518,229.18,271.67,1.31,18.72,20.44,9.18,33.13,2.36,False
519,228.45,312.83,1.37,19.53,24.35,2.71,23.58,2.05,False
520,232.18,102.52,1.05,15.4,4.37,35.77,72.33,3.65,True
521,231.54,138.95,1.11,16.12,7.83,30.04,63.89,3.37,False
522,230.51,196.75,1.19,17.25,13.32,20.96,50.49,2.93,False
523,231.75,126.99,1.09,15.88,6.7,31.92,66.66,3.46,False
524,231.38,147.89,1.12,16.29,8.68,28.64,61.82,3.31,False
525,232.35,93.0,1.03,15.22,3.47,37.26,74.54,3.72,True
526,229.14,273.99,1.31,18.77,20.66,8.81,32.59,2.35,False
527,232.25,98.77,1.04,15.33,4.02,36.36,73.2,3.68,True
528,230.61,191.26,1.19,17.15,12.8,21.82,51.76,2.98,False
529,232.99,56.92,0.98,14.51,0.04,42.93,82.9,4.0,True
530,231.57,137.26,1.1,16.09,7.67,30.31,64.28,3.39,False
531,232.0,112.69,1.07,15.6,5.34,34.17,69.98,3.57,True
532,232.57,80.94,1.02,14.98,2.32,39.16,77.33,3.81,True
533,230.97,170.95,1.16,16.75,10.87,25.01,56.47,3.13,False
534,231.32,151.23,1.12,16.36,9.0,28.11,61.04,3.28,False
535,228.66,301.13,1.36,19.3,23.24,4.55,26.3,2.14,True
536,228.58,305.49,1.36,19.39,23.65,3.86,25.29,2.11,True
537,231.65,132.66,1.1,16.0,7.23,31.03,65.35,3.42,False
538,230.03,224.24,1.24,17.79,15.94,16.63,44.12,2.73,False
539,232.98,57.45,0.98,14.52,0.09,42.85,82.78,3.99,True
540,229.97,227.51,1.24,17.86,16.25,16.12,43.36,2.7,False
541,232.33,94.29,1.04,15.24,3.59,37.06,74.24,3.71,True
542,232.19,102.03,1.05,15.39,4.33,35.84,72.45,3.65,True
543,232.08,108.51,1.06,15.52,4.94,34.83,70.95,3.6,False
544,232.9,62.06,0.99,14.61,0.53,42.13,81.71,3.96,True
545,230.36,205.49,1.21,17.43,14.15,19.58,48.46,2.87,False
546,230.76,182.64,1.17,16.98,11.98,23.17,53.76,3.04,False
547,229.67,244.32,1.27,18.19,17.84,13.48,39.46,2.57,False
548,229.91,230.73,1.25,17.92,16.55,15.61,42.61,2.68,False
549,232.07,108.78,1.06,15.53,4.97,34.78,70.88,3.6,False
550,232.36,92.34,1.03,15.2,3.4,37.37,74.69,3.73,True
551,232.53,82.91,1.02,15.02,2.51,38.85,76.88,3.8,True
552,232.38,91.7,1.03,15.19,3.34,37.47,74.84,3.73,True
553,232.6,79.02,1.01,14.94,2.14,39.46,77.78,3.83,True
554,229.47,255.44,1.29,18.41,18.9,11.73,36.89,2.49,False
555,228.83,291.9,1.34,19.12,22.36,6.0,28.44,2.21,False
556,228.68,299.97,1.35,19.28,23.13,4.73,26.56,2.15,True
557,228.49,310.78,1.37,19.49,24.16,3.03,24.06,2.07,False
558,231.15,160.56,1.14,16.54,9.89,26.64,58.88,3.21,False
559,231.79,124.78,1.08,15.84,6.49,32.27,67.17,3.48,False
560,230.71,185.37,1.18,17.03,12.24,22.74,53.13,3.02,False
561,230.29,209.09,1.21,17.5,14.5,19.02,47.63,2.84,False
562,232.19,102.07,1.05,15.39,4.33,35.84,72.44,3.65,True
563,230.22,213.15,1.22,17.58,14.88,18.38,46.69,2.81,False
564,228.5,310.06,1.37,19.48,24.09,3.15,24.23,2.07,True
565,229.87,233.05,1.25,17.97,16.77,15.25,42.08,2.66,False
566,232.9,62.4,0.99,14.62,0.56,42.07,81.63,3.96,True
567,232.3,95.71,1.04,15.27,3.72,36.84,73.91,3.7,True
568,231.27,154.17,1.13,16.42,9.28,27.65,60.36,3.26,False
569,232.8,67.83,1.0,14.72,1.08,41.22,80.37,3.91,True
570,228.74,296.63,1.35,19.21,22.81,5.26,27.34,2.18,False
571,229.31,264.65,1.3,18.59,19.77,10.28,34.75,2.42,False
572,232.85,64.98,0.99,14.67,0.81,41.67,81.03,3.94,True
573,228.48,311.36,1.37,19.5,24.21,2.94,23.93,2.06,False
574,231.43,145.26,1.12,16.24,8.43,29.05,62.43,3.33,False
575,231.99,113.29,1.07,15.61,5.4,34.07,69.84,3.57,True
576,231.39,147.03,1.12,16.28,8.6,28.77,62.02,3.31,False
577,229.74,240.33,1.26,18.11,17.46,14.11,40.39,2.6,False
578,231.21,157.61,1.13,16.49,9.61,27.11,59.56,3.23,False
579,229.41,258.87,1.29,18.47,19.22,11.19,36.09,2.46,False
580,229.55,250.99,1.28,18.32,18.48,12.43,37.92,2.52,False
581,229.35,262.58,1.3,18.55,19.58,10.61,35.23,2.43,False
582,229.6,248.44,1.27,18.27,18.23,12.83,38.51,2.54,False
583,231.55,138.52,1.1,16.11,7.79,30.11,63.99,3.38,False
584,231.91,118.09,1.07,15.71,5.85,33.32,68.72,3.53,False
585,230.41,202.81,1.2,17.37,13.9,20.0,49.09,2.89,False
586,232.35,93.07,1.03,15.22,3.47,37.25,74.52,3.72,True
587,230.21,213.88,1.22,17.59,14.95,18.26,46.52,2.8,False
588,231.69,130.55,1.09,15.95,7.03,31.36,65.84,3.44,False
589,228.64,302.42,1.36,19.33,23.36,4.35,26.0,2.13,True
590,230.11,219.69,1.23,17.7,15.5,17.35,45.17,2.76,False
591,232.79,68.46,1.0,14.73,1.14,41.12,80.23,3.91,True
592,230.7,186.22,1.18,17.05,12.32,22.61,52.93,3.01,False
593,229.62,247.12,1.27,18.24,18.11,13.04,38.82,2.55,False
594,230.08,221.2,1.23,17.73,15.65,17.11,44.82,2.75,False
595,228.76,295.55,1.35,19.19,22.71,5.43,27.59,2.18,False
596,231.94,116.19,1.07,15.67,5.67,33.62,69.17,3.55,False
597,232.35,93.36,1.04,15.22,3.5,37.21,74.46,3.72,True
598,232.02,111.66,1.06,15.58,5.24,34.33,70.21,3.58,True
599,232.89,62.52,0.99,14.62,0.57,42.05,81.61,3.95,True
600,230.2,214.64,1.22,17.6,15.02,18.14,46.34,2.8,False
601,229.73,241.08,1.26,18.12,17.53,13.99,40.22,2.6,False
602,232.96,58.48,0.98,14.54,0.19,42.69,82.54,3.98,True
603,232.64,76.57,1.01,14.89,1.91,39.85,78.35,3.85,True
604,230.95,172.05,1.16,16.77,10.98,24.84,56.22,3.12,False
605,231.3,152.25,1.13,16.38,9.1,27.95,60.81,3.27,False
606,232.98,57.44,0.98,14.52,0.09,42.85,82.78,3.99,True
607,232.2,101.64,1.05,15.39,4.29,35.9,72.54,3.66,True
608,228.6,304.39,1.36,19.37,23.55,4.04,25.54,2.12,True
609,230.03,223.99,1.24,17.79,15.91,16.67,44.18,2.73,False
610,229.75,239.81,1.26,18.1,17.41,14.19,40.51,2.61,False
611,232.42,89.37,1.03,15.15,3.12,37.83,75.38,3.75,True
612,231.97,114.3,1.07,15.63,5.49,33.91,69.6,3.56,True
613,232.19,102.1,1.05,15.4,4.33,35.83,72.43,3.65,True
614,230.41,202.78,1.2,17.37,13.9,20.01,49.09,2.89,False
615,228.86,290.04,1.34,19.09,22.19,6.29,28.87,2.23,False
616,228.96,284.08,1.33,18.97,21.62,7.23,30.25,2.27,False
617,229.4,259.61,1.29,18.49,19.29,11.08,35.92,2.46,False
618,231.82,122.99,1.08,15.81,6.32,32.55,67.59,3.49,False
619,231.74,127.55,1.09,15.89,6.75,31.83,66.53,3.46,False
620,230.59,192.28,1.19,17.17,12.9,21.66,51.53,2.97,False
621,228.71,298.48,1.35,19.25,22.99,4.97,26.91,2.16,True
622,229.37,261.23,1.29,18.52,19.45,10.82,35.54,2.44,False
623,232.52,83.4,1.02,15.03,2.56,38.77,76.77,3.8,True
624,232.33,94.46,1.04,15.25,3.61,37.03,74.2,3.71,True
625,232.15,104.48,1.05,15.44,4.56,35.46,71.88,3.64,False
626,232.29,96.73,1.04,15.29,3.82,36.68,73.67,3.69,True
627,231.13,162.02,1.14,16.57,10.02,26.41,58.54,3.2,False
628,232.01,112.17,1.06,15.59,5.29,34.25,70.1,3.58,True
629,229.04,279.77,1.32,18.88,21.21,7.91,31.25,2.3,False
630,228.92,286.59,1.33,19.02,21.86,6.83,29.67,2.25,False
631,231.24,155.82,1.13,16.45,9.44,27.39,59.98,3.25,False
632,233.0,56.76,0.98,14.51,0.02,42.96,82.94,4.0,True
633,232.37,91.91,1.03,15.2,3.36,37.43,74.79,3.73,True
634,231.84,122.01,1.08,15.79,6.22,32.7,67.82,3.5,False
635,228.76,295.8,1.35,19.2,22.73,5.39,27.53,2.18,False
636,231.47,142.98,1.11,16.2,8.21,29.41,62.96,3.34,False
637,230.73,184.72,1.18,17.02,12.18,22.85,53.28,3.03,False
638,231.07,165.14,1.15,16.63,10.32,25.92,57.82,3.17,False
639,229.99,226.04,1.24,17.83,16.11,16.35,43.7,2.71,False
640,228.57,306.42,1.36,19.41,23.74,3.72,25.07,2.1,True
641,232.59,79.56,1.01,14.95,2.19,39.38,77.66,3.82,True
642,232.47,86.45,1.02,15.09,2.85,38.29,76.06,3.77,True
643,229.08,277.78,1.32,18.84,21.02,8.22,31.71,2.32,False
644,232.25,98.6,1.04,15.33,4.0,36.38,73.24,3.68,True
645,232.93,60.47,0.98,14.58,0.38,42.38,82.08,3.97,True
646,230.32,207.83,1.21,17.47,14.38,19.21,47.92,2.85,False
647,230.92,173.81,1.16,16.8,11.14,24.56,55.81,3.11,False
648,232.26,98.16,1.04,15.32,3.96,36.45,73.34,3.68,True
649,228.66,301.14,1.36,19.3,23.24,4.55,26.29,2.14,True
650,229.35,262.55,1.3,18.55,19.57,10.61,35.24,2.43,False
651,232.94,59.86,0.98,14.57,0.32,42.47,82.22,3.97,True
652,232.84,65.42,0.99,14.68,0.85,41.6,80.93,3.93,True
653,230.51,196.87,1.19,17.26,13.33,20.94,50.46,2.93,False
654,232.63,77.3,1.01,14.91,1.98,39.73,78.18,3.84,True
655,229.54,251.81,1.28,18.33,18.55,12.3,37.73,2.52,False
656,232.78,68.92,1.0,14.74,1.18,41.05,80.12,3.91,True
657,230.83,178.96,1.17,16.9,11.63,23.75,54.61,3.07,False
658,230.95,172.09,1.16,16.77,10.98,24.83,56.21,3.12,False
659,232.97,58.28,0.98,14.53,0.17,42.72,82.59,3.99,True
660,232.53,82.77,1.02,15.02,2.5,38.87,76.91,3.8,True
661,230.51,196.7,1.19,17.25,13.32,20.96,50.5,2.93,False
662,231.67,131.55,1.09,15.97,7.13,31.2,65.6,3.43,False
663,229.16,272.89,1.31,18.75,20.56,8.99,32.84,2.36,False
664,232.3,95.91,1.04,15.27,3.74,36.81,73.87,3.7,True
665,230.98,170.45,1.15,16.74,10.83,25.09,56.59,3.13,False
666,229.03,280.64,1.32,18.9,21.29,7.77,31.05,2.3,False
667,231.67,131.26,1.09,15.97,7.1,31.25,65.67,3.43,False
668,230.09,220.67,1.23,17.72,15.6,17.2,44.95,2.75,False
669,229.17,272.67,1.31,18.74,20.54,9.02,32.89,2.36,False
670,229.56,250.52,1.28,18.31,18.43,12.51,38.03,2.53,False
671,232.75,70.66,1.0,14.78,1.35,40.77,79.72,3.89,True
672,232.94,60.06,0.98,14.57,0.34,42.44,82.18,3.97,True
673,229.0,282.3,1.33,18.93,21.45,7.51,30.66,2.28,False
674,229.88,232.36,1.25,17.95,16.71,15.36,42.24,2.66,False
675,232.51,84.03,1.02,15.04,2.62,38.67,76.62,3.79,True
676,232.12,105.92,1.05,15.47,4.69,35.23,71.54,3.62,False
677,231.07,165.47,1.15,16.64,10.35,25.87,57.74,3.17,False
678,230.47,199.4,1.2,17.31,13.58,20.54,49.88,2.91,False
679,230.73,184.3,1.18,17.01,12.14,22.91,53.38,3.03,False
680,231.7,129.98,1.09,15.94,6.98,31.45,65.97,3.44,False
681,232.73,71.65,1.0,14.8,1.44,40.62,79.49,3.88,True
682,232.74,71.01,1.0,14.78,1.38,40.72,79.64,3.89,True
683,230.26,210.97,1.22,17.53,14.67,18.72,47.19,2.83,False
684,230.85,177.49,1.17,16.88,11.49,23.98,54.96,3.08,False
685,229.74,240.43,1.26,18.11,17.47,14.09,40.37,2.6,False
686,231.17,159.58,1.14,16.52,9.79,26.8,59.11,3.22,False
687,228.96,284.38,1.33,18.97,21.65,7.18,30.18,2.27,False
688,232.6,79.06,1.01,14.94,2.14,39.45,77.77,3.83,True
689,230.1,220.26,1.23,17.72,15.56,17.26,45.04,2.76,False
690,229.04,279.61,1.32,18.88,21.19,7.93,31.29,2.3,False
691,231.42,145.57,1.12,16.25,8.46,29.0,62.35,3.32,False
692,229.61,247.56,1.27,18.25,18.15,12.97,38.71,2.55,False
693,229.56,250.33,1.28,18.31,18.41,12.53,38.07,2.53,False
694,231.9,118.55,1.07,15.72,5.89,33.25,68.62,3.53,False
695,230.76,182.92,1.17,16.98,12.01,23.13,53.7,3.04,False
696,232.83,65.89,0.99,14.68,0.89,41.52,80.82,3.93,True
697,231.37,148.15,1.12,16.3,8.71,28.6,61.76,3.3,False
698,231.44,144.75,1.11,16.23,8.38,29.13,62.54,3.33,False
699,231.06,166.14,1.15,16.65,10.42,25.77,57.59,3.17,False
700,231.58,136.63,1.1,16.07,7.61,30.4,64.43,3.39,False
701,230.85,178.01,1.17,16.89,11.54,23.9,54.83,3.08,False
702,230.29,209.33,1.21,17.5,14.52,18.98,47.58,2.84,False
703,232.22,100.7,1.05,15.37,4.2,36.05,72.76,3.66,False
704,232.74,71.3,1.0,14.79,1.41,40.67,79.57,3.89,True
705,228.55,307.25,1.37,19.42,23.82,3.59,24.88,2.09,True
706,232.57,80.92,1.02,14.98,2.32,39.16,77.34,3.81,True
707,228.64,302.57,1.36,19.33,23.38,4.32,25.96,2.13,True
708,231.82,122.95,1.08,15.8,6.31,32.56,67.6,3.5,False
709,231.8,123.89,1.08,15.82,6.4,32.41,67.38,3.49,False
710,232.99,57.28,0.98,14.52,0.07,42.88,82.82,3.99,True
711,232.63,77.56,1.01,14.91,2.0,39.69,78.12,3.84,True
712,230.8,180.51,1.17,16.93,11.78,23.51,54.25,3.06,False
713,228.65,301.9,1.36,19.32,23.31,4.43,26.12,2.14,True
714,228.5,310.31,1.37,19.48,24.11,3.11,24.17,2.07,False
715,231.47,143.02,1.11,16.2,8.22,29.4,62.95,3.34,False
716,231.16,160.44,1.14,16.54,9.87,26.66,58.91,3.21,False
717,232.81,67.14,0.99,14.71,1.01,41.33,80.53,3.92,True
718,231.22,156.87,1.13,16.47,9.53,27.22,59.73,3.24,False
719,230.61,191.16,1.19,17.14,12.79,21.83,51.79,2.98,False
720,231.59,136.17,1.1,16.06,7.57,30.48,64.53,3.39,False
721,232.06,109.34,1.06,15.54,5.02,34.7,70.75,3.6,False
722,229.24,268.45,1.31,18.66,20.13,9.69,33.87,2.39,False
723,232.39,90.73,1.03,15.17,3.25,37.62,75.07,3.74,True
724,230.44,200.61,1.2,17.33,13.69,20.35,49.6,2.9,False
725,229.45,256.68,1.29,18.43,19.02,11.54,36.6,2.48,False
726,230.32,207.51,1.21,17.46,14.35,19.27,48.0,2.85,False
727,230.14,217.66,1.23,17.66,15.31,17.67,45.64,2.78,False
728,232.54,82.31,1.02,15.01,2.45,38.94,77.02,3.8,True
729,231.03,167.86,1.15,16.69,10.58,25.5,57.19,3.15,False
730,232.14,104.8,1.05,15.45,4.59,35.41,71.81,3.63,False
731,228.44,313.89,1.38,19.55,24.45,2.54,23.34,2.04,False
732,230.72,185.24,1.18,17.03,12.23,22.76,53.16,3.02,False
733,232.31,95.57,1.04,15.27,3.71,36.86,73.94,3.7,True
734,231.56,137.55,1.1,16.09,7.7,30.26,64.21,3.38,False
735,229.11,275.83,1.32,18.81,20.84,8.53,32.16,2.33,False
736,232.33,94.48,1.04,15.25,3.61,37.03,74.2,3.71,True
737,231.8,124.24,1.08,15.83,6.43,32.35,67.3,3.49,False
738,229.27,266.86,1.3,18.63,19.98,9.94,34.24,2.4,False
739,232.68,74.47,1.01,14.85,1.71,40.18,78.84,3.86,True
740,231.65,132.63,1.1,15.99,7.23,31.03,65.35,3.42,False
741,230.33,206.9,1.21,17.45,14.29,19.36,48.14,2.86,False
742,230.67,187.89,1.18,17.08,12.48,22.35,52.54,3.0,False
743,232.22,100.35,1.05,15.36,4.17,36.11,72.84,3.67,False
744,228.77,294.8,1.35,19.18,22.64,5.54,27.76,2.19,False
745,228.64,302.51,1.36,19.33,23.37,4.33,25.98,2.13,True
746,229.71,242.0,1.26,18.14,17.62,13.84,40.0,2.59,False
747,229.01,281.48,1.33,18.92,21.37,7.64,30.85,2.29,False
748,229.57,250.11,1.28,18.3,18.39,12.57,38.12,2.53,False
749,230.25,211.55,1.22,17.54,14.73,18.63,47.06,2.82,False
750,232.19,102.11,1.05,15.4,4.33,35.83,72.43,3.65,True
751,231.71,129.17,1.09,15.93,6.9,31.58,66.16,3.45,False
752,232.46,86.89,1.03,15.1,2.89,38.22,75.95,3.77,True
753,232.55,82.05,1.02,15.0,2.43,38.98,77.08,3.81,True
754,232.45,87.3,1.03,15.1,2.93,38.16,75.86,3.77,True
755,232.16,104.13,1.05,15.44,4.52,35.51,71.96,3.64,False
756,228.8,293.63,1.34,19.16,22.53,5.73,28.04,2.2,False
757,229.74,240.41,1.26,18.11,17.47,14.09,40.37,2.6,False
758,232.21,100.9,1.05,15.37,4.22,36.02,72.71,3.66,False
759,230.37,204.59,1.21,17.41,14.07,19.72,48.67,2.87,False
760,232.68,74.59,1.01,14.86,1.72,40.16,78.81,3.86,True
761,231.37,148.4,1.12,16.3,8.73,28.55,61.7,3.3,False
762,230.96,171.59,1.16,16.76,10.93,24.91,56.32,3.13,False
763,231.17,159.7,1.14,16.53,9.8,26.78,59.08,3.22,False
764,231.51,140.36,1.11,16.15,7.97,29.82,63.56,3.36,False
765,228.84,291.12,1.34,19.11,22.29,6.12,28.62,2.22,False
766,231.83,122.31,1.08,15.79,6.25,32.66,67.75,3.5,False
767,230.1,220.11,1.23,17.71,15.54,17.28,45.08,2.76,False
768,228.39,316.62,1.38,19.61,24.71,2.11,22.71,2.02,False
769,229.97,227.63,1.24,17.86,16.26,16.1,43.33,2.7,False
770,229.13,274.57,1.31,18.78,20.72,8.72,32.45,2.34,False
771,228.55,307.54,1.37,19.43,23.85,3.54,24.81,2.09,True
772,232.28,97.35,1.04,15.3,3.88,36.58,73.53,3.69,True
773,231.77,125.73,1.09,15.86,6.58,32.12,66.95,3.47,False
774,229.59,248.89,1.28,18.28,18.28,12.76,38.4,2.54,False
775,229.34,263.13,1.3,18.56,19.63,10.52,35.1,2.43,False
776,232.9,62.14,0.99,14.61,0.54,42.11,81.69,3.96,True
777,229.47,255.57,1.29,18.41,18.91,11.71,36.86,2.49,False
778,232.41,89.69,1.03,15.15,3.15,37.78,75.31,3.75,True
779,230.95,172.36,1.16,16.77,11.01,24.79,56.14,3.12,False
780,231.78,125.38,1.08,15.85,6.54,32.17,67.03,3.48,False
781,232.78,69.04,1.0,14.75,1.19,41.03,80.09,3.9,True
782,231.84,121.69,1.08,15.78,6.19,32.75,67.89,3.5,False
783,232.66,75.81,1.01,14.88,1.83,39.96,78.52,3.85,True
784,232.87,63.92,0.99,14.65,0.7,41.83,81.28,3.94,True
785,229.57,249.93,1.28,18.3,18.38,12.6,38.16,2.53,False
786,229.31,264.34,1.3,18.58,19.74,10.33,34.82,2.42,False
787,231.37,148.2,1.12,16.3,8.71,28.59,61.74,3.3,False
788,231.52,139.81,1.11,16.14,7.91,29.91,63.69,3.37,False
789,229.46,256.14,1.29,18.42,18.97,11.62,36.72,2.48,False
790,231.62,134.1,1.1,16.02,7.37,30.8,65.01,3.41,False
791,232.87,63.98,0.99,14.65,0.71,41.82,81.27,3.94,True
792,228.61,304.0,1.36,19.36,23.51,4.1,25.63,2.12,True
793,231.33,150.48,1.12,16.35,8.93,28.23,61.22,3.29,False
794,231.29,153.15,1.13,16.4,9.18,27.81,60.6,3.27,False
795,232.59,79.63,1.01,14.95,2.2,39.36,77.64,3.82,True
796,229.94,229.26,1.24,17.89,16.41,15.85,42.95,2.69,False
797,232.13,105.3,1.05,15.46,4.64,35.33,71.69,3.63,False
798,232.29,96.44,1.04,15.28,3.79,36.72,73.74,3.7,True
799,228.74,296.86,1.35,19.22,22.83,5.22,27.29,2.17,False
800,231.02,168.04,1.15,16.69,10.6,25.47,57.15,3.15,False
801,229.83,235.42,1.25,18.01,17.0,14.88,41.53,2.64,False
802,228.56,306.97,1.36,19.42,23.79,3.63,24.94,2.1,True
803,231.6,135.51,1.1,16.05,7.51,30.58,64.69,3.4,False
804,232.62,77.7,1.01,14.92,2.01,39.67,78.09,3.84,True
805,231.53,139.28,1.11,16.13,7.86,29.99,63.81,3.37,False
806,229.17,272.67,1.31,18.74,20.54,9.02,32.89,2.36,False
807,232.55,81.73,1.02,15.0,2.4,39.03,77.15,3.81,True
808,230.9,174.85,1.16,16.82,11.24,24.4,55.57,3.1,False
809,232.21,100.82,1.05,15.37,4.21,36.03,72.73,3.66,False
810,230.14,217.56,1.23,17.66,15.3,17.69,45.67,2.78,False
811,230.45,200.26,1.2,17.32,13.66,20.4,49.68,2.91,False
812,229.43,257.68,1.29,18.45,19.11,11.38,36.37,2.47,False
813,231.52,139.85,1.11,16.14,7.92,29.9,63.68,3.37,False
814,230.46,199.99,1.2,17.32,13.63,20.45,49.74,2.91,False
815,230.61,191.05,1.19,17.14,12.78,21.85,51.81,2.98,False
816,230.58,192.82,1.19,17.18,12.95,21.57,51.4,2.96,False
817,230.39,203.96,1.21,17.39,14.01,19.82,48.82,2.88,False
818,231.19,158.37,1.14,16.5,9.68,26.99,59.39,3.23,False
819,231.68,130.73,1.09,15.96,7.05,31.33,65.79,3.44,False
820,230.89,175.75,1.16,16.84,11.33,24.26,55.36,3.09,False
821,232.52,83.3,1.02,15.03,2.55,38.79,76.79,3.8,True
822,229.34,263.08,1.3,18.56,19.62,10.53,35.12,2.43,False
823,231.81,123.44,1.08,15.81,6.36,32.48,67.48,3.49,False
824,232.61,78.3,1.01,14.93,2.07,39.57,77.95,3.83,True
825,232.52,83.47,1.02,15.03,2.56,38.76,76.75,3.8,True
826,232.5,84.72,1.02,15.05,2.68,38.56,76.46,3.79,True
827,229.7,242.79,1.27,18.16,17.7,13.72,39.82,2.58,False
828,232.94,60.11,0.98,14.57,0.34,42.43,82.16,3.97,True
829,229.81,236.32,1.26,18.03,17.08,14.74,41.32,2.63,False
830,231.48,142.17,1.11,16.18,8.14,29.54,63.14,3.35,False
831,229.76,239.4,1.26,18.09,17.37,14.25,40.61,2.61,False
832,230.7,186.25,1.18,17.05,12.33,22.61,52.92,3.01,False
833,229.23,269.34,1.31,18.68,20.22,9.55,33.66,2.38,False
834,229.59,248.52,1.27,18.27,18.24,12.82,38.49,2.54,False
835,230.67,188.09,1.18,17.08,12.5,22.32,52.5,3.0,False
836,231.0,169.56,1.15,16.72,10.74,25.23,56.79,3.14,False
837,232.55,81.72,1.02,15.0,2.4,39.04,77.15,3.81,True
838,232.58,79.94,1.01,14.96,2.23,39.32,77.57,3.82,True
839,230.2,214.67,1.22,17.61,15.03,18.14,46.34,2.8,False
840,230.23,212.89,1.22,17.57,14.86,18.42,46.75,2.81,False
841,229.03,280.65,1.32,18.9,21.29,7.77,31.04,2.3,False
842,231.74,127.62,1.09,15.9,6.76,31.82,66.51,3.46,False
843,228.99,282.56,1.33,18.94,21.47,7.47,30.6,2.28,False
844,231.55,138.4,1.1,16.11,7.78,30.13,64.02,3.38,False
845,229.87,233.03,1.25,17.97,16.77,15.25,42.08,2.66,False
846,228.61,304.18,1.36,19.36,23.53,4.07,25.59,2.12,True
847,231.82,122.76,1.08,15.8,6.29,32.58,67.64,3.5,False
848,228.41,315.45,1.38,19.58,24.6,2.3,22.98,2.03,False
849,229.57,250.14,1.28,18.3,18.4,12.56,38.12,2.53,False
850,231.49,141.52,1.11,16.17,8.08,29.64,63.29,3.35,False
851,232.72,72.27,1.0,14.81,1.5,40.52,79.34,3.88,True
852,230.43,201.49,1.2,17.35,13.77,20.21,49.39,2.9,False
853,232.39,90.89,1.03,15.18,3.27,37.59,75.03,3.74,True
854,230.65,188.99,1.18,17.1,12.59,22.17,52.29,2.99,False
855,232.04,110.85,1.06,15.57,5.16,34.46,70.4,3.59,True
856,228.4,315.86,1.38,19.59,24.64,2.24,22.88,2.03,False
857,230.64,189.73,1.18,17.12,12.66,22.06,52.12,2.99,False
858,230.0,225.41,1.24,17.82,16.05,16.45,43.85,2.72,False
859,229.38,260.64,1.29,18.51,19.39,10.91,35.68,2.45,False
860,230.83,178.76,1.17,16.9,11.61,23.78,54.66,3.07,False
861,232.88,63.33,0.99,14.63,0.65,41.93,81.42,3.95,True
862,232.48,86.09,1.02,15.08,2.81,38.35,76.14,3.78,True
863,229.94,228.93,1.24,17.89,16.38,15.9,43.03,2.69,False
864,230.08,221.21,1.23,17.73,15.65,17.11,44.82,2.75,False
865,229.54,251.58,1.28,18.33,18.53,12.34,37.78,2.52,False
866,230.21,213.76,1.22,17.59,14.94,18.28,46.55,2.8,False
867,231.56,137.79,1.1,16.1,7.72,30.22,64.16,3.38,False
868,230.89,175.23,1.16,16.83,11.28,24.34,55.48,3.1,False
869,228.69,299.8,1.35,19.28,23.11,4.76,26.61,2.15,True
870,231.42,145.71,1.12,16.25,8.47,28.98,62.32,3.32,False
871,231.63,133.78,1.1,16.02,7.34,30.85,65.09,3.41,False
872,231.0,169.18,1.15,16.71,10.7,25.29,56.88,3.14,False
873,229.44,257.33,1.29,18.44,19.08,11.43,36.45,2.47,False
874,232.5,84.84,1.02,15.06,2.69,38.54,76.43,3.78,True
875,232.29,96.68,1.04,15.29,3.82,36.68,73.69,3.69,True
876,230.09,220.58,1.23,17.72,15.59,17.21,44.97,2.75,False
877,231.41,146.13,1.12,16.26,8.51,28.91,62.22,3.32,False
878,228.77,295.07,1.35,19.18,22.66,5.5,27.7,2.19,False
879,230.07,221.79,1.23,17.75,15.7,17.02,44.69,2.74,False
880,231.71,129.14,1.09,15.93,6.9,31.58,66.16,3.45,False
881,230.79,181.18,1.17,16.95,11.84,23.4,54.1,3.05,False
882,230.09,220.36,1.23,17.72,15.57,17.24,45.02,2.75,False
883,230.69,186.59,1.18,17.05,12.36,22.55,52.85,3.01,False
884,229.47,255.65,1.29,18.41,18.92,11.7,36.84,2.49,False
885,231.74,127.27,1.09,15.89,6.72,31.88,66.6,3.46,False
886,229.23,269.21,1.31,18.68,20.21,9.57,33.69,2.38,False
887,232.85,64.74,0.99,14.66,0.78,41.7,81.09,3.94,True
888,230.54,195.38,1.19,17.23,13.19,21.17,50.81,2.94,False
889,231.1,163.62,1.14,16.6,10.18,26.16,58.17,3.19,False
890,232.54,82.27,1.02,15.01,2.45,38.95,77.03,3.8,True
891,230.39,203.53,1.21,17.39,13.97,19.89,48.92,2.88,False
892,229.8,237.16,1.26,18.05,17.16,14.6,41.12,2.63,False
893,230.9,174.94,1.16,16.83,11.25,24.38,55.55,3.1,False
894,229.41,258.9,1.29,18.47,19.23,11.19,36.09,2.46,False
895,230.83,178.72,1.17,16.9,11.61,23.79,54.67,3.07,False
896,232.05,110.07,1.06,15.55,5.09,34.58,70.58,3.59,False
897,230.79,181.13,1.17,16.95,11.84,23.41,54.11,3.05,False
898,229.83,235.22,1.25,18.01,16.98,14.91,41.57,2.64,False
899,231.34,149.97,1.12,16.34,8.88,28.31,61.33,3.29,False
900,232.13,105.43,1.05,15.46,4.65,35.31,71.66,3.63,False
901,232.77,69.44,1.0,14.75,1.23,40.97,80.0,3.9,True
902,228.81,293.0,1.34,19.14,22.47,5.83,28.18,2.2,False
903,231.36,148.79,1.12,16.31,8.77,28.49,61.61,3.3,False
904,229.97,227.22,1.24,17.85,16.22,16.17,43.43,2.7,False
905,229.15,273.59,1.31,18.76,20.62,8.88,32.68,2.35,False
906,230.29,209.31,1.21,17.5,14.52,18.98,47.58,2.84,False
907,229.62,247.21,1.27,18.24,18.12,13.02,38.79,2.55,False
908,231.49,141.45,1.11,16.17,8.07,29.65,63.31,3.35,False
909,230.32,207.59,1.21,17.47,14.35,19.25,47.98,2.85,False
910,229.52,252.91,1.28,18.36,18.66,12.13,37.47,2.51,False
911,230.44,200.71,1.2,17.33,13.7,20.33,49.57,2.9,False
912,229.0,282.12,1.33,18.93,21.43,7.54,30.7,2.29,False
913,228.67,300.92,1.36,19.3,23.22,4.58,26.35,2.14,True
914,230.08,220.97,1.23,17.73,15.62,17.15,44.88,2.75,False
915,228.33,319.63,1.38,19.67,25.0,1.64,22.01,2.0,True
916,232.74,71.36,1.0,14.79,1.41,40.66,79.56,3.89,True
917,228.57,306.13,1.36,19.4,23.71,3.76,25.14,2.1,True
918,232.77,69.44,1.0,14.75,1.23,40.97,80.0,3.9,True
919,231.56,137.88,1.1,16.1,7.73,30.21,64.14,3.38,False
920,230.99,169.82,1.15,16.72,10.76,25.19,56.73,3.14,False
921,228.36,318.39,1.38,19.64,24.88,1.84,22.3,2.01,False
922,231.73,128.35,1.09,15.91,6.83,31.71,66.35,3.45,False
923,231.46,143.08,1.11,16.2,8.23,29.39,62.93,3.34,False
924,229.9,231.09,1.25,17.93,16.59,15.56,42.53,2.67,False
925,230.38,204.46,1.21,17.4,14.06,19.74,48.7,2.88,False
926,230.42,202.02,1.2,17.36,13.82,20.13,49.27,2.89,False
927,231.64,133.09,1.1,16.0,7.28,30.96,65.25,3.42,False
928,232.56,81.21,1.02,14.99,2.35,39.12,77.27,3.81,True
929,229.85,234.3,1.25,17.99,16.89,15.05,41.79,2.65,False
930,232.91,61.59,0.99,14.6,0.48,42.2,81.82,3.96,True
931,231.93,116.75,1.07,15.68,5.72,33.53,69.03,3.54,False
932,228.57,306.33,1.36,19.4,23.73,3.73,25.09,2.1,True
933,232.15,104.28,1.05,15.44,4.54,35.49,71.92,3.64,False
934,231.36,148.88,1.12,16.31,8.78,28.48,61.59,3.3,False
935,231.38,147.97,1.12,16.3,8.69,28.62,61.8,3.3,False
936,228.43,314.34,1.38,19.56,24.49,2.47,23.23,2.04,False
937,232.0,112.96,1.07,15.61,5.36,34.13,69.91,3.57,True
938,230.83,178.84,1.17,16.9,11.62,23.77,54.64,3.07,False
939,231.95,115.96,1.07,15.67,5.65,33.65,69.22,3.55,False
940,232.95,59.13,0.98,14.55,0.25,42.59,82.39,3.98,True
941,231.99,113.34,1.07,15.62,5.4,34.07,69.82,3.57,True
942,228.4,315.75,1.38,19.59,24.63,2.25,22.91,2.03,False
943,228.86,290.01,1.34,19.08,22.18,6.3,28.87,2.23,False
944,231.2,158.13,1.14,16.5,9.65,27.03,59.44,3.23,False
945,230.15,217.37,1.23,17.66,15.28,17.71,45.71,2.78,False
946,229.19,271.3,1.31,18.72,20.4,9.24,33.21,2.37,False
947,228.52,309.26,1.37,19.46,24.01,3.27,24.41,2.08,True
948,231.61,134.66,1.1,16.03,7.43,30.71,64.88,3.41,False
949,231.21,157.49,1.13,16.48,9.59,27.13,59.59,3.23,False
950,228.52,309.04,1.37,19.46,23.99,3.31,24.46,2.08,True
951,232.93,60.56,0.98,14.58,0.39,42.36,82.06,3.97,True
952,232.49,85.0,1.02,15.06,2.71,38.52,76.39,3.78,True
953,231.9,118.54,1.07,15.72,5.89,33.25,68.62,3.53,False
954,231.8,123.96,1.08,15.82,6.41,32.4,67.36,3.49,False
955,230.69,186.7,1.18,17.06,12.37,22.54,52.82,3.01,False
956,228.73,297.38,1.35,19.23,22.88,5.14,27.17,2.17,False
957,230.81,179.83,1.17,16.92,11.72,23.61,54.41,3.06,False
958,231.03,167.4,1.15,16.68,10.54,25.57,57.29,3.16,False
959,228.63,302.76,1.36,19.33,23.39,4.29,25.92,2.13,True
960,230.4,202.97,1.2,17.38,13.91,19.98,49.05,2.89,False
961,230.35,206.04,1.21,17.44,14.21,19.5,48.34,2.86,False
962,232.19,102.37,1.05,15.4,4.36,35.79,72.37,3.65,True
963,229.84,234.52,1.25,17.99,16.91,15.02,41.74,2.65,False
964,232.15,104.32,1.05,15.44,4.54,35.48,71.92,3.64,False
965,229.53,252.13,1.28,18.34,18.58,12.25,37.65,2.51,False
966,228.57,306.1,1.36,19.4,23.71,3.77,25.15,2.1,True
967,232.61,78.65,1.01,14.93,2.1,39.52,77.87,3.83,True
968,231.52,140.0,1.11,16.14,7.93,29.88,63.65,3.37,False
969,230.64,189.38,1.18,17.11,12.62,22.12,52.2,2.99,False
970,229.19,271.29,1.31,18.72,20.4,9.24,33.21,2.37,False
971,229.85,233.9,1.25,17.98,16.85,15.12,41.88,2.65,False
972,229.21,270.32,1.31,18.7,20.31,9.39,33.44,2.38,False
973,232.52,83.37,1.02,15.03,2.55,38.78,76.77,3.8,True
974,231.36,149.07,1.12,16.32,8.79,28.45,61.54,3.3,False
975,230.15,217.02,1.23,17.65,15.25,17.77,45.79,2.78,False
976,229.17,272.34,1.31,18.74,20.5,9.07,32.97,2.36,False
977,229.37,260.94,1.29,18.51,19.42,10.87,35.61,2.45,False
978,231.83,122.53,1.08,15.8,6.27,32.62,67.69,3.5,False
979,228.88,289.07,1.34,19.07,22.09,6.44,29.09,2.23,False
980,228.48,311.18,1.37,19.5,24.19,2.97,23.97,2.06,False
981,231.63,133.75,1.1,16.02,7.34,30.86,65.09,3.41,False
982,230.73,184.58,1.18,17.01,12.17,22.87,53.31,3.03,False
983,231.18,159.26,1.14,16.52,9.76,26.85,59.18,3.22,False
984,232.95,59.36,0.98,14.56,0.27,42.55,82.34,3.98,True
985,230.51,196.84,1.19,17.26,13.33,20.94,50.47,2.93,False
986,229.3,265.03,1.3,18.59,19.81,10.22,34.67,2.42,False
987,230.29,209.25,1.21,17.5,14.51,18.99,47.59,2.84,False
988,229.53,252.3,1.28,18.34,18.6,12.22,37.62,2.51,False
989,230.23,212.48,1.22,17.56,14.82,18.48,46.85,2.81,False
990,230.89,175.21,1.16,16.83,11.28,24.34,55.48,3.1,False
991,229.27,266.67,1.3,18.63,19.97,9.97,34.28,2.4,False
992,228.54,308.21,1.37,19.44,23.91,3.44,24.65,2.09,True
993,229.73,240.98,1.26,18.12,17.52,14.0,40.24,2.6,False
994,231.98,114.04,1.07,15.63,5.47,33.96,69.66,3.56,True
995,232.33,94.07,1.04,15.24,3.57,37.09,74.29,3.71,True
996,230.05,223.01,1.24,17.77,15.82,16.83,44.4,2.73,False
997,229.25,268.12,1.3,18.65,20.1,9.74,33.95,2.39,False
998,232.65,76.04,1.01,14.88,1.86,39.93,78.47,3.85,True
999,229.97,227.59,1.24,17.86,16.25,16.11,43.34,2.7,False
1000,231.66,132.3,1.1,15.99,7.2,31.09,65.43,3.42,False
1001,232.6,79.04,1.01,14.94,2.14,39.46,77.77,3.83,True
1002,232.36,92.87,1.03,15.21,3.46,37.28,74.57,3.72,True
1003,232.26,98.27,1.04,15.32,3.97,36.43,73.32,3.68,True
1004,229.37,261.35,1.29,18.52,19.46,10.8,35.52,2.44,False
1005,231.44,144.49,1.11,16.23,8.36,29.17,62.6,3.33,False
1006,231.54,138.89,1.11,16.12,7.83,30.05,63.9,3.37,False
1007,232.99,56.89,0.98,14.51,0.04,42.94,82.91,4.0,True
1008,230.09,220.75,1.23,17.72,15.6,17.18,44.93,2.75,False
1009,228.65,301.64,1.36,19.31,23.29,4.47,26.18,2.14,True
1010,232.33,94.27,1.04,15.24,3.59,37.06,74.24,3.71,True
1011,228.64,302.4,1.36,19.33,23.36,4.35,26.0,2.13,True
1012,229.43,257.75,1.29,18.45,19.12,11.37,36.35,2.47,False
1013,229.68,243.47,1.27,18.17,17.76,13.61,39.66,2.58,False
1014,231.12,162.78,1.14,16.59,10.1,26.3,58.37,3.19,False
1015,228.91,287.02,1.33,19.03,21.9,6.77,29.57,2.25,False
1016,229.34,262.96,1.3,18.55,19.61,10.55,35.14,2.43,False
1017,228.66,301.18,1.36,19.3,23.24,4.54,26.29,2.14,True
1018,232.82,66.64,0.99,14.7,0.96,41.41,80.65,3.92,True
1019,228.76,295.61,1.35,19.19,22.71,5.42,27.58,2.18,False
1020,231.93,116.67,1.07,15.68,5.72,33.54,69.05,3.54,False
1021,231.0,169.18,1.15,16.71,10.7,25.29,56.88,3.14,False
1022,231.8,124.06,1.08,15.83,6.42,32.38,67.34,3.49,False
1023,229.44,257.41,1.29,18.44,19.09,11.42,36.43,2.47,False
1024,232.35,93.16,1.04,15.22,3.48,37.24,74.5,3.72,True
1025,232.63,77.14,1.01,14.91,1.96,39.76,78.22,3.84,True
1026,232.21,100.85,1.05,15.37,4.21,36.03,72.72,3.66,False
1027,232.29,96.56,1.04,15.29,3.81,36.7,73.71,3.7,True
1028,232.47,86.17,1.02,15.08,2.82,38.34,76.12,3.77,True
1029,229.17,272.26,1.31,18.74,20.5,9.09,32.99,2.36,False
1030,231.99,113.48,1.07,15.62,5.41,34.04,69.79,3.57,True
1031,229.07,278.07,1.32,18.85,21.05,8.17,31.64,2.32,False
1032,230.18,215.67,1.22,17.62,15.12,17.98,46.11,2.79,False
1033,229.21,270.22,1.31,18.7,20.3,9.41,33.46,2.38,False
1034,230.79,181.04,1.17,16.95,11.83,23.42,54.13,3.05,False
1035,230.88,175.77,1.16,16.84,11.33,24.25,55.35,3.09,False
1036,230.66,188.47,1.18,17.09,12.54,22.26,52.41,3.0,False
1037,229.87,233.25,1.25,17.97,16.79,15.22,42.03,2.66,False
1038,232.46,87.11,1.03,15.1,2.91,38.19,75.91,3.77,True
1039,231.06,165.93,1.15,16.65,10.4,25.8,57.64,3.17,False
1040,230.83,178.74,1.17,16.9,11.61,23.79,54.67,3.07,False
1041,232.6,79.33,1.01,14.95,2.17,39.41,77.71,3.83,True
1042,232.23,99.8,1.05,15.35,4.11,36.19,72.96,3.67,False
1043,232.74,70.99,1.0,14.78,1.38,40.72,79.64,3.89,True
1044,230.03,224.19,1.24,17.79,15.93,16.64,44.13,2.73,False
1045,232.07,109.02,1.06,15.53,4.99,34.74,70.83,3.6,False
1046,228.69,299.74,1.35,19.28,23.11,4.77,26.62,2.15,True
1047,230.93,173.41,1.16,16.8,11.11,24.62,55.9,3.11,False
1048,229.84,234.63,1.25,18.0,16.92,15.0,41.71,2.65,False
1049,229.18,272.19,1.31,18.73,20.49,9.1,33.0,2.36,False
1050,232.68,74.27,1.01,14.85,1.69,40.21,78.88,3.86,True
1051,228.74,296.6,1.35,19.21,22.81,5.26,27.35,2.18,False
1052,229.08,277.75,1.32,18.84,21.02,8.22,31.72,2.32,False
1053,230.3,208.86,1.21,17.49,14.47,19.05,47.68,2.84,False
1054,228.95,285.14,1.33,18.99,21.72,7.06,30.0,2.26,False
1055,232.52,83.66,1.02,15.03,2.58,38.73,76.7,3.79,True
1056,231.33,150.45,1.12,16.34,8.93,28.23,61.22,3.29,False
1057,229.33,263.49,1.3,18.56,19.66,10.47,35.02,2.43,False
1058,232.25,98.52,1.04,15.32,3.99,36.4,73.26,3.68,True
1059,228.74,296.56,1.35,19.21,22.8,5.27,27.36,2.18,False
1060,230.86,176.97,1.16,16.87,11.44,24.06,55.08,3.08,False
1061,231.5,140.92,1.11,16.16,8.02,29.73,63.43,3.36,False
1062,230.46,199.73,1.2,17.31,13.61,20.49,49.8,2.91,False
1063,228.86,289.71,1.34,19.08,22.15,6.34,28.94,2.23,False
1064,229.28,266.29,1.3,18.62,19.93,10.03,34.37,2.41,False
1065,229.77,238.84,1.26,18.08,17.32,14.34,40.74,2.61,False
1066,229.1,276.26,1.32,18.81,20.88,8.46,32.06,2.33,False
1067,232.44,88.28,1.03,15.12,3.02,38.0,75.63,3.76,True
1068,231.94,116.38,1.07,15.68,5.69,33.59,69.12,3.54,False
1069,231.44,144.22,1.11,16.22,8.33,29.21,62.67,3.33,False
1070,230.12,218.97,1.23,17.69,15.43,17.46,45.34,2.77,False
1071,231.24,155.8,1.13,16.45,9.43,27.39,59.98,3.25,False
1072,232.08,108.22,1.06,15.52,4.91,34.87,71.01,3.61,False
1073,231.37,148.59,1.12,16.31,8.75,28.53,61.66,3.3,False
1074,229.31,264.67,1.3,18.59,19.78,10.28,34.75,2.42,False
1075,232.66,75.81,1.01,14.88,1.83,39.96,78.52,3.85,True
1076,231.35,149.46,1.12,16.32,8.83,28.39,61.45,3.29,False
1077,230.47,199.05,1.2,17.3,13.54,20.6,49.96,2.92,False
1078,229.71,242.24,1.26,18.15,17.64,13.81,39.95,2.59,False
1079,228.36,318.11,1.38,19.64,24.85,1.88,22.36,2.01,False
1080,229.1,276.57,1.32,18.82,20.91,8.41,31.99,2.33,False
1081,230.85,177.87,1.17,16.88,11.53,23.92,54.87,3.08,False
1082,228.53,308.82,1.37,19.45,23.97,3.34,24.51,2.08,True
1083,230.69,186.62,1.18,17.05,12.36,22.55,52.84,3.01,False
1084,232.66,75.41,1.01,14.87,1.8,40.03,78.62,3.86,True
1085,232.58,80.45,1.02,14.97,2.28,39.24,77.45,3.82,True
1086,228.89,288.43,1.34,19.05,22.03,6.55,29.24,2.24,False
1087,229.02,280.69,1.32,18.9,21.3,7.76,31.03,2.3,False
1088,232.91,61.5,0.99,14.6,0.47,42.21,81.84,3.96,True
1089,232.16,103.93,1.05,15.43,4.51,35.54,72.0,3.64,False
1090,231.99,113.29,1.07,15.62,5.4,34.07,69.84,3.57,True
1091,232.02,111.92,1.06,15.59,5.26,34.29,70.15,3.58,True
1092,231.13,161.91,1.14,16.57,10.01,26.43,58.57,3.2,False
1093,230.02,224.48,1.24,17.8,15.96,16.6,44.06,2.72,False
1094,232.32,94.71,1.04,15.25,3.63,37.0,74.14,3.71,True
1095,232.01,112.22,1.06,15.59,5.29,34.24,70.08,3.58,True
1096,229.23,269.28,1.31,18.68,20.21,9.56,33.68,2.38,False
1097,231.21,157.18,1.13,16.48,9.56,27.18,59.66,3.23,False
1098,232.08,108.31,1.06,15.52,4.92,34.86,70.99,3.61,False
1099,230.18,215.39,1.22,17.62,15.09,18.03,46.17,2.79,False
1100,228.79,294.1,1.34,19.16,22.57,5.65,27.93,2.19,False
1101,230.43,201.64,1.2,17.35,13.79,20.19,49.36,2.9,False
1102,230.1,219.87,1.23,17.71,15.52,17.32,45.13,2.76,False
1103,230.76,183.08,1.17,16.99,12.02,23.1,53.66,3.04,False
1104,231.05,166.62,1.15,16.66,10.46,25.69,57.47,3.16,False
1105,229.06,278.77,1.32,18.86,21.11,8.06,31.48,2.31,False
1106,229.18,272.02,1.31,18.73,20.47,9.12,33.04,2.36,False
1107,229.36,261.51,1.29,18.52,19.48,10.78,35.48,2.44,False
1108,229.38,260.68,1.29,18.51,19.4,10.91,35.67,2.45,False
1109,230.61,191.49,1.19,17.15,12.82,21.78,51.71,2.97,False
1110,231.05,166.43,1.15,16.66,10.44,25.72,57.52,3.16,False
1111,232.29,96.39,1.04,15.28,3.79,36.73,73.75,3.7,True
1112,229.71,242.15,1.26,18.14,17.64,13.82,39.97,2.59,False
1113,228.48,311.5,1.37,19.51,24.22,2.92,23.89,2.06,False
1114,232.5,84.7,1.02,15.05,2.68,38.57,76.46,3.79,True
1115,230.28,210.01,1.22,17.51,14.58,18.87,47.42,2.83,False
1116,228.97,283.67,1.33,18.96,21.58,7.29,30.34,2.27,False
1117,231.82,122.84,1.08,15.8,6.3,32.57,67.62,3.5,False
1118,231.48,142.11,1.11,16.18,8.13,29.54,63.16,3.35,False
1119,231.48,142.06,1.11,16.18,8.13,29.55,63.17,3.35,False
1120,230.81,180.15,1.17,16.93,11.75,23.56,54.34,3.06,False
1121,232.27,97.75,1.04,15.31,3.92,36.52,73.44,3.69,True
1122,230.13,218.32,1.23,17.68,15.37,17.56,45.49,2.77,False
1123,232.85,64.94,0.99,14.67,0.8,41.67,81.04,3.94,True
1124,229.41,259.0,1.29,18.48,19.24,11.17,36.06,2.46,False
1125,229.17,272.53,1.31,18.74,20.52,9.05,32.93,2.36,False
1126,229.0,282.31,1.33,18.93,21.45,7.51,30.66,2.28,False
1127,302.19,303.34,1.4,12.85,-1.37,43.87,75.59,1.53,True
1128,309.93,330.93,1.44,12.67,-1.53,43.97,74.76,1.25,True
1129,303.55,308.18,1.4,12.82,-1.4,43.89,75.44,1.48,True
1130,282.8,234.16,1.28,13.31,-0.99,43.63,77.66,2.22,True
1131,281.89,230.93,1.27,13.34,-0.97,43.62,77.76,2.25,True
1132,309.42,329.13,1.44,12.68,-1.52,43.96,74.81,1.27,True
1133,277.81,216.37,1.25,13.43,-0.89,43.56,78.2,2.4,True
1134,302.11,303.06,1.39,12.85,-1.37,43.87,75.59,1.53,True
1135,306.58,319.01,1.42,12.75,-1.46,43.93,75.12,1.37,True
1136,294.48,275.82,1.35,13.04,-1.22,43.77,76.41,1.8,True
1137,301.03,299.19,1.39,12.88,-1.35,43.86,75.71,1.57,True
1138,295.7,280.18,1.36,13.01,-1.24,43.79,76.28,1.76,True
1139,316.49,354.35,1.48,12.51,-1.66,44.05,74.05,1.02,True
1140,301.29,300.14,1.39,12.87,-1.36,43.86,75.68,1.56,True
1141,298.63,290.63,1.37,12.94,-1.3,43.83,75.97,1.66,True
1142,277.89,216.63,1.25,13.43,-0.89,43.57,78.19,2.4,True
1143,316.16,353.17,1.48,12.52,-1.65,44.05,74.09,1.03,True
1144,305.08,313.65,1.41,12.78,-1.43,43.91,75.28,1.43,True
1145,299.67,294.35,1.38,12.91,-1.32,43.84,75.86,1.62,True
1146,294.86,277.19,1.35,13.03,-1.23,43.78,76.37,1.79,True
1147,312.7,340.84,1.46,12.6,-1.58,44.0,74.46,1.15,True
1148,289.18,256.91,1.32,13.16,-1.11,43.71,76.98,1.99,True
1149,292.98,270.48,1.34,13.07,-1.19,43.76,76.57,1.86,True
1150,297.53,286.71,1.37,12.96,-1.28,43.81,76.09,1.7,True
1151,282.15,231.83,1.27,13.33,-0.98,43.62,77.73,2.24,True
1152,294.46,275.74,1.35,13.04,-1.22,43.77,76.42,1.81,True
1153,310.55,333.16,1.45,12.65,-1.54,43.98,74.69,1.23,True
1154,281.19,228.43,1.27,13.35,-0.96,43.61,77.84,2.28,True
1155,275.06,206.54,1.23,13.5,-0.83,43.53,78.49,2.5,True
1156,283.99,238.42,1.29,13.29,-1.01,43.64,77.54,2.18,True
1157,290.08,260.11,1.32,13.14,-1.13,43.72,76.88,1.96,True
1158,310.44,332.78,1.44,12.66,-1.54,43.98,74.7,1.23,True
1159,278.54,218.97,1.25,13.42,-0.9,43.57,78.12,2.37,True
1160,277.33,214.65,1.25,13.44,-0.88,43.56,78.25,2.42,True
1161,288.53,254.6,1.31,13.18,-1.1,43.7,77.05,2.02,True
1162,287.24,249.98,1.31,13.21,-1.08,43.68,77.19,2.06,True
1163,276.46,211.56,1.24,13.47,-0.86,43.55,78.34,2.45,True
1164,310.61,333.36,1.45,12.65,-1.54,43.98,74.69,1.23,True
1165,283.48,236.59,1.28,13.3,-1.0,43.64,77.59,2.2,True
1166,310.67,333.59,1.45,12.65,-1.54,43.98,74.68,1.23,True
1167,297.24,285.67,1.37,12.97,-1.27,43.81,76.12,1.71,True
1168,277.62,215.68,1.25,13.44,-0.89,43.56,78.22,2.41,True
1169,309.63,329.88,1.44,12.68,-1.52,43.97,74.79,1.26,True
1170,312.62,340.56,1.46,12.6,-1.58,44.0,74.47,1.16,True
1171,278.43,218.57,1.25,13.42,-0.9,43.57,78.13,2.38,True
1172,304.75,312.46,1.41,12.79,-1.42,43.9,75.31,1.44,True
1173,280.75,226.83,1.27,13.36,-0.95,43.6,77.88,2.29,True
1174,314.63,347.7,1.47,12.56,-1.62,44.03,74.25,1.08,True
1175,309.38,328.98,1.44,12.68,-1.52,43.96,74.82,1.27,True
1176,291.23,264.24,1.33,13.11,-1.16,43.73,76.76,1.92,True
1177,305.15,313.91,1.41,12.78,-1.43,43.91,75.27,1.42,True
1178,309.7,330.13,1.44,12.67,-1.52,43.97,74.78,1.26,True
1179,280.47,225.85,1.26,13.37,-0.94,43.6,77.91,2.3,True
1180,289.56,258.29,1.32,13.15,-1.12,43.71,76.94,1.98,True
1181,296.19,281.94,1.36,13.0,-1.25,43.8,76.23,1.74,True
1182,302.31,303.76,1.4,12.85,-1.38,43.87,75.57,1.52,True
1183,310.44,332.75,1.44,12.66,-1.54,43.98,74.7,1.23,True
1184,275.53,208.22,1.23,13.49,-0.84,43.54,78.44,2.48,True
1185,286.08,245.86,1.3,13.24,-1.05,43.67,77.31,2.1,True
1186,281.41,229.2,1.27,13.35,-0.96,43.61,77.81,2.27,True
1187,313.09,342.23,1.46,12.59,-1.59,44.01,74.42,1.14,True
1188,280.38,225.53,1.26,13.37,-0.94,43.6,77.92,2.31,True
1189,296.27,282.22,1.36,12.99,-1.26,43.8,76.22,1.74,True
1190,277.76,216.17,1.25,13.43,-0.89,43.56,78.2,2.4,True
1191,284.56,240.45,1.29,13.27,-1.02,43.65,77.48,2.16,True
1192,275.41,207.78,1.23,13.49,-0.84,43.53,78.46,2.49,True
1193,299.58,294.03,1.38,12.91,-1.32,43.84,75.87,1.62,True
1194,308.61,326.23,1.43,12.7,-1.5,43.95,74.9,1.3,True
1195,286.84,248.56,1.3,13.22,-1.07,43.68,77.23,2.08,True
1196,281.69,230.2,1.27,13.34,-0.97,43.61,77.78,2.26,True
1197,297.46,286.45,1.37,12.97,-1.28,43.81,76.09,1.7,True
1198,283.1,235.21,1.28,13.31,-0.99,43.63,77.63,2.21,True
1199,306.65,319.24,1.42,12.75,-1.46,43.93,75.11,1.37,True
1200,308.23,324.89,1.43,12.71,-1.49,43.95,74.94,1.31,True
1201,292.24,267.85,1.34,13.09,-1.18,43.75,76.65,1.88,True
1202,316.64,354.88,1.48,12.51,-1.66,44.05,74.04,1.01,True
1203,296.74,283.89,1.36,12.98,-1.26,43.8,76.17,1.72,True
1204,282.1,231.67,1.27,13.33,-0.97,43.62,77.74,2.25,True
1205,284.15,238.98,1.29,13.28,-1.01,43.64,77.52,2.17,True
1206,289.62,258.5,1.32,13.15,-1.12,43.71,76.93,1.98,True
1207,293.46,272.2,1.34,13.06,-1.2,43.76,76.52,1.84,True
1208,311.2,335.49,1.45,12.64,-1.55,43.99,74.62,1.21,True
1209,311.44,336.35,1.45,12.63,-1.56,43.99,74.6,1.2,True
1210,280.18,224.8,1.26,13.38,-0.94,43.59,77.95,2.32,True
1211,314.21,346.21,1.47,12.57,-1.61,44.02,74.3,1.1,True
1212,275.47,208.02,1.23,13.49,-0.84,43.54,78.45,2.48,True
1213,292.65,269.31,1.34,13.08,-1.18,43.75,76.61,1.87,True
1214,307.56,322.5,1.43,12.72,-1.48,43.94,75.01,1.34,True
1215,298.85,291.41,1.38,12.93,-1.31,43.83,75.94,1.65,True
1216,276.23,210.73,1.24,13.47,-0.86,43.54,78.37,2.46,True
1217,315.26,349.95,1.47,12.54,-1.63,44.04,74.19,1.06,True
1218,305.14,313.86,1.41,12.78,-1.43,43.91,75.27,1.42,True
1219,293.58,272.63,1.34,13.06,-1.2,43.76,76.51,1.84,True
1220,281.6,229.87,1.27,13.34,-0.96,43.61,77.79,2.26,True
1221,286.18,246.22,1.3,13.23,-1.06,43.67,77.3,2.1,True
1222,287.04,249.27,1.3,13.21,-1.07,43.68,77.21,2.07,True
1223,286.41,247.05,1.3,13.23,-1.06,43.67,77.28,2.09,True
1224,315.7,351.52,1.48,12.53,-1.64,44.04,74.14,1.05,True
1225,293.85,273.57,1.34,13.05,-1.21,43.77,76.48,1.83,True
1226,275.66,208.69,1.24,13.48,-0.85,43.54,78.43,2.48,True
1227,285.38,243.38,1.29,13.25,-1.04,43.66,77.39,2.13,True
1228,300.79,298.35,1.39,12.89,-1.35,43.85,75.74,1.58,True
1229,304.72,312.36,1.41,12.79,-1.42,43.9,75.32,1.44,True
1230,286.66,247.91,1.3,13.22,-1.06,43.68,77.25,2.08,True
1231,305.44,314.94,1.41,12.78,-1.44,43.91,75.24,1.41,True
1232,312.33,339.5,1.46,12.61,-1.57,44.0,74.5,1.17,True
1233,305.34,314.56,1.41,12.78,-1.44,43.91,75.25,1.42,True
1234,288.27,253.69,1.31,13.18,-1.1,43.7,77.08,2.03,True
1235,314.81,348.37,1.47,12.55,-1.62,44.03,74.23,1.08,True
1236,281.48,229.45,1.27,13.35,-0.96,43.61,77.81,2.27,True
1237,303.41,307.67,1.4,12.82,-1.4,43.89,75.46,1.49,True
1238,316.39,353.98,1.48,12.51,-1.65,44.05,74.07,1.02,True
1239,284.14,238.93,1.29,13.28,-1.01,43.64,77.52,2.17,True
1240,312.48,340.03,1.46,12.61,-1.58,44.0,74.48,1.16,True
1241,303.32,307.35,1.4,12.83,-1.4,43.89,75.47,1.49,True
1242,297.75,287.5,1.37,12.96,-1.28,43.82,76.06,1.69,True
1243,285.31,243.13,1.29,13.25,-1.04,43.66,77.39,2.13,True
1244,284.31,239.53,1.29,13.28,-1.02,43.65,77.5,2.17,True
1245,296.02,281.33,1.36,13.0,-1.25,43.79,76.25,1.75,True
1246,286.33,246.75,1.3,13.23,-1.06,43.67,77.29,2.1,True
1247,280.95,227.57,1.27,13.36,-0.95,43.6,77.86,2.29,True
1248,311.61,336.93,1.45,12.63,-1.56,43.99,74.58,1.19,True
1249,315.65,351.35,1.48,12.53,-1.64,44.04,74.14,1.05,True
1250,290.23,260.66,1.32,13.14,-1.14,43.72,76.87,1.96,True
1251,302.59,304.75,1.4,12.84,-1.38,43.88,75.54,1.51,True
1252,288.67,255.12,1.31,13.17,-1.1,43.7,77.03,2.01,True
1253,308.93,327.37,1.44,12.69,-1.51,43.96,74.86,1.29,True
1254,309.25,328.52,1.44,12.68,-1.51,43.96,74.83,1.28,True
1255,287.22,249.92,1.31,13.21,-1.08,43.68,77.19,2.06,True
1256,308.1,324.42,1.43,12.71,-1.49,43.95,74.95,1.32,True
1257,300.72,298.09,1.39,12.89,-1.34,43.85,75.74,1.58,True
1258,294.13,274.59,1.35,13.04,-1.21,43.77,76.45,1.82,True
1259,312.99,341.86,1.46,12.6,-1.59,44.01,74.43,1.14,True
1260,283.85,237.89,1.28,13.29,-1.01,43.64,77.55,2.18,True
1261,298.06,288.61,1.37,12.95,-1.29,43.82,76.03,1.68,True
1262,298.55,290.36,1.37,12.94,-1.3,43.83,75.98,1.66,True
1263,296.5,283.03,1.36,12.99,-1.26,43.8,76.2,1.73,True
1264,296.48,282.97,1.36,12.99,-1.26,43.8,76.2,1.73,True
1265,308.93,327.37,1.44,12.69,-1.51,43.96,74.86,1.29,True
1266,282.81,234.19,1.28,13.31,-0.99,43.63,77.66,2.22,True
1267,287.63,251.4,1.31,13.2,-1.08,43.69,77.15,2.05,True
1268,303.76,308.93,1.4,12.82,-1.4,43.89,75.42,1.47,True
1269,284.37,239.76,1.29,13.28,-1.02,43.65,77.5,2.17,True
1270,301.33,300.27,1.39,12.87,-1.36,43.86,75.68,1.56,True
1271,311.44,336.32,1.45,12.63,-1.56,43.99,74.6,1.2,True
1272,285.34,243.2,1.29,13.25,-1.04,43.66,77.39,2.13,True
1273,312.51,340.16,1.46,12.61,-1.58,44.0,74.48,1.16,True
1274,296.32,282.4,1.36,12.99,-1.26,43.8,76.22,1.74,True
1275,280.28,225.18,1.26,13.37,-0.94,43.6,77.93,2.31,True
1276,288.92,256.0,1.32,13.17,-1.11,43.7,77.01,2.0,True
1277,277.03,213.57,1.24,13.45,-0.87,43.55,78.28,2.43,True
1278,290.04,259.99,1.32,13.14,-1.13,43.72,76.89,1.96,True
1279,301.74,301.73,1.39,12.86,-1.36,43.87,75.63,1.54,True
1280,286.51,247.39,1.3,13.23,-1.06,43.67,77.27,2.09,True
1281,305.72,315.93,1.42,12.77,-1.44,43.92,75.21,1.4,True
1282,316.54,354.51,1.48,12.51,-1.66,44.05,74.05,1.02,True
1283,314.14,345.95,1.47,12.57,-1.61,44.02,74.31,1.1,True
1284,306.52,318.79,1.42,12.75,-1.46,43.93,75.12,1.37,True
1285,286.45,247.17,1.3,13.23,-1.06,43.67,77.27,2.09,True
1286,293.68,272.97,1.34,13.06,-1.2,43.76,76.5,1.83,True
1287,311.54,336.68,1.45,12.63,-1.56,43.99,74.59,1.2,True
1288,285.45,243.62,1.29,13.25,-1.04,43.66,77.38,2.13,True
1289,275.03,206.44,1.23,13.5,-0.83,43.53,78.5,2.5,True
1290,289.4,257.69,1.32,13.16,-1.12,43.71,76.96,1.99,True
1291,284.53,240.32,1.29,13.27,-1.02,43.65,77.48,2.16,True
1292,302.58,304.74,1.4,12.84,-1.38,43.88,75.54,1.51,True
1293,308.23,324.88,1.43,12.71,-1.49,43.95,74.94,1.31,True
1294,312.23,339.16,1.46,12.61,-1.57,44.0,74.51,1.17,True
1295,307.09,320.82,1.42,12.74,-1.47,43.93,75.06,1.35,True
1296,277.18,214.09,1.24,13.45,-0.88,43.56,78.27,2.42,True
1297,312.12,338.77,1.46,12.62,-1.57,44.0,74.52,1.17,True
1298,294.69,276.58,1.35,13.03,-1.22,43.78,76.39,1.8,True
1299,302.78,305.43,1.4,12.84,-1.38,43.88,75.52,1.51,True
1300,299.9,295.15,1.38,12.91,-1.33,43.84,75.83,1.61,True
1301,300.58,297.58,1.39,12.89,-1.34,43.85,75.76,1.59,True
1302,275.3,207.41,1.23,13.49,-0.84,43.53,78.47,2.49,True
1303,309.38,328.99,1.44,12.68,-1.52,43.96,74.82,1.27,True
1304,307.25,321.39,1.43,12.73,-1.47,43.94,75.04,1.35,True
1305,293.26,271.48,1.34,13.07,-1.2,43.76,76.54,1.85,True
1306,290.56,261.85,1.33,13.13,-1.14,43.73,76.83,1.94,True
1307,313.73,344.51,1.46,12.58,-1.6,44.02,74.35,1.12,True
1308,281.9,230.96,1.27,13.34,-0.97,43.62,77.76,2.25,True
1309,313.72,344.45,1.46,12.58,-1.6,44.02,74.35,1.12,True
1310,287.66,251.51,1.31,13.2,-1.08,43.69,77.14,2.05,True
1311,300.75,298.2,1.39,12.89,-1.34,43.85,75.74,1.58,True
1312,296.48,282.95,1.36,12.99,-1.26,43.8,76.2,1.73,True
1313,300.44,297.07,1.38,12.89,-1.34,43.85,75.77,1.59,True
1314,294.16,274.68,1.35,13.04,-1.21,43.77,76.45,1.82,True
1315,301.79,301.9,1.39,12.86,-1.36,43.87,75.63,1.54,True
1316,304.87,312.89,1.41,12.79,-1.43,43.91,75.3,1.43,True
1317,308.71,326.59,1.43,12.7,-1.5,43.95,74.89,1.3,True
1318,303.1,306.59,1.4,12.83,-1.39,43.88,75.49,1.5,True
1319,297.05,284.99,1.36,12.98,-1.27,43.81,76.14,1.71,True
1320,314.16,346.04,1.47,12.57,-1.61,44.02,74.3,1.1,True
1321,304.81,312.67,1.41,12.79,-1.42,43.9,75.31,1.44,True
1322,310.69,333.67,1.45,12.65,-1.54,43.98,74.68,1.23,True
1323,287.6,251.3,1.31,13.2,-1.08,43.69,77.15,2.05,True
1324,311.42,336.24,1.45,12.63,-1.56,43.99,74.6,1.2,True
1325,279.43,222.12,1.26,13.39,-0.92,43.58,78.03,2.34,True
1326,286.46,247.21,1.3,13.23,-1.06,43.67,77.27,2.09,True
1327,298.98,291.89,1.38,12.93,-1.31,43.83,75.93,1.64,True
1328,285.18,242.67,1.29,13.26,-1.04,43.66,77.41,2.14,True
1329,292.52,268.83,1.34,13.08,-1.18,43.75,76.62,1.87,True
1330,284.07,238.69,1.29,13.28,-1.01,43.64,77.53,2.18,True
1331,292.38,268.32,1.34,13.09,-1.18,43.75,76.64,1.88,True
1332,294.92,277.41,1.35,13.03,-1.23,43.78,76.37,1.79,True
1333,316.05,352.78,1.48,12.52,-1.65,44.05,74.1,1.03,True
1334,299.53,293.85,1.38,12.92,-1.32,43.84,75.87,1.62,True
1335,289.84,259.27,1.32,13.15,-1.13,43.72,76.91,1.97,True
1336,312.56,340.31,1.46,12.61,-1.58,44.0,74.48,1.16,True
1337,294.27,275.09,1.35,13.04,-1.22,43.77,76.44,1.81,True
1338,314.02,345.53,1.47,12.57,-1.61,44.02,74.32,1.11,True
1339,286.77,248.34,1.3,13.22,-1.07,43.68,77.24,2.08,True
1340,304.93,313.12,1.41,12.79,-1.43,43.91,75.29,1.43,True
1341,282.27,232.27,1.28,13.33,-0.98,43.62,77.72,2.24,True
1342,309.11,328.02,1.44,12.69,-1.51,43.96,74.85,1.28,True
1343,276.06,210.1,1.24,13.47,-0.85,43.54,78.39,2.46,True
1344,281.54,229.66,1.27,13.34,-0.96,43.61,77.8,2.27,True
1345,297.41,286.27,1.37,12.97,-1.28,43.81,76.1,1.7,True
1346,297.41,286.27,1.37,12.97,-1.28,43.81,76.1,1.7,True
1347,281.14,228.25,1.27,13.35,-0.96,43.61,77.84,2.28,True
1348,281.37,229.05,1.27,13.35,-0.96,43.61,77.82,2.27,True
1349,300.64,297.8,1.39,12.89,-1.34,43.85,75.75,1.58,True
1350,312.62,340.54,1.46,12.6,-1.58,44.0,74.47,1.16,True
1351,290.03,259.96,1.32,13.14,-1.13,43.72,76.89,1.96,True
1352,311.06,334.99,1.45,12.64,-1.55,43.98,74.64,1.21,True
1353,315.81,351.92,1.48,12.53,-1.64,44.04,74.13,1.04,True
1354,306.37,318.24,1.42,12.75,-1.46,43.92,75.14,1.38,True
1355,282.74,233.95,1.28,13.32,-0.99,43.63,77.67,2.22,True
1356,282.8,234.17,1.28,13.31,-0.99,43.63,77.66,2.22,True
1357,311.53,336.64,1.45,12.63,-1.56,43.99,74.59,1.2,True
1358,316.16,353.18,1.48,12.52,-1.65,44.05,74.09,1.03,True
1359,302.43,304.19,1.4,12.85,-1.38,43.87,75.56,1.52,True
1360,310.16,331.75,1.44,12.66,-1.53,43.97,74.73,1.24,True
1361,308.16,324.63,1.43,12.71,-1.49,43.95,74.95,1.32,True
1362,310.88,334.33,1.45,12.65,-1.55,43.98,74.66,1.22,True
1363,302.59,304.76,1.4,12.84,-1.38,43.88,75.54,1.51,True
1364,292.69,269.43,1.34,13.08,-1.18,43.75,76.61,1.87,True
1365,284.53,240.32,1.29,13.27,-1.02,43.65,77.48,2.16,True
1366,304.17,310.39,1.41,12.81,-1.41,43.9,75.37,1.46,True
1367,280.18,224.8,1.26,13.38,-0.94,43.59,77.95,2.32,True
1368,313.25,342.8,1.46,12.59,-1.59,44.01,74.4,1.13,True
1369,294.55,276.06,1.35,13.03,-1.22,43.78,76.41,1.8,True
1370,297.32,285.96,1.37,12.97,-1.28,43.81,76.11,1.7,True
1371,307.6,322.62,1.43,12.72,-1.48,43.94,75.01,1.34,True
1372,289.2,257.0,1.32,13.16,-1.12,43.71,76.98,1.99,True
1373,276.01,209.95,1.24,13.48,-0.85,43.54,78.39,2.46,True
1374,299.99,295.49,1.38,12.9,-1.33,43.84,75.82,1.61,True
1375,308.44,325.63,1.43,12.7,-1.5,43.95,74.92,1.31,True
1376,275.27,207.3,1.23,13.49,-0.84,43.53,78.47,2.49,True
1377,306.06,317.14,1.42,12.76,-1.45,43.92,75.17,1.39,True
1378,285.24,242.87,1.29,13.26,-1.04,43.66,77.4,2.13,True
1379,281.05,227.92,1.27,13.36,-0.95,43.61,77.85,2.28,True
1380,301.83,302.03,1.39,12.86,-1.37,43.87,75.63,1.54,True
1381,279.39,222.01,1.26,13.4,-0.92,43.58,78.03,2.34,True
1382,283.3,235.95,1.28,13.3,-1.0,43.63,77.61,2.2,True
1383,282.8,234.16,1.28,13.31,-0.99,43.63,77.66,2.22,True
1384,278.28,218.02,1.25,13.42,-0.9,43.57,78.15,2.38,True
1385,289.45,257.9,1.32,13.16,-1.12,43.71,76.95,1.98,True
1386,302.26,303.58,1.4,12.85,-1.37,43.87,75.58,1.53,True
1387,300.86,298.58,1.39,12.88,-1.35,43.85,75.73,1.58,True
1388,305.35,314.59,1.41,12.78,-1.44,43.91,75.25,1.42,True
1389,290.68,262.28,1.33,13.13,-1.14,43.73,76.82,1.94,True
1390,287.15,249.68,1.3,13.21,-1.07,43.68,77.2,2.07,True
1391,305.24,314.23,1.41,12.78,-1.43,43.91,75.26,1.42,True
1392,302.69,305.1,1.4,12.84,-1.38,43.88,75.53,1.51,True
1393,300.49,297.28,1.38,12.89,-1.34,43.85,75.77,1.59,True
1394,300.81,298.4,1.39,12.89,-1.35,43.85,75.73,1.58,True
1395,305.65,315.67,1.42,12.77,-1.44,43.92,75.22,1.41,True
1396,308.64,326.35,1.43,12.7,-1.5,43.95,74.9,1.3,True
1397,290.48,261.55,1.32,13.13,-1.14,43.72,76.84,1.95,True
1398,284.37,239.75,1.29,13.28,-1.02,43.65,77.5,2.17,True
1399,287.33,250.32,1.31,13.21,-1.08,43.68,77.18,2.06,True
1400,298.88,291.52,1.38,12.93,-1.31,43.83,75.94,1.65,True
1401,287.58,251.21,1.31,13.2,-1.08,43.69,77.15,2.05,True
1402,284.54,240.38,1.29,13.27,-1.02,43.65,77.48,2.16,True
1403,297.61,286.98,1.37,12.96,-1.28,43.81,76.08,1.69,True
1404,305.38,314.72,1.41,12.78,-1.44,43.91,75.24,1.41,True
1405,295.66,280.04,1.36,13.01,-1.24,43.79,76.29,1.76,True
1406,288.55,254.67,1.31,13.18,-1.1,43.7,77.05,2.02,True
1407,296.97,284.73,1.36,12.98,-1.27,43.81,76.15,1.72,True
1408,306.28,317.91,1.42,12.76,-1.45,43.92,75.15,1.38,True
1409,288.03,252.82,1.31,13.19,-1.09,43.69,77.1,2.03,True
1410,309.73,330.23,1.44,12.67,-1.52,43.97,74.78,1.26,True
1411,280.84,227.15,1.27,13.36,-0.95,43.6,77.87,2.29,True
1412,281.66,230.09,1.27,13.34,-0.97,43.61,77.79,2.26,True
1413,293.74,273.18,1.34,13.05,-1.21,43.77,76.49,1.83,True
1414,276.46,211.53,1.24,13.47,-0.86,43.55,78.34,2.45,True
1415,316.37,353.93,1.48,12.51,-1.65,44.05,74.07,1.02,True
1416,295.83,280.64,1.36,13.0,-1.25,43.79,76.27,1.76,True
1417,298.17,288.99,1.37,12.95,-1.29,43.82,76.02,1.67,True
1418,288.14,253.2,1.31,13.19,-1.09,43.69,77.09,2.03,True
1419,290.31,260.96,1.32,13.14,-1.14,43.72,76.86,1.95,True
1420,310.4,332.62,1.44,12.66,-1.54,43.98,74.71,1.24,True
1421,283.2,235.58,1.28,13.3,-1.0,43.63,77.62,2.21,True
1422,292.12,267.4,1.33,13.09,-1.17,43.74,76.67,1.89,True
1423,277.63,215.7,1.25,13.44,-0.89,43.56,78.22,2.41,True
1424,295.73,280.29,1.36,13.01,-1.24,43.79,76.28,1.76,True
1425,315.24,349.9,1.47,12.54,-1.63,44.04,74.19,1.06,True
1426,307.51,322.31,1.43,12.73,-1.48,43.94,75.02,1.34,True
1427,300.54,297.46,1.39,12.89,-1.34,43.85,75.76,1.59,True
1428,313.92,345.18,1.47,12.57,-1.61,44.02,74.33,1.11,True
1429,302.38,304.0,1.4,12.85,-1.38,43.87,75.57,1.52,True
1430,282.89,234.46,1.28,13.31,-0.99,43.63,77.66,2.22,True
1431,307.63,322.74,1.43,12.72,-1.48,43.94,75.0,1.33,True
1432,315.94,352.38,1.48,12.53,-1.65,44.04,74.11,1.04,True
1433,295.55,279.66,1.36,13.01,-1.24,43.79,76.3,1.77,True
1434,296.31,282.35,1.36,12.99,-1.26,43.8,76.22,1.74,True
1435,297.59,286.91,1.37,12.96,-1.28,43.81,76.08,1.69,True
1436,314.96,348.91,1.47,12.55,-1.63,44.03,74.22,1.07,True
1437,316.68,355.03,1.48,12.51,-1.66,44.05,74.03,1.01,True
1438,288.99,256.25,1.32,13.17,-1.11,43.71,77.0,2.0,True
1439,310.74,333.84,1.45,12.65,-1.54,43.98,74.67,1.22,True
1440,292.37,268.29,1.34,13.09,-1.18,43.75,76.64,1.88,True
1441,300.11,295.92,1.38,12.9,-1.33,43.85,75.81,1.6,True
1442,278.92,220.3,1.25,13.41,-0.91,43.58,78.08,2.36,True
1443,283.34,236.1,1.28,13.3,-1.0,43.63,77.61,2.2,True
1444,286.93,248.91,1.3,13.22,-1.07,43.68,77.22,2.07,True
1445,281.92,231.02,1.27,13.34,-0.97,43.62,77.76,2.25,True
1446,313.45,343.51,1.46,12.58,-1.6,44.01,74.38,1.13,True
1447,314.2,346.18,1.47,12.57,-1.61,44.02,74.3,1.1,True
1448,313.47,343.57,1.46,12.58,-1.6,44.01,74.38,1.13,True
1449,283.86,237.95,1.28,13.29,-1.01,43.64,77.55,2.18,True
1450,276.64,212.18,1.24,13.46,-0.87,43.55,78.32,2.44,True
1451,290.33,261.01,1.32,13.14,-1.14,43.72,76.86,1.95,True
1452,276.81,212.78,1.24,13.46,-0.87,43.55,78.31,2.44,True
1453,315.76,351.75,1.48,12.53,-1.64,44.04,74.13,1.04,True
1454,299.59,294.07,1.38,12.91,-1.32,43.84,75.87,1.62,True
1455,288.49,254.45,1.31,13.18,-1.1,43.7,77.05,2.02,True
1456,276.01,209.93,1.24,13.48,-0.85,43.54,78.39,2.46,True
1457,284.61,240.61,1.29,13.27,-1.02,43.65,77.47,2.16,True
1458,283.19,235.56,1.28,13.3,-1.0,43.63,77.62,2.21,True
1459,302.25,303.56,1.4,12.85,-1.37,43.87,75.58,1.53,True
1460,308.4,325.47,1.43,12.7,-1.5,43.95,74.92,1.31,True
1461,300.26,296.44,1.38,12.9,-1.33,43.85,75.79,1.6,True
1462,282.75,233.99,1.28,13.32,-0.99,43.63,77.67,2.22,True
1463,298.17,289.01,1.37,12.95,-1.29,43.82,76.02,1.67,True
1464,315.46,350.67,1.48,12.54,-1.64,44.04,74.17,1.06,True
1465,294.42,275.61,1.35,13.04,-1.22,43.77,76.42,1.81,True
1466,284.55,240.4,1.29,13.27,-1.02,43.65,77.48,2.16,True
1467,315.08,349.3,1.47,12.55,-1.63,44.03,74.21,1.07,True
1468,311.37,336.07,1.45,12.63,-1.55,43.99,74.6,1.2,True
1469,282.21,232.07,1.27,13.33,-0.98,43.62,77.73,2.24,True
1470,296.93,284.56,1.36,12.98,-1.27,43.81,76.15,1.72,True
1471,290.47,261.53,1.32,13.13,-1.14,43.72,76.84,1.95,True
1472,314.03,345.57,1.47,12.57,-1.61,44.02,74.32,1.11,True
1473,314.06,345.68,1.47,12.57,-1.61,44.02,74.31,1.1,True
1474,300.53,297.39,1.39,12.89,-1.34,43.85,75.77,1.59,True
1475,297.93,288.13,1.37,12.95,-1.29,43.82,76.04,1.68,True
1476,277.93,216.79,1.25,13.43,-0.89,43.57,78.19,2.4,True
1477,305.74,315.98,1.42,12.77,-1.44,43.92,75.21,1.4,True
1478,297.56,286.81,1.37,12.96,-1.28,43.81,76.08,1.69,True
1479,288.31,253.82,1.31,13.18,-1.1,43.7,77.07,2.02,True
1480,284.4,239.87,1.29,13.28,-1.02,43.65,77.49,2.16,True
1481,287.22,249.94,1.31,13.21,-1.08,43.68,77.19,2.06,True
1482,277.52,215.33,1.25,13.44,-0.88,43.56,78.23,2.41,True
1483,311.25,335.67,1.45,12.64,-1.55,43.99,74.62,1.21,True
1484,307.92,323.79,1.43,12.72,-1.49,43.94,74.97,1.32,True
1485,312.79,341.14,1.46,12.6,-1.58,44.01,74.45,1.15,True
1486,280.53,226.06,1.26,13.37,-0.94,43.6,77.91,2.3,True
1487,306.7,319.43,1.42,12.75,-1.46,43.93,75.1,1.37,True
1488,304.44,311.37,1.41,12.8,-1.42,43.9,75.35,1.45,True
1489,307.19,321.16,1.43,12.73,-1.47,43.93,75.05,1.35,True
1490,302.6,304.8,1.4,12.84,-1.38,43.88,75.54,1.51,True
1491,278.66,219.39,1.25,13.41,-0.91,43.58,78.11,2.37,True
1492,286.19,246.24,1.3,13.23,-1.06,43.67,77.3,2.1,True
1493,302.32,303.81,1.4,12.85,-1.38,43.87,75.57,1.52,True
1494,293.59,272.65,1.34,13.06,-1.2,43.76,76.51,1.84,True
1495,309.62,329.83,1.44,12.68,-1.52,43.97,74.79,1.26,True
1496,281.42,229.24,1.27,13.35,-0.96,43.61,77.81,2.27,True
1497,282.95,234.69,1.28,13.31,-0.99,43.63,77.65,2.22,True
1498,308.35,325.3,1.43,12.71,-1.5,43.95,74.93,1.31,True
1499,309.24,328.47,1.44,12.68,-1.51,43.96,74.83,1.28,True
1500,276.07,210.16,1.24,13.47,-0.85,43.54,78.39,2.46,True
1501,285.18,242.66,1.29,13.26,-1.04,43.66,77.41,2.14,True
1502,306.27,317.89,1.42,12.76,-1.45,43.92,75.15,1.38,True
1503,313.25,342.8,1.46,12.59,-1.59,44.01,74.4,1.13,True
1504,298.87,291.48,1.38,12.93,-1.31,43.83,75.94,1.65,True
1505,293.64,272.84,1.34,13.06,-1.2,43.76,76.5,1.83,True
1506,286.62,247.77,1.3,13.22,-1.06,43.68,77.26,2.09,True
1507,278.41,218.49,1.25,13.42,-0.9,43.57,78.13,2.38,True
1508,292.73,269.59,1.34,13.08,-1.19,43.75,76.6,1.87,True
1509,313.29,342.93,1.46,12.59,-1.59,44.01,74.4,1.13,True
1510,280.2,224.88,1.26,13.38,-0.94,43.59,77.94,2.31,True
1511,283.18,235.53,1.28,13.31,-1.0,43.63,77.62,2.21,True
1512,313.23,342.71,1.46,12.59,-1.59,44.01,74.4,1.13,True
1513,286.17,246.2,1.3,13.23,-1.06,43.67,77.3,2.1,True
1514,282.01,231.35,1.27,13.33,-0.97,43.62,77.75,2.25,True
1515,278.36,218.3,1.25,13.42,-0.9,43.57,78.14,2.38,True
1516,291.3,264.48,1.33,13.11,-1.16,43.73,76.75,1.92,True
1517,291.22,264.2,1.33,13.11,-1.16,43.73,76.76,1.92,True
1518,311.08,335.06,1.45,12.64,-1.55,43.98,74.63,1.21,True
1519,279.94,223.94,1.26,13.38,-0.93,43.59,77.97,2.32,True
1520,313.83,344.88,1.47,12.58,-1.6,44.02,74.34,1.11,True
1521,286.22,246.36,1.3,13.23,-1.06,43.67,77.3,2.1,True
1522,313.67,344.28,1.46,12.58,-1.6,44.02,74.36,1.12,True
1523,279.87,223.72,1.26,13.38,-0.93,43.59,77.98,2.33,True
1524,294.18,274.77,1.35,13.04,-1.21,43.77,76.44,1.81,True
1525,285.69,244.47,1.3,13.25,-1.05,43.66,77.35,2.12,True
1526,283.61,237.05,1.28,13.3,-1.0,43.64,77.58,2.19,True
1527,306.5,318.72,1.42,12.75,-1.46,43.93,75.12,1.37,True
1528,304.07,310.05,1.41,12.81,-1.41,43.9,75.39,1.46,True
1529,277.14,213.95,1.24,13.45,-0.88,43.56,78.27,2.42,True
1530,286.34,246.79,1.3,13.23,-1.06,43.67,77.28,2.09,True
1531,293.9,273.77,1.35,13.05,-1.21,43.77,76.47,1.82,True
1532,282.71,233.83,1.28,13.32,-0.99,43.63,77.67,2.22,True
1533,298.55,290.36,1.37,12.94,-1.3,43.83,75.98,1.66,True
1534,286.2,246.29,1.3,13.23,-1.06,43.67,77.3,2.1,True
1535,315.37,350.34,1.47,12.54,-1.63,44.04,74.18,1.06,True
1536,309.49,329.37,1.44,12.68,-1.52,43.96,74.8,1.27,True
1537,277.12,213.91,1.24,13.45,-0.88,43.56,78.27,2.42,True
1538,309.03,327.72,1.44,12.69,-1.51,43.96,74.85,1.28,True
1539,290.2,260.54,1.32,13.14,-1.13,43.72,76.87,1.96,True
1540,304.97,313.24,1.41,12.79,-1.43,43.91,75.29,1.43,True
1541,295.97,281.15,1.36,13.0,-1.25,43.79,76.25,1.75,True
1542,313.57,343.92,1.46,12.58,-1.6,44.02,74.37,1.12,True
1543,292.62,269.19,1.34,13.08,-1.18,43.75,76.61,1.87,True
1544,309.53,329.52,1.44,12.68,-1.52,43.96,74.8,1.27,True
1545,312.89,341.51,1.46,12.6,-1.59,44.01,74.44,1.15,True
1546,293.23,271.35,1.34,13.07,-1.19,43.76,76.55,1.85,True
1547,312.4,339.75,1.46,12.61,-1.58,44.0,74.49,1.16,True
1548,292.9,270.2,1.34,13.07,-1.19,43.75,76.58,1.86,True
1549,289.17,256.9,1.32,13.16,-1.11,43.71,76.98,1.99,True
1550,285.67,244.39,1.3,13.25,-1.05,43.66,77.36,2.12,True
1551,293.79,273.37,1.34,13.05,-1.21,43.77,76.49,1.83,True
1552,306.34,318.15,1.42,12.75,-1.46,43.92,75.14,1.38,True
1553,281.52,229.6,1.27,13.34,-0.96,43.61,77.8,2.27,True
1554,275.71,208.88,1.24,13.48,-0.85,43.54,78.42,2.47,True
1555,301.31,300.19,1.39,12.87,-1.36,43.86,75.68,1.56,True
1556,306.23,317.76,1.42,12.76,-1.45,43.92,75.15,1.38,True
1557,316.27,353.57,1.48,12.52,-1.65,44.05,74.08,1.03,True
1558,310.9,334.39,1.45,12.65,-1.55,43.98,74.65,1.22,True
1559,312.96,341.74,1.46,12.6,-1.59,44.01,74.43,1.14,True
1560,303.93,309.56,1.41,12.81,-1.41,43.89,75.4,1.47,True
1561,303.37,307.53,1.4,12.82,-1.4,43.89,75.46,1.49,True
1562,306.34,318.14,1.42,12.75,-1.46,43.92,75.14,1.38,True
1563,295.96,281.1,1.36,13.0,-1.25,43.79,76.25,1.75,True
1564,310.76,333.92,1.45,12.65,-1.54,43.98,74.67,1.22,True
1565,290.65,262.16,1.33,13.13,-1.14,43.73,76.82,1.94,True
1566,303.92,309.49,1.41,12.81,-1.41,43.89,75.4,1.47,True
1567,291.83,266.36,1.33,13.1,-1.17,43.74,76.7,1.9,True
1568,300.59,297.62,1.39,12.89,-1.34,43.85,75.76,1.59,True
1569,304.19,310.48,1.41,12.8,-1.41,43.9,75.37,1.46,True
1570,287.0,249.14,1.3,13.21,-1.07,43.68,77.21,2.07,True
1571,293.76,273.27,1.34,13.05,-1.21,43.77,76.49,1.83,True
1572,279.95,224.0,1.26,13.38,-0.93,43.59,77.97,2.32,True
1573,294.11,274.49,1.35,13.05,-1.21,43.77,76.45,1.82,True
1574,304.05,309.97,1.41,12.81,-1.41,43.9,75.39,1.46,True
1575,277.99,217.01,1.25,13.43,-0.89,43.57,78.18,2.39,True
1576,298.73,291.0,1.37,12.93,-1.3,43.83,75.96,1.65,True
1577,292.16,267.55,1.33,13.09,-1.17,43.75,76.66,1.89,True
1578,283.97,238.34,1.29,13.29,-1.01,43.64,77.54,2.18,True
1579,290.45,261.47,1.32,13.13,-1.14,43.72,76.84,1.95,True
1580,315.51,350.87,1.48,12.54,-1.64,44.04,74.16,1.05,True
1581,278.44,218.62,1.25,13.42,-0.9,43.57,78.13,2.38,True
1582,295.16,278.24,1.35,13.02,-1.23,43.78,76.34,1.78,True
1583,307.97,323.95,1.43,12.72,-1.49,43.94,74.97,1.32,True
1584,279.74,223.25,1.26,13.39,-0.93,43.59,77.99,2.33,True
1585,295.77,280.43,1.36,13.01,-1.25,43.79,76.27,1.76,True
1586,279.47,222.28,1.26,13.39,-0.92,43.59,78.02,2.34,True
1587,279.0,220.61,1.26,13.4,-0.91,43.58,78.07,2.36,True
1588,296.75,283.93,1.36,12.98,-1.26,43.8,76.17,1.72,True
1589,294.19,274.78,1.35,13.04,-1.21,43.77,76.44,1.81,True
1590,284.18,239.08,1.29,13.28,-1.02,43.64,77.52,2.17,True
1591,281.22,228.54,1.27,13.35,-0.96,43.61,77.83,2.28,True
1592,307.49,322.23,1.43,12.73,-1.48,43.94,75.02,1.34,True
1593,280.14,224.68,1.26,13.38,-0.94,43.59,77.95,2.32,True
1594,292.63,269.24,1.34,13.08,-1.18,43.75,76.61,1.87,True
1595,300.76,298.23,1.39,12.89,-1.34,43.85,75.74,1.58,True
1596,288.32,253.85,1.31,13.18,-1.1,43.7,77.07,2.02,True
1597,305.45,314.98,1.41,12.77,-1.44,43.91,75.24,1.41,True
1598,308.92,327.34,1.44,12.69,-1.51,43.96,74.87,1.29,True
1599,277.35,214.71,1.25,13.44,-0.88,43.56,78.25,2.42,True
1600,286.76,248.29,1.3,13.22,-1.07,43.68,77.24,2.08,True
1601,277.69,215.92,1.25,13.44,-0.89,43.56,78.21,2.4,True
1602,278.58,219.1,1.25,13.41,-0.9,43.57,78.12,2.37,True
1603,307.27,321.45,1.43,12.73,-1.47,43.94,75.04,1.35,True
1604,275.56,208.32,1.23,13.49,-0.84,43.54,78.44,2.48,True
1605,311.72,337.33,1.45,12.63,-1.56,43.99,74.57,1.19,True
1606,288.65,255.03,1.31,13.18,-1.1,43.7,77.04,2.01,True
1607,290.17,260.45,1.32,13.14,-1.13,43.72,76.87,1.96,True
1608,313.07,342.15,1.46,12.59,-1.59,44.01,74.42,1.14,True
1609,312.34,339.53,1.46,12.61,-1.57,44.0,74.5,1.17,True
1610,288.16,253.27,1.31,13.19,-1.09,43.69,77.09,2.03,True
1611,306.63,319.17,1.42,12.75,-1.46,43.93,75.11,1.37,True
1612,314.07,345.7,1.47,12.57,-1.61,44.02,74.31,1.1,True
1613,277.53,215.34,1.25,13.44,-0.88,43.56,78.23,2.41,True
1614,282.15,231.86,1.27,13.33,-0.98,43.62,77.73,2.24,True
1615,279.21,221.34,1.26,13.4,-0.92,43.58,78.05,2.35,True
1616,288.45,254.32,1.31,13.18,-1.1,43.7,77.06,2.02,True
1617,314.5,347.26,1.47,12.56,-1.62,44.03,74.27,1.09,True
1618,302.33,303.84,1.4,12.85,-1.38,43.87,75.57,1.52,True
1619,285.94,245.37,1.3,13.24,-1.05,43.67,77.33,2.11,True
1620,315.27,350.01,1.47,12.54,-1.63,44.04,74.18,1.06,True
1621,277.91,216.72,1.25,13.43,-0.89,43.57,78.19,2.4,True
1622,280.7,226.68,1.27,13.36,-0.95,43.6,77.89,2.3,True
1623,310.33,332.39,1.44,12.66,-1.53,43.97,74.71,1.24,True
1624,307.37,321.81,1.43,12.73,-1.48,43.94,75.03,1.34,True
1625,278.37,218.37,1.25,13.42,-0.9,43.57,78.14,2.38,True
1626,297.09,285.16,1.36,12.97,-1.27,43.81,76.13,1.71,True
1627,280.93,227.48,1.27,13.36,-0.95,43.6,77.86,2.29,True
1628,275.91,209.6,1.24,13.48,-0.85,43.54,78.4,2.47,True
1629,310.81,334.07,1.45,12.65,-1.54,43.98,74.66,1.22,True
1630,292.46,268.6,1.34,13.08,-1.18,43.75,76.63,1.88,True
1631,285.55,243.95,1.29,13.25,-1.04,43.66,77.37,2.12,True
1632,317.0,356.16,1.48,12.5,-1.67,44.06,74.0,1.0,True
1633,288.84,255.72,1.31,13.17,-1.11,43.7,77.02,2.01,True
1634,314.96,348.87,1.47,12.55,-1.63,44.03,74.22,1.07,True
1635,316.15,353.12,1.48,12.52,-1.65,44.05,74.09,1.03,True
1636,288.62,254.92,1.31,13.18,-1.1,43.7,77.04,2.01,True
1637,286.38,246.94,1.3,13.23,-1.06,43.67,77.28,2.09,True
1638,275.5,208.1,1.23,13.49,-0.84,43.54,78.45,2.48,True
1639,285.35,243.25,1.29,13.25,-1.04,43.66,77.39,2.13,True
1640,280.99,227.7,1.27,13.36,-0.95,43.6,77.86,2.29,True
1641,287.53,251.04,1.31,13.2,-1.08,43.69,77.16,2.05,True
1642,283.33,236.05,1.28,13.3,-1.0,43.63,77.61,2.2,True
1643,295.51,279.52,1.35,13.01,-1.24,43.79,76.3,1.77,True
1644,288.41,254.16,1.31,13.18,-1.1,43.7,77.06,2.02,True
1645,282.91,234.55,1.28,13.31,-0.99,43.63,77.65,2.22,True
1646,307.2,321.22,1.43,12.73,-1.47,43.93,75.05,1.35,True
1647,300.82,298.46,1.39,12.89,-1.35,43.85,75.73,1.58,True
1648,312.85,341.36,1.46,12.6,-1.58,44.01,74.44,1.15,True
1649,304.79,312.62,1.41,12.79,-1.42,43.9,75.31,1.44,True
1650,279.78,223.4,1.26,13.39,-0.93,43.59,77.99,2.33,True
1651,313.03,342.0,1.46,12.59,-1.59,44.01,74.43,1.14,True
1652,284.8,241.28,1.29,13.27,-1.03,43.65,77.45,2.15,True
1653,278.08,217.31,1.25,13.43,-0.89,43.57,78.17,2.39,True
1654,315.31,350.12,1.47,12.54,-1.63,44.04,74.18,1.06,True
1655,291.16,263.99,1.33,13.12,-1.15,43.73,76.77,1.92,True
1656,314.66,347.81,1.47,12.56,-1.62,44.03,74.25,1.08,True
1657,302.09,302.96,1.39,12.86,-1.37,43.87,75.6,1.53,True
1658,308.7,326.57,1.43,12.7,-1.5,43.95,74.89,1.3,True
1659,294.14,274.63,1.35,13.04,-1.21,43.77,76.45,1.82,True
1660,295.36,278.97,1.35,13.02,-1.24,43.79,76.32,1.77,True
1661,293.15,271.07,1.34,13.07,-1.19,43.76,76.56,1.85,True
1662,299.07,292.19,1.38,12.93,-1.31,43.83,75.92,1.64,True
1663,293.23,271.37,1.34,13.07,-1.2,43.76,76.55,1.85,True
1664,287.49,250.9,1.31,13.2,-1.08,43.69,77.16,2.05,True
1665,315.75,351.72,1.48,12.53,-1.64,44.04,74.13,1.04,True
1666,275.48,208.04,1.23,13.49,-0.84,43.54,78.45,2.48,True
1667,288.05,252.88,1.31,13.19,-1.09,43.69,77.1,2.03,True
1668,286.26,246.49,1.3,13.23,-1.06,43.67,77.29,2.1,True
1669,308.77,326.82,1.43,12.7,-1.5,43.95,74.88,1.29,True
1670,308.38,325.43,1.43,12.71,-1.5,43.95,74.92,1.31,True
1671,275.37,207.65,1.23,13.49,-0.84,43.53,78.46,2.49,True
1672,311.47,336.44,1.45,12.63,-1.56,43.99,74.59,1.2,True
1673,309.91,330.89,1.44,12.67,-1.53,43.97,74.76,1.25,True
1674,309.96,331.06,1.44,12.67,-1.53,43.97,74.75,1.25,True
1675,279.14,221.1,1.26,13.4,-0.92,43.58,78.06,2.35,True
1676,296.88,284.4,1.36,12.98,-1.27,43.8,76.16,1.72,True
1677,315.15,349.58,1.47,12.54,-1.63,44.04,74.2,1.07,True
1678,297.0,284.81,1.36,12.98,-1.27,43.81,76.14,1.71,True
1679,315.03,349.14,1.47,12.55,-1.63,44.03,74.21,1.07,True
1680,310.89,334.35,1.45,12.65,-1.55,43.98,74.66,1.22,True
1681,287.37,250.46,1.31,13.21,-1.08,43.69,77.17,2.06,True
1682,288.59,254.8,1.31,13.18,-1.1,43.7,77.04,2.01,True
1683,306.08,317.2,1.42,12.76,-1.45,43.92,75.17,1.39,True
1684,310.31,332.31,1.44,12.66,-1.53,43.97,74.72,1.24,True
1685,296.75,283.92,1.36,12.98,-1.26,43.8,76.17,1.72,True
1686,301.44,300.67,1.39,12.87,-1.36,43.86,75.67,1.56,True
1687,309.45,329.24,1.44,12.68,-1.52,43.96,74.81,1.27,True
1688,306.58,318.99,1.42,12.75,-1.46,43.93,75.12,1.37,True
1689,287.16,249.71,1.3,13.21,-1.07,43.68,77.2,2.07,True
1690,309.43,329.17,1.44,12.68,-1.52,43.96,74.81,1.27,True
1691,282.87,234.39,1.28,13.31,-0.99,43.63,77.66,2.22,True
1692,308.62,326.25,1.43,12.7,-1.5,43.95,74.9,1.3,True
1693,276.86,212.97,1.24,13.46,-0.87,43.55,78.3,2.43,True
1694,295.35,278.92,1.35,13.02,-1.24,43.79,76.32,1.77,True
1695,301.41,300.56,1.39,12.87,-1.36,43.86,75.67,1.56,True
1696,299.21,292.69,1.38,12.92,-1.31,43.83,75.91,1.64,True
1697,295.82,280.59,1.36,13.0,-1.25,43.79,76.27,1.76,True
1698,307.79,323.31,1.43,12.72,-1.48,43.94,74.99,1.33,True
1699,277.22,214.24,1.24,13.45,-0.88,43.56,78.26,2.42,True
1700,308.51,325.87,1.43,12.7,-1.5,43.95,74.91,1.3,True
1701,285.58,244.06,1.3,13.25,-1.04,43.66,77.37,2.12,True
1702,277.49,215.22,1.25,13.44,-0.88,43.56,78.23,2.41,True
1703,301.16,299.65,1.39,12.88,-1.35,43.86,75.7,1.57,True
1704,291.79,266.25,1.33,13.1,-1.17,43.74,76.7,1.9,True
1705,305.6,315.5,1.42,12.77,-1.44,43.91,75.22,1.41,True
1706,293.99,274.07,1.35,13.05,-1.21,43.77,76.47,1.82,True
1707,296.49,283.01,1.36,12.99,-1.26,43.8,76.2,1.73,True
1708,296.16,281.81,1.36,13.0,-1.25,43.8,76.23,1.74,True
1709,310.09,331.51,1.44,12.66,-1.53,43.97,74.74,1.25,True
1710,315.45,350.62,1.48,12.54,-1.64,44.04,74.17,1.06,True
1711,295.02,277.76,1.35,13.02,-1.23,43.78,76.35,1.78,True
1712,296.83,284.2,1.36,12.98,-1.27,43.8,76.16,1.72,True
1713,286.06,245.77,1.3,13.24,-1.05,43.67,77.32,2.11,True
1714,293.02,270.62,1.34,13.07,-1.19,43.76,76.57,1.86,True
1715,290.36,261.13,1.32,13.13,-1.14,43.72,76.85,1.95,True
1716,294.02,274.17,1.35,13.05,-1.21,43.77,76.46,1.82,True
1717,313.45,343.52,1.46,12.58,-1.6,44.01,74.38,1.13,True
1718,312.38,339.68,1.46,12.61,-1.57,44.0,74.5,1.17,True
1719,276.97,213.35,1.24,13.45,-0.87,43.55,78.29,2.43,True
1720,276.31,211.0,1.24,13.47,-0.86,43.55,78.36,2.45,True
1721,278.96,220.45,1.26,13.41,-0.91,43.58,78.08,2.36,True
1722,292.49,268.72,1.34,13.08,-1.18,43.75,76.63,1.88,True
1723,293.36,271.82,1.34,13.06,-1.2,43.76,76.53,1.84,True
1724,293.12,270.96,1.34,13.07,-1.19,43.76,76.56,1.85,True
1725,310.43,332.73,1.44,12.66,-1.54,43.98,74.7,1.23,True
1726,276.66,212.27,1.24,13.46,-0.87,43.55,78.32,2.44,True
1727,315.38,350.38,1.47,12.54,-1.63,44.04,74.17,1.06,True
1728,306.73,319.52,1.42,12.74,-1.46,43.93,75.1,1.37,True
1729,283.85,237.9,1.28,13.29,-1.01,43.64,77.55,2.18,True
1730,291.34,264.62,1.33,13.11,-1.16,43.74,76.75,1.92,True
1731,299.98,295.46,1.38,12.91,-1.33,43.84,75.82,1.61,True
1732,287.78,251.93,1.31,13.2,-1.09,43.69,77.13,2.04,True
1733,297.36,286.09,1.37,12.97,-1.28,43.81,76.1,1.7,True
1734,315.54,350.97,1.48,12.53,-1.64,44.04,74.16,1.05,True
1735,301.94,302.44,1.39,12.86,-1.37,43.87,75.61,1.54,True
1736,276.23,210.72,1.24,13.47,-0.86,43.54,78.37,2.46,True
1737,289.81,259.16,1.32,13.15,-1.13,43.72,76.91,1.97,True
1738,298.15,288.93,1.37,12.95,-1.29,43.82,76.02,1.67,True
1739,315.69,351.48,1.48,12.53,-1.64,44.04,74.14,1.05,True
1740,308.12,324.5,1.43,12.71,-1.49,43.95,74.95,1.32,True
1741,302.2,303.36,1.4,12.85,-1.37,43.87,75.59,1.53,True
1742,289.9,259.48,1.32,13.15,-1.13,43.72,76.9,1.97,True
1743,299.16,292.54,1.38,12.92,-1.31,43.83,75.91,1.64,True
1744,287.57,251.17,1.31,13.2,-1.08,43.69,77.15,2.05,True
1745,280.17,224.79,1.26,13.38,-0.94,43.59,77.95,2.32,True
1746,279.79,223.42,1.26,13.39,-0.93,43.59,77.99,2.33,True
1747,311.8,337.62,1.45,12.62,-1.56,43.99,74.56,1.19,True
1748,308.32,325.21,1.43,12.71,-1.49,43.95,74.93,1.31,True
1749,275.28,207.33,1.23,13.49,-0.84,43.53,78.47,2.49,True
1750,281.9,230.93,1.27,13.34,-0.97,43.62,77.76,2.25,True
1751,289.48,257.98,1.32,13.16,-1.12,43.71,76.95,1.98,True
1752,315.92,352.32,1.48,12.53,-1.65,44.04,74.12,1.04,True
1753,292.12,267.39,1.33,13.09,-1.17,43.74,76.67,1.89,True
1754,312.09,338.66,1.45,12.62,-1.57,44.0,74.53,1.18,True
1755,292.45,268.6,1.34,13.08,-1.18,43.75,76.63,1.88,True
1756,303.12,306.65,1.4,12.83,-1.39,43.88,75.49,1.5,True
1757,314.22,346.23,1.47,12.57,-1.61,44.02,74.3,1.1,True
1758,298.42,289.89,1.37,12.94,-1.3,43.82,75.99,1.66,True
1759,306.2,317.63,1.42,12.76,-1.45,43.92,75.16,1.39,True
1760,288.31,253.8,1.31,13.18,-1.1,43.7,77.07,2.02,True
1761,281.17,228.34,1.27,13.35,-0.96,43.61,77.84,2.28,True
1762,312.07,338.59,1.45,12.62,-1.57,44.0,74.53,1.18,True
1763,301.57,301.11,1.39,12.87,-1.36,43.86,75.65,1.55,True
1764,310.92,334.48,1.45,12.64,-1.55,43.98,74.65,1.22,True
1765,280.17,224.78,1.26,13.38,-0.94,43.59,77.95,2.32,True
1766,290.14,260.34,1.32,13.14,-1.13,43.72,76.88,1.96,True
1767,281.48,229.44,1.27,13.35,-0.96,43.61,77.81,2.27,True
1768,295.87,280.79,1.36,13.0,-1.25,43.79,76.26,1.75,True
1769,313.76,344.62,1.46,12.58,-1.6,44.02,74.35,1.12,True
1770,296.44,282.82,1.36,12.99,-1.26,43.8,76.2,1.73,True
1771,292.46,268.63,1.34,13.08,-1.18,43.75,76.63,1.88,True
1772,279.42,222.11,1.26,13.39,-0.92,43.58,78.03,2.34,True
1773,301.73,301.69,1.39,12.86,-1.36,43.87,75.64,1.55,True
1774,309.75,330.29,1.44,12.67,-1.52,43.97,74.78,1.26,True
1775,307.54,322.41,1.43,12.73,-1.48,43.94,75.01,1.34,True
1776,293.38,271.9,1.34,13.06,-1.2,43.76,76.53,1.84,True
1777,280.28,225.18,1.26,13.37,-0.94,43.6,77.93,2.31,True
1778,295.89,280.87,1.36,13.0,-1.25,43.79,76.26,1.75,True
1779,297.37,286.12,1.37,12.97,-1.28,43.81,76.1,1.7,True
1780,286.7,248.08,1.3,13.22,-1.07,43.68,77.25,2.08,True
1781,287.58,251.19,1.31,13.2,-1.08,43.69,77.15,2.05,True
1782,316.82,355.54,1.48,12.5,-1.66,44.06,74.02,1.01,True
1783,308.26,324.98,1.43,12.71,-1.49,43.95,74.94,1.31,True
1784,276.4,211.35,1.24,13.47,-0.86,43.55,78.35,2.45,True
1785,311.19,335.42,1.45,12.64,-1.55,43.99,74.62,1.21,True
1786,295.35,278.93,1.35,13.02,-1.24,43.79,76.32,1.77,True
1787,286.21,246.33,1.3,13.23,-1.06,43.67,77.3,2.1,True
1788,295.42,279.18,1.35,13.01,-1.24,43.79,76.31,1.77,True
1789,285.9,245.24,1.3,13.24,-1.05,43.67,77.33,2.11,True
1790,288.93,256.02,1.32,13.17,-1.11,43.7,77.01,2.0,True
1791,292.68,269.39,1.34,13.08,-1.18,43.75,76.61,1.87,True
1792,294.17,274.74,1.35,13.04,-1.21,43.77,76.45,1.82,True
1793,301.79,301.91,1.39,12.86,-1.36,43.87,75.63,1.54,True
1794,288.33,253.9,1.31,13.18,-1.1,43.7,77.07,2.02,True
1795,298.04,288.52,1.37,12.95,-1.29,43.82,76.03,1.68,True
1796,284.94,241.79,1.29,13.26,-1.03,43.65,77.44,2.15,True
1797,288.3,253.77,1.31,13.18,-1.1,43.7,77.08,2.03,True
1798,302.94,306.0,1.4,12.83,-1.39,43.88,75.51,1.5,True
1799,294.99,277.64,1.35,13.02,-1.23,43.78,76.36,1.79,True
1800,309.11,328.04,1.44,12.69,-1.51,43.96,74.84,1.28,True
1801,315.68,351.46,1.48,12.53,-1.64,44.04,74.14,1.05,True
1802,288.4,254.14,1.31,13.18,-1.1,43.7,77.06,2.02,True
1803,298.84,291.38,1.37,12.93,-1.31,43.83,75.95,1.65,True
1804,304.31,310.88,1.41,12.8,-1.41,43.9,75.36,1.45,True
1805,288.11,253.1,1.31,13.19,-1.09,43.69,77.1,2.03,True
1806,281.83,230.69,1.27,13.34,-0.97,43.62,77.77,2.26,True
1807,281.58,229.82,1.27,13.34,-0.96,43.61,77.79,2.26,True
1808,305.25,314.26,1.41,12.78,-1.43,43.91,75.26,1.42,True
1809,285.18,242.65,1.29,13.26,-1.04,43.66,77.41,2.14,True
1810,277.87,216.57,1.25,13.43,-0.89,43.57,78.19,2.4,True
1811,288.85,255.74,1.31,13.17,-1.11,43.7,77.02,2.01,True
1812,310.05,331.37,1.44,12.67,-1.53,43.97,74.74,1.25,True
1813,280.91,227.41,1.27,13.36,-0.95,43.6,77.87,2.29,True
1814,310.74,333.83,1.45,12.65,-1.54,43.98,74.67,1.22,True
1815,292.19,267.65,1.33,13.09,-1.17,43.75,76.66,1.89,True
1816,307.5,322.27,1.43,12.73,-1.48,43.94,75.02,1.34,True
1817,296.85,284.3,1.36,12.98,-1.27,43.8,76.16,1.72,True
1818,286.35,246.84,1.3,13.23,-1.06,43.67,77.28,2.09,True
1819,288.74,255.34,1.31,13.17,-1.11,43.7,77.03,2.01,True
1820,291.63,265.68,1.33,13.1,-1.16,43.74,76.72,1.91,True
1821,276.67,212.28,1.24,13.46,-0.87,43.55,78.32,2.44,True
1822,292.77,269.71,1.34,13.08,-1.19,43.75,76.6,1.87,True
1823,307.14,321.0,1.43,12.73,-1.47,43.93,75.06,1.35,True
1824,313.57,343.94,1.46,12.58,-1.6,44.02,74.37,1.12,True
1825,279.11,220.99,1.26,13.4,-0.91,43.58,78.06,2.35,True
1826,303.62,308.44,1.4,12.82,-1.4,43.89,75.43,1.48,True
1827,299.71,294.47,1.38,12.91,-1.32,43.84,75.85,1.62,True
1828,279.11,220.98,1.26,13.4,-0.91,43.58,78.06,2.35,True
1829,276.73,212.5,1.24,13.46,-0.87,43.55,78.31,2.44,True
1830,300.77,298.28,1.39,12.89,-1.34,43.85,75.74,1.58,True
1831,277.16,214.05,1.24,13.45,-0.88,43.56,78.27,2.42,True
1832,303.63,308.46,1.4,12.82,-1.4,43.89,75.43,1.48,True
1833,303.18,306.87,1.4,12.83,-1.39,43.88,75.48,1.49,True
1834,295.72,280.25,1.36,13.01,-1.24,43.79,76.28,1.76,True
1835,304.3,310.85,1.41,12.8,-1.41,43.9,75.36,1.45,True
1836,282.5,233.1,1.28,13.32,-0.98,43.62,77.7,2.23,True
1837,280.09,224.48,1.26,13.38,-0.93,43.59,77.95,2.32,True
1838,286.93,248.88,1.3,13.22,-1.07,43.68,77.22,2.07,True
1839,294.79,276.93,1.35,13.03,-1.23,43.78,76.38,1.79,True
1840,276.29,210.95,1.24,13.47,-0.86,43.55,78.36,2.45,True
1841,282.49,233.06,1.28,13.32,-0.98,43.62,77.7,2.23,True
1842,292.34,268.19,1.34,13.09,-1.18,43.75,76.64,1.88,True
1843,310.28,332.19,1.44,12.66,-1.53,43.97,74.72,1.24,True
1844,295.34,278.89,1.35,13.02,-1.24,43.79,76.32,1.77,True
1845,311.06,334.97,1.45,12.64,-1.55,43.98,74.64,1.21,True
1846,307.09,320.81,1.42,12.74,-1.47,43.93,75.06,1.35,True
1847,283.4,236.28,1.28,13.3,-1.0,43.63,77.6,2.2,True
1848,315.08,349.31,1.47,12.55,-1.63,44.03,74.21,1.07,True
1849,292.16,267.56,1.33,13.09,-1.17,43.75,76.66,1.89,True
1850,304.03,309.88,1.41,12.81,-1.41,43.89,75.39,1.46,True
1851,304.36,311.06,1.41,12.8,-1.42,43.9,75.35,1.45,True
1852,316.85,355.63,1.48,12.5,-1.66,44.06,74.02,1.01,True
1853,284.66,240.79,1.29,13.27,-1.02,43.65,77.47,2.16,True
1854,311.72,337.32,1.45,12.63,-1.56,43.99,74.57,1.19,True
1855,301.79,301.9,1.39,12.86,-1.36,43.87,75.63,1.54,True
1856,316.54,354.54,1.48,12.51,-1.66,44.05,74.05,1.02,True
1857,304.47,311.46,1.41,12.8,-1.42,43.9,75.34,1.45,True
1858,306.05,317.11,1.42,12.76,-1.45,43.92,75.17,1.39,True
1859,275.28,207.35,1.23,13.49,-0.84,43.53,78.47,2.49,True
1860,304.67,312.17,1.41,12.79,-1.42,43.9,75.32,1.44,True
1861,302.43,304.21,1.4,12.85,-1.38,43.87,75.56,1.52,True
1862,293.27,271.5,1.34,13.07,-1.2,43.76,76.54,1.85,True
1863,314.41,346.92,1.47,12.56,-1.62,44.03,74.28,1.09,True
1864,316.78,355.38,1.48,12.51,-1.66,44.06,74.02,1.01,True
1865,292.05,267.14,1.33,13.09,-1.17,43.74,76.67,1.89,True
1866,281.33,228.91,1.27,13.35,-0.96,43.61,77.82,2.27,True
1867,287.6,251.27,1.31,13.2,-1.08,43.69,77.15,2.05,True
1868,311.97,338.23,1.45,12.62,-1.57,43.99,74.54,1.18,True
1869,289.02,256.33,1.32,13.17,-1.11,43.71,77.0,2.0,True
1870,302.36,303.93,1.4,12.85,-1.38,43.87,75.57,1.52,True
1871,314.14,345.96,1.47,12.57,-1.61,44.02,74.31,1.1,True
1872,316.97,356.06,1.48,12.5,-1.67,44.06,74.0,1.0,True
1873,294.85,277.15,1.35,13.03,-1.23,43.78,76.37,1.79,True
1874,308.75,326.72,1.43,12.7,-1.5,43.95,74.88,1.29,True
1875,275.24,207.2,1.23,13.49,-0.84,43.53,78.47,2.49,True
1876,289.73,258.88,1.32,13.15,-1.13,43.71,76.92,1.97,True
1877,302.29,303.67,1.4,12.85,-1.37,43.87,75.58,1.53,True
1878,297.37,286.13,1.37,12.97,-1.28,43.81,76.1,1.7,True
1879,299.82,294.89,1.38,12.91,-1.33,43.84,75.84,1.61,True
1880,314.19,346.16,1.47,12.57,-1.61,44.02,74.3,1.1,True
1881,287.99,252.68,1.31,13.19,-1.09,43.69,77.11,2.04,True
1882,285.93,245.33,1.3,13.24,-1.05,43.67,77.33,2.11,True
1883,280.08,224.45,1.26,13.38,-0.93,43.59,77.96,2.32,True
1884,292.93,270.29,1.34,13.07,-1.19,43.76,76.58,1.86,True
1885,312.68,340.77,1.46,12.6,-1.58,44.0,74.46,1.15,True
1886,284.71,240.97,1.29,13.27,-1.03,43.65,77.46,2.15,True
1887,309.05,327.82,1.44,12.69,-1.51,43.96,74.85,1.28,True
1888,291.35,264.64,1.33,13.11,-1.16,43.74,76.75,1.92,True
1889,290.51,261.68,1.32,13.13,-1.14,43.72,76.84,1.95,True
1890,285.87,245.11,1.3,13.24,-1.05,43.67,77.34,2.11,True
1891,307.65,322.83,1.43,12.72,-1.48,43.94,75.0,1.33,True
1892,304.68,312.23,1.41,12.79,-1.42,43.9,75.32,1.44,True
1893,287.8,252.01,1.31,13.2,-1.09,43.69,77.13,2.04,True
1894,302.23,303.46,1.4,12.85,-1.37,43.87,75.58,1.53,True
1895,314.59,347.55,1.47,12.56,-1.62,44.03,74.26,1.09,True
1896,305.26,314.28,1.41,12.78,-1.43,43.91,75.26,1.42,True
1897,297.7,287.31,1.37,12.96,-1.28,43.82,76.07,1.69,True
1898,288.02,252.79,1.31,13.19,-1.09,43.69,77.1,2.03,True
1899,290.43,261.38,1.32,13.13,-1.14,43.72,76.85,1.95,True
1900,287.12,249.56,1.3,13.21,-1.07,43.68,77.2,2.07,True
1901,304.85,312.82,1.41,12.79,-1.43,43.91,75.3,1.43,True
1902,285.44,243.59,1.29,13.25,-1.04,43.66,77.38,2.13,True
1903,299.06,292.18,1.38,12.93,-1.31,43.83,75.92,1.64,True
1904,308.33,325.24,1.43,12.71,-1.49,43.95,74.93,1.31,True
1905,282.83,234.28,1.28,13.31,-0.99,43.63,77.66,2.22,True
1906,279.46,222.26,1.26,13.39,-0.92,43.59,78.02,2.34,True
1907,305.43,314.9,1.41,12.78,-1.44,43.91,75.24,1.41,True
1908,299.11,292.35,1.38,12.93,-1.31,43.83,75.92,1.64,True
1909,298.32,289.54,1.37,12.94,-1.3,43.82,76.0,1.67,True
1910,310.15,331.72,1.44,12.66,-1.53,43.97,74.73,1.24,True
1911,279.8,223.45,1.26,13.39,-0.93,43.59,77.99,2.33,True
1912,310.31,332.3,1.44,12.66,-1.53,43.97,74.72,1.24,True
1913,307.28,321.5,1.43,12.73,-1.47,43.94,75.04,1.35,True
1914,293.85,273.58,1.34,13.05,-1.21,43.77,76.48,1.83,True
1915,307.99,324.01,1.43,12.71,-1.49,43.94,74.97,1.32,True
1916,300.76,298.22,1.39,12.89,-1.34,43.85,75.74,1.58,True
1917,277.77,216.21,1.25,13.43,-0.89,43.56,78.2,2.4,True
1918,314.94,348.81,1.47,12.55,-1.63,44.03,74.22,1.07,True
1919,276.44,211.48,1.24,13.47,-0.86,43.55,78.35,2.45,True
1920,294.27,275.08,1.35,13.04,-1.22,43.77,76.44,1.81,True
1921,313.22,342.68,1.46,12.59,-1.59,44.01,74.41,1.14,True
1922,279.07,220.84,1.26,13.4,-0.91,43.58,78.06,2.35,True
1923,283.41,236.35,1.28,13.3,-1.0,43.64,77.6,2.2,True
1924,307.06,320.7,1.42,12.74,-1.47,43.93,75.07,1.36,True
1925,287.93,252.45,1.31,13.19,-1.09,43.69,77.11,2.04,True
1926,312.28,339.32,1.46,12.61,-1.57,44.0,74.51,1.17,True
1927,277.96,216.89,1.25,13.43,-0.89,43.57,78.18,2.39,True
1928,316.3,353.66,1.48,12.52,-1.65,44.05,74.08,1.03,True
1929,305.49,315.1,1.42,12.77,-1.44,43.91,75.23,1.41,True
1930,298.04,288.53,1.37,12.95,-1.29,43.82,76.03,1.68,True
1931,315.07,349.3,1.47,12.55,-1.63,44.03,74.21,1.07,True
1932,297.09,285.13,1.36,12.97,-1.27,43.81,76.13,1.71,True
1933,301.17,299.7,1.39,12.88,-1.35,43.86,75.7,1.57,True
1934,293.05,270.73,1.34,13.07,-1.19,43.76,76.57,1.86,True
1935,291.96,266.83,1.33,13.1,-1.17,43.74,76.68,1.89,True
1936,302.67,305.06,1.4,12.84,-1.38,43.88,75.53,1.51,True
1937,312.55,340.29,1.46,12.61,-1.58,44.0,74.48,1.16,True
1938,297.78,287.59,1.37,12.96,-1.29,43.82,76.06,1.69,True
1939,292.25,267.86,1.34,13.09,-1.18,43.75,76.65,1.88,True
1940,304.23,310.6,1.41,12.8,-1.41,43.9,75.37,1.46,True
1941,289.08,256.57,1.32,13.16,-1.11,43.71,76.99,2.0,True
1942,300.86,298.58,1.39,12.88,-1.35,43.85,75.73,1.58,True
1943,313.34,343.1,1.46,12.59,-1.59,44.01,74.39,1.13,True
1944,307.59,322.61,1.43,12.72,-1.48,43.94,75.01,1.34,True
1945,296.57,283.27,1.36,12.99,-1.26,43.8,76.19,1.73,True
1946,286.49,247.33,1.3,13.23,-1.06,43.67,77.27,2.09,True
1947,308.66,326.4,1.43,12.7,-1.5,43.95,74.89,1.3,True
1948,291.15,263.94,1.33,13.12,-1.15,43.73,76.77,1.92,True
1949,289.6,258.4,1.32,13.15,-1.12,43.71,76.94,1.98,True
1950,310.5,332.98,1.45,12.65,-1.54,43.98,74.7,1.23,True
1951,296.08,281.55,1.36,13.0,-1.25,43.79,76.24,1.75,True
1952,301.81,301.97,1.39,12.86,-1.37,43.87,75.63,1.54,True
1953,295.32,278.82,1.35,13.02,-1.24,43.79,76.32,1.77,True
1954,298.78,291.16,1.37,12.93,-1.31,43.83,75.95,1.65,True
1955,284.21,239.2,1.29,13.28,-1.02,43.65,77.51,2.17,True
1956,277.08,213.75,1.24,13.45,-0.87,43.56,78.28,2.43,True
1957,297.91,288.06,1.37,12.95,-1.29,43.82,76.05,1.68,True
1958,305.64,315.64,1.42,12.77,-1.44,43.92,75.22,1.41,True
1959,314.38,346.81,1.47,12.56,-1.61,44.03,74.28,1.09,True
1960,285.83,244.97,1.3,13.24,-1.05,43.67,77.34,2.11,True
1961,281.97,231.19,1.27,13.33,-0.97,43.62,77.75,2.25,True
1962,282.51,233.12,1.28,13.32,-0.98,43.62,77.7,2.23,True
1963,298.92,291.68,1.38,12.93,-1.31,43.83,75.94,1.65,True
1964,296.23,282.07,1.36,12.99,-1.25,43.8,76.23,1.74,True
1965,311.58,336.84,1.45,12.63,-1.56,43.99,74.58,1.19,True
1966,304.75,312.47,1.41,12.79,-1.42,43.9,75.31,1.44,True
1967,302.54,304.6,1.4,12.84,-1.38,43.88,75.55,1.52,True
1968,293.27,271.49,1.34,13.07,-1.2,43.76,76.54,1.85,True
1969,307.52,322.33,1.43,12.73,-1.48,43.94,75.02,1.34,True
1970,293.47,272.24,1.34,13.06,-1.2,43.76,76.52,1.84,True
1971,286.41,247.06,1.3,13.23,-1.06,43.67,77.28,2.09,True
1972,315.37,350.36,1.47,12.54,-1.63,44.04,74.17,1.06,True
1973,279.62,222.83,1.26,13.39,-0.93,43.59,78.0,2.33,True
1974,314.31,346.56,1.47,12.56,-1.61,44.02,74.29,1.1,True
1975,290.42,261.35,1.32,13.13,-1.14,43.72,76.85,1.95,True
1976,313.41,343.35,1.46,12.59,-1.6,44.01,74.39,1.13,True
1977,277.23,214.31,1.24,13.45,-0.88,43.56,78.26,2.42,True
1978,287.54,251.06,1.31,13.2,-1.08,43.69,77.16,2.05,True
1979,285.41,243.48,1.29,13.25,-1.04,43.66,77.38,2.13,True
1980,307.38,321.86,1.43,12.73,-1.48,43.94,75.03,1.34,True
1981,309.77,330.37,1.44,12.67,-1.52,43.97,74.77,1.26,True
1982,313.35,343.13,1.46,12.59,-1.59,44.01,74.39,1.13,True
1983,288.15,253.23,1.31,13.19,-1.09,43.69,77.09,2.03,True
1984,288.62,254.91,1.31,13.18,-1.1,43.7,77.04,2.01,True
1985,283.03,234.99,1.28,13.31,-0.99,43.63,77.64,2.21,True
1986,311.42,336.26,1.45,12.63,-1.56,43.99,74.6,1.2,True
1987,299.92,295.23,1.38,12.91,-1.33,43.84,75.83,1.61,True
1988,307.75,323.17,1.43,12.72,-1.48,43.94,74.99,1.33,True
1989,280.5,225.96,1.26,13.37,-0.94,43.6,77.91,2.3,True
1990,275.42,207.83,1.23,13.49,-0.84,43.53,78.45,2.48,True
1991,275.69,208.8,1.24,13.48,-0.85,43.54,78.43,2.48,True
1992,291.56,265.4,1.33,13.11,-1.16,43.74,76.73,1.91,True
1993,313.05,342.09,1.46,12.59,-1.59,44.01,74.42,1.14,True
1994,292.66,269.34,1.34,13.08,-1.18,43.75,76.61,1.87,True
1995,306.53,318.8,1.42,12.75,-1.46,43.93,75.12,1.37,True
1996,278.38,218.4,1.25,13.42,-0.9,43.57,78.14,2.38,True
1997,302.81,305.53,1.4,12.84,-1.39,43.88,75.52,1.51,True
1998,302.03,302.75,1.39,12.86,-1.37,43.87,75.6,1.53,True
1999,281.36,229.01,1.27,13.35,-0.96,43.61,77.82,2.27,True
2000,285.22,242.78,1.29,13.26,-1.04,43.66,77.41,2.14,True
2001,315.56,351.02,1.48,12.53,-1.64,44.04,74.15,1.05,True
2002,279.47,222.28,1.26,13.39,-0.92,43.59,78.02,2.34,True
2003,314.7,347.95,1.47,12.55,-1.62,44.03,74.25,1.08,True
2004,275.9,209.53,1.24,13.48,-0.85,43.54,78.4,2.47,True
2005,311.71,337.31,1.45,12.63,-1.56,43.99,74.57,1.19,True
2006,276.64,212.19,1.24,13.46,-0.87,43.55,78.32,2.44,True
2007,276.17,210.5,1.24,13.47,-0.86,43.54,78.37,2.46,True
2008,302.79,305.48,1.4,12.84,-1.38,43.88,75.52,1.51,True
2009,277.33,214.65,1.25,13.44,-0.88,43.56,78.25,2.42,True
2010,312.66,340.67,1.46,12.6,-1.58,44.0,74.47,1.16,True
2011,282.06,231.51,1.27,13.33,-0.97,43.62,77.74,2.25,True
2012,280.09,224.49,1.26,13.38,-0.93,43.59,77.95,2.32,True
2013,298.94,291.75,1.38,12.93,-1.31,43.83,75.93,1.64,True
2014,297.94,288.17,1.37,12.95,-1.29,43.82,76.04,1.68,True
2015,302.41,304.12,1.4,12.85,-1.38,43.87,75.56,1.52,True
2016,309.36,328.92,1.44,12.68,-1.52,43.96,74.82,1.27,True
2017,285.33,243.18,1.29,13.25,-1.04,43.66,77.39,2.13,True
2018,283.36,236.16,1.28,13.3,-1.0,43.63,77.6,2.2,True
2019,294.86,277.17,1.35,13.03,-1.23,43.78,76.37,1.79,True
2020,307.61,322.67,1.43,12.72,-1.48,43.94,75.01,1.34,True
2021,307.21,321.25,1.43,12.73,-1.47,43.94,75.05,1.35,True
2022,283.11,235.28,1.28,13.31,-0.99,43.63,77.63,2.21,True
2023,288.86,255.79,1.31,13.17,-1.11,43.7,77.01,2.0,True
2024,307.35,321.74,1.43,12.73,-1.48,43.94,75.03,1.34,True
2025,298.5,290.16,1.37,12.94,-1.3,43.83,75.98,1.66,True
2026,310.82,334.13,1.45,12.65,-1.54,43.98,74.66,1.22,True
2027,298.59,290.5,1.37,12.94,-1.3,43.83,75.97,1.66,True
2028,287.97,252.61,1.31,13.19,-1.09,43.69,77.11,2.04,True
2029,310.38,332.56,1.44,12.66,-1.54,43.97,74.71,1.24,True
2030,305.55,315.32,1.42,12.77,-1.44,43.91,75.23,1.41,True
2031,288.05,252.89,1.31,13.19,-1.09,43.69,77.1,2.03,True
2032,283.08,235.16,1.28,13.31,-0.99,43.63,77.63,2.21,True
2033,303.02,306.31,1.4,12.83,-1.39,43.88,75.5,1.5,True
2034,286.41,247.03,1.3,13.23,-1.06,43.67,77.28,2.09,True
2035,286.55,247.53,1.3,13.23,-1.06,43.67,77.26,2.09,True
2036,288.23,253.55,1.31,13.18,-1.1,43.7,77.08,2.03,True
2037,307.96,323.91,1.43,12.72,-1.49,43.94,74.97,1.32,True
2038,288.75,255.4,1.31,13.17,-1.11,43.7,77.03,2.01,True
2039,301.17,299.71,1.39,12.88,-1.35,43.86,75.7,1.57,True
2040,304.14,310.3,1.41,12.81,-1.41,43.9,75.38,1.46,True
2041,287.65,251.44,1.31,13.2,-1.08,43.69,77.15,2.05,True
2042,301.9,302.31,1.39,12.86,-1.37,43.87,75.62,1.54,True
2043,284.87,241.56,1.29,13.26,-1.03,43.65,77.44,2.15,True
2044,290.98,263.35,1.33,13.12,-1.15,43.73,76.79,1.93,True
2045,292.18,267.62,1.33,13.09,-1.17,43.75,76.66,1.89,True
2046,304.03,309.9,1.41,12.81,-1.41,43.89,75.39,1.46,True
2047,299.54,293.88,1.38,12.92,-1.32,43.84,75.87,1.62,True
2048,292.16,267.55,1.33,13.09,-1.17,43.75,76.66,1.89,True
2049,298.6,290.54,1.37,12.94,-1.3,43.83,75.97,1.66,True
2050,315.68,351.44,1.48,12.53,-1.64,44.04,74.14,1.05,True
2051,290.95,263.22,1.33,13.12,-1.15,43.73,76.79,1.93,True
2052,283.33,236.05,1.28,13.3,-1.0,43.63,77.61,2.2,True
2053,299.34,293.16,1.38,12.92,-1.32,43.84,75.89,1.63,True
2054,310.93,334.51,1.45,12.64,-1.55,43.98,74.65,1.22,True
2055,276.69,212.38,1.24,13.46,-0.87,43.55,78.32,2.44,True
2056,297.39,286.21,1.37,12.97,-1.28,43.81,76.1,1.7,True
2057,280.58,226.25,1.27,13.37,-0.94,43.6,77.9,2.3,True
2058,305.39,314.76,1.41,12.78,-1.44,43.91,75.24,1.41,True
2059,289.13,256.74,1.32,13.16,-1.11,43.71,76.99,2.0,True
2060,280.79,227.0,1.27,13.36,-0.95,43.6,77.88,2.29,True
2061,312.5,340.11,1.46,12.61,-1.58,44.0,74.48,1.16,True
2062,284.1,238.78,1.29,13.28,-1.01,43.64,77.53,2.18,True
2063,294.86,277.18,1.35,13.03,-1.23,43.78,76.37,1.79,True
2064,304.61,311.96,1.41,12.8,-1.42,43.9,75.33,1.44,True
2065,277.91,216.73,1.25,13.43,-0.89,43.57,78.19,2.4,True
2066,276.74,212.56,1.24,13.46,-0.87,43.55,78.31,2.44,True
2067,302.72,305.21,1.4,12.84,-1.38,43.88,75.53,1.51,True
2068,286.22,246.37,1.3,13.23,-1.06,43.67,77.3,2.1,True
2069,310.85,334.24,1.45,12.65,-1.54,43.98,74.66,1.22,True
2070,295.02,277.77,1.35,13.02,-1.23,43.78,76.35,1.78,True
2071,278.42,218.55,1.25,13.42,-0.9,43.57,78.13,2.38,True
2072,313.14,342.39,1.46,12.59,-1.59,44.01,74.41,1.14,True
2073,309.78,330.4,1.44,12.67,-1.52,43.97,74.77,1.26,True
2074,301.17,299.68,1.39,12.88,-1.35,43.86,75.7,1.57,True
2075,290.17,260.45,1.32,13.14,-1.13,43.72,76.87,1.96,True
2076,305.28,314.34,1.41,12.78,-1.43,43.91,75.26,1.42,True
2077,278.16,217.61,1.25,13.42,-0.9,43.57,78.16,2.39,True
2078,292.63,269.22,1.34,13.08,-1.18,43.75,76.61,1.87,True
2079,304.71,312.31,1.41,12.79,-1.42,43.9,75.32,1.44,True
2080,310.95,334.59,1.45,12.64,-1.55,43.98,74.65,1.22,True
2081,316.42,354.12,1.48,12.51,-1.66,44.05,74.06,1.02,True
2082,295.14,278.2,1.35,13.02,-1.23,43.78,76.34,1.78,True
2083,300.57,297.55,1.39,12.89,-1.34,43.85,75.76,1.59,True
2084,289.35,257.54,1.32,13.16,-1.12,43.71,76.96,1.99,True
2085,297.63,287.07,1.37,12.96,-1.28,43.81,76.08,1.69,True
2086,307.98,323.98,1.43,12.71,-1.49,43.94,74.97,1.32,True
2087,289.72,258.85,1.32,13.15,-1.13,43.71,76.92,1.97,True
2088,275.58,208.39,1.23,13.49,-0.84,43.54,78.44,2.48,True
2089,276.54,211.83,1.24,13.46,-0.86,43.55,78.33,2.44,True
2090,291.78,266.18,1.33,13.1,-1.17,43.74,76.7,1.9,True
2091,310.8,334.03,1.45,12.65,-1.54,43.98,74.66,1.22,True
2092,308.34,325.26,1.43,12.71,-1.49,43.95,74.93,1.31,True
2093,305.0,313.37,1.41,12.79,-1.43,43.91,75.29,1.43,True
2094,280.84,227.18,1.27,13.36,-0.95,43.6,77.87,2.29,True
2095,287.83,252.11,1.31,13.19,-1.09,43.69,77.13,2.04,True
2096,291.66,265.78,1.33,13.1,-1.16,43.74,76.71,1.9,True
2097,296.93,284.57,1.36,12.98,-1.27,43.81,76.15,1.72,True
2098,301.57,301.12,1.39,12.87,-1.36,43.86,75.65,1.55,True
2099,296.83,284.21,1.36,12.98,-1.27,43.8,76.16,1.72,True
2100,314.01,345.49,1.47,12.57,-1.61,44.02,74.32,1.11,True
2101,275.49,208.09,1.23,13.49,-0.84,43.54,78.45,2.48,True
2102,303.01,306.27,1.4,12.83,-1.39,43.88,75.5,1.5,True
2103,290.41,261.31,1.32,13.13,-1.14,43.72,76.85,1.95,True
2104,298.57,290.41,1.37,12.94,-1.3,43.83,75.97,1.66,True
2105,314.94,348.81,1.47,12.55,-1.63,44.03,74.22,1.07,True
2106,296.6,283.39,1.36,12.99,-1.26,43.8,76.19,1.73,True
2107,278.01,217.07,1.25,13.43,-0.89,43.57,78.18,2.39,True
2108,288.38,254.07,1.31,13.18,-1.1,43.7,77.07,2.02,True
2109,312.6,340.47,1.46,12.6,-1.58,44.0,74.47,1.16,True
2110,307.16,321.06,1.43,12.73,-1.47,43.93,75.05,1.35,True
2111,307.04,320.63,1.42,12.74,-1.47,43.93,75.07,1.36,True
2112,295.24,278.55,1.35,13.02,-1.23,43.78,76.33,1.78,True
2113,285.84,244.99,1.3,13.24,-1.05,43.67,77.34,2.11,True
2114,284.9,241.66,1.29,13.26,-1.03,43.65,77.44,2.15,True
2115,305.29,314.38,1.41,12.78,-1.43,43.91,75.26,1.42,True
2116,306.14,317.44,1.42,12.76,-1.45,43.92,75.16,1.39,True
2117,277.64,215.76,1.25,13.44,-0.89,43.56,78.22,2.41,True
2118,300.11,295.93,1.38,12.9,-1.33,43.85,75.81,1.6,True
2119,309.94,330.98,1.44,12.67,-1.53,43.97,74.76,1.25,True
2120,316.3,353.67,1.48,12.52,-1.65,44.05,74.07,1.02,True
2121,278.96,220.48,1.26,13.41,-0.91,43.58,78.08,2.36,True
2122,305.53,315.26,1.42,12.77,-1.44,43.91,75.23,1.41,True
2123,297.54,286.76,1.37,12.96,-1.28,43.81,76.08,1.69,True
2124,310.18,331.85,1.44,12.66,-1.53,43.97,74.73,1.24,True
2125,290.93,263.18,1.33,13.12,-1.15,43.73,76.79,1.93,True
2126,300.29,296.54,1.38,12.9,-1.34,43.85,75.79,1.6,True
