commit_id,label,pred,score_or_proba,feature,value_actual,min,max,operator,threshold
,True,True,0.6422347461844131,asexp,0.995861282812188,0.0,3637.0,>,11.995000004768372
,True,True,0.6422347461844131,ent,1.63477141464668,0.0,6.25828457562083,<,0.7800000011920929
,True,True,0.6422347461844131,arexp,34.0,0.0,2480.61666666637,>,20.0
,True,True,0.6422347461844131,ndev,16.8571428571429,0.0,57.5,<,24.61999988555908
