commit_id,label,pred,score_or_proba,feature,value_actual,min,max,operator,threshold
,True,True,0.9941542201336361,la,1261.0,0.0,8851.0,<,24.0
,True,True,0.9941542201336361,ent,4.569705407963401,0.0,6.25828457562083,<,2.2149999141693115
,True,True,0.9941542201336361,nuc,77.8666666666667,0.0,2540.0,<,9.164999961853027
,True,True,0.9941542201336361,asexp,0.498015385552507,0.0,3637.0,>,3.8299999833107
,True,True,0.9941542201336361,ld,617.0,0.0,9293.0,>,430.5
