commit_id,label,pred,score_or_proba,feature,value_actual,min,max,operator,threshold
,True,True,0.7540722450219505,ent,3.56081356977517,0.0,6.25828457562083,>,2.009999990463257
,True,True,0.7540722450219505,nuc,14.1111111111111,0.0,2540.0,<,111.69499969482422
,True,True,0.7540722450219505,la,86.0,0.0,8851.0,<,9.670000076293944
