commit_id,label,pred,score_or_proba,feature,value_actual,min,max,operator,threshold
,True,True,0.6916206072611295,ent,2.65992048802367,0.0,6.25828457562083,<,1.5850000381469729
,True,True,0.6916206072611295,la,108.0,0.0,8851.0,<,5.5
,True,True,0.6916206072611295,asexp,1.07611836836991,0.0,3637.0,>,5.495000004768372
