commit_id,label,pred,score_or_proba,feature,value_actual,min,max,operator,threshold
,True,True,0.8198823494418913,ent,2.6205398098295696,0.0,6.25828457562083,<,1.9900000095367432
,True,True,0.8198823494418913,la,437.0,0.0,8851.0,<,32.5
,True,True,0.8198823494418913,age,111.727272727273,0.0,918.0,>,75.76499938964844
,True,True,0.8198823494418913,ld,113.0,0.0,9293.0,>,324.5
