commit_id,label,pred,score_or_proba,feature,value_actual,min,max,operator,threshold
,True,True,0.506685480522136,ld,56.0,0.0,9293.0,>,0.5
,True,True,0.506685480522136,ent,1.8140399660466104,0.0,6.25828457562083,<,0.7849999964237213
,True,True,0.506685480522136,ndev,28.1666666666667,0.0,57.5,>,31.665000915527344
