commit_id,label,pred,score_or_proba,feature,value_actual,min,max,operator,threshold
,True,True,0.741681887941544,ent,3.35226386979527,0.0,6.25828457562083,<,1.975000023841858
,True,True,0.741681887941544,nuc,438.5,0.0,2540.0,<,214.19499969482425
,True,True,0.741681887941544,la,75.0,0.0,8851.0,<,86.0
,True,True,0.741681887941544,age,100.5,0.0,918.0,>,85.58499908447266
