commit_id,label,pred,score_or_proba,feature,value_actual,min,max,operator,threshold
,True,True,0.6679122266316758,ndev,27.5714285714286,0.0,57.5,>,29.390000343322757
,True,True,0.6679122266316758,asexp,0.7138666491518859,0.0,3637.0,>,0.5900000035762787
,True,True,0.6679122266316758,ent,1.8694807450413105,0.0,6.25828457562083,<,0.6050000041723251
