commit_id,label,pred,score_or_proba,feature,value_actual,min,max,operator,threshold
,True,True,0.97983333619601,age,143.15,0.0,918.0,>,81.32500076293945
,True,True,0.97983333619601,la,1177.0,0.0,8851.0,<,63.51999855041504
,True,True,0.97983333619601,ent,3.21997470540698,0.0,6.25828457562083,<,2.3000000715255737
