commit_id,label,pred,score_or_proba,feature,value_actual,min,max,operator,threshold
,True,True,0.6551152600417294,arexp,894.466666666667,0.0,2480.61666666637,<,993.8200073242188
,True,True,0.6551152600417294,ndev,38.5,0.0,57.5,>,32.665000915527344
,True,True,0.6551152600417294,ent,1.64544533151214,0.0,6.25828457562083,<,0.6449999958276749
