commit_id,label,pred,score_or_proba,feature,value_actual,min,max,operator,threshold
,True,True,0.6112558321456754,ndev,4.28571428571429,0.0,57.5,>,4.194999933242798
,True,True,0.6112558321456754,la,15.0,0.0,8851.0,<,29.22000026702881
,True,True,0.6112558321456754,ent,2.80100277986112,0.0,6.25828457562083,>,1.625
