commit_id,label,pred,score_or_proba,feature,value_actual,min,max,operator,threshold
,True,True,0.9908562181186429,arexp,2.5,0.0,2480.61666666637,>,80.10499954223633
,True,True,0.9908562181186429,ent,3.36127831266844,0.0,6.25828457562083,<,1.5950000286102295
,True,True,0.9908562181186429,asexp,0.7592592592592591,0.0,3637.0,>,0.3649999946355819
,True,True,0.9908562181186429,la,1315.0,0.0,8851.0,<,61.86499977111816
