commit_id,label,pred,score_or_proba,feature,value_actual,min,max,operator,threshold
,True,True,0.9999925089100248,age,158.925925925926,0.0,918.0,>,110.63000106811523
,True,True,0.9999925089100248,la,3445.0,0.0,8851.0,<,11.5
,True,True,0.9999925089100248,ent,4.7991906834428,0.0,6.25828457562083,<,0.9849999845027924
,True,True,0.9999925089100248,ndev,3.61728395061728,0.0,57.5,>,0.3650000095367431
,True,True,0.9999925089100248,nuc,149.827160493827,0.0,2540.0,<,3.3350000381469727
