feature,value,importance,min,max,rule,importance_ratio
aexp,322,0.31434722876180765,0.0,418.0,aexp > 173.5744038495336,0.5205529241339334
age,10.2068965517241,0.11384736986247154,0.0,536.25,age <= 91.7448502777025,0.1885290400691688
ld,464,0.09337122943544934,0.0,6893.0,56.843026768805146 < ld <= 5592.8753493851755,0.15462094800089068
la,170,0.06514399063662264,0.0,8385.0,70.36227779601131 < la <= 363.9600190460562,0.10787718711318119
nuc,25.862068965517203,0.011715765453278692,0.0,593.0,0.17534634080693934 < nuc <= 49.010820163721846,0.01940108073862719
