feature,value,importance,min,max,rule,importance_ratio
age,5.6,0.11876383040587406,0.0,536.25,age <= 91.7448502777025,0.4738885421887362
la,211,0.06680448569003115,0.0,8385.0,70.36227779601131 < la <= 363.9600190460562,0.26656163098753805
ld,8,-0.029940404685456175,0.0,6893.0,2.401405894888768 < ld <= 19.414412417987634,0.11946747322347963
aexp,69,-0.0190365666733366,0.0,418.0,46.526175674707815 < aexp <= 72.83793890618061,0.07595924447936947
nuc,260.2,-0.011878417930796269,0.0,593.0,122.26403089809419 < nuc <= 329.2334199571145,0.04739697378820123
