feature,value,importance,min,max,rule,importance_ratio
aexp,604,0.323727497840744,0.0,418.0,aexp > 173.5744038495336,0.47697270254042895
la,19,-0.18613583054631883,0.0,8385.0,8.552227006528142 < la <= 31.73099605258426,0.274248282050358
age,112.0,-0.08593383117480417,0.0,536.25,98.64853560228445 < age <= 151.75380732983808,0.12661294443162557
nuc,573.0,-0.04899770773474316,0.0,593.0,nuc > 569.9225409414807,0.07219210364398376
ld,15,-0.031064913589636804,0.0,6893.0,2.401405894888768 < ld <= 19.414412417987634,0.045770334271459275
