feature,value,importance,min,max,rule,importance_ratio
aexp,480,0.3239565376245165,0.0,418.0,aexp > 173.5744038495336,0.4501409078780586
la,6,-0.18682778015252638,0.0,8385.0,0.8259706578427313 < la <= 8.552227006528142,0.2595991029888576
age,8.5,0.11447946413818741,0.0,536.25,age <= 91.7448502777025,0.15907038116417221
nuc,701.5,-0.05611515221792357,0.0,593.0,nuc > 569.9225409414807,0.07797257542729076
ld,0,-0.03516823097954131,0.0,6893.0,ld <= -1.0011954097309967,0.04886661506410036
