feature,value,importance,min,max,rule,importance_ratio
aexp,534,0.3189980090440862,0.0,418.0,aexp > 173.5744038495336,0.5833791424679867
age,65.14285714285711,0.11580204729988525,0.0,536.25,age <= 91.7448502777025,0.21177718084286803
la,163,0.06566646906239779,0.0,8385.0,70.36227779601131 < la <= 363.9600190460562,0.12008992948049368
ld,16,-0.03015498097097679,0.0,6893.0,2.401405894888768 < ld <= 19.414412417987634,0.05514701170926642
nuc,214.57142857142892,-0.010523052683743065,0.0,593.0,122.26403089809419 < nuc <= 329.2334199571145,0.01924441305819894
