commit_id,label,pred,score_or_proba,feature,value_actual,min,max,operator,threshold
,True,True,0.9994673351269838,ent,3.86188154987747,0.0,6.25828457562083,<,1.790000021457672
,True,True,0.9994673351269838,nuc,33.037037037037,0.0,2540.0,<,46.875
,True,True,0.9994673351269838,la,2169.0,0.0,8851.0,<,180.0
,True,True,0.9994673351269838,arexp,114.666666666666,0.0,2480.61666666637,>,150.0
,True,True,0.9994673351269838,asexp,0.583612047984674,0.0,3637.0,>,14.0
