commit_id,label,pred,score_or_proba,feature,value_actual,min,max,operator,threshold
,True,True,0.730176029450066,la,282.0,0.0,8851.0,<,-2.7549999952316284
,True,True,0.730176029450066,ndev,5.66666666666667,0.0,57.5,>,3.309999942779541
,True,True,0.730176029450066,ld,85.0,0.0,9293.0,>,1.995000004768372
,True,True,0.730176029450066,ent,2.20984699000684,0.0,6.25828457562083,<,1.6200000047683716
