commit_id,label,pred,score_or_proba,feature,value_actual,min,max,operator,threshold
,True,True,0.8885131973232266,ent,2.9735453989960496,0.0,6.25828457562083,<,1.6100000143051147
,True,True,0.8885131973232266,la,540.0,0.0,8851.0,<,97.0
,True,True,0.8885131973232266,nuc,407.666666666667,0.0,2540.0,<,233.5
,True,True,0.8885131973232266,ld,77.0,0.0,9293.0,>,29.0
,True,True,0.8885131973232266,age,108.066666666667,0.0,918.0,>,139.5900001525879
