commit_id,label,pred,score_or_proba,feature,value_actual,min,max,operator,threshold
,True,True,0.7148400436114624,ndev,17.3333333333333,0.0,57.5,>,17.585000038146973
,True,True,0.7148400436114624,age,123.916666666667,0.0,918.0,>,46.27999877929688
,True,True,0.7148400436114624,la,398.0,0.0,8851.0,<,10.5
,True,True,0.7148400436114624,ent,1.63562607081103,0.0,6.25828457562083,<,0.8349999785423279
,True,True,0.7148400436114624,nuc,627.916666666667,0.0,2540.0,<,179.4499969482422
