commit_id,label,pred,score_or_proba,feature,value_actual,min,max,operator,threshold
,True,True,0.9481020017216449,la,745.0,0.0,8851.0,<,12.5
,True,True,0.9481020017216449,ent,4.3685149422769305,0.0,6.25828457562083,<,3.7799999713897705
,True,True,0.9481020017216449,ld,1546.0,0.0,9293.0,<,1098.0
,True,True,0.9481020017216449,nuc,140.463414634146,0.0,2540.0,>,699.5
