commit_id,label,pred,score_or_proba,feature,value_actual,min,max,operator,threshold
,True,True,0.6013270215818003,asexp,0.8020499092808672,0.0,3637.0,>,87.5
,True,True,0.6013270215818003,ent,2.74319639852884,0.0,6.25828457562083,<,2.194999992847442
