commit_id,label,pred,score_or_proba,feature,value_actual,min,max,operator,threshold
,True,True,0.9539271985056894,la,1068.0,0.0,8851.0,<,111.51499938964844
,True,True,0.9539271985056894,nuc,478.0,0.0,2540.0,<,455.7949981689453
,True,True,0.9539271985056894,ent,2.74970496018338,0.0,6.25828457562083,<,1.774999976158142
,True,True,0.9539271985056894,ndev,20.3333333333333,0.0,57.5,<,15.244999885559082
