commit_id,label,pred,score_or_proba,feature,value_actual,min,max,operator,threshold
,True,True,0.9502012501007986,asexp,0.451974294289122,0.0,3637.0,<,44.0
,True,True,0.9502012501007986,ent,3.2048078289551603,0.0,6.25828457562083,<,1.4800000190734863
,True,True,0.9502012501007986,la,859.0,0.0,8851.0,<,12.0
