commit_id,label,pred,score_or_proba,feature,value_actual,min,max,operator,threshold
,True,True,0.6657134350281314,ent,2.83806941650001,0.0,6.25828457562083,<,0.7699999809265137
,True,True,0.6657134350281314,la,165.0,0.0,8851.0,<,12.0
,True,True,0.6657134350281314,ndev,19.0625,0.0,57.5,>,6.079999923706055
,True,True,0.6657134350281314,asexp,0.8509190901805991,0.0,3637.0,>,82.99500000476837
