feature,value,importance,min,max,rule,importance_ratio
la,393.0,0.3385349666256164,0.0,5956.0,165.96883678608913 < la <= 871.1234134540887,0.45787638866024016
ns,3.0,0.19655185306745176,1.0,9.0,2.4958440955958925 < ns <= 6.503048404494037,0.26584093679909127
nuc,71.9375,-0.1203397278344177,0.0,209.0,70.07905039701288 < nuc <= 135.51259775732092,0.1627622710362882
age,33.625,0.03825585249400091,0.0,829.533333333333,6.825997486629916 < age <= 98.2860137036514,0.051741927162411286
aexp,8.0,0.035551674909715385,0.0,403.0,6.128482956425856 < aexp <= 259.48003416260264,0.048084464304348755
