feature,value,importance,min,max,rule,importance_ratio
la,571.0,0.34449481081708005,0.0,5956.0,165.96883678608913 < la <= 871.1234134540887,0.518743921299117
ns,2.0,0.11501767844362688,1.0,9.0,1.4964454190361633 < ns <= 2.4958440955958925,0.17319483388749418
nuc,52.125,0.06292569032216072,0.0,209.0,9.185789996399661 < nuc <= 67.67536906540971,0.09475416849023009
asexp,1.15951012159542,0.0557495063275118,0.0,197.0,1.1438006319502207 < asexp <= 115.31620119105196,0.08394819490671283
aexp,360.0,-0.043598546033708746,0.0,403.0,aexp > 312.2223645252268,0.06565115067720147
