feature,value,importance,min,max,rule,importance_ratio
la,198.0,0.3384520617092936,0.0,5956.0,165.96883678608913 < la <= 871.1234134540887,0.457764128094265
ns,3.0,0.19638346327846054,1.0,9.0,2.4958440955958925 < ns <= 6.503048404494037,0.2656131104233368
nuc,72.5714285714286,-0.1207519580200952,0.0,209.0,70.07905039701288 < nuc <= 135.51259775732092,0.16331977562666547
age,37.9523809523809,0.03822444692117575,0.0,829.533333333333,6.825997486629916 < age <= 98.2860137036514,0.05169943574398103
aexp,42.0,0.03551534913201009,0.0,403.0,6.128482956425856 < aexp <= 259.48003416260264,0.04803531923331046
