feature,value,importance,min,max,rule,importance_ratio
la,205.0,0.3443787534649849,0.0,5956.0,165.96883678608913 < la <= 871.1234134540887,0.5687466265653885
ns,2.0,0.11776295733628411,1.0,9.0,1.4964454190361633 < ns <= 2.4958440955958925,0.19448727322890827
nuc,13.2352941176471,0.06260756461858578,0.0,209.0,9.185789996399661 < nuc <= 67.67536906540971,0.10339732290690143
age,71.0588235294118,0.03978925454270659,0.0,829.533333333333,6.825997486629916 < age <= 98.2860137036514,0.06571254488560331
aexp,6.0,-0.027721778618514183,0.0,403.0,2.3611736448098384 < aexp <= 6.128482956425856,0.045782929152961095
