feature,value,importance,min,max,rule,importance_ratio
la,248,0.463603983780383,0.0,5956.0,165.96883678608913 < la <= 871.1234134540887,0.9070372140340255
ns,5,-0.01612325509734383,1.0,9.0,2.4958440955958925 < ns <= 6.503048404494037,0.031545010173127566
nuc,63.4444444444444,-0.014079584557156055,0.0,209.0,9.185789996399661 < nuc <= 67.67536906540971,0.027546586307008562
asexp,0.0,0.009877736039516655,0.0,197.0,asexp <= -0.15854614248820553,0.019325705756857624
age,37.8888888888889,0.00408278028625853,0.0,829.533333333333,6.825997486629916 < age <= 98.2860137036514,0.007987924577704367
