feature,value,importance,min,max,rule,importance_ratio
la,356,0.46350441162939293,0.0,5956.0,165.96883678608913 < la <= 871.1234134540887,0.9065559793345874
nuc,47.53846153846151,-0.01405606642766474,0.0,209.0,9.185789996399661 < nuc <= 67.67536906540971,0.02749188733960166
aexp,90,0.014014315371689777,0.0,403.0,6.128482956425856 < aexp <= 259.48003416260264,0.027410227557109885
asexp,74.0,-0.010871775113927265,0.0,197.0,1.1438006319502207 < asexp <= 115.31620119105196,0.02126381645616838
age,70.07692307692311,0.004523946083534757,0.0,829.533333333333,6.825997486629916 < age <= 98.2860137036514,0.00884826609912605
