feature,value,importance,min,max,rule,importance_ratio
la,434,0.46202019804558464,0.0,5956.0,165.96883678608913 < la <= 871.1234134540887,0.8631432968203155
age,118.368421052632,-0.026913328536932825,0.0,829.533333333333,98.2860137036514 < age <= 143.09528339386998,0.05027931510363214
asexp,0.5,0.023965941163346847,0.0,197.0,-0.15854614248820553 < asexp <= 1.1438006319502207,0.04477302411158212
nuc,29.368421052631607,-0.013955709313085407,0.0,209.0,9.185789996399661 < nuc <= 67.67536906540971,0.02607197043964307
ns,2,0.006396489567079147,1.0,9.0,1.4964454190361633 < ns <= 2.4958440955958925,0.011949882529725933
