feature,value,importance,min,max,rule,importance_ratio
la,387,0.4634968993480688,0.0,5956.0,165.96883678608913 < la <= 871.1234134540887,0.90655845707694
nuc,41.7857142857143,-0.014059288876834348,0.0,209.0,9.185789996399661 < nuc <= 67.67536906540971,0.027498710886112075
aexp,108,0.014011581400597287,0.0,403.0,6.128482956425856 < aexp <= 259.48003416260264,0.02740539933190462
asexp,88.0,-0.010875277157187809,0.0,197.0,1.1438006319502207 < asexp <= 115.31620119105196,0.021271068897702538
age,38.4285714285714,0.004520711396717988,0.0,829.533333333333,6.825997486629916 < age <= 98.2860137036514,0.008842106936342492
