feature,value,importance,min,max,rule,importance_ratio
la,755.0,0.36892148651113715,0.0,8851.0,la > 127.55870158356693,0.5957918669157376
ent,5.70202988189291,0.10987751973797334,0.0,6.25828457562083,ent > 3.1894578523081085,0.17744732960892937
ld,1029.0,-0.054491022708838294,0.0,9293.0,ld > 956.0803284937488,0.08800058911414622
ndev,0.708333333333333,0.035314886762959234,0.0,57.5,ndev <= 0.8166074618246695,0.0570319785746233
age,62.875,0.03289677334726604,0.0,918.0,6.104315757675584 < age <= 152.17610991761703,0.05312683246894548
