feature,value,importance,min,max,rule,importance_ratio
la,150.0,0.37356619009213243,0.0,8851.0,la > 127.55870158356693,0.5656954065520748
nuc,847.428571428571,0.09769735491047446,0.0,2540.0,nuc > 651.0101726634492,0.14794418330928916
ndev,16.8571428571429,-0.05133888885561647,0.0,57.5,ndev > 3.975725636739302,0.07774304627500442
ld,52.0,0.04230984971720342,0.0,9293.0,49.90409840300467 < ld <= 956.0803284937488,0.06407027260959465
age,39.8571428571429,0.0361132915720642,0.0,918.0,6.104315757675584 < age <= 152.17610991761703,0.054686756188385394
