feature,value,importance,min,max,rule,importance_ratio
la,229,0.47467646585236123,0.0,8851.0,la > 127.55870158356693,0.7589858160121277
ld,242,0.04659644750318872,0.0,9293.0,49.90409840300467 < ld <= 956.0803284937488,0.07450557437678798
asexp,0.0010376573272888,0.035349906767169655,0.0,3637.0,asexp <= -0.6613834552044295,0.05652287350175448
arexp,712.166666666678,-0.024265546810723976,0.0,2480.61666666637,530.7095285027044 < arexp <= 722.7612861410488,0.038799492226872116
age,0.119047619047619,-0.01866253614222144,0.0,918.0,-0.000177132590621909 < age <= 0.8718932803045476,0.029840536116162508
