feature,value,importance,min,max,rule,importance_ratio
la,288,0.47351731599834906,0.0,8851.0,la > 127.55870158356693,0.7165128118745598
arexp,724.166666666678,0.05603384623584389,0.0,2480.61666666637,722.7612861410488 < arexp <= 1250.903619646496,0.08478880786427503
ld,141,0.04753570255151643,0.0,9293.0,49.90409840300467 < ld <= 956.0803284937488,0.07192966075128386
asexp,0.0010376573272888,0.036319987066003215,0.0,3637.0,asexp <= -0.6613834552044295,0.05495836198733721
nuc,40.3076923076923,-0.032457243247078105,0.0,2540.0,16.979309426715872 < nuc <= 47.171255295131715,0.04911336890738244
