feature,value,importance,min,max,rule,importance_ratio
la,420.0,0.3767039124502978,0.0,8851.0,la > 127.55870158356693,0.5905348844675308
nuc,1416.0,0.09737711954813756,0.0,2540.0,nuc > 651.0101726634492,0.15265194796650136
ndev,38.0,-0.04864472827068529,0.0,57.5,ndev > 3.975725636739302,0.07625726210920021
ent,0.150633715078446,-0.04048073678925038,0.0,6.25828457562083,0.03279585470338198 < ent <= 0.9973314650826041,0.06345908930838234
arexp,37.0,-0.02702138171016299,0.0,2480.61666666637,26.57366470205011 < arexp <= 346.65992743262416,0.042359710103806056
