feature,value,importance,min,max,rule,importance_ratio
la,184.0,0.37152613688394487,0.0,8851.0,la > 127.55870158356693,0.5731977963296491
ent,2.35237458846875,0.10530149737484819,0.0,6.25828457562083,2.005709603206336 < ent <= 3.1894578523081085,0.16246121134764138
ndev,4.28571428571429,-0.054270298931629185,0.0,57.5,ndev > 3.975725636739302,0.08372927949206
ld,133.0,0.03873934713743791,0.0,9293.0,49.90409840300467 < ld <= 956.0803284937488,0.05976782305726467
nuc,78.0,-0.03625445805837117,0.0,2540.0,47.171255295131715 < nuc <= 98.92887678384466,0.05593408754624303
