feature,value,importance,min,max,rule,importance_ratio
la,204.0,0.37270461073232614,0.0,8851.0,la > 127.55870158356693,0.6162392857845498
nuc,605.375,0.0797484522931769,0.0,2540.0,98.92887678384466 < nuc <= 651.0101726634492,0.13185811999214986
ndev,16.125,-0.053785938753402665,0.0,57.5,ndev > 3.975725636739302,0.08893103956380327
age,22.25,0.03337393909594913,0.0,918.0,6.104315757675584 < age <= 152.17610991761703,0.05518132000538987
arexp,152.5,-0.02814875340198657,0.0,2480.61666666637,26.57366470205011 < arexp <= 346.65992743262416,0.046541865039130575
