feature,value,importance,min,max,rule,importance_ratio
la,621,0.47489103355038764,0.0,8851.0,la > 127.55870158356693,0.6627910464262544
nuc,167.714285714286,0.07995841091126366,0.0,2540.0,98.92887678384466 < nuc <= 651.0101726634492,0.11159553475299265
arexp,175.5,-0.0714320522320682,0.0,2480.61666666637,26.57366470205011 < arexp <= 346.65992743262416,0.09969555393225575
ld,59,0.04438162544609447,0.0,9293.0,49.90409840300467 < ld <= 956.0803284937488,0.06194209175017813
asexp,1.07611836836991,0.031031220120484232,0.0,3637.0,-0.6613834552044295 < asexp <= -0.6613834552044295,0.04330933498949066
