feature,value,importance,min,max,rule,importance_ratio
la,601.0,0.3726970244858369,0.0,8851.0,la > 127.55870158356693,0.6880607759629693
ld,69.0,0.04099792684546342,0.0,9293.0,49.90409840300467 < ld <= 956.0803284937488,0.07568900072942386
nuc,59.5555555555556,-0.0378962418047638,0.0,2540.0,47.171255295131715 < nuc <= 98.92887678384466,0.069962773591333
age,48.8888888888889,0.03454352015053514,0.0,918.0,6.104315757675584 < age <= 152.17610991761703,0.06377309105716485
ent,1.65756673832088,0.024370541666601016,0.0,6.25828457562083,0.9973314650826041 < ent <= 2.005709603206336,0.04499207857345423
