feature,value,importance,min,max,rule,importance_ratio
nuc,1069.6,0.08653811843247437,0.0,2540.0,nuc > 651.0101726634492,0.2725632168802786
la,127.0,0.07298432673888779,0.0,8851.0,63.87907576461171 < la <= 127.55870158356693,0.2298737624312338
ndev,29.4,-0.055482251986209194,0.0,57.5,ndev > 3.975725636739302,0.17474866977750872
age,29.2,0.033617016301469904,0.0,918.0,6.104315757675584 < age <= 152.17610991761703,0.10588122634299126
arexp,22.5,-0.031093381466787855,0.0,2480.61666666637,arexp <= 26.57366470205011,0.09793270560748672
