feature,value,importance,min,max,rule,importance_ratio
la,149.0,0.3738578568724461,0.0,8851.0,la > 127.55870158356693,0.6474653701662672
nuc,41.0,-0.07262885575012006,0.0,2540.0,16.979309426715872 < nuc <= 47.171255295131715,0.1257822140382298
ld,99.0,0.04108363502503446,0.0,9293.0,49.90409840300467 < ld <= 956.0803284937488,0.071150653838834
age,41.22222222222221,0.032918032632728834,0.0,918.0,6.104315757675584 < age <= 152.17610991761703,0.057009063182445745
arexp,65.0,-0.028967056098603946,0.0,2480.61666666637,26.57366470205011 < arexp <= 346.65992743262416,0.05016656826850792
