feature,value,importance,min,max,rule,importance_ratio
la,1135.0,0.37368098832544894,0.0,8851.0,la > 127.55870158356693,0.599074763458861
nuc,596.777777777778,0.0785154534548771,0.0,2540.0,98.92887678384466 < nuc <= 651.0101726634492,0.12587374840001286
ndev,17.2222222222222,-0.051162424500091785,0.0,57.5,ndev > 3.975725636739302,0.08202214807000108
ld,418.0,0.03871026527501393,0.0,9293.0,49.90409840300467 < ld <= 956.0803284937488,0.06205919952465344
arexp,103.0,-0.029504112858048943,0.0,2480.61666666637,26.57366470205011 < arexp <= 346.65992743262416,0.04730015704225612
