feature,value,importance,min,max,rule,importance_ratio
la,184.0,0.36824394977750435,0.0,8851.0,la > 127.55870158356693,0.5139192629560214
ent,4.79517774502212,0.10365908761068952,0.0,6.25828457562083,ent > 3.1894578523081085,0.14466606154905404
nuc,216.473684210526,0.0779103231902199,0.0,2540.0,98.92887678384466 < nuc <= 651.0101726634492,0.10873122530533212
ndev,4.3684210526315805,-0.05384560522061155,0.0,57.5,ndev > 3.975725636739302,0.07514663517246484
ld,96.0,0.038798780599097416,0.0,9293.0,49.90409840300467 < ld <= 956.0803284937488,0.05414736818114209
