feature,value,importance,min,max,rule,importance_ratio
nuc,1236.5,0.08716996329609346,0.0,2540.0,nuc > 651.0101726634492,0.34905071927325426
ndev,42.0,-0.053184466006745514,0.0,57.5,ndev > 3.975725636739302,0.21296413824061364
age,44.25,0.034022761498556264,0.0,918.0,6.104315757675584 < age <= 152.17610991761703,0.1362357964106847
arexp,117.5,-0.03072050685583956,0.0,2480.61666666637,26.57366470205011 < arexp <= 346.65992743262416,0.1230127283413723
ld,37.0,-0.013216475089191056,0.0,9293.0,18.97658201765504 < ld <= 49.90409840300467,0.052922130074430446
