feature,value,importance,min,max,rule,importance_ratio
la,3428.0,0.36937547998460774,0.0,8851.0,la > 127.55870158356693,0.5034778995619891
ent,5.10970059922259,0.11016770868155817,0.0,6.25828457562083,ent > 3.1894578523081085,0.1501642896514392
nuc,108.472972972973,0.07986126838968254,0.0,2540.0,98.92887678384466 < nuc <= 651.0101726634492,0.1088550427518068
ld,1424.0,-0.0677859994734054,0.0,9293.0,ld > 956.0803284937488,0.09239582615500744
age,101.972972972973,0.033067965918113736,0.0,918.0,6.104315757675584 < age <= 152.17610991761703,0.04507334927573732
