feature,value,importance,min,max,rule,importance_ratio
la,889.0,0.36981430447422353,0.0,8851.0,la > 127.55870158356693,0.5093486433805334
ent,3.91897900613076,0.10506942370435896,0.0,6.25828457562083,ent > 3.1894578523081085,0.14471308377504874
nuc,253.9,0.07836649586391446,0.0,2540.0,98.92887678384466 < nuc <= 651.0101726634492,0.10793489562692996
ndev,8.95,-0.05221560284704912,0.0,57.5,ndev > 3.975725636739302,0.07191703011935535
ld,1088.0,-0.0470294607532191,0.0,9293.0,ld > 956.0803284937488,0.06477410890751478
