feature,value,importance,min,max,rule,importance_ratio
la,889,0.47555593470880136,0.0,8851.0,la > 127.55870158356693,0.5819335510766185
ld,1088,-0.14183218107553888,0.0,9293.0,ld > 956.0803284937488,0.17355877356629013
nuc,253.9,0.07943844538180869,0.0,2540.0,98.92887678384466 < nuc <= 651.0101726634492,0.0972081163099117
arexp,114.5,-0.07123892637962803,0.0,2480.61666666637,26.57366470205011 < arexp <= 346.65992743262416,0.0871744381202346
asexp,1.4098538738451103,0.03067931931083829,0.0,3637.0,-0.6613834552044295 < asexp <= -0.6613834552044295,0.037542009105830595
