feature,value,importance,min,max,rule,importance_ratio
la,859.0,0.3730359942034043,0.0,8851.0,la > 127.55870158356693,0.604334798643477
nuc,537.909090909091,0.07968631386038376,0.0,2540.0,98.92887678384466 < nuc <= 651.0101726634492,0.12909535055536056
ndev,16.9090909090909,-0.055211663633725684,0.0,57.5,ndev > 3.975725636739302,0.08944533541893393
age,39.454545454545496,0.03368786632664634,0.0,918.0,6.104315757675584 < age <= 152.17610991761703,0.05457583243868211
arexp,7.5,-0.028228600067561307,0.0,2480.61666666637,arexp <= 26.57366470205011,0.04573157980169309
