feature,value,importance,min,max,rule,importance_ratio
nuc,1171.8,0.08602552517460813,0.0,2540.0,nuc > 651.0101726634492,0.2966218921030435
la,93.0,0.07250136434895588,0.0,8851.0,63.87907576461171 < la <= 127.55870158356693,0.24998966097084802
ndev,37.0,-0.05567333965574928,0.0,57.5,ndev > 3.975725636739302,0.19196548134829777
age,10.4,0.03419991599925287,0.0,918.0,6.104315757675584 < age <= 152.17610991761703,0.11792364850866194
arexp,489.833333333331,-0.01759295322865553,0.0,2480.61666666637,346.65992743262416 < arexp <= 530.7095285027044,0.06066170550859323
