feature,value,importance,min,max,rule,importance_ratio
la,132.0,0.3742080300472131,0.0,8851.0,la > 127.55870158356693,0.6016485052754538
nuc,1093.6,0.09607042083963738,0.0,2540.0,nuc > 651.0101726634492,0.15446120996403803
ndev,38.4,-0.05222460612596193,0.0,57.5,ndev > 3.975725636739302,0.08396627996016011
age,11.6,0.03548475938570365,0.0,918.0,6.104315757675584 < age <= 152.17610991761703,0.05705209597392692
arexp,266.83333333333303,-0.026810226821170523,0.0,2480.61666666637,26.57366470205011 < arexp <= 346.65992743262416,0.04310525589474388
