feature,value,importance,min,max,rule,importance_ratio
la,152,0.47515636781127385,0.0,8851.0,la > 127.55870158356693,0.6963249668247232
nuc,592.6,0.07983107569361389,0.0,2540.0,98.92887678384466 < nuc <= 651.0101726634492,0.11698963730612712
arexp,307.2,-0.07246472343511973,0.0,2480.61666666637,26.57366470205011 < arexp <= 346.65992743262416,0.10619450681962483
asexp,0.5328161789729071,0.030867098419850914,0.0,3637.0,-0.6613834552044295 < asexp <= -0.6613834552044295,0.04523464850567911
ndev,20.0,0.01312838353421389,0.0,57.5,ndev > 3.975725636739302,0.019239184925655184
