feature,value,importance,min,max,rule,importance_ratio
la,745,0.4750767037650389,0.0,8851.0,la > 127.55870158356693,0.5784636166649926
ld,1546,-0.1485167817946179,0.0,9293.0,ld > 956.0803284937488,0.18083722912847758
nuc,140.463414634146,0.07919046568324355,0.0,2540.0,98.92887678384466 < nuc <= 651.0101726634492,0.09642401494637366
arexp,82.3500000000008,-0.07149007914846782,0.0,2480.61666666637,26.57366470205011 < arexp <= 346.65992743262416,0.08704785861346324
asexp,1.48236532994587,0.03032604234328491,0.0,3637.0,-0.6613834552044295 < asexp <= -0.6613834552044295,0.03692564167850332
