feature,value,importance,min,max,rule,importance_ratio
la,202.0,0.3714445686772172,0.0,8851.0,la > 127.55870158356693,0.5417049161669525
ent,2.61511717018913,0.1070380372586877,0.0,6.25828457562083,2.005709603206336 < ent <= 3.1894578523081085,0.15610143717104508
nuc,590.2,0.07919824009823816,0.0,2540.0,98.92887678384466 < nuc <= 651.0101726634492,0.11550061471020698
ndev,22.4,-0.05570123837133622,0.0,57.5,ndev > 3.975725636739302,0.0812332100312949
age,50.9,0.03153151111755203,0.0,918.0,6.104315757675584 < age <= 152.17610991761703,0.04598472027031826
