feature,value,importance,min,max,rule,importance_ratio
la,216,0.47555489789290445,0.0,8851.0,la > 127.55870158356693,0.7425949161884301
arexp,64.0,-0.06887571055910824,0.0,2480.61666666637,26.57366470205011 < arexp <= 346.65992743262416,0.1075517311180714
nuc,1117.4,-0.04313442692867333,0.0,2540.0,nuc > 651.0101726634492,0.0673558537444559
asexp,1.4254120125038,0.033688886126479724,0.0,3637.0,-0.6613834552044295 < asexp <= -0.6613834552044295,0.05260632511708181
ndev,46.0,0.013259508081439546,0.0,57.5,ndev > 3.975725636739302,0.020705166398378348
