feature,value,importance,min,max,rule,importance_ratio
arexp,83.0,-0.07396255117681076,0.0,2480.61666666637,26.57366470205011 < arexp <= 346.65992743262416,0.269965707840437
la,92,0.058927551245215204,0.0,8851.0,63.87907576461171 < la <= 127.55870158356693,0.2150874710255514
nuc,715.875,-0.05557308557201972,0.0,2540.0,nuc > 651.0101726634492,0.20284356264919196
asexp,1.4254120125038,0.027358587490440588,0.0,3637.0,-0.6613834552044295 < asexp <= -0.6613834552044295,0.09985973063199298
age,178.875,-0.022696065063415583,0.0,918.0,152.17610991761703 < age <= 385.89098057352334,0.08284137272915795
