feature,value,importance,min,max,rule,importance_ratio
ent,3.03864205686649,0.10191877680735549,0.0,6.25828457562083,2.005709603206336 < ent <= 3.1894578523081085,0.2831438481175237
nuc,301.526315789474,0.07944393253023277,0.0,2540.0,98.92887678384466 < nuc <= 651.0101726634492,0.2207057567882391
la,83.0,0.0687203014187477,0.0,8851.0,63.87907576461171 < la <= 127.55870158356693,0.19091409058292463
ndev,12.7894736842105,-0.05365237590205509,0.0,57.5,ndev > 3.975725636739302,0.14905339967207507
arexp,229.75,-0.032932824968597715,0.0,2480.61666666637,26.57366470205011 < arexp <= 346.65992743262416,0.09149174551628504
