feature,value,importance,min,max,rule,importance_ratio
la,192.0,0.37306438385142154,0.0,8851.0,la > 127.55870158356693,0.6072914568638572
nuc,982.5,0.09495135753523182,0.0,2540.0,nuc > 651.0101726634492,0.15456621094051456
ndev,42.8333333333333,-0.054480973675136456,0.0,57.5,ndev > 3.975725636739302,0.08868664848937174
age,71.1666666666667,0.03572459102117316,0.0,918.0,6.104315757675584 < age <= 152.17610991761703,0.05815414139280091
arexp,805.035714285701,0.02299193763283396,0.0,2480.61666666637,722.7612861410488 < arexp <= 1250.903619646496,0.03742733936973082
