feature,value,importance,min,max,rule,importance_ratio
la,555,0.4758106041440759,0.0,8851.0,la > 127.55870158356693,0.7064941024207221
nuc,514.666666666667,0.07979852806471642,0.0,2540.0,98.92887678384466 < nuc <= 651.0101726634492,0.11848661834889573
arexp,226.666666666667,-0.07193816493684388,0.0,2480.61666666637,26.57366470205011 < arexp <= 346.65992743262416,0.10681537743000755
asexp,1.4098538738451103,0.031270182597476506,0.0,3637.0,-0.6613834552044295 < asexp <= -0.6613834552044295,0.046430658321449915
ndev,21.9166666666667,0.013253999198009181,0.0,57.5,ndev > 3.975725636739302,0.019679830977552316
