feature,value,importance,min,max,rule,importance_ratio
la,555.0,0.3716765414263429,0.0,8851.0,la > 127.55870158356693,0.5417827984662255
ent,2.5893275281217503,0.10725936467687668,0.0,6.25828457562083,2.005709603206336 < ent <= 3.1894578523081085,0.15634906236842466
nuc,514.666666666667,0.07930259050518891,0.0,2540.0,98.92887678384466 < nuc <= 651.0101726634492,0.11559723205731812
ndev,21.9166666666667,-0.05562407036098274,0.0,57.5,ndev > 3.975725636739302,0.08108169643046385
age,72.75,0.03160596050124799,0.0,918.0,6.104315757675584 < age <= 152.17610991761703,0.04607115009966963
