feature,value,importance,min,max,rule,importance_ratio
ent,2.24878844797137,0.096160187689762,0.0,6.25828457562083,2.005709603206336 < ent <= 3.1894578523081085,0.2263448783108661
nuc,851.1428571428571,0.08686983042399929,0.0,2540.0,nuc > 651.0101726634492,0.20447694278262235
la,74.0,0.07056442579152426,0.0,8851.0,63.87907576461171 < la <= 127.55870158356693,0.16609676782649624
ndev,38.7142857142857,-0.054485839450294095,0.0,57.5,ndev > 3.975725636739302,0.12825048490785373
ld,85.0,0.04306329295853948,0.0,9293.0,49.90409840300467 < ld <= 956.0803284937488,0.1013637352270222
