feature,value,importance,min,max,rule,importance_ratio
la,502,0.47354324784896956,0.0,8851.0,la > 127.55870158356693,0.7272110302736641
ld,110,0.04632019709490216,0.0,9293.0,49.90409840300467 < ld <= 956.0803284937488,0.07113301352067052
nuc,998.166666666667,-0.04378536137300586,0.0,2540.0,nuc > 651.0101726634492,0.06724031627439363
arexp,0.0,-0.03582423481068909,0.0,2480.61666666637,arexp <= 26.57366470205011,0.055014571158568705
asexp,0.0,0.03391707333137671,0.0,3637.0,asexp <= -0.6613834552044295,0.05208578087263618
