feature,value,importance,min,max,rule,importance_ratio
la,728.0,0.36911670863032475,0.0,8851.0,la > 127.55870158356693,0.51111721083684
ent,3.47723899445398,0.1066896894767571,0.0,6.25828457562083,ent > 3.1894578523081085,0.14773359004190217
nuc,395.0,0.07779511237166024,0.0,2540.0,98.92887678384466 < nuc <= 651.0101726634492,0.10772316701589393
ndev,15.944444444444402,-0.053450818326690686,0.0,57.5,ndev > 3.975725636739302,0.07401353702317975
ld,313.0,0.03931116032131434,0.0,9293.0,49.90409840300467 < ld <= 956.0803284937488,0.05443430261595949
