feature,value,importance,min,max,rule,importance_ratio
la,2399,0.47426078387303827,0.0,8851.0,la > 127.55870158356693,0.6611870810086556
nuc,271.387096774194,0.07969884624596452,0.0,2540.0,98.92887678384466 < nuc <= 651.0101726634492,0.1111115430603131
arexp,159.0,-0.07143231684432265,0.0,2480.61666666637,26.57366470205011 < arexp <= 346.65992743262416,0.09958682368438634
ld,97,0.044374730268023306,0.0,9293.0,49.90409840300467 < ld <= 956.0803284937488,0.0618646942234111
asexp,0.99486827710249,0.030772615502711063,0.0,3637.0,-0.6613834552044295 < asexp <= -0.6613834552044295,0.042901408910685036
