feature,value,importance,min,max,rule,importance_ratio
la,1046.0,0.37054332064030665,0.0,8851.0,la > 127.55870158356693,0.5145301926592556
ent,3.09602575247561,0.10639405701059969,0.0,6.25828457562083,2.005709603206336 < ent <= 3.1894578523081085,0.1477369894479995
nuc,363.55,0.07923855366590603,0.0,2540.0,98.92887678384466 < nuc <= 651.0101726634492,0.11002931644620362
ndev,15.1,-0.054684970351528056,0.0,57.5,ndev > 3.975725636739302,0.07593462562465292
ld,236.0,0.0374495683868867,0.0,9293.0,49.90409840300467 < ld <= 956.0803284937488,0.052001837744136525
