feature,value,importance,min,max,rule,importance_ratio
la,832.0,0.3700945275342074,0.0,8851.0,la > 127.55870158356693,0.5149338781732664
ent,2.88223397562311,0.1059668428387242,0.0,6.25828457562083,2.005709603206336 < ent <= 3.1894578523081085,0.14743778489315224
nuc,554.090909090909,0.07904620950296008,0.0,2540.0,98.92887678384466 < nuc <= 651.0101726634492,0.10998155386259678
ndev,27.3636363636364,-0.0548328419903587,0.0,57.5,ndev > 3.975725636739302,0.07629209803635255
ld,263.0,0.037096079440770924,0.0,9293.0,49.90409840300467 < ld <= 956.0803284937488,0.05161391652756651
