feature,value,importance,min,max,rule,importance_ratio
la,859,0.4746874786363088,0.0,8851.0,la > 127.55870158356693,0.6595275057171778
nuc,356.722222222222,0.07987905862153385,0.0,2540.0,98.92887678384466 < nuc <= 651.0101726634492,0.11098341258767463
arexp,70.4999999999999,-0.07120545268806489,0.0,2480.61666666637,26.57366470205011 < arexp <= 346.65992743262416,0.09893236438368912
ld,236,0.044713910681581995,0.0,9293.0,49.90409840300467 < ld <= 956.0803284937488,0.062125198809549455
asexp,0.451974294289122,0.031032314378036698,0.0,3637.0,-0.6613834552044295 < asexp <= -0.6613834552044295,0.04311608335904473
