feature,value,importance,min,max,rule,importance_ratio
la,229,0.4741376767892733,0.0,8851.0,la > 127.55870158356693,0.6582953235061477
nuc,618.2,0.07967569837198188,0.0,2540.0,98.92887678384466 < nuc <= 651.0101726634492,0.11062217200400444
ld,88,0.04585431249587012,0.0,9293.0,49.90409840300467 < ld <= 956.0803284937488,0.06366437631160156
arexp,11.0,-0.03895509114742201,0.0,2480.61666666637,arexp <= 26.57366470205011,0.054085459950698855
age,406.4,-0.034574837443444036,0.0,918.0,age > 385.89098057352334,0.04800389193732048
