feature,value,importance,min,max,rule,importance_ratio
la,442.0,0.37191257393264315,0.0,8851.0,la > 127.55870158356693,0.5062961880314422
ent,2.11384024100568,0.09993207009023518,0.0,6.25828457562083,2.005709603206336 < ent <= 3.1894578523081085,0.13604064421317533
nuc,823.25,0.09446087551875347,0.0,2540.0,nuc > 651.0101726634492,0.12859253637904441
ndev,38.75,-0.05299283488596866,0.0,57.5,ndev > 3.975725636739302,0.07214079914545922
ld,71.0,0.04094712874891332,0.0,9293.0,49.90409840300467 < ld <= 956.0803284937488,0.05574260363717129
