feature,value,importance,min,max,rule,importance_ratio
la,219,0.47597060120304324,0.0,8851.0,la > 127.55870158356693,0.7108408017112606
arexp,173.149999999999,-0.06889038308344168,0.0,2480.61666666637,26.57366470205011 < arexp <= 346.65992743262416,0.10288470552058217
ld,109,0.04522112636465653,0.0,9293.0,49.90409840300467 < ld <= 956.0803284937488,0.06753572938767703
nuc,38.25,-0.03190416069461119,0.0,2540.0,16.979309426715872 < nuc <= 47.171255295131715,0.04764743685589064
asexp,0.227547918446589,0.031465176448195735,0.0,3637.0,-0.6613834552044295 < asexp <= -0.6613834552044295,0.04699183352057569
