rule,type,coef,support,importance,Class
aexp <= 232.9000015258789 & aexp > 7.055000066757202,rule,0.08184382299564623,0.7702349869451697,0.03443019461529238,Defect
age > -0.7249999940395355 & asexp > -1.3150000274181366,rule,0.08334822824933176,0.783289817232376,0.034339761296299925,Defect
ns <= 2.3350000381469727 & ld > -7.349999904632568 & la > 77.92499923706055,rule,0.061465027465037715,0.5796344647519582,0.0303402203992627,Defect
aexp > -16.074999809265137 & nuc > 1.175000011920929,rule,0.09336736507299376,0.8955613577023499,0.028554422714136486,Defect
nuc > 0.8650000095367432 & aexp > -171.16000366210938,rule,0.12225725255389508,0.9477806788511749,0.027198450830482557,Defect
