rule,type,coef,support,importance,Class
asexp > -99.36000061035156 & ns > 2.875 & age <= 156.7949981689453,rule,0.26024532215326224,0.33159268929503916,0.12251972153959031,Defect
asexp <= 0.4050000011920929 & ld > 4.434999942779541,rule,0.2323288124459311,0.3968668407310705,0.11366639399944266,Defect
age > -0.7399999797344208 & ld > -129.55999755859375,rule,0.3004861887948703,0.8668407310704961,0.10208921662852832,Defect
asexp > -0.014999999664723873 & nd > 2.4250000715255737 & nuc <= 43.60000038146973,rule,0.22437485519372521,0.7493472584856397,0.09724157324423092,Defect
nd > 5.729999780654907 & ld > 13.650000095367432,rule,0.1913318374916986,0.42036553524804177,0.09444476571975917,Defect
