rule,type,coef,support,importance,Class
age > -0.9300000071525574 & age > 1.534999966621399,rule,0.7466839815593037,0.8198433420365535,0.2869640083852916,Defect
age > -0.8700000047683716 & nd > -2.3149999380111694,rule,0.7198183831714409,0.8825065274151436,0.23178683578794057,Defect
age > -0.8700000047683716 & ld > -115.4749984741211,rule,0.5762643742794499,0.8120104438642297,0.22514869822897607,Defect
age > -14.0 & aexp > 12.585000038146973,rule,0.43755833745592115,0.720626631853786,0.1963286224873755,Defect
ld > 2.5 & nd > 2.8799999952316284,rule,0.415953214727094,0.7467362924281984,0.1808900150329984,Defect
