rule,type,coef,support,importance,Class
nd > 2.0049999952316284 & ld > 1.274999976158142,rule,0.7862027725085983,0.7859007832898173,0.32249721684956806,Defect
ns <= 7.039999961853027 & age > 0.8050000071525574 & age > -0.20499999821186066,rule,0.5341495908334849,0.8511749347258486,0.19011236038121118,Defect
nd > 0.33500000834465027 & ld > 6.06000018119812,rule,0.4185466808958396,0.7728459530026109,0.17536810543476594,Defect
ns > -0.02500000223517418 & age <= 198.8800048828125 & nd > 2.6950000524520874,rule,0.4351470702598673,0.8668407310704961,0.14783981819329262,Defect
nuc <= 62.614999771118164 & asexp > -0.7349999845027924 & age > 0.24499999731779099,rule,0.4506451787294949,0.8877284595300261,0.14226879117567975,Defect
