rule,type,coef,support,importance,Class
asexp > 0.4699999988079071,rule,0.17066017961476426,0.6266318537859008,0.08254809665284203,Defect
asexp > -0.4950000047683716 & ld > 1.824999988079071,rule,0.19822203886268006,0.7806788511749347,0.0820216312099378,Defect
asexp > -26.364999771118164 & ns <= 2.9550000429153442,rule,0.17074926924735018,0.7284595300261096,0.07594144403368856,Defect
aexp > 10.514999866485596 & ns > -1.6200000047683716,rule,0.1847408485954635,0.7911227154046997,0.07509836259399931,Defect
age > -2.144999921321869 & age > 1.9350000023841858,rule,0.16496657507484333,0.7650130548302873,0.06994428723890696,Defect
