rule,type,coef,support,importance,Class
age > -6.129999876022339 & nd > 2.725000023841858 & aexp > -430.98500061035156,rule,0.47441264338917527,0.6292428198433421,0.2291448886519579,Defect
nuc > 0.14000000432133675 & asexp <= 3.2799999713897705 & ns <= 1.024999976158142,rule,0.828839956706277,0.06788511749347259,0.20849358041214913,Defect
ns <= 2.75 & nuc > 1.574999988079071 & age > -7.910000324249268,rule,0.44071378926716515,0.6892950391644909,0.2039545081622574,Defect
asexp <= 2.0449999570846558 & ld > 0.25,rule,0.3846134855736866,0.34464751958224543,0.18278879088178515,Defect
ld > 2.3700000047683716 & nuc > 0.5649999976158142,rule,0.40024540883594906,0.7127937336814621,0.18109449599986133,Defect
