rule,type,coef,support,importance,Class
asexp > -0.4999999850988388 & ns > 2.1950000524520874,rule,0.2646550164428885,0.40992167101827676,0.13016235635353435,Defect
nuc <= 37.02000045776367 & asexp <= 0.044999999925494194 & ns <= 5.949999809265137,rule,0.19342207388121133,0.3368146214099217,0.09141531813623714,Defect
nuc > 4.380000114440918,rule,0.20136398747517073,0.7284595300261096,0.08955746664481468,Defect
nuc <= 37.02000045776367 & asexp <= 0.03499999921768904 & ns > 1.2350000143051147,rule,0.17555710704426897,0.3524804177545692,0.08387110527670665,Defect
nd > -0.1149999974295497 & aexp > -1.800000011920929 & nd > 0.014999999664723873,rule,0.21956912902839978,0.8407310704960835,0.08034620315472928,Defect
