rule,type,coef,support,importance,Class
asexp <= 2.049999952316284 & age > -0.5350000001490116 & asexp <= 2.149999976158142,rule,0.6135853638620073,0.37597911227154046,0.2972052071680628,Defect
la > 21.640000343322754 & asexp <= 2.0749999284744263 & asexp <= 2.034999966621399,rule,0.5776312036919934,0.412532637075718,0.2843620748419148,Defect
asexp > 0.7400000095367432,rule,0.4905259063686055,0.6109660574412533,0.23914661490382474,Defect
asexp > -4.520000219345093 & asexp > -104.57500076293945 & ld > 2.4950000047683716,rule,0.5038754518232534,0.7389033942558747,0.22131846243756775,Defect
aexp > 3.9049999713897705,rule,0.52695564469594,0.804177545691906,0.20911311766774926,Defect
