rule,type,coef,support,importance,Class
asexp > 1.1050000190734863,rule,0.3480820434330304,0.5639686684073107,0.17261079667480883,Defect
ld > 88.02000045776367 & ns <= 6.730000019073486,rule,0.20117610340329609,0.6710182767624021,0.0945212491122158,Defect
ns <= 1.090000033378601 & age > -0.10000000149011612,rule,0.200049622070973,0.31070496083550914,0.09257940929276615,Defect
age > 0.054999999701976776 & aexp <= 1049.6650390625,rule,0.20629935062002047,0.8433420365535248,0.07498527237109262,Defect
la > -1.5750000476837158 & nuc > -19.414999961853027,rule,0.2523000034386834,0.9060052219321149,0.07362655330697104,Defect
