rule,type,coef,support,importance,Class
nuc > 1.5 & ld > 1.5,rule,0.37182831338481825,0.6318537859007833,0.1793332924762854,Defect
nd > -1.6850000023841858 & age > -1.225000023841858,rule,0.38821048527553487,0.8877284595300261,0.12255814345464677,Defect
ld > -137.9000015258789 & nd > 2.5149999856948853,rule,0.24972948812400844,0.720626631853786,0.11205145051727664,Defect
asexp > 1.0849999785423279,rule,0.2179006815555448,0.6866840731070496,0.10107140710580316,Defect
aexp > 0.7800000011920929 & nuc > 1.925000011920929,rule,0.18421886583521144,0.6031331592689295,0.09012870149727455,Defect
