commit_id,label,pred,score_or_proba,feature,value_actual,min,max,operator,threshold
,True,True,0.55,age,3.23529411764706,0.0,1520.0,<,0.0850000008940696
,True,True,0.55,la,2567.0,0.0,9886.0,<,1451.7049560546875
,True,True,0.55,aexp,8.0,0.0,1411.0,>,58.28999900817871
,True,True,0.55,nd,4.0,1.0,51.0,>,6.025000095367432
,True,True,0.55,ns,1.0,1.0,25.0,<,1.0049999952316284
