rule,type,coef,support,importance,Class
ns <= 1.9700000286102295 & asexp > 0.8299999833106995 & ld > -39.9950008392334,rule,0.28542088760469286,0.7336814621409922,0.1261653870158694,Defect
asexp > -42.14500045776367 & ld > -118.83499908447266 & asexp <= 6.5400002002716064,rule,0.23509891911773617,0.3342036553524804,0.11089882213679118,Defect
age > -0.7400000095367432 & nd > 2.680000066757202,rule,0.22109410850283284,0.5065274151436031,0.11053763366051088,Defect
nuc > 1.0799999833106995 & aexp > -107.49499893188477,rule,0.258030742873616,0.804177545691906,0.10239498075319305,Defect
ld > 4.7200000286102295 & nuc > 0.875,rule,0.19650087508894704,0.6866840731070496,0.09114528601278787,Defect
