rule,type,coef,support,importance,Class
asexp <= 1.2350000143051147 & age > -4.3450000286102295 & nuc <= 50.5,rule,1.3856920191035023,0.5404699738903395,0.6905727678544311,Defect
asexp > -111.25 & asexp <= 1.1549999713897705 & asexp <= 1.2350000143051147,rule,1.1944347100270436,0.5639686684073107,0.5923095740314424,Defect
asexp > -203.40499877929688 & nuc <= 5.990000009536743 & nuc <= 5.9649999141693115,rule,0.9183948697170596,0.46475195822454307,0.45805497743360235,Defect
aexp <= 654.9800109863281 & asexp > -0.6349999904632568,rule,0.8320880184838408,0.8616187989556136,0.2873196966740483,Defect
asexp > 0.14500000327825546,rule,0.49515238436608056,0.5691906005221932,0.24519427158186582,Defect
