rule,type,coef,support,importance,Class
ns > 1.5149999856948853 & ld > 3.8499999046325684,rule,0.2806793899750049,0.43342036553524804,0.1390899211565861,Defect
age > -0.8999999761581421 & asexp > -110.72999954223633 & ld > 1.8199999928474426,rule,0.3003620291256596,0.741514360313316,0.13149917342038714,Defect
age > -0.35500000417232513 & ld > 1.7350000143051147,rule,0.2777863831237408,0.7963446475195822,0.11186890836608727,Defect
aexp > 0.560000017285347 & asexp > -47.72999954223633 & ns <= 3.325000047683716,rule,0.27464487531713155,0.7911227154046997,0.11164493715363476,Defect
asexp > -0.9899999797344208 & nd > 2.75 & nd > 2.7949999570846558,rule,0.22020365009182094,0.7127937336814621,0.09963304550247327,Defect
