rule,type,coef,support,importance,Class
la > 18.105000495910645 & age <= 3.549999952316284 & asexp <= 2.075000047683716,rule,0.8334802145408795,0.185378590078329,0.32389406658634234,Defect
nd <= 4.734999895095825,rule,0.5646425805681219,0.6971279373368147,0.2594534662659903,Defect
asexp > 0.004999999888241291 & age > -1.1150000095367432,rule,0.5017225640359358,0.6240208877284595,0.24302170059376965,Defect
age > -0.004999999888241291 & la <= 2531.7349853515625 & ld > -141.58499908447266,rule,0.6722339895982107,0.8694516971279374,0.2264794556430375,Defect
asexp <= 2.1449999809265137 & ld > 0.07500000298023224,rule,0.4567653245075116,0.381201044386423,0.2218426037118923,Defect
