rule,type,coef,support,importance,Class
age > 0.8799999952316284,rule,0.6019127748792618,0.8485639686684073,0.21576970316324173,Defect
ld > 27.21500015258789,rule,0.4732755115037641,0.7493472584856397,0.2051123566268542,Defect
ns > 4.944999933242798 & asexp <= 0.004999999888241291 & nuc > -21.77999973297119,rule,0.581551136649084,0.13577023498694518,0.19920709561996627,Defect
age <= 7.640000104904175 & la > -61.46500015258789 & age > -0.4449999928474426,rule,0.5770119575840313,0.13315926892950392,0.19603795758899448,Defect
age > 0.8600000143051147,rule,0.5328435601731272,0.856396866840731,0.186861234630852,Defect
