rule,type,coef,support,importance,Class
asexp <= 2.2450000047683716 & la > -3.4650001525878906 & age > -0.30999999679625034,rule,0.34156198664619786,0.24281984334203655,0.14645736969954623,Defect
la <= 314.5899963378906 & asexp <= 2.0850000381469727 & age <= 3.200000047683716,rule,0.3929210342443283,0.09138381201044386,0.11322182442442974,Defect
ld > -49.045000076293945 & aexp <= 0.10999999940395355,rule,0.34246125464434507,0.1122715404699739,0.10811510035482551,Defect
nd > 0.925000011920929 & asexp <= 0.42499999701976776 & age > -0.10000000149011612,rule,0.2816972234164356,0.1566579634464752,0.10239073928530361,Defect
asexp <= 1.8350000381469727 & asexp <= 2.009999990463257 & age > 1.875,rule,0.25519151792926703,0.18276762402088773,0.09862537101927518,Defect
