feature,value,importance,min,max,rule,importance_ratio
la,1807,0.262090437156852,0.0,9886.0,la > 658.2665061764585,0.5497956840562515
asexp,65.0,-0.07749740622318466,0.0,1042.0,14.706492054882105 < asexp <= 620.167566348428,0.16256884428622537
age,9.69230769230769,0.0457374067358416,0.0,1520.0,4.1005163349584635 < age <= 191.44947579329659,0.09594485436430439
aexp,100,-0.021845360384957498,0.0,1411.0,2.7519982932250286 < aexp <= 111.43266686158816,0.045825727129125235
nd,4,0.021564043669456256,1.0,51.0,3.508812175977223 < nd <= 5.4934450612931585,0.04523559985201706
