feature,value,importance,min,max,rule,importance_ratio
ns,4,0.06973266405830687,1.0,25.0,3.5048193027889174 < ns <= 5.502199396395964,0.2607895510462794
asexp,0.4586982727050779,0.06469168064286601,0.0,1042.0,0.24155171339806714 < asexp <= 0.24155171339806714,0.2419370402538431
nuc,34.25,0.0470726510554318,0.0,251.0,29.723545593620806 < nuc <= 77.33814535314531,0.17604455101614389
age,20.0,0.04438254767768378,0.0,1520.0,4.1005163349584635 < age <= 191.44947579329659,0.16598397378702232
aexp,9,-0.021720483880004148,0.0,1411.0,2.7519982932250286 < aexp <= 111.43266686158816,0.08123130409642584
