feature,value,importance,min,max,rule,importance_ratio
asexp,0.370092917766555,0.10215045028135636,0.0,1042.0,asexp <= 0.24155171339806714,0.283010484484026
la,184,0.08434328828294563,0.0,9886.0,135.1965422698356 < la <= 229.79430169975677,0.233675278123457
ns,5,0.061315650665753035,1.0,25.0,3.5048193027889174 < ns <= 5.502199396395964,0.16987660801858623
age,51.53846153846151,0.04027883623816414,0.0,1520.0,4.1005163349584635 < age <= 191.44947579329659,0.11159356544017199
ld,35,0.02500847645147686,0.0,9281.0,32.47277994807415 < ld <= 37.16262802486597,0.06928663571472848
