feature,value,importance,min,max,rule,importance_ratio
asexp,0.0062067019380686,0.10363201060978167,0.0,1042.0,asexp <= 0.24155171339806714,0.5192238370746306
aexp,26,-0.023492755099352183,0.0,1411.0,2.7519982932250286 < aexp <= 111.43266686158816,0.11770492895357264
ns,3,0.022734016871521705,1.0,25.0,2.4993354461431934 < ns <= 3.5048193027889174,0.11390344935599199
nd,5,0.019053681001911096,1.0,51.0,3.508812175977223 < nd <= 5.4934450612931585,0.09546399130921113
nuc,26.8235294117647,-0.010750288823903935,0.0,251.0,1.3648501486098876 < nuc <= 29.723545593620806,0.053861795983345145
