feature,value,importance,min,max,rule,importance_ratio
la,364,0.1444924436988662,0.0,9886.0,229.79430169975677 < la <= 452.37726506427714,0.3557650432411875
asexp,6.69637982334542e-17,0.10186715053298626,0.0,1042.0,asexp <= 0.24155171339806714,0.2508143006408908
aexp,1484,0.07336410192073359,0.0,1411.0,aexp > 1359.5074413885968,0.18063493303896191
age,32.2,0.041431600659011955,0.0,1520.0,4.1005163349584635 < age <= 191.44947579329659,0.10201166803382578
ns,3,0.021564214662454832,1.0,25.0,2.4993354461431934 < ns <= 3.5048193027889174,0.053094774823236594
