commit_id,label,pred,score_or_proba,feature,value_actual,min,max,operator,threshold
,True,True,0.9933333333333333,nd,12.0,1.0,40.0,>,4.5
,True,True,0.9933333333333333,age,47.9655172413793,0.0,511.03030303030295,<,45.51500129699707
