commit_id,label,pred,score_or_proba,feature,value_actual,min,max,operator,threshold
,True,True,0.9966666666666667,nd,2.0,1.0,40.0,<,6.5
,True,True,0.9966666666666667,age,70.71428571428571,0.0,511.03030303030295,<,57.915000915527344
