feature,value,importance,min,max,rule,importance_ratio
la,94,0.15261912320283078,0.0,9389.0,77.73891199130318 < la <= 259.02565808320827,0.663230010966466
nuc,139.285714285714,-0.022885858731637836,0.0,1520.0,48.480082529455615 < nuc <= 193.0959914371757,0.09945403969716701
nd,7,-0.0183827597404243,1.0,33.0,4.503916092667653 < nd <= 23.50498996321589,0.0798851263745786
ndev,13.4285714285714,-0.015445715661185109,0.0,67.0,10.846402884905007 < ndev <= 15.443430675385592,0.0671217469500094
aexp,11,-0.01229414283843105,0.0,4144.0,aexp <= 82.00568065157063,0.05342609968162029
