feature,value,importance,min,max,rule,importance_ratio
la,678.0,0.3528590827226448,0.0,9389.0,la > 259.02565808320827,0.5543880303040563
nd,12.0,0.17102366638823563,1.0,33.0,4.503916092667653 < nd <= 23.50498996321589,0.2687006745377658
age,64.8205128205128,0.05381646721169757,0.0,1019.0,21.355116215938807 < age <= 151.08747456179282,0.0845527484377297
nuc,17.8461538461538,-0.03673484601658301,0.0,1520.0,7.886143186937701 < nuc <= 23.10887044038192,0.05771527480465591
ndev,1.79487179487179,0.011968941894095817,0.0,67.0,ndev <= 2.0201095271822833,0.018804781983483995
