feature,value,importance,min,max,rule,importance_ratio
la,792.0,0.35264518836185776,0.0,9389.0,la > 259.02565808320827,0.582890754653263
nd,9.0,0.166193124738957,1.0,33.0,4.503916092667653 < nd <= 23.50498996321589,0.27470227609591363
nuc,96.3103448275862,-0.029405470366926048,0.0,1520.0,48.480082529455615 < nuc <= 193.0959914371757,0.0486045957205114
ndev,4.0,0.02119102437527258,0.0,67.0,3.000808789151475 < ndev <= 10.846402884905007,0.035026855881281974
aexp,4218.0,-0.013539207600057945,0.0,4144.0,aexp > 4071.104162527291,0.022379091494385914
