feature,value,importance,min,max,rule,importance_ratio
la,728,0.380444548514746,0.0,9389.0,la > 259.02565808320827,0.8437473443690175
nuc,28.4583333333333,-0.030930783970886923,0.0,1520.0,23.10887044038192 < nuc <= 48.480082529455615,0.06859808331220198
asexp,0.8475072700659358,-0.017050850684467173,0.0,2327.0,-0.8058376987231384 < asexp <= -0.8058376987231384,0.037815261226418116
ndev,2.6666666666666696,0.008680020989589187,0.0,67.0,2.0201095271822833 < ndev <= 3.000808789151475,0.019250491793416615
aexp,14,-0.007275615093831392,0.0,4144.0,aexp <= 82.00568065157063,0.016135809904589654
