feature,value,importance,min,max,rule,importance_ratio
nd,13.0,0.16442137571348103,1.0,33.0,4.503916092667653 < nd <= 23.50498996321589,0.4578606026822599
la,133.0,0.07245164942722948,0.0,9389.0,77.73891199130318 < la <= 259.02565808320827,0.20175452083481893
ndev,2.34090909090909,0.03911677075665641,0.0,67.0,2.0201095271822833 < ndev <= 3.000808789151475,0.108927614526449
nuc,39.204545454545496,-0.03899756590368468,0.0,1520.0,23.10887044038192 < nuc <= 48.480082529455615,0.10859566738400812
asexp,0.0007716055231481,-0.015619972001023016,0.0,2327.0,-0.8058376987231384 < asexp <= -0.8058376987231384,0.04349659381716294
