feature,value,importance,min,max,rule,importance_ratio
la,687.0,0.3527781852435461,0.0,9389.0,la > 259.02565808320827,0.5529206603987922
nd,16.0,0.17133948253172773,1.0,33.0,4.503916092667653 < nd <= 23.50498996321589,0.2685459129748255
age,88.530303030303,0.05476257682428264,0.0,1019.0,21.355116215938807 < age <= 151.08747456179282,0.08583115796096662
nuc,35.7727272727273,-0.040261707481605354,0.0,1520.0,23.10887044038192 < nuc <= 48.480082529455615,0.06310347640726031
ndev,1.72727272727273,0.012525947903966534,0.0,67.0,ndev <= 2.0201095271822833,0.019632323303666484
