feature,value,importance,min,max,rule,importance_ratio
la,836.0,0.3521406150844963,0.0,9389.0,la > 259.02565808320827,0.6171333244062482
nd,4.0,0.09248597887151401,1.0,33.0,3.4887902283506924 < nd <= 4.503916092667653,0.16208348925683572
age,69.23809523809521,0.05528595875584716,0.0,1019.0,21.355116215938807 < age <= 151.08747456179282,0.0968897254632098
nuc,35.0476190476191,-0.04016339835075334,0.0,1520.0,23.10887044038192 < nuc <= 48.480082529455615,0.07038714218666706
ndev,3.619047619047621,0.02431723765329027,0.0,67.0,3.000808789151475 < ndev <= 10.846402884905007,0.042616435226453184
