feature,value,importance,min,max,rule,importance_ratio
la,904.0,0.3519170740750186,0.0,9389.0,la > 259.02565808320827,0.5466534519212732
nd,8.0,0.17013320824111322,1.0,33.0,4.503916092667653 < nd <= 23.50498996321589,0.2642779007409558
age,42.6,0.053886924284114956,0.0,1019.0,21.355116215938807 < age <= 151.08747456179282,0.08370572314730101
nuc,37.8909090909091,-0.04067580272438594,0.0,1520.0,23.10887044038192 < nuc <= 48.480082529455615,0.06318411241454662
ndev,1.83636363636364,0.012891108322879078,0.0,67.0,ndev <= 2.0201095271822833,0.020024515384242745
