feature,value,importance,min,max,rule,importance_ratio
la,740.0,0.352854534878687,0.0,9389.0,la > 259.02565808320827,0.6176559587785398
nd,4.0,0.09298631085206557,1.0,33.0,3.4887902283506924 < nd <= 4.503916092667653,0.16276834589176478
age,41.1764705882353,0.05486690594450377,0.0,1019.0,21.355116215938807 < age <= 151.08747456179282,0.09604204579095346
nuc,18.0,-0.03940434604867603,0.0,1520.0,7.886143186937701 < nuc <= 23.10887044038192,0.06897553165103572
ndev,3.41176470588235,0.024672765925591433,0.0,67.0,3.000808789151475 < ndev <= 10.846402884905007,0.04318856465520274
