feature,value,importance,min,max,rule,importance_ratio
la,715,0.38196959872332353,0.0,9389.0,la > 259.02565808320827,0.8537489048568158
nuc,12.0588235294118,-0.030139471422324197,0.0,1520.0,7.886143186937701 < nuc <= 23.10887044038192,0.06736541548274108
ndev,2.47058823529412,0.010444701401805338,0.0,67.0,2.0201095271822833 < ndev <= 3.000808789151475,0.023345188761493083
nd,5,-0.008946454454308294,1.0,33.0,4.503916092667653 < nd <= 23.50498996321589,0.019996423061536966
aexp,79,-0.007173839614832894,0.0,4144.0,aexp <= 82.00568065157063,0.016034411469532602
