feature,value,importance,min,max,rule,importance_ratio
la,1122,0.38242599763626484,0.0,9389.0,la > 259.02565808320827,0.8382837749938797
aexp,229,-0.03337277602906329,0.0,4144.0,82.00568065157063 < aexp <= 400.33772908055585,0.07315364761962911
nuc,66.9583333333333,-0.014272973739211556,0.0,1520.0,48.480082529455615 < nuc <= 193.0959914371757,0.03128658192813242
ndev,4.16666666666667,0.009907386475137968,0.0,67.0,3.000808789151475 < ndev <= 10.846402884905007,0.021717146287217777
nd,10,-0.00945227711053233,1.0,33.0,4.503916092667653 < nd <= 23.50498996321589,0.02071953943372257
