feature,value,importance,min,max,rule,importance_ratio
la,672.0,0.35370450205820175,0.0,9389.0,la > 259.02565808320827,0.5977572132313405
nd,8.0,0.16789184121766007,1.0,33.0,4.503916092667653 < nd <= 23.50498996321589,0.2837356000462592
nuc,56.2173913043478,-0.029329417811720087,0.0,1520.0,48.480082529455615 < nuc <= 193.0959914371757,0.049566434565615415
ndev,3.95652173913043,0.021075050290131722,0.0,67.0,3.000808789151475 < ndev <= 10.846402884905007,0.03561663268868017
age,9.34782608695652,-0.013143128496592308,0.0,1019.0,1.9558850614185843 < age <= 21.355116215938807,0.022211760996956924
