feature,value,importance,min,max,rule,importance_ratio
nd,4.0,0.08916138446256487,1.0,33.0,3.4887902283506924 < nd <= 4.503916092667653,0.28195575935571576
la,137.0,0.07406855636303085,0.0,9389.0,77.73891199130318 < la <= 259.02565808320827,0.23422758831754498
age,31.5625,0.05386770150562113,0.0,1019.0,21.355116215938807 < age <= 151.08747456179282,0.17034626339995174
ndev,2.0625,0.045057863537673236,0.0,67.0,2.0201095271822833 < ndev <= 3.000808789151475,0.14248684231731382
nuc,16.5,-0.030220620872309718,0.0,1520.0,7.886143186937701 < nuc <= 23.10887044038192,0.09556691114224275
