feature,value,importance,min,max,rule,importance_ratio
la,591.0,0.35130472991661443,0.0,9389.0,la > 259.02565808320827,0.5385570245409094
nd,6.0,0.1695107517251831,1.0,33.0,4.503916092667653 < nd <= 23.50498996321589,0.2598632990181381
age,30.972972972973,0.05587271118654943,0.0,1019.0,21.355116215938807 < age <= 151.08747456179282,0.08565395944655782
ndev,2.75675675675676,0.03746346419386056,0.0,67.0,2.0201095271822833 < ndev <= 3.000808789151475,0.057432223614038616
nuc,49.8918918918919,-0.03081084916421026,0.0,1520.0,48.480082529455615 < nuc <= 193.0959914371757,0.047233634609458425
