feature,value,importance,min,max,rule,importance_ratio
la,766.0,0.35097155059686297,0.0,9389.0,la > 259.02565808320827,0.5526741872561958
nd,6.0,0.17148219368105302,1.0,33.0,4.503916092667653 < nd <= 23.50498996321589,0.2700326617938492
age,49.1730769230769,0.054427245625175036,0.0,1019.0,21.355116215938807 < age <= 151.08747456179282,0.08570647304413116
nuc,4.30769230769231,-0.03514882253641456,0.0,1520.0,0.2747795602155918 < nuc <= 7.886143186937701,0.05534877939619191
ndev,0.326923076923077,0.013208601428872719,0.0,67.0,ndev <= 2.0201095271822833,0.020799557819084682
