feature,value,importance,min,max,rule,importance_ratio
la,558.0,0.3570274160384007,0.0,9389.0,la > 259.02565808320827,0.6471141428629786
nd,1.0,-0.11571108446411739,1.0,33.0,nd <= 1.5105962363484104,0.20972697299719242
nuc,6.5,-0.030981483580911878,0.0,1520.0,0.2747795602155918 < nuc <= 7.886143186937701,0.056154108316233284
ndev,4.5,0.02347147705131007,0.0,67.0,3.000808789151475 < ndev <= 10.846402884905007,0.04254218043622997
age,19.5,-0.012943756734562509,0.0,1019.0,1.9558850614185843 < age <= 21.355116215938807,0.02346062982404808
