feature,value,importance,min,max,rule,importance_ratio
la,405.0,0.3518059796118178,0.0,9389.0,la > 259.02565808320827,0.5516056844896264
nd,7.0,0.16667009245636003,1.0,33.0,4.503916092667653 < nd <= 23.50498996321589,0.26132634395464804
age,35.2666666666667,0.05491631883465497,0.0,1019.0,21.355116215938807 < age <= 151.08747456179282,0.086104715087176
nuc,49.2666666666667,-0.030060954242651764,0.0,1520.0,48.480082529455615 < nuc <= 193.0959914371757,0.047133346794518936
ndev,5.2,0.021824614892006693,0.0,67.0,3.000808789151475 < ndev <= 10.846402884905007,0.03421937753733237
