feature,value,importance,min,max,rule,importance_ratio
la,649.0,0.3499860533287723,0.0,9389.0,la > 259.02565808320827,0.5373348312673555
nd,7.0,0.1697430245608146,1.0,33.0,4.503916092667653 < nd <= 23.50498996321589,0.2606070687494382
age,37.9464285714286,0.05484732826234951,0.0,1019.0,21.355116215938807 < age <= 151.08747456179282,0.08420729796804162
ndev,2.10714285714286,0.036620931360044705,0.0,67.0,2.0201095271822833 < ndev <= 3.000808789151475,0.056224246040793104
nuc,53.25,-0.030459045146042217,0.0,1520.0,48.480082529455615 < nuc <= 193.0959914371757,0.04676388024164692
