feature,value,importance,min,max,rule,importance_ratio
la,301,0.3819355869535335,0.0,9389.0,la > 259.02565808320827,0.8157149821382945
aexp,305,-0.03346192409060492,0.0,4144.0,82.00568065157063 < aexp <= 400.33772908055585,0.0714659585130556
asexp,0.757164004342913,-0.014842035845692877,0.0,2327.0,-0.8058376987231384 < asexp <= -0.8058376987231384,0.03169872464970964
nuc,108.6,-0.014369958930583349,0.0,1520.0,48.480082529455615 < nuc <= 193.0959914371757,0.030690491257665656
ndev,10.5,0.00968488065564467,0.0,67.0,3.000808789151475 < ndev <= 10.846402884905007,0.020684383757075344
