feature,value,importance,min,max,rule,importance_ratio
la,247,0.15066394606867967,0.0,9389.0,77.73891199130318 < la <= 259.02565808320827,0.6932766191659859
aexp,340,-0.0300939401138655,0.0,4144.0,82.00568065157063 < aexp <= 400.33772908055585,0.1384765606100201
nuc,44.75,-0.024605576506588792,0.0,1520.0,23.10887044038192 < nuc <= 48.480082529455615,0.11322198401296246
ld,117,-0.004906801487612421,0.0,9950.0,24.882467942900547 < ld <= 1866.9949643956745,0.022578532124068244
nd,3,-0.0028770287800773007,1.0,33.0,2.4996932323495513 < nd <= 3.4887902283506924,0.013238580549231138
