feature,value,importance,min,max,rule,importance_ratio
la,300.0,0.35179897618732725,0.0,9389.0,la > 259.02565808320827,0.5517656714957678
nd,5.0,0.16666248980829157,1.0,33.0,4.503916092667653 < nd <= 23.50498996321589,0.261395418482577
age,69.9411764705882,0.05491215674907139,0.0,1019.0,21.355116215938807 < age <= 151.08747456179282,0.08612487554767272
nuc,65.82352941176471,-0.030066977544054085,0.0,1520.0,48.480082529455615 < nuc <= 193.0959914371757,0.0471574028845647
ndev,5.82352941176471,0.021822098695690573,0.0,67.0,3.000808789151475 < ndev <= 10.846402884905007,0.03422603746823629
