feature,value,importance,min,max,rule,importance_ratio
la,484.0,0.3532146364730001,0.0,9389.0,la > 259.02565808320827,0.535822411705293
nd,5.0,0.16990632247732257,1.0,33.0,4.503916092667653 < nd <= 23.50498996321589,0.2577458748109815
age,56.1333333333333,0.05433201468665889,0.0,1019.0,21.355116215938807 < age <= 151.08747456179282,0.08242102148685541
ndev,2.86666666666667,0.03900557487462165,0.0,67.0,2.0201095271822833 < ndev <= 3.000808789151475,0.05917099418066942
nuc,22.466666666666693,-0.03660747613730233,0.0,1520.0,7.886143186937701 < nuc <= 23.10887044038192,0.05553310685592919
