feature,value,importance,min,max,rule,importance_ratio
nd,6.0,0.16379079820772605,1.0,33.0,4.503916092667653 < nd <= 23.50498996321589,0.3735788024347777
la,199.0,0.07294807458286902,0.0,9389.0,77.73891199130318 < la <= 259.02565808320827,0.1663820839802561
age,91.1818181818182,0.052166907935657335,0.0,1019.0,21.355116215938807 < age <= 151.08747456179282,0.11898379644387676
asexp,0.7576904296875,-0.047679354646820896,0.0,2327.0,-0.8058376987231384 < asexp <= -0.8058376987231384,0.10874845476503825
ndev,2.81818181818182,0.04408551452557804,0.0,67.0,2.0201095271822833 < ndev <= 3.000808789151475,0.10055151999625322
