feature,value,importance,min,max,rule,importance_ratio
la,493.0,0.35083447034021115,0.0,9389.0,la > 259.02565808320827,0.687985457720956
age,72.5454545454545,0.055938520275503674,0.0,1019.0,21.355116215938807 < age <= 151.08747456179282,0.10969528860335706
nd,3.0,0.05376495719103977,1.0,33.0,2.4996932323495513 < nd <= 3.4887902283506924,0.10543293720983471
nuc,7.36363636363636,-0.0325556585065009,0.0,1520.0,0.2747795602155918 < nuc <= 7.886143186937701,0.06384155923242818
ndev,1.54545454545455,0.008636624712226275,0.0,67.0,ndev <= 2.0201095271822833,0.01693639795440614
