feature,value,importance,min,max,rule,importance_ratio
la,244,0.15175416667002956,0.0,9389.0,77.73891199130318 < la <= 259.02565808320827,0.7107647565269791
nuc,27.5,-0.024830254753555436,0.0,1520.0,23.10887044038192 < nuc <= 48.480082529455615,0.11629644418784287
aexp,35,-0.01237267164958317,0.0,4144.0,aexp <= 82.00568065157063,0.05794937394849803
age,214.5,0.010950447042324354,0.0,1019.0,151.08747456179282 < age <= 301.4315160093245,0.05128815897900731
nd,4,-0.00502716347277558,1.0,33.0,3.4887902283506924 < nd <= 4.503916092667653,0.023545519046722346
