feature,value,importance,min,max,rule,importance_ratio
la,361,0.3816092473807016,0.0,9389.0,la > 259.02565808320827,0.7928917602391858
aexp,459,-0.052345303884490976,0.0,4144.0,400.33772908055585 < aexp <= 698.7740244827294,0.10876088675027233
nuc,7.875,-0.022410388074538823,0.0,1520.0,0.2747795602155918 < nuc <= 7.886143186937701,0.046563368602903894
ndev,1.5,-0.01121991399292157,0.0,67.0,ndev <= 2.0201095271822833,0.0233122688106791
nd,2,0.0071970386874443465,1.0,33.0,1.5105962363484104 < nd <= 2.4996932323495513,0.014953706474791916
