feature,value,importance,min,max,rule,importance_ratio
la,68.0,-0.07109909700372163,0.0,9389.0,36.80319513184074 < la <= 77.73891199130318,0.2689608800340235
age,83.0,0.055431275142036184,0.0,1019.0,21.355116215938807 < age <= 151.08747456179282,0.20969105335936614
nd,3.0,0.05450466573106002,1.0,33.0,2.4996932323495513 < nd <= 3.4887902283506924,0.20618578123740217
nuc,90.9,-0.03898394557093939,0.0,1520.0,48.480082529455615 < nuc <= 193.0959914371757,0.14747242580886075
asexp,69.0,0.021126672010023457,0.0,2327.0,3.0562456227978316 < asexp <= 284.98832809382935,0.07992011903763908
