feature,value,importance,min,max,rule,importance_ratio
la,361.0,0.3519060652645697,0.0,9389.0,la > 259.02565808320827,0.5489751942345471
nd,15.0,0.17064988268723633,1.0,33.0,4.503916092667653 < nd <= 23.50498996321589,0.26621465709576764
age,127.654320987654,0.055586056225563486,0.0,1019.0,21.355116215938807 < age <= 151.08747456179282,0.08671452136017928
nuc,51.45679012345679,-0.031056633561615424,0.0,1520.0,48.480082529455615 < nuc <= 193.0959914371757,0.04844850124689092
aexp,474.0,-0.015629839055589515,0.0,4144.0,400.33772908055585 < aexp <= 698.7740244827294,0.024382625871895845
