feature,value,importance,min,max,rule,importance_ratio
la,438.0,0.352340914311542,0.0,9389.0,la > 259.02565808320827,0.5953124689351856
nd,5.0,0.16788159527982588,1.0,33.0,4.503916092667653 < nd <= 23.50498996321589,0.28365143789813013
nuc,57.25,-0.02893493741360125,0.0,1520.0,48.480082529455615 < nuc <= 193.0959914371757,0.048888245249160286
ndev,8.5,0.02182758447302877,0.0,67.0,3.000808789151475 < ndev <= 10.846402884905007,0.03687971698921261
age,13.5,-0.012889473252471965,0.0,1019.0,1.9558850614185843 < age <= 21.355116215938807,0.021777953775809232
