AUC-ROC,F1-score,Precision,Recall,TP_rate,#TP,project,model,n_train,n_test,n_features,pos_train,pos_test
0.726113172541744,0.2608695652173913,0.15384615384615385,0.8571428571428571,0.8571428571428571,12,apache/zookeeper,RF,671,168,9,328,14
0.7806122448979591,0.25000000000000006,0.15517241379310345,0.6428571428571429,0.6428571428571429,9,apache/zookeeper,SVM,671,168,9,328,14
0.8413729128014842,0.2696629213483146,0.16,0.8571428571428571,0.8571428571428571,12,apache/zookeeper,LR,671,168,9,328,14
