AUC-ROC,F1-score,Precision,Recall,TP_rate,#TP,project,model,n_train,n_test,n_features,pos_train,pos_test
0.7721393900639184,0.39137134052388295,0.46863468634686345,0.335978835978836,0.335978835978836,127,apache/flink,RF,9352,2339,8,2433,378
0.7502273162650521,0.41848299912816045,0.31209362808842656,0.6349206349206349,0.6349206349206349,240,apache/flink,SVM,9352,2339,8,2433,378
0.7810263093281962,0.44639376218323584,0.3533950617283951,0.6058201058201058,0.6058201058201058,229,apache/flink,LR,9352,2339,8,2433,378
