feature,value,importance,min,max,rule,importance_ratio
ns,1,0.3739522088355736,1.0,6.0,ns <= 1.4968350645973174,0.47172724144832495
aexp,439,0.23575621665372334,0.0,418.0,aexp > 173.5744038495336,0.2973979752189527
age,29.5,0.09637091960673955,0.0,536.25,age <= 91.7448502777025,0.12156844374173652
la,320,-0.028988510281269107,0.0,8385.0,70.36227779601131 < la <= 363.9600190460562,0.03656796153513889
nd,4,0.02842181258486134,1.0,35.0,3.497451029032542 < nd <= 4.485787579415443,0.03585309280393399
