feature,value,importance,min,max,rule,importance_ratio
nd,20,0.4375995435963945,1.0,35.0,nd > 15.509541410609344,0.3686848599130703
ns,2,-0.28890470004975993,1.0,6.0,1.4968350645973174 < ns <= 2.497149685556895,0.24340699259118453
aexp,248,0.23943961366696745,0.0,418.0,aexp > 173.5744038495336,0.20173183842226683
age,231.308823529412,-0.1696457609071486,0.0,536.25,age > 172.46486330358397,0.14292936203924694
la,88,-0.032188329086978655,0.0,8385.0,70.36227779601131 < la <= 363.9600190460562,0.027119200131556786
