feature,value,importance,min,max,rule,importance_ratio
ns,1,0.3753649003373298,1.0,6.0,ns <= 1.4968350645973174,0.431304896837646
nd,2,-0.21650617235763278,1.0,35.0,1.4827649840212431 < nd <= 2.5091144786496407,0.24877172119583982
age,0.0,0.10291744175643414,0.0,536.25,age <= 91.7448502777025,0.11825505410778235
aexp,92,0.0738043944674943,0.0,418.0,77.34852688871881 < aexp <= 157.78734591064995,0.08480333860028166
la,65,-0.05608113728162847,0.0,8385.0,39.45725240126967 < la <= 70.36227779601131,0.06443881435918354
