,nuc,arexp,ent,ndev,age,asexp,la,ld,target
0,1.46,3.0,3.07,0.15,19.85,0.0,48.0,145.0,True
1,5.33,37.0,3.16,0.25,0.0,33.0,39.0,94.0,True
2,10.83,138.0,3.08,0.25,14.5,107.0,41.0,42.0,True
3,6.55,175.0,3.31,0.27,15.82,143.0,13.0,20.0,True
4,0.11,226.0,4.2,0.03,0.16,177.0,118.0,173.0,True
5,1.39,241.0,3.29,0.06,0.22,191.0,71.0,128.0,True
6,2.11,243.0,2.98,0.11,0.44,193.0,246.0,108.0,True
7,1.84,265.0,4.4,0.08,7.36,0.22,109.0,109.0,True
8,9.87,336.0,3.21,0.13,4.27,0.39,127.0,97.0,True
9,11.19,427.0,3.85,0.1,20.19,347.0,91.0,51.0,True
10,9.4,438.0,3.25,0.13,7.33,0.13,116.0,69.0,True
11,12.06,442.0,3.12,0.11,2.78,0.13,240.0,243.0,True
12,10.53,505.0,3.17,0.11,11.47,0.06,407.0,132.0,True
13,9.22,526.0,3.58,0.22,10.78,0.39,410.0,46.0,True
14,23.4,69.0,3.43,0.3,29.65,0.2,182.0,41.0,True
15,12.69,80.0,2.98,0.38,12.77,0.2,69.0,68.0,True
16,19.2,96.0,2.97,0.4,9.0,0.2,113.0,23.0,True
17,30.04,14.0,3.59,0.26,5.39,0.0,497.0,112.0,True
18,59.0,147.0,2.64,0.67,4.44,0.06,285.0,203.0,True
19,24.67,165.0,2.88,0.5,28.08,0.2,216.0,184.0,True
20,51.19,15.0,3.03,0.44,16.06,0.06,378.0,59.0,True
21,10.5,190.0,2.94,0.4,18.3,0.2,152.0,249.0,True
22,12.75,266.5,2.84,0.5,13.5,121.0,267.0,103.0,True
23,8.58,324.0,3.22,0.42,0.0,0.69,316.0,30.0,True
24,4.68,331.0,3.71,0.21,23.37,0.21,123.0,61.0,True
25,53.3,70.0,2.88,0.8,19.6,36.0,145.0,8.0,True
26,65.55,336.5,3.23,0.55,21.09,0.29,66.0,1.0,True
27,39.97,346.5,4.29,0.28,17.22,0.04,263.0,120.0,True
28,38.31,150.0,3.53,0.54,28.46,85.0,109.0,12.0,True
29,11.42,349.5,3.5,0.5,29.25,0.2,94.0,16.0,False
30,42.79,2.0,4.3,0.17,3.88,0.81,410.0,180.0,True
31,14.82,370.0,3.34,0.55,10.0,0.2,57.0,7.0,True
32,74.3,16.0,2.81,0.9,14.7,1.66,179.0,113.0,True
33,159.7,113.0,2.62,0.9,18.0,1.26,158.0,164.0,True
34,160.7,114.0,2.62,0.9,0.0,1.26,158.0,164.0,True
35,132.0,0.0,2.76,1.0,8.44,0.0,239.0,33.0,False
36,94.35,14.0,2.88,0.45,9.7,1.48,258.0,270.0,True
37,147.29,262.0,2.68,0.71,3.93,0.46,137.0,204.0,True
38,215.27,65.0,2.8,0.91,28.09,1.48,87.0,16.0,True
39,209.55,67.0,2.77,0.91,0.0,1.48,84.0,19.0,True
40,151.62,496.0,3.4,0.77,0.0,0.88,104.0,22.0,True
41,144.35,520.0,3.53,0.59,46.24,1.26,146.0,51.0,True
42,174.94,554.0,3.2,0.62,23.31,1.26,204.0,51.0,True
43,135.58,659.0,3.03,0.63,4.53,1.26,264.0,60.0,True
44,91.46,158.0,3.66,0.5,31.08,1.48,529.0,165.0,True
45,80.93,388.5,2.78,1.0,7.71,264.0,244.0,133.0,True
46,17.77,1.0,4.63,0.32,4.2,0.33,280.0,110.0,False
47,104.08,350.5,3.22,1.15,26.38,0.74,238.0,44.0,True
48,157.78,352.5,2.78,1.67,2.56,0.39,69.0,51.0,True
49,124.88,196.0,4.01,0.41,19.88,1.48,312.0,231.0,True
50,110.15,59.0,2.79,1.0,17.15,1.0,237.0,160.0,True
51,82.15,521.0,2.85,1.23,18.77,0.25,234.0,111.0,False
52,155.2,753.0,3.1,1.0,18.4,0.88,242.0,47.0,True
53,207.1,766.5,3.17,1.6,26.5,0.88,210.0,46.0,True
54,160.89,774.5,3.52,1.0,10.28,0.88,355.0,7.0,True
55,146.21,42.0,3.28,0.84,28.47,0.4,300.0,283.0,True
56,68.13,80.0,3.19,0.93,34.33,0.33,283.0,16.0,True
57,184.48,775.5,3.46,0.74,11.96,0.88,170.0,160.0,True
58,97.33,88.0,2.68,1.56,17.67,1.0,157.0,19.0,True
59,186.5,808.0,3.77,0.9,27.25,1.26,139.0,88.0,True
60,95.8,89.0,3.03,1.4,43.0,0.5,32.0,29.0,True
61,96.8,91.0,3.03,1.4,0.0,0.5,32.0,29.0,True
62,80.24,93.0,3.69,0.67,51.76,1.0,125.0,17.0,True
63,82.93,659.0,3.14,0.33,15.24,0.01,268.0,126.0,True
64,79.13,175.0,3.34,1.0,25.73,42.0,59.0,141.0,True
65,279.75,5.0,3.79,1.1,16.2,0.64,163.0,36.0,True
66,0.43,9.0,4.06,0.03,24.51,4.0,31.0,12.0,True
67,109.0,181.0,2.9,1.27,25.36,0.8,16.0,41.0,True
68,249.83,216.0,2.51,1.67,18.58,0.4,236.0,181.0,False
69,43.9,222.0,3.16,1.5,16.5,134.0,0.0,16.0,False
70,204.53,299.0,3.26,1.47,12.93,0.94,48.0,41.0,True
71,89.31,148.0,3.36,1.54,20.77,78.0,216.0,189.0,True
72,107.88,299.5,3.84,0.83,44.38,189.0,61.0,62.0,True
73,180.32,401.0,3.8,0.96,41.21,0.49,216.0,115.0,True
74,4.54,195.5,3.24,0.62,16.15,97.0,152.0,115.0,True
75,346.83,0.0,2.65,2.25,27.0,0.0,204.0,26.0,False
76,111.2,547.0,3.61,0.95,22.75,0.0,91.0,157.0,True
77,0.0,67.0,3.74,0.0,0.0,0.98,372.0,0.0,True
78,116.7,581.5,2.99,1.8,5.5,0.0,58.0,202.0,True
79,37.0,582.5,3.49,0.53,31.12,0.0,91.0,231.0,True
80,434.45,74.0,3.21,2.91,24.0,0.64,169.0,35.0,False
81,90.24,131.33,4.29,0.97,23.55,1.0,410.0,337.0,True
82,384.11,7.0,2.78,4.22,18.0,0.34,99.0,91.0,False
83,53.09,618.5,3.3,0.83,31.04,0.0,124.0,212.0,True
84,317.61,624.5,3.66,2.17,8.28,0.49,58.0,40.0,False
85,307.33,647.5,2.77,3.17,37.67,0.49,194.0,54.0,False
86,258.44,18.0,3.09,2.22,31.22,0.56,361.0,396.0,True
87,325.73,21.0,2.67,3.13,36.53,0.25,48.0,113.0,False
88,299.44,33.0,2.75,3.25,36.75,0.83,262.0,108.0,True
89,369.83,73.0,2.39,3.92,22.08,0.22,104.0,33.0,False
90,234.25,705.0,3.2,3.06,41.06,0.49,139.0,115.0,False
91,192.28,3.0,3.56,2.72,57.78,0.88,42.0,26.0,True
92,63.37,10.0,3.5,0.94,48.14,0.02,501.0,238.0,True
93,302.92,248.67,2.73,4.58,45.75,0.63,330.0,101.0,False
94,69.82,493.33,3.97,1.41,22.53,299.0,18.0,23.0,True
95,390.0,65.0,2.53,6.3,26.8,0.96,331.0,25.0,False
96,527.67,71.0,2.74,6.89,25.67,1.07,16.0,24.0,False
97,188.87,216.5,4.16,3.0,45.17,0.93,94.0,47.0,True
98,129.2,24.0,3.42,2.2,10.34,0.27,422.0,7.0,False
99,333.87,267.17,3.28,5.4,54.73,0.63,115.0,48.0,False
100,484.78,33.0,2.56,8.56,19.67,0.83,197.0,22.0,False
101,297.0,8.0,3.21,4.88,43.44,0.94,211.0,25.0,False
102,49.4,9.0,3.89,1.08,33.44,1.73,351.0,356.0,True
103,274.75,307.5,3.54,4.88,54.31,0.69,332.0,125.0,False
104,322.25,10.0,3.29,6.58,23.25,0.94,150.0,45.0,False
105,142.1,13.0,3.68,2.1,30.54,0.61,637.0,224.0,False
106,315.41,11.0,3.71,3.86,38.41,1.48,139.0,98.0,True
107,479.31,16.0,2.39,6.38,6.54,1.08,286.0,143.0,False
108,111.39,0.0,3.41,1.91,53.74,0.0,465.0,48.0,False
109,213.4,20.0,3.95,4.05,23.05,0.71,461.0,218.0,False
110,435.0,21.0,2.98,9.1,20.2,1.0,152.0,34.0,False
111,427.4,155.0,3.08,9.1,7.7,1.07,63.0,46.0,False
112,366.38,59.87,2.53,7.31,41.31,0.26,236.0,261.0,False
113,454.09,24.0,2.42,8.45,19.27,1.0,200.0,115.0,False
114,106.62,4.0,3.46,2.1,55.24,1.81,107.0,187.0,True
115,349.83,27.0,2.8,8.08,8.5,0.99,535.0,150.0,False
116,255.88,88.0,2.92,5.71,35.71,1.15,503.0,254.0,False
117,333.3,6.0,2.9,5.1,23.75,1.16,432.0,155.0,False
118,109.22,1.0,2.97,3.56,0.0,1.0,32.0,30.0,True
119,157.44,1.0,4.27,3.03,40.85,0.0,594.0,69.0,False
120,121.11,98.0,2.88,4.11,24.78,1.38,50.0,14.0,True
121,261.21,11.0,3.44,5.58,33.68,0.73,516.0,21.0,False
122,334.27,2.0,3.56,7.4,67.13,1.75,101.0,25.0,False
123,334.27,2.0,3.56,7.4,67.13,1.75,101.0,25.0,False
124,21.71,9.0,3.63,1.38,22.9,1.91,504.0,287.0,True
125,203.83,90.0,2.99,4.74,42.7,1.08,439.0,10.0,False
126,62.56,86.5,2.54,3.33,27.78,0.58,166.0,40.0,False
127,49.65,437.83,3.01,0.74,12.25,0.31,185.89,104.71,True
128,80.12,515.79,2.86,1.2,18.36,0.26,230.99,110.61,False
129,68.82,486.87,2.92,1.03,16.09,0.28,214.26,108.42,True
130,39.56,412.0,3.06,0.58,10.22,0.33,170.95,102.75,True
131,24.83,374.29,3.13,0.36,7.27,0.36,149.15,99.9,True
132,28.53,383.77,3.12,0.42,8.01,0.35,154.63,100.61,True
133,54.08,449.15,2.99,0.8,13.14,0.31,192.45,105.56,True
134,25.12,375.04,3.13,0.36,7.33,0.36,149.58,99.95,True
135,31.99,392.61,3.1,0.47,8.7,0.35,159.74,101.28,True
136,81.39,519.03,2.85,1.22,18.62,0.26,232.86,110.85,False
137,26.58,378.78,3.13,0.39,7.62,0.36,151.75,100.24,True
138,46.47,429.68,3.03,0.69,11.61,0.32,181.18,104.09,True
139,61.4,467.9,2.95,0.92,14.61,0.29,203.29,106.98,True
140,67.33,483.05,2.92,1.01,15.79,0.28,212.05,108.13,True
141,69.52,488.66,2.91,1.04,16.23,0.28,215.3,108.55,True
142,53.94,448.79,2.99,0.8,13.11,0.31,192.23,105.54,True
143,18.85,358.99,3.16,0.27,6.07,0.37,140.3,98.74,True
144,41.21,416.22,3.05,0.61,10.56,0.33,173.4,103.07,True
145,22.6,368.58,3.14,0.33,6.82,0.37,145.84,99.47,True
146,65.94,479.51,2.93,0.98,15.52,0.28,210.0,107.86,True
147,80.29,516.22,2.86,1.2,18.39,0.26,231.24,110.64,False
148,13.95,346.44,3.19,0.2,5.09,0.38,133.04,97.79,True
149,81.97,520.52,2.85,1.23,18.73,0.25,233.72,110.96,False
150,50.8,440.76,3.01,0.75,12.48,0.31,187.59,104.93,True
151,28.26,383.07,3.12,0.41,7.96,0.35,154.23,100.56,True
152,38.05,408.14,3.07,0.56,9.92,0.34,168.72,102.46,True
153,34.84,399.91,3.08,0.51,9.28,0.34,163.97,101.84,True
154,56.48,455.3,2.98,0.84,13.62,0.3,196.0,106.03,True
155,61.58,468.36,2.95,0.92,14.64,0.29,203.55,107.02,True
156,64.01,474.58,2.94,0.96,15.13,0.29,207.15,107.49,True
157,20.24,362.55,3.16,0.29,6.35,0.37,142.36,99.01,True
158,15.14,349.49,3.18,0.21,5.32,0.38,134.8,98.02,True
159,24.09,372.39,3.14,0.35,7.12,0.36,148.05,99.75,True
160,69.64,488.97,2.91,1.04,16.26,0.28,215.48,108.58,True
161,51.22,441.84,3.0,0.76,12.56,0.31,188.22,105.01,True
162,75.73,504.55,2.88,1.13,17.48,0.27,224.48,109.75,False
163,13.42,345.1,3.19,0.19,4.98,0.38,132.26,97.69,True
164,54.74,450.83,2.99,0.81,13.27,0.31,193.42,105.69,True
165,80.08,515.69,2.86,1.2,18.35,0.26,230.93,110.6,False
166,64.62,476.14,2.94,0.96,15.25,0.29,208.05,107.6,True
167,24.86,374.36,3.13,0.36,7.27,0.36,149.19,99.9,True
168,72.08,495.22,2.9,1.08,16.75,0.27,219.09,109.05,True
169,61.36,467.79,2.95,0.92,14.6,0.29,203.22,106.97,True
170,58.82,461.29,2.97,0.88,14.09,0.3,199.47,106.48,True
171,35.28,401.04,3.08,0.52,9.37,0.34,164.62,101.92,True
172,10.89,338.61,3.2,0.15,4.47,0.39,128.51,97.2,True
173,36.94,405.28,3.07,0.54,9.7,0.34,167.07,102.24,True
174,64.95,476.98,2.94,0.97,15.32,0.29,208.54,107.67,True
175,38.52,409.32,3.07,0.57,10.01,0.34,169.41,102.55,True
176,14.83,348.71,3.18,0.21,5.26,0.38,134.35,97.96,True
177,47.58,432.52,3.02,0.71,11.83,0.32,182.83,104.3,True
178,61.03,466.93,2.95,0.91,14.53,0.29,202.73,106.91,True
179,46.25,429.13,3.03,0.69,11.57,0.32,180.86,104.05,True
180,54.86,451.15,2.99,0.82,13.29,0.31,193.6,105.71,True
181,13.38,345.0,3.19,0.19,4.97,0.38,132.21,97.68,True
182,56.47,455.27,2.98,0.84,13.62,0.3,195.98,106.03,True
183,69.31,488.13,2.91,1.04,16.19,0.28,214.99,108.51,True
184,23.15,369.98,3.14,0.33,6.93,0.36,146.66,99.57,True
185,33.88,397.47,3.09,0.5,9.09,0.34,162.55,101.65,False
186,66.14,480.02,2.93,0.99,15.56,0.28,210.3,107.9,True
187,49.69,437.91,3.01,0.74,12.26,0.31,185.94,104.71,True
188,14.07,346.76,3.19,0.2,5.11,0.38,133.23,97.81,True
189,45.3,426.67,3.03,0.67,11.37,0.32,179.44,103.86,True
190,21.35,365.38,3.15,0.31,6.57,0.37,143.99,99.22,True
191,38.01,408.04,3.07,0.56,9.91,0.34,168.67,102.45,True
192,77.02,507.85,2.88,1.15,17.74,0.26,226.4,110.01,False
193,18.21,357.35,3.17,0.26,5.94,0.37,139.35,98.62,True
194,71.72,494.31,2.9,1.07,16.68,0.27,218.56,108.98,True
195,72.17,495.46,2.9,1.08,16.77,0.27,219.23,109.07,True
196,34.07,397.94,3.09,0.5,9.12,0.34,162.82,101.69,True
197,68.52,486.12,2.92,1.02,16.03,0.28,213.82,108.36,True
198,45.38,426.89,3.03,0.67,11.39,0.32,179.57,103.88,True
199,51.14,441.62,3.0,0.76,12.55,0.31,188.09,104.99,True
200,32.77,394.62,3.09,0.48,8.86,0.35,160.9,101.44,False
201,49.3,436.91,3.01,0.73,12.18,0.32,185.37,104.64,True
202,28.54,383.8,3.12,0.42,8.01,0.35,154.65,100.62,True
203,80.95,517.92,2.86,1.21,18.53,0.26,232.22,110.77,False
204,58.26,459.85,2.97,0.87,13.98,0.3,198.63,106.37,True
205,37.48,406.68,3.07,0.55,9.81,0.34,167.88,102.35,True
206,53.17,446.82,2.99,0.79,12.95,0.31,191.09,105.39,True
207,64.54,475.93,2.94,0.96,15.24,0.29,207.93,107.59,True
208,50.76,440.65,3.01,0.75,12.47,0.31,187.53,104.92,True
209,57.64,458.25,2.97,0.86,13.85,0.3,197.71,106.25,True
210,28.14,382.77,3.12,0.41,7.93,0.35,154.05,100.54,True
211,50.63,440.32,3.01,0.75,12.44,0.31,187.34,104.89,True
212,66.95,482.08,2.93,1.0,15.72,0.28,211.49,108.05,True
213,36.26,403.55,3.08,0.53,9.56,0.34,166.07,102.11,True
214,48.61,435.15,3.02,0.72,12.04,0.32,184.35,104.5,True
215,67.6,483.74,2.92,1.01,15.85,0.28,212.45,108.18,True
216,45.27,426.61,3.03,0.67,11.37,0.32,179.41,103.86,True
217,36.56,404.32,3.08,0.54,9.62,0.34,166.51,102.17,True
218,25.26,375.39,3.13,0.37,7.35,0.36,149.78,99.98,True
219,71.51,493.75,2.9,1.07,16.63,0.27,218.24,108.94,True
220,52.17,444.26,3.0,0.78,12.75,0.31,189.61,105.19,True
221,78.27,511.06,2.87,1.17,17.99,0.26,228.25,110.25,False
222,68.41,485.82,2.92,1.02,16.01,0.28,213.65,108.34,True
223,11.88,341.16,3.2,0.16,4.67,0.39,129.99,97.39,True
224,66.47,480.86,2.93,0.99,15.62,0.28,210.79,107.96,True
225,67.76,484.15,2.92,1.01,15.88,0.28,212.69,108.21,True
226,80.9,517.8,2.86,1.21,18.52,0.26,232.15,110.76,False
227,17.48,355.47,3.17,0.25,5.79,0.37,138.26,98.47,True
228,27.69,381.62,3.12,0.4,7.84,0.36,153.39,100.45,True
229,59.48,462.97,2.96,0.89,14.22,0.3,200.44,106.61,True
230,41.7,417.47,3.05,0.62,10.65,0.33,174.12,103.17,True
231,35.86,402.52,3.08,0.53,9.48,0.34,165.47,102.03,True
232,11.02,338.95,3.2,0.15,4.5,0.39,128.71,97.22,True
233,26.84,379.45,3.12,0.39,7.67,0.36,152.13,100.29,True
234,33.11,395.49,3.09,0.49,8.93,0.35,161.41,101.5,False
235,19.68,361.11,3.16,0.28,6.23,0.37,141.52,98.9,True
236,32.13,392.98,3.1,0.47,8.73,0.35,159.96,101.31,True
237,22.16,367.45,3.15,0.32,6.73,0.37,145.19,99.38,True
238,30.74,389.43,3.1,0.45,8.45,0.35,157.9,101.04,True
239,31.48,391.31,3.1,0.46,8.6,0.35,158.99,101.19,True
240,56.82,456.16,2.98,0.85,13.69,0.3,196.5,106.09,True
241,51.11,441.56,3.0,0.76,12.54,0.31,188.05,104.99,True
242,66.16,480.06,2.93,0.99,15.56,0.28,210.32,107.9,True
243,21.45,365.65,3.15,0.31,6.59,0.37,144.15,99.24,True
244,61.94,469.28,2.95,0.92,14.71,0.29,204.09,107.09,True
245,36.73,404.76,3.07,0.54,9.66,0.34,166.77,102.2,True
246,75.73,504.57,2.88,1.13,17.48,0.27,224.49,109.76,False
247,15.65,350.81,3.18,0.22,5.43,0.38,135.56,98.12,True
248,77.82,509.91,2.87,1.16,17.9,0.26,227.59,110.16,False
249,10.85,338.52,3.2,0.15,4.46,0.39,128.46,97.19,True
250,68.65,486.43,2.92,1.03,16.06,0.28,214.01,108.38,True
251,23.63,371.22,3.14,0.34,7.03,0.36,147.37,99.67,True
252,32.39,393.65,3.1,0.48,8.79,0.35,160.34,101.36,True
253,41.32,416.49,3.05,0.61,10.58,0.33,173.55,103.09,True
254,37.31,406.24,3.07,0.55,9.77,0.34,167.63,102.32,True
255,67.58,483.71,2.92,1.01,15.85,0.28,212.43,108.18,True
256,39.93,412.93,3.06,0.59,10.3,0.33,171.49,102.82,True
257,29.62,386.55,3.11,0.43,8.23,0.35,156.24,100.83,True
258,60.45,465.44,2.96,0.9,14.41,0.29,201.87,106.8,True
259,26.15,377.68,3.13,0.38,7.53,0.36,151.11,100.15,True
260,68.96,487.23,2.92,1.03,16.12,0.28,214.47,108.44,True
261,33.35,396.1,3.09,0.49,8.98,0.35,161.76,101.55,False
262,30.63,389.14,3.11,0.45,8.43,0.35,157.73,101.02,True
263,59.6,463.28,2.96,0.89,14.24,0.3,200.61,106.63,True
264,31.21,390.62,3.1,0.46,8.55,0.35,158.59,101.13,True
265,57.86,458.83,2.97,0.86,13.9,0.3,198.04,106.3,True
266,27.72,381.68,3.12,0.4,7.85,0.36,153.42,100.46,True
267,31.0,390.1,3.1,0.45,8.51,0.35,158.29,101.09,True
268,51.3,442.03,3.0,0.76,12.58,0.31,188.33,105.02,True
269,44.9,425.65,3.03,0.67,11.29,0.32,178.85,103.78,True
270,67.84,484.37,2.92,1.01,15.9,0.28,212.81,108.23,True
271,19.76,361.32,3.16,0.28,6.25,0.37,141.65,98.92,True
272,17.74,356.15,3.17,0.25,5.85,0.37,138.66,98.53,True
273,17.42,355.32,3.17,0.25,5.78,0.37,138.18,98.46,True
274,27.36,380.78,3.12,0.4,7.78,0.36,152.9,100.39,True
275,38.13,408.33,3.07,0.56,9.94,0.34,168.83,102.47,True
276,38.44,409.12,3.07,0.57,10.0,0.34,169.29,102.53,True
277,80.77,517.45,2.86,1.21,18.49,0.26,231.95,110.73,False
278,59.85,463.91,2.96,0.89,14.29,0.3,200.98,106.68,True
279,82.06,520.76,2.85,1.23,18.75,0.25,233.86,110.98,False
280,56.59,455.58,2.98,0.84,13.64,0.3,196.16,106.05,True
281,42.31,419.02,3.05,0.63,10.77,0.33,175.02,103.28,True
282,75.0,502.69,2.89,1.12,17.33,0.27,223.41,109.61,False
283,50.67,440.43,3.01,0.75,12.45,0.31,187.4,104.9,True
284,70.56,491.32,2.91,1.05,16.44,0.28,216.83,108.75,True
285,42.48,419.46,3.05,0.63,10.81,0.33,175.27,103.32,True
286,25.38,375.69,3.13,0.37,7.38,0.36,149.96,100.0,True
287,74.82,502.22,2.89,1.12,17.3,0.27,223.14,109.58,False
288,19.92,361.72,3.16,0.29,6.28,0.37,141.87,98.95,True
289,16.92,354.05,3.17,0.24,5.68,0.38,137.44,98.37,True
290,39.32,411.38,3.06,0.58,10.18,0.33,170.6,102.7,True
291,76.4,506.29,2.88,1.14,17.62,0.27,225.49,109.89,False
292,30.65,389.19,3.11,0.45,8.44,0.35,157.76,101.02,True
293,66.42,480.73,2.93,0.99,15.61,0.28,210.71,107.95,True
294,44.52,424.68,3.04,0.66,11.22,0.32,178.29,103.71,True
295,42.02,418.28,3.05,0.62,10.72,0.33,174.59,103.23,True
296,57.89,458.9,2.97,0.86,13.9,0.3,198.08,106.3,True
297,10.25,336.98,3.21,0.14,4.34,0.39,127.56,97.07,True
298,13.19,344.5,3.19,0.18,4.93,0.38,131.92,97.64,True
299,77.12,508.11,2.87,1.15,17.76,0.26,226.55,110.02,False
300,11.49,340.14,3.2,0.16,4.59,0.39,129.4,97.31,True
301,38.94,410.4,3.06,0.57,10.1,0.33,170.03,102.63,True
302,30.98,390.03,3.1,0.45,8.5,0.35,158.25,101.09,True
303,48.58,435.09,3.02,0.72,12.03,0.32,184.31,104.5,True
304,78.9,512.67,2.87,1.18,18.12,0.26,229.18,110.37,False
305,35.07,400.51,3.08,0.52,9.32,0.34,164.31,101.88,True
306,46.88,430.72,3.02,0.7,11.69,0.32,181.79,104.17,True
307,76.94,507.65,2.88,1.15,17.72,0.26,226.28,109.99,False
308,70.6,491.44,2.91,1.06,16.45,0.28,216.9,108.76,True
309,66.76,481.6,2.93,1.0,15.68,0.28,211.21,108.02,True
310,13.04,344.12,3.19,0.18,4.9,0.38,131.7,97.61,True
311,45.98,428.41,3.03,0.68,11.51,0.32,180.45,103.99,True
312,39.73,412.42,3.06,0.59,10.26,0.33,171.2,102.78,True
313,28.57,383.87,3.12,0.42,8.02,0.35,154.69,100.62,True
314,65.12,477.41,2.93,0.97,15.35,0.29,208.79,107.7,True
315,70.61,491.46,2.91,1.06,16.45,0.28,216.92,108.76,True
316,55.44,452.63,2.98,0.83,13.41,0.3,194.45,105.83,True
317,80.28,516.19,2.86,1.2,18.39,0.26,231.22,110.64,False
318,38.81,410.06,3.06,0.57,10.07,0.34,169.83,102.6,True
319,15.13,349.48,3.18,0.21,5.32,0.38,134.79,98.02,True
320,48.79,435.62,3.02,0.72,12.08,0.32,184.62,104.54,True
321,58.65,460.85,2.97,0.87,14.05,0.3,199.21,106.45,True
322,73.75,499.48,2.89,1.1,17.08,0.27,221.56,109.37,False
323,33.22,395.77,3.09,0.49,8.95,0.35,161.57,101.52,False
324,11.07,339.08,3.2,0.15,4.51,0.39,128.78,97.23,True
325,55.62,453.08,2.98,0.83,13.45,0.3,194.72,105.86,True
326,39.57,412.01,3.06,0.58,10.23,0.33,170.96,102.75,True
327,29.51,386.27,3.11,0.43,8.21,0.35,156.08,100.8,True
328,40.28,413.83,3.06,0.6,10.37,0.33,172.01,102.89,True
329,71.38,493.43,2.9,1.07,16.61,0.27,218.05,108.91,True
330,16.66,353.4,3.17,0.24,5.63,0.38,137.06,98.32,True
331,72.2,495.53,2.9,1.08,16.77,0.27,219.27,109.07,True
332,73.99,500.1,2.89,1.11,17.13,0.27,221.91,109.42,False
333,52.05,443.96,3.0,0.77,12.73,0.31,189.44,105.17,True
334,15.24,349.76,3.18,0.21,5.35,0.38,134.96,98.04,True
335,19.98,361.88,3.16,0.29,6.3,0.37,141.97,98.96,True
336,32.58,394.13,3.1,0.48,8.82,0.35,160.62,101.4,True
337,19.77,361.34,3.16,0.28,6.25,0.37,141.66,98.92,True
338,22.12,367.37,3.15,0.32,6.73,0.37,145.14,99.37,True
339,16.93,354.08,3.17,0.24,5.68,0.38,137.46,98.37,True
340,74.55,501.55,2.89,1.12,17.24,0.27,222.75,109.53,False
341,61.35,467.76,2.95,0.91,14.6,0.29,203.21,106.97,True
342,14.84,348.72,3.18,0.21,5.26,0.38,134.36,97.96,True
343,13.13,344.35,3.19,0.18,4.92,0.38,131.83,97.63,True
344,36.58,404.38,3.08,0.54,9.63,0.34,166.55,102.17,True
345,72.43,496.11,2.9,1.08,16.82,0.27,219.6,109.12,True
346,14.22,347.15,3.19,0.2,5.14,0.38,133.45,97.84,True
347,24.05,372.3,3.14,0.35,7.11,0.36,147.99,99.75,True
348,39.62,412.14,3.06,0.59,10.24,0.33,171.04,102.76,True
349,67.07,482.4,2.92,1.0,15.74,0.28,211.68,108.08,True
350,42.8,420.28,3.04,0.63,10.87,0.33,175.74,103.38,True
351,46.06,428.63,3.03,0.68,11.53,0.32,180.57,104.01,True
352,70.7,491.69,2.91,1.06,16.47,0.28,217.05,108.78,True
353,20.22,362.49,3.16,0.29,6.34,0.37,142.32,99.0,True
354,53.29,447.13,2.99,0.79,12.98,0.31,191.28,105.41,True
355,79.54,514.31,2.86,1.19,18.24,0.26,230.13,110.49,False
356,39.15,410.93,3.06,0.58,10.14,0.33,170.34,102.67,True
357,53.87,448.61,2.99,0.8,13.09,0.31,192.13,105.52,True
358,42.25,418.88,3.05,0.62,10.76,0.33,174.94,103.27,True
359,63.91,474.3,2.94,0.95,15.11,0.29,206.99,107.47,True
360,66.28,480.37,2.93,0.99,15.58,0.28,210.5,107.93,True
361,80.34,516.36,2.86,1.2,18.41,0.26,231.32,110.65,False
362,48.58,435.08,3.02,0.72,12.03,0.32,184.3,104.5,True
363,18.08,357.03,3.17,0.26,5.91,0.37,139.16,98.59,True
364,73.44,498.7,2.89,1.1,17.02,0.27,221.1,109.31,True
365,11.38,339.88,3.2,0.16,4.57,0.39,129.25,97.29,True
366,15.05,349.26,3.18,0.21,5.31,0.38,134.67,98.0,True
367,81.69,519.81,2.85,1.22,18.68,0.26,233.31,110.91,False
368,26.84,379.43,3.12,0.39,7.67,0.36,152.12,100.29,True
369,51.0,441.27,3.0,0.76,12.52,0.31,187.89,104.97,True
370,41.8,417.73,3.05,0.62,10.67,0.33,174.27,103.18,True
371,48.79,435.61,3.02,0.72,12.08,0.32,184.61,104.54,True
372,51.73,443.13,3.0,0.77,12.66,0.31,188.96,105.11,True
373,77.24,508.42,2.87,1.16,17.78,0.26,226.72,110.05,False
374,20.81,364.02,3.15,0.3,6.46,0.37,143.2,99.12,True
375,70.03,489.98,2.91,1.05,16.34,0.28,216.06,108.65,True
376,17.97,356.75,3.17,0.26,5.89,0.37,139.0,98.57,True
377,27.18,380.31,3.12,0.4,7.74,0.36,152.63,100.35,True
378,20.65,363.6,3.15,0.3,6.43,0.37,142.97,99.09,True
379,28.66,384.09,3.11,0.42,8.04,0.35,154.81,100.64,True
380,28.01,382.43,3.12,0.41,7.91,0.36,153.86,100.51,True
381,23.1,369.88,3.14,0.33,6.92,0.36,146.59,99.56,True
382,13.92,346.37,3.19,0.19,5.08,0.38,133.0,97.78,True
383,24.61,373.74,3.13,0.36,7.23,0.36,148.83,99.86,True
384,51.37,442.22,3.0,0.76,12.59,0.31,188.44,105.04,True
385,62.53,470.79,2.95,0.93,14.83,0.29,204.96,107.2,True
386,32.64,394.29,3.1,0.48,8.84,0.35,160.71,101.41,False
387,59.62,463.32,2.96,0.89,14.25,0.3,200.64,106.64,True
388,66.6,481.18,2.93,0.99,15.65,0.28,210.97,107.99,True
389,56.85,456.23,2.98,0.85,13.69,0.3,196.54,106.1,True
390,19.48,360.61,3.16,0.28,6.2,0.37,141.24,98.86,True
391,43.6,422.33,3.04,0.65,11.03,0.33,176.93,103.53,True
392,27.73,381.71,3.12,0.4,7.85,0.36,153.44,100.46,True
393,69.29,488.07,2.91,1.04,16.19,0.28,214.96,108.51,True
394,79.61,514.5,2.86,1.19,18.26,0.26,230.24,110.51,False
395,39.08,410.78,3.06,0.58,10.13,0.33,170.25,102.66,True
396,37.26,406.12,3.07,0.55,9.76,0.34,167.55,102.31,True
397,14.94,348.98,3.18,0.21,5.28,0.38,134.51,97.98,True
398,41.27,416.37,3.05,0.61,10.57,0.33,173.48,103.08,True
399,79.99,515.45,2.86,1.2,18.33,0.26,230.79,110.58,False
400,75.12,503.0,2.88,1.12,17.36,0.27,223.59,109.64,False
401,48.38,434.55,3.02,0.72,11.99,0.32,184.0,104.46,True
402,74.87,502.36,2.89,1.12,17.31,0.27,223.22,109.59,False
403,48.56,435.01,3.02,0.72,12.03,0.32,184.27,104.49,True
404,59.23,462.34,2.96,0.88,14.17,0.3,200.07,106.56,True
405,55.53,452.85,2.98,0.83,13.43,0.3,194.59,105.84,True
406,62.96,471.88,2.94,0.94,14.92,0.29,205.59,107.28,True
407,45.52,427.24,3.03,0.67,11.42,0.32,179.77,103.9,True
408,15.28,349.85,3.18,0.22,5.35,0.38,135.01,98.05,True
409,14.3,347.35,3.19,0.2,5.16,0.38,133.56,97.86,True
410,50.75,440.63,3.01,0.75,12.47,0.31,187.52,104.92,True
411,70.13,490.22,2.91,1.05,16.36,0.28,216.19,108.67,True
412,39.08,410.77,3.06,0.58,10.13,0.33,170.24,102.66,True
413,16.03,351.78,3.18,0.23,5.5,0.38,136.13,98.19,True
414,19.02,359.43,3.16,0.27,6.1,0.37,140.55,98.77,True
415,47.03,431.12,3.02,0.7,11.72,0.32,182.02,104.2,True
416,46.34,429.35,3.03,0.69,11.58,0.32,180.99,104.06,True
417,73.37,498.53,2.89,1.1,17.01,0.27,221.0,109.3,True
418,53.71,448.19,2.99,0.8,13.06,0.31,191.89,105.49,True
419,21.94,366.89,3.15,0.32,6.69,0.37,144.87,99.34,True
420,31.85,392.25,3.1,0.47,8.68,0.35,159.54,101.26,True
421,77.94,510.23,2.87,1.17,17.92,0.26,227.77,110.18,False
422,24.74,374.07,3.13,0.36,7.25,0.36,149.02,99.88,True
423,10.84,338.5,3.2,0.15,4.46,0.39,128.45,97.19,True
424,73.93,499.96,2.89,1.11,17.12,0.27,221.83,109.41,False
425,16.76,353.65,3.17,0.24,5.65,0.38,137.21,98.34,True
426,62.11,469.69,2.95,0.93,14.75,0.29,204.33,107.12,True
427,21.54,365.86,3.15,0.31,6.61,0.37,144.27,99.26,True
428,56.28,454.78,2.98,0.84,13.58,0.3,195.7,105.99,True
429,72.39,496.01,2.9,1.08,16.81,0.27,219.55,109.11,True
430,36.23,403.46,3.08,0.53,9.55,0.34,166.02,102.1,True
431,38.19,408.48,3.07,0.56,9.95,0.34,168.92,102.48,True
432,56.46,455.25,2.98,0.84,13.62,0.3,195.97,106.02,True
433,58.98,461.69,2.96,0.88,14.12,0.3,199.69,106.51,True
434,50.16,439.12,3.01,0.75,12.35,0.31,186.64,104.8,True
435,17.46,355.43,3.17,0.25,5.79,0.37,138.24,98.47,True
436,80.28,516.19,2.86,1.2,18.39,0.26,231.22,110.64,False
437,72.71,496.83,2.9,1.09,16.87,0.27,220.02,109.17,True
438,38.93,410.37,3.06,0.57,10.1,0.33,170.01,102.63,True
439,72.86,497.22,2.9,1.09,16.9,0.27,220.25,109.2,True
440,47.61,432.6,3.02,0.71,11.84,0.32,182.87,104.31,True
441,76.48,506.48,2.88,1.14,17.63,0.26,225.6,109.9,False
442,76.59,506.77,2.88,1.15,17.65,0.26,225.77,109.92,False
443,75.87,504.93,2.88,1.14,17.51,0.27,224.71,109.78,False
444,41.06,415.83,3.05,0.61,10.52,0.33,173.17,103.04,True
445,73.23,498.16,2.89,1.1,16.98,0.27,220.79,109.27,True
446,16.75,353.61,3.17,0.24,5.65,0.38,137.18,98.33,True
447,44.17,423.79,3.04,0.65,11.15,0.33,177.78,103.64,True
448,74.88,502.4,2.89,1.12,17.31,0.27,223.24,109.59,False
449,18.41,357.87,3.17,0.26,5.98,0.37,139.65,98.66,True
450,34.85,399.94,3.08,0.51,9.28,0.34,163.98,101.84,True
451,42.67,419.94,3.05,0.63,10.85,0.33,175.55,103.35,True
452,27.99,382.38,3.12,0.41,7.9,0.36,153.83,100.51,True
453,49.87,438.39,3.01,0.74,12.29,0.31,186.22,104.75,True
454,56.7,455.86,2.98,0.84,13.66,0.3,196.32,106.07,True
455,47.24,431.66,3.02,0.7,11.77,0.32,182.33,104.24,True
456,27.12,380.15,3.12,0.4,7.73,0.36,152.54,100.34,True
457,29.57,386.44,3.11,0.43,8.22,0.35,156.17,100.82,True
458,56.94,456.47,2.97,0.85,13.71,0.3,196.68,106.12,True
459,31.15,390.46,3.1,0.46,8.54,0.35,158.5,101.12,True
460,44.34,424.22,3.04,0.66,11.18,0.32,178.02,103.68,True
461,42.37,419.18,3.05,0.63,10.79,0.33,175.11,103.29,True
462,69.78,489.34,2.91,1.04,16.29,0.28,215.69,108.6,True
463,69.11,487.63,2.91,1.03,16.15,0.28,214.7,108.47,True
464,57.14,456.98,2.97,0.85,13.75,0.3,196.97,106.16,True
465,24.43,373.28,3.14,0.35,7.19,0.36,148.56,99.82,True
466,65.3,477.86,2.93,0.97,15.39,0.29,209.05,107.74,True
467,23.63,371.23,3.14,0.34,7.03,0.36,147.38,99.67,True
468,51.83,443.39,3.0,0.77,12.69,0.31,189.11,105.13,True
469,55.22,452.06,2.98,0.82,13.36,0.3,194.13,105.78,True
470,38.99,410.53,3.06,0.58,10.11,0.33,170.1,102.64,True
471,79.1,513.17,2.86,1.18,18.16,0.26,229.47,110.41,False
472,25.61,376.29,3.13,0.37,7.42,0.36,150.3,100.05,True
473,28.08,382.6,3.12,0.41,7.92,0.36,153.95,100.53,True
474,29.09,385.19,3.11,0.43,8.12,0.35,155.45,100.72,True
475,70.75,491.82,2.91,1.06,16.48,0.28,217.12,108.79,True
476,31.52,391.4,3.1,0.46,8.61,0.35,159.04,101.19,True
477,52.9,446.12,2.99,0.79,12.9,0.31,190.69,105.33,True
478,25.39,375.72,3.13,0.37,7.38,0.36,149.97,100.01,True
479,65.2,477.61,2.93,0.97,15.37,0.29,208.9,107.72,True
480,41.16,416.1,3.05,0.61,10.55,0.33,173.33,103.06,True
481,13.2,344.54,3.19,0.18,4.94,0.38,131.94,97.65,True
482,57.24,457.23,2.97,0.85,13.77,0.3,197.12,106.17,True
483,73.16,497.99,2.89,1.09,16.97,0.27,220.69,109.26,True
484,10.25,336.97,3.21,0.14,4.34,0.39,127.56,97.07,True
485,52.05,443.97,3.0,0.77,12.73,0.31,189.45,105.17,True
486,39.52,411.89,3.06,0.58,10.22,0.33,170.89,102.74,True
487,66.79,481.69,2.93,1.0,15.69,0.28,211.26,108.02,True
488,16.68,353.43,3.17,0.24,5.63,0.38,137.08,98.32,True
489,10.87,338.57,3.2,0.15,4.47,0.39,128.49,97.19,True
490,29.69,386.72,3.11,0.43,8.24,0.35,156.34,100.84,True
491,53.64,448.03,2.99,0.8,13.05,0.31,191.79,105.48,True
492,51.32,442.09,3.0,0.76,12.58,0.31,188.36,105.03,True
493,17.46,355.44,3.17,0.25,5.79,0.37,138.24,98.47,True
494,55.3,452.27,2.98,0.82,13.38,0.3,194.25,105.8,True
495,37.08,405.64,3.07,0.55,9.73,0.34,167.28,102.27,True
496,77.02,507.86,2.88,1.15,17.74,0.26,226.4,110.01,False
497,78.78,512.36,2.87,1.18,18.09,0.26,229.0,110.35,False
498,57.86,458.83,2.97,0.86,13.9,0.3,198.04,106.3,True
499,55.38,452.47,2.98,0.82,13.4,0.3,194.36,105.81,True
500,47.24,431.64,3.02,0.7,11.76,0.32,182.32,104.24,True
501,49.3,436.92,3.01,0.73,12.18,0.32,185.37,104.64,True
502,27.85,382.03,3.12,0.41,7.88,0.36,153.62,100.48,True
503,76.47,506.45,2.88,1.14,17.63,0.26,225.59,109.9,False
504,36.85,405.06,3.07,0.54,9.68,0.34,166.94,102.23,True
505,35.25,400.96,3.08,0.52,9.36,0.34,164.57,101.92,True
506,64.7,476.34,2.94,0.97,15.27,0.29,208.17,107.62,True
507,26.04,377.39,3.13,0.38,7.51,0.36,150.94,100.13,True
508,29.27,385.66,3.11,0.43,8.16,0.35,155.72,100.76,True
509,56.89,456.34,2.97,0.85,13.7,0.3,196.6,106.11,True
510,34.38,398.74,3.09,0.51,9.18,0.34,163.29,101.75,True
511,72.75,496.94,2.9,1.09,16.88,0.27,220.09,109.18,True
512,12.74,343.36,3.19,0.18,4.84,0.38,131.26,97.56,True
513,23.95,372.05,3.14,0.35,7.09,0.36,147.85,99.73,True
514,14.03,346.65,3.19,0.2,5.1,0.38,133.16,97.81,True
515,28.07,382.6,3.12,0.41,7.92,0.36,153.95,100.53,True
516,77.72,509.66,2.87,1.16,17.88,0.26,227.44,110.14,False
517,76.09,505.48,2.88,1.14,17.55,0.27,225.02,109.83,False
518,81.32,518.87,2.85,1.22,18.6,0.26,232.77,110.84,False
519,22.83,369.17,3.14,0.33,6.87,0.36,146.19,99.51,True
520,41.13,416.02,3.05,0.61,10.54,0.33,173.28,103.06,True
521,33.98,397.7,3.09,0.5,9.1,0.34,162.69,101.67,False
522,32.01,392.66,3.1,0.47,8.71,0.35,159.77,101.29,True
523,64.31,475.33,2.94,0.96,15.19,0.29,207.59,107.54,True
524,29.0,384.97,3.11,0.42,8.11,0.35,155.32,100.71,True
525,13.46,345.2,3.19,0.19,4.99,0.38,132.32,97.7,True
526,64.44,475.66,2.94,0.96,15.21,0.29,207.78,107.57,True
527,24.51,373.47,3.14,0.36,7.2,0.36,148.67,99.84,True
528,42.23,418.83,3.05,0.62,10.76,0.33,174.91,103.27,True
529,67.6,483.75,2.92,1.01,15.85,0.28,212.46,108.18,True
530,63.92,474.34,2.94,0.95,15.11,0.29,207.01,107.47,True
531,37.44,406.56,3.07,0.55,9.8,0.34,167.81,102.34,True
532,70.99,492.42,2.91,1.06,16.53,0.28,217.47,108.84,True
533,40.84,415.28,3.05,0.6,10.48,0.33,172.85,103.0,True
534,38.28,408.7,3.07,0.56,9.97,0.34,169.05,102.5,True
535,35.46,401.49,3.08,0.52,9.4,0.34,164.88,101.96,True
536,20.63,363.55,3.15,0.3,6.43,0.37,142.94,99.09,True
537,15.4,350.17,3.18,0.22,5.38,0.38,135.19,98.07,True
538,29.17,385.4,3.11,0.43,8.14,0.35,155.57,100.74,True
539,71.35,493.36,2.9,1.07,16.6,0.27,218.01,108.91,True
540,18.91,359.13,3.16,0.27,6.08,0.37,140.38,98.75,True
541,66.15,480.04,2.93,0.99,15.56,0.28,210.31,107.9,True
542,65.13,477.43,2.93,0.97,15.35,0.29,208.8,107.7,True
543,36.32,403.69,3.08,0.53,9.57,0.34,166.15,102.12,True
544,29.51,386.27,3.11,0.43,8.21,0.35,156.08,100.8,True
545,11.49,340.15,3.2,0.16,4.59,0.39,129.4,97.31,True
546,34.5,399.05,3.09,0.51,9.21,0.34,163.47,101.77,True
547,74.13,500.47,2.89,1.11,17.16,0.27,222.13,109.45,False
548,12.54,342.85,3.19,0.17,4.8,0.38,130.96,97.52,True
549,27.73,381.72,3.12,0.4,7.85,0.36,153.45,100.46,True
550,64.49,475.8,2.94,0.96,15.23,0.29,207.86,107.58,True
551,54.78,450.95,2.99,0.82,13.28,0.31,193.49,105.7,True
552,20.95,364.38,3.15,0.3,6.49,0.37,143.41,99.15,True
553,13.61,345.58,3.19,0.19,5.02,0.38,132.54,97.73,True
554,62.23,470.01,2.95,0.93,14.77,0.29,204.51,107.14,True
555,75.75,504.6,2.88,1.13,17.48,0.27,224.52,109.76,False
556,44.89,425.62,3.03,0.66,11.29,0.32,178.84,103.78,True
557,51.35,442.17,3.0,0.76,12.59,0.31,188.41,105.03,True
558,16.89,353.98,3.17,0.24,5.68,0.38,137.4,98.36,True
559,32.74,394.53,3.09,0.48,8.85,0.35,160.85,101.43,False
560,27.91,382.17,3.12,0.41,7.89,0.36,153.7,100.49,True
561,79.07,513.1,2.87,1.18,18.15,0.26,229.43,110.4,False
562,76.07,505.43,2.88,1.14,17.55,0.27,225.0,109.82,False
563,15.54,350.53,3.18,0.22,5.41,0.38,135.4,98.1,True
564,15.94,351.55,3.18,0.23,5.49,0.38,135.99,98.18,True
565,80.77,517.46,2.86,1.21,18.49,0.26,231.95,110.73,False
566,64.52,475.86,2.94,0.96,15.23,0.29,207.89,107.58,True
567,77.4,508.82,2.87,1.16,17.81,0.26,226.96,110.08,False
568,14.74,348.47,3.18,0.21,5.24,0.38,134.21,97.94,True
569,81.59,519.57,2.85,1.22,18.66,0.26,233.17,110.89,False
570,63.39,472.97,2.94,0.95,15.0,0.29,206.22,107.37,True
571,24.38,373.14,3.14,0.35,7.18,0.36,148.48,99.81,True
572,32.25,393.28,3.1,0.47,8.76,0.35,160.13,101.33,True
573,20.44,363.05,3.16,0.29,6.39,0.37,142.64,99.05,True
574,59.44,462.87,2.96,0.89,14.21,0.3,200.38,106.6,True
575,50.28,439.44,3.01,0.75,12.38,0.31,186.83,104.83,True
576,64.58,476.02,2.94,0.96,15.24,0.29,207.99,107.6,True
577,29.96,387.42,3.11,0.44,8.3,0.35,156.74,100.89,True
578,50.13,439.04,3.01,0.74,12.34,0.31,186.59,104.8,True
579,67.13,482.54,2.92,1.0,15.75,0.28,211.76,108.09,True
580,37.67,407.17,3.07,0.56,9.85,0.34,168.16,102.39,True
581,77.04,507.91,2.88,1.15,17.74,0.26,226.43,110.01,False
582,26.57,378.76,3.13,0.39,7.62,0.36,151.73,100.24,True
583,71.4,493.48,2.9,1.07,16.61,0.27,218.09,108.92,True
584,45.63,427.53,3.03,0.68,11.44,0.32,179.94,103.93,True
585,70.77,491.87,2.91,1.06,16.49,0.28,217.15,108.8,True
586,18.65,358.49,3.16,0.27,6.03,0.37,140.01,98.7,True
587,69.75,489.27,2.91,1.04,16.28,0.28,215.65,108.6,True
588,51.34,442.15,3.0,0.76,12.59,0.31,188.4,105.03,True
589,30.16,387.93,3.11,0.44,8.34,0.35,157.03,100.93,True
590,46.34,429.35,3.03,0.69,11.58,0.32,180.99,104.06,True
591,38.76,409.93,3.06,0.57,10.06,0.34,169.76,102.6,True
592,19.33,360.21,3.16,0.28,6.16,0.37,141.01,98.83,True
593,25.78,376.73,3.13,0.37,7.46,0.36,150.56,100.08,True
594,11.88,341.15,3.2,0.16,4.67,0.39,129.98,97.39,True
595,61.55,468.28,2.95,0.92,14.64,0.29,203.51,107.01,True
596,23.47,370.81,3.14,0.34,7.0,0.36,147.14,99.63,True
597,63.99,474.52,2.94,0.96,15.13,0.29,207.12,107.48,True
598,61.27,467.54,2.95,0.91,14.58,0.29,203.08,106.95,True
599,37.37,406.39,3.07,0.55,9.79,0.34,167.71,102.33,True
600,81.75,519.98,2.85,1.22,18.69,0.26,233.41,110.92,False
601,61.79,468.87,2.95,0.92,14.68,0.29,203.85,107.06,True
602,17.36,355.17,3.17,0.25,5.77,0.37,138.09,98.45,True
603,64.71,476.35,2.94,0.97,15.27,0.29,208.18,107.62,True
604,29.21,385.5,3.11,0.43,8.15,0.35,155.63,100.75,True
605,45.7,427.71,3.03,0.68,11.46,0.32,180.04,103.94,True
606,33.84,397.36,3.09,0.5,9.08,0.34,162.49,101.64,False
607,17.05,354.38,3.17,0.24,5.71,0.38,137.63,98.39,True
608,68.52,486.11,2.92,1.02,16.03,0.28,213.82,108.36,True
609,50.1,438.95,3.01,0.74,12.34,0.31,186.55,104.79,True
610,41.47,416.88,3.05,0.61,10.61,0.33,173.78,103.12,True
611,57.06,456.77,2.97,0.85,13.73,0.3,196.85,106.14,True
612,66.84,481.8,2.93,1.0,15.7,0.28,211.33,108.03,True
613,64.45,475.7,2.94,0.96,15.22,0.29,207.8,107.57,True
614,60.98,466.8,2.95,0.91,14.52,0.29,202.65,106.9,True
615,68.36,485.7,2.92,1.02,16.0,0.28,213.58,108.33,True
616,64.41,475.59,2.94,0.96,15.21,0.29,207.73,107.56,True
617,72.61,496.57,2.9,1.09,16.85,0.27,219.87,109.15,True
618,39.01,410.59,3.06,0.58,10.11,0.33,170.14,102.64,True
619,32.48,393.86,3.1,0.48,8.8,0.35,160.47,101.38,True
620,82.1,520.87,2.85,1.23,18.76,0.25,233.93,110.99,False
621,55.21,452.05,2.98,0.82,13.36,0.3,194.12,105.78,True
622,18.94,359.23,3.16,0.27,6.09,0.37,140.44,98.76,True
623,60.47,465.51,2.96,0.9,14.42,0.29,201.9,106.8,True
624,32.1,392.9,3.1,0.47,8.73,0.35,159.91,101.31,True
625,63.17,472.4,2.94,0.94,14.96,0.29,205.89,107.32,True
626,34.51,399.08,3.09,0.51,9.21,0.34,163.48,101.77,True
627,23.69,371.37,3.14,0.34,7.04,0.36,147.45,99.68,True
628,62.58,470.92,2.95,0.93,14.84,0.29,205.03,107.21,True
629,10.9,338.64,3.2,0.15,4.47,0.39,128.53,97.2,True
630,26.37,378.24,3.13,0.38,7.58,0.36,151.43,100.2,True
631,35.98,402.82,3.08,0.53,9.51,0.34,165.65,102.06,True
632,30.52,388.85,3.11,0.45,8.41,0.35,157.57,101.0,True
633,50.92,441.07,3.0,0.76,12.5,0.31,187.77,104.95,True
634,41.43,416.79,3.05,0.61,10.6,0.33,173.73,103.11,True
635,75.58,504.17,2.88,1.13,17.45,0.27,224.26,109.73,False
636,51.55,442.69,3.0,0.77,12.63,0.31,188.71,105.07,True
637,80.14,515.84,2.86,1.2,18.37,0.26,231.02,110.61,False
638,81.37,518.99,2.85,1.22,18.61,0.26,232.84,110.85,False
639,10.43,337.44,3.21,0.14,4.38,0.39,127.83,97.11,True
640,43.43,421.89,3.04,0.64,11.0,0.33,176.68,103.5,True
641,22.72,368.9,3.14,0.33,6.85,0.36,146.03,99.49,True
642,22.94,369.45,3.14,0.33,6.89,0.36,146.35,99.53,True
643,61.18,467.33,2.95,0.91,14.56,0.29,202.96,106.94,True
644,30.25,388.16,3.11,0.44,8.36,0.35,157.17,100.95,True
645,71.13,492.8,2.9,1.06,16.56,0.27,217.69,108.87,True
646,10.29,337.09,3.21,0.14,4.35,0.39,127.63,97.08,True
647,30.65,389.19,3.11,0.45,8.44,0.35,157.76,101.03,True
648,59.88,463.99,2.96,0.89,14.3,0.3,201.03,106.69,True
649,64.67,476.24,2.94,0.97,15.26,0.29,208.11,107.61,True
650,61.35,467.76,2.95,0.91,14.6,0.29,203.21,106.97,True
651,19.59,360.89,3.16,0.28,6.22,0.37,141.4,98.88,True
652,77.97,510.29,2.87,1.17,17.93,0.26,227.81,110.19,False
653,37.15,405.83,3.07,0.55,9.74,0.34,167.39,102.28,True
654,45.14,426.28,3.03,0.67,11.34,0.32,179.22,103.83,True
655,24.93,374.56,3.13,0.36,7.29,0.36,149.3,99.92,True
656,54.99,451.47,2.98,0.82,13.32,0.3,193.78,105.74,True
657,55.32,452.32,2.98,0.82,13.39,0.3,194.28,105.8,True
658,65.11,477.38,2.93,0.97,15.35,0.29,208.77,107.7,True
659,26.88,379.53,3.12,0.39,7.68,0.36,152.18,100.29,True
660,30.14,387.89,3.11,0.44,8.33,0.35,157.01,100.93,True
661,59.46,462.91,2.96,0.89,14.22,0.3,200.4,106.6,True
662,57.9,458.92,2.97,0.86,13.9,0.3,198.1,106.3,True
663,70.15,490.29,2.91,1.05,16.36,0.28,216.24,108.68,True
664,55.54,452.88,2.98,0.83,13.43,0.3,194.6,105.84,True
665,63.51,473.29,2.94,0.95,15.03,0.29,206.41,107.39,True
666,59.43,462.85,2.96,0.89,14.21,0.3,200.37,106.6,True
667,24.61,373.73,3.13,0.36,7.22,0.36,148.82,99.86,True
668,81.17,518.49,2.85,1.22,18.57,0.26,232.55,110.81,False
669,36.11,403.16,3.08,0.53,9.53,0.34,165.84,102.08,True
670,57.0,456.63,2.97,0.85,13.72,0.3,196.77,106.13,True
671,27.17,380.29,3.12,0.4,7.74,0.36,152.62,100.35,True
672,60.51,465.61,2.96,0.9,14.43,0.29,201.96,106.81,True
673,49.27,436.84,3.01,0.73,12.17,0.32,185.33,104.63,True
674,23.11,369.89,3.14,0.33,6.92,0.36,146.6,99.56,True
675,31.48,391.31,3.1,0.46,8.6,0.35,158.99,101.19,True
676,58.28,459.91,2.97,0.87,13.98,0.3,198.67,106.38,True
677,49.44,437.27,3.01,0.73,12.21,0.32,185.57,104.66,True
678,48.84,435.73,3.01,0.72,12.09,0.32,184.68,104.55,True
679,31.57,391.53,3.1,0.46,8.62,0.35,159.12,101.2,True
680,54.2,449.45,2.99,0.81,13.16,0.31,192.62,105.59,True
681,15.28,349.86,3.18,0.22,5.35,0.38,135.02,98.05,True
682,10.93,338.73,3.2,0.15,4.48,0.39,128.58,97.21,True
683,37.11,405.71,3.07,0.55,9.73,0.34,167.32,102.28,True
684,81.35,518.94,2.85,1.22,18.61,0.26,232.81,110.84,False
685,68.02,484.83,2.92,1.02,15.93,0.28,213.08,108.26,True
686,80.26,516.16,2.86,1.2,18.39,0.26,231.2,110.63,False
687,29.79,387.0,3.11,0.44,8.26,0.35,156.5,100.86,True
688,52.47,445.04,3.0,0.78,12.81,0.31,190.07,105.25,True
689,55.74,453.4,2.98,0.83,13.47,0.3,194.9,105.88,True
690,76.93,507.64,2.88,1.15,17.72,0.26,226.27,109.99,False
691,20.22,362.5,3.16,0.29,6.34,0.37,142.33,99.01,True
692,77.64,509.44,2.87,1.16,17.86,0.26,227.31,110.13,False
693,69.58,488.82,2.91,1.04,16.25,0.28,215.39,108.56,True
694,75.14,503.06,2.88,1.12,17.36,0.27,223.62,109.64,False
695,24.86,374.36,3.13,0.36,7.27,0.36,149.19,99.9,True
696,58.05,459.31,2.97,0.86,13.93,0.3,198.32,106.33,True
697,43.81,422.87,3.04,0.65,11.08,0.33,177.24,103.57,True
698,81.4,519.07,2.85,1.22,18.62,0.26,232.88,110.85,False
699,57.69,458.38,2.97,0.86,13.86,0.3,197.78,106.26,True
700,41.14,416.03,3.05,0.61,10.54,0.33,173.29,103.06,True
701,77.61,509.37,2.87,1.16,17.86,0.26,227.28,110.12,False
702,36.88,405.13,3.07,0.54,9.69,0.34,166.99,102.23,True
703,59.65,463.41,2.96,0.89,14.25,0.3,200.69,106.64,True
704,48.41,434.65,3.02,0.72,12.0,0.32,184.06,104.47,True
705,24.61,373.74,3.13,0.36,7.23,0.36,148.83,99.86,True
706,77.02,507.85,2.88,1.15,17.74,0.26,226.4,110.01,False
707,47.19,431.51,3.02,0.7,11.75,0.32,182.24,104.23,True
708,35.64,401.97,3.08,0.52,9.44,0.34,165.16,101.99,True
709,15.78,351.14,3.18,0.22,5.45,0.38,135.76,98.15,True
710,43.54,422.17,3.04,0.64,11.02,0.33,176.84,103.52,True
711,35.7,402.11,3.08,0.53,9.45,0.34,165.24,102.0,True
712,33.24,395.81,3.09,0.49,8.96,0.35,161.59,101.53,False
713,24.57,373.63,3.14,0.36,7.22,0.36,148.76,99.85,True
714,28.39,383.41,3.12,0.41,7.98,0.35,154.42,100.59,True
715,77.09,508.05,2.87,1.15,17.75,0.26,226.51,110.02,False
716,29.51,386.26,3.11,0.43,8.21,0.35,156.07,100.8,True
717,51.72,443.12,3.0,0.77,12.66,0.31,188.96,105.11,True
718,79.42,514.01,2.86,1.19,18.22,0.26,229.96,110.47,False
719,71.21,492.99,2.9,1.06,16.57,0.27,217.8,108.88,True
720,50.52,440.04,3.01,0.75,12.42,0.31,187.17,104.87,True
721,44.3,424.12,3.04,0.66,11.17,0.32,177.97,103.67,True
722,70.03,489.96,2.91,1.05,16.34,0.28,216.05,108.65,True
723,59.3,462.52,2.96,0.88,14.18,0.3,200.17,106.57,True
724,37.87,407.65,3.07,0.56,9.88,0.34,168.44,102.42,True
725,21.01,364.52,3.15,0.3,6.5,0.37,143.49,99.16,True
726,21.4,365.52,3.15,0.31,6.58,0.37,144.07,99.23,True
727,80.18,515.96,2.86,1.2,18.37,0.26,231.08,110.62,False
728,81.71,519.85,2.85,1.22,18.68,0.26,233.34,110.91,False
729,75.02,502.75,2.89,1.12,17.34,0.27,223.45,109.62,False
730,31.38,391.05,3.1,0.46,8.58,0.35,158.84,101.17,True
731,34.43,398.87,3.09,0.51,9.2,0.34,163.36,101.76,True
732,79.57,514.38,2.86,1.19,18.25,0.26,230.17,110.5,False
733,61.85,469.03,2.95,0.92,14.7,0.29,203.94,107.07,True
734,37.88,407.69,3.07,0.56,9.89,0.34,168.47,102.43,True
735,50.75,440.62,3.01,0.75,12.47,0.31,187.51,104.92,True
736,40.77,415.1,3.05,0.6,10.47,0.33,172.75,102.99,True
737,52.4,444.86,3.0,0.78,12.8,0.31,189.96,105.24,True
738,40.56,414.54,3.06,0.6,10.42,0.33,172.43,102.94,True
739,34.17,398.19,3.09,0.5,9.14,0.34,162.97,101.71,True
740,38.29,408.74,3.07,0.56,9.97,0.34,169.07,102.5,True
741,37.52,406.78,3.07,0.55,9.81,0.34,167.94,102.36,True
742,60.95,466.74,2.95,0.91,14.52,0.29,202.62,106.89,True
743,62.54,470.79,2.95,0.93,14.83,0.29,204.96,107.2,True
744,54.42,450.02,2.99,0.81,13.21,0.31,192.95,105.63,True
745,18.89,359.09,3.16,0.27,6.08,0.37,140.35,98.75,True
746,72.03,495.1,2.9,1.08,16.74,0.27,219.02,109.04,True
747,64.88,476.79,2.94,0.97,15.3,0.29,208.43,107.65,True
748,17.75,356.18,3.17,0.25,5.85,0.37,138.67,98.53,True
749,16.85,353.87,3.17,0.24,5.67,0.38,137.34,98.35,True
750,29.11,385.24,3.11,0.43,8.13,0.35,155.48,100.73,True
751,36.49,404.15,3.08,0.54,9.61,0.34,166.41,102.16,True
752,67.28,482.93,2.92,1.0,15.78,0.28,211.98,108.12,True
753,55.08,451.71,2.98,0.82,13.34,0.3,193.93,105.76,True
754,42.35,419.13,3.05,0.63,10.78,0.33,175.08,103.29,True
755,52.87,446.06,2.99,0.79,12.89,0.31,190.66,105.33,True
756,70.69,491.67,2.91,1.06,16.47,0.28,217.04,108.78,True
757,59.78,463.74,2.96,0.89,14.28,0.3,200.88,106.67,True
758,26.8,379.34,3.12,0.39,7.66,0.36,152.07,100.28,True
759,80.29,516.22,2.86,1.2,18.39,0.26,231.24,110.64,False
760,43.26,421.45,3.04,0.64,10.97,0.33,176.42,103.47,True
761,37.21,405.98,3.07,0.55,9.75,0.34,167.48,102.3,True
762,49.85,438.32,3.01,0.74,12.29,0.31,186.18,104.74,True
763,38.65,409.67,3.07,0.57,10.04,0.34,169.61,102.57,True
764,58.77,461.14,2.97,0.88,14.08,0.3,199.38,106.47,True
765,28.82,384.51,3.11,0.42,8.07,0.35,155.06,100.67,True
766,45.91,428.25,3.03,0.68,11.5,0.32,180.36,103.98,True
767,69.51,488.63,2.91,1.04,16.23,0.28,215.28,108.55,True
768,67.14,482.59,2.92,1.0,15.76,0.28,211.78,108.09,True
769,64.77,476.52,2.94,0.97,15.28,0.29,208.27,107.63,True
770,68.68,486.52,2.92,1.03,16.07,0.28,214.06,108.39,True
771,19.04,359.47,3.16,0.27,6.11,0.37,140.57,98.78,True
772,76.88,507.51,2.88,1.15,17.71,0.26,226.2,109.98,False
773,19.06,359.52,3.16,0.27,6.11,0.37,140.6,98.78,True
774,65.66,478.8,2.93,0.98,15.46,0.29,209.59,107.81,True
775,63.5,473.26,2.94,0.95,15.03,0.29,206.39,107.39,True
776,54.25,449.59,2.99,0.81,13.17,0.31,192.7,105.6,True
777,76.57,506.71,2.88,1.15,17.65,0.26,225.73,109.92,False
778,77.37,508.75,2.87,1.16,17.81,0.26,226.92,110.07,False
779,77.0,507.82,2.88,1.15,17.74,0.26,226.37,110.0,False
780,76.32,506.06,2.88,1.14,17.6,0.27,225.36,109.87,False
781,10.63,337.96,3.2,0.14,4.42,0.39,128.14,97.15,True
782,76.6,506.78,2.88,1.15,17.65,0.26,225.78,109.92,False
783,30.28,388.25,3.11,0.44,8.36,0.35,157.22,100.95,True
784,23.78,371.6,3.14,0.34,7.06,0.36,147.59,99.69,True
785,60.31,465.1,2.96,0.9,14.39,0.3,201.67,106.77,True
786,80.36,516.41,2.86,1.2,18.41,0.26,231.35,110.65,False
787,75.15,503.08,2.88,1.12,17.36,0.27,223.64,109.64,False
788,24.53,373.52,3.14,0.36,7.21,0.36,148.7,99.84,True
789,57.17,457.05,2.97,0.85,13.76,0.3,197.01,106.16,True
790,20.96,364.39,3.15,0.3,6.49,0.37,143.42,99.15,True
791,80.1,515.76,2.86,1.2,18.36,0.26,230.97,110.6,False
792,22.47,368.26,3.15,0.32,6.8,0.37,145.66,99.44,True
793,25.53,376.09,3.13,0.37,7.41,0.36,150.19,100.03,True
794,65.7,478.9,2.93,0.98,15.47,0.29,209.65,107.81,True
795,11.53,340.26,3.2,0.16,4.6,0.39,129.46,97.32,True
796,75.99,505.23,2.88,1.14,17.53,0.27,224.88,109.81,False
797,60.9,466.6,2.96,0.91,14.5,0.29,202.54,106.88,True
798,12.91,343.8,3.19,0.18,4.88,0.38,131.51,97.59,True
799,41.32,416.5,3.05,0.61,10.58,0.33,173.56,103.09,True
800,65.82,479.19,2.93,0.98,15.49,0.28,209.82,107.84,True
801,66.88,481.91,2.93,1.0,15.7,0.28,211.39,108.04,True
802,32.63,394.25,3.1,0.48,8.83,0.35,160.69,101.41,False
803,42.17,418.66,3.05,0.62,10.75,0.33,174.81,103.26,True
804,19.48,360.59,3.16,0.28,6.19,0.37,141.22,98.86,True
805,20.14,362.28,3.16,0.29,6.33,0.37,142.2,98.99,True
806,62.47,470.63,2.95,0.93,14.82,0.29,204.87,107.19,True
807,10.01,336.37,3.21,0.14,4.3,0.39,127.22,97.03,True
808,29.05,385.11,3.11,0.42,8.12,0.35,155.4,100.72,True
809,52.9,446.12,2.99,0.79,12.9,0.31,190.69,105.33,True
810,57.87,458.86,2.97,0.86,13.9,0.3,198.06,106.3,True
811,30.41,388.58,3.11,0.45,8.39,0.35,157.41,100.98,True
812,38.71,409.82,3.07,0.57,10.05,0.34,169.7,102.59,True
813,37.21,405.98,3.07,0.55,9.75,0.34,167.47,102.3,True
814,19.87,361.6,3.16,0.29,6.27,0.37,141.81,98.94,True
815,46.35,429.37,3.03,0.69,11.59,0.32,181.0,104.07,True
816,67.2,482.72,2.92,1.0,15.77,0.28,211.86,108.1,True
817,56.36,455.0,2.98,0.84,13.6,0.3,195.83,106.01,True
818,48.58,435.07,3.02,0.72,12.03,0.32,184.3,104.5,True
819,37.79,407.46,3.07,0.56,9.87,0.34,168.33,102.41,True
820,41.54,417.07,3.05,0.61,10.62,0.33,173.89,103.13,True
821,13.09,344.26,3.19,0.18,4.91,0.38,131.78,97.62,True
822,63.76,473.92,2.94,0.95,15.08,0.29,206.77,107.44,True
823,52.09,444.07,3.0,0.77,12.74,0.31,189.5,105.18,True
824,18.31,357.6,3.17,0.26,5.96,0.37,139.49,98.63,True
825,77.89,510.08,2.87,1.17,17.91,0.26,227.68,110.17,False
826,47.98,433.55,3.02,0.71,11.91,0.32,183.42,104.38,True
827,27.92,382.19,3.12,0.41,7.89,0.36,153.72,100.5,True
828,81.89,520.33,2.85,1.23,18.72,0.25,233.61,110.95,False
829,59.72,463.6,2.96,0.89,14.27,0.3,200.8,106.66,True
830,59.02,461.79,2.96,0.88,14.13,0.3,199.75,106.52,True
831,64.78,476.53,2.94,0.97,15.28,0.29,208.28,107.63,True
832,31.42,391.16,3.1,0.46,8.59,0.35,158.9,101.17,True
833,35.51,401.64,3.08,0.52,9.41,0.34,164.96,101.97,True
834,24.23,372.75,3.14,0.35,7.15,0.36,148.25,99.78,True
835,40.22,413.68,3.06,0.59,10.36,0.33,171.93,102.88,True
836,68.38,485.74,2.92,1.02,16.01,0.28,213.61,108.33,True
837,53.11,446.68,2.99,0.79,12.94,0.31,191.01,105.38,True
838,79.54,514.3,2.86,1.19,18.24,0.26,230.13,110.49,False
839,57.43,457.73,2.97,0.86,13.81,0.3,197.41,106.21,True
840,71.18,492.91,2.9,1.06,16.57,0.27,217.75,108.87,True
841,21.3,365.26,3.15,0.31,6.56,0.37,143.92,99.21,True
842,61.19,467.34,2.95,0.91,14.56,0.29,202.96,106.94,True
843,15.52,350.47,3.18,0.22,5.4,0.38,135.37,98.09,True
844,63.88,474.23,2.94,0.95,15.1,0.29,206.95,107.46,True
845,12.28,342.17,3.2,0.17,4.75,0.38,130.57,97.47,True
846,66.15,480.06,2.93,0.99,15.56,0.28,210.32,107.9,True
847,51.95,443.69,3.0,0.77,12.71,0.31,189.29,105.15,True
848,66.06,479.81,2.93,0.99,15.54,0.28,210.18,107.88,True
849,32.52,393.97,3.1,0.48,8.81,0.35,160.53,101.39,True
850,47.3,431.81,3.02,0.7,11.78,0.32,182.41,104.25,True
851,27.87,382.08,3.12,0.41,7.88,0.36,153.65,100.49,True
852,53.48,447.63,2.99,0.8,13.02,0.31,191.56,105.45,True
853,56.65,455.74,2.98,0.84,13.65,0.3,196.25,106.06,True
854,61.72,468.7,2.95,0.92,14.67,0.29,203.75,107.04,True
855,43.84,422.95,3.04,0.65,11.08,0.33,177.29,103.58,True
856,47.77,433.01,3.02,0.71,11.87,0.32,183.11,104.34,True
857,38.07,408.18,3.07,0.56,9.93,0.34,168.75,102.46,True
858,15.99,351.67,3.18,0.23,5.5,0.38,136.07,98.19,True
859,73.28,498.28,2.89,1.1,16.99,0.27,220.86,109.28,True
860,49.8,438.19,3.01,0.74,12.28,0.31,186.1,104.73,True
861,31.15,390.47,3.1,0.46,8.54,0.35,158.5,101.12,True
862,59.41,462.8,2.96,0.89,14.21,0.3,200.34,106.6,True
863,41.77,417.64,3.05,0.62,10.67,0.33,174.22,103.18,True
864,82.11,520.89,2.85,1.23,18.76,0.25,233.93,110.99,False
865,70.34,490.75,2.91,1.05,16.4,0.28,216.51,108.71,True
866,12.23,342.05,3.2,0.17,4.74,0.38,130.5,97.46,True
867,41.13,416.01,3.05,0.61,10.54,0.33,173.27,103.05,True
868,27.1,380.11,3.12,0.39,7.72,0.36,152.51,100.34,True
869,73.38,498.54,2.89,1.1,17.01,0.27,221.01,109.3,True
870,65.45,478.25,2.93,0.98,15.42,0.29,209.28,107.77,True
871,19.1,359.62,3.16,0.27,6.12,0.37,140.66,98.79,True
872,23.21,370.14,3.14,0.34,6.94,0.36,146.75,99.58,True
873,27.9,382.15,3.12,0.41,7.88,0.36,153.69,100.49,True
874,14.44,347.7,3.19,0.2,5.18,0.38,133.77,97.89,True
875,30.18,388.0,3.11,0.44,8.34,0.35,157.08,100.94,True
876,52.99,446.37,2.99,0.79,12.92,0.31,190.83,105.35,True
877,82.14,520.97,2.85,1.23,18.77,0.25,233.98,111.0,False
878,78.36,511.3,2.87,1.17,18.01,0.26,228.39,110.27,False
879,53.0,446.39,2.99,0.79,12.92,0.31,190.85,105.35,True
880,31.74,391.97,3.1,0.47,8.65,0.35,159.37,101.24,True
881,37.59,406.95,3.07,0.55,9.83,0.34,168.04,102.37,True
882,26.52,378.63,3.13,0.39,7.61,0.36,151.65,100.23,True
883,60.54,465.68,2.96,0.9,14.43,0.29,202.0,106.81,True
884,14.04,346.68,3.19,0.2,5.1,0.38,133.18,97.81,True
885,53.94,448.78,2.99,0.8,13.11,0.31,192.23,105.54,True
886,81.46,519.22,2.85,1.22,18.63,0.26,232.97,110.87,False
887,58.35,460.08,2.97,0.87,13.99,0.3,198.77,106.39,True
888,76.2,505.77,2.88,1.14,17.58,0.27,225.19,109.85,False
889,39.09,410.79,3.06,0.58,10.13,0.33,170.25,102.66,True
890,39.83,412.68,3.06,0.59,10.28,0.33,171.35,102.8,True
891,35.14,400.68,3.08,0.52,9.34,0.34,164.41,101.89,True
892,63.84,474.13,2.94,0.95,15.09,0.29,206.89,107.45,True
893,14.48,347.81,3.19,0.2,5.19,0.38,133.83,97.89,True
894,81.05,518.17,2.86,1.21,18.55,0.26,232.36,110.79,False
895,19.53,360.74,3.16,0.28,6.21,0.37,141.31,98.87,True
896,69.15,487.71,2.91,1.03,16.16,0.28,214.75,108.48,True
897,34.04,397.85,3.09,0.5,9.12,0.34,162.78,101.68,False
898,44.99,425.88,3.03,0.67,11.31,0.32,178.98,103.8,True
899,45.27,426.6,3.03,0.67,11.37,0.32,179.4,103.86,True
900,66.27,480.36,2.93,0.99,15.58,0.28,210.5,107.92,True
901,59.56,463.19,2.96,0.89,14.24,0.3,200.56,106.63,True
902,38.82,410.09,3.06,0.57,10.07,0.34,169.85,102.61,True
903,66.38,480.63,2.93,0.99,15.6,0.28,210.65,107.95,True
904,68.27,485.47,2.92,1.02,15.98,0.28,213.45,108.31,True
905,24.81,374.24,3.13,0.36,7.26,0.36,149.12,99.89,True
906,32.68,394.39,3.09,0.48,8.84,0.35,160.77,101.42,False
907,67.6,483.77,2.92,1.01,15.85,0.28,212.46,108.18,True
908,42.23,418.82,3.05,0.62,10.76,0.33,174.9,103.27,True
909,26.29,378.02,3.13,0.38,7.56,0.36,151.3,100.18,True
910,48.03,433.68,3.02,0.71,11.92,0.32,183.5,104.39,True
911,44.69,425.12,3.04,0.66,11.25,0.32,178.54,103.74,True
912,22.03,367.13,3.15,0.32,6.71,0.37,145.01,99.36,True
913,72.2,495.52,2.9,1.08,16.77,0.27,219.26,109.07,True
914,72.82,497.11,2.9,1.09,16.9,0.27,220.18,109.19,True
915,16.08,351.9,3.18,0.23,5.51,0.38,136.2,98.2,True
916,71.47,493.65,2.9,1.07,16.63,0.27,218.18,108.93,True
917,48.69,435.36,3.02,0.72,12.06,0.32,184.46,104.52,True
918,21.6,366.02,3.15,0.31,6.62,0.37,144.36,99.27,True
919,66.38,480.63,2.93,0.99,15.6,0.28,210.65,107.94,True
920,59.32,462.56,2.96,0.88,14.19,0.3,200.2,106.58,True
921,13.35,344.91,3.19,0.19,4.97,0.38,132.16,97.67,True
922,13.89,346.29,3.19,0.19,5.07,0.38,132.95,97.78,True
923,68.95,487.21,2.92,1.03,16.12,0.28,214.46,108.44,True
924,46.99,431.01,3.02,0.7,11.72,0.32,181.95,104.19,True
925,18.48,358.03,3.17,0.26,5.99,0.37,139.74,98.67,True
926,26.3,378.05,3.13,0.38,7.56,0.36,151.32,100.18,True
927,34.86,399.97,3.08,0.51,9.28,0.34,164.0,101.84,True
928,23.52,370.95,3.14,0.34,7.01,0.36,147.22,99.65,True
929,14.73,348.44,3.18,0.21,5.24,0.38,134.2,97.94,True
930,47.38,432.01,3.02,0.7,11.79,0.32,182.53,104.27,True
931,76.61,506.82,2.88,1.15,17.66,0.26,225.8,109.93,False
932,22.77,369.01,3.14,0.33,6.85,0.36,146.1,99.5,True
933,46.59,430.0,3.03,0.69,11.64,0.32,181.36,104.11,True
934,18.39,357.8,3.17,0.26,5.98,0.37,139.61,98.65,True
935,18.86,359.01,3.16,0.27,6.07,0.37,140.31,98.74,True
936,43.79,422.82,3.04,0.65,11.07,0.33,177.22,103.57,True
937,66.34,480.54,2.93,0.99,15.6,0.28,210.6,107.94,True
938,59.27,462.43,2.96,0.88,14.18,0.3,200.12,106.57,True
939,69.87,489.56,2.91,1.04,16.3,0.28,215.82,108.62,True
940,23.49,370.87,3.14,0.34,7.0,0.36,147.17,99.64,True
941,66.37,480.6,2.93,0.99,15.6,0.28,210.63,107.94,True
942,42.95,420.66,3.04,0.64,10.9,0.33,175.97,103.41,True
943,76.01,505.27,2.88,1.14,17.54,0.27,224.9,109.81,False
944,26.24,377.9,3.13,0.38,7.55,0.36,151.23,100.17,True
945,33.81,397.28,3.09,0.5,9.07,0.34,162.45,101.64,False
946,61.1,467.11,2.95,0.91,14.54,0.29,202.83,106.92,True
947,62.17,469.85,2.95,0.93,14.76,0.29,204.42,107.13,True
948,54.92,451.3,2.98,0.82,13.31,0.31,193.69,105.73,True
949,56.67,455.78,2.98,0.84,13.66,0.3,196.28,106.06,True
950,53.63,448.0,2.99,0.8,13.05,0.31,191.78,105.48,True
951,75.49,503.94,2.88,1.13,17.43,0.27,224.13,109.71,False
952,70.53,491.25,2.91,1.05,16.44,0.28,216.79,108.75,True
953,28.87,384.64,3.11,0.42,8.08,0.35,155.13,100.68,True
954,81.38,519.01,2.85,1.22,18.61,0.26,232.85,110.85,False
955,60.29,465.04,2.96,0.9,14.38,0.3,201.63,106.76,True
956,81.7,519.83,2.85,1.22,18.68,0.26,233.33,110.91,False
957,40.87,415.34,3.05,0.6,10.49,0.33,172.89,103.0,True
958,71.63,494.06,2.9,1.07,16.66,0.27,218.42,108.96,True
959,78.87,512.59,2.87,1.18,18.11,0.26,229.14,110.36,False
960,63.42,473.04,2.94,0.95,15.01,0.29,206.26,107.37,True
961,27.19,380.33,3.12,0.4,7.74,0.36,152.64,100.35,True
962,29.04,385.07,3.11,0.42,8.11,0.35,155.38,100.71,True
963,80.11,515.77,2.86,1.2,18.36,0.26,230.97,110.6,False
964,32.84,394.78,3.09,0.48,8.87,0.35,161.0,101.45,False
965,56.19,454.54,2.98,0.84,13.56,0.3,195.56,105.97,True
966,56.75,455.98,2.98,0.85,13.67,0.3,196.39,106.08,True
967,38.92,410.35,3.06,0.57,10.09,0.33,170.0,102.63,True
968,18.49,358.06,3.17,0.26,6.0,0.37,139.76,98.67,True
969,68.35,485.68,2.92,1.02,16.0,0.28,213.57,108.33,True
970,25.2,375.23,3.13,0.37,7.34,0.36,149.69,99.97,True
971,37.51,406.76,3.07,0.55,9.81,0.34,167.92,102.35,True
972,17.17,354.69,3.17,0.24,5.73,0.38,137.81,98.41,True
973,52.35,444.71,3.0,0.78,12.79,0.31,189.88,105.23,True
974,24.5,373.45,3.14,0.36,7.2,0.36,148.66,99.83,True
975,32.4,393.67,3.1,0.48,8.79,0.35,160.36,101.36,True
976,29.34,385.83,3.11,0.43,8.17,0.35,155.82,100.77,True
977,56.65,455.72,2.98,0.84,13.65,0.3,196.25,106.06,True
978,61.79,468.89,2.95,0.92,14.68,0.29,203.86,107.06,True
979,31.47,391.3,3.1,0.46,8.6,0.35,158.98,101.18,True
980,32.83,394.77,3.09,0.48,8.87,0.35,160.99,101.45,False
981,10.29,337.07,3.21,0.14,4.35,0.39,127.62,97.08,True
982,17.27,354.94,3.17,0.25,5.75,0.38,137.95,98.43,True
983,20.33,362.77,3.16,0.29,6.37,0.37,142.48,99.03,True
984,42.85,420.42,3.04,0.63,10.88,0.33,175.83,103.39,True
985,56.9,456.36,2.97,0.85,13.7,0.3,196.61,106.11,True
986,51.62,442.85,3.0,0.77,12.64,0.31,188.8,105.09,True
987,31.74,391.99,3.1,0.47,8.66,0.35,159.38,101.24,True
988,69.01,487.36,2.91,1.03,16.13,0.28,214.54,108.45,True
989,47.29,431.78,3.02,0.7,11.78,0.32,182.4,104.25,True
990,47.2,431.56,3.02,0.7,11.76,0.32,182.27,104.23,True
991,48.82,435.68,3.01,0.72,12.08,0.32,184.65,104.54,True
992,46.5,429.75,3.03,0.69,11.62,0.32,181.22,104.09,True
993,74.93,502.51,2.89,1.12,17.32,0.27,223.31,109.6,False
994,58.16,459.58,2.97,0.87,13.95,0.3,198.48,106.35,True
995,74.93,502.51,2.89,1.12,17.32,0.27,223.31,109.6,False
996,45.82,428.02,3.03,0.68,11.48,0.32,180.22,103.96,True
997,35.29,401.08,3.08,0.52,9.37,0.34,164.64,101.92,True
998,49.68,437.9,3.01,0.74,12.25,0.31,185.93,104.71,True
999,77.1,508.07,2.87,1.15,17.76,0.26,226.52,110.02,False
1000,10.99,338.87,3.2,0.15,4.49,0.39,128.66,97.22,True
1001,51.31,442.05,3.0,0.76,12.58,0.31,188.34,105.03,True
1002,35.57,401.77,3.08,0.52,9.42,0.34,165.04,101.98,True
1003,67.84,484.36,2.92,1.01,15.9,0.28,212.81,108.23,True
1004,15.13,349.46,3.18,0.21,5.32,0.38,134.78,98.02,True
1005,68.8,486.83,2.92,1.03,16.09,0.28,214.23,108.41,True
1006,50.89,440.99,3.0,0.76,12.5,0.31,187.72,104.95,True
1007,69.24,487.94,2.91,1.03,16.18,0.28,214.88,108.5,True
1008,49.5,437.43,3.01,0.74,12.22,0.32,185.66,104.68,True
1009,55.83,453.64,2.98,0.83,13.49,0.3,195.04,105.9,True
1010,39.58,412.05,3.06,0.58,10.23,0.33,170.99,102.76,True
1011,80.95,517.91,2.86,1.21,18.53,0.26,232.21,110.77,False
1012,62.75,471.34,2.95,0.94,14.88,0.29,205.28,107.24,True
1013,54.87,451.17,2.98,0.82,13.3,0.31,193.61,105.72,True
1014,72.86,497.23,2.9,1.09,16.91,0.27,220.25,109.2,True
1015,32.04,392.76,3.1,0.47,8.72,0.35,159.83,101.3,True
1016,63.43,473.09,2.94,0.95,15.01,0.29,206.29,107.37,True
1017,12.21,342.0,3.2,0.17,4.74,0.38,130.47,97.45,True
1018,53.64,448.02,2.99,0.8,13.05,0.31,191.79,105.48,True
1019,21.97,366.98,3.15,0.32,6.7,0.37,144.92,99.34,True
1020,58.4,460.22,2.97,0.87,14.0,0.3,198.85,106.4,True
1021,30.33,388.37,3.11,0.44,8.37,0.35,157.29,100.96,True
1022,41.46,416.85,3.05,0.61,10.61,0.33,173.76,103.12,True
1023,80.53,516.84,2.86,1.21,18.44,0.26,231.59,110.69,False
1024,27.7,381.63,3.12,0.4,7.84,0.36,153.39,100.45,True
1025,36.5,404.16,3.08,0.54,9.61,0.34,166.42,102.16,True
1026,72.85,497.2,2.9,1.09,16.9,0.27,220.23,109.2,True
1027,41.95,418.1,3.05,0.62,10.7,0.33,174.48,103.21,True
1028,17.07,354.43,3.17,0.24,5.71,0.38,137.66,98.39,True
1029,17.1,354.51,3.17,0.24,5.72,0.38,137.71,98.4,True
1030,11.87,341.13,3.2,0.16,4.67,0.39,129.97,97.39,True
1031,24.88,374.42,3.13,0.36,7.28,0.36,149.22,99.91,True
1032,31.44,391.21,3.1,0.46,8.59,0.35,158.93,101.18,True
1033,17.35,355.16,3.17,0.25,5.77,0.37,138.08,98.45,True
1034,59.55,463.16,2.96,0.89,14.23,0.3,200.54,106.62,True
1035,52.02,443.88,3.0,0.77,12.72,0.31,189.4,105.16,True
1036,74.31,500.92,2.89,1.11,17.2,0.27,222.39,109.48,False
1037,75.83,504.81,2.88,1.13,17.5,0.27,224.64,109.77,False
1038,79.52,514.27,2.86,1.19,18.24,0.26,230.11,110.49,False
1039,39.21,411.1,3.06,0.58,10.15,0.33,170.44,102.68,True
1040,62.84,471.56,2.95,0.94,14.89,0.29,205.41,107.26,True
1041,69.07,487.51,2.91,1.03,16.14,0.28,214.63,108.47,True
1042,20.01,361.96,3.16,0.29,6.3,0.37,142.01,98.96,True
1043,39.95,412.99,3.06,0.59,10.3,0.33,171.53,102.83,True
1044,31.87,392.31,3.1,0.47,8.68,0.35,159.57,101.26,True
1045,61.54,468.23,2.95,0.92,14.63,0.29,203.48,107.01,True
1046,50.09,438.93,3.01,0.74,12.34,0.31,186.53,104.79,True
1047,80.3,516.26,2.86,1.2,18.4,0.26,231.26,110.64,False
1048,35.18,400.78,3.08,0.52,9.34,0.34,164.47,101.9,True
1049,20.62,363.51,3.15,0.3,6.42,0.37,142.91,99.08,True
1050,29.13,385.31,3.11,0.43,8.13,0.35,155.52,100.73,True
1051,77.94,510.2,2.87,1.17,17.92,0.26,227.76,110.18,False
1052,29.96,387.42,3.11,0.44,8.3,0.35,156.74,100.89,True
1053,71.02,492.5,2.9,1.06,16.54,0.28,217.52,108.84,True
1054,12.02,341.51,3.2,0.17,4.7,0.38,130.19,97.42,True
1055,39.64,412.19,3.06,0.59,10.24,0.33,171.07,102.77,True
1056,53.45,447.54,2.99,0.8,13.01,0.31,191.51,105.44,True
1057,65.74,478.99,2.93,0.98,15.48,0.28,209.7,107.82,True
1058,81.06,518.21,2.86,1.21,18.55,0.26,232.39,110.79,False
1059,34.86,399.96,3.08,0.51,9.28,0.34,164.0,101.84,True
1060,46.79,430.5,3.03,0.69,11.67,0.32,181.66,104.15,True
1061,57.1,456.88,2.97,0.85,13.74,0.3,196.92,106.15,True
1062,27.13,380.17,3.12,0.4,7.73,0.36,152.55,100.34,True
1063,81.3,518.81,2.85,1.22,18.6,0.26,232.73,110.83,False
1064,74.33,500.99,2.89,1.11,17.2,0.27,222.42,109.49,False
1065,65.15,477.49,2.93,0.97,15.36,0.29,208.83,107.71,True
1066,34.22,398.32,3.09,0.5,9.15,0.34,163.05,101.72,True
1067,55.0,451.5,2.98,0.82,13.32,0.3,193.8,105.74,True
1068,31.3,390.84,3.1,0.46,8.57,0.35,158.72,101.15,True
1069,27.46,381.02,3.12,0.4,7.8,0.36,153.04,100.41,True
1070,14.8,348.64,3.18,0.21,5.26,0.38,134.31,97.96,True
1071,50.37,439.66,3.01,0.75,12.39,0.31,186.95,104.84,True
1072,33.76,397.14,3.09,0.5,9.06,0.34,162.36,101.63,False
1073,63.32,472.81,2.94,0.94,14.99,0.29,206.13,107.35,True
1074,71.79,494.46,2.9,1.07,16.69,0.27,218.65,108.99,True
1075,17.67,355.97,3.17,0.25,5.83,0.37,138.55,98.51,True
1076,40.48,414.34,3.06,0.6,10.41,0.33,172.31,102.93,True
1077,43.23,421.38,3.04,0.64,10.96,0.33,176.38,103.46,True
1078,10.1,336.59,3.21,0.14,4.31,0.39,127.34,97.04,True
1079,61.77,468.84,2.95,0.92,14.68,0.29,203.83,107.05,True
1080,15.09,349.36,3.18,0.21,5.31,0.38,134.73,98.01,True
1081,17.24,354.87,3.17,0.25,5.75,0.38,137.91,98.43,True
1082,36.64,404.53,3.08,0.54,9.64,0.34,166.64,102.19,True
1083,29.26,385.63,3.11,0.43,8.16,0.35,155.7,100.76,True
1084,58.79,461.2,2.97,0.88,14.08,0.3,199.41,106.47,True
1085,22.37,368.01,3.15,0.32,6.78,0.37,145.51,99.42,True
1086,26.18,377.74,3.13,0.38,7.54,0.36,151.14,100.16,True
1087,25.16,375.13,3.13,0.37,7.33,0.36,149.63,99.96,True
1088,36.48,404.1,3.08,0.54,9.61,0.34,166.39,102.15,True
1089,31.21,390.62,3.1,0.46,8.55,0.35,158.59,101.13,True
1090,28.55,383.81,3.12,0.42,8.01,0.35,154.65,100.62,True
1091,27.93,382.24,3.12,0.41,7.89,0.36,153.74,100.5,True
1092,50.62,440.31,3.01,0.75,12.44,0.31,187.33,104.89,True
1093,34.43,398.87,3.09,0.51,9.2,0.34,163.36,101.76,True
1094,30.11,387.81,3.11,0.44,8.33,0.35,156.97,100.92,True
1095,40.28,413.84,3.06,0.6,10.37,0.33,172.02,102.89,True
1096,63.16,472.39,2.94,0.94,14.96,0.29,205.89,107.32,True
1097,79.81,515.01,2.86,1.2,18.3,0.26,230.54,110.55,False
1098,68.68,486.53,2.92,1.03,16.07,0.28,214.06,108.39,True
1099,35.2,400.84,3.08,0.52,9.35,0.34,164.5,101.91,True
1100,53.84,448.53,2.99,0.8,13.09,0.31,192.09,105.52,True
1101,76.04,505.36,2.88,1.14,17.54,0.27,224.95,109.82,False
1102,72.18,495.47,2.9,1.08,16.77,0.27,219.23,109.07,True
1103,14.45,347.72,3.19,0.2,5.19,0.38,133.78,97.89,True
1104,31.88,392.33,3.1,0.47,8.68,0.35,159.58,101.26,True
1105,34.54,399.15,3.09,0.51,9.22,0.34,163.53,101.78,True
1106,59.21,462.28,2.96,0.88,14.17,0.3,200.04,106.56,True
1107,71.38,493.42,2.9,1.07,16.61,0.27,218.05,108.91,True
1108,28.89,384.7,3.11,0.42,8.08,0.35,155.16,100.69,True
1109,19.88,361.64,3.16,0.29,6.28,0.37,141.83,98.94,True
1110,40.23,413.72,3.06,0.59,10.36,0.33,171.95,102.88,True
1111,13.37,344.96,3.19,0.19,4.97,0.38,132.18,97.68,True
1112,26.91,379.61,3.12,0.39,7.69,0.36,152.22,100.3,True
1113,12.17,341.9,3.2,0.17,4.73,0.38,130.41,97.45,True
1114,24.27,372.87,3.14,0.35,7.16,0.36,148.33,99.79,True
1115,17.64,355.9,3.17,0.25,5.83,0.37,138.51,98.51,True
1116,28.07,382.58,3.12,0.41,7.92,0.36,153.94,100.52,True
1117,42.51,419.53,3.05,0.63,10.81,0.33,175.31,103.32,True
1118,11.22,339.48,3.2,0.15,4.54,0.39,129.01,97.26,True
1119,49.7,437.95,3.01,0.74,12.26,0.31,185.96,104.71,True
1120,27.78,381.85,3.12,0.41,7.86,0.36,153.52,100.47,True
1121,13.76,345.95,3.19,0.19,5.05,0.38,132.76,97.75,True
1122,50.64,440.36,3.01,0.75,12.45,0.31,187.36,104.9,True
1123,80.79,517.51,2.86,1.21,18.5,0.26,231.98,110.74,False
1124,21.34,365.37,3.15,0.31,6.57,0.37,143.99,99.22,True
1125,15.69,350.9,3.18,0.22,5.43,0.38,135.62,98.13,True
1126,22.47,368.26,3.15,0.32,6.8,0.37,145.66,99.44,True
1127,25.42,680.8,3.46,-1.54,-2.88,0.13,180.96,153.34,True
1128,23.72,643.19,3.43,-1.35,-2.1,0.16,175.08,147.2,True
1129,21.49,593.75,3.39,-1.11,-1.08,0.19,167.34,139.12,True
1130,21.76,599.62,3.4,-1.14,-1.2,0.19,168.26,140.08,True
1131,24.22,654.27,3.44,-1.41,-2.33,0.15,176.81,149.01,True
1132,21.46,593.04,3.39,-1.11,-1.06,0.19,167.23,139.0,True
1133,27.09,717.89,3.48,-1.71,-3.65,0.1,186.77,159.4,True
1134,27.91,735.96,3.49,-1.8,-4.03,0.09,189.59,162.36,True
1135,26.33,700.92,3.47,-1.63,-3.3,0.11,184.11,156.63,True
1136,24.61,662.95,3.44,-1.45,-2.51,0.14,178.17,150.43,True
1137,21.79,600.3,3.4,-1.15,-1.21,0.19,168.36,140.19,True
1138,26.68,708.8,3.48,-1.67,-3.46,0.11,185.34,157.92,True
1139,20.31,567.63,3.37,-0.99,-0.54,0.21,163.25,134.85,True
1140,26.05,694.84,3.47,-1.6,-3.17,0.12,183.16,155.64,True
1141,28.04,738.99,3.5,-1.82,-4.09,0.08,190.07,162.85,True
1142,23.08,628.99,3.42,-1.28,-1.81,0.17,172.85,144.88,True
1143,29.35,767.93,3.52,-1.96,-4.69,0.06,194.6,167.58,True
1144,24.7,664.89,3.44,-1.46,-2.55,0.14,178.47,150.74,True
1145,25.25,677.11,3.45,-1.52,-2.81,0.13,180.38,152.74,True
1146,25.03,672.1,3.45,-1.49,-2.7,0.13,179.6,151.92,True
1147,21.69,598.12,3.4,-1.14,-1.17,0.19,168.02,139.83,True
1148,29.05,761.19,3.51,-1.92,-4.55,0.07,193.54,166.48,True
1149,22.96,626.27,3.42,-1.27,-1.75,0.17,172.43,144.43,True
1150,25.54,683.39,3.46,-1.55,-2.94,0.13,181.37,153.77,True
1151,26.61,707.29,3.47,-1.66,-3.43,0.11,185.11,157.67,True
1152,22.9,625.01,3.42,-1.27,-1.73,0.17,172.23,144.23,True
1153,26.69,709.06,3.48,-1.67,-3.47,0.11,185.38,157.96,True
1154,26.43,703.17,3.47,-1.64,-3.35,0.11,184.46,157.0,True
1155,26.42,702.98,3.47,-1.64,-3.34,0.11,184.43,156.97,True
1156,29.05,761.29,3.51,-1.92,-4.55,0.07,193.56,166.49,True
1157,20.44,570.37,3.38,-1.0,-0.59,0.21,163.68,135.3,True
1158,19.71,554.27,3.36,-0.92,-0.26,0.22,161.16,132.67,True
1159,26.17,697.52,3.47,-1.62,-3.23,0.11,183.58,156.07,True
1160,26.43,703.24,3.47,-1.64,-3.35,0.11,184.47,157.01,True
1161,22.72,620.94,3.41,-1.25,-1.64,0.17,171.59,143.56,True
1162,21.44,592.55,3.39,-1.11,-1.05,0.19,167.15,138.92,True
1163,24.13,652.25,3.43,-1.4,-2.29,0.15,176.49,148.68,True
1164,26.04,694.62,3.47,-1.6,-3.17,0.12,183.12,155.6,True
1165,19.88,557.96,3.37,-0.94,-0.34,0.22,161.74,133.27,True
1166,22.63,619.05,3.41,-1.24,-1.6,0.17,171.3,143.25,True
1167,20.41,569.73,3.38,-1.0,-0.58,0.21,163.58,135.19,True
1168,26.23,698.68,3.47,-1.62,-3.25,0.11,183.76,156.26,True
1169,25.08,673.22,3.45,-1.5,-2.72,0.13,179.78,152.1,True
1170,27.84,734.5,3.49,-1.8,-4.0,0.09,189.37,162.12,True
1171,23.05,628.32,3.42,-1.28,-1.79,0.17,172.75,144.77,True
1172,24.74,665.67,3.44,-1.46,-2.57,0.14,178.59,150.87,True
1173,26.52,705.1,3.47,-1.65,-3.39,0.11,184.77,157.31,True
1174,20.47,571.18,3.38,-1.0,-0.61,0.21,163.81,135.43,True
1175,22.25,610.58,3.4,-1.2,-1.43,0.18,169.97,141.87,True
1176,23.71,642.9,3.43,-1.35,-2.1,0.16,175.03,147.15,True
1177,22.0,604.95,3.4,-1.17,-1.31,0.19,169.09,140.95,True
1178,21.53,594.54,3.39,-1.12,-1.09,0.19,167.46,139.25,True
1179,23.56,639.61,3.43,-1.34,-2.03,0.16,174.51,146.61,True
1180,28.33,745.27,3.5,-1.85,-4.22,0.08,191.05,163.88,True
1181,23.96,648.49,3.43,-1.38,-2.21,0.15,175.91,148.06,True
1182,25.46,681.72,3.46,-1.54,-2.9,0.13,181.11,153.49,True
1183,22.85,623.82,3.41,-1.26,-1.7,0.17,172.04,144.03,True
1184,24.25,654.88,3.44,-1.41,-2.34,0.15,176.91,149.11,True
1185,20.97,582.2,3.38,-1.06,-0.84,0.2,165.53,137.23,True
1186,25.28,677.68,3.45,-1.52,-2.82,0.13,180.47,152.83,True
1187,21.04,583.8,3.39,-1.07,-0.87,0.2,165.78,137.49,True
1188,22.84,623.68,3.41,-1.26,-1.7,0.17,172.02,144.01,True
1189,22.45,614.99,3.41,-1.22,-1.52,0.18,170.66,142.59,True
1190,25.09,673.42,3.45,-1.5,-2.73,0.13,179.81,152.14,True
1191,20.92,581.11,3.38,-1.05,-0.82,0.2,165.36,137.05,True
1192,27.03,716.47,3.48,-1.71,-3.62,0.1,186.54,159.17,True
1193,25.56,683.95,3.46,-1.55,-2.95,0.13,181.45,153.86,True
1194,22.41,614.12,3.41,-1.21,-1.5,0.18,170.53,142.45,True
1195,21.05,583.96,3.39,-1.07,-0.87,0.2,165.81,137.52,True
1196,21.1,585.04,3.39,-1.07,-0.9,0.2,165.98,137.69,True
1197,25.38,679.88,3.45,-1.53,-2.86,0.13,180.82,153.19,True
1198,22.65,619.51,3.41,-1.24,-1.61,0.17,171.37,143.33,True
1199,21.12,585.39,3.39,-1.07,-0.9,0.2,166.03,137.75,True
1200,27.27,721.92,3.48,-1.73,-3.73,0.1,187.4,160.06,True
1201,24.57,662.03,3.44,-1.44,-2.49,0.14,178.02,150.28,True
1202,24.85,668.11,3.45,-1.47,-2.62,0.14,178.98,151.27,True
1203,21.5,593.93,3.39,-1.11,-1.08,0.19,167.37,139.15,True
1204,24.26,655.12,3.44,-1.41,-2.35,0.15,176.94,149.15,True
1205,20.01,560.94,3.37,-0.96,-0.4,0.22,162.2,133.76,True
1206,28.26,743.72,3.5,-1.84,-4.19,0.08,190.81,163.62,True
1207,23.11,629.58,3.42,-1.29,-1.82,0.17,172.95,144.97,True
1208,21.71,598.49,3.4,-1.14,-1.18,0.19,168.08,139.89,True
1209,22.08,606.68,3.4,-1.18,-1.35,0.18,169.36,141.23,True
1210,20.25,566.25,3.37,-0.98,-0.51,0.21,163.03,134.62,True
1211,28.82,756.11,3.51,-1.9,-4.44,0.07,192.75,165.65,True
1212,25.39,680.12,3.45,-1.53,-2.87,0.13,180.86,153.23,True
1213,24.94,670.09,3.45,-1.48,-2.66,0.14,179.29,151.59,True
1214,25.8,689.31,3.46,-1.58,-3.06,0.12,182.29,154.73,True
1215,22.32,612.06,3.41,-1.2,-1.46,0.18,170.2,142.11,True
1216,20.2,565.04,3.37,-0.98,-0.48,0.22,162.85,134.43,True
1217,28.19,742.28,3.5,-1.83,-4.16,0.08,190.58,163.39,True
1218,24.07,650.92,3.43,-1.39,-2.26,0.15,176.29,148.46,True
1219,23.1,629.41,3.42,-1.29,-1.82,0.17,172.92,144.95,True
1220,25.9,691.56,3.46,-1.59,-3.11,0.12,182.65,155.1,True
1221,23.65,641.58,3.43,-1.35,-2.07,0.16,174.82,146.93,True
1222,22.65,619.46,3.41,-1.24,-1.61,0.17,171.36,143.32,True
1223,25.49,682.46,3.46,-1.54,-2.92,0.13,181.22,153.61,True
1224,27.65,730.3,3.49,-1.77,-3.91,0.09,188.71,161.43,True
1225,25.8,689.3,3.46,-1.58,-3.06,0.12,182.29,154.73,True
1226,27.26,721.52,3.48,-1.73,-3.73,0.1,187.33,160.0,True
1227,21.98,604.64,3.4,-1.17,-1.3,0.19,169.04,140.9,True
1228,21.7,598.4,3.4,-1.14,-1.17,0.19,168.07,139.88,True
1229,24.05,650.37,3.43,-1.39,-2.25,0.15,176.2,148.37,True
1230,23.83,645.65,3.43,-1.37,-2.15,0.15,175.46,147.6,True
1231,19.97,559.99,3.37,-0.95,-0.38,0.22,162.06,133.6,True
1232,20.86,579.77,3.38,-1.05,-0.79,0.2,165.15,136.83,True
1233,26.84,712.31,3.48,-1.69,-3.54,0.1,185.89,158.49,True
1234,23.95,648.2,3.43,-1.38,-2.21,0.15,175.86,148.02,True
1235,27.52,727.42,3.49,-1.76,-3.85,0.09,188.26,160.96,True
1236,20.81,578.56,3.38,-1.04,-0.76,0.21,164.96,136.64,True
1237,21.86,601.97,3.4,-1.15,-1.25,0.19,168.62,140.46,True
1238,21.87,602.04,3.4,-1.15,-1.25,0.19,168.64,140.47,True
1239,22.49,615.78,3.41,-1.22,-1.53,0.18,170.79,142.72,True
1240,23.43,636.76,3.42,-1.32,-1.97,0.16,174.07,146.15,True
1241,22.02,605.38,3.4,-1.17,-1.32,0.18,169.16,141.02,True
1242,29.18,764.27,3.52,-1.94,-4.61,0.06,194.02,166.98,True
1243,22.78,622.28,3.41,-1.25,-1.67,0.17,171.8,143.78,True
1244,29.44,769.86,3.52,-1.97,-4.73,0.06,194.9,167.9,True
1245,26.87,712.87,3.48,-1.69,-3.55,0.1,185.98,158.58,True
1246,23.94,648.12,3.43,-1.38,-2.2,0.15,175.85,148.0,True
1247,22.67,619.9,3.41,-1.24,-1.62,0.17,171.43,143.39,True
1248,24.03,650.1,3.43,-1.39,-2.25,0.15,176.16,148.33,True
1249,22.6,618.3,3.41,-1.23,-1.59,0.17,171.18,143.13,True
1250,20.22,565.48,3.37,-0.98,-0.49,0.22,162.91,134.5,True
1251,19.67,553.25,3.36,-0.92,-0.24,0.22,161.0,132.5,True
1252,21.82,601.06,3.4,-1.15,-1.23,0.19,168.48,140.31,True
1253,25.41,680.6,3.46,-1.53,-2.88,0.13,180.93,153.31,True
1254,21.98,604.63,3.4,-1.17,-1.3,0.19,169.04,140.9,True
1255,26.65,708.13,3.47,-1.67,-3.45,0.11,185.24,157.81,True
1256,27.27,721.73,3.48,-1.73,-3.73,0.1,187.37,160.03,True
1257,29.21,764.76,3.52,-1.94,-4.62,0.06,194.1,167.06,True
1258,28.22,742.85,3.5,-1.84,-4.17,0.08,190.67,163.48,True
1259,28.53,749.77,3.5,-1.87,-4.31,0.08,191.76,164.61,True
1260,22.05,606.03,3.4,-1.17,-1.33,0.18,169.26,141.12,True
1261,21.12,585.38,3.39,-1.07,-0.9,0.2,166.03,137.75,True
1262,24.14,652.37,3.43,-1.4,-2.29,0.15,176.51,148.7,True
1263,23.17,630.98,3.42,-1.29,-1.85,0.17,173.16,145.2,True
1264,24.95,670.39,3.45,-1.48,-2.67,0.14,179.33,151.64,True
1265,26.35,701.4,3.47,-1.63,-3.31,0.11,184.19,156.71,True
1266,25.6,684.72,3.46,-1.55,-2.96,0.12,181.57,153.98,True
1267,26.67,708.57,3.48,-1.67,-3.46,0.11,185.31,157.88,True
1268,24.71,665.08,3.44,-1.46,-2.56,0.14,178.5,150.77,True
1269,24.23,654.36,3.44,-1.41,-2.33,0.15,176.82,149.02,True
1270,22.48,615.53,3.41,-1.22,-1.53,0.18,170.75,142.68,True
1271,24.92,669.79,3.45,-1.48,-2.65,0.14,179.24,151.54,True
1272,24.31,656.16,3.44,-1.42,-2.37,0.15,177.11,149.32,True
1273,19.82,556.74,3.37,-0.93,-0.31,0.22,161.55,133.07,True
1274,21.54,594.74,3.39,-1.12,-1.1,0.19,167.49,139.28,True
1275,24.33,656.66,3.44,-1.42,-2.38,0.15,177.18,149.4,True
1276,29.18,764.22,3.52,-1.94,-4.61,0.06,194.02,166.97,True
1277,20.39,569.4,3.38,-1.0,-0.57,0.21,163.53,135.14,True
1278,29.44,770.01,3.52,-1.97,-4.73,0.06,194.92,167.92,True
1279,22.52,616.57,3.41,-1.22,-1.55,0.18,170.91,142.85,True
1280,24.55,661.61,3.44,-1.44,-2.48,0.14,177.96,150.21,True
1281,28.13,740.87,3.5,-1.83,-4.13,0.08,190.36,163.16,True
1282,26.39,702.28,3.47,-1.64,-3.33,0.11,184.32,156.85,True
1283,22.89,624.75,3.42,-1.26,-1.72,0.17,172.19,144.18,True
1284,20.77,577.74,3.38,-1.04,-0.75,0.21,164.83,136.5,True
1285,22.57,617.61,3.41,-1.23,-1.57,0.18,171.07,143.02,True
1286,19.98,560.29,3.37,-0.95,-0.38,0.22,162.1,133.65,True
1287,27.45,725.85,3.49,-1.75,-3.82,0.09,188.01,160.7,True
1288,21.32,589.89,3.39,-1.1,-1.0,0.2,166.73,138.49,True
1289,29.41,769.26,3.52,-1.96,-4.72,0.06,194.81,167.8,True
1290,26.55,705.96,3.47,-1.66,-3.4,0.11,184.9,157.45,True
1291,22.44,614.67,3.41,-1.22,-1.51,0.18,170.61,142.54,True
1292,28.1,740.23,3.5,-1.82,-4.11,0.08,190.26,163.05,True
1293,26.99,715.54,3.48,-1.7,-3.6,0.1,186.4,159.02,True
1294,24.31,656.16,3.44,-1.42,-2.37,0.15,177.11,149.32,True
1295,20.96,582.02,3.38,-1.06,-0.83,0.2,165.5,137.2,True
1296,21.93,603.43,3.4,-1.16,-1.28,0.19,168.85,140.7,True
1297,22.74,621.37,3.41,-1.25,-1.65,0.17,171.66,143.63,True
1298,20.3,567.39,3.37,-0.99,-0.53,0.21,163.21,134.81,True
1299,21.44,592.49,3.39,-1.11,-1.05,0.19,167.14,138.91,True
1300,29.24,765.42,3.52,-1.94,-4.64,0.06,194.2,167.17,True
1301,27.2,720.38,3.48,-1.73,-3.7,0.1,187.16,159.81,True
1302,26.61,707.23,3.47,-1.66,-3.43,0.11,185.1,157.66,True
1303,26.52,705.22,3.47,-1.65,-3.39,0.11,184.78,157.33,True
1304,27.87,735.2,3.49,-1.8,-4.01,0.09,189.48,162.23,True
1305,20.9,580.7,3.38,-1.05,-0.81,0.2,165.3,136.99,True
1306,25.26,677.2,3.45,-1.52,-2.81,0.13,180.4,152.75,True
1307,22.32,612.13,3.41,-1.2,-1.46,0.18,170.21,142.12,True
1308,27.66,730.51,3.49,-1.78,-3.91,0.09,188.74,161.47,True
1309,23.23,632.3,3.42,-1.3,-1.88,0.16,173.37,145.42,True
1310,28.52,749.51,3.5,-1.87,-4.31,0.08,191.72,164.57,True
1311,19.89,558.33,3.37,-0.94,-0.34,0.22,161.79,133.33,True
1312,24.04,650.24,3.43,-1.39,-2.25,0.15,176.18,148.35,True
1313,21.6,596.12,3.39,-1.13,-1.13,0.19,167.71,139.51,True
1314,24.03,650.07,3.43,-1.39,-2.25,0.15,176.15,148.32,True
1315,27.03,716.59,3.48,-1.71,-3.62,0.1,186.56,159.19,True
1316,20.37,568.89,3.38,-0.99,-0.56,0.21,163.45,135.05,True
1317,22.65,619.49,3.41,-1.24,-1.61,0.17,171.37,143.32,True
1318,21.55,595.02,3.39,-1.12,-1.1,0.19,167.54,139.33,True
1319,21.94,603.73,3.4,-1.16,-1.28,0.19,168.9,140.75,True
1320,27.46,726.13,3.49,-1.75,-3.82,0.09,188.06,160.75,True
1321,23.81,645.21,3.43,-1.36,-2.14,0.15,175.39,147.53,True
1322,20.44,570.49,3.38,-1.0,-0.6,0.21,163.7,135.32,True
1323,28.0,738.05,3.5,-1.81,-4.07,0.08,189.92,162.7,True
1324,20.19,564.98,3.37,-0.97,-0.48,0.22,162.84,134.42,True
1325,20.0,560.76,3.37,-0.95,-0.39,0.22,162.17,133.73,True
1326,26.73,709.76,3.48,-1.68,-3.48,0.11,185.49,158.07,True
1327,24.7,664.88,3.44,-1.46,-2.55,0.14,178.47,150.74,True
1328,25.66,686.09,3.46,-1.56,-2.99,0.12,181.79,154.21,True
1329,22.61,618.45,3.41,-1.23,-1.59,0.17,171.2,143.15,True
1330,21.13,585.77,3.39,-1.08,-0.91,0.2,166.09,137.81,True
1331,28.92,758.41,3.51,-1.91,-4.49,0.07,193.11,166.02,True
1332,23.88,646.68,3.43,-1.37,-2.17,0.15,175.62,147.77,True
1333,27.65,730.37,3.49,-1.78,-3.91,0.09,188.72,161.44,True
1334,19.98,560.2,3.37,-0.95,-0.38,0.22,162.09,133.64,True
1335,22.65,619.33,3.41,-1.24,-1.61,0.17,171.34,143.3,True
1336,20.64,574.96,3.38,-1.02,-0.69,0.21,164.4,136.05,True
1337,27.43,725.32,3.49,-1.75,-3.81,0.09,187.93,160.62,True
1338,27.14,718.96,3.48,-1.72,-3.67,0.1,186.93,159.58,True
1339,21.55,594.95,3.39,-1.12,-1.1,0.19,167.53,139.31,True
1340,20.4,569.54,3.38,-1.0,-0.58,0.21,163.55,135.16,True
1341,24.11,651.88,3.43,-1.4,-2.28,0.15,176.44,148.62,True
1342,22.97,626.54,3.42,-1.27,-1.76,0.17,172.47,144.48,True
1343,24.6,662.59,3.44,-1.45,-2.5,0.14,178.11,150.37,True
1344,22.78,622.21,3.41,-1.25,-1.67,0.17,171.79,143.77,True
1345,25.53,683.19,3.46,-1.55,-2.93,0.13,181.34,153.73,True
1346,21.44,592.65,3.39,-1.11,-1.05,0.19,167.17,138.94,True
1347,22.16,608.62,3.4,-1.19,-1.39,0.18,169.67,141.55,True
1348,26.73,709.82,3.48,-1.68,-3.48,0.11,185.5,158.08,True
1349,27.63,729.71,3.49,-1.77,-3.9,0.09,188.62,161.33,True
1350,26.34,701.33,3.47,-1.63,-3.31,0.11,184.17,156.7,True
1351,21.23,587.92,3.39,-1.09,-0.96,0.2,166.43,138.17,True
1352,21.62,596.64,3.39,-1.13,-1.14,0.19,167.79,139.59,True
1353,21.89,602.51,3.4,-1.16,-1.26,0.19,168.71,140.55,True
1354,23.59,640.15,3.43,-1.34,-2.04,0.16,174.6,146.7,True
1355,28.94,758.79,3.51,-1.91,-4.5,0.07,193.17,166.09,True
1356,25.56,683.97,3.46,-1.55,-2.95,0.13,181.46,153.86,True
1357,24.17,653.15,3.44,-1.4,-2.31,0.15,176.63,148.82,True
1358,27.82,734.12,3.49,-1.79,-3.99,0.09,189.31,162.06,True
1359,23.13,630.1,3.42,-1.29,-1.83,0.17,173.03,145.06,True
1360,27.47,726.21,3.49,-1.75,-3.82,0.09,188.07,160.76,True
1361,20.62,574.51,3.38,-1.02,-0.68,0.21,164.33,135.97,True
1362,21.55,594.91,3.39,-1.12,-1.1,0.19,167.52,139.31,True
1363,28.79,755.46,3.51,-1.9,-4.43,0.07,192.65,165.54,True
1364,24.21,653.97,3.44,-1.41,-2.33,0.15,176.76,148.96,True
1365,29.26,765.94,3.52,-1.95,-4.65,0.06,194.29,167.26,True
1366,25.39,680.06,3.45,-1.53,-2.87,0.13,180.85,153.22,True
1367,23.02,627.7,3.42,-1.28,-1.78,0.17,172.65,144.67,True
1368,21.25,588.37,3.39,-1.09,-0.97,0.2,166.5,138.24,True
1369,29.27,766.08,3.52,-1.95,-4.65,0.06,194.31,167.28,True
1370,20.04,561.52,3.37,-0.96,-0.41,0.22,162.29,133.85,True
1371,28.54,750.03,3.51,-1.87,-4.32,0.08,191.8,164.65,True
1372,23.79,644.74,3.43,-1.36,-2.13,0.15,175.32,147.45,True
1373,24.37,657.56,3.44,-1.42,-2.4,0.15,177.32,149.54,True
1374,27.95,736.81,3.5,-1.81,-4.04,0.09,189.73,162.49,True
1375,22.64,619.19,3.41,-1.24,-1.6,0.17,171.32,143.27,True
1376,23.45,637.25,3.42,-1.32,-1.98,0.16,174.15,146.23,True
1377,29.45,770.1,3.52,-1.97,-4.73,0.06,194.94,167.94,True
1378,22.62,618.77,3.41,-1.24,-1.6,0.17,171.25,143.21,True
1379,21.9,602.84,3.4,-1.16,-1.27,0.19,168.76,140.6,True
1380,28.9,757.92,3.51,-1.91,-4.48,0.07,193.03,165.94,True
1381,21.36,590.81,3.39,-1.1,-1.02,0.2,166.88,138.64,True
1382,24.23,654.49,3.44,-1.41,-2.34,0.15,176.84,149.04,True
1383,25.1,673.66,3.45,-1.5,-2.73,0.13,179.85,152.18,True
1384,23.54,639.24,3.43,-1.33,-2.02,0.16,174.46,146.55,True
1385,24.4,658.27,3.44,-1.43,-2.42,0.14,177.44,149.66,True
1386,28.75,754.71,3.51,-1.89,-4.41,0.07,192.53,165.42,True
1387,29.11,762.55,3.51,-1.93,-4.58,0.07,193.76,166.7,True
1388,21.01,583.02,3.39,-1.06,-0.85,0.2,165.66,137.36,True
1389,26.1,695.98,3.47,-1.61,-3.2,0.12,183.34,155.82,True
1390,22.29,611.52,3.41,-1.2,-1.45,0.18,170.12,142.02,True
1391,28.65,752.49,3.51,-1.88,-4.37,0.07,192.18,165.06,True
1392,26.16,697.19,3.47,-1.61,-3.22,0.12,183.53,156.02,True
1393,24.11,651.79,3.43,-1.39,-2.28,0.15,176.42,148.6,True
1394,24.12,651.98,3.43,-1.4,-2.28,0.15,176.45,148.63,True
1395,23.28,633.46,3.42,-1.31,-1.9,0.16,173.55,145.61,True
1396,23.66,641.83,3.43,-1.35,-2.07,0.16,174.86,146.97,True
1397,27.97,737.42,3.5,-1.81,-4.06,0.08,189.82,162.59,True
1398,25.19,675.83,3.45,-1.51,-2.78,0.13,180.18,152.53,True
1399,25.01,671.77,3.45,-1.49,-2.69,0.13,179.55,151.87,True
1400,22.51,616.41,3.41,-1.22,-1.55,0.18,170.88,142.82,True
1401,22.34,612.61,3.41,-1.21,-1.47,0.18,170.29,142.2,True
1402,23.11,629.57,3.42,-1.29,-1.82,0.17,172.94,144.97,True
1403,28.18,741.94,3.5,-1.83,-4.15,0.08,190.53,163.33,True
1404,20.62,574.31,3.38,-1.02,-0.67,0.21,164.3,135.94,True
1405,21.42,592.11,3.39,-1.11,-1.04,0.19,167.08,138.85,True
1406,23.93,647.72,3.43,-1.38,-2.2,0.15,175.78,147.94,True
1407,19.82,556.6,3.37,-0.93,-0.31,0.22,161.52,133.05,True
1408,20.28,566.86,3.37,-0.98,-0.52,0.21,163.13,134.72,True
1409,22.43,614.47,3.41,-1.21,-1.51,0.18,170.58,142.5,True
1410,23.84,645.86,3.43,-1.37,-2.16,0.15,175.49,147.63,True
1411,28.77,755.17,3.51,-1.9,-4.42,0.07,192.6,165.49,True
1412,22.58,617.8,3.41,-1.23,-1.58,0.18,171.1,143.05,True
1413,22.4,613.97,3.41,-1.21,-1.5,0.18,170.5,142.42,True
1414,20.13,563.61,3.37,-0.97,-0.45,0.22,162.62,134.19,True
1415,19.72,554.47,3.36,-0.92,-0.26,0.22,161.19,132.7,True
1416,20.44,570.49,3.38,-1.0,-0.6,0.21,163.7,135.32,True
1417,26.93,714.24,3.48,-1.7,-3.58,0.1,186.2,158.81,True
1418,25.92,691.98,3.46,-1.59,-3.11,0.12,182.71,155.17,True
1419,27.27,721.73,3.48,-1.73,-3.73,0.1,187.37,160.03,True
1420,21.91,602.95,3.4,-1.16,-1.27,0.19,168.78,140.62,True
1421,21.83,601.12,3.4,-1.15,-1.23,0.19,168.49,140.32,True
1422,20.44,570.44,3.38,-1.0,-0.59,0.21,163.69,135.31,True
1423,29.08,761.87,3.51,-1.93,-4.56,0.07,193.65,166.59,True
1424,25.82,689.74,3.46,-1.58,-3.07,0.12,182.36,154.8,True
1425,20.15,564.05,3.37,-0.97,-0.46,0.22,162.69,134.26,True
1426,19.92,558.96,3.37,-0.95,-0.36,0.22,161.89,133.43,True
1427,21.81,600.75,3.4,-1.15,-1.22,0.19,168.43,140.26,True
1428,27.28,722.16,3.49,-1.74,-3.74,0.1,187.43,160.1,True
1429,28.74,754.46,3.51,-1.89,-4.41,0.07,192.49,165.38,True
1430,23.54,639.19,3.43,-1.33,-2.02,0.16,174.45,146.54,True
1431,21.85,601.76,3.4,-1.15,-1.24,0.19,168.59,140.43,True
1432,21.94,603.75,3.4,-1.16,-1.28,0.19,168.9,140.75,True
1433,24.0,649.4,3.43,-1.38,-2.23,0.15,176.05,148.21,True
1434,20.7,576.23,3.38,-1.03,-0.71,0.21,164.6,136.25,True
1435,26.69,708.88,3.48,-1.67,-3.46,0.11,185.36,157.93,True
1436,20.31,567.44,3.37,-0.99,-0.53,0.21,163.22,134.82,True
1437,23.51,638.49,3.42,-1.33,-2.0,0.16,174.34,146.43,True
1438,21.47,593.35,3.39,-1.11,-1.07,0.19,167.28,139.05,True
1439,24.85,668.27,3.45,-1.47,-2.62,0.14,179.0,151.29,True
1440,26.95,714.68,3.48,-1.7,-3.58,0.1,186.26,158.88,True
1441,26.92,714.09,3.48,-1.7,-3.57,0.1,186.17,158.78,True
1442,25.11,673.91,3.45,-1.5,-2.74,0.13,179.88,152.22,True
1443,28.24,743.38,3.5,-1.84,-4.18,0.08,190.76,163.57,True
1444,22.13,607.95,3.4,-1.18,-1.37,0.18,169.56,141.44,True
1445,20.67,575.4,3.38,-1.03,-0.7,0.21,164.47,136.12,True
1446,26.69,708.99,3.48,-1.67,-3.47,0.11,185.37,157.95,True
1447,24.81,667.35,3.45,-1.47,-2.6,0.14,178.86,151.14,True
1448,26.52,705.25,3.47,-1.65,-3.39,0.11,184.79,157.34,True
1449,25.51,682.78,3.46,-1.54,-2.92,0.13,181.27,153.67,True
1450,25.76,688.38,3.46,-1.57,-3.04,0.12,182.15,154.58,True
1451,23.4,636.09,3.42,-1.32,-1.96,0.16,173.96,146.04,True
1452,24.02,649.71,3.43,-1.38,-2.24,0.15,176.1,148.26,True
1453,21.59,595.97,3.39,-1.12,-1.12,0.19,167.69,139.48,True
1454,28.09,740.07,3.5,-1.82,-4.11,0.08,190.24,163.03,True
1455,26.55,705.98,3.47,-1.66,-3.4,0.11,184.9,157.46,True
1456,23.7,642.79,3.43,-1.35,-2.09,0.16,175.01,147.13,True
1457,26.47,704.1,3.47,-1.65,-3.37,0.11,184.61,157.15,True
1458,25.49,682.3,3.46,-1.54,-2.91,0.13,181.2,153.59,True
1459,29.43,769.78,3.52,-1.97,-4.73,0.06,194.89,167.88,True
1460,26.22,698.6,3.47,-1.62,-3.25,0.11,183.75,156.25,True
1461,23.03,627.73,3.42,-1.28,-1.78,0.17,172.66,144.67,True
1462,24.78,666.63,3.45,-1.47,-2.59,0.14,178.74,151.03,True
1463,22.72,621.02,3.41,-1.25,-1.64,0.17,171.61,143.57,True
1464,22.29,611.51,3.41,-1.2,-1.45,0.18,170.12,142.02,True
1465,20.77,577.78,3.38,-1.04,-0.75,0.21,164.84,136.51,True
1466,20.12,563.23,3.37,-0.97,-0.44,0.22,162.56,134.13,True
1467,27.77,732.91,3.49,-1.79,-3.96,0.09,189.12,161.86,True
1468,28.05,739.14,3.5,-1.82,-4.09,0.08,190.09,162.88,True
1469,20.5,571.66,3.38,-1.01,-0.62,0.21,163.88,135.51,True
1470,23.03,627.82,3.42,-1.28,-1.78,0.17,172.67,144.69,True
1471,23.1,629.28,3.42,-1.29,-1.81,0.17,172.9,144.92,True
1472,26.38,702.05,3.47,-1.64,-3.32,0.11,184.29,156.81,True
1473,20.96,581.87,3.38,-1.06,-0.83,0.2,165.48,137.18,True
1474,28.19,742.17,3.5,-1.83,-4.15,0.08,190.57,163.37,True
1475,22.75,621.52,3.41,-1.25,-1.65,0.17,171.69,143.66,True
1476,26.55,705.84,3.47,-1.66,-3.4,0.11,184.88,157.43,True
1477,22.31,611.93,3.41,-1.2,-1.45,0.18,170.18,142.09,True
1478,26.35,701.37,3.47,-1.63,-3.31,0.11,184.18,156.7,True
1479,25.63,685.39,3.46,-1.56,-2.98,0.12,181.68,154.09,True
1480,20.62,574.39,3.38,-1.02,-0.68,0.21,164.31,135.96,True
1481,24.9,669.34,3.45,-1.48,-2.64,0.14,179.17,151.47,True
1482,25.55,683.77,3.46,-1.55,-2.94,0.13,181.43,153.83,True
1483,23.47,637.53,3.42,-1.33,-1.98,0.16,174.19,146.27,True
1484,27.06,717.28,3.48,-1.71,-3.64,0.1,186.67,159.3,True
1485,28.0,737.92,3.5,-1.81,-4.07,0.08,189.9,162.68,True
1486,22.84,623.71,3.41,-1.26,-1.7,0.17,172.03,144.01,True
1487,29.05,761.25,3.51,-1.92,-4.55,0.07,193.55,166.49,True
1488,24.74,665.65,3.44,-1.46,-2.57,0.14,178.59,150.87,True
1489,27.28,722.16,3.49,-1.74,-3.74,0.1,187.43,160.1,True
1490,23.36,635.22,3.42,-1.31,-1.94,0.16,173.83,145.89,True
1491,23.98,648.88,3.43,-1.38,-2.22,0.15,175.97,148.13,True
1492,22.97,626.41,3.42,-1.27,-1.75,0.17,172.45,144.46,True
1493,23.24,632.39,3.42,-1.3,-1.88,0.16,173.38,145.43,True
1494,22.95,626.09,3.42,-1.27,-1.75,0.17,172.4,144.4,True
1495,24.83,667.77,3.45,-1.47,-2.61,0.14,178.92,151.21,True
1496,26.69,708.95,3.48,-1.67,-3.47,0.11,185.37,157.94,True
1497,24.31,656.15,3.44,-1.42,-2.37,0.15,177.1,149.32,True
1498,28.25,743.67,3.5,-1.84,-4.19,0.08,190.8,163.62,True
1499,24.87,668.71,3.45,-1.48,-2.63,0.14,179.07,151.37,True
1500,20.09,562.65,3.37,-0.96,-0.43,0.22,162.47,134.04,True
1501,26.02,694.11,3.46,-1.6,-3.16,0.12,183.05,155.52,True
1502,29.4,768.98,3.52,-1.96,-4.71,0.06,194.76,167.75,True
1503,23.1,629.3,3.42,-1.29,-1.81,0.17,172.9,144.93,True
1504,26.93,714.22,3.48,-1.7,-3.58,0.1,186.19,158.8,True
1505,23.75,643.82,3.43,-1.36,-2.12,0.16,175.17,147.3,True
1506,27.44,725.53,3.49,-1.75,-3.81,0.09,187.96,160.65,True
1507,28.81,755.92,3.51,-1.9,-4.44,0.07,192.72,165.62,True
1508,23.67,642.01,3.43,-1.35,-2.08,0.16,174.89,147.0,True
1509,27.76,732.61,3.49,-1.79,-3.96,0.09,189.07,161.81,True
1510,24.62,663.04,3.44,-1.45,-2.51,0.14,178.18,150.44,True
1511,25.04,672.51,3.45,-1.5,-2.71,0.13,179.66,151.99,True
1512,23.34,634.65,3.42,-1.31,-1.93,0.16,173.74,145.8,True
1513,28.22,742.99,3.5,-1.84,-4.17,0.08,190.7,163.51,True
1514,22.8,622.72,3.41,-1.25,-1.68,0.17,171.87,143.85,True
1515,21.55,595.06,3.39,-1.12,-1.1,0.19,167.54,139.33,True
1516,28.36,745.95,3.5,-1.85,-4.23,0.08,191.16,163.99,True
1517,23.42,636.55,3.42,-1.32,-1.96,0.16,174.04,146.11,True
1518,20.95,581.8,3.38,-1.06,-0.83,0.2,165.47,137.16,True
1519,24.59,662.46,3.44,-1.45,-2.5,0.14,178.09,150.35,True
1520,22.47,615.48,3.41,-1.22,-1.53,0.18,170.74,142.67,True
1521,25.71,687.22,3.46,-1.57,-3.02,0.12,181.97,154.39,True
1522,22.68,619.99,3.41,-1.24,-1.62,0.17,171.45,143.41,True
1523,20.27,566.74,3.37,-0.98,-0.52,0.21,163.11,134.7,True
1524,29.17,763.95,3.51,-1.94,-4.61,0.06,193.97,166.93,True
1525,28.74,754.4,3.51,-1.89,-4.41,0.07,192.48,165.37,True
1526,23.48,637.8,3.42,-1.33,-1.99,0.16,174.23,146.32,True
1527,27.05,716.9,3.48,-1.71,-3.63,0.1,186.61,159.24,True
1528,28.48,748.59,3.5,-1.86,-4.29,0.08,191.57,164.42,True
1529,21.14,585.92,3.39,-1.08,-0.91,0.2,166.11,137.84,True
1530,23.99,649.01,3.43,-1.38,-2.22,0.15,175.99,148.15,True
1531,21.74,599.14,3.4,-1.14,-1.19,0.19,168.18,140.0,True
1532,23.95,648.17,3.43,-1.38,-2.21,0.15,175.85,148.01,True
1533,24.2,653.83,3.44,-1.4,-2.32,0.15,176.74,148.94,True
1534,24.29,655.76,3.44,-1.41,-2.36,0.15,177.04,149.25,True
1535,26.72,709.74,3.48,-1.68,-3.48,0.11,185.49,158.07,True
1536,21.32,589.9,3.39,-1.1,-1.0,0.2,166.74,138.49,True
1537,19.81,556.44,3.37,-0.93,-0.3,0.22,161.5,133.02,True
1538,29.45,770.19,3.52,-1.97,-4.74,0.06,194.95,167.95,True
1539,22.13,607.9,3.4,-1.18,-1.37,0.18,169.55,141.43,True
1540,21.97,604.26,3.4,-1.16,-1.3,0.19,168.98,140.84,True
1541,27.87,735.21,3.49,-1.8,-4.01,0.09,189.48,162.23,True
1542,27.98,737.52,3.5,-1.81,-4.06,0.08,189.84,162.61,True
1543,28.95,759.1,3.51,-1.91,-4.51,0.07,193.22,166.14,True
1544,21.52,594.27,3.39,-1.12,-1.09,0.19,167.42,139.2,True
1545,22.57,617.56,3.41,-1.23,-1.57,0.18,171.07,143.01,True
1546,27.88,735.29,3.49,-1.8,-4.01,0.09,189.49,162.25,True
1547,25.72,687.43,3.46,-1.57,-3.02,0.12,182.0,154.43,True
1548,21.9,602.76,3.4,-1.16,-1.26,0.19,168.75,140.59,True
1549,21.59,595.9,3.39,-1.12,-1.12,0.19,167.67,139.47,True
1550,23.2,631.67,3.42,-1.3,-1.86,0.16,173.27,145.31,True
1551,28.17,741.76,3.5,-1.83,-4.15,0.08,190.5,163.3,True
1552,21.98,604.55,3.4,-1.17,-1.3,0.19,169.03,140.88,True
1553,21.5,593.81,3.39,-1.11,-1.08,0.19,167.35,139.13,True
1554,29.41,769.17,3.52,-1.96,-4.71,0.06,194.79,167.78,True
1555,20.97,582.22,3.38,-1.06,-0.84,0.2,165.53,137.23,True
1556,29.01,760.32,3.51,-1.92,-4.53,0.07,193.41,166.34,True
1557,20.58,573.62,3.38,-1.02,-0.66,0.21,164.19,135.83,True
1558,29.01,760.34,3.51,-1.92,-4.53,0.07,193.41,166.34,True
1559,24.84,667.99,3.45,-1.47,-2.62,0.14,178.96,151.25,True
1560,28.46,748.2,3.5,-1.86,-4.28,0.08,191.51,164.36,True
1561,22.59,618.17,3.41,-1.23,-1.58,0.18,171.16,143.11,True
1562,25.05,672.59,3.45,-1.5,-2.71,0.13,179.68,152.0,True
1563,19.86,557.47,3.37,-0.94,-0.33,0.22,161.66,133.19,True
1564,26.66,708.3,3.48,-1.67,-3.45,0.11,185.27,157.84,True
1565,29.18,764.14,3.52,-1.94,-4.61,0.06,194.0,166.96,True
1566,28.43,747.66,3.5,-1.86,-4.27,0.08,191.43,164.27,True
1567,21.44,592.69,3.39,-1.11,-1.06,0.19,167.17,138.94,True
1568,25.37,679.77,3.45,-1.53,-2.86,0.13,180.8,153.17,True
1569,28.52,749.52,3.5,-1.87,-4.31,0.08,191.72,164.57,True
1570,21.96,604.03,3.4,-1.16,-1.29,0.19,168.95,140.8,True
1571,25.47,682.04,3.46,-1.54,-2.91,0.13,181.16,153.54,True
1572,20.38,569.16,3.38,-0.99,-0.57,0.21,163.49,135.1,True
1573,23.54,639.16,3.43,-1.33,-2.02,0.16,174.45,146.54,True
1574,25.6,684.88,3.46,-1.55,-2.97,0.12,181.6,154.01,True
1575,19.67,553.4,3.36,-0.92,-0.24,0.22,161.02,132.53,True
1576,21.48,593.49,3.39,-1.11,-1.07,0.19,167.3,139.08,True
1577,24.73,665.54,3.44,-1.46,-2.57,0.14,178.57,150.85,True
1578,22.2,609.34,3.4,-1.19,-1.4,0.18,169.78,141.66,True
1579,24.48,660.02,3.44,-1.43,-2.45,0.14,177.71,149.95,True
1580,22.35,612.66,3.41,-1.21,-1.47,0.18,170.3,142.21,True
1581,29.05,761.21,3.51,-1.92,-4.55,0.07,193.55,166.48,True
1582,26.07,695.23,3.47,-1.6,-3.18,0.12,183.22,155.7,True
1583,25.8,689.36,3.46,-1.58,-3.06,0.12,182.3,154.74,True
1584,26.08,695.42,3.47,-1.61,-3.19,0.12,183.25,155.73,True
1585,27.49,726.67,3.49,-1.76,-3.83,0.09,188.14,160.84,True
1586,22.98,626.62,3.42,-1.27,-1.76,0.17,172.48,144.49,True
1587,20.99,582.55,3.38,-1.06,-0.84,0.2,165.58,137.29,True
1588,28.95,759.18,3.51,-1.91,-4.51,0.07,193.23,166.15,True
1589,27.38,724.24,3.49,-1.75,-3.78,0.09,187.76,160.44,True
1590,20.61,574.12,3.38,-1.02,-0.67,0.21,164.27,135.91,True
1591,23.57,639.8,3.43,-1.34,-2.03,0.16,174.55,146.64,True
1592,23.6,640.43,3.43,-1.34,-2.05,0.16,174.64,146.75,True
1593,21.78,600.01,3.4,-1.14,-1.21,0.19,168.32,140.14,True
1594,21.63,596.88,3.4,-1.13,-1.14,0.19,167.83,139.63,True
1595,21.25,588.48,3.39,-1.09,-0.97,0.2,166.51,138.26,True
1596,21.32,589.85,3.39,-1.1,-1.0,0.2,166.73,138.48,True
1597,27.68,730.91,3.49,-1.78,-3.92,0.09,188.8,161.53,True
1598,22.21,609.58,3.4,-1.19,-1.41,0.18,169.82,141.71,True
1599,21.73,598.96,3.4,-1.14,-1.19,0.19,168.15,139.97,True
1600,22.11,607.53,3.4,-1.18,-1.36,0.18,169.49,141.37,True
1601,25.65,685.84,3.46,-1.56,-2.99,0.12,181.75,154.17,True
1602,23.12,629.94,3.42,-1.29,-1.83,0.17,173.0,145.03,True
1603,24.36,657.33,3.44,-1.42,-2.4,0.15,177.29,149.51,True
1604,27.59,728.86,3.49,-1.77,-3.88,0.09,188.48,161.2,True
1605,25.64,685.61,3.46,-1.56,-2.98,0.12,181.71,154.13,True
1606,27.03,716.5,3.48,-1.71,-3.62,0.1,186.55,159.18,True
1607,23.18,631.22,3.42,-1.3,-1.85,0.17,173.2,145.24,True
1608,24.54,661.22,3.44,-1.44,-2.48,0.14,177.9,150.14,True
1609,28.77,755.08,3.51,-1.89,-4.42,0.07,192.59,165.48,True
1610,21.13,585.8,3.39,-1.08,-0.91,0.2,166.09,137.82,True
1611,26.9,713.69,3.48,-1.69,-3.56,0.1,186.11,158.72,True
1612,27.5,726.91,3.49,-1.76,-3.84,0.09,188.18,160.88,True
1613,23.74,643.65,3.43,-1.36,-2.11,0.16,175.15,147.27,True
1614,26.14,696.85,3.47,-1.61,-3.21,0.12,183.47,155.97,True
1615,28.21,742.62,3.5,-1.83,-4.16,0.08,190.64,163.44,True
1616,20.07,562.26,3.37,-0.96,-0.42,0.22,162.41,133.97,True
1617,20.27,566.62,3.37,-0.98,-0.51,0.21,163.09,134.68,True
1618,22.7,620.59,3.41,-1.24,-1.63,0.17,171.54,143.5,True
1619,26.21,698.29,3.47,-1.62,-3.24,0.11,183.7,156.2,True
1620,22.02,605.34,3.4,-1.17,-1.32,0.18,169.15,141.01,True
1621,20.71,576.43,3.38,-1.03,-0.72,0.21,164.63,136.29,True
1622,20.4,569.42,3.38,-1.0,-0.57,0.21,163.53,135.14,True
1623,29.02,760.63,3.51,-1.92,-4.54,0.07,193.46,166.39,True
1624,21.59,595.86,3.39,-1.12,-1.12,0.19,167.67,139.46,True
1625,22.39,613.6,3.41,-1.21,-1.49,0.18,170.45,142.36,True
1626,23.15,630.48,3.42,-1.29,-1.84,0.17,173.09,145.12,True
1627,23.11,629.66,3.42,-1.29,-1.82,0.17,172.96,144.99,True
1628,21.3,589.47,3.39,-1.09,-0.99,0.2,166.67,138.42,True
1629,27.67,730.81,3.49,-1.78,-3.92,0.09,188.79,161.51,True
1630,21.74,599.3,3.4,-1.14,-1.19,0.19,168.21,140.03,True
1631,20.36,568.63,3.37,-0.99,-0.56,0.21,163.41,135.01,True
1632,21.89,602.57,3.4,-1.16,-1.26,0.19,168.72,140.56,True
1633,21.9,602.72,3.4,-1.16,-1.26,0.19,168.74,140.58,True
1634,27.52,727.32,3.49,-1.76,-3.85,0.09,188.24,160.94,True
1635,27.18,719.88,3.48,-1.72,-3.69,0.1,187.08,159.73,True
1636,21.66,597.45,3.4,-1.13,-1.15,0.19,167.92,139.72,True
1637,25.87,690.73,3.46,-1.58,-3.09,0.12,182.52,154.96,True
1638,28.68,753.11,3.51,-1.89,-4.38,0.07,192.28,165.16,True
1639,22.6,618.28,3.41,-1.23,-1.59,0.18,171.18,143.13,True
1640,23.5,638.16,3.42,-1.33,-2.0,0.16,174.29,146.38,True
1641,27.9,735.83,3.49,-1.8,-4.02,0.09,189.57,162.33,True
1642,20.11,563.17,3.37,-0.97,-0.44,0.22,162.55,134.12,True
1643,20.69,576.02,3.38,-1.03,-0.71,0.21,164.56,136.22,True
1644,20.08,562.32,3.37,-0.96,-0.43,0.22,162.42,133.98,True
1645,28.66,752.74,3.51,-1.88,-4.37,0.07,192.22,165.1,True
1646,28.33,745.41,3.5,-1.85,-4.22,0.08,191.07,163.9,True
1647,22.51,616.42,3.41,-1.22,-1.55,0.18,170.89,142.82,True
1648,29.07,761.79,3.51,-1.93,-4.56,0.07,193.64,166.58,True
1649,28.15,741.3,3.5,-1.83,-4.14,0.08,190.43,163.23,True
1650,26.56,706.01,3.47,-1.66,-3.4,0.11,184.91,157.46,True
1651,20.38,569.01,3.38,-0.99,-0.56,0.21,163.47,135.08,True
1652,21.18,586.91,3.39,-1.08,-0.94,0.2,166.27,138.0,True
1653,27.75,732.38,3.49,-1.78,-3.95,0.09,189.03,161.77,True
1654,23.24,632.59,3.42,-1.3,-1.88,0.16,173.42,145.46,True
1655,27.92,736.18,3.5,-1.8,-4.03,0.09,189.63,162.39,True
1656,19.75,555.2,3.37,-0.93,-0.28,0.22,161.31,132.82,True
1657,24.75,666.0,3.44,-1.46,-2.58,0.14,178.65,150.92,True
1658,26.81,711.67,3.48,-1.68,-3.52,0.1,185.79,158.39,True
1659,21.01,582.97,3.39,-1.06,-0.85,0.2,165.65,137.36,True
1660,22.99,626.97,3.42,-1.27,-1.77,0.17,172.54,144.55,True
1661,20.14,563.76,3.37,-0.97,-0.46,0.22,162.65,134.22,True
1662,25.62,685.26,3.46,-1.56,-2.97,0.12,181.66,154.07,True
1663,28.55,750.23,3.51,-1.87,-4.32,0.08,191.83,164.69,True
1664,25.55,683.63,3.46,-1.55,-2.94,0.13,181.4,153.8,True
1665,26.69,709.01,3.48,-1.67,-3.47,0.11,185.38,157.95,True
1666,20.06,562.09,3.37,-0.96,-0.42,0.22,162.38,133.94,True
1667,22.8,622.67,3.41,-1.25,-1.68,0.17,171.86,143.84,True
1668,20.03,561.3,3.37,-0.96,-0.4,0.22,162.26,133.82,True
1669,26.43,703.31,3.47,-1.64,-3.35,0.11,184.49,157.02,True
1670,29.02,760.72,3.51,-1.92,-4.54,0.07,193.47,166.4,True
1671,28.82,756.3,3.51,-1.9,-4.45,0.07,192.78,165.68,True
1672,23.39,635.87,3.42,-1.32,-1.95,0.16,173.93,146.0,True
1673,28.45,747.94,3.5,-1.86,-4.27,0.08,191.47,164.31,True
1674,21.35,590.67,3.39,-1.1,-1.01,0.2,166.86,138.61,True
1675,22.17,608.79,3.4,-1.19,-1.39,0.18,169.69,141.58,True
1676,28.37,746.18,3.5,-1.85,-4.24,0.08,191.19,164.03,True
1677,23.03,627.87,3.42,-1.28,-1.78,0.17,172.68,144.69,True
1678,23.6,640.39,3.43,-1.34,-2.04,0.16,174.64,146.74,True
1679,24.88,668.96,3.45,-1.48,-2.64,0.14,179.11,151.41,True
1680,23.25,632.63,3.42,-1.3,-1.88,0.16,173.42,145.47,True
1681,20.01,560.98,3.37,-0.96,-0.4,0.22,162.21,133.76,True
1682,28.03,738.71,3.5,-1.82,-4.08,0.08,190.03,162.81,True
1683,19.74,554.81,3.36,-0.93,-0.27,0.22,161.24,132.76,True
1684,20.51,571.91,3.38,-1.01,-0.62,0.21,163.92,135.55,True
1685,26.8,711.46,3.48,-1.68,-3.52,0.1,185.76,158.35,True
1686,27.76,732.64,3.49,-1.79,-3.96,0.09,189.08,161.81,True
1687,28.49,748.86,3.5,-1.86,-4.29,0.08,191.61,164.46,True
1688,28.98,759.81,3.51,-1.92,-4.52,0.07,193.33,166.25,True
1689,27.16,719.36,3.48,-1.72,-3.68,0.1,187.0,159.64,True
1690,28.63,752.02,3.51,-1.88,-4.36,0.07,192.11,164.98,True
1691,24.17,653.19,3.44,-1.4,-2.31,0.15,176.64,148.83,True
1692,24.39,658.03,3.44,-1.42,-2.41,0.14,177.4,149.62,True
1693,20.87,579.99,3.38,-1.05,-0.79,0.2,165.19,136.87,True
1694,26.96,714.94,3.48,-1.7,-3.59,0.1,186.31,158.92,True
1695,28.1,740.28,3.5,-1.82,-4.12,0.08,190.27,163.06,True
1696,27.64,729.98,3.49,-1.77,-3.9,0.09,188.66,161.38,True
1697,20.53,572.31,3.38,-1.01,-0.63,0.21,163.98,135.61,True
1698,25.85,690.3,3.46,-1.58,-3.08,0.12,182.45,154.9,True
1699,25.94,692.28,3.46,-1.59,-3.12,0.12,182.76,155.22,True
1700,22.65,619.4,3.41,-1.24,-1.61,0.17,171.35,143.31,True
1701,22.01,605.32,3.4,-1.17,-1.32,0.18,169.15,141.01,True
1702,27.89,735.63,3.49,-1.8,-4.02,0.09,189.54,162.3,True
1703,21.21,587.47,3.39,-1.08,-0.95,0.2,166.36,138.09,True
1704,24.48,660.05,3.44,-1.43,-2.45,0.14,177.71,149.95,True
1705,24.21,653.99,3.44,-1.41,-2.33,0.15,176.77,148.96,True
1706,23.63,641.2,3.43,-1.34,-2.06,0.16,174.77,146.87,True
1707,23.25,632.79,3.42,-1.3,-1.89,0.16,173.45,145.5,True
1708,20.06,561.92,3.37,-0.96,-0.42,0.22,162.36,133.92,True
1709,26.06,695.11,3.47,-1.6,-3.18,0.12,183.2,155.68,True
1710,26.85,712.62,3.48,-1.69,-3.54,0.1,185.94,158.54,True
1711,23.86,646.26,3.43,-1.37,-2.17,0.15,175.56,147.7,True
1712,22.29,611.51,3.41,-1.2,-1.45,0.18,170.12,142.02,True
1713,20.02,561.1,3.37,-0.96,-0.4,0.22,162.23,133.78,True
1714,26.03,694.34,3.47,-1.6,-3.16,0.12,183.08,155.55,True
1715,26.62,707.46,3.47,-1.66,-3.43,0.11,185.13,157.7,True
1716,22.2,609.42,3.4,-1.19,-1.4,0.18,169.79,141.68,True
1717,27.42,725.12,3.49,-1.75,-3.8,0.09,187.9,160.59,True
1718,29.46,770.42,3.52,-1.97,-4.74,0.06,194.99,167.99,True
1719,26.03,694.24,3.46,-1.6,-3.16,0.12,183.07,155.54,True
1720,25.27,677.39,3.45,-1.52,-2.81,0.13,180.43,152.79,True
1721,25.75,688.21,3.46,-1.57,-3.04,0.12,182.12,154.55,True
1722,24.26,655.07,3.44,-1.41,-2.35,0.15,176.93,149.14,True
1723,28.17,741.79,3.5,-1.83,-4.15,0.08,190.51,163.31,True
1724,22.32,612.14,3.41,-1.2,-1.46,0.18,170.22,142.12,True
1725,28.19,742.14,3.5,-1.83,-4.15,0.08,190.56,163.37,True
1726,28.25,743.64,3.5,-1.84,-4.18,0.08,190.8,163.61,True
1727,25.82,689.78,3.46,-1.58,-3.07,0.12,182.37,154.81,True
1728,27.77,733.03,3.49,-1.79,-3.97,0.09,189.14,161.88,True
1729,27.07,717.46,3.48,-1.71,-3.64,0.1,186.7,159.33,True
1730,23.47,637.5,3.42,-1.33,-1.98,0.16,174.19,146.27,True
1731,24.3,655.94,3.44,-1.41,-2.37,0.15,177.07,149.28,True
1732,21.46,592.94,3.39,-1.11,-1.06,0.19,167.21,138.99,True
1733,27.31,722.66,3.49,-1.74,-3.75,0.1,187.51,160.18,True
1734,22.46,615.26,3.41,-1.22,-1.52,0.18,170.7,142.63,True
1735,25.81,689.54,3.46,-1.58,-3.06,0.12,182.33,154.77,True
1736,25.63,685.37,3.46,-1.56,-2.98,0.12,181.68,154.09,True
1737,22.77,622.01,3.41,-1.25,-1.66,0.17,171.76,143.74,True
1738,24.59,662.38,3.44,-1.45,-2.5,0.14,178.08,150.33,True
1739,27.88,735.28,3.49,-1.8,-4.01,0.09,189.49,162.24,True
1740,26.15,696.91,3.47,-1.61,-3.22,0.12,183.48,155.98,True
1741,29.05,761.22,3.51,-1.92,-4.55,0.07,193.55,166.48,True
1742,25.51,682.72,3.46,-1.54,-2.92,0.13,181.26,153.66,True
1743,28.66,752.66,3.51,-1.88,-4.37,0.07,192.21,165.09,True
1744,28.44,747.73,3.5,-1.86,-4.27,0.08,191.44,164.28,True
1745,24.74,665.73,3.44,-1.46,-2.57,0.14,178.6,150.88,True
1746,28.83,756.43,3.51,-1.9,-4.45,0.07,192.8,165.7,True
1747,25.06,672.91,3.45,-1.5,-2.72,0.13,179.73,152.05,True
1748,25.56,684.0,3.46,-1.55,-2.95,0.13,181.46,153.87,True
1749,23.98,648.87,3.43,-1.38,-2.22,0.15,175.96,148.12,True
1750,26.35,701.48,3.47,-1.64,-3.31,0.11,184.2,156.72,True
1751,21.37,591.07,3.39,-1.1,-1.02,0.2,166.92,138.68,True
1752,21.54,594.87,3.39,-1.12,-1.1,0.19,167.51,139.3,True
1753,24.1,651.55,3.43,-1.39,-2.28,0.15,176.38,148.56,True
1754,26.24,699.1,3.47,-1.62,-3.26,0.11,183.83,156.33,True
1755,24.66,663.99,3.44,-1.45,-2.53,0.14,178.33,150.6,True
1756,23.58,640.09,3.43,-1.34,-2.04,0.16,174.59,146.69,True
1757,22.74,621.45,3.41,-1.25,-1.65,0.17,171.67,143.64,True
1758,29.02,760.55,3.51,-1.92,-4.54,0.07,193.44,166.37,True
1759,25.86,690.62,3.46,-1.58,-3.09,0.12,182.5,154.95,True
1760,25.75,688.23,3.46,-1.57,-3.04,0.12,182.12,154.56,True
1761,26.12,696.41,3.47,-1.61,-3.21,0.12,183.4,155.89,True
1762,23.31,634.09,3.42,-1.31,-1.91,0.16,173.65,145.71,True
1763,24.63,663.29,3.44,-1.45,-2.52,0.14,178.22,150.48,True
1764,23.98,648.88,3.43,-1.38,-2.22,0.15,175.97,148.13,True
1765,23.04,628.14,3.42,-1.28,-1.79,0.17,172.72,144.74,True
1766,25.23,676.7,3.45,-1.52,-2.8,0.13,180.32,152.67,True
1767,21.37,591.0,3.39,-1.1,-1.02,0.2,166.91,138.67,True
1768,26.26,699.42,3.47,-1.63,-3.27,0.11,183.88,156.39,True
1769,21.52,594.38,3.39,-1.12,-1.09,0.19,167.44,139.22,True
1770,27.24,721.11,3.48,-1.73,-3.72,0.1,187.27,159.93,True
1771,21.34,590.26,3.39,-1.1,-1.0,0.2,166.79,138.55,True
1772,24.42,658.7,3.44,-1.43,-2.42,0.14,177.5,149.73,True
1773,20.15,563.94,3.37,-0.97,-0.46,0.22,162.67,134.25,True
1774,20.07,562.18,3.37,-0.96,-0.42,0.22,162.4,133.96,True
1775,22.99,627.03,3.42,-1.27,-1.77,0.17,172.55,144.56,True
1776,19.98,560.16,3.37,-0.95,-0.38,0.22,162.08,133.63,True
1777,25.68,686.54,3.46,-1.56,-3.0,0.12,181.86,154.28,True
1778,25.83,689.8,3.46,-1.58,-3.07,0.12,182.37,154.81,True
1779,24.04,650.18,3.43,-1.39,-2.25,0.15,176.17,148.34,True
1780,22.07,606.51,3.4,-1.18,-1.34,0.18,169.34,141.2,True
1781,26.56,706.09,3.47,-1.66,-3.41,0.11,184.92,157.48,True
1782,26.11,696.16,3.47,-1.61,-3.2,0.12,183.37,155.85,True
1783,26.59,706.7,3.47,-1.66,-3.42,0.11,185.02,157.57,True
1784,28.47,748.39,3.5,-1.86,-4.28,0.08,191.54,164.39,True
1785,26.63,707.66,3.47,-1.67,-3.44,0.11,185.17,157.73,True
1786,28.78,755.28,3.51,-1.9,-4.43,0.07,192.62,165.51,True
1787,22.87,624.26,3.41,-1.26,-1.71,0.17,172.11,144.1,True
1788,27.29,722.19,3.49,-1.74,-3.74,0.1,187.44,160.11,True
1789,21.99,604.87,3.4,-1.17,-1.31,0.19,169.08,140.93,True
1790,20.93,581.32,3.38,-1.05,-0.82,0.2,165.39,137.09,True
1791,24.19,653.51,3.44,-1.4,-2.32,0.15,176.69,148.88,True
1792,19.88,558.09,3.37,-0.94,-0.34,0.22,161.76,133.29,True
1793,28.72,753.9,3.51,-1.89,-4.4,0.07,192.4,165.29,True
1794,28.84,756.66,3.51,-1.9,-4.45,0.07,192.83,165.74,True
1795,22.21,609.57,3.4,-1.19,-1.41,0.18,169.81,141.7,True
1796,24.59,662.5,3.44,-1.45,-2.5,0.14,178.1,150.35,True
1797,28.92,758.41,3.51,-1.91,-4.49,0.07,193.11,166.03,True
1798,20.56,573.03,3.38,-1.01,-0.65,0.21,164.1,135.73,True
1799,23.01,627.31,3.42,-1.28,-1.77,0.17,172.59,144.6,True
1800,27.49,726.65,3.49,-1.76,-3.83,0.09,188.14,160.84,True
1801,28.88,757.52,3.51,-1.91,-4.47,0.07,192.97,165.88,True
1802,20.78,577.87,3.38,-1.04,-0.75,0.21,164.85,136.52,True
1803,20.92,581.06,3.38,-1.05,-0.81,0.2,165.35,137.04,True
1804,23.83,645.49,3.43,-1.36,-2.15,0.15,175.44,147.57,True
1805,23.64,641.38,3.43,-1.34,-2.06,0.16,174.79,146.9,True
1806,26.65,708.12,3.47,-1.67,-3.45,0.11,185.24,157.81,True
1807,24.8,667.03,3.45,-1.47,-2.6,0.14,178.81,151.09,True
1808,28.06,739.33,3.5,-1.82,-4.1,0.08,190.12,162.91,True
1809,20.71,576.35,3.38,-1.03,-0.72,0.21,164.62,136.28,True
1810,22.24,610.27,3.4,-1.19,-1.42,0.18,169.92,141.82,True
1811,27.72,731.8,3.49,-1.78,-3.94,0.09,188.94,161.68,True
1812,20.59,573.69,3.38,-1.02,-0.66,0.21,164.2,135.84,True
1813,22.92,625.35,3.42,-1.27,-1.73,0.17,172.28,144.28,True
1814,29.03,760.93,3.51,-1.92,-4.54,0.07,193.5,166.44,True
1815,22.11,607.53,3.4,-1.18,-1.36,0.18,169.49,141.37,True
1816,26.77,710.74,3.48,-1.68,-3.5,0.1,185.65,158.23,True
1817,24.84,667.95,3.45,-1.47,-2.62,0.14,178.95,151.24,True
1818,29.1,762.35,3.51,-1.93,-4.57,0.07,193.73,166.67,True
1819,25.01,671.83,3.45,-1.49,-2.7,0.13,179.56,151.88,True
1820,23.74,643.53,3.43,-1.35,-2.11,0.16,175.13,147.25,True
1821,22.45,615.07,3.41,-1.22,-1.52,0.18,170.68,142.6,True
1822,21.97,604.24,3.4,-1.16,-1.29,0.19,168.98,140.83,True
1823,26.44,703.42,3.47,-1.64,-3.35,0.11,184.5,157.04,True
1824,28.14,741.06,3.5,-1.83,-4.13,0.08,190.39,163.19,True
1825,28.17,741.84,3.5,-1.83,-4.15,0.08,190.52,163.32,True
1826,20.96,582.03,3.38,-1.06,-0.83,0.2,165.5,137.2,True
1827,23.77,644.28,3.43,-1.36,-2.13,0.16,175.25,147.38,True
1828,28.6,751.28,3.51,-1.88,-4.34,0.07,191.99,164.86,True
1829,26.1,695.83,3.47,-1.61,-3.19,0.12,183.31,155.8,True
1830,22.55,617.26,3.41,-1.23,-1.56,0.18,171.02,142.96,True
1831,21.03,583.4,3.39,-1.06,-0.86,0.2,165.72,137.43,True
1832,22.77,621.98,3.41,-1.25,-1.66,0.17,171.76,143.73,True
1833,29.24,765.53,3.52,-1.95,-4.64,0.06,194.22,167.19,True
1834,20.75,577.28,3.38,-1.03,-0.74,0.21,164.76,136.43,True
1835,19.78,555.83,3.37,-0.93,-0.29,0.22,161.4,132.92,True
1836,22.29,611.32,3.41,-1.2,-1.44,0.18,170.09,141.99,True
1837,29.12,762.78,3.51,-1.93,-4.58,0.07,193.79,166.74,True
1838,28.69,753.37,3.51,-1.89,-4.39,0.07,192.32,165.2,True
1839,20.43,570.17,3.38,-1.0,-0.59,0.21,163.65,135.27,True
1840,28.75,754.74,3.51,-1.89,-4.42,0.07,192.53,165.42,True
1841,20.03,561.24,3.37,-0.96,-0.4,0.22,162.25,133.81,True
1842,22.9,625.06,3.42,-1.27,-1.73,0.17,172.24,144.23,True
1843,28.61,751.62,3.51,-1.88,-4.35,0.07,192.05,164.91,True
1844,27.1,717.99,3.48,-1.72,-3.65,0.1,186.78,159.42,True
1845,25.79,689.06,3.46,-1.58,-3.05,0.12,182.25,154.69,True
1846,24.19,653.48,3.44,-1.4,-2.32,0.15,176.69,148.88,True
1847,20.56,572.97,3.38,-1.01,-0.65,0.21,164.09,135.72,True
1848,29.2,764.64,3.52,-1.94,-4.62,0.06,194.08,167.04,True
1849,21.37,591.0,3.39,-1.1,-1.02,0.2,166.91,138.67,True
1850,24.46,659.62,3.44,-1.43,-2.44,0.14,177.65,149.88,True
1851,27.28,721.96,3.48,-1.73,-3.74,0.1,187.4,160.07,True
1852,27.2,720.38,3.48,-1.73,-3.7,0.1,187.16,159.81,True
1853,21.39,591.5,3.39,-1.1,-1.03,0.2,166.99,138.75,True
1854,20.58,573.63,3.38,-1.02,-0.66,0.21,164.19,135.83,True
1855,23.01,627.39,3.42,-1.28,-1.77,0.17,172.6,144.61,True
1856,22.07,606.6,3.4,-1.18,-1.34,0.18,169.35,141.22,True
1857,27.92,736.33,3.5,-1.8,-4.03,0.09,189.65,162.42,True
1858,27.22,720.62,3.48,-1.73,-3.71,0.1,187.19,159.85,True
1859,24.81,667.23,3.45,-1.47,-2.6,0.14,178.84,151.12,True
1860,20.75,577.18,3.38,-1.03,-0.73,0.21,164.74,136.41,True
1861,29.11,762.61,3.51,-1.93,-4.58,0.07,193.76,166.71,True
1862,21.89,602.63,3.4,-1.16,-1.26,0.19,168.73,140.57,True
1863,27.91,736.03,3.49,-1.8,-4.03,0.09,189.61,162.37,True
1864,20.75,577.2,3.38,-1.03,-0.73,0.21,164.75,136.41,True
1865,26.13,696.54,3.47,-1.61,-3.21,0.12,183.43,155.92,True
1866,24.28,655.51,3.44,-1.41,-2.36,0.15,177.0,149.21,True
1867,25.68,686.51,3.46,-1.56,-3.0,0.12,181.86,154.28,True
1868,25.94,692.38,3.46,-1.59,-3.12,0.12,182.77,155.23,True
1869,21.82,600.94,3.4,-1.15,-1.23,0.19,168.46,140.29,True
1870,25.43,680.99,3.46,-1.54,-2.89,0.13,180.99,153.37,True
1871,21.6,596.21,3.39,-1.13,-1.13,0.19,167.72,139.52,True
1872,25.81,689.4,3.46,-1.58,-3.06,0.12,182.31,154.75,True
1873,25.63,685.46,3.46,-1.56,-2.98,0.12,181.69,154.1,True
1874,28.13,741.01,3.5,-1.83,-4.13,0.08,190.39,163.18,True
1875,21.07,584.34,3.39,-1.07,-0.88,0.2,165.87,137.58,True
1876,26.25,699.31,3.47,-1.62,-3.27,0.11,183.86,156.37,True
1877,28.48,748.71,3.5,-1.86,-4.29,0.08,191.59,164.44,True
1878,19.86,557.53,3.37,-0.94,-0.33,0.22,161.67,133.2,True
1879,26.1,695.89,3.47,-1.61,-3.19,0.12,183.32,155.81,True
1880,28.88,757.56,3.51,-1.91,-4.47,0.07,192.98,165.89,True
1881,21.12,585.43,3.39,-1.07,-0.9,0.2,166.04,137.76,True
1882,21.98,604.49,3.4,-1.17,-1.3,0.19,169.02,140.87,True
1883,27.29,722.29,3.49,-1.74,-3.74,0.1,187.46,160.12,True
1884,21.82,600.95,3.4,-1.15,-1.23,0.19,168.46,140.29,True
1885,21.87,602.1,3.4,-1.15,-1.25,0.19,168.65,140.48,True
1886,23.1,629.41,3.42,-1.29,-1.82,0.17,172.92,144.95,True
1887,22.02,605.35,3.4,-1.17,-1.32,0.18,169.15,141.01,True
1888,19.69,553.82,3.36,-0.92,-0.25,0.22,161.09,132.59,True
1889,20.97,582.1,3.38,-1.06,-0.84,0.2,165.52,137.21,True
1890,26.51,705.04,3.47,-1.65,-3.38,0.11,184.76,157.3,True
1891,22.81,623.04,3.41,-1.26,-1.68,0.17,171.92,143.9,True
1892,25.08,673.27,3.45,-1.5,-2.73,0.13,179.78,152.11,True
1893,23.48,637.86,3.42,-1.33,-1.99,0.16,174.24,146.33,True
1894,26.62,707.52,3.47,-1.66,-3.44,0.11,185.14,157.71,True
1895,29.16,763.74,3.51,-1.94,-4.6,0.06,193.94,166.9,True
1896,23.43,636.73,3.42,-1.32,-1.97,0.16,174.07,146.14,True
1897,21.44,592.57,3.39,-1.11,-1.05,0.19,167.15,138.93,True
1898,27.14,718.85,3.48,-1.72,-3.67,0.1,186.92,159.56,True
1899,21.54,594.87,3.39,-1.12,-1.1,0.19,167.51,139.3,True
1900,23.24,632.57,3.42,-1.3,-1.88,0.16,173.41,145.46,True
1901,28.23,743.16,3.5,-1.84,-4.18,0.08,190.72,163.53,True
1902,23.0,627.16,3.42,-1.28,-1.77,0.17,172.57,144.58,True
1903,27.97,737.39,3.5,-1.81,-4.06,0.08,189.82,162.59,True
1904,19.79,555.92,3.37,-0.93,-0.29,0.22,161.42,132.94,True
1905,26.58,706.5,3.47,-1.66,-3.41,0.11,184.98,157.54,True
1906,29.35,767.91,3.52,-1.96,-4.69,0.06,194.59,167.58,True
1907,25.61,685.01,3.46,-1.56,-2.97,0.12,181.62,154.03,True
1908,20.04,561.61,3.37,-0.96,-0.41,0.22,162.31,133.87,True
1909,27.11,718.19,3.48,-1.72,-3.66,0.1,186.81,159.45,True
1910,25.97,692.92,3.46,-1.59,-3.13,0.12,182.86,155.32,True
1911,21.92,603.21,3.4,-1.16,-1.27,0.19,168.82,140.66,True
1912,20.47,571.09,3.38,-1.0,-0.61,0.21,163.79,135.42,True
1913,25.26,677.35,3.45,-1.52,-2.81,0.13,180.42,152.78,True
1914,21.15,586.06,3.39,-1.08,-0.92,0.2,166.13,137.86,True
1915,28.23,743.1,3.5,-1.84,-4.17,0.08,190.71,163.52,True
1916,23.47,637.59,3.42,-1.33,-1.99,0.16,174.2,146.28,True
1917,20.38,569.02,3.38,-0.99,-0.56,0.21,163.47,135.08,True
1918,26.93,714.2,3.48,-1.7,-3.57,0.1,186.19,158.8,True
1919,26.32,700.71,3.47,-1.63,-3.29,0.11,184.08,156.6,True
1920,27.11,718.27,3.48,-1.72,-3.66,0.1,186.83,159.46,True
1921,25.2,675.98,3.45,-1.51,-2.78,0.13,180.21,152.55,True
1922,27.41,725.05,3.49,-1.75,-3.8,0.09,187.89,160.57,True
1923,19.76,555.44,3.37,-0.93,-0.28,0.22,161.34,132.86,True
1924,21.71,598.65,3.4,-1.14,-1.18,0.19,168.1,139.92,True
1925,19.73,554.61,3.36,-0.92,-0.27,0.22,161.21,132.72,True
1926,21.34,590.45,3.39,-1.1,-1.01,0.2,166.82,138.58,True
1927,25.44,681.34,3.46,-1.54,-2.89,0.13,181.05,153.43,True
1928,29.35,767.89,3.52,-1.96,-4.69,0.06,194.59,167.57,True
1929,24.74,665.71,3.44,-1.46,-2.57,0.14,178.6,150.88,True
1930,28.68,753.19,3.51,-1.89,-4.38,0.07,192.29,165.17,True
1931,20.95,581.62,3.38,-1.06,-0.83,0.2,165.44,137.14,True
1932,22.37,613.27,3.41,-1.21,-1.48,0.18,170.39,142.31,True
1933,22.15,608.28,3.4,-1.18,-1.38,0.18,169.61,141.49,True
1934,23.51,638.48,3.42,-1.33,-2.0,0.16,174.34,146.43,True
1935,25.49,682.38,3.46,-1.54,-2.91,0.13,181.21,153.6,True
1936,20.44,570.39,3.38,-1.0,-0.59,0.21,163.68,135.3,True
1937,19.79,555.94,3.37,-0.93,-0.29,0.22,161.42,132.94,True
1938,24.15,652.76,3.44,-1.4,-2.3,0.15,176.57,148.76,True
1939,20.67,575.4,3.38,-1.03,-0.7,0.21,164.47,136.12,True
1940,27.42,725.17,3.49,-1.75,-3.8,0.09,187.91,160.59,True
1941,28.48,748.71,3.5,-1.86,-4.29,0.08,191.59,164.44,True
1942,29.36,768.15,3.52,-1.96,-4.69,0.06,194.63,167.62,True
1943,20.87,579.87,3.38,-1.05,-0.79,0.2,165.17,136.85,True
1944,21.12,585.54,3.39,-1.07,-0.91,0.2,166.05,137.78,True
1945,24.55,661.48,3.44,-1.44,-2.48,0.14,177.94,150.19,True
1946,28.49,748.91,3.5,-1.86,-4.29,0.08,191.62,164.47,True
1947,20.67,575.41,3.38,-1.03,-0.7,0.21,164.47,136.12,True
1948,26.54,705.55,3.47,-1.65,-3.4,0.11,184.83,157.39,True
1949,28.22,742.99,3.5,-1.84,-4.17,0.08,190.69,163.51,True
1950,20.81,578.53,3.38,-1.04,-0.76,0.21,164.96,136.63,True
1951,26.98,715.52,3.48,-1.7,-3.6,0.1,186.4,159.02,True
1952,27.41,724.84,3.49,-1.75,-3.8,0.09,187.85,160.54,True
1953,23.51,638.46,3.42,-1.33,-2.0,0.16,174.34,146.42,True
1954,28.78,755.33,3.51,-1.9,-4.43,0.07,192.63,165.52,True
1955,22.59,618.03,3.41,-1.23,-1.58,0.18,171.14,143.09,True
1956,21.97,604.4,3.4,-1.17,-1.3,0.19,169.01,140.86,True
1957,29.28,766.43,3.52,-1.95,-4.66,0.06,194.36,167.34,True
1958,23.14,630.18,3.42,-1.29,-1.83,0.17,173.04,145.07,True
1959,25.36,679.55,3.45,-1.53,-2.86,0.13,180.77,153.14,True
1960,26.18,697.57,3.47,-1.62,-3.23,0.11,183.59,156.08,True
1961,23.41,636.23,3.42,-1.32,-1.96,0.16,173.99,146.06,True
1962,22.32,612.05,3.41,-1.2,-1.46,0.18,170.2,142.11,True
1963,20.39,569.37,3.38,-1.0,-0.57,0.21,163.52,135.13,True
1964,20.33,568.07,3.37,-0.99,-0.54,0.21,163.32,134.92,True
1965,25.73,687.59,3.46,-1.57,-3.02,0.12,182.03,154.45,True
1966,20.48,571.28,3.38,-1.01,-0.61,0.21,163.82,135.45,True
1967,25.62,685.22,3.46,-1.56,-2.97,0.12,181.65,154.06,True
1968,23.2,631.65,3.42,-1.3,-1.86,0.16,173.27,145.31,True
1969,22.88,624.42,3.41,-1.26,-1.71,0.17,172.14,144.13,True
1970,27.65,730.3,3.49,-1.77,-3.91,0.09,188.71,161.43,True
1971,24.39,657.97,3.44,-1.42,-2.41,0.14,177.39,149.61,True
1972,29.22,765.09,3.52,-1.94,-4.63,0.06,194.15,167.12,True
1973,22.96,626.26,3.42,-1.27,-1.75,0.17,172.43,144.43,True
1974,28.06,739.28,3.5,-1.82,-4.09,0.08,190.11,162.9,True
1975,24.62,663.1,3.44,-1.45,-2.52,0.14,178.19,150.45,True
1976,22.33,612.4,3.41,-1.2,-1.46,0.18,170.26,142.17,True
1977,26.34,701.23,3.47,-1.63,-3.31,0.11,184.16,156.68,True
1978,21.06,584.21,3.39,-1.07,-0.88,0.2,165.84,137.56,True
1979,27.89,735.53,3.49,-1.8,-4.02,0.09,189.53,162.29,True
1980,25.69,686.9,3.46,-1.56,-3.01,0.12,181.92,154.34,True
1981,21.03,583.39,3.39,-1.06,-0.86,0.2,165.72,137.42,True
1982,28.49,748.95,3.5,-1.86,-4.3,0.08,191.63,164.48,True
1983,21.02,583.22,3.39,-1.06,-0.86,0.2,165.69,137.4,True
1984,24.04,650.27,3.43,-1.39,-2.25,0.15,176.18,148.35,True
1985,29.43,769.77,3.52,-1.97,-4.73,0.06,194.89,167.88,True
1986,25.98,693.26,3.46,-1.6,-3.14,0.12,182.91,155.38,True
1987,28.81,756.06,3.51,-1.9,-4.44,0.07,192.74,165.64,True
1988,24.72,665.23,3.44,-1.46,-2.56,0.14,178.53,150.8,True
1989,20.26,566.33,3.37,-0.98,-0.51,0.21,163.05,134.64,True
1990,25.08,673.32,3.45,-1.5,-2.73,0.13,179.79,152.12,True
1991,28.63,752.07,3.51,-1.88,-4.36,0.07,192.12,164.99,True
1992,24.45,659.22,3.44,-1.43,-2.43,0.14,177.58,149.82,True
1993,24.17,653.02,3.44,-1.4,-2.31,0.15,176.61,148.8,True
1994,21.96,604.17,3.4,-1.16,-1.29,0.19,168.97,140.82,True
1995,20.42,569.97,3.38,-1.0,-0.58,0.21,163.62,135.23,True
1996,28.03,738.75,3.5,-1.82,-4.08,0.08,190.03,162.81,True
1997,24.31,656.32,3.44,-1.42,-2.37,0.15,177.13,149.34,True
1998,19.87,557.85,3.37,-0.94,-0.33,0.22,161.72,133.25,True
1999,26.4,702.46,3.47,-1.64,-3.33,0.11,184.35,156.88,True
2000,23.78,644.38,3.43,-1.36,-2.13,0.16,175.26,147.39,True
2001,20.62,574.37,3.38,-1.02,-0.68,0.21,164.31,135.95,True
2002,20.99,582.6,3.38,-1.06,-0.85,0.2,165.59,137.3,True
2003,20.43,570.24,3.38,-1.0,-0.59,0.21,163.66,135.28,True
2004,26.62,707.46,3.47,-1.66,-3.43,0.11,185.13,157.7,True
2005,27.25,721.48,3.48,-1.73,-3.73,0.1,187.33,159.99,True
2006,26.22,698.58,3.47,-1.62,-3.25,0.11,183.74,156.25,True
2007,19.89,558.28,3.37,-0.94,-0.34,0.22,161.79,133.32,True
2008,25.4,680.28,3.45,-1.53,-2.87,0.13,180.88,153.26,True
2009,26.0,693.7,3.46,-1.6,-3.15,0.12,182.98,155.45,True
2010,28.56,750.33,3.51,-1.87,-4.32,0.07,191.84,164.7,True
2011,20.02,561.21,3.37,-0.96,-0.4,0.22,162.25,133.8,True
2012,24.28,655.5,3.44,-1.41,-2.36,0.15,177.0,149.21,True
2013,25.25,677.07,3.45,-1.52,-2.8,0.13,180.38,152.73,True
2014,27.84,734.4,3.49,-1.79,-3.99,0.09,189.35,162.1,True
2015,22.23,610.16,3.4,-1.19,-1.42,0.18,169.91,141.8,True
2016,26.27,699.64,3.47,-1.63,-3.27,0.11,183.91,156.42,True
2017,21.33,590.05,3.39,-1.1,-1.0,0.2,166.76,138.51,True
2018,23.82,645.39,3.43,-1.36,-2.15,0.15,175.42,147.56,True
2019,19.77,555.6,3.37,-0.93,-0.29,0.22,161.37,132.88,True
2020,20.73,576.94,3.38,-1.03,-0.73,0.21,164.71,136.37,True
2021,22.5,616.1,3.41,-1.22,-1.54,0.18,170.84,142.77,True
2022,23.79,644.63,3.43,-1.36,-2.13,0.16,175.3,147.43,True
2023,29.15,763.58,3.51,-1.94,-4.6,0.06,193.92,166.87,True
2024,24.37,657.5,3.44,-1.42,-2.4,0.15,177.32,149.53,True
2025,28.52,749.63,3.5,-1.87,-4.31,0.08,191.73,164.59,True
2026,28.38,746.37,3.5,-1.85,-4.24,0.08,191.22,164.06,True
2027,29.44,770.03,3.52,-1.97,-4.73,0.06,194.93,167.92,True
2028,21.24,588.13,3.39,-1.09,-0.96,0.2,166.46,138.2,True
2029,21.19,587.12,3.39,-1.08,-0.94,0.2,166.3,138.04,True
2030,25.63,685.41,3.46,-1.56,-2.98,0.12,181.68,154.1,True
2031,23.41,636.35,3.42,-1.32,-1.96,0.16,174.01,146.08,True
2032,22.72,620.97,3.41,-1.25,-1.64,0.17,171.6,143.57,True
2033,28.68,753.17,3.51,-1.89,-4.38,0.07,192.29,165.17,True
2034,24.29,655.78,3.44,-1.41,-2.36,0.15,177.05,149.25,True
2035,27.74,732.16,3.49,-1.78,-3.95,0.09,189.0,161.73,True
2036,24.65,663.81,3.44,-1.45,-2.53,0.14,178.3,150.57,True
2037,21.62,596.6,3.39,-1.13,-1.14,0.19,167.78,139.58,True
2038,21.71,598.55,3.4,-1.14,-1.18,0.19,168.09,139.9,True
2039,29.46,770.36,3.52,-1.97,-4.74,0.06,194.98,167.98,True
2040,21.5,593.95,3.39,-1.11,-1.08,0.19,167.37,139.15,True
2041,27.0,715.95,3.48,-1.71,-3.61,0.1,186.46,159.09,True
2042,27.61,729.4,3.49,-1.77,-3.89,0.09,188.57,161.28,True
2043,27.08,717.56,3.48,-1.71,-3.64,0.1,186.72,159.35,True
2044,26.86,712.69,3.48,-1.69,-3.54,0.1,185.95,158.55,True
2045,20.88,580.28,3.38,-1.05,-0.8,0.2,165.23,136.92,True
2046,24.19,653.46,3.44,-1.4,-2.32,0.15,176.68,148.87,True
2047,23.42,636.53,3.42,-1.32,-1.96,0.16,174.03,146.11,True
2048,22.21,609.62,3.4,-1.19,-1.41,0.18,169.82,141.71,True
2049,19.79,555.95,3.37,-0.93,-0.29,0.22,161.42,132.94,True
2050,20.34,568.22,3.37,-0.99,-0.55,0.21,163.34,134.95,True
2051,28.24,743.43,3.5,-1.84,-4.18,0.08,190.76,163.58,True
2052,20.85,579.59,3.38,-1.05,-0.78,0.2,165.12,136.8,True
2053,27.4,724.61,3.49,-1.75,-3.79,0.09,187.82,160.5,True
2054,21.33,590.14,3.39,-1.1,-1.0,0.2,166.77,138.53,True
2055,21.71,598.61,3.4,-1.14,-1.18,0.19,168.1,139.91,True
2056,27.16,719.5,3.48,-1.72,-3.68,0.1,187.02,159.67,True
2057,24.37,657.55,3.44,-1.42,-2.4,0.15,177.32,149.54,True
2058,23.34,634.66,3.42,-1.31,-1.93,0.16,173.74,145.8,True
2059,22.63,619.02,3.41,-1.24,-1.6,0.17,171.29,143.25,True
2060,27.88,735.39,3.49,-1.8,-4.01,0.09,189.51,162.26,True
2061,22.54,617.05,3.41,-1.23,-1.56,0.18,170.98,142.92,True
2062,25.27,677.58,3.45,-1.52,-2.82,0.13,180.46,152.82,True
2063,24.39,657.98,3.44,-1.42,-2.41,0.14,177.39,149.61,True
2064,21.28,589.11,3.39,-1.09,-0.98,0.2,166.61,138.36,True
2065,25.17,675.35,3.45,-1.51,-2.77,0.13,180.11,152.45,True
2066,21.29,589.28,3.39,-1.09,-0.98,0.2,166.64,138.39,True
2067,20.97,582.17,3.38,-1.06,-0.84,0.2,165.53,137.23,True
2068,19.67,553.31,3.36,-0.92,-0.24,0.22,161.01,132.51,True
2069,26.68,708.67,3.48,-1.67,-3.46,0.11,185.32,157.9,True
2070,29.23,765.32,3.52,-1.94,-4.63,0.06,194.19,167.15,True
2071,24.01,649.52,3.43,-1.38,-2.23,0.15,176.07,148.23,True
2072,29.0,760.12,3.51,-1.92,-4.53,0.07,193.38,166.3,True
2073,22.3,611.56,3.41,-1.2,-1.45,0.18,170.12,142.03,True
2074,24.03,650.11,3.43,-1.39,-2.25,0.15,176.16,148.33,True
2075,28.15,741.26,3.5,-1.83,-4.14,0.08,190.42,163.22,True
2076,26.06,694.95,3.47,-1.6,-3.18,0.12,183.18,155.65,True
2077,28.59,751.19,3.51,-1.88,-4.34,0.07,191.98,164.84,True
2078,27.97,737.35,3.5,-1.81,-4.05,0.08,189.81,162.58,True
2079,29.24,765.44,3.52,-1.94,-4.64,0.06,194.21,167.17,True
2080,23.78,644.52,3.43,-1.36,-2.13,0.16,175.28,147.41,True
2081,25.63,685.45,3.46,-1.56,-2.98,0.12,181.69,154.1,True
2082,25.16,675.1,3.45,-1.51,-2.76,0.13,180.07,152.41,True
2083,21.39,591.58,3.39,-1.1,-1.03,0.2,167.0,138.76,True
2084,19.71,554.28,3.36,-0.92,-0.26,0.22,161.16,132.67,True
2085,22.39,613.56,3.41,-1.21,-1.49,0.18,170.44,142.36,True
2086,25.54,683.39,3.46,-1.55,-2.94,0.13,181.37,153.77,True
2087,20.28,566.87,3.37,-0.98,-0.52,0.21,163.13,134.73,True
2088,24.88,668.79,3.45,-1.48,-2.63,0.14,179.08,151.38,True
2089,27.12,718.48,3.48,-1.72,-3.66,0.1,186.86,159.5,True
2090,24.01,649.61,3.43,-1.38,-2.24,0.15,176.08,148.25,True
2091,29.43,769.74,3.52,-1.97,-4.73,0.06,194.88,167.88,True
2092,20.48,571.29,3.38,-1.01,-0.61,0.21,163.82,135.45,True
2093,19.99,560.38,3.37,-0.95,-0.39,0.22,162.12,133.66,True
2094,21.0,582.94,3.39,-1.06,-0.85,0.2,165.65,137.35,True
2095,28.74,754.44,3.51,-1.89,-4.41,0.07,192.49,165.37,True
2096,26.74,710.15,3.48,-1.68,-3.49,0.11,185.56,158.14,True
2097,23.93,647.73,3.43,-1.38,-2.2,0.15,175.79,147.94,True
2098,25.93,692.2,3.46,-1.59,-3.12,0.12,182.75,155.21,True
2099,26.42,703.0,3.47,-1.64,-3.34,0.11,184.44,156.97,True
2100,27.99,737.76,3.5,-1.81,-4.06,0.08,189.88,162.65,True
2101,26.43,703.17,3.47,-1.64,-3.35,0.11,184.46,157.0,True
2102,28.68,753.09,3.51,-1.88,-4.38,0.07,192.27,165.15,True
2103,22.34,612.6,3.41,-1.21,-1.47,0.18,170.29,142.2,True
2104,21.95,603.97,3.4,-1.16,-1.29,0.19,168.94,140.79,True
2105,24.88,668.86,3.45,-1.48,-2.63,0.14,179.09,151.39,True
2106,24.52,660.84,3.44,-1.44,-2.47,0.14,177.84,150.08,True
2107,26.48,704.31,3.47,-1.65,-3.37,0.11,184.64,157.18,True
2108,27.99,737.72,3.5,-1.81,-4.06,0.08,189.87,162.64,True
2109,20.27,566.74,3.37,-0.98,-0.52,0.21,163.11,134.71,True
2110,21.2,587.37,3.39,-1.08,-0.94,0.2,166.34,138.07,True
2111,26.19,697.9,3.47,-1.62,-3.24,0.11,183.64,156.14,True
2112,21.18,586.89,3.39,-1.08,-0.94,0.2,166.27,138.0,True
2113,23.05,628.36,3.42,-1.28,-1.79,0.17,172.75,144.77,True
2114,23.28,633.44,3.42,-1.31,-1.9,0.16,173.55,145.6,True
2115,21.72,598.81,3.4,-1.14,-1.18,0.19,168.13,139.94,True
2116,20.92,581.0,3.38,-1.05,-0.81,0.2,165.34,137.03,True
2117,20.67,575.43,3.38,-1.03,-0.7,0.21,164.47,136.12,True
2118,26.28,699.98,3.47,-1.63,-3.28,0.11,183.96,156.48,True
2119,20.68,575.81,3.38,-1.03,-0.71,0.21,164.53,136.19,True
2120,21.19,587.09,3.39,-1.08,-0.94,0.2,166.3,138.03,True
2121,27.25,721.49,3.48,-1.73,-3.73,0.1,187.33,159.99,True
2122,28.64,752.17,3.51,-1.88,-4.36,0.07,192.13,165.0,True
2123,20.41,569.67,3.38,-1.0,-0.58,0.21,163.57,135.18,True
2124,22.97,626.61,3.42,-1.27,-1.76,0.17,172.48,144.49,True
2125,28.64,752.17,3.51,-1.88,-4.36,0.07,192.13,165.01,True
2126,24.94,670.23,3.45,-1.48,-2.66,0.14,179.31,151.62,True
