commit_id,label,pred,score_or_proba,feature,value_actual,min,max,operator,threshold
,True,True,0.5266666666666667,age,5.0,0.0,2713.05714285714,<,-19.34000015258789
,True,True,0.5266666666666667,la,333.0,0.0,5213.0,<,305.8699951171875
,True,True,0.5266666666666667,arexp,138.5,0.0,907.416666666682,<,172.42499542236328
