feature,value,importance,min,max,rule,importance_ratio
la,800,0.3700069726683061,0.0,9389.0,la > 259.02565808320827,0.7093542951470918
nuc,61.019607843137294,-0.05083545509386615,0.0,1520.0,48.480082529455615 < nuc <= 193.0959914371757,0.09745856451445165
ndev,2.11764705882353,0.028023011328236088,0.0,67.0,2.0201095271822833 < ndev <= 3.000808789151475,0.05372396986275118
age,33.0392156862745,-0.023123029082362093,0.0,1019.0,21.355116215938807 < age <= 151.08747456179282,0.04433002945349537
aexp,186,-0.021107679754052335,0.0,4144.0,82.00568065157063 < aexp <= 400.33772908055585,0.04046632739418337
