feature,value,importance,min,max,rule,importance_ratio
la,1180,0.3854362334106238,0.0,9389.0,la > 259.02565808320827,0.8024064554686129
nuc,48.0655737704918,-0.03508525108570122,0.0,1520.0,23.10887044038192 < nuc <= 48.480082529455615,0.07304095858811349
ld,308,0.022656207361542363,0.0,9950.0,24.882467942900547 < ld <= 1866.9949643956745,0.04716600430237605
nd,15,0.014324904148664152,1.0,33.0,4.503916092667653 < nd <= 23.50498996321589,0.02982178261017743
ndev,1.81967213114754,0.011376574843393618,0.0,67.0,ndev <= 2.0201095271822833,0.023683910084643458
