feature,value,importance,min,max,rule,importance_ratio
la,309,0.4002012151445836,0.0,9389.0,la > 259.02565808320827,0.683327587987644
aexp,4214,-0.09889798233724742,0.0,4144.0,aexp > 4071.104162527291,0.16886435415479906
age,10.5217391304348,-0.031350666494882995,0.0,1019.0,1.9558850614185843 < age <= 21.355116215938807,0.053530010672291135
nuc,56.1739130434783,-0.02770578326545118,0.0,1520.0,48.480082529455615 < nuc <= 193.0959914371757,0.047306518160494436
nd,3,-0.011203450447328091,1.0,33.0,2.4996932323495513 < nd <= 3.4887902283506924,0.01912944409363173
