feature,value,importance,min,max,rule,importance_ratio
la,376.0,0.3724597803260896,0.0,9389.0,la > 259.02565808320827,0.4947915586339785
nd,8.0,0.2167357173438507,1.0,33.0,4.503916092667653 < nd <= 23.50498996321589,0.28792102949298104
age,46.8125,0.06407576759286925,0.0,1019.0,21.355116215938807 < age <= 151.08747456179282,0.08512099988403383
asexp,0.5002319804979191,-0.05332713069157207,0.0,2327.0,-0.8058376987231384 < asexp <= -0.8058376987231384,0.07084204927914622
nuc,36.25,-0.032896327865014674,0.0,1520.0,23.10887044038192 < nuc <= 48.480082529455615,0.04370089388823293
