feature,value,importance,min,max,rule,importance_ratio
la,715,0.34843269441569985,0.0,9389.0,la > 259.02565808320827,0.6159091159914432
nuc,12.0588235294118,-0.055306475215490425,0.0,1520.0,7.886143186937701 < nuc <= 23.10887044038192,0.09776281848549889
ndev,2.47058823529412,-0.04021666494277693,0.0,67.0,2.0201095271822833 < ndev <= 3.000808789151475,0.07108922598255955
ld,126,0.03860260167411911,0.0,9950.0,24.882467942900547 < ld <= 1866.9949643956745,0.06823611748589459
asexp,0.250064018438488,0.03479894388567957,0.0,2327.0,-0.8058376987231384 < asexp <= -0.8058376987231384,0.061512559267741906
