feature,value,importance,min,max,rule,importance_ratio
la,642.0,0.34031862908568883,0.0,9389.0,la > 259.02565808320827,0.5427926766403308
nd,9.0,0.14846814958380292,1.0,33.0,4.503916092667653 < nd <= 23.50498996321589,0.23679992048903764
nuc,73.1851851851852,-0.049954151150921056,0.0,1520.0,48.480082529455615 < nuc <= 193.0959914371757,0.07967459050170562
ndev,3.81481481481481,0.04185713868486542,0.0,67.0,3.000808789151475 < ndev <= 10.846402884905007,0.06676022527565788
age,33.629629629629605,0.027140962083399094,0.0,1019.0,21.355116215938807 < age <= 151.08747456179282,0.04328859544192797
