feature,value,importance,min,max,rule,importance_ratio
la,304,0.35819812643404764,0.0,9389.0,la > 259.02565808320827,0.8059594386169912
asexp,0.459359999959355,-0.02938493686978356,0.0,2327.0,-0.8058376987231384 < asexp <= -0.8058376987231384,0.06611722808027325
nuc,17.75,-0.023342138463954342,0.0,1520.0,7.886143186937701 < nuc <= 23.10887044038192,0.05252070132196122
ld,955,0.015907452026076938,0.0,9950.0,24.882467942900547 < ld <= 1866.9949643956745,0.03579237343421526
nd,4,0.005921653497274783,1.0,33.0,3.4887902283506924 < nd <= 4.503916092667653,0.013323946096146518
