feature,value,importance,min,max,rule,importance_ratio
la,121,0.13138524088816034,0.0,9389.0,77.73891199130318 < la <= 259.02565808320827,0.6534170582264359
nuc,31.0,-0.02050279061048213,0.0,1520.0,23.10887044038192 < nuc <= 48.480082529455615,0.10196634747990992
asexp,0.984375,-0.014821691706087945,0.0,2327.0,-0.8058376987231384 < asexp <= -0.8058376987231384,0.07371258846931779
aexp,6,0.011505984121735886,0.0,4144.0,aexp <= 82.00568065157063,0.05722260922156775
ld,9,-0.010836487250533556,0.0,9950.0,6.085401652566119 < ld <= 13.60422816869989,0.0538930063444439
