feature,value,importance,min,max,rule,importance_ratio
la,1190.0,0.3514527243252852,0.0,9389.0,la > 259.02565808320827,0.5300295876050198
nd,1.0,-0.12384148323680451,1.0,33.0,nd <= 1.5105962363484104,0.18676665663756542
age,43.2,0.08684027201745383,0.0,1019.0,21.355116215938807 < age <= 151.08747456179282,0.13096473687402094
nuc,17.6,-0.034496064935178115,0.0,1520.0,7.886143186937701 < nuc <= 23.10887044038192,0.05202388203616781
aexp,264.0,-0.022097715418986686,0.0,4144.0,82.00568065157063 < aexp <= 400.33772908055585,0.033325799403103255
