feature,value,importance,min,max,rule,importance_ratio
la,169,0.1392654540638276,0.0,9389.0,77.73891199130318 < la <= 259.02565808320827,0.598810878943064
aexp,104,-0.02699078405068568,0.0,4144.0,82.00568065157063 < aexp <= 400.33772908055585,0.116054446017503
nuc,129.666666666667,-0.01657155067887563,0.0,1520.0,48.480082529455615 < nuc <= 193.0959914371757,0.07125402989688362
ld,69,0.014700576210236856,0.0,9950.0,24.882467942900547 < ld <= 1866.9949643956745,0.06320925042463821
age,70.6666666666667,0.011856958143999582,0.0,1019.0,21.355116215938807 < age <= 151.08747456179282,0.050982317011262754
