feature,value,importance,min,max,rule,importance_ratio
la,766.0,0.2938954893616636,0.0,9389.0,la > 259.02565808320827,0.4357276742125754
nd,6.0,0.16201450208322468,1.0,33.0,4.503916092667653 < nd <= 23.50498996321589,0.24020172046451427
age,49.1730769230769,0.06935170683774548,0.0,1019.0,21.355116215938807 < age <= 151.08747456179282,0.10282042092145484
ndev,0.326923076923077,0.038428611307711,0.0,67.0,ndev <= 2.0201095271822833,0.056974026599375796
asexp,1.0,-0.03783135179980665,0.0,2327.0,-0.8058376987231384 < asexp <= 3.0562456227978316,0.05608853326687944
