feature,value,importance,min,max,rule,importance_ratio
la,389.0,0.3762723908530153,0.0,9389.0,la > 259.02565808320827,0.6263239991410366
nd,4.0,0.10293411887762205,1.0,33.0,3.4887902283506924 < nd <= 4.503916092667653,0.17133893038853154
ndev,12.0,-0.050457251467264354,0.0,67.0,10.846402884905007 < ndev <= 15.443430675385592,0.08398858989626744
age,12.25,-0.030075195175780556,0.0,1019.0,1.9558850614185843 < age <= 21.355116215938807,0.05006164942035407
nuc,169.625,-0.027416961294157494,0.0,1520.0,48.480082529455615 < nuc <= 193.0959914371757,0.04563688768958778
