feature,value,importance,min,max,rule,importance_ratio
la,195,0.12955947112680166,0.0,9389.0,77.73891199130318 < la <= 259.02565808320827,0.5289738082989083
ld,12,-0.033902411268803716,0.0,9950.0,6.085401652566119 < ld <= 13.60422816869989,0.13841896268489065
nuc,131.0,0.02078002254235172,0.0,1520.0,48.480082529455615 < nuc <= 193.0959914371757,0.08484202324357162
nd,2,0.01791769836434187,1.0,33.0,1.5105962363484104 < nd <= 2.4996932323495513,0.07315554051977254
age,9.33333333333333,-0.014902316396080443,0.0,1019.0,1.9558850614185843 < age <= 21.355116215938807,0.060844143526912024
