feature,value,importance,min,max,rule,importance_ratio
la,131,0.14917169049261508,0.0,9389.0,77.73891199130318 < la <= 259.02565808320827,0.5593278740639624
nd,1,-0.0447780646119799,1.0,33.0,nd <= 1.5105962363484104,0.16789794096593266
ld,5,0.020403449199633918,0.0,9950.0,2.325988394499234 < ld <= 6.085401652566119,0.07650391187976964
age,7.2,-0.019172813927731812,0.0,1019.0,1.9558850614185843 < age <= 21.355116215938807,0.07188957380993857
ndev,1.6,0.012130789836296358,0.0,67.0,ndev <= 2.0201095271822833,0.045485097523837933
