feature,value,importance,min,max,rule,importance_ratio
la,522,0.3728047578830816,0.0,9389.0,la > 259.02565808320827,0.7479872436284999
aexp,299,-0.04027371477794582,0.0,4144.0,82.00568065157063 < aexp <= 400.33772908055585,0.08080429305272865
nd,3,-0.030824684178100414,1.0,33.0,2.4996932323495513 < nd <= 3.4887902283506924,0.06184596646517933
ndev,11.0,-0.022821309611213522,0.0,67.0,10.846402884905007 < ndev <= 15.443430675385592,0.045788172256743774
nuc,79.0,-0.01713750053965341,0.0,1520.0,48.480082529455615 < nuc <= 193.0959914371757,0.03438430309775564
