feature,value,importance,min,max,rule,importance_ratio
nd,8.0,0.17324680636937237,1.0,33.0,4.503916092667653 < nd <= 23.50498996321589,0.46269775746093433
la,104.0,0.07151357856457671,0.0,9389.0,77.73891199130318 < la <= 259.02565808320827,0.19099441498094877
age,44.5,0.04348891474588279,0.0,1019.0,21.355116215938807 < age <= 151.08747456179282,0.11614773021805644
aexp,4394.0,-0.029567446425326587,0.0,4144.0,aexp > 4071.104162527291,0.0789670611628862
asexp,0.0,-0.018652498136626783,0.0,2327.0,asexp <= -0.8058376987231384,0.04981603551444869
