feature,value,importance,min,max,rule,importance_ratio
la,277.0,0.32638052671804924,0.0,9389.0,la > 259.02565808320827,0.5737086552300357
aexp,275.0,-0.07241552934591781,0.0,4144.0,82.00568065157063 < aexp <= 400.33772908055585,0.12729134417601937
nd,4.0,0.05628397559862743,1.0,33.0,3.4887902283506924 < nd <= 4.503916092667653,0.09893544898768918
age,48.4210526315789,0.046423605122795066,0.0,1019.0,21.355116215938807 < age <= 151.08747456179282,0.08160298144544934
nuc,67.5789473684211,-0.02105100318072735,0.0,1520.0,48.480082529455615 < nuc <= 193.0959914371757,0.037003257662156376
