feature,value,importance,min,max,rule,importance_ratio
la,167.0,0.07552065721223991,0.0,9389.0,77.73891199130318 < la <= 259.02565808320827,0.29238774695150355
age,90.4,0.05076569181026174,0.0,1019.0,21.355116215938807 < age <= 151.08747456179282,0.1965457769934651
ld,13.0,0.03347978726188902,0.0,9950.0,13.60422816869989 < ld <= 13.60422816869989,0.12962121791933806
nd,2.0,-0.025102476868077928,1.0,33.0,1.5105962363484104 < nd <= 2.4996932323495513,0.09718740441747606
nuc,22.4,-0.024299939591474508,0.0,1520.0,7.886143186937701 < nuc <= 23.10887044038192,0.0940802801575373
