feature,value,importance,min,max,rule,importance_ratio
la,167,0.1390457527293268,0.0,9389.0,77.73891199130318 < la <= 259.02565808320827,0.5005235659480178
ld,13,0.057693411295275575,0.0,9950.0,13.60422816869989 < ld <= 13.60422816869989,0.20767920908328769
nd,2,-0.027065997452867717,1.0,33.0,1.5105962363484104 < nd <= 2.4996932323495513,0.09742958195509138
asexp,0.3479368966070679,-0.017790948060902173,0.0,2327.0,-0.8058376987231384 < asexp <= -0.8058376987231384,0.06404214864709476
nuc,22.4,-0.01652673042350748,0.0,1520.0,7.886143186937701 < nuc <= 23.10887044038192,0.05949133923664874
