feature,value,importance,min,max,rule,importance_ratio
nd,5.0,0.17671730682362058,1.0,33.0,4.503916092667653 < nd <= 23.50498996321589,0.41005840959635853
la,208.0,0.07538920740164923,0.0,9389.0,77.73891199130318 < la <= 259.02565808320827,0.1749346402087554
aexp,4404.0,0.05306607124995831,0.0,4144.0,aexp > 4071.104162527291,0.12313558400934399
age,53.0,0.04889275269078741,0.0,1019.0,21.355116215938807 < age <= 151.08747456179282,0.11345173129637447
nuc,44.1818181818182,-0.0325981075166705,0.0,1520.0,23.10887044038192 < nuc <= 48.480082529455615,0.07564130737618457
