feature,value,importance,min,max,rule,importance_ratio
la,247.0,0.08393474077871849,0.0,9389.0,77.73891199130318 < la <= 259.02565808320827,0.3495781010616186
age,32.375,0.05626170512480135,0.0,1019.0,21.355116215938807 < age <= 151.08747456179282,0.23432323561787355
nd,3.0,0.04916214532721993,1.0,33.0,2.4996932323495513 < nd <= 3.4887902283506924,0.20475442287852222
nuc,44.75,-0.02763531138373516,0.0,1520.0,23.10887044038192 < nuc <= 48.480082529455615,0.11509774839528811
asexp,0.416580199231674,-0.00885594557911398,0.0,2327.0,-0.8058376987231384 < asexp <= -0.8058376987231384,0.036883948290415726
