feature,value,importance,min,max,rule,importance_ratio
la,132,0.14494662610268527,0.0,9389.0,77.73891199130318 < la <= 259.02565808320827,0.5343519133249967
nd,4,-0.03530619621388963,1.0,33.0,3.4887902283506924 < nd <= 4.503916092667653,0.13015779674481273
nuc,19.0,-0.029908435175254943,0.0,1520.0,7.886143186937701 < nuc <= 23.10887044038192,0.11025872067647965
aexp,356,-0.021075541874650248,0.0,4144.0,82.00568065157063 < aexp <= 400.33772908055585,0.07769588315289397
asexp,0.152777292839559,0.01814227406192157,0.0,2327.0,-0.8058376987231384 < asexp <= -0.8058376987231384,0.06688226637428887
