feature,value,importance,min,max,rule,importance_ratio
la,508.0,0.31089636848685526,0.0,9389.0,la > 259.02565808320827,0.5970621649882301
nd,10.0,0.11664697829849215,1.0,33.0,4.503916092667653 < nd <= 23.50498996321589,0.22401515251271722
age,69.26315789473679,0.04965910001198803,0.0,1019.0,21.355116215938807 < age <= 151.08747456179282,0.09536801574373555
ndev,6.89473684210526,0.019595584514450648,0.0,67.0,3.000808789151475 < ndev <= 10.846402884905007,0.03763241806699459
asexp,0.0,-0.019367911136839874,0.0,2327.0,asexp <= -0.8058376987231384,0.03719518182519456
