feature,value,importance,min,max,rule,importance_ratio
la,167,0.14181095764363646,0.0,9389.0,77.73891199130318 < la <= 259.02565808320827,0.49253593476450513
ld,261,0.03511535310812772,0.0,9950.0,24.882467942900547 < ld <= 1866.9949643956745,0.12196217806497174
nd,2,-0.031449380727628595,1.0,33.0,1.5105962363484104 < nd <= 2.4996932323495513,0.10922957147904465
nuc,97.125,-0.02325406173889285,0.0,1520.0,48.480082529455615 < nuc <= 193.0959914371757,0.08076569840547197
aexp,359,-0.022099730689606908,0.0,4144.0,82.00568065157063 < aexp <= 400.33772908055585,0.07675649113520955
