feature,value,importance,min,max,rule,importance_ratio
la,610.0,0.3516645757229981,0.0,9389.0,la > 259.02565808320827,0.48894343112602723
nd,6.0,0.21068628076773263,1.0,33.0,4.503916092667653 < nd <= 23.50498996321589,0.2929316175732734
nuc,39.622222222222206,-0.05342690459617484,0.0,1520.0,23.10887044038192 < nuc <= 48.480082529455615,0.07428309773308871
age,69.7333333333333,0.05273831146843421,0.0,1019.0,21.355116215938807 < age <= 151.08747456179282,0.07332569937746784
asexp,0.145893637226739,-0.020023781190749754,0.0,2327.0,-0.8058376987231384 < asexp <= -0.8058376987231384,0.027840439314632152
