feature,value,importance,min,max,rule,importance_ratio
la,17.0,-0.12014486817578605,0.0,9389.0,13.411356926433626 < la <= 25.107276029137182,0.30262168217546
nd,4.0,0.0884380940013371,1.0,33.0,3.4887902283506924 < nd <= 4.503916092667653,0.2227584513715414
aexp,4445.0,0.07511651623921904,0.0,4144.0,aexp > 4071.104162527291,0.18920397390767704
age,108.333333333333,0.04259927815075059,0.0,1019.0,21.355116215938807 < age <= 151.08747456179282,0.10729934128005146
nuc,21.8333333333333,-0.02410540095916677,0.0,1520.0,7.886143186937701 < nuc <= 23.10887044038192,0.0607168420802112
