feature,value,importance,min,max,rule,importance_ratio
la,851.0,0.3621269050285477,0.0,9389.0,la > 259.02565808320827,0.6138368102189913
nd,1.0,-0.11026614141881004,1.0,33.0,nd <= 1.5105962363484104,0.18691076411000912
age,90.1428571428571,0.054548356023864666,0.0,1019.0,21.355116215938807 < age <= 151.08747456179282,0.09246423946803771
nuc,80.0476190476191,-0.027328691225889778,0.0,1520.0,48.480082529455615 < nuc <= 193.0959914371757,0.04632452440460743
ndev,5.61904761904762,0.0204431323732333,0.0,67.0,3.000808789151475 < ndev <= 10.846402884905007,0.03465289928093265
