feature,value,importance,min,max,rule,importance_ratio
la,3946.0,0.34781934071949183,0.0,9389.0,la > 259.02565808320827,0.6925065284534326
nd,4.0,0.077913639774567,1.0,33.0,3.4887902283506924 < nd <= 4.503916092667653,0.15512565830251143
nuc,7.02083333333333,-0.028586891022889204,0.0,1520.0,0.2747795602155918 < nuc <= 7.886143186937701,0.05691635381916012
ndev,0.770833333333333,0.01972068950055443,0.0,67.0,ndev <= 2.0201095271822833,0.03926379193430426
ld,118.0,0.013332179589606117,0.0,9950.0,24.882467942900547 < ld <= 1866.9949643956745,0.026544301375586058
