feature,value,importance,min,max,rule,importance_ratio
la,361.0,0.3775703992842637,0.0,9389.0,la > 259.02565808320827,0.7431676565469209
nuc,7.875,-0.033659577122500874,0.0,1520.0,0.2747795602155918 < nuc <= 7.886143186937701,0.06625177476282071
aexp,459.0,-0.024957854590492153,0.0,4144.0,400.33772908055585 < aexp <= 698.7740244827294,0.049124270185414126
ndev,1.5,0.023739496292068417,0.0,67.0,ndev <= 2.0201095271822833,0.04672618897144594
age,4.75,-0.018788186784918993,0.0,1019.0,1.9558850614185843 < age <= 21.355116215938807,0.0369805810259025
