feature,value,importance,min,max,rule,importance_ratio
la,68.0,-0.06730903268649298,0.0,9389.0,36.80319513184074 < la <= 77.73891199130318,0.2925646447796926
nd,3.0,0.05280739694738488,1.0,33.0,2.4996932323495513 < nd <= 3.4887902283506924,0.22953200652298442
age,83.0,0.04285321687457658,0.0,1019.0,21.355116215938807 < age <= 151.08747456179282,0.18626528523999294
nuc,90.9,-0.0372896860172532,0.0,1520.0,48.480082529455615 < nuc <= 193.0959914371757,0.16208290786762725
ndev,10.4,0.015689719603729745,0.0,67.0,3.000808789151475 < ndev <= 10.846402884905007,0.06819674952005819
