feature,value,importance,min,max,rule,importance_ratio
nd,1.0,-0.105961926688091,1.0,33.0,nd <= 1.5105962363484104,0.32103612678430676
la,210.0,0.06978997549555323,0.0,9389.0,77.73891199130318 < la <= 259.02565808320827,0.2114448474253931
nuc,19.0,-0.05600344091540954,0.0,1520.0,7.886143186937701 < nuc <= 23.10887044038192,0.16967535717805626
aexp,774.0,-0.035995171799712,0.0,4144.0,698.7740244827294 < aexp <= 1186.219973639613,0.10905568536452433
age,4.66666666666667,-0.02392267084671311,0.0,1019.0,1.9558850614185843 < age <= 21.355116215938807,0.07247925581394496
