feature,value,importance,min,max,rule,importance_ratio
la,225.0,0.07641784821968714,0.0,9389.0,77.73891199130318 < la <= 259.02565808320827,0.24167676870213822
ndev,15.125,-0.06835222907735015,0.0,67.0,10.846402884905007 < ndev <= 15.443430675385592,0.21616868626702024
age,118.5,0.05866026442205186,0.0,1019.0,21.355116215938807 < age <= 151.08747456179282,0.185517172846568
nd,3.0,0.045052497711908,1.0,33.0,2.4996932323495513 < nd <= 3.4887902283506924,0.14248166263034537
nuc,163.5,-0.03847166562119253,0.0,1520.0,48.480082529455615 < nuc <= 193.0959914371757,0.12166932268479694
