feature,value,importance,min,max,rule,importance_ratio
nd,1.0,-0.10941807826669887,1.0,33.0,nd <= 1.5105962363484104,0.33345100434217356
la,167.0,0.07303609661027101,0.0,9389.0,77.73891199130318 < la <= 259.02565808320827,0.22257711114762793
age,54.5,0.05424206551742702,0.0,1019.0,21.355116215938807 < age <= 151.08747456179282,0.16530240259104217
nuc,21.5,-0.038634286589216804,0.0,1520.0,7.886143186937701 < nuc <= 23.10887044038192,0.1177377803493969
asexp,1.0,-0.0192657395970412,0.0,2327.0,-0.8058376987231384 < asexp <= 3.0562456227978316,0.05871223768315217
