feature,value,importance,min,max,rule,importance_ratio
la,825,0.36292985873760764,0.0,9389.0,la > 259.02565808320827,0.689793189950251
aexp,139,-0.035961597153577524,0.0,4144.0,82.00568065157063 < aexp <= 400.33772908055585,0.0683494736491397
nuc,36.615384615384606,-0.03559629897026192,0.0,1520.0,23.10887044038192 < nuc <= 48.480082529455615,0.0676551791647212
asexp,0.4999829917470329,0.03179448742073245,0.0,2327.0,-0.8058376987231384 < asexp <= -0.8058376987231384,0.06042936499373662
age,21.92307692307689,0.029742413298678123,0.0,1019.0,21.355116215938807 < age <= 151.08747456179282,0.0565291437234619
