feature,value,importance,min,max,rule,importance_ratio
la,122,0.1420634245360533,0.0,9389.0,77.73891199130318 < la <= 259.02565808320827,0.6643402761355446
nd,2,-0.017436503449492703,1.0,33.0,1.5105962363484104 < nd <= 2.4996932323495513,0.08153943602517193
age,3.0,-0.015777942907564967,0.0,1019.0,1.9558850614185843 < age <= 21.355116215938807,0.07378340330943123
aexp,27,-0.01168035394615257,0.0,4144.0,aexp <= 82.00568065157063,0.05462158603658472
ndev,27.0,0.010285369941573207,0.0,67.0,15.81119289862404 < ndev <= 51.97447818373797,0.04809813313635051
