feature,value,importance,min,max,rule,importance_ratio
la,2542,0.5893632601751067,0.0,9094.0,la > 471.1648215786653,0.6423061855514233
nd,8,0.22583241169907076,1.0,46.0,6.501361706446655 < nd <= 43.480788426363866,0.2461190996011724
arexp,72.0,-0.039094300633785724,0.0,2143.5,18.99314235170766 < arexp <= 741.0350150255845,0.042606169766040175
age,48.22222222222221,0.02036413955341657,0.0,575.0,7.346025962989069 < age <= 349.3395012011218,0.022193464850024137
ns,1,-0.019300311200715257,1.0,8.0,ns <= 1.4995095840290027,0.021034072031574584
