feature,value,importance,min,max,rule,importance_ratio
la,412.0,0.15907685198702357,0.0,9094.0,295.36187796957415 < la <= 471.1648215786653,0.43255868233618994
nd,21.0,0.15305044455376432,1.0,46.0,6.501361706446655 < nd <= 43.480788426363866,0.4161717924399511
arexp,1432.2499999999698,0.02423774152808159,0.0,2143.5,741.0350150255845 < arexp <= 1860.7231364184076,0.06590679540884653
age,28.92,0.014555303595749657,0.0,575.0,7.346025962989069 < age <= 349.3395012011218,0.03957849847879984
ns,1.0,0.00733252194753017,1.0,8.0,ns <= 1.4995095840290027,0.019938451083276236
