feature,value,importance,min,max,rule,importance_ratio
la,312,0.3854150058578135,0.0,9094.0,295.36187796957415 < la <= 471.1648215786653,0.535403524625338
nd,9,0.23325918404440796,1.0,46.0,6.501361706446655 < nd <= 43.480788426363866,0.32403457932481167
arexp,72.0,-0.03532760603393708,0.0,2143.5,18.99314235170766 < arexp <= 741.0350150255845,0.049075735245563266
age,30.5833333333333,0.025072149083241662,0.0,575.0,7.346025962989069 < age <= 349.3395012011218,0.03482925362291621
ld,83,-0.017888348653743166,0.0,9176.0,71.3286997568262 < ld <= 106.9077758780692,0.024849797681396755
