feature,value,importance,min,max,rule,importance_ratio
la,1528.0,0.7479220101626711,0.0,9094.0,la > 471.1648215786653,0.7924869236341463
nd,8.0,0.14324829101817474,1.0,46.0,6.501361706446655 < nd <= 43.480788426363866,0.1517837367029102
arexp,7.0,-0.023811815131040352,0.0,2143.5,3.296579902275539 < arexp <= 18.99314235170766,0.0252306415146666
age,20.5238095238095,0.013474221909584605,0.0,575.0,7.346025962989069 < age <= 349.3395012011218,0.014277083070690815
ns,1.0,-0.008996556032514081,1.0,8.0,ns <= 1.4995095840290027,0.009532615589102162
