feature,value,importance,min,max,rule,importance_ratio
la,1402.0,0.748538538986812,0.0,9094.0,la > 471.1648215786653,0.7982050170033522
nd,9.0,0.14308627694874262,1.0,46.0,6.501361706446655 < nd <= 43.480788426363866,0.15258023224750716
arexp,2.0,-0.020188233101026968,0.0,2143.5,arexp <= 3.296579902275539,0.02152774787986805
age,100.65,0.013341913720814749,0.0,575.0,7.346025962989069 < age <= 349.3395012011218,0.014227166556841534
ns,1.0,-0.009301804005349967,1.0,8.0,ns <= 1.4995095840290027,0.009918990456125376
