feature,value,importance,min,max,rule,importance_ratio
la,1041.0,0.7547835662789004,0.0,9094.0,la > 471.1648215786653,0.917855917318465
arexp,299.0,-0.020394244328134636,0.0,2143.5,18.99314235170766 < arexp <= 741.0350150255845,0.024800457604160477
nd,5.0,0.01910200442001824,1.0,46.0,4.49814249084984 < nd <= 6.501361706446655,0.02322902693283949
age,16.3846153846154,0.013985689310135089,0.0,575.0,7.346025962989069 < age <= 349.3395012011218,0.017007322714206713
ns,1.0,-0.009202749473557693,1.0,8.0,ns <= 1.4995095840290027,0.011191020098049058
