feature,value,importance,min,max,rule,importance_ratio
la,2841,0.5888630702527375,0.0,9094.0,la > 471.1648215786653,0.6476054713958626
nd,10,0.2266349004044176,1.0,46.0,6.501361706446655 < nd <= 43.480788426363866,0.2492430055906956
arexp,54.0,-0.03897077957873398,0.0,2143.5,18.99314235170766 < arexp <= 741.0350150255845,0.04285833388892662
age,24.607142857142897,0.021543166957699988,0.0,575.0,7.346025962989069 < age <= 349.3395012011218,0.02369221895170495
ns,1,-0.02033516259840334,1.0,8.0,ns <= 1.4995095840290027,0.022363709367609622
