feature,value,importance,min,max,rule,importance_ratio
la,643,0.5871132540879048,0.0,9094.0,la > 471.1648215786653,0.6568829810346415
nd,13,0.22547518803299188,1.0,46.0,6.501361706446655 < nd <= 43.480788426363866,0.2522695793923983
arexp,108.5,-0.03934135529154752,0.0,2143.5,18.99314235170766 < arexp <= 741.0350150255845,0.04401649351623296
age,65.3968253968254,0.020352620357354016,0.0,575.0,7.346025962989069 < age <= 349.3395012011218,0.02277122827515547
ns,2,0.010722954247129926,1.0,8.0,1.4995095840290027 < ns <= 2.4998972545934754,0.011997218768796798
