feature,value,importance,min,max,rule,importance_ratio
la,1408.0,0.7506344880808687,0.0,9094.0,la > 471.1648215786653,0.7975009337040851
nd,12.0,0.1424514905241615,1.0,46.0,6.501361706446655 < nd <= 43.480788426363866,0.15134555966247892
arexp,456.666666666667,-0.020125108285143186,0.0,2143.5,18.99314235170766 < arexp <= 741.0350150255845,0.021381635007647563
age,23.0222222222222,0.013259960174350053,0.0,575.0,7.346025962989069 < age <= 349.3395012011218,0.014087856057559514
ns,1.0,-0.008838392603177385,1.0,8.0,ns <= 1.4995095840290027,0.009390224490615023
