feature,value,importance,min,max,rule,importance_ratio
la,966.0,0.7544778088930008,0.0,9094.0,la > 471.1648215786653,0.9152103525554077
arexp,114.0,-0.020129306433077795,0.0,2143.5,18.99314235170766 < arexp <= 741.0350150255845,0.02441761629058812
nd,2.0,-0.019099877285350994,1.0,46.0,1.4933136674546177 < nd <= 2.4949232752530253,0.023168879479356773
age,30.9166666666667,0.013276745232868844,0.0,575.0,7.346025962989069 < age <= 349.3395012011218,0.016105198247236278
ns,1.0,-0.009033998807722494,1.0,8.0,ns <= 1.4995095840290027,0.010958585045638363
