feature,value,importance,min,max,rule,importance_ratio
la,231,0.22750184942012905,0.0,9094.0,198.10918576028968 < la <= 295.36187796957415,0.663870158414491
arexp,327.0,-0.03957390240785233,0.0,2143.5,18.99314235170766 < arexp <= 741.0350150255845,0.11548008478851526
nd,5,0.030078141810418922,1.0,46.0,4.49814249084984 < nd <= 6.501361706446655,0.08777063052187038
age,52.23529411764712,0.02121181971833082,0.0,575.0,7.346025962989069 < age <= 349.3395012011218,0.0618979324896071
ld,551,-0.009984712089840716,0.0,9176.0,ld > 326.31207862573433,0.02913625719395649
