feature,value,importance,min,max,rule,importance_ratio
la,316,0.38716118646733383,0.0,9094.0,295.36187796957415 < la <= 471.1648215786653,0.7789524187385409
arexp,30.0,-0.03512945675266048,0.0,2143.5,18.99314235170766 < arexp <= 741.0350150255845,0.07067902533345673
nd,2,-0.028919928421422506,1.0,46.0,1.4933136674546177 < nd <= 2.4949232752530253,0.05818570915944137
age,19.0,0.024913597201638625,0.0,575.0,7.346025962989069 < age <= 349.3395012011218,0.05012513515822575
nuc,5.75,-0.009931197816646196,0.0,480.0,4.2830446400006785 < nuc <= 17.021870288644497,0.01998116244769846
