feature,value,importance,min,max,rule,importance_ratio
la,2502.0,0.7506210200274965,0.0,9094.0,la > 471.1648215786653,0.7988145994696354
nd,11.0,0.14316352163906151,1.0,46.0,6.501361706446655 < nd <= 43.480788426363866,0.15235532731628026
arexp,77.0,-0.020166422019780503,0.0,2143.5,18.99314235170766 < arexp <= 741.0350150255845,0.021461205986313157
age,156.458333333333,0.01361546153927092,0.0,575.0,7.346025962989069 < age <= 349.3395012011218,0.014489641464728113
ns,1.0,-0.00881727965966856,1.0,8.0,ns <= 1.4995095840290027,0.009383392593364749
