feature,value,importance,min,max,rule,importance_ratio
la,2010.0,0.7506107291957037,0.0,9094.0,la > 471.1648215786653,0.7988224025111356
nd,12.0,0.1431578545561909,1.0,46.0,6.501361706446655 < nd <= 43.480788426363866,0.15235287328953184
arexp,461.166666666666,-0.02016731554049136,0.0,2143.5,18.99314235170766 < arexp <= 741.0350150255845,0.021462660771606357
age,17.514285714285702,0.013613483392121158,0.0,575.0,7.346025962989069 < age <= 349.3395012011218,0.014487876454273725
ns,1.0,-0.008817534294720066,1.0,8.0,ns <= 1.4995095840290027,0.009383883890229011
