feature,value,importance,min,max,rule,importance_ratio
la,348,0.38738299091593476,0.0,9094.0,295.36187796957415 < la <= 471.1648215786653,0.7670512525899116
arexp,335.5,-0.03466719173280055,0.0,2143.5,18.99314235170766 < arexp <= 741.0350150255845,0.0686439866126953
nd,2,-0.029625110777688906,1.0,46.0,1.4933136674546177 < nd <= 2.4949232752530253,0.05866023770535773
age,170.416666666667,0.025635913739171193,0.0,575.0,7.346025962989069 < age <= 349.3395012011218,0.050761288456223026
ld,619,-0.011789728127505053,0.0,9176.0,ld > 326.31207862573433,0.023344663911327328
