feature,value,importance,min,max,rule,importance_ratio
la,721.0,0.7501143613582033,0.0,9094.0,la > 471.1648215786653,0.7948127122613862
nd,19.0,0.14228916436982128,1.0,46.0,6.501361706446655 < nd <= 43.480788426363866,0.15076799283433295
arexp,108.5,-0.020403650252421985,0.0,2143.5,18.99314235170766 < arexp <= 741.0350150255845,0.02161947755245825
age,55.6216216216216,0.01338659174059284,0.0,575.0,7.346025962989069 < age <= 349.3395012011218,0.014184281540765767
ns,1.0,-0.009041225084611554,1.0,8.0,ns <= 1.4995095840290027,0.009579980069511307
