feature,value,importance,min,max,rule,importance_ratio
nd,38.0,0.15249014931715169,1.0,46.0,6.501361706446655 < nd <= 43.480788426363866,0.39266602140297496
age,380.046153846154,0.1412314035994255,0.0,575.0,age > 349.3395012011218,0.36367446419902333
la,232.0,0.054515416276713045,0.0,9094.0,198.10918576028968 < la <= 295.36187796957415,0.14037858648811857
arexp,182.000000000001,-0.018485185549848647,0.0,2143.5,18.99314235170766 < arexp <= 741.0350150255845,0.047599823970651815
ld,999.0,0.010402978425107937,0.0,9176.0,ld > 326.31207862573433,0.026787934612302604
