feature,value,importance,min,max,rule,importance_ratio
la,3026,0.5893632632256478,0.0,9094.0,la > 471.1648215786653,0.6423061881210979
nd,11,0.2258324134883079,1.0,46.0,6.501361706446655 < nd <= 43.480788426363866,0.2461191012618756
arexp,108.833333333333,-0.03909430038494761,0.0,2143.5,18.99314235170766 < arexp <= 741.0350150255845,0.04260616944477396
age,81.2,0.020364140171618465,0.0,575.0,7.346025962989069 < age <= 349.3395012011218,0.022193465497675702
ns,1,-0.01930031102976055,1.0,8.0,ns <= 1.4995095840290027,0.021034071820541667
