feature,value,importance,min,max,rule,importance_ratio
la,1919.0,0.7537296517258958,0.0,9094.0,la > 471.1648215786653,0.9288833216693609
arexp,7.0,-0.024926436966395186,0.0,2143.5,3.296579902275539 < arexp <= 18.99314235170766,0.030718907653041742
age,110.235294117647,0.013712271841756666,0.0,575.0,7.346025962989069 < age <= 349.3395012011218,0.016898765474913542
ns,1.0,-0.00976954472742673,1.0,8.0,ns <= 1.4995095840290027,0.012039817110591393
nuc,13.529411764705904,-0.004521468271062246,0.0,480.0,4.283044640000675 < nuc <= 17.02187028864449,0.005572178906362409
