feature,value,importance,min,max,rule,importance_ratio
la,363,0.38764941449084717,0.0,9094.0,295.36187796957415 < la <= 471.1648215786653,0.8174488953522889
arexp,71.5,-0.03554606633787069,0.0,2143.5,18.99314235170766 < arexp <= 741.0350150255845,0.07495714317065645
age,28.92307692307689,0.02578591992170875,0.0,575.0,7.346025962989069 < age <= 349.3395012011218,0.05437560581209413
nuc,15.2307692307692,-0.010252351556833942,0.0,480.0,4.2830446400006785 < nuc <= 17.021870288644497,0.021619466305411134
nd,3,0.00908778995209263,1.0,46.0,2.4949232752530253 < nd <= 4.49814249084984,0.01916371747211075
