feature,value,importance,min,max,rule,importance_ratio
la,2140.0,0.7511700677459775,0.0,9094.0,la > 471.1648215786653,0.7976155569428449
nd,13.0,0.14299416680563606,1.0,46.0,6.501361706446655 < nd <= 43.480788426363866,0.151835618714809
arexp,58.5,-0.020207915499099446,0.0,2143.5,18.99314235170766 < arexp <= 741.0350150255845,0.021457388236772516
age,27.575757575757603,0.0137218373939367,0.0,575.0,7.346025962989069 < age <= 349.3395012011218,0.014570270362456925
ns,1.0,-0.008910974345826647,1.0,8.0,ns <= 1.4995095840290027,0.00946194752817743
