feature,value,importance,min,max,rule,importance_ratio
la,7776.0,0.7477304257255528,0.0,9094.0,la > 471.1648215786653,0.7782421802381815
nd,8.0,0.14211831067622607,1.0,46.0,6.501361706446655 < nd <= 43.480788426363866,0.14791756513734397
ns,3.0,0.03182295651339286,1.0,8.0,2.4998972545934754 < ns <= 4.500672595722421,0.03312151840628431
arexp,3.0,-0.020900116309085438,0.0,2143.5,arexp <= 3.296579902275539,0.0217529627309619
age,41.6769230769231,0.013012520787848482,0.0,575.0,7.346025962989069 < age <= 349.3395012011218,0.013543507392391223
