feature,value,importance,min,max,rule,importance_ratio
la,9479.0,0.7536187572974585,0.0,9094.0,la > 471.1648215786653,0.8863833425285986
ns,3.0,0.03520800348818891,1.0,8.0,2.4998972545934754 < ns <= 4.500672595722421,0.04141057731568843
arexp,317.5,-0.020376869707235245,0.0,2143.5,18.99314235170766 < arexp <= 741.0350150255845,0.0239666511833381
nd,6.0,0.01926661706900866,1.0,46.0,4.49814249084984 < nd <= 6.501361706446655,0.022660805973153078
age,53.9,0.013530736984207658,0.0,575.0,7.346025962989069 < age <= 349.3395012011218,0.015914439176045386
