feature,value,importance,min,max,rule,importance_ratio
la,294,0.22660486126814727,0.0,9094.0,198.10918576028968 < la <= 295.36187796957415,0.6035448574348172
nd,1,-0.07397576572294431,1.0,46.0,nd <= 1.4933136674546177,0.19702884010088875
arexp,14.0,-0.04331997885313271,0.0,2143.5,3.296579902275539 < arexp <= 18.99314235170766,0.11537947736282052
ns,1,-0.011077401389672824,1.0,8.0,ns <= 1.4995095840290027,0.029503818254662077
age,0.5,-0.010063633991773341,0.0,575.0,0.035001551722574575 < age <= 7.346025962989069,0.02680372569613004
