feature,value,importance,min,max,rule,importance_ratio
la,339.0,0.15774202644650442,0.0,9094.0,295.36187796957415 < la <= 471.1648215786653,0.4388079237013761
nd,12.0,0.15249171887322197,1.0,46.0,6.501361706446655 < nd <= 43.480788426363866,0.42420257966639885
arexp,5.0,-0.01972470889619306,0.0,2143.5,3.296579902275539 < arexp <= 18.99314235170766,0.05487033957489991
age,240.17647058823505,0.014300487482796116,0.0,575.0,7.346025962989069 < age <= 349.3395012011218,0.03978120074659622
ns,1.0,0.007657791622515786,1.0,8.0,ns <= 1.4995095840290027,0.02130250078379419
