feature,value,importance,min,max,rule,importance_ratio
la,3465.0,0.7466175902659516,0.0,9094.0,la > 471.1648215786653,0.7943917427552255
nd,22.0,0.14342702792373835,1.0,46.0,6.501361706446655 < nd <= 43.480788426363866,0.1526045570798238
arexp,6.0,-0.023784051217611603,0.0,2143.5,3.296579902275539 < arexp <= 18.99314235170766,0.0253059319025793
age,62.9375,0.013520610846025335,0.0,575.0,7.346025962989069 < age <= 349.3395012011218,0.014385760197885712
nuc,0.802083333333333,-0.00604826644173983,0.0,480.0,nuc <= 1.924002853214784,0.006435279562044844
