feature,value,importance,min,max,rule,importance_ratio
la,2568.0,0.750621271727209,0.0,9094.0,la > 471.1648215786653,0.7988144086224714
nd,13.0,0.14316366024818056,1.0,46.0,6.501361706446655 < nd <= 43.480788426363866,0.15235538733698442
arexp,53.0,-0.02016640016548238,0.0,2143.5,18.99314235170766 < arexp <= 741.0350150255845,0.021461170405104545
age,48.8,0.013615509922052656,0.0,575.0,7.346025962989069 < age <= 349.3395012011218,0.014489684633438605
ns,1.0,-0.008817273431642443,1.0,8.0,ns <= 1.4995095840290027,0.009383380577202439
