feature,value,importance,min,max,rule,importance_ratio
la,1539,0.5978417757358483,0.0,9094.0,la > 471.1648215786653,0.804230754549612
nd,5,0.04938512415090309,1.0,46.0,4.49814249084984 < nd <= 6.501361706446655,0.06643402530798671
arexp,66.0,-0.039503050139442324,0.0,2143.5,18.99314235170766 < arexp <= 741.0350150255845,0.0531404279695101
age,11.142857142857098,0.022356931944869693,0.0,575.0,7.346025962989069 < age <= 349.3395012011218,0.03007506831603762
ns,1,-0.020830790822425733,1.0,8.0,ns <= 1.4995095840290027,0.02802206754515372
