feature,value,importance,min,max,rule,importance_ratio
la,248,0.2262484157116065,0.0,9094.0,198.10918576028968 < la <= 295.36187796957415,0.656183302982194
arexp,11.0,-0.0448316329184187,0.0,2143.5,3.296579902275539 < arexp <= 18.99314235170766,0.13002419872849572
nd,5,0.029664692016249206,1.0,46.0,4.49814249084984 < nd <= 6.501361706446655,0.08603585367856942
age,130.142857142857,0.02059488679652233,0.0,575.0,7.346025962989069 < age <= 349.3395012011218,0.05973089712112018
ns,1,-0.011685859163221454,1.0,8.0,ns <= 1.4995095840290027,0.033892240260730455
