feature,value,importance,min,max,rule,importance_ratio
age,475.5,0.1404657069327129,0.0,575.0,age > 349.3395012011218,0.4185061403994096
la,114,0.10310765654110676,0.0,9094.0,89.63502906531855 < la <= 198.10918576028968,0.30720087006942687
arexp,11.0,-0.04082152064836899,0.0,2143.5,3.296579902275539 < arexp <= 18.99314235170766,0.121624398045905
nd,2,-0.03228194034008698,1.0,46.0,1.4933136674546177 < nd <= 2.4949232752530253,0.09618141360870078
ns,1,-0.008571861096882823,1.0,8.0,ns <= 1.4995095840290027,0.02553916241929951
