feature,value,importance,min,max,rule,importance_ratio
la,2019.0,0.7466116001544237,0.0,9094.0,la > 471.1648215786653,0.7996957959640374
nd,9.0,0.14295759594793223,1.0,46.0,6.501361706446655 < nd <= 43.480788426363866,0.15312190228097347
arexp,0.0,-0.019855862272238175,0.0,2143.5,arexp <= 3.296579902275539,0.021267617032826147
age,54.36,0.013277648902440061,0.0,575.0,7.346025962989069 < age <= 349.3395012011218,0.014221691714100967
nuc,0.52,-0.006157307389092102,0.0,480.0,nuc <= 1.924002853214784,0.0065950928601923925
