feature,value,importance,min,max,rule,importance_ratio
la,291,0.22873682539764,0.0,9094.0,198.10918576028968 < la <= 295.36187796957415,0.7187449874316161
arexp,36.25,-0.03990968958211742,0.0,2143.5,18.99314235170766 < arexp <= 741.0350150255845,0.1254056459305684
age,10.2,0.021247849749358783,0.0,575.0,7.346025962989069 < age <= 349.3395012011218,0.06676574912895207
nd,4,0.011435088156017733,1.0,46.0,2.4949232752530253 < nd <= 4.49814249084984,0.035931740674849756
ns,1,-0.010243654815529395,1.0,8.0,ns <= 1.4995095840290027,0.03218797646090551
