feature,value,importance,min,max,rule,importance_ratio
la,744.0,0.7450252566241393,0.0,9094.0,la > 471.1648215786653,0.7953152778268147
nd,7.0,0.14145416077538361,1.0,46.0,6.501361706446655 < nd <= 43.480788426363866,0.15100247162974909
arexp,0.0,-0.02535260095618516,0.0,2143.5,arexp <= 3.296579902275539,0.027063929301490826
age,9.47826086956522,0.012681753830719985,0.0,575.0,7.346025962989069 < age <= 349.3395012011218,0.013537786110650818
nuc,2.17391304347826,-0.007225099030126106,0.0,480.0,1.924002853214784 < nuc <= 2.8676195679291396,0.007712801131747311
