feature,value,importance,min,max,rule,importance_ratio
la,630.0,0.7490478040765532,0.0,9094.0,la > 471.1648215786653,0.7956608470105409
nd,7.0,0.14191646383727435,1.0,46.0,6.501361706446655 < nd <= 43.480788426363866,0.15074788712679582
arexp,210.5,-0.020348455517618436,0.0,2143.5,18.99314235170766 < arexp <= 741.0350150255845,0.021614734419340104
age,64.5333333333333,0.01327380784903727,0.0,575.0,7.346025962989069 < age <= 349.3395012011218,0.014099833333388654
ns,1.0,-0.008669318902066042,1.0,8.0,ns <= 1.4995095840290027,0.009208808280435724
