feature,value,importance,min,max,rule,importance_ratio
la,1862,0.585968385187086,0.0,9094.0,la > 471.1648215786653,0.645638717673
nd,32,0.22571786928465856,1.0,46.0,6.501361706446655 < nd <= 43.480788426363866,0.24870317130556435
arexp,16.0,-0.041697648171941416,0.0,2143.5,3.296579902275539 < arexp <= 18.99314235170766,0.04594380307244174
age,43.70491803278689,0.020134614336707313,0.0,575.0,7.346025962989069 < age <= 349.3395012011218,0.02218496237990999
ld,1113,-0.014578132724818562,0.0,9176.0,ld > 326.31207862573433,0.016062653133604735
