feature,value,importance,min,max,rule,importance_ratio
la,978,0.5932596079732699,0.0,9094.0,la > 471.1648215786653,0.8478263098943803
arexp,0.0,-0.06591624771367627,0.0,2143.5,arexp <= 3.296579902275539,0.09420079895897451
ns,2,0.014485841426867941,1.0,8.0,1.4995095840290027 < ns <= 2.4998972545934754,0.02070169166684604
age,0.0,-0.008916291188847715,0.0,575.0,age <= 0.035001551722574575,0.012742256770875824
nuc,0.0,-0.00835845405598247,0.0,480.0,nuc <= 1.924002853214784,0.011945052660697281
