feature,value,importance,min,max,rule,importance_ratio
la,1735,0.5872796644894662,0.0,9094.0,la > 471.1648215786653,0.5690120194472228
nd,11,0.22488017892949758,1.0,46.0,6.501361706446655 < nd <= 43.480788426363866,0.21788516184629678
age,467.793103448276,0.13370404547006604,0.0,575.0,age > 349.3395012011218,0.12954511031353816
arexp,14.0,-0.041736543784488614,0.0,2143.5,3.296579902275539 < arexp <= 18.99314235170766,0.040438306482490624
ns,1,-0.020758330536598004,1.0,8.0,ns <= 1.4995095840290027,0.020112631669701623
