feature,value,importance,min,max,rule,importance_ratio
la,816.0,0.7477392741185025,0.0,9094.0,la > 471.1648215786653,0.7170712956091303
nd,11.0,0.14190666989409734,1.0,46.0,6.501361706446655 < nd <= 43.480788426363866,0.136086471793925
age,402.673076923077,0.11125083700389433,0.0,575.0,age > 349.3395012011218,0.1066879654302335
arexp,16.0,-0.02489210599373833,0.0,2143.5,3.296579902275539 < arexp <= 18.99314235170766,0.02387117450318779
ns,1.0,-0.009475462104911151,1.0,8.0,ns <= 1.4995095840290027,0.009086832968716103
