feature,value,importance,min,max,rule,importance_ratio
la,237,0.2262219113552933,0.0,9094.0,198.10918576028968 < la <= 295.36187796957415,0.7004550171515811
arexp,4.83333333333333,-0.04310002597744758,0.0,2143.5,3.296579902275539 < arexp <= 18.99314235170766,0.13345139405109283
age,55.4,0.019998288132350977,0.0,575.0,7.346025962989069 < age <= 349.3395012011218,0.06192106314028983
nd,3,0.010653049686011551,1.0,46.0,2.4949232752530253 < nd <= 4.49814249084984,0.032985231429737305
ns,1,-0.010139619191435415,1.0,8.0,ns <= 1.4995095840290027,0.03139548725451616
