feature,value,importance,min,max,rule,importance_ratio
la,648.0,0.7494313915841535,0.0,9094.0,la > 471.1648215786653,0.7958370257253522
nd,11.0,0.14213964635191517,1.0,46.0,6.501361706446655 < nd <= 43.480788426363866,0.15094109302153425
arexp,259.833333333334,-0.02031667637772991,0.0,2143.5,18.99314235170766 < arexp <= 741.0350150255845,0.021574707815347104
age,47.225,0.013352402744041527,0.0,575.0,7.346025962989069 < age <= 349.3395012011218,0.01417919853029243
ns,1.0,-0.008647231443916657,1.0,8.0,ns <= 1.4995095840290027,0.009182677734567008
