feature,value,importance,min,max,rule,importance_ratio
la,1149.0,0.7505413663186112,0.0,9094.0,la > 471.1648215786653,0.7969242831182909
nd,23.0,0.14255329919944146,1.0,46.0,6.501361706446655 < nd <= 43.480788426363866,0.15136299059422684
arexp,35.0,-0.02010771479002878,0.0,2143.5,18.99314235170766 < arexp <= 741.0350150255845,0.021350357106617195
age,14.6521739130435,0.013234678966871225,0.0,575.0,7.346025962989069 < age <= 349.3395012011218,0.014052572611297305
ns,1.0,-0.008500640368989712,1.0,8.0,ns <= 1.4995095840290027,0.009025973831837742
