feature,value,importance,min,max,rule,importance_ratio
la,741.0,0.7493767363986226,0.0,9094.0,la > 471.1648215786653,0.7960356755107305
nd,12.0,0.1418702078138542,1.0,46.0,6.501361706446655 < nd <= 43.480788426363866,0.1507035663459338
arexp,97.1666666666663,-0.020202715700367566,0.0,2143.5,18.99314235170766 < arexp <= 741.0350150255845,0.021460610742977018
age,28.5421686746988,0.012998663044108221,0.0,575.0,7.346025962989069 < age <= 349.3395012011218,0.013808007393959015
ns,1.0,-0.008565907114375467,1.0,8.0,ns <= 1.4995095840290027,0.00909925185151048
