feature,value,importance,min,max,rule,importance_ratio
la,1130.0,0.7487126553813508,0.0,9094.0,la > 471.1648215786653,0.7920312419289434
nd,11.0,0.14309566727205064,1.0,46.0,6.501361706446655 < nd <= 43.480788426363866,0.1513748141553801
arexp,13.0,-0.02427366618579566,0.0,2143.5,3.296579902275539 < arexp <= 18.99314235170766,0.025678078014471358
age,35.3913043478261,0.013560351675289338,0.0,575.0,7.346025962989069 < age <= 349.3395012011218,0.014344918709704722
ns,1.0,-0.009036426819143828,1.0,8.0,ns <= 1.4995095840290027,0.009559251209025002
