feature,value,importance,min,max,rule,importance_ratio
la,873.0,0.7504997642578385,0.0,9094.0,la > 471.1648215786653,0.796327181678049
nd,17.0,0.14276125705393838,1.0,46.0,6.501361706446655 < nd <= 43.480788426363866,0.15147862117585054
arexp,32.0,-0.02022816472399408,0.0,2143.5,18.99314235170766 < arexp <= 741.0350150255845,0.021463347721510352
age,43.58461538461541,0.013571306218346534,0.0,575.0,7.346025962989069 < age <= 349.3395012011218,0.01440000456660077
ns,1.0,-0.008585713182110873,1.0,8.0,ns <= 1.4995095840290027,0.009109978585759453
