feature,value,importance,min,max,rule,importance_ratio
la,616,0.5963302229980985,0.0,9094.0,la > 471.1648215786653,0.8522789186716231
arexp,80.5,-0.03953532359645996,0.0,2143.5,18.99314235170766 < arexp <= 741.0350150255845,0.05650413402614183
age,44.3846153846154,0.022129845165544903,0.0,575.0,7.346025962989069 < age <= 349.3395012011218,0.031628114391447165
ns,1,-0.021870701435703785,1.0,8.0,ns <= 1.4995095840290027,0.03125774453707501
ld,111,-0.008011223714152442,0.0,9176.0,106.9077758780692 < ld <= 326.31207862573433,0.011449691498121636
