feature,value,importance,min,max,rule,importance_ratio
la,1697.0,0.7511402284730448,0.0,9094.0,la > 471.1648215786653,0.7976121489457049
nd,10.0,0.14297748219759168,1.0,46.0,6.501361706446655 < nd <= 43.480788426363866,0.15182328479236787
arexp,80.0,-0.020210415938633045,0.0,2143.5,18.99314235170766 < arexp <= 741.0350150255845,0.021460804090694643
age,138.939393939394,0.013715979143954041,0.0,575.0,7.346025962989069 < age <= 349.3395012011218,0.0145645662223991
ns,1.0,-0.008912547890807483,1.0,8.0,ns <= 1.4995095840290027,0.009463953874790463
