feature,value,importance,min,max,rule,importance_ratio
la,560.0,0.7513779282173424,0.0,9094.0,la > 471.1648215786653,0.928500312843345
arexp,4.0,-0.027327593506264264,0.0,2143.5,3.296579902275539 < arexp <= 18.99314235170766,0.03376952950963258
age,285.25,0.01346547118995949,0.0,575.0,7.346025962989069 < age <= 349.3395012011218,0.01663968788931996
ns,1.0,-0.010399014425631896,1.0,8.0,ns <= 1.4995095840290027,0.012850375004186631
nd,4.0,-0.0028615699812196927,1.0,46.0,2.4949232752530253 < nd <= 4.49814249084984,0.003536128122753506
