feature,value,importance,min,max,rule,importance_ratio
la,2912.0,0.7511216843437037,0.0,9094.0,la > 471.1648215786653,0.7966121459791189
nd,16.0,0.14312310848527796,1.0,46.0,6.501361706446655 < nd <= 43.480788426363866,0.15179112647943252
arexp,61.16666666666679,-0.020176640404206293,0.0,2143.5,18.99314235170766 < arexp <= 741.0350150255845,0.021398605773294374
age,90.75,0.013698734100853477,0.0,575.0,7.346025962989069 < age <= 349.3395012011218,0.01452837562373551
ns,1.0,-0.008549902229990037,1.0,8.0,ns <= 1.4995095840290027,0.009067713135315916
