feature,value,importance,min,max,rule,importance_ratio
la,630.0,0.7510796176048589,0.0,9094.0,la > 471.1648215786653,0.9117661714706836
arexp,17.0,-0.02797657278955927,0.0,2143.5,3.296579902275539 < arexp <= 18.99314235170766,0.03396190239398442
nd,5.0,0.017391712518094456,1.0,46.0,4.49814249084984 < nd <= 6.501361706446655,0.02111250893548301
age,7.83333333333333,0.01348245210817184,0.0,575.0,7.346025962989069 < age <= 349.3395012011218,0.016366898332171118
ns,1.0,-0.01040340810651553,1.0,8.0,ns <= 1.4995095840290027,0.012629121277146712
