feature,value,importance,min,max,rule,importance_ratio
la,714.0,0.7529198420858569,0.0,9094.0,la > 471.1648215786653,0.9257383803091835
arexp,405.5,-0.020042443056429174,0.0,2143.5,18.99314235170766 < arexp <= 741.0350150255845,0.024642807554515252
nd,6.0,0.017204379189938692,1.0,46.0,4.49814249084984 < nd <= 6.501361706446655,0.021153319696551057
ns,1.0,-0.010034761133728884,1.0,8.0,ns <= 1.4995095840290027,0.0123380511436547
age,2.5833333333333304,-0.009119022945197413,0.0,575.0,0.035001551722574575 < age <= 7.346025962989069,0.011212122538705382
