feature,value,importance,min,max,rule,importance_ratio
la,3100,0.58759738828784,0.0,9094.0,la > 471.1648215786653,0.6446239430930971
nd,7,0.22581882069696216,1.0,46.0,6.501361706446655 < nd <= 43.480788426363866,0.24773462497250054
arexp,0.0,-0.048983124712157135,0.0,2143.5,arexp <= 3.296579902275539,0.053736955994610404
ns,1,-0.022487345230189984,1.0,8.0,ns <= 1.4995095840290027,0.024669750820743738
nuc,0.424242424242424,-0.011217894778069984,0.0,480.0,nuc <= 1.924002853214784,0.012306595824249318
