feature,value,importance,min,max,rule,importance_ratio
la,1885.0,0.7484641266304446,0.0,9094.0,la > 471.1648215786653,0.801074707671951
nd,10.0,0.14252118356793847,1.0,46.0,6.501361706446655 < nd <= 43.480788426363866,0.1525391951351577
arexp,1.0,-0.020071955546767783,0.0,2143.5,arexp <= 3.296579902275539,0.02148284112749534
ns,1.0,-0.009493459701204621,1.0,8.0,ns <= 1.4995095840290027,0.01016076814419311
age,5.55,-0.007510256283414152,0.0,575.0,0.035001551722574575 < age <= 7.346025962989069,0.008038162608891437
