feature,value,importance,min,max,rule,importance_ratio
la,1326.0,0.7504263843213828,0.0,9094.0,la > 471.1648215786653,0.7989622444362523
nd,10.0,0.1430563372346978,1.0,46.0,6.501361706446655 < nd <= 43.480788426363866,0.1523088935382023
arexp,34.0,-0.020183321628868198,0.0,2143.5,18.99314235170766 < arexp <= 741.0350150255845,0.021488732653452632
age,9.176470588235288,0.013578047841812968,0.0,575.0,7.346025962989069 < age <= 349.3395012011218,0.014456244883457767
ns,1.0,-0.008822095701175073,1.0,8.0,ns <= 1.4995095840290027,0.009392688649155493
