feature,value,importance,min,max,rule,importance_ratio
la,1338.0,0.748774989205118,0.0,9094.0,la > 471.1648215786653,0.7928461725875038
nd,8.0,0.14262360893718387,1.0,46.0,6.501361706446655 < nd <= 43.480788426363866,0.1510181083725896
arexp,9.0,-0.02405342039405562,0.0,2143.5,3.296579902275539 < arexp <= 18.99314235170766,0.02546914970719064
age,116.553191489362,0.013248701616662764,0.0,575.0,7.346025962989069 < age <= 349.3395012011218,0.014028489893440405
ns,1.0,-0.009278321527050432,1.0,8.0,ns <= 1.4995095840290027,0.009824422312192124
