feature,value,importance,min,max,rule,importance_ratio
la,655,0.5890245563070863,0.0,9094.0,la > 471.1648215786653,0.641690238961563
nd,12,0.22655080782877,1.0,46.0,6.501361706446655 < nd <= 43.480788426363866,0.2468070990520597
arexp,203.0,-0.039091592484497784,0.0,2143.5,18.99314235170766 < arexp <= 741.0350150255845,0.04258683794107828
age,55.4864864864865,0.021359871569725523,0.0,575.0,7.346025962989069 < age <= 349.3395012011218,0.023269693843832994
ns,1,-0.01964362385672754,1.0,8.0,ns <= 1.4995095840290027,0.02139999351762664
