feature,value,importance,min,max,rule,importance_ratio
la,194,0.10308918816605331,0.0,9094.0,89.63502906531855 < la <= 198.10918576028968,0.4909928522972589
arexp,320.0,-0.03814698243109426,0.0,2143.5,18.99314235170766 < arexp <= 741.0350150255845,0.18168632466293924
nd,2,-0.03189630232264852,1.0,46.0,1.4933136674546177 < nd <= 2.4949232752530253,0.15191560563952441
age,22.8,0.01940949707204208,0.0,575.0,7.346025962989069 < age <= 349.3395012011218,0.0924434899390874
nuc,33.4,0.006756843205122924,0.0,480.0,17.021870288644497 < nuc <= 98.64471611143635,0.032181470984763386
