rule,type,coef,support,importance,Class
ld > -446.1499938964844 & ld > -72.13500213623047 & ns > 1.090000033378601,rule,0.12185763018855564,0.7728459530026109,0.05105748704827386,Defect
ld > 0.20499999821186066,rule,0.10741611983767911,0.7780678851174935,0.044636309614421,Defect
ld > 0.17000000178813934,rule,0.10736403799788362,0.7885117493472585,0.043843583561115014,Defect
ld > 0.009999999776482582,rule,0.09620300156778042,0.7650130548302873,0.04078917424241276,Defect
ld > 0.03500000014901161,rule,0.09715367974408054,0.8015665796344648,0.038746855603690886,Defect
