commit_id,label,pred,score_or_proba,feature,value_actual,operator,threshold
,True,True,0.9833333333333333,age,41.1666666666667,>,2.450000047683716
,True,True,0.9833333333333333,nuc,140.166666666667,>,15.78499984741211
