feature,value,importance,min,max,rule,importance_ratio
la,532,0.12651823353938327,0.0,9886.0,452.37726506427714 < la <= 658.2665061764585,0.33626191184531795
asexp,0.0,0.10728259011277225,0.0,1042.0,asexp <= 0.24155171339806714,0.28513715256551353
age,25.875,0.039843038943394374,0.0,1520.0,4.1005163349584635 < age <= 191.44947579329659,0.10589538024701192
nd,5,0.03971484170575622,1.0,51.0,3.508812175977223 < nd <= 5.4934450612931585,0.10555465585483903
ns,1,-0.031794287612198616,1.0,25.0,ns <= 1.4938515894974689,0.08450329758129131
