feature,value,importance,min,max,rule,importance_ratio
la,1373,0.2578577718499565,0.0,9886.0,la > 658.2665061764585,0.6403394760199367
nd,9,0.043122938277835365,1.0,51.0,5.4934450612931585 < nd <= 14.503678360627504,0.10708740521242438
ns,1,-0.03208004070819636,1.0,25.0,ns <= 1.4938515894974689,0.07966452323856206
asexp,7.0,0.030049632221651128,0.0,1042.0,0.24155171339806714 < asexp <= 14.706492054882105,0.07462239983443467
nuc,3.93333333333333,-0.014948053288826512,0.0,251.0,1.3648501486098876 < nuc <= 29.723545593620806,0.037120574422922416
