feature,value,importance,min,max,rule,importance_ratio
la,571,0.17595020178514653,0.0,9886.0,452.37726506427714 < la <= 658.2665061764585,0.5084225865462988
age,56.75,0.047065302841005185,0.0,1520.0,4.1005163349584635 < age <= 191.44947579329659,0.1359990654414173
ns,1,-0.02640259937760507,1.0,25.0,ns <= 1.4938515894974689,0.0762924835033686
nd,4,0.024579474627848458,1.0,51.0,3.508812175977223 < nd <= 5.4934450612931585,0.07102441451871525
nuc,6.0,-0.02437475479703496,0.0,251.0,1.3648501486098876 < nuc <= 29.723545593620806,0.07043285972171298
