feature,value,importance,min,max,rule,importance_ratio
la,2766,0.24168226463544293,0.0,9886.0,la > 658.2665061764585,0.542421275521515
nd,18,0.06244806599033588,1.0,51.0,nd > 14.503678360627504,0.1401557522618571
age,6.4893617021276615,0.050213361199100165,0.0,1520.0,4.1005163349584635 < age <= 191.44947579329659,0.11269670726945082
ns,1,-0.0335964352119461,1.0,25.0,ns <= 1.4938515894974689,0.07540239358534735
asexp,10.0,0.018053195573258334,0.0,1042.0,0.24155171339806714 < asexp <= 14.706492054882105,0.04051781534262437
