feature,value,importance,min,max,rule,importance_ratio
la,411,0.15516954400966482,0.0,9886.0,229.79430169975677 < la <= 452.37726506427714,0.5699612062078577
age,18.2857142857143,0.05399949681935028,0.0,1520.0,4.1005163349584635 < age <= 191.44947579329659,0.19834831982142878
nd,7,0.024424168300560344,1.0,51.0,5.4934450612931585 < nd <= 14.503678360627504,0.08971366458577743
aexp,28,-0.01751026998497288,0.0,1411.0,2.7519982932250286 < aexp <= 111.43266686158816,0.0643178702712355
nuc,9.14285714285714,-0.00963281982495802,0.0,251.0,1.3648501486098876 < nuc <= 29.723545593620806,0.03538280428454484
