feature,value,importance,min,max,rule,importance_ratio
la,2164,0.2560967968522237,0.0,9886.0,la > 658.2665061764585,0.5955734836291762
age,12.8,0.04008959251315103,0.0,1520.0,4.1005163349584635 < age <= 191.44947579329659,0.09323153808951742
ns,1,-0.036940109850818435,1.0,25.0,ns <= 1.4938515894974689,0.08590716549333269
nd,8,0.036637327904160785,1.0,51.0,5.4934450612931585 < nd <= 14.503678360627504,0.08520302197819542
nuc,1.72,-0.01801531775533463,0.0,251.0,1.3648501486098876 < nuc <= 29.723545593620806,0.041896055265472305
