feature,value,importance,min,max,rule,importance_ratio
la,801,0.23247966166319986,0.0,9886.0,la > 658.2665061764585,0.45166607681736237
asexp,0.0,0.1316821512506626,0.0,1042.0,asexp <= 0.24155171339806714,0.25583468341597326
nd,14,0.055409587454494,1.0,51.0,5.4934450612931585 < nd <= 14.503678360627504,0.1076508405277046
age,9.82608695652174,0.04228436403427835,0.0,1520.0,4.1005163349584635 < age <= 191.44947579329659,0.08215089731913028
ns,1,-0.02737810362134841,1.0,25.0,ns <= 1.4938515894974689,0.053190720275859235
