feature,value,importance,min,max,rule,importance_ratio
aexp,606,0.30109146580646523,0.0,418.0,aexp > 173.5744038495336,0.41133607233308567
la,397,0.24853048244600467,0.0,8385.0,363.9600190460562 < la <= 3755.7865561189433,0.3395298907943718
age,28.0,0.1070779877874118,0.0,536.25,age <= 91.7448502777025,0.14628458103862446
ld,17,-0.03742496872423354,0.0,6893.0,2.401405894888768 < ld <= 19.414412417987634,0.05112811683646279
ns,1,-0.017916848981547374,1.0,6.0,ns <= 1.4968350645973174,0.024477101232061867
