feature,value,importance,min,max,rule,importance_ratio
aexp,551,0.31749244842988716,0.0,418.0,aexp > 173.5744038495336,0.5657870634877915
la,51,-0.12225747988951002,0.0,8385.0,39.45725240126967 < la <= 70.36227779601131,0.21786880563044006
age,6.0,0.08160265125257836,0.0,536.25,age <= 91.7448502777025,0.14541991361791543
ld,14,-0.033791435804550476,0.0,6893.0,2.401405894888768 < ld <= 19.414412417987634,0.06021799047329116
ns,1,0.003347096248598108,1.0,6.0,ns <= 1.4968350645973174,0.005964689135349712
