feature,value,importance,min,max,rule,importance_ratio
aexp,108,0.103523362752055,0.0,418.0,77.34852688871881 < aexp <= 157.78734591064995,0.3512198452021749
la,328,0.07128103179048341,0.0,8385.0,70.36227779601131 < la <= 363.9600190460562,0.2418324935142037
age,12.0,0.04612068186692168,0.0,536.25,age <= 91.7448502777025,0.15647191431286306
nd,6,0.04556833261471282,1.0,35.0,4.485787579415443 < nd <= 8.51515966943804,0.15459797964052283
ns,2,-0.01851145647275326,1.0,6.0,1.4968350645973174 < ns <= 2.497149685556895,0.06280312679176507
