feature,value,importance,min,max,rule,importance_ratio
age,243.0,-0.17181792499545298,0.0,536.25,age > 172.46486330358397,0.3869030325361408
aexp,134,0.14378583427291744,0.0,418.0,77.34852688871881 < aexp <= 157.78734591064995,0.3237798112007403
la,123,0.06654566515156765,0.0,8385.0,70.36227779601131 < la <= 363.9600190460562,0.14984885686378457
nuc,205.5,-0.025181592172158967,0.0,593.0,122.26403089809419 < nuc <= 329.2334199571145,0.056704411811250105
ld,20,-0.025120648792099107,0.0,6893.0,19.414412417987634 < ld <= 56.843026768805146,0.056567178291762624
