feature,value,importance,min,max,rule,importance_ratio
la,826,0.25051834036584564,0.0,8385.0,363.9600190460562 < la <= 3755.7865561189433,0.3754648587347681
age,484.6,-0.19514899053465715,0.0,536.25,age > 172.46486330358397,0.29247993602514344
aexp,135,0.12374397195459343,0.0,418.0,77.34852688871881 < aexp <= 157.78734591064995,0.18546152302206792
nuc,16.1,0.029093712186251675,0.0,593.0,0.17534634080693934 < nuc <= 49.010820163721846,0.04360425875458283
nd,8,0.026379308498446784,1.0,35.0,4.485787579415443 < nd <= 8.51515966943804,0.03953604085204341
