feature,value,importance,min,max,rule,importance_ratio
aexp,103,0.16699076808149294,0.0,418.0,77.34852688871881 < aexp <= 157.78734591064995,0.3932416249094181
age,90.42857142857142,0.10728475485789166,0.0,536.25,age <= 91.7448502777025,0.25264169877784737
la,286,0.08106956644101862,0.0,8385.0,70.36227779601131 < la <= 363.9600190460562,0.19090832627592033
ld,14,-0.03217756614289481,0.0,6893.0,2.401405894888768 < ld <= 19.414412417987634,0.07577399961108741
nd,4,-0.017547908961821505,1.0,35.0,3.497451029032542 < nd <= 4.485787579415443,0.04132305224526959
