feature,value,importance,min,max,rule,importance_ratio
aexp,376,0.31876763525676893,0.0,418.0,aexp > 173.5744038495336,0.5047956521267661
la,15,-0.17515489404997206,0.0,8385.0,8.552227006528142 < la <= 31.73099605258426,0.27737266643751207
age,132.0,-0.056585264135060535,0.0,536.25,98.64853560228445 < age <= 151.75380732983808,0.08960757665004088
ld,10,-0.03328543312675334,0.0,6893.0,2.401405894888768 < ld <= 19.414412417987634,0.052710313291394674
nuc,1755.5,0.024761700516069306,0.0,593.0,nuc > 569.9225409414807,0.03921225801266932
