feature,value,importance,min,max,rule,importance_ratio
aexp,193,0.3132184841643074,0.0,418.0,aexp > 173.5744038495336,0.507260975924258
ld,77,0.10964545904442054,0.0,6893.0,56.843026768805146 < ld <= 5592.8753493851755,0.17757209543022887
nuc,620.666666666667,-0.0676269208355252,0.0,593.0,nuc > 569.9225409414807,0.10952258438166017
la,296,0.06457634195687824,0.0,8385.0,70.36227779601131 < la <= 363.9600190460562,0.10458213642806931
age,155.333333333333,-0.052453262101589064,0.0,536.25,151.75380732983808 < age <= 170.87170515175734,0.08494866768496737
