feature,value,importance,min,max,rule,importance_ratio
la,1272,0.2516031820036037,0.0,8385.0,363.9600190460562 < la <= 3755.7865561189433,0.41347070103038686
aexp,99,0.13425671615164864,0.0,418.0,77.34852688871881 < aexp <= 157.78734591064995,0.22063003378258045
age,78.5789473684211,0.11290214851515686,0.0,536.25,age <= 91.7448502777025,0.18553712287203958
ld,985,0.09089421152158668,0.0,6893.0,56.843026768805146 < ld <= 5592.8753493851755,0.14937050103323582
nuc,30.6842105263158,0.01473525426304692,0.0,593.0,0.17534634080693934 < nuc <= 49.010820163721846,0.024215098797580957
