feature,value,importance,min,max,rule,importance_ratio
aexp,348,0.31266054220787703,0.0,418.0,aexp > 173.5744038495336,0.43305713412038155
age,629.142857142857,-0.19796013146851066,0.0,536.25,age > 172.46486330358397,0.2741888906047173
la,302,0.09596111079121267,0.0,8385.0,70.36227779601131 < la <= 363.9600190460562,0.13291297754681633
ld,134,0.08711208266789928,0.0,6893.0,56.843026768805146 < ld <= 5592.8753493851755,0.12065644293016202
nuc,25.4285714285714,0.016543044700847376,0.0,593.0,0.17534634080693934 < nuc <= 49.010820163721846,0.022913295925301575
