feature,value,importance,min,max,rule,importance_ratio
la,59,0.10439522907220532,0.0,8851.0,33.715042481948714 < la <= 63.87907576461171,0.4386135368282356
nuc,119.6,0.06027153959328644,0.0,2540.0,98.92887678384466 < nuc <= 651.0101726634492,0.2532291311206369
asexp,0.227547918446589,0.027060245111346116,0.0,3637.0,-0.6613834552044295 < asexp <= -0.6613834552044295,0.11369283751000983
ent,1.38704188079212,0.013132459856796756,0.0,6.25828457562083,0.9973314650826041 < ent <= 2.005709603206336,0.055175650422304975
ld,44,0.009836518014941037,0.0,9293.0,18.97658201765504 < ld <= 49.90409840300467,0.04132784606108631
