feature,value,importance,min,max,rule,importance_ratio
la,5,-0.15423747300969287,0.0,8851.0,0.19944994565651086 < la <= 6.9025684529149345,0.515701954770871
nuc,1426.66666666667,0.07962077148343653,0.0,2540.0,nuc > 651.0101726634492,0.26621667674620575
asexp,1.66426022112117,0.03267390273588009,0.0,3637.0,-0.6613834552044295 < asexp <= -0.6613834552044295,0.10924709269470302
age,10.0,0.012267249877765117,0.0,918.0,6.104315757675584 < age <= 152.17610991761703,0.0410162628975945
ent,1.43552050428267,0.010457301066319494,0.0,6.25828457562083,0.9973314650826041 < ent <= 2.005709603206336,0.03496459385839114
