feature,value,importance,min,max,rule,importance_ratio
la,3015,0.22994195000190004,0.0,8851.0,la > 127.55870158356693,0.6009616169350918
nuc,25.7627118644068,-0.04983988065351362,0.0,2540.0,16.979309426715872 < nuc <= 47.171255295131715,0.1302583337452781
asexp,0.415445902287621,0.03331756677681429,0.0,3637.0,-0.6613834552044295 < asexp <= -0.6613834552044295,0.08707666783886872
ent,4.706034195448769,0.027706521926228495,0.0,6.25828457562083,ent > 3.1894578523081085,0.07241199883838621
ld,2302,0.02410369478674225,0.0,9293.0,ld > 956.0803284937488,0.06299587958191565
