feature,value,importance,min,max,rule,importance_ratio
la,190,0.22834750954845326,0.0,8851.0,la > 127.55870158356693,0.5552997869741108
nuc,787.5,0.07998749204598099,0.0,2540.0,nuc > 651.0101726634492,0.19451509404047929
asexp,0.6368575109279829,0.03226510212028989,0.0,3637.0,-0.6613834552044295 < asexp <= -0.6613834552044295,0.07846288479136282
ld,15,0.027875403060454752,0.0,9293.0,6.605575463515187 < ld <= 18.97658201765504,0.0677879317006672
ent,2.2045986519849903,0.026621853128187774,0.0,6.25828457562083,2.005709603206336 < ent <= 3.1894578523081085,0.06473952529708626
