feature,value,importance,min,max,rule,importance_ratio
la,1261,0.2299793636715844,0.0,8851.0,la > 127.55870158356693,0.6648062477720645
asexp,0.498015385552507,0.03377805333064931,0.0,3637.0,-0.6613834552044295 < asexp <= -0.6613834552044295,0.09764293862409812
ent,4.569705407963401,0.027820005060323914,0.0,6.25828457562083,ent > 3.1894578523081085,0.08041988151408634
ld,617,0.016489562303754174,0.0,9293.0,49.90409840300467 < ld <= 956.0803284937488,0.04766672916887008
nuc,77.8666666666667,-0.014097309631826531,0.0,2540.0,47.171255295131715 < nuc <= 98.92887678384466,0.0407513933876214
