feature,value,importance,min,max,rule,importance_ratio
la,258,0.23036177597435475,0.0,8851.0,la > 127.55870158356693,0.5810844174974488
nuc,402.714285714286,0.05979306123086197,0.0,2540.0,98.92887678384466 < nuc <= 651.0101726634492,0.15082717611793683
asexp,1.9999846126047096,-0.04550696301625829,0.0,3637.0,-0.6613834552044295 < asexp <= 657.0745303166113,0.11479068949062203
ent,3.1146717299432702,0.027240860584740935,0.0,6.25828457562083,2.005709603206336 < ent <= 3.1894578523081085,0.06871469686349181
ld,77,0.013979410112006136,0.0,9293.0,49.90409840300467 < ld <= 956.0803284937488,0.035262870098715315
