feature,value,importance,min,max,rule,importance_ratio
la,207,0.23001767774526588,0.0,8851.0,la > 127.55870158356693,0.5629969533564034
nuc,5.71428571428571,-0.07848094264682764,0.0,2540.0,nuc <= 12.66617430265643,0.19209189502223806
asexp,1.15547929956196,0.03254760775126847,0.0,3637.0,-0.6613834552044295 < asexp <= -0.6613834552044295,0.07966432920558668
ent,2.01574002313731,0.02777814544973895,0.0,6.25828457562083,2.005709603206336 < ent <= 3.1894578523081085,0.06799047539038963
ld,124,0.014295422604116927,0.0,9293.0,49.90409840300467 < ld <= 956.0803284937488,0.034989829703320444
