feature,value,importance,min,max,rule,importance_ratio
la,838,0.22849864520411092,0.0,8851.0,la > 127.55870158356693,0.590199372931998
nuc,577.333333333333,0.06007410452296104,0.0,2540.0,98.92887678384466 < nuc <= 651.0101726634492,0.15516809207875787
asexp,0.69168000839166,0.03274472850170824,0.0,3637.0,-0.6613834552044295 < asexp <= -0.6613834552044295,0.08457782413227644
ent,1.26652427770071,0.020073563840634443,0.0,6.25828457562083,0.9973314650826041 < ent <= 2.005709603206336,0.05184890606537273
ld,683,0.01685946105904425,0.0,9293.0,49.90409840300467 < ld <= 956.0803284937488,0.0435470562030288
