feature,value,importance,min,max,rule,importance_ratio
la,640,0.22805693629907486,0.0,8851.0,la > 127.55870158356693,0.6015054879292983
nuc,358.071428571429,0.05992627387212655,0.0,2540.0,98.92887678384466 < nuc <= 651.0101726634492,0.15805694485857416
asexp,0.402908821594863,0.03240164213899494,0.0,3637.0,-0.6613834552044295 < asexp <= -0.6613834552044295,0.0854600867695938
ent,3.2453431156455297,0.023488237408082372,0.0,6.25828457562083,ent > 3.1894578523081085,0.061950773925244104
ld,153,0.016093401180648094,0.0,9293.0,49.90409840300467 < ld <= 956.0803284937488,0.04244672092285292
