feature,value,importance,min,max,rule,importance_ratio
la,363,0.2290176199911604,0.0,8851.0,la > 127.55870158356693,0.6189389928932207
nuc,102.652173913043,0.06264385650262595,0.0,2540.0,98.92887678384466 < nuc <= 651.0101726634492,0.16930018509571138
ent,4.02437189531681,0.023034898218507557,0.0,6.25828457562083,ent > 3.1894578523081085,0.06225371089487006
ld,35,0.01524227304416033,0.0,9293.0,18.97658201765504 < ld <= 49.90409840300467,0.04119349911906436
asexp,0.0,0.011932190235165204,0.0,3637.0,asexp <= -0.6613834552044295,0.03224772752178864
