feature,value,importance,min,max,rule,importance_ratio
la,184,0.2280156943981587,0.0,8851.0,la > 127.55870158356693,0.6273908867482645
nuc,216.473684210526,0.060744705561109856,0.0,2540.0,98.92887678384466 < nuc <= 651.0101726634492,0.16714057682669192
ent,4.79517774502212,0.02097930008956173,0.0,6.25828457562083,ent > 3.1894578523081085,0.05772506897513967
ld,96,0.01702979099813696,0.0,9293.0,49.90409840300467 < ld <= 956.0803284937488,0.046857895916593714
asexp,0.0,0.014270796568804294,0.0,3637.0,asexp <= -0.6613834552044295,0.0392664537304697
