feature,value,importance,min,max,rule,importance_ratio
la,77,0.17943267962219495,0.0,8851.0,63.87907576461171 < la <= 127.55870158356693,0.5993513468362411
nuc,17.3333333333333,-0.04775081413017794,0.0,2540.0,16.979309426715872 < nuc <= 47.171255295131715,0.15950001316208995
asexp,1.86328125,0.03101016643006317,0.0,3637.0,-0.6613834552044295 < asexp <= -0.6613834552044295,0.10358193978158346
ent,1.1015359125907,0.01733922729547588,0.0,6.25828457562083,0.9973314650826041 < ent <= 2.005709603206336,0.05791748333985036
age,3.0,0.006946378404178955,0.0,918.0,0.8718932803045476 < age <= 6.104315757675584,0.023202692290751777
