feature,value,importance,min,max,rule,importance_ratio
la,352,0.23032625507188953,0.0,8851.0,la > 127.55870158356693,0.6646956265868007
asexp,1.91098757087728,0.03375414019340907,0.0,3637.0,-0.6613834552044295 < asexp <= -0.6613834552044295,0.0974106462971577
ent,2.51081449676243,0.029783210685591064,0.0,6.25828457562083,2.005709603206336 < ent <= 3.1894578523081085,0.08595099105070186
ld,414,0.01567358745341144,0.0,9293.0,49.90409840300467 < ld <= 956.0803284937488,0.04523220780868691
nuc,56.526315789473706,-0.01373022107760944,0.0,2540.0,47.171255295131715 < nuc <= 98.92887678384466,0.03962387136242181
