feature,value,importance,min,max,rule,importance_ratio
la,298,0.22685511915510395,0.0,8851.0,la > 127.55870158356693,0.6053309486614739
nuc,1445.0,0.08072159409955239,0.0,2540.0,nuc > 651.0101726634492,0.2153942098187345
asexp,1.42541201250378,0.032862926959249514,0.0,3637.0,-0.6613834552044295 < asexp <= -0.6613834552044295,0.08769009412758348
ent,0.2747689587449989,0.012700934503649647,0.0,6.25828457562083,0.03279585470338198 < ent <= 0.9973314650826041,0.03389065567757769
age,4.75,0.006715968009462908,0.0,918.0,0.8718932803045476 < age <= 6.104315757675584,0.017920615155123453
