feature,value,importance,min,max,rule,importance_ratio
la,91,0.17920719268653973,0.0,8851.0,63.87907576461171 < la <= 127.55870158356693,0.5475053468425749
nuc,469.133333333333,0.058485007692810675,0.0,2540.0,98.92887678384466 < nuc <= 651.0101726634492,0.17868063185361233
asexp,0.4600635908095999,0.03034364378611625,0.0,3637.0,-0.6613834552044295 < asexp <= -0.6613834552044295,0.09270446663736476
ld,16,0.02404341954149328,0.0,9293.0,6.605575463515187 < ld <= 18.97658201765504,0.07345631923587163
ent,3.02718355896823,0.020604971680949376,0.0,6.25828457562083,2.005709603206336 < ent <= 3.1894578523081085,0.06295133581268898
