feature,value,importance,min,max,rule,importance_ratio
la,1315,0.2283987175803203,0.0,8851.0,la > 127.55870158356693,0.5917589391701059
nuc,211.34375,0.059845002101173474,0.0,2540.0,98.92887678384466 < nuc <= 651.0101726634492,0.15505259982718295
asexp,0.589920853456519,0.03277991494694355,0.0,3637.0,-0.6613834552044295 < asexp <= -0.6613834552044295,0.08492958235751935
ent,3.07912393879476,0.028865125815662914,0.0,6.25828457562083,2.005709603206336 < ent <= 3.1894578523081085,0.07478674316847436
ld,22,0.01662631201975908,0.0,9293.0,18.97658201765504 < ld <= 49.90409840300467,0.04307716289897225
