feature,value,importance,min,max,rule,importance_ratio
la,179,0.22711323451442125,0.0,8851.0,la > 127.55870158356693,0.5696951347940683
nuc,839.8571428571429,0.07789795355715866,0.0,2540.0,nuc > 651.0101726634492,0.1954007006540592
asexp,0.931136402980458,0.03262731006137171,0.0,3637.0,-0.6613834552044295 < asexp <= -0.6613834552044295,0.08184296191775095
ent,2.16759371029351,0.02547775158392229,0.0,6.25828457562083,2.005709603206336 < ent <= 3.1894578523081085,0.06390887415207303
age,272.571428571429,-0.01689586091936536,0.0,918.0,152.17610991761703 < age <= 385.89098057352334,0.04238189722628639
