feature,value,importance,min,max,rule,importance_ratio
la,728,0.227839665435808,0.0,8851.0,la > 127.55870158356693,0.5947501748153181
nuc,395.0,0.05953949601869315,0.0,2540.0,98.92887678384466 < nuc <= 651.0101726634492,0.15542125028054207
asexp,0.7161865234375,0.03269495501544187,0.0,3637.0,-0.6613834552044295 < asexp <= -0.6613834552044295,0.08534655356791497
ent,3.47723899445398,0.021479751088519874,0.0,6.25828457562083,ent > 3.1894578523081085,0.05607050769869565
ld,313,0.016823239619622888,0.0,9293.0,49.90409840300467 < ld <= 956.0803284937488,0.0439152010059008
