feature,value,importance,min,max,rule,importance_ratio
la,112,0.18244278769075964,0.0,8851.0,63.87907576461171 < la <= 127.55870158356693,0.6094652512741334
nuc,565.363636363636,0.061204975656306365,0.0,2540.0,98.92887678384466 < nuc <= 651.0101726634492,0.20446029322258194
ent,1.67966005153306,0.018579595935837048,0.0,6.25828457562083,0.9973314650826041 < ent <= 2.005709603206336,0.062066679910637614
arexp,37.0,-0.009803315671011247,0.0,2480.61666666637,26.57366470205011 < arexp <= 346.65992743262416,0.03274878839759764
ld,40,0.009486172028045248,0.0,9293.0,18.97658201765504 < ld <= 49.90409840300467,0.03168934377664672
