feature,value,importance,min,max,rule,importance_ratio
la,124,0.1808803565020946,0.0,8851.0,63.87907576461171 < la <= 127.55870158356693,0.5237244127721363
nuc,1229.2,0.07540761352447496,0.0,2540.0,nuc > 651.0101726634492,0.218336633537078
asexp,0.8509190901805991,0.030496274953704813,0.0,3637.0,-0.6613834552044295 < asexp <= -0.6613834552044295,0.08829949255259074
age,188.0,-0.02149713626200665,0.0,918.0,152.17610991761703 < age <= 385.89098057352334,0.06224321580752554
ent,1.3415597658228602,0.0153767534832112,0.0,6.25828457562083,0.9973314650826041 < ent <= 2.005709603206336,0.04452214349900085
