feature,value,importance,min,max,rule,importance_ratio
la,219,0.2299454593361345,0.0,8851.0,la > 127.55870158356693,0.6103508709056895
nuc,38.25,-0.05020412781185641,0.0,2540.0,16.979309426715872 < nuc <= 47.171255295131715,0.13325826577090355
asexp,0.227547918446589,0.03356863639619861,0.0,3637.0,-0.6613834552044295 < asexp <= -0.6613834552044295,0.08910220066396668
ent,2.54165103430585,0.028451753921270737,0.0,6.25828457562083,2.005709603206336 < ent <= 3.1894578523081085,0.07552031179383707
ld,109,0.016739076634999475,0.0,9293.0,49.90409840300467 < ld <= 956.0803284937488,0.04443101434498957
