feature,value,importance,min,max,rule,importance_ratio
nuc,2295.3333333333303,0.07440365377051524,0.0,2540.0,nuc > 651.0101726634492,0.4107007447127265
la,22,0.03825931345092746,0.0,8851.0,16.957246213802605 < la <= 33.715042481948714,0.2111875926813739
asexp,0.90138698369151,0.03166082446822771,0.0,3637.0,-0.6613834552044295 < asexp <= -0.6613834552044295,0.1747645919033203
ent,1.1749946599731698,0.014152966951950648,0.0,6.25828457562083,0.9973314650826041 < ent <= 2.005709603206336,0.07812296537195294
age,13.333333333333302,0.009581557246221848,0.0,918.0,6.104315757675584 < age <= 152.17610991761703,0.05288923993797682
