feature,value,importance,min,max,rule,importance_ratio
la,1471,0.4229343872498455,0.0,9886.0,la > 658.2665061764585,0.4091229866347481
nd,20,0.2962477087765316,1.0,51.0,nd > 14.503678360627504,0.28657340488787597
ns,1,-0.14205515247894993,1.0,25.0,ns <= 1.4938515894974689,0.1374161808571733
asexp,13.0,0.07676738396070945,0.0,1042.0,0.24155171339806714 < asexp <= 14.706492054882105,0.0742604582388527
aexp,16,-0.05251291712391337,0.0,1411.0,2.7519982932250286 < aexp <= 111.43266686158816,0.05079804844042341
