feature,value,importance,min,max,rule,importance_ratio
la,954,0.4195800851635924,0.0,9886.0,la > 658.2665061764585,0.5866719869450057
aexp,1335,0.10870651699538904,0.0,1411.0,1075.535371903519 < aexp <= 1359.5074413885968,0.1519973673075792
asexp,2.6045142923439913e-08,0.08068252265782458,0.0,1042.0,asexp <= 0.24155171339806714,0.1128132090943878
ns,2,0.03931946274933949,1.0,25.0,1.4938515894974689 < ns <= 2.4993354461431934,0.054977888971472925
ld,373,-0.025075025167458753,0.0,9281.0,112.20019725353488 < ld <= 3343.50552216309,0.035060803307557765
