feature,value,importance,min,max,rule,importance_ratio
la,2955,0.42787447144575014,0.0,9886.0,la > 658.2665061764585,0.5728299193534107
ns,1,-0.14374515292084913,1.0,25.0,ns <= 1.4938515894974689,0.1924431810032249
asexp,0.0,0.08237938126135566,0.0,1042.0,asexp <= 0.24155171339806714,0.11028789393505412
aexp,0,-0.0347851709067405,0.0,1411.0,aexp <= -0.7538297251092558,0.04656970203871853
ld,2480,-0.025740367952854285,0.0,9281.0,112.20019725353488 < ld <= 3343.50552216309,0.034460697897537744
