feature,value,importance,min,max,rule,importance_ratio
la,1531,0.4183604110563394,0.0,9886.0,la > 658.2665061764585,0.523664480595658
nd,6,0.11631083549829249,1.0,51.0,5.4934450612931585 < nd <= 14.503678360627504,0.14558703847018178
ns,3,0.10120832993659815,1.0,25.0,2.4993354461431934 < ns <= 3.5048193027889174,0.1266831328384592
asexp,2.89780591466001e-16,0.0816497959665399,0.0,1042.0,asexp <= 0.24155171339806714,0.1022015871138476
aexp,56,-0.052004644396636,0.0,1411.0,2.7519982932250286 < aexp <= 111.43266686158816,0.06509455573906799
