feature,value,importance,min,max,rule,importance_ratio
la,674,0.4178492416563216,0.0,9886.0,la > 658.2665061764585,0.6531127071630289
asexp,1.00852999347482,0.07396763012115344,0.0,1042.0,0.24155171339806714 < asexp <= 14.706492054882105,0.11561394477914151
aexp,108,-0.053482938054629545,0.0,1411.0,2.7519982932250286 < aexp <= 111.43266686158816,0.08359566795294487
ns,2,0.036444822008723086,1.0,25.0,1.4938515894974689 < ns <= 2.4993354461431934,0.05696450774887212
ld,280,-0.024835497017687207,0.0,9281.0,112.20019725353488 < ld <= 3343.50552216309,0.03881873430394349
