feature,value,importance,min,max,rule,importance_ratio
ns,1,-0.13929884300808185,1.0,25.0,ns <= 1.4938515894974689,0.35076433320596895
nd,11,0.11458656591303841,1.0,51.0,5.4934450612931585 < nd <= 14.503678360627504,0.2885370726626697
asexp,87.0,-0.056169711245555386,0.0,1042.0,14.706492054882105 < asexp <= 620.167566348428,0.14143930334206695
la,348,0.027999354913304596,0.0,9886.0,229.79430169975677 < la <= 452.37726506427714,0.07050435484085645
ld,293,-0.02598488794625147,0.0,9281.0,112.20019725353488 < ld <= 3343.50552216309,0.0654317846227187
