feature,value,importance,min,max,rule,importance_ratio
la,862,0.42772511689050563,0.0,9886.0,la > 658.2665061764585,0.529825627714208
ns,1,-0.14287750516752368,1.0,25.0,ns <= 1.4938515894974689,0.1769832092441789
nd,7,0.11711897154412929,1.0,51.0,5.4934450612931585 < nd <= 14.503678360627504,0.14507596155849733
asexp,91.0,-0.05938512975769434,0.0,1042.0,14.706492054882105 < asexp <= 620.167566348428,0.0735607108591067
ld,259,-0.026310843550045038,0.0,9281.0,112.20019725353488 < ld <= 3343.50552216309,0.03259139725283308
