feature,value,importance,min,max,rule,importance_ratio
la,2208,0.42195031568272096,0.0,9886.0,la > 658.2665061764585,0.5782780156798227
ns,1,-0.14316815940379482,1.0,25.0,ns <= 1.4938515894974689,0.19621030261489944
asexp,4.0,0.0756185450055798,0.0,1042.0,0.24155171339806714 < asexp <= 14.706492054882105,0.10363433923178543
aexp,34,-0.052199477394732255,0.0,1411.0,2.7519982932250286 < aexp <= 111.43266686158816,0.07153877858465045
nd,5,0.014751346162838037,1.0,51.0,3.508812175977223 < nd <= 5.4934450612931585,0.02021654889355844
