feature,value,importance,min,max,rule,importance_ratio
ns,7,0.37901185175979324,1.0,25.0,ns > 5.502199396395964,0.3806040385411745
nd,23,0.27758680157611343,1.0,51.0,nd > 14.503678360627504,0.2787529129631407
age,193.72,-0.09831966838078388,0.0,1520.0,191.44947579329659 < age <= 478.3520664282412,0.09873269841036957
asexp,0.0646159621611109,0.07770740673436753,0.0,1042.0,asexp <= 0.24155171339806714,0.07803384693734115
la,70,-0.05666717795599902,0.0,9886.0,62.857079176366454 < la <= 135.1965422698356,0.05690523048987309
