feature,value,importance,min,max,rule,importance_ratio
la,1984,0.4214781231305043,0.0,9886.0,la > 658.2665061764585,0.5127254780059588
ns,1,-0.1434132838221042,1.0,25.0,ns <= 1.4938515894974689,0.1744613550851479
nd,6,0.11766324152814625,1.0,51.0,5.4934450612931585 < nd <= 14.503678360627504,0.14313659107182042
asexp,8.0,0.07543478367168219,0.0,1042.0,0.24155171339806714 < asexp <= 14.706492054882105,0.09176593847639274
aexp,8,-0.050011175933414816,0.0,1411.0,2.7519982932250286 < aexp <= 111.43266686158816,0.06083828004083751
