feature,value,importance,min,max,rule,importance_ratio
la,2567,0.4220090321226827,0.0,9886.0,la > 658.2665061764585,0.5829642413977795
ns,1,-0.14392774547976614,1.0,25.0,ns <= 1.4938515894974689,0.1988221165259622
asexp,6.0,0.07563971052429888,0.0,1042.0,0.24155171339806714 < asexp <= 14.706492054882105,0.10448886897881976
aexp,8,-0.05230845379573195,0.0,1411.0,2.7519982932250286 < aexp <= 111.43266686158816,0.07225901761471006
nd,4,0.014813038358670786,1.0,51.0,3.508812175977223 < nd <= 5.4934450612931585,0.020462765041124275
