feature,value,importance,min,max,rule,importance_ratio
la,1134,0.4227185921801803,0.0,9886.0,la > 658.2665061764585,0.513670906432988
ns,1,-0.1430448835547857,1.0,25.0,ns <= 1.4938515894974689,0.17382248227413805
nd,6,0.11751349419902578,1.0,51.0,5.4934450612931585 < nd <= 14.503678360627504,0.14279774819460012
asexp,14.0,0.07386876916037109,0.0,1042.0,0.24155171339806714 < asexp <= 14.706492054882105,0.08976240532974605
aexp,14,-0.05014562964597421,0.0,1411.0,2.7519982932250286 < aexp <= 111.43266686158816,0.060934984905800404
