feature,value,importance,min,max,rule,importance_ratio
la,6742,0.4257174926534621,0.0,9886.0,la > 658.2665061764585,0.4150983018668306
nd,17,0.2991611848579081,1.0,51.0,nd > 14.503678360627504,0.29169884245294886
ns,1,-0.14140059960167434,1.0,25.0,ns <= 1.4938515894974689,0.13787347193972377
asexp,16.0,-0.06082463833731395,0.0,1042.0,14.706492054882105 < asexp <= 620.167566348428,0.059307415178345535
aexp,16,-0.05266106679184047,0.0,1411.0,2.7519982932250286 < aexp <= 111.43266686158816,0.051347477557335354
