feature,value,importance,min,max,rule,importance_ratio
ns,4,0.19552829476349018,1.0,25.0,3.5048193027889174 < ns <= 5.502199396395964,0.36627581976172047
nd,7,0.1123600488319191,1.0,51.0,5.4934450612931585 < nd <= 14.503678360627504,0.21047986453397274
asexp,0.0178222854158889,0.0767206577488528,0.0,1042.0,asexp <= 0.24155171339806714,0.1437179301523094
la,26,-0.06910372479562098,0.0,9886.0,18.340486503462415 < la <= 62.857079176366454,0.129449415383694
aexp,23,-0.0576358067546445,0.0,1411.0,2.7519982932250286 < aexp <= 111.43266686158816,0.10796699471153662
