feature,value,importance,min,max,rule,importance_ratio
nd,6,0.11628220685211875,1.0,51.0,5.4934450612931585 < nd <= 14.503678360627504,0.3530437753641895
asexp,0.8121487846682378,0.07156505726258437,0.0,1042.0,0.24155171339806714 < asexp <= 0.24155171339806714,0.21727828086603637
aexp,44,-0.05557853369668378,0.0,1411.0,2.7519982932250286 < aexp <= 111.43266686158816,0.1687416836733826
ns,2,0.03635912837425712,1.0,25.0,1.4938515894974689 < ns <= 2.4993354461431934,0.11038975177452157
ld,127,-0.02311233826950531,0.0,9281.0,112.20019725353488 < ld <= 3343.50552216309,0.07017124443241264
