feature,value,importance,min,max,rule,importance_ratio
nd,6,0.11737386013772018,1.0,51.0,5.4934450612931585 < nd <= 14.503678360627504,0.29769537780257016
la,514,0.09100725028898783,0.0,9886.0,452.37726506427714 < la <= 658.2665061764585,0.23082173258819713
asexp,1.05998281101347,0.07126317902866271,0.0,1042.0,0.24155171339806714 < asexp <= 14.706492054882105,0.18074483517418385
aexp,48,-0.057701596942254185,0.0,1411.0,2.7519982932250286 < aexp <= 111.43266686158816,0.14634858801934975
ns,2,0.03698933242908747,1.0,25.0,1.4938515894974689 < ns <= 2.4993354461431934,0.09381606159345607
