feature,value,importance,min,max,rule,importance_ratio
la,1505,0.42121853991823105,0.0,9886.0,la > 658.2665061764585,0.5541518165609935
aexp,1429,0.1553073483574091,0.0,1411.0,aexp > 1359.5074413885968,0.20432113276456543
asexp,4.47037500350727e-08,0.08242770953801745,0.0,1042.0,asexp <= 0.24155171339806714,0.10844124996093818
ns,2,0.03833501253497735,1.0,25.0,1.4938515894974689 < ns <= 2.4993354461431934,0.05043324265420518
ld,365,-0.02482444565114613,0.0,9281.0,112.20019725353488 < ld <= 3343.50552216309,0.032658846534563184
