feature,value,importance,min,max,rule,importance_ratio
ns,1,-0.1394777000010418,1.0,25.0,ns <= 1.4938515894974689,0.3132292939672578
nd,14,0.11416292687036902,1.0,51.0,5.4934450612931585 < nd <= 14.503678360627504,0.2563791414726102
asexp,14.0,0.07161920405023674,0.0,1042.0,0.24155171339806714 < asexp <= 14.706492054882105,0.16083741500601936
aexp,66,-0.056635615086373464,0.0,1411.0,2.7519982932250286 < aexp <= 111.43266686158816,0.12718831560008254
la,335,0.028237285616938862,0.0,9886.0,229.79430169975677 < la <= 452.37726506427714,0.06341332727224137
