feature,value,importance,min,max,rule,importance_ratio
aexp,30,-0.11952491047207386,0.0,726.0,6.308411975636886 < aexp <= 54.40945181062462,0.36415761266508345
age,99.5,0.09550461517439615,0.0,511.03030303030295,84.25039107908812 < age <= 379.6012832253171,0.29097476436538644
la,42,-0.06605185035681156,0.0,9176.0,36.91960315163976 < la <= 92.55999249877996,0.20124076264142207
nuc,1851.0,0.024629022979334,0.0,2086.0,nuc > 1752.541484763698,0.07503746436625239
ld,2,-0.018631050868387754,0.0,8304.0,1.9137720800673748 < ld <= 1.9137720800673748,0.0567633891452192
