feature,value,importance,min,max,rule,importance_ratio
la,31,-0.14441106366929807,0.0,9176.0,24.555072185608623 < la <= 36.91960315163976,0.42249603452645984
aexp,212,0.10295566842069012,0.0,726.0,185.59410590604568 < aexp <= 289.08422191465564,0.30121211307863555
ld,20,-0.04122667472154609,0.0,8304.0,15.702244046452648 < ld <= 29.490716012837936,0.12061476554492391
nuc,1881.5,0.0406174945491016,0.0,2086.0,nuc > 1752.541484763698,0.11883251839134477
ns,1,0.0061670322547382255,1.0,7.0,ns <= 1.4973267047410423,0.018042569635733627
