feature,value,importance,min,max,rule,importance_ratio
la,547,0.14973231252774555,0.0,9176.0,la > 135.835850879889,0.32043081696976394
aexp,400,0.1243384364376692,0.0,726.0,aexp > 398.4047669941732,0.26608730003473813
nuc,68.2,-0.0714170595799977,0.0,2086.0,11.446877959457481 < nuc <= 113.47699669467761,0.1528342570849996
age,8.4,-0.05606053601047822,0.0,511.03030303030295,2.8241255444833797 < age <= 9.569496653858916,0.11997092044024729
ld,28,-0.041202897310116525,0.0,8304.0,15.702244046452648 < ld <= 29.490716012837936,0.08817520963723482
