feature,value,importance,min,max,rule,importance_ratio
la,157,0.16452387118924772,0.0,9176.0,la > 135.835850879889,0.36392681119246045
aexp,283,0.09018388929935128,0.0,726.0,185.59410590604568 < aexp <= 289.08422191465564,0.1994867675821605
age,297.5,0.08164060841851671,0.0,511.03030303030295,84.25039107908812 < age <= 379.6012832253171,0.18058902985200895
nuc,25.125,-0.058771409172176214,0.0,2086.0,11.446877959457481 < nuc <= 113.47699669467761,0.13000235999014856
ld,19,0.04652984037755834,0.0,8304.0,15.702244046452648 < ld <= 29.490716012837936,0.10292400921213958
