feature,value,importance,min,max,rule,importance_ratio
aexp,297,0.11875344592548091,0.0,726.0,289.08422191465564 < aexp <= 315.32115273373984,0.4570590692525855
nuc,37.5,-0.05700876204591172,0.0,2086.0,11.446877959457481 < nuc <= 113.47699669467761,0.21941571056638806
la,124,0.030299197683340662,0.0,9176.0,92.55999249877996 < la <= 135.835850879889,0.11661575783609579
ld,111,0.02603323611265814,0.0,8304.0,29.490716012837936 < ld <= 4621.051880819136,0.10019689596839916
ns,1,-0.014230837865437563,1.0,7.0,ns <= 1.4973267047410423,0.05477174543248946
