feature,value,importance,min,max,rule,importance_ratio
la,164,0.15099378470195007,0.0,9176.0,la > 135.835850879889,0.3759106368778679
aexp,317,0.1295763013865499,0.0,726.0,315.32115273373984 < aexp <= 398.4047669941732,0.3225901653809427
nuc,15.142857142857098,-0.06255972666843722,0.0,2086.0,11.446877959457481 < nuc <= 113.47699669467761,0.15574724973784868
ld,104,0.04585818186580521,0.0,8304.0,29.490716012837936 < ld <= 4621.051880819136,0.11416746977541847
nd,2,-0.006917723129862351,1.0,40.0,1.4991410283510338 < nd <= 2.5030327595863042,0.01722220363324484
