feature,value,importance,min,max,rule,importance_ratio
la,228,0.14953598402378646,0.0,9176.0,la > 135.835850879889,0.38244960665453887
aexp,446,0.08601172204806863,0.0,726.0,aexp > 398.4047669941732,0.219981494619588
nuc,13.75,-0.07755303842786056,0.0,2086.0,11.446877959457481 < nuc <= 113.47699669467761,0.19834777050640612
ld,229,0.03627991189838262,0.0,8304.0,29.490716012837936 < ld <= 4621.051880819136,0.0927886229229658
age,404.25,0.03215278996000195,0.0,511.03030303030295,age > 379.6012832253171,0.08223319593157401
