feature,value,importance,min,max,rule,importance_ratio
la,295,0.14035760107718925,0.0,9176.0,la > 135.835850879889,0.324592404385851
age,109.076923076923,0.11471275461210872,0.0,511.03030303030295,84.25039107908812 < age <= 379.6012832253171,0.26528587370762535
aexp,279,0.09243047648228567,0.0,726.0,185.59410590604568 < aexp <= 289.08422191465564,0.21375565248807096
nuc,107.846153846154,-0.059108303558825855,0.0,2086.0,11.446877959457481 < nuc <= 113.47699669467761,0.1366944591819911
ld,270,0.014698475758789412,0.0,8304.0,29.490716012837936 < ld <= 4621.051880819136,0.03399184333970482
