feature,value,importance,min,max,rule,importance_ratio
la,10,-0.13913108911458463,0.0,9176.0,6.00827573656187 < la <= 12.190541219577483,0.3802067212795008
aexp,347,0.12114768047084584,0.0,726.0,315.32115273373984 < aexp <= 398.4047669941732,0.33106304763058503
nuc,116.0,0.0770787368097544,0.0,2086.0,113.47699669467761 < nuc <= 1752.541484763698,0.21063483358968585
ld,0,-0.020172127993699236,0.0,8304.0,ld <= 1.9137720800673748,0.055124837263355
age,34.0,0.006185576876889654,0.0,511.03030303030295,9.569496653858916 < age <= 84.25039107908812,0.016903467934816722
