feature,value,importance,min,max,rule,importance_ratio
aexp,296,0.12715820522232013,0.0,726.0,289.08422191465564 < aexp <= 315.32115273373984,0.4231071243662423
nuc,126.333333333333,0.08221781567578194,0.0,2086.0,113.47699669467761 < nuc <= 1752.541484763698,0.2735721497596892
la,55,-0.03218154553790885,0.0,9176.0,36.91960315163976 < la <= 92.55999249877996,0.10708110551261402
age,22.6666666666667,0.02088316403725906,0.0,511.03030303030295,9.569496653858916 < age <= 84.25039107908812,0.06948678984596311
ld,15,-0.018227545162428145,0.0,8304.0,15.702244046452648 < ld <= 29.490716012837936,0.06065046454884263
