feature,value,importance,min,max,rule,importance_ratio
aexp,2,-0.13010812759183424,0.0,726.0,aexp <= 6.308411975636886,0.4317508540569776
age,1489.5,0.06854015401356146,0.0,511.03030303030295,age > 379.6012832253171,0.22744366997107715
la,42,-0.034896614781474586,0.0,9176.0,36.91960315163976 < la <= 92.55999249877996,0.11580093814634686
nuc,3.5,-0.030261316906600867,0.0,2086.0,1.5729955012103574 < nuc <= 11.446877959457481,0.10041916413017214
ld,1,-0.02531941652227527,0.0,8304.0,1.9137720800673748 < ld <= 1.9137720800673748,0.08401996024422678
