feature,value,importance,min,max,rule,importance_ratio
la,1054,0.15503137226310112,0.0,9176.0,la > 135.835850879889,0.3794516568804796
nuc,54.8048780487805,-0.07214057457415597,0.0,2086.0,11.446877959457481 < nuc <= 113.47699669467761,0.17656981390848794
age,175.829268292683,0.06790615354811454,0.0,511.03030303030295,84.25039107908812 < age <= 379.6012832253171,0.16620573049229936
ld,366,0.057010253858787836,0.0,8304.0,29.490716012837936 < ld <= 4621.051880819136,0.13953714638596773
nd,13,0.031138146613823754,1.0,40.0,nd > 12.487685654034399,0.07621309901553969
