feature,value,importance,min,max,rule,importance_ratio
ld,24,-0.03665079711502258,0.0,8304.0,15.702244046452648 < ld <= 29.490716012837936,0.24334856849958755
nuc,91.53846153846148,-0.031203584822908845,0.0,2086.0,11.446877959457481 < nuc <= 113.47699669467761,0.20718097003128838
ns,1,-0.02552664282374831,1.0,7.0,ns <= 1.4973267047410423,0.16948804606525933
aexp,97,-0.02081121166176717,0.0,726.0,54.40945181062462 < aexp <= 149.15392421287316,0.13817922024285673
nd,7,-0.020017539031880627,1.0,40.0,5.487575744339811 < nd <= 12.487685654034399,0.13290950952595043
