feature,value,importance,min,max,rule,importance_ratio
la,173,0.14812213889799683,0.0,9176.0,la > 135.835850879889,0.5044368905054627
nuc,2.5,-0.06032745034252206,0.0,2086.0,1.5729955012103574 < nuc <= 11.446877959457481,0.20544796131968415
ld,28,-0.0320208899801389,0.0,8304.0,15.702244046452648 < ld <= 29.490716012837936,0.10904864251198869
ns,1,0.01675104876358229,1.0,7.0,ns <= 1.4973267047410423,0.057046482138809425
aexp,100,-0.016583476406382115,0.0,726.0,54.40945181062462 < aexp <= 149.15392421287316,0.056475806617718435
