feature,value,importance,min,max,rule,importance_ratio
la,425,0.1493643253204196,0.0,9176.0,la > 135.835850879889,0.29911224068904324
aexp,21,-0.10418814689956661,0.0,726.0,6.308411975636886 < aexp <= 54.40945181062462,0.20864386462774814
age,138.620689655172,0.09562314212707401,0.0,511.03030303030295,84.25039107908812 < age <= 379.6012832253171,0.19149185886253767
nuc,74.3448275862069,-0.075673353308478,0.0,2086.0,11.446877959457481 < nuc <= 113.47699669467761,0.15154104716769387
ld,232,0.04620269084747423,0.0,8304.0,29.490716012837936 < ld <= 4621.051880819136,0.09252403715281175
