feature,value,importance,min,max,rule,importance_ratio
la,587,0.14943370552752316,0.0,9176.0,la > 135.835850879889,0.27192842953512164
aexp,334,0.11727325678892657,0.0,726.0,315.32115273373984 < aexp <= 398.4047669941732,0.21340521827057457
nuc,82.3,-0.11309948983162235,0.0,2086.0,11.446877959457481 < nuc <= 113.47699669467761,0.20581010517384235
age,254.0,0.0887141266023833,0.0,511.03030303030295,84.25039107908812 < age <= 379.6012832253171,0.1614354207399537
ld,767,0.03799746752542934,0.0,8304.0,29.490716012837936 < ld <= 4621.051880819136,0.06914498729738518
