feature,value,importance,min,max,rule,importance_ratio
la,561,0.16334732864828916,0.0,9176.0,la > 135.835850879889,0.3956489708496132
age,123.875,0.07673459639375939,0.0,511.03030303030295,84.25039107908812 < age <= 379.6012832253171,0.1858614055276093
nuc,103.25,-0.0606001427574098,0.0,2086.0,11.446877959457481 < nuc <= 113.47699669467761,0.14678161139037366
nd,3,-0.05145009780663031,1.0,40.0,2.5030327595863042 < nd <= 3.5069244908215746,0.12461898468590858
ns,1,0.03472012523179439,1.0,7.0,ns <= 1.4973267047410423,0.08409676441851632
