feature,value,importance,min,max,rule,importance_ratio
nuc,28.142857142857103,-0.07047008002446419,0.0,2086.0,11.446877959457481 < nuc <= 113.47699669467761,0.3418522978940391
nd,5,0.03875012362654536,1.0,40.0,3.5069244908215746 < nd <= 5.487575744339811,0.18797791631304944
ld,58,0.03012007225876271,0.0,8304.0,29.490716012837936 < ld <= 4621.051880819136,0.14611329958498684
age,57.1428571428571,0.027106172640705178,0.0,511.03030303030295,9.569496653858916 < age <= 84.25039107908812,0.13149278957992858
aexp,56,-0.0206565784493862,0.0,726.0,54.40945181062462 < aexp <= 149.15392421287316,0.1002056306321734
