feature,value,importance,min,max,rule,importance_ratio
la,80,-0.07751755495203701,0.0,9176.0,36.91960315163976 < la <= 92.55999249877996,0.3243174793803942
age,84.3333333333333,0.05840271294629543,0.0,511.03030303030295,84.25039107908812 < age <= 379.6012832253171,0.2443449185599154
ld,5,-0.029542978684458526,0.0,8304.0,1.9137720800673748 < ld <= 15.702244046452648,0.12360173622943361
nuc,2.0,-0.02573404096532786,0.0,2086.0,1.5729955012103574 < nuc <= 1.5729955012103574,0.1076659255482312
nd,2,-0.02220209969600358,1.0,40.0,1.4991410283510338 < nd <= 2.5030327595863042,0.09288901094487995
