commit_id,label,pred,score_or_proba,feature,value_actual,min,max,operator,threshold
,True,True,0.6106666666666666,nuc,159.285714285714,0.0,480.0,>,104.80500030517578
,True,True,0.6106666666666666,la,1059.0,0.0,9094.0,<,361.4049987792969
,True,True,0.6106666666666666,arexp,66.0,0.0,2143.5,<,190.5
,True,True,0.6106666666666666,age,21.4285714285714,0.0,575.0,<,7.445000231266022
