commit_id,label,pred,score_or_proba,feature,value_actual,min,max,operator,threshold
,True,True,0.6250000000000001,la,349.0,0.0,9094.0,<,323.8000030517578
,True,True,0.6250000000000001,ld,100.0,0.0,9176.0,<,16.5
,True,True,0.6250000000000001,arexp,64.5,0.0,2143.5,<,259.75
,True,True,0.6250000000000001,age,49.0,0.0,575.0,>,6.335000038146973
