feature,value,importance,min,max,rule,importance_ratio
aexp,112,0.13542813356401068,0.0,418.0,77.34852688871881 < aexp <= 157.78734591064995,0.31715693865941313
age,0.75,0.1165808234036771,0.0,536.25,age <= 91.7448502777025,0.27301873018598294
ld,70,0.09278874272191942,0.0,6893.0,56.843026768805146 < ld <= 5592.8753493851755,0.21730044422291558
la,76,0.06513789886348674,0.0,8385.0,70.36227779601131 < la <= 363.9600190460562,0.15254538367011744
nuc,312.25,-0.009829587943542483,0.0,593.0,122.26403089809419 < nuc <= 329.2334199571145,0.02301975179318188
