feature,value,importance,min,max,rule,importance_ratio
ns,1.0,0.4484440605093452,1.0,6.0,ns <= 1.4968350645973174,0.6505958020548562
age,5.6,0.1365585488689853,0.0,536.25,age <= 91.7448502777025,0.1981170595234438
ld,8.0,-0.03629648555609674,0.0,6893.0,2.401405894888768 < ld <= 19.414412417987634,0.052658387548538306
la,211.0,-0.022157202406422823,0.0,8385.0,70.36227779601131 < la <= 363.9600190460562,0.032145331247169104
aexp,69.0,-0.018231562511865564,0.0,418.0,46.526175674707815 < aexp <= 72.83793890618061,0.02645007277306384
