feature,value,importance,min,max,rule,importance_ratio
ns,2.0,-0.42172940628602656,1.0,6.0,1.4968350645973174 < ns <= 2.497149685556895,0.5651785647198327
age,21.8181818181818,0.13153606793386244,0.0,536.25,age <= 91.7448502777025,0.17627740673442813
nd,8.0,0.1111442429839773,1.0,35.0,4.485787579415443 < nd <= 8.51515966943804,0.1489494040260336
ld,24.0,-0.026250258270712087,0.0,6893.0,19.414412417987634 < ld <= 56.843026768805146,0.035179152963556455
aexp,70.0,-0.02602921711611233,0.0,418.0,46.526175674707815 < aexp <= 72.83793890618061,0.034882925760429014
