feature,value,importance,min,max,rule,importance_ratio
la,387,0.2552285445374956,0.0,8385.0,363.9600190460562 < la <= 3755.7865561189433,0.5845876612227636
age,7.33333333333333,0.11083657238795723,0.0,536.25,age <= 91.7448502777025,0.2538653846404105
ld,48,-0.028207378860751538,0.0,6893.0,19.414412417987634 < ld <= 56.843026768805146,0.06460752917473409
aexp,72,-0.021266721817562582,0.0,418.0,46.526175674707815 < aexp <= 72.83793890618061,0.04871031644102648
nd,7,-0.00996487932920545,1.0,35.0,4.485787579415443 < nd <= 8.51515966943804,0.022824036049664796
