feature,value,importance,min,max,rule,importance_ratio
nd,15.0,0.252641469267965,1.0,35.0,8.51515966943804 < nd <= 15.509541410609344,0.31008470780812875
aexp,305.0,0.18962321742301996,0.0,418.0,aexp > 173.5744038495336,0.23273795920609053
ns,7.0,0.1604455353842579,1.0,6.0,ns > 4.497778927476052,0.19692613054738486
age,40.6666666666667,0.1484189729611596,0.0,536.25,age <= 91.7448502777025,0.1821650815964416
la,67.0,-0.03266307409283242,0.0,8385.0,39.45725240126967 < la <= 70.36227779601131,0.04008969634137366
