feature,value,importance,min,max,rule,importance_ratio
ns,1.0,0.4489910327485685,1.0,6.0,ns <= 1.4968350645973174,0.6220362294894184
nd,2.0,-0.11366951914622608,1.0,35.0,1.4827649840212431 < nd <= 2.5091144786496407,0.15747877783828446
age,115.5,-0.06628237477156904,0.0,536.25,98.64853560228445 < age <= 151.75380732983808,0.09182820029191953
la,19.0,-0.040631403176816766,0.0,8385.0,8.552227006528142 < la <= 31.73099605258426,0.05629111271165372
ld,1.0,-0.03591124569132309,0.0,6893.0,-1.0011954097309967 < ld <= 2.401405894888768,0.049751763925779555
