feature,value,importance,min,max,rule,importance_ratio
ns,1.0,0.45653092416807217,1.0,6.0,ns <= 1.4968350645973174,0.5326169138731331
age,53.5,0.13918912821045476,0.0,536.25,age <= 91.7448502777025,0.16238655474924985
nd,2.0,-0.11348119896272248,1.0,35.0,1.4827649840212431 < nd <= 2.5091144786496407,0.13239411127360232
aexp,24.0,-0.06197412919325595,0.0,418.0,aexp <= 36.753235045875066,0.07230281166831701
la,10.0,-0.03867185545098448,0.0,8385.0,8.552227006528142 < la <= 31.73099605258426,0.045116953121161076
