feature,value,importance,min,max,rule,importance_ratio
la,607,0.25137507739780324,0.0,8385.0,363.9600190460562 < la <= 3755.7865561189433,0.46375702735513014
aexp,101,0.13749317933478294,0.0,418.0,77.34852688871881 < aexp <= 157.78734591064995,0.2536585121722253
age,0.0,0.11041976072905094,0.0,536.25,age <= 91.7448502777025,0.20371128485395706
ld,0,-0.027931686871923014,0.0,6893.0,ld <= -1.0011954097309967,0.051530629873216424
nuc,256.4,-0.008210253907326425,0.0,593.0,122.26403089809419 < nuc <= 329.2334199571145,0.015146938930095458
