feature,value,importance,min,max,rule,importance_ratio
la,575,0.25683010965831926,0.0,8385.0,363.9600190460562 < la <= 3755.7865561189433,0.7674056583150939
ld,25,-0.02920349415223557,0.0,6893.0,19.414412417987634 < ld <= 56.843026768805146,0.08725973245431504
aexp,53,-0.02062254420026229,0.0,418.0,46.526175674707815 < aexp <= 72.83793890618061,0.06161994451970118
nd,7,-0.010219051718954052,1.0,35.0,4.485787579415443 < nd <= 8.51515966943804,0.030534418733741728
age,93.1764705882353,0.008511198779124153,0.0,536.25,91.7448502777025 < age <= 94.40011386408017,0.025431372165957505
