feature,value,importance,min,max,rule,importance_ratio
ns,1.0,0.43995360956546226,1.0,6.0,ns <= 1.4968350645973174,0.44389872551581094
aexp,568.0,0.19293086874235543,0.0,418.0,aexp > 173.5744038495336,0.19466090261647653
age,73.25,0.13428999534786176,0.0,536.25,age <= 91.7448502777025,0.13549418958811899
la,397.0,0.10278249901287198,0.0,8385.0,363.9600190460562 < la <= 3755.7865561189433,0.10370416181425887
nd,3.0,-0.049178518223264425,1.0,35.0,2.5091144786496407 < nd <= 3.497451029032542,0.04961950780134458
