feature,value,importance,min,max,rule,importance_ratio
ns,1.0,0.4451408339338211,1.0,6.0,ns <= 1.4968350645973174,0.48490528733013966
aexp,366.0,0.19421328078741057,0.0,418.0,aexp > 173.5744038495336,0.21156236306451584
age,30.3333333333333,0.13308227489336893,0.0,536.25,age <= 91.7448502777025,0.14497052129643914
nd,3.0,-0.0485007748693342,1.0,35.0,2.5091144786496407 < nd <= 3.497451029032542,0.05283335156182362
nuc,476.666666666667,-0.04329044525223048,0.0,593.0,332.72166808732266 < nuc <= 569.9225409414807,0.047157582934310945
