feature,value,importance,min,max,rule,importance_ratio
ns,1.0,0.4538959468281913,1.0,6.0,ns <= 1.4968350645973174,0.5708351690847372
age,22.75,0.1374868447292413,0.0,536.25,age <= 91.7448502777025,0.1729081892146761
aexp,33.0,-0.060565237165814606,0.0,418.0,aexp <= 36.753235045875066,0.07616892734953519
nd,3.0,-0.049037103591373234,1.0,35.0,2.5091144786496407 < nd <= 3.497451029032542,0.061670749685286096
nuc,378.0,-0.04070725721400309,0.0,593.0,332.72166808732266 < nuc <= 569.9225409414807,0.051194848108055614
