feature,value,importance,min,max,rule,importance_ratio
ns,1.0,0.4473276738369755,1.0,6.0,ns <= 1.4968350645973174,0.6000157303352454
age,85.8,0.13743187668219678,0.0,536.25,age <= 91.7448502777025,0.18434202192655744
nuc,330.0,-0.06656852861579812,0.0,593.0,329.2334199571145 < nuc <= 332.72166808732266,0.08929061770792063
ld,18.0,-0.036541519538299365,0.0,6893.0,2.401405894888768 < ld <= 19.414412417987634,0.049014375402409986
la,57.0,-0.031393888693078825,0.0,8385.0,39.45725240126967 < la <= 70.36227779601131,0.04210968413974317
