feature,value,importance,min,max,rule,importance_ratio
ns,1.0,0.4497023347421315,1.0,6.0,ns <= 1.4968350645973174,0.5678096208643276
age,48.1666666666667,0.1333392830903423,0.0,536.25,age <= 91.7448502777025,0.168358760737284
ld,64.0,0.0988473657216315,0.0,6893.0,56.843026768805146 < ld <= 5592.8753493851755,0.12480808062964847
aexp,13.0,-0.060972441114399985,0.0,418.0,aexp <= 36.753235045875066,0.07698589933314942
la,312.0,-0.02248425594188738,0.0,8385.0,70.36227779601131 < la <= 363.9600190460562,0.028389394173593315
