feature,value,importance,min,max,rule,importance_ratio
ns,1.0,0.455170474292424,1.0,6.0,ns <= 1.4968350645973174,0.534406772903896
age,8.0,0.13904450557401438,0.0,536.25,age <= 91.7448502777025,0.16324944105686598
nd,2.0,-0.1131715654064302,1.0,35.0,1.4827649840212431 < nd <= 2.5091144786496407,0.132872526820528
aexp,27.0,-0.06227768482670522,0.0,418.0,aexp <= 36.753235045875066,0.07311901463710431
la,4.0,-0.039192763092254654,0.0,8385.0,0.8259706578427313 < la <= 8.552227006528142,0.04601545844527408
