feature,value,importance,min,max,rule,importance_ratio
ns,1.0,0.4562725795010053,1.0,6.0,ns <= 1.4968350645973174,0.5902332070571311
nd,2.0,-0.1123472503983362,1.0,35.0,1.4827649840212431 < nd <= 2.5091144786496407,0.145332156447316
aexp,29.0,-0.0647858756434276,0.0,418.0,aexp <= 36.753235045875066,0.0838068664894216
age,127.0,-0.06350446954553884,0.0,536.25,98.64853560228445 < age <= 151.75380732983808,0.0821492423746291
ld,14.0,-0.03679461736681395,0.0,6893.0,2.401405894888768 < ld <= 19.414412417987634,0.04759743623998944
