feature,value,importance,min,max,rule,importance_ratio
aexp,1,-0.210867246467833,0.0,418.0,aexp <= 36.753235045875066,0.47666420564031914
age,63.5555555555556,0.1162471256765508,0.0,536.25,age <= 91.7448502777025,0.2627759632980087
la,255,0.06431040703533389,0.0,8385.0,70.36227779601131 < la <= 363.9600190460562,0.14537330760175332
ld,4,-0.03203332964856352,0.0,6893.0,2.401405894888768 < ld <= 19.414412417987634,0.07241115861621622
nuc,178.333333333333,-0.010844071123041045,0.0,593.0,122.26403089809419 < nuc <= 329.2334199571145,0.024512960805223923
