feature,value,importance,min,max,rule,importance_ratio
ns,1.0,0.4502414834547932,1.0,6.0,ns <= 1.4968350645973174,0.5662702753388978
age,31.0,0.13891170483046575,0.0,536.25,age <= 91.7448502777025,0.17470973296053832
nd,2.0,-0.11429246321225557,1.0,35.0,1.4827649840212431 < nd <= 2.5091144786496407,0.14374602738901804
la,7.0,-0.03987958788739811,0.0,8385.0,0.8259706578427313 < la <= 8.552227006528142,0.0501566960025933
ld,0.0,-0.035320343171145,0.0,6893.0,ld <= -1.0011954097309967,0.04442251810987745
