feature,value,importance,min,max,rule,importance_ratio
ns,1.0,0.4441082377659248,1.0,6.0,ns <= 1.4968350645973174,0.4277765072086421
age,347.0,-0.30853388222462397,0.0,536.25,age > 172.46486330358397,0.29718779178137306
aexp,222.0,0.1970618661654602,0.0,418.0,aexp > 173.5744038495336,0.1898150712905903
ld,5.0,-0.03591943684354913,0.0,6893.0,2.401405894888768 < ld <= 19.414412417987634,0.03459852785242303
la,161.0,-0.02378534423285998,0.0,8385.0,70.36227779601131 < la <= 363.9600190460562,0.02291065693775957
