feature,value,importance,min,max,rule,importance_ratio
ns,1.0,0.4569431275765707,1.0,6.0,ns <= 1.4968350645973174,0.5462010794169574
age,159.666666666667,-0.1375194976264876,0.0,536.25,151.75380732983808 < age <= 170.87170515175734,0.164382159422845
nd,2.0,-0.11146013428507939,1.0,35.0,1.4827649840212431 < nd <= 2.5091144786496407,0.1332324352515132
aexp,21.0,-0.06379965833450776,0.0,418.0,aexp <= 36.753235045875066,0.07626209947298482
ld,52.0,-0.027757233523717402,0.0,6893.0,19.414412417987634 < ld <= 56.843026768805146,0.03317925141513906
