feature,value,importance,min,max,rule,importance_ratio
la,393,0.2520285120393547,0.0,8385.0,363.9600190460562 < la <= 3755.7865561189433,0.44148222572101686
aexp,128,0.13632508316316388,0.0,418.0,77.34852688871881 < aexp <= 157.78734591064995,0.2388027475521432
ld,374,0.09786199853845079,0.0,6893.0,56.843026768805146 < ld <= 5592.8753493851755,0.17142636989229104
age,140.75,-0.07228888725329347,0.0,536.25,98.64853560228445 < age <= 151.75380732983808,0.12662955703399215
nuc,75.2916666666667,0.00737348881974841,0.0,593.0,49.010820163721846 < nuc <= 122.26403089809419,0.012916253915601604
