feature,value,importance,min,max,rule,importance_ratio
aexp,192,0.31433564211767157,0.0,418.0,aexp > 173.5744038495336,0.47092407635223377
age,232.1,-0.1768261298612982,0.0,536.25,age > 172.46486330358397,0.2649132669743485
ld,137,0.09198085428483033,0.0,6893.0,56.843026768805146 < ld <= 5592.8753493851755,0.1378017413308726
la,232,0.06449623817588496,0.0,8385.0,70.36227779601131 < la <= 363.9600190460562,0.09662547710641808
ns,3,0.010609649427643305,1.0,6.0,2.497149685556895 < ns <= 3.4974643065164734,0.015894918321936746
