feature,value,importance,min,max,rule,importance_ratio
ns,1.0,0.44798594969077365,1.0,6.0,ns <= 1.4968350645973174,0.49833713346039804
aexp,243.0,0.20056160015371405,0.0,418.0,aexp > 173.5744038495336,0.22310363298630662
nd,2.0,-0.11130740292501372,1.0,35.0,1.4827649840212431 < nd <= 2.5091144786496407,0.12381774951839576
age,127.666666666667,-0.06807076137976253,0.0,536.25,98.64853560228445 < age <= 151.75380732983808,0.07572154466423049
ld,15.0,-0.03569578361662501,0.0,6893.0,2.401405894888768 < ld <= 19.414412417987634,0.0397077955154849
