feature,value,importance,min,max,rule,importance_ratio
ns,1.0,0.4534753755680558,1.0,6.0,ns <= 1.4968350645973174,0.5809781493523909
nd,2.0,-0.11342964812145949,1.0,35.0,1.4827649840212431 < nd <= 2.5091144786496407,0.14532243777238663
age,102.0,-0.06311690377706873,0.0,536.25,98.64853560228445 < age <= 151.75380732983808,0.08086335868473438
aexp,27.0,-0.06295803549563524,0.0,418.0,aexp <= 36.753235045875066,0.08065982172305833
la,12.0,-0.03638069319235204,0.0,8385.0,8.552227006528142 < la <= 31.73099605258426,0.04660978068891362
