feature,value,importance,min,max,rule,importance_ratio
ns,1.0,0.44458175217157336,1.0,6.0,ns <= 1.4968350645973174,0.3736144158493735
age,988.0,-0.2959187099484724,0.0,536.25,age > 172.46486330358397,0.24868203747964782
aexp,247.0,0.19651764995062299,0.0,418.0,aexp > 173.5744038495336,0.16514808948357074
nd,2.0,-0.11020898562914529,1.0,35.0,1.4827649840212431 < nd <= 2.5091144786496407,0.09261663481701914
ld,119.0,0.10213383307755051,0.0,6893.0,56.843026768805146 < ld <= 5592.8753493851755,0.0858304961850981
