feature,value,importance,min,max,rule,importance_ratio
ns,1.0,0.4480995266733372,1.0,6.0,ns <= 1.4968350645973174,0.639742922091133
age,0.0,0.1388444918165589,0.0,536.25,age <= 91.7448502777025,0.1982255629020932
nd,3.0,-0.051294598892469984,1.0,35.0,2.5091144786496407 < nd <= 3.497451029032542,0.07323229467922114
ld,0.0,-0.03181340155331284,0.0,6893.0,ld <= -1.0011954097309967,0.04541937060828847
la,81.0,-0.02172041263818537,0.0,8385.0,70.36227779601131 < la <= 363.9600190460562,0.031009807917756708
