feature,value,importance,min,max,rule,importance_ratio
ns,2.0,-0.4163839473836965,1.0,6.0,1.4968350645973174 < ns <= 2.497149685556895,0.40038348162608145
nd,9.0,0.27806123562051954,1.0,35.0,8.51515966943804 < nd <= 15.509541410609344,0.2673761232212022
la,1701.0,0.11708107870464804,0.0,8385.0,363.9600190460562 < la <= 3755.7865561189433,0.11258198165143704
ld,229.0,0.10782353976150302,0.0,6893.0,56.843026768805146 < ld <= 5592.8753493851755,0.10368018393172368
aexp,3.0,-0.06067502159855782,0.0,418.0,aexp <= 36.753235045875066,0.058343450913543725
