feature,value,importance,min,max,rule,importance_ratio
ns,1.0,0.44333049306101147,1.0,6.0,ns <= 1.4968350645973174,0.47979939035262326
aexp,365.0,0.19644888215508458,0.0,418.0,aexp > 173.5744038495336,0.2126090024682609
age,18.6666666666667,0.1356386926771012,0.0,536.25,age <= 91.7448502777025,0.14679649397756117
nd,1.0,-0.06987958689891778,1.0,35.0,nd <= 1.4827649840212431,0.07562796540498679
la,20.0,-0.038542104479105325,0.0,8385.0,8.552227006528142 < la <= 31.73099605258426,0.04171262415156473
