feature,value,importance,min,max,rule,importance_ratio
la,1731.0,0.202135201697683,0.0,9734.0,212.59109949217347 < la <= 2794.191375994233,0.30883238059342477
ent,3.8939962987857206,0.14123747315508964,0.0,5.3975361829742,2.6237759038271724 < ent <= 4.405102779089878,0.21578975209238008
arexp,3.1666666666666696,0.09038740519528021,0.0,193.5,arexp <= 7.318931625358893,0.13809844741377797
nuc,5.4,0.09038265001089271,0.0,581.0,3.618814697638001 < nuc <= 386.2500376550125,0.13809118220266076
ns,3.0,0.06977833859277466,1.0,5.0,2.499534091869607 < ns <= 3.498030327070497,0.10661087351668179
