commit_id,label,pred,score_or_proba,feature,value_actual,min,max,operator,threshold
,True,True,0.55,la,394.0,0.0,9153.0,<,317.63999938964844
,True,True,0.55,asexp,0.96826171875,0.0,6624.0,>,0.1099999994039535
,True,True,0.55,ld,28.0,0.0,8832.0,<,47.81500053405762
,True,True,0.55,ent,2.47367519548529,0.0,6.569855608330951,<,2.65500009059906
