commit_id,label,pred,score_or_proba,feature,value_actual,min,max,operator,threshold
,True,True,0.58,ent,3.91012036360884,0.0,6.569855608330951,<,4.2099997997283936
,True,True,0.58,asexp,0.858018395588927,0.0,6624.0,<,0.7049999833106995
,True,True,0.58,la,2017.0,0.0,9153.0,>,1186.5
,True,True,0.58,age,28.03846153846149,0.0,2414.0,<,22.670000076293945
