feature,value,importance,min,max,rule,importance_ratio
la,918.0,0.22627457982568508,0.0,5213.0,la > 239.94258526681375,0.6140018680645285
arexp,67.0,-0.09188672848887292,0.0,907.416666666682,arexp <= 108.72431331059042,0.24933699130485296
age,215.57142857142892,0.016872157927779022,0.0,2713.05714285714,205.66766568599962 < age <= 669.2906193697008,0.04578303269380383
nd,4.0,0.016215855042592233,1.0,33.0,3.494000317631119 < nd <= 4.505268855897399,0.04400213800456713
ns,1.0,0.010551834723062486,1.0,7.0,ns <= 1.5017949723174673,0.028632673791548414
