feature,value,importance,min,max,rule,importance_ratio
la,260.0,0.2321974718599753,0.0,5213.0,la > 239.94258526681375,0.6145189347157965
age,93.8,0.05805033950074559,0.0,2713.05714285714,4.2314858096329 < age <= 205.66766568599962,0.1536323048831506
nuc,53.8,0.03365055537344491,0.0,832.0,22.00151805377125 < nuc <= 240.8531565030858,0.0890574013361977
nd,4.0,0.019761952951585563,1.0,33.0,3.494000317631119 < nd <= 4.505268855897399,0.052300717051025625
arexp,144.5,0.012941211141185438,0.0,907.416666666682,120.49057330473394 < arexp <= 552.9006280895086,0.034249379292162284
