feature,value,importance,min,max,rule,importance_ratio
la,395.0,0.22631253431533838,0.0,5213.0,la > 239.94258526681375,0.7464851497450852
nuc,6.21428571428571,-0.020963551273384437,0.0,832.0,3.4743952220832455 < nuc <= 8.106175930005243,0.06914764910765502
nd,4.0,0.020624443283566708,1.0,33.0,3.494000317631119 < nd <= 4.505268855897399,0.06802911150952921
age,227.07142857142892,0.013883191646946359,0.0,2713.05714285714,205.66766568599962 < age <= 669.2906193697008,0.04579329389272839
arexp,337.833333333332,0.011474654962529434,0.0,907.416666666682,120.49057330473394 < arexp <= 552.9006280895086,0.037848807419750725
