feature,value,importance,min,max,rule,importance_ratio
la,256.0,0.22505283617209076,0.0,5213.0,la > 239.94258526681375,0.6702951946889237
nuc,120.0,0.03184848872577561,0.0,832.0,22.00151805377125 < nuc <= 240.8531565030858,0.09485723136884931
nd,1.0,-0.030030090421679215,1.0,33.0,nd <= 1.5082366424900593,0.08944133141398594
age,2.0,-0.028183324182036396,0.0,2713.05714285714,1.0340861290556518 < age <= 2.632785969344283,0.08394094067374328
arexp,142.5,0.01078033002648722,0.0,907.416666666682,120.49057330473394 < arexp <= 552.9006280895086,0.03210803088208853
