feature,value,importance,min,max,rule,importance_ratio
ns,1,0.2572410172853613,1.0,7.0,ns <= 1.4973267047410423,0.49303483738234555
aexp,212,0.08715070001327008,0.0,726.0,185.59410590604568 < aexp <= 289.08422191465564,0.16703530277651943
ld,20,0.042599591493389787,0.0,8304.0,15.702244046452648 < ld <= 29.490716012837936,0.0816474871936879
nuc,1881.5,-0.04031552357582735,0.0,2086.0,nuc > 1752.541484763698,0.07726978310050123
nd,2,-0.036859565834366434,1.0,40.0,1.4991410283510338 < nd <= 2.5030327595863042,0.07064600443159917
