feature,value,importance,min,max,rule,importance_ratio
ns,5,-0.15964452968440634,1.0,7.0,2.502438908657955 < ns <= 5.49780640377458,0.3387295269023327
la,211,0.12210121498016566,0.0,9176.0,la > 135.835850879889,0.2590711179781276
aexp,246,0.09034730790879394,0.0,726.0,185.59410590604568 < aexp <= 289.08422191465564,0.19169652054688852
nd,17,0.03362881721023195,1.0,40.0,nd > 12.487685654034399,0.07135273201296256
nuc,8.64179104477612,-0.030163613133807513,0.0,2086.0,1.5729955012103574 < nuc <= 11.446877959457481,0.06400035395310891
