feature,value,importance,min,max,rule,importance_ratio
ns,1,0.2553469722633463,1.0,7.0,ns <= 1.4973267047410423,0.4519804064432523
la,204,0.11909851746352534,0.0,9176.0,la > 135.835850879889,0.21081196245568334
aexp,23,-0.057744617303137645,0.0,726.0,6.308411975636886 < aexp <= 54.40945181062462,0.10221165094397577
ld,26,0.04163631590898508,0.0,8304.0,15.702244046452648 < ld <= 29.490716012837936,0.07369893138162763
nd,4,0.033647980947048704,1.0,40.0,3.5069244908215746 < nd <= 5.487575744339811,0.059559069644096754
