feature,value,importance,min,max,rule,importance_ratio
ns,4,-0.16228397896189947,1.0,7.0,2.502438908657955 < ns <= 5.49780640377458,0.33314517701591584
la,505,0.12170411722294172,0.0,9176.0,la > 135.835850879889,0.2498406801161916
aexp,266,0.09029055267222444,0.0,726.0,185.59410590604568 < aexp <= 289.08422191465564,0.1853532452511233
nd,12,0.04735312922903832,1.0,40.0,5.487575744339811 < nd <= 12.487685654034399,0.09720902038622817
nuc,11.325,-0.03039647799315696,0.0,2086.0,1.5729955012103574 < nuc <= 11.446877959457481,0.06239950552400567
