feature,value,importance,min,max,rule,importance_ratio
ns,1,0.263403744609601,1.0,7.0,ns <= 1.4973267047410423,0.48967752010964455
la,374,0.11897059742750518,0.0,9176.0,la > 135.835850879889,0.22117083870849474
aexp,44,-0.05841430509367522,0.0,726.0,6.308411975636886 < aexp <= 54.40945181062462,0.1085944017219429
ld,228,0.026959821714866064,0.0,8304.0,29.490716012837936 < ld <= 4621.051880819136,0.05011932787629992
age,133.142857142857,0.02597867298884437,0.0,511.03030303030295,84.25039107908812 < age <= 379.6012832253171,0.048295335298938785
