feature,value,importance,min,max,rule,importance_ratio
ns,1,0.2615001586895015,1.0,7.0,ns <= 1.4973267047410423,0.4971226598233621
la,339,0.11809790359179491,0.0,9176.0,la > 135.835850879889,0.22450901845465338
nd,2,-0.03423707879906014,1.0,40.0,1.4991410283510338 < nd <= 2.5030327595863042,0.06508610840798745
nuc,11.333333333333302,-0.030931875861520866,0.0,2086.0,1.5729955012103574 < nuc <= 11.446877959457481,0.05880278038325582
aexp,56,-0.02864549312364412,0.0,726.0,54.40945181062462 < aexp <= 149.15392421287316,0.05445627186210004
