feature,value,importance,min,max,rule,importance_ratio
ns,1,0.2608332563815407,1.0,7.0,ns <= 1.4973267047410423,0.43816356705455967
la,662,0.1207881108004541,0.0,9176.0,la > 135.835850879889,0.20290721444159326
nd,1,-0.10842221279949318,1.0,40.0,nd <= 1.4991410283510338,0.18213422692803732
ld,1,-0.03700122743961008,0.0,8304.0,1.9137720800673748 < ld <= 1.9137720800673748,0.06215691214091663
age,0.0,-0.032614066766152854,0.0,511.03030303030295,age <= 0.8968766560903667,0.054787092829564635
