feature,value,importance,min,max,rule,importance_ratio
ns,2,-0.24309176558376813,1.0,7.0,1.4973267047410423 < ns <= 2.502438908657955,0.43759796480546864
la,1905,0.12319669439405093,0.0,9176.0,la > 135.835850879889,0.22177066593817082
aexp,0,-0.07005948140530001,0.0,726.0,aexp <= 6.308411975636886,0.12611651573085192
nuc,7.2,-0.03493377326016986,0.0,2086.0,1.5729955012103574 < nuc <= 11.446877959457481,0.06288550352545048
ld,10,0.03183328245796372,0.0,8304.0,1.9137720800673748 < ld <= 15.702244046452648,0.05730420190593533
