feature,value,importance,min,max,rule,importance_ratio
ns,1,0.25430284193314934,1.0,7.0,ns <= 1.4973267047410423,0.45325562227405924
la,3080,0.11945448810752578,0.0,9176.0,la > 135.835850879889,0.2129092145766854
aexp,0,-0.061738064268061416,0.0,726.0,aexp <= 6.308411975636886,0.11003858441020564
nd,7,0.04764886026702567,1.0,40.0,5.487575744339811 < nd <= 12.487685654034399,0.08492674972408615
ld,1,-0.040583545298278824,0.0,8304.0,1.9137720800673748 < ld <= 1.9137720800673748,0.0723339147074668
