feature,value,importance,min,max,rule,importance_ratio
ns,2,-0.2430566686038635,1.0,7.0,1.4973267047410423 < ns <= 2.502438908657955,0.43445736087467196
la,170,0.12457546426734332,0.0,9176.0,la > 135.835850879889,0.22267534458615004
aexp,552,0.08179804551203032,0.0,726.0,aexp > 398.4047669941732,0.1462118409751713
nd,7,0.05067319152379765,1.0,40.0,5.487575744339811 < nd <= 12.487685654034399,0.0905769884158446
age,114.3,0.025248127209655098,0.0,511.03030303030295,84.25039107908812 < age <= 379.6012832253171,0.045130359012747485
