feature,value,importance,min,max,rule,importance_ratio
ns,1,0.2589895725564119,1.0,7.0,ns <= 1.4973267047410423,0.44656748857846035
la,188,0.11864489211442604,0.0,9176.0,la > 135.835850879889,0.20457561662124876
nd,1,-0.10913451643101539,1.0,40.0,nd <= 1.4991410283510338,0.18817717809549195
aexp,85,-0.02888421678936809,0.0,726.0,54.40945181062462 < aexp <= 149.15392421287316,0.049804136992327594
nuc,163.4,0.02498534805230712,0.0,2086.0,113.47699669467761 < nuc <= 1752.541484763698,0.04308144154547848
