feature,value,importance,min,max,rule,importance_ratio
ns,1,0.2537172830038993,1.0,7.0,ns <= 1.4973267047410423,0.3974678846819398
la,222,0.11952484397409281,0.0,9176.0,la > 135.835850879889,0.18724497731828324
nd,1,-0.1124368997092181,1.0,40.0,nd <= 1.4991410283510338,0.1761411605804225
aexp,578,0.07623451083465108,0.0,726.0,aexp > 398.4047669941732,0.11942729877312104
ld,15,0.03965202213111114,0.0,8304.0,15.702244046452648 < ld <= 29.490716012837936,0.06211798097952984
