feature,value,importance,min,max,rule,importance_ratio
ns,1,0.25761456107060987,1.0,7.0,ns <= 1.4973267047410423,0.41794704759486956
la,503,0.11781817309087544,0.0,9176.0,la > 135.835850879889,0.19114508664304874
age,422.4210526315789,-0.08647318829190531,0.0,511.03030303030295,age > 379.6012832253171,0.14029181266974688
aexp,496,0.07370229986322019,0.0,726.0,aexp > 398.4047669941732,0.11957266119107927
nd,6,0.046182336887050084,1.0,40.0,5.487575744339811 < nd <= 12.487685654034399,0.074925001415909
