feature,value,importance,min,max,rule,importance_ratio
ns,1,0.2602237099566581,1.0,7.0,ns <= 1.4973267047410423,0.4928486431491954
nd,1,-0.11312293221840211,1.0,40.0,nd <= 1.4991410283510338,0.21424828530107348
aexp,500,0.07822824951776816,0.0,726.0,aexp > 398.4047669941732,0.14815977620636592
ld,27,0.040178040141080756,0.0,8304.0,15.702244046452648 < ld <= 29.490716012837936,0.07609488225044388
age,190.5,0.017874724040982292,0.0,511.03030303030295,84.25039107908812 < age <= 379.6012832253171,0.03385369262367256
