feature,value,importance,min,max,rule,importance_ratio
ns,2,-0.24652735366759,1.0,7.0,1.4973267047410423 < ns <= 2.502438908657955,0.44038637308721523
la,174,0.1238192104392909,0.0,9176.0,la > 135.835850879889,0.22118556903590614
aexp,30,-0.06272997449263493,0.0,726.0,6.308411975636886 < aexp <= 54.40945181062462,0.11205825860571361
nd,4,0.039056952523253384,1.0,40.0,3.5069244908215746 < nd <= 5.487575744339811,0.06976974120586747
nuc,5.0,-0.034342058566578036,0.0,2086.0,1.5729955012103574 < nuc <= 11.446877959457481,0.061347247644074704
