feature,value,importance,min,max,rule,importance_ratio
ns,1,0.25556793283111406,1.0,7.0,ns <= 1.4973267047410423,0.43998225497171706
la,615,0.11977293386744271,0.0,9176.0,la > 135.835850879889,0.2061994435053007
aexp,50,-0.05763805163393099,0.0,726.0,6.308411975636886 < aexp <= 54.40945181062462,0.09922888074863281
nd,9,0.047917335309260796,1.0,40.0,5.487575744339811 < nd <= 12.487685654034399,0.08249382858035047
ld,16,0.041060351799076335,0.0,8304.0,15.702244046452648 < ld <= 29.490716012837936,0.07068893962697571
