feature,value,importance,min,max,rule,importance_ratio
ns,2,-0.2509053709862165,1.0,7.0,1.4973267047410423 < ns <= 2.502438908657955,0.5159748844929094
aexp,40,-0.06222502776846997,0.0,726.0,6.308411975636886 < aexp <= 54.40945181062462,0.12796279086894535
nd,4,0.043368664074536614,1.0,40.0,3.5069244908215746 < nd <= 5.487575744339811,0.08918558159402697
ld,28,0.04329161207992859,0.0,8304.0,15.702244046452648 < ld <= 29.490716012837936,0.0890271278556253
la,115,0.042922660814198516,0.0,9176.0,92.55999249877996 < la <= 135.835850879889,0.08826839723949574
