feature,value,importance,min,max,rule,importance_ratio
la,141,0.15103971624822907,0.0,9389.0,77.73891199130318 < la <= 259.02565808320827,0.6716946992626385
nuc,30.5,-0.02572507734856577,0.0,1520.0,23.10887044038192 < nuc <= 48.480082529455615,0.11440300950218184
nd,8,-0.018279448344142326,1.0,33.0,4.503916092667653 < nd <= 23.50498996321589,0.08129125810873984
aexp,0,-0.011662620967383838,0.0,4144.0,aexp <= 82.00568065157063,0.05186530323207542
asexp,0.0,-0.007684738515500524,0.0,2327.0,asexp <= -0.8058376987231384,0.034175104762497605
