feature,value,importance,min,max,rule,importance_ratio
la,942,0.38103576692252866,0.0,9389.0,la > 259.02565808320827,0.8373892632784421
nuc,47.701298701298704,-0.030695232207774436,0.0,1520.0,23.10887044038192 < nuc <= 48.480082529455615,0.0674578612192461
ndev,1.45454545454545,-0.012844645213619523,0.0,67.0,ndev <= 2.0201095271822833,0.02822823715310878
nd,16,-0.010199206093199867,1.0,33.0,4.503916092667653 < nd <= 23.50498996321589,0.02241444614344068
age,0.0,-0.00660311375971414,0.0,1019.0,age <= 0.13720714068231388,0.014511437105364938
