feature,value,importance,min,max,rule,importance_ratio
la,836,0.3814891673199159,0.0,9389.0,la > 259.02565808320827,0.8664701017237731
nuc,35.0476190476191,-0.029547923652967732,0.0,1520.0,23.10887044038192 < nuc <= 48.480082529455615,0.06711171536842914
ndev,3.619047619047621,0.010611345804192433,0.0,67.0,3.000808789151475 < ndev <= 10.846402884905007,0.02410137604424908
aexp,69,-0.007398396171836416,0.0,4144.0,aexp <= 82.00568065157063,0.016803856132114107
ld,317,0.005045879319262982,0.0,9950.0,24.882467942900547 < ld <= 1866.9949643956745,0.011460623109597353
