feature,value,importance,min,max,rule,importance_ratio
la,3392,0.38221282727336703,0.0,9389.0,la > 259.02565808320827,0.8336031541806856
aexp,104,-0.03296136445114957,0.0,4144.0,82.00568065157063 < aexp <= 400.33772908055585,0.07188847524713102
nuc,55.7727272727273,-0.01408675455454044,0.0,1520.0,48.480082529455615 < nuc <= 193.0959914371757,0.03072310030148561
ndev,1.96969696969697,-0.012118665279463255,0.0,67.0,ndev <= 2.0201095271822833,0.02643071315394458
nd,16,-0.010993611167493575,1.0,33.0,4.503916092667653 < nd <= 23.50498996321589,0.023976979031381747
