feature,value,importance,min,max,rule,importance_ratio
la,591,0.3820790248717507,0.0,9389.0,la > 259.02565808320827,0.8358320293263912
aexp,256,-0.033648649933469346,0.0,4144.0,82.00568065157063 < aexp <= 400.33772908055585,0.0736094303198805
nuc,49.8918918918919,-0.01452779108003895,0.0,1520.0,48.480082529455615 < nuc <= 193.0959914371757,0.03178084194528781
nd,6,-0.010320446930350658,1.0,33.0,4.503916092667653 < nd <= 23.50498996321589,0.022576900431123606
ndev,2.75675675675676,0.008547651865224467,0.0,67.0,2.0201095271822833 < ndev <= 3.000808789151475,0.01869875271714845
