feature,value,importance,min,max,rule,importance_ratio
la,277,0.38221802021827667,0.0,9389.0,la > 259.02565808320827,0.8313375123954487
aexp,275,-0.034259914515296926,0.0,4144.0,82.00568065157063 < aexp <= 400.33772908055585,0.07451650786052018
nuc,67.5789473684211,-0.015086865081119255,0.0,1520.0,48.480082529455615 < nuc <= 193.0959914371757,0.03281445725458159
asexp,1.59905930132658,0.012483399768179807,0.0,2327.0,3.0562456227978316 < asexp <= 284.98832809382935,0.027151829480959355
ndev,5.10526315789474,0.009894718710133348,0.0,67.0,3.000808789151475 < ndev <= 10.846402884905007,0.021521357976888037
