feature,value,importance,min,max,rule,importance_ratio
la,132,0.1512984654832897,0.0,9389.0,77.73891199130318 < la <= 259.02565808320827,0.6934190506141639
aexp,356,-0.03103060587928639,0.0,4144.0,82.00568065157063 < aexp <= 400.33772908055585,0.14221699605521476
nuc,19.0,-0.021253754228660753,0.0,1520.0,7.886143186937701 < nuc <= 23.10887044038192,0.09740850994190972
nd,4,-0.007131913443195666,1.0,33.0,3.4887902283506924 < nd <= 4.503916092667653,0.03268641643552777
asexp,0.152777292839559,-0.0025716009180153073,0.0,2327.0,-0.8058376987231384 < asexp <= -0.8058376987231384,0.011785956066590995
