feature,value,importance,min,max,rule,importance_ratio
la,418,0.3804409367336682,0.0,9389.0,la > 259.02565808320827,0.8418364630418841
nuc,26.947368421052605,-0.030435332183196367,0.0,1520.0,23.10887044038192 < nuc <= 48.480082529455615,0.06734704371349899
asexp,17.0,0.012469817483913974,0.0,2327.0,3.0562456227978316 < asexp <= 284.98832809382935,0.02759310587226555
ndev,2.21052631578947,0.009603158844520062,0.0,67.0,2.0201095271822833 < ndev <= 3.000808789151475,0.021249788062002513
nd,2,0.007318423109947422,1.0,33.0,1.5105962363484104 < nd <= 2.4996932323495513,0.016194144296924437
