feature,value,importance,min,max,rule,importance_ratio
la,210,0.15130500603780625,0.0,9389.0,77.73891199130318 < la <= 259.02565808320827,0.590078836983692
aexp,292,-0.030734902164422276,0.0,4144.0,82.00568065157063 < aexp <= 400.33772908055585,0.11986394765721267
nuc,92.6666666666667,-0.024735392560072768,0.0,1520.0,48.480082529455615 < nuc <= 193.0959914371757,0.09646628394129787
asexp,191.0,0.018314581040362155,0.0,2327.0,3.0562456227978316 < asexp <= 284.98832809382935,0.07142557251172604
ndev,12.166666666666698,-0.015757903897401154,0.0,67.0,10.846402884905007 < ndev <= 15.443430675385592,0.061454712230445886
