feature,value,importance,min,max,rule,importance_ratio
la,215,0.1511548180528881,0.0,9389.0,77.73891199130318 < la <= 259.02565808320827,0.7058712532603928
nuc,11.5,-0.02135175945973935,0.0,1520.0,7.886143186937701 < nuc <= 23.10887044038192,0.0997096447424336
ndev,2.5,0.014003498948897249,0.0,67.0,2.0201095271822833 < ndev <= 3.000808789151475,0.06539432537062836
aexp,10,-0.013742930302656248,0.0,4144.0,aexp <= 82.00568065157063,0.0641775072813886
ld,41,-0.005958448827814715,0.0,9950.0,24.882467942900547 < ld <= 1866.9949643956745,0.0278250987679789
