feature,value,importance,min,max,rule,importance_ratio
la,426,0.38141082850548436,0.0,9389.0,la > 259.02565808320827,0.8885812254003638
nuc,51.5769230769231,-0.013813194758411279,0.0,1520.0,48.480082529455615 < nuc <= 193.0959914371757,0.0321809047037753
ndev,4.03846153846154,0.010678010191285212,0.0,67.0,3.000808789151475 < ndev <= 10.846402884905007,0.024876796020156394
nd,11,-0.009153539003476392,1.0,33.0,4.503916092667653 < nd <= 23.50498996321589,0.02132520184686398
aexp,10,-0.006931252786459726,0.0,4144.0,aexp <= 82.00568065157063,0.016147892598344277
