feature,value,importance,min,max,rule,importance_ratio
la,1017,0.3823163145760388,0.0,9389.0,la > 259.02565808320827,0.8433430765693759
nuc,22.285714285714302,-0.03123467742929335,0.0,1520.0,7.886143186937701 < nuc <= 23.10887044038192,0.068899881994529
asexp,16.0,0.012972205072616837,0.0,2327.0,3.0562456227978316 < asexp <= 284.98832809382935,0.028615099379060604
ndev,3.14285714285714,0.010882668315634036,0.0,67.0,3.000808789151475 < ndev <= 10.846402884905007,0.024005836603568483
aexp,61,-0.007668926638851501,0.0,4144.0,aexp <= 82.00568065157063,0.01691671513617173
