feature,value,importance,min,max,rule,importance_ratio
la,210,0.150585751770342,0.0,9389.0,77.73891199130318 < la <= 259.02565808320827,0.7633038972252953
nuc,19.0,-0.021530189985707836,0.0,1520.0,7.886143186937701 < nuc <= 23.10887044038192,0.109134348574727
asexp,467.0,-0.008604790559917586,0.0,2327.0,284.98832809382935 < asexp <= 1150.0949921145288,0.0436168103022753
ld,48,-0.005196897623997203,0.0,9950.0,24.882467942900547 < ld <= 1866.9949643956745,0.026342546776455443
aexp,774,-0.00509369595843997,0.0,4144.0,698.7740244827294 < aexp <= 1186.219973639613,0.025819428004633556
