feature,value,importance,min,max,rule,importance_ratio
la,167,0.15134994150611086,0.0,9389.0,77.73891199130318 < la <= 259.02565808320827,0.7496962437519635
nuc,21.5,-0.022915160819340044,0.0,1520.0,7.886143186937701 < nuc <= 23.10887044038192,0.11350787334488509
aexp,8,-0.01379533337738668,0.0,4144.0,aexp <= 82.00568065157063,0.06833375362695668
ld,75,-0.004543939030134706,0.0,9950.0,24.882467942900547 < ld <= 1866.9949643956745,0.02250793088408552
nd,1,-0.002832566626854173,1.0,33.0,nd <= 1.5105962363484104,0.014030825114286568
