rule,type,coef,support,importance,Class
age > 0.26999999210238457 & ld > 5.375 & ndev > 4.490000009536743,rule,1.019702497992611,0.5481283422459893,0.5074837774129507,Defect
asexp > 0.6550000011920929 & age > 2.7850000858306885,rule,0.893261444832373,0.5187165775401069,0.4463176940584749,Defect
ld > 1.9800000190734863 & asexp > 0.17500000447034836 & asexp > 0.5149999856948853,rule,0.8056888946184854,0.56951871657754,0.3989316700038742,Defect
ld > 4.629999876022339 & nd > 3.084999918937683 & ld > 14.565000057220459,rule,0.7483847204318923,0.4946524064171123,0.3741709582278129,Defect
age > 3.115000009536743 & asexp > 1.574999988079071,rule,0.748742366933495,0.45989304812834225,0.3731648371421204,Defect
