rule,type,coef,support,importance,Class
ld > -16.234999656677246 & nd > 3.034999966621399 & age > -0.9249999970197678,rule,0.2703987738344067,0.5721925133689839,0.1337827114197142,Defect
nd > 3.0299999713897705 & nuc > 6.6549999713897705,rule,0.17107901363640843,0.6256684491978609,0.08279366008188015,Defect
nuc > -2.1050000190734863 & age > 1.6850000023841858 & la > 74.75,rule,0.1709941611470091,0.6764705882352942,0.07999495981112124,Defect
age > 1.800000011920929 & ld > 5.305000007152557,rule,0.18519182305791881,0.8048128342245989,0.07339980102724891,Defect
aexp <= 5.265000104904175 & nd > 3.2549999952316284,rule,0.2615012692994264,0.08021390374331551,0.07103003810790527,Defect
