rule,type,coef,support,importance,Class
asexp <= 0.1249999962747097 & ndev > 1.0049999952316284,rule,2.2268409361939545,0.22933333333333333,0.9361729225894901,Defect
asexp <= 0.2149999961256981 & ndev > 1.024999976158142 & asexp <= 1.074999988079071,rule,1.6273019359922671,0.288,0.7368929164948911,Defect
ndev <= 7.684999942779541 & asexp > 0.014999999664723873,rule,1.737713492750151,0.7946666666666666,0.7019406607627199,Defect
ndev > 1.034999966621399 & nuc > -9.415000200271606 & ndev > 2.334999918937683,rule,1.4687281793862332,0.336,0.6937373959750371,Defect
aexp <= 54.64500045776367 & nuc > 13.950000286102295,rule,1.40585658962343,0.336,0.6640407008513113,Defect
