rule,type,coef,support,importance,Class
age > 0.4599999934434891 & aexp > -49.185001373291016 & asexp > -0.3400000035762787,rule,1.4920530331721151,0.7866666666666666,0.6112360966050374,Defect
aexp > -62.329999923706055 & aexp > 1.1449999809265137 & ld > 77.3499984741211,rule,1.1427265633493633,0.6826666666666666,0.5318688044938767,Defect
la > 0.3450000286102295 & nuc > -36.13999938964844 & la <= 611.39501953125,rule,1.0642097109369655,0.7306666666666667,0.4720977364359879,Defect
asexp > 0.19500000029802322 & la > -2.629999876022339 & asexp <= 1.0950000286102295,rule,0.9145102967360468,0.3466666666666667,0.4352232125209389,Defect
ld > 59.31999969482422 & ndev > -0.07499999925494194,rule,1.031167940904912,0.7813333333333333,0.4262249524102537,Defect
