rule,type,coef,support,importance,Class
la > -1.6699999943375587 & asexp > -1.2500000447034836 & ld > -1.2699999809265137,rule,0.5534636535165888,0.7486910994764397,0.24007358389035854,Defect
ld > 2.0449999570846558,rule,0.344006744580046,0.7329842931937173,0.15218880118765757,Defect
ld > 4.6600000858306885 & asexp <= 4.110000133514404,rule,0.3225596873871554,0.23298429319371727,0.13635640420407028,Defect
aexp > -2.9149999618530273 & nuc > 18.65999984741211 & nd > 1.9550000429153442,rule,0.3173360640096108,0.24345549738219896,0.13619038999477873,Defect
age > -6.6000001430511475 & nd <= 2.75 & nuc > 9.105000019073486,rule,0.3152420749146648,0.7931937172774869,0.12767788335889801,Defect
