rule,type,coef,support,importance,Class
asexp <= 1.4550000429153442 & ndev > 1.3949999809265137 & la > 21.715000301599503,rule,0.7990468521802238,0.3962765957446808,0.39083231296331566,Defect
ld > 6.130000114440918 & age > 0.36000001430511475 & aexp > 24.21500015258789,rule,0.5973500126919266,0.6436170212765957,0.2860889702331114,Defect
asexp > -0.3449999988079071 & nd > 4.184999942779541 & la > -19.260000079870224,rule,0.549661033752716,0.7420212765957447,0.24048892118812115,Defect
la > 636.010009765625 & nuc <= 241.17499542236328,rule,0.44237675797173764,0.5452127659574468,0.220282218811027,Defect
asexp > -0.3800000101327896 & asexp > -0.2499999925494194 & aexp > 2.3049999475479126,rule,0.5337961992538426,0.8191489361702128,0.2054553463165198,Defect
