rule,type,coef,support,importance,Class
asexp <= 0.9449999928474426 & ndev > 0.9449999928474426 & ndev <= 2.8399999141693115,rule,3.043394253049323,0.43315508021390375,1.5080371894300055,Defect
asexp <= 0.1249999962747097 & age > 4.924999952316284 & ndev > 0.48999999463558197,rule,2.2499525590340945,0.3074866310160428,1.0382467037778953,Defect
ld > 30.66499900817871 & nuc > -41.439998626708984 & age > 0.5900000035762787,rule,2.4606408221848914,0.8128342245989305,0.959759532532416,Defect
ndev <= 2.7300000190734863 & ndev > 1.6150000095367432 & aexp > -66.31999969482422,rule,2.122059164678784,0.21390374331550802,0.870170878073367,Defect
asexp <= 0.1249999962747097 & nuc > -24.155000686645508,rule,1.5838155878341371,0.3582887700534759,0.7594357383637563,Defect
