commit_id,label,pred,score_or_proba,feature,value_actual,min,max,operator,threshold
,True,True,0.6766666666666667,aexp,82.0,0.0,4144.0,>,219.5
,True,True,0.6766666666666667,age,70.4285714285714,0.0,1019.0,<,26.84500026702881
,True,True,0.6766666666666667,la,163.0,0.0,9389.0,<,21.5
