rule,type,coef,support,importance,Class
nuc > 17.535000324249268 & age > 1.3149999976158142,rule,2.550798623708207,0.7362924281984334,1.1239905012772897,Defect
asexp > -2.1249999701976776 & aexp > 0.26999998558312654 & nd > 0.75,rule,2.196932123377894,0.7493472584856397,0.9521260116406736,Defect
ld > 0.019999999552965164 & asexp > 0.7899999916553497,rule,1.8294189101837037,0.6892950391644909,0.8466225544466961,Defect
asexp > 0.7549999952316284 & ndev <= 24.050000190734863,rule,2.0043975783252326,0.8172323759791122,0.7746513537619074,Defect
nd > 0.20499999821186066 & age > 1.965000033378601,rule,1.602547054621791,0.7258485639686684,0.7148732786761599,Defect
