rule,type,coef,support,importance,Class
age <= 2.1399999856948853 & age <= 2.2050000429153442 & aexp > 40.204999923706055,rule,1.096979613006986,0.20887728459530025,0.4459293835778485,Defect
ndev <= 17.394999504089355 & ld > 2.3249999284744263,rule,0.7618925926078788,0.5744125326370757,0.3767039029598349,Defect
age > 0.125 & asexp > 1.590000033378601 & nd > 1.8350000381469727,rule,1.097243227370323,0.13315926892950392,0.3727848590394406,Defect
la > 2.440000057220459,rule,0.7723723364252537,0.7885117493472585,0.31540888088637065,Defect
aexp > 5.504999876022339 & asexp > -0.9549999833106995,rule,0.763396783297689,0.8067885117493473,0.30140236187841646,Defect
