rule,type,coef,support,importance,Class
ld <= 16.104999542236328 & nd > 1.9350000023841858 & asexp <= 145.24000549316406,rule,2.183340429329673,0.20844327176781002,0.8868627617375248,Defect
nuc > 11.650000095367432,rule,1.8144283509938215,0.7783641160949868,0.7536180023671258,Defect
age > 1.8949999809265137 & asexp > 0.925000011920929,rule,1.4218844595882756,0.5989445910290238,0.6968829196442573,Defect
asexp > 1.0299999713897705 & age > 3.259999990463257,rule,1.3675718285275231,0.5593667546174143,0.6789489202431405,Defect
nd > 0.004999999888241291 & ld <= 14.224999904632568,rule,1.0612636709433074,0.633245382585752,0.511442846766536,Defect
