rule,type,coef,support,importance,Class
ld > -7.3450000286102295 & asexp > -0.29499999433755875,rule,0.6370397832474107,0.8310991957104558,0.23867605162990652,Defect
asexp > 1.0699999928474426 & ld > -12.845000267028809 & aexp > -4.129999876022339,rule,0.45877088444444736,0.5630026809651475,0.2275571394165082,Defect
aexp > -64.45500183105469 & la > -1.5000000596046448 & asexp > -0.32999999821186066,rule,0.5353652923109864,0.774798927613941,0.22362993887369081,Defect
asexp > -59.89500045776367 & ndev > 2.125 & asexp > -0.41499999165534973,rule,0.6184288219390425,0.868632707774799,0.2089062508426792,Defect
aexp > -4.1650000512599945 & asexp > 1.3100000023841858,rule,0.3370145120484991,0.4959785522788204,0.16850180572333825,Defect
