rule,type,coef,support,importance,Class
asexp > 1.8399999737739563 & ld > 0.8649999797344208,rule,0.3715688240577071,0.6057441253263708,0.1815820689395271,Defect
asexp > -350.75999450683594 & ld > 2.0999999046325684 & ld <= 229.21499633789062,rule,0.35342085757117775,0.608355091383812,0.17251107934923057,Defect
asexp > 1.0450000166893005 & age > 1.3149999976158142,rule,0.34774112586866973,0.6135770234986945,0.16932538461212926,Defect
nd <= 1.5049999952316284 & la > -0.4999999701976776,rule,0.33561513883002203,0.5900783289817232,0.16506189032491345,Defect
nd <= 1.3899999856948853 & nuc > 2.4350000619888306,rule,0.333511315597424,0.6266318537859008,0.16131896952703606,Defect
