rule,type,coef,support,importance,Class
nd > 4.184999942779541 & ndev > 3.5899999141693115,rule,1.6264002141722222,0.208,0.6601181609738148,Defect
nuc > 7.009999990463257 & ndev > 1.0549999475479126 & ndev > 2.6950000524520874,rule,1.2503119535581413,0.48533333333333334,0.6248869629051785,Defect
ndev > 2.2450000047683716 & ndev > 1.6449999809265137,rule,1.0180479417844008,0.576,0.5031093635714523,Defect
la > 7.755000114440918 & aexp > -32.57499980926514 & age > 0.04500000178813934,rule,1.2861129335854142,0.8346666666666667,0.47776667250546145,Defect
ld > 4.495000004768372 & age > 1.1050000190734863 & nd > 4.184999942779541,rule,0.9924076940552385,0.7093333333333334,0.45062255142813235,Defect
