rule,type,coef,support,importance,Class
age > 3.305000066757202 & ld > 3.299999952316284,rule,0.4401218376077488,0.6449086161879896,0.2106163462558447,Defect
la > 176.9949951171875 & ndev > 1.2549999952316284 & nd > 0.7049999982118607,rule,0.6525891519511606,0.10704960835509138,0.20176510493408298,Defect
ld > 0.9600000083446503 & nd <= 1.6150000095367432,rule,0.34199394500387026,0.6161879895561357,0.1663161073942435,Defect
age > 0.025000005960464478 & ld > 3.3100000619888306,rule,0.33127661764039334,0.6031331592689295,0.16207640433008694,Defect
nuc > 4.920000076293945 & nuc > 4.875 & asexp > 2.5250000953674316,rule,0.3203036456608454,0.577023498694517,0.15824017404666665,Defect
