rule,type,coef,support,importance,Class
ndev > 2.225000023841858 & nuc > 4.309999942779541 & age > -0.09000000357627869,rule,0.16585582272911162,0.5535248041775457,0.08245138109719448,Defect
age > -26.920000076293945 & asexp > -48.75 & ld > -1.0550000071525574,rule,0.18195101106829017,0.7780678851174935,0.07560896518114839,Defect
la > -0.42499998956918716 & ndev > 2.2050000429153442 & ndev > 0.925000011920929,rule,0.1096071087789276,0.5587467362924282,0.05442396605473766,Defect
ld > -2.149999976158142 & asexp > -271.8000030517578 & age > 0.019999999552965164,rule,0.11333086154602307,0.7101827676240209,0.05141565321931252,Defect
age > 0.014999999664723873 & ld > -0.6099999845027924,rule,0.11455101836192577,0.7258485639686684,0.051099567925891064,Defect
