rule,type,coef,support,importance,Class
ndev > 1.2350000143051147 & ndev > 1.3450000286102295 & ndev <= 3.15500009059906,rule,1.6949901277670831,0.5388739946380697,0.8449297334878175,Defect
aexp > 3.8100000619888306 & age > 12.130000114440918 & asexp > 0.6500000059604645,rule,1.0132855100332547,0.6675603217158177,0.4773462516330873,Defect
aexp > -10.329999923706055 & ld > 10.809999942779541 & asexp > 1.1850000023841858,rule,0.9139130232063389,0.5764075067024129,0.4515894710589549,Defect
age > 7.105000019073486 & ld > 5.770000100135803 & asexp > 1.7599999904632568,rule,0.7504633461532766,0.6005361930294906,0.36756808614005637,Defect
ld > 17.605000495910645 & asexp > 0.75 & age > 4.885000228881836,rule,0.7646639918412111,0.6568364611260054,0.3630361182314738,Defect
