commit_id,label,pred,score_or_proba,feature,value_actual,min,max,operator,threshold
,True,True,0.725,asexp,0.199975024053117,0.0,2327.0,<,-3.284999966621399
,True,True,0.725,nuc,51.5769230769231,0.0,1520.0,>,206.88999938964844
,True,True,0.725,age,82.80769230769229,0.0,1019.0,<,25.8149995803833
,True,True,0.725,ndev,4.03846153846154,0.0,67.0,<,0.5449999868869781
