rule,type,coef,support,importance,Class
nd > 3.034999966621399 & age > 1.574999988079071 & aexp <= 262.4550018310547,rule,0.5148772123604889,0.4919786096256685,0.2574054754565539,Defect
la > 0.3400000333786011 & ndev > 2.0 & nd > 3.0749999284744263,rule,0.3978531506785389,0.5748663101604278,0.19668398168337495,Defect
ndev > 2.6600000858306885 & la > 0.8149998188018799 & nuc > -6.234999895095825,rule,0.5179647644987091,0.8368983957219251,0.19136640625112689,Defect
nuc <= 69.07500076293945 & la > -4.5250000059604645,rule,0.3684072091129397,0.5962566844919787,0.18075795653422494,Defect
la <= 167.15499877929688,rule,0.38040140318972127,0.6818181818181818,0.17717974771759185,Defect
