rule,type,coef,support,importance,Class
age > 1.425000011920929 & la > -0.574999988079071 & nd > 1.8550000190734863,rule,0.9452663130041359,0.33159268929503916,0.44501766445514646,Defect
age > 3.6899999380111694 & ndev > 3.6149998903274536,rule,0.8397545741319115,0.4908616187989556,0.419807153294892,Defect
la > -0.5649999976158142 & nd > 1.9449999928474426 & age > 1.2450000047683716,rule,0.7505912227048945,0.31592689295039167,0.3489378159124763,Defect
age > -13.960000038146973 & asexp > 1.9350000023841858 & ld > 2.3550000190734863,rule,0.7229724174409571,0.639686684073107,0.34709274814419233,Defect
aexp > 79.08499908447266 & ld > -54.545000076293945,rule,0.9575024618470056,0.8642297650130548,0.32798712349281417,Defect
