rule,type,coef,support,importance,Class
aexp > 3.959999918937683 & age > 13.425000190734863 & asexp > 1.574999988079071,rule,0.9917309980058402,0.44235924932975873,0.49255949547123196,Defect
nd <= 3.8649998903274536 & ld <= 28.074999809265137,rule,0.9205582888605702,0.5764075067024129,0.4548730789358973,Defect
ld <= 16.880000114440918 & nuc > 0.7999999821186066,rule,0.8486093307001008,0.38337801608579086,0.4126015998276968,Defect
aexp > 0.5700000077486038 & asexp > 1.0450000166893005,rule,0.7973968026394668,0.48257372654155495,0.3984561782609503,Defect
age > 19.895000457763672 & nuc > 0.29999998211860657,rule,0.6712665497710009,0.6541554959785523,0.3192831082425232,Defect
