commit_id,label,pred,score_or_proba,feature,value_actual,min,max,operator,threshold
,True,True,0.82,la,1491.0,0.0,9389.0,<,38.53000068664551
,True,True,0.82,aexp,3.0,0.0,4144.0,>,710.0499877929688
,True,True,0.82,nuc,75.4782608695652,0.0,1520.0,>,3.9999998807907104
,True,True,0.82,nd,6.0,1.0,33.0,>,7.5
,True,True,0.82,asexp,0.296296296296296,0.0,2327.0,<,0.3550000041723251
