rule,type,coef,support,importance,Class
nd > 0.09999999776482582 & ndev > 3.9250000715255737,rule,0.5806255028628662,0.3829787234042553,0.282249707826493,Defect
ld > 3.6050000190734863 & ndev > 3.9100000858306885,rule,0.4874522206791007,0.3377659574468085,0.23053970990483608,Defect
ld > 4.604999780654907 & ndev > 2.190000057220459,rule,0.422707374378088,0.5425531914893617,0.21058686856235023,Defect
ld > 2.450000047683716 & asexp > -0.3149999976158142,rule,0.46624166354414553,0.7473404255319149,0.2025994198076672,Defect
nuc > -80.79000091552734 & nd > 3.034999966621399,rule,0.4128854124045137,0.3324468085106383,0.19450625024662194,Defect
