rule,type,coef,support,importance,Class
ld > 16.0600004196167 & aexp > 0.8499999940395355 & ld > 17.99000072479248,rule,0.5991775525526263,0.3687002652519894,0.2890746863761173,Defect
asexp > -57.46500015258789 & age > 93.05999755859375 & ld > 5.065000057220459,rule,0.4573380230590758,0.6259946949602122,0.22128986187383462,Defect
nd > 1.7599999904632568 & age <= 247.25999450683594,rule,0.43260331260915375,0.3395225464190981,0.20485810396121756,Defect
nuc <= 4.264999866485596 & la > -0.25499998591840267 & ndev <= 2.940000057220459,rule,0.4720820859211295,0.22811671087533156,0.19809425951654305,Defect
age > 161.9550018310547 & ld > 3.4199999570846558 & asexp > -0.5350000113248825,rule,0.3876255180278108,0.5782493368700266,0.19142463091229037,Defect
