commit_id,label,pred,score_or_proba,feature,value_actual,min,max,operator,threshold
,True,True,0.785,la,311.0,0.0,9389.0,<,40.630001068115234
,True,True,0.785,asexp,0.9871200050693008,0.0,2327.0,<,192.5500030517578
,True,True,0.785,aexp,34.0,0.0,4144.0,>,61.5
,True,True,0.785,age,151.0,0.0,1019.0,>,132.4600067138672
,True,True,0.785,ld,61.0,0.0,9950.0,>,47.3799991607666
