feature,value,importance,min,max,rule,importance_ratio
aexp,30,-0.11676241925681012,0.0,726.0,6.308411975636886 < aexp <= 54.40945181062462,0.35266164042619463
age,99.5,0.08882072618065402,0.0,511.03030303030295,84.25039107908812 < age <= 379.6012832253171,0.2682683623557103
la,42,-0.04960416162027355,0.0,9176.0,36.91960315163976 < la <= 92.55999249877996,0.1498211934997352
nuc,1851.0,0.0378152329711341,0.0,2086.0,nuc > 1752.541484763698,0.11421467778401703
ld,2,-0.03593236689252235,0.0,8304.0,1.9137720800673748 < ld <= 1.9137720800673748,0.10852779116234121
