feature,value,importance,min,max,rule,importance_ratio
la,851,0.14319541896661567,0.0,9176.0,la > 135.835850879889,0.40726776277201354
aexp,232,0.0900651903924425,0.0,726.0,185.59410590604568 < aexp <= 289.08422191465564,0.25615797530029344
nuc,310.153846153846,0.06913509827392145,0.0,2086.0,113.47699669467761 < nuc <= 1752.541484763698,0.19662987130620177
ld,20,-0.027198377801447425,0.0,8304.0,15.702244046452648 < ld <= 29.490716012837936,0.0773559835793767
nd,9,0.012704727913237237,1.0,40.0,5.487575744339811 < nd <= 12.487685654034399,0.036134019867336616
