feature,value,importance,min,max,rule,importance_ratio
la,7,-0.1362678656280651,0.0,9176.0,6.00827573656187 < la <= 12.190541219577483,0.3244550224383762
aexp,239,0.10006017750236557,0.0,726.0,185.59410590604568 < aexp <= 289.08422191465564,0.23824418902494046
age,273.0,0.08448544056628064,0.0,511.03030303030295,84.25039107908812 < age <= 379.6012832253171,0.20116059929688293
nuc,32.0,-0.06427171019326762,0.0,2086.0,11.446877959457481 < nuc <= 113.47699669467761,0.15303152417333096
ld,8,-0.024477836666294675,0.0,8304.0,1.9137720800673748 < ld <= 15.702244046452648,0.05828195083412137
