feature,value,importance,min,max,rule,importance_ratio
aexp,45,-0.11609860622335566,0.0,726.0,6.308411975636886 < aexp <= 54.40945181062462,0.4455522564617519
ld,35,0.05028387982306731,0.0,8304.0,29.490716012837936 < ld <= 4621.051880819136,0.19297472077931066
la,86,-0.049158051221962464,0.0,9176.0,36.91960315163976 < la <= 92.55999249877996,0.18865412219566866
nuc,7.25,-0.03098276199701844,0.0,2086.0,1.5729955012103574 < nuc <= 11.446877959457481,0.11890271527145972
age,47.5,0.00681341181176959,0.0,511.03030303030295,9.569496653858916 < age <= 84.25039107908812,0.026147867796938232
