feature,value,importance,min,max,rule,importance_ratio
la,221,0.15173272003397614,0.0,9176.0,la > 135.835850879889,0.3667602532396868
aexp,24,-0.11021000399257683,0.0,726.0,6.308411975636886 < aexp <= 54.40945181062462,0.266393754523173
age,192.333333333333,0.08468502755086424,0.0,511.03030303030295,84.25039107908812 < age <= 379.6012832253171,0.20469614031311134
nuc,9.0,-0.03350386161808802,0.0,2086.0,1.5729955012103574 < nuc <= 11.446877959457481,0.08098375069534026
ld,1,-0.019315690652854888,0.0,8304.0,1.9137720800673748 < ld <= 1.9137720800673748,0.046688859158091955
