feature,value,importance,min,max,rule,importance_ratio
la,18,-0.13842661826833566,0.0,9176.0,12.190541219577483 < la <= 24.555072185608623,0.3618638338939748
aexp,367,0.13407472242022261,0.0,726.0,315.32115273373984 < aexp <= 398.4047669941732,0.35048745458192104
nuc,13.9285714285714,-0.06078393461327979,0.0,2086.0,11.446877959457481 < nuc <= 113.47699669467761,0.15889651783361855
ld,18,-0.03017713701906377,0.0,8304.0,15.702244046452648 < ld <= 29.490716012837936,0.07888666669942124
nd,9,0.010968185330869462,1.0,40.0,5.487575744339811 < nd <= 12.487685654034399,0.02867215600827809
