feature,value,importance,min,max,rule,importance_ratio
age,381.928571428571,0.1291902190621171,0.0,511.03030303030295,age > 379.6012832253171,0.4145355636100004
nuc,30.785714285714302,-0.06449581613986734,0.0,2086.0,11.446877959457481 < nuc <= 113.47699669467761,0.20694917686587233
ld,492,0.04719502969597291,0.0,8304.0,29.490716012837936 < ld <= 4621.051880819136,0.15143575401171883
la,90,-0.044722913923535154,0.0,9176.0,36.91960315163976 < la <= 92.55999249877996,0.14350342049238388
nd,6,0.012432217045202719,1.0,40.0,5.487575744339811 < nd <= 12.487685654034399,0.03989153464688388
