feature,value,importance,min,max,rule,importance_ratio
age,398.571428571429,0.16292615084277,0.0,511.03030303030295,age > 379.6012832253171,0.37146811285366227
aexp,45,-0.11630702750168077,0.0,726.0,6.308411975636886 < aexp <= 54.40945181062462,0.26517751628074865
nuc,24.5714285714286,-0.06578281928470898,0.0,2086.0,11.446877959457481 < nuc <= 113.47699669467761,0.14998341034562485
ld,40,0.04907118971680769,0.0,8304.0,29.490716012837936 < ld <= 4621.051880819136,0.11188125506738128
la,136,0.03765777521265502,0.0,9176.0,92.55999249877996 < la <= 135.835850879889,0.08585891595764744
