feature,value,importance,min,max,rule,importance_ratio
la,2438,0.15046568666152188,0.0,9176.0,la > 135.835850879889,0.41819804936456134
aexp,1,-0.12748995215200068,0.0,726.0,aexp <= 6.308411975636886,0.3543402518308667
nuc,2.76190476190476,-0.038417430645841084,0.0,2086.0,1.5729955012103574 < nuc <= 11.446877959457481,0.1067758032688897
age,6.19047619047619,-0.022727766176167948,0.0,511.03030303030295,2.8241255444833797 < age <= 9.569496653858916,0.0631686046976842
ld,0,-0.017676331376507003,0.0,8304.0,ld <= 1.9137720800673748,0.049128857652481685
