feature,value,importance,min,max,rule,importance_ratio
la,722,0.15046789461298496,0.0,9176.0,la > 135.835850879889,0.6017148640426313
nuc,4.75,-0.036589793496174625,0.0,2086.0,1.5729955012103574 < nuc <= 11.446877959457481,0.14632106520482074
age,5.25,-0.021381838507381533,0.0,511.03030303030295,2.8241255444833797 < age <= 9.569496653858916,0.08550508454672229
ld,0,-0.01450651268178619,0.0,8304.0,ld <= 1.9137720800673748,0.058010941992009596
nd,3,-0.012276074455812499,1.0,40.0,2.5030327595863042 < nd <= 3.5069244908215746,0.049091512120612774
