feature,value,importance,min,max,rule,importance_ratio
la,5675,0.14764897805000712,0.0,9176.0,la > 135.835850879889,0.37633282216907726
aexp,1,-0.12445270401275185,0.0,726.0,aexp <= 6.308411975636886,0.31720935658510974
nuc,29.1904761904762,-0.06291402253055638,0.0,2086.0,11.446877959457481 < nuc <= 113.47699669467761,0.16035743670988484
ld,388,0.04681683509510966,0.0,8304.0,29.490716012837936 < ld <= 4621.051880819136,0.11932836860137054
age,21.047619047619,0.008107384447438776,0.0,511.03030303030295,9.569496653858916 < age <= 84.25039107908812,0.02066438189962245
