feature,value,importance,min,max,rule,importance_ratio
aexp,431,0.12217863493447755,0.0,726.0,aexp > 398.4047669941732,0.48069459696970535
ld,121,0.047615749008246985,0.0,8304.0,29.490716012837936 < ld <= 4621.051880819136,0.18733744480943612
la,63,-0.04320798049801443,0.0,9176.0,36.91960315163976 < la <= 92.55999249877996,0.16999570164216082
nuc,5.571428571428571,-0.03190018992379147,0.0,2086.0,1.5729955012103574 < nuc <= 11.446877959457481,0.12550679541392412
age,26.285714285714302,0.005523974076217732,0.0,511.03030303030295,9.569496653858916 < age <= 84.25039107908812,0.0217332964446902
