feature,value,importance,min,max,rule,importance_ratio
aexp,0,-0.13000742347120664,0.0,726.0,aexp <= 6.308411975636886,0.4312539196629443
nuc,37.8461538461538,-0.06400182787338261,0.0,2086.0,11.446877959457481 < nuc <= 113.47699669467761,0.21230356235851613
ld,191,0.04893592410305953,0.0,8304.0,29.490716012837936 < ld <= 4621.051880819136,0.16232772343532162
la,123,0.04147145461882687,0.0,9176.0,92.55999249877996 < la <= 135.835850879889,0.13756697026192521
nd,15,0.009042589082644605,1.0,40.0,nd > 12.487685654034399,0.02999561010956815
