feature,value,importance,min,max,rule,importance_ratio
la,177,0.1511515393902207,0.0,9176.0,la > 135.835850879889,0.32802684978806984
aexp,7,-0.10620568532954934,0.0,726.0,6.308411975636886 < aexp <= 54.40945181062462,0.23048601773280444
age,113.5,0.08454622735972335,0.0,511.03030303030295,84.25039107908812 < age <= 379.6012832253171,0.18348098030730534
nuc,211.833333333333,0.07247095420241763,0.0,2086.0,113.47699669467761 < nuc <= 1752.541484763698,0.15727539993345632
ld,2,-0.03473916118955805,0.0,8304.0,1.9137720800673748 < ld <= 1.9137720800673748,0.07539041716189077
