feature,value,importance,min,max,rule,importance_ratio
la,184,0.1486536073191869,0.0,9176.0,la > 135.835850879889,0.4382756117987289
aexp,189,0.09499843792525231,0.0,726.0,185.59410590604568 < aexp <= 289.08422191465564,0.28008401042172076
nuc,40.5,-0.06143427181780507,0.0,2086.0,11.446877959457481 < nuc <= 113.47699669467761,0.1811267385428774
ld,5,-0.023763798453197916,0.0,8304.0,1.9137720800673748 < ld <= 15.702244046452648,0.07006283596854711
age,20.75,0.008275872145280477,0.0,511.03030303030295,9.569496653858916 < age <= 84.25039107908812,0.024399763941501774
