feature,value,importance,min,max,rule,importance_ratio
age,101.0,0.0849793823819659,0.0,511.03030303030295,84.25039107908812 < age <= 379.6012832253171,0.34737320269450367
nuc,146.5,0.07070185872753568,0.0,2086.0,113.47699669467761 < nuc <= 1752.541484763698,0.2890104683539152
la,68,-0.044155928242665565,0.0,9176.0,36.91960315163976 < la <= 92.55999249877996,0.1804977370000107
ld,21,-0.028286317637784327,0.0,8304.0,15.702244046452648 < ld <= 29.490716012837936,0.11562697297687584
aexp,83,-0.01319799154536574,0.0,726.0,54.40945181062462 < aexp <= 149.15392421287316,0.053949893065139726
