feature,value,importance,min,max,rule,importance_ratio
la,6,-0.1607611287089202,0.0,9176.0,-0.17398974645368526 < la <= 6.00827573656187,0.5019966562442522
age,107.0,0.08454724622524581,0.0,511.03030303030295,84.25039107908812 < age <= 379.6012832253171,0.2640093114584972
nuc,9.0,-0.0377352429417335,0.0,2086.0,1.5729955012103574 < nuc <= 11.446877959457481,0.11783299813485099
ld,1,-0.018135785120268193,0.0,8304.0,1.9137720800673748 < ld <= 1.9137720800673748,0.05663124887125611
aexp,126,-0.013465356896105085,0.0,726.0,54.40945181062462 < aexp <= 149.15392421287316,0.04204725477649104
