feature,value,importance,min,max,rule,importance_ratio
la,67,-0.04452802915837115,0.0,9176.0,36.91960315163976 < la <= 92.55999249877996,0.3293095285346951
nuc,8.5,-0.03215808835774192,0.0,2086.0,1.5729955012103574 < nuc <= 11.446877959457481,0.23782693992586404
ld,12,-0.02465364882340942,0.0,8304.0,1.9137720800673748 < ld <= 15.702244046452648,0.1823274378890988
nd,3,-0.012989040893988535,1.0,40.0,2.5030327595863042 < nd <= 3.5069244908215746,0.0960611779538663
aexp,144,-0.012541380106851928,0.0,726.0,54.40945181062462 < aexp <= 149.15392421287316,0.09275047758060012
