feature,value,importance,min,max,rule,importance_ratio
la,254,0.1436583552308432,0.0,9176.0,la > 135.835850879889,0.40324283422598434
aexp,245,0.09353574987954648,0.0,726.0,185.59410590604568 < aexp <= 289.08422191465564,0.2625508333453562
nuc,12.8,-0.06347238853821052,0.0,2086.0,11.446877959457481 < nuc <= 113.47699669467761,0.17816426902641955
ld,134,0.04371704798252715,0.0,8304.0,29.490716012837936 < ld <= 4621.051880819136,0.1227118764108109
age,44.2,0.00730206551755054,0.0,511.03030303030295,9.569496653858916 < age <= 84.25039107908812,0.02049658434602994
